instrument,tf,window,direction,period,m1_entry_time,exit_reason,net_r,gross_r,exit_reason,win,mae_r,mfe_r,minutes_to_mae,minutes_to_mfe,reached_0.25r,minutes_to_0.25r,reached_0.5r,minutes_to_0.5r,reached_1r,minutes_to_1r,reached_1.5r,minutes_to_1.5r,reached_2r,minutes_to_2r,mae_first_5m,mfe_first_5m,mae_first_15m,mfe_first_15m,mae_first_30m,mfe_first_30m,minutes_from_first_touch_to_first_favorable_move,holding_minutes_1m,post_fill_max_depth_pct,m1_bars_in_trade
EUR/USD,1h,EUR/USD_2022-07-01,supply,older,2022-03-17T14:14:00Z,S2_CLOSE_INVALIDATION,-1.279768786,-1.242774566,S2_CLOSE_INVALIDATION,false,1.289017341,0.09826589595,165,0,false,,false,,false,,false,,false,,0.0289017341,0.09826589595,0.1676300578,0.09826589595,0.3294797688,0.09826589595,,166,228.9017341,166
EUR/USD,1h,EUR/USD_2022-07-01,supply,older,2022-03-17T18:00:00Z,TARGET,1.811764706,2,TARGET,true,0.3529411765,2,2,29,true,3,true,8,true,18,true,22,true,29,0.3529411765,0.2941176471,0.3529411765,0.7647058824,0.3529411765,2,77,29,135.2941176,30
EUR/USD,1h,EUR/USD_2022-07-01,demand,older,2022-03-18T12:12:00Z,TARGET,1.874509804,2,TARGET,true,1.470588235,2,78,221,true,8,true,9,true,26,true,118,true,221,0.137254902,0.01960784314,0.3725490196,0.8823529412,0.3725490196,1.117647059,40,221,247.0588235,222
EUR/USD,1h,EUR/USD_2022-07-01,supply,older,2022-03-21T08:00:00Z,TARGET,1.709090909,2,TARGET,true,2.636363636,2,69,182,true,31,true,34,true,179,true,180,true,182,1.545454545,0,1.909090909,0,2.090909091,0.09090909091,80,182,363.6363636,182
EUR/USD,1h,EUR/USD_2022-07-01,demand,older,2022-03-21T18:06:00Z,S2_CLOSE_INVALIDATION,-2.850980392,-2.725490196,S2_CLOSE_INVALIDATION,false,3.196078431,0.4117647059,409,40,true,23,false,,false,,false,,false,,0.5294117647,0.09803921569,0.5294117647,0.09803921569,0.5294117647,0.2549019608,76,414,419.6078431,412
EUR/USD,1h,EUR/USD_2022-07-01,demand,older,2022-03-22T04:16:00Z,S2_CLOSE_INVALIDATION,-2.145454545,-2,S2_CLOSE_INVALIDATION,false,2,0.3636363636,163,14,true,1,false,,false,,false,,false,,0.09090909091,0.2727272727,0.3181818182,0.3636363636,0.4090909091,0.3636363636,16,164,300,164
EUR/USD,1h,EUR/USD_2022-07-01,supply,older,2022-03-22T12:16:00Z,TARGET,1.6,2,TARGET,true,0,2,0,0,true,0,true,0,true,0,true,0,true,0,0,2,0,2,0,2,0,0,100,1
EUR/USD,1h,EUR/USD_2022-07-01,supply,older,2022-03-22T17:19:00Z,TARGET,1.872,2,TARGET,true,1.24,2,300,982,true,10,true,20,true,879,true,975,true,982,0.04,0.24,0.04,0.28,0.04,0.6,31,982,224,978
EUR/USD,1h,EUR/USD_2022-07-01,supply,older,2022-03-23T15:40:00Z,S2_CLOSE_INVALIDATION,-1.563636364,-1.272727273,S2_CLOSE_INVALIDATION,false,1.727272727,1.363636364,194,8,true,3,true,3,true,7,false,,false,,0.4545454545,0.6363636364,0.6363636364,1.363636364,0.7272727273,1.363636364,8,200,272.7272727,200
EUR/USD,1h,EUR/USD_2022-07-01,supply,older,2022-03-23T17:00:00Z,S2_CLOSE_INVALIDATION,-1.563636364,-1.272727273,S2_CLOSE_INVALIDATION,false,1.727272727,0.8181818182,114,29,true,14,true,17,false,,false,,false,,0.6363636364,0,0.6363636364,0.2727272727,0.6363636364,0.8181818182,99,120,272.7272727,120
EUR/USD,1h,EUR/USD_2022-07-01,supply,older,2022-03-25T01:44:00Z,TARGET,1.872,2,TARGET,true,0.76,2,160,446,true,53,true,301,true,386,true,445,true,446,0.12,0.04,0.52,0.08,0.6,0.08,87,446,176,447
EUR/USD,1h,EUR/USD_2022-07-01,supply,older,2022-03-28T15:00:00Z,S2_CLOSE_INVALIDATION,-1.324528302,-1.264150943,S2_CLOSE_INVALIDATION,false,1.433962264,0.2075471698,949,35,false,,false,,false,,false,,false,,0.05660377358,0.1320754717,0.09433962264,0.1320754717,0.1698113208,0.1698113208,,960,243.3962264,955
EUR/USD,1h,EUR/USD_2022-07-01,demand,older,2022-03-29T08:52:00Z,TARGET,1.881481481,2,TARGET,true,0.6296296296,2,11,16,true,15,true,15,true,16,true,16,true,16,0.3333333333,0,0.6296296296,0.1111111111,0.6296296296,2,34,16,162.962963,17
EUR/USD,1h,EUR/USD_2022-07-01,supply,older,2022-03-29T12:48:00Z,TARGET,1.811764706,2,TARGET,true,0.5294117647,2,1,15,true,3,true,3,true,6,true,12,true,15,0.5294117647,0.8823529412,0.5294117647,1.647058824,0.5294117647,2,7,15,152.9411765,16
EUR/USD,1h,EUR/USD_2022-07-01,supply,older,2022-03-29T13:00:00Z,S2_CLOSE_INVALIDATION,-1.311111111,-1.271604938,S2_CLOSE_INVALIDATION,false,1.296296296,0.8024691358,1199,279,true,102,true,213,false,,false,,false,,0.2839506173,0.1111111111,0.3086419753,0.1481481481,0.6049382716,0.1481481481,179,1200,229.6296296,1197
EUR/USD,1h,EUR/USD_2022-07-01,demand,older,2022-03-30T12:29:00Z,TARGET,1.733333333,2,TARGET,true,0.4166666667,2,0,8,true,1,true,1,true,1,true,5,true,8,0.4166666667,1.333333333,0.4166666667,2,0.4166666667,2,3,8,141.6666667,9
EUR/USD,1h,EUR/USD_2022-07-01,demand,older,2022-03-31T06:36:00Z,TARGET,1.6,2,TARGET,true,0.25,2,0,3,true,0,true,0,true,1,true,2,true,3,0.25,2,0.25,2,0.25,2,1,3,125,4
EUR/USD,1h,EUR/USD_2022-07-01,demand,older,2022-03-31T08:43:00Z,TARGET,1.733333333,2,TARGET,true,0.3333333333,2,1,13,true,1,true,1,true,2,true,6,true,13,0.3333333333,1.333333333,0.3333333333,2,0.3333333333,2,1,13,133.3333333,14
EUR/USD,1h,EUR/USD_2022-07-01,demand,older,2022-03-31T13:13:00Z,TARGET,1.709090909,2,TARGET,true,1.636363636,2,1,17,true,1,true,2,true,2,true,2,true,17,1.636363636,1.545454545,1.636363636,1.545454545,1.636363636,2,2,17,263.6363636,18
EUR/USD,1h,EUR/USD_2022-07-01,demand,older,2022-03-31T14:00:00Z,TARGET,1.36,2,TARGET,true,8.6,2,11,54,true,45,true,45,true,47,true,54,true,54,2.6,0,8.6,0,8.6,0,93,54,960,55
EUR/USD,1h,EUR/USD_2022-07-01,demand,older,2022-03-31T16:36:00Z,TARGET,1.709090909,2,TARGET,true,0.2727272727,2,1,35,true,2,true,4,true,9,true,26,true,35,0.2727272727,0.6363636364,0.2727272727,1.181818182,0.2727272727,1.727272727,6,35,127.2727273,36
EUR/USD,1h,EUR/USD_2022-07-01,demand,older,2022-04-04T13:27:00Z,S2_CLOSE_INVALIDATION,-1.562962963,-1.444444444,S2_CLOSE_INVALIDATION,false,1.518518519,1.333333333,268,133,true,2,true,10,true,91,false,,false,,0.1851851852,0.3333333333,0.1851851852,0.6296296296,0.1851851852,0.7407407407,19,273,251.8518519,273
EUR/USD,1h,EUR/USD_2022-07-01,demand,older,2022-04-05T17:49:00Z,S2_CLOSE_INVALIDATION,-1.882051282,-1.717948718,S2_CLOSE_INVALIDATION,false,1.820512821,0.3333333333,428,13,true,13,false,,false,,false,,false,,0.07692307692,0.2307692308,0.07692307692,0.3333333333,0.07692307692,0.3333333333,123,431,282.0512821,430
EUR/USD,1h,EUR/USD_2022-07-01,demand,older,2022-04-06T06:00:00Z,TARGET,1.913513514,2,TARGET,true,0.5675675676,2,10,168,true,62,true,76,true,145,true,148,true,168,0.2972972973,0,0.5675675676,0,0.5675675676,0,422,168,156.7567568,169
EUR/USD,1h,EUR/USD_2022-07-01,supply,older,2022-04-07T13:00:00Z,TARGET,1.68,2,TARGET,true,4.7,2,33,63,true,2,true,2,true,3,true,4,true,63,0,1.6,2,1.6,3.2,1.6,83,63,570,64
EUR/USD,1h,EUR/USD_2022-07-01,supply,older,2022-04-07T15:01:00Z,TARGET,1.68,2,TARGET,true,0.1,2,12,23,true,0,true,1,true,2,true,6,true,18,0,1.4,0.1,1.8,0.1,2,5,23,110,24
EUR/USD,1h,EUR/USD_2022-07-01,demand,older,2022-04-08T08:00:00Z,S2_CLOSE_INVALIDATION,-1.4,-1.325581395,S2_CLOSE_INVALIDATION,false,1.511627907,1.046511628,340,170,true,3,true,143,true,168,false,,false,,0.1162790698,0.3488372093,0.1162790698,0.488372093,0.1162790698,0.488372093,877,360,251.1627907,359
EUR/USD,1h,EUR/USD_2022-07-01,supply,older,2022-04-08T18:57:00Z,S2_CLOSE_INVALIDATION,-6.8875,-6.6875,S2_CLOSE_INVALIDATION,false,8.25,1.625,2899,81,true,1,true,5,true,14,true,80,false,,2.775557562e-13,0.375,2.775557562e-13,1,2.775557562e-13,1.0625,25,2943,925,157
EUR/USD,1h,EUR/USD_2022-07-01,supply,older,2022-04-10T20:22:00Z,TARGET,1.898412698,2,TARGET,true,0.2063492063,2,0,145,true,40,true,41,true,45,true,128,true,145,0.2063492063,0,0.2063492063,0,0.2063492063,0.07936507937,121,145,120.6349206,124
EUR/USD,1h,EUR/USD_2022-07-01,demand,older,2022-04-11T04:04:00Z,TARGET,1.68,2,TARGET,true,0,2,0,108,true,2,true,2,true,38,true,54,true,108,0,0.8,0,0.8,0,0.8,22,108,100,109
EUR/USD,1h,EUR/USD_2022-07-01,supply,older,2022-04-11T09:34:00Z,TARGET,1.898412698,2,TARGET,true,0.6825396825,2,41,234,true,57,true,61,true,65,true,116,true,234,0.01587301587,0.1111111111,0.1428571429,0.1746031746,0.3333333333,0.1746031746,76,234,168.2539683,235
EUR/USD,1h,EUR/USD_2022-07-01,demand,older,2022-04-11T17:00:00Z,TARGET,1.68,2,TARGET,true,0.6,2,1,85,true,2,true,3,true,6,true,47,true,83,0.6,0.6,0.6,1.4,0.6,1.4,78,85,160,86
EUR/USD,1h,EUR/USD_2022-07-01,demand,older,2022-04-11T23:02:00Z,S2_CLOSE_INVALIDATION,-1.92,-1.6,S2_CLOSE_INVALIDATION,false,2.7,1.4,144,70,true,17,true,17,true,18,false,,false,,0.2,0.2,0.4,0.2,0.4,1.1,42,178,370,178
EUR/USD,1h,EUR/USD_2022-07-01,demand,older,2022-04-12T02:00:00Z,TARGET,1.663157895,2,TARGET,true,0.6842105263,2,8,144,true,27,true,31,true,39,true,140,true,144,0.4736842105,0,0.6842105263,0,0.6842105263,0.3684210526,91,144,168.4210526,145
EUR/USD,1h,EUR/USD_2022-07-01,demand,older,2022-04-13T02:00:00Z,TARGET,1.938461538,2,TARGET,true,0.9230769231,2,693,854,true,81,true,572,true,807,true,836,true,854,0.1153846154,0.1153846154,0.1346153846,0.1153846154,0.1923076923,0.1153846154,654,854,192.3076923,855
EUR/USD,1h,EUR/USD_2022-07-01,supply,older,2022-04-13T17:00:00Z,S2_CLOSE_INVALIDATION,-1.180392157,-1.117647059,S2_CLOSE_INVALIDATION,false,1.235294118,0.2156862745,538,60,false,,false,,false,,false,,false,,0.2156862745,0.01960784314,0.2156862745,0.09803921569,0.3137254902,0.09803921569,,540,223.5294118,535
EUR/USD,1h,EUR/USD_2022-07-01,supply,older,2022-04-18T11:54:00Z,TARGET,1.817142857,2,TARGET,true,0.2571428571,2,40,179,true,2,true,4,true,13,true,23,true,179,0.1428571429,0.5428571429,0.1428571429,1.114285714,0.1428571429,1.571428571,41,179,125.7142857,180
EUR/USD,1h,EUR/USD_2022-07-01,supply,older,2022-04-19T04:17:00Z,TARGET,1.542857143,2,TARGET,true,0.1428571429,2,0,24,true,3,true,7,true,8,true,12,true,24,0.1428571429,0.4285714286,0.1428571429,1.571428571,0.1428571429,2,14,24,114.2857143,25
EUR/USD,1h,EUR/USD_2022-07-01,supply,older,2022-04-19T06:31:00Z,S2_CLOSE_INVALIDATION,-6.028571429,-5.571428571,S2_CLOSE_INVALIDATION,false,6.142857143,0.4285714286,88,9,true,9,false,,false,,false,,false,,1,0.1428571429,1,0.4285714286,1.857142857,0.4285714286,17,89,714.2857143,89
EUR/USD,1h,EUR/USD_2022-07-01,supply,older,2022-04-19T08:32:00Z,TARGET,1.817142857,2,TARGET,true,0.02857142857,2,0,17,true,1,true,3,true,9,true,15,true,17,0.02857142857,0.7714285714,0.02857142857,1.342857143,0.02857142857,2,19,17,102.8571429,18
EUR/USD,1h,EUR/USD_2022-07-01,supply,older,2022-04-19T09:00:00Z,TARGET,1.762962963,2,TARGET,true,0.4074074074,2,0,63,true,5,true,9,true,22,true,23,true,63,0.4074074074,0.1851851852,0.4074074074,0.7037037037,0.4074074074,1.962962963,12,63,140.7407407,64
EUR/USD,1h,EUR/USD_2022-07-01,supply,older,2022-04-20T06:00:00Z,S2_CLOSE_INVALIDATION,-3.297142857,-3.114285714,S2_CLOSE_INVALIDATION,false,3.228571429,0.7714285714,173,121,true,27,true,69,false,,false,,false,,0.6571428571,0,0.6571428571,0.2,0.6571428571,0.4285714286,241,180,422.8571429,180
EUR/USD,1h,EUR/USD_2022-07-01,demand,older,2022-04-20T17:00:00Z,TARGET,1.905882353,2,TARGET,true,1.058823529,2,598,810,true,7,true,43,true,809,true,810,true,810,0.05882352941,0.1764705882,0.05882352941,0.3529411765,0.1176470588,0.4117647059,117,810,205.8823529,811
EUR/USD,1h,EUR/USD_2022-07-01,supply,older,2022-04-21T07:43:00Z,TARGET,1.898412698,2,TARGET,true,0.8412698413,2,8,208,true,22,true,46,true,178,true,197,true,208,0.3015873016,0.1746031746,0.8412698413,0.1746031746,0.8412698413,0.3650793651,42,208,184.1269841,209
EUR/USD,1h,EUR/USD_2022-07-01,supply,older,2022-04-21T09:02:00Z,TARGET,1.898412698,2,TARGET,true,0.1428571429,2,0,129,true,20,true,26,true,99,true,118,true,129,0.1428571429,0.04761904762,0.1428571429,0.2380952381,0.1428571429,0.5555555556,119,129,114.2857143,130
EUR/USD,1h,EUR/USD_2022-07-01,demand,older,2022-04-21T14:55:00Z,S2_CLOSE_INVALIDATION,-2.211764706,-2.117647059,S2_CLOSE_INVALIDATION,false,2.294117647,1.029411765,1022,43,true,2,true,13,true,30,false,,false,,0.05882352941,0.2941176471,0.05882352941,0.5588235294,0.05882352941,0.9411764706,10,1025,329.4117647,1019
EUR/USD,1h,EUR/USD_2022-07-01,supply,older,2022-04-28T22:07:00Z,S2_CLOSE_INVALIDATION,-2.005263158,-1.921052632,S2_CLOSE_INVALIDATION,false,2.131578947,0.4736842105,464,47,true,43,false,,false,,false,,false,,0.1578947368,0.07894736842,0.1578947368,0.1052631579,0.1578947368,0.1052631579,627,473,313.1578947,472
EUR/USD,1h,EUR/USD_2022-07-01,supply,older,2022-04-29T06:15:00Z,S2_CLOSE_INVALIDATION,-1.289795918,-1.224489796,S2_CLOSE_INVALIDATION,false,2.142857143,0.1224489796,147,52,false,,false,,false,,false,,false,,0.1632653061,0,0.387755102,0,0.387755102,0,,165,314.2857143,161
EUR/USD,1h,EUR/USD_2022-07-01,supply,older,2022-04-29T17:22:00Z,TARGET,1.771428571,2,TARGET,true,0.8571428571,2,30,123,true,1,true,45,true,50,true,118,true,123,0.5,0.2857142857,0.5,0.4285714286,0.7857142857,0.4285714286,9,123,185.7142857,122
EUR/USD,1h,EUR/USD_2022-07-01,supply,older,2022-05-03T00:53:00Z,TARGET,1.644444444,2,TARGET,true,0.5555555556,2,11,43,true,4,true,14,true,18,true,27,true,43,0.1111111111,0.3333333333,0.5555555556,0.5555555556,0.5555555556,1.888888889,15,43,155.5555556,44
EUR/USD,1h,EUR/USD_2022-07-01,supply,older,2022-05-03T01:00:00Z,S2_CLOSE_INVALIDATION,-2.028571429,-1.897959184,S2_CLOSE_INVALIDATION,false,2.142857143,1.775510204,655,366,true,114,true,121,true,238,true,357,false,,0.9183673469,0,0.9183673469,0,0.9183673469,0,351,660,314.2857143,657
EUR/USD,1h,EUR/USD_2022-07-01,supply,older,2022-05-03T12:36:00Z,TARGET,1.771428571,2,TARGET,true,0.6428571429,2,4,44,true,1,true,6,true,7,true,41,true,44,0.6428571429,0.4285714286,0.6428571429,1.142857143,0.6428571429,1.285714286,6,44,164.2857143,45
EUR/USD,1h,EUR/USD_2022-07-01,supply,older,2022-05-03T14:32:00Z,TARGET,1.895081967,2,TARGET,true,0.01639344262,2,0,70,true,1,true,1,true,8,true,16,true,70,0.01639344262,0.5081967213,0.01639344262,1.327868852,0.01639344262,1.885245902,13,70,101.6393443,71
EUR/USD,1h,EUR/USD_2022-07-01,supply,older,2022-05-04T18:48:00Z,TARGET,1.920987654,2,TARGET,true,1.641975309,2,405,995,true,1,true,14,true,15,true,994,true,995,0.5061728395,0.3086419753,0.9012345679,0.5308641975,0.9012345679,1.222222222,3,995,264.1975309,981
EUR/USD,1h,EUR/USD_2022-07-01,supply,older,2022-05-04T20:00:00Z,TARGET,1.920987654,2,TARGET,true,1.641975309,2,333,923,true,628,true,634,true,685,true,922,true,923,0.2098765432,0.1358024691,0.8024691358,0.1358024691,1.098765432,0.1358024691,666,923,264.1975309,913
EUR/USD,1h,EUR/USD_2022-07-01,demand,older,2022-05-05T13:50:00Z,S2_CLOSE_INVALIDATION,-3.216666667,-3.083333333,S2_CLOSE_INVALIDATION,false,3.375,1.166666667,98,9,true,1,true,1,true,5,false,,false,,0.125,0.8333333333,0.125,1.166666667,0.5833333333,1.166666667,7,130,437.5,129
EUR/USD,1h,EUR/USD_2022-07-01,demand,older,2022-05-05T16:11:00Z,TARGET,1.644444444,2,TARGET,true,0.3333333333,2,0,9,true,1,true,1,true,2,true,2,true,9,0.3333333333,1.666666667,0.3333333333,2,0.3333333333,2,9,9,133.3333333,10
EUR/USD,1h,EUR/USD_2022-07-01,demand,older,2022-05-05T17:55:00Z,TARGET,1.793548387,2,TARGET,true,0.3548387097,2,9,59,true,13,true,15,true,20,true,25,true,59,0.1612903226,0.1612903226,0.3548387097,0.2903225806,0.3548387097,1.580645161,18,59,135.483871,59
EUR/USD,1h,EUR/USD_2022-07-01,supply,older,2022-05-06T07:54:00Z,S2_CLOSE_INVALIDATION,-1.460606061,-1.363636364,S2_CLOSE_INVALIDATION,false,2.757575758,1.303030303,41,6,true,1,true,1,true,6,false,,false,,0.5757575758,0.8787878788,1.242424242,1.303030303,1.242424242,1.303030303,1,66,375.7575758,66
EUR/USD,1h,EUR/USD_2022-07-01,supply,older,2022-05-13T17:00:00Z,S2_CLOSE_INVALIDATION,-1.955932203,-1.847457627,S2_CLOSE_INVALIDATION,false,2.016949153,1.033898305,3822,3501,true,56,true,60,true,3501,false,,false,,0.5254237288,0,0.6949152542,0,0.7627118644,0,184,3840,301.6949153,934
EUR/USD,1h,EUR/USD_2022-07-01,supply,older,2022-05-17T12:47:00Z,TARGET,1.944827586,2,TARGET,true,0.5517241379,2,681,1600,true,6,true,19,true,1079,true,1186,true,1600,0.03448275862,0.1896551724,0.03448275862,0.3103448276,0.03448275862,0.6206896552,101,1600,155.1724138,1595
EUR/USD,1h,EUR/USD_2022-07-01,demand,older,2022-05-18T17:16:00Z,S2_CLOSE_INVALIDATION,-1.509090909,-1.363636364,S2_CLOSE_INVALIDATION,false,1.409090909,0.5,137,64,true,13,true,64,false,,false,,false,,0.3636363636,0,0.3636363636,0.2727272727,0.4090909091,0.2727272727,33,164,240.9090909,163
EUR/USD,1h,EUR/USD_2022-07-01,supply,older,2022-05-19T08:45:00Z,TARGET,1.709090909,2,TARGET,true,1.363636364,2,9,34,true,3,true,13,true,15,true,19,true,34,0.6363636364,0.3636363636,1.363636364,0.8181818182,1.363636364,1.909090909,4,34,236.3636364,35
EUR/USD,1h,EUR/USD_2022-07-01,supply,older,2022-05-19T15:00:00Z,S2_CLOSE_INVALIDATION,-1.506666667,-1.4,S2_CLOSE_INVALIDATION,false,1.533333333,0.5,178,20,true,6,true,20,false,,false,,false,,0.5,0,0.5,0.4666666667,0.5333333333,0.5,12,180,253.3333333,180
EUR/USD,1h,EUR/USD_2022-07-01,demand,older,2022-05-20T13:00:00Z,S2_CLOSE_INVALIDATION,-1.955555556,-1.777777778,S2_CLOSE_INVALIDATION,false,2.833333333,0.6666666667,192,15,true,6,true,14,false,,false,,false,,0.4444444444,0.1111111111,0.4444444444,0.6111111111,0.4444444444,0.6666666667,18,240,383.3333333,239
EUR/USD,1h,EUR/USD_2022-07-01,supply,older,2022-05-23T06:38:00Z,S2_CLOSE_INVALIDATION,-1.967901235,-1.888888889,S2_CLOSE_INVALIDATION,false,1.987654321,0.8024691358,141,67,true,7,true,37,false,,false,,false,,0.03703703704,0.1851851852,0.03703703704,0.3333333333,0.06172839506,0.3333333333,185,142,298.7654321,141
EUR/USD,1h,EUR/USD_2022-07-01,supply,older,2022-05-23T14:52:00Z,S2_CLOSE_INVALIDATION,-2.657142857,-2.428571429,S2_CLOSE_INVALIDATION,false,2.857142857,1.714285714,236,9,true,0,true,1,true,2,true,2,false,,0.1428571429,1.571428571,0.1428571429,1.714285714,2,1.714285714,0,248,385.7142857,247
EUR/USD,1h,EUR/USD_2022-07-01,supply,older,2022-05-23T15:16:00Z,TARGET,1.831578947,2,TARGET,true,0.2631578947,2,4,36,true,5,true,5,true,21,true,30,true,36,0.2631578947,0.05263157895,0.2631578947,0.9473684211,0.2631578947,1.315789474,9,36,126.3157895,37
EUR/USD,1h,EUR/USD_2022-07-01,supply,older,2022-05-23T16:42:00Z,S2_CLOSE_INVALIDATION,-2.657142857,-2.428571429,S2_CLOSE_INVALIDATION,false,2.857142857,0.7857142857,126,36,true,18,true,20,false,,false,,false,,0.2857142857,0,0.5714285714,0.1428571429,0.5714285714,0.6428571429,24,138,385.7142857,137
EUR/USD,1h,EUR/USD_2022-07-01,supply,older,2022-05-23T19:00:00Z,TARGET,1.831578947,2,TARGET,true,0.5789473684,2,0,357,true,9,true,200,true,305,true,325,true,357,0.5789473684,0,0.5789473684,0.4736842105,0.5789473684,0.4736842105,99,357,157.8947368,355
EUR/USD,1h,EUR/USD_2022-07-01,supply,older,2022-05-24T06:54:00Z,S2_CLOSE_INVALIDATION,-4.642105263,-4.473684211,S2_CLOSE_INVALIDATION,false,5,0.8947368421,51,4,true,2,true,3,false,,false,,false,,0.3684210526,0.8947368421,3.315789474,0.8947368421,4.578947368,0.8947368421,3,66,600,66
EUR/USD,1h,EUR/USD_2022-07-01,supply,older,2022-05-24T14:00:00Z,TARGET,1.9,2,TARGET,true,0.8125,2,133,769,true,9,true,10,true,652,true,713,true,764,0.6875,0,0.6875,0.75,0.6875,0.9375,24,769,181.25,761
EUR/USD,1h,EUR/USD_2022-07-01,demand,older,2022-05-25T10:34:00Z,TARGET,1.542857143,2,TARGET,true,2.428571429,2,12,58,true,2,true,2,true,6,true,58,true,58,0.4285714286,0.7142857143,2.428571429,1.285714286,2.428571429,1.285714286,5,58,342.8571429,59
EUR/USD,1h,EUR/USD_2022-07-01,supply,older,2022-05-27T00:10:00Z,S2_CLOSE_INVALIDATION,-1.75625,-1.65625,S2_CLOSE_INVALIDATION,false,1.8125,0.3125,101,39,true,37,false,,false,,false,,false,,0.03125,0.125,0.25,0.125,0.25,0.125,321,110,281.25,110
EUR/USD,1h,EUR/USD_2022-07-01,demand,older,2022-05-27T10:55:00Z,TARGET,1.831578947,2,TARGET,true,0.1578947368,2,6,54,true,3,true,13,true,15,true,32,true,54,0.1052631579,0.3157894737,0.1578947368,0.9473684211,0.1578947368,1.473684211,12,54,115.7894737,55
EUR/USD,1h,EUR/USD_2022-07-01,demand,older,2022-05-30T07:59:00Z,TARGET,1.68,2,TARGET,true,0.6,2,29,37,true,1,true,1,true,3,true,10,true,37,0.5,1,0.5,1.8,0.6,1.8,5,37,160,38
EUR/USD,1h,EUR/USD_2022-07-01,supply,older,2022-05-30T16:31:00Z,TARGET,1.623529412,2,TARGET,true,0.6470588235,2,28,273,true,7,true,18,true,160,true,165,true,273,0.1764705882,0.1764705882,0.1764705882,0.4117647059,0.6470588235,0.8823529412,18,273,164.7058824,274
EUR/USD,1h,EUR/USD_2022-07-01,demand,older,2022-05-31T02:50:00Z,TARGET,1.68,2,TARGET,true,0.2,2,0,16,true,2,true,5,true,7,true,9,true,16,0.2,0.4,0.2,1.8,0.2,2,33,16,120,17
EUR/USD,1h,EUR/USD_2022-07-01,demand,older,2022-05-31T06:48:00Z,TARGET,1.507692308,2,TARGET,true,1.153846154,2,7,16,true,2,true,3,true,10,true,12,true,16,0.3846153846,0.5384615385,1.153846154,1.923076923,1.153846154,2,3,16,215.3846154,17
EUR/USD,1h,EUR/USD_2022-07-01,supply,older,2022-06-02T17:00:00Z,S2_CLOSE_INVALIDATION,-1.707692308,-1.461538462,S2_CLOSE_INVALIDATION,false,1.461538462,0.5384615385,350,16,true,13,true,16,false,,false,,false,,0.9230769231,0,0.9230769231,0.3846153846,0.9230769231,0.5384615385,63,420,246.1538462,418
EUR/USD,1h,EUR/USD_2022-07-01,demand,older,2022-06-03T09:45:00Z,S2_CLOSE_INVALIDATION,-3.42,-3.1,S2_CLOSE_INVALIDATION,false,3.6,0.9,133,11,true,6,true,6,false,,false,,false,,0.1,0.2,0.1,0.9,0.4,0.9,34,135,460,134
EUR/USD,1h,EUR/USD_2022-07-01,demand,older,2022-06-06T10:39:00Z,S2_CLOSE_INVALIDATION,-1.787096774,-1.580645161,S2_CLOSE_INVALIDATION,false,2.612903226,0.6129032258,187,37,true,22,true,37,false,,false,,false,,0.1612903226,0.2258064516,0.2258064516,0.2258064516,0.2258064516,0.3548387097,27,201,361.2903226,201
EUR/USD,1h,EUR/USD_2022-07-01,demand,older,2022-06-06T12:24:00Z,S2_CLOSE_INVALIDATION,-3.266666667,-3,S2_CLOSE_INVALIDATION,false,5.333333333,1.333333333,185,147,true,1,true,1,true,4,false,,false,,0,1,0,1,0,1,9,216,633.3333333,215
EUR/USD,1h,EUR/USD_2022-07-01,demand,older,2022-06-06T14:00:00Z,S2_CLOSE_INVALIDATION,-3.266666667,-3,S2_CLOSE_INVALIDATION,false,5.333333333,1.333333333,89,51,true,6,true,7,true,51,false,,false,,0.5,0,0.5,0.8333333333,2.5,0.8333333333,110,120,633.3333333,119
EUR/USD,1h,EUR/USD_2022-07-01,demand,older,2022-06-07T13:13:00Z,TARGET,1.288888889,2,TARGET,true,0.1111111111,2,0,2,true,0,true,1,true,1,true,2,true,2,0.1111111111,2,0.1111111111,2,0.1111111111,2,2,2,111.1111111,3
EUR/USD,1h,EUR/USD_2022-07-01,demand,older,2022-06-10T09:26:00Z,TARGET,1.36,2,TARGET,true,1,2,2,6,true,1,true,1,true,4,true,6,true,6,1,1,1,2,1,2,2,6,200,7
EUR/USD,1h,EUR/USD_2022-07-01,demand,older,2022-06-10T10:00:00Z,S2_CLOSE_INVALIDATION,-3.182857143,-3,S2_CLOSE_INVALIDATION,false,3.457142857,0.6571428571,118,18,true,12,true,17,false,,false,,false,,0.8285714286,0,0.8285714286,0.4285714286,0.8285714286,0.6571428571,57,120,445.7142857,119
EUR/USD,1h,EUR/USD_2022-07-01,demand,older,2022-06-13T01:00:00Z,S2_CLOSE_INVALIDATION,-2.766666667,-2.5,S2_CLOSE_INVALIDATION,false,2.5,1.833333333,359,257,true,40,true,64,true,108,true,133,false,,0.8333333333,0.1666666667,0.8333333333,0.1666666667,1.5,0.1666666667,65,360,350,360
EUR/USD,1h,EUR/USD_2022-07-01,demand,older,2022-06-13T13:57:00Z,S2_CLOSE_INVALIDATION,-2.933333333,-2.666666667,S2_CLOSE_INVALIDATION,false,3.083333333,1.25,58,13,true,1,true,1,true,7,false,,false,,0.3333333333,0.8333333333,0.3333333333,1.25,1.833333333,1.25,5,63,408.3333333,62
EUR/USD,1h,EUR/USD_2022-07-01,demand,older,2022-06-13T20:06:00Z,TARGET,1.9,2,TARGET,true,0.5625,2,349,590,true,3,true,136,true,262,true,463,true,590,0.0625,0.25,0.0625,0.4375,0.40625,0.4375,47,590,156.25,588
EUR/USD,1h,EUR/USD_2022-07-01,supply,older,2022-06-14T07:45:00Z,TARGET,1.893333333,2,TARGET,true,0.8,2,62,128,true,6,true,35,true,80,true,101,true,127,0.2666666667,0.06666666667,0.2666666667,0.2666666667,0.2666666667,0.4,30,128,180,128
EUR/USD,1h,EUR/USD_2022-07-01,supply,older,2022-06-15T05:52:00Z,S2_CLOSE_INVALIDATION,-1.573333333,-1.466666667,S2_CLOSE_INVALIDATION,false,2.466666667,1.5,173,117,true,7,true,8,true,17,true,117,false,,0.2666666667,0.1,0.2666666667,0.6,0.2666666667,1.2,23,188,346.6666667,187
EUR/USD,1h,EUR/USD_2022-07-01,supply,older,2022-06-15T06:26:00Z,TARGET,1.68,2,TARGET,true,1.6,2,13,22,true,4,true,4,true,20,true,21,true,22,1.4,0.6,1.6,0.6,1.6,2,4,22,260,23
EUR/USD,1h,EUR/USD_2022-07-01,supply,older,2022-06-15T07:00:00Z,S2_CLOSE_INVALIDATION,-1.573333333,-1.466666667,S2_CLOSE_INVALIDATION,false,2.466666667,1.5,105,49,true,3,true,47,true,47,true,49,false,,0.1666666667,0.4,0.7333333333,0.4333333333,1.133333333,0.4333333333,50,120,346.6666667,119
EUR/USD,1h,EUR/USD_2022-07-01,demand,older,2022-06-15T12:56:00Z,S2_CLOSE_INVALIDATION,-1.2875,-1.1875,S2_CLOSE_INVALIDATION,false,1.3125,1.625,179,69,true,0,true,3,true,59,true,68,false,,0.0625,0.8125,0.125,0.8125,0.125,0.8125,2,184,231.25,182
EUR/USD,1h,EUR/USD_2022-07-01,demand,older,2022-06-15T18:06:00Z,TARGET,1.891525424,2,TARGET,true,0.4237288136,2,1,11,true,1,true,2,true,2,true,5,true,11,0.4237288136,1.169491525,0.4237288136,2,0.4237288136,2,3,11,142.3728814,12
EUR/USD,1h,EUR/USD_2022-07-01,supply,older,2022-06-16T03:15:00Z,TARGET,1.8,2,TARGET,true,0.125,2,0,142,true,1,true,7,true,23,true,63,true,142,0.125,0.4375,0.125,0.5,0.125,1.125,35,142,112.5,143
EUR/USD,1h,EUR/USD_2022-07-01,supply,older,2022-06-16T13:02:00Z,S2_CLOSE_INVALIDATION,-2.289795918,-2.224489796,S2_CLOSE_INVALIDATION,false,2.387755102,0.2244897959,114,72,false,,false,,false,,false,,false,,0.5510204082,0,0.9183673469,0,0.9183673469,0,,118,338.7755102,117
EUR/USD,1h,EUR/USD_2022-07-01,supply,older,2022-06-16T15:51:00Z,S2_CLOSE_INVALIDATION,-2.765517241,-2.655172414,S2_CLOSE_INVALIDATION,false,3.620689655,0.1724137931,55,0,false,,false,,false,,false,,false,,0.2413793103,0.1724137931,0.9310344828,0.1724137931,1.344827586,0.1724137931,,69,462.0689655,69
EUR/USD,1h,EUR/USD_2022-07-01,demand,older,2022-06-21T06:00:00Z,TARGET,1.542857143,2,TARGET,true,0.8571428571,2,15,36,true,0,true,0,true,4,true,33,true,36,0.1428571429,1,0.2857142857,1,0.8571428571,1.285714286,35,36,185.7142857,37
EUR/USD,1h,EUR/USD_2022-07-01,supply,older,2022-06-22T08:21:00Z,TARGET,1.6,2,TARGET,true,0.875,2,11,23,true,2,true,2,true,3,true,15,true,22,0.75,1,0.875,1,0.875,2,4,23,187.5,24
EUR/USD,1h,EUR/USD_2022-07-01,supply,older,2022-06-24T14:03:00Z,TARGET,1.847619048,2,TARGET,true,0.3333333333,2,27,41,true,1,true,1,true,1,true,3,true,41,0.1428571429,1.714285714,0.1428571429,1.714285714,0.3333333333,1.714285714,3,41,133.3333333,42
EUR/USD,1h,EUR/USD_2022-07-01,supply,older,2022-06-26T23:06:00Z,S2_CLOSE_INVALIDATION,-2.057142857,-1.904761905,S2_CLOSE_INVALIDATION,false,2.047619048,1.761904762,530,283,true,15,true,99,true,101,true,255,false,,0.619047619,0.09523809524,0.619047619,0.2380952381,0.619047619,0.3333333333,42,534,304.7619048,534
EUR/USD,1h,EUR/USD_2022-07-01,demand,older,2022-06-28T01:57:00Z,TARGET,1.851162791,2,TARGET,true,0.3953488372,2,242,279,true,3,true,51,true,271,true,272,true,279,0.2093023256,0.2558139535,0.2093023256,0.4418604651,0.3488372093,0.4418604651,386,279,139.5348837,280
EUR/USD,1h,EUR/USD_2022-07-01,demand,older,2022-06-28T08:03:00Z,TARGET,1.542857143,2,TARGET,true,0,2,0,5,true,0,true,1,true,1,true,5,true,5,0,1.428571429,0,2,0,2,0,5,100,6
EUR/USD,1h,EUR/USD_2022-07-01,demand,older,2022-06-28T14:03:00Z,S2_CLOSE_INVALIDATION,-1.8,-1.679245283,S2_CLOSE_INVALIDATION,false,1.943396226,1.037735849,887,126,true,73,true,92,true,126,false,,false,,0.6226415094,0,0.6226415094,0,1.226415094,0,143,897,294.3396226,897
EUR/USD,1h,EUR/USD_2022-07-01,supply,older,2022-06-29T09:11:00Z,TARGET,1.8,2,TARGET,true,0.5,2,2,48,true,4,true,4,true,8,true,15,true,48,0.5,0.625,0.5,1.375,0.5,1.625,8,48,150,49
EUR/USD,1h,EUR/USD_2022-07-01,supply,older,2022-06-29T11:00:00Z,TARGET,1.8,2,TARGET,true,1.25,2,26,84,true,1,true,44,true,46,true,54,true,84,0.375,0.4375,0.875,0.4375,1.25,0.4375,52,84,225,85
EUR/USD,1h,EUR/USD_2022-07-01,demand,older,2022-06-30T12:00:00Z,TARGET,1.911111111,2,TARGET,true,0.8055555556,2,14,173,true,27,true,30,true,81,true,127,true,173,0.3611111111,0,0.8055555556,0,0.8055555556,0.4444444444,122,173,180.5555556,174
EUR/USD,4h,EUR/USD_2022-07-01,supply,older,2022-03-16T15:00:00Z,S2_CLOSE_INVALIDATION,-1.162318841,-1.115942029,S2_CLOSE_INVALIDATION,false,1.68115942,1.666666667,1041,212,true,22,true,56,true,180,true,185,false,,0.4347826087,0,0.4347826087,0,0.4347826087,0.3333333333,426,1200,268.115942,1199
EUR/USD,4h,EUR/USD_2022-07-01,supply,older,2022-03-17T16:56:00Z,TARGET,1.866666667,2,TARGET,true,1.166666667,2,5,112,true,70,true,75,true,86,true,99,true,112,0.75,0.1666666667,1.166666667,0.1666666667,1.166666667,0.1666666667,111,112,216.6666667,113
EUR/USD,4h,EUR/USD_2022-07-01,supply,older,2022-03-25T07:00:00Z,TARGET,1.940186916,2,TARGET,true,0.4392523364,2,7,3980,true,70,true,130,true,534,true,3844,true,3980,0.3831775701,0,0.4392523364,0,0.4392523364,0,878,3980,143.9252336,1217
EUR/USD,4h,EUR/USD_2022-07-01,demand,older,2022-04-04T00:00:00Z,S2_CLOSE_INVALIDATION,-2.745454545,-2.662337662,S2_CLOSE_INVALIDATION,false,2.662337662,0.4025974026,719,98,true,45,false,,false,,false,,false,,0.1168831169,0.06493506494,0.1168831169,0.1948051948,0.1168831169,0.2207792208,3836,720,366.2337662,720
EUR/USD,4h,EUR/USD_2022-07-01,demand,older,2022-04-05T04:16:00Z,S2_CLOSE_INVALIDATION,-2.917647059,-2.823529412,S2_CLOSE_INVALIDATION,false,2.823529412,1.205882353,703,191,true,116,true,148,true,190,false,,false,,0.2941176471,0.05882352941,0.2941176471,0.1176470588,0.2941176471,0.2352941176,837,704,382.3529412,704
EUR/USD,4h,EUR/USD_2022-07-01,supply,older,2022-04-07T04:00:00Z,TARGET,1.907246377,2,TARGET,true,1.492753623,2,147,319,true,206,true,209,true,251,true,257,true,319,0.01449275362,0.1304347826,0.04347826087,0.1304347826,0.04347826087,0.1304347826,761,319,249.2753623,320
EUR/USD,4h,EUR/USD_2022-07-01,supply,older,2022-04-07T11:08:00Z,TARGET,1.907246377,2,TARGET,true,1.753623188,2,145,490,true,1,true,1,true,13,true,311,true,490,0.5072463768,0.7971014493,0.5072463768,1,0.5072463768,1,17,490,275.3623188,485
EUR/USD,4h,EUR/USD_2022-07-01,supply,older,2022-04-07T13:00:00Z,TARGET,1.907246377,2,TARGET,true,1.753623188,2,33,378,true,63,true,63,true,192,true,199,true,378,0.3913043478,0.07246376812,0.9710144928,0.07246376812,1.31884058,0.07246376812,191,378,275.3623188,376
EUR/USD,4h,EUR/USD_2022-07-01,demand,older,2022-04-12T06:22:00Z,S2_CLOSE_INVALIDATION,-1.324528302,-1.264150943,S2_CLOSE_INVALIDATION,false,1.566037736,1.452830189,712,393,true,93,true,371,true,382,false,,false,,0.1320754717,0.01886792453,0.1320754717,0.05660377358,0.1320754717,0.2075471698,780,818,256.6037736,813
EUR/USD,4h,EUR/USD_2022-07-01,demand,older,2022-04-22T15:02:00Z,TARGET,1.876923077,2,TARGET,true,0.2307692308,2,17,278,true,0,true,2,true,29,true,155,true,278,0,0.5384615385,0.07692307692,0.5384615385,0.2307692308,1.076923077,22,278,123.0769231,279
EUR/USD,4h,EUR/USD_2022-07-01,demand,older,2022-04-22T20:09:00Z,TARGET,1.851162791,2,TARGET,true,0.1627906977,2,0,2820,true,4,true,11,true,2820,true,2820,true,2820,0.1627906977,0.3953488372,0.1627906977,0.7674418605,0.1627906977,0.7674418605,353,2820,116.2790698,52
EUR/USD,4h,EUR/USD_2022-07-01,supply,older,2022-04-26T03:31:00Z,TARGET,1.907246377,2,TARGET,true,0.04347826087,2,0,206,true,15,true,59,true,161,true,175,true,206,0.04347826087,0.1304347826,0.04347826087,0.2173913043,0.04347826087,0.3623188406,200,206,104.3478261,207
EUR/USD,4h,EUR/USD_2022-07-01,demand,older,2022-05-05T15:08:00Z,TARGET,1.908571429,2,TARGET,true,0.8857142857,2,76,267,true,5,true,6,true,114,true,252,true,267,0.2,0.2,0.2,0.5428571429,0.2857142857,0.5428571429,11,267,188.5714286,264
EUR/USD,4h,EUR/USD_2022-07-01,demand,older,2022-05-06T19:21:00Z,S2_CLOSE_INVALIDATION,-2.297841727,-2.251798561,S2_CLOSE_INVALIDATION,false,2.712230216,1.54676259,7914,4147,true,10,true,25,true,4131,true,4147,false,,0.03597122302,0.05035971223,0.03597122302,0.2661870504,0.03597122302,0.5107913669,170,7959,371.2230216,4952
EUR/USD,4h,EUR/USD_2022-07-01,supply,older,2022-05-17T11:39:00Z,TARGET,1.881481481,2,TARGET,true,1.222222222,2,749,1144,true,11,true,20,true,41,true,103,true,1142,0.1111111111,0.1111111111,0.5555555556,0.3703703704,0.5555555556,0.7777777778,17,1144,222.2222222,1141
EUR/USD,4h,EUR/USD_2022-07-01,demand,older,2022-05-27T16:00:00Z,TARGET,1.881481481,2,TARGET,true,0.7777777778,2,6,3456,true,100,true,128,true,175,true,299,true,3456,0.7037037037,0,0.7777777778,0,0.7777777778,0,170,3456,177.7777778,571
EUR/USD,4h,EUR/USD_2022-07-01,demand,older,2022-05-31T16:23:00Z,S2_CLOSE_INVALIDATION,-3.371428571,-3.306122449,S2_CLOSE_INVALIDATION,false,4.040816327,0.8367346939,1402,135,true,15,true,93,false,,false,,false,,0.08163265306,0,0.08163265306,0.2448979592,0.08163265306,0.3265306122,622,1417,504.0816327,1409
EUR/USD,4h,EUR/USD_2022-07-01,demand,older,2022-06-02T04:00:00Z,TARGET,1.927272727,2,TARGET,true,0.6818181818,2,94,531,true,152,true,174,true,218,true,495,true,531,0.5454545455,0,0.5454545455,0,0.5454545455,0,989,531,168.1818182,530
EUR/USD,4h,EUR/USD_2022-07-01,demand,older,2022-06-07T12:00:00Z,TARGET,1.927272727,2,TARGET,true,0.5909090909,2,73,169,true,35,true,100,true,106,true,154,true,169,0.2272727273,0,0.2272727273,0,0.3409090909,0.2272727273,175,169,159.0909091,170
EUR/USD,4h,EUR/USD_2022-07-01,demand,older,2022-06-08T04:13:00Z,S2_CLOSE_INVALIDATION,-1.293203883,-1.262135922,S2_CLOSE_INVALIDATION,false,1.291262136,1.854368932,2361,1947,true,110,true,328,true,418,true,1932,false,,0,0.06796116505,0,0.1067961165,0,0.1067961165,,2387,229.1262136,2380
EUR/USD,4h,EUR/USD_2022-07-01,demand,older,2022-06-13T04:43:00Z,S2_CLOSE_INVALIDATION,-2.2,-2.104477612,S2_CLOSE_INVALIDATION,false,2.164179104,0.8805970149,434,34,true,4,true,15,false,,false,,false,,0.01492537313,0.3432835821,0.01492537313,0.4626865672,0.01492537313,0.7014925373,299,437,316.4179104,437
EUR/USD,4h,EUR/USD_2022-07-01,demand,older,2022-06-13T19:32:00Z,TARGET,1.854545455,2,TARGET,true,0.7272727273,2,383,496,true,3,true,5,true,16,true,296,true,496,0.04545454545,0.3636363636,0.04545454545,0.8181818182,0.09090909091,1.272727273,11,496,172.7272727,494
EUR/USD,4h,EUR/USD_2022-07-01,demand,older,2022-06-21T18:48:00Z,S2_CLOSE_INVALIDATION,-1.482539683,-1.380952381,S2_CLOSE_INVALIDATION,false,3.603174603,0.873015873,738,42,true,11,true,23,false,,false,,false,,0.5238095238,0.01587301587,0.5238095238,0.4603174603,0.5238095238,0.7142857143,176,792,460.3174603,790
EUR/USD,4h,EUR/USD_2022-07-01,demand,older,2022-06-29T13:47:00Z,S2_CLOSE_INVALIDATION,-1.177777778,-1.126984127,S2_CLOSE_INVALIDATION,false,1.317460317,0.4920634921,317,20,true,2,false,,false,,false,,false,,0.04761904762,0.2698412698,0.04761904762,0.2698412698,0.04761904762,0.4920634921,27,373,231.7460317,373
EUR/USD,1h,EUR/USD_2025-04-01,demand,newer,2024-12-10T07:56:00Z,S2_CLOSE_INVALIDATION,-2.782608696,-2.434782609,S2_CLOSE_INVALIDATION,false,2.586956522,0.5434782609,63,4,true,4,true,4,false,,false,,false,,0.6086956522,0.5434782609,1.47826087,0.5434782609,2.304347826,0.5434782609,8,64,358.6956522,64
EUR/USD,1h,EUR/USD_2025-04-01,supply,newer,2024-12-10T20:11:00Z,S2_CLOSE_INVALIDATION,-1.625,-1.291666667,S2_CLOSE_INVALIDATION,false,1.541666667,1.083333333,346,68,true,1,true,5,true,10,false,,false,,0.02083333333,0.4791666667,0.02083333333,1.041666667,0.4375,1.041666667,85,349,254.1666667,344
EUR/USD,1h,EUR/USD_2025-04-01,supply,newer,2024-12-11T13:30:00Z,TARGET,1.536231884,2,TARGET,true,0,2,0,0,true,0,true,0,true,0,true,0,true,0,0,2,0,2,0,2,0,0,100,1
EUR/USD,1h,EUR/USD_2025-04-01,demand,newer,2024-12-19T02:00:00Z,S2_CLOSE_INVALIDATION,-1.225063939,-1.197783461,S2_CLOSE_INVALIDATION,false,1.255754476,1.228473998,20689,16454,true,312,true,421,true,2510,false,,false,,0.200341006,0,0.2412617221,0,0.2531969309,0,731,20700,225.5754476,10682
EUR/USD,1h,EUR/USD_2025-04-01,supply,newer,2025-01-06T11:30:00Z,TARGET,1.762962963,2,TARGET,true,2.244444444,2,3,53,true,15,true,15,true,16,true,51,true,53,2.244444444,0,2.244444444,0.2296296296,2.244444444,1.488888889,17,53,324.4444444,54
EUR/USD,1h,EUR/USD_2025-04-01,supply,newer,2025-01-06T13:01:00Z,TARGET,1.762962963,2,TARGET,true,2.837037037,2,28,44,true,3,true,39,true,40,true,44,true,44,0.4074074074,0.3777777778,1.340740741,0.3777777778,2.837037037,0.3777777778,6,44,383.7037037,45
EUR/USD,1h,EUR/USD_2025-04-01,supply,newer,2025-01-07T07:39:00Z,TARGET,1.762962963,2,TARGET,true,1,2,5,41,true,6,true,6,true,8,true,39,true,41,0.837037037,0.1259259259,1,1.074074074,1,1.355555556,26,41,200,42
EUR/USD,1h,EUR/USD_2025-04-01,demand,newer,2025-01-07T22:02:00Z,S2_CLOSE_INVALIDATION,-1.336134454,-1.201680672,S2_CLOSE_INVALIDATION,false,1.554621849,0.9411764706,596,483,true,145,true,220,false,,false,,false,,0.6722689076,0.0756302521,0.7983193277,0.0756302521,0.7983193277,0.0756302521,357,598,255.4621849,594
EUR/USD,1h,EUR/USD_2025-04-01,demand,newer,2025-01-08T10:08:00Z,S2_CLOSE_INVALIDATION,-3.423076923,-3.115384615,S2_CLOSE_INVALIDATION,false,7.807692308,1.403846154,92,48,true,2,true,8,true,45,false,,false,,0.6153846154,0.3846153846,0.7307692308,0.7115384615,0.7307692308,0.9230769231,6,112,880.7692308,112
EUR/USD,1h,EUR/USD_2025-04-01,supply,newer,2025-01-08T22:16:00Z,TARGET,1.724137931,2,TARGET,true,0.4482758621,2,44,136,true,0,true,1,true,44,true,112,true,136,0.01724137931,0.8965517241,0.01724137931,0.8965517241,0.01724137931,0.8965517241,89,136,144.8275862,130
EUR/USD,1h,EUR/USD_2025-04-01,supply,newer,2025-01-09T17:00:00Z,TARGET,1.871485944,2,TARGET,true,1.321285141,2,941,1230,true,444,true,770,true,791,true,1230,true,1230,0.4779116466,0,0.5100401606,0,0.5100401606,0.06827309237,,1230,232.1285141,1227
EUR/USD,1h,EUR/USD_2025-04-01,demand,newer,2025-01-10T15:00:00Z,TARGET,1.748031496,2,TARGET,true,2.826771654,2,1,19,true,12,true,14,true,15,true,17,true,19,2.826771654,0,2.826771654,0.6377952756,2.826771654,2,25,19,382.6771654,20
EUR/USD,1h,EUR/USD_2025-04-01,supply,newer,2025-01-14T15:59:00Z,S2_CLOSE_INVALIDATION,-1.257028112,-1.128514056,S2_CLOSE_INVALIDATION,false,1.730923695,1.37751004,973,74,true,1,true,29,true,31,false,,false,,0.06827309237,0.3975903614,0.4618473896,0.4939759036,0.7108433735,0.6385542169,21,1081,273.0923695,1072
EUR/USD,1h,EUR/USD_2025-04-01,supply,newer,2025-01-14T22:01:00Z,TARGET,1.831578947,2,TARGET,true,0.08421052632,2,51,540,true,0,true,2,true,122,true,287,true,540,0.02105263158,0.9368421053,0.02105263158,0.9894736842,0.05263157895,0.9894736842,99,540,108.4210526,534
EUR/USD,1h,EUR/USD_2025-04-01,supply,newer,2025-01-15T09:33:00Z,S2_CLOSE_INVALIDATION,-3.8,-3.631578947,S2_CLOSE_INVALIDATION,false,4.715789474,1.778947368,239,196,true,43,true,44,true,65,true,196,false,,0.2421052632,0.2210526316,0.3473684211,0.2210526316,0.3684210526,0.2210526316,74,267,571.5789474,267
EUR/USD,1h,EUR/USD_2025-04-01,demand,newer,2025-01-15T16:30:00Z,TARGET,1.757575758,2,TARGET,true,4.075757576,2,3,241,true,0,true,39,true,43,true,228,true,241,4.075757576,0.2727272727,4.075757576,0.2727272727,4.075757576,0.2727272727,14,241,507.5757576,242
EUR/USD,1h,EUR/USD_2025-04-01,demand,newer,2025-01-15T18:07:00Z,TARGET,1.757575758,2,TARGET,true,0.1515151515,2,1,144,true,1,true,4,true,12,true,131,true,144,0.1515151515,0.5909090909,0.1515151515,1.121212121,0.1515151515,1.212121212,112,144,115.1515152,145
EUR/USD,1h,EUR/USD_2025-04-01,demand,newer,2025-01-15T22:06:00Z,TARGET,1.757575758,2,TARGET,true,0.04545454545,2,1,144,true,0,true,1,true,1,true,17,true,144,0.04545454545,1.393939394,0.04545454545,1.484848485,0.04545454545,1.621212121,45,144,104.5454545,133
EUR/USD,1h,EUR/USD_2025-04-01,demand,newer,2025-01-16T02:22:00Z,TARGET,1.757575758,2,TARGET,true,0.6818181818,2,205,292,true,1,true,5,true,20,true,287,true,292,0.1060606061,0.4848484848,0.1060606061,0.8333333333,0.1060606061,1.106060606,31,292,168.1818182,293
EUR/USD,1h,EUR/USD_2025-04-01,demand,newer,2025-01-17T20:00:00Z,TARGET,1.880149813,2,TARGET,true,0.8277153558,2,3084,3358,true,30,true,3129,true,3133,true,3331,true,3358,0.191011236,0.1310861423,0.2808988764,0.1310861423,0.2808988764,0.2209737828,215,3358,182.7715356,402
EUR/USD,1h,EUR/USD_2025-04-01,supply,newer,2025-01-20T13:32:00Z,S2_CLOSE_INVALIDATION,-1.286259542,-1.255725191,S2_CLOSE_INVALIDATION,false,1.276717557,0.7480916031,2667,1208,true,1,true,234,false,,false,,false,,0.3416030534,0.3091603053,0.3416030534,0.3244274809,0.393129771,0.3244274809,3,2668,227.6717557,2652
EUR/USD,1h,EUR/USD_2025-04-01,supply,newer,2025-01-22T11:00:00Z,TARGET,1.842364532,2,TARGET,true,0.763546798,2,9,158,true,29,true,34,true,65,true,86,true,158,0.2019704433,0.1330049261,0.763546798,0.1330049261,0.763546798,0.3694581281,96,158,176.3546798,159
EUR/USD,1h,EUR/USD_2025-04-01,demand,newer,2025-01-23T16:00:00Z,TARGET,1.913978495,2,TARGET,true,2.096774194,2,12,644,true,23,true,44,true,45,true,617,true,644,0.8172043011,0,2.096774194,0,2.096774194,0.2903225806,,644,309.6774194,630
EUR/USD,1h,EUR/USD_2025-04-01,supply,newer,2025-01-24T04:09:00Z,S2_CLOSE_INVALIDATION,-1.354679803,-1.197044335,S2_CLOSE_INVALIDATION,false,2.192118227,0.5665024631,149,36,true,11,true,36,false,,false,,false,,0.1133004926,0.1133004926,0.1921182266,0.3793103448,0.2807881773,0.4778325123,107,231,319.2118227,231
EUR/USD,1h,EUR/USD_2025-04-01,supply,newer,2025-01-24T08:48:00Z,TARGET,1.73553719,2,TARGET,true,3.462809917,2,36,165,true,1,true,5,true,7,true,164,true,165,0.173553719,0.2892561983,1.132231405,1.115702479,1.380165289,1.115702479,6,165,446.2809917,166
EUR/USD,1h,EUR/USD_2025-04-01,supply,newer,2025-01-24T10:00:00Z,TARGET,1.73553719,2,TARGET,true,0.6198347107,2,14,93,true,1,true,1,true,23,true,92,true,93,0.1900826446,0.5867768595,0.6198347107,0.6033057851,0.6198347107,1.429752066,78,93,161.9834711,94
EUR/USD,1h,EUR/USD_2025-04-01,demand,newer,2025-01-26T23:25:00Z,S2_CLOSE_INVALIDATION,-1.273809524,-1.083333333,S2_CLOSE_INVALIDATION,false,1.285714286,0.880952381,149,109,true,58,true,68,false,,false,,false,,0.1547619048,0.1428571429,0.4047619048,0.1428571429,0.5595238095,0.2142857143,66,155,228.5714286,155
EUR/USD,1h,EUR/USD_2025-04-01,demand,newer,2025-01-28T12:04:00Z,TARGET,1.529411765,2,TARGET,true,0.7647058824,2,4,31,true,0,true,1,true,1,true,9,true,31,0.7647058824,1.147058824,0.7647058824,1.676470588,0.7647058824,1.676470588,1,31,176.4705882,32
EUR/USD,1h,EUR/USD_2025-04-01,demand,newer,2025-01-29T09:05:00Z,S2_CLOSE_INVALIDATION,-1.333333333,-1.247311828,S2_CLOSE_INVALIDATION,false,1.543010753,0.4462365591,260,31,true,15,false,,false,,false,,false,,0.1021505376,0.1505376344,0.1021505376,0.2419354839,0.1021505376,0.3602150538,117,295,254.3010753,295
EUR/USD,1h,EUR/USD_2025-04-01,supply,newer,2025-01-29T15:44:00Z,TARGET,1.789473684,2,TARGET,true,0.7236842105,2,98,196,true,3,true,3,true,22,true,24,true,196,0.5394736842,0.5657894737,0.5394736842,0.8552631579,0.5394736842,1.605263158,8,196,172.3684211,197
EUR/USD,1h,EUR/USD_2025-04-01,supply,newer,2025-01-29T17:01:00Z,TARGET,1.789473684,2,TARGET,true,0.7236842105,2,21,119,true,9,true,32,true,60,true,119,true,119,0.4605263158,0.1973684211,0.5,0.3552631579,0.7236842105,0.3947368421,59,119,172.3684211,120
EUR/USD,1h,EUR/USD_2025-04-01,supply,newer,2025-01-29T23:00:00Z,TARGET,1.789473684,2,TARGET,true,0.9210526316,2,540,603,true,1,true,10,true,444,true,452,true,603,0.1315789474,0.3552631579,0.1315789474,0.7236842105,0.1315789474,0.7236842105,80,603,192.1052632,604
EUR/USD,1h,EUR/USD_2025-04-01,supply,newer,2025-01-30T20:23:00Z,TARGET,1.946308725,2,TARGET,true,0.06040268456,2,9,758,true,13,true,13,true,15,true,20,true,758,0.006711409396,0.06711409396,0.06040268456,0.7046979866,0.06040268456,1.516778523,467,758,106.0402685,759
EUR/USD,1h,EUR/USD_2025-04-01,supply,newer,2025-01-31T17:12:00Z,TARGET,1.946308725,2,TARGET,true,0.1308724832,2,0,81,true,2,true,5,true,67,true,73,true,81,0.1308724832,0.4765100671,0.1308724832,0.5570469799,0.1308724832,0.5570469799,14,81,113.0872483,82
EUR/USD,1h,EUR/USD_2025-04-01,demand,newer,2025-01-31T20:00:00Z,S2_CLOSE_INVALIDATION,-1.752941176,-1.564705882,S2_CLOSE_INVALIDATION,false,2.952941176,1.6,73,67,true,11,true,35,true,66,true,67,false,,0.4588235294,0,0.7882352941,0.3882352941,0.7882352941,0.3882352941,106,120,395.2941176,120
EUR/USD,1h,EUR/USD_2025-04-01,demand,newer,2025-02-02T22:32:00Z,TARGET,1.68627451,2,TARGET,true,0.5098039216,2,6,13,true,2,true,3,true,8,true,10,true,13,0.431372549,0.7450980392,0.5098039216,2,0.5098039216,2,3,13,150.9803922,13
EUR/USD,1h,EUR/USD_2025-04-01,supply,newer,2025-02-04T02:00:00Z,S2_CLOSE_INVALIDATION,-1.371183533,-1.316295026,S2_CLOSE_INVALIDATION,false,1.545454545,1.7135506,773,191,true,100,true,171,true,185,true,187,false,,0.02229845626,0.09777015437,0.06003430532,0.09777015437,0.06003430532,0.1869639794,447,780,254.5454545,780
EUR/USD,1h,EUR/USD_2025-04-01,supply,newer,2025-02-05T12:00:00Z,TARGET,1.928888889,2,TARGET,true,1.431111111,2,180,1220,true,94,true,493,true,950,true,1194,true,1220,0.1155555556,0.07111111111,0.1155555556,0.07111111111,0.2044444444,0.08888888889,381,1220,243.1111111,1208
EUR/USD,1h,EUR/USD_2025-04-01,demand,newer,2025-02-07T12:02:00Z,TARGET,1.614457831,2,TARGET,true,2.34939759,2,32,88,true,6,true,88,true,88,true,88,true,88,1.096385542,0.2048192771,1.096385542,0.2771084337,1.86746988,0.2771084337,8,88,334.939759,89
EUR/USD,1h,EUR/USD_2025-04-01,demand,newer,2025-02-09T22:31:00Z,TARGET,1.936,2,TARGET,true,0.424,2,28,2496,true,12,true,32,true,509,true,661,true,2496,0.156,0.06,0.156,0.348,0.424,0.348,12,2496,142.4,2493
EUR/USD,1h,EUR/USD_2025-04-01,supply,newer,2025-02-11T19:40:00Z,TARGET,1.887719298,2,TARGET,true,0.7964912281,2,945,1070,true,1,true,1,true,4,true,1070,true,1070,0.501754386,1.007017544,0.501754386,1.287719298,0.501754386,1.364912281,2,1070,179.6491228,1063
EUR/USD,1h,EUR/USD_2025-04-01,supply,newer,2025-02-12T07:52:00Z,TARGET,1.887719298,2,TARGET,true,0.7964912281,2,213,338,true,38,true,65,true,338,true,338,true,338,0.3122807018,0.249122807,0.3964912281,0.249122807,0.4035087719,0.249122807,90,338,179.6491228,339
EUR/USD,1h,EUR/USD_2025-04-01,supply,newer,2025-02-12T15:38:00Z,S2_CLOSE_INVALIDATION,-1.275789474,-1.163508772,S2_CLOSE_INVALIDATION,false,1.519298246,1.736842105,80,40,true,3,true,26,true,31,true,38,false,,0.5789473684,0.3052631579,0.5789473684,0.3684210526,0.5789473684,0.8877192982,8,82,251.9298246,82
EUR/USD,1h,EUR/USD_2025-04-01,supply,newer,2025-02-12T18:00:00Z,S2_CLOSE_INVALIDATION,-1.083555556,-1.012444444,S2_CLOSE_INVALIDATION,false,1.177777778,1.453333333,671,237,true,28,true,35,true,57,false,,false,,0.7911111111,0,0.7911111111,0,0.7911111111,0.3111111111,92,720,217.7777778,714
EUR/USD,1h,EUR/USD_2025-04-01,supply,newer,2025-02-13T06:00:00Z,TARGET,1.802469136,2,TARGET,true,0.7160493827,2,17,127,true,11,true,54,true,86,true,115,true,127,0.4320987654,0.03703703704,0.4320987654,0.2839506173,0.7160493827,0.2839506173,106,127,171.6049383,128
EUR/USD,1h,EUR/USD_2025-04-01,demand,newer,2025-02-19T17:04:00Z,TARGET,1.94639866,2,TARGET,true,0.05527638191,2,2,1341,true,13,true,91,true,145,true,1213,true,1341,0.05527638191,0.1055276382,0.05527638191,0.256281407,0.05527638191,0.3768844221,98,1341,105.5276382,1330
EUR/USD,1h,EUR/USD_2025-04-01,supply,newer,2025-02-20T17:10:00Z,S2_CLOSE_INVALIDATION,-2.185628743,-1.994011976,S2_CLOSE_INVALIDATION,false,2.089820359,0.06586826347,95,0,false,,false,,false,,false,,false,,0.377245509,0.06586826347,0.9401197605,0.06586826347,1.107784431,0.06586826347,,110,308.9820359,110
EUR/USD,1h,EUR/USD_2025-04-01,demand,newer,2025-02-27T17:44:00Z,S2_CLOSE_INVALIDATION,-1.359128978,-1.305527638,S2_CLOSE_INVALIDATION,false,1.345058626,0.608040201,1514,1314,true,18,true,75,false,,false,,false,,0.07537688442,0.1323283082,0.07537688442,0.1591289782,0.07537688442,0.3400335008,209,1516,234.5058626,1507
EUR/USD,1h,EUR/USD_2025-04-01,supply,newer,2025-03-03T14:46:00Z,TARGET,1.739837398,2,TARGET,true,0.5772357724,2,3,14,true,5,true,9,true,11,true,14,true,14,0.5772357724,0.1056910569,0.5772357724,2,0.5772357724,2,26,14,157.7235772,15
EUR/USD,1h,EUR/USD_2025-04-01,demand,newer,2025-03-04T15:17:00Z,TARGET,1.818181818,2,TARGET,true,1.693181818,2,3,44,true,11,true,12,true,25,true,33,true,44,1.693181818,0.1477272727,1.693181818,0.5113636364,1.693181818,1.488636364,14,44,269.3181818,45
EUR/USD,1h,EUR/USD_2025-04-01,supply,newer,2025-03-04T18:44:00Z,S2_CLOSE_INVALIDATION,-1.857798165,-1.711009174,S2_CLOSE_INVALIDATION,false,1.844036697,0.6422018349,75,3,true,1,true,2,false,,false,,false,,0.05504587156,0.6422018349,0.8440366972,0.6422018349,1.614678899,0.6422018349,16,76,284.4036697,76
EUR/USD,1h,EUR/USD_2025-04-01,supply,newer,2025-03-04T19:09:00Z,TARGET,1.640449438,2,TARGET,true,0.01123595506,2,0,1,true,0,true,0,true,1,true,1,true,1,0.01123595506,2,0.01123595506,2,0.01123595506,2,7,1,101.1235955,2
EUR/USD,1h,EUR/USD_2025-04-01,demand,newer,2025-03-10T11:05:00Z,TARGET,1.838383838,2,TARGET,true,0.3131313131,2,0,2,true,0,true,1,true,1,true,2,true,2,0.3131313131,2,0.3131313131,2,0.3131313131,2,0,2,131.3131313,3
EUR/USD,1h,EUR/USD_2025-04-01,demand,newer,2025-03-11T14:28:00Z,TARGET,1.882352941,2,TARGET,true,0.05147058824,2,0,37,true,1,true,2,true,13,true,19,true,37,0.05147058824,0.9558823529,0.05147058824,1.110294118,0.05147058824,1.727941176,7,37,105.1470588,38
EUR/USD,1h,EUR/USD_2025-04-01,demand,newer,2025-03-12T06:53:00Z,TARGET,1.882352941,2,TARGET,true,0.6176470588,2,14,127,true,47,true,49,true,82,true,106,true,127,0.1985294118,0.1838235294,0.6176470588,0.1838235294,0.6176470588,0.1838235294,323,127,161.7647059,128
EUR/USD,1h,EUR/USD_2025-04-01,demand,newer,2025-03-12T16:59:00Z,S2_CLOSE_INVALIDATION,-1.105033557,-1.051342282,S2_CLOSE_INVALIDATION,false,1.228187919,0.3053691275,824,32,true,29,false,,false,,false,,false,,0.08724832215,0.06375838926,0.08724832215,0.1308724832,0.08724832215,0.2617449664,1359,841,222.8187919,835
EUR/USD,1h,EUR/USD_2025-04-01,demand,newer,2025-03-13T11:59:00Z,TARGET,1.845410628,2,TARGET,true,0.2367149758,2,0,31,true,0,true,0,true,0,true,28,true,31,0.2367149758,1.212560386,0.2367149758,1.212560386,0.2367149758,1.666666667,1,31,123.6714976,32
EUR/USD,1h,EUR/USD_2025-04-01,supply,newer,2025-03-14T05:58:00Z,TARGET,1.786666667,2,TARGET,true,0.04,2,1,31,true,2,true,2,true,23,true,28,true,31,0.04,0.6133333333,0.04,0.7733333333,0.04,1.893333333,22,31,104,32
EUR/USD,1h,EUR/USD_2025-04-01,supply,newer,2025-03-14T09:00:00Z,S2_CLOSE_INVALIDATION,-6.097333333,-5.884,S2_CLOSE_INVALIDATION,false,8.213333333,0.6533333333,112,24,true,2,true,15,false,,false,,false,,0.5466666667,0.28,0.5466666667,0.4533333333,0.5466666667,0.6533333333,56,120,921.3333333,120
EUR/USD,1h,EUR/USD_2025-04-01,demand,newer,2025-03-19T08:00:00Z,S2_CLOSE_INVALIDATION,-1.609375,-1.509375,S2_CLOSE_INVALIDATION,false,1.65625,0.6125,413,248,true,236,true,245,false,,false,,false,,1.025,0,1.025,0,1.025,0,299,420,265.625,420
EUR/USD,1h,EUR/USD_2025-04-01,demand,newer,2025-03-19T18:00:00Z,TARGET,1.804878049,2,TARGET,true,1.646341463,2,0,4,true,0,true,0,true,0,true,2,true,4,1.646341463,2,1.646341463,2,1.646341463,2,147,4,264.6341463,5
EUR/USD,1h,EUR/USD_2025-04-01,supply,newer,2025-03-19T20:12:00Z,S2_CLOSE_INVALIDATION,-1.238341969,-1.07253886,S2_CLOSE_INVALIDATION,false,1.300518135,0.2331606218,123,108,false,,false,,false,,false,,false,,0.2849740933,0.05699481865,0.3367875648,0.05699481865,0.5336787565,0.05699481865,,228,230.0518135,215
EUR/USD,1h,EUR/USD_2025-04-01,supply,newer,2025-03-20T00:00:00Z,TARGET,1.84079602,2,TARGET,true,1.417910448,2,153,441,true,294,true,303,true,333,true,426,true,441,1.179104478,0,1.348258706,0,1.348258706,0,561,441,241.7910448,442
EUR/USD,1h,EUR/USD_2025-04-01,demand,newer,2025-03-20T09:26:00Z,TARGET,1.666666667,2,TARGET,true,0.1666666667,2,0,11,true,0,true,0,true,0,true,1,true,11,0.1666666667,1.666666667,0.1666666667,2,0.1666666667,2,1,11,116.6666667,12
EUR/USD,1h,EUR/USD_2025-04-01,demand,newer,2025-03-20T13:33:00Z,TARGET,1.838383838,2,TARGET,true,0.0404040404,2,0,31,true,1,true,1,true,3,true,28,true,31,0.0404040404,1.282828283,0.0404040404,1.282828283,0.0404040404,1.797979798,7,31,104.040404,32
EUR/USD,1h,EUR/USD_2025-04-01,demand,newer,2025-03-21T16:00:00Z,TARGET,1.838383838,2,TARGET,true,1.080808081,2,1,3354,true,18,true,28,true,35,true,3344,true,3354,1.080808081,0,1.080808081,0,1.080808081,0.6161616162,35,3354,208.0808081,398
EUR/USD,1h,EUR/USD_2025-04-01,supply,newer,2025-03-24T08:23:00Z,TARGET,1.623529412,2,TARGET,true,0.8588235294,2,1,7,true,2,true,7,true,7,true,7,true,7,0.8588235294,0.4117647059,0.8588235294,2,0.8588235294,2,4,7,185.8823529,8
EUR/USD,1h,EUR/USD_2025-04-01,supply,newer,2025-03-24T10:38:00Z,TARGET,1.623529412,2,TARGET,true,0.03529411765,2,0,11,true,0,true,0,true,1,true,10,true,11,0.03529411765,1.470588235,0.03529411765,2,0.03529411765,2,9,11,103.5294118,12
EUR/USD,1h,EUR/USD_2025-04-01,demand,newer,2025-03-24T15:56:00Z,TARGET,1.741935484,2,TARGET,true,0.04838709677,2,0,10,true,0,true,2,true,7,true,8,true,10,0.04838709677,0.9032258065,0.04838709677,2,0.04838709677,2,10,10,104.8387097,11
EUR/USD,1h,EUR/USD_2025-04-01,demand,newer,2025-03-26T05:00:00Z,TARGET,1.801242236,2,TARGET,true,0.6397515528,2,21,237,true,34,true,39,true,148,true,227,true,237,0.2422360248,0.1055900621,0.3788819876,0.1055900621,0.6397515528,0.1055900621,130,237,163.9751553,238
EUR/USD,1h,EUR/USD_2025-04-01,demand,newer,2025-03-26T12:10:00Z,S2_CLOSE_INVALIDATION,-3.434782609,-3.236024845,S2_CLOSE_INVALIDATION,false,3.869565217,1.608695652,326,156,true,1,true,2,true,15,true,127,false,,0.09316770186,0.7639751553,0.09316770186,0.9130434783,0.09316770186,1.310559006,10,350,486.9565217,350
EUR/USD,1h,EUR/USD_2025-04-01,supply,newer,2025-03-27T00:47:00Z,S2_CLOSE_INVALIDATION,-3.754929577,-3.304225352,S2_CLOSE_INVALIDATION,false,4.436619718,0.9154929577,65,3,true,1,true,2,false,,false,,false,,0.2112676056,0.9154929577,1.225352113,0.9154929577,2.352112676,0.9154929577,10,73,543.6619718,73
EUR/USD,1h,EUR/USD_2025-04-01,supply,newer,2025-03-27T11:07:00Z,TARGET,1.769784173,2,TARGET,true,0.6115107914,2,2,35,true,5,true,7,true,11,true,14,true,35,0.6115107914,0.1942446043,0.6115107914,1.589928058,0.6115107914,1.877697842,7,35,161.1510791,36
EUR/USD,1h,EUR/USD_2025-04-01,supply,newer,2025-03-27T12:00:00Z,S2_CLOSE_INVALIDATION,-1.436681223,-1.296943231,S2_CLOSE_INVALIDATION,false,3.253275109,0.7205240175,221,115,true,71,true,81,false,,false,,false,,0.4148471616,0,0.8602620087,0.05676855895,0.8689956332,0.05676855895,155,240,425.3275109,240
EUR/USD,1h,EUR/USD_2025-04-01,supply,newer,2025-03-27T19:11:00Z,TARGET,1.769784173,2,TARGET,true,1.129496403,2,108,765,true,47,true,306,true,330,true,550,true,765,0.1942446043,0.1079136691,0.2661870504,0.1223021583,0.5107913669,0.1223021583,292,765,212.9496403,754
EUR/USD,1h,EUR/USD_2025-04-01,supply,newer,2025-03-28T15:00:00Z,TARGET,1.789473684,2,TARGET,true,2.907894737,2,32,3304,true,54,true,55,true,136,true,3302,true,3304,1.460526316,0.01315789474,1.789473684,0.01315789474,2.736842105,0.01315789474,113,3304,390.7894737,366
EUR/USD,1h,EUR/USD_2025-04-01,demand,newer,2025-03-31T08:10:00Z,S2_CLOSE_INVALIDATION,-2.144508671,-1.959537572,S2_CLOSE_INVALIDATION,false,2.283236994,1.219653179,280,53,true,1,true,5,true,46,false,,false,,0.1907514451,0.387283237,0.5260115607,0.5375722543,1.046242775,0.5375722543,6,290,328.3236994,290
EUR/USD,4h,EUR/USD_2025-04-01,demand,newer,2024-12-12T13:17:00Z,S2_CLOSE_INVALIDATION,-2.973333333,-2.925925926,S2_CLOSE_INVALIDATION,false,3.056296296,1.743703704,9032,6457,true,2,true,13,true,88,true,6455,false,,0.2118518519,0.3422222222,0.2118518519,0.5081481481,0.2118518519,0.7866666667,182,9043,405.6296296,6072
EUR/USD,4h,EUR/USD_2025-04-01,supply,newer,2025-01-06T11:33:00Z,TARGET,1.926605505,2,TARGET,true,0.2935779817,2,116,162,true,1,true,2,true,13,true,56,true,162,0.1100917431,0.619266055,0.1100917431,1.04587156,0.1100917431,1.04587156,6,162,129.3577982,163
EUR/USD,4h,EUR/USD_2025-04-01,supply,newer,2025-01-16T07:37:00Z,TARGET,1.90778098,2,TARGET,true,0.07204610951,2,1,306,true,5,true,39,true,127,true,291,true,306,0.07204610951,0.2391930836,0.07204610951,0.3602305476,0.07204610951,0.3602305476,105,306,107.204611,307
EUR/USD,4h,EUR/USD_2025-04-01,supply,newer,2025-01-16T20:00:00Z,TARGET,1.90778098,2,TARGET,true,0.5561959654,2,917,1101,true,125,true,526,true,673,true,1094,true,1101,0.09510086455,0.1642651297,0.09510086455,0.1930835735,0.09510086455,0.1930835735,402,1101,155.6195965,1092
EUR/USD,4h,EUR/USD_2025-04-01,supply,newer,2025-01-20T03:31:00Z,S2_CLOSE_INVALIDATION,-1.547550432,-1.455331412,S2_CLOSE_INVALIDATION,false,1.501440922,0.325648415,507,5,true,5,false,,false,,false,,false,,0.008645533141,0.1527377522,0.008645533141,0.325648415,0.3544668588,0.325648415,112,509,250.1440922,509
EUR/USD,4h,EUR/USD_2025-04-01,supply,newer,2025-01-22T12:00:00Z,TARGET,1.926605505,2,TARGET,true,0.7018348624,2,71,1643,true,100,true,130,true,573,true,845,true,1643,0.5642201835,0,0.5642201835,0,0.5642201835,0,394,1643,170.1834862,1632
EUR/USD,4h,EUR/USD_2025-04-01,supply,newer,2025-01-24T16:00:00Z,TARGET,1.779310345,2,TARGET,true,0.7931034483,2,78,142,true,6,true,7,true,17,true,53,true,142,0.6413793103,0.2413793103,0.6413793103,0.6413793103,0.6413793103,1.013793103,27,142,179.3103448,143
EUR/USD,4h,EUR/USD_2025-04-01,supply,newer,2025-01-27T11:13:00Z,TARGET,1.779310345,2,TARGET,true,2.406896552,2,115,257,true,1,true,2,true,6,true,229,true,257,0.2413793103,0.7655172414,0.2413793103,1.151724138,0.3379310345,1.151724138,10,257,340.6896552,258
EUR/USD,4h,EUR/USD_2025-04-01,supply,newer,2025-01-27T12:54:00Z,TARGET,1.640449438,2,TARGET,true,0,2,0,0,true,0,true,0,true,0,true,0,true,0,0,2,0,2,0,2,0,0,100,1
EUR/USD,4h,EUR/USD_2025-04-01,demand,newer,2025-01-29T12:00:00Z,TARGET,1.862068966,2,TARGET,true,1.672413793,2,85,224,true,6,true,195,true,217,true,222,true,224,0.08620689655,0.2155172414,0.2844827586,0.275862069,0.7068965517,0.275862069,145,224,267.2413793,225
EUR/USD,4h,EUR/USD_2025-04-01,demand,newer,2025-01-30T12:00:00Z,TARGET,1.862068966,2,TARGET,true,0.9827586207,2,1,109,true,49,true,74,true,82,true,87,true,109,0.9827586207,0,0.9827586207,0,0.9827586207,0.01724137931,226,109,198.2758621,110
EUR/USD,4h,EUR/USD_2025-04-01,demand,newer,2025-02-02T22:31:00Z,S2_CLOSE_INVALIDATION,-2.377946768,-2.256273764,S2_CLOSE_INVALIDATION,false,3.16730038,1.55513308,112,36,true,11,true,14,true,36,true,36,false,,0.4904942966,0.01901140684,0.5209125475,0.5893536122,1.425855513,0.6577946768,11,329,416.730038,328
EUR/USD,4h,EUR/USD_2025-04-01,supply,newer,2025-02-13T10:17:00Z,S2_CLOSE_INVALIDATION,-2.0651341,-2.024265645,S2_CLOSE_INVALIDATION,false,2.180076628,1.449553001,1710,506,true,26,true,89,true,112,false,,false,,0.006385696041,0.12899106,0.006385696041,0.1724137931,0.006385696041,0.2592592593,578,1783,318.0076628,1782
EUR/USD,4h,EUR/USD_2025-04-01,supply,newer,2025-02-14T20:00:00Z,TARGET,1.944347826,2,TARGET,true,0.5095652174,2,3237,6541,true,3031,true,3603,true,4665,true,5349,true,6541,0.2347826087,0,0.2347826087,0,0.2347826087,0,3495,6541,150.9565217,3615
EUR/USD,4h,EUR/USD_2025-04-01,supply,newer,2025-02-20T18:15:00Z,TARGET,1.852534562,2,TARGET,true,0.935483871,2,315,840,true,1,true,8,true,445,true,840,true,840,0.0599078341,0.3456221198,0.0599078341,0.5576036866,0.2165898618,0.5576036866,60,840,193.5483871,839
EUR/USD,4h,EUR/USD_2025-04-01,supply,newer,2025-02-21T00:00:00Z,TARGET,1.944347826,2,TARGET,true,1.292173913,2,8250,9473,true,100,true,495,true,660,true,986,true,9473,0.3008695652,0,0.3008695652,0,0.3008695652,0,615,9473,229.2173913,6545
EUR/USD,4h,EUR/USD_2025-04-01,demand,newer,2025-02-28T19:03:00Z,TARGET,1.779310345,2,TARGET,true,0.1862068966,2,0,113,true,5,true,5,true,9,true,36,true,113,0.1862068966,0.1862068966,0.1862068966,1.165517241,0.1862068966,1.386206897,12,113,118.6206897,114
EUR/USD,4h,EUR/USD_2025-04-01,supply,newer,2025-03-02T22:00:00Z,S2_CLOSE_INVALIDATION,-3.458181818,-3.341818182,S2_CLOSE_INVALIDATION,false,3.763636364,1.356363636,830,642,true,1,true,15,true,626,false,,false,,0.1054545455,0.4690909091,0.1054545455,0.4836363636,0.1054545455,0.6509090909,1,840,476.3636364,836
EUR/USD,4h,EUR/USD_2025-04-01,supply,newer,2025-03-03T15:00:00Z,S2_CLOSE_INVALIDATION,-1.865391304,-1.80973913,S2_CLOSE_INVALIDATION,false,1.84173913,0.9130434783,1259,337,true,55,true,291,false,,false,,false,,0.1269565217,0.06434782609,0.1895652174,0.1513043478,0.36,0.1513043478,157,1260,284.173913,1256
EUR/USD,4h,EUR/USD_2025-04-01,supply,newer,2025-03-05T00:00:00Z,S2_CLOSE_INVALIDATION,-2.645514223,-2.575492341,S2_CLOSE_INVALIDATION,false,2.680525164,0.6192560175,478,180,true,90,true,151,false,,false,,false,,0.3829321663,0,0.3829321663,0.04595185996,0.3829321663,0.2253829322,372,480,368.0525164,480
EUR/USD,4h,EUR/USD_2025-04-01,supply,newer,2025-03-05T09:31:00Z,TARGET,1.84079602,2,TARGET,true,0.4228855721,2,1,51,true,2,true,5,true,14,true,39,true,51,0.4228855721,0.4527363184,0.4228855721,1.129353234,0.4228855721,1.15920398,12,51,142.2885572,52
EUR/USD,4h,EUR/USD_2025-04-01,supply,newer,2025-03-05T20:00:00Z,S2_CLOSE_INVALIDATION,-1.171139971,-1.124963925,S2_CLOSE_INVALIDATION,false,1.842712843,0.7489177489,1143,1365,true,815,true,1362,false,,false,,false,,0.1024531025,0.01587301587,0.1024531025,0.09668109668,0.1284271284,0.09668109668,1080,2160,284.2712843,2149
EUR/USD,4h,EUR/USD_2025-04-01,supply,newer,2025-03-11T18:00:00Z,TARGET,1.769784173,2,TARGET,true,1.302158273,2,24,111,true,0,true,1,true,51,true,52,true,111,0.381294964,0.654676259,1.057553957,0.9424460432,1.302158273,0.9424460432,1,111,230.2158273,112
EUR/USD,4h,EUR/USD_2025-04-01,supply,newer,2025-03-17T16:35:00Z,TARGET,1.876923077,2,TARGET,true,2.323076923,2,941,1202,true,2,true,8,true,63,true,827,true,1202,0.1230769231,0.3076923077,0.1230769231,0.5,0.1384615385,0.5,120,1202,332.3076923,1194
EUR/USD,4h,EUR/USD_2025-04-01,supply,newer,2025-03-18T20:00:00Z,TARGET,1.881481481,2,TARGET,true,0.7703703704,2,118,669,true,244,true,283,true,612,true,662,true,669,0.6296296296,0,0.7259259259,0,0.7481481481,0,505,669,177.037037,664
EUR/USD,4h,EUR/USD_2025-04-01,demand,newer,2025-03-19T15:35:00Z,TARGET,1.876923077,2,TARGET,true,1.623076923,2,121,187,true,2,true,4,true,149,true,181,true,187,0.04615384615,0.5307692308,0.1076923077,0.5307692308,0.4769230769,0.5307692308,51,187,262.3076923,188
EUR/USD,4h,EUR/USD_2025-04-01,demand,newer,2025-03-20T07:29:00Z,S2_CLOSE_INVALIDATION,-2.546153846,-2.423076923,S2_CLOSE_INVALIDATION,false,3.7,0.3692307692,171,33,true,33,false,,false,,false,,false,,0.1230769231,0.1230769231,1.3,0.1230769231,1.3,0.1230769231,75,271,470,271
EUR/USD,4h,EUR/USD_2025-04-01,demand,newer,2025-03-21T08:19:00Z,S2_CLOSE_INVALIDATION,-1.305475504,-1.213256484,S2_CLOSE_INVALIDATION,false,1.829971182,1.956772334,454,227,true,29,true,38,true,206,true,221,false,,0.1700288184,0.181556196,0.2334293948,0.181556196,0.2391930836,0.2795389049,333,461,282.9971182,461
EUR/USD,4h,EUR/USD_2025-04-01,demand,newer,2025-03-24T13:51:00Z,S2_CLOSE_INVALIDATION,-1.142433234,-1.047477745,S2_CLOSE_INVALIDATION,false,1.605341246,1.59347181,1109,1381,true,26,true,28,true,35,true,1378,false,,0.6913946588,0,0.8160237389,0,0.8160237389,0.8516320475,32,2289,260.5341246,2271
EUR/USD,4h,EUR/USD_2025-04-01,supply,newer,2025-03-27T12:14:00Z,TARGET,1.822222222,2,TARGET,true,0.5111111111,2,33,101,true,5,true,6,true,42,true,66,true,101,0.02222222222,0.2444444444,0.02222222222,0.8888888889,0.4666666667,0.8888888889,31,101,151.1111111,102
EUR/USD,4h,EUR/USD_2025-04-01,supply,newer,2025-03-28T07:19:00Z,TARGET,1.822222222,2,TARGET,true,0.6888888889,2,11,71,true,25,true,26,true,36,true,61,true,71,0.2444444444,0.2222222222,0.6888888889,0.2222222222,0.6888888889,0.9888888889,47,71,168.8888889,72
EUR/USD,1h,EUR/USD_2025-07-01,demand,newer,2025-03-12T06:53:00Z,TARGET,1.882352941,2,TARGET,true,0.6176470588,2,14,127,true,47,true,49,true,82,true,106,true,127,0.1985294118,0.1838235294,0.6176470588,0.1838235294,0.6176470588,0.1838235294,323,127,161.7647059,128
EUR/USD,1h,EUR/USD_2025-07-01,demand,newer,2025-03-12T16:59:00Z,S2_CLOSE_INVALIDATION,-1.105033557,-1.051342282,S2_CLOSE_INVALIDATION,false,1.228187919,0.3053691275,824,32,true,29,false,,false,,false,,false,,0.08724832215,0.06375838926,0.08724832215,0.1308724832,0.08724832215,0.2617449664,1359,841,222.8187919,835
EUR/USD,1h,EUR/USD_2025-07-01,demand,newer,2025-03-13T11:59:00Z,TARGET,1.845410628,2,TARGET,true,0.2367149758,2,0,31,true,0,true,0,true,0,true,28,true,31,0.2367149758,1.212560386,0.2367149758,1.212560386,0.2367149758,1.666666667,1,31,123.6714976,32
EUR/USD,1h,EUR/USD_2025-07-01,supply,newer,2025-03-14T05:58:00Z,TARGET,1.786666667,2,TARGET,true,0.04,2,1,31,true,2,true,2,true,23,true,28,true,31,0.04,0.6133333333,0.04,0.7733333333,0.04,1.893333333,22,31,104,32
EUR/USD,1h,EUR/USD_2025-07-01,supply,newer,2025-03-14T09:00:00Z,S2_CLOSE_INVALIDATION,-6.097333333,-5.884,S2_CLOSE_INVALIDATION,false,8.213333333,0.6533333333,112,24,true,2,true,15,false,,false,,false,,0.5466666667,0.28,0.5466666667,0.4533333333,0.5466666667,0.6533333333,56,120,921.3333333,120
EUR/USD,1h,EUR/USD_2025-07-01,demand,newer,2025-03-18T12:37:00Z,TARGET,1.871485944,2,TARGET,true,0.5502008032,2,1,143,true,4,true,6,true,21,true,28,true,143,0.5502008032,0.2690763052,0.5502008032,0.6706827309,0.5502008032,1.618473896,11,143,155.0200803,144
EUR/USD,1h,EUR/USD_2025-07-01,demand,newer,2025-03-18T13:00:00Z,TARGET,1.640449438,2,TARGET,true,0.2808988764,2,17,21,true,0,true,1,true,4,true,5,true,21,0.2584269663,1.157303371,0.2584269663,1.898876404,0.2808988764,2,34,21,128.0898876,22
EUR/USD,1h,EUR/USD_2025-07-01,demand,newer,2025-03-18T15:00:00Z,TARGET,1.640449438,2,TARGET,true,0,2,0,0,true,0,true,0,true,0,true,0,true,0,0,2,0,2,0,2,20,0,100,1
EUR/USD,1h,EUR/USD_2025-07-01,demand,newer,2025-03-19T08:00:00Z,S2_CLOSE_INVALIDATION,-1.609375,-1.509375,S2_CLOSE_INVALIDATION,false,1.65625,0.6125,413,248,true,236,true,245,false,,false,,false,,1.025,0,1.025,0,1.025,0,299,420,265.625,420
EUR/USD,1h,EUR/USD_2025-07-01,demand,newer,2025-03-19T18:00:00Z,TARGET,1.804878049,2,TARGET,true,1.646341463,2,0,4,true,0,true,0,true,0,true,2,true,4,1.646341463,2,1.646341463,2,1.646341463,2,147,4,264.6341463,5
EUR/USD,1h,EUR/USD_2025-07-01,supply,newer,2025-03-19T20:12:00Z,S2_CLOSE_INVALIDATION,-1.238341969,-1.07253886,S2_CLOSE_INVALIDATION,false,1.300518135,0.2331606218,123,108,false,,false,,false,,false,,false,,0.2849740933,0.05699481865,0.3367875648,0.05699481865,0.5336787565,0.05699481865,,228,230.0518135,215
EUR/USD,1h,EUR/USD_2025-07-01,supply,newer,2025-03-20T00:00:00Z,TARGET,1.84079602,2,TARGET,true,1.417910448,2,153,441,true,294,true,303,true,333,true,426,true,441,1.179104478,0,1.348258706,0,1.348258706,0,561,441,241.7910448,442
EUR/USD,1h,EUR/USD_2025-07-01,demand,newer,2025-03-20T09:26:00Z,TARGET,1.666666667,2,TARGET,true,0.1666666667,2,0,11,true,0,true,0,true,0,true,1,true,11,0.1666666667,1.666666667,0.1666666667,2,0.1666666667,2,1,11,116.6666667,12
EUR/USD,1h,EUR/USD_2025-07-01,demand,newer,2025-03-20T13:33:00Z,TARGET,1.838383838,2,TARGET,true,0.0404040404,2,0,31,true,1,true,1,true,3,true,28,true,31,0.0404040404,1.282828283,0.0404040404,1.282828283,0.0404040404,1.797979798,7,31,104.040404,32
EUR/USD,1h,EUR/USD_2025-07-01,demand,newer,2025-03-21T16:00:00Z,TARGET,1.838383838,2,TARGET,true,1.080808081,2,1,3354,true,18,true,28,true,35,true,3344,true,3354,1.080808081,0,1.080808081,0,1.080808081,0.6161616162,35,3354,208.0808081,398
EUR/USD,1h,EUR/USD_2025-07-01,supply,newer,2025-03-24T08:23:00Z,TARGET,1.623529412,2,TARGET,true,0.8588235294,2,1,7,true,2,true,7,true,7,true,7,true,7,0.8588235294,0.4117647059,0.8588235294,2,0.8588235294,2,4,7,185.8823529,8
EUR/USD,1h,EUR/USD_2025-07-01,supply,newer,2025-03-24T10:38:00Z,TARGET,1.623529412,2,TARGET,true,0.03529411765,2,0,11,true,0,true,0,true,1,true,10,true,11,0.03529411765,1.470588235,0.03529411765,2,0.03529411765,2,9,11,103.5294118,12
EUR/USD,1h,EUR/USD_2025-07-01,demand,newer,2025-03-24T15:56:00Z,TARGET,1.741935484,2,TARGET,true,0.04838709677,2,0,10,true,0,true,2,true,7,true,8,true,10,0.04838709677,0.9032258065,0.04838709677,2,0.04838709677,2,10,10,104.8387097,11
EUR/USD,1h,EUR/USD_2025-07-01,demand,newer,2025-03-26T05:00:00Z,TARGET,1.801242236,2,TARGET,true,0.6397515528,2,21,237,true,34,true,39,true,148,true,227,true,237,0.2422360248,0.1055900621,0.3788819876,0.1055900621,0.6397515528,0.1055900621,130,237,163.9751553,238
EUR/USD,1h,EUR/USD_2025-07-01,demand,newer,2025-03-26T12:10:00Z,S2_CLOSE_INVALIDATION,-3.434782609,-3.236024845,S2_CLOSE_INVALIDATION,false,3.869565217,1.608695652,326,156,true,1,true,2,true,15,true,127,false,,0.09316770186,0.7639751553,0.09316770186,0.9130434783,0.09316770186,1.310559006,10,350,486.9565217,350
EUR/USD,1h,EUR/USD_2025-07-01,supply,newer,2025-03-27T00:47:00Z,S2_CLOSE_INVALIDATION,-3.754929577,-3.304225352,S2_CLOSE_INVALIDATION,false,4.436619718,0.9154929577,65,3,true,1,true,2,false,,false,,false,,0.2112676056,0.9154929577,1.225352113,0.9154929577,2.352112676,0.9154929577,10,73,543.6619718,73
EUR/USD,1h,EUR/USD_2025-07-01,supply,newer,2025-03-27T11:07:00Z,TARGET,1.769784173,2,TARGET,true,0.6115107914,2,2,35,true,5,true,7,true,11,true,14,true,35,0.6115107914,0.1942446043,0.6115107914,1.589928058,0.6115107914,1.877697842,7,35,161.1510791,36
EUR/USD,1h,EUR/USD_2025-07-01,supply,newer,2025-03-27T12:00:00Z,S2_CLOSE_INVALIDATION,-1.436681223,-1.296943231,S2_CLOSE_INVALIDATION,false,3.253275109,0.7205240175,221,115,true,71,true,81,false,,false,,false,,0.4148471616,0,0.8602620087,0.05676855895,0.8689956332,0.05676855895,155,240,425.3275109,240
EUR/USD,1h,EUR/USD_2025-07-01,supply,newer,2025-03-27T19:11:00Z,TARGET,1.769784173,2,TARGET,true,1.129496403,2,108,765,true,47,true,306,true,330,true,550,true,765,0.1942446043,0.1079136691,0.2661870504,0.1223021583,0.5107913669,0.1223021583,292,765,212.9496403,754
EUR/USD,1h,EUR/USD_2025-07-01,supply,newer,2025-03-28T15:00:00Z,TARGET,1.789473684,2,TARGET,true,2.907894737,2,32,3304,true,54,true,55,true,136,true,3302,true,3304,1.460526316,0.01315789474,1.789473684,0.01315789474,2.736842105,0.01315789474,113,3304,390.7894737,366
EUR/USD,1h,EUR/USD_2025-07-01,demand,newer,2025-03-31T08:10:00Z,S2_CLOSE_INVALIDATION,-2.144508671,-1.959537572,S2_CLOSE_INVALIDATION,false,2.283236994,1.219653179,280,53,true,1,true,5,true,46,false,,false,,0.1907514451,0.387283237,0.5260115607,0.5375722543,1.046242775,0.5375722543,6,290,328.3236994,290
EUR/USD,1h,EUR/USD_2025-07-01,supply,newer,2025-04-01T09:04:00Z,TARGET,1.567567568,2,TARGET,true,1.297297297,2,1,13,true,6,true,6,true,12,true,13,true,13,1.297297297,0.1351351351,1.297297297,2,1.297297297,2,7,13,229.7297297,14
EUR/USD,1h,EUR/USD_2025-07-01,supply,newer,2025-04-02T09:00:00Z,S2_CLOSE_INVALIDATION,-2.520430108,-2.348387097,S2_CLOSE_INVALIDATION,false,2.474193548,0.9161290323,238,94,true,89,true,94,false,,false,,false,,0.3376344086,0,0.7139784946,0,0.7139784946,0.03870967742,156,240,347.4193548,240
EUR/USD,1h,EUR/USD_2025-07-01,supply,newer,2025-04-02T20:17:00Z,TARGET,1.84079602,2,TARGET,true,1.104477612,2,5,8,true,2,true,2,true,2,true,2,true,8,0.3930348259,1.850746269,1.104477612,2,1.104477612,2,3,8,210.4477612,9
EUR/USD,1h,EUR/USD_2025-07-01,supply,newer,2025-04-02T23:42:00Z,S2_CLOSE_INVALIDATION,-1.618905473,-1.459701493,S2_CLOSE_INVALIDATION,false,2.053731343,1.969154229,126,49,true,7,true,24,true,29,true,38,false,,0.9860696517,0,0.9860696517,0.3164179104,0.9860696517,1.024875622,13,138,305.3731343,136
EUR/USD,1h,EUR/USD_2025-07-01,supply,newer,2025-04-03T05:29:00Z,S2_CLOSE_INVALIDATION,-4.472566372,-4.330973451,S2_CLOSE_INVALIDATION,false,4.330973451,0.3522123894,90,53,true,53,false,,false,,false,,false,,0.6017699115,0,0.814159292,0,0.9203539823,0,58,91,533.0973451,91
EUR/USD,1h,EUR/USD_2025-07-01,demand,newer,2025-04-04T06:59:00Z,S2_CLOSE_INVALIDATION,-5.38647343,-5.231884058,S2_CLOSE_INVALIDATION,false,5.231884058,1.241545894,60,13,true,2,true,10,true,12,false,,false,,0.2946859903,0.2946859903,0.2946859903,1.241545894,0.2946859903,1.241545894,11,61,623.1884058,61
EUR/USD,1h,EUR/USD_2025-07-01,demand,newer,2025-04-04T14:47:00Z,TARGET,1.926165205,2,TARGET,true,0.3350253807,2,4,72,true,6,true,8,true,15,true,55,true,72,0.3350253807,0,0.3350253807,0.8887863406,0.3350253807,1.390401477,20,72,133.5025381,72
EUR/USD,1h,EUR/USD_2025-07-01,demand,newer,2025-04-04T16:44:00Z,S2_CLOSE_INVALIDATION,-1.350253807,-1.276419012,S2_CLOSE_INVALIDATION,false,1.994000923,0.220581449,29,19,false,,false,,false,,false,,false,,0.2796492847,0.05353022612,0.2796492847,0.1647438856,1.994000923,0.220581449,,136,299.4000923,136
EUR/USD,1h,EUR/USD_2025-07-01,demand,newer,2025-04-07T11:22:00Z,TARGET,1.921433833,2,TARGET,true,0.2958507243,2,0,88,true,9,true,29,true,32,true,81,true,88,0.2958507243,0,0.2958507243,0.35133808,0.2958507243,0.9410753744,22,88,129.5850724,89
EUR/USD,1h,EUR/USD_2025-07-01,demand,newer,2025-04-07T13:50:00Z,S2_CLOSE_INVALIDATION,-1.488583354,-1.410017186,S2_CLOSE_INVALIDATION,false,1.936410508,1.295605205,101,20,true,20,true,20,true,20,false,,false,,0.1780014731,0.1750552418,0.2369260987,0.1750552418,0.2369260987,1.295605205,26,130,293.6410508,130
EUR/USD,1h,EUR/USD_2025-07-01,demand,newer,2025-04-08T09:12:00Z,TARGET,1.900682806,2,TARGET,true,0.4823091248,2,21,182,true,1,true,2,true,80,true,130,true,182,0.1868404718,0.6288019863,0.3345747983,0.6288019863,0.4823091248,0.6288019863,15,182,148.2309125,183
EUR/USD,1h,EUR/USD_2025-07-01,demand,newer,2025-04-08T14:35:00Z,TARGET,1.877488515,2,TARGET,true,0.09188361409,2,0,126,true,1,true,3,true,18,true,52,true,126,0.09188361409,0.7266462481,0.09188361409,0.7266462481,0.09188361409,1.456355283,2,126,109.1883614,127
EUR/USD,1h,EUR/USD_2025-07-01,supply,newer,2025-04-08T19:00:00Z,S2_CLOSE_INVALIDATION,-1.668443852,-1.561812729,S2_CLOSE_INVALIDATION,false,2.124291903,0.8407197601,288,86,true,78,true,82,false,,false,,false,,0.3588803732,0,1.240586471,0,1.641786071,0,130,300,312.4291903,300
EUR/USD,1h,EUR/USD_2025-07-01,supply,newer,2025-04-10T10:02:00Z,S2_CLOSE_INVALIDATION,-1.575963719,-1.503401361,S2_CLOSE_INVALIDATION,false,2.904761905,0.4467120181,156,27,true,9,false,,false,,false,,false,,0.1655328798,0.1156462585,0.2199546485,0.2789115646,0.2199546485,0.4467120181,26,178,390.4761905,178
EUR/USD,1h,EUR/USD_2025-07-01,demand,newer,2025-04-11T17:57:00Z,TARGET,1.932346723,2,TARGET,true,0.4587737844,2,1,128,true,13,true,24,true,37,true,85,true,128,0.4587737844,0,0.4587737844,0.2938689218,0.4587737844,0.6744186047,27,128,145.8773784,129
EUR/USD,1h,EUR/USD_2025-07-01,demand,newer,2025-04-15T01:39:00Z,TARGET,1.92195122,2,TARGET,true,0.1268292683,2,4,184,true,16,true,26,true,44,true,67,true,184,0.1268292683,0,0.1268292683,0.2487804878,0.1268292683,0.5609756098,130,184,112.6829268,185
EUR/USD,1h,EUR/USD_2025-07-01,demand,newer,2025-04-15T15:47:00Z,TARGET,1.932346723,2,TARGET,true,1.266384778,2,55,733,true,504,true,505,true,528,true,646,true,733,0.1923890063,0.07822410148,0.5137420719,0.07822410148,0.6236786469,0.07822410148,545,733,226.6384778,730
EUR/USD,1h,EUR/USD_2025-07-01,demand,newer,2025-04-22T06:57:00Z,S2_CLOSE_INVALIDATION,-1.796352584,-1.699088146,S2_CLOSE_INVALIDATION,false,2.234042553,1.054711246,328,94,true,3,true,24,true,91,false,,false,,0.1367781155,0.3920972644,0.3981762918,0.3920972644,0.3981762918,0.641337386,24,363,323.4042553,363
EUR/USD,1h,EUR/USD_2025-07-01,demand,newer,2025-04-22T08:03:00Z,S2_CLOSE_INVALIDATION,-1.796352584,-1.699088146,S2_CLOSE_INVALIDATION,false,2.234042553,1.054711246,262,28,true,4,true,23,true,25,false,,false,,0.1489361702,0.3373860182,0.2401215805,0.4589665653,0.2401215805,1.054711246,91,297,323.4042553,297
EUR/USD,1h,EUR/USD_2025-07-01,demand,newer,2025-04-22T21:56:00Z,S2_CLOSE_INVALIDATION,-4.542857143,-4.314285714,S2_CLOSE_INVALIDATION,false,8.771428571,0.1714285714,42,15,false,,false,,false,,false,,false,,1.671428571,0.01428571429,5,0.01428571429,5,0.1714285714,,64,977.1428571,50
EUR/USD,1h,EUR/USD_2025-07-01,supply,newer,2025-04-24T02:13:00Z,S2_CLOSE_INVALIDATION,-1.106571936,-1.04973357,S2_CLOSE_INVALIDATION,false,1.380106572,0.865008881,352,209,true,8,true,91,false,,false,,false,,0.09769094139,0.1936056838,0.09769094139,0.3143872114,0.09769094139,0.3143872114,124,467,238.0106572,465
EUR/USD,1h,EUR/USD_2025-07-01,supply,newer,2025-04-29T08:00:00Z,TARGET,1.894736842,2,TARGET,true,0.5197368421,2,1,258,true,6,true,12,true,13,true,133,true,258,0.5197368421,0,0.5197368421,1.282894737,0.5197368421,1.282894737,130,258,151.9736842,259
EUR/USD,1h,EUR/USD_2025-07-01,supply,newer,2025-04-29T15:10:00Z,TARGET,1.894736842,2,TARGET,true,1.203947368,2,75,643,true,1,true,3,true,168,true,181,true,643,0.1052631579,0.5,0.1052631579,0.5789473684,0.2434210526,0.5789473684,9,643,220.3947368,574
EUR/USD,1h,EUR/USD_2025-07-01,demand,newer,2025-05-01T05:29:00Z,TARGET,1.68627451,2,TARGET,true,0.07843137255,2,0,14,true,1,true,4,true,7,true,12,true,14,0.07843137255,0.5490196078,0.07843137255,2,0.07843137255,2,5,14,107.8431373,15
EUR/USD,1h,EUR/USD_2025-07-01,demand,newer,2025-05-01T06:00:00Z,TARGET,1.932346723,2,TARGET,true,1.401691332,2,587,1659,true,3,true,41,true,125,true,296,true,1659,0.03171247357,0.2642706131,0.03171247357,0.3742071882,0.03171247357,0.467230444,306,1659,240.1691332,1584
EUR/USD,1h,EUR/USD_2025-07-01,demand,newer,2025-05-02T17:43:00Z,TARGET,1.932346723,2,TARGET,true,0.3868921776,2,196,3412,true,0,true,3219,true,3242,true,3337,true,3412,0.01902748414,0.3699788584,0.01902748414,0.4926004228,0.01902748414,0.4926004228,54,3412,138.6892178,414
EUR/USD,1h,EUR/USD_2025-07-01,demand,newer,2025-05-05T17:59:00Z,TARGET,1.932346723,2,TARGET,true,0.8054968288,2,424,821,true,31,true,54,true,619,true,764,true,821,0.09936575053,0.0866807611,0.09936575053,0.2389006342,0.09936575053,0.2389006342,169,821,180.5496829,773
EUR/USD,1h,EUR/USD_2025-07-01,supply,newer,2025-05-06T18:56:00Z,TARGET,1.874015748,2,TARGET,true,1.047244094,2,52,192,true,186,true,187,true,188,true,190,true,192,0.3385826772,0.04724409449,0.3937007874,0.1181102362,0.4566929134,0.1181102362,298,192,204.7244094,150
EUR/USD,1h,EUR/USD_2025-07-01,supply,newer,2025-05-07T07:00:00Z,TARGET,1.874015748,2,TARGET,true,0.4488188976,2,103,509,true,5,true,18,true,38,true,129,true,509,0.4330708661,0.2204724409,0.4330708661,0.4173228346,0.4330708661,0.7244094488,81,509,144.8818898,510
EUR/USD,1h,EUR/USD_2025-07-01,demand,newer,2025-05-07T17:19:00Z,TARGET,1.753846154,2,TARGET,true,0.7076923077,2,28,47,true,1,true,19,true,20,true,43,true,47,0.1692307692,0.3692307692,0.4923076923,0.3692307692,0.7076923077,1.046153846,16,47,170.7692308,48
EUR/USD,1h,EUR/USD_2025-07-01,demand,newer,2025-05-07T20:04:00Z,S2_CLOSE_INVALIDATION,-2.188160677,-2.1205074,S2_CLOSE_INVALIDATION,false,2.737843552,1.604651163,1193,428,true,53,true,58,true,292,true,356,false,,0.1162790698,0.0866807611,0.3192389006,0.0866807611,0.3192389006,0.1839323467,105,1196,373.7843552,1168
EUR/USD,1h,EUR/USD_2025-07-01,demand,newer,2025-05-12T10:40:00Z,TARGET,1.827027027,2,TARGET,true,1.010810811,2,8,36,true,0,true,12,true,32,true,35,true,36,0.6432432432,0.2972972973,1.010810811,0.6108108108,1.010810811,0.8054054054,8,36,201.0810811,37
EUR/USD,1h,EUR/USD_2025-07-01,demand,newer,2025-05-12T18:00:00Z,TARGET,1.827027027,2,TARGET,true,1.724324324,2,31,345,true,50,true,51,true,54,true,80,true,345,0.5135135135,0.005405405405,1.313513514,0.005405405405,1.497297297,0.005405405405,116,345,272.4324324,310
EUR/USD,1h,EUR/USD_2025-07-01,supply,newer,2025-05-13T04:00:00Z,S2_CLOSE_INVALIDATION,-1.579029734,-1.528951487,S2_CLOSE_INVALIDATION,false,1.591549296,0.5336463224,657,367,true,132,true,367,false,,false,,false,,0.1267605634,0,0.1267605634,0.04225352113,0.1267605634,0.151799687,683,660,259.1549296,659
EUR/USD,1h,EUR/USD_2025-07-01,supply,newer,2025-05-14T08:04:00Z,S2_CLOSE_INVALIDATION,-2.905405405,-2.689189189,S2_CLOSE_INVALIDATION,false,4.608108108,0.9594594595,105,10,true,0,true,1,false,,false,,false,,2.608108108,0.8783783784,2.608108108,0.9594594595,2.756756757,0.9594594595,1,116,560.8108108,116
EUR/USD,1h,EUR/USD_2025-07-01,supply,newer,2025-05-15T06:54:00Z,TARGET,1.876923077,2,TARGET,true,0.4461538462,2,5,52,true,7,true,9,true,28,true,41,true,52,0.3538461538,0.1461538462,0.4461538462,0.7461538462,0.4461538462,1.069230769,29,52,144.6153846,53
EUR/USD,1h,EUR/USD_2025-07-01,demand,newer,2025-05-15T21:22:00Z,TARGET,1.834196891,2,TARGET,true,0.2538860104,2,8,162,true,0,true,0,true,14,true,113,true,162,0.2331606218,0.9067357513,0.2538860104,1.155440415,0.2538860104,1.414507772,363,162,125.388601,152
EUR/USD,1h,EUR/USD_2025-07-01,demand,newer,2025-05-16T09:58:00Z,TARGET,1.36,2,TARGET,true,0,2,0,0,true,0,true,0,true,0,true,0,true,0,0,2,0,2,0,2,0,0,100,1
EUR/USD,1h,EUR/USD_2025-07-01,demand,newer,2025-05-16T11:53:00Z,TARGET,1.36,2,TARGET,true,0.72,2,2,12,true,0,true,4,true,5,true,5,true,12,0.72,0.88,0.72,2,0.72,2,2,12,172,13
EUR/USD,1h,EUR/USD_2025-07-01,supply,newer,2025-05-21T06:17:00Z,TARGET,1.95129376,2,TARGET,true,0.4733637747,2,670,1902,true,1,true,41,true,59,true,1513,true,1902,0.04414003044,0.2846270928,0.0898021309,0.2846270928,0.1933028919,0.3668188737,249,1902,147.3363775,1865
EUR/USD,1h,EUR/USD_2025-07-01,demand,newer,2025-05-22T14:51:00Z,TARGET,1.666666667,2,TARGET,true,2.145833333,2,21,36,true,0,true,0,true,0,true,34,true,35,0.2916666667,1.104166667,0.2916666667,1.416666667,2.145833333,1.416666667,1,36,314.5833333,37
EUR/USD,1h,EUR/USD_2025-07-01,demand,newer,2025-05-22T17:20:00Z,TARGET,1.847619048,2,TARGET,true,0.4285714286,2,8,94,true,1,true,26,true,42,true,83,true,94,0.1238095238,0.419047619,0.4285714286,0.419047619,0.4285714286,0.7428571429,24,94,142.8571429,94
EUR/USD,1h,EUR/USD_2025-07-01,supply,newer,2025-05-23T09:04:00Z,S2_CLOSE_INVALIDATION,-1.557077626,-1.508371385,S2_CLOSE_INVALIDATION,false,1.547945205,1.529680365,3834,185,true,3,true,161,true,168,true,168,false,,0.04718417047,0.2846270928,0.0502283105,0.2846270928,0.0502283105,0.2846270928,124,3836,254.7945205,836
EUR/USD,1h,EUR/USD_2025-07-01,demand,newer,2025-05-28T18:31:00Z,TARGET,1.632183908,2,TARGET,true,0.2643678161,2,2,21,true,2,true,8,true,16,true,21,true,21,0.2643678161,0.3103448276,0.2643678161,0.9310344828,0.2643678161,2,12,21,126.4367816,22
EUR/USD,1h,EUR/USD_2025-07-01,demand,newer,2025-05-29T01:00:00Z,TARGET,1.868312757,2,TARGET,true,1.032921811,2,4,319,true,8,true,24,true,38,true,101,true,319,1.032921811,0,1.032921811,0.4567901235,1.032921811,0.6790123457,39,319,203.2921811,320
EUR/USD,1h,EUR/USD_2025-07-01,supply,newer,2025-05-29T13:01:00Z,TARGET,1.817142857,2,TARGET,true,0.12,2,0,15,true,0,true,0,true,1,true,2,true,15,0.12,1.674285714,0.12,1.88,0.12,2,1,15,112,16
EUR/USD,1h,EUR/USD_2025-07-01,supply,newer,2025-05-29T15:07:00Z,S2_CLOSE_INVALIDATION,-1.548571429,-1.365714286,S2_CLOSE_INVALIDATION,false,2.382857143,0.5657142857,69,2,true,2,true,2,false,,false,,false,,0.06285714286,0.5657142857,0.5085714286,0.5657142857,1.251428571,0.5657142857,23,113,338.2857143,113
EUR/USD,1h,EUR/USD_2025-07-01,demand,newer,2025-06-02T03:31:00Z,TARGET,1.692307692,2,TARGET,true,0.3269230769,2,7,82,true,1,true,11,true,19,true,29,true,82,0.01923076923,0.4423076923,0.3269230769,0.5961538462,0.3269230769,1.576923077,5,82,132.6923077,83
EUR/USD,1h,EUR/USD_2025-07-01,supply,newer,2025-06-02T06:47:00Z,S2_CLOSE_INVALIDATION,-1.502057613,-1.37037037,S2_CLOSE_INVALIDATION,false,2.465020576,0.7283950617,65,8,true,1,true,7,false,,false,,false,,0.01234567901,0.4238683128,0.01234567901,0.7283950617,0.670781893,0.7283950617,18,73,346.5020576,73
EUR/USD,1h,EUR/USD_2025-07-01,supply,newer,2025-06-02T11:21:00Z,TARGET,1.771428571,2,TARGET,true,0.3714285714,2,6,31,true,9,true,10,true,13,true,22,true,31,0.3285714286,0.2285714286,0.3714285714,1.1,0.3714285714,1.957142857,24,31,137.1428571,32
EUR/USD,1h,EUR/USD_2025-07-01,supply,newer,2025-06-02T14:06:00Z,TARGET,1.865546218,2,TARGET,true,0.6806722689,2,30,145,true,1,true,2,true,58,true,110,true,145,0.1344537815,0.5210084034,0.1344537815,0.7394957983,0.5630252101,0.7394957983,7,145,168.0672269,146
EUR/USD,1h,EUR/USD_2025-07-01,supply,newer,2025-06-02T17:09:00Z,S2_CLOSE_INVALIDATION,-1.2,-1.085714286,S2_CLOSE_INVALIDATION,false,1.178571429,0.6928571429,110,20,true,1,true,18,false,,false,,false,,0.007142857143,0.2642857143,0.007142857143,0.4714285714,0.007142857143,0.6928571429,212,111,217.8571429,111
EUR/USD,1h,EUR/USD_2025-07-01,supply,newer,2025-06-02T20:00:00Z,TARGET,1.865546218,2,TARGET,true,1.042016807,2,240,401,true,59,true,65,true,321,true,363,true,401,0.2605042017,0.02521008403,0.2605042017,0.04201680672,0.3445378151,0.04201680672,139,401,204.2016807,384
EUR/USD,1h,EUR/USD_2025-07-01,demand,newer,2025-06-03T03:27:00Z,S2_CLOSE_INVALIDATION,-1.232258065,-1.025806452,S2_CLOSE_INVALIDATION,false,2.432258065,1.567741935,339,231,true,51,true,82,true,172,true,231,false,,0.2387096774,0.1483870968,0.4967741935,0.1483870968,0.5870967742,0.1483870968,110,393,343.2258065,392
EUR/USD,1h,EUR/USD_2025-07-01,demand,newer,2025-06-04T05:34:00Z,TARGET,1.692307692,2,TARGET,true,0.03846153846,2,0,10,true,0,true,1,true,2,true,6,true,10,0.03846153846,1.384615385,0.03846153846,2,0.03846153846,2,0,10,103.8461538,11
EUR/USD,1h,EUR/USD_2025-07-01,supply,newer,2025-06-05T12:30:00Z,TARGET,1.865546218,2,TARGET,true,0.5546218487,2,0,34,true,2,true,10,true,19,true,20,true,34,0.5546218487,0.268907563,0.5546218487,0.5042016807,0.5546218487,1.932773109,7,34,155.4621849,35
EUR/USD,1h,EUR/USD_2025-07-01,supply,newer,2025-06-09T03:15:00Z,TARGET,1.578947368,2,TARGET,true,0.1315789474,2,0,22,true,1,true,3,true,8,true,11,true,22,0.1315789474,0.6052631579,0.1315789474,1.842105263,0.1315789474,2,75,22,113.1578947,23
EUR/USD,1h,EUR/USD_2025-07-01,supply,newer,2025-06-09T05:50:00Z,S2_CLOSE_INVALIDATION,-2.131578947,-1.710526316,S2_CLOSE_INVALIDATION,false,2.342105263,0.9473684211,61,18,true,1,true,1,false,,false,,false,,0.3947368421,0.8947368421,0.9736842105,0.8947368421,1.052631579,0.9473684211,9,70,334.2105263,70
EUR/USD,1h,EUR/USD_2025-07-01,supply,newer,2025-06-09T15:41:00Z,TARGET,1.744,2,TARGET,true,1.992,2,521,595,true,1,true,4,true,30,true,586,true,595,0.04,0.552,0.12,0.696,0.36,0.92,22,595,299.2,549
EUR/USD,1h,EUR/USD_2025-07-01,supply,newer,2025-06-09T17:00:00Z,TARGET,1.744,2,TARGET,true,1.992,2,442,516,true,1,true,2,true,237,true,507,true,516,0.28,0.648,0.28,0.712,0.344,0.712,39,516,299.2,470
EUR/USD,1h,EUR/USD_2025-07-01,supply,newer,2025-06-10T10:43:00Z,S2_CLOSE_INVALIDATION,-1.417582418,-1.065934066,S2_CLOSE_INVALIDATION,false,2.252747253,1.131868132,72,22,true,1,true,2,true,5,false,,false,,0.1648351648,0.7582417582,0.1648351648,1.10989011,0.1648351648,1.131868132,8,77,325.2747253,77
EUR/USD,1h,EUR/USD_2025-07-01,supply,newer,2025-06-10T11:00:00Z,S2_CLOSE_INVALIDATION,-1.64,-1.384,S2_CLOSE_INVALIDATION,false,2.744,0.728,63,5,true,3,true,3,false,,false,,false,,0.216,0.712,0.328,0.728,1.432,0.728,44,120,374.4,120
EUR/USD,1h,EUR/USD_2025-07-01,supply,newer,2025-06-11T09:00:00Z,S2_CLOSE_INVALIDATION,-3.43715847,-3.262295082,S2_CLOSE_INVALIDATION,false,6.442622951,0.4972677596,216,151,true,148,false,,false,,false,,false,,0.8032786885,0.01639344262,1.229508197,0.01639344262,1.371584699,0.01639344262,206,240,744.2622951,240
EUR/USD,1h,EUR/USD_2025-07-01,supply,newer,2025-06-11T16:39:00Z,S2_CLOSE_INVALIDATION,-1.157303371,-1.037453184,S2_CLOSE_INVALIDATION,false,1.292134831,1.292134831,384,197,true,4,true,7,true,146,false,,false,,0.003745318352,0.2808988764,0.003745318352,0.5580524345,0.003745318352,0.6179775281,85,441,229.2134831,403
EUR/USD,1h,EUR/USD_2025-07-01,demand,newer,2025-06-13T05:23:00Z,TARGET,1.846889952,2,TARGET,true,0.95215311,2,11,43,true,15,true,16,true,17,true,39,true,43,0.9425837321,0.1387559809,0.95215311,0.2057416268,0.95215311,1.038277512,24,43,195.215311,44
EUR/USD,1h,EUR/USD_2025-07-01,demand,newer,2025-06-16T17:08:00Z,S2_CLOSE_INVALIDATION,-3.067567568,-2.851351351,S2_CLOSE_INVALIDATION,false,3,0.7162162162,170,111,true,8,true,12,false,,false,,false,,0.6081081081,0.1081081081,0.6081081081,0.5,0.6081081081,0.5135135135,51,172,400,170
EUR/USD,1h,EUR/USD_2025-07-01,demand,newer,2025-06-17T16:49:00Z,S2_CLOSE_INVALIDATION,-1.174757282,-1.097087379,S2_CLOSE_INVALIDATION,false,1.524271845,0.02912621359,57,1,false,,false,,false,,false,,false,,0.2330097087,0.02912621359,0.5388349515,0.02912621359,0.9029126214,0.02912621359,,71,252.4271845,71
EUR/USD,1h,EUR/USD_2025-07-01,demand,newer,2025-06-17T19:00:00Z,TARGET,1.604938272,2,TARGET,true,2.185185185,2,80,125,true,27,true,27,true,39,true,45,true,125,1.469135802,0,1.469135802,0,1.641975309,0.5555555556,75,125,318.5185185,124
EUR/USD,1h,EUR/USD_2025-07-01,supply,newer,2025-06-18T18:00:00Z,TARGET,1.818181818,2,TARGET,true,0,2,0,0,true,0,true,0,true,0,true,0,true,0,0,2,0,2,0,2,0,0,100,1
EUR/USD,1h,EUR/USD_2025-07-01,supply,newer,2025-06-19T09:01:00Z,TARGET,1.768115942,2,TARGET,true,1.347826087,2,154,347,true,3,true,8,true,10,true,130,true,347,0.2753623188,0.347826087,0.2753623188,1.086956522,0.2753623188,1.086956522,16,347,234.7826087,348
EUR/USD,1h,EUR/USD_2025-07-01,supply,newer,2025-06-19T17:49:00Z,S2_CLOSE_INVALIDATION,-3.101449275,-2.869565217,S2_CLOSE_INVALIDATION,false,3.188405797,0.4637681159,112,1,true,0,false,,false,,false,,false,,0.2173913043,0.4637681159,0.7246376812,0.4637681159,1.057971014,0.4637681159,4,131,418.8405797,121
EUR/USD,1h,EUR/USD_2025-07-01,supply,newer,2025-06-20T01:00:00Z,S2_CLOSE_INVALIDATION,-1.5234375,-1.3984375,S2_CLOSE_INVALIDATION,false,1.515625,1.8203125,958,826,true,12,true,60,true,800,true,822,false,,0.3984375,0,0.3984375,0.3125,0.40625,0.3125,115,960,251.5625,957
EUR/USD,1h,EUR/USD_2025-07-01,demand,newer,2025-06-20T19:52:00Z,S2_CLOSE_INVALIDATION,-3.6,-3.309090909,S2_CLOSE_INVALIDATION,false,5.836363636,1,3075,98,true,3,true,3,true,98,false,,false,,0.3090909091,0.9454545455,0.7636363636,0.9454545455,0.7636363636,0.9454545455,8,3128,683.6363636,128
EUR/USD,1h,EUR/USD_2025-07-01,demand,newer,2025-06-20T20:00:00Z,S2_CLOSE_INVALIDATION,-1.71627907,-1.56744186,S2_CLOSE_INVALIDATION,false,2.860465116,0.6372093023,3067,90,true,3,true,10,false,,false,,false,,0.2651162791,0.3581395349,0.2651162791,0.6,0.2651162791,0.6,31,3120,386.0465116,120
EUR/USD,1h,EUR/USD_2025-07-01,supply,newer,2025-06-23T14:20:00Z,S2_CLOSE_INVALIDATION,-1.956989247,-1.784946237,S2_CLOSE_INVALIDATION,false,3.204301075,1.139784946,146,137,true,1,true,29,true,137,false,,false,,0.06451612903,0.4623655914,1.204301075,0.4623655914,1.204301075,0.5268817204,11,160,420.4301075,160
EUR/USD,1h,EUR/USD_2025-07-01,supply,newer,2025-06-23T19:03:00Z,S2_CLOSE_INVALIDATION,-3.651162791,-3.279069767,S2_CLOSE_INVALIDATION,false,5.930232558,1.744186047,204,22,true,0,true,1,true,12,true,14,false,,0.06976744186,0.8604651163,0.06976744186,1.581395349,0.06976744186,1.744186047,5,237,693.0232558,190
EUR/USD,1h,EUR/USD_2025-07-01,supply,newer,2025-06-24T00:00:00Z,S2_CLOSE_INVALIDATION,-1.174311927,-1.027522936,S2_CLOSE_INVALIDATION,false,1.440366972,0.752293578,234,129,true,50,true,122,false,,false,,false,,0.6146788991,0.1009174312,0.6146788991,0.2293577982,0.6146788991,0.2293577982,167,240,244.0366972,240
EUR/USD,1h,EUR/USD_2025-07-01,demand,newer,2025-06-25T02:18:00Z,S2_CLOSE_INVALIDATION,-1.662207358,-1.555183946,S2_CLOSE_INVALIDATION,false,2.157190635,0.3511705686,336,3,true,2,false,,false,,false,,false,,0.110367893,0.3511705686,0.110367893,0.3511705686,0.1705685619,0.3511705686,,342,315.7190635,336
EUR/USD,1h,EUR/USD_2025-07-01,demand,newer,2025-06-25T09:27:00Z,TARGET,1.897763578,2,TARGET,true,0.3354632588,2,207,335,true,23,true,49,true,102,true,309,true,335,0.003194888179,0.2204472843,0.2204472843,0.2204472843,0.2204472843,0.3162939297,179,335,133.5463259,334
EUR/USD,1h,EUR/USD_2025-07-01,supply,newer,2025-06-25T16:01:00Z,S2_CLOSE_INVALIDATION,-2.963636364,-2.672727273,S2_CLOSE_INVALIDATION,false,3.054545455,0.2363636364,109,61,false,,false,,false,,false,,false,,0.5090909091,0.1454545455,1.018181818,0.1454545455,1.345454545,0.1454545455,,119,405.4545455,119
EUR/USD,1h,EUR/USD_2025-07-01,demand,newer,2025-06-26T05:00:00Z,TARGET,1.663157895,2,TARGET,true,2.768421053,2,76,113,true,32,true,102,true,106,true,113,true,113,1.947368421,0,1.947368421,0,1.947368421,0.0947368421,90,113,376.8421053,114
EUR/USD,1h,EUR/USD_2025-07-01,demand,newer,2025-06-26T19:19:00Z,S2_CLOSE_INVALIDATION,-2.07079646,-1.92920354,S2_CLOSE_INVALIDATION,false,2.123893805,0.7079646018,203,31,true,2,true,6,false,,false,,false,,0.04424778761,0.4513274336,0.04424778761,0.5663716814,0.04424778761,0.6371681416,15,221,312.3893805,196
EUR/USD,1h,EUR/USD_2025-07-01,demand,newer,2025-06-26T23:00:00Z,TARGET,1.663157895,2,TARGET,true,0.3263157895,2,0,15,true,0,true,1,true,2,true,3,true,15,0.3263157895,1.652631579,0.3263157895,1.757894737,0.3263157895,2,23,15,132.6315789,15
EUR/USD,1h,EUR/USD_2025-07-01,demand,newer,2025-06-27T02:40:00Z,TARGET,1.808383234,2,TARGET,true,0.07784431138,2,1,24,true,1,true,1,true,5,true,16,true,24,0.07784431138,0.9520958084,0.07784431138,1.491017964,0.07784431138,2,5,24,107.7844311,24
EUR/USD,1h,EUR/USD_2025-07-01,demand,newer,2025-06-27T06:06:00Z,TARGET,1.663157895,2,TARGET,true,0.2421052632,2,0,9,true,1,true,2,true,6,true,9,true,9,0.2421052632,0.6210526316,0.2421052632,2,0.2421052632,2,4,9,124.2105263,10
EUR/USD,1h,EUR/USD_2025-07-01,demand,newer,2025-06-30T08:27:00Z,TARGET,1.716814159,2,TARGET,true,0.6283185841,2,0,30,true,2,true,3,true,5,true,12,true,30,0.6283185841,0.7699115044,0.6283185841,1.796460177,0.6283185841,1.920353982,22,30,162.8318584,31
EUR/USD,1h,EUR/USD_2025-07-01,demand,newer,2025-06-30T10:05:00Z,TARGET,1.716814159,2,TARGET,true,0.185840708,2,3,57,true,0,true,9,true,20,true,55,true,57,0.185840708,0.3805309735,0.185840708,0.610619469,0.185840708,1.407079646,29,57,118.5840708,58
EUR/USD,1h,EUR/USD_2025-07-01,demand,newer,2025-06-30T12:10:00Z,TARGET,1.716814159,2,TARGET,true,1.778761062,2,31,127,true,1,true,2,true,110,true,120,true,127,0.3982300885,0.610619469,0.9646017699,0.610619469,1.637168142,0.610619469,9,127,277.8761062,127
EUR/USD,4h,EUR/USD_2025-07-01,demand,newer,2025-03-19T00:07:00Z,S2_CLOSE_INVALIDATION,-2.139364303,-2.061124694,S2_CLOSE_INVALIDATION,false,3.019559902,0.5354523227,456,153,true,125,true,149,false,,false,,false,,0.04156479218,0.08557457213,0.04645476773,0.1589242054,0.04645476773,0.2127139364,,473,401.9559902,473
EUR/USD,4h,EUR/USD_2025-07-01,demand,newer,2025-03-19T15:35:00Z,TARGET,1.876923077,2,TARGET,true,1.623076923,2,121,187,true,2,true,4,true,149,true,181,true,187,0.04615384615,0.5307692308,0.1076923077,0.5307692308,0.4769230769,0.5307692308,51,187,262.3076923,188
EUR/USD,4h,EUR/USD_2025-07-01,demand,newer,2025-03-20T07:29:00Z,S2_CLOSE_INVALIDATION,-2.546153846,-2.423076923,S2_CLOSE_INVALIDATION,false,3.7,0.3692307692,171,33,true,33,false,,false,,false,,false,,0.1230769231,0.1230769231,1.3,0.1230769231,1.3,0.1230769231,75,271,470,271
EUR/USD,4h,EUR/USD_2025-07-01,demand,newer,2025-03-21T08:19:00Z,S2_CLOSE_INVALIDATION,-1.305475504,-1.213256484,S2_CLOSE_INVALIDATION,false,1.829971182,1.956772334,454,227,true,29,true,38,true,206,true,221,false,,0.1700288184,0.181556196,0.2334293948,0.181556196,0.2391930836,0.2795389049,333,461,282.9971182,461
EUR/USD,4h,EUR/USD_2025-07-01,demand,newer,2025-03-24T13:51:00Z,S2_CLOSE_INVALIDATION,-1.142433234,-1.047477745,S2_CLOSE_INVALIDATION,false,1.605341246,1.59347181,1109,1381,true,26,true,28,true,35,true,1378,false,,0.6913946588,0,0.8160237389,0,0.8160237389,0.8516320475,32,2289,260.5341246,2271
EUR/USD,4h,EUR/USD_2025-07-01,supply,newer,2025-03-27T12:14:00Z,TARGET,1.822222222,2,TARGET,true,0.5111111111,2,33,101,true,5,true,6,true,42,true,66,true,101,0.02222222222,0.2444444444,0.02222222222,0.8888888889,0.4666666667,0.8888888889,31,101,151.1111111,102
EUR/USD,4h,EUR/USD_2025-07-01,supply,newer,2025-03-28T07:19:00Z,TARGET,1.822222222,2,TARGET,true,0.6888888889,2,11,71,true,25,true,26,true,36,true,61,true,71,0.2444444444,0.2222222222,0.6888888889,0.2222222222,0.6888888889,0.9888888889,47,71,168.8888889,72
EUR/USD,4h,EUR/USD_2025-07-01,demand,newer,2025-04-01T11:42:00Z,TARGET,1.902140673,2,TARGET,true,0.1559633028,2,0,1499,true,3,true,6,true,139,true,147,true,1499,0.1559633028,0.3639143731,0.1559633028,0.504587156,0.1559633028,0.5168195719,45,1499,115.5963303,1452
EUR/USD,4h,EUR/USD_2025-07-01,supply,newer,2025-04-02T20:17:00Z,TARGET,1.857142857,2,TARGET,true,1.09375,2,5,8,true,2,true,2,true,2,true,2,true,8,0.4553571429,1.558035714,1.09375,2,1.09375,2,3,8,209.375,9
EUR/USD,4h,EUR/USD_2025-07-01,demand,newer,2025-04-09T18:07:00Z,TARGET,1.931286236,2,TARGET,true,0.1814472837,2,12,36,true,2,true,5,true,23,true,28,true,36,0.07923555937,0.382864505,0.1814472837,0.5370410135,0.1814472837,1.618853339,5,36,118.1447284,37
EUR/USD,4h,EUR/USD_2025-07-01,supply,newer,2025-05-02T13:48:00Z,TARGET,1.904761905,2,TARGET,true,0.5357142857,2,13,96,true,5,true,27,true,80,true,93,true,96,0.4583333333,0,0.5357142857,0.4464285714,0.5357142857,0.75,17,96,153.5714286,97
EUR/USD,4h,EUR/USD_2025-07-01,demand,newer,2025-05-05T16:09:00Z,TARGET,1.9488,2,TARGET,true,0.6512,2,534,1327,true,23,true,169,true,873,true,936,true,1327,0.0144,0.168,0.0144,0.168,0.0176,0.2928,72,1327,165.12,1279
EUR/USD,4h,EUR/USD_2025-07-01,supply,newer,2025-05-12T00:49:00Z,TARGET,1.923076923,2,TARGET,true,0.2163461538,2,17,371,true,5,true,30,true,287,true,371,true,371,0.03365384615,0.1875,0.1490384615,0.3894230769,0.2163461538,0.4519230769,,371,121.6346154,372
EUR/USD,4h,EUR/USD_2025-07-01,supply,newer,2025-05-14T08:08:00Z,TARGET,1.923076923,2,TARGET,true,1.317307692,2,101,512,true,1,true,5,true,189,true,370,true,512,0.6057692308,0.3701923077,0.6057692308,0.6634615385,0.6586538462,0.6634615385,6,512,231.7307692,513
EUR/USD,4h,EUR/USD_2025-07-01,supply,newer,2025-05-19T07:34:00Z,S2_CLOSE_INVALIDATION,-2.240384615,-2.163461538,S2_CLOSE_INVALIDATION,false,2.403846154,1.019230769,200,1019,true,9,true,578,true,1019,false,,false,,0.1442307692,0.1009615385,0.1490384615,0.2788461538,0.3365384615,0.2788461538,22,2246,340.3846154,2189
EUR/USD,4h,EUR/USD_2025-07-01,supply,newer,2025-05-19T13:00:00Z,S2_CLOSE_INVALIDATION,-2.240384615,-2.163461538,S2_CLOSE_INVALIDATION,false,2.307692308,1.019230769,1918,693,true,179,true,252,true,693,false,,false,,0.8846153846,0,1.1875,0,1.230769231,0,518,1920,330.7692308,1863
EUR/USD,4h,EUR/USD_2025-07-01,supply,newer,2025-05-21T02:13:00Z,S2_CLOSE_INVALIDATION,-1.362369338,-1.25087108,S2_CLOSE_INVALIDATION,false,2.783972125,0.7351916376,497,401,true,1,true,4,false,,false,,false,,0.03832752613,0.512195122,0.03832752613,0.5609756098,0.03832752613,0.6167247387,11,887,378.3972125,887
EUR/USD,4h,EUR/USD_2025-07-01,demand,newer,2025-05-27T15:04:00Z,S2_CLOSE_INVALIDATION,-1.125628141,-1.085427136,S2_CLOSE_INVALIDATION,false,1.344221106,0.216080402,1493,566,false,,false,,false,,false,,false,,0.005025125628,0.09547738693,0.1532663317,0.09547738693,0.2738693467,0.09547738693,,1556,234.4221106,1523
EUR/USD,4h,EUR/USD_2025-07-01,demand,newer,2025-05-28T18:21:00Z,S2_CLOSE_INVALIDATION,-2.424657534,-2.351598174,S2_CLOSE_INVALIDATION,false,3.534246575,0.5159817352,324,219,true,31,true,170,false,,false,,false,,0.02739726027,0.1095890411,0.1552511416,0.1095890411,0.1552511416,0.1415525114,241,399,453.4246575,356
EUR/USD,4h,EUR/USD_2025-07-01,demand,newer,2025-05-29T05:14:00Z,TARGET,1.927272727,2,TARGET,true,0.6818181818,2,36,305,true,52,true,61,true,71,true,107,true,305,0.07272727273,0.08636363636,0.07272727273,0.2318181818,0.2363636364,0.2318181818,394,305,168.1818182,306
EUR/USD,4h,EUR/USD_2025-07-01,supply,newer,2025-06-12T01:00:00Z,S2_CLOSE_INVALIDATION,-1.205405405,-1.147747748,S2_CLOSE_INVALIDATION,false,1.234234234,0.2756756757,473,403,true,113,false,,false,,false,,false,,0.3117117117,0,0.3981981982,0,0.5783783784,0,373,480,223.4234234,478
EUR/USD,4h,EUR/USD_2025-07-01,demand,newer,2025-06-13T04:27:00Z,TARGET,1.862068966,2,TARGET,true,0.5431034483,2,67,98,true,2,true,3,true,37,true,39,true,98,0.3534482759,0.7068965517,0.3534482759,0.9051724138,0.3534482759,0.9568965517,17,98,154.3103448,99
EUR/USD,4h,EUR/USD_2025-07-01,demand,newer,2025-06-13T10:49:00Z,TARGET,1.846889952,2,TARGET,true,0.08133971292,2,0,57,true,1,true,1,true,2,true,10,true,57,0.08133971292,1.057416268,0.08133971292,1.688995215,0.08133971292,1.688995215,3,57,108.1339713,58
EUR/USD,4h,EUR/USD_2025-07-01,demand,newer,2025-06-17T21:00:00Z,TARGET,1.846889952,2,TARGET,true,1.459330144,2,113,556,true,10,true,225,true,270,true,395,true,556,1.248803828,0,1.248803828,0.2535885167,1.248803828,0.2631578947,213,556,245.9330144,542
EUR/USD,4h,EUR/USD_2025-07-01,demand,newer,2025-06-18T13:42:00Z,TARGET,1.846889952,2,TARGET,true,0.5311004785,2,18,22,true,1,true,3,true,21,true,22,true,22,0.07177033493,0.5980861244,0.07177033493,0.5980861244,0.5311004785,2,22,22,153.1100478,23
EUR/USD,4h,EUR/USD_2025-07-01,supply,newer,2025-06-23T06:00:00Z,TARGET,1.925058548,2,TARGET,true,0.2505854801,2,2,184,true,7,true,12,true,75,true,166,true,184,0.2505854801,0,0.2505854801,0.5737704918,0.2505854801,0.5737704918,61,184,125.058548,185
EUR/USD,4h,EUR/USD_2025-07-01,supply,newer,2025-06-23T16:46:00Z,S2_CLOSE_INVALIDATION,-2.031390135,-1.887892377,S2_CLOSE_INVALIDATION,false,2.282511211,1.457399103,227,15,true,1,true,2,true,9,false,,false,,0.130044843,0.7488789238,0.130044843,1.269058296,0.130044843,1.457399103,2,254,328.2511211,249
EUR/USD,4h,EUR/USD_2025-07-01,supply,newer,2025-06-24T01:00:00Z,S2_CLOSE_INVALIDATION,-1.559139785,-1.47311828,S2_CLOSE_INVALIDATION,false,2.446236559,0.9193548387,807,413,true,43,true,69,false,,false,,false,,0.1666666667,0.06989247312,0.4946236559,0.06989247312,0.4946236559,0.06989247312,220,960,344.6236559,960
EUR/USD,1h,EUR/USD_2025-11-01,supply,newer,2025-07-23T18:48:00Z,TARGET,1.782312925,2,TARGET,true,0.8367346939,2,539,729,true,2,true,39,true,126,true,354,true,729,0.02040816327,0.4013605442,0.04761904762,0.4013605442,0.156462585,0.4693877551,34,729,183.6734694,703
EUR/USD,1h,EUR/USD_2025-11-01,supply,newer,2025-07-24T13:52:00Z,TARGET,1.782312925,2,TARGET,true,2.006802721,2,15,81,true,0,true,32,true,35,true,63,true,81,0.4149659864,0.2653061224,1.870748299,0.4285714286,2.006802721,0.4285714286,6,81,300.6802721,82
EUR/USD,1h,EUR/USD_2025-11-01,supply,newer,2025-07-24T15:25:00Z,TARGET,1.782312925,2,TARGET,true,0.6462585034,2,9,61,true,11,true,12,true,13,true,36,true,61,0.4829931973,0.1156462585,0.6462585034,1.380952381,0.6462585034,1.380952381,15,61,164.6258503,62
EUR/USD,1h,EUR/USD_2025-11-01,supply,newer,2025-07-24T17:41:00Z,TARGET,1.782312925,2,TARGET,true,0.537414966,2,4,137,true,13,true,18,true,25,true,34,true,137,0.537414966,0.1700680272,0.537414966,0.4285714286,0.537414966,1.258503401,43,137,153.7414966,138
EUR/USD,1h,EUR/USD_2025-11-01,supply,newer,2025-07-24T20:00:00Z,TARGET,1.930434783,2,TARGET,true,0.3043478261,2,636,1025,true,46,true,84,true,860,true,917,true,1025,0.2608695652,0,0.2608695652,0,0.2608695652,0,,1025,130.4347826,999
EUR/USD,1h,EUR/USD_2025-11-01,supply,newer,2025-07-27T23:00:00Z,TARGET,1.930434783,2,TARGET,true,0.7086956522,2,76,510,true,172,true,376,true,440,true,445,true,510,0.1739130435,0,0.1739130435,0,0.247826087,0,3390,510,170.8695652,510
EUR/USD,1h,EUR/USD_2025-11-01,demand,newer,2025-07-28T09:36:00Z,TARGET,1.632183908,2,TARGET,true,0.8390804598,2,0,13,true,1,true,1,true,5,true,7,true,13,0.8390804598,0.908045977,0.8390804598,2,0.8390804598,2,2,13,183.908046,14
EUR/USD,1h,EUR/USD_2025-11-01,demand,newer,2025-07-28T11:33:00Z,TARGET,1.808383234,2,TARGET,true,0.05389221557,2,0,28,true,1,true,1,true,23,true,27,true,28,0.05389221557,0.6047904192,0.05389221557,0.7844311377,0.05389221557,2,18,28,105.3892216,29
EUR/USD,1h,EUR/USD_2025-11-01,supply,newer,2025-07-29T09:29:00Z,TARGET,1.773049645,2,TARGET,true,0.9290780142,2,61,97,true,7,true,18,true,24,true,94,true,97,0.4184397163,0.06382978723,0.4184397163,0.4184397163,0.4184397163,1.09929078,15,97,192.9078014,98
EUR/USD,1h,EUR/USD_2025-11-01,supply,newer,2025-07-31T14:44:00Z,TARGET,1.8,2,TARGET,true,0.825,2,10,66,true,0,true,1,true,41,true,60,true,66,0.1375,0.7875,0.825,0.7875,0.825,0.7875,6,66,182.5,67
EUR/USD,1h,EUR/USD_2025-11-01,supply,newer,2025-07-31T19:00:00Z,S2_CLOSE_INVALIDATION,-5.452655889,-5.378752887,S2_CLOSE_INVALIDATION,false,6.020785219,1.715935335,1075,1047,true,52,true,55,true,407,true,886,false,,0.09006928406,0.1547344111,0.1224018476,0.1547344111,0.1224018476,0.1547344111,1373,1080,702.0785219,1055
EUR/USD,1h,EUR/USD_2025-11-01,supply,newer,2025-08-01T13:35:00Z,TARGET,1.773049645,2,TARGET,true,0.304964539,2,2,3,true,2,true,2,true,2,true,3,true,3,0.304964539,2,0.304964539,2,0.304964539,2,2,3,130.4964539,4
EUR/USD,1h,EUR/USD_2025-11-01,supply,newer,2025-08-01T14:00:00Z,TARGET,1.80952381,2,TARGET,true,3.523809524,2,0,86,true,9,true,10,true,61,true,79,true,86,3.523809524,0,3.523809524,0.630952381,3.523809524,0.630952381,59,86,452.3809524,87
EUR/USD,1h,EUR/USD_2025-11-01,supply,newer,2025-08-01T16:13:00Z,TARGET,1.80952381,2,TARGET,true,0.6666666667,2,6,24,true,1,true,12,true,14,true,15,true,24,0.119047619,0.3928571429,0.6666666667,1.44047619,0.6666666667,2,39,24,166.6666667,25
EUR/USD,1h,EUR/USD_2025-11-01,supply,newer,2025-08-01T19:45:00Z,S2_CLOSE_INVALIDATION,-1.468085106,-1.241134752,S2_CLOSE_INVALIDATION,false,2.276595745,1.964539007,49,14,true,1,true,1,true,5,true,6,false,,0.09219858156,0.7021276596,0.09219858156,1.964539007,0.09219858156,1.964539007,3,135,327.6595745,77
EUR/USD,1h,EUR/USD_2025-11-01,supply,newer,2025-08-01T20:34:00Z,TARGET,1.584415584,2,TARGET,true,0.6623376623,2,0,7,true,1,true,1,true,3,true,7,true,7,0.6623376623,1.493506494,0.6623376623,2,0.6623376623,2,1,7,166.2337662,8
EUR/USD,1h,EUR/USD_2025-11-01,demand,newer,2025-08-04T05:00:00Z,S2_CLOSE_INVALIDATION,-1.620481928,-1.524096386,S2_CLOSE_INVALIDATION,false,1.71686747,1.018072289,1477,467,true,3,true,5,true,467,false,,false,,0.05421686747,0.4277108434,0.05421686747,0.6144578313,0.05421686747,0.6144578313,363,1500,271.686747,1446
EUR/USD,1h,EUR/USD_2025-11-01,demand,newer,2025-08-05T07:51:00Z,TARGET,1.879245283,2,TARGET,true,0.5471698113,2,228,423,true,1,true,3,true,18,true,369,true,423,0.1698113208,0.720754717,0.1698113208,0.9320754717,0.1698113208,1.098113208,5,423,154.7169811,424
EUR/USD,1h,EUR/USD_2025-11-01,demand,newer,2025-08-05T09:00:00Z,TARGET,1.879245283,2,TARGET,true,0.5471698113,2,159,354,true,13,true,16,true,144,true,300,true,354,0.3811320755,0.1471698113,0.3811320755,0.3132075472,0.3811320755,0.7735849057,86,354,154.7169811,355
EUR/USD,1h,EUR/USD_2025-11-01,supply,newer,2025-08-05T15:21:00Z,TARGET,1.604938272,2,TARGET,true,1.049382716,2,75,172,true,2,true,2,true,4,true,6,true,172,0.8024691358,1.098765432,0.8024691358,1.666666667,0.8024691358,1.814814815,10,172,204.9382716,173
EUR/USD,1h,EUR/USD_2025-11-01,supply,newer,2025-08-05T17:00:00Z,TARGET,1.604938272,2,TARGET,true,0.5061728395,2,21,73,true,2,true,2,true,2,true,50,true,73,0.2839506173,1.098765432,0.2839506173,1.098765432,0.5061728395,1.098765432,72,73,150.617284,74
EUR/USD,1h,EUR/USD_2025-11-01,supply,newer,2025-08-06T00:03:00Z,TARGET,1.604938272,2,TARGET,true,0.8765432099,2,3,31,true,8,true,8,true,9,true,19,true,31,0.8765432099,0,0.8765432099,1.12345679,0.8765432099,1.765432099,27,31,187.654321,30
EUR/USD,1h,EUR/USD_2025-11-01,supply,newer,2025-08-06T03:57:00Z,TARGET,1.604938272,2,TARGET,true,1.716049383,2,159,198,true,1,true,1,true,16,true,93,true,198,0.2345679012,0.7283950617,0.2345679012,0.9012345679,0.3333333333,1.12345679,8,198,271.6049383,196
EUR/USD,1h,EUR/USD_2025-11-01,supply,newer,2025-08-06T05:00:00Z,TARGET,1.604938272,2,TARGET,true,1.716049383,2,96,135,true,1,true,3,true,9,true,30,true,135,0.5061728395,0.5555555556,0.5061728395,1.469135802,0.5061728395,1.469135802,71,135,271.6049383,134
EUR/USD,1h,EUR/USD_2025-11-01,supply,newer,2025-08-06T15:09:00Z,S2_CLOSE_INVALIDATION,-1.350877193,-1.16374269,S2_CLOSE_INVALIDATION,false,1.935672515,1.923976608,156,31,true,3,true,28,true,28,true,31,false,,0.07602339181,0.3099415205,0.7894736842,0.3099415205,0.7894736842,1.140350877,9,171,293.5672515,171
EUR/USD,1h,EUR/USD_2025-11-01,supply,newer,2025-08-06T18:09:00Z,S2_CLOSE_INVALIDATION,-1.917647059,-1.729411765,S2_CLOSE_INVALIDATION,false,2.4,0.8117647059,625,414,true,9,true,149,false,,false,,false,,0.2588235294,0,0.4823529412,0.4941176471,1.035294118,0.4941176471,51,651,340,620
EUR/USD,1h,EUR/USD_2025-11-01,supply,newer,2025-08-07T08:00:00Z,TARGET,1.832460733,2,TARGET,true,1.921465969,2,4,188,true,17,true,20,true,117,true,131,true,188,1.921465969,0,1.921465969,0.02617801047,1.921465969,0.5183246073,122,188,292.1465969,188
EUR/USD,1h,EUR/USD_2025-11-01,demand,newer,2025-08-08T09:21:00Z,TARGET,1.91184573,2,TARGET,true,0.2286501377,2,83,3932,true,16,true,27,true,188,true,287,true,3932,0.01928374656,0.1845730028,0.173553719,0.2231404959,0.173553719,0.5592286501,67,3932,122.8650138,919
EUR/USD,1h,EUR/USD_2025-11-01,demand,newer,2025-08-11T11:36:00Z,S2_CLOSE_INVALIDATION,-2.019283747,-1.931129477,S2_CLOSE_INVALIDATION,false,2.344352617,0.07988980716,193,4,false,,false,,false,,false,,false,,0.1845730028,0.07988980716,0.4104683196,0.07988980716,0.520661157,0.07988980716,,204,334.4352617,204
EUR/USD,1h,EUR/USD_2025-11-01,supply,newer,2025-08-12T12:41:00Z,TARGET,1.80952381,2,TARGET,true,0.5357142857,2,3,12,true,1,true,1,true,4,true,10,true,12,0.5357142857,1.047619048,0.5357142857,2,0.5357142857,2,2,12,153.5714286,13
EUR/USD,1h,EUR/USD_2025-11-01,supply,newer,2025-08-12T14:00:00Z,S2_CLOSE_INVALIDATION,-2.75,-2.55952381,S2_CLOSE_INVALIDATION,false,5.380952381,1.285714286,104,16,true,12,true,13,true,16,false,,false,,1.011904762,0,1.011904762,0.7976190476,1.011904762,1.285714286,28,120,638.0952381,120
EUR/USD,1h,EUR/USD_2025-11-01,supply,newer,2025-08-12T17:46:00Z,S2_CLOSE_INVALIDATION,-1.45026178,-1.282722513,S2_CLOSE_INVALIDATION,false,1.785340314,1.712041885,790,57,true,1,true,6,true,15,true,43,false,,0.01570680628,0.4869109948,0.01570680628,0.9685863874,0.01570680628,1.094240838,90,794,278.5340314,733
EUR/USD,1h,EUR/USD_2025-11-01,demand,newer,2025-08-13T16:19:00Z,S2_CLOSE_INVALIDATION,-2.012048193,-1.883534137,S2_CLOSE_INVALIDATION,false,1.979919679,0.5261044177,880,544,true,6,true,539,false,,false,,false,,0.1164658635,0.156626506,0.1164658635,0.3654618474,0.1164658635,0.437751004,360,881,297.9919679,837
EUR/USD,1h,EUR/USD_2025-11-01,demand,newer,2025-08-14T09:00:00Z,TARGET,1.779310345,2,TARGET,true,0.7931034483,2,0,81,true,3,true,6,true,10,true,14,true,81,0.7931034483,0.2965517241,0.7931034483,1.510344828,0.7931034483,1.910344828,27,81,179.3103448,82
EUR/USD,1h,EUR/USD_2025-11-01,demand,newer,2025-08-20T00:04:00Z,S2_CLOSE_INVALIDATION,-1.538461538,-1.333333333,S2_CLOSE_INVALIDATION,false,1.423076923,0.5384615385,105,56,true,52,true,56,false,,false,,false,,0.5128205128,0,0.8846153846,0,0.8846153846,0,113,116,242.3076923,114
EUR/USD,1h,EUR/USD_2025-11-01,supply,newer,2025-08-20T08:01:00Z,TARGET,1.652173913,2,TARGET,true,0,2,0,26,true,0,true,0,true,13,true,17,true,26,0,0.7608695652,0,1.304347826,0,2,6,26,100,27
EUR/USD,1h,EUR/USD_2025-11-01,supply,newer,2025-08-20T10:02:00Z,S2_CLOSE_INVALIDATION,-5.434782609,-5.086956522,S2_CLOSE_INVALIDATION,false,5.847826087,1.586956522,174,114,true,1,true,3,true,66,true,114,false,,0.0652173913,0.8260869565,1.673913043,0.8260869565,2.065217391,0.8260869565,25,178,684.7826087,177
EUR/USD,1h,EUR/USD_2025-11-01,demand,newer,2025-08-21T19:00:00Z,S2_CLOSE_INVALIDATION,-2.333333333,-2.158469945,S2_CLOSE_INVALIDATION,false,2.289617486,0.8142076503,537,325,true,120,true,145,false,,false,,false,,0.1693989071,0.02732240437,0.2131147541,0.1038251366,0.4754098361,0.1256830601,321,540,328.9617486,498
EUR/USD,1h,EUR/USD_2025-11-01,supply,newer,2025-08-22T16:11:00Z,S2_CLOSE_INVALIDATION,-1.865497076,-1.678362573,S2_CLOSE_INVALIDATION,false,2.415204678,0.8245614035,98,44,true,2,true,13,false,,false,,false,,0.1111111111,0.298245614,0.2631578947,0.7192982456,0.4970760234,0.7192982456,82,109,341.5204678,109
EUR/USD,1h,EUR/USD_2025-11-01,demand,newer,2025-08-26T08:22:00Z,TARGET,1.855855856,2,TARGET,true,0.2342342342,2,1,53,true,3,true,5,true,18,true,45,true,53,0.2342342342,0.3693693694,0.2342342342,0.954954955,0.2342342342,1.207207207,6,53,123.4234234,54
EUR/USD,1h,EUR/USD_2025-11-01,demand,newer,2025-08-27T07:43:00Z,TARGET,1.561643836,2,TARGET,true,0.01369863014,2,0,4,true,0,true,0,true,1,true,3,true,4,0.01369863014,2,0.01369863014,2,0.01369863014,2,7,4,101.369863,5
EUR/USD,1h,EUR/USD_2025-11-01,supply,newer,2025-08-27T20:59:00Z,S2_CLOSE_INVALIDATION,-1.952380952,-1.734693878,S2_CLOSE_INVALIDATION,false,2.006802721,1.761904762,314,4,true,1,true,1,true,1,true,3,false,,0.1156462585,1.761904762,0.1156462585,1.761904762,0.1156462585,1.761904762,64,361,300.6802721,340
EUR/USD,1h,EUR/USD_2025-11-01,supply,newer,2025-08-28T03:00:00Z,TARGET,1.83919598,2,TARGET,true,0.3567839196,2,13,310,true,24,true,39,true,61,true,156,true,310,0.2663316583,0.0351758794,0.3567839196,0.0351758794,0.3567839196,0.3668341709,293,310,135.678392,311
EUR/USD,1h,EUR/USD_2025-11-01,supply,newer,2025-08-28T09:35:00Z,S2_CLOSE_INVALIDATION,-2.145728643,-1.984924623,S2_CLOSE_INVALIDATION,false,2.447236181,0.5577889447,73,11,true,1,true,11,false,,false,,false,,0.08542713568,0.3266331658,0.3266331658,0.5577889447,0.3266331658,0.5577889447,44,85,344.7236181,85
EUR/USD,1h,EUR/USD_2025-11-01,demand,newer,2025-09-01T13:00:00Z,S2_CLOSE_INVALIDATION,-2.106796117,-1.796116505,S2_CLOSE_INVALIDATION,false,1.970873786,1.330097087,174,20,true,7,true,10,true,14,false,,false,,0.9805825243,0,0.9805825243,1.13592233,0.9805825243,1.330097087,54,180,297.0873786,179
EUR/USD,1h,EUR/USD_2025-11-01,demand,newer,2025-09-01T21:00:00Z,TARGET,1.733333333,2,TARGET,true,0.2666666667,2,1,169,true,0,true,0,true,5,true,74,true,169,0.2666666667,0.9333333333,0.2666666667,1.116666667,0.2666666667,1.15,12,169,126.6666667,139
EUR/USD,1h,EUR/USD_2025-11-01,demand,newer,2025-09-02T00:49:00Z,S2_CLOSE_INVALIDATION,-2.538461538,-1.923076923,S2_CLOSE_INVALIDATION,false,4.423076923,1.769230769,87,41,true,0,true,0,true,1,true,6,false,,0.1923076923,1.384615385,0.5384615385,1.576923077,1.192307692,1.576923077,7,131,542.3076923,130
EUR/USD,1h,EUR/USD_2025-11-01,demand,newer,2025-09-02T02:15:00Z,TARGET,1.666666667,2,TARGET,true,1.166666667,2,195,256,true,1,true,2,true,24,true,236,true,256,0.1875,0.625,0.1875,0.8125,0.1875,1.375,7,256,216.6666667,252
EUR/USD,1h,EUR/USD_2025-11-01,demand,newer,2025-09-02T04:05:00Z,TARGET,1.666666667,2,TARGET,true,1.166666667,2,85,146,true,3,true,33,true,64,true,126,true,146,0.1666666667,0.25,0.5208333333,0.25,0.5625,0.3125,66,146,216.6666667,144
EUR/USD,1h,EUR/USD_2025-11-01,demand,newer,2025-09-02T08:07:00Z,TARGET,1.438596491,2,TARGET,true,0,2,0,0,true,0,true,0,true,0,true,0,true,0,0,2,0,2,0,2,1,0,100,1
EUR/USD,1h,EUR/USD_2025-11-01,demand,newer,2025-09-02T09:09:00Z,S2_CLOSE_INVALIDATION,-2.409090909,-2.227272727,S2_CLOSE_INVALIDATION,false,3.045454545,1.863636364,225,176,true,2,true,57,true,166,true,176,false,,0.2045454545,0.375,1.522727273,0.375,1.522727273,0.375,6,231,404.5454545,231
EUR/USD,1h,EUR/USD_2025-11-01,supply,newer,2025-09-05T14:02:00Z,TARGET,1.930434783,2,TARGET,true,0.252173913,2,119,3418,true,4,true,5,true,31,true,262,true,3418,0.2434782609,0.2695652174,0.2434782609,0.547826087,0.2434782609,0.8956521739,27,3418,125.2173913,438
EUR/USD,1h,EUR/USD_2025-11-01,supply,newer,2025-09-08T13:14:00Z,S2_CLOSE_INVALIDATION,-1.143478261,-1.073913043,S2_CLOSE_INVALIDATION,false,1.182608696,0.8347826087,1001,207,true,7,true,66,false,,false,,false,,0.01304347826,0.247826087,0.01304347826,0.2608695652,0.09565217391,0.2608695652,41,1006,218.2608696,993
EUR/USD,1h,EUR/USD_2025-11-01,supply,newer,2025-09-09T06:00:00Z,TARGET,1.782312925,2,TARGET,true,0.8503401361,2,0,45,true,5,true,27,true,30,true,44,true,45,0.8503401361,0,0.8503401361,0.3469387755,0.8503401361,0.9863945578,117,45,185.0340136,46
EUR/USD,1h,EUR/USD_2025-11-01,demand,newer,2025-09-09T11:58:00Z,TARGET,1.751937984,2,TARGET,true,2.178294574,2,42,122,true,1,true,11,true,99,true,122,true,122,1.07751938,0.3798449612,1.07751938,0.7054263566,1.07751938,0.7054263566,21,122,317.8294574,123
EUR/USD,1h,EUR/USD_2025-11-01,demand,newer,2025-09-09T13:00:00Z,TARGET,1.751937984,2,TARGET,true,1.217054264,2,1,60,true,28,true,37,true,37,true,60,true,60,1.217054264,0,1.217054264,0,1.217054264,0.3178294574,110,60,221.7054264,61
EUR/USD,1h,EUR/USD_2025-11-01,supply,newer,2025-09-10T09:48:00Z,TARGET,1.640449438,2,TARGET,true,0.5056179775,2,2,30,true,4,true,11,true,18,true,21,true,30,0.5056179775,0.2808988764,0.5056179775,0.6853932584,0.5056179775,1.943820225,9,30,150.5617978,31
EUR/USD,1h,EUR/USD_2025-11-01,demand,newer,2025-09-11T11:00:00Z,TARGET,1.774647887,2,TARGET,true,2.971830986,2,76,90,true,4,true,10,true,90,true,90,true,90,0.3802816901,0.3098591549,0.3802816901,0.8309859155,0.3802816901,0.8309859155,125,90,397.1830986,91
EUR/USD,1h,EUR/USD_2025-11-01,supply,newer,2025-09-11T15:20:00Z,TARGET,1.802469136,2,TARGET,true,0.5432098765,2,2,639,true,8,true,8,true,17,true,148,true,639,0.5432098765,0.02469135802,0.5432098765,0.8518518519,0.5432098765,1.395061728,18,639,154.3209877,623
EUR/USD,1h,EUR/USD_2025-11-01,supply,newer,2025-09-15T07:33:00Z,S2_CLOSE_INVALIDATION,-1.555555556,-1.358024691,S2_CLOSE_INVALIDATION,false,2.617283951,1.432098765,178,69,true,10,true,11,true,12,false,,false,,0.3209876543,0.01234567901,0.3209876543,1.333333333,0.3209876543,1.333333333,34,207,361.7283951,207
EUR/USD,1h,EUR/USD_2025-11-01,supply,newer,2025-09-15T09:09:00Z,S2_CLOSE_INVALIDATION,-1.555555556,-1.358024691,S2_CLOSE_INVALIDATION,false,2.617283951,0.4197530864,82,3,true,2,false,,false,,false,,false,,0.03703703704,0.4197530864,0.2592592593,0.4197530864,1.24691358,0.4197530864,25,111,361.7283951,111
EUR/USD,1h,EUR/USD_2025-11-01,supply,newer,2025-09-16T03:32:00Z,TARGET,1.475409836,2,TARGET,true,1.327868852,2,7,30,true,18,true,19,true,21,true,26,true,30,0.5409836066,0.1147540984,1.327868852,0.1803278689,1.327868852,1.754098361,19,30,232.7868852,31
EUR/USD,1h,EUR/USD_2025-11-01,supply,newer,2025-09-16T08:16:00Z,S2_CLOSE_INVALIDATION,-1.908045977,-1.724137931,S2_CLOSE_INVALIDATION,false,2.183908046,1.011494253,96,24,true,7,true,9,true,24,false,,false,,0.5402298851,0.2183908046,0.5402298851,0.7126436782,0.5402298851,1.011494253,82,104,318.3908046,104
EUR/USD,1h,EUR/USD_2025-11-01,demand,newer,2025-09-17T08:00:00Z,TARGET,1.82320442,2,TARGET,true,1.254143646,2,133,600,true,45,true,47,true,370,true,384,true,600,0.4585635359,0,0.4585635359,0,0.4585635359,0.1933701657,104,600,225.4143646,600
EUR/USD,1h,EUR/USD_2025-11-01,demand,newer,2025-09-18T04:34:00Z,S2_CLOSE_INVALIDATION,-1.156378601,-1.024691358,S2_CLOSE_INVALIDATION,false,1.411522634,0.2592592593,80,7,true,7,false,,false,,false,,false,,0.1028806584,0.1769547325,0.3086419753,0.2592592593,0.8353909465,0.2592592593,63,86,241.1522634,86
EUR/USD,1h,EUR/USD_2025-11-01,demand,newer,2025-09-18T13:38:00Z,TARGET,1.82320442,2,TARGET,true,1.662983425,2,7,85,true,24,true,25,true,28,true,53,true,85,1.430939227,0,1.662983425,0,1.662983425,1.055248619,28,85,266.2983425,86
EUR/USD,1h,EUR/USD_2025-11-01,demand,newer,2025-09-19T06:33:00Z,S2_CLOSE_INVALIDATION,-3.342541436,-3.165745856,S2_CLOSE_INVALIDATION,false,3.342541436,1.408839779,325,52,true,4,true,5,true,7,false,,false,,0.226519337,0.270718232,0.226519337,1.132596685,0.226519337,1.132596685,22,327,434.2541436,327
EUR/USD,1h,EUR/USD_2025-11-01,supply,newer,2025-09-19T17:00:00Z,S2_CLOSE_INVALIDATION,-1.978723404,-1.865248227,S2_CLOSE_INVALIDATION,false,1.872340426,1.666666667,3898,3356,true,148,true,195,true,3300,true,3351,false,,0.3546099291,0,0.3829787234,0.02836879433,0.3829787234,0.04964539007,389,3900,287.2340426,921
EUR/USD,1h,EUR/USD_2025-11-01,supply,newer,2025-09-22T12:45:00Z,TARGET,1.737704918,2,TARGET,true,0.2131147541,2,21,60,true,2,true,3,true,15,true,15,true,60,0.131147541,0.6885245902,0.131147541,0.9016393443,0.2131147541,1.524590164,12,60,121.3114754,61
EUR/USD,1h,EUR/USD_2025-11-01,supply,newer,2025-09-22T16:16:00Z,S2_CLOSE_INVALIDATION,-1.950819672,-1.68852459,S2_CLOSE_INVALIDATION,false,1.721311475,0.2786885246,103,30,true,30,false,,false,,false,,false,,0.5081967213,0.1967213115,0.606557377,0.1967213115,0.606557377,0.2131147541,35,104,272.1311475,104
EUR/USD,1h,EUR/USD_2025-11-01,demand,newer,2025-09-23T06:04:00Z,TARGET,1.766423358,2,TARGET,true,2.532846715,2,71,197,true,3,true,41,true,42,true,191,true,197,0.197080292,0.2554744526,0.7080291971,0.2554744526,0.8394160584,0.3138686131,27,197,353.2846715,198
EUR/USD,1h,EUR/USD_2025-11-01,demand,newer,2025-09-23T10:25:00Z,TARGET,1.766423358,2,TARGET,true,1.671532847,2,207,421,true,39,true,43,true,156,true,355,true,421,0.4744525547,0.02189781022,0.6642335766,0.2116788321,0.7372262774,0.2116788321,45,421,267.1532847,421
EUR/USD,1h,EUR/USD_2025-11-01,demand,newer,2025-09-24T02:00:00Z,S2_CLOSE_INVALIDATION,-2.086614173,-1.834645669,S2_CLOSE_INVALIDATION,false,2.023622047,0.905511811,295,181,true,8,true,14,false,,false,,false,,0.07086614173,0.1968503937,0.07086614173,0.5275590551,0.1811023622,0.7637795276,74,300,302.3622047,298
EUR/USD,1h,EUR/USD_2025-11-01,demand,newer,2025-09-24T07:00:00Z,S2_CLOSE_INVALIDATION,-1.779342723,-1.629107981,S2_CLOSE_INVALIDATION,false,2.145539906,0.5117370892,110,2,true,2,true,2,false,,false,,false,,0.1830985915,0.5117370892,0.4460093897,0.5117370892,0.4460093897,0.5117370892,55,120,314.5539906,120
EUR/USD,1h,EUR/USD_2025-11-01,demand,newer,2025-09-24T13:44:00Z,TARGET,1.492063492,2,TARGET,true,0.04761904762,2,0,4,true,1,true,1,true,2,true,3,true,4,0.04761904762,2,0.04761904762,2,0.04761904762,2,13,4,104.7619048,5
EUR/USD,1h,EUR/USD_2025-11-01,demand,newer,2025-09-24T16:57:00Z,TARGET,1.492063492,2,TARGET,true,0.04761904762,2,0,9,true,1,true,1,true,4,true,7,true,9,0.04761904762,1.222222222,0.04761904762,2,0.04761904762,2,10,9,104.7619048,10
EUR/USD,1h,EUR/USD_2025-11-01,demand,newer,2025-09-25T15:10:00Z,TARGET,1.584415584,2,TARGET,true,0.3766233766,2,0,6,true,1,true,2,true,3,true,4,true,6,0.3766233766,1.597402597,0.3766233766,2,0.3766233766,2,7,6,137.6623377,7
EUR/USD,1h,EUR/USD_2025-11-01,demand,newer,2025-09-25T16:00:00Z,S2_CLOSE_INVALIDATION,-2.62295082,-2.360655738,S2_CLOSE_INVALIDATION,false,3.229508197,1.868852459,91,12,true,3,true,6,true,7,true,11,false,,0.1803278689,0.4590163934,0.1803278689,1.868852459,0.1803278689,1.868852459,42,120,422.9508197,120
EUR/USD,1h,EUR/USD_2025-11-01,supply,newer,2025-09-29T12:57:00Z,TARGET,1.466666667,2,TARGET,true,0.2333333333,2,1,5,true,0,true,0,true,5,true,5,true,5,0.2333333333,0.9666666667,0.2333333333,2,0.2333333333,2,1,5,123.3333333,6
EUR/USD,1h,EUR/USD_2025-11-01,supply,newer,2025-10-01T04:48:00Z,S2_CLOSE_INVALIDATION,-1.916201117,-1.737430168,S2_CLOSE_INVALIDATION,false,2.508379888,0.1620111732,115,76,false,,false,,false,,false,,false,,0.4636871508,0,1.636871508,0,1.636871508,0,,132,350.8379888,132
EUR/USD,1h,EUR/USD_2025-11-01,supply,newer,2025-10-01T12:18:00Z,TARGET,1.866108787,2,TARGET,true,0.489539749,2,1,123,true,2,true,2,true,6,true,23,true,123,0.489539749,0.5564853556,0.489539749,1.317991632,0.489539749,1.585774059,4,123,148.9539749,124
EUR/USD,1h,EUR/USD_2025-11-01,supply,newer,2025-10-01T14:04:00Z,TARGET,1.866108787,2,TARGET,true,0.02092050209,2,0,17,true,0,true,2,true,3,true,8,true,17,0.02092050209,1.117154812,0.02092050209,1.90376569,0.02092050209,2,63,17,102.0920502,18
EUR/USD,1h,EUR/USD_2025-11-01,demand,newer,2025-10-01T16:00:00Z,TARGET,1.818181818,2,TARGET,true,1.045454545,2,44,846,true,63,true,75,true,134,true,149,true,846,0.9318181818,0,0.9318181818,0.2159090909,0.9318181818,0.2159090909,106,846,204.5454545,821
EUR/USD,1h,EUR/USD_2025-11-01,demand,newer,2025-10-02T12:57:00Z,S2_CLOSE_INVALIDATION,-1.661921708,-1.548042705,S2_CLOSE_INVALIDATION,false,2.153024911,0.6014234875,118,34,true,3,true,12,false,,false,,false,,0.06049822064,0.3238434164,0.06049822064,0.5729537367,0.09608540925,0.5729537367,35,123,315.3024911,123
EUR/USD,1h,EUR/USD_2025-11-01,demand,newer,2025-10-05T22:10:00Z,TARGET,1.604938272,2,TARGET,true,1.543209877,2,197,223,true,1,true,5,true,5,true,219,true,223,0.1358024691,0.3827160494,0.1358024691,1.074074074,0.1358024691,1.074074074,6,223,254.3209877,181
EUR/USD,1h,EUR/USD_2025-11-01,demand,newer,2025-10-06T00:00:00Z,TARGET,1.604938272,2,TARGET,true,1.543209877,2,87,113,true,5,true,5,true,102,true,109,true,113,1.419753086,0.2098765432,1.419753086,0.6049382716,1.419753086,0.6049382716,120,113,254.3209877,114
EUR/USD,1h,EUR/USD_2025-11-01,demand,newer,2025-10-06T05:14:00Z,S2_CLOSE_INVALIDATION,-5.639175258,-5.309278351,S2_CLOSE_INVALIDATION,false,6.010309278,0.03092783505,96,46,false,,false,,false,,false,,false,,0.793814433,0,0.793814433,0,1.082474227,0,,106,701.0309278,106
EUR/USD,1h,EUR/USD_2025-11-01,supply,newer,2025-10-07T04:17:00Z,TARGET,1.85840708,2,TARGET,true,0.1592920354,2,7,111,true,16,true,26,true,31,true,66,true,111,0.07079646018,0.03539823009,0.1592920354,0.2212389381,0.1592920354,0.8407079646,889,111,115.9292035,112
EUR/USD,1h,EUR/USD_2025-11-01,demand,newer,2025-10-08T01:30:00Z,S2_CLOSE_INVALIDATION,-2.325,-1.925,S2_CLOSE_INVALIDATION,false,2.725,0.675,195,7,true,1,true,5,false,,false,,false,,0.1,0.325,0.15,0.675,0.2,0.675,4,210,372.5,209
EUR/USD,1h,EUR/USD_2025-11-01,supply,newer,2025-10-08T19:00:00Z,S2_CLOSE_INVALIDATION,-1.215613383,-1.096654275,S2_CLOSE_INVALIDATION,false,1.096654275,0.05576208178,180,9,false,,false,,false,,false,,false,,0.219330855,0,0.219330855,0.05576208178,0.219330855,0.05576208178,,240,209.6654275,229
EUR/USD,1h,EUR/USD_2025-11-01,supply,newer,2025-10-08T23:00:00Z,S2_CLOSE_INVALIDATION,-1.222222222,-1.035087719,S2_CLOSE_INVALIDATION,false,1.350877193,0.9298245614,229,60,true,22,true,60,false,,false,,false,,0.005847953216,0.1461988304,0.1695906433,0.1461988304,0.1695906433,0.4619883041,130,300,235.0877193,299
EUR/USD,1h,EUR/USD_2025-11-01,demand,newer,2025-10-13T13:01:00Z,TARGET,1.773049645,2,TARGET,true,1.794326241,2,689,889,true,7,true,8,true,46,true,203,true,889,0.1773049645,0.2340425532,0.4326241135,0.7730496454,0.4326241135,0.7730496454,77,889,279.4326241,864
EUR/USD,1h,EUR/USD_2025-11-01,supply,newer,2025-10-14T04:50:00Z,TARGET,1.762962963,2,TARGET,true,0.3333333333,2,51,93,true,10,true,11,true,23,true,80,true,93,0.0962962963,0.2296296296,0.1703703704,0.5111111111,0.1703703704,1.074074074,28,93,133.3333333,94
EUR/USD,1h,EUR/USD_2025-11-01,supply,newer,2025-10-14T14:40:00Z,S2_CLOSE_INVALIDATION,-2.6,-2.362962963,S2_CLOSE_INVALIDATION,false,2.496296296,0.837037037,79,9,true,1,true,9,false,,false,,false,,0.05185185185,0.362962963,0.7333333333,0.837037037,0.8962962963,0.837037037,7,80,349.6296296,80
EUR/USD,1h,EUR/USD_2025-11-01,supply,newer,2025-10-14T21:12:00Z,TARGET,1.716814159,2,TARGET,true,0.0796460177,2,0,168,true,1,true,2,true,71,true,108,true,168,0.0796460177,0.6460176991,0.0796460177,0.8761061947,0.0796460177,0.8761061947,1,168,107.9646018,168
EUR/USD,1h,EUR/USD_2025-11-01,supply,newer,2025-10-15T01:21:00Z,S2_CLOSE_INVALIDATION,-2.054545455,-1.472727273,S2_CLOSE_INVALIDATION,false,2.527272727,0.9272727273,93,19,true,18,true,18,false,,false,,false,,1.436363636,0,1.436363636,0.05454545455,1.436363636,0.9272727273,21,99,352.7272727,99
EUR/USD,1h,EUR/USD_2025-11-01,demand,newer,2025-10-15T12:00:00Z,TARGET,1.561643836,2,TARGET,true,2.753424658,2,64,99,true,3,true,3,true,3,true,26,true,99,0.6438356164,1.246575342,0.6438356164,1.246575342,0.6438356164,1.630136986,14,99,375.3424658,100
EUR/USD,1h,EUR/USD_2025-11-01,demand,newer,2025-10-15T14:38:00Z,TARGET,1.561643836,2,TARGET,true,0.5616438356,2,29,39,true,1,true,3,true,10,true,37,true,39,0.1780821918,0.5342465753,0.2876712329,1.465753425,0.5616438356,1.465753425,11,39,156.1643836,40
EUR/USD,1h,EUR/USD_2025-11-01,supply,newer,2025-10-15T15:43:00Z,TARGET,1.36,2,TARGET,true,0.96,2,3,6,true,1,true,1,true,5,true,5,true,6,0.96,0.72,0.96,2,0.96,2,3,6,196,7
EUR/USD,1h,EUR/USD_2025-11-01,supply,newer,2025-10-15T19:59:00Z,S2_CLOSE_INVALIDATION,-1.68,-1.04,S2_CLOSE_INVALIDATION,false,1.28,0.56,10,49,true,18,true,49,false,,false,,false,,0.76,0.16,1.28,0.16,1.28,0.48,21,61,228,61
EUR/USD,1h,EUR/USD_2025-11-01,supply,newer,2025-10-16T02:00:00Z,TARGET,1.75,2,TARGET,true,0.8125,2,8,164,true,16,true,29,true,64,true,140,true,164,0.359375,0,0.8125,0,0.8125,0.53125,66,164,181.25,165
EUR/USD,1h,EUR/USD_2025-11-01,demand,newer,2025-10-16T07:30:00Z,TARGET,1.396226415,2,TARGET,true,0.1320754717,2,0,6,true,1,true,2,true,3,true,5,true,6,0.1320754717,1.490566038,0.1320754717,2,0.1320754717,2,7,6,113.2075472,7
EUR/USD,1h,EUR/USD_2025-11-01,supply,newer,2025-10-17T00:50:00Z,S2_CLOSE_INVALIDATION,-1.592920354,-1.451327434,S2_CLOSE_INVALIDATION,false,1.938053097,0.982300885,307,77,true,28,true,54,false,,false,,false,,0.4247787611,0,0.4247787611,0.1238938053,0.4247787611,0.4513274336,181,310,293.8053097,310
EUR/USD,1h,EUR/USD_2025-11-01,demand,newer,2025-10-17T10:58:00Z,TARGET,1.507692308,2,TARGET,true,0.2,2,0,8,true,1,true,1,true,3,true,4,true,8,0.2,1.892307692,0.2,2,0.2,2,5,8,120,9
EUR/USD,1h,EUR/USD_2025-11-01,demand,newer,2025-10-17T12:38:00Z,S2_CLOSE_INVALIDATION,-2.416666667,-2.226190476,S2_CLOSE_INVALIDATION,false,2.452380952,1.511904762,501,233,true,7,true,10,true,37,true,233,false,,0.2976190476,0.03571428571,0.2976190476,0.8095238095,0.2976190476,0.9761904762,35,502,345.2380952,502
EUR/USD,1h,EUR/USD_2025-11-01,supply,newer,2025-10-20T21:14:00Z,TARGET,1.73553719,2,TARGET,true,0.7685950413,2,220,324,true,2,true,2,true,8,true,289,true,324,0.07438016529,0.5867768595,0.07438016529,1.033057851,0.07438016529,1.033057851,6,324,176.8595041,325
EUR/USD,1h,EUR/USD_2025-11-01,demand,newer,2025-10-21T04:04:00Z,S2_CLOSE_INVALIDATION,-1.439393939,-1.196969697,S2_CLOSE_INVALIDATION,false,1.393939394,0.5454545455,114,61,true,52,true,61,false,,false,,false,,0.2272727273,0,0.2272727273,0.2121212121,0.2272727273,0.2121212121,140,116,239.3939394,116
EUR/USD,1h,EUR/USD_2025-11-01,demand,newer,2025-10-21T06:07:00Z,TARGET,1.561643836,2,TARGET,true,0.5068493151,2,0,31,true,1,true,1,true,2,true,16,true,31,0.5068493151,1.219178082,0.5068493151,1.219178082,0.5068493151,1.520547945,6,31,150.6849315,32
EUR/USD,1h,EUR/USD_2025-11-01,demand,newer,2025-10-21T08:05:00Z,S2_CLOSE_INVALIDATION,-2.561643836,-2.123287671,S2_CLOSE_INVALIDATION,false,3.821917808,1.876712329,135,30,true,0,true,0,true,1,true,2,false,,0.04109589041,1.630136986,0.2054794521,1.630136986,0.2054794521,1.767123288,5,235,482.1917808,235
EUR/USD,1h,EUR/USD_2025-11-01,demand,newer,2025-10-21T12:09:00Z,TARGET,1.619047619,2,TARGET,true,1.30952381,2,24,89,true,1,true,15,true,50,true,66,true,67,0.7857142857,0.4285714286,0.7857142857,0.4285714286,1.30952381,0.6428571429,13,89,230.952381,90
EUR/USD,1h,EUR/USD_2025-11-01,demand,newer,2025-10-21T14:03:00Z,TARGET,1.619047619,2,TARGET,true,0.4285714286,2,2,20,true,3,true,3,true,8,true,19,true,20,0.4285714286,0.7857142857,0.4285714286,1.261904762,0.4285714286,2,24,20,142.8571429,21
EUR/USD,1h,EUR/USD_2025-11-01,demand,newer,2025-10-21T18:00:00Z,S2_CLOSE_INVALIDATION,-2.047619048,-1.666666667,S2_CLOSE_INVALIDATION,false,1.80952381,0.1904761905,119,40,false,,false,,false,,false,,false,,0.880952381,0,0.880952381,0,0.9761904762,0,,120,280.952381,119
EUR/USD,1h,EUR/USD_2025-11-01,supply,newer,2025-10-21T21:18:00Z,TARGET,1.769784173,2,TARGET,true,0.8129496403,2,499,645,true,1,true,1,true,10,true,642,true,645,0.06474820144,0.5251798561,0.06474820144,1.100719424,0.06474820144,1.100719424,4,645,181.294964,642
EUR/USD,1h,EUR/USD_2025-11-01,supply,newer,2025-10-22T14:54:00Z,S2_CLOSE_INVALIDATION,-1.604316547,-1.374100719,S2_CLOSE_INVALIDATION,false,1.762589928,0,96,0,false,,false,,false,,false,,false,,0.6402877698,0,1.215827338,0,1.417266187,0,,126,276.2589928,126
EUR/USD,1h,EUR/USD_2025-11-01,demand,newer,2025-10-23T10:58:00Z,TARGET,1.5,2,TARGET,true,0.09375,2,18,37,true,0,true,0,true,5,true,34,true,37,0.0625,0.96875,0.0625,1.15625,0.09375,1.15625,1,37,109.375,38
EUR/USD,1h,EUR/USD_2025-11-01,supply,newer,2025-10-23T14:30:00Z,TARGET,1.632183908,2,TARGET,true,1.068965517,2,5,43,true,0,true,15,true,15,true,18,true,43,0.7701149425,0.4712643678,1.068965517,0.4712643678,1.068965517,1.735632184,0,43,206.8965517,44
EUR/USD,1h,EUR/USD_2025-11-01,supply,newer,2025-10-23T16:02:00Z,TARGET,1.632183908,2,TARGET,true,0.1264367816,2,0,44,true,2,true,9,true,9,true,41,true,44,0.1264367816,0.4712643678,0.1264367816,1.390804598,0.1264367816,1.413793103,10,44,112.6436782,45
EUR/USD,1h,EUR/USD_2025-11-01,demand,newer,2025-10-27T03:00:00Z,S2_CLOSE_INVALIDATION,-1.866666667,-1.511111111,S2_CLOSE_INVALIDATION,false,2.2,0.3555555556,111,4,true,1,false,,false,,false,,false,,0.04444444444,0.3555555556,0.1555555556,0.3555555556,0.2888888889,0.3555555556,53,120,320,120
EUR/USD,1h,EUR/USD_2025-11-01,demand,newer,2025-10-27T06:00:00Z,S2_CLOSE_INVALIDATION,-1.420289855,-1.188405797,S2_CLOSE_INVALIDATION,false,1.217391304,0.4927536232,119,36,true,6,false,,false,,false,,false,,0.2463768116,0.1014492754,0.2463768116,0.4057971014,0.3913043478,0.4057971014,238,120,221.7391304,120
EUR/USD,1h,EUR/USD_2025-11-01,supply,newer,2025-10-27T12:04:00Z,TARGET,1.731092437,2,TARGET,true,0.4285714286,2,0,94,true,1,true,11,true,23,true,31,true,94,0.4285714286,0.3109243697,0.4285714286,0.6470588235,0.4285714286,1.319327731,14,94,142.8571429,95
EUR/USD,1h,EUR/USD_2025-11-01,supply,newer,2025-10-27T18:55:00Z,S2_CLOSE_INVALIDATION,-1.512396694,-1.247933884,S2_CLOSE_INVALIDATION,false,2.190082645,1.115702479,382,106,true,5,true,7,true,34,false,,false,,0.1570247934,0.02479338843,0.1570247934,0.9338842975,0.1570247934,0.9338842975,13,425,319.0082645,401
EUR/USD,1h,EUR/USD_2025-11-01,supply,newer,2025-10-27T22:57:00Z,S2_CLOSE_INVALIDATION,-1.512396694,-1.247933884,S2_CLOSE_INVALIDATION,false,2.190082645,0.6198347107,140,70,true,65,true,70,false,,false,,false,,0.1404958678,0.07438016529,0.1900826446,0.07438016529,0.4049586777,0.07438016529,188,183,319.0082645,183
EUR/USD,1h,EUR/USD_2025-11-01,supply,newer,2025-10-28T02:06:00Z,S2_CLOSE_INVALIDATION,-1.476190476,-1.095238095,S2_CLOSE_INVALIDATION,false,1.380952381,1.80952381,169,43,true,7,true,11,true,26,true,34,false,,0.2142857143,0.09523809524,0.2142857143,0.7380952381,0.2142857143,1.261904762,18,174,238.0952381,174
EUR/USD,1h,EUR/USD_2025-11-01,demand,newer,2025-10-28T12:55:00Z,TARGET,1.418181818,2,TARGET,true,4.563636364,2,25,70,true,2,true,4,true,68,true,69,true,70,1.218181818,0.7454545455,3.4,0.7454545455,4.563636364,0.7454545455,3,70,556.3636364,71
EUR/USD,1h,EUR/USD_2025-11-01,demand,newer,2025-10-29T03:41:00Z,S2_CLOSE_INVALIDATION,-2.309090909,-1.727272727,S2_CLOSE_INVALIDATION,false,2.345454545,0.2727272727,74,3,true,3,false,,false,,false,,false,,0.1636363636,0.2727272727,0.3818181818,0.2727272727,0.8545454545,0.2727272727,8,79,334.5454545,79
EUR/USD,1h,EUR/USD_2025-11-01,demand,newer,2025-10-29T05:09:00Z,S2_CLOSE_INVALIDATION,-1.273972603,-1.054794521,S2_CLOSE_INVALIDATION,false,1.150684932,0.5342465753,223,139,true,124,true,139,false,,false,,false,,0.5068493151,0,0.7534246575,0,0.7534246575,0,214,231,215.0684932,231
EUR/USD,1h,EUR/USD_2025-11-01,demand,newer,2025-10-29T18:42:00Z,TARGET,1.5,2,TARGET,true,0.21875,2,0,2,true,1,true,1,true,2,true,2,true,2,0.21875,2,0.21875,2,0.21875,2,1,2,121.875,3
EUR/USD,4h,EUR/USD_2025-11-01,supply,newer,2025-07-23T07:16:00Z,TARGET,1.903614458,2,TARGET,true,0.2409638554,2,4,349,true,9,true,10,true,80,true,218,true,349,0.2409638554,0.06024096386,0.2409638554,0.5120481928,0.2409638554,0.8072289157,56,349,124.0963855,350
EUR/USD,4h,EUR/USD_2025-11-01,supply,newer,2025-07-24T05:00:00Z,TARGET,1.869918699,2,TARGET,true,0.8048780488,2,26,336,true,94,true,113,true,120,true,290,true,336,0.5040650407,0,0.5040650407,0,0.8048780488,0,759,336,180.4878049,337
EUR/USD,4h,EUR/USD_2025-11-01,supply,newer,2025-07-24T13:26:00Z,TARGET,1.869918699,2,TARGET,true,1.650406504,2,41,469,true,1,true,9,true,109,true,440,true,469,0.3495934959,0.4227642276,0.4308943089,0.5528455285,0.6991869919,0.9512195122,5,469,265.0406504,455
EUR/USD,4h,EUR/USD_2025-11-01,demand,newer,2025-07-28T16:37:00Z,S2_CLOSE_INVALIDATION,-1.555555556,-1.481481481,S2_CLOSE_INVALIDATION,false,3.416666667,0.2361111111,873,6,false,,false,,false,,false,,false,,0.06018518519,0.1111111111,0.06481481481,0.2361111111,0.212962963,0.2361111111,,983,441.6666667,951
EUR/USD,4h,EUR/USD_2025-11-01,demand,newer,2025-07-28T21:00:00Z,S2_CLOSE_INVALIDATION,-1.804780876,-1.677290837,S2_CLOSE_INVALIDATION,false,5.007968127,0.6972111554,610,324,true,80,true,177,false,,false,,false,,0.203187251,0,0.203187251,0,0.203187251,0,335,720,600.7968127,689
EUR/USD,4h,EUR/USD_2025-11-01,supply,newer,2025-08-01T12:53:00Z,TARGET,1.856502242,2,TARGET,true,2.901345291,2,67,249,true,1,true,1,true,1,true,4,true,249,0.2197309417,1.959641256,0.2286995516,1.959641256,1.053811659,1.959641256,1,249,390.1345291,250
EUR/USD,4h,EUR/USD_2025-11-01,supply,newer,2025-08-01T14:00:00Z,TARGET,1.868852459,2,TARGET,true,0.1639344262,2,0,5,true,1,true,1,true,2,true,3,true,5,0.1639344262,1.762295082,0.1639344262,2,0.1639344262,2,1,5,116.3934426,6
EUR/USD,4h,EUR/USD_2025-11-01,supply,newer,2025-08-01T21:23:00Z,TARGET,1.868852459,2,TARGET,true,0.3032786885,2,3027,3067,true,2977,true,2985,true,3050,true,3055,true,3067,0.2950819672,0,0.2950819672,0,0.2950819672,0,3057,3067,130.3278689,91
EUR/USD,4h,EUR/USD_2025-11-01,supply,newer,2025-08-06T06:34:00Z,S2_CLOSE_INVALIDATION,-3.180327869,-3.049180328,S2_CLOSE_INVALIDATION,false,3.426229508,1.37704918,382,121,true,4,true,4,true,41,false,,false,,0.1721311475,0.5163934426,0.1721311475,0.5901639344,0.1721311475,0.9180327869,203,386,442.6229508,385
EUR/USD,4h,EUR/USD_2025-11-01,demand,newer,2025-08-07T11:10:00Z,S2_CLOSE_INVALIDATION,-2.857142857,-2.649350649,S2_CLOSE_INVALIDATION,false,5.961038961,0.5974025974,235,87,true,1,true,85,false,,false,,false,,1.038961039,0.2987012987,1.038961039,0.3116883117,2.350649351,0.3116883117,8,350,696.1038961,348
EUR/USD,4h,EUR/USD_2025-11-01,demand,newer,2025-08-19T06:01:00Z,TARGET,1.923076923,2,TARGET,true,0.009615384615,2,0,305,true,2,true,30,true,46,true,111,true,305,0.009615384615,0.3125,0.009615384615,0.3125,0.009615384615,0.4855769231,469,305,100.9615385,304
EUR/USD,4h,EUR/USD_2025-11-01,demand,newer,2025-08-20T09:00:00Z,S2_CLOSE_INVALIDATION,-1.971153846,-1.894230769,S2_CLOSE_INVALIDATION,false,2.432692308,1.110576923,1816,236,true,91,true,212,true,234,false,,false,,0.7115384615,0,0.7884615385,0,0.7884615385,0,1153,1920,343.2692308,1878
EUR/USD,4h,EUR/USD_2025-11-01,supply,newer,2025-08-22T12:08:00Z,S2_CLOSE_INVALIDATION,-15.16107383,-14.94630872,S2_CLOSE_INVALIDATION,false,16.46308725,1.644295302,200,110,true,2,true,88,true,97,true,110,false,,0.02013422819,0.355704698,0.610738255,0.355704698,0.610738255,0.355704698,34,292,1746.308725,292
EUR/USD,4h,EUR/USD_2025-11-01,supply,newer,2025-08-24T23:00:00Z,TARGET,1.928411633,2,TARGET,true,1.017897092,2,465,1071,true,167,true,684,true,998,true,1013,true,1071,0.7270693512,0,0.7270693512,0,0.7270693512,0,3578,1071,201.7897092,1057
EUR/USD,4h,EUR/USD_2025-11-01,supply,newer,2025-08-28T13:00:00Z,S2_CLOSE_INVALIDATION,-1.066716086,-1.042994811,S2_CLOSE_INVALIDATION,false,1.068198666,0.2127501853,5511,1412,false,,false,,false,,false,,false,,0.1074870274,0.03928836175,0.1074870274,0.07635285397,0.1074870274,0.07635285397,,5520,206.8198666,2473
EUR/USD,4h,EUR/USD_2025-11-01,demand,newer,2025-09-02T07:57:00Z,S2_CLOSE_INVALIDATION,-3.722891566,-3.530120482,S2_CLOSE_INVALIDATION,false,4.397590361,1.156626506,297,44,true,2,true,6,true,44,false,,false,,0.6626506024,0.3493975904,1.228915663,0.5421686747,1.43373494,0.5542168675,5,303,539.7590361,303
EUR/USD,4h,EUR/USD_2025-11-01,demand,newer,2025-09-12T12:31:00Z,TARGET,1.896774194,2,TARGET,true,0.3290322581,2,10,320,true,20,true,33,true,92,true,254,true,320,0.2580645161,0.07741935484,0.3290322581,0.1096774194,0.3290322581,0.4903225806,55,320,132.9032258,321
EUR/USD,4h,EUR/USD_2025-11-01,supply,newer,2025-09-16T09:00:00Z,S2_CLOSE_INVALIDATION,-2.93638171,-2.872763419,S2_CLOSE_INVALIDATION,false,3.151093439,0.05765407555,466,210,false,,false,,false,,false,,false,,0.2723658052,0,0.6222664016,0,0.7296222664,0,,480,415.1093439,425
EUR/USD,4h,EUR/USD_2025-11-01,demand,newer,2025-09-18T13:39:00Z,TARGET,1.864978903,2,TARGET,true,1.033755274,2,6,101,true,20,true,24,true,27,true,52,true,101,0.8818565401,0,1.033755274,0.07172995781,1.033755274,1.042194093,25,101,203.3755274,102
EUR/USD,4h,EUR/USD_2025-11-01,demand,newer,2025-09-24T17:00:00Z,TARGET,1.780821918,2,TARGET,true,0.2602739726,2,0,479,true,5,true,7,true,301,true,350,true,479,0.2602739726,0.2328767123,0.2602739726,0.9452054795,0.2602739726,0.9452054795,56,479,126.0273973,450
EUR/USD,4h,EUR/USD_2025-11-01,demand,newer,2025-09-25T01:00:00Z,S2_CLOSE_INVALIDATION,-2.619047619,-2.538847118,S2_CLOSE_INVALIDATION,false,3.050125313,0.2581453634,711,585,true,585,false,,false,,false,,false,,0.06766917293,0.03258145363,0.2080200501,0.03258145363,0.35839599,0.03258145363,1488,720,405.0125313,719
EUR/USD,4h,EUR/USD_2025-11-01,supply,newer,2025-09-29T12:56:00Z,TARGET,1.753846154,2,TARGET,true,1.123076923,2,50,86,true,1,true,7,true,12,true,67,true,86,0.6461538462,0.3230769231,0.6461538462,1.092307692,0.6461538462,1.492307692,9,86,212.3076923,87
EUR/USD,4h,EUR/USD_2025-11-01,supply,newer,2025-10-06T15:04:00Z,TARGET,1.844660194,2,TARGET,true,0.01941747573,2,0,635,true,3,true,9,true,20,true,34,true,635,0.01941747573,0.2912621359,0.01941747573,0.8737864078,0.01941747573,1.359223301,18,635,101.9417476,623
EUR/USD,4h,EUR/USD_2025-11-01,supply,newer,2025-10-06T21:20:00Z,TARGET,1.844660194,2,TARGET,true,0.01941747573,2,0,259,true,1,true,1,true,160,true,171,true,259,0.01941747573,0.6504854369,0.01941747573,0.6504854369,0.01941747573,0.786407767,9,259,101.9417476,258
EUR/USD,4h,EUR/USD_2025-11-01,demand,newer,2025-10-08T01:27:00Z,S2_CLOSE_INVALIDATION,-1.277777778,-1.203703704,S2_CLOSE_INVALIDATION,false,1.337962963,0.5833333333,867,711,true,666,true,709,false,,false,,false,,0.25,0,0.2592592593,0,0.2685185185,0,753,873,233.7962963,872
EUR/USD,4h,EUR/USD_2025-11-01,supply,newer,2025-10-13T00:59:00Z,TARGET,1.867768595,2,TARGET,true,1.198347107,2,324,448,true,7,true,364,true,374,true,438,true,448,0.3719008264,0.07438016529,0.3719008264,0.2561983471,0.3719008264,0.4462809917,55,448,219.8347107,447
EUR/USD,4h,EUR/USD_2025-11-01,supply,newer,2025-10-15T06:55:00Z,TARGET,1.835897436,2,TARGET,true,0.7743589744,2,115,306,true,1,true,2,true,193,true,210,true,306,0.06666666667,0.5487179487,0.2,0.5692307692,0.2615384615,0.8051282051,12,306,177.4358974,307
EUR/USD,4h,EUR/USD_2025-11-01,supply,newer,2025-10-15T15:40:00Z,S2_CLOSE_INVALIDATION,-1.379487179,-1.215384615,S2_CLOSE_INVALIDATION,false,1.769230769,1.112820513,427,122,true,11,true,12,true,122,false,,false,,0.8051282051,0,0.9282051282,0.6307692308,0.9282051282,0.7743589744,34,500,276.9230769,479
EUR/USD,4h,EUR/USD_2025-11-01,supply,newer,2025-10-16T06:15:00Z,S2_CLOSE_INVALIDATION,-1.8359375,-1.7109375,S2_CLOSE_INVALIDATION,false,2.1171875,1.859375,791,102,true,3,true,10,true,34,true,62,false,,0.046875,0.2734375,0.046875,0.59375,0.046875,0.8203125,355,825,311.71875,825
EUR/USD,4h,EUR/USD_2025-11-01,demand,newer,2025-10-17T20:40:00Z,S2_CLOSE_INVALIDATION,-1.319672131,-1.18852459,S2_CLOSE_INVALIDATION,false,1.393442623,1.639344262,4177,3415,true,2,true,4,true,3213,true,3374,false,,0.106557377,0.5081967213,0.4016393443,0.5081967213,0.5327868852,0.5081967213,30,4280,239.3442623,1319
EUR/USD,4h,EUR/USD_2025-11-01,demand,newer,2025-10-21T10:19:00Z,TARGET,1.76119403,2,TARGET,true,0.2089552239,2,1,46,true,2,true,3,true,10,true,40,true,46,0.2089552239,0.7313432836,0.2089552239,1.119402985,0.2089552239,1.119402985,11,46,120.8955224,47
EUR/USD,4h,EUR/USD_2025-11-01,supply,newer,2025-10-23T16:00:00Z,S2_CLOSE_INVALIDATION,-1.227722772,-1.069306931,S2_CLOSE_INVALIDATION,false,1.940594059,0.6237623762,934,859,true,67,true,810,false,,false,,false,,1.04950495,0,1.04950495,0,1.04950495,0,270,960,294.0594059,941
EUR/USD,4h,EUR/USD_2025-11-01,demand,newer,2025-10-28T13:20:00Z,TARGET,1.728813559,2,TARGET,true,0.05084745763,2,0,35,true,1,true,1,true,15,true,25,true,35,0.05084745763,0.7118644068,0.05084745763,0.9491525424,0.05084745763,1.796610169,13,35,105.0847458,36
EUR/USD,4h,EUR/USD_2025-11-01,demand,newer,2025-10-30T20:00:00Z,S2_CLOSE_INVALIDATION,-1.157480315,-1.094488189,S2_CLOSE_INVALIDATION,false,1.791338583,0.3661417323,1110,329,true,271,false,,false,,false,,false,,0.1535433071,0,0.1535433071,0,0.1535433071,0.06692913386,734,1200,279.1338583,1183
BTC/USD,1h,BTC/USD_2022-07-01,supply,older,2022-04-18T17:11:00Z,TARGET,1.23693115,2,TARGET,true,0.03458578563,2,0,13,true,0,true,1,true,9,true,9,true,13,0.03458578563,0.8087044553,0.03458578563,2,0.03458578563,2,0,13,103.4585786,14
BTC/USD,1h,BTC/USD_2022-07-01,demand,older,2022-04-21T16:59:00Z,S2_CLOSE_INVALIDATION,-4.668985653,-3.364256428,S2_CLOSE_INVALIDATION,false,3.526576529,0.6910681076,59,32,true,30,true,30,false,,false,,false,,0.7273152315,0,1.510178043,0,2.371298727,0.1649381873,38,61,452.6576529,61
BTC/USD,1h,BTC/USD_2022-07-01,demand,older,2022-04-21T17:39:00Z,S2_CLOSE_INVALIDATION,-3.585504747,-2.623727269,S2_CLOSE_INVALIDATION,false,2.623727269,0.8613604957,140,9,true,5,true,8,false,,false,,false,,0.2351027725,0.1634632604,0.2351027725,0.8613604957,1.322377535,0.8613604957,8,141,362.3727269,141
BTC/USD,1h,BTC/USD_2022-07-01,demand,older,2022-04-21T20:45:00Z,TARGET,0.4790870222,2,TARGET,true,1.076318113,2,11,23,true,0,true,0,true,1,true,1,true,23,0.1450627158,1.818117681,1.076318113,1.818117681,1.076318113,2,5,23,207.6318113,24
BTC/USD,1h,BTC/USD_2022-07-01,supply,older,2022-04-22T06:05:00Z,TARGET,1.033274109,2,TARGET,true,0.6066182194,2,12,82,true,33,true,39,true,75,true,76,true,82,0.09311895996,0.08993350769,0.6066182194,0.1258697795,0.6066182194,0.1258697795,101,82,160.6618219,83
BTC/USD,1h,BTC/USD_2022-07-01,supply,older,2022-04-22T08:00:00Z,TARGET,1.033274109,2,TARGET,true,0.4588835384,2,6,31,true,11,true,13,true,17,true,17,true,31,0.3014071608,0.05136843617,0.4588835384,0.5406525581,0.4588835384,1.920519542,29,31,145.8883538,32
BTC/USD,1h,BTC/USD_2022-07-01,demand,older,2022-04-22T16:04:00Z,S2_CLOSE_INVALIDATION,-1.452118639,-1.234453869,S2_CLOSE_INVALIDATION,false,1.259647839,1.202943389,3775,1452,true,17,true,134,true,1447,false,,false,,0.1838063442,0.05021487699,0.1838063442,0.189820011,0.1838063442,0.3740085443,59,3776,225.9647839,3772
BTC/USD,1h,BTC/USD_2022-07-01,supply,older,2022-04-25T13:37:00Z,TARGET,0.6982554581,2,TARGET,true,0.05963536454,2,0,7,true,1,true,1,true,2,true,7,true,7,0.05963536454,1.37325609,0.05963536454,2,0.05963536454,2,1,7,105.9635365,8
BTC/USD,1h,BTC/USD_2022-07-01,supply,older,2022-04-25T15:12:00Z,TARGET,0.6982554581,2,TARGET,true,1.936601079,2,1,35,true,3,true,3,true,33,true,34,true,35,1.936601079,0.6677553972,1.936601079,0.6677553972,1.936601079,0.6677553972,7,35,293.6601079,36
BTC/USD,1h,BTC/USD_2022-07-01,supply,older,2022-04-25T16:49:00Z,S2_CLOSE_INVALIDATION,-1.604904303,-1.16981633,S2_CLOSE_INVALIDATION,false,2.111522376,1.132420718,122,75,true,2,true,7,true,62,false,,false,,0.01622572849,0.2815386982,0.01622572849,0.8018333568,0.01622572849,0.8241821025,19,131,311.1522376,131
BTC/USD,1h,BTC/USD_2022-07-01,demand,older,2022-04-26T16:03:00Z,TARGET,0.5575105914,2,TARGET,true,1.144914143,2,0,3,true,1,true,1,true,1,true,1,true,3,1.144914143,2,1.144914143,2,1.144914143,2,2,3,214.4914143,4
BTC/USD,1h,BTC/USD_2022-07-01,supply,older,2022-05-11T02:27:00Z,TARGET,1.670442171,2,TARGET,true,1.108639973,2,165,258,true,2,true,7,true,87,true,256,true,258,0.04980041099,0.3946909687,0.04980041099,0.7228723847,0.04980041099,0.9448251514,5,258,210.8639973,259
BTC/USD,1h,BTC/USD_2022-07-01,supply,older,2022-05-11T06:05:00Z,TARGET,1.670442171,2,TARGET,true,0.004427625087,2,0,40,true,6,true,12,true,35,true,38,true,40,0.004427625087,0.2026279803,0.004427625087,0.7087857406,0.004427625087,0.7087857406,60,40,100.4427625,41
BTC/USD,1h,BTC/USD_2022-07-01,supply,older,2022-05-11T11:14:00Z,TARGET,1.729636611,2,TARGET,true,0.01758501911,2,0,76,true,1,true,10,true,35,true,76,true,76,0.01758501911,0.413145978,0.01758501911,0.9150231801,0.01758501911,0.9150231801,89,76,101.7585019,77
BTC/USD,1h,BTC/USD_2022-07-01,supply,older,2022-05-11T14:45:00Z,TARGET,1.729636611,2,TARGET,true,0.04124336543,2,1,42,true,1,true,3,true,8,true,29,true,42,0.04124336543,0.8128036746,0.04124336543,1.20432311,0.04124336543,1.505300354,2,42,104.1243365,43
BTC/USD,1h,BTC/USD_2022-07-01,supply,older,2022-05-12T00:42:00Z,TARGET,1.589834656,2,TARGET,true,0.7419432392,2,7,41,true,4,true,16,true,31,true,41,true,41,0.7378825649,0.2890103811,0.7419432392,0.2890103811,0.7419432392,0.9082611469,7,41,174.1943239,42
BTC/USD,1h,BTC/USD_2022-07-01,supply,older,2022-05-12T14:58:00Z,TARGET,1.848158546,2,TARGET,true,0.5515845064,2,95,208,true,19,true,33,true,63,true,172,true,208,0.0786874519,0.2045826809,0.4138798029,0.2045826809,0.4138798029,0.4946803876,26,208,155.1584506,209
BTC/USD,1h,BTC/USD_2022-07-01,supply,older,2022-05-12T16:23:00Z,TARGET,1.848158546,2,TARGET,true,0.5515845064,2,10,123,true,17,true,56,true,77,true,87,true,123,0.3082866897,0.0647013243,0.5515845064,0.0647013243,0.5515845064,0.3738874233,38,123,155.1584506,124
BTC/USD,1h,BTC/USD_2022-07-01,supply,older,2022-05-13T01:00:00Z,S2_CLOSE_INVALIDATION,-1.867367621,-1.715526167,S2_CLOSE_INVALIDATION,false,1.976421169,0.4793267389,178,48,true,17,false,,false,,false,,false,,0.1903390999,0,0.1903390999,0.1105114935,0.1903390999,0.2768070252,48,180,297.6421169,180
BTC/USD,1h,BTC/USD_2022-07-01,supply,older,2022-05-14T16:51:00Z,S2_CLOSE_INVALIDATION,-3.514022285,-3.09734675,S2_CLOSE_INVALIDATION,false,3.118515885,1.411436272,366,11,true,3,true,4,true,8,false,,false,,0.2946165153,0.660954963,0.2946165153,1.411436272,0.2946165153,1.411436272,4,369,411.8515885,369
BTC/USD,1h,BTC/USD_2022-07-01,supply,older,2022-05-14T18:00:00Z,S2_CLOSE_INVALIDATION,-3.514022285,-3.09734675,S2_CLOSE_INVALIDATION,false,3.118515885,1.359893324,297,100,true,50,true,62,true,98,false,,false,,0.6020775069,0.08310874794,0.9859636312,0.08310874794,1.522489305,0.08310874794,71,300,411.8515885,300
BTC/USD,1h,BTC/USD_2022-07-01,demand,older,2022-05-16T06:27:00Z,TARGET,1.417353306,2,TARGET,true,0.5922565107,2,53,108,true,1,true,1,true,17,true,81,true,108,0.3696893919,0.5423334926,0.3696893919,0.7270461716,0.3696893919,1.378196666,2,108,159.2256511,109
BTC/USD,1h,BTC/USD_2022-07-01,supply,older,2022-05-17T03:34:00Z,S2_CLOSE_INVALIDATION,-2.287860905,-1.560456268,S2_CLOSE_INVALIDATION,false,1.560456268,0.3985700965,145,54,true,49,false,,false,,false,,false,,1.283142533,0,1.317630974,0,1.529733904,0,61,146,256.0456268,146
BTC/USD,1h,BTC/USD_2022-07-01,demand,older,2022-05-18T15:24:00Z,TARGET,1.365639238,2,TARGET,true,1.17916545,2,48,71,true,1,true,4,true,11,true,71,true,71,0.1586479707,0.6587801327,0.1586479707,1.126875538,0.1586479707,1.126875538,5,71,217.916545,72
BTC/USD,1h,BTC/USD_2022-07-01,demand,older,2022-05-18T16:00:00Z,TARGET,1.504207892,2,TARGET,true,1.320491783,2,12,184,true,34,true,35,true,35,true,171,true,184,0.4326360601,0,1.320491783,0,1.320491783,0.152623349,78,184,232.0491783,185
BTC/USD,1h,BTC/USD_2022-07-01,demand,older,2022-05-18T22:40:00Z,S2_CLOSE_INVALIDATION,-2.015160284,-1.519368176,S2_CLOSE_INVALIDATION,false,1.816073617,0.6374367483,78,25,true,3,true,24,false,,false,,false,,0.07366965707,0.2902633448,0.2908423984,0.2902633448,0.3358314854,0.6374367483,16,80,281.6073617,80
BTC/USD,1h,BTC/USD_2022-07-01,supply,older,2022-05-19T06:56:00Z,TARGET,1.407908601,2,TARGET,true,0.2378106028,2,0,117,true,7,true,19,true,29,true,42,true,117,0.2378106028,0.1593045641,0.2378106028,0.4508121938,0.2378106028,1.019508282,12,117,123.7810603,118
BTC/USD,1h,BTC/USD_2022-07-01,supply,older,2022-05-19T15:37:00Z,TARGET,1.447576937,2,TARGET,true,0.4537414494,2,12,67,true,2,true,6,true,35,true,60,true,67,0.2287274482,0.3657762317,0.4537414494,0.6580689398,0.4537414494,0.9301119173,7,67,145.3741449,68
BTC/USD,1h,BTC/USD_2022-07-01,supply,older,2022-05-19T21:15:00Z,TARGET,1.447576937,2,TARGET,true,0.1171945308,2,0,76,true,3,true,6,true,14,true,49,true,76,0.1171945308,0.3108835206,0.1171945308,1.107601038,0.1171945308,1.231472725,7,76,111.7194531,77
BTC/USD,1h,BTC/USD_2022-07-01,supply,older,2022-05-20T01:39:00Z,TARGET,0.7986746897,2,TARGET,true,1.311877156,2,2,11,true,7,true,7,true,9,true,10,true,11,1.311877156,0,1.311877156,2,1.311877156,2,7,11,231.1877156,12
BTC/USD,1h,BTC/USD_2022-07-01,demand,older,2022-05-20T15:50:00Z,S2_CLOSE_INVALIDATION,-2.567177127,-1.856097888,S2_CLOSE_INVALIDATION,false,2.900264762,0.5574090479,57,3,true,3,true,3,false,,false,,false,,0.07307608997,0.5574090479,0.6090416498,0.5574090479,1.767112155,0.5574090479,9,70,390.0264762,70
BTC/USD,1h,BTC/USD_2022-07-01,demand,older,2022-05-20T16:40:00Z,TARGET,1.597291979,2,TARGET,true,0.5839854197,2,7,194,true,10,true,74,true,153,true,182,true,194,0.3445834321,0,0.5839854197,0.3523901191,0.5839854197,0.3523901191,49,194,158.398542,195
BTC/USD,1h,BTC/USD_2022-07-01,supply,older,2022-05-24T02:24:00Z,TARGET,1.549220598,2,TARGET,true,0.9226512918,2,146,703,true,389,true,405,true,692,true,695,true,703,0.2059972704,0,0.2059972704,0.2023555847,0.2059972704,0.2023555847,570,703,192.2651292,702
BTC/USD,1h,BTC/USD_2022-07-01,supply,older,2022-05-24T19:05:00Z,S2_CLOSE_INVALIDATION,-1.466499937,-1.015720535,S2_CLOSE_INVALIDATION,false,1.199561578,0.211183968,113,16,false,,false,,false,,false,,false,,0.08220928859,0.06140240082,0.1418510465,0.0627367079,0.7414788445,0.211183968,,115,219.9561578,115
BTC/USD,1h,BTC/USD_2022-07-01,demand,older,2022-05-26T13:06:00Z,TARGET,1.597291979,2,TARGET,true,3.830213685,2,12,104,true,55,true,60,true,60,true,68,true,104,0.3697282317,0,3.830213685,0,3.830213685,0,106,104,483.0213685,105
BTC/USD,1h,BTC/USD_2022-07-01,demand,older,2022-05-27T02:02:00Z,TARGET,1.597291979,2,TARGET,true,1.074735389,2,258,711,true,17,true,19,true,75,true,641,true,711,0.1012781102,0.07092282458,0.1295818637,0.2260670698,0.1295818637,0.9112761379,31,711,207.4735389,712
BTC/USD,1h,BTC/USD_2022-07-01,demand,older,2022-05-27T14:46:00Z,S2_CLOSE_INVALIDATION,-2.867895647,-2.465187625,S2_CLOSE_INVALIDATION,false,2.493164599,0.2096094688,193,63,false,,false,,false,,false,,false,,0.3151177488,0,0.6475191159,0,1.066093548,0,,194,349.3164599,194
BTC/USD,1h,BTC/USD_2022-07-01,demand,older,2022-05-27T16:00:00Z,S2_CLOSE_INVALIDATION,-2.867895647,-2.465187625,S2_CLOSE_INVALIDATION,false,2.493164599,0.1485902715,119,12,false,,false,,false,,false,,false,,0.3557397216,0,0.5853833551,0.1485902715,0.7439134967,0.1485902715,,120,349.3164599,120
BTC/USD,1h,BTC/USD_2022-07-01,supply,older,2022-05-27T19:50:00Z,S2_CLOSE_INVALIDATION,-2.012019863,-1.38268327,S2_CLOSE_INVALIDATION,false,1.666714126,1.81221636,1024,352,true,69,true,127,true,226,true,230,false,,0.975877751,0,1.657093696,0,1.657093696,0,69,1030,266.6714126,1030
BTC/USD,1h,BTC/USD_2022-07-01,supply,older,2022-05-27T21:02:00Z,S2_CLOSE_INVALIDATION,-2.012019863,-1.38268327,S2_CLOSE_INVALIDATION,false,1.666714126,1.81221636,952,280,true,55,true,55,true,154,true,158,false,,0.3096759602,0,0.3096759602,0.1333343,0.3096759602,0.1333343,127,958,266.6714126,958
BTC/USD,1h,BTC/USD_2022-07-01,supply,older,2022-05-30T21:20:00Z,TARGET,1.729636611,2,TARGET,true,1.425386491,2,1163,2475,true,6,true,8,true,207,true,980,true,2475,0.8801733737,0.01775066434,0.8801733737,0.5333977379,0.8801733737,0.7968584308,9,2475,242.5386491,2474
BTC/USD,1h,BTC/USD_2022-07-01,demand,older,2022-06-07T03:00:00Z,TARGET,0.8456379141,2,TARGET,true,0.4993095908,2,1,25,true,5,true,5,true,19,true,21,true,25,0.4993095908,0.1976523732,0.4993095908,0.8224477905,0.4993095908,2,59,25,149.9309591,26
BTC/USD,1h,BTC/USD_2022-07-01,demand,older,2022-06-07T07:00:00Z,TARGET,1.559322869,2,TARGET,true,0.7862408087,2,250,467,true,55,true,98,true,454,true,456,true,467,0.1934913832,0.02766799343,0.214332221,0.02766799343,0.214332221,0.1741558018,369,467,178.6240809,468
BTC/USD,1h,BTC/USD_2022-07-01,supply,older,2022-06-07T21:00:00Z,TARGET,1.450416639,2,TARGET,true,0.9524621768,2,19,107,true,28,true,31,true,103,true,106,true,107,0.125876087,0.05801377166,0.6858258993,0.05801377166,0.9524621768,0.3635995982,82,107,195.2462177,108
BTC/USD,1h,BTC/USD_2022-07-01,demand,older,2022-06-10T20:00:00Z,TARGET,0.4843153472,2,TARGET,true,0.4796048617,2,0,11,true,1,true,1,true,2,true,2,true,11,0.4796048617,1.783330144,0.4796048617,2,0.4796048617,2,19,11,147.9604862,12
BTC/USD,1h,BTC/USD_2022-07-01,demand,older,2022-06-11T21:00:00Z,S2_CLOSE_INVALIDATION,-2.315238272,-2.137476229,S2_CLOSE_INVALIDATION,false,2.179311416,0.5857313669,358,99,true,14,true,93,false,,false,,false,,0.01944443677,0.09159445379,0.01944443677,0.2679208424,0.01944443677,0.4082354005,593,360,317.9311416,360
BTC/USD,1h,BTC/USD_2022-07-01,demand,older,2022-06-12T04:55:00Z,S2_CLOSE_INVALIDATION,-2.081698215,-1.899470783,S2_CLOSE_INVALIDATION,false,1.899470783,1.866249055,1144,639,true,181,true,216,true,599,true,623,false,,0.03605572675,0.04939194705,0.2377578472,0.04939194705,0.2962393398,0.04939194705,324,1145,289.9470783,1131
BTC/USD,1h,BTC/USD_2022-07-01,supply,older,2022-06-15T11:35:00Z,S2_CLOSE_INVALIDATION,-2.109504435,-1.791388491,S2_CLOSE_INVALIDATION,false,2.891510652,1.014818397,136,15,true,2,true,6,true,15,false,,false,,0.2354919468,0.4799178568,0.2354919468,0.7744391416,0.2354919468,1.014818397,7,145,389.1510652,145
BTC/USD,1h,BTC/USD_2022-07-01,supply,older,2022-06-15T23:09:00Z,TARGET,1.704825521,2,TARGET,true,1.875931864,2,125,359,true,168,true,169,true,249,true,335,true,359,0.274648271,0,0.5803914968,0,0.7024327292,0.1540920084,235,359,287.5931864,360
BTC/USD,1h,BTC/USD_2022-07-01,supply,older,2022-06-17T07:54:00Z,TARGET,1.772776919,2,TARGET,true,0.3620732936,2,39,296,true,2,true,8,true,108,true,290,true,296,0.08159025821,0.4057689225,0.08159025821,0.6522618461,0.08159025821,0.6522618461,37,296,136.2073294,297
BTC/USD,1h,BTC/USD_2022-07-01,supply,older,2022-06-18T22:31:00Z,TARGET,1.674937141,2,TARGET,true,0.3276938505,2,0,45,true,2,true,2,true,6,true,17,true,45,0.3276938505,0.8523520186,0.3276938505,1.203557701,0.3276938505,1.8971487,4,45,132.7693851,46
BTC/USD,1h,BTC/USD_2022-07-01,supply,older,2022-06-19T14:46:00Z,S2_CLOSE_INVALIDATION,-1.660380391,-1.544554359,S2_CLOSE_INVALIDATION,false,1.544554359,0.2145811916,253,35,false,,false,,false,,false,,false,,0.09145913968,0.02338210548,0.1693024877,0.03154652614,0.1693024877,0.1692249208,,254,254.4554359,254
BTC/USD,1h,BTC/USD_2022-07-01,supply,older,2022-06-19T20:33:00Z,TARGET,1.32112573,2,TARGET,true,0.4760909236,2,3,8,true,1,true,3,true,6,true,7,true,8,0.4760909236,0.7967220639,0.4760909236,2,0.4760909236,2,1,8,147.6090924,9
BTC/USD,1h,BTC/USD_2022-07-01,supply,older,2022-06-19T22:17:00Z,TARGET,1.32112573,2,TARGET,true,1.627305955,2,10,87,true,0,true,18,true,55,true,61,true,87,0.5452508508,0.341972963,1.627305955,0.341972963,1.627305955,0.9738881919,2,87,262.7305955,88
BTC/USD,1h,BTC/USD_2022-07-01,demand,older,2022-06-20T19:08:00Z,TARGET,1.751326943,2,TARGET,true,0.04097369986,2,0,105,true,5,true,6,true,10,true,88,true,105,0.04097369986,0.2255666543,0.04097369986,1.042884919,0.04097369986,1.042884919,80,105,104.09737,106
BTC/USD,1h,BTC/USD_2022-07-01,supply,older,2022-06-21T07:00:00Z,S2_CLOSE_INVALIDATION,-1.675453487,-1.448230406,S2_CLOSE_INVALIDATION,false,1.534401508,1.255208354,419,310,true,1,true,6,true,294,false,,false,,0.08387020467,0.3958751714,0.08387020467,0.5625139476,0.08387020467,0.8972278086,61,420,253.4401508,420
BTC/USD,1h,BTC/USD_2022-07-01,demand,older,2022-06-22T07:00:00Z,TARGET,1.719466909,2,TARGET,true,1.09428886,2,9,415,true,121,true,122,true,155,true,190,true,415,0.6804031767,0,1.09428886,0,1.09428886,0.1622302167,171,415,209.428886,416
BTC/USD,1h,BTC/USD_2022-07-01,supply,older,2022-07-01T00:31:00Z,TARGET,1.378700213,2,TARGET,true,1.390547632,2,1,7,true,3,true,3,true,4,true,4,true,7,1.390547632,1.865183975,1.390547632,2,1.390547632,2,3,7,239.0547632,8
BTC/USD,4h,BTC/USD_2022-07-01,demand,older,2022-04-26T20:00:00Z,S2_CLOSE_INVALIDATION,-1.388547412,-1.288244356,S2_CLOSE_INVALIDATION,false,1.477952862,1.685817627,12714,2765,true,650,true,719,true,1747,true,2589,false,,0.1613988745,0,0.51592246,0,0.5339017882,0,969,12720,247.7952862,12718
BTC/USD,4h,BTC/USD_2022-07-01,demand,older,2022-05-06T07:40:00Z,S2_CLOSE_INVALIDATION,-1.278731677,-1.197105842,S2_CLOSE_INVALIDATION,false,1.341041748,0.3160312542,2639,27,true,17,false,,false,,false,,false,,0.1612964024,0,0.1612964024,0.1966595766,0.1612964024,0.3160312542,1009,2660,234.1041748,2656
BTC/USD,4h,BTC/USD_2022-07-01,supply,older,2022-05-15T00:00:00Z,S2_CLOSE_INVALIDATION,-1.700899161,-1.609690696,S2_CLOSE_INVALIDATION,false,1.685528442,0.2417603654,1324,307,false,,false,,false,,false,,false,,0.3822832992,0,0.3822832992,0,0.4978757063,0,,1440,268.5528442,1440
BTC/USD,4h,BTC/USD_2022-07-01,demand,older,2022-06-08T16:33:00Z,S2_CLOSE_INVALIDATION,-1.3223321,-1.237021387,S2_CLOSE_INVALIDATION,false,1.325584847,0.3684316589,2888,1023,true,1014,false,,false,,false,,false,,0.01872446385,0.0279936965,0.05748369136,0.03072424807,0.05748369136,0.03072424807,2097,3087,232.5584847,3087
BTC/USD,4h,BTC/USD_2022-07-01,supply,older,2022-06-19T20:33:00Z,TARGET,1.716971155,2,TARGET,true,1.007488926,2,114,259,true,6,true,8,true,57,true,240,true,259,0.5258749009,0.006609969723,0.5461264025,0.5888356833,0.5461264025,0.5888356833,10,259,200.7488926,260
BTC/USD,4h,BTC/USD_2022-07-01,demand,older,2022-06-22T12:50:00Z,TARGET,1.87180169,2,TARGET,true,0.7449922304,2,471,2022,true,8,true,9,true,57,true,96,true,2022,0.02400165623,0.150496319,0.02400165623,0.5648078051,0.02400165623,0.5648078051,73,2022,174.499223,2022
BTC/USD,4h,BTC/USD_2022-07-01,supply,older,2022-06-24T02:36:00Z,S2_CLOSE_INVALIDATION,-1.169071314,-1.01454759,S2_CLOSE_INVALIDATION,false,1.117279112,1.279392464,3440,439,true,21,true,76,true,205,false,,false,,0.1010129485,0.02674782868,0.1010129485,0.06772886388,0.1010129485,0.3068920289,269,3444,211.7279112,3443
BTC/USD,4h,BTC/USD_2022-07-01,supply,older,2022-07-01T00:29:00Z,TARGET,1.401325597,2,TARGET,true,5.015252987,2,3,202,true,156,true,158,true,163,true,174,true,202,5.015252987,0,5.015252987,0,5.015252987,0.1483238529,156,202,601.5252987,203
BTC/USD,1h,BTC/USD_2025-04-01,demand,newer,2025-01-18T04:25:00Z,TARGET,0.8947944579,2,TARGET,true,0.1243834634,2,1,7,true,1,true,2,true,3,true,6,true,7,0.1243834634,1.166155502,0.1243834634,2,0.1243834634,2,4,7,112.4383463,8
BTC/USD,1h,BTC/USD_2025-04-01,demand,newer,2025-01-18T17:00:00Z,TARGET,1.349809979,2,TARGET,true,0.08593069733,2,0,92,true,1,true,6,true,13,true,16,true,92,0.08593069733,0.4863041722,0.08593069733,1.225784455,0.08593069733,1.671646332,23,92,108.5930697,93
BTC/USD,1h,BTC/USD_2025-04-01,demand,newer,2025-01-19T22:49:00Z,TARGET,0.1502987163,2,TARGET,true,0,2,0,0,true,0,true,0,true,0,true,0,true,0,0,2,0,2,0,2,1,0,100,1
BTC/USD,1h,BTC/USD_2025-04-01,demand,newer,2025-01-19T23:39:00Z,TARGET,1.262054976,2,TARGET,true,0.03461467267,2,0,4,true,1,true,1,true,1,true,2,true,4,0.03461467267,2,0.03461467267,2,0.03461467267,2,2,4,103.4614673,5
BTC/USD,1h,BTC/USD_2025-04-01,demand,newer,2025-01-20T01:01:00Z,TARGET,1.262054976,2,TARGET,true,0.0882705004,2,4,7,true,0,true,1,true,1,true,7,true,7,0.0882705004,1.220151786,0.0882705004,2,0.0882705004,2,6,7,108.82705,8
BTC/USD,1h,BTC/USD_2025-04-01,demand,newer,2025-01-20T17:42:00Z,TARGET,1.716275653,2,TARGET,true,0.2639974433,2,0,8,true,0,true,0,true,1,true,1,true,8,0.2639974433,1.561213699,0.2639974433,2,0.2639974433,2,3,8,126.3997443,9
BTC/USD,1h,BTC/USD_2025-04-01,demand,newer,2025-01-27T10:52:00Z,TARGET,1.694740598,2,TARGET,true,0.2003493143,2,6,123,true,12,true,25,true,107,true,115,true,123,0.08981924536,0.1876272465,0.2003493143,0.407860605,0.2003493143,0.6823926995,264,123,120.0349314,124
BTC/USD,1h,BTC/USD_2025-04-01,supply,newer,2025-01-27T20:47:00Z,S2_CLOSE_INVALIDATION,-1.350483837,-1.075998915,S2_CLOSE_INVALIDATION,false,1.518947749,0.2329958416,202,57,false,,false,,false,,false,,false,,0.191882119,0.1612818658,0.4869463027,0.1612818658,1.078701862,0.1612818658,,373,251.8947749,373
BTC/USD,1h,BTC/USD_2025-04-01,demand,newer,2025-02-02T16:46:00Z,S2_CLOSE_INVALIDATION,-1.574882494,-1.269623092,S2_CLOSE_INVALIDATION,false,1.486497659,0.1271483346,71,24,false,,false,,false,,false,,false,,0.1620074203,0.05975548,0.3951282025,0.08571635266,0.3951282025,0.1271483346,,74,248.6497659,74
BTC/USD,1h,BTC/USD_2025-04-01,demand,newer,2025-02-02T19:00:00Z,TARGET,1.188632999,2,TARGET,true,0.7336824075,2,1,32,true,2,true,2,true,10,true,30,true,32,0.7336824075,0.9930927878,0.7336824075,1.310100405,0.7336824075,1.315280814,25,32,173.3682407,33
BTC/USD,1h,BTC/USD_2025-04-01,supply,newer,2025-02-25T13:10:00Z,TARGET,1.456424699,2,TARGET,true,0.07770478861,2,0,88,true,1,true,3,true,21,true,27,true,88,0.07770478861,0.5082239339,0.07770478861,0.8135166048,0.07770478861,1.529611223,21,88,107.7704789,89
BTC/USD,1h,BTC/USD_2025-04-01,supply,newer,2025-02-27T07:37:00Z,TARGET,1.776337762,2,TARGET,true,0.429202492,2,203,689,true,22,true,50,true,431,true,443,true,689,0.01720047705,0.1422925071,0.01720047705,0.2043089455,0.01720047705,0.2710786572,147,689,142.9202492,690
BTC/USD,1h,BTC/USD_2025-04-01,supply,newer,2025-02-28T15:29:00Z,TARGET,1.423486833,2,TARGET,true,0.2416614438,2,2,47,true,1,true,3,true,5,true,41,true,47,0.2416614438,0.7463620307,0.2416614438,1.394439063,0.2416614438,1.394439063,7,47,124.1661444,48
BTC/USD,1h,BTC/USD_2025-04-01,supply,newer,2025-02-28T17:00:00Z,TARGET,1.423486833,2,TARGET,true,0.1826562589,2,0,79,true,1,true,3,true,24,true,43,true,79,0.1826562589,0.5020682582,0.1826562589,0.8579909977,0.1826562589,1.070833571,28,79,118.2656259,80
BTC/USD,1h,BTC/USD_2025-04-01,supply,newer,2025-02-28T19:00:00Z,S2_CLOSE_INVALIDATION,-2.67463863,-2.098125463,S2_CLOSE_INVALIDATION,false,3.095561506,1.640601675,473,84,true,11,true,77,true,81,true,82,false,,0.9988148823,0,0.9988148823,0.250732152,0.9988148823,0.250732152,41,480,409.5561506,480
BTC/USD,1h,BTC/USD_2025-04-01,supply,newer,2025-03-01T03:38:00Z,S2_CLOSE_INVALIDATION,-1.399621743,-1.05913196,S2_CLOSE_INVALIDATION,false,1.548229962,0.3469699688,66,7,true,5,false,,false,,false,,false,,0.1578646571,0.08298278142,0.1578646571,0.3469699688,0.1578646571,0.3469699688,92,82,254.8229962,82
BTC/USD,1h,BTC/USD_2025-04-01,supply,newer,2025-03-02T17:46:00Z,TARGET,1.34389462,2,TARGET,true,0.550901244,2,1,2,true,1,true,1,true,2,true,2,true,2,0.550901244,2,0.550901244,2,0.550901244,2,4,2,155.0901244,3
BTC/USD,1h,BTC/USD_2025-04-01,demand,newer,2025-03-03T01:00:00Z,S2_CLOSE_INVALIDATION,-1.981174589,-1.705902005,S2_CLOSE_INVALIDATION,false,2.004957232,0.05967839403,357,107,false,,false,,false,,false,,false,,0.1739452985,0.0372357412,0.5600296746,0.0372357412,0.7197714465,0.0372357412,,360,300.4957232,360
BTC/USD,1h,BTC/USD_2025-04-01,demand,newer,2025-03-03T21:57:00Z,TARGET,1.404478055,2,TARGET,true,0.8455482792,2,1,9,true,4,true,4,true,6,true,7,true,9,0.8455482792,0.6452556779,0.8455482792,2,0.8455482792,2,15,9,184.5548279,10
BTC/USD,1h,BTC/USD_2025-04-01,demand,newer,2025-03-05T08:00:00Z,TARGET,1.754742941,2,TARGET,true,0.1550581474,2,9,151,true,67,true,73,true,145,true,146,true,151,0.1515651125,0,0.1550581474,0,0.1550581474,0.070685054,,151,115.5058147,152
BTC/USD,1h,BTC/USD_2025-04-01,supply,newer,2025-03-05T12:11:00Z,TARGET,1.501161765,2,TARGET,true,0.8783455882,2,30,92,true,1,true,5,true,57,true,68,true,92,0.1378125,0.3930147059,0.5503125,0.5950551471,0.7169117647,0.5950551471,12,92,187.8345588,93
BTC/USD,1h,BTC/USD_2025-04-01,demand,newer,2025-03-05T16:11:00Z,TARGET,1.754742941,2,TARGET,true,0.1550581474,2,17,75,true,8,true,8,true,8,true,8,true,75,0.1339695314,0.2398783492,0.1339695314,1.596116677,0.1550581474,1.596116677,68,75,115.5058147,76
BTC/USD,1h,BTC/USD_2025-04-01,supply,newer,2025-03-05T21:00:00Z,S2_CLOSE_INVALIDATION,-1.603966912,-1.105128676,S2_CLOSE_INVALIDATION,false,2.659944853,0.9629963235,289,24,true,2,true,5,false,,false,,false,,0.1458272059,0.4387132353,0.4485294118,0.6195588235,0.4485294118,0.9629963235,37,300,365.9944853,300
BTC/USD,1h,BTC/USD_2025-04-01,demand,newer,2025-03-06T12:39:00Z,S2_CLOSE_INVALIDATION,-2.651186255,-1.945472541,S2_CLOSE_INVALIDATION,false,2.255603162,0.403596963,80,52,true,2,false,,false,,false,,false,,0.3288447263,0.3555419537,1.268561085,0.3917980908,1.268561085,0.3917980908,7,81,325.5603162,81
BTC/USD,1h,BTC/USD_2025-04-01,demand,newer,2025-03-06T18:00:00Z,TARGET,1.672281991,2,TARGET,true,1.110866274,2,91,240,true,19,true,108,true,194,true,240,true,240,0.2392869893,0.04249504512,0.3951596026,0.1322492091,0.3951596026,0.2791845678,82,240,211.0866274,241
BTC/USD,1h,BTC/USD_2025-04-01,demand,newer,2025-03-07T16:37:00Z,TARGET,1.428227489,2,TARGET,true,1.488950548,2,42,68,true,2,true,9,true,60,true,67,true,68,0.3722731394,0.3958904559,1.062418754,0.5190238467,1.33894454,0.7807369214,15,68,248.8950548,69
BTC/USD,1h,BTC/USD_2025-04-01,demand,newer,2025-03-07T17:00:00Z,S2_CLOSE_INVALIDATION,-1.100050053,-1.020266052,S2_CLOSE_INVALIDATION,false,1.128981453,0.3169246024,2590,113,true,112,false,,false,,false,,false,,0.2390707967,0,0.3746725736,0,0.429340129,0,,2640,212.8981453,2640
BTC/USD,1h,BTC/USD_2025-04-01,demand,newer,2025-03-09T20:00:00Z,S2_CLOSE_INVALIDATION,-1.961362921,-1.62119681,S2_CLOSE_INVALIDATION,false,2.017370405,0.6928770416,111,32,true,15,true,32,false,,false,,false,,0.5693177473,0,0.5693177473,0.1958950128,0.5693177473,0.4095701098,376,120,301.7370405,120
BTC/USD,1h,BTC/USD_2025-04-01,supply,newer,2025-03-10T09:22:00Z,TARGET,1.387639339,2,TARGET,true,1.749366779,2,2,17,true,6,true,6,true,8,true,9,true,17,1.749366779,0,1.749366779,1.844466198,1.749366779,2,11,17,274.9366779,18
BTC/USD,1h,BTC/USD_2025-04-01,supply,newer,2025-03-10T11:55:00Z,TARGET,1.387639339,2,TARGET,true,1.021462221,2,3,83,true,1,true,16,true,30,true,33,true,83,1.021462221,0.3101498929,1.021462221,0.411318446,1.021462221,0.830308963,2,83,202.1462221,84
BTC/USD,1h,BTC/USD_2025-04-01,supply,newer,2025-03-11T06:07:00Z,S2_CLOSE_INVALIDATION,-1.328054705,-1.016591827,S2_CLOSE_INVALIDATION,false,1.526312389,0.3313778065,163,53,true,51,false,,false,,false,,false,,0.2010079147,0,0.262762074,0,0.262762074,0.1095978033,176,173,252.6312389,173
BTC/USD,1h,BTC/USD_2025-04-01,supply,newer,2025-03-11T18:52:00Z,TARGET,1.387639339,2,TARGET,true,0.5109207709,2,16,93,true,3,true,4,true,23,true,88,true,93,0.1502233099,0.589843989,0.1502233099,0.9536739064,0.5109207709,1.37611502,9,93,151.0920771,94
BTC/USD,1h,BTC/USD_2025-04-01,demand,newer,2025-03-20T05:18:00Z,TARGET,1.216409977,2,TARGET,true,0.1795568721,2,10,208,true,22,true,30,true,42,true,203,true,208,0.1748232528,0.2302218693,0.1795568721,0.2302218693,0.1795568721,0.46329918,92,208,117.9556872,209
BTC/USD,1h,BTC/USD_2025-04-01,supply,newer,2025-03-31T18:30:00Z,TARGET,0.09001401031,2,TARGET,true,1.368161863,2,11,55,true,3,true,4,true,47,true,51,true,55,0.6587134949,0.6649742317,1.368161863,0.6649742317,1.368161863,0.8881465929,9,55,236.8161863,56
BTC/USD,4h,BTC/USD_2025-04-01,supply,newer,2025-01-19T20:04:00Z,TARGET,1.524844696,2,TARGET,true,0.1396630569,2,55,82,true,3,true,11,true,12,true,80,true,82,0.0487390702,0.3287057036,0.0487390702,1.255224703,0.0487390702,1.255224703,16,82,113.9663057,83
BTC/USD,4h,BTC/USD_2025-04-01,supply,newer,2025-01-20T06:51:00Z,S2_CLOSE_INVALIDATION,-1.768172655,-1.447090186,S2_CLOSE_INVALIDATION,false,2.798833469,0,5,0,false,,false,,false,,false,,false,,2.694497059,0,2.798833469,0,2.798833469,0,,309,379.8833469,309
BTC/USD,4h,BTC/USD_2025-04-01,demand,newer,2025-01-20T21:47:00Z,S2_CLOSE_INVALIDATION,-1.269595026,-1.178288334,S2_CLOSE_INVALIDATION,false,1.553500826,1.241736981,9222,1252,true,831,true,928,true,1108,false,,false,,0.04271411334,0.06465529337,0.2256577111,0.07046846546,0.3517633732,0.07046846546,1117,9253,255.3500826,9253
BTC/USD,4h,BTC/USD_2025-04-01,supply,newer,2025-01-28T15:31:00Z,TARGET,1.869581434,2,TARGET,true,1.17050096,2,2861,6973,true,12,true,35,true,325,true,6459,true,6973,0.05609279466,0.1377116689,0.05609279466,0.3503954508,0.05609279466,0.4873900244,,6973,217.050096,6974
BTC/USD,4h,BTC/USD_2025-04-01,demand,newer,2025-02-03T08:04:00Z,S2_CLOSE_INVALIDATION,-1.326281795,-1.262812203,S2_CLOSE_INVALIDATION,false,1.512265416,1.672691353,31651,844,true,389,true,436,true,466,true,709,false,,0.01661744464,0.06940750937,0.01661744464,0.09802978267,0.01661744464,0.1435523602,1645,31676,251.2265416,31676
BTC/USD,4h,BTC/USD_2025-04-01,supply,newer,2025-02-28T15:23:00Z,S2_CLOSE_INVALIDATION,-1.591915794,-1.364483234,S2_CLOSE_INVALIDATION,false,1.678562869,0.5656770751,690,181,true,48,true,179,false,,false,,false,,0.3730797929,0,0.546023922,0.05616930834,0.546023922,0.1032446243,65,757,267.8562869,757
BTC/USD,4h,BTC/USD_2025-04-01,supply,newer,2025-03-01T04:38:00Z,TARGET,1.578775412,2,TARGET,true,0.154816132,2,6,102,true,9,true,12,true,43,true,82,true,102,0.06062894307,0.08872270804,0.154816132,0.7156196461,0.154816132,0.7156196461,28,102,115.4816132,103
BTC/USD,4h,BTC/USD_2025-04-01,supply,newer,2025-03-02T06:46:00Z,TARGET,1.578775412,2,TARGET,true,0.2067327601,2,3,452,true,8,true,27,true,86,true,424,true,452,0.2067327601,0.1015841311,0.2067327601,0.3440187075,0.2067327601,0.5315811268,102,452,120.673276,453
BTC/USD,4h,BTC/USD_2025-04-01,supply,newer,2025-03-11T18:21:00Z,S2_CLOSE_INVALIDATION,-1.571265343,-1.404459606,S2_CLOSE_INVALIDATION,false,1.798160446,1.814880604,4160,2848,true,499,true,582,true,1242,true,2816,false,,0.15331409,0.04388284451,0.15331409,0.1840899457,0.2848213264,0.1840899457,539,4179,279.8160446,4179
BTC/USD,1h,BTC/USD_2025-07-01,demand,newer,2025-05-09T16:07:00Z,TARGET,0.5905469097,2,TARGET,true,1.223774302,2,51,73,true,3,true,4,true,6,true,16,true,73,0.3130138084,0.6042959537,0.3130138084,1.363232499,0.3130138084,1.589983741,7,73,222.3774302,74
BTC/USD,1h,BTC/USD_2025-07-01,demand,newer,2025-05-12T14:30:00Z,TARGET,0.5905469097,2,TARGET,true,0.1744715931,2,0,2,true,0,true,0,true,1,true,1,true,2,0.1744715931,2,0.1744715931,2,0.1744715931,2,1,2,117.4471593,3
BTC/USD,1h,BTC/USD_2025-07-01,demand,newer,2025-05-12T16:00:00Z,TARGET,0.5905469097,2,TARGET,true,0.7351439236,2,5,28,true,1,true,1,true,15,true,18,true,28,0.4390986741,0.7492958392,0.7351439236,0.9968398635,0.7351439236,2,22,28,173.5143924,29
BTC/USD,1h,BTC/USD_2025-07-01,demand,newer,2025-05-12T18:34:00Z,TARGET,1.345241399,2,TARGET,true,1.131262395,2,15,112,true,1,true,7,true,21,true,29,true,112,0.04772786065,0.4566051565,0.6563766491,0.5307622661,1.131262395,1.564758127,7,112,213.1262395,113
BTC/USD,1h,BTC/USD_2025-07-01,supply,newer,2025-05-12T20:53:00Z,TARGET,1.056285767,2,TARGET,true,1.161742645,2,152,288,true,7,true,13,true,27,true,231,true,288,0.4069742522,0.1870618131,0.4069742522,0.622600496,0.4069742522,1.021798365,24,288,216.1742645,289
BTC/USD,1h,BTC/USD_2025-07-01,supply,newer,2025-05-12T22:24:00Z,TARGET,1.056285767,2,TARGET,true,1.161742645,2,61,197,true,98,true,105,true,124,true,140,true,197,0.1252181367,0.2477420935,0.4608884671,0.2477420935,0.5896580228,0.2477420935,149,197,216.1742645,198
BTC/USD,1h,BTC/USD_2025-07-01,supply,newer,2025-05-16T02:00:00Z,TARGET,1.557252967,2,TARGET,true,0.3854297138,2,845,1399,true,18,true,142,true,364,true,383,true,1399,0.1311042706,0.1463326611,0.1311042706,0.1800870396,0.1311042706,0.4942079751,53,1399,138.5429714,1400
BTC/USD,1h,BTC/USD_2025-07-01,demand,newer,2025-05-19T04:07:00Z,TARGET,1.173365534,2,TARGET,true,0.1676633089,2,1,6,true,2,true,2,true,3,true,5,true,6,0.1676633089,1.416074701,0.1676633089,2,0.1676633089,2,5,6,116.7663309,7
BTC/USD,1h,BTC/USD_2025-07-01,demand,newer,2025-05-21T07:31:00Z,TARGET,1.414704496,2,TARGET,true,1.058669154,2,135,431,true,5,true,371,true,375,true,385,true,431,0.2339542242,0.2027725199,0.4102908768,0.288069569,0.4102908768,0.288069569,19,431,205.8669154,432
BTC/USD,1h,BTC/USD_2025-07-01,demand,newer,2025-05-21T17:30:00Z,TARGET,1.414704496,2,TARGET,true,1.026371858,2,26,126,true,0,true,1,true,1,true,2,true,126,0.07283351165,1.836218327,0.3271518576,1.836218327,1.026371858,1.836218327,2,126,202.6371858,127
BTC/USD,1h,BTC/USD_2025-07-01,demand,newer,2025-05-21T19:09:00Z,TARGET,1.414704496,2,TARGET,true,0.1082764107,2,0,27,true,4,true,5,true,21,true,22,true,27,0.1082764107,0.4578772666,0.1082764107,0.7463034592,0.1082764107,2,26,27,110.8276411,28
BTC/USD,1h,BTC/USD_2025-07-01,supply,newer,2025-05-23T17:23:00Z,TARGET,0.6499369554,2,TARGET,true,0.2487134803,2,1,41,true,2,true,10,true,17,true,19,true,41,0.2487134803,0.499333675,0.2487134803,0.9301281394,0.2487134803,1.952455151,4,41,124.871348,42
BTC/USD,1h,BTC/USD_2025-07-01,demand,newer,2025-06-13T00:36:00Z,TARGET,0.5169506894,2,TARGET,true,0.2197912677,2,0,3,true,0,true,1,true,1,true,2,true,3,0.2197912677,2,0.2197912677,2,0.2197912677,2,4,3,121.9791268,4
BTC/USD,1h,BTC/USD_2025-07-01,demand,newer,2025-06-13T02:43:00Z,TARGET,0.5169506894,2,TARGET,true,0.9297204136,2,0,6,true,3,true,4,true,4,true,4,true,6,0.9297204136,1.535522788,0.9297204136,2,0.9297204136,2,7,6,192.9720414,7
BTC/USD,1h,BTC/USD_2025-07-01,demand,newer,2025-06-13T04:07:00Z,TARGET,1.207120565,2,TARGET,true,0.3156556022,2,16,172,true,5,true,23,true,34,true,45,true,172,0.1757090169,0.2243418543,0.1757090169,0.4353300267,0.3156556022,0.8413582602,13,172,131.5655602,173
BTC/USD,1h,BTC/USD_2025-07-01,demand,newer,2025-06-17T02:27:00Z,TARGET,-0.135,2,TARGET,false,1.1862,2,8,24,true,10,true,11,true,14,true,24,true,24,0.7298666667,0.1498,1.1862,1.286133333,1.1862,2,19,24,218.62,25
BTC/USD,1h,BTC/USD_2025-07-01,demand,newer,2025-06-17T06:47:00Z,S2_CLOSE_INVALIDATION,-3.347933333,-1.212933333,S2_CLOSE_INVALIDATION,false,1.789333333,0.8781333333,43,6,true,1,true,4,false,,false,,false,,0.1733333333,0.7990666667,0.1733333333,0.8781333333,0.3333333333,0.8781333333,3,133,278.9333333,133
BTC/USD,1h,BTC/USD_2025-07-01,demand,newer,2025-06-18T19:00:00Z,TARGET,1.207120565,2,TARGET,true,1.034846751,2,0,104,true,5,true,13,true,13,true,99,true,104,1.034846751,0.06694645809,1.034846751,1.350247997,1.034846751,1.350247997,15,104,203.4846751,105
BTC/USD,1h,BTC/USD_2025-07-01,demand,newer,2025-06-20T17:19:00Z,TARGET,0.5169506894,2,TARGET,true,4.379452317,2,18,177,true,40,true,59,true,156,true,167,true,177,2.66076216,0,2.83310992,0,4.379452317,0,41,177,537.9452317,178
BTC/USD,1h,BTC/USD_2025-07-01,demand,newer,2025-06-20T19:00:00Z,TARGET,0.5169506894,2,TARGET,true,1.193843355,2,15,76,true,31,true,46,true,55,true,66,true,76,0.9277096898,0,1.173161624,0,1.193843355,0,133,76,219.3843355,77
BTC/USD,1h,BTC/USD_2025-07-01,supply,newer,2025-06-22T01:00:00Z,TARGET,1.098985708,2,TARGET,true,1.34117268,2,5,741,true,31,true,34,true,68,true,70,true,741,1.168667994,0,1.34117268,0,1.34117268,0.2043404405,75,741,234.117268,742
BTC/USD,1h,BTC/USD_2025-07-01,demand,newer,2025-06-22T16:00:00Z,TARGET,0.4457744757,2,TARGET,true,0.5186824121,2,2,9,true,0,true,0,true,5,true,5,true,9,0.5186824121,0.9704118771,0.5186824121,2,0.5186824121,2,2,9,151.8682412,10
BTC/USD,1h,BTC/USD_2025-07-01,demand,newer,2025-06-22T19:45:00Z,TARGET,0.4457744757,2,TARGET,true,3.817889031,2,33,63,true,1,true,1,true,54,true,56,true,63,0.1521562672,0.7041187714,0.6757874892,0.7041187714,3.357047472,0.7041187714,4,63,481.7889031,64
BTC/USD,1h,BTC/USD_2025-07-01,supply,newer,2025-06-23T17:37:00Z,S2_CLOSE_INVALIDATION,-2.032516167,-1.131501874,S2_CLOSE_INVALIDATION,false,2.204076851,1.568181818,59,15,true,1,true,3,true,14,true,15,false,,0.4175257732,0.8674437676,0.4175257732,1.422826851,1.026710403,1.568181818,9,83,320.4076851,83
BTC/USD,1h,BTC/USD_2025-07-01,demand,newer,2025-06-24T07:37:00Z,TARGET,1.125535573,2,TARGET,true,1.298643663,2,41,546,true,0,true,7,true,111,true,431,true,546,0.006157601309,0.3412198707,0.006157601309,0.6263556431,0.8773472388,0.6263556431,7,546,229.8643663,547
BTC/USD,4h,BTC/USD_2025-07-01,supply,newer,2025-06-23T13:59:00Z,TARGET,1.151091568,2,TARGET,true,0.4725226158,2,1,31,true,1,true,1,true,18,true,24,true,31,0.4725226158,0.6132863753,0.4725226158,0.9871555832,0.4725226158,1.649623645,5,31,147.2522616,32
BTC/USD,1h,BTC/USD_2025-11-01,supply,newer,2025-08-18T12:43:00Z,S2_CLOSE_INVALIDATION,-3.335383721,-2.329476744,S2_CLOSE_INVALIDATION,false,2.450494186,1.50872093,194,76,true,3,true,67,true,76,true,76,false,,0.0363372093,0.4186046512,0.1916860465,0.4186046512,0.8720930233,0.4186046512,39,197,345.0494186,197
BTC/USD,1h,BTC/USD_2025-11-01,demand,newer,2025-08-19T04:08:00Z,TARGET,0.2346503856,2,TARGET,true,0.4498714653,2,1,4,true,1,true,1,true,1,true,2,true,4,0.4498714653,2,0.4498714653,2,0.4498714653,2,3,4,144.9871465,5
BTC/USD,1h,BTC/USD_2025-11-01,demand,newer,2025-08-19T14:31:00Z,S2_CLOSE_INVALIDATION,-2.39105902,-1.086318318,S2_CLOSE_INVALIDATION,false,1.843891187,1.527708409,36,2,true,0,true,1,true,1,true,2,false,,0.2680481156,1.527708409,1.147473168,1.527708409,1.147473168,1.527708409,4,89,284.3891187,89
BTC/USD,1h,BTC/USD_2025-11-01,demand,newer,2025-08-19T19:00:00Z,TARGET,0.7826651281,2,TARGET,true,0.73147034,2,17,38,true,19,true,21,true,24,true,25,true,38,0.5413157091,0,0.6059697204,0.01901905497,0.73147034,1.650239759,49,38,173.147034,39
BTC/USD,1h,BTC/USD_2025-11-01,demand,newer,2025-08-20T00:00:00Z,TARGET,0.7826651281,2,TARGET,true,1.453619727,2,98,200,true,1,true,3,true,6,true,66,true,200,0.4581993858,0.789694869,0.4581993858,1.024855875,0.4581993858,1.024855875,64,200,245.3619727,201
BTC/USD,1h,BTC/USD_2025-11-01,demand,newer,2025-08-21T22:39:00Z,TARGET,1.284074325,2,TARGET,true,0.4291655174,2,66,225,true,82,true,92,true,206,true,215,true,225,0.1029258874,0.0326748849,0.103880673,0.1526383909,0.2154420657,0.1526383909,461,225,142.9165517,226
BTC/USD,1h,BTC/USD_2025-11-01,supply,newer,2025-08-22T14:40:00Z,S2_CLOSE_INVALIDATION,-2.544945793,-1.879787529,S2_CLOSE_INVALIDATION,false,2.39973059,0.752257029,67,3,true,1,true,2,false,,false,,false,,0.07034287734,0.752257029,0.1333963868,0.752257029,1.060397619,0.752257029,6,200,339.973059,200
BTC/USD,1h,BTC/USD_2025-11-01,supply,newer,2025-08-22T15:05:00Z,TARGET,-0.5715798978,2,TARGET,false,5.563642382,2,42,74,true,0,true,2,true,2,true,73,true,74,0.4078187636,1.0990769,3.297304255,1.0990769,3.297304255,1.0990769,3,74,656.3642382,75
BTC/USD,1h,BTC/USD_2025-11-01,demand,newer,2025-08-24T19:37:00Z,TARGET,1.284074325,2,TARGET,true,3.807069657,2,0,196,true,2,true,2,true,2,true,116,true,196,3.807069657,1.106320681,3.807069657,1.28367741,3.807069657,1.28367741,3,196,480.7069657,197
BTC/USD,1h,BTC/USD_2025-11-01,demand,newer,2025-08-24T21:02:00Z,TARGET,1.284074325,2,TARGET,true,0.223101568,2,3,111,true,8,true,8,true,29,true,31,true,111,0.223101568,0.2242473107,0.223101568,0.6432921007,0.223101568,1.074345972,94,111,122.3101568,112
BTC/USD,1h,BTC/USD_2025-11-01,demand,newer,2025-08-25T00:40:00Z,TARGET,1.284074325,2,TARGET,true,0.6690076595,2,3,97,true,1,true,21,true,42,true,83,true,97,0.6690076595,0.3196410006,0.6690076595,0.3196410006,0.6690076595,0.8501623136,6,97,166.900766,98
BTC/USD,1h,BTC/USD_2025-11-01,supply,newer,2025-08-25T02:21:00Z,TARGET,-0.08643218574,2,TARGET,false,0.8426243568,2,50,93,true,3,true,4,true,18,true,71,true,93,0.6755697133,0.7947194315,0.6755697133,0.8749693703,0.6755697133,1.379441313,10,93,184.2624357,94
BTC/USD,1h,BTC/USD_2025-11-01,demand,newer,2025-08-25T05:39:00Z,S2_CLOSE_INVALIDATION,-1.871088944,-1.155163268,S2_CLOSE_INVALIDATION,false,1.522798158,0.3118117587,72,7,true,6,false,,false,,false,,false,,0.2051940337,0,0.2051940337,0.3118117587,0.3953024549,0.3118117587,92,81,252.2798158,81
BTC/USD,1h,BTC/USD_2025-11-01,demand,newer,2025-09-01T21:41:00Z,TARGET,0.6573457792,2,TARGET,true,0.2508325008,2,0,37,true,3,true,3,true,17,true,30,true,37,0.2508325008,0.6337412587,0.2508325008,0.9584165834,0.2508325008,1.358641359,5,37,125.0832501,38
BTC/USD,1h,BTC/USD_2025-11-01,supply,newer,2025-09-02T13:45:00Z,S2_CLOSE_INVALIDATION,-2.488836235,-2.029218579,S2_CLOSE_INVALIDATION,false,2.359196316,0.8212453503,1498,302,true,162,true,272,false,,false,,false,,0.2743614918,0.2017506257,0.6665514333,0.2017506257,0.9763955916,0.2017506257,171,1515,335.9196316,1515
BTC/USD,1h,BTC/USD_2025-11-01,supply,newer,2025-09-02T15:00:00Z,S2_CLOSE_INVALIDATION,-2.488836235,-2.029218579,S2_CLOSE_INVALIDATION,false,2.359196316,0.8212453503,1423,227,true,87,true,197,false,,false,,false,,0.83582007,0,0.83582007,0,1.032122461,0,171,1440,335.9196316,1440
BTC/USD,1h,BTC/USD_2025-11-01,supply,newer,2025-09-05T14:00:00Z,TARGET,0.7850105314,2,TARGET,true,0.08351691652,2,0,11,true,0,true,1,true,2,true,9,true,11,0.08351691652,1.207869898,0.08351691652,2,0.08351691652,2,71,11,108.3516917,12
BTC/USD,1h,BTC/USD_2025-11-01,supply,newer,2025-09-17T23:00:00Z,S2_CLOSE_INVALIDATION,-1.853821889,-1.383818696,S2_CLOSE_INVALIDATION,false,1.806349932,0.617538931,282,84,true,41,true,84,false,,false,,false,,0.4376600421,0,0.5894320145,0,0.5894320145,0.04738925593,123,300,280.6349932,300
BTC/USD,1h,BTC/USD_2025-11-01,demand,newer,2025-09-22T09:31:00Z,TARGET,-1.015867615,2,TARGET,false,1.229770856,2,22,44,true,2,true,3,true,3,true,3,true,44,0.9967776584,1.513515933,0.9967776584,1.513515933,1.229770856,1.513515933,14,44,222.9770856,45
BTC/USD,1h,BTC/USD_2025-11-01,demand,newer,2025-09-22T17:10:00Z,TARGET,-1.015867615,2,TARGET,false,0.537235947,2,1,39,true,4,true,9,true,11,true,12,true,39,0.537235947,0.2755997136,0.537235947,1.585123523,0.537235947,1.585123523,6,39,153.7235947,40
BTC/USD,1h,BTC/USD_2025-11-01,demand,newer,2025-09-25T12:30:00Z,TARGET,-0.170203009,2,TARGET,false,0,2,0,0,true,0,true,0,true,0,true,0,true,0,0,2,0,2,0,2,1,0,100,1
BTC/USD,1h,BTC/USD_2025-11-01,demand,newer,2025-09-25T14:00:00Z,TARGET,-0.170203009,2,TARGET,false,0.5728800313,2,0,15,true,1,true,1,true,9,true,14,true,15,0.5728800313,0.5153705875,0.5728800313,1.517519865,0.5728800313,2,22,15,157.2880031,16
BTC/USD,1h,BTC/USD_2025-11-01,demand,newer,2025-09-25T15:24:00Z,TARGET,0.8096132428,2,TARGET,true,0.5167902779,2,4,35,true,9,true,9,true,16,true,25,true,35,0.5167902779,0,0.5167902779,0.9418818694,0.5167902779,1.705352515,17,35,151.6790278,36
BTC/USD,1h,BTC/USD_2025-11-01,demand,newer,2025-09-25T16:40:00Z,S2_CLOSE_INVALIDATION,-16.74204097,-14.57183796,S2_CLOSE_INVALIDATION,false,15.7417611,0.524423603,77,5,true,5,true,5,false,,false,,false,,0.6207502931,0.1628891494,0.7444314185,0.524423603,2.966393122,0.524423603,19,80,1674.17611,80
BTC/USD,1h,BTC/USD_2025-11-01,demand,newer,2025-09-25T21:33:00Z,TARGET,1.546284216,2,TARGET,true,0.6858103191,2,826,4248,true,14,true,23,true,1193,true,1244,true,4248,0.02060362452,0.08481929381,0.05648844381,0.2592813334,0.05648844381,0.5670813264,141,4248,168.5810319,4249
BTC/USD,1h,BTC/USD_2025-11-01,supply,newer,2025-09-30T21:00:00Z,TARGET,0.5285354938,2,TARGET,true,1.430855624,2,4,93,true,20,true,29,true,58,true,81,true,93,1.430855624,0,1.430855624,0.1799554184,1.430855624,0.5533264746,64,93,243.0855624,94
BTC/USD,1h,BTC/USD_2025-11-01,supply,newer,2025-10-01T02:00:00Z,S2_CLOSE_INVALIDATION,-8.716834877,-7.24537037,S2_CLOSE_INVALIDATION,false,9.30521262,1.391032236,410,113,true,31,true,50,true,109,false,,false,,0.5601851852,0,0.5601851852,0,0.5601851852,0,88,420,1030.521262,420
BTC/USD,1h,BTC/USD_2025-11-01,supply,newer,2025-10-01T16:27:00Z,TARGET,-0.3040753739,2,TARGET,false,2.327141786,2,11,34,true,0,true,1,true,27,true,28,true,34,0.2472382442,0.6163847883,2.327141786,0.6403688858,2.327141786,1.982174862,19,34,332.7141786,35
BTC/USD,1h,BTC/USD_2025-11-01,supply,newer,2025-10-01T19:42:00Z,TARGET,0.4079651921,2,TARGET,true,0.006338965463,2,0,31,true,1,true,2,true,13,true,26,true,31,0.006338965463,0.5033048343,0.006338965463,1.423876018,0.006338965463,1.840849106,5,31,100.6338965,32
BTC/USD,1h,BTC/USD_2025-11-01,supply,newer,2025-10-02T00:03:00Z,TARGET,-0.03599809013,2,TARGET,false,2.368832131,2,5,38,true,0,true,0,true,26,true,30,true,38,1.656423705,0.9088395428,2.368832131,0.9088395428,2.368832131,1.26031185,2,38,336.8832131,39
BTC/USD,1h,BTC/USD_2025-11-01,supply,newer,2025-10-02T03:25:00Z,TARGET,-0.03599809013,2,TARGET,false,0.09922750207,2,0,29,true,1,true,3,true,10,true,24,true,29,0.09922750207,0.6577634617,0.09922750207,1.302214874,0.09922750207,2,6,29,109.9227502,30
BTC/USD,1h,BTC/USD_2025-11-01,supply,newer,2025-10-02T19:07:00Z,TARGET,-0.1498797249,2,TARGET,false,0.9452136017,2,7,78,true,14,true,14,true,15,true,48,true,78,0.5969286413,0.2300850849,0.9452136017,0.7199608669,0.9452136017,1.080993745,16,78,194.5213602,79
BTC/USD,1h,BTC/USD_2025-11-01,demand,newer,2025-10-03T01:53:00Z,TARGET,0.9602076627,2,TARGET,true,2.038804935,2,384,699,true,17,true,21,true,70,true,506,true,699,0.3869224768,0.02337542258,0.3869224768,0.1684821867,0.3869224768,0.6243751625,120,699,303.8804935,700
BTC/USD,1h,BTC/USD_2025-11-01,supply,newer,2025-10-03T16:33:00Z,TARGET,1.391884707,2,TARGET,true,0.05243433434,2,3,26,true,2,true,13,true,15,true,19,true,26,0.05243433434,0.2853612634,0.05243433434,0.9114638737,0.05243433434,2,14,26,105.2434334,27
BTC/USD,1h,BTC/USD_2025-11-01,demand,newer,2025-10-04T04:00:00Z,S2_CLOSE_INVALIDATION,-1.52409531,-1.038078845,S2_CLOSE_INVALIDATION,false,1.123690047,0.5842971103,895,85,true,70,true,81,false,,false,,false,,0.163271656,0,0.163271656,0,0.1845619145,0.02522922114,741,900,212.3690047,900
BTC/USD,1h,BTC/USD_2025-11-01,demand,newer,2025-10-07T14:14:00Z,TARGET,0.599661597,2,TARGET,true,0.04942965779,2,0,8,true,0,true,1,true,4,true,6,true,8,0.04942965779,1.068441065,0.04942965779,2,0.04942965779,2,6,8,104.9429658,9
BTC/USD,1h,BTC/USD_2025-11-01,demand,newer,2025-10-07T15:37:00Z,TARGET,-0.2835217555,2,TARGET,false,5.441677875,2,48,69,true,4,true,5,true,6,true,69,true,69,3.108980575,0.4322625043,3.108980575,1.402327255,3.108980575,1.402327255,5,69,644.1677875,70
BTC/USD,1h,BTC/USD_2025-11-01,demand,newer,2025-10-10T19:20:00Z,TARGET,-0.009391366906,2,TARGET,false,2.444776978,2,2,5,true,4,true,4,true,5,true,5,true,5,2.444776978,0.7985611511,2.444776978,2,2.444776978,2,4,5,344.4776978,6
BTC/USD,1h,BTC/USD_2025-11-01,demand,newer,2025-10-10T20:56:00Z,TARGET,1.058197452,2,TARGET,true,0,2,0,0,true,0,true,0,true,0,true,0,true,0,0,2,0,2,0,2,0,0,100,1
BTC/USD,1h,BTC/USD_2025-11-01,demand,newer,2025-10-10T21:17:00Z,TARGET,1.352834983,2,TARGET,true,0,2,0,0,true,0,true,0,true,0,true,0,true,0,0,2,0,2,0,2,0,0,100,1
BTC/USD,1h,BTC/USD_2025-11-01,demand,newer,2025-10-10T22:02:00Z,TARGET,1.058197452,2,TARGET,true,6.14023984,2,3,46,true,0,true,1,true,9,true,10,true,46,6.14023984,0.6756884299,6.14023984,1.963552076,6.14023984,1.963552076,4,46,714.023984,47
BTC/USD,1h,BTC/USD_2025-11-01,demand,newer,2025-10-11T00:16:00Z,TARGET,0.2775896034,2,TARGET,true,0,2,0,0,true,0,true,0,true,0,true,0,true,0,0,2,0,2,0,2,0,0,100,1
BTC/USD,1h,BTC/USD_2025-11-01,supply,newer,2025-10-11T02:39:00Z,S2_CLOSE_INVALIDATION,-1.353467321,-1.144456762,S2_CLOSE_INVALIDATION,false,1.366000483,1.816327795,2286,1110,true,42,true,261,true,282,true,1097,false,,0.3366570259,0,0.497662061,0,0.5128168604,0.1276731468,348,2481,236.6000483,2481
BTC/USD,1h,BTC/USD_2025-11-01,demand,newer,2025-10-13T10:15:00Z,S2_CLOSE_INVALIDATION,-1.553411648,-1.054621089,S2_CLOSE_INVALIDATION,false,1.869958401,0.2063664315,74,8,false,,false,,false,,false,,false,,0.1238777356,0.1521070718,0.1238777356,0.2063664315,0.2438560318,0.2063664315,,105,286.9958401,105
BTC/USD,1h,BTC/USD_2025-11-01,demand,newer,2025-10-13T15:00:00Z,TARGET,1.280476814,2,TARGET,true,0.04973910116,2,0,68,true,1,true,5,true,10,true,50,true,68,0.04973910116,0.4551843124,0.04973910116,1.279961286,0.04973910116,1.279961286,15,68,104.9739101,69
BTC/USD,1h,BTC/USD_2025-11-01,demand,newer,2025-10-14T06:47:00Z,S2_CLOSE_INVALIDATION,-3.923504906,-2.921887154,S2_CLOSE_INVALIDATION,false,4.750822713,1.776311853,227,40,true,1,true,2,true,6,true,6,false,,0.7336803686,0.6707353557,0.7336803686,1.660234548,0.7336803686,1.665290492,5,253,575.0822713,253
BTC/USD,1h,BTC/USD_2025-11-01,demand,newer,2025-10-14T08:01:00Z,S2_CLOSE_INVALIDATION,-3.923504906,-2.921887154,S2_CLOSE_INVALIDATION,false,4.750822713,1.614760965,153,30,true,2,true,7,true,27,true,29,false,,0.2145635134,0.4420211811,0.2591395919,0.9116855143,0.2591395919,1.525010471,27,179,575.0822713,179
BTC/USD,1h,BTC/USD_2025-11-01,supply,newer,2025-10-14T14:16:00Z,TARGET,0.9288106231,2,TARGET,true,1.191580057,2,3,56,true,10,true,11,true,15,true,53,true,56,1.191580057,0.05895876239,1.191580057,0.6251097594,1.191580057,1.491338985,12,56,219.1580057,57
BTC/USD,1h,BTC/USD_2025-11-01,demand,newer,2025-10-16T16:30:00Z,TARGET,1.352834983,2,TARGET,true,0.5450145015,2,5,25,true,7,true,11,true,11,true,20,true,25,0.5401540154,0.1080508051,0.5450145015,1.116891689,0.5450145015,2,20,25,154.5014501,26
BTC/USD,1h,BTC/USD_2025-11-01,demand,newer,2025-10-16T18:06:00Z,TARGET,1.352834983,2,TARGET,true,0.8461846185,2,148,416,true,2,true,11,true,29,true,35,true,416,0.2587458746,0.3216121612,0.3401340134,0.5319531953,0.3401340134,1.02670267,17,416,184.6184618,417
BTC/USD,1h,BTC/USD_2025-11-01,demand,newer,2025-10-20T00:23:00Z,TARGET,0.5238527153,2,TARGET,true,1.088590236,2,10,17,true,1,true,2,true,17,true,17,true,17,0.6429877491,0.5167306637,1.088590236,0.8614920461,1.088590236,2,4,17,208.8590236,18
BTC/USD,1h,BTC/USD_2025-11-01,supply,newer,2025-10-20T07:15:00Z,TARGET,1.159524985,2,TARGET,true,0.9715612377,2,516,568,true,23,true,39,true,121,true,123,true,568,0.07649523714,0.1771382552,0.3174948722,0.2451899483,0.3174948722,0.4316525941,105,568,197.1561238,568
BTC/USD,1h,BTC/USD_2025-11-01,demand,newer,2025-10-21T06:00:00Z,TARGET,0.5238527153,2,TARGET,true,0.646690437,2,3,22,true,7,true,17,true,19,true,20,true,22,0.646690437,0,0.646690437,0.4083927592,0.646690437,2,30,22,164.6690437,23
BTC/USD,1h,BTC/USD_2025-11-01,demand,newer,2025-10-21T08:37:00Z,TARGET,0.5238527153,2,TARGET,true,0.7151215944,2,9,118,true,17,true,18,true,55,true,118,true,118,0.2385262388,0.2071219601,0.7151215944,0.2071219601,0.7151215944,0.9132839642,31,118,171.5121594,119
BTC/USD,1h,BTC/USD_2025-11-01,demand,newer,2025-10-21T10:22:00Z,TARGET,0.5238527153,2,TARGET,true,0.277290181,2,3,13,true,8,true,11,true,12,true,13,true,13,0.277290181,0,0.277290181,2,0.277290181,2,22,13,127.7290181,14
BTC/USD,1h,BTC/USD_2025-11-01,supply,newer,2025-10-21T15:28:00Z,TARGET,1.138377502,2,TARGET,true,2.39721573,2,68,109,true,7,true,9,true,89,true,91,true,109,0.7790874911,0.2447921959,0.7790874911,0.8526318464,1.273397012,0.8526318464,14,109,339.721573,110
BTC/USD,1h,BTC/USD_2025-11-01,demand,newer,2025-10-22T06:39:00Z,S2_CLOSE_INVALIDATION,-1.836295803,-1.313710945,S2_CLOSE_INVALIDATION,false,2.18658335,1.840330579,872,508,true,60,true,109,true,439,true,439,false,,0.1243862125,0.1549123161,0.1243862125,0.1549123161,0.6313968958,0.1549123161,485,921,318.658335,921
BTC/USD,1h,BTC/USD_2025-11-01,supply,newer,2025-10-23T13:39:00Z,S2_CLOSE_INVALIDATION,-2.7556217,-2.301969335,S2_CLOSE_INVALIDATION,false,2.373594071,1.173803839,259,36,true,2,true,3,true,36,false,,false,,0.105339424,0.5445412015,0.105339424,0.5445412015,0.105339424,0.7852775976,96,261,337.3594071,261
BTC/USD,1h,BTC/USD_2025-11-01,demand,newer,2025-10-24T13:48:00Z,TARGET,0.1382262614,2,TARGET,true,0.4119563996,2,0,5,true,1,true,1,true,2,true,4,true,5,0.4119563996,1.64737611,0.4119563996,2,0.4119563996,2,4,5,141.19564,6
BTC/USD,1h,BTC/USD_2025-11-01,demand,newer,2025-10-24T14:27:00Z,TARGET,1.233025666,2,TARGET,true,0.1645103816,2,0,238,true,1,true,1,true,32,true,45,true,238,0.1645103816,0.7204942182,0.1645103816,0.9840462078,0.1645103816,0.9840462078,10,238,116.4510382,239
BTC/USD,1h,BTC/USD_2025-11-01,demand,newer,2025-10-27T10:02:00Z,S2_CLOSE_INVALIDATION,-2.114471443,-1.017624923,S2_CLOSE_INVALIDATION,false,1.989567951,1.332269487,258,17,true,3,true,4,true,16,false,,false,,0.03047047429,0.8196541704,0.03047047429,0.8558567141,0.03047047429,1.332269487,100,298,298.9567951,298
BTC/USD,1h,BTC/USD_2025-11-01,demand,newer,2025-10-28T19:29:00Z,S2_CLOSE_INVALIDATION,-5.078596974,-3.709507855,S2_CLOSE_INVALIDATION,false,5.648516341,1.641133158,64,7,true,2,true,3,true,6,true,6,false,,0.5740224304,0.8008546837,0.5740224304,1.641133158,0.6663924724,1.641133158,11,91,664.8516341,91
BTC/USD,1h,BTC/USD_2025-11-01,demand,newer,2025-10-28T20:32:00Z,TARGET,0.234540963,2,TARGET,true,0.2904982588,2,1,7,true,0,true,1,true,2,true,7,true,7,0.2904982588,1.321263059,0.2904982588,2,0.2904982588,2,5,7,129.0498259,8
BTC/USD,1h,BTC/USD_2025-11-01,demand,newer,2025-10-29T23:41:00Z,TARGET,1.233025666,2,TARGET,true,0.1565451306,2,28,124,true,1,true,2,true,34,true,50,true,124,0.08716360206,0.6529991965,0.08716360206,0.8253933134,0.1565451306,0.8924691114,5,124,115.6545131,125
BTC/USD,1h,BTC/USD_2025-11-01,demand,newer,2025-10-30T19:22:00Z,TARGET,1.250389643,2,TARGET,true,0.940053156,2,18,90,true,2,true,3,true,9,true,73,true,90,0.1074476929,0.8513037268,0.1074476929,1.049198562,0.940053156,1.049198562,32,90,194.0053156,91
BTC/USD,4h,BTC/USD_2025-11-01,demand,newer,2025-08-20T01:38:00Z,TARGET,1.522745942,2,TARGET,true,0.4678899083,2,758,818,true,11,true,12,true,74,true,338,true,818,0.2053493296,0.02892025406,0.2053493296,0.594848271,0.2053493296,0.6489343684,233,818,146.7889908,819
BTC/USD,4h,BTC/USD_2025-11-01,supply,newer,2025-08-22T15:01:00Z,S2_CLOSE_INVALIDATION,-1.9884793,-1.277208146,S2_CLOSE_INVALIDATION,false,2.282283874,0.3942964307,193,114,true,79,false,,false,,false,,false,,0.4903887315,0,0.9252502191,0,1.383227674,0,101,539,328.2283874,539
BTC/USD,4h,BTC/USD_2025-11-01,demand,newer,2025-08-24T19:37:00Z,TARGET,1.047955777,2,TARGET,true,0,2,0,0,true,0,true,0,true,0,true,0,true,0,0,2,0,2,0,2,0,0,100,1
BTC/USD,4h,BTC/USD_2025-11-01,demand,newer,2025-08-25T12:00:00Z,TARGET,1.047955777,2,TARGET,true,1.833095578,2,106,136,true,1,true,23,true,28,true,128,true,136,0.07249643367,0.4623680456,0.452211127,0.4623680456,0.452211127,1.289557775,104,136,283.3095578,137
BTC/USD,4h,BTC/USD_2025-11-01,supply,newer,2025-08-25T16:16:00Z,TARGET,1.671874716,2,TARGET,true,0.2663437081,2,6,224,true,46,true,179,true,195,true,204,true,224,0.1424188882,0.05263771042,0.2663437081,0.05529774965,0.2663437081,0.09976117896,178,224,126.6343708,225
BTC/USD,4h,BTC/USD_2025-11-01,demand,newer,2025-08-26T01:01:00Z,TARGET,1.347366267,2,TARGET,true,0.1003611842,2,0,20,true,1,true,1,true,3,true,5,true,20,0.1003611842,1.321944192,0.1003611842,1.907342745,0.1003611842,2,9,20,110.0361184,21
BTC/USD,4h,BTC/USD_2025-11-01,supply,newer,2025-08-28T04:38:00Z,TARGET,1.671874716,2,TARGET,true,0.7989728754,2,525,1596,true,671,true,904,true,1242,true,1537,true,1596,0.1049356348,0.08383006815,0.3952099878,0.08383006815,0.4825835388,0.08383006815,762,1596,179.8972875,1597
BTC/USD,4h,BTC/USD_2025-11-01,demand,newer,2025-08-29T20:06:00Z,TARGET,1.408575893,2,TARGET,true,1.145093707,2,353,1716,true,85,true,86,true,197,true,1159,true,1716,0.4880001461,0,0.4880001461,0,0.4880001461,0.1135718394,101,1716,214.5093707,1717
BTC/USD,4h,BTC/USD_2025-11-01,supply,newer,2025-09-05T12:20:00Z,TARGET,1.671874716,2,TARGET,true,0.7006485059,2,35,137,true,1,true,11,true,118,true,124,true,137,0.02358115061,0.2617129099,0.6670388133,0.6047317632,0.6670388133,0.6047317632,343,137,170.0648506,138
BTC/USD,4h,BTC/USD_2025-11-01,demand,newer,2025-09-25T17:55:00Z,TARGET,1.620915283,2,TARGET,true,0.4974941917,2,1044,4475,true,22,true,25,true,85,true,4212,true,4475,0.4581776256,0.006575936129,0.4842380315,0.007746278947,0.4842380315,0.6904732936,47,4475,149.7494192,4476
BTC/USD,4h,BTC/USD_2025-11-01,supply,newer,2025-10-03T16:33:00Z,TARGET,1.39258398,2,TARGET,true,0.0535185942,2,3,26,true,2,true,13,true,15,true,19,true,26,0.0535185942,0.2838904781,0.0535185942,0.9092766653,0.0535185942,2,14,26,105.3518594,27
BTC/USD,4h,BTC/USD_2025-11-01,demand,newer,2025-10-07T15:07:00Z,S2_CLOSE_INVALIDATION,-2.056011546,-1.152250074,S2_CLOSE_INVALIDATION,false,3.772969506,0.6589361492,201,15,true,1,true,10,false,,false,,false,,1.007228856,0.3107174578,1.007228856,0.5738428896,1.007228856,0.6589361492,3,293,477.2969506,293
BTC/USD,4h,BTC/USD_2025-11-01,demand,newer,2025-10-09T16:58:00Z,TARGET,0.9917845197,2,TARGET,true,0.8854805726,2,2,52,true,2,true,3,true,14,true,22,true,52,0.8854805726,0.5839146147,0.8854805726,1.036025436,0.8854805726,1.549962182,6,52,188.5480573,53
BTC/USD,4h,BTC/USD_2025-11-01,demand,newer,2025-10-10T15:34:00Z,TARGET,0.9068346186,2,TARGET,true,0.3219760976,2,0,4,true,1,true,1,true,1,true,1,true,4,0.3219760976,2,0.3219760976,2,0.3219760976,2,4,4,132.1976098,5
BTC/USD,4h,BTC/USD_2025-11-01,demand,newer,2025-10-17T00:00:00Z,S2_CLOSE_INVALIDATION,-4.336992932,-3.957908215,S2_CLOSE_INVALIDATION,false,4.064119723,0.2208529598,478,238,false,,false,,false,,false,,false,,1.287846395,0,1.292017914,0,1.292017914,0,,480,506.4119723,480
BTC/USD,4h,BTC/USD_2025-11-01,demand,newer,2025-10-17T12:00:00Z,TARGET,1.294626179,2,TARGET,true,2.898252746,2,155,237,true,6,true,7,true,226,true,233,true,237,0.612671754,0.09371632955,0.612671754,0.5161229409,0.748342164,0.5161229409,279,237,389.8252746,238
BTC/USD,4h,BTC/USD_2025-11-01,supply,newer,2025-10-21T15:07:00Z,TARGET,1.496916259,2,TARGET,true,1.628276917,2,89,210,true,0,true,1,true,131,true,131,true,210,0.03294369272,0.5811190161,0.03294369272,0.9709774682,0.6822077324,0.9709774682,2,210,262.8276917,211
BTC/USD,4h,BTC/USD_2025-11-01,demand,newer,2025-10-21T23:40:00Z,TARGET,1.590290285,2,TARGET,true,2.018006824,2,1291,1836,true,3,true,154,true,921,true,1835,true,1836,0.278352076,0.3029876822,0.278352076,0.4498552516,0.278352076,0.4498552516,13,1836,301.8006824,1837
BTC/USD,4h,BTC/USD_2025-11-01,demand,newer,2025-10-22T21:11:00Z,TARGET,1.415655351,2,TARGET,true,0.409193203,2,0,239,true,1,true,3,true,51,true,135,true,239,0.409193203,0.5014350144,0.409193203,0.754179764,0.409193203,0.754179764,11,239,140.9193203,240
BTC/USD,4h,BTC/USD_2025-11-01,demand,newer,2025-10-23T00:00:00Z,TARGET,1.590290285,2,TARGET,true,0.9668497834,2,4,376,true,76,true,201,true,373,true,375,true,376,0.9668497834,0,0.9668497834,0,0.9668497834,0,1546,376,196.6849783,377
BTC/USD,4h,BTC/USD_2025-11-01,demand,newer,2025-10-29T20:00:00Z,S2_CLOSE_INVALIDATION,-2.930300573,-2.653617301,S2_CLOSE_INVALIDATION,false,2.972590095,0.7463752147,1187,95,true,26,true,50,false,,false,,false,,0.2877333189,0,0.4151527878,0,0.4151527878,0.3705784272,298,1200,397.2590095,1200
BTC/USD,4h,BTC/USD_2025-11-01,demand,newer,2025-10-30T20:00:00Z,TARGET,1.415655351,2,TARGET,true,1.047924924,2,4,214,true,10,true,26,true,36,true,85,true,214,1.047924924,0,1.047924924,0.3540157624,1.047924924,0.5960092934,98,214,204.7924924,215
USD/JPY,1h,USD/JPY_2022-11-01,demand,older,2022-09-07T18:00:00Z,S2_CLOSE_INVALIDATION,-1.588690353,-1.528311855,S2_CLOSE_INVALIDATION,false,1.679258099,0.132096832,118,60,false,,false,,false,,false,,false,,0.6981075115,0,0.6981075115,0,0.6981075115,0,,120,267.9258099,120
USD/JPY,1h,USD/JPY_2022-11-01,demand,older,2022-09-08T04:04:00Z,TARGET,1.753827217,2,TARGET,true,1.154011847,2,18,28,true,1,true,1,true,8,true,9,true,28,0.07700592353,0.7692130164,0.07700592353,1.922994076,1.154011847,2,2,28,215.4011847,29
USD/JPY,1h,USD/JPY_2022-11-01,supply,older,2022-09-09T01:00:00Z,TARGET,1.957894183,2,TARGET,true,0.1316201529,2,3,186,true,16,true,21,true,137,true,142,true,186,0.1316201529,0.1052513849,0.1316201529,0.2105159278,0.1316201529,0.5262832406,805,186,113.1620153,187
USD/JPY,1h,USD/JPY_2022-11-01,demand,older,2022-09-09T10:08:00Z,TARGET,1.847611791,2,TARGET,true,1.857183675,2,38,63,true,1,true,2,true,6,true,63,true,63,0.523786847,0.7142721082,0.523786847,1.285918377,0.9047573694,1.285918377,6,63,285.7183675,64
USD/JPY,1h,USD/JPY_2022-11-01,supply,older,2022-09-11T22:36:00Z,S2_CLOSE_INVALIDATION,-2.574651584,-2.374664083,S2_CLOSE_INVALIDATION,false,4.1248047,1.374976564,108,85,true,1,true,2,true,3,false,,false,,0.00006249609419,1.12511718,0.00006249609419,1.12511718,0.7498906318,1.12511718,10,144,512.48047,143
USD/JPY,1h,USD/JPY_2022-11-01,supply,older,2022-09-12T03:00:00Z,S2_CLOSE_INVALIDATION,-2.808,-2.68,S2_CLOSE_INVALIDATION,false,3.24,0.91992,106,17,true,7,true,13,false,,false,,false,,0.68,0,0.68,0.76,0.68,0.91992,34,120,424,120
USD/JPY,1h,USD/JPY_2022-11-01,supply,older,2022-09-12T18:20:00Z,S2_CLOSE_INVALIDATION,-1.353832545,-1.230760355,S2_CLOSE_INVALIDATION,false,1.461520711,0.153878697,59,1,false,,false,,false,,false,,false,,0.2307988154,0.153878697,1,0.153878697,1.153763317,0.153878697,,100,246.1520711,100
USD/JPY,1h,USD/JPY_2022-11-01,supply,older,2022-09-13T07:11:00Z,TARGET,1.879245283,2,TARGET,true,0.09426415094,2,0,139,true,2,true,4,true,11,true,22,true,139,0.09426415094,0.5095849057,0.09426415094,1.113358491,0.09426415094,1.641584906,8,139,109.4264151,140
USD/JPY,1h,USD/JPY_2022-11-01,demand,older,2022-09-13T23:41:00Z,TARGET,1.84,2,TARGET,true,0.7,2,2,36,true,1,true,5,true,7,true,10,true,36,0.7,0.3,0.7,1.7,0.7,1.7501,2,36,170,37
USD/JPY,1h,USD/JPY_2022-11-01,demand,older,2022-09-14T00:44:00Z,S2_CLOSE_INVALIDATION,-1.440426966,-1.40447191,S2_CLOSE_INVALIDATION,false,1.584269663,1.359550562,262,49,true,10,true,11,true,27,false,,false,,0.2584269663,0.1348314607,0.2584269663,0.5281123596,0.2584269663,1.089910112,82,376,258.4269663,371
USD/JPY,1h,USD/JPY_2022-11-01,supply,older,2022-09-16T02:48:00Z,TARGET,1.866666667,2,TARGET,true,0.1666666667,2,2,119,true,8,true,13,true,28,true,104,true,115,0.1666666667,0.2499166667,0.1666666667,0.5833333333,0.1666666667,1.041583333,13,119,116.6666667,120
USD/JPY,1h,USD/JPY_2022-11-01,supply,older,2022-09-16T06:00:00Z,TARGET,1.866666667,2,TARGET,true,1.833416667,2,46,84,true,69,true,69,true,79,true,82,true,84,1.083333333,0,1.416666667,0,1.416666667,0.08333333333,94,84,283.3416667,85
USD/JPY,1h,USD/JPY_2022-11-01,supply,older,2022-09-16T08:15:00Z,TARGET,1.866666667,2,TARGET,true,0.1666666667,2,1,61,true,2,true,2,true,6,true,14,true,60,0.1666666667,0.5833333333,0.1666666667,1.583333333,0.1666666667,1.75,36,61,116.6666667,62
USD/JPY,1h,USD/JPY_2022-11-01,supply,older,2022-09-19T08:00:00Z,S2_CLOSE_INVALIDATION,-1.466583333,-1.33325,S2_CLOSE_INVALIDATION,false,1.416666667,0.9165833333,239,40,true,25,true,25,false,,false,,false,,0.5,0,0.5,0.08333333333,0.5,0.6666666667,64,240,241.6666667,240
USD/JPY,1h,USD/JPY_2022-11-01,demand,older,2022-09-21T18:43:00Z,TARGET,1.938460355,2,TARGET,true,1.153887575,2,15,233,true,4,true,6,true,62,true,167,true,233,0.7308025154,0.3076789938,0.923113906,0.8269197485,1.153887575,0.8269197485,6,233,215.3887575,231
USD/JPY,1h,USD/JPY_2022-11-01,supply,older,2022-09-21T22:44:00Z,S2_CLOSE_INVALIDATION,-1.276923077,-1.153846154,S2_CLOSE_INVALIDATION,false,2.153769231,0.9230769231,47,121,true,75,true,75,false,,false,,false,,0.6538461538,0.00007692307695,1.307769231,0.00007692307695,1.307769231,0.00007692307695,94,136,315.3769231,135
USD/JPY,1h,USD/JPY_2022-11-01,demand,older,2022-09-22T08:41:00Z,TARGET,1.847611791,2,TARGET,true,9.28601362,2,4,11,true,8,true,8,true,8,true,8,true,11,9.28601362,0,9.28601362,2,9.28601362,2,8,11,1028.601362,12
USD/JPY,1h,USD/JPY_2022-11-01,supply,older,2022-09-23T09:00:00Z,S2_CLOSE_INVALIDATION,-1.206623885,-1.185431692,S2_CLOSE_INVALIDATION,false,1.337763826,0.3509758343,3618,57,true,57,false,,false,,false,,false,,0.4172411738,0,0.4172411738,0,0.4304730495,0,512,3660,233.7763826,724
USD/JPY,1h,USD/JPY_2022-11-01,demand,older,2022-09-26T12:48:00Z,TARGET,1.901542975,2,TARGET,true,0.2922786002,2,3,70,true,1,true,7,true,18,true,27,true,70,0.2922786002,0.3230778035,0.2922786002,0.630817541,0.2922786002,1.553796764,6,70,129.22786,71
USD/JPY,1h,USD/JPY_2022-11-01,demand,older,2022-09-26T13:00:00Z,TARGET,1.952238806,2,TARGET,true,0.1342985075,2,1,186,true,6,true,15,true,67,true,155,true,186,0.1342985075,0.1045074627,0.1342985075,0.4626925373,0.1342985075,0.6417910448,87,186,113.4298507,187
USD/JPY,1h,USD/JPY_2022-11-01,demand,older,2022-10-06T00:01:00Z,TARGET,1.872,2,TARGET,true,0.20008,2,5,84,true,2,true,19,true,52,true,55,true,84,0.04,0.28008,0.20008,0.40008,0.20008,0.68,78,84,120.008,85
USD/JPY,1h,USD/JPY_2022-11-01,supply,older,2022-10-06T15:00:00Z,S2_CLOSE_INVALIDATION,-1.305882353,-1.117647059,S2_CLOSE_INVALIDATION,false,2.411729412,1.352941176,81,29,true,6,true,7,true,28,false,,false,,0.2941176471,0.05870588235,0.2941176471,0.8823529412,0.2941176471,1.352941176,81,180,341.1729412,180
USD/JPY,1h,USD/JPY_2022-11-01,supply,older,2022-10-10T15:01:00Z,TARGET,1.893333333,2,TARGET,true,0.8,2,876,1545,true,36,true,63,true,560,true,1029,true,1541,0.2,0.1999333333,0.4666666667,0.1999333333,0.5334,0.1999333333,65,1545,180,1546
USD/JPY,1h,USD/JPY_2022-11-01,supply,older,2022-10-11T22:00:00Z,S2_CLOSE_INVALIDATION,-2.606666667,-2.5,S2_CLOSE_INVALIDATION,false,3.066666667,0.1333333333,124,2,false,,false,,false,,false,,false,,0.3666666667,0.1333333333,0.5666666667,0.1333333333,0.5666666667,0.1333333333,,180,406.6666667,179
USD/JPY,1h,USD/JPY_2022-11-01,demand,older,2022-10-18T00:59:00Z,TARGET,1.881481481,2,TARGET,true,0.5555555556,2,28,381,true,2,true,5,true,64,true,369,true,381,0.1111111111,0.4445185185,0.1111111111,0.7037037037,0.5555555556,0.9258518519,9,381,155.5555556,381
USD/JPY,1h,USD/JPY_2022-11-01,demand,older,2022-10-20T09:35:00Z,S2_CLOSE_INVALIDATION,-2.355555556,-2,S2_CLOSE_INVALIDATION,false,2.888666667,1.111111111,80,45,true,4,true,8,true,45,false,,false,,0.6666666667,0.4444444444,0.6666666667,0.6666666667,1,0.7777777778,7,85,388.8666667,85
USD/JPY,1h,USD/JPY_2022-11-01,demand,older,2022-10-21T14:52:00Z,TARGET,1.847619048,2,TARGET,true,0,2,0,0,true,0,true,0,true,0,true,0,true,0,0,2,0,2,0,2,1,0,100,1
USD/JPY,1h,USD/JPY_2022-11-01,demand,older,2022-10-23T22:00:00Z,S2_CLOSE_INVALIDATION,-1.045502646,-1.037037037,S2_CLOSE_INVALIDATION,false,1.35978836,0.7751269841,104,93,true,3,true,53,false,,false,,false,,0.0925962963,0.4126984127,0.0925962963,0.4153439153,0.0925962963,0.4179920106,3316,4140,235.978836,4122
USD/JPY,1h,USD/JPY_2022-11-01,demand,older,2022-10-26T22:17:00Z,S2_CLOSE_INVALIDATION,-2.159987999,-1.999979999,S2_CLOSE_INVALIDATION,false,1.999979999,1.650132507,102,59,true,3,true,3,true,44,true,56,false,,0.2999649982,0.7000850043,0.2999649982,0.7000850043,0.2999649982,0.7000850043,8,103,299.9979999,102
USD/JPY,1h,USD/JPY_2022-11-01,supply,older,2022-10-28T00:50:00Z,TARGET,1.925581395,2,TARGET,true,1.581395349,2,123,193,true,36,true,61,true,126,true,126,true,193,0.488372093,0,0.9767906977,0,0.9767906977,0,92,193,258.1395349,194
USD/JPY,1h,USD/JPY_2022-11-01,supply,older,2022-10-28T06:13:00Z,S2_CLOSE_INVALIDATION,-2.841865116,-2.767446512,S2_CLOSE_INVALIDATION,false,2.906976744,0.7209302326,79,31,true,14,true,30,false,,false,,false,,0.1627906977,0.1162325581,0.1627906977,0.2557674419,0.1627906977,0.488372093,54,107,390.6976744,107
USD/JPY,1h,USD/JPY_2022-11-01,supply,older,2022-10-31T00:52:00Z,TARGET,1.90724799,2,TARGET,true,0.44922697,2,7,192,true,37,true,37,true,80,true,177,true,192,0.3043599242,0.2463551359,0.44922697,0.2463551359,0.44922697,0.2463551359,64,192,144.922697,193
USD/JPY,1h,USD/JPY_2022-11-01,demand,older,2022-10-31T23:06:00Z,TARGET,1.753846154,2,TARGET,true,0.6152307692,2,8,34,true,2,true,24,true,25,true,28,true,34,0.07692307692,0.3076923077,0.6152307692,0.3076923077,0.6152307692,1.538615385,5,34,161.5230769,35
USD/JPY,4h,USD/JPY_2022-11-01,demand,older,2022-09-09T04:08:00Z,TARGET,1.847626304,2,TARGET,true,3.476072568,2,6,117,true,1,true,1,true,114,true,115,true,117,1.809580496,0.5237369649,3.476072568,0.5237369649,3.476072568,0.5237369649,2,117,447.6072568,118
USD/JPY,4h,USD/JPY_2022-11-01,demand,older,2022-09-22T12:48:00Z,TARGET,1.91111358,2,TARGET,true,0.4444598761,2,0,12,true,2,true,2,true,5,true,5,true,12,0.4444598761,0.9443904336,0.4444598761,2,0.4444598761,2,6,12,144.4459876,13
USD/JPY,4h,USD/JPY_2022-11-01,supply,older,2022-09-27T17:00:00Z,TARGET,1.969953052,2,TARGET,true,0.765258216,2,8204,10508,true,423,true,525,true,1244,true,1459,true,10508,0.1830985915,0,0.2018779343,0.06103286385,0.2018779343,0.06103286385,785,10508,176.5258216,7584
USD/JPY,4h,USD/JPY_2022-11-01,supply,older,2022-10-06T16:00:00Z,S2_CLOSE_INVALIDATION,-1.73877551,-1.673469388,S2_CLOSE_INVALIDATION,false,2.081632653,0.8979183673,1638,981,true,534,true,977,false,,false,,false,,0.08163265306,0.2040816327,0.5102326531,0.2040816327,0.5306,0.2040816327,726,1680,308.1632653,1676
USD/JPY,4h,USD/JPY_2022-11-01,demand,older,2022-10-18T09:04:00Z,TARGET,1.85453223,2,TARGET,true,0,2,0,0,true,0,true,0,true,0,true,0,true,0,0,2,0,2,0,2,0,0,100,1
USD/JPY,4h,USD/JPY_2022-11-01,demand,older,2022-10-27T00:00:00Z,S2_CLOSE_INVALIDATION,-3.328561837,-3.21427449,S2_CLOSE_INVALIDATION,false,7.499978571,1.642937756,345,152,true,35,true,51,true,138,true,152,false,,0.5713295904,0.1786311233,1.071393877,0.1786311233,1.178531122,0.1786311233,64,480,849.9978571,480
USD/JPY,4h,USD/JPY_2022-11-01,supply,older,2022-10-31T00:51:00Z,S2_CLOSE_INVALIDATION,-2.070455801,-2.009504581,S2_CLOSE_INVALIDATION,false,2.238071656,1.495190568,666,351,true,65,true,125,true,186,false,,false,,0.3904878002,0,0.4856859869,0,0.4856859869,0,112,669,323.8071656,669
USD/JPY,1h,USD/JPY_2025-04-01,supply,newer,2025-02-11T10:32:00Z,S2_CLOSE_INVALIDATION,-2.733371853,-2.555590124,S2_CLOSE_INVALIDATION,false,3.000044445,0.3333407409,79,14,true,14,false,,false,,false,,false,,0.3333185182,0.1110246894,0.3333185182,0.3333407409,0.5555456788,0.3333407409,36,88,400.0044445,88
USD/JPY,1h,USD/JPY_2025-04-01,supply,newer,2025-02-11T20:33:00Z,S2_CLOSE_INVALIDATION,-1.257142857,-1.142857143,S2_CLOSE_INVALIDATION,false,1.142857143,1.571428571,191,92,true,2,true,14,true,38,true,92,false,,0,0.3571428571,0,0.5000714286,0,0.7143571429,25,207,214.2857143,204
USD/JPY,1h,USD/JPY_2025-04-01,supply,newer,2025-02-12T00:54:00Z,S2_CLOSE_INVALIDATION,-1.800005517,-1.689659929,S2_CLOSE_INVALIDATION,false,1.82766088,1.06893151,64,14,true,2,true,7,true,13,false,,false,,0.03447609983,0.3793198574,0.03447609983,1.06893151,0.9310340071,1.06893151,16,66,282.766088,66
USD/JPY,1h,USD/JPY_2025-04-01,supply,newer,2025-02-12T01:55:00Z,S2_CLOSE_INVALIDATION,-1.690818182,-1.545363636,S2_CLOSE_INVALIDATION,false,1.999818182,0.9091818182,116,35,true,7,true,9,false,,false,,false,,0.2727272727,0,0.2727272727,0.8182727273,0.2727272727,0.8182727273,40,125,299.9818182,125
USD/JPY,1h,USD/JPY_2025-04-01,demand,newer,2025-02-12T07:38:00Z,TARGET,1.811764706,2,TARGET,true,0.2941176471,2,1,17,true,7,true,8,true,15,true,17,true,17,0.2941176471,0.1765882353,0.2941176471,0.8823529412,0.2941176471,2,9,17,129.4117647,18
USD/JPY,1h,USD/JPY_2025-04-01,demand,newer,2025-02-12T09:15:00Z,TARGET,1.811764706,2,TARGET,true,0.2941176471,2,7,57,true,1,true,1,true,13,true,16,true,57,0.05882352941,0.7645882353,0.2941176471,1,0.2941176471,1.588235294,14,57,129.4117647,58
USD/JPY,1h,USD/JPY_2025-04-01,supply,newer,2025-02-12T13:32:00Z,TARGET,1.644404934,2,TARGET,true,1.444271586,2,0,2,true,0,true,0,true,2,true,2,true,2,1.444271586,2,1.444271586,2,1.444271586,2,2,2,244.4271586,3
USD/JPY,1h,USD/JPY_2025-04-01,demand,newer,2025-02-13T13:50:00Z,TARGET,1.811764706,2,TARGET,true,1.117529412,2,62,82,true,1,true,2,true,2,true,13,true,82,0.05882352941,1.117529412,0.1765882353,1.941176471,0.6470588235,1.941176471,2,82,211.7529412,83
USD/JPY,1h,USD/JPY_2025-04-01,demand,newer,2025-02-17T00:49:00Z,S2_CLOSE_INVALIDATION,-3.057044903,-2.904671206,S2_CLOSE_INVALIDATION,false,3.285700681,0.8094376458,128,71,true,0,true,1,false,,false,,false,,0.1428979572,0.714108852,0.7142993191,0.714108852,1,0.714108852,13,131,428.5700681,131
USD/JPY,1h,USD/JPY_2025-04-01,demand,newer,2025-02-17T01:00:00Z,S2_CLOSE_INVALIDATION,-1.527220083,-1.454493802,S2_CLOSE_INVALIDATION,false,1.636354959,0.3182092971,117,60,true,60,false,,false,,false,,false,,0.5000068181,0.00003181774786,0.5454152898,0.00003181774786,0.5454152898,0.090939669,126,120,263.6354959,120
USD/JPY,1h,USD/JPY_2025-04-01,supply,newer,2025-02-17T08:00:00Z,TARGET,1.811753633,2,TARGET,true,1.352961939,2,2,165,true,44,true,47,true,60,true,159,true,165,1.352961939,0,1.352961939,0,1.352961939,0,64,165,235.2961939,166
USD/JPY,1h,USD/JPY_2025-04-01,demand,newer,2025-02-17T23:42:00Z,TARGET,1.949207155,2,TARGET,true,0.01582514563,2,0,204,true,2,true,10,true,24,true,68,true,204,0.01582514563,0.4285804987,0.01582514563,0.682576467,0.01582514563,1.285678005,14,204,101.5825146,205
USD/JPY,1h,USD/JPY_2025-04-01,demand,newer,2025-02-19T03:05:00Z,S2_CLOSE_INVALIDATION,-3.099991667,-2.833347221,S2_CLOSE_INVALIDATION,false,3.166319473,1.832980585,107,30,true,0,true,1,true,3,true,29,false,,0.0002499791682,1.333047246,0.0002499791682,1.499858345,0.0002499791682,1.666427798,0,115,416.6319473,114
USD/JPY,1h,USD/JPY_2025-04-01,demand,newer,2025-02-19T06:03:00Z,TARGET,1.753827217,2,TARGET,true,1.615431956,2,44,142,true,1,true,2,true,2,true,140,true,142,0.07685206554,1,0.2308639126,1,1.461420109,1.154011847,15,142,261.5431956,143
USD/JPY,1h,USD/JPY_2025-04-01,demand,newer,2025-02-19T10:00:00Z,TARGET,1.753827217,2,TARGET,true,0.5384260328,2,0,19,true,5,true,6,true,7,true,18,true,19,0.5384260328,0.2310177706,0.5384260328,1.461573967,0.5384260328,2,87,19,153.8426033,20
USD/JPY,1h,USD/JPY_2025-04-01,demand,newer,2025-02-19T23:43:00Z,S2_CLOSE_INVALIDATION,-1.971381407,-1.920588562,S2_CLOSE_INVALIDATION,false,2.111061729,0.04760241901,112,11,false,,false,,false,,false,,false,,0.3968032253,0,0.3968032253,0.04760241901,0.4602625355,0.04760241901,,137,311.1061729,137
USD/JPY,1h,USD/JPY_2025-04-01,supply,newer,2025-02-28T09:00:00Z,TARGET,1.889651367,2,TARGET,true,0.862133177,2,21,58,true,7,true,8,true,49,true,56,true,58,0.5862615952,0.2413531501,0.5862615952,0.5172936998,0.862133177,0.5172936998,53,58,186.2133177,59
USD/JPY,1h,USD/JPY_2025-04-01,demand,newer,2025-02-28T17:47:00Z,TARGET,1.927272727,2,TARGET,true,0.7726818182,2,29,3200,true,42,true,43,true,3133,true,3139,true,3200,0.3181818182,0.04545454545,0.3181818182,0.2273181818,0.7726818182,0.2273181818,87,3200,177.2681818,318
USD/JPY,1h,USD/JPY_2025-04-01,demand,newer,2025-03-03T02:00:00Z,S2_CLOSE_INVALIDATION,-1.163636364,-1.090909091,S2_CLOSE_INVALIDATION,false,1.181863636,0.5454545455,359,298,true,42,true,126,false,,false,,false,,0.1818181818,0.1363636364,0.5909090909,0.1363636364,0.6363636364,0.1363636364,73,360,218.1863636,359
USD/JPY,1h,USD/JPY_2025-04-01,demand,newer,2025-03-03T15:15:00Z,TARGET,1.847627029,2,TARGET,true,0.5238058959,2,23,46,true,1,true,1,true,3,true,8,true,46,0.1428925152,1,0.1428925152,1.666536515,0.5238058959,1.666536515,8,46,152.3805896,47
USD/JPY,1h,USD/JPY_2025-04-01,demand,newer,2025-03-03T17:54:00Z,S2_CLOSE_INVALIDATION,-6.961582965,-6.809209994,S2_CLOSE_INVALIDATION,false,9.856574179,1.571303408,168,106,true,1,true,4,true,54,true,106,false,,0.04765940832,0.5237392327,0.238125622,0.8094385532,0.6189913862,0.8094385532,11,186,1085.657418,186
USD/JPY,1h,USD/JPY_2025-04-01,demand,newer,2025-03-03T23:48:00Z,TARGET,1.831577174,2,TARGET,true,0.2632764555,2,0,12,true,1,true,1,true,5,true,9,true,12,0.2632764555,0.6843124664,0.2632764555,2,0.2632764555,2,7,12,126.3276456,13
USD/JPY,1h,USD/JPY_2025-04-01,demand,newer,2025-03-05T09:00:00Z,S2_CLOSE_INVALIDATION,-3.384039456,-3.32003888,S2_CLOSE_INVALIDATION,false,3.44003996,1.920088281,357,244,true,24,true,35,true,62,true,243,false,,0.6399347594,0,0.6399347594,0.04003136028,0.6399347594,0.4800353203,54,360,444.003996,360
USD/JPY,1h,USD/JPY_2025-04-01,supply,newer,2025-03-07T18:38:00Z,TARGET,1.881477092,2,TARGET,true,1.370458165,2,52,3082,true,2,true,4,true,5,true,3082,true,3082,0.1111448572,0.8519204415,0.1111448572,1.222156376,0.1111448572,1.222156376,8,3082,237.0458165,202
USD/JPY,1h,USD/JPY_2025-04-01,supply,newer,2025-03-07T20:00:00Z,TARGET,1.881477092,2,TARGET,true,0.7778436238,2,10,3000,true,3,true,38,true,61,true,3000,true,3000,0.3333679025,0.4073113819,0.7778436238,0.4073113819,0.7778436238,0.4073113819,91,3000,177.7843624,120
USD/JPY,1h,USD/JPY_2025-04-01,supply,newer,2025-03-10T15:36:00Z,TARGET,1.847626304,2,TARGET,true,0.6191609923,2,84,121,true,3,true,4,true,8,true,28,true,121,0.2381315175,0.5237369649,0.4285986382,1,0.4285986382,1.571344222,8,121,161.9160992,122
USD/JPY,1h,USD/JPY_2025-04-01,supply,newer,2025-03-10T17:00:00Z,TARGET,1.847626304,2,TARGET,true,0.6191609923,2,0,37,true,2,true,2,true,6,true,13,true,37,0.6191609923,0.9046712061,0.6191609923,1.666520642,0.6191609923,1.666520642,37,37,161.9160992,38
USD/JPY,1h,USD/JPY_2025-04-01,supply,newer,2025-03-10T19:15:00Z,TARGET,1.847626304,2,TARGET,true,2.047569163,2,20,173,true,2,true,2,true,148,true,171,true,173,0.2381315175,0.5237369649,1.190467121,0.5237369649,2.047569163,0.5237369649,5,173,304.7569163,167
USD/JPY,1h,USD/JPY_2025-04-01,supply,newer,2025-03-11T06:00:00Z,TARGET,1.847626304,2,TARGET,true,1.380839008,2,21,96,true,2,true,2,true,69,true,80,true,96,0.1428979572,0.5237369649,1.190467121,0.6189705252,1.380839008,0.6189705252,20,96,238.0839008,97
USD/JPY,1h,USD/JPY_2025-04-01,supply,newer,2025-03-11T08:46:00Z,S2_CLOSE_INVALIDATION,-1.342840817,-1.190467121,S2_CLOSE_INVALIDATION,false,2.523736965,0.3332698443,47,6,true,6,false,,false,,false,,false,,0.4285986382,0.1427074901,0.5238321985,0.3332698443,0.7142993191,0.3332698443,23,74,352.3736965,74
USD/JPY,1h,USD/JPY_2025-04-01,supply,newer,2025-03-11T11:30:00Z,TARGET,1.872,2,TARGET,true,0.68008,2,5,61,true,27,true,30,true,41,true,58,true,61,0.52008,0,0.68008,0,0.68008,0.35992,46,61,168.008,62
USD/JPY,1h,USD/JPY_2025-04-01,supply,newer,2025-03-11T14:00:00Z,TARGET,1.881477092,2,TARGET,true,0.7778436238,2,1,2,true,1,true,1,true,2,true,2,true,2,0.7778436238,2,0.7778436238,2,0.7778436238,2,1,2,177.7843624,3
USD/JPY,1h,USD/JPY_2025-04-01,supply,newer,2025-03-13T09:48:00Z,TARGET,1.771428571,2,TARGET,true,1,2,59,91,true,2,true,5,true,20,true,88,true,91,0.4284285714,0.4287142857,0.4284285714,0.7144285714,0.4284285714,1.143057143,15,91,200,92
USD/JPY,1h,USD/JPY_2025-04-01,supply,newer,2025-03-13T11:00:00Z,TARGET,1.771428571,2,TARGET,true,0.1425714286,2,0,19,true,2,true,8,true,9,true,16,true,19,0.1425714286,0.4287142857,0.1425714286,1,0.1425714286,2,87,19,114.2571429,20
USD/JPY,1h,USD/JPY_2025-04-01,supply,newer,2025-03-13T13:00:00Z,TARGET,1.771428571,2,TARGET,true,2.571428571,2,10,58,true,1,true,30,true,54,true,56,true,58,1.714,0.286,2.571428571,0.286,2.571428571,0.286,28,58,357.1428571,59
USD/JPY,1h,USD/JPY_2025-04-01,demand,newer,2025-03-14T16:14:00Z,TARGET,1.881477092,2,TARGET,true,0.2593059002,2,18,145,true,1,true,6,true,77,true,91,true,145,0.1110781881,0.2593059002,0.1110781881,0.5556131709,0.2593059002,0.5556131709,10,145,125.93059,146
USD/JPY,1h,USD/JPY_2025-04-01,demand,newer,2025-03-17T08:06:00Z,TARGET,1.860863516,2,TARGET,true,0.04361059176,2,0,15,true,0,true,1,true,2,true,4,true,15,0.04361059176,1.608722118,0.04361059176,1.782642724,0.04361059176,2,5,15,104.3610592,16
USD/JPY,1h,USD/JPY_2025-04-01,demand,newer,2025-03-17T09:39:00Z,S2_CLOSE_INVALIDATION,-1.447071973,-1.352951557,S2_CLOSE_INVALIDATION,false,1.470602077,0,76,0,false,,false,,false,,false,,false,,0.4706314892,0,0.7646401365,0,0.9411159152,0,,81,247.0602077,81
USD/JPY,1h,USD/JPY_2025-04-01,demand,newer,2025-03-17T12:30:00Z,TARGET,1.881485871,2,TARGET,true,0,2,0,0,true,0,true,0,true,0,true,0,true,0,0,2,0,2,0,2,1,0,100,1
USD/JPY,1h,USD/JPY_2025-04-01,supply,newer,2025-03-18T00:00:00Z,S2_CLOSE_INVALIDATION,-2.005800166,-1.914368982,S2_CLOSE_INVALIDATION,false,2.200091431,0.4286122461,177,16,true,16,false,,false,,false,,false,,0.7143918398,0,0.7714791851,0.1428326524,0.7714791851,0.4286122461,136,180,320.0091431,180
USD/JPY,1h,USD/JPY_2025-04-01,demand,newer,2025-03-19T07:40:00Z,TARGET,1.771428571,2,TARGET,true,0.8572857143,2,1,14,true,4,true,5,true,5,true,9,true,14,0.8572857143,0.2857142857,0.8572857143,2,0.8572857143,2,5,14,185.7285714,15
USD/JPY,1h,USD/JPY_2025-04-01,demand,newer,2025-03-20T00:54:00Z,TARGET,1.881477092,2,TARGET,true,0.8519204415,2,81,403,true,13,true,16,true,125,true,390,true,403,0.1110781881,0.1853031594,0.3333086411,0.3333827179,0.3333086411,0.9259972592,28,403,185.1920441,403
USD/JPY,1h,USD/JPY_2025-04-01,supply,newer,2025-03-20T15:47:00Z,S2_CLOSE_INVALIDATION,-1.464918919,-1.378432432,S2_CLOSE_INVALIDATION,false,1.594594595,1.972972973,729,483,true,7,true,8,true,41,true,464,false,,0.02708108108,0.1891891892,0.02708108108,0.6756756757,0.02708108108,0.7296756757,31,733,259.4594595,727
USD/JPY,1h,USD/JPY_2025-04-01,demand,newer,2025-03-21T12:41:00Z,TARGET,1.822222222,2,TARGET,true,0.7777777778,2,22,49,true,2,true,4,true,36,true,41,true,49,0.4444444444,0.5555555556,0.4444444444,0.7777777778,0.7777777778,0.7777777778,3,49,177.7777778,50
USD/JPY,1h,USD/JPY_2025-04-01,supply,newer,2025-03-24T13:58:00Z,S2_CLOSE_INVALIDATION,-3.325,-3.125,S2_CLOSE_INVALIDATION,false,3.999875,1.125,59,14,true,5,true,13,true,14,false,,false,,0.625,0.124875,0.75,1.125,0.75,1.125,10,62,499.9875,62
USD/JPY,1h,USD/JPY_2025-04-01,supply,newer,2025-03-31T12:20:00Z,S2_CLOSE_INVALIDATION,-1.339393939,-1.242424242,S2_CLOSE_INVALIDATION,false,2.03030303,0.3333333333,95,73,true,73,false,,false,,false,,false,,0.2726666667,0.09090909091,0.5757575758,0.2121818182,0.7575757576,0.2121818182,106,100,303.030303,100
USD/JPY,4h,USD/JPY_2025-04-01,demand,newer,2025-02-06T19:07:00Z,TARGET,1.938461657,2,TARGET,true,1.269187944,2,321,708,true,2,true,8,true,376,true,426,true,708,0.03845954142,0.4230395711,0.03845954142,0.5384239646,0.1922669379,0.5384239646,33,708,226.9187944,706
USD/JPY,4h,USD/JPY_2025-04-01,demand,newer,2025-02-07T00:00:00Z,TARGET,1.938461657,2,TARGET,true,1.269187944,2,28,415,true,63,true,69,true,83,true,133,true,415,0.5769200444,0,0.6153815089,0,1.269187944,0,387,415,226.9187944,416
USD/JPY,4h,USD/JPY_2025-04-01,demand,newer,2025-02-07T15:04:00Z,TARGET,1.938461657,2,TARGET,true,1.38464926,2,101,132,true,1,true,2,true,7,true,34,true,132,0.0000365383914,0.615385355,0.0000365383914,1.192345784,0.0000365383914,1.34615318,3,132,238.464926,133
USD/JPY,4h,USD/JPY_2025-04-01,demand,newer,2025-02-07T20:11:00Z,TARGET,1.938461657,2,TARGET,true,0.2307668639,2,2989,3105,true,11,true,19,true,3048,true,3058,true,3105,0.1154209319,0,0.1154209319,0.2692321746,0.1154209319,0.5384239646,94,3105,123.0766864,225
USD/JPY,4h,USD/JPY_2025-04-01,supply,newer,2025-02-19T02:09:00Z,TARGET,1.753865087,2,TARGET,true,0.5384970387,2,0,11,true,1,true,4,true,6,true,8,true,11,0.5384970387,0.6921775248,0.5384970387,2,0.5384970387,2,2,11,153.8497039,12
USD/JPY,4h,USD/JPY_2025-04-01,demand,newer,2025-02-20T11:13:00Z,S2_CLOSE_INVALIDATION,-1.489911628,-1.465105426,S2_CLOSE_INVALIDATION,false,1.682186047,1.124046512,1936,927,true,22,true,867,true,919,false,,false,,0.03874418605,0.03874883721,0.03874418605,0.1472868217,0.03874418605,0.3178294574,485,1967,268.2186047,1964
USD/JPY,4h,USD/JPY_2025-04-01,demand,newer,2025-02-21T20:00:00Z,TARGET,1.974193548,2,TARGET,true,1.112887097,2,5490,9353,true,3254,true,3605,true,3946,true,4614,true,9353,0.3387048387,0,0.3709693548,0,0.4193548387,0,3569,9353,211.2887097,6455
USD/JPY,4h,USD/JPY_2025-04-01,supply,newer,2025-02-28T08:00:00Z,S2_CLOSE_INVALIDATION,-1.135889356,-1.075510859,S2_CLOSE_INVALIDATION,false,2.283118549,0.7358440725,333,119,true,114,true,117,false,,false,,false,,0.4339893206,0,0.4339893206,0.2452310421,0.7736183702,0.2452310421,132,480,328.3118549,480
USD/JPY,4h,USD/JPY_2025-04-01,demand,newer,2025-03-03T20:38:00Z,S2_CLOSE_INVALIDATION,-1.477419355,-1.451612903,S2_CLOSE_INVALIDATION,false,1.548387097,0.629016129,916,92,true,17,true,34,false,,false,,false,,0.2580483871,0.03225806452,0.2580483871,0.2257903226,0.2580483871,0.4193548387,50,922,254.8387097,920
USD/JPY,4h,USD/JPY_2025-04-01,supply,newer,2025-03-04T19:07:00Z,S2_CLOSE_INVALIDATION,-1.893690822,-1.843692385,S2_CLOSE_INVALIDATION,false,2.24992969,0.7499937502,246,109,true,4,true,24,false,,false,,false,,0.03121777444,0.3125214837,0.03121777444,0.3437392581,0.03121777444,0.5624605481,52,293,324.992969,292
USD/JPY,4h,USD/JPY_2025-04-01,supply,newer,2025-03-11T12:57:00Z,S2_CLOSE_INVALIDATION,-1.57198,-1.53998,S2_CLOSE_INVALIDATION,false,1.56,1.600012,1132,266,true,38,true,67,true,104,true,255,false,,0.23998,0.14002,0.57998,0.14002,0.57998,0.14002,251,1143,256,1138
USD/JPY,4h,USD/JPY_2025-04-01,supply,newer,2025-03-12T12:56:00Z,TARGET,1.931914894,2,TARGET,true,0.4042553191,2,2,61,true,8,true,10,true,23,true,52,true,61,0.4042553191,0.02129361702,0.4042553191,0.6170212766,0.4042553191,1.297914894,14,61,140.4255319,62
USD/JPY,4h,USD/JPY_2025-04-01,supply,newer,2025-03-17T18:45:00Z,S2_CLOSE_INVALIDATION,-1.365914894,-1.297829787,S2_CLOSE_INVALIDATION,false,1.297829787,0.1914765957,262,78,false,,false,,false,,false,,false,,0.3191489362,0,0.6170638298,0,0.6170638298,0,,315,229.7829787,311
USD/JPY,4h,USD/JPY_2025-04-01,supply,newer,2025-03-18T08:05:00Z,TARGET,1.946665778,2,TARGET,true,0.1666527775,2,272,541,true,24,true,36,true,190,true,467,true,541,0.06665111085,0.03331722195,0.06665111085,0.1333188886,0.06665111085,0.3666561109,185,541,116.6652778,542
USD/JPY,4h,USD/JPY_2025-04-01,supply,newer,2025-03-19T11:14:00Z,TARGET,1.946665778,2,TARGET,true,0.8999983333,2,168,429,true,19,true,60,true,411,true,418,true,429,0.00001666694441,0.1333188886,0.03335055584,0.1333188886,0.03335055584,0.3666561109,166,429,189.9998333,430
USD/JPY,4h,USD/JPY_2025-04-01,supply,newer,2025-03-24T15:15:00Z,TARGET,1.975,2,TARGET,true,0.968765625,2,4881,9139,true,853,true,1163,true,1288,true,1445,true,9139,0.015640625,0.031234375,0.125,0.031234375,0.187515625,0.031234375,943,9139,196.8765625,6181
USD/JPY,1h,USD/JPY_2025-07-01,supply,newer,2025-05-07T04:46:00Z,TARGET,1.889275655,2,TARGET,true,0.8130834654,2,11,101,true,25,true,45,true,64,true,95,true,101,0.5569642153,0,0.8130834654,0,0.8130834654,0.4671667716,153,101,181.3083465,102
USD/JPY,1h,USD/JPY_2025-07-01,supply,newer,2025-05-07T08:01:00Z,S2_CLOSE_INVALIDATION,-1.380614935,-1.269890591,S2_CLOSE_INVALIDATION,false,1.705729293,0.3702137672,70,149,true,149,false,,false,,false,,false,,1.034462952,0,1.186778129,0,1.615765763,0,193,239,270.5729293,239
USD/JPY,1h,USD/JPY_2025-07-01,supply,newer,2025-05-07T18:46:00Z,TARGET,1.77306574,2,TARGET,true,0.3050138288,2,0,2,true,0,true,1,true,1,true,2,true,2,0.3050138288,2,0.3050138288,2,0.3050138288,2,1,2,130.5013829,3
USD/JPY,1h,USD/JPY_2025-07-01,supply,newer,2025-05-07T21:00:00Z,S2_CLOSE_INVALIDATION,-2.120487909,-1.893553649,S2_CLOSE_INVALIDATION,false,2.17707964,1.567193816,118,16,true,3,true,3,true,16,true,16,false,,0.8156159138,0.6452733849,0.8156159138,0.6452733849,0.8156159138,1.567193816,87,120,317.707964,119
USD/JPY,1h,USD/JPY_2025-07-01,demand,newer,2025-05-13T01:00:00Z,S2_CLOSE_INVALIDATION,-1.098879736,-1.04616145,S2_CLOSE_INVALIDATION,false,1.563426689,1.154827018,942,694,true,35,true,547,true,694,false,,false,,0.3838550247,0,0.3937726524,0.09716639209,0.5584843493,0.09716639209,95,960,256.3426689,960
USD/JPY,1h,USD/JPY_2025-07-01,demand,newer,2025-05-14T09:24:00Z,TARGET,1.836734694,2,TARGET,true,2.203979592,2,20,72,true,3,true,6,true,7,true,54,true,72,0.6121428571,0.3369387755,0.6121428571,1.306326531,2.203979592,1.306326531,4,72,320.3979592,73
USD/JPY,1h,USD/JPY_2025-07-01,demand,newer,2025-05-14T13:50:00Z,TARGET,1.836734694,2,TARGET,true,0.6121428571,2,0,8,true,1,true,2,true,6,true,7,true,8,0.6121428571,0.6226530612,0.6121428571,2,0.6121428571,2,6,8,161.2142857,9
USD/JPY,1h,USD/JPY_2025-07-01,supply,newer,2025-05-14T16:41:00Z,TARGET,1.876452647,2,TARGET,true,0,2,0,0,true,0,true,0,true,0,true,0,true,0,0,2,0,2,0,2,0,0,100,1
USD/JPY,1h,USD/JPY_2025-07-01,demand,newer,2025-05-16T02:02:00Z,TARGET,1.920595533,2,TARGET,true,1.054590571,2,308,465,true,2,true,8,true,32,true,59,true,465,0.04218362283,0.275483871,0.04218362283,0.5781637717,0.04218362283,0.8263027295,105,465,205.4590571,466
USD/JPY,1h,USD/JPY_2025-07-01,supply,newer,2025-05-16T11:53:00Z,TARGET,1.849765258,2,TARGET,true,0.3050704225,2,7,74,true,4,true,4,true,33,true,62,true,74,0.1642253521,0.5117370892,0.3050704225,0.5117370892,0.3050704225,0.8686384977,30,74,130.5070423,75
USD/JPY,1h,USD/JPY_2025-07-01,supply,newer,2025-05-16T20:00:00Z,TARGET,1.949367089,2,TARGET,true,0.753164557,2,0,3153,true,53,true,55,true,3060,true,3060,true,3153,0.753164557,0,0.753164557,0,0.753164557,0,683,3153,175.3164557,154
USD/JPY,1h,USD/JPY_2025-07-01,demand,newer,2025-05-19T01:00:00Z,S2_CLOSE_INVALIDATION,-1.164492544,-1.093379853,S2_CLOSE_INVALIDATION,false,1.728905087,1.333340741,398,238,true,20,true,21,true,65,false,,false,,1.071157137,0,1.071157137,0,1.071157137,0.5555456788,70,600,272.8905087,600
USD/JPY,1h,USD/JPY_2025-07-01,supply,newer,2025-05-20T02:57:00Z,TARGET,1.751937984,2,TARGET,true,0,2,0,0,true,0,true,0,true,0,true,0,true,0,0,2,0,2,0,2,0,0,100,1
USD/JPY,1h,USD/JPY_2025-07-01,demand,newer,2025-05-20T05:45:00Z,S2_CLOSE_INVALIDATION,-2.90476644,-2.752392743,S2_CLOSE_INVALIDATION,false,3.095166897,1.114185039,118,66,true,1,true,2,true,49,false,,false,,0.5238321985,0.561830389,0.9239083853,0.9046712061,0.9809532879,0.9046712061,5,135,409.5166897,135
USD/JPY,1h,USD/JPY_2025-07-01,demand,newer,2025-05-21T04:46:00Z,TARGET,1.929978118,2,TARGET,true,0.9300218818,2,112,221,true,11,true,81,true,150,true,207,true,221,0.1334792123,0.08533916849,0.1334792123,0.4354923414,0.1334792123,0.4704595186,94,221,193.0021882,222
USD/JPY,1h,USD/JPY_2025-07-01,demand,newer,2025-05-21T10:23:00Z,TARGET,1.929978118,2,TARGET,true,1.708971554,2,424,708,true,32,true,75,true,698,true,698,true,708,0.4442013129,0.03277899344,0.9080962801,0.03277899344,0.9080962801,0.2297155361,39,708,270.8971554,709
USD/JPY,1h,USD/JPY_2025-07-01,demand,newer,2025-05-22T02:17:00Z,S2_CLOSE_INVALIDATION,-1.637129032,-1.508096774,S2_CLOSE_INVALIDATION,false,1.903225806,1.612903226,335,202,true,3,true,4,true,127,true,202,false,,0.3951612903,0.5483870968,0.3951612903,0.9194354839,0.7660483871,0.9194354839,8,343,290.3225806,343
USD/JPY,1h,USD/JPY_2025-07-01,supply,newer,2025-05-22T17:19:00Z,TARGET,1.898732895,2,TARGET,true,0.8733528273,2,9,289,true,86,true,88,true,143,true,153,true,289,0.2975227535,0.09501386093,0.8733528273,0.09501386093,0.8733528273,0.09501386093,101,289,187.3352827,288
USD/JPY,1h,USD/JPY_2025-07-01,demand,newer,2025-05-23T11:50:00Z,S2_CLOSE_INVALIDATION,-1.114143921,-1.034739454,S2_CLOSE_INVALIDATION,false,1.630272953,1.908188586,3737,3603,true,0,true,3,true,25,true,104,false,,0.2208436725,0.8163771712,0.2208436725,0.8610421836,0.4937965261,1.372208437,6,3790,263.0272953,791
USD/JPY,1h,USD/JPY_2025-07-01,demand,newer,2025-05-23T13:00:00Z,S2_CLOSE_INVALIDATION,-1.114143921,-1.034739454,S2_CLOSE_INVALIDATION,false,1.630272953,1.908188586,3667,3533,true,2,true,4,true,20,true,34,false,,0.1266004963,0.5980645161,0.1266004963,0.9503722084,0.1266004963,1.481389578,78,3720,263.0272953,721
USD/JPY,1h,USD/JPY_2025-07-01,supply,newer,2025-05-26T05:18:00Z,S2_CLOSE_INVALIDATION,-1.091889408,-1.005405259,S2_CLOSE_INVALIDATION,false,1.118969758,1.291884003,157,40,true,31,true,34,true,37,false,,false,,0.1946163617,0.1675360125,0.216237399,0.2161833464,0.2270479176,0.2161833464,92,162,211.8969758,162
USD/JPY,1h,USD/JPY_2025-07-01,supply,newer,2025-05-26T21:06:00Z,TARGET,1.813950243,2,TARGET,true,0.2558358576,2,0,12,true,0,true,0,true,0,true,0,true,12,0.2558358576,1.58140549,0.2558358576,2,0.2558358576,2,1,12,125.5835858,13
USD/JPY,1h,USD/JPY_2025-07-01,demand,newer,2025-05-27T02:12:00Z,TARGET,1.796178344,2,TARGET,true,0.8724840764,2,6,41,true,3,true,17,true,23,true,35,true,41,0.2228025478,0.2994904459,0.8724840764,0.4779617834,0.8724840764,1.152993631,10,41,187.2484076,42
USD/JPY,1h,USD/JPY_2025-07-01,supply,newer,2025-05-27T05:34:00Z,TARGET,1.753827217,2,TARGET,true,0.2616355104,2,0,4,true,0,true,0,true,1,true,2,true,4,0.2616355104,2,0.2616355104,2,0.2616355104,2,1,4,126.163551,5
USD/JPY,1h,USD/JPY_2025-07-01,demand,newer,2025-05-28T00:00:00Z,TARGET,1.82513193,2,TARGET,true,2.726875747,2,30,65,true,58,true,64,true,64,true,65,true,65,0.639453734,0.07101337686,1.054699825,0.07101337686,2.092978992,0.07101337686,82,65,372.6875747,66
USD/JPY,1h,USD/JPY_2025-07-01,demand,newer,2025-05-28T07:52:00Z,TARGET,1.82513193,2,TARGET,true,1.153063115,2,65,186,true,3,true,5,true,27,true,108,true,186,0.3224288519,0.4864343362,0.508204318,0.9345337662,0.508204318,1.174758778,23,186,215.3063115,187
USD/JPY,1h,USD/JPY_2025-07-01,demand,newer,2025-05-28T09:00:00Z,TARGET,1.82513193,2,TARGET,true,1.087596881,2,0,118,true,8,true,22,true,25,true,40,true,118,1.087596881,0,1.087596881,0.2895984647,1.087596881,1.087434035,96,118,208.7596881,119
USD/JPY,1h,USD/JPY_2025-07-01,supply,newer,2025-05-28T23:37:00Z,S2_CLOSE_INVALIDATION,-1.212009494,-1.161376582,S2_CLOSE_INVALIDATION,false,1.19306962,0.4018670886,82,18,true,17,false,,false,,false,,false,,0.6740506329,0,0.9525348101,0.2341772152,0.9525348101,0.4018670886,22,83,219.306962,83
USD/JPY,1h,USD/JPY_2025-07-01,demand,newer,2025-05-29T16:00:00Z,S2_CLOSE_INVALIDATION,-1.251426404,-1.076558334,S2_CLOSE_INVALIDATION,false,1.535696311,1.743189299,139,84,true,1,true,24,true,62,true,79,false,,0.464509159,0.4316787717,0.5300518976,0.4316787717,0.5847528158,0.8579196929,5,180,253.5696311,180
USD/JPY,1h,USD/JPY_2025-07-01,demand,newer,2025-05-29T19:00:00Z,S2_CLOSE_INVALIDATION,-3.356918165,-3.20667637,S2_CLOSE_INVALIDATION,false,3.385088502,1.385088502,277,91,true,41,true,61,true,91,false,,false,,1.028076436,0,1.159631908,0,1.159631908,0.2300107986,130,300,438.5088502,297
USD/JPY,1h,USD/JPY_2025-07-01,supply,newer,2025-05-30T14:48:00Z,TARGET,1.898092417,2,TARGET,true,0.8661826056,2,4,100,true,2,true,3,true,23,true,61,true,100,0.8661826056,0.5923059775,0.8661826056,0.5923059775,0.8661826056,1.28018216,12,100,186.6182606,101
USD/JPY,1h,USD/JPY_2025-07-01,supply,newer,2025-06-03T16:17:00Z,TARGET,1.855201654,2,TARGET,true,1.189984479,2,20,284,true,43,true,64,true,81,true,284,true,284,0.08598759259,0.2488585818,1.081476219,0.2488585818,1.189984479,0.2488585818,81,284,218.9984479,285
USD/JPY,1h,USD/JPY_2025-07-01,supply,newer,2025-06-03T22:00:00Z,TARGET,1.855201654,2,TARGET,true,2.900505437,2,180,212,true,3,true,6,true,105,true,109,true,212,0.2579057634,0.312298357,0.2579057634,0.7646121893,0.5927727526,0.7646121893,217,212,390.0505437,211
USD/JPY,1h,USD/JPY_2025-07-01,supply,newer,2025-06-04T06:07:00Z,TARGET,1.898092417,2,TARGET,true,0.05729116907,2,0,15,true,1,true,3,true,5,true,11,true,15,0.05729116907,0.9362440687,0.05729116907,1.866099806,0.05729116907,2,88,15,105.7291169,16
USD/JPY,1h,USD/JPY_2025-07-01,demand,newer,2025-06-04T07:00:00Z,S2_CLOSE_INVALIDATION,-1.389937107,-1.339622642,S2_CLOSE_INVALIDATION,false,1.503144654,1.050314465,351,288,true,55,true,64,true,234,false,,false,,0.4087735849,0,0.534591195,0,0.5408805031,0,139,360,250.3144654,359
USD/JPY,1h,USD/JPY_2025-07-01,supply,newer,2025-06-06T15:08:00Z,TARGET,1.866108787,2,TARGET,true,0.7823849372,2,1,3352,true,11,true,12,true,12,true,28,true,3352,0.7823849372,0,0.7823849372,1.117238494,0.7823849372,1.836903766,34,3352,178.2384937,354
USD/JPY,1h,USD/JPY_2025-07-01,supply,newer,2025-06-10T01:51:00Z,TARGET,1.866108787,2,TARGET,true,2.464267782,2,16,207,true,55,true,57,true,82,true,97,true,207,0.5396485356,0.1548117155,2.296987448,0.18,2.464267782,0.18,59,207,346.4267782,208
USD/JPY,1h,USD/JPY_2025-07-01,demand,newer,2025-06-10T11:15:00Z,TARGET,1.884892086,2,TARGET,true,0.3236690647,2,134,198,true,5,true,16,true,102,true,178,true,198,0.03589928058,0.2158992806,0.03589928058,0.4029496403,0.03589928058,0.6260431655,42,198,132.3669065,199
USD/JPY,1h,USD/JPY_2025-07-01,supply,newer,2025-06-10T17:02:00Z,TARGET,1.866108787,2,TARGET,true,1.401506276,2,376,434,true,4,true,41,true,136,true,160,true,434,0.03757322176,0.3389958159,0.07945523013,0.3474476987,0.2384267782,0.3474476987,108,434,240.1506276,434
USD/JPY,1h,USD/JPY_2025-07-01,supply,newer,2025-06-11T01:53:00Z,S2_CLOSE_INVALIDATION,-1.234225941,-1.100334728,S2_CLOSE_INVALIDATION,false,2.096150628,1.234309623,276,51,true,1,true,47,true,49,false,,false,,0.3472217573,0.2636820084,1.292719665,0.2636820084,1.292719665,0.2636820084,21,307,309.6150628,307
USD/JPY,1h,USD/JPY_2025-07-01,demand,newer,2025-06-11T12:33:00Z,TARGET,1.884892086,2,TARGET,true,1.165395683,2,3,29,true,0,true,0,true,1,true,24,true,29,1.165395683,1,1.165395683,1,1.165395683,2,0,29,216.5395683,30
USD/JPY,1h,USD/JPY_2025-07-01,demand,newer,2025-06-12T01:22:00Z,TARGET,1.768115942,2,TARGET,true,0.01463768116,2,0,10,true,1,true,1,true,1,true,9,true,10,0.01463768116,1.463623188,0.01463768116,2,0.01463768116,2,7,10,101.4637681,11
USD/JPY,1h,USD/JPY_2025-07-01,demand,newer,2025-06-12T05:43:00Z,TARGET,1.768115942,2,TARGET,true,1.60884058,2,10,35,true,1,true,27,true,27,true,34,true,35,0.5073913043,0.2607246377,1.60884058,0.3475362319,1.60884058,1.043333333,11,35,260.884058,36
USD/JPY,1h,USD/JPY_2025-07-01,demand,newer,2025-06-12T07:00:00Z,TARGET,1.768115942,2,TARGET,true,0.6814492754,2,0,13,true,1,true,1,true,3,true,9,true,13,0.6814492754,1.188405797,0.6814492754,2,0.6814492754,2,39,13,168.1449275,14
USD/JPY,1h,USD/JPY_2025-07-01,demand,newer,2025-06-12T10:30:00Z,TARGET,1.721763325,2,TARGET,true,1.747761064,2,34,64,true,1,true,2,true,3,true,11,true,64,0.1651160769,1.069559169,0.1651160769,1.55647335,0.9824363099,1.782540649,4,64,274.7761064,65
USD/JPY,1h,USD/JPY_2025-07-01,supply,newer,2025-06-13T03:32:00Z,S2_CLOSE_INVALIDATION,-1.351443896,-1.254477137,S2_CLOSE_INVALIDATION,false,1.727190085,1.284779249,115,153,true,1,true,13,true,14,false,,false,,0.1454198358,0.4181994485,0.9453955941,1.048543984,0.9453955941,1.084845914,12,268,272.7190085,266
USD/JPY,1h,USD/JPY_2025-07-01,supply,newer,2025-06-13T05:00:00Z,S2_CLOSE_INVALIDATION,-1.351443896,-1.254477137,S2_CLOSE_INVALIDATION,false,1.727190085,1.284779249,27,65,true,6,true,10,true,63,false,,false,,0.472682646,0.03639283658,0.472682646,0.5030453623,1.727190085,0.5030453623,105,180,272.7190085,178
USD/JPY,1h,USD/JPY_2025-07-01,supply,newer,2025-06-16T17:46:00Z,S2_CLOSE_INVALIDATION,-2.638369243,-2.431944265,S2_CLOSE_INVALIDATION,false,2.509353632,0.8450522513,73,12,true,2,true,5,false,,false,,false,,0.04515546381,0.4322022965,0.04515546381,0.8450522513,0.1741710747,0.8450522513,15,74,350.9353632,74
USD/JPY,1h,USD/JPY_2025-07-01,supply,newer,2025-06-16T18:50:00Z,S2_CLOSE_INVALIDATION,-3.909409702,-3.701604,S2_CLOSE_INVALIDATION,false,3.961491006,0.1816351711,67,4,false,,false,,false,,false,,false,,0.2598220664,0.1816351711,1.078186895,0.1816351711,1.779271381,0.1816351711,,70,496.1491006,70
USD/JPY,1h,USD/JPY_2025-07-01,supply,newer,2025-06-17T01:00:00Z,S2_CLOSE_INVALIDATION,-1.190968907,-1.135414316,S2_CLOSE_INVALIDATION,false,1.37843093,1.850644954,825,690,true,41,true,150,true,185,true,208,false,,0.5832884846,0,0.5832884846,0.1076196594,0.5832884846,0.1076196594,163,960,237.843093,960
USD/JPY,1h,USD/JPY_2025-07-01,demand,newer,2025-06-18T02:21:00Z,S2_CLOSE_INVALIDATION,-2.279197789,-2.116765776,S2_CLOSE_INVALIDATION,false,2.583656294,1.101520008,275,18,true,1,true,7,true,15,false,,false,,0.0658585674,0.4111839517,0.0658585674,0.9897464792,0.0658585674,1.101520008,28,279,358.3656294,279
USD/JPY,1h,USD/JPY_2025-07-01,demand,newer,2025-06-18T16:04:00Z,TARGET,1.882792469,2,TARGET,true,0.1062193246,2,9,97,true,3,true,15,true,51,true,90,true,97,0.01831367665,0.3919126804,0.1062193246,0.487143799,0.1062193246,0.6043513296,58,97,110.6219325,98
USD/JPY,1h,USD/JPY_2025-07-01,demand,newer,2025-06-18T18:00:00Z,TARGET,1.882792469,2,TARGET,true,1.571240202,2,0,40,true,1,true,1,true,2,true,35,true,40,1.571240202,1.344223866,1.571240202,1.344223866,1.571240202,1.344223866,1,40,257.1240202,41
USD/JPY,1h,USD/JPY_2025-07-01,demand,newer,2025-06-19T19:09:00Z,S2_CLOSE_INVALIDATION,-2.089361702,-1.953191489,S2_CLOSE_INVALIDATION,false,2.276680851,0.8978723404,290,217,true,110,true,128,false,,false,,false,,0.3360851064,0,0.7446808511,0,0.8808510638,0,194,291,327.6680851,288
USD/JPY,1h,USD/JPY_2025-07-01,supply,newer,2025-06-20T14:20:00Z,S2_CLOSE_INVALIDATION,-1.489898786,-1.409089073,S2_CLOSE_INVALIDATION,false,1.510101214,0.6111537607,339,179,true,5,true,52,false,,false,,false,,0.05557688034,0.1162447726,0.05557688034,0.4798379765,0.1716903372,0.4798379765,51,340,251.0101214,335
USD/JPY,1h,USD/JPY_2025-07-01,demand,newer,2025-06-23T14:55:00Z,S2_CLOSE_INVALIDATION,-1.132132132,-1.036036036,S2_CLOSE_INVALIDATION,false,1.840840841,0.5135135135,115,5,true,2,true,5,false,,false,,false,,0.2612612613,0.2912312312,0.3753753754,0.5135135135,1,0.5135135135,18,125,284.0840841,117
USD/JPY,1h,USD/JPY_2025-07-01,demand,newer,2025-06-23T17:30:00Z,S2_CLOSE_INVALIDATION,-1.556053812,-1.412556054,S2_CLOSE_INVALIDATION,false,2.757803587,0.130044843,55,1,false,,false,,false,,false,,false,,0.6771300448,0.130044843,1.484304933,0.130044843,1.484304933,0.130044843,,90,375.7803587,90
USD/JPY,1h,USD/JPY_2025-07-01,demand,newer,2025-06-23T22:06:00Z,TARGET,1.802469136,2,TARGET,true,1.395061728,2,15,66,true,1,true,2,true,2,true,40,true,66,0.6172839506,1.271604938,1.098765432,1.271604938,1.395061728,1.271604938,1,66,239.5061728,65
USD/JPY,1h,USD/JPY_2025-07-01,demand,newer,2025-06-24T03:50:00Z,TARGET,1.768115942,2,TARGET,true,0.1449275362,2,2,12,true,3,true,3,true,6,true,9,true,12,0.1449275362,0.6811594203,0.1449275362,2,0.1449275362,2,12,12,114.4927536,13
USD/JPY,1h,USD/JPY_2025-07-01,demand,newer,2025-06-24T05:57:00Z,S2_CLOSE_INVALIDATION,-1.666666667,-1.434782609,S2_CLOSE_INVALIDATION,false,3.797028986,0.4057971014,28,2,true,1,false,,false,,false,,false,,1.202753623,0.4057971014,1.52173913,0.4057971014,3.797028986,0.4057971014,5,63,479.7028986,63
USD/JPY,1h,USD/JPY_2025-07-01,demand,newer,2025-06-24T06:23:00Z,TARGET,1.655854771,2,TARGET,true,0.634367203,2,2,9,true,1,true,1,true,4,true,8,true,9,0.634367203,1,0.634367203,2,0.634367203,2,2,9,163.4367203,10
USD/JPY,1h,USD/JPY_2025-07-01,demand,newer,2025-06-24T14:25:00Z,TARGET,1.882792469,2,TARGET,true,0.1867995019,2,2,67,true,2,true,5,true,30,true,34,true,67,0.1867995019,0.4285400337,0.1867995019,0.897370156,0.1867995019,0.9339975093,5,67,118.6799502,64
USD/JPY,1h,USD/JPY_2025-07-01,supply,newer,2025-06-25T10:00:00Z,S2_CLOSE_INVALIDATION,-1.2451341,-1.122528736,S2_CLOSE_INVALIDATION,false,1.505747126,0.4559386973,85,19,true,18,false,,false,,false,,false,,0.2950957854,0,0.4406130268,0,0.4406130268,0.4559386973,83,120,250.5747126,120
USD/JPY,1h,USD/JPY_2025-07-01,demand,newer,2025-06-26T09:00:00Z,TARGET,1.90697404,2,TARGET,true,0.2674787058,2,2,134,true,14,true,15,true,26,true,111,true,134,0.2674787058,0.145323992,0.2674787058,0.4708915957,0.2674787058,1.093084101,90,134,126.7478706,135
USD/JPY,1h,USD/JPY_2025-07-01,supply,newer,2025-06-26T21:00:00Z,S2_CLOSE_INVALIDATION,-2.343899451,-2.217422236,S2_CLOSE_INVALIDATION,false,2.707442394,0.4623927908,100,14,true,13,false,,false,,false,,false,,0.541520098,0,0.7154262677,0.4623927908,0.7154262677,0.4623927908,172,120,370.7442394,119
USD/JPY,1h,USD/JPY_2025-07-01,supply,newer,2025-06-27T00:01:00Z,TARGET,1.872504881,2,TARGET,true,0.9203952349,2,30,107,true,3,true,7,true,10,true,103,true,107,0.4980676521,0.2669030639,0.4980676521,1.231164588,0.5537670824,1.231164588,17,107,192.0395235,108
USD/JPY,1h,USD/JPY_2025-07-01,supply,newer,2025-06-27T13:31:00Z,TARGET,1.876438335,2,TARGET,true,1.131438721,2,83,190,true,1,true,6,true,14,true,34,true,190,0.05011970036,0.4903853579,0.05011970036,1.085025871,0.05011970036,1.378484825,7,190,213.1438721,191
USD/JPY,1h,USD/JPY_2025-07-01,supply,newer,2025-06-27T15:00:00Z,TARGET,1.876438335,2,TARGET,true,0.8610703529,2,2,101,true,10,true,12,true,41,true,76,true,101,0.8610703529,0,0.8610703529,0.6602826473,0.8610703529,0.9382963935,48,101,186.1070353,102
USD/JPY,1h,USD/JPY_2025-07-01,demand,newer,2025-06-30T06:00:00Z,TARGET,1.90697404,2,TARGET,true,0.9419169162,2,75,240,true,32,true,102,true,113,true,146,true,240,0.3314340533,0.02909968313,0.3604465246,0.122067502,0.4826593796,0.2209075845,122,240,194.1916916,241
USD/JPY,4h,USD/JPY_2025-07-01,supply,newer,2025-05-12T07:24:00Z,S2_CLOSE_INVALIDATION,-1.521246742,-1.501246867,S2_CLOSE_INVALIDATION,false,1.601246242,0.01748114074,197,0,false,,false,,false,,false,,false,,0.4637533515,0.01748114074,0.4974906407,0.01748114074,0.7275017031,0.01748114074,,576,260.1246242,576
USD/JPY,4h,USD/JPY_2025-07-01,demand,newer,2025-05-15T05:09:00Z,S2_CLOSE_INVALIDATION,-2.336680958,-2.296327869,S2_CLOSE_INVALIDATION,false,2.523354351,0.6469104666,1184,461,true,20,true,461,false,,false,,false,,0.1702648172,0.00630517024,0.1702648172,0.1122496847,0.1702648172,0.3619419924,281,1191,352.3354351,1190
USD/JPY,4h,USD/JPY_2025-07-01,demand,newer,2025-05-23T11:51:00Z,TARGET,1.917948718,2,TARGET,true,0.6358974359,2,389,3602,true,1,true,2,true,24,true,95,true,3602,0.1846153846,0.9230769231,0.1846153846,0.9333333333,0.4666666667,1.461538462,8,3602,163.5897436,604
USD/JPY,4h,USD/JPY_2025-07-01,demand,newer,2025-05-26T05:00:00Z,TARGET,1.917948718,2,TARGET,true,0.3641538462,2,58,244,true,2,true,2,true,19,true,134,true,244,0.07179487179,0.6204615385,0.07179487179,0.6256410256,0.07179487179,1.066666667,281,244,136.4153846,245
USD/JPY,4h,USD/JPY_2025-07-01,supply,newer,2025-05-27T07:47:00Z,S2_CLOSE_INVALIDATION,-1.796511628,-1.75,S2_CLOSE_INVALIDATION,false,1.997122093,0.4592732558,411,33,true,13,false,,false,,false,,false,,0.1569767442,0.1075872093,0.2645348837,0.2558139535,0.2645348837,0.2848837209,40,553,299.7122093,553
USD/JPY,4h,USD/JPY_2025-07-01,supply,newer,2025-05-28T01:09:00Z,TARGET,1.931625393,2,TARGET,true,0.102540544,2,0,11,true,1,true,1,true,5,true,7,true,11,0.102540544,0.9872224952,0.102540544,2,0.102540544,2,1,11,110.2540544,12
USD/JPY,4h,USD/JPY_2025-07-01,supply,newer,2025-05-28T23:43:00Z,TARGET,1.948880973,2,TARGET,true,1.070288663,2,79,481,true,2,true,5,true,11,true,429,true,481,0.2715570536,0.4632502117,0.2715570536,1.095848176,0.2715570536,1.095848176,11,481,207.0288663,480
USD/JPY,4h,USD/JPY_2025-07-01,supply,newer,2025-05-29T05:46:00Z,TARGET,1.948880973,2,TARGET,true,0.4856211761,2,4,118,true,30,true,38,true,40,true,66,true,118,0.4856211761,0,0.4856211761,0.1501781179,0.4856211761,0.2364414767,402,118,148.5621176,118
USD/JPY,4h,USD/JPY_2025-07-01,supply,newer,2025-06-11T12:04:00Z,TARGET,1.976778108,2,TARGET,true,0.07691526186,2,1,762,true,14,true,26,true,26,true,32,true,762,0.07691526186,0.1930392377,0.07691526186,0.2917177669,0.07691526186,1.357036596,714,762,107.6915262,762
USD/JPY,4h,USD/JPY_2025-07-01,supply,newer,2025-06-17T00:57:00Z,TARGET,1.886524823,2,TARGET,true,0.04964539007,2,1,44,true,1,true,3,true,6,true,13,true,44,0.04964539007,0.914893617,0.04964539007,1.702056738,0.04964539007,1.702056738,4,44,104.964539,45
USD/JPY,4h,USD/JPY_2025-07-01,supply,newer,2025-06-17T14:31:00Z,S2_CLOSE_INVALIDATION,-1.163191489,-1.049716312,S2_CLOSE_INVALIDATION,false,1.971631206,1.439787234,290,101,true,45,true,51,true,98,false,,false,,0.3971631206,0.226964539,1.333333333,0.226964539,1.333333333,0.226964539,56,389,297.1631206,389
USD/JPY,4h,USD/JPY_2025-07-01,supply,newer,2025-06-20T18:38:00Z,S2_CLOSE_INVALIDATION,-1.680522053,-1.629403026,S2_CLOSE_INVALIDATION,false,1.853048771,0.02873847825,3235,6,false,,false,,false,,false,,false,,0.04471317433,0.009600792345,0.1693158038,0.02873847825,0.178868672,0.02873847825,,3262,285.3048771,262
USD/JPY,4h,USD/JPY_2025-07-01,demand,newer,2025-06-24T03:32:00Z,S2_CLOSE_INVALIDATION,-2.668041792,-2.524550469,S2_CLOSE_INVALIDATION,false,3.878794673,1.260167705,293,39,true,6,true,6,true,32,false,,false,,0.479664589,0.1570781579,0.4887224788,0.6143670687,0.7936415407,0.6143670687,38,328,487.8794673,326
USD/JPY,4h,USD/JPY_2025-07-01,demand,newer,2025-06-24T14:16:00Z,TARGET,1.951952313,2,TARGET,true,0.6666391393,2,11,1079,true,76,true,102,true,902,true,992,true,1079,0.2372429636,0.2222130464,0.6666391393,0.2222130464,0.6666391393,0.2222130464,95,1079,166.6639139,1066
USD/JPY,4h,USD/JPY_2025-07-01,demand,newer,2025-06-26T00:50:00Z,S2_CLOSE_INVALIDATION,-2.465454464,-2.417406776,S2_CLOSE_INVALIDATION,false,2.954940278,0.7027199495,464,202,true,32,true,35,false,,false,,false,,0.1170937155,0.2312520176,0.1861322362,0.2312520176,0.1861322362,0.2312520176,135,490,395.4940278,481
USD/JPY,4h,USD/JPY_2025-07-01,supply,newer,2025-06-27T13:30:00Z,TARGET,1.91959799,2,TARGET,true,0.8995477387,2,84,3599,true,8,true,15,true,39,true,3450,true,3599,0.1959296482,0.1557788945,0.1959296482,0.4322110553,0.1959296482,0.7336683417,29,3599,189.9547739,601
USD/JPY,1h,USD/JPY_2025-11-01,supply,newer,2025-09-17T01:33:00Z,TARGET,1.829796287,2,TARGET,true,0.1701505239,2,3,211,true,4,true,6,true,21,true,201,true,211,0.1701505239,0.2766342216,0.1701505239,0.5213020584,0.1701505239,1.244774214,9,211,117.0150524,212
USD/JPY,1h,USD/JPY_2025-11-01,supply,newer,2025-09-17T07:11:00Z,TARGET,1.829796287,2,TARGET,true,1,2,49,99,true,37,true,79,true,91,true,94,true,99,0.3403542365,0.1596191692,0.9785117813,0.1596191692,0.9785117813,0.1596191692,69,99,200,100
USD/JPY,1h,USD/JPY_2025-11-01,supply,newer,2025-09-18T04:02:00Z,S2_CLOSE_INVALIDATION,-1.627100929,-1.536708003,S2_CLOSE_INVALIDATION,false,1.84178413,0.2485297026,116,15,false,,false,,false,,false,,false,,0.07913335781,0.2259484195,0.1412671958,0.2316375244,0.3163469958,0.2485297026,,118,284.178413,118
USD/JPY,1h,USD/JPY_2025-11-01,supply,newer,2025-09-18T07:01:00Z,TARGET,1.797481172,2,TARGET,true,0.0379089931,2,0,8,true,2,true,2,true,2,true,3,true,8,0.0379089931,1.873362445,0.0379089931,2,0.0379089931,2,69,8,103.7908993,9
USD/JPY,1h,USD/JPY_2025-11-01,supply,newer,2025-09-18T09:00:00Z,TARGET,1.797481172,2,TARGET,true,0.392316942,2,0,14,true,2,true,5,true,9,true,11,true,14,0.392316942,0.4048477944,0.392316942,2,0.392316942,2,42,14,139.2316942,15
USD/JPY,1h,USD/JPY_2025-11-01,supply,newer,2025-09-18T11:49:00Z,S2_CLOSE_INVALIDATION,-4.77191317,-4.569394342,S2_CLOSE_INVALIDATION,false,4.784444023,1.088348839,70,7,true,1,true,2,true,7,false,,false,,0.01272071388,0.6581229036,0.06322384659,1.088348839,0.2911841023,1.088348839,13,71,578.4444023,70
USD/JPY,1h,USD/JPY_2025-11-01,supply,newer,2025-09-18T12:57:00Z,S2_CLOSE_INVALIDATION,-2.92659633,-2.779807339,S2_CLOSE_INVALIDATION,false,4.697247706,0.05513761468,47,1,false,,false,,false,,false,,false,,1.155963303,0.05513761468,1.779908257,0.05513761468,2.091743119,0.05513761468,,63,569.7247706,63
USD/JPY,1h,USD/JPY_2025-11-01,supply,newer,2025-09-18T13:38:00Z,TARGET,1.85047239,2,TARGET,true,1.411107472,2,6,71,true,12,true,12,true,25,true,26,true,71,1.102613322,0,1.411107472,0.5794694854,1.411107472,1.616920077,17,71,241.1107472,72
USD/JPY,1h,USD/JPY_2025-11-01,supply,newer,2025-09-18T19:58:00Z,TARGET,1.881484115,2,TARGET,true,1.303726584,2,269,469,true,64,true,67,true,452,true,454,true,469,0.540665763,0.00002222172835,0.540665763,0.00002222172835,0.540665763,0.00002222172835,482,469,230.3726584,469
USD/JPY,1h,USD/JPY_2025-11-01,supply,newer,2025-09-19T06:50:00Z,TARGET,1.881484115,2,TARGET,true,0.3778212336,2,0,47,true,1,true,2,true,3,true,47,true,47,0.3778212336,1.162959342,0.3778212336,1.23703177,0.3778212336,1.23703177,2,47,137.7821234,48
USD/JPY,1h,USD/JPY_2025-11-01,supply,newer,2025-09-19T10:00:00Z,S2_CLOSE_INVALIDATION,-1.799937779,-1.681421894,S2_CLOSE_INVALIDATION,false,1.925934979,0.6443782731,117,13,true,5,true,11,false,,false,,false,,0.1629371199,0.2443871618,0.1629371199,0.6443782731,0.1629371199,0.6443782731,40,120,292.5934979,120
USD/JPY,1h,USD/JPY_2025-11-01,supply,newer,2025-09-19T13:00:00Z,TARGET,1.85047239,2,TARGET,true,0.401796107,2,0,17,true,4,true,4,true,14,true,16,true,17,0.401796107,0.6355143025,0.401796107,1.112264395,0.401796107,2,84,17,140.1796107,18
USD/JPY,1h,USD/JPY_2025-11-01,demand,newer,2025-09-19T15:00:00Z,TARGET,1.859033942,2,TARGET,true,1.141054162,2,60,3422,true,11,true,240,true,3384,true,3405,true,3422,0.6740159908,0,0.6740159908,0.2599722473,0.6740159908,0.2599722473,120,3422,214.1054162,423
USD/JPY,1h,USD/JPY_2025-11-01,supply,newer,2025-09-22T01:00:00Z,S2_CLOSE_INVALIDATION,-2.261545751,-2.112018141,S2_CLOSE_INVALIDATION,false,2.214818373,0.1776233801,77,10,false,,false,,false,,false,,false,,0.9251427405,0.1028595754,0.9251427405,0.1776233801,0.9251427405,0.1776233801,,120,321.4818373,120
USD/JPY,1h,USD/JPY_2025-11-01,demand,newer,2025-09-22T07:26:00Z,TARGET,1.751918753,2,TARGET,true,0.03884022017,2,0,6,true,0,true,1,true,2,true,5,true,6,0.03884022017,1.201566013,0.03884022017,2,0.03884022017,2,0,6,103.884022,7
USD/JPY,1h,USD/JPY_2025-11-01,demand,newer,2025-09-22T08:09:00Z,S2_CLOSE_INVALIDATION,-1.713640669,-1.572674611,S2_CLOSE_INVALIDATION,false,1.722451047,0.5594370168,311,388,true,1,true,388,false,,false,,false,,0.2686504703,0.295125658,0.2686504703,0.365608687,0.8326028061,0.365608687,8,531,272.2451047,531
USD/JPY,1h,USD/JPY_2025-11-01,supply,newer,2025-09-23T13:00:00Z,S2_CLOSE_INVALIDATION,-1.347511737,-1.197276995,S2_CLOSE_INVALIDATION,false,2.051549296,0.9061971831,174,62,true,57,true,60,false,,false,,false,,0.6244131455,0.1830985915,0.6244131455,0.1924882629,0.6244131455,0.1924882629,220,180,305.1549296,180
USD/JPY,1h,USD/JPY_2025-11-01,demand,newer,2025-09-23T17:51:00Z,TARGET,1.812865497,2,TARGET,true,0.4738011696,2,26,161,true,0,true,3,true,7,true,128,true,161,0.134502924,0.649122807,0.134502924,1.397660819,0.4738011696,1.397660819,13,161,147.380117,162
USD/JPY,1h,USD/JPY_2025-11-01,demand,newer,2025-09-29T07:14:00Z,S2_CLOSE_INVALIDATION,-1.43412766,-1.297957447,S2_CLOSE_INVALIDATION,false,1.766042553,0.3021276596,61,11,true,1,false,,false,,false,,false,,0.2766808511,0.2679148936,0.2766808511,0.3021276596,0.4213617021,0.3021276596,14,106,276.6042553,106
USD/JPY,1h,USD/JPY_2025-11-01,supply,newer,2025-09-29T11:27:00Z,TARGET,1.783783784,2,TARGET,true,0.2702702703,2,3,31,true,4,true,8,true,13,true,28,true,31,0.2702702703,0.3648648649,0.2702702703,1.054054054,0.2702702703,1.621621622,20,31,127.027027,32
USD/JPY,1h,USD/JPY_2025-11-01,supply,newer,2025-09-30T00:50:00Z,TARGET,1.783783784,2,TARGET,true,0.8918918919,2,3,39,true,2,true,10,true,13,true,20,true,39,0.8918918919,0.3512162162,0.8918918919,1.040540541,0.8918918919,1.756756757,6,39,189.1891892,40
USD/JPY,1h,USD/JPY_2025-11-01,supply,newer,2025-09-30T02:01:00Z,TARGET,1.783783784,2,TARGET,true,0.3108108108,2,1,30,true,5,true,6,true,9,true,18,true,30,0.3108108108,0.1755405405,0.3108108108,1.378378378,0.3108108108,1.986486486,17,30,131.0810811,31
USD/JPY,1h,USD/JPY_2025-11-01,demand,newer,2025-09-30T06:51:00Z,TARGET,1.683231043,2,TARGET,true,1.158186498,2,46,50,true,1,true,1,true,9,true,50,true,50,0.06919421897,0.861255197,0.2474163532,1.118590378,0.7621857058,1.118590378,9,50,215.8186498,51
USD/JPY,1h,USD/JPY_2025-11-01,demand,newer,2025-09-30T09:00:00Z,TARGET,1.76298052,2,TARGET,true,0.6887637953,2,2,108,true,5,true,20,true,32,true,55,true,108,0.6887637953,0.02214650767,0.6887637953,0.4964817421,0.6887637953,0.8220872528,58,108,168.8763795,109
USD/JPY,1h,USD/JPY_2025-11-01,demand,newer,2025-10-01T06:43:00Z,S2_CLOSE_INVALIDATION,-1.203041187,-1.123830717,S2_CLOSE_INVALIDATION,false,1.643599918,0.4852309604,116,50,true,49,false,,false,,false,,false,,0.2326634273,0.05447452517,0.3020220948,0.2376487362,0.7178523071,0.2376487362,86,317,264.3599918,317
USD/JPY,1h,USD/JPY_2025-11-01,demand,newer,2025-10-01T12:15:00Z,TARGET,1.835905851,2,TARGET,true,0,2,0,0,true,0,true,0,true,0,true,0,true,0,0,2,0,2,0,2,0,0,100,1
USD/JPY,1h,USD/JPY_2025-11-01,supply,newer,2025-10-01T15:17:00Z,TARGET,1.80247889,2,TARGET,true,2.172781591,2,562,621,true,6,true,8,true,186,true,193,true,621,0.8023554392,0.1729050417,0.8023554392,0.5678238112,0.8023554392,0.6667695422,10,621,317.2781591,621
USD/JPY,1h,USD/JPY_2025-11-01,supply,newer,2025-10-01T17:00:00Z,TARGET,1.80247889,2,TARGET,true,2.172781591,2,459,518,true,15,true,74,true,83,true,90,true,518,0.555330601,0,0.555330601,0.2346303886,0.555330601,0.4569650881,122,518,317.2781591,518
USD/JPY,1h,USD/JPY_2025-11-01,supply,newer,2025-10-02T02:46:00Z,TARGET,1.80247889,2,TARGET,true,1.493679324,2,140,231,true,11,true,35,true,67,true,230,true,231,0.4813836354,0,0.4813836354,0.2593205274,0.6049577799,0.2593205274,24,231,249.3679324,232
USD/JPY,1h,USD/JPY_2025-11-01,supply,newer,2025-10-02T04:11:00Z,TARGET,1.80247889,2,TARGET,true,1.493679324,2,55,146,true,50,true,110,true,144,true,145,true,146,0.2221371784,0.148214903,0.4073132191,0.2346303886,0.6543380574,0.2346303886,63,146,249.3679324,147
USD/JPY,1h,USD/JPY_2025-11-01,supply,newer,2025-10-02T12:49:00Z,S2_CLOSE_INVALIDATION,-2.456471285,-2.258950175,S2_CLOSE_INVALIDATION,false,2.431904597,1.148239593,126,42,true,11,true,12,true,22,false,,false,,0.6171793985,0.2346303886,0.6543380574,0.6667695422,0.6543380574,1.012431485,18,131,343.1904597,131
USD/JPY,1h,USD/JPY_2025-11-01,supply,newer,2025-10-05T23:47:00Z,S2_CLOSE_INVALIDATION,-1.748201439,-1.633093525,S2_CLOSE_INVALIDATION,false,1.971223022,1.424460432,178,22,true,3,true,4,true,14,false,,false,,0.09352517986,0.6330935252,0.09352517986,1.158273381,0.4892805755,1.424460432,9,193,297.1223022,193
USD/JPY,1h,USD/JPY_2025-11-01,demand,newer,2025-10-08T21:06:00Z,TARGET,1.898406248,2,TARGET,true,1.203314496,2,347,548,true,0,true,3,true,235,true,543,true,548,0.06032129024,0.5175566703,0.06032129024,0.5238427837,0.1555654327,0.5238427837,151,548,220.3314496,548
USD/JPY,1h,USD/JPY_2025-11-01,demand,newer,2025-10-09T13:07:00Z,TARGET,1.830687831,2,TARGET,true,0,2,0,0,true,0,true,0,true,0,true,0,true,0,0,2,0,2,0,2,0,0,100,1
USD/JPY,1h,USD/JPY_2025-11-01,demand,newer,2025-10-10T06:37:00Z,TARGET,1.830687831,2,TARGET,true,0.2275132275,2,0,1,true,0,true,0,true,1,true,1,true,1,0.2275132275,2,0.2275132275,2,0.2275132275,2,0,1,122.7513228,2
USD/JPY,1h,USD/JPY_2025-11-01,demand,newer,2025-10-10T07:00:00Z,TARGET,1.898406248,2,TARGET,true,0.7016318496,2,0,26,true,2,true,11,true,12,true,24,true,26,0.7016318496,0.4412978602,0.7016318496,1.012699219,0.7016318496,2,27,26,170.163185,27
USD/JPY,1h,USD/JPY_2025-11-01,demand,newer,2025-10-10T11:41:00Z,S2_CLOSE_INVALIDATION,-4.212965903,-4.111372151,S2_CLOSE_INVALIDATION,false,6.917899549,0.7841767731,230,139,true,12,true,84,false,,false,,false,,0.3206552797,0.06673439583,0.3206552797,0.3333544987,0.4793320211,0.3905009842,108,259,791.7899549,257
USD/JPY,1h,USD/JPY_2025-11-01,demand,newer,2025-10-10T17:00:00Z,S2_CLOSE_INVALIDATION,-2.817085274,-2.572791816,S2_CLOSE_INVALIDATION,false,3.93152149,0.939079319,114,11,true,11,true,11,false,,false,,false,,1.565081304,0.06863119322,1.763569738,0.939079319,2.572791816,0.939079319,17,120,493.152149,120
USD/JPY,1h,USD/JPY_2025-11-01,demand,newer,2025-10-13T23:36:00Z,TARGET,1.731092437,2,TARGET,true,0.2102521008,2,1,18,true,3,true,8,true,9,true,14,true,18,0.2102521008,0.4117647059,0.2102521008,1.773277311,0.2102521008,2,27,18,121.0252101,19
USD/JPY,1h,USD/JPY_2025-11-01,supply,newer,2025-10-14T00:33:00Z,TARGET,1.808394707,2,TARGET,true,0.05406861865,2,0,23,true,1,true,1,true,12,true,19,true,23,0.05406861865,0.9879049159,0.05406861865,1.371115502,0.05406861865,2,6,23,105.4068619,24
USD/JPY,1h,USD/JPY_2025-11-01,demand,newer,2025-10-14T03:39:00Z,S2_CLOSE_INVALIDATION,-4.132499202,-3.939729279,S2_CLOSE_INVALIDATION,false,4.939723255,0.4578345914,41,1,true,0,false,,false,,false,,false,,0.4938464226,0.4578345914,1.662562274,0.4578345914,2.325281173,0.4578345914,5,81,593.9723255,81
USD/JPY,1h,USD/JPY_2025-11-01,demand,newer,2025-10-16T02:00:00Z,TARGET,1.82122905,2,TARGET,true,0.6536312849,2,4,60,true,13,true,14,true,26,true,58,true,60,0.6536312849,0,0.6536312849,0.6088268156,0.6536312849,1.268156425,54,60,165.3631285,61
USD/JPY,1h,USD/JPY_2025-11-01,supply,newer,2025-10-16T04:49:00Z,S2_CLOSE_INVALIDATION,-1.472784592,-1.315156889,S2_CLOSE_INVALIDATION,false,2.77331166,1.620560564,188,180,true,0,true,1,true,90,true,180,false,,0.123294419,0.664893355,0.123294419,0.8718979361,0.5073149106,0.8718979361,4,191,377.331166,191
USD/JPY,1h,USD/JPY_2025-11-01,supply,newer,2025-10-16T06:04:00Z,S2_CLOSE_INVALIDATION,-1.472784592,-1.315156889,S2_CLOSE_INVALIDATION,false,2.77331166,1.620560564,113,105,true,1,true,4,true,15,true,105,false,,0.2117629673,0.7142012709,0.2117629673,0.9900497512,0.6353874193,1.433377666,80,116,377.331166,116
USD/JPY,1h,USD/JPY_2025-11-01,demand,newer,2025-10-16T16:32:00Z,S2_CLOSE_INVALIDATION,-1.469385475,-1.290614525,S2_CLOSE_INVALIDATION,false,2.396648045,0.5084916201,16,4,true,1,true,4,false,,false,,false,,1.390949721,0.5084916201,1.860335196,0.5084916201,2.396648045,0.5084916201,3,88,339.6648045,88
USD/JPY,1h,USD/JPY_2025-11-01,supply,newer,2025-10-17T12:06:00Z,TARGET,1.709090909,2,TARGET,true,2.672909091,2,32,69,true,4,true,5,true,6,true,69,true,69,0.8,0.2545454545,2.218181818,1.109090909,2.527272727,1.109090909,5,69,367.2909091,70
USD/JPY,1h,USD/JPY_2025-11-01,supply,newer,2025-10-17T14:01:00Z,TARGET,1.709090909,2,TARGET,true,3.581818182,2,33,80,true,67,true,70,true,71,true,74,true,80,2,0,3.491090909,0,3.491090909,0,76,80,458.1818182,81
USD/JPY,1h,USD/JPY_2025-11-01,supply,newer,2025-10-17T16:02:00Z,S2_CLOSE_INVALIDATION,-1.618181818,-1.327272727,S2_CLOSE_INVALIDATION,false,1.909090909,1.109090909,5,52,true,11,true,16,true,52,false,,false,,1.418363636,0,1.909090909,0.4363636364,1.909090909,0.9636363636,19,118,290.9090909,118
USD/JPY,1h,USD/JPY_2025-11-01,supply,newer,2025-10-20T01:20:00Z,TARGET,1.928251121,2,TARGET,true,0.1838565022,2,2,152,true,6,true,13,true,29,true,54,true,152,0.1838565022,0.1524663677,0.1838565022,0.5829282511,0.1838565022,1.049327354,22,152,118.3856502,153
USD/JPY,1h,USD/JPY_2025-11-01,demand,newer,2025-10-20T18:57:00Z,TARGET,1.857784098,2,TARGET,true,1.959957335,2,357,409,true,36,true,76,true,277,true,407,true,409,0.2711435047,0.08430736412,0.5467756989,0.08430736412,0.5467756989,0.1643926937,74,409,295.9957335,406
USD/JPY,1h,USD/JPY_2025-11-01,supply,newer,2025-10-21T08:46:00Z,S2_CLOSE_INVALIDATION,-2.004135021,-1.869113924,S2_CLOSE_INVALIDATION,false,1.970464135,0.1054852321,73,1,false,,false,,false,,false,,false,,0.6876793249,0.1054852321,0.9156118143,0.1054852321,1.649873418,0.1054852321,,74,297.0464135,74
USD/JPY,1h,USD/JPY_2025-11-01,supply,newer,2025-10-21T09:14:00Z,S2_CLOSE_INVALIDATION,-2.277548387,-2.071096774,S2_CLOSE_INVALIDATION,false,3.761341935,1.864516129,97,13,true,0,true,1,true,8,true,12,false,,0.09690322581,0.7290322581,0.09690322581,1.864516129,0.2904516129,1.864516129,10,106,476.1341935,106
USD/JPY,1h,USD/JPY_2025-11-01,supply,newer,2025-10-22T20:00:00Z,S2_CLOSE_INVALIDATION,-2.193294954,-2.01649742,S2_CLOSE_INVALIDATION,false,3.397728152,1.563542139,262,127,true,5,true,43,true,118,true,127,false,,0.6243494403,0,0.6243494403,0.3150200555,0.6243494403,0.3259594029,73,300,439.7728152,299
USD/JPY,1h,USD/JPY_2025-11-01,supply,newer,2025-10-23T06:58:00Z,TARGET,1.808394707,2,TARGET,true,0.4729656907,2,1,20,true,3,true,6,true,17,true,19,true,20,0.4729656907,0.4850607748,0.4729656907,0.9879049159,0.4729656907,2,23,20,147.2965691,21
USD/JPY,1h,USD/JPY_2025-11-01,supply,newer,2025-10-23T08:44:00Z,S2_CLOSE_INVALIDATION,-1.993952458,-1.802347165,S2_CLOSE_INVALIDATION,false,1.993832705,1.287168433,134,45,true,1,true,17,true,42,false,,false,,0.1737021735,0.3412370517,0.4969163523,0.3412370517,0.6765463146,0.6046943297,11,136,299.3832705,136
USD/JPY,1h,USD/JPY_2025-11-01,supply,newer,2025-10-23T16:10:00Z,TARGET,1.80952381,2,TARGET,true,0.380952381,2,10,112,true,3,true,15,true,22,true,96,true,112,0.07142857143,0.4285714286,0.380952381,0.4285714286,0.380952381,1.202380952,58,112,138.0952381,113
USD/JPY,1h,USD/JPY_2025-11-01,supply,newer,2025-10-24T05:29:00Z,TARGET,1.913043478,2,TARGET,true,0.1575869565,2,47,421,true,2,true,2,true,102,true,118,true,421,0.01627717391,0.8750543478,0.01627717391,0.8750543478,0.01627717391,0.8750543478,84,421,115.7586957,422
USD/JPY,1h,USD/JPY_2025-11-01,supply,newer,2025-10-27T00:00:00Z,TARGET,1.850457507,2,TARGET,true,1.972063593,2,14,73,true,2,true,45,true,52,true,71,true,73,1.271111194,0.2617274027,1.972063593,0.2617274027,1.972063593,0.2617274027,3088,73,297.2063593,74
USD/JPY,1h,USD/JPY_2025-11-01,supply,newer,2025-10-27T02:08:00Z,S2_CLOSE_INVALIDATION,-1.906638752,-1.757096259,S2_CLOSE_INVALIDATION,false,2.074874057,0.2243417794,150,1,false,,false,,false,,false,,false,,0.1401680484,0.2243417794,0.6729879525,0.2243417794,0.6729879525,0.2243417794,,172,307.4874057,172
USD/JPY,1h,USD/JPY_2025-11-01,supply,newer,2025-10-27T06:00:00Z,TARGET,1.913043478,2,TARGET,true,0.5651630435,2,3,323,true,28,true,35,true,38,true,157,true,323,0.5651630435,0,0.5651630435,0.03803804348,0.5651630435,0.3641304348,266,323,156.5163043,324
USD/JPY,1h,USD/JPY_2025-11-01,supply,newer,2025-10-27T14:00:00Z,TARGET,1.913043478,2,TARGET,true,0.8532608696,2,3,585,true,60,true,183,true,289,true,296,true,585,0.8532608696,0,0.8532608696,0,0.8532608696,0.0869673913,105,585,185.326087,586
USD/JPY,1h,USD/JPY_2025-11-01,demand,newer,2025-10-29T01:00:00Z,TARGET,1.887323944,2,TARGET,true,1.58443662,2,1,86,true,31,true,33,true,43,true,72,true,86,1.58443662,0,1.58443662,0,1.58443662,0.1902112676,96,86,258.443662,87
USD/JPY,1h,USD/JPY_2025-11-01,supply,newer,2025-10-29T18:40:00Z,TARGET,1.913043478,2,TARGET,true,0.1467282609,2,50,115,true,0,true,1,true,3,true,3,true,115,0.1195271739,1.641304348,0.1195271739,1.641304348,0.1195271739,1.641304348,4,115,114.6728261,116
USD/JPY,1h,USD/JPY_2025-11-01,supply,newer,2025-10-30T03:32:00Z,TARGET,1.913043478,2,TARGET,true,0.5706521739,2,1,39,true,7,true,27,true,36,true,39,true,39,0.5706521739,0,0.5706521739,0.4782065217,0.5706521739,0.5543478261,20,39,157.0652174,40
USD/JPY,1h,USD/JPY_2025-11-01,supply,newer,2025-10-30T05:58:00Z,S2_CLOSE_INVALIDATION,-1.711956522,-1.625,S2_CLOSE_INVALIDATION,false,2.630434783,0.5707065217,46,12,true,7,true,11,false,,false,,false,,0.277173913,0.1467570652,0.277173913,0.5707065217,0.277173913,0.5707065217,45,62,363.0434783,62
USD/JPY,1h,USD/JPY_2025-11-01,demand,newer,2025-10-31T15:00:00Z,TARGET,1.860257737,2,TARGET,true,0.2576192285,2,1,85,true,3,true,4,true,44,true,73,true,85,0.2576192285,0.5284930107,0.2576192285,0.6069879865,0.2576192285,0.6069879865,31,85,125.7619229,86
USD/JPY,4h,USD/JPY_2025-11-01,supply,newer,2025-09-18T06:13:00Z,TARGET,1.866103184,2,TARGET,true,0.3724423616,2,1,57,true,3,true,4,true,34,true,51,true,57,0.3724423616,0.5147077284,0.3724423616,0.5731202142,0.3724423616,0.6401523076,15,57,137.2442362,58
USD/JPY,4h,USD/JPY_2025-11-01,supply,newer,2025-09-24T12:48:00Z,S2_CLOSE_INVALIDATION,-2.082991644,-2.02762928,S2_CLOSE_INVALIDATION,false,2.418625975,0.3529523711,1444,732,true,730,false,,false,,false,,false,,0.2075915642,0.05880521098,0.2075915642,0.09344128994,0.3252365876,0.09344128994,858,1452,341.8625975,1451
USD/JPY,4h,USD/JPY_2025-11-01,demand,newer,2025-09-30T14:57:00Z,TARGET,1.896436778,2,TARGET,true,0.2492313667,2,0,34,true,5,true,7,true,16,true,18,true,34,0.2492313667,0.1455386906,0.2492313667,0.8381824655,0.2492313667,1.906178193,39,34,124.9231367,35
USD/JPY,4h,USD/JPY_2025-11-01,demand,newer,2025-10-01T04:52:00Z,S2_CLOSE_INVALIDATION,-3.03131977,-2.930694003,S2_CLOSE_INVALIDATION,false,4.546995378,0.3647998491,227,1,true,1,false,,false,,false,,false,,0.3646740669,0.3647998491,1.012578221,0.3647998491,1.012578221,0.3647998491,13,248,554.6995378,248
USD/JPY,4h,USD/JPY_2025-11-01,demand,newer,2025-10-01T13:00:00Z,TARGET,1.879703771,2,TARGET,true,2.127701966,2,50,137,true,70,true,70,true,77,true,135,true,137,1.398406075,0,1.45855419,0,1.51118379,0,115,137,312.7701966,138
USD/JPY,4h,USD/JPY_2025-11-01,demand,newer,2025-10-02T06:37:00Z,TARGET,1.879703771,2,TARGET,true,0.07522273599,2,0,3,true,0,true,0,true,1,true,3,true,3,0.07522273599,2,0.07522273599,2,0.07522273599,2,1,3,107.5222736,4
USD/JPY,4h,USD/JPY_2025-11-01,supply,newer,2025-10-05T23:37:00Z,S2_CLOSE_INVALIDATION,-1.564051771,-1.520455041,S2_CLOSE_INVALIDATION,false,1.637629428,0.212506812,259,2,false,,false,,false,,false,,false,,0.09809264305,0.212506812,0.4305177112,0.212506812,0.5804087193,0.212506812,,263,263.7629428,263
USD/JPY,4h,USD/JPY_2025-11-01,supply,newer,2025-10-07T08:39:00Z,S2_CLOSE_INVALIDATION,-2.953947368,-2.848684211,S2_CLOSE_INVALIDATION,false,3.046052632,0.2631578947,372,128,true,128,false,,false,,false,,false,,0.1448026316,0.1315789474,0.3157236842,0.1315789474,0.5921052632,0.1315789474,151,441,404.6052632,441
USD/JPY,4h,USD/JPY_2025-11-01,demand,newer,2025-10-15T01:09:00Z,S2_CLOSE_INVALIDATION,-1.499178982,-1.446633826,S2_CLOSE_INVALIDATION,false,2.238095238,1.02955665,1298,715,true,648,true,662,true,715,false,,false,,0.05418719212,0.1199014778,0.3497536946,0.1199014778,0.3497536946,0.1199014778,697,1371,323.8095238,1370
USD/JPY,4h,USD/JPY_2025-11-01,demand,newer,2025-10-17T00:00:00Z,S2_CLOSE_INVALIDATION,-1.516778523,-1.463087248,S2_CLOSE_INVALIDATION,false,2.577181208,0.8423154362,441,123,true,8,true,66,false,,false,,false,,0.2818758389,0.1644295302,0.2818758389,0.3020134228,0.3288825503,0.3020134228,456,480,357.7181208,480
USD/JPY,4h,USD/JPY_2025-11-01,demand,newer,2025-10-24T12:30:00Z,TARGET,1.896436778,2,TARGET,true,2.754166802,2,0,78,true,27,true,30,true,50,true,75,true,78,2.754166802,0,2.754166802,0,2.754166802,0.3074209521,27,78,375.4166802,79
USD/JPY,4h,USD/JPY_2025-11-01,demand,newer,2025-10-27T11:23:00Z,TARGET,1.896436778,2,TARGET,true,0.5404382019,2,40,125,true,1,true,4,true,16,true,94,true,125,0.3398491861,0.5404382019,0.3398491861,0.9806466229,0.3398491861,1.064791741,48,125,154.0438202,125
USD/JPY,4h,USD/JPY_2025-11-01,demand,newer,2025-10-29T00:00:00Z,TARGET,1.95586146,2,TARGET,true,0.7765762286,2,5,340,true,103,true,140,true,312,true,322,true,340,0.7241617126,0,0.7765762286,0,0.7765762286,0.1365122278,417,340,177.6576229,341
