arm,instrument,ipo_timeframe,window,direction,ipo_origin_time,ipo_open,ipo_high,ipo_low,ipo_close,zone_high,zone_low,midpoint,touch_time,entry_time,entry_price,s2_price,target_price,risk_price,m1_entry_time,m1_target_time,s2_invalidation_time,exit_time,exit_price,exit_reason,gross_r,cost_r,net_r,ordering_resolution,ambiguity_detail,frozen_engine_reason,precedence_disagreement,mae_r,mfe_r,bars_to_exit,holding_minutes,blocked_by,excluded_from_stats
IPO_1H_PLUS_4H,EUR/USD,1h,EUR/USD_2022-07-01,supply,2022-03-10T12:00:00Z,1.104,1.11205,1.1034,1.1097,1.1077249999999998,1.1034,1.1077249999999998,2022-03-17T14:00:00Z,2022-03-17T14:00:00Z,1.1077249999999998,1.11205,1.0990749999999996,0.004325000000000134,2022-03-17T14:14:00Z,,2022-03-17T16:00:00Z,2022-03-17T16:00:00Z,1.1131,S2_CLOSE_INVALIDATION,-1.2427745664739798,0.03699421965317805,-1.2797687861271578,HTF_UNAMBIGUOUS,,S2_CLOSE_INVALIDATION,false,1.2890173410404473,0.2254335260115417,2,106,other_tf_refusals=106,false
IPO_1H_PLUS_4H,EUR/USD,1h,EUR/USD_2022-07-01,supply,2022-03-01T20:00:00Z,1.1123,1.1133,1.1116,1.1133,1.11245,1.1116,1.11245,2022-03-17T18:00:00Z,2022-03-17T18:00:00Z,1.11245,1.1133,1.11075,0.0008500000000000174,2022-03-17T18:00:00Z,2022-03-17T18:29:00Z,2022-03-30T08:00:00Z,2022-03-17T18:29:00Z,1.11075,TARGET,2,0.18823529411764323,1.8117647058823567,1M_RESOLVED,,TARGET,false,0.35294117647054213,2.999999999999739,0,29,other_tf_refusals=106,false
IPO_1H_PLUS_4H,EUR/USD,1h,EUR/USD_2022-07-01,demand,2022-03-16T22:00:00Z,1.1033,1.10345,1.1009,1.1021,1.10345,1.102175,1.102175,2022-03-18T12:00:00Z,2022-03-18T12:00:00Z,1.102175,1.1009,1.1047249999999997,0.001274999999999915,2022-03-18T12:12:00Z,2022-03-18T15:53:00Z,2022-03-22T00:00:00Z,2022-03-18T15:53:00Z,1.1047249999999997,TARGET,2,0.12549019607843975,1.8745098039215602,1M_RESOLVED,,TARGET,false,1.470588235294097,2.529411764706077,3,221,other_tf_refusals=106,false
IPO_1H_PLUS_4H,EUR/USD,1h,EUR/USD_2022-07-01,supply,2022-03-18T19:00:00Z,1.10475,1.1057,1.1046,1.1052,1.10515,1.1046,1.10515,2022-03-21T08:00:00Z,2022-03-21T08:00:00Z,1.10515,1.1057,1.1040500000000004,0.0005499999999998284,2022-03-21T08:00:00Z,2022-03-21T11:02:00Z,2022-03-29T11:00:00Z,2022-03-21T11:02:00Z,1.1040500000000004,TARGET,2,0.2909090909091817,1.7090909090908184,1M_RESOLVED,,TARGET,false,2.6363636363643703,4.636363636365178,3,182,other_tf_refusals=106,false
IPO_1H_PLUS_4H,EUR/USD,1h,EUR/USD_2022-07-01,demand,2022-03-16T22:00:00Z,1.1033,1.10345,1.1009,1.1021,1.10345,1.102175,1.102175,2022-03-21T18:00:00Z,2022-03-21T18:00:00Z,1.102175,1.1009,1.1047249999999997,0.001274999999999915,2022-03-21T18:06:00Z,,2022-03-22T00:00:00Z,2022-03-22T00:00:00Z,1.0987,S2_CLOSE_INVALIDATION,-2.7254901960785305,0.12549019607843975,-2.8509803921569703,HTF_UNAMBIGUOUS,,S2_CLOSE_INVALIDATION,false,3.1960784313726274,0.6862745098041094,6,354,other_tf_refusals=106,false
IPO_1H_PLUS_4H,EUR/USD,1h,EUR/USD_2022-07-01,demand,2022-03-16T09:00:00Z,1.09905,1.1001,1.0979,1.0985,1.1001,1.0990000000000002,1.0990000000000002,2022-03-22T04:00:00Z,2022-03-22T04:00:00Z,1.0990000000000002,1.0979,1.1012000000000004,0.001100000000000101,2022-03-22T04:16:00Z,,2022-03-22T06:00:00Z,2022-03-22T06:00:00Z,1.0968,S2_CLOSE_INVALIDATION,-2,0.14545454545453212,-2.145454545454532,HTF_UNAMBIGUOUS,,S2_CLOSE_INVALIDATION,false,2,1.1818181818179432,2,104,other_tf_refusals=106,false
IPO_1H_PLUS_4H,EUR/USD,1h,EUR/USD_2022-07-01,supply,2022-03-21T22:00:00Z,1.1019,1.1026,1.1018,1.10205,1.1021999999999998,1.1018,1.1021999999999998,2022-03-22T12:00:00Z,2022-03-22T12:00:00Z,1.1021999999999998,1.1026,1.1013999999999995,0.000400000000000178,2022-03-22T12:16:00Z,2022-03-22T12:16:00Z,2022-03-22T13:00:00Z,2022-03-22T12:16:00Z,1.1013999999999995,TARGET,2,0.39999999999982205,1.600000000000178,1M_RESOLVED,,TARGET,false,3.124999999999098,5.749999999996808,0,0,other_tf_refusals=106,false
IPO_1H_PLUS_4H,EUR/USD,1h,EUR/USD_2022-07-01,supply,2022-03-22T13:00:00Z,1.1016,1.1041,1.1016,1.1041,1.10285,1.1016,1.10285,2022-03-22T17:00:00Z,2022-03-22T17:00:00Z,1.10285,1.1041,1.1003500000000002,0.0012499999999999734,2022-03-22T17:19:00Z,2022-03-23T09:41:00Z,2022-03-29T10:00:00Z,2022-03-23T09:41:00Z,1.1003500000000002,TARGET,2,0.12800000000000275,1.8719999999999972,1M_RESOLVED,,TARGET,false,1.2399999999999787,3.1200000000000783,16,982,other_tf_refusals=106,false
IPO_1H_PLUS_4H,EUR/USD,1h,EUR/USD_2022-07-01,supply,2022-03-23T10:00:00Z,1.0996,1.1007,1.0996,1.1002,1.10015,1.0996,1.10015,2022-03-23T15:00:00Z,2022-03-23T15:00:00Z,1.10015,1.1007,1.0990499999999999,0.0005500000000000504,2022-03-23T15:40:00Z,,2022-03-23T18:00:00Z,2022-03-23T18:00:00Z,1.10085,S2_CLOSE_INVALIDATION,-1.2727272727274195,0.29090909090906425,-1.5636363636364838,HTF_UNAMBIGUOUS,,TARGET,true,0.6363636363637097,4.454545454545161,0,140,other_tf_refusals=106,false
IPO_1H_PLUS_4H,EUR/USD,1h,EUR/USD_2022-07-01,supply,2022-03-23T10:00:00Z,1.0996,1.1007,1.0996,1.1002,1.10015,1.0996,1.10015,2022-03-23T17:00:00Z,2022-03-23T17:00:00Z,1.10015,1.1007,1.0990499999999999,0.0005500000000000504,2022-03-23T17:00:00Z,,2022-03-23T18:00:00Z,2022-03-23T18:00:00Z,1.10085,S2_CLOSE_INVALIDATION,-1.2727272727274195,0.29090909090906425,-1.5636363636364838,HTF_UNAMBIGUOUS,,S2_CLOSE_INVALIDATION,false,1.7272727272725805,0.8181818181818549,1,60,other_tf_refusals=106,false
IPO_1H_PLUS_4H,EUR/USD,1h,EUR/USD_2022-07-01,supply,2022-03-22T13:00:00Z,1.1016,1.1041,1.1016,1.1041,1.10285,1.1016,1.10285,2022-03-25T01:00:00Z,2022-03-25T01:00:00Z,1.10285,1.1041,1.1003500000000002,0.0012499999999999734,2022-03-25T01:44:00Z,2022-03-25T09:10:00Z,2022-03-29T10:00:00Z,2022-03-25T09:10:00Z,1.1003500000000002,TARGET,2,0.12800000000000275,1.8719999999999972,1M_RESOLVED,,TARGET,false,0.7599999999998437,2.2000000000000712,8,446,other_tf_refusals=106,false
IPO_1H_PLUS_4H,EUR/USD,1h,EUR/USD_2022-07-01,supply,2022-03-28T08:00:00Z,1.0952,1.0998,1.0945,1.0991,1.09715,1.0945,1.09715,2022-03-28T15:00:00Z,2022-03-28T15:00:00Z,1.09715,1.0998,1.09185,0.002650000000000041,2022-03-28T15:00:00Z,,2022-03-29T06:00:00Z,2022-03-29T06:00:00Z,1.1005,S2_CLOSE_INVALIDATION,-1.2641509433961933,0.0603773584905651,-1.3245283018867584,HTF_UNAMBIGUOUS,,S2_CLOSE_INVALIDATION,false,1.4339622641509306,0.20754716981133656,15,900,other_tf_refusals=106,false
IPO_1H_PLUS_4H,EUR/USD,1h,EUR/USD_2022-07-01,demand,2022-03-29T00:00:00Z,1.09925,1.0997,1.097,1.0974,1.0997,1.09835,1.09835,2022-03-29T08:00:00Z,2022-03-29T08:00:00Z,1.09835,1.097,1.1010499999999999,0.0013499999999999623,2022-03-29T08:52:00Z,2022-03-29T09:08:00Z,2022-04-04T17:00:00Z,2022-03-29T09:08:00Z,1.1010499999999999,TARGET,2,0.11851851851852184,1.8814814814814782,1M_RESOLVED,,TARGET,false,0.6296296296296601,4.629629629629824,1,16,other_tf_refusals=106,false
IPO_1H_PLUS_4H,EUR/USD,1h,EUR/USD_2022-07-01,supply,2022-03-01T20:00:00Z,1.1123,1.1133,1.1116,1.1133,1.11245,1.1116,1.11245,2022-03-29T12:00:00Z,2022-03-29T12:00:00Z,1.11245,1.1133,1.11075,0.0008500000000000174,2022-03-29T12:48:00Z,2022-03-29T13:03:00Z,2022-03-30T08:00:00Z,2022-03-29T13:03:00Z,1.11075,TARGET,2,0.18823529411764323,1.8117647058823567,1M_RESOLVED,,TARGET,false,0.5294117647059439,5.352941176470281,0,15,other_tf_refusals=106,false
IPO_1H_PLUS_4H,EUR/USD,1h,EUR/USD_2022-07-01,supply,2022-03-02T16:00:00Z,1.1068,1.1145,1.1064,1.1103,1.1104500000000002,1.1064,1.1104500000000002,2022-03-29T13:00:00Z,2022-03-29T13:00:00Z,1.1104500000000002,1.1145,1.1023500000000004,0.004049999999999887,2022-03-29T13:00:00Z,,2022-03-30T08:00:00Z,2022-03-30T08:00:00Z,1.1156,S2_CLOSE_INVALIDATION,-1.2716049382715826,0.039506172839507275,-1.3111111111110898,HTF_UNAMBIGUOUS,,S2_CLOSE_INVALIDATION,false,1.2962962962962719,0.8024691358025402,19,1140,other_tf_refusals=106,false
IPO_1H_PLUS_4H,EUR/USD,1h,EUR/USD_2022-07-01,demand,2022-03-30T04:00:00Z,1.1115,1.1121,1.1109,1.1111,1.1121,1.1115,1.1115,2022-03-30T12:00:00Z,2022-03-30T12:00:00Z,1.1115,1.1109,1.1126999999999998,0.0005999999999999339,2022-03-30T12:29:00Z,2022-03-30T12:37:00Z,2022-03-31T10:00:00Z,2022-03-30T12:37:00Z,1.1126999999999998,TARGET,2,0.2666666666666961,1.7333333333333039,1M_RESOLVED,,TARGET,false,0.4166666666664816,4.250000000000555,0,8,other_tf_refusals=106,false
IPO_1H_PLUS_4H,EUR/USD,1h,EUR/USD_2022-07-01,demand,2022-03-30T17:00:00Z,1.1157,1.1157,1.1149,1.1149,1.1157,1.1153,1.1153,2022-03-31T06:00:00Z,2022-03-31T06:00:00Z,1.1153,1.1149,1.1160999999999999,0.00039999999999995595,2022-03-31T06:36:00Z,2022-03-31T06:39:00Z,2022-03-31T08:00:00Z,2022-03-31T06:39:00Z,1.1160999999999999,TARGET,2,0.4000000000000441,1.599999999999956,1M_RESOLVED,,TARGET,false,0.25,5.000000000000555,0,3,other_tf_refusals=106,false
IPO_1H_PLUS_4H,EUR/USD,1h,EUR/USD_2022-07-01,demand,2022-03-30T04:00:00Z,1.1115,1.1121,1.1109,1.1111,1.1121,1.1115,1.1115,2022-03-31T08:00:00Z,2022-03-31T08:00:00Z,1.1115,1.1109,1.1126999999999998,0.0005999999999999339,2022-03-31T08:43:00Z,2022-03-31T08:56:00Z,2022-03-31T10:00:00Z,2022-03-31T08:56:00Z,1.1126999999999998,TARGET,2,0.2666666666666961,1.7333333333333039,1M_RESOLVED,,TARGET,false,0.3333333333333333,6.00000000000074,0,13,other_tf_refusals=106,false
IPO_1H_PLUS_4H,EUR/USD,1h,EUR/USD_2022-07-01,demand,2022-03-29T17:00:00Z,1.108,1.1083,1.1072,1.1078,1.1083,1.10775,1.10775,2022-03-31T13:00:00Z,2022-03-31T13:00:00Z,1.10775,1.1072,1.1088500000000001,0.0005500000000000504,2022-03-31T13:13:00Z,2022-03-31T13:30:00Z,2022-03-31T18:00:00Z,2022-03-31T13:30:00Z,1.1088500000000001,TARGET,2,0.29090909090906425,1.7090909090909356,1M_RESOLVED,,TARGET,false,1.6363636363637097,5.454545454544757,0,17,other_tf_refusals=106,false
IPO_1H_PLUS_4H,EUR/USD,1h,EUR/USD_2022-07-01,demand,2022-03-29T23:00:00Z,1.1093,1.1095,1.109,1.1092,1.1095,1.1092499999999998,1.1092499999999998,2022-03-31T14:00:00Z,2022-03-31T14:00:00Z,1.1092499999999998,1.109,1.1097499999999996,0.00024999999999986144,2022-03-31T14:00:00Z,2022-03-31T14:54:00Z,2022-03-31T16:00:00Z,2022-03-31T14:54:00Z,1.1097499999999996,TARGET,2,0.6400000000003547,1.3599999999996453,1M_RESOLVED,,TARGET,false,8.600000000004263,16.200000000009414,0,54,other_tf_refusals=106,false
IPO_1H_PLUS_4H,EUR/USD,1h,EUR/USD_2022-07-01,demand,2022-03-29T17:00:00Z,1.108,1.1083,1.1072,1.1078,1.1083,1.10775,1.10775,2022-03-31T16:00:00Z,2022-03-31T16:00:00Z,1.10775,1.1072,1.1088500000000001,0.0005500000000000504,2022-03-31T16:36:00Z,2022-03-31T17:11:00Z,2022-03-31T18:00:00Z,2022-03-31T17:11:00Z,1.1088500000000001,TARGET,2,0.29090909090906425,1.7090909090909356,1M_RESOLVED,,TARGET,false,0.27272727272741953,2.9090909090907258,0,35,other_tf_refusals=106,false
IPO_1H_PLUS_4H,EUR/USD,1h,EUR/USD_2022-07-01,demand,2022-03-29T00:00:00Z,1.09925,1.0997,1.097,1.0974,1.0997,1.09835,1.09835,2022-04-04T13:00:00Z,2022-04-04T13:00:00Z,1.09835,1.097,1.1010499999999999,0.0013499999999999623,2022-04-04T13:27:00Z,,2022-04-04T17:00:00Z,2022-04-04T17:00:00Z,1.0964,S2_CLOSE_INVALIDATION,-1.444444444444408,0.11851851851852184,-1.5629629629629298,HTF_UNAMBIGUOUS,,S2_CLOSE_INVALIDATION,false,1.518518518518476,1.4444444444445723,4,213,other_tf_refusals=106,false
IPO_1H_PLUS_4H,EUR/USD,1h,EUR/USD_2022-07-01,demand,2022-03-11T18:00:00Z,1.0916,1.09215,1.0902,1.0902,1.09215,1.091175,1.091175,2022-04-05T17:00:00Z,2022-04-05T17:00:00Z,1.091175,1.0902,1.093125,0.0009749999999999481,2022-04-05T17:49:00Z,,2022-04-06T00:00:00Z,2022-04-06T00:00:00Z,1.0895,S2_CLOSE_INVALIDATION,-1.7179487179489048,0.16410256410257285,-1.8820512820514776,HTF_UNAMBIGUOUS,,S2_CLOSE_INVALIDATION,false,1.8205128205130015,0.9487179487180655,7,371,other_tf_refusals=106,false
IPO_1H_PLUS_4H,EUR/USD,1h,EUR/USD_2022-07-01,demand,2022-03-08T09:00:00Z,1.0897,1.0904,1.0867,1.0888,1.0904,1.0885500000000001,1.0885500000000001,2022-04-06T06:00:00Z,2022-04-06T06:00:00Z,1.0885500000000001,1.0867,1.0922500000000004,0.0018500000000001293,2022-04-06T06:00:00Z,2022-04-06T08:48:00Z,2022-04-07T23:00:00Z,2022-04-06T08:48:00Z,1.0922500000000004,TARGET,2,0.08648648648648045,1.9135135135135195,1M_RESOLVED,,TARGET,false,0.5675675675676454,2.1621621621618927,2,168,other_tf_refusals=106,false
IPO_1H_PLUS_4H,EUR/USD,1h,EUR/USD_2022-07-01,supply,2022-04-07T05:00:00Z,1.0914,1.092,1.091,1.0919,1.0915,1.091,1.0915,2022-04-07T13:00:00Z,2022-04-07T13:00:00Z,1.0915,1.092,1.0904999999999996,0.000500000000000167,2022-04-07T13:00:00Z,2022-04-07T14:03:00Z,2022-04-10T19:00:00Z,2022-04-07T14:03:00Z,1.0904999999999996,TARGET,2,0.31999999999989315,1.6800000000001067,1M_RESOLVED,,TARGET,false,4.699999999998579,3.39999999999849,1,63,other_tf_refusals=106,false
IPO_1H_PLUS_4H,EUR/USD,1h,EUR/USD_2022-07-01,supply,2022-04-07T05:00:00Z,1.0914,1.092,1.091,1.0919,1.0915,1.091,1.0915,2022-04-07T15:00:00Z,2022-04-07T15:00:00Z,1.0915,1.092,1.0904999999999996,0.000500000000000167,2022-04-07T15:01:00Z,2022-04-07T15:24:00Z,2022-04-10T19:00:00Z,2022-04-07T15:24:00Z,1.0904999999999996,TARGET,2,0.31999999999989315,1.6800000000001067,1M_RESOLVED,,TARGET,false,0.10000000000017764,3.7999999999987564,0,23,other_tf_refusals=106,false
IPO_1H_PLUS_4H,EUR/USD,1h,EUR/USD_2022-07-01,demand,2022-03-07T19:00:00Z,1.088,1.089,1.0847,1.08475,1.089,1.08685,1.08685,2022-04-08T08:00:00Z,2022-04-08T08:00:00Z,1.08685,1.0847,1.0911500000000003,0.0021500000000000963,2022-04-08T08:00:00Z,,2022-04-08T13:00:00Z,2022-04-08T13:00:00Z,1.084,S2_CLOSE_INVALIDATION,-1.3255813953487867,0.07441860465115946,-1.3999999999999462,HTF_UNAMBIGUOUS,,S2_CLOSE_INVALIDATION,false,1.5116279069767682,1.0465116279068662,5,300,other_tf_refusals=106,false
IPO_1H_PLUS_4H,EUR/USD,1h,EUR/USD_2022-07-01,supply,2022-04-07T17:00:00Z,1.0877,1.0893,1.0877,1.0883,1.0884999999999998,1.0877,1.0884999999999998,2022-04-08T18:00:00Z,2022-04-08T18:00:00Z,1.0884999999999998,1.0893,1.0868999999999995,0.0008000000000001339,2022-04-08T18:57:00Z,,2022-04-10T19:00:00Z,2022-04-10T19:00:00Z,1.09385,S2_CLOSE_INVALIDATION,-6.687499999999115,0.19999999999996654,-6.887499999999082,HTF_UNAMBIGUOUS,,S2_CLOSE_INVALIDATION,false,8.24999999999882,1.8749999999994795,3,2883,other_tf_refusals=106,false
IPO_1H_PLUS_4H,EUR/USD,1h,EUR/USD_2022-07-01,supply,2022-04-07T13:00:00Z,1.0914,1.09385,1.0907,1.0914,1.0922749999999999,1.0907,1.0922749999999999,2022-04-10T20:00:00Z,2022-04-10T20:00:00Z,1.0922749999999999,1.09385,1.0891249999999997,0.001575000000000104,2022-04-10T20:22:00Z,2022-04-10T22:47:00Z,,2022-04-10T22:47:00Z,1.0891249999999997,TARGET,2,0.10158730158729488,1.8984126984127052,HTF_UNAMBIGUOUS,,TARGET,false,0.20634920634927573,2.3333333333330986,2,145,other_tf_refusals=106,false
IPO_1H_PLUS_4H,EUR/USD,1h,EUR/USD_2022-07-01,demand,2022-04-08T19:00:00Z,1.0885,1.0885,1.0875,1.0878,1.0885,1.088,1.088,2022-04-11T04:00:00Z,2022-04-11T04:00:00Z,1.088,1.0875,1.0890000000000004,0.000500000000000167,2022-04-11T04:04:00Z,2022-04-11T05:52:00Z,2022-04-12T01:00:00Z,2022-04-11T05:52:00Z,1.0890000000000004,TARGET,2,0.31999999999989315,1.6800000000001067,1M_RESOLVED,,TARGET,false,0,2.5999999999988455,1,108,other_tf_refusals=106,false
IPO_1H_PLUS_4H,EUR/USD,1h,EUR/USD_2022-07-01,supply,2022-04-07T13:00:00Z,1.0914,1.09385,1.0907,1.0914,1.0922749999999999,1.0907,1.0922749999999999,2022-04-11T09:00:00Z,2022-04-11T09:00:00Z,1.0922749999999999,1.09385,1.0891249999999997,0.001575000000000104,2022-04-11T09:34:00Z,2022-04-11T13:28:00Z,,2022-04-11T13:28:00Z,1.0891249999999997,TARGET,2,0.10158730158729488,1.8984126984127052,HTF_UNAMBIGUOUS,,TARGET,false,0.6825396825397385,2.714285714285412,4,234,other_tf_refusals=106,false
IPO_1H_PLUS_4H,EUR/USD,1h,EUR/USD_2022-07-01,demand,2022-04-08T19:00:00Z,1.0885,1.0885,1.0875,1.0878,1.0885,1.088,1.088,2022-04-11T17:00:00Z,2022-04-11T17:00:00Z,1.088,1.0875,1.0890000000000004,0.000500000000000167,2022-04-11T17:00:00Z,2022-04-11T18:25:00Z,2022-04-12T01:00:00Z,2022-04-11T18:25:00Z,1.0890000000000004,TARGET,2,0.31999999999989315,1.6800000000001067,1M_RESOLVED,,TARGET,false,0.6000000000001776,2.9999999999986677,1,85,other_tf_refusals=106,false
IPO_1H_PLUS_4H,EUR/USD,1h,EUR/USD_2022-07-01,demand,2022-04-08T19:00:00Z,1.0885,1.0885,1.0875,1.0878,1.0885,1.088,1.088,2022-04-11T23:00:00Z,2022-04-11T23:00:00Z,1.088,1.0875,1.0890000000000004,0.000500000000000167,2022-04-11T23:02:00Z,,2022-04-12T01:00:00Z,2022-04-12T01:00:00Z,1.0872,S2_CLOSE_INVALIDATION,-1.5999999999997336,0.31999999999989315,-1.919999999999627,HTF_UNAMBIGUOUS,,S2_CLOSE_INVALIDATION,false,2.6999999999994673,1.3999999999993782,2,118,other_tf_refusals=106,false
IPO_1H_PLUS_4H,EUR/USD,1h,EUR/USD_2022-07-01,demand,2022-04-08T17:00:00Z,1.0874,1.0875,1.08655,1.0872,1.0875,1.087025,1.087025,2022-04-12T02:00:00Z,2022-04-12T02:00:00Z,1.087025,1.08655,1.087975,0.0004750000000000032,2022-04-12T02:00:00Z,2022-04-12T04:24:00Z,2022-04-12T06:00:00Z,2022-04-12T04:24:00Z,1.087975,TARGET,2,0.33684210526315567,1.6631578947368444,1M_RESOLVED,,TARGET,false,0.6842105263155926,2.6842105263160603,2,144,other_tf_refusals=106,false
IPO_1H_PLUS_4H,EUR/USD,1h,EUR/USD_2022-07-01,demand,2022-03-07T10:00:00Z,1.0859,1.0859,1.0807,1.08325,1.0859,1.0833,1.0833,2022-04-13T02:00:00Z,2022-04-13T02:00:00Z,1.0833,1.0807,1.0884999999999998,0.0025999999999999357,2022-04-13T02:00:00Z,2022-04-13T16:14:00Z,2022-04-14T13:00:00Z,2022-04-13T16:14:00Z,1.0884999999999998,TARGET,2,0.06153846153846307,1.938461538461537,1M_RESOLVED,,TARGET,false,0.9230769230769297,2.346153846153902,14,854,other_tf_refusals=106,false
IPO_1H_PLUS_4H,EUR/USD,1h,EUR/USD_2022-07-01,supply,2022-04-12T12:00:00Z,1.08625,1.0903,1.0852,1.0896,1.08775,1.0852,1.08775,2022-04-13T17:00:00Z,2022-04-13T17:00:00Z,1.08775,1.0903,1.08265,0.0025500000000000522,2022-04-13T17:00:00Z,,2022-04-14T01:00:00Z,2022-04-14T01:00:00Z,1.0906,S2_CLOSE_INVALIDATION,-1.1176470588235141,0.06274509803921441,-1.1803921568627285,HTF_UNAMBIGUOUS,,S2_CLOSE_INVALIDATION,false,1.235294117647028,0.21568627450981928,8,480,other_tf_refusals=106,false
IPO_1H_PLUS_4H,EUR/USD,1h,EUR/USD_2022-07-01,supply,2022-04-17T22:00:00Z,1.0808,1.08215,1.0804,1.08215,1.081275,1.0804,1.081275,2022-04-18T11:00:00Z,2022-04-18T11:00:00Z,1.081275,1.08215,1.079525,0.0008749999999999591,2022-04-18T11:54:00Z,2022-04-18T14:53:00Z,2022-04-20T08:00:00Z,2022-04-18T14:53:00Z,1.079525,TARGET,2,0.1828571428571514,1.8171428571428485,1M_RESOLVED,,TARGET,false,0.2571428571427774,2.428571428571465,3,179,other_tf_refusals=106,false
IPO_1H_PLUS_4H,EUR/USD,1h,EUR/USD_2022-07-01,supply,2022-04-18T19:00:00Z,1.0784,1.0785,1.0778,1.0784,1.07815,1.0778,1.07815,2022-04-19T04:00:00Z,2022-04-19T04:00:00Z,1.07815,1.0785,1.0774499999999998,0.0003500000000000725,2022-04-19T04:17:00Z,2022-04-19T04:41:00Z,2022-04-19T07:00:00Z,2022-04-19T04:41:00Z,1.0774499999999998,TARGET,2,0.45714285714276254,1.5428571428572375,1M_RESOLVED,,TARGET,false,0.14285714285741474,3.857142857141951,0,24,other_tf_refusals=106,false
IPO_1H_PLUS_4H,EUR/USD,1h,EUR/USD_2022-07-01,supply,2022-04-18T19:00:00Z,1.0784,1.0785,1.0778,1.0784,1.07815,1.0778,1.07815,2022-04-19T06:00:00Z,2022-04-19T06:00:00Z,1.07815,1.0785,1.0774499999999998,0.0003500000000000725,2022-04-19T06:31:00Z,,2022-04-19T07:00:00Z,2022-04-19T07:00:00Z,1.0801,S2_CLOSE_INVALIDATION,-5.571428571427756,0.45714285714276254,-6.028571428570518,HTF_UNAMBIGUOUS,,TARGET,true,1.8571428571425852,3.9999999999987312,0,29,other_tf_refusals=106,false
IPO_1H_PLUS_4H,EUR/USD,1h,EUR/USD_2022-07-01,supply,2022-04-17T22:00:00Z,1.0808,1.08215,1.0804,1.08215,1.081275,1.0804,1.081275,2022-04-19T08:00:00Z,2022-04-19T08:00:00Z,1.081275,1.08215,1.079525,0.0008749999999999591,2022-04-19T08:32:00Z,2022-04-19T08:49:00Z,2022-04-20T08:00:00Z,2022-04-19T08:49:00Z,1.079525,TARGET,2,0.1828571428571514,1.8171428571428485,1M_RESOLVED,,TARGET,false,0.028571428571363317,2.200000000000051,0,17,other_tf_refusals=106,false
IPO_1H_PLUS_4H,EUR/USD,1h,EUR/USD_2022-07-01,supply,2022-04-18T11:00:00Z,1.0801,1.0814,1.08005,1.081,1.080725,1.08005,1.080725,2022-04-19T09:00:00Z,2022-04-19T09:00:00Z,1.080725,1.0814,1.079375,0.0006749999999999812,2022-04-19T09:00:00Z,2022-04-19T10:03:00Z,2022-04-20T03:00:00Z,2022-04-19T10:03:00Z,1.079375,TARGET,2,0.23703703703704368,1.7629629629629564,1M_RESOLVED,,TARGET,false,0.4074074074074561,3.3703703703705044,1,63,other_tf_refusals=106,false
IPO_1H_PLUS_4H,EUR/USD,1h,EUR/USD_2022-07-01,supply,2022-04-17T22:00:00Z,1.0808,1.08215,1.0804,1.08215,1.081275,1.0804,1.081275,2022-04-20T06:00:00Z,2022-04-20T06:00:00Z,1.081275,1.08215,1.079525,0.0008749999999999591,2022-04-20T06:00:00Z,,2022-04-20T08:00:00Z,2022-04-20T08:00:00Z,1.084,S2_CLOSE_INVALIDATION,-3.114285714285961,0.1828571428571514,-3.297142857143112,HTF_UNAMBIGUOUS,,S2_CLOSE_INVALIDATION,false,3.228571428571668,0.7714285714285859,2,120,other_tf_refusals=106,false
IPO_1H_PLUS_4H,EUR/USD,1h,EUR/USD_2022-07-01,demand,2022-04-20T11:00:00Z,1.0859,1.0859,1.0825,1.0828,1.0859,1.0842,1.0842,2022-04-20T17:00:00Z,2022-04-20T17:00:00Z,1.0842,1.0825,1.0876000000000001,0.0017000000000000348,2022-04-20T17:00:00Z,2022-04-21T06:30:00Z,2022-04-22T07:00:00Z,2022-04-21T06:30:00Z,1.0876000000000001,TARGET,2,0.09411764705882161,1.9058823529411784,1M_RESOLVED,,TARGET,false,1.058823529411757,3.5882352941175704,13,810,other_tf_refusals=106,false
IPO_1H_PLUS_4H,EUR/USD,1h,EUR/USD_2022-07-01,supply,2022-04-07T13:00:00Z,1.0914,1.09385,1.0907,1.0914,1.0922749999999999,1.0907,1.0922749999999999,2022-04-21T07:00:00Z,2022-04-21T07:00:00Z,1.0922749999999999,1.09385,1.0891249999999997,0.001575000000000104,2022-04-21T07:43:00Z,2022-04-21T11:11:00Z,,2022-04-21T11:11:00Z,1.0891249999999997,TARGET,2,0.10158730158729488,1.8984126984127052,HTF_UNAMBIGUOUS,,TARGET,false,0.8412698412697988,2.1428571428569416,0,208,other_tf_refusals=106,false
IPO_1H_PLUS_4H,EUR/USD,1h,EUR/USD_2022-07-01,supply,2022-04-07T13:00:00Z,1.0914,1.09385,1.0907,1.0914,1.0922749999999999,1.0907,1.0922749999999999,2022-04-21T09:00:00Z,2022-04-21T09:00:00Z,1.0922749999999999,1.09385,1.0891249999999997,0.001575000000000104,2022-04-21T09:02:00Z,2022-04-21T11:11:00Z,,2022-04-21T11:11:00Z,1.0891249999999997,TARGET,2,0.10158730158729488,1.8984126984127052,HTF_UNAMBIGUOUS,,TARGET,false,0.14285714285722342,3.06349206349177,2,129,other_tf_refusals=106,false
IPO_1H_PLUS_4H,EUR/USD,1h,EUR/USD_2022-07-01,demand,2022-04-20T11:00:00Z,1.0859,1.0859,1.0825,1.0828,1.0859,1.0842,1.0842,2022-04-21T14:00:00Z,2022-04-21T14:00:00Z,1.0842,1.0825,1.0876000000000001,0.0017000000000000348,2022-04-21T14:55:00Z,,2022-04-22T07:00:00Z,2022-04-22T07:00:00Z,1.0806,S2_CLOSE_INVALIDATION,-2.117647058823514,0.09411764705882161,-2.2117647058823353,HTF_UNAMBIGUOUS,,S2_CLOSE_INVALIDATION,false,2.294117647058785,1.9999999999998694,17,965,other_tf_refusals=106,false
IPO_1H_PLUS_4H,EUR/USD,1h,EUR/USD_2022-07-01,supply,2022-04-28T14:00:00Z,1.0508,1.052,1.0482,1.0515,1.0501,1.0482,1.0501,2022-04-28T22:00:00Z,2022-04-28T22:00:00Z,1.0501,1.052,1.0463,0.0019000000000000128,2022-04-28T22:07:00Z,,2022-04-29T05:00:00Z,2022-04-29T05:00:00Z,1.05375,S2_CLOSE_INVALIDATION,-1.921052631578898,0.08421052631578892,-2.005263157894687,HTF_UNAMBIGUOUS,,S2_CLOSE_INVALIDATION,false,2.131578947368347,0.4736842105263773,7,413,other_tf_refusals=106,false
IPO_1H_PLUS_4H,EUR/USD,1h,EUR/USD_2022-07-01,supply,2022-04-28T07:00:00Z,1.0522,1.0564,1.0515,1.0555,1.05395,1.0515,1.05395,2022-04-29T06:00:00Z,2022-04-29T06:00:00Z,1.05395,1.0564,1.0490499999999998,0.0024500000000000632,2022-04-29T06:15:00Z,,2022-04-29T08:00:00Z,2022-04-29T08:00:00Z,1.05695,S2_CLOSE_INVALIDATION,-1.2244897959183823,0.0653061224489779,-1.2897959183673602,HTF_UNAMBIGUOUS,,S2_CLOSE_INVALIDATION,false,2.142857142857078,0.30612244897959556,2,105,other_tf_refusals=106,false
IPO_1H_PLUS_4H,EUR/USD,1h,EUR/USD_2022-07-01,supply,2022-04-29T09:00:00Z,1.0569,1.058,1.0566,1.0578,1.0573000000000001,1.0566,1.0573000000000001,2022-04-29T17:00:00Z,2022-04-29T17:00:00Z,1.0573000000000001,1.058,1.0559000000000003,0.0006999999999999229,2022-04-29T17:22:00Z,2022-04-29T19:25:00Z,2022-05-04T18:00:00Z,2022-04-29T19:25:00Z,1.0559000000000003,TARGET,2,0.22857142857145377,1.7714285714285463,1M_RESOLVED,,TARGET,false,0.8571428571428571,3.5000000000004756,0,123,other_tf_refusals=106,false
IPO_1H_PLUS_4H,EUR/USD,1h,EUR/USD_2022-07-01,supply,2022-05-02T10:00:00Z,1.0527,1.0529,1.052,1.0527,1.0524499999999999,1.052,1.0524499999999999,2022-05-03T00:00:00Z,2022-05-03T00:00:00Z,1.0524499999999999,1.0529,1.0515499999999998,0.00045000000000006146,2022-05-03T00:53:00Z,2022-05-03T01:36:00Z,2022-05-03T11:00:00Z,2022-05-03T01:36:00Z,1.0515499999999998,TARGET,2,0.355555555555507,1.644444444444493,1M_RESOLVED,,TARGET,false,0.3333333333334978,3.5555555555546783,0,43,other_tf_refusals=106,false
IPO_1H_PLUS_4H,EUR/USD,1h,EUR/USD_2022-07-01,supply,2022-05-02T13:00:00Z,1.0511,1.0528,1.05035,1.0525,1.051575,1.05035,1.051575,2022-05-03T01:00:00Z,2022-05-03T01:00:00Z,1.051575,1.0528,1.0491249999999999,0.0012250000000000316,2022-05-03T01:00:00Z,,2022-05-03T11:00:00Z,2022-05-03T11:00:00Z,1.0539,S2_CLOSE_INVALIDATION,-1.8979591836735286,0.1306122448979558,-2.0285714285714844,HTF_UNAMBIGUOUS,,S2_CLOSE_INVALIDATION,false,2.1428571428571686,1.7755102040814366,10,600,other_tf_refusals=106,false
IPO_1H_PLUS_4H,EUR/USD,1h,EUR/USD_2022-07-01,supply,2022-04-29T09:00:00Z,1.0569,1.058,1.0566,1.0578,1.0573000000000001,1.0566,1.0573000000000001,2022-05-03T12:00:00Z,2022-05-03T12:00:00Z,1.0573000000000001,1.058,1.0559000000000003,0.0006999999999999229,2022-05-03T12:36:00Z,2022-05-03T13:20:00Z,2022-05-04T18:00:00Z,2022-05-03T13:20:00Z,1.0559000000000003,TARGET,2,0.22857142857145377,1.7714285714285463,1M_RESOLVED,,TARGET,false,0.6428571428569843,4.928571428572222,0,44,other_tf_refusals=106,false
IPO_1H_PLUS_4H,EUR/USD,1h,EUR/USD_2022-07-01,supply,2022-04-29T17:00:00Z,1.0549,1.0579,1.05485,1.0573,1.056375,1.05485,1.056375,2022-05-03T14:00:00Z,2022-05-03T14:00:00Z,1.056375,1.0579,1.053325,0.0015249999999999986,2022-05-03T14:32:00Z,2022-05-03T15:42:00Z,2022-05-04T18:00:00Z,2022-05-03T15:42:00Z,1.053325,TARGET,2,0.10491803278688536,1.8950819672131147,1M_RESOLVED,,TARGET,false,0.01639344262291263,2.1147540983606796,1,70,other_tf_refusals=106,false
IPO_1H_PLUS_4H,EUR/USD,1h,EUR/USD_2022-07-01,supply,2022-04-27T07:00:00Z,1.0621,1.0629,1.05885,1.0624,1.060875,1.05885,1.060875,2022-05-04T18:00:00Z,2022-05-04T18:00:00Z,1.060875,1.0629,1.0568250000000001,0.0020249999999999435,2022-05-04T18:48:00Z,2022-05-05T11:23:00Z,2022-05-23T08:00:00Z,2022-05-05T11:23:00Z,1.0568250000000001,TARGET,2,0.07901234567901455,1.9209876543209854,1M_RESOLVED,,TARGET,false,0.9012345679012427,4.728395061728582,0,995,other_tf_refusals=106,false
IPO_1H_PLUS_4H,EUR/USD,1h,EUR/USD_2022-07-01,supply,2022-04-27T07:00:00Z,1.0621,1.0629,1.05885,1.0624,1.060875,1.05885,1.060875,2022-05-04T20:00:00Z,2022-05-04T20:00:00Z,1.060875,1.0629,1.0568250000000001,0.0020249999999999435,2022-05-04T20:00:00Z,2022-05-05T11:23:00Z,2022-05-23T08:00:00Z,2022-05-05T11:23:00Z,1.0568250000000001,TARGET,2,0.07901234567901455,1.9209876543209854,1M_RESOLVED,,TARGET,false,1.6419753086420321,3.098765432098867,15,923,other_tf_refusals=106,false
IPO_1H_PLUS_4H,EUR/USD,1h,EUR/USD_2022-07-01,demand,2022-05-04T13:00:00Z,1.0552,1.0556,1.0532,1.0533,1.0556,1.0544,1.0544,2022-05-05T13:00:00Z,2022-05-05T13:00:00Z,1.0544,1.0532,1.0568000000000002,0.0012000000000000899,2022-05-05T13:50:00Z,,2022-05-05T15:00:00Z,2022-05-05T15:00:00Z,1.0507,S2_CLOSE_INVALIDATION,-3.0833333333331328,0.13333333333332337,-3.2166666666664563,HTF_UNAMBIGUOUS,,S2_CLOSE_INVALIDATION,false,3.374999999999838,1.7916666666666128,2,70,other_tf_refusals=106,false
IPO_1H_PLUS_4H,EUR/USD,1h,EUR/USD_2022-07-01,demand,2022-05-02T18:00:00Z,1.0494,1.05,1.0491,1.0492,1.05,1.04955,1.04955,2022-05-05T16:00:00Z,2022-05-05T16:00:00Z,1.04955,1.0491,1.05045,0.00045000000000006146,2022-05-05T16:11:00Z,2022-05-05T16:20:00Z,2022-05-06T06:00:00Z,2022-05-05T16:20:00Z,1.05045,TARGET,2,0.355555555555507,1.644444444444493,1M_RESOLVED,,TARGET,false,0.5555555555556652,4.333333333333004,0,9,other_tf_refusals=106,false
IPO_1H_PLUS_4H,EUR/USD,1h,EUR/USD_2022-07-01,demand,2022-05-03T06:00:00Z,1.0506,1.05125,1.0497,1.0498,1.05125,1.050475,1.050475,2022-05-05T17:00:00Z,2022-05-05T17:00:00Z,1.050475,1.0497,1.052025,0.0007749999999999702,2022-05-05T17:55:00Z,2022-05-05T18:54:00Z,2022-05-06T06:00:00Z,2022-05-05T18:54:00Z,1.052025,TARGET,2,0.20645161290323377,1.7935483870967661,1M_RESOLVED,,TARGET,false,0.1612903225808485,3.0645161290323966,0,59,other_tf_refusals=106,false
IPO_1H_PLUS_4H,EUR/USD,1h,EUR/USD_2022-07-01,supply,2022-05-05T19:00:00Z,1.0518,1.0551,1.0518,1.055,1.05345,1.0518,1.05345,2022-05-06T07:00:00Z,2022-05-06T07:00:00Z,1.05345,1.0551,1.0501500000000001,0.0016499999999999293,2022-05-06T07:54:00Z,,2022-05-06T08:00:00Z,2022-05-06T08:00:00Z,1.0557,S2_CLOSE_INVALIDATION,-1.3636363636364737,0.09696969696970113,-1.4606060606061748,HTF_UNAMBIGUOUS,,TARGET,true,0.5757575757576043,2.8787878787880214,0,6,other_tf_refusals=106,false
IPO_1H_PLUS_4H,EUR/USD,1h,EUR/USD_2022-07-01,supply,2022-05-13T07:00:00Z,1.0393,1.04195,1.039,1.0416,1.0404749999999998,1.039,1.0404749999999998,2022-05-13T17:00:00Z,2022-05-13T17:00:00Z,1.0404749999999998,1.04195,1.0375249999999996,0.001475000000000115,2022-05-13T17:00:00Z,,2022-05-16T08:00:00Z,2022-05-16T08:00:00Z,1.0432,S2_CLOSE_INVALIDATION,-1.8474576271185599,0.10847457627117799,-1.955932203389738,HTF_UNAMBIGUOUS,,S2_CLOSE_INVALIDATION,false,2.016949152542332,1.0338983050845136,15,3780,other_tf_refusals=106,false
IPO_1H_PLUS_4H,EUR/USD,1h,EUR/USD_2022-07-01,supply,2022-05-11T13:00:00Z,1.052,1.0577,1.0519,1.056,1.0548000000000002,1.0519,1.0548000000000002,2022-05-17T12:00:00Z,2022-05-17T12:00:00Z,1.0548000000000002,1.0577,1.0490000000000004,0.0028999999999999027,2022-05-17T12:47:00Z,2022-05-18T15:27:00Z,2022-05-19T14:00:00Z,2022-05-18T15:27:00Z,1.0490000000000004,TARGET,2,0.05517241379310531,1.9448275862068947,1M_RESOLVED,,TARGET,false,0.5517241379309923,2.03448275862084,27,1600,other_tf_refusals=106,false
IPO_1H_PLUS_4H,EUR/USD,1h,EUR/USD_2022-07-01,demand,2022-05-17T09:00:00Z,1.049,1.0491,1.0469,1.0475,1.0491,1.048,1.048,2022-05-18T17:00:00Z,2022-05-18T17:00:00Z,1.048,1.0469,1.0502000000000002,0.001100000000000101,2022-05-18T17:16:00Z,,2022-05-18T19:00:00Z,2022-05-18T19:00:00Z,1.0465,S2_CLOSE_INVALIDATION,-1.3636363636362903,0.14545454545453212,-1.5090909090908224,HTF_UNAMBIGUOUS,,S2_CLOSE_INVALIDATION,false,1.4090909090907255,0.818181818181653,2,104,other_tf_refusals=106,false
IPO_1H_PLUS_4H,EUR/USD,1h,EUR/USD_2022-07-01,supply,2022-05-19T03:00:00Z,1.0497,1.0507,1.0496,1.05005,1.05015,1.0496,1.05015,2022-05-19T08:00:00Z,2022-05-19T08:00:00Z,1.05015,1.0507,1.0490499999999998,0.0005500000000000504,2022-05-19T08:45:00Z,2022-05-19T09:19:00Z,2022-05-19T10:00:00Z,2022-05-19T09:19:00Z,1.0490499999999998,TARGET,2,0.29090909090906425,1.7090909090909356,1M_RESOLVED,,TARGET,false,1.3636363636362903,3.909090909090322,0,34,other_tf_refusals=106,false
IPO_1H_PLUS_4H,EUR/USD,1h,EUR/USD_2022-07-01,supply,2022-05-06T10:00:00Z,1.0571,1.0599,1.0569,1.059,1.0584,1.0569,1.0584,2022-05-19T15:00:00Z,2022-05-19T15:00:00Z,1.0584,1.0599,1.0554,0.0015000000000000568,2022-05-19T15:00:00Z,,2022-05-19T17:00:00Z,2022-05-19T17:00:00Z,1.0605,S2_CLOSE_INVALIDATION,-1.3999999999999408,0.10666666666666264,-1.5066666666666035,HTF_UNAMBIGUOUS,,S2_CLOSE_INVALIDATION,false,1.5333333333332544,0.5,2,120,other_tf_refusals=106,false
IPO_1H_PLUS_4H,EUR/USD,1h,EUR/USD_2022-07-01,demand,2022-05-20T02:00:00Z,1.0573,1.0574,1.0556,1.0559,1.0574,1.0565,1.0565,2022-05-20T13:00:00Z,2022-05-20T13:00:00Z,1.0565,1.0556,1.0582999999999998,0.0008999999999999009,2022-05-20T13:00:00Z,,2022-05-20T16:00:00Z,2022-05-20T16:00:00Z,1.0549,S2_CLOSE_INVALIDATION,-1.7777777777780246,0.17777777777779738,-1.955555555555822,HTF_UNAMBIGUOUS,,S2_CLOSE_INVALIDATION,false,2.8333333333337034,0.6666666666666666,3,180,other_tf_refusals=106,false
IPO_1H_PLUS_4H,EUR/USD,1h,EUR/USD_2022-07-01,supply,2022-04-27T07:00:00Z,1.0621,1.0629,1.05885,1.0624,1.060875,1.05885,1.060875,2022-05-23T06:00:00Z,2022-05-23T06:00:00Z,1.060875,1.0629,1.0568250000000001,0.0020249999999999435,2022-05-23T06:38:00Z,,2022-05-23T08:00:00Z,2022-05-23T08:00:00Z,1.0647,S2_CLOSE_INVALIDATION,-1.8888888888889255,0.07901234567901455,-1.96790123456794,HTF_UNAMBIGUOUS,,S2_CLOSE_INVALIDATION,false,1.9876543209876827,0.8024691358024854,2,82,other_tf_refusals=106,false
IPO_1H_PLUS_4H,EUR/USD,1h,EUR/USD_2022-07-01,supply,2022-04-26T12:00:00Z,1.0671,1.0684,1.067,1.068,1.0676999999999999,1.067,1.0676999999999999,2022-05-23T14:00:00Z,2022-05-23T14:00:00Z,1.0676999999999999,1.0684,1.0662999999999996,0.000700000000000145,2022-05-23T14:52:00Z,,2022-05-23T18:00:00Z,2022-05-23T18:00:00Z,1.0694,S2_CLOSE_INVALIDATION,-2.4285714285709754,0.22857142857138127,-2.6571428571423565,HTF_UNAMBIGUOUS,,TARGET,true,0.14285714285741474,3.1428571428564633,0,188,other_tf_refusals=106,false
IPO_1H_PLUS_4H,EUR/USD,1h,EUR/USD_2022-07-01,supply,2022-04-26T10:00:00Z,1.0686,1.0698,1.0679,1.0691,1.06885,1.0679,1.06885,2022-05-23T15:00:00Z,2022-05-23T15:00:00Z,1.06885,1.0698,1.06695,0.0009500000000000064,2022-05-23T15:16:00Z,2022-05-23T15:52:00Z,2022-05-24T07:00:00Z,2022-05-23T15:52:00Z,1.06695,TARGET,2,0.16842105263157783,1.831578947368422,1M_RESOLVED,,TARGET,false,0.2631578947366945,2.473684210526377,0,36,other_tf_refusals=106,false
IPO_1H_PLUS_4H,EUR/USD,1h,EUR/USD_2022-07-01,supply,2022-04-26T12:00:00Z,1.0671,1.0684,1.067,1.068,1.0676999999999999,1.067,1.0676999999999999,2022-05-23T16:00:00Z,2022-05-23T16:00:00Z,1.0676999999999999,1.0684,1.0662999999999996,0.000700000000000145,2022-05-23T16:42:00Z,,2022-05-23T18:00:00Z,2022-05-23T18:00:00Z,1.0694,S2_CLOSE_INVALIDATION,-2.4285714285709754,0.22857142857138127,-2.6571428571423565,HTF_UNAMBIGUOUS,,S2_CLOSE_INVALIDATION,false,2.8571428571425854,1.571428571428073,2,78,other_tf_refusals=106,false
IPO_1H_PLUS_4H,EUR/USD,1h,EUR/USD_2022-07-01,supply,2022-04-26T10:00:00Z,1.0686,1.0698,1.0679,1.0691,1.06885,1.0679,1.06885,2022-05-23T19:00:00Z,2022-05-23T19:00:00Z,1.06885,1.0698,1.06695,0.0009500000000000064,2022-05-23T19:00:00Z,2022-05-24T00:57:00Z,2022-05-24T07:00:00Z,2022-05-24T00:57:00Z,1.06695,TARGET,2,0.16842105263157783,1.831578947368422,1M_RESOLVED,,TARGET,false,0.5789473684208681,2.210526315789449,5,357,other_tf_refusals=106,false
IPO_1H_PLUS_4H,EUR/USD,1h,EUR/USD_2022-07-01,supply,2022-04-26T10:00:00Z,1.0686,1.0698,1.0679,1.0691,1.06885,1.0679,1.06885,2022-05-24T06:00:00Z,2022-05-24T06:00:00Z,1.06885,1.0698,1.06695,0.0009500000000000064,2022-05-24T06:54:00Z,,2022-05-24T07:00:00Z,2022-05-24T07:00:00Z,1.0731,S2_CLOSE_INVALIDATION,-4.473684210526144,0.16842105263157783,-4.642105263157721,HTF_UNAMBIGUOUS,,TARGET,true,0.368421052631419,2.368421052631653,0,6,other_tf_refusals=106,false
IPO_1H_PLUS_4H,EUR/USD,1h,EUR/USD_2022-07-01,supply,2022-04-25T11:00:00Z,1.0724,1.0752,1.072,1.0751,1.0735999999999999,1.072,1.0735999999999999,2022-05-24T14:00:00Z,2022-05-24T14:00:00Z,1.0735999999999999,1.0752,1.0703999999999998,0.0016000000000000458,2022-05-24T14:00:00Z,2022-05-25T02:49:00Z,2022-05-27T01:00:00Z,2022-05-25T02:49:00Z,1.0703999999999998,TARGET,2,0.09999999999999715,1.9000000000000028,1M_RESOLVED,,TARGET,false,0.812500000000026,2.0624999999998526,12,769,other_tf_refusals=106,false
IPO_1H_PLUS_4H,EUR/USD,1h,EUR/USD_2022-07-01,demand,2022-05-24T02:00:00Z,1.0668,1.0668,1.0661,1.0665,1.0668,1.0664500000000001,1.0664500000000001,2022-05-25T10:00:00Z,2022-05-25T10:00:00Z,1.0664500000000001,1.0661,1.0671500000000003,0.0003500000000000725,2022-05-25T10:34:00Z,2022-05-25T11:32:00Z,2022-05-25T11:00:00Z,2022-05-25T11:32:00Z,1.0671500000000003,TARGET,2,0.45714285714276254,1.5428571428572375,1M_RESOLVED,,TARGET,false,2.4285714285709754,3.7142857142845362,0,58,other_tf_refusals=106,false
IPO_1H_PLUS_4H,EUR/USD,1h,EUR/USD_2022-07-01,supply,2022-04-25T11:00:00Z,1.0724,1.0752,1.072,1.0751,1.0735999999999999,1.072,1.0735999999999999,2022-05-27T00:00:00Z,2022-05-27T00:00:00Z,1.0735999999999999,1.0752,1.0703999999999998,0.0016000000000000458,2022-05-27T00:10:00Z,,2022-05-27T01:00:00Z,2022-05-27T01:00:00Z,1.07625,S2_CLOSE_INVALIDATION,-1.6562499999999782,0.09999999999999715,-1.7562499999999754,HTF_UNAMBIGUOUS,,S2_CLOSE_INVALIDATION,false,1.812500000000026,0.31249999999995665,1,50,other_tf_refusals=106,false
IPO_1H_PLUS_4H,EUR/USD,1h,EUR/USD_2022-07-01,demand,2022-05-26T12:00:00Z,1.0707,1.07085,1.06895,1.0698,1.07085,1.0699,1.0699,2022-05-27T10:00:00Z,2022-05-27T10:00:00Z,1.0699,1.06895,1.0718,0.0009500000000000064,2022-05-27T10:55:00Z,2022-05-27T11:49:00Z,2022-05-31T12:00:00Z,2022-05-27T11:49:00Z,1.0718,TARGET,2,0.16842105263157783,1.831578947368422,1M_RESOLVED,,TARGET,false,0.15789473684220368,2.0526315789472456,1,54,other_tf_refusals=106,false
IPO_1H_PLUS_4H,EUR/USD,1h,EUR/USD_2022-07-01,demand,2022-05-30T03:00:00Z,1.07455,1.0748,1.0738,1.0745,1.0748,1.0743,1.0743,2022-05-30T07:00:00Z,2022-05-30T07:00:00Z,1.0743,1.0738,1.0753,0.0004999999999999449,2022-05-30T07:59:00Z,2022-05-30T08:36:00Z,2022-05-31T06:00:00Z,2022-05-30T08:36:00Z,1.0753,TARGET,2,0.32000000000003526,1.6799999999999646,1M_RESOLVED,,TARGET,false,0.500000000000222,3.400000000000444,0,37,other_tf_refusals=106,false
IPO_1H_PLUS_4H,EUR/USD,1h,EUR/USD_2022-07-01,supply,2022-04-25T03:00:00Z,1.0781,1.07885,1.078,1.07815,1.0784250000000002,1.078,1.0784250000000002,2022-05-30T16:00:00Z,2022-05-30T16:00:00Z,1.0784250000000002,1.07885,1.0775750000000004,0.0004249999999998977,2022-05-30T16:31:00Z,2022-05-30T21:04:00Z,,2022-05-30T21:04:00Z,1.0775750000000004,TARGET,2,0.37647058823538476,1.6235294117646153,HTF_UNAMBIGUOUS,,TARGET,false,0.6470588235291045,2.058823529412687,5,273,other_tf_refusals=106,false
IPO_1H_PLUS_4H,EUR/USD,1h,EUR/USD_2022-07-01,demand,2022-05-30T03:00:00Z,1.07455,1.0748,1.0738,1.0745,1.0748,1.0743,1.0743,2022-05-31T02:00:00Z,2022-05-31T02:00:00Z,1.0743,1.0738,1.0753,0.0004999999999999449,2022-05-31T02:50:00Z,2022-05-31T03:06:00Z,2022-05-31T06:00:00Z,2022-05-31T03:06:00Z,1.0753,TARGET,2,0.32000000000003526,1.6799999999999646,1M_RESOLVED,,TARGET,false,0.2,3.000000000000444,0,16,other_tf_refusals=106,false
IPO_1H_PLUS_4H,EUR/USD,1h,EUR/USD_2022-07-01,demand,2022-05-30T00:00:00Z,1.073,1.0735,1.07285,1.0729,1.0735,1.073175,1.073175,2022-05-31T06:00:00Z,2022-05-31T06:00:00Z,1.073175,1.07285,1.0738249999999998,0.0003249999999999087,2022-05-31T06:48:00Z,2022-05-31T07:04:00Z,2022-05-31T08:00:00Z,2022-05-31T07:04:00Z,1.0738249999999998,TARGET,2,0.49230769230783067,1.5076923076921693,1M_RESOLVED,,TARGET,false,1.1538461538465217,6.230769230770807,0,16,other_tf_refusals=106,false
IPO_1H_PLUS_4H,EUR/USD,1h,EUR/USD_2022-07-01,supply,2022-05-31T07:00:00Z,1.0735,1.0748,1.0735,1.0737,1.07415,1.0735,1.07415,2022-06-02T17:00:00Z,2022-06-02T17:00:00Z,1.07415,1.0748,1.0728499999999999,0.0006500000000000394,2022-06-02T17:00:00Z,,2022-06-02T23:00:00Z,2022-06-02T23:00:00Z,1.0751,S2_CLOSE_INVALIDATION,-1.4615384615383826,0.24615384615383124,-1.707692307692214,HTF_UNAMBIGUOUS,,S2_CLOSE_INVALIDATION,false,1.4615384615383826,0.5384615384612756,6,360,other_tf_refusals=106,false
IPO_1H_PLUS_4H,EUR/USD,1h,EUR/USD_2022-07-01,demand,2022-06-02T18:00:00Z,1.0745,1.0749,1.0739,1.0739,1.0749,1.0744,1.0744,2022-06-03T09:00:00Z,2022-06-03T09:00:00Z,1.0744,1.0739,1.0754,0.0004999999999999449,2022-06-03T09:45:00Z,,2022-06-03T11:00:00Z,2022-06-03T11:00:00Z,1.07285,S2_CLOSE_INVALIDATION,-3.100000000000222,0.32000000000003526,-3.4200000000002575,HTF_UNAMBIGUOUS,,TARGET,true,0.10000000000022205,2.4,0,75,other_tf_refusals=106,false
IPO_1H_PLUS_4H,EUR/USD,1h,EUR/USD_2022-07-01,demand,2022-06-06T06:00:00Z,1.0727,1.0734,1.07185,1.0724,1.0734,1.072625,1.072625,2022-06-06T10:00:00Z,2022-06-06T10:00:00Z,1.072625,1.07185,1.0741749999999999,0.0007749999999999702,2022-06-06T10:39:00Z,,2022-06-06T13:00:00Z,2022-06-06T13:00:00Z,1.0714,S2_CLOSE_INVALIDATION,-1.5806451612904242,0.20645161290323377,-1.787096774193658,HTF_UNAMBIGUOUS,,TARGET,true,0.22580645161295868,2.612903225806766,0,141,other_tf_refusals=106,false
IPO_1H_PLUS_4H,EUR/USD,1h,EUR/USD_2022-07-01,demand,2022-06-06T01:00:00Z,1.07165,1.0722,1.071,1.0715,1.0722,1.0716,1.0716,2022-06-06T12:00:00Z,2022-06-06T12:00:00Z,1.0716,1.071,1.0728000000000004,0.000600000000000156,2022-06-06T12:24:00Z,,2022-06-06T15:00:00Z,2022-06-06T15:00:00Z,1.0698,S2_CLOSE_INVALIDATION,-2.9999999999992597,0.2666666666665974,-3.266666666665857,HTF_UNAMBIGUOUS,,TARGET,true,0,2.499999999999075,0,156,other_tf_refusals=106,false
IPO_1H_PLUS_4H,EUR/USD,1h,EUR/USD_2022-07-01,demand,2022-06-06T01:00:00Z,1.07165,1.0722,1.071,1.0715,1.0722,1.0716,1.0716,2022-06-06T14:00:00Z,2022-06-06T14:00:00Z,1.0716,1.071,1.0728000000000004,0.000600000000000156,2022-06-06T14:00:00Z,,2022-06-06T15:00:00Z,2022-06-06T15:00:00Z,1.0698,S2_CLOSE_INVALIDATION,-2.9999999999992597,0.2666666666665974,-3.266666666665857,HTF_UNAMBIGUOUS,,S2_CLOSE_INVALIDATION,false,5.333333333332099,1.3333333333328399,1,60,other_tf_refusals=106,false
IPO_1H_PLUS_4H,EUR/USD,1h,EUR/USD_2022-07-01,demand,2022-06-01T23:00:00Z,1.0653,1.06545,1.065,1.0651,1.06545,1.0652249999999999,1.0652249999999999,2022-06-07T13:00:00Z,2022-06-07T13:00:00Z,1.0652249999999999,1.065,1.0656749999999997,0.0002249999999999197,2022-06-07T13:13:00Z,2022-06-07T13:15:00Z,2022-06-09T14:00:00Z,2022-06-07T13:15:00Z,1.0656749999999997,TARGET,2,0.7111111111113649,1.2888888888886352,1M_RESOLVED,,TARGET,false,0.11111111111089181,20.111111111118788,0,2,other_tf_refusals=106,false
IPO_1H_PLUS_4H,EUR/USD,1h,EUR/USD_2022-07-01,demand,2022-05-23T04:00:00Z,1.05925,1.0595,1.059,1.05905,1.0595,1.05925,1.05925,2022-06-10T09:00:00Z,2022-06-10T09:00:00Z,1.05925,1.059,1.0597500000000002,0.0002500000000000835,2022-06-10T09:26:00Z,2022-06-10T09:32:00Z,2022-06-10T11:00:00Z,2022-06-10T09:32:00Z,1.0597500000000002,TARGET,2,0.6399999999997863,1.3600000000002137,1M_RESOLVED,,TARGET,false,1,10.199999999996802,0,6,other_tf_refusals=106,false
IPO_1H_PLUS_4H,EUR/USD,1h,EUR/USD_2022-07-01,demand,2022-05-23T07:00:00Z,1.0606,1.061,1.05925,1.0601,1.061,1.060125,1.060125,2022-06-10T10:00:00Z,2022-06-10T10:00:00Z,1.060125,1.05925,1.061875,0.0008749999999999591,2022-06-10T10:00:00Z,,2022-06-10T11:00:00Z,2022-06-10T11:00:00Z,1.0575,S2_CLOSE_INVALIDATION,-3,0.1828571428571514,-3.1828571428571513,HTF_UNAMBIGUOUS,,S2_CLOSE_INVALIDATION,false,3.457142857143082,0.6571428571428789,1,60,other_tf_refusals=106,false
IPO_1H_PLUS_4H,EUR/USD,1h,EUR/USD_2022-07-01,demand,2022-05-19T01:00:00Z,1.0488,1.0491,1.0479,1.0487,1.0491,1.0485,1.0485,2022-06-13T01:00:00Z,2022-06-13T01:00:00Z,1.0485,1.0479,1.0496999999999999,0.0005999999999999339,2022-06-13T01:00:00Z,,2022-06-13T06:00:00Z,2022-06-13T06:00:00Z,1.047,S2_CLOSE_INVALIDATION,-2.50000000000037,0.2666666666666961,-2.766666666667066,HTF_UNAMBIGUOUS,,S2_CLOSE_INVALIDATION,false,2.50000000000037,1.8333333333337034,5,300,other_tf_refusals=106,false
IPO_1H_PLUS_4H,EUR/USD,1h,EUR/USD_2022-07-01,demand,2022-05-16T19:00:00Z,1.0437,1.0443,1.0431,1.04325,1.0443,1.0436999999999999,1.0436999999999999,2022-06-13T13:00:00Z,2022-06-13T13:00:00Z,1.0436999999999999,1.0431,1.0448999999999997,0.0005999999999999339,2022-06-13T13:57:00Z,,2022-06-13T14:00:00Z,2022-06-13T14:00:00Z,1.0421,S2_CLOSE_INVALIDATION,-2.6666666666666665,0.2666666666666961,-2.9333333333333624,HTF_UNAMBIGUOUS,,TARGET,true,0.3333333333329633,5.333333333334074,0,3,other_tf_refusals=106,false
IPO_1H_PLUS_4H,EUR/USD,1h,EUR/USD_2022-07-01,demand,2022-05-16T14:00:00Z,1.0404,1.0422,1.039,1.0403,1.0422,1.0406,1.0406,2022-06-13T20:00:00Z,2022-06-13T20:00:00Z,1.0406,1.039,1.0438,0.0016000000000000458,2022-06-13T20:06:00Z,2022-06-14T05:56:00Z,2022-06-15T15:00:00Z,2022-06-14T05:56:00Z,1.0438,TARGET,2,0.09999999999999715,1.9000000000000028,1M_RESOLVED,,TARGET,false,0.562499999999922,2.0937499999999174,9,590,other_tf_refusals=106,false
IPO_1H_PLUS_4H,EUR/USD,1h,EUR/USD_2022-07-01,supply,2022-06-13T08:00:00Z,1.0466,1.0486,1.0456,1.0475,1.0471,1.0456,1.0471,2022-06-14T07:00:00Z,2022-06-14T07:00:00Z,1.0471,1.0486,1.0440999999999998,0.0015000000000000568,2022-06-14T07:45:00Z,2022-06-14T09:53:00Z,2022-06-15T08:00:00Z,2022-06-14T09:53:00Z,1.0440999999999998,TARGET,2,0.10666666666666264,1.8933333333333373,1M_RESOLVED,,TARGET,false,0.26666666666677524,2.1999999999998225,0,128,other_tf_refusals=106,false
IPO_1H_PLUS_4H,EUR/USD,1h,EUR/USD_2022-07-01,supply,2022-06-13T08:00:00Z,1.0466,1.0486,1.0456,1.0475,1.0471,1.0456,1.0471,2022-06-15T05:00:00Z,2022-06-15T05:00:00Z,1.0471,1.0486,1.0440999999999998,0.0015000000000000568,2022-06-15T05:52:00Z,,2022-06-15T08:00:00Z,2022-06-15T08:00:00Z,1.0493,S2_CLOSE_INVALIDATION,-1.4666666666665975,0.10666666666666264,-1.5733333333332602,HTF_UNAMBIGUOUS,,TARGET,true,0.26666666666677524,3.1333333333331654,0,128,other_tf_refusals=106,false
IPO_1H_PLUS_4H,EUR/USD,1h,EUR/USD_2022-07-01,supply,2022-06-13T04:00:00Z,1.0491,1.0491,1.0481,1.0491,1.0486,1.0481,1.0486,2022-06-15T06:00:00Z,2022-06-15T06:00:00Z,1.0486,1.0491,1.0476,0.0004999999999999449,2022-06-15T06:26:00Z,2022-06-15T06:48:00Z,2022-06-15T08:00:00Z,2022-06-15T06:48:00Z,1.0476,TARGET,2,0.32000000000003526,1.6799999999999646,1M_RESOLVED,,TARGET,false,1.6000000000004442,6.600000000000888,0,22,other_tf_refusals=106,false
IPO_1H_PLUS_4H,EUR/USD,1h,EUR/USD_2022-07-01,supply,2022-06-13T08:00:00Z,1.0466,1.0486,1.0456,1.0475,1.0471,1.0456,1.0471,2022-06-15T07:00:00Z,2022-06-15T07:00:00Z,1.0471,1.0486,1.0440999999999998,0.0015000000000000568,2022-06-15T07:00:00Z,,2022-06-15T08:00:00Z,2022-06-15T08:00:00Z,1.0493,S2_CLOSE_INVALIDATION,-1.4666666666665975,0.10666666666666264,-1.5733333333332602,HTF_UNAMBIGUOUS,,S2_CLOSE_INVALIDATION,false,2.4666666666665975,1.499999999999852,1,60,other_tf_refusals=106,false
IPO_1H_PLUS_4H,EUR/USD,1h,EUR/USD_2022-07-01,demand,2022-05-16T14:00:00Z,1.0404,1.0422,1.039,1.0403,1.0422,1.0406,1.0406,2022-06-15T12:00:00Z,2022-06-15T12:00:00Z,1.0406,1.039,1.0438,0.0016000000000000458,2022-06-15T12:56:00Z,,2022-06-15T15:00:00Z,2022-06-15T15:00:00Z,1.0387,S2_CLOSE_INVALIDATION,-1.187499999999974,0.09999999999999715,-1.2874999999999712,HTF_UNAMBIGUOUS,,TARGET,true,0.062499999999991326,3.437499999999939,0,124,other_tf_refusals=106,false
IPO_1H_PLUS_4H,EUR/USD,1h,EUR/USD_2022-07-01,demand,2022-05-13T13:00:00Z,1.0378,1.03795,1.035,1.0364,1.03795,1.0364749999999998,1.0364749999999998,2022-06-15T18:00:00Z,2022-06-15T18:00:00Z,1.0364749999999998,1.035,1.0394249999999996,0.001474999999999893,2022-06-15T18:06:00Z,2022-06-15T18:17:00Z,,2022-06-15T18:17:00Z,1.0394249999999996,TARGET,2,0.10847457627119432,1.8915254237288057,HTF_UNAMBIGUOUS,,TARGET,false,0.42372881355926845,6.118644067797246,0,11,other_tf_refusals=106,false
IPO_1H_PLUS_4H,EUR/USD,1h,EUR/USD_2022-07-01,supply,2022-06-15T23:00:00Z,1.0444,1.0459,1.0443,1.0457,1.0451000000000001,1.0443,1.0451000000000001,2022-06-16T03:00:00Z,2022-06-16T03:00:00Z,1.0451000000000001,1.0459,1.0435000000000003,0.0007999999999999119,2022-06-16T03:15:00Z,2022-06-16T05:37:00Z,2022-06-16T14:00:00Z,2022-06-16T05:37:00Z,1.0435000000000003,TARGET,2,0.20000000000002205,1.799999999999978,1M_RESOLVED,,TARGET,false,0.12499999999972244,3.250000000000555,2,142,other_tf_refusals=106,false
IPO_1H_PLUS_4H,EUR/USD,1h,EUR/USD_2022-07-01,supply,2022-06-15T19:00:00Z,1.0422,1.0465,1.0416,1.0454,1.04405,1.0416,1.04405,2022-06-16T13:00:00Z,2022-06-16T13:00:00Z,1.04405,1.0465,1.0391499999999998,0.0024500000000000632,2022-06-16T13:02:00Z,,2022-06-16T14:00:00Z,2022-06-16T14:00:00Z,1.0495,S2_CLOSE_INVALIDATION,-2.224489795918382,0.0653061224489779,-2.2897959183673597,HTF_UNAMBIGUOUS,,S2_CLOSE_INVALIDATION,false,2.387755102040809,0.48979591836728037,1,58,other_tf_refusals=106,false
IPO_1H_PLUS_4H,EUR/USD,1h,EUR/USD_2022-07-01,supply,2022-06-10T14:00:00Z,1.0526,1.0535,1.0506,1.053,1.05205,1.0506,1.05205,2022-06-16T15:00:00Z,2022-06-16T15:00:00Z,1.05205,1.0535,1.0491499999999996,0.0014500000000001734,2022-06-16T15:51:00Z,,2022-06-16T16:00:00Z,2022-06-16T16:00:00Z,1.0559,S2_CLOSE_INVALIDATION,-2.6551724137928763,0.11034482758619371,-2.76551724137907,HTF_UNAMBIGUOUS,,S2_CLOSE_INVALIDATION,false,3.620689655171965,1.9655172413790885,1,9,other_tf_refusals=106,false
IPO_1H_PLUS_4H,EUR/USD,1h,EUR/USD_2022-07-01,demand,2022-06-20T23:00:00Z,1.05185,1.0521,1.0514,1.0518,1.0521,1.05175,1.05175,2022-06-21T06:00:00Z,2022-06-21T06:00:00Z,1.05175,1.0514,1.05245,0.0003500000000000725,2022-06-21T06:00:00Z,2022-06-21T06:36:00Z,2022-06-22T00:00:00Z,2022-06-21T06:36:00Z,1.05245,TARGET,2,0.45714285714276254,1.5428571428572375,1M_RESOLVED,,TARGET,false,0.8571428571425852,4.142857142856146,0,36,other_tf_refusals=106,false
IPO_1H_PLUS_4H,EUR/USD,1h,EUR/USD_2022-07-01,supply,2022-06-22T03:00:00Z,1.05095,1.0515,1.0507,1.0511,1.0511,1.0507,1.0511,2022-06-22T08:00:00Z,2022-06-22T08:00:00Z,1.0511,1.0515,1.0502999999999996,0.000400000000000178,2022-06-22T08:21:00Z,2022-06-22T08:44:00Z,2022-06-22T09:00:00Z,2022-06-22T08:44:00Z,1.0502999999999996,TARGET,2,0.39999999999982205,1.600000000000178,1M_RESOLVED,,TARGET,false,0.8749999999997918,4.249999999997641,0,23,other_tf_refusals=106,false
IPO_1H_PLUS_4H,EUR/USD,1h,EUR/USD_2022-07-01,supply,2022-06-23T06:00:00Z,1.057,1.0579,1.0558,1.05775,1.05685,1.0558,1.05685,2022-06-24T14:00:00Z,2022-06-24T14:00:00Z,1.05685,1.0579,1.05475,0.0010499999999999954,2022-06-24T14:03:00Z,2022-06-24T14:44:00Z,2022-06-27T07:00:00Z,2022-06-24T14:44:00Z,1.05475,TARGET,2,0.15238095238095306,1.8476190476190468,1M_RESOLVED,,TARGET,false,0.33333333333319237,3.2380952380953185,0,41,other_tf_refusals=106,false
IPO_1H_PLUS_4H,EUR/USD,1h,EUR/USD_2022-07-01,supply,2022-06-23T06:00:00Z,1.057,1.0579,1.0558,1.05775,1.05685,1.0558,1.05685,2022-06-26T23:00:00Z,2022-06-26T23:00:00Z,1.05685,1.0579,1.05475,0.0010499999999999954,2022-06-26T23:06:00Z,,2022-06-27T07:00:00Z,2022-06-27T07:00:00Z,1.05885,S2_CLOSE_INVALIDATION,-1.9047619047619149,0.15238095238095306,-2.057142857142868,HTF_UNAMBIGUOUS,,S2_CLOSE_INVALIDATION,false,2.047619047618937,1.7619047619048929,8,474,other_tf_refusals=106,false
IPO_1H_PLUS_4H,EUR/USD,1h,EUR/USD_2022-07-01,demand,2022-06-27T11:00:00Z,1.05855,1.0586,1.05645,1.0567,1.0586,1.057525,1.057525,2022-06-28T01:00:00Z,2022-06-28T01:00:00Z,1.057525,1.05645,1.0596750000000004,0.0010750000000001592,2022-06-28T01:57:00Z,2022-06-28T06:36:00Z,2022-06-28T12:00:00Z,2022-06-28T06:36:00Z,1.0596750000000004,TARGET,2,0.14883720930230357,1.8511627906976964,1M_RESOLVED,,TARGET,false,0.39534883720935515,2.8604651162785895,5,279,other_tf_refusals=106,false
IPO_1H_PLUS_4H,EUR/USD,1h,EUR/USD_2022-07-01,demand,2022-06-28T05:00:00Z,1.05755,1.0578,1.0571,1.0571,1.0578,1.05745,1.05745,2022-06-28T08:00:00Z,2022-06-28T08:00:00Z,1.05745,1.0571,1.0581500000000001,0.0003500000000000725,2022-06-28T08:03:00Z,2022-06-28T08:08:00Z,2022-06-28T11:00:00Z,2022-06-28T08:08:00Z,1.0581500000000001,TARGET,2,0.45714285714276254,1.5428571428572375,1M_RESOLVED,,TARGET,false,0,6.571428571427122,0,5,other_tf_refusals=106,false
IPO_1H_PLUS_4H,EUR/USD,1h,EUR/USD_2022-07-01,demand,2022-06-24T11:00:00Z,1.0537,1.05405,1.0514,1.0516,1.05405,1.052725,1.052725,2022-06-28T14:00:00Z,2022-06-28T14:00:00Z,1.052725,1.0514,1.055375,0.0013250000000000206,2022-06-28T14:03:00Z,,2022-06-29T04:00:00Z,2022-06-29T04:00:00Z,1.0505,S2_CLOSE_INVALIDATION,-1.6792452830187825,0.1207547169811302,-1.7999999999999128,HTF_UNAMBIGUOUS,,S2_CLOSE_INVALIDATION,false,1.9433962264150595,1.0377358490566828,14,837,other_tf_refusals=106,false
IPO_1H_PLUS_4H,EUR/USD,1h,EUR/USD_2022-07-01,supply,2022-06-29T01:00:00Z,1.0521,1.0533,1.0517,1.0529,1.0525,1.0517,1.0525,2022-06-29T09:00:00Z,2022-06-29T09:00:00Z,1.0525,1.0533,1.0509000000000002,0.0007999999999999119,2022-06-29T09:11:00Z,2022-06-29T09:59:00Z,,2022-06-29T09:59:00Z,1.0509000000000002,TARGET,2,0.20000000000002205,1.799999999999978,HTF_UNAMBIGUOUS,,TARGET,false,0.5,2.0000000000002776,0,48,other_tf_refusals=106,false
IPO_1H_PLUS_4H,EUR/USD,1h,EUR/USD_2022-07-01,supply,2022-06-29T01:00:00Z,1.0521,1.0533,1.0517,1.0529,1.0525,1.0517,1.0525,2022-06-29T11:00:00Z,2022-06-29T11:00:00Z,1.0525,1.0533,1.0509000000000002,0.0007999999999999119,2022-06-29T11:00:00Z,2022-06-29T12:24:00Z,,2022-06-29T12:24:00Z,1.0509000000000002,TARGET,2,0.20000000000002205,1.799999999999978,HTF_UNAMBIGUOUS,,TARGET,false,1.2500000000002776,2.3750000000002776,1,84,other_tf_refusals=106,false
IPO_1H_PLUS_4H,EUR/USD,1h,EUR/USD_2022-07-01,demand,2022-06-16T07:00:00Z,1.0409,1.0417,1.0381,1.0396,1.0417,1.0399,1.0399,2022-06-30T12:00:00Z,2022-06-30T12:00:00Z,1.0399,1.0381,1.0435,0.0018000000000000238,2022-06-30T12:00:00Z,2022-06-30T14:53:00Z,,2022-06-30T14:53:00Z,1.0435,TARGET,2,0.08888888888888773,1.9111111111111123,HTF_UNAMBIGUOUS,,TARGET,false,0.8055555555555178,3.333333333333292,2,173,other_tf_refusals=106,false
IPO_1H_PLUS_4H,EUR/USD,4h,EUR/USD_2022-07-01,supply,2022-03-11T11:00:00Z,1.09795,1.1043,1.0974,1.09815,1.1008499999999999,1.0974,1.1008499999999999,2022-03-16T15:00:00Z,2022-03-16T15:00:00Z,1.1008499999999999,1.1043,1.0939499999999995,0.003450000000000175,2022-03-16T15:00:00Z,,2022-03-17T07:00:00Z,2022-03-17T07:00:00Z,1.1047,S2_CLOSE_INVALIDATION,-1.1159420289854887,0.04637681159420055,-1.1623188405796891,HTF_UNAMBIGUOUS,,S2_CLOSE_INVALIDATION,false,1.6811594202897777,1.6666666666665595,4,960,other_tf_refusals=36,false
IPO_1H_PLUS_4H,EUR/USD,4h,EUR/USD_2022-07-01,supply,2022-03-01T23:00:00Z,1.1122,1.1136,1.1112,1.11255,1.1124,1.1112,1.1124,2022-03-17T15:00:00Z,2022-03-17T15:00:00Z,1.1124,1.1136,1.1100000000000003,0.0011999999999998678,2022-03-17T16:56:00Z,2022-03-17T18:48:00Z,2022-03-30T11:00:00Z,2022-03-17T18:48:00Z,1.1100000000000003,TARGET,2,0.13333333333334804,1.866666666666652,1M_RESOLVED,,TARGET,false,1.1666666666666667,3.666666666667037,0,112,other_tf_refusals=36,false
IPO_1H_PLUS_4H,EUR/USD,4h,EUR/USD_2022-07-01,supply,2022-03-22T11:00:00Z,1.1003,1.10455,1.0992,1.1035,1.101875,1.0992,1.101875,2022-03-25T07:00:00Z,2022-03-25T07:00:00Z,1.101875,1.10455,1.096525,0.002674999999999983,2022-03-25T07:00:00Z,2022-03-28T01:20:00Z,2022-03-29T07:00:00Z,2022-03-28T01:20:00Z,1.096525,TARGET,2,0.05981308411214992,1.9401869158878502,1M_RESOLVED,,TARGET,false,0.4392523364486563,2.5327102803738386,5,3980,other_tf_refusals=36,false
IPO_1H_PLUS_4H,EUR/USD,4h,EUR/USD_2022-07-01,demand,2022-04-01T11:00:00Z,1.10665,1.10665,1.1028,1.1037,1.10665,1.104725,1.104725,2022-04-04T00:00:00Z,2022-04-04T00:00:00Z,1.104725,1.1028,1.1085749999999999,0.0019249999999999545,2022-04-04T00:00:00Z,,2022-04-04T08:00:00Z,2022-04-04T08:00:00Z,1.0996,S2_CLOSE_INVALIDATION,-2.662337662337749,0.08311688311688509,-2.745454545454634,HTF_UNAMBIGUOUS,,S2_CLOSE_INVALIDATION,false,2.662337662337749,0.4025974025973966,2,480,other_tf_refusals=36,false
IPO_1H_PLUS_4H,EUR/USD,4h,EUR/USD_2022-07-01,demand,2022-03-27T23:00:00Z,1.0981,1.0985,1.0951,1.0954,1.0985,1.0968,1.0968,2022-04-05T04:00:00Z,2022-04-05T04:00:00Z,1.0968,1.0951,1.1002,0.0017000000000000348,2022-04-05T04:16:00Z,,2022-04-05T12:00:00Z,2022-04-05T12:00:00Z,1.092,S2_CLOSE_INVALIDATION,-2.823529411764598,0.09411764705882161,-2.9176470588234196,HTF_UNAMBIGUOUS,,S2_CLOSE_INVALIDATION,false,2.823529411764598,1.2058823529412148,2,464,other_tf_refusals=36,false
IPO_1H_PLUS_4H,EUR/USD,4h,EUR/USD_2022-07-01,supply,2022-04-06T08:00:00Z,1.0894,1.09255,1.0891,1.0916,1.090825,1.0891,1.090825,2022-04-07T04:00:00Z,2022-04-07T04:00:00Z,1.090825,1.09255,1.087375,0.0017249999999999766,2022-04-07T04:00:00Z,2022-04-07T09:19:00Z,2022-04-10T16:00:00Z,2022-04-07T09:19:00Z,1.087375,TARGET,2,0.09275362318840706,1.907246376811593,1M_RESOLVED,,TARGET,false,1.4927536231884226,2.4492753623188293,1,319,other_tf_refusals=36,false
IPO_1H_PLUS_4H,EUR/USD,4h,EUR/USD_2022-07-01,supply,2022-04-06T08:00:00Z,1.0894,1.09255,1.0891,1.0916,1.090825,1.0891,1.090825,2022-04-07T09:00:00Z,2022-04-07T09:00:00Z,1.090825,1.09255,1.087375,0.0017249999999999766,2022-04-07T11:08:00Z,2022-04-07T19:18:00Z,2022-04-10T16:00:00Z,2022-04-07T19:18:00Z,1.087375,TARGET,2,0.09275362318840706,1.907246376811593,1M_RESOLVED,,TARGET,false,1.6086956521739186,2.4492753623188293,0,490,other_tf_refusals=36,false
IPO_1H_PLUS_4H,EUR/USD,4h,EUR/USD_2022-07-01,supply,2022-04-06T08:00:00Z,1.0894,1.09255,1.0891,1.0916,1.090825,1.0891,1.090825,2022-04-07T13:00:00Z,2022-04-07T13:00:00Z,1.090825,1.09255,1.087375,0.0017249999999999766,2022-04-07T13:00:00Z,2022-04-07T19:18:00Z,2022-04-10T16:00:00Z,2022-04-07T19:18:00Z,1.087375,TARGET,2,0.09275362318840706,1.907246376811593,1M_RESOLVED,,TARGET,false,1.753623188405853,2.2753623188405854,1,378,other_tf_refusals=36,false
IPO_1H_PLUS_4H,EUR/USD,4h,EUR/USD_2022-07-01,demand,2022-04-08T09:00:00Z,1.0867,1.0891,1.0838,1.0838,1.0891,1.0864500000000001,1.0864500000000001,2022-04-12T05:00:00Z,2022-04-12T05:00:00Z,1.0864500000000001,1.0838,1.0917500000000002,0.002650000000000041,2022-04-12T06:22:00Z,,2022-04-12T16:00:00Z,2022-04-12T16:00:00Z,1.0831,S2_CLOSE_INVALIDATION,-1.264150943396277,0.0603773584905651,-1.3245283018868421,HTF_UNAMBIGUOUS,,S2_CLOSE_INVALIDATION,false,1.5660377358490694,1.4528301886791883,4,578,other_tf_refusals=36,false
IPO_1H_PLUS_4H,EUR/USD,4h,EUR/USD_2022-07-01,demand,2022-04-19T00:00:00Z,1.078,1.0787,1.0761,1.0773,1.0787,1.0774,1.0774,2022-04-22T12:00:00Z,2022-04-22T12:00:00Z,1.0774,1.0761,1.0799999999999996,0.0012999999999998568,2022-04-22T15:02:00Z,2022-04-22T19:40:00Z,2022-04-25T04:00:00Z,2022-04-22T19:40:00Z,1.0799999999999996,TARGET,2,0.12307692307693664,1.8769230769230634,1M_RESOLVED,,TARGET,false,0.23076923076923078,5.384615384616068,0,278,other_tf_refusals=36,false
IPO_1H_PLUS_4H,EUR/USD,4h,EUR/USD_2022-07-01,demand,2022-04-19T16:00:00Z,1.07895,1.08035,1.0782,1.0789,1.08035,1.079275,1.079275,2022-04-22T20:00:00Z,2022-04-22T20:00:00Z,1.079275,1.0782,1.0814249999999999,0.0010749999999999371,2022-04-22T20:09:00Z,2022-04-24T19:09:00Z,2022-04-25T00:00:00Z,2022-04-24T19:09:00Z,1.0814249999999999,TARGET,2,0.1488372093023343,1.8511627906976658,1M_RESOLVED,,TARGET,false,0.16279069767446183,4.627906976744412,1,2820,other_tf_refusals=36,false
IPO_1H_PLUS_4H,EUR/USD,4h,EUR/USD_2022-07-01,supply,2022-04-25T08:00:00Z,1.0739,1.07545,1.072,1.0751,1.073725,1.072,1.073725,2022-04-26T00:00:00Z,2022-04-26T00:00:00Z,1.073725,1.07545,1.070275,0.0017249999999999766,2022-04-26T03:31:00Z,2022-04-26T06:57:00Z,2022-05-27T00:00:00Z,2022-04-26T06:57:00Z,1.070275,TARGET,2,0.09275362318840706,1.907246376811593,1M_RESOLVED,,TARGET,false,0.0434782608695932,3.579710144927609,1,206,other_tf_refusals=36,false
IPO_1H_PLUS_4H,EUR/USD,4h,EUR/USD_2022-07-01,demand,2022-05-02T16:00:00Z,1.0521,1.0526,1.0491,1.0505,1.0526,1.05085,1.05085,2022-05-05T12:00:00Z,2022-05-05T12:00:00Z,1.05085,1.0491,1.0543500000000003,0.0017500000000001403,2022-05-05T15:08:00Z,2022-05-05T19:35:00Z,2022-05-12T04:00:00Z,2022-05-05T19:35:00Z,1.0543500000000003,TARGET,2,0.0914285714285641,1.908571428571436,1M_RESOLVED,,TARGET,false,0.2857142857143582,3.6857142857139014,0,267,other_tf_refusals=36,false
IPO_1H_PLUS_4H,EUR/USD,4h,EUR/USD_2022-07-01,demand,2022-05-05T12:00:00Z,1.0548,1.0573,1.05035,1.0507,1.0573,1.0538249999999998,1.0538249999999998,2022-05-06T16:00:00Z,2022-05-06T16:00:00Z,1.0538249999999998,1.05035,1.0607749999999996,0.003474999999999895,2022-05-06T19:21:00Z,,2022-05-12T04:00:00Z,2022-05-12T04:00:00Z,1.046,S2_CLOSE_INVALIDATION,-2.251798561151075,0.046043165467627295,-2.297841726618702,HTF_UNAMBIGUOUS,,S2_CLOSE_INVALIDATION,false,2.7122302158273612,1.5467625899281416,22,7719,other_tf_refusals=36,false
IPO_1H_PLUS_4H,EUR/USD,4h,EUR/USD_2022-07-01,supply,2022-05-11T04:00:00Z,1.0537,1.0561,1.0534,1.0552,1.0547499999999999,1.0534,1.0547499999999999,2022-05-17T08:00:00Z,2022-05-17T08:00:00Z,1.0547499999999999,1.0561,1.0520499999999995,0.0013500000000001844,2022-05-17T11:39:00Z,2022-05-18T06:43:00Z,2022-05-19T12:00:00Z,2022-05-18T06:43:00Z,1.0520499999999995,TARGET,2,0.11851851851850234,1.8814814814814977,1M_RESOLVED,,TARGET,false,0.5555555555556652,6.777777777776682,0,1144,other_tf_refusals=36,false
IPO_1H_PLUS_4H,EUR/USD,4h,EUR/USD_2022-07-01,demand,2022-05-26T16:00:00Z,1.0726,1.0729,1.0702,1.0724,1.0729,1.07155,1.07155,2022-05-27T16:00:00Z,2022-05-27T16:00:00Z,1.07155,1.0702,1.07425,0.0013499999999999623,2022-05-27T16:00:00Z,2022-05-30T01:36:00Z,2022-06-01T12:00:00Z,2022-05-30T01:36:00Z,1.07425,TARGET,2,0.11851851851852184,1.8814814814814782,1M_RESOLVED,,TARGET,false,0.777777777777796,3,3,3456,other_tf_refusals=36,false
IPO_1H_PLUS_4H,EUR/USD,4h,EUR/USD_2022-07-01,demand,2022-05-27T12:00:00Z,1.0708,1.07505,1.07015,1.0707,1.07505,1.0726,1.0726,2022-05-31T16:00:00Z,2022-05-31T16:00:00Z,1.0726,1.07015,1.0775000000000001,0.0024500000000000632,2022-05-31T16:23:00Z,,2022-06-01T12:00:00Z,2022-06-01T12:00:00Z,1.0645,S2_CLOSE_INVALIDATION,-3.306122448979505,0.0653061224489779,-3.3714285714284826,HTF_UNAMBIGUOUS,,S2_CLOSE_INVALIDATION,false,4.040816326530516,0.8367346938775733,5,1177,other_tf_refusals=36,false
IPO_1H_PLUS_4H,EUR/USD,4h,EUR/USD_2022-07-01,demand,2022-05-25T12:00:00Z,1.066,1.0687,1.0643,1.0657,1.0687,1.0665,1.0665,2022-06-02T04:00:00Z,2022-06-02T04:00:00Z,1.0665,1.0643,1.0709,0.0021999999999999797,2022-06-02T04:00:00Z,2022-06-02T12:51:00Z,2022-06-09T16:00:00Z,2022-06-02T12:51:00Z,1.0709,TARGET,2,0.0727272727272734,1.9272727272727266,1M_RESOLVED,,TARGET,false,0.681818181818214,3.318181818181887,2,531,other_tf_refusals=36,false
IPO_1H_PLUS_4H,EUR/USD,4h,EUR/USD_2022-07-01,demand,2022-05-25T12:00:00Z,1.066,1.0687,1.0643,1.0657,1.0687,1.0665,1.0665,2022-06-07T12:00:00Z,2022-06-07T12:00:00Z,1.0665,1.0643,1.0709,0.0021999999999999797,2022-06-07T12:00:00Z,2022-06-07T14:49:00Z,2022-06-09T16:00:00Z,2022-06-07T14:49:00Z,1.0709,TARGET,2,0.0727272727272734,1.9272727272727266,1M_RESOLVED,,TARGET,false,0.5909090909091322,2.045454545454541,0,169,other_tf_refusals=36,false
IPO_1H_PLUS_4H,EUR/USD,4h,EUR/USD_2022-07-01,demand,2022-06-01T12:00:00Z,1.0709,1.073,1.0627,1.0645,1.073,1.06785,1.06785,2022-06-08T04:00:00Z,2022-06-08T04:00:00Z,1.06785,1.0627,1.07815,0.005149999999999988,2022-06-08T04:13:00Z,,2022-06-09T16:00:00Z,2022-06-09T16:00:00Z,1.06135,S2_CLOSE_INVALIDATION,-1.2621359223300903,0.03106796116504862,-1.293203883495139,HTF_UNAMBIGUOUS,,S2_CLOSE_INVALIDATION,false,1.2912621359223417,1.854368932038829,9,2147,other_tf_refusals=36,false
IPO_1H_PLUS_4H,EUR/USD,4h,EUR/USD_2022-07-01,demand,2022-05-18T16:00:00Z,1.0493,1.0498,1.04645,1.0465,1.0498,1.0481250000000002,1.0481250000000002,2022-06-13T04:00:00Z,2022-06-13T04:00:00Z,1.0481250000000002,1.04645,1.0514750000000004,0.001675000000000093,2022-06-13T04:43:00Z,,2022-06-13T08:00:00Z,2022-06-13T08:00:00Z,1.0446,S2_CLOSE_INVALIDATION,-2.104477611940314,0.09552238805969619,-2.2000000000000104,HTF_UNAMBIGUOUS,,S2_CLOSE_INVALIDATION,false,2.164179104477618,0.8805970149252603,1,197,other_tf_refusals=36,false
IPO_1H_PLUS_4H,EUR/USD,4h,EUR/USD_2022-07-01,demand,2022-05-13T16:00:00Z,1.0412,1.0416,1.0394,1.04015,1.0416,1.0405000000000002,1.0405000000000002,2022-06-13T16:00:00Z,2022-06-13T16:00:00Z,1.0405000000000002,1.0394,1.0427000000000004,0.001100000000000101,2022-06-13T19:32:00Z,2022-06-14T03:48:00Z,2022-06-15T12:00:00Z,2022-06-14T03:48:00Z,1.0427000000000004,TARGET,2,0.14545454545453212,1.8545454545454678,1M_RESOLVED,,TARGET,false,0.09090909090927442,4.818181818181249,0,496,other_tf_refusals=36,false
IPO_1H_PLUS_4H,EUR/USD,4h,EUR/USD_2022-07-01,demand,2022-06-20T04:00:00Z,1.0528,1.05425,1.0511,1.0517,1.05425,1.0526749999999998,1.0526749999999998,2022-06-21T16:00:00Z,2022-06-21T16:00:00Z,1.0526749999999998,1.0511,1.0558249999999996,0.001574999999999882,2022-06-21T18:48:00Z,,2022-06-22T04:00:00Z,2022-06-22T04:00:00Z,1.0505,S2_CLOSE_INVALIDATION,-1.3809523809523676,0.1015873015873092,-1.4825396825396768,HTF_UNAMBIGUOUS,,S2_CLOSE_INVALIDATION,false,3.6031746031747933,1.4126984126986095,3,552,other_tf_refusals=36,false
IPO_1H_PLUS_4H,EUR/USD,4h,EUR/USD_2022-07-01,demand,2022-06-17T12:00:00Z,1.0488,1.0508,1.0445,1.0474,1.0508,1.04765,1.04765,2022-06-29T12:00:00Z,2022-06-29T12:00:00Z,1.04765,1.0445,1.05395,0.003149999999999986,2022-06-29T13:47:00Z,,2022-06-29T16:00:00Z,2022-06-29T16:00:00Z,1.0441,S2_CLOSE_INVALIDATION,-1.1269841269841137,0.05079365079365102,-1.1777777777777647,HTF_UNAMBIGUOUS,,S2_CLOSE_INVALIDATION,false,1.317460317460284,1.6666666666666667,1,133,other_tf_refusals=36,false
IPO_1H_PLUS_4H,EUR/USD,1h,EUR/USD_2025-04-01,demand,2024-12-10T01:00:00Z,1.05533,1.05541,1.05449,1.055308,1.05541,1.0549499999999998,1.0549499999999998,2024-12-10T07:00:00Z,2024-12-10T07:00:00Z,1.0549499999999998,1.05449,1.0558699999999996,0.00045999999999990493,2024-12-10T07:56:00Z,,2024-12-10T08:00:00Z,2024-12-10T08:00:00Z,1.05383,S2_CLOSE_INVALIDATION,-2.434782608695694,0.34782608695659367,-2.7826086956522875,HTF_UNAMBIGUOUS,,TARGET,true,0.6086956521736822,3.956521739131589,0,4,other_tf_refusals=220,false
IPO_1H_PLUS_4H,EUR/USD,1h,EUR/USD_2025-04-01,supply,2024-12-10T11:00:00Z,1.052808,1.05334,1.05238,1.05315,1.05286,1.05238,1.05286,2024-12-10T20:00:00Z,2024-12-10T20:00:00Z,1.05286,1.05334,1.0518999999999998,0.00048000000000003595,2024-12-10T20:11:00Z,,2024-12-11T01:00:00Z,2024-12-11T01:00:00Z,1.05348,S2_CLOSE_INVALIDATION,-1.2916666666667052,0.3333333333333084,-1.6250000000000135,HTF_UNAMBIGUOUS,,S2_CLOSE_INVALIDATION,false,1.5416666666669365,1.0833333333329478,5,289,other_tf_refusals=220,false
IPO_1H_PLUS_4H,EUR/USD,1h,EUR/USD_2025-04-01,supply,2024-12-11T02:00:00Z,1.05347,1.05397,1.05328,1.05369,1.053625,1.05328,1.053625,2024-12-11T13:00:00Z,2024-12-11T13:00:00Z,1.053625,1.05397,1.052935,0.0003450000000000397,2024-12-11T13:30:00Z,2024-12-11T13:30:00Z,2025-03-04T11:00:00Z,2024-12-11T13:30:00Z,1.052935,TARGET,2,0.46376811594197564,1.5362318840580245,1M_RESOLVED,,TARGET,false,0.47826086956507746,9.753623188404855,0,0,other_tf_refusals=220,false
IPO_1H_PLUS_4H,EUR/USD,1h,EUR/USD_2025-04-01,demand,2024-11-22T09:00:00Z,1.04439,1.04457,1.03284,1.040268,1.04457,1.038705,1.038705,2024-12-19T02:00:00Z,2024-12-19T02:00:00Z,1.038705,1.03284,1.050435,0.005865000000000009,2024-12-19T02:00:00Z,,2025-01-02T10:00:00Z,2025-01-02T10:00:00Z,1.03168,S2_CLOSE_INVALIDATION,-1.1977834612105793,0.027280477408354604,-1.225063938618934,HTF_UNAMBIGUOUS,,S2_CLOSE_INVALIDATION,false,1.255754475703334,1.2284739982949522,182,20640,other_tf_refusals=220,false
IPO_1H_PLUS_4H,EUR/USD,1h,EUR/USD_2025-04-01,supply,2024-12-31T09:00:00Z,1.04184,1.04249,1.04114,1.041898,1.041815,1.04114,1.041815,2025-01-06T11:00:00Z,2025-01-06T11:00:00Z,1.041815,1.04249,1.040465,0.0006749999999999812,2025-01-06T11:30:00Z,2025-01-06T12:23:00Z,2025-01-07T08:00:00Z,2025-01-06T12:23:00Z,1.040465,TARGET,2,0.23703703703704368,1.7629629629629564,1M_RESOLVED,,TARGET,false,2.2444444444447367,13.281481481481688,0,53,other_tf_refusals=220,false
IPO_1H_PLUS_4H,EUR/USD,1h,EUR/USD_2025-04-01,supply,2024-12-31T09:00:00Z,1.04184,1.04249,1.04114,1.041898,1.041815,1.04114,1.041815,2025-01-06T13:00:00Z,2025-01-06T13:00:00Z,1.041815,1.04249,1.040465,0.0006749999999999812,2025-01-06T13:01:00Z,2025-01-06T13:45:00Z,2025-01-07T08:00:00Z,2025-01-06T13:45:00Z,1.040465,TARGET,2,0.23703703703704368,1.7629629629629564,1M_RESOLVED,,TARGET,false,2.837037037037281,2.08148148148136,0,44,other_tf_refusals=220,false
IPO_1H_PLUS_4H,EUR/USD,1h,EUR/USD_2025-04-01,supply,2024-12-31T09:00:00Z,1.04184,1.04249,1.04114,1.041898,1.041815,1.04114,1.041815,2025-01-07T07:00:00Z,2025-01-07T07:00:00Z,1.041815,1.04249,1.040465,0.0006749999999999812,2025-01-07T07:39:00Z,2025-01-07T08:20:00Z,2025-01-07T08:00:00Z,2025-01-07T08:20:00Z,1.040465,TARGET,2,0.23703703703704368,1.7629629629629564,1M_RESOLVED,,TARGET,false,1,3.0740740740739034,0,41,other_tf_refusals=220,false
IPO_1H_PLUS_4H,EUR/USD,1h,EUR/USD_2025-04-01,demand,2025-01-06T10:00:00Z,1.03558,1.03586,1.03348,1.033527,1.03586,1.03467,1.03467,2025-01-07T22:00:00Z,2025-01-07T22:00:00Z,1.03467,1.03348,1.03705,0.0011900000000000244,2025-01-07T22:02:00Z,,2025-01-08T07:00:00Z,2025-01-08T07:00:00Z,1.03324,S2_CLOSE_INVALIDATION,-1.2016806722689186,0.1344537815126023,-1.336134453781521,HTF_UNAMBIGUOUS,,S2_CLOSE_INVALIDATION,false,1.5546218487393861,0.9411764705882243,9,538,other_tf_refusals=220,false
IPO_1H_PLUS_4H,EUR/USD,1h,EUR/USD_2025-04-01,demand,2025-01-06T05:00:00Z,1.031528,1.03187,1.03083,1.0309,1.03187,1.03135,1.03135,2025-01-08T10:00:00Z,2025-01-08T10:00:00Z,1.03135,1.03083,1.0323900000000001,0.000520000000000076,2025-01-08T10:08:00Z,,2025-01-08T11:00:00Z,2025-01-08T11:00:00Z,1.02973,S2_CLOSE_INVALIDATION,-3.1153846153840736,0.30769230769226275,-3.4230769230763363,HTF_UNAMBIGUOUS,,S2_CLOSE_INVALIDATION,false,7.807692307691076,1.5961538461538216,1,52,other_tf_refusals=220,false
IPO_1H_PLUS_4H,EUR/USD,1h,EUR/USD_2025-04-01,supply,2025-01-08T09:00:00Z,1.031872,1.03268,1.03152,1.03195,1.0321,1.03152,1.0321,2025-01-08T22:00:00Z,2025-01-08T22:00:00Z,1.0321,1.03268,1.03094,0.0005800000000000249,2025-01-08T22:16:00Z,2025-01-09T00:32:00Z,2025-01-15T13:00:00Z,2025-01-09T00:32:00Z,1.03094,TARGET,2,0.2758620689655054,1.7241379310344946,1M_RESOLVED,,TARGET,false,0.4482758620688203,2.810344827586121,2,136,other_tf_refusals=220,false
IPO_1H_PLUS_4H,EUR/USD,1h,EUR/USD_2025-04-01,supply,2025-01-09T08:00:00Z,1.029115,1.03083,1.02834,1.030777,1.029585,1.02834,1.029585,2025-01-09T17:00:00Z,2025-01-09T17:00:00Z,1.029585,1.03083,1.027095,0.0012449999999999406,2025-01-09T17:00:00Z,2025-01-10T13:30:00Z,2025-01-15T09:00:00Z,2025-01-10T13:30:00Z,1.027095,TARGET,2,0.12851405622490575,1.8714859437750944,1M_RESOLVED,,TARGET,false,1.3212851405624073,6.847389558233173,20,1230,other_tf_refusals=220,false
IPO_1H_PLUS_4H,EUR/USD,1h,EUR/USD_2025-04-01,demand,2025-01-02T19:00:00Z,1.02566,1.02603,1.02476,1.02511,1.02603,1.025395,1.025395,2025-01-10T15:00:00Z,2025-01-10T15:00:00Z,1.025395,1.02476,1.0266650000000004,0.0006350000000001632,2025-01-10T15:00:00Z,2025-01-10T15:19:00Z,2025-01-10T16:00:00Z,2025-01-10T15:19:00Z,1.0266650000000004,TARGET,2,0.25196850393694314,1.748031496063057,1M_RESOLVED,,TARGET,false,2.8267716535425667,3.9606299212588953,0,19,other_tf_refusals=220,false
IPO_1H_PLUS_4H,EUR/USD,1h,EUR/USD_2025-04-01,supply,2025-01-09T08:00:00Z,1.029115,1.03083,1.02834,1.030777,1.029585,1.02834,1.029585,2025-01-14T15:00:00Z,2025-01-14T15:00:00Z,1.029585,1.03083,1.027095,0.0012449999999999406,2025-01-14T15:59:00Z,,2025-01-15T09:00:00Z,2025-01-15T09:00:00Z,1.03099,S2_CLOSE_INVALIDATION,-1.1285140562250342,0.12851405622490575,-1.25702811244994,HTF_UNAMBIGUOUS,,TARGET,true,0.02008032128509472,2.6546184738956216,0,1021,other_tf_refusals=220,false
IPO_1H_PLUS_4H,EUR/USD,1h,EUR/USD_2025-04-01,supply,2025-01-09T13:00:00Z,1.03034,1.03196,1.03006,1.03079,1.03101,1.03006,1.03101,2025-01-14T22:00:00Z,2025-01-14T22:00:00Z,1.03101,1.03196,1.02911,0.0009500000000000064,2025-01-14T22:01:00Z,2025-01-15T07:01:00Z,2025-01-15T13:00:00Z,2025-01-15T07:01:00Z,1.02911,TARGET,2,0.16842105263157783,1.831578947368422,1M_RESOLVED,,TARGET,false,0.08421052631587313,2.484210526315686,9,540,other_tf_refusals=220,false
IPO_1H_PLUS_4H,EUR/USD,1h,EUR/USD_2025-04-01,supply,2025-01-09T13:00:00Z,1.03034,1.03196,1.03006,1.03079,1.03101,1.03006,1.03101,2025-01-15T09:00:00Z,2025-01-15T09:00:00Z,1.03101,1.03196,1.02911,0.0009500000000000064,2025-01-15T09:33:00Z,,2025-01-15T13:00:00Z,2025-01-15T13:00:00Z,1.03446,S2_CLOSE_INVALIDATION,-3.631578947368347,0.16842105263157783,-3.7999999999999248,HTF_UNAMBIGUOUS,,S2_CLOSE_INVALIDATION,false,4.715789473684221,1.7789473684210084,4,207,other_tf_refusals=220,false
IPO_1H_PLUS_4H,EUR/USD,1h,EUR/USD_2025-04-01,demand,2025-01-14T17:00:00Z,1.029143,1.02919,1.02787,1.02883,1.02919,1.02853,1.02853,2025-01-15T16:00:00Z,2025-01-15T16:00:00Z,1.02853,1.02787,1.0298499999999997,0.0006599999999998829,2025-01-15T16:30:00Z,2025-01-15T20:31:00Z,2025-01-16T12:00:00Z,2025-01-15T20:31:00Z,1.0298499999999997,TARGET,2,0.24242424242428545,1.7575757575757145,1M_RESOLVED,,TARGET,false,4.075757575758085,3.4696969696977753,0,241,other_tf_refusals=220,false
IPO_1H_PLUS_4H,EUR/USD,1h,EUR/USD_2025-04-01,demand,2025-01-14T17:00:00Z,1.029143,1.02919,1.02787,1.02883,1.02919,1.02853,1.02853,2025-01-15T18:00:00Z,2025-01-15T18:00:00Z,1.02853,1.02787,1.0298499999999997,0.0006599999999998829,2025-01-15T18:07:00Z,2025-01-15T20:31:00Z,2025-01-16T12:00:00Z,2025-01-15T20:31:00Z,1.0298499999999997,TARGET,2,0.24242424242428545,1.7575757575757145,1M_RESOLVED,,TARGET,false,0.1515151515151617,2.1212121212126003,2,144,other_tf_refusals=220,false
IPO_1H_PLUS_4H,EUR/USD,1h,EUR/USD_2025-04-01,demand,2025-01-14T17:00:00Z,1.029143,1.02919,1.02787,1.02883,1.02919,1.02853,1.02853,2025-01-15T22:00:00Z,2025-01-15T22:00:00Z,1.02853,1.02787,1.0298499999999997,0.0006599999999998829,2025-01-15T22:06:00Z,2025-01-16T00:30:00Z,2025-01-16T12:00:00Z,2025-01-16T00:30:00Z,1.0298499999999997,TARGET,2,0.24242424242428545,1.7575757575757145,1M_RESOLVED,,TARGET,false,0.10606060606064684,2.272727272727762,2,144,other_tf_refusals=220,false
IPO_1H_PLUS_4H,EUR/USD,1h,EUR/USD_2025-04-01,demand,2025-01-14T17:00:00Z,1.029143,1.02919,1.02787,1.02883,1.02919,1.02853,1.02853,2025-01-16T02:00:00Z,2025-01-16T02:00:00Z,1.02853,1.02787,1.0298499999999997,0.0006599999999998829,2025-01-16T02:22:00Z,2025-01-16T07:14:00Z,2025-01-16T12:00:00Z,2025-01-16T07:14:00Z,1.0298499999999997,TARGET,2,0.24242424242428545,1.7575757575757145,1M_RESOLVED,,TARGET,false,0.6818181818180595,2.5303030303035707,5,292,other_tf_refusals=220,false
IPO_1H_PLUS_4H,EUR/USD,1h,EUR/USD_2025-04-01,demand,2025-01-16T12:00:00Z,1.02902,1.02906,1.02639,1.02719,1.02906,1.027725,1.027725,2025-01-17T20:00:00Z,2025-01-17T20:00:00Z,1.027725,1.02639,1.0303950000000002,0.0013350000000000861,2025-01-17T20:00:00Z,2025-01-20T03:58:00Z,2025-02-02T22:00:00Z,2025-01-20T03:58:00Z,1.0303950000000002,TARGET,2,0.11985018726590989,1.88014981273409,1M_RESOLVED,,TARGET,false,0.8277153558051238,2.2134831460673037,6,3358,other_tf_refusals=220,false
IPO_1H_PLUS_4H,EUR/USD,1h,EUR/USD_2025-04-01,supply,2025-01-06T11:00:00Z,1.033517,1.04333,1.03285,1.04218,1.03809,1.03285,1.03809,2025-01-20T13:00:00Z,2025-01-20T13:00:00Z,1.03809,1.04333,1.0276099999999997,0.0052400000000001334,2025-01-20T13:32:00Z,,2025-01-22T09:00:00Z,2025-01-22T09:00:00Z,1.04467,S2_CLOSE_INVALIDATION,-1.2557251908396685,0.030534351145037393,-1.2862595419847058,HTF_UNAMBIGUOUS,,S2_CLOSE_INVALIDATION,false,1.276717557251892,1.3893129770991923,44,2608,other_tf_refusals=220,false
IPO_1H_PLUS_4H,EUR/USD,1h,EUR/USD_2025-04-01,supply,2024-12-30T12:00:00Z,1.044817,1.04591,1.04388,1.04495,1.044895,1.04388,1.044895,2025-01-22T11:00:00Z,2025-01-22T11:00:00Z,1.044895,1.04591,1.042865,0.0010149999999999881,2025-01-22T11:00:00Z,2025-01-22T13:38:00Z,2025-01-24T07:00:00Z,2025-01-22T13:38:00Z,1.042865,TARGET,2,0.15763546798029743,1.8423645320197026,1M_RESOLVED,,TARGET,false,0.7635467980297549,2.645320197044195,2,158,other_tf_refusals=220,false
IPO_1H_PLUS_4H,EUR/USD,1h,EUR/USD_2025-04-01,demand,2025-01-21T23:00:00Z,1.04273,1.04294,1.03922,1.04059,1.04294,1.04108,1.04108,2025-01-23T16:00:00Z,2025-01-23T16:00:00Z,1.04108,1.03922,1.0448,0.0018599999999999728,2025-01-23T16:00:00Z,2025-01-24T02:44:00Z,2025-01-29T13:00:00Z,2025-01-24T02:44:00Z,1.0448,TARGET,2,0.08602150537634536,1.9139784946236547,1M_RESOLVED,,TARGET,false,2.0967741935484256,2.0806451612903745,10,644,other_tf_refusals=220,false
IPO_1H_PLUS_4H,EUR/USD,1h,EUR/USD_2025-04-01,supply,2024-12-30T12:00:00Z,1.044817,1.04591,1.04388,1.04495,1.044895,1.04388,1.044895,2025-01-24T04:00:00Z,2025-01-24T04:00:00Z,1.044895,1.04591,1.042865,0.0010149999999999881,2025-01-24T04:09:00Z,,2025-01-24T07:00:00Z,2025-01-24T07:00:00Z,1.04611,S2_CLOSE_INVALIDATION,-1.1970443349755688,0.15763546798029743,-1.3546798029558662,HTF_UNAMBIGUOUS,,S2_CLOSE_INVALIDATION,false,2.1921182266011523,0.5665024630541862,3,171,other_tf_refusals=220,false
IPO_1H_PLUS_4H,EUR/USD,1h,EUR/USD_2025-04-01,supply,2024-12-18T10:00:00Z,1.049443,1.05006,1.04885,1.049853,1.049455,1.04885,1.049455,2025-01-24T08:00:00Z,2025-01-24T08:00:00Z,1.049455,1.05006,1.048245,0.0006049999999999667,2025-01-24T08:48:00Z,2025-01-24T11:33:00Z,2025-01-24T15:00:00Z,2025-01-24T11:33:00Z,1.048245,TARGET,2,0.26446280991737,1.73553719008263,1M_RESOLVED,,TARGET,false,0.17355371900830996,6.074380165289748,0,165,other_tf_refusals=220,false
IPO_1H_PLUS_4H,EUR/USD,1h,EUR/USD_2025-04-01,supply,2024-12-18T10:00:00Z,1.049443,1.05006,1.04885,1.049853,1.049455,1.04885,1.049455,2025-01-24T10:00:00Z,2025-01-24T10:00:00Z,1.049455,1.05006,1.048245,0.0006049999999999667,2025-01-24T10:00:00Z,2025-01-24T11:33:00Z,2025-01-24T15:00:00Z,2025-01-24T11:33:00Z,1.048245,TARGET,2,0.26446280991737,1.73553719008263,1M_RESOLVED,,TARGET,false,0.6198347107438593,2.2561983471076625,1,93,other_tf_refusals=220,false
IPO_1H_PLUS_4H,EUR/USD,1h,EUR/USD_2025-04-01,demand,2025-01-24T13:00:00Z,1.0474,1.04803,1.04635,1.04688,1.04803,1.04719,1.04719,2025-01-26T23:00:00Z,2025-01-26T23:00:00Z,1.04719,1.04635,1.0488700000000004,0.0008400000000001739,2025-01-26T23:25:00Z,,2025-01-27T01:00:00Z,2025-01-27T01:00:00Z,1.04628,S2_CLOSE_INVALIDATION,-1.083333333333069,0.19047619047615105,-1.27380952380922,HTF_UNAMBIGUOUS,,S2_CLOSE_INVALIDATION,false,1.2857142857139836,0.8809523809521543,2,95,other_tf_refusals=220,false
IPO_1H_PLUS_4H,EUR/USD,1h,EUR/USD_2025-04-01,demand,2025-01-23T23:00:00Z,1.04171,1.04196,1.04128,1.04159,1.04196,1.04162,1.04162,2025-01-28T12:00:00Z,2025-01-28T12:00:00Z,1.04162,1.04128,1.0423,0.00034000000000000696,2025-01-28T12:04:00Z,2025-01-28T12:35:00Z,2025-01-29T09:00:00Z,2025-01-28T12:35:00Z,1.0423,TARGET,2,0.47058823529410804,1.529411764705892,1M_RESOLVED,,TARGET,false,0.7647058823527106,2.8823529411763555,0,31,other_tf_refusals=220,false
IPO_1H_PLUS_4H,EUR/USD,1h,EUR/USD_2025-04-01,demand,2025-01-21T23:00:00Z,1.04273,1.04294,1.03922,1.04059,1.04294,1.04108,1.04108,2025-01-29T09:00:00Z,2025-01-29T09:00:00Z,1.04108,1.03922,1.0448,0.0018599999999999728,2025-01-29T09:05:00Z,,2025-01-29T13:00:00Z,2025-01-29T13:00:00Z,1.03876,S2_CLOSE_INVALIDATION,-1.2473118279570612,0.08602150537634536,-1.3333333333334065,HTF_UNAMBIGUOUS,,S2_CLOSE_INVALIDATION,false,1.543010752688156,0.7688172043011093,4,235,other_tf_refusals=220,false
IPO_1H_PLUS_4H,EUR/USD,1h,EUR/USD_2025-04-01,supply,2025-01-29T08:00:00Z,1.04164,1.0431,1.04158,1.04243,1.0423399999999998,1.04158,1.0423399999999998,2025-01-29T15:00:00Z,2025-01-29T15:00:00Z,1.0423399999999998,1.0431,1.0408199999999996,0.0007600000000000939,2025-01-29T15:44:00Z,2025-01-29T19:00:00Z,2025-01-30T13:00:00Z,2025-01-29T19:00:00Z,1.0408199999999996,TARGET,2,0.2105263157894477,1.7894736842105523,1M_RESOLVED,,TARGET,false,0.53947368421078,3.8157894736836107,0,196,other_tf_refusals=220,false
IPO_1H_PLUS_4H,EUR/USD,1h,EUR/USD_2025-04-01,supply,2025-01-29T08:00:00Z,1.04164,1.0431,1.04158,1.04243,1.0423399999999998,1.04158,1.0423399999999998,2025-01-29T17:00:00Z,2025-01-29T17:00:00Z,1.0423399999999998,1.0431,1.0408199999999996,0.0007600000000000939,2025-01-29T17:01:00Z,2025-01-29T19:00:00Z,2025-01-30T13:00:00Z,2025-01-29T19:00:00Z,1.0408199999999996,TARGET,2,0.2105263157894477,1.7894736842105523,1M_RESOLVED,,TARGET,false,0.7894736842106339,4.684210526314929,2,119,other_tf_refusals=220,false
IPO_1H_PLUS_4H,EUR/USD,1h,EUR/USD_2025-04-01,supply,2025-01-29T08:00:00Z,1.04164,1.0431,1.04158,1.04243,1.0423399999999998,1.04158,1.0423399999999998,2025-01-29T23:00:00Z,2025-01-29T23:00:00Z,1.0423399999999998,1.0431,1.0408199999999996,0.0007600000000000939,2025-01-29T23:00:00Z,2025-01-30T09:03:00Z,2025-01-30T13:00:00Z,2025-01-30T09:03:00Z,1.0408199999999996,TARGET,2,0.2105263157894477,1.7894736842105523,1M_RESOLVED,,TARGET,false,0.9210526315790243,2.842105263157172,10,603,other_tf_refusals=220,false
IPO_1H_PLUS_4H,EUR/USD,1h,EUR/USD_2025-04-01,supply,2025-01-30T13:00:00Z,1.040355,1.04608,1.04012,1.045772,1.0431,1.04012,1.0431,2025-01-30T20:00:00Z,2025-01-30T20:00:00Z,1.0431,1.04608,1.03714,0.0029799999999999827,2025-01-30T20:23:00Z,2025-01-31T09:01:00Z,2025-02-13T20:00:00Z,2025-01-31T09:01:00Z,1.03714,TARGET,2,0.05369127516778555,1.9463087248322144,1M_RESOLVED,,TARGET,false,0.060402684563781894,2.2114093959731247,13,758,other_tf_refusals=220,false
IPO_1H_PLUS_4H,EUR/USD,1h,EUR/USD_2025-04-01,supply,2025-01-30T13:00:00Z,1.040355,1.04608,1.04012,1.045772,1.0431,1.04012,1.0431,2025-01-31T17:00:00Z,2025-01-31T17:00:00Z,1.0431,1.04608,1.03714,0.0029799999999999827,2025-01-31T17:12:00Z,2025-01-31T18:33:00Z,2025-02-13T20:00:00Z,2025-01-31T18:33:00Z,1.03714,TARGET,2,0.05369127516778555,1.9463087248322144,1M_RESOLVED,,TARGET,false,0.130872483221515,2.338926174496631,1,81,other_tf_refusals=220,false
IPO_1H_PLUS_4H,EUR/USD,1h,EUR/USD_2025-04-01,demand,2025-01-31T14:00:00Z,1.038245,1.0383,1.0366,1.03688,1.0383,1.03745,1.03745,2025-01-31T20:00:00Z,2025-01-31T20:00:00Z,1.03745,1.0366,1.03915,0.0008500000000000174,2025-01-31T20:00:00Z,,2025-01-31T21:00:00Z,2025-01-31T21:00:00Z,1.03612,S2_CLOSE_INVALIDATION,-1.5647058823529718,0.18823529411764323,-1.752941176470615,HTF_UNAMBIGUOUS,,S2_CLOSE_INVALIDATION,false,2.952941176470542,1.6,1,60,other_tf_refusals=220,false
IPO_1H_PLUS_4H,EUR/USD,1h,EUR/USD_2025-04-01,demand,2025-01-14T05:00:00Z,1.02503,1.02521,1.02419,1.024482,1.02521,1.0247,1.0247,2025-02-02T22:00:00Z,2025-02-02T22:00:00Z,1.0247,1.02419,1.02572,0.0005100000000000104,2025-02-02T22:32:00Z,2025-02-02T22:45:00Z,2025-02-03T00:00:00Z,2025-02-02T22:45:00Z,1.02572,TARGET,2,0.31372549019607204,1.686274509803928,1M_RESOLVED,,TARGET,false,0.5098039215684738,2.529411764705857,0,13,other_tf_refusals=220,false
IPO_1H_PLUS_4H,EUR/USD,1h,EUR/USD_2025-04-01,supply,2025-02-03T21:00:00Z,1.029537,1.03508,1.02925,1.03442,1.032165,1.02925,1.032165,2025-02-04T02:00:00Z,2025-02-04T02:00:00Z,1.032165,1.03508,1.026335,0.002915000000000001,2025-02-04T02:00:00Z,,2025-02-04T14:00:00Z,2025-02-04T14:00:00Z,1.036002,S2_CLOSE_INVALIDATION,-1.3162950257290185,0.05488850771869638,-1.371183533447715,HTF_UNAMBIGUOUS,,S2_CLOSE_INVALIDATION,false,1.5454545454545385,1.713550600343081,12,720,other_tf_refusals=220,false
IPO_1H_PLUS_4H,EUR/USD,1h,EUR/USD_2025-04-01,supply,2025-01-31T17:00:00Z,1.03998,1.04349,1.03899,1.04201,1.0412400000000002,1.03899,1.0412400000000002,2025-02-05T12:00:00Z,2025-02-05T12:00:00Z,1.0412400000000002,1.04349,1.0367400000000004,0.0022499999999998632,2025-02-05T12:00:00Z,2025-02-06T08:20:00Z,2025-02-13T05:00:00Z,2025-02-06T08:20:00Z,1.0367400000000004,TARGET,2,0.07111111111111544,1.9288888888888847,1M_RESOLVED,,TARGET,false,1.4311111111110997,2.5155555555558062,20,1220,other_tf_refusals=220,false
IPO_1H_PLUS_4H,EUR/USD,1h,EUR/USD_2025-04-01,demand,2025-02-07T05:00:00Z,1.03811,1.0382,1.03737,1.03752,1.0382,1.037785,1.037785,2025-02-07T12:00:00Z,2025-02-07T12:00:00Z,1.037785,1.03737,1.038615,0.0004150000000000542,2025-02-07T12:02:00Z,2025-02-07T13:30:00Z,2025-02-07T13:00:00Z,2025-02-07T13:30:00Z,1.038615,TARGET,2,0.38554216867464847,1.6144578313253515,1M_RESOLVED,,S2_CLOSE_INVALIDATION,true,6.951807228914818,9.192771084336448,1,88,other_tf_refusals=220,false
IPO_1H_PLUS_4H,EUR/USD,1h,EUR/USD_2025-04-01,demand,2025-02-03T16:00:00Z,1.031648,1.03221,1.02721,1.0276,1.03221,1.0297100000000001,1.0297100000000001,2025-02-09T22:00:00Z,2025-02-09T22:00:00Z,1.0297100000000001,1.02721,1.0347100000000005,0.0025000000000001688,2025-02-09T22:31:00Z,2025-02-11T16:07:00Z,,2025-02-11T16:07:00Z,1.0347100000000005,TARGET,2,0.06399999999999569,1.9360000000000044,HTF_UNAMBIGUOUS,,TARGET,false,0.4239999999999957,2.1879999999997977,42,2496,other_tf_refusals=220,false
IPO_1H_PLUS_4H,EUR/USD,1h,EUR/USD_2025-04-01,supply,2025-02-07T14:00:00Z,1.03637,1.03891,1.03606,1.03859,1.037485,1.03606,1.037485,2025-02-11T19:00:00Z,2025-02-11T19:00:00Z,1.037485,1.03891,1.034635,0.0014250000000000096,2025-02-11T19:40:00Z,2025-02-12T13:30:00Z,2025-02-12T16:00:00Z,2025-02-12T13:30:00Z,1.034635,TARGET,2,0.11228070175438522,1.8877192982456148,1M_RESOLVED,,TARGET,false,0.5017543859649237,2.3192982456139433,0,1070,other_tf_refusals=220,false
IPO_1H_PLUS_4H,EUR/USD,1h,EUR/USD_2025-04-01,supply,2025-02-07T14:00:00Z,1.03637,1.03891,1.03606,1.03859,1.037485,1.03606,1.037485,2025-02-12T07:00:00Z,2025-02-12T07:00:00Z,1.037485,1.03891,1.034635,0.0014250000000000096,2025-02-12T07:52:00Z,2025-02-12T13:30:00Z,2025-02-12T16:00:00Z,2025-02-12T13:30:00Z,1.034635,TARGET,2,0.11228070175438522,1.8877192982456148,1M_RESOLVED,,TARGET,false,0.796491228070246,4.08070175438587,6,338,other_tf_refusals=220,false
IPO_1H_PLUS_4H,EUR/USD,1h,EUR/USD_2025-04-01,supply,2025-02-07T14:00:00Z,1.03637,1.03891,1.03606,1.03859,1.037485,1.03606,1.037485,2025-02-12T15:00:00Z,2025-02-12T15:00:00Z,1.037485,1.03891,1.034635,0.0014250000000000096,2025-02-12T15:38:00Z,,2025-02-12T16:00:00Z,2025-02-12T16:00:00Z,1.039143,S2_CLOSE_INVALIDATION,-1.1635087719297728,0.11228070175438522,-1.275789473684158,HTF_UNAMBIGUOUS,,TARGET,true,0.5789473684211018,2.5929824561403363,0,22,other_tf_refusals=220,false
IPO_1H_PLUS_4H,EUR/USD,1h,EUR/USD_2025-04-01,supply,2025-01-31T17:00:00Z,1.03998,1.04349,1.03899,1.04201,1.0412400000000002,1.03899,1.0412400000000002,2025-02-12T18:00:00Z,2025-02-12T18:00:00Z,1.0412400000000002,1.04349,1.0367400000000004,0.0022499999999998632,2025-02-12T18:00:00Z,,2025-02-13T05:00:00Z,2025-02-13T05:00:00Z,1.043518,S2_CLOSE_INVALIDATION,-1.0124444444444083,0.07111111111111544,-1.0835555555555236,HTF_UNAMBIGUOUS,,S2_CLOSE_INVALIDATION,false,1.177777777777769,1.4533333333334688,11,660,other_tf_refusals=220,false
IPO_1H_PLUS_4H,EUR/USD,1h,EUR/USD_2025-04-01,supply,2025-01-30T15:00:00Z,1.042868,1.04429,1.04267,1.04313,1.04348,1.04267,1.04348,2025-02-13T06:00:00Z,2025-02-13T06:00:00Z,1.04348,1.04429,1.04186,0.0008099999999999774,2025-02-13T06:00:00Z,2025-02-13T08:07:00Z,2025-02-13T20:00:00Z,2025-02-13T08:07:00Z,1.04186,TARGET,2,0.1975308641975364,1.8024691358024636,1M_RESOLVED,,TARGET,false,0.7160493827161002,3.0493827160494336,2,127,other_tf_refusals=220,false
IPO_1H_PLUS_4H,EUR/USD,1h,EUR/USD_2025-04-01,demand,2025-02-13T18:00:00Z,1.04255,1.04322,1.03725,1.040938,1.04322,1.040235,1.040235,2025-02-19T17:00:00Z,2025-02-19T17:00:00Z,1.040235,1.03725,1.046205,0.0029850000000000154,2025-02-19T17:04:00Z,2025-02-20T15:25:00Z,2025-02-28T18:00:00Z,2025-02-20T15:25:00Z,1.046205,TARGET,2,0.05360134003350057,1.9463986599664995,1M_RESOLVED,,TARGET,false,0.055276381909537646,2.4639865996649792,22,1341,other_tf_refusals=220,false
IPO_1H_PLUS_4H,EUR/USD,1h,EUR/USD_2025-04-01,supply,2025-02-17T10:00:00Z,1.04742,1.04898,1.04731,1.048907,1.0481449999999999,1.04731,1.0481449999999999,2025-02-20T17:00:00Z,2025-02-20T17:00:00Z,1.0481449999999999,1.04898,1.0464749999999996,0.0008350000000001412,2025-02-20T17:10:00Z,,2025-02-20T18:00:00Z,2025-02-20T18:00:00Z,1.04981,S2_CLOSE_INVALIDATION,-1.9940119760476,0.1916167664670335,-2.1856287425146337,HTF_UNAMBIGUOUS,,S2_CLOSE_INVALIDATION,false,2.089820359281213,1.2634730538917698,1,50,other_tf_refusals=220,false
IPO_1H_PLUS_4H,EUR/USD,1h,EUR/USD_2025-04-01,demand,2025-02-13T18:00:00Z,1.04255,1.04322,1.03725,1.040938,1.04322,1.040235,1.040235,2025-02-27T17:00:00Z,2025-02-27T17:00:00Z,1.040235,1.03725,1.046205,0.0029850000000000154,2025-02-27T17:44:00Z,,2025-02-28T18:00:00Z,2025-02-28T18:00:00Z,1.036338,S2_CLOSE_INVALIDATION,-1.3055276381909613,0.05360134003350057,-1.3591289782244618,HTF_UNAMBIGUOUS,,S2_CLOSE_INVALIDATION,false,1.3450586264656887,0.6080402010049885,25,1456,other_tf_refusals=220,false
IPO_1H_PLUS_4H,EUR/USD,1h,EUR/USD_2025-04-01,supply,2025-02-26T19:00:00Z,1.04881,1.04939,1.04816,1.04914,1.048775,1.04816,1.048775,2025-03-03T14:00:00Z,2025-03-03T14:00:00Z,1.048775,1.04939,1.047545,0.0006150000000000322,2025-03-03T14:46:00Z,2025-03-03T15:00:00Z,2025-03-03T16:00:00Z,2025-03-03T15:00:00Z,1.047545,TARGET,2,0.2601626016260027,1.7398373983739974,1M_RESOLVED,,TARGET,false,0.5772357723575035,3.1138211382114,0,14,other_tf_refusals=220,false
IPO_1H_PLUS_4H,EUR/USD,1h,EUR/USD_2025-04-01,demand,2025-03-04T10:00:00Z,1.05122,1.05198,1.05022,1.05114,1.05198,1.0511,1.0511,2025-03-04T15:00:00Z,2025-03-04T15:00:00Z,1.0511,1.05022,1.05286,0.0008799999999999919,2025-03-04T15:17:00Z,2025-03-04T16:01:00Z,,2025-03-04T16:01:00Z,1.05286,TARGET,2,0.18181818181818352,1.8181818181818166,HTF_UNAMBIGUOUS,,TARGET,false,1.693181818181824,3.3522727272727675,1,44,other_tf_refusals=220,false
IPO_1H_PLUS_4H,EUR/USD,1h,EUR/USD_2025-04-01,supply,2024-12-09T15:00:00Z,1.05784,1.05933,1.05715,1.05912,1.05824,1.05715,1.05824,2025-03-04T18:00:00Z,2025-03-04T18:00:00Z,1.05824,1.05933,1.05606,0.0010900000000000354,2025-03-04T18:44:00Z,,2025-03-04T19:00:00Z,2025-03-04T19:00:00Z,1.060105,S2_CLOSE_INVALIDATION,-1.711009174311876,0.1467889908256833,-1.8577981651375595,HTF_UNAMBIGUOUS,,TARGET,true,0.8715596330275005,4.119266055045834,0,16,other_tf_refusals=220,false
IPO_1H_PLUS_4H,EUR/USD,1h,EUR/USD_2025-04-01,supply,2024-11-20T01:00:00Z,1.059957,1.06044,1.05955,1.060013,1.059995,1.05955,1.059995,2025-03-04T19:00:00Z,2025-03-04T19:00:00Z,1.059995,1.06044,1.059105,0.0004450000000000287,2025-03-04T19:09:00Z,2025-03-04T19:10:00Z,2025-03-04T20:00:00Z,2025-03-04T19:10:00Z,1.059105,TARGET,2,0.35955056179772965,1.6404494382022703,1M_RESOLVED,,TARGET,false,0.5730337078648938,3.1123595505615285,0,1,other_tf_refusals=220,false
IPO_1H_PLUS_4H,EUR/USD,1h,EUR/USD_2025-04-01,demand,2025-03-10T08:00:00Z,1.08228,1.08248,1.0805,1.081,1.08248,1.08149,1.08149,2025-03-10T11:00:00Z,2025-03-10T11:00:00Z,1.08149,1.0805,1.0834700000000002,0.0009900000000000464,2025-03-10T11:05:00Z,2025-03-10T11:07:00Z,2025-03-24T13:00:00Z,2025-03-10T11:07:00Z,1.0834700000000002,TARGET,2,0.16161616161615405,1.838383838383846,1M_RESOLVED,,TARGET,false,0.31313131313133125,5.060606060605782,0,2,other_tf_refusals=220,false
IPO_1H_PLUS_4H,EUR/USD,1h,EUR/USD_2025-04-01,demand,2025-03-11T10:00:00Z,1.0909,1.09092,1.0882,1.08908,1.09092,1.08956,1.08956,2025-03-11T14:00:00Z,2025-03-11T14:00:00Z,1.08956,1.0882,1.0922800000000001,0.0013600000000000279,2025-03-11T14:28:00Z,2025-03-11T15:05:00Z,2025-03-12T12:00:00Z,2025-03-11T15:05:00Z,1.0922800000000001,TARGET,2,0.11764705882352701,1.882352941176473,1M_RESOLVED,,TARGET,false,0.05147058823530372,2.477941176470444,1,37,other_tf_refusals=220,false
IPO_1H_PLUS_4H,EUR/USD,1h,EUR/USD_2025-04-01,demand,2025-03-11T10:00:00Z,1.0909,1.09092,1.0882,1.08908,1.09092,1.08956,1.08956,2025-03-12T06:00:00Z,2025-03-12T06:00:00Z,1.08956,1.0882,1.0922800000000001,0.0013600000000000279,2025-03-12T06:53:00Z,2025-03-12T09:00:00Z,2025-03-12T12:00:00Z,2025-03-12T09:00:00Z,1.0922800000000001,TARGET,2,0.11764705882352701,1.882352941176473,1M_RESOLVED,,TARGET,false,0.6176470588236447,2.3014705882351403,3,127,other_tf_refusals=220,false
IPO_1H_PLUS_4H,EUR/USD,1h,EUR/USD_2025-04-01,demand,2025-03-12T12:00:00Z,1.09009,1.09354,1.08758,1.08778,1.09354,1.09056,1.09056,2025-03-12T16:00:00Z,2025-03-12T16:00:00Z,1.09056,1.08758,1.09652,0.0029799999999999827,2025-03-12T16:59:00Z,,2025-03-13T06:00:00Z,2025-03-13T06:00:00Z,1.087427,S2_CLOSE_INVALIDATION,-1.0513422818792184,0.05369127516778555,-1.105033557047004,HTF_UNAMBIGUOUS,,S2_CLOSE_INVALIDATION,false,1.2281879194630934,0.7617449664429555,14,781,other_tf_refusals=220,false
IPO_1H_PLUS_4H,EUR/USD,1h,EUR/USD_2025-04-01,demand,2025-03-11T05:00:00Z,1.085447,1.08561,1.08354,1.08384,1.08561,1.084575,1.084575,2025-03-13T11:00:00Z,2025-03-13T11:00:00Z,1.084575,1.08354,1.0866450000000003,0.0010350000000001192,2025-03-13T11:59:00Z,2025-03-13T12:30:00Z,2025-03-13T12:00:00Z,2025-03-13T12:30:00Z,1.0866450000000003,TARGET,2,0.15458937198065853,1.8454106280193414,1M_RESOLVED,,TARGET,false,0.23671497584543238,2.845410628018972,0,31,other_tf_refusals=220,false
IPO_1H_PLUS_4H,EUR/USD,1h,EUR/USD_2025-04-01,supply,2025-03-13T21:00:00Z,1.085245,1.08591,1.08441,1.08531,1.0851600000000001,1.08441,1.0851600000000001,2025-03-14T05:00:00Z,2025-03-14T05:00:00Z,1.0851600000000001,1.08591,1.0836600000000005,0.0007499999999998064,2025-03-14T05:58:00Z,2025-03-14T06:29:00Z,2025-03-14T10:00:00Z,2025-03-14T06:29:00Z,1.0836600000000005,TARGET,2,0.21333333333338841,1.7866666666666116,1M_RESOLVED,,TARGET,false,0.03999999999997632,2.25333333333417,1,31,other_tf_refusals=220,false
IPO_1H_PLUS_4H,EUR/USD,1h,EUR/USD_2025-04-01,supply,2025-03-13T21:00:00Z,1.085245,1.08591,1.08441,1.08531,1.0851600000000001,1.08441,1.0851600000000001,2025-03-14T09:00:00Z,2025-03-14T09:00:00Z,1.0851600000000001,1.08591,1.0836600000000005,0.0007499999999998064,2025-03-14T09:00:00Z,,2025-03-14T10:00:00Z,2025-03-14T10:00:00Z,1.089573,S2_CLOSE_INVALIDATION,-5.884000000001223,0.21333333333338841,-6.097333333334611,HTF_UNAMBIGUOUS,,S2_CLOSE_INVALIDATION,false,8.213333333335378,0.6533333333336373,1,60,other_tf_refusals=220,false
IPO_1H_PLUS_4H,EUR/USD,1h,EUR/USD_2025-04-01,demand,2025-03-18T12:00:00Z,1.0917,1.09242,1.08922,1.0911,1.09242,1.09082,1.09082,2025-03-19T08:00:00Z,2025-03-19T08:00:00Z,1.09082,1.08922,1.0940199999999995,0.0015999999999998238,2025-03-19T08:00:00Z,,2025-03-19T14:00:00Z,2025-03-19T14:00:00Z,1.088405,S2_CLOSE_INVALIDATION,-1.5093750000000625,0.10000000000001102,-1.6093750000000735,HTF_UNAMBIGUOUS,,S2_CLOSE_INVALIDATION,false,1.6562500000000695,0.6125000000001943,6,360,other_tf_refusals=220,false
IPO_1H_PLUS_4H,EUR/USD,1h,EUR/USD_2025-04-01,demand,2025-03-17T07:00:00Z,1.087773,1.08848,1.08684,1.08765,1.08848,1.08766,1.08766,2025-03-19T18:00:00Z,2025-03-19T18:00:00Z,1.08766,1.08684,1.0893000000000002,0.0008200000000000429,2025-03-19T18:00:00Z,2025-03-19T18:04:00Z,2025-03-20T08:00:00Z,2025-03-19T18:04:00Z,1.0893000000000002,TARGET,2,0.195121951219502,1.804878048780498,1M_RESOLVED,,TARGET,false,1.6463414634145022,4.536585365853354,0,4,other_tf_refusals=220,false
IPO_1H_PLUS_4H,EUR/USD,1h,EUR/USD_2025-04-01,supply,2025-03-19T08:00:00Z,1.08927,1.09111,1.08918,1.090728,1.0901450000000001,1.08918,1.0901450000000001,2025-03-19T20:00:00Z,2025-03-19T20:00:00Z,1.0901450000000001,1.09111,1.0882150000000004,0.0009649999999998826,2025-03-19T20:12:00Z,,2025-03-19T23:00:00Z,2025-03-19T23:00:00Z,1.09118,S2_CLOSE_INVALIDATION,-1.0725388601036507,0.16580310880831034,-1.238341968911961,HTF_UNAMBIGUOUS,,S2_CLOSE_INVALIDATION,false,1.3005181347149604,0.6062176165804444,3,168,other_tf_refusals=220,false
IPO_1H_PLUS_4H,EUR/USD,1h,EUR/USD_2025-04-01,supply,2025-03-19T11:00:00Z,1.09001,1.09136,1.08935,1.0909,1.0903550000000002,1.08935,1.0903550000000002,2025-03-20T00:00:00Z,2025-03-20T00:00:00Z,1.0903550000000002,1.09136,1.0883450000000003,0.0010049999999999226,2025-03-20T00:00:00Z,2025-03-20T07:21:00Z,,2025-03-20T07:21:00Z,1.0883450000000003,TARGET,2,0.15920398009951475,1.8407960199004854,HTF_UNAMBIGUOUS,,TARGET,false,1.4179104477610918,3.88557213930405,7,441,other_tf_refusals=220,false
IPO_1H_PLUS_4H,EUR/USD,1h,EUR/USD_2025-04-01,demand,2025-03-14T02:00:00Z,1.08411,1.08436,1.0834,1.084032,1.08436,1.08388,1.08388,2025-03-20T09:00:00Z,2025-03-20T09:00:00Z,1.08388,1.0834,1.08484,0.00048000000000003595,2025-03-20T09:26:00Z,2025-03-20T09:37:00Z,2025-03-20T12:00:00Z,2025-03-20T09:37:00Z,1.08484,TARGET,2,0.3333333333333084,1.6666666666666916,1M_RESOLVED,,TARGET,false,0.16666666666635827,6.291666666666242,0,11,other_tf_refusals=220,false
IPO_1H_PLUS_4H,EUR/USD,1h,EUR/USD_2025-04-01,demand,2025-03-10T08:00:00Z,1.08228,1.08248,1.0805,1.081,1.08248,1.08149,1.08149,2025-03-20T13:00:00Z,2025-03-20T13:00:00Z,1.08149,1.0805,1.0834700000000002,0.0009900000000000464,2025-03-20T13:33:00Z,2025-03-20T14:04:00Z,2025-03-24T13:00:00Z,2025-03-20T14:04:00Z,1.0834700000000002,TARGET,2,0.16161616161615405,1.838383838383846,1M_RESOLVED,,TARGET,false,0.04040404040407892,2.49494949494935,0,31,other_tf_refusals=220,false
IPO_1H_PLUS_4H,EUR/USD,1h,EUR/USD_2025-04-01,demand,2025-03-10T08:00:00Z,1.08228,1.08248,1.0805,1.081,1.08248,1.08149,1.08149,2025-03-21T16:00:00Z,2025-03-21T16:00:00Z,1.08149,1.0805,1.0834700000000002,0.0009900000000000464,2025-03-21T16:00:00Z,2025-03-23T23:54:00Z,2025-03-24T13:00:00Z,2025-03-23T23:54:00Z,1.0834700000000002,TARGET,2,0.16161616161615405,1.838383838383846,1M_RESOLVED,,TARGET,false,1.080808080808158,2.282828282828104,6,3354,other_tf_refusals=220,false
IPO_1H_PLUS_4H,EUR/USD,1h,EUR/USD_2025-04-01,supply,2025-03-20T22:00:00Z,1.08556,1.08595,1.0851,1.085738,1.085525,1.0851,1.085525,2025-03-24T08:00:00Z,2025-03-24T08:00:00Z,1.085525,1.08595,1.0846750000000003,0.0004249999999998977,2025-03-24T08:23:00Z,2025-03-24T08:30:00Z,,2025-03-24T08:30:00Z,1.0846750000000003,TARGET,2,0.37647058823538476,1.6235294117646153,HTF_UNAMBIGUOUS,,TARGET,false,0.8588235294118508,4.247058823530567,0,7,other_tf_refusals=220,false
IPO_1H_PLUS_4H,EUR/USD,1h,EUR/USD_2025-04-01,supply,2025-03-20T22:00:00Z,1.08556,1.08595,1.0851,1.085738,1.085525,1.0851,1.085525,2025-03-24T10:00:00Z,2025-03-24T10:00:00Z,1.085525,1.08595,1.0846750000000003,0.0004249999999998977,2025-03-24T10:38:00Z,2025-03-24T10:49:00Z,,2025-03-24T10:49:00Z,1.0846750000000003,TARGET,2,0.37647058823538476,1.6235294117646153,HTF_UNAMBIGUOUS,,TARGET,false,0.035294117646776084,4.458823529412792,0,11,other_tf_refusals=220,false
IPO_1H_PLUS_4H,EUR/USD,1h,EUR/USD_2025-04-01,demand,2025-03-06T23:00:00Z,1.07916,1.07968,1.07844,1.078747,1.07968,1.0790600000000001,1.0790600000000001,2025-03-24T15:00:00Z,2025-03-24T15:00:00Z,1.0790600000000001,1.07844,1.0803000000000003,0.0006200000000000649,2025-03-24T15:56:00Z,2025-03-24T16:06:00Z,2025-03-26T04:00:00Z,2025-03-24T16:06:00Z,1.0803000000000003,TARGET,2,0.2580645161290053,1.7419354838709946,1M_RESOLVED,,TARGET,false,0.04838709677450547,2.4193548387091575,0,10,other_tf_refusals=220,false
IPO_1H_PLUS_4H,EUR/USD,1h,EUR/USD_2025-04-01,demand,2025-03-06T21:00:00Z,1.07868,1.07909,1.07748,1.07851,1.07909,1.0782850000000002,1.0782850000000002,2025-03-26T05:00:00Z,2025-03-26T05:00:00Z,1.0782850000000002,1.07748,1.0798950000000005,0.0008050000000001667,2025-03-26T05:00:00Z,2025-03-26T08:57:00Z,2025-03-26T17:00:00Z,2025-03-26T08:57:00Z,1.0798950000000005,TARGET,2,0.19875776397511413,1.8012422360248859,1M_RESOLVED,,TARGET,false,0.6397515527952281,2.142857142856394,3,237,other_tf_refusals=220,false
IPO_1H_PLUS_4H,EUR/USD,1h,EUR/USD_2025-04-01,demand,2025-03-06T21:00:00Z,1.07868,1.07909,1.07748,1.07851,1.07909,1.0782850000000002,1.0782850000000002,2025-03-26T12:00:00Z,2025-03-26T12:00:00Z,1.0782850000000002,1.07748,1.0798950000000005,0.0008050000000001667,2025-03-26T12:10:00Z,,2025-03-26T17:00:00Z,2025-03-26T17:00:00Z,1.07568,S2_CLOSE_INVALIDATION,-3.2360248447200632,0.19875776397511413,-3.434782608695177,HTF_UNAMBIGUOUS,,S2_CLOSE_INVALIDATION,false,3.8695652173907527,1.6086956521733613,5,290,other_tf_refusals=220,false
IPO_1H_PLUS_4H,EUR/USD,1h,EUR/USD_2025-04-01,supply,2025-03-26T20:00:00Z,1.075147,1.07572,1.07501,1.075373,1.0753650000000001,1.07501,1.0753650000000001,2025-03-27T00:00:00Z,2025-03-27T00:00:00Z,1.0753650000000001,1.07572,1.0746550000000004,0.0003549999999998832,2025-03-27T00:47:00Z,,2025-03-27T01:00:00Z,2025-03-27T01:00:00Z,1.076538,S2_CLOSE_INVALIDATION,-3.3042253521133933,0.450704225352261,-3.754929577465654,HTF_UNAMBIGUOUS,,TARGET,true,1.2253521126763558,3.676056338029693,0,13,other_tf_refusals=220,false
IPO_1H_PLUS_4H,EUR/USD,1h,EUR/USD_2025-04-01,supply,2025-03-25T21:00:00Z,1.07918,1.08027,1.07888,1.079322,1.0795750000000002,1.07888,1.0795750000000002,2025-03-27T11:00:00Z,2025-03-27T11:00:00Z,1.0795750000000002,1.08027,1.0781850000000004,0.0006949999999998902,2025-03-27T11:07:00Z,2025-03-27T11:42:00Z,2025-03-28T13:00:00Z,2025-03-27T11:42:00Z,1.0781850000000004,TARGET,2,0.2302158273381659,1.7697841726618342,1M_RESOLVED,,TARGET,false,0.6115107913668559,2.482014388489887,0,35,other_tf_refusals=220,false
IPO_1H_PLUS_4H,EUR/USD,1h,EUR/USD_2025-04-01,supply,2025-03-26T14:00:00Z,1.07748,1.07958,1.07729,1.07908,1.078435,1.07729,1.078435,2025-03-27T12:00:00Z,2025-03-27T12:00:00Z,1.078435,1.07958,1.0761450000000001,0.0011449999999999516,2025-03-27T12:00:00Z,,2025-03-27T15:00:00Z,2025-03-27T15:00:00Z,1.07992,S2_CLOSE_INVALIDATION,-1.2969432314410667,0.13973799126638145,-1.4366812227074481,HTF_UNAMBIGUOUS,,S2_CLOSE_INVALIDATION,false,3.253275109170424,0.7205240174673454,3,180,other_tf_refusals=220,false
IPO_1H_PLUS_4H,EUR/USD,1h,EUR/USD_2025-04-01,supply,2025-03-25T21:00:00Z,1.07918,1.08027,1.07888,1.079322,1.0795750000000002,1.07888,1.0795750000000002,2025-03-27T19:00:00Z,2025-03-27T19:00:00Z,1.0795750000000002,1.08027,1.0781850000000004,0.0006949999999998902,2025-03-27T19:11:00Z,2025-03-28T07:56:00Z,2025-03-28T13:00:00Z,2025-03-28T07:56:00Z,1.0781850000000004,TARGET,2,0.2302158273381659,1.7697841726618342,1M_RESOLVED,,TARGET,false,1.1294964028776082,2.0647482014392833,12,765,other_tf_refusals=220,false
IPO_1H_PLUS_4H,EUR/USD,1h,EUR/USD_2025-04-01,supply,2025-03-25T12:00:00Z,1.08183,1.08306,1.08154,1.08254,1.0823,1.08154,1.0823,2025-03-28T15:00:00Z,2025-03-28T15:00:00Z,1.0823,1.08306,1.0807800000000003,0.0007599999999998719,2025-03-28T15:00:00Z,2025-03-30T22:04:00Z,2025-03-31T00:00:00Z,2025-03-30T22:04:00Z,1.0807800000000003,TARGET,2,0.2105263157895092,1.7894736842104908,1M_RESOLVED,,TARGET,false,2.907894736842655,2.486842105263508,7,3304,other_tf_refusals=220,false
IPO_1H_PLUS_4H,EUR/USD,1h,EUR/USD_2025-04-01,demand,2025-03-28T17:00:00Z,1.08218,1.08291,1.08118,1.08197,1.08291,1.082045,1.082045,2025-03-31T08:00:00Z,2025-03-31T08:00:00Z,1.082045,1.08118,1.0837749999999997,0.0008649999999998936,2025-03-31T08:10:00Z,,2025-03-31T12:00:00Z,2025-03-31T12:00:00Z,1.08035,S2_CLOSE_INVALIDATION,-1.9595375722545787,0.1849710982659187,-2.1445086705204974,HTF_UNAMBIGUOUS,,S2_CLOSE_INVALIDATION,false,2.2832369942197466,1.6358381502894106,4,230,other_tf_refusals=220,false
IPO_1H_PLUS_4H,EUR/USD,4h,EUR/USD_2025-04-01,demand,2024-11-25T20:00:00Z,1.05055,1.05099,1.04424,1.044388,1.05099,1.047615,1.047615,2024-12-12T12:00:00Z,2024-12-12T12:00:00Z,1.047615,1.04424,1.0543649999999998,0.003374999999999906,2024-12-12T13:17:00Z,,2024-12-18T16:00:00Z,2024-12-18T16:00:00Z,1.03774,S2_CLOSE_INVALIDATION,-2.925925925925965,0.04740740740740873,-2.973333333333374,HTF_UNAMBIGUOUS,,S2_CLOSE_INVALIDATION,false,3.056296296296338,1.743703703703794,26,8803,other_tf_refusals=52,false
IPO_1H_PLUS_4H,EUR/USD,4h,EUR/USD_2025-04-01,supply,2024-12-30T08:00:00Z,1.042645,1.04527,1.04091,1.044808,1.0430899999999999,1.04091,1.0430899999999999,2025-01-06T08:00:00Z,2025-01-06T08:00:00Z,1.0430899999999999,1.04527,1.0387299999999997,0.0021800000000000708,2025-01-06T11:33:00Z,2025-01-06T14:15:00Z,2025-01-24T04:00:00Z,2025-01-06T14:15:00Z,1.0387299999999997,TARGET,2,0.07339449541284165,1.9266055045871584,1M_RESOLVED,,TARGET,false,0.11009174311937259,4.793577981651151,0,162,other_tf_refusals=52,false
IPO_1H_PLUS_4H,EUR/USD,4h,EUR/USD_2025-04-01,supply,2025-01-09T08:00:00Z,1.029115,1.03181,1.02834,1.030117,1.030075,1.02834,1.030075,2025-01-16T04:00:00Z,2025-01-16T04:00:00Z,1.030075,1.03181,1.0266050000000004,0.00173499999999982,2025-01-16T07:37:00Z,2025-01-16T12:43:00Z,2025-01-20T08:00:00Z,2025-01-16T12:43:00Z,1.0266050000000004,TARGET,2,0.09221902017292023,1.9077809798270797,1M_RESOLVED,,TARGET,false,0.3141210374640197,2.319884726225121,2,306,other_tf_refusals=52,false
IPO_1H_PLUS_4H,EUR/USD,4h,EUR/USD_2025-04-01,supply,2025-01-09T08:00:00Z,1.029115,1.03181,1.02834,1.030117,1.030075,1.02834,1.030075,2025-01-16T20:00:00Z,2025-01-16T20:00:00Z,1.030075,1.03181,1.0266050000000004,0.00173499999999982,2025-01-16T20:00:00Z,2025-01-17T14:21:00Z,2025-01-20T08:00:00Z,2025-01-17T14:21:00Z,1.0266050000000004,TARGET,2,0.09221902017292023,1.9077809798270797,1M_RESOLVED,,TARGET,false,1.743515850144177,2.0605187319887475,4,1101,other_tf_refusals=52,false
IPO_1H_PLUS_4H,EUR/USD,4h,EUR/USD_2025-04-01,supply,2025-01-09T08:00:00Z,1.029115,1.03181,1.02834,1.030117,1.030075,1.02834,1.030075,2025-01-20T00:00:00Z,2025-01-20T00:00:00Z,1.030075,1.03181,1.0266050000000004,0.00173499999999982,2025-01-20T03:31:00Z,,2025-01-20T08:00:00Z,2025-01-20T08:00:00Z,1.0326,S2_CLOSE_INVALIDATION,-1.455331412103833,0.09221902017292023,-1.5475504322767533,HTF_UNAMBIGUOUS,,S2_CLOSE_INVALIDATION,false,1.5014409221903393,1.311239193083725,2,269,other_tf_refusals=52,false
IPO_1H_PLUS_4H,EUR/USD,4h,EUR/USD_2025-04-01,supply,2024-12-30T08:00:00Z,1.042645,1.04527,1.04091,1.044808,1.0430899999999999,1.04091,1.0430899999999999,2025-01-22T12:00:00Z,2025-01-22T12:00:00Z,1.0430899999999999,1.04527,1.0387299999999997,0.0021800000000000708,2025-01-22T12:00:00Z,2025-01-23T15:23:00Z,2025-01-24T04:00:00Z,2025-01-23T15:23:00Z,1.0387299999999997,TARGET,2,0.07339449541284165,1.9266055045871584,1M_RESOLVED,,TARGET,false,0.7018348623854146,2.0229357798163576,6,1643,other_tf_refusals=52,false
IPO_1H_PLUS_4H,EUR/USD,4h,EUR/USD_2025-04-01,supply,2024-12-16T00:00:00Z,1.050943,1.05234,1.05089,1.051192,1.051615,1.05089,1.051615,2025-01-24T16:00:00Z,2025-01-24T16:00:00Z,1.051615,1.05234,1.0501649999999998,0.0007250000000000867,2025-01-24T16:00:00Z,2025-01-24T18:22:00Z,2025-03-04T08:00:00Z,2025-01-24T18:22:00Z,1.0501649999999998,TARGET,2,0.22068965517238742,1.7793103448276126,1M_RESOLVED,,TARGET,false,0.7931034482757564,3.3586206896547224,0,142,other_tf_refusals=52,false
IPO_1H_PLUS_4H,EUR/USD,4h,EUR/USD_2025-04-01,supply,2024-12-16T00:00:00Z,1.050943,1.05234,1.05089,1.051192,1.051615,1.05089,1.051615,2025-01-27T08:00:00Z,2025-01-27T08:00:00Z,1.051615,1.05234,1.0501649999999998,0.0007250000000000867,2025-01-27T11:13:00Z,2025-01-27T15:30:00Z,2025-03-04T08:00:00Z,2025-01-27T15:30:00Z,1.0501649999999998,TARGET,2,0.22068965517238742,1.7793103448276126,1M_RESOLVED,,TARGET,false,0.3379310344827882,8.544827586205807,0,257,other_tf_refusals=52,false
IPO_1H_PLUS_4H,EUR/USD,4h,EUR/USD_2025-04-01,supply,2024-12-10T20:00:00Z,1.05268,1.05323,1.05234,1.053127,1.052785,1.05234,1.052785,2025-01-27T12:00:00Z,2025-01-27T12:00:00Z,1.052785,1.05323,1.051895,0.0004450000000000287,2025-01-27T12:54:00Z,2025-01-27T12:54:00Z,2025-03-04T08:00:00Z,2025-01-27T12:54:00Z,1.051895,TARGET,2,0.35955056179772965,1.6404494382022703,1M_RESOLVED,,TARGET,false,1.2921348314605732,7.674157303370669,0,0,other_tf_refusals=52,false
IPO_1H_PLUS_4H,EUR/USD,4h,EUR/USD_2025-04-01,demand,2025-01-23T04:00:00Z,1.04089,1.04131,1.03899,1.04002,1.04131,1.0401500000000001,1.0401500000000001,2025-01-29T12:00:00Z,2025-01-29T12:00:00Z,1.0401500000000001,1.03899,1.0424700000000002,0.0011600000000000499,2025-01-29T12:00:00Z,2025-01-29T15:44:00Z,2025-01-31T00:00:00Z,2025-01-29T15:44:00Z,1.0424700000000002,TARGET,2,0.1379310344827527,1.8620689655172473,1M_RESOLVED,,TARGET,false,1.672413793103422,2.241379310344676,0,224,other_tf_refusals=52,false
IPO_1H_PLUS_4H,EUR/USD,4h,EUR/USD_2025-04-01,demand,2025-01-23T04:00:00Z,1.04089,1.04131,1.03899,1.04002,1.04131,1.0401500000000001,1.0401500000000001,2025-01-30T12:00:00Z,2025-01-30T12:00:00Z,1.0401500000000001,1.03899,1.0424700000000002,0.0011600000000000499,2025-01-30T12:00:00Z,2025-01-30T13:49:00Z,2025-01-31T00:00:00Z,2025-01-30T13:49:00Z,1.0424700000000002,TARGET,2,0.1379310344827527,1.8620689655172473,1M_RESOLVED,,TARGET,false,0.9827586206897344,5.767241379309978,0,109,other_tf_refusals=52,false
IPO_1H_PLUS_4H,EUR/USD,4h,EUR/USD_2025-04-01,demand,2025-01-14T00:00:00Z,1.026388,1.02644,1.02381,1.02486,1.02644,1.025125,1.025125,2025-02-02T20:00:00Z,2025-02-02T20:00:00Z,1.025125,1.02381,1.027755,0.001314999999999955,2025-02-02T22:31:00Z,,2025-02-03T00:00:00Z,2025-02-03T00:00:00Z,1.022158,S2_CLOSE_INVALIDATION,-2.256273764258757,0.12167300380228553,-2.3779467680610424,HTF_UNAMBIGUOUS,,S2_CLOSE_INVALIDATION,false,3.1673003802282254,1.5551330798478498,1,89,other_tf_refusals=52,false
IPO_1H_PLUS_4H,EUR/USD,4h,EUR/USD_2025-04-01,supply,2025-01-30T12:00:00Z,1.039195,1.04684,1.03901,1.04313,1.0429249999999999,1.03901,1.0429249999999999,2025-02-13T08:00:00Z,2025-02-13T08:00:00Z,1.0429249999999999,1.04684,1.0350949999999997,0.003915000000000113,2025-02-13T10:17:00Z,,2025-02-14T12:00:00Z,2025-02-14T12:00:00Z,1.05085,S2_CLOSE_INVALIDATION,-2.024265644955288,0.04086845466155693,-2.065134099616845,HTF_UNAMBIGUOUS,,S2_CLOSE_INVALIDATION,false,2.1800766283524737,1.4495530012770654,7,1543,other_tf_refusals=52,false
IPO_1H_PLUS_4H,EUR/USD,4h,EUR/USD_2025-04-01,supply,2025-01-24T12:00:00Z,1.04861,1.0521,1.04635,1.05165,1.0492249999999999,1.04635,1.0492249999999999,2025-02-14T20:00:00Z,2025-02-14T20:00:00Z,1.0492249999999999,1.0521,1.0434749999999995,0.002875000000000183,2025-02-14T20:00:00Z,2025-02-19T09:01:00Z,2025-03-04T08:00:00Z,2025-02-19T09:01:00Z,1.0434749999999995,TARGET,2,0.05565217391303994,1.94434782608696,1M_RESOLVED,,TARGET,false,0.5095652173912891,2.561739130434565,16,6541,other_tf_refusals=52,false
IPO_1H_PLUS_4H,EUR/USD,4h,EUR/USD_2025-04-01,supply,2025-02-17T00:00:00Z,1.04888,1.05069,1.04852,1.04946,1.049605,1.04852,1.049605,2025-02-20T16:00:00Z,2025-02-20T16:00:00Z,1.049605,1.05069,1.047435,0.0010850000000000026,2025-02-20T18:15:00Z,2025-02-21T08:15:00Z,2025-02-24T00:00:00Z,2025-02-21T08:15:00Z,1.047435,TARGET,2,0.1474654377880181,1.852534562211982,1M_RESOLVED,,TARGET,false,0.7235023041474966,2.953917050691147,0,840,other_tf_refusals=52,false
IPO_1H_PLUS_4H,EUR/USD,4h,EUR/USD_2025-04-01,supply,2025-01-24T12:00:00Z,1.04861,1.0521,1.04635,1.05165,1.0492249999999999,1.04635,1.0492249999999999,2025-02-21T00:00:00Z,2025-02-21T00:00:00Z,1.0492249999999999,1.0521,1.0434749999999995,0.002875000000000183,2025-02-21T00:00:00Z,2025-02-27T13:53:00Z,2025-03-04T08:00:00Z,2025-02-27T13:53:00Z,1.0434749999999995,TARGET,2,0.05565217391303994,1.94434782608696,1M_RESOLVED,,TARGET,false,1.2921739130434429,2.8852173913041437,28,9473,other_tf_refusals=52,false
IPO_1H_PLUS_4H,EUR/USD,4h,EUR/USD_2025-04-01,demand,2025-02-12T00:00:00Z,1.036377,1.03682,1.03537,1.036185,1.03682,1.036095,1.036095,2025-02-28T16:00:00Z,2025-02-28T16:00:00Z,1.036095,1.03537,1.0375450000000002,0.0007250000000000867,2025-02-28T19:03:00Z,2025-02-28T20:56:00Z,,2025-02-28T20:56:00Z,1.0375450000000002,TARGET,2,0.22068965517238742,1.7793103448276126,HTF_UNAMBIGUOUS,,TARGET,false,0.18620689655169667,7.02758620689581,0,113,other_tf_refusals=52,false
IPO_1H_PLUS_4H,EUR/USD,4h,EUR/USD_2025-04-01,supply,2025-02-28T12:00:00Z,1.03987,1.04205,1.0393,1.040002,1.0406749999999998,1.0393,1.0406749999999998,2025-03-02T20:00:00Z,2025-03-02T20:00:00Z,1.0406749999999998,1.04205,1.0379249999999995,0.0013750000000001261,2025-03-02T22:00:00Z,,2025-03-03T08:00:00Z,2025-03-03T08:00:00Z,1.04527,S2_CLOSE_INVALIDATION,-3.3418181818179673,0.1163636363636257,-3.458181818181593,HTF_UNAMBIGUOUS,,S2_CLOSE_INVALIDATION,false,3.7636363636361287,1.3563636363633544,3,600,other_tf_refusals=52,false
IPO_1H_PLUS_4H,EUR/USD,4h,EUR/USD_2025-04-01,supply,2025-01-24T12:00:00Z,1.04861,1.0521,1.04635,1.05165,1.0492249999999999,1.04635,1.0492249999999999,2025-03-03T12:00:00Z,2025-03-03T12:00:00Z,1.0492249999999999,1.0521,1.0434749999999995,0.002875000000000183,2025-03-03T15:00:00Z,,2025-03-04T08:00:00Z,2025-03-04T08:00:00Z,1.054428,S2_CLOSE_INVALIDATION,-1.8097391304346913,0.05565217391303994,-1.8653913043477313,HTF_UNAMBIGUOUS,,S2_CLOSE_INVALIDATION,false,1.8417391304346826,1.386086956521618,5,1020,other_tf_refusals=52,false
IPO_1H_PLUS_4H,EUR/USD,4h,EUR/USD_2025-04-01,supply,2024-11-13T08:00:00Z,1.060293,1.06386,1.05929,1.063762,1.061575,1.05929,1.061575,2025-03-05T00:00:00Z,2025-03-05T00:00:00Z,1.061575,1.06386,1.0570049999999998,0.0022850000000000925,2025-03-05T00:00:00Z,,2025-03-05T04:00:00Z,2025-03-05T04:00:00Z,1.06746,S2_CLOSE_INVALIDATION,-2.575492341356631,0.07002188183807156,-2.6455142231947026,HTF_UNAMBIGUOUS,,S2_CLOSE_INVALIDATION,false,2.6805251641137464,0.6192560175054209,1,240,other_tf_refusals=52,false
IPO_1H_PLUS_4H,EUR/USD,4h,EUR/USD_2025-04-01,supply,2024-11-11T00:00:00Z,1.071318,1.07283,1.07082,1.071687,1.071825,1.07082,1.071825,2025-03-05T08:00:00Z,2025-03-05T08:00:00Z,1.071825,1.07283,1.0698150000000002,0.0010049999999999226,2025-03-05T09:31:00Z,2025-03-05T10:22:00Z,2025-03-05T12:00:00Z,2025-03-05T10:22:00Z,1.0698150000000002,TARGET,2,0.15920398009951475,1.8407960199004854,1M_RESOLVED,,TARGET,false,0.4228855721392342,5.955223880597602,0,51,other_tf_refusals=52,false
IPO_1H_PLUS_4H,EUR/USD,4h,EUR/USD_2025-04-01,supply,2024-11-07T12:00:00Z,1.07592,1.08256,1.07563,1.081107,1.0790950000000001,1.07563,1.0790950000000001,2025-03-05T20:00:00Z,2025-03-05T20:00:00Z,1.0790950000000001,1.08256,1.0721650000000005,0.0034649999999998293,2025-03-05T20:00:00Z,,2025-03-07T04:00:00Z,2025-03-07T04:00:00Z,1.082993,S2_CLOSE_INVALIDATION,-1.124963924963968,0.04617604617604845,-1.1711399711400166,HTF_UNAMBIGUOUS,,S2_CLOSE_INVALIDATION,false,1.842712842712894,0.7489177489178219,8,1920,other_tf_refusals=52,false
IPO_1H_PLUS_4H,EUR/USD,4h,EUR/USD_2025-04-01,supply,2024-10-11T04:00:00Z,1.09397,1.09458,1.09319,1.09447,1.0938850000000002,1.09319,1.0938850000000002,2025-03-11T16:00:00Z,2025-03-11T16:00:00Z,1.0938850000000002,1.09458,1.0924950000000004,0.0006949999999998902,2025-03-11T18:00:00Z,2025-03-11T19:51:00Z,2025-03-18T16:00:00Z,2025-03-11T19:51:00Z,1.0924950000000004,TARGET,2,0.2302158273381659,1.7697841726618342,1M_RESOLVED,,TARGET,false,1.3021582733810857,3.0719424460439675,0,111,other_tf_refusals=52,false
IPO_1H_PLUS_4H,EUR/USD,4h,EUR/USD_2025-04-01,supply,2024-11-05T20:00:00Z,1.09312,1.09378,1.09118,1.093408,1.0924800000000001,1.09118,1.0924800000000001,2025-03-17T16:00:00Z,2025-03-17T16:00:00Z,1.0924800000000001,1.09378,1.0898800000000004,0.0012999999999998568,2025-03-17T16:35:00Z,2025-03-18T12:37:00Z,2025-03-18T16:00:00Z,2025-03-18T12:37:00Z,1.0898800000000004,TARGET,2,0.12307692307693664,1.8769230769230634,1M_RESOLVED,,TARGET,false,2.3230769230770254,2.507692307692615,5,1202,other_tf_refusals=52,false
IPO_1H_PLUS_4H,EUR/USD,4h,EUR/USD_2025-04-01,supply,2024-10-11T12:00:00Z,1.0931,1.09528,1.09258,1.094137,1.09393,1.09258,1.09393,2025-03-18T20:00:00Z,2025-03-18T20:00:00Z,1.09393,1.09528,1.0912300000000001,0.0013499999999999623,2025-03-18T20:00:00Z,2025-03-19T07:09:00Z,,2025-03-19T07:09:00Z,1.0912300000000001,TARGET,2,0.11851851851852184,1.8814814814814782,HTF_UNAMBIGUOUS,,TARGET,false,0.77037037037034,4.925925925926096,2,669,other_tf_refusals=52,false
IPO_1H_PLUS_4H,EUR/USD,4h,EUR/USD_2025-04-01,demand,2025-03-17T04:00:00Z,1.08835,1.08944,1.08684,1.08765,1.08944,1.08814,1.08814,2025-03-19T12:00:00Z,2025-03-19T12:00:00Z,1.08814,1.08684,1.0907400000000003,0.0013000000000000789,2025-03-19T15:35:00Z,2025-03-19T18:42:00Z,2025-03-20T08:00:00Z,2025-03-19T18:42:00Z,1.0907400000000003,TARGET,2,0.12307692307691562,1.8769230769230845,1M_RESOLVED,,TARGET,false,0.47692307692309793,2.815384615384442,0,187,other_tf_refusals=52,false
IPO_1H_PLUS_4H,EUR/USD,4h,EUR/USD_2025-04-01,demand,2025-03-17T04:00:00Z,1.08835,1.08944,1.08684,1.08765,1.08944,1.08814,1.08814,2025-03-20T04:00:00Z,2025-03-20T04:00:00Z,1.08814,1.08684,1.0907400000000003,0.0013000000000000789,2025-03-20T07:29:00Z,,2025-03-20T08:00:00Z,2025-03-20T08:00:00Z,1.08499,S2_CLOSE_INVALIDATION,-2.4230769230769362,0.12307692307691562,-2.5461538461538518,HTF_UNAMBIGUOUS,,TARGET,true,1.3000000000000682,2.269230769230467,0,31,other_tf_refusals=52,false
IPO_1H_PLUS_4H,EUR/USD,4h,EUR/USD_2025-04-01,demand,2025-03-10T04:00:00Z,1.08317,1.08452,1.08105,1.0823,1.08452,1.0827849999999999,1.0827849999999999,2025-03-21T08:00:00Z,2025-03-21T08:00:00Z,1.0827849999999999,1.08105,1.0862549999999995,0.00173499999999982,2025-03-21T08:19:00Z,,2025-03-21T12:00:00Z,2025-03-21T12:00:00Z,1.08068,S2_CLOSE_INVALIDATION,-1.2132564841498674,0.09221902017292023,-1.3054755043227877,HTF_UNAMBIGUOUS,,S2_CLOSE_INVALIDATION,false,1.8299711815563442,1.9567723342941723,1,221,other_tf_refusals=52,false
IPO_1H_PLUS_4H,EUR/USD,4h,EUR/USD_2025-04-01,demand,2025-03-06T00:00:00Z,1.079417,1.08206,1.07869,1.079012,1.08206,1.080375,1.080375,2025-03-24T12:00:00Z,2025-03-24T12:00:00Z,1.080375,1.07869,1.0837450000000004,0.0016850000000001586,2025-03-24T13:51:00Z,,2025-03-26T00:00:00Z,2025-03-26T00:00:00Z,1.07861,S2_CLOSE_INVALIDATION,-1.047477744807033,0.09495548961423439,-1.1424332344212673,HTF_UNAMBIGUOUS,,S2_CLOSE_INVALIDATION,false,1.6053412462907566,1.8486646884271132,9,2049,other_tf_refusals=52,false
IPO_1H_PLUS_4H,EUR/USD,4h,EUR/USD_2025-04-01,supply,2025-03-26T08:00:00Z,1.07864,1.08031,1.07851,1.07925,1.0794100000000002,1.07851,1.0794100000000002,2025-03-27T12:00:00Z,2025-03-27T12:00:00Z,1.0794100000000002,1.08031,1.0776100000000004,0.0008999999999999009,2025-03-27T12:14:00Z,2025-03-27T13:55:00Z,2025-03-28T12:00:00Z,2025-03-27T13:55:00Z,1.0776100000000004,TARGET,2,0.17777777777779738,1.8222222222222026,1M_RESOLVED,,TARGET,false,3.055555555555679,2.0000000000004934,0,101,other_tf_refusals=52,false
IPO_1H_PLUS_4H,EUR/USD,4h,EUR/USD_2025-04-01,supply,2025-03-26T08:00:00Z,1.07864,1.08031,1.07851,1.07925,1.0794100000000002,1.07851,1.0794100000000002,2025-03-28T04:00:00Z,2025-03-28T04:00:00Z,1.0794100000000002,1.08031,1.0776100000000004,0.0008999999999999009,2025-03-28T07:19:00Z,2025-03-28T08:30:00Z,2025-03-28T12:00:00Z,2025-03-28T08:30:00Z,1.0776100000000004,TARGET,2,0.17777777777779738,1.8222222222222026,1M_RESOLVED,,TARGET,false,0.6888888888887902,3.3111111111117033,1,71,other_tf_refusals=52,false
IPO_1H_PLUS_4H,EUR/USD,1h,EUR/USD_2025-07-01,demand,2025-03-11T10:00:00Z,1.0909,1.09092,1.0882,1.08908,1.09092,1.08956,1.08956,2025-03-12T06:00:00Z,2025-03-12T06:00:00Z,1.08956,1.0882,1.0922800000000001,0.0013600000000000279,2025-03-12T06:53:00Z,2025-03-12T09:00:00Z,2025-03-12T12:00:00Z,2025-03-12T09:00:00Z,1.0922800000000001,TARGET,2,0.11764705882352701,1.882352941176473,1M_RESOLVED,,TARGET,false,0.6176470588236447,2.3014705882351403,3,127,other_tf_refusals=136,false
IPO_1H_PLUS_4H,EUR/USD,1h,EUR/USD_2025-07-01,demand,2025-03-12T12:00:00Z,1.09009,1.09354,1.08758,1.08778,1.09354,1.09056,1.09056,2025-03-12T16:00:00Z,2025-03-12T16:00:00Z,1.09056,1.08758,1.09652,0.0029799999999999827,2025-03-12T16:59:00Z,,2025-03-13T06:00:00Z,2025-03-13T06:00:00Z,1.087427,S2_CLOSE_INVALIDATION,-1.0513422818792184,0.05369127516778555,-1.105033557047004,HTF_UNAMBIGUOUS,,S2_CLOSE_INVALIDATION,false,1.2281879194630934,0.7617449664429555,14,781,other_tf_refusals=136,false
IPO_1H_PLUS_4H,EUR/USD,1h,EUR/USD_2025-07-01,demand,2025-03-11T05:00:00Z,1.085447,1.08561,1.08354,1.08384,1.08561,1.084575,1.084575,2025-03-13T11:00:00Z,2025-03-13T11:00:00Z,1.084575,1.08354,1.0866450000000003,0.0010350000000001192,2025-03-13T11:59:00Z,2025-03-13T12:30:00Z,2025-03-13T12:00:00Z,2025-03-13T12:30:00Z,1.0866450000000003,TARGET,2,0.15458937198065853,1.8454106280193414,1M_RESOLVED,,TARGET,false,0.23671497584543238,2.845410628018972,0,31,other_tf_refusals=136,false
IPO_1H_PLUS_4H,EUR/USD,1h,EUR/USD_2025-07-01,supply,2025-03-13T21:00:00Z,1.085245,1.08591,1.08441,1.08531,1.0851600000000001,1.08441,1.0851600000000001,2025-03-14T05:00:00Z,2025-03-14T05:00:00Z,1.0851600000000001,1.08591,1.0836600000000005,0.0007499999999998064,2025-03-14T05:58:00Z,2025-03-14T06:29:00Z,2025-03-14T10:00:00Z,2025-03-14T06:29:00Z,1.0836600000000005,TARGET,2,0.21333333333338841,1.7866666666666116,1M_RESOLVED,,TARGET,false,0.03999999999997632,2.25333333333417,1,31,other_tf_refusals=136,false
IPO_1H_PLUS_4H,EUR/USD,1h,EUR/USD_2025-07-01,supply,2025-03-13T21:00:00Z,1.085245,1.08591,1.08441,1.08531,1.0851600000000001,1.08441,1.0851600000000001,2025-03-14T09:00:00Z,2025-03-14T09:00:00Z,1.0851600000000001,1.08591,1.0836600000000005,0.0007499999999998064,2025-03-14T09:00:00Z,,2025-03-14T10:00:00Z,2025-03-14T10:00:00Z,1.089573,S2_CLOSE_INVALIDATION,-5.884000000001223,0.21333333333338841,-6.097333333334611,HTF_UNAMBIGUOUS,,S2_CLOSE_INVALIDATION,false,8.213333333335378,0.6533333333336373,1,60,other_tf_refusals=136,false
IPO_1H_PLUS_4H,EUR/USD,1h,EUR/USD_2025-07-01,demand,2025-03-17T12:00:00Z,1.09023,1.09115,1.08866,1.09018,1.09115,1.089905,1.089905,2025-03-18T12:00:00Z,2025-03-18T12:00:00Z,1.089905,1.08866,1.0923949999999998,0.0012449999999999406,2025-03-18T12:37:00Z,2025-03-18T15:00:00Z,2025-03-19T14:00:00Z,2025-03-18T15:00:00Z,1.0923949999999998,TARGET,2,0.12851405622490575,1.8714859437750944,1M_RESOLVED,,TARGET,false,0.5502008032127368,2.020080321285273,0,143,other_tf_refusals=136,false
IPO_1H_PLUS_4H,EUR/USD,1h,EUR/USD_2025-07-01,demand,2025-03-18T02:00:00Z,1.09136,1.09166,1.09077,1.09088,1.09166,1.091215,1.091215,2025-03-18T13:00:00Z,2025-03-18T13:00:00Z,1.091215,1.09077,1.092105,0.0004450000000000287,2025-03-18T13:00:00Z,2025-03-18T13:21:00Z,2025-03-19T07:00:00Z,2025-03-18T13:21:00Z,1.092105,TARGET,2,0.35955056179772965,1.6404494382022703,1M_RESOLVED,,TARGET,false,2.460674157303365,2.033707865168259,0,21,other_tf_refusals=136,false
IPO_1H_PLUS_4H,EUR/USD,1h,EUR/USD_2025-07-01,demand,2025-03-18T02:00:00Z,1.09136,1.09166,1.09077,1.09088,1.09166,1.091215,1.091215,2025-03-18T15:00:00Z,2025-03-18T15:00:00Z,1.091215,1.09077,1.092105,0.0004450000000000287,2025-03-18T15:00:00Z,2025-03-18T15:00:00Z,2025-03-19T07:00:00Z,2025-03-18T15:00:00Z,1.092105,TARGET,2,0.35955056179772965,1.6404494382022703,1M_RESOLVED,,TARGET,false,3.539325842696635,5.044943820224511,0,0,other_tf_refusals=136,false
IPO_1H_PLUS_4H,EUR/USD,1h,EUR/USD_2025-07-01,demand,2025-03-18T12:00:00Z,1.0917,1.09242,1.08922,1.0911,1.09242,1.09082,1.09082,2025-03-19T08:00:00Z,2025-03-19T08:00:00Z,1.09082,1.08922,1.0940199999999995,0.0015999999999998238,2025-03-19T08:00:00Z,,2025-03-19T14:00:00Z,2025-03-19T14:00:00Z,1.088405,S2_CLOSE_INVALIDATION,-1.5093750000000625,0.10000000000001102,-1.6093750000000735,HTF_UNAMBIGUOUS,,S2_CLOSE_INVALIDATION,false,1.6562500000000695,0.6125000000001943,6,360,other_tf_refusals=136,false
IPO_1H_PLUS_4H,EUR/USD,1h,EUR/USD_2025-07-01,demand,2025-03-17T07:00:00Z,1.087773,1.08848,1.08684,1.08765,1.08848,1.08766,1.08766,2025-03-19T18:00:00Z,2025-03-19T18:00:00Z,1.08766,1.08684,1.0893000000000002,0.0008200000000000429,2025-03-19T18:00:00Z,2025-03-19T18:04:00Z,2025-03-20T08:00:00Z,2025-03-19T18:04:00Z,1.0893000000000002,TARGET,2,0.195121951219502,1.804878048780498,1M_RESOLVED,,TARGET,false,1.6463414634145022,4.536585365853354,0,4,other_tf_refusals=136,false
IPO_1H_PLUS_4H,EUR/USD,1h,EUR/USD_2025-07-01,supply,2025-03-19T08:00:00Z,1.08927,1.09111,1.08918,1.090728,1.0901450000000001,1.08918,1.0901450000000001,2025-03-19T20:00:00Z,2025-03-19T20:00:00Z,1.0901450000000001,1.09111,1.0882150000000004,0.0009649999999998826,2025-03-19T20:12:00Z,,2025-03-19T23:00:00Z,2025-03-19T23:00:00Z,1.09118,S2_CLOSE_INVALIDATION,-1.0725388601036507,0.16580310880831034,-1.238341968911961,HTF_UNAMBIGUOUS,,S2_CLOSE_INVALIDATION,false,1.3005181347149604,0.6062176165804444,3,168,other_tf_refusals=136,false
IPO_1H_PLUS_4H,EUR/USD,1h,EUR/USD_2025-07-01,supply,2025-03-19T11:00:00Z,1.09001,1.09136,1.08935,1.0909,1.0903550000000002,1.08935,1.0903550000000002,2025-03-20T00:00:00Z,2025-03-20T00:00:00Z,1.0903550000000002,1.09136,1.0883450000000003,0.0010049999999999226,2025-03-20T00:00:00Z,2025-03-20T07:21:00Z,2025-04-03T01:00:00Z,2025-03-20T07:21:00Z,1.0883450000000003,TARGET,2,0.15920398009951475,1.8407960199004854,1M_RESOLVED,,TARGET,false,1.4179104477610918,3.88557213930405,7,441,other_tf_refusals=136,false
IPO_1H_PLUS_4H,EUR/USD,1h,EUR/USD_2025-07-01,demand,2025-03-14T02:00:00Z,1.08411,1.08436,1.0834,1.084032,1.08436,1.08388,1.08388,2025-03-20T09:00:00Z,2025-03-20T09:00:00Z,1.08388,1.0834,1.08484,0.00048000000000003595,2025-03-20T09:26:00Z,2025-03-20T09:37:00Z,2025-03-20T12:00:00Z,2025-03-20T09:37:00Z,1.08484,TARGET,2,0.3333333333333084,1.6666666666666916,1M_RESOLVED,,TARGET,false,0.16666666666635827,6.291666666666242,0,11,other_tf_refusals=136,false
IPO_1H_PLUS_4H,EUR/USD,1h,EUR/USD_2025-07-01,demand,2025-03-10T08:00:00Z,1.08228,1.08248,1.0805,1.081,1.08248,1.08149,1.08149,2025-03-20T13:00:00Z,2025-03-20T13:00:00Z,1.08149,1.0805,1.0834700000000002,0.0009900000000000464,2025-03-20T13:33:00Z,2025-03-20T14:04:00Z,2025-03-24T13:00:00Z,2025-03-20T14:04:00Z,1.0834700000000002,TARGET,2,0.16161616161615405,1.838383838383846,1M_RESOLVED,,TARGET,false,0.04040404040407892,2.49494949494935,0,31,other_tf_refusals=136,false
IPO_1H_PLUS_4H,EUR/USD,1h,EUR/USD_2025-07-01,demand,2025-03-10T08:00:00Z,1.08228,1.08248,1.0805,1.081,1.08248,1.08149,1.08149,2025-03-21T16:00:00Z,2025-03-21T16:00:00Z,1.08149,1.0805,1.0834700000000002,0.0009900000000000464,2025-03-21T16:00:00Z,2025-03-23T23:54:00Z,2025-03-24T13:00:00Z,2025-03-23T23:54:00Z,1.0834700000000002,TARGET,2,0.16161616161615405,1.838383838383846,1M_RESOLVED,,TARGET,false,1.080808080808158,2.282828282828104,6,3354,other_tf_refusals=136,false
IPO_1H_PLUS_4H,EUR/USD,1h,EUR/USD_2025-07-01,supply,2025-03-20T22:00:00Z,1.08556,1.08595,1.0851,1.085738,1.085525,1.0851,1.085525,2025-03-24T08:00:00Z,2025-03-24T08:00:00Z,1.085525,1.08595,1.0846750000000003,0.0004249999999998977,2025-03-24T08:23:00Z,2025-03-24T08:30:00Z,2025-04-02T14:00:00Z,2025-03-24T08:30:00Z,1.0846750000000003,TARGET,2,0.37647058823538476,1.6235294117646153,1M_RESOLVED,,TARGET,false,0.8588235294118508,4.247058823530567,0,7,other_tf_refusals=136,false
IPO_1H_PLUS_4H,EUR/USD,1h,EUR/USD_2025-07-01,supply,2025-03-20T22:00:00Z,1.08556,1.08595,1.0851,1.085738,1.085525,1.0851,1.085525,2025-03-24T10:00:00Z,2025-03-24T10:00:00Z,1.085525,1.08595,1.0846750000000003,0.0004249999999998977,2025-03-24T10:38:00Z,2025-03-24T10:49:00Z,2025-04-02T14:00:00Z,2025-03-24T10:49:00Z,1.0846750000000003,TARGET,2,0.37647058823538476,1.6235294117646153,1M_RESOLVED,,TARGET,false,0.035294117646776084,4.458823529412792,0,11,other_tf_refusals=136,false
IPO_1H_PLUS_4H,EUR/USD,1h,EUR/USD_2025-07-01,demand,2025-03-06T23:00:00Z,1.07916,1.07968,1.07844,1.078747,1.07968,1.0790600000000001,1.0790600000000001,2025-03-24T15:00:00Z,2025-03-24T15:00:00Z,1.0790600000000001,1.07844,1.0803000000000003,0.0006200000000000649,2025-03-24T15:56:00Z,2025-03-24T16:06:00Z,2025-03-26T04:00:00Z,2025-03-24T16:06:00Z,1.0803000000000003,TARGET,2,0.2580645161290053,1.7419354838709946,1M_RESOLVED,,TARGET,false,0.04838709677450547,2.4193548387091575,0,10,other_tf_refusals=136,false
IPO_1H_PLUS_4H,EUR/USD,1h,EUR/USD_2025-07-01,demand,2025-03-06T21:00:00Z,1.07868,1.07909,1.07748,1.07851,1.07909,1.0782850000000002,1.0782850000000002,2025-03-26T05:00:00Z,2025-03-26T05:00:00Z,1.0782850000000002,1.07748,1.0798950000000005,0.0008050000000001667,2025-03-26T05:00:00Z,2025-03-26T08:57:00Z,2025-03-26T17:00:00Z,2025-03-26T08:57:00Z,1.0798950000000005,TARGET,2,0.19875776397511413,1.8012422360248859,1M_RESOLVED,,TARGET,false,0.6397515527952281,2.142857142856394,3,237,other_tf_refusals=136,false
IPO_1H_PLUS_4H,EUR/USD,1h,EUR/USD_2025-07-01,demand,2025-03-06T21:00:00Z,1.07868,1.07909,1.07748,1.07851,1.07909,1.0782850000000002,1.0782850000000002,2025-03-26T12:00:00Z,2025-03-26T12:00:00Z,1.0782850000000002,1.07748,1.0798950000000005,0.0008050000000001667,2025-03-26T12:10:00Z,,2025-03-26T17:00:00Z,2025-03-26T17:00:00Z,1.07568,S2_CLOSE_INVALIDATION,-3.2360248447200632,0.19875776397511413,-3.434782608695177,HTF_UNAMBIGUOUS,,S2_CLOSE_INVALIDATION,false,3.8695652173907527,1.6086956521733613,5,290,other_tf_refusals=136,false
IPO_1H_PLUS_4H,EUR/USD,1h,EUR/USD_2025-07-01,supply,2025-03-26T20:00:00Z,1.075147,1.07572,1.07501,1.075373,1.0753650000000001,1.07501,1.0753650000000001,2025-03-27T00:00:00Z,2025-03-27T00:00:00Z,1.0753650000000001,1.07572,1.0746550000000004,0.0003549999999998832,2025-03-27T00:47:00Z,,2025-03-27T01:00:00Z,2025-03-27T01:00:00Z,1.076538,S2_CLOSE_INVALIDATION,-3.3042253521133933,0.450704225352261,-3.754929577465654,HTF_UNAMBIGUOUS,,TARGET,true,1.2253521126763558,3.676056338029693,0,13,other_tf_refusals=136,false
IPO_1H_PLUS_4H,EUR/USD,1h,EUR/USD_2025-07-01,supply,2025-03-25T21:00:00Z,1.07918,1.08027,1.07888,1.079322,1.0795750000000002,1.07888,1.0795750000000002,2025-03-27T11:00:00Z,2025-03-27T11:00:00Z,1.0795750000000002,1.08027,1.0781850000000004,0.0006949999999998902,2025-03-27T11:07:00Z,2025-03-27T11:42:00Z,2025-03-28T13:00:00Z,2025-03-27T11:42:00Z,1.0781850000000004,TARGET,2,0.2302158273381659,1.7697841726618342,1M_RESOLVED,,TARGET,false,0.6115107913668559,2.482014388489887,0,35,other_tf_refusals=136,false
IPO_1H_PLUS_4H,EUR/USD,1h,EUR/USD_2025-07-01,supply,2025-03-26T14:00:00Z,1.07748,1.07958,1.07729,1.07908,1.078435,1.07729,1.078435,2025-03-27T12:00:00Z,2025-03-27T12:00:00Z,1.078435,1.07958,1.0761450000000001,0.0011449999999999516,2025-03-27T12:00:00Z,,2025-03-27T15:00:00Z,2025-03-27T15:00:00Z,1.07992,S2_CLOSE_INVALIDATION,-1.2969432314410667,0.13973799126638145,-1.4366812227074481,HTF_UNAMBIGUOUS,,S2_CLOSE_INVALIDATION,false,3.253275109170424,0.7205240174673454,3,180,other_tf_refusals=136,false
IPO_1H_PLUS_4H,EUR/USD,1h,EUR/USD_2025-07-01,supply,2025-03-25T21:00:00Z,1.07918,1.08027,1.07888,1.079322,1.0795750000000002,1.07888,1.0795750000000002,2025-03-27T19:00:00Z,2025-03-27T19:00:00Z,1.0795750000000002,1.08027,1.0781850000000004,0.0006949999999998902,2025-03-27T19:11:00Z,2025-03-28T07:56:00Z,2025-03-28T13:00:00Z,2025-03-28T07:56:00Z,1.0781850000000004,TARGET,2,0.2302158273381659,1.7697841726618342,1M_RESOLVED,,TARGET,false,1.1294964028776082,2.0647482014392833,12,765,other_tf_refusals=136,false
IPO_1H_PLUS_4H,EUR/USD,1h,EUR/USD_2025-07-01,supply,2025-03-25T12:00:00Z,1.08183,1.08306,1.08154,1.08254,1.0823,1.08154,1.0823,2025-03-28T15:00:00Z,2025-03-28T15:00:00Z,1.0823,1.08306,1.0807800000000003,0.0007599999999998719,2025-03-28T15:00:00Z,2025-03-30T22:04:00Z,2025-03-31T00:00:00Z,2025-03-30T22:04:00Z,1.0807800000000003,TARGET,2,0.2105263157895092,1.7894736842104908,1M_RESOLVED,,TARGET,false,2.907894736842655,2.486842105263508,7,3304,other_tf_refusals=136,false
IPO_1H_PLUS_4H,EUR/USD,1h,EUR/USD_2025-07-01,demand,2025-03-28T17:00:00Z,1.08218,1.08291,1.08118,1.08197,1.08291,1.082045,1.082045,2025-03-31T08:00:00Z,2025-03-31T08:00:00Z,1.082045,1.08118,1.0837749999999997,0.0008649999999998936,2025-03-31T08:10:00Z,,2025-03-31T12:00:00Z,2025-03-31T12:00:00Z,1.08035,S2_CLOSE_INVALIDATION,-1.9595375722545787,0.1849710982659187,-2.1445086705204974,HTF_UNAMBIGUOUS,,S2_CLOSE_INVALIDATION,false,2.2832369942197466,1.6358381502894106,4,230,other_tf_refusals=136,false
IPO_1H_PLUS_4H,EUR/USD,1h,EUR/USD_2025-07-01,supply,2025-04-01T03:00:00Z,1.0824,1.08285,1.08211,1.08269,1.0824799999999999,1.08211,1.0824799999999999,2025-04-01T09:00:00Z,2025-04-01T09:00:00Z,1.0824799999999999,1.08285,1.0817399999999995,0.0003700000000002035,2025-04-01T09:04:00Z,2025-04-01T09:17:00Z,2025-04-02T13:00:00Z,2025-04-01T09:17:00Z,1.0817399999999995,TARGET,2,0.43243243243219465,1.5675675675678054,1M_RESOLVED,,TARGET,false,1.297297297296681,2.8648648648628536,0,13,other_tf_refusals=136,false
IPO_1H_PLUS_4H,EUR/USD,1h,EUR/USD_2025-07-01,supply,2025-04-01T22:00:00Z,1.079435,1.08088,1.07902,1.079855,1.0799500000000002,1.07902,1.0799500000000002,2025-04-02T09:00:00Z,2025-04-02T09:00:00Z,1.0799500000000002,1.08088,1.0780900000000004,0.0009299999999998754,2025-04-02T09:00:00Z,,2025-04-02T12:00:00Z,2025-04-02T12:00:00Z,1.082134,S2_CLOSE_INVALIDATION,-2.3483870967742306,0.17204301075271125,-2.5204301075269417,HTF_UNAMBIGUOUS,,S2_CLOSE_INVALIDATION,false,2.4741935483873063,0.9161290322585066,3,180,other_tf_refusals=136,false
IPO_1H_PLUS_4H,EUR/USD,1h,EUR/USD_2025-07-01,supply,2025-03-19T11:00:00Z,1.09001,1.09136,1.08935,1.0909,1.0903550000000002,1.08935,1.0903550000000002,2025-04-02T20:00:00Z,2025-04-02T20:00:00Z,1.0903550000000002,1.09136,1.0883450000000003,0.0010049999999999226,2025-04-02T20:17:00Z,2025-04-02T20:25:00Z,2025-04-03T01:00:00Z,2025-04-02T20:25:00Z,1.0883450000000003,TARGET,2,0.15920398009951475,1.8407960199004854,1M_RESOLVED,,TARGET,false,1.1044776119401072,8.762189054727134,0,8,other_tf_refusals=136,false
IPO_1H_PLUS_4H,EUR/USD,1h,EUR/USD_2025-07-01,supply,2025-03-19T11:00:00Z,1.09001,1.09136,1.08935,1.0909,1.0903550000000002,1.08935,1.0903550000000002,2025-04-02T23:00:00Z,2025-04-02T23:00:00Z,1.0903550000000002,1.09136,1.0883450000000003,0.0010049999999999226,2025-04-02T23:42:00Z,,2025-04-03T01:00:00Z,2025-04-03T01:00:00Z,1.091822,S2_CLOSE_INVALIDATION,-1.4597014925373115,0.15920398009951475,-1.6189054726368264,HTF_UNAMBIGUOUS,,TARGET,true,0.9860696517411128,6.078606965174739,0,78,other_tf_refusals=136,false
IPO_1H_PLUS_4H,EUR/USD,1h,EUR/USD_2025-07-01,supply,2025-03-18T08:00:00Z,1.093507,1.0955,1.09324,1.09518,1.09437,1.09324,1.09437,2025-04-03T05:00:00Z,2025-04-03T05:00:00Z,1.09437,1.0955,1.0921100000000004,0.0011299999999998533,2025-04-03T05:29:00Z,,2025-04-03T06:00:00Z,2025-04-03T06:00:00Z,1.099264,S2_CLOSE_INVALIDATION,-4.330973451327955,0.1415929203540007,-4.472566371681955,HTF_UNAMBIGUOUS,,TARGET,true,0.9203539823009423,2.992920353982686,0,31,other_tf_refusals=136,false
IPO_1H_PLUS_4H,EUR/USD,1h,EUR/USD_2025-07-01,demand,2025-04-03T23:00:00Z,1.10668,1.10668,1.10461,1.10473,1.10668,1.105645,1.105645,2025-04-04T06:00:00Z,2025-04-04T06:00:00Z,1.105645,1.10461,1.1077149999999998,0.0010349999999998971,2025-04-04T06:59:00Z,,2025-04-04T07:00:00Z,2025-04-04T07:00:00Z,1.10023,S2_CLOSE_INVALIDATION,-5.231884057971484,0.1545893719806917,-5.386473429952176,HTF_UNAMBIGUOUS,,TARGET,true,0.29468599033819326,3.1352657004833477,0,1,other_tf_refusals=136,false
IPO_1H_PLUS_4H,EUR/USD,1h,EUR/USD_2025-07-01,demand,2025-04-03T07:00:00Z,1.099022,1.099384,1.09505,1.097213,1.099384,1.097217,1.097217,2025-04-04T14:00:00Z,2025-04-04T14:00:00Z,1.097217,1.09505,1.1015510000000002,0.00216700000000003,2025-04-04T14:47:00Z,2025-04-04T15:59:00Z,2025-04-04T18:00:00Z,2025-04-04T15:59:00Z,1.1015510000000002,TARGET,2,0.07383479464697637,1.9261652053530236,1M_RESOLVED,,TARGET,false,0.3350253807106573,2.119520073834695,1,72,other_tf_refusals=136,false
IPO_1H_PLUS_4H,EUR/USD,1h,EUR/USD_2025-07-01,demand,2025-04-03T07:00:00Z,1.099022,1.099384,1.09505,1.097213,1.099384,1.097217,1.097217,2025-04-04T16:00:00Z,2025-04-04T16:00:00Z,1.097217,1.09505,1.1015510000000002,0.00216700000000003,2025-04-04T16:44:00Z,,2025-04-04T18:00:00Z,2025-04-04T18:00:00Z,1.094451,S2_CLOSE_INVALIDATION,-1.2764190124596253,0.07383479464697637,-1.3502538071066017,HTF_UNAMBIGUOUS,,TARGET,true,0.2796492847254721,2.1748961698199825,0,76,other_tf_refusals=136,false
IPO_1H_PLUS_4H,EUR/USD,1h,EUR/USD_2025-07-01,demand,2025-04-07T02:00:00Z,1.096611,1.096611,1.092538,1.093733,1.096611,1.0945745,1.0945745,2025-04-07T11:00:00Z,2025-04-07T11:00:00Z,1.0945745,1.092538,1.0986475,0.0020364999999999966,2025-04-07T11:22:00Z,2025-04-07T12:50:00Z,2025-04-07T15:00:00Z,2025-04-07T12:50:00Z,1.0986475,TARGET,2,0.0785661674441445,1.9214338325558555,1M_RESOLVED,,TARGET,false,0.29585072428188675,2.1244782715442705,1,88,other_tf_refusals=136,false
IPO_1H_PLUS_4H,EUR/USD,1h,EUR/USD_2025-07-01,demand,2025-04-07T02:00:00Z,1.096611,1.096611,1.092538,1.093733,1.096611,1.0945745,1.0945745,2025-04-07T13:00:00Z,2025-04-07T13:00:00Z,1.0945745,1.092538,1.0986475,0.0020364999999999966,2025-04-07T13:50:00Z,,2025-04-07T15:00:00Z,2025-04-07T15:00:00Z,1.091703,S2_CLOSE_INVALIDATION,-1.4100171863490893,0.0785661674441445,-1.4885833537932338,HTF_UNAMBIGUOUS,,S2_CLOSE_INVALIDATION,false,1.9364105082249479,1.5912104100171789,2,70,other_tf_refusals=136,false
IPO_1H_PLUS_4H,EUR/USD,1h,EUR/USD_2025-07-01,demand,2025-04-07T15:00:00Z,1.092061,1.093853,1.090631,1.091703,1.093853,1.092242,1.092242,2025-04-08T09:00:00Z,2025-04-08T09:00:00Z,1.092242,1.090631,1.095464,0.001611000000000029,2025-04-08T09:12:00Z,2025-04-08T12:14:00Z,,2025-04-08T12:14:00Z,1.095464,TARGET,2,0.09931719428925954,1.9006828057107406,HTF_UNAMBIGUOUS,,TARGET,false,0.4823091247672338,3.0111731843575873,3,182,other_tf_refusals=136,false
IPO_1H_PLUS_4H,EUR/USD,1h,EUR/USD_2025-07-01,demand,2025-04-03T00:00:00Z,1.090394,1.090988,1.088376,1.089325,1.090988,1.089682,1.089682,2025-04-08T14:00:00Z,2025-04-08T14:00:00Z,1.089682,1.088376,1.092294,0.0013060000000000294,2025-04-08T14:35:00Z,2025-04-08T16:41:00Z,,2025-04-08T16:41:00Z,1.092294,TARGET,2,0.12251148545175836,1.8774885145482416,HTF_UNAMBIGUOUS,,TARGET,false,0.09188361408891066,3.1018376722817274,0,126,other_tf_refusals=136,false
IPO_1H_PLUS_4H,EUR/USD,1h,EUR/USD_2025-07-01,supply,2025-04-08T12:00:00Z,1.094092,1.097093,1.094092,1.09505,1.0955925,1.094092,1.0955925,2025-04-08T19:00:00Z,2025-04-08T19:00:00Z,1.0955925,1.097093,1.0925914999999997,0.0015005000000001267,2025-04-08T19:00:00Z,,2025-04-08T23:00:00Z,2025-04-08T23:00:00Z,1.097936,S2_CLOSE_INVALIDATION,-1.5618127290902073,0.10663112295900466,-1.668443852049212,HTF_UNAMBIGUOUS,,S2_CLOSE_INVALIDATION,false,2.1242919026990013,0.84071976007992,4,240,other_tf_refusals=136,false
IPO_1H_PLUS_4H,EUR/USD,1h,EUR/USD_2025-07-01,supply,2025-04-09T06:00:00Z,1.10644,1.10914,1.10473,1.10779,1.106935,1.10473,1.106935,2025-04-10T10:00:00Z,2025-04-10T10:00:00Z,1.106935,1.10914,1.102525,0.0022050000000000125,2025-04-10T10:02:00Z,,2025-04-10T12:00:00Z,2025-04-10T12:00:00Z,1.11025,S2_CLOSE_INVALIDATION,-1.5034013605441896,0.07256235827664359,-1.5759637188208333,HTF_UNAMBIGUOUS,,S2_CLOSE_INVALIDATION,false,2.9047619047618856,0.44671201814059325,2,118,other_tf_refusals=136,false
IPO_1H_PLUS_4H,EUR/USD,1h,EUR/USD_2025-07-01,demand,2025-04-11T05:00:00Z,1.13225,1.13225,1.12752,1.12867,1.13225,1.129885,1.129885,2025-04-11T17:00:00Z,2025-04-11T17:00:00Z,1.129885,1.12752,1.134615,0.0023649999999999505,2025-04-11T17:57:00Z,2025-04-11T20:05:00Z,2025-05-08T15:00:00Z,2025-04-11T20:05:00Z,1.134615,TARGET,2,0.06765327695560396,1.932346723044396,1M_RESOLVED,,TARGET,false,0.45877378435519045,2.8477801268499268,3,128,other_tf_refusals=136,false
IPO_1H_PLUS_4H,EUR/USD,1h,EUR/USD_2025-07-01,demand,2025-04-14T13:00:00Z,1.13417,1.13417,1.13007,1.13314,1.13417,1.13212,1.13212,2025-04-15T01:00:00Z,2025-04-15T01:00:00Z,1.13212,1.13007,1.1362200000000002,0.0020500000000001073,2025-04-15T01:39:00Z,2025-04-15T04:43:00Z,2025-04-15T15:00:00Z,2025-04-15T04:43:00Z,1.1362200000000002,TARGET,2,0.0780487804878008,1.9219512195121993,1M_RESOLVED,,TARGET,false,0.12682926829264066,2.195121951219372,3,184,other_tf_refusals=136,false
IPO_1H_PLUS_4H,EUR/USD,1h,EUR/USD_2025-07-01,demand,2025-04-11T05:00:00Z,1.13225,1.13225,1.12752,1.12867,1.13225,1.129885,1.129885,2025-04-15T15:00:00Z,2025-04-15T15:00:00Z,1.129885,1.12752,1.134615,0.0023649999999999505,2025-04-15T15:47:00Z,2025-04-16T04:00:00Z,2025-05-08T15:00:00Z,2025-04-16T04:00:00Z,1.134615,TARGET,2,0.06765327695560396,1.932346723044396,1M_RESOLVED,,TARGET,false,1.2663847780127457,2.1923890063425384,13,733,other_tf_refusals=136,false
IPO_1H_PLUS_4H,EUR/USD,1h,EUR/USD_2025-07-01,demand,2025-04-22T00:00:00Z,1.15141,1.15146,1.14817,1.14901,1.15146,1.1498149999999998,1.1498149999999998,2025-04-22T06:00:00Z,2025-04-22T06:00:00Z,1.1498149999999998,1.14817,1.1531049999999996,0.0016449999999998965,2025-04-22T06:57:00Z,,2025-04-22T12:00:00Z,2025-04-22T12:00:00Z,1.14702,S2_CLOSE_INVALIDATION,-1.699088145896691,0.09726443768997572,-1.7963525835866667,HTF_UNAMBIGUOUS,,TARGET,true,0.13677811550147956,2.9270516717328503,0,303,other_tf_refusals=136,false
IPO_1H_PLUS_4H,EUR/USD,1h,EUR/USD_2025-07-01,demand,2025-04-22T00:00:00Z,1.15141,1.15146,1.14817,1.14901,1.15146,1.1498149999999998,1.1498149999999998,2025-04-22T08:00:00Z,2025-04-22T08:00:00Z,1.1498149999999998,1.14817,1.1531049999999996,0.0016449999999998965,2025-04-22T08:03:00Z,,2025-04-22T12:00:00Z,2025-04-22T12:00:00Z,1.14702,S2_CLOSE_INVALIDATION,-1.699088145896691,0.09726443768997572,-1.7963525835866667,HTF_UNAMBIGUOUS,,S2_CLOSE_INVALIDATION,false,2.2340425531915526,1.0547112462008348,4,237,other_tf_refusals=136,false
IPO_1H_PLUS_4H,EUR/USD,1h,EUR/USD_2025-07-01,demand,2025-04-18T06:00:00Z,1.13723,1.13756,1.13616,1.13661,1.13756,1.13686,1.13686,2025-04-22T21:00:00Z,2025-04-22T21:00:00Z,1.13686,1.13616,1.1382599999999998,0.0006999999999999229,2025-04-22T21:56:00Z,,2025-04-22T22:00:00Z,2025-04-22T22:00:00Z,1.13384,S2_CLOSE_INVALIDATION,-4.314285714286222,0.22857142857145377,-4.542857142857676,HTF_UNAMBIGUOUS,,TARGET,true,0.9428571428570794,9.02857142857257,0,4,other_tf_refusals=136,false
IPO_1H_PLUS_4H,EUR/USD,1h,EUR/USD_2025-07-01,supply,2025-04-23T14:00:00Z,1.13353,1.1383,1.13267,1.13512,1.135485,1.13267,1.135485,2025-04-24T02:00:00Z,2025-04-24T02:00:00Z,1.135485,1.1383,1.129855,0.002815000000000012,2025-04-24T02:13:00Z,,2025-04-24T09:00:00Z,2025-04-24T09:00:00Z,1.13844,S2_CLOSE_INVALIDATION,-1.0497335701597892,0.05683836589698023,-1.1065719360567694,HTF_UNAMBIGUOUS,,S2_CLOSE_INVALIDATION,false,1.3801065719360213,0.8650088809947342,7,407,other_tf_refusals=136,false
IPO_1H_PLUS_4H,EUR/USD,1h,EUR/USD_2025-07-01,supply,2025-04-23T11:00:00Z,1.1402,1.14162,1.13858,1.14102,1.1401,1.13858,1.1401,2025-04-29T08:00:00Z,2025-04-29T08:00:00Z,1.1401,1.14162,1.1370599999999995,0.0015200000000001879,2025-04-29T08:00:00Z,2025-04-29T12:18:00Z,2025-05-26T05:00:00Z,2025-04-29T12:18:00Z,1.1370599999999995,TARGET,2,0.10526315789472385,1.8947368421052762,1M_RESOLVED,,TARGET,false,0.9276315789473415,2.0526315789469765,4,258,other_tf_refusals=136,false
IPO_1H_PLUS_4H,EUR/USD,1h,EUR/USD_2025-07-01,supply,2025-04-23T11:00:00Z,1.1402,1.14162,1.13858,1.14102,1.1401,1.13858,1.1401,2025-04-29T15:00:00Z,2025-04-29T15:00:00Z,1.1401,1.14162,1.1370599999999995,0.0015200000000001879,2025-04-29T15:10:00Z,2025-04-30T01:53:00Z,2025-05-26T05:00:00Z,2025-04-30T01:53:00Z,1.1370599999999995,TARGET,2,0.10526315789472385,1.8947368421052762,1M_RESOLVED,,TARGET,false,1.2039473684209028,2.914473684210123,10,643,other_tf_refusals=136,false
IPO_1H_PLUS_4H,EUR/USD,1h,EUR/USD_2025-07-01,demand,2025-04-15T21:00:00Z,1.12905,1.12931,1.12829,1.12854,1.12931,1.1288,1.1288,2025-05-01T05:00:00Z,2025-05-01T05:00:00Z,1.1288,1.12829,1.12982,0.0005100000000000104,2025-05-01T05:29:00Z,2025-05-01T05:43:00Z,2025-05-01T14:00:00Z,2025-05-01T05:43:00Z,1.12982,TARGET,2,0.31372549019607204,1.686274509803928,1M_RESOLVED,,TARGET,false,0.07843137254909643,3.745098039215763,0,14,other_tf_refusals=136,false
IPO_1H_PLUS_4H,EUR/USD,1h,EUR/USD_2025-07-01,demand,2025-04-11T05:00:00Z,1.13225,1.13225,1.12752,1.12867,1.13225,1.129885,1.129885,2025-05-01T06:00:00Z,2025-05-01T06:00:00Z,1.129885,1.12752,1.134615,0.0023649999999999505,2025-05-01T06:00:00Z,2025-05-02T09:39:00Z,2025-05-08T15:00:00Z,2025-05-02T09:39:00Z,1.134615,TARGET,2,0.06765327695560396,1.932346723044396,1M_RESOLVED,,TARGET,false,1.4016913319239013,2.3953488372093656,27,1659,other_tf_refusals=136,false
IPO_1H_PLUS_4H,EUR/USD,1h,EUR/USD_2025-07-01,demand,2025-04-11T05:00:00Z,1.13225,1.13225,1.12752,1.12867,1.13225,1.129885,1.129885,2025-05-02T17:00:00Z,2025-05-02T17:00:00Z,1.129885,1.12752,1.134615,0.0023649999999999505,2025-05-02T17:43:00Z,2025-05-05T02:35:00Z,2025-05-08T15:00:00Z,2025-05-05T02:35:00Z,1.134615,TARGET,2,0.06765327695560396,1.932346723044396,1M_RESOLVED,,TARGET,false,0.3868921775898598,2.044397463002124,8,3412,other_tf_refusals=136,false
IPO_1H_PLUS_4H,EUR/USD,1h,EUR/USD_2025-07-01,demand,2025-04-11T05:00:00Z,1.13225,1.13225,1.12752,1.12867,1.13225,1.129885,1.129885,2025-05-05T17:00:00Z,2025-05-05T17:00:00Z,1.129885,1.12752,1.134615,0.0023649999999999505,2025-05-05T17:59:00Z,2025-05-06T07:40:00Z,2025-05-08T15:00:00Z,2025-05-06T07:40:00Z,1.134615,TARGET,2,0.06765327695560396,1.932346723044396,1M_RESOLVED,,TARGET,false,0.8054968287526788,2.090909090909125,14,821,other_tf_refusals=136,false
IPO_1H_PLUS_4H,EUR/USD,1h,EUR/USD_2025-07-01,supply,2025-04-30T11:00:00Z,1.13619,1.13811,1.13557,1.13742,1.1368399999999999,1.13557,1.1368399999999999,2025-05-06T18:00:00Z,2025-05-06T18:00:00Z,1.1368399999999999,1.13811,1.1342999999999996,0.0012700000000001044,2025-05-06T18:56:00Z,2025-05-06T22:08:00Z,2025-05-26T00:00:00Z,2025-05-06T22:08:00Z,1.1342999999999996,TARGET,2,0.12598425196849358,1.8740157480315065,1M_RESOLVED,,TARGET,false,1.047244094488145,3.3622047244089943,4,192,other_tf_refusals=136,false
IPO_1H_PLUS_4H,EUR/USD,1h,EUR/USD_2025-07-01,supply,2025-04-30T11:00:00Z,1.13619,1.13811,1.13557,1.13742,1.1368399999999999,1.13557,1.1368399999999999,2025-05-07T07:00:00Z,2025-05-07T07:00:00Z,1.1368399999999999,1.13811,1.1342999999999996,0.0012700000000001044,2025-05-07T07:00:00Z,2025-05-07T15:29:00Z,2025-05-26T00:00:00Z,2025-05-07T15:29:00Z,1.1342999999999996,TARGET,2,0.12598425196849358,1.8740157480315065,1M_RESOLVED,,TARGET,false,0.4488188976379013,2.1181102362201876,8,509,other_tf_refusals=136,false
IPO_1H_PLUS_4H,EUR/USD,1h,EUR/USD_2025-07-01,demand,2025-05-06T23:00:00Z,1.1343,1.13459,1.13329,1.13401,1.13459,1.13394,1.13394,2025-05-07T17:00:00Z,2025-05-07T17:00:00Z,1.13394,1.13329,1.13524,0.0006500000000000394,2025-05-07T17:19:00Z,2025-05-07T18:06:00Z,2025-05-07T19:00:00Z,2025-05-07T18:06:00Z,1.13524,TARGET,2,0.24615384615383124,1.7538461538461687,1M_RESOLVED,,TARGET,false,2.9846153846152847,4.0307692307690886,1,47,other_tf_refusals=136,false
IPO_1H_PLUS_4H,EUR/USD,1h,EUR/USD_2025-07-01,demand,2025-04-11T05:00:00Z,1.13225,1.13225,1.12752,1.12867,1.13225,1.129885,1.129885,2025-05-07T20:00:00Z,2025-05-07T20:00:00Z,1.129885,1.12752,1.134615,0.0023649999999999505,2025-05-07T20:04:00Z,,2025-05-08T15:00:00Z,2025-05-08T15:00:00Z,1.12487,S2_CLOSE_INVALIDATION,-2.120507399577208,0.06765327695560396,-2.188160676532812,HTF_UNAMBIGUOUS,,S2_CLOSE_INVALIDATION,false,2.737843551797101,1.6046511627907283,19,1136,other_tf_refusals=136,false
IPO_1H_PLUS_4H,EUR/USD,1h,EUR/USD_2025-07-01,demand,2025-04-10T11:00:00Z,1.10828,1.10902,1.10717,1.10754,1.10902,1.108095,1.108095,2025-05-12T10:00:00Z,2025-05-12T10:00:00Z,1.108095,1.10717,1.1099450000000002,0.0009250000000000647,2025-05-12T10:40:00Z,2025-05-12T11:16:00Z,,2025-05-12T11:16:00Z,1.1099450000000002,TARGET,2,0.1729729729729609,1.827027027027039,HTF_UNAMBIGUOUS,,TARGET,false,1.0108108108108809,4.113513513513289,0,36,other_tf_refusals=136,false
IPO_1H_PLUS_4H,EUR/USD,1h,EUR/USD_2025-07-01,demand,2025-04-10T11:00:00Z,1.10828,1.10902,1.10717,1.10754,1.10902,1.108095,1.108095,2025-05-12T18:00:00Z,2025-05-12T18:00:00Z,1.108095,1.10717,1.1099450000000002,0.0009250000000000647,2025-05-12T18:00:00Z,2025-05-12T23:45:00Z,,2025-05-12T23:45:00Z,1.1099450000000002,TARGET,2,0.1729729729729609,1.827027027027039,HTF_UNAMBIGUOUS,,TARGET,false,1.724324324324218,2.12432432432417,5,345,other_tf_refusals=136,false
IPO_1H_PLUS_4H,EUR/USD,1h,EUR/USD_2025-07-01,supply,2025-05-12T08:00:00Z,1.11051,1.11457,1.10818,1.11377,1.111375,1.10818,1.111375,2025-05-13T04:00:00Z,2025-05-13T04:00:00Z,1.111375,1.11457,1.1049849999999999,0.003195000000000059,2025-05-13T04:00:00Z,,2025-05-13T14:00:00Z,2025-05-13T14:00:00Z,1.11626,S2_CLOSE_INVALIDATION,-1.5289514866979461,0.05007824726134493,-1.5790297339592911,HTF_UNAMBIGUOUS,,S2_CLOSE_INVALIDATION,false,1.5915492957746205,0.5336463223787281,10,600,other_tf_refusals=136,false
IPO_1H_PLUS_4H,EUR/USD,1h,EUR/USD_2025-07-01,supply,2025-05-12T00:00:00Z,1.12287,1.12396,1.12248,1.12383,1.1232199999999999,1.12248,1.1232199999999999,2025-05-14T08:00:00Z,2025-05-14T08:00:00Z,1.1232199999999999,1.12396,1.1217399999999995,0.000740000000000185,2025-05-14T08:04:00Z,,2025-05-14T09:00:00Z,2025-05-14T09:00:00Z,1.12521,S2_CLOSE_INVALIDATION,-2.689189189188731,0.2162162162161622,-2.9054054054048932,HTF_UNAMBIGUOUS,,TARGET,true,2.756756756756124,2.6621621621612337,0,56,other_tf_refusals=136,false
IPO_1H_PLUS_4H,EUR/USD,1h,EUR/USD_2025-07-01,supply,2025-05-14T12:00:00Z,1.12174,1.12361,1.12101,1.12253,1.1223100000000001,1.12101,1.1223100000000001,2025-05-15T06:00:00Z,2025-05-15T06:00:00Z,1.1223100000000001,1.12361,1.1197100000000004,0.0012999999999998568,2025-05-15T06:54:00Z,2025-05-15T07:46:00Z,2025-05-19T07:00:00Z,2025-05-15T07:46:00Z,1.1197100000000004,TARGET,2,0.12307692307693664,1.8769230769230634,1M_RESOLVED,,TARGET,false,0.44615384615374365,2.615384615384957,0,52,other_tf_refusals=136,false
IPO_1H_PLUS_4H,EUR/USD,1h,EUR/USD_2025-07-01,demand,2025-05-15T17:00:00Z,1.11808,1.11895,1.11702,1.11723,1.11895,1.117985,1.117985,2025-05-15T21:00:00Z,2025-05-15T21:00:00Z,1.117985,1.11702,1.1199150000000002,0.0009650000000001047,2025-05-15T21:22:00Z,2025-05-16T00:04:00Z,2025-05-16T14:00:00Z,2025-05-16T00:04:00Z,1.1199150000000002,TARGET,2,0.16580310880827218,1.834196891191728,1M_RESOLVED,,TARGET,false,0.25388601036271935,2.989637305699185,3,162,other_tf_refusals=136,false
IPO_1H_PLUS_4H,EUR/USD,1h,EUR/USD_2025-07-01,demand,2025-05-15T23:00:00Z,1.11925,1.11944,1.11894,1.11921,1.11944,1.1191900000000001,1.1191900000000001,2025-05-16T09:00:00Z,2025-05-16T09:00:00Z,1.1191900000000001,1.11894,1.1196900000000003,0.0002500000000000835,2025-05-16T09:58:00Z,2025-05-16T09:58:00Z,2025-05-16T14:00:00Z,2025-05-16T09:58:00Z,1.1196900000000003,TARGET,2,0.6399999999997863,1.3600000000002137,1M_RESOLVED,,TARGET,false,0.20000000000035528,6.8799999999974775,0,0,other_tf_refusals=136,false
IPO_1H_PLUS_4H,EUR/USD,1h,EUR/USD_2025-07-01,demand,2025-05-15T23:00:00Z,1.11925,1.11944,1.11894,1.11921,1.11944,1.1191900000000001,1.1191900000000001,2025-05-16T11:00:00Z,2025-05-16T11:00:00Z,1.1191900000000001,1.11894,1.1196900000000003,0.0002500000000000835,2025-05-16T11:53:00Z,2025-05-16T12:05:00Z,2025-05-16T14:00:00Z,2025-05-16T12:05:00Z,1.1196900000000003,TARGET,2,0.6399999999997863,1.3600000000002137,1M_RESOLVED,,TARGET,false,0.7200000000000355,6.7599999999976195,0,12,other_tf_refusals=136,false
IPO_1H_PLUS_4H,EUR/USD,1h,EUR/USD_2025-07-01,supply,2025-05-02T13:00:00Z,1.13189,1.13802,1.13145,1.13728,1.134735,1.13145,1.134735,2025-05-21T06:00:00Z,2025-05-21T06:00:00Z,1.134735,1.13802,1.128165,0.0032849999999999824,2025-05-21T06:17:00Z,2025-05-22T13:59:00Z,2025-05-26T00:00:00Z,2025-05-22T13:59:00Z,1.128165,TARGET,2,0.04870624048706267,1.9512937595129374,1M_RESOLVED,,TARGET,false,0.4733637747336321,2.0015220700152305,31,1902,other_tf_refusals=136,false
IPO_1H_PLUS_4H,EUR/USD,1h,EUR/USD_2025-07-01,demand,2025-05-20T18:00:00Z,1.12742,1.12807,1.12711,1.12723,1.12807,1.12759,1.12759,2025-05-22T14:00:00Z,2025-05-22T14:00:00Z,1.12759,1.12711,1.1285500000000002,0.00048000000000003595,2025-05-22T14:51:00Z,2025-05-22T15:27:00Z,2025-05-22T16:00:00Z,2025-05-22T15:27:00Z,1.1285500000000002,TARGET,2,0.3333333333333084,1.6666666666666916,1M_RESOLVED,,TARGET,false,0.2916666666667052,4.64583333333289,0,36,other_tf_refusals=136,false
IPO_1H_PLUS_4H,EUR/USD,1h,EUR/USD_2025-07-01,demand,2025-05-20T15:00:00Z,1.12688,1.12703,1.12493,1.12532,1.12703,1.12598,1.12598,2025-05-22T17:00:00Z,2025-05-22T17:00:00Z,1.12598,1.12493,1.12808,0.0010499999999999954,2025-05-22T17:20:00Z,2025-05-22T18:54:00Z,2025-05-28T23:00:00Z,2025-05-22T18:54:00Z,1.12808,TARGET,2,0.15238095238095306,1.8476190476190468,1M_RESOLVED,,TARGET,false,0.428571428571489,2.0285714285714045,1,94,other_tf_refusals=136,false
IPO_1H_PLUS_4H,EUR/USD,1h,EUR/USD_2025-07-01,supply,2025-05-02T13:00:00Z,1.13189,1.13802,1.13145,1.13728,1.134735,1.13145,1.134735,2025-05-23T09:00:00Z,2025-05-23T09:00:00Z,1.134735,1.13802,1.128165,0.0032849999999999824,2025-05-23T09:04:00Z,,2025-05-26T00:00:00Z,2025-05-26T00:00:00Z,1.13969,S2_CLOSE_INVALIDATION,-1.508371385083735,0.04870624048706267,-1.5570776255707977,HTF_UNAMBIGUOUS,,S2_CLOSE_INVALIDATION,false,1.5479452054794622,1.5296803652968294,14,3776,other_tf_refusals=136,false
IPO_1H_PLUS_4H,EUR/USD,1h,EUR/USD_2025-07-01,demand,2025-05-22T23:00:00Z,1.12865,1.12896,1.12809,1.12817,1.12896,1.128525,1.128525,2025-05-28T18:00:00Z,2025-05-28T18:00:00Z,1.128525,1.12809,1.129395,0.0004349999999999632,2025-05-28T18:31:00Z,2025-05-28T18:52:00Z,2025-05-28T23:00:00Z,2025-05-28T18:52:00Z,1.129395,TARGET,2,0.3678160919540541,1.632183908045946,1M_RESOLVED,,TARGET,false,0.26436781609217697,3.022988505747279,0,21,other_tf_refusals=136,false
IPO_1H_PLUS_4H,EUR/USD,1h,EUR/USD_2025-07-01,demand,2025-05-20T12:00:00Z,1.12458,1.12476,1.12233,1.12344,1.12476,1.123545,1.123545,2025-05-29T01:00:00Z,2025-05-29T01:00:00Z,1.123545,1.12233,1.125975,0.001214999999999966,2025-05-29T01:00:00Z,2025-05-29T06:19:00Z,,2025-05-29T06:19:00Z,1.125975,TARGET,2,0.13168724279835758,1.8683127572016425,HTF_UNAMBIGUOUS,,TARGET,false,1.0329218106996223,3.1975308641975513,5,319,other_tf_refusals=136,false
IPO_1H_PLUS_4H,EUR/USD,1h,EUR/USD_2025-07-01,supply,2025-05-27T12:00:00Z,1.13515,1.13682,1.13507,1.13668,1.135945,1.13507,1.135945,2025-05-29T13:00:00Z,2025-05-29T13:00:00Z,1.135945,1.13682,1.134195,0.0008749999999999591,2025-05-29T13:01:00Z,2025-05-29T13:16:00Z,2025-05-29T16:00:00Z,2025-05-29T13:16:00Z,1.134195,TARGET,2,0.1828571428571514,1.8171428571428485,1M_RESOLVED,,TARGET,false,0.12000000000003046,2.3600000000000914,0,15,other_tf_refusals=136,false
IPO_1H_PLUS_4H,EUR/USD,1h,EUR/USD_2025-07-01,supply,2025-05-27T12:00:00Z,1.13515,1.13682,1.13507,1.13668,1.135945,1.13507,1.135945,2025-05-29T15:00:00Z,2025-05-29T15:00:00Z,1.135945,1.13682,1.134195,0.0008749999999999591,2025-05-29T15:07:00Z,,2025-05-29T16:00:00Z,2025-05-29T16:00:00Z,1.13714,S2_CLOSE_INVALIDATION,-1.3657142857144147,0.1828571428571514,-1.5485714285715662,HTF_UNAMBIGUOUS,,S2_CLOSE_INVALIDATION,false,2.382857142857385,1.2971428571427874,1,53,other_tf_refusals=136,false
IPO_1H_PLUS_4H,EUR/USD,1h,EUR/USD_2025-07-01,demand,2025-06-01T23:00:00Z,1.13556,1.1361,1.13506,1.13532,1.1361,1.13558,1.13558,2025-06-02T03:00:00Z,2025-06-02T03:00:00Z,1.13558,1.13506,1.1366200000000002,0.000520000000000076,2025-06-02T03:31:00Z,2025-06-02T04:53:00Z,,2025-06-02T04:53:00Z,1.1366200000000002,TARGET,2,0.30769230769226275,1.6923076923077374,HTF_UNAMBIGUOUS,,TARGET,false,0.32692307692303585,2.038461538461358,0,82,other_tf_refusals=136,false
IPO_1H_PLUS_4H,EUR/USD,1h,EUR/USD_2025-07-01,supply,2025-04-29T16:00:00Z,1.13959,1.14193,1.1395,1.14034,1.140715,1.1395,1.140715,2025-06-02T06:00:00Z,2025-06-02T06:00:00Z,1.140715,1.14193,1.138285,0.001214999999999966,2025-06-02T06:47:00Z,,2025-06-02T07:00:00Z,2025-06-02T07:00:00Z,1.14238,S2_CLOSE_INVALIDATION,-1.3703703703704313,0.13168724279835758,-1.5020576131687888,HTF_UNAMBIGUOUS,,TARGET,true,0.012345679012426903,2.3909465020576266,0,13,other_tf_refusals=136,false
IPO_1H_PLUS_4H,EUR/USD,1h,EUR/USD_2025-07-01,supply,2025-04-22T20:00:00Z,1.14211,1.1431,1.1417,1.14215,1.1423999999999999,1.1417,1.1423999999999999,2025-06-02T11:00:00Z,2025-06-02T11:00:00Z,1.1423999999999999,1.1431,1.1409999999999996,0.000700000000000145,2025-06-02T11:21:00Z,2025-06-02T11:52:00Z,2025-06-02T14:00:00Z,2025-06-02T11:52:00Z,1.1409999999999996,TARGET,2,0.22857142857138127,1.7714285714286186,1M_RESOLVED,,TARGET,false,0.3714285714287074,2.1428571428564633,0,31,other_tf_refusals=136,false
IPO_1H_PLUS_4H,EUR/USD,1h,EUR/USD_2025-07-01,supply,2025-04-22T17:00:00Z,1.14342,1.14545,1.14307,1.14511,1.14426,1.14307,1.14426,2025-06-02T14:00:00Z,2025-06-02T14:00:00Z,1.14426,1.14545,1.14188,0.0011900000000000244,2025-06-02T14:06:00Z,2025-06-02T16:31:00Z,2025-06-05T13:00:00Z,2025-06-02T16:31:00Z,1.14188,TARGET,2,0.1344537815126023,1.8655462184873977,1M_RESOLVED,,TARGET,false,0.6806722689075301,2.6134453781511615,2,145,other_tf_refusals=136,false
IPO_1H_PLUS_4H,EUR/USD,1h,EUR/USD_2025-07-01,supply,2025-04-23T09:00:00Z,1.14129,1.14404,1.14124,1.14193,1.14264,1.14124,1.14264,2025-06-02T17:00:00Z,2025-06-02T17:00:00Z,1.14264,1.14404,1.1398400000000004,0.0013999999999998458,2025-06-02T17:09:00Z,,2025-06-02T18:00:00Z,2025-06-02T18:00:00Z,1.14416,S2_CLOSE_INVALIDATION,-1.0857142857143809,0.11428571428572688,-1.2000000000001079,HTF_UNAMBIGUOUS,,S2_CLOSE_INVALIDATION,false,1.1785714285715079,0.7642857142858888,1,51,other_tf_refusals=136,false
IPO_1H_PLUS_4H,EUR/USD,1h,EUR/USD_2025-07-01,supply,2025-04-22T17:00:00Z,1.14342,1.14545,1.14307,1.14511,1.14426,1.14307,1.14426,2025-06-02T20:00:00Z,2025-06-02T20:00:00Z,1.14426,1.14545,1.14188,0.0011900000000000244,2025-06-02T20:00:00Z,2025-06-03T02:41:00Z,2025-06-05T13:00:00Z,2025-06-03T02:41:00Z,1.14188,TARGET,2,0.1344537815126023,1.8655462184873977,1M_RESOLVED,,TARGET,false,1.0420168067225903,2.0252100840335916,6,401,other_tf_refusals=136,false
IPO_1H_PLUS_4H,EUR/USD,1h,EUR/USD_2025-07-01,demand,2025-06-02T08:00:00Z,1.14239,1.1428,1.14125,1.14201,1.1428,1.142025,1.142025,2025-06-03T03:00:00Z,2025-06-03T03:00:00Z,1.142025,1.14125,1.143575,0.0007749999999999702,2025-06-03T03:27:00Z,,2025-06-03T09:00:00Z,2025-06-03T09:00:00Z,1.14123,S2_CLOSE_INVALIDATION,-1.0258064516130734,0.20645161290323377,-1.2322580645163073,HTF_UNAMBIGUOUS,,S2_CLOSE_INVALIDATION,false,2.432258064516399,1.5677419354838875,6,333,other_tf_refusals=136,false
IPO_1H_PLUS_4H,EUR/USD,1h,EUR/USD_2025-07-01,demand,2025-06-01T23:00:00Z,1.13556,1.1361,1.13506,1.13532,1.1361,1.13558,1.13558,2025-06-04T05:00:00Z,2025-06-04T05:00:00Z,1.13558,1.13506,1.1366200000000002,0.000520000000000076,2025-06-04T05:34:00Z,2025-06-04T05:44:00Z,,2025-06-04T05:44:00Z,1.1366200000000002,TARGET,2,0.30769230769226275,1.6923076923077374,HTF_UNAMBIGUOUS,,TARGET,false,0.038461538461784815,3.153846153845431,0,10,other_tf_refusals=136,false
IPO_1H_PLUS_4H,EUR/USD,1h,EUR/USD_2025-07-01,supply,2025-04-22T17:00:00Z,1.14342,1.14545,1.14307,1.14511,1.14426,1.14307,1.14426,2025-06-05T12:00:00Z,2025-06-05T12:00:00Z,1.14426,1.14545,1.14188,0.0011900000000000244,2025-06-05T12:30:00Z,2025-06-05T13:04:00Z,2025-06-05T13:00:00Z,2025-06-05T13:04:00Z,1.14188,TARGET,2,0.1344537815126023,1.8655462184873977,1M_RESOLVED,,TARGET,false,0.554621848739386,2.4873949579832044,0,34,other_tf_refusals=136,false
IPO_1H_PLUS_4H,EUR/USD,1h,EUR/USD_2025-07-01,supply,2025-06-06T10:00:00Z,1.14198,1.14248,1.14172,1.14228,1.1421000000000001,1.14172,1.1421000000000001,2025-06-09T03:00:00Z,2025-06-09T03:00:00Z,1.1421000000000001,1.14248,1.1413400000000005,0.0003799999999998249,2025-06-09T03:15:00Z,2025-06-09T03:37:00Z,2025-06-09T06:00:00Z,2025-06-09T03:37:00Z,1.1413400000000005,TARGET,2,0.4210526315791414,1.5789473684208586,1M_RESOLVED,,TARGET,false,0.13157894736817502,2.4736842105278845,0,22,other_tf_refusals=136,false
IPO_1H_PLUS_4H,EUR/USD,1h,EUR/USD_2025-07-01,supply,2025-06-06T10:00:00Z,1.14198,1.14248,1.14172,1.14228,1.1421000000000001,1.14172,1.1421000000000001,2025-06-09T05:00:00Z,2025-06-09T05:00:00Z,1.1421000000000001,1.14248,1.1413400000000005,0.0003799999999998249,2025-06-09T05:50:00Z,,2025-06-09T06:00:00Z,2025-06-09T06:00:00Z,1.14275,S2_CLOSE_INVALIDATION,-1.7105263157897812,0.4210526315791414,-2.1315789473689226,HTF_UNAMBIGUOUS,,TARGET,true,0.9736842105267156,2.421052631580147,0,10,other_tf_refusals=136,false
IPO_1H_PLUS_4H,EUR/USD,1h,EUR/USD_2025-07-01,supply,2025-06-09T06:00:00Z,1.14223,1.14299,1.14174,1.14275,1.1423649999999999,1.14174,1.1423649999999999,2025-06-09T15:00:00Z,2025-06-09T15:00:00Z,1.1423649999999999,1.14299,1.1411149999999997,0.0006250000000000977,2025-06-09T15:41:00Z,2025-06-10T01:36:00Z,2025-06-10T12:00:00Z,2025-06-10T01:36:00Z,1.1411149999999997,TARGET,2,0.25599999999996,1.74400000000004,1M_RESOLVED,,TARGET,false,0.3600000000001705,2.583999999999471,0,595,other_tf_refusals=136,false
IPO_1H_PLUS_4H,EUR/USD,1h,EUR/USD_2025-07-01,supply,2025-06-09T06:00:00Z,1.14223,1.14299,1.14174,1.14275,1.1423649999999999,1.14174,1.1423649999999999,2025-06-09T17:00:00Z,2025-06-09T17:00:00Z,1.1423649999999999,1.14299,1.1411149999999997,0.0006250000000000977,2025-06-09T17:00:00Z,2025-06-10T01:36:00Z,2025-06-10T12:00:00Z,2025-06-10T01:36:00Z,1.1411149999999997,TARGET,2,0.25599999999996,1.74400000000004,1M_RESOLVED,,TARGET,false,1.991999999999949,4.567999999999014,8,516,other_tf_refusals=136,false
IPO_1H_PLUS_4H,EUR/USD,1h,EUR/USD_2025-07-01,supply,2025-06-09T23:00:00Z,1.14231,1.14288,1.14197,1.14263,1.1424249999999998,1.14197,1.1424249999999998,2025-06-10T10:00:00Z,2025-06-10T10:00:00Z,1.1424249999999998,1.14288,1.1415149999999996,0.0004550000000000942,2025-06-10T10:43:00Z,,2025-06-10T11:00:00Z,2025-06-10T11:00:00Z,1.14291,S2_CLOSE_INVALIDATION,-1.0659340659344843,0.35164835164827885,-1.4175824175827632,HTF_UNAMBIGUOUS,,TARGET,true,0.16483516483572255,2.9120879120868666,0,17,other_tf_refusals=136,false
IPO_1H_PLUS_4H,EUR/USD,1h,EUR/USD_2025-07-01,supply,2025-06-09T06:00:00Z,1.14223,1.14299,1.14174,1.14275,1.1423649999999999,1.14174,1.1423649999999999,2025-06-10T11:00:00Z,2025-06-10T11:00:00Z,1.1423649999999999,1.14299,1.1411149999999997,0.0006250000000000977,2025-06-10T11:00:00Z,,2025-06-10T12:00:00Z,2025-06-10T12:00:00Z,1.14323,S2_CLOSE_INVALIDATION,-1.3839999999999688,0.25599999999996,-1.6399999999999288,HTF_UNAMBIGUOUS,,S2_CLOSE_INVALIDATION,false,2.743999999999784,0.7279999999996817,1,60,other_tf_refusals=136,false
IPO_1H_PLUS_4H,EUR/USD,1h,EUR/USD_2025-07-01,supply,2025-06-10T23:00:00Z,1.14289,1.144,1.14217,1.14375,1.143085,1.14217,1.143085,2025-06-11T09:00:00Z,2025-06-11T09:00:00Z,1.143085,1.144,1.141255,0.0009149999999999991,2025-06-11T09:00:00Z,,2025-06-11T12:00:00Z,2025-06-11T12:00:00Z,1.14607,S2_CLOSE_INVALIDATION,-3.262295081967233,0.17486338797814224,-3.437158469945375,HTF_UNAMBIGUOUS,,S2_CLOSE_INVALIDATION,false,6.44262295081966,0.4972677595627023,3,180,other_tf_refusals=136,false
IPO_1H_PLUS_4H,EUR/USD,1h,EUR/USD_2025-07-01,supply,2025-04-22T07:00:00Z,1.15011,1.15097,1.1483,1.15057,1.149635,1.1483,1.149635,2025-06-11T16:00:00Z,2025-06-11T16:00:00Z,1.149635,1.15097,1.1469649999999998,0.0013350000000000861,2025-06-11T16:39:00Z,,2025-06-11T23:00:00Z,2025-06-11T23:00:00Z,1.15102,S2_CLOSE_INVALIDATION,-1.0374531835205096,0.11985018726590989,-1.1573033707864195,HTF_UNAMBIGUOUS,,S2_CLOSE_INVALIDATION,false,1.2921348314605732,1.2921348314605732,7,381,other_tf_refusals=136,false
IPO_1H_PLUS_4H,EUR/USD,1h,EUR/USD_2025-07-01,demand,2025-06-12T06:00:00Z,1.15279,1.1532,1.15111,1.15219,1.1532,1.152155,1.152155,2025-06-13T05:00:00Z,2025-06-13T05:00:00Z,1.152155,1.15111,1.154245,0.0010449999999999626,2025-06-13T05:23:00Z,2025-06-13T06:06:00Z,2025-06-13T10:00:00Z,2025-06-13T06:06:00Z,1.154245,TARGET,2,0.15311004784689544,1.8468899521531046,1M_RESOLVED,,TARGET,false,0.9521531100479567,2.4258373205742054,1,43,other_tf_refusals=136,false
IPO_1H_PLUS_4H,EUR/USD,1h,EUR/USD_2025-07-01,demand,2025-06-16T11:00:00Z,1.15753,1.15841,1.15693,1.1573,1.15841,1.15767,1.15767,2025-06-16T17:00:00Z,2025-06-16T17:00:00Z,1.15767,1.15693,1.15915,0.0007399999999999629,2025-06-16T17:08:00Z,,2025-06-16T19:00:00Z,2025-06-16T19:00:00Z,1.15556,S2_CLOSE_INVALIDATION,-2.8513513513515703,0.21621621621622708,-3.067567567567797,HTF_UNAMBIGUOUS,,S2_CLOSE_INVALIDATION,false,3,1.175675675675635,2,112,other_tf_refusals=136,false
IPO_1H_PLUS_4H,EUR/USD,1h,EUR/USD_2025-07-01,demand,2025-06-13T10:00:00Z,1.15235,1.15299,1.14887,1.15044,1.15299,1.15093,1.15093,2025-06-17T16:00:00Z,2025-06-17T16:00:00Z,1.15093,1.14887,1.15505,0.0020599999999999508,2025-06-17T16:49:00Z,,2025-06-17T17:00:00Z,2025-06-17T17:00:00Z,1.14867,S2_CLOSE_INVALIDATION,-1.0970873786407682,0.07766990291262323,-1.1747572815533915,HTF_UNAMBIGUOUS,,S2_CLOSE_INVALIDATION,false,1.5242718446601922,1.4660194174757741,1,11,other_tf_refusals=136,false
IPO_1H_PLUS_4H,EUR/USD,1h,EUR/USD_2025-07-01,demand,2025-06-11T19:00:00Z,1.14862,1.14872,1.14791,1.14828,1.14872,1.148315,1.148315,2025-06-17T19:00:00Z,2025-06-17T19:00:00Z,1.148315,1.14791,1.149125,0.0004049999999999887,2025-06-17T19:00:00Z,2025-06-17T21:05:00Z,2025-06-17T22:00:00Z,2025-06-17T21:05:00Z,1.149125,TARGET,2,0.3950617283950728,1.6049382716049272,1M_RESOLVED,,TARGET,false,2.185185185185307,2.2592592592593204,2,125,other_tf_refusals=136,false
IPO_1H_PLUS_4H,EUR/USD,1h,EUR/USD_2025-07-01,supply,2025-06-17T15:00:00Z,1.15268,1.15359,1.15183,1.15336,1.15271,1.15183,1.15271,2025-06-18T18:00:00Z,2025-06-18T18:00:00Z,1.15271,1.15359,1.15095,0.0008799999999999919,2025-06-18T18:00:00Z,2025-06-18T18:00:00Z,2025-06-20T16:00:00Z,2025-06-18T18:00:00Z,1.15095,TARGET,2,0.18181818181818352,1.8181818181818166,1M_RESOLVED,,TARGET,false,0.3409090909093088,6.05681818181805,0,0,other_tf_refusals=136,false
IPO_1H_PLUS_4H,EUR/USD,1h,EUR/USD_2025-07-01,supply,2025-06-18T20:00:00Z,1.14734,1.14854,1.14716,1.148,1.14785,1.14716,1.14785,2025-06-19T09:00:00Z,2025-06-19T09:00:00Z,1.14785,1.14854,1.1464700000000003,0.0006899999999998574,2025-06-19T09:01:00Z,2025-06-19T14:48:00Z,2025-06-19T19:00:00Z,2025-06-19T14:48:00Z,1.1464700000000003,TARGET,2,0.23188405797106243,1.7681159420289376,1M_RESOLVED,,TARGET,false,1.3478260869566197,2.463768115942589,5,347,other_tf_refusals=136,false
IPO_1H_PLUS_4H,EUR/USD,1h,EUR/USD_2025-07-01,supply,2025-06-18T20:00:00Z,1.14734,1.14854,1.14716,1.148,1.14785,1.14716,1.14785,2025-06-19T17:00:00Z,2025-06-19T17:00:00Z,1.14785,1.14854,1.1464700000000003,0.0006899999999998574,2025-06-19T17:49:00Z,,2025-06-19T19:00:00Z,2025-06-19T19:00:00Z,1.14983,S2_CLOSE_INVALIDATION,-2.86956521739171,0.23188405797106243,-3.1014492753627727,HTF_UNAMBIGUOUS,,TARGET,true,0.7246376811594902,3.3913043478268006,0,71,other_tf_refusals=136,false
IPO_1H_PLUS_4H,EUR/USD,1h,EUR/USD_2025-07-01,supply,2025-06-18T15:00:00Z,1.15074,1.15309,1.15053,1.15206,1.15181,1.15053,1.15181,2025-06-20T01:00:00Z,2025-06-20T01:00:00Z,1.15181,1.15309,1.14925,0.0012799999999999478,2025-06-20T01:00:00Z,,2025-06-20T16:00:00Z,2025-06-20T16:00:00Z,1.1536,S2_CLOSE_INVALIDATION,-1.3984375000000244,0.1250000000000051,-1.5234375000000295,HTF_UNAMBIGUOUS,,S2_CLOSE_INVALIDATION,false,1.515625000000103,1.8203125000000298,15,900,other_tf_refusals=136,false
IPO_1H_PLUS_4H,EUR/USD,1h,EUR/USD_2025-07-01,demand,2025-06-20T01:00:00Z,1.15227,1.15233,1.15123,1.15135,1.15233,1.15178,1.15178,2025-06-20T19:00:00Z,2025-06-20T19:00:00Z,1.15178,1.15123,1.1528800000000001,0.0005500000000000504,2025-06-20T19:52:00Z,,2025-06-22T23:00:00Z,2025-06-22T23:00:00Z,1.14996,S2_CLOSE_INVALIDATION,-3.309090909090483,0.29090909090906425,-3.5999999999995476,HTF_UNAMBIGUOUS,,TARGET,true,0.4727272727270966,2.6181818181813705,0,3068,other_tf_refusals=136,false
IPO_1H_PLUS_4H,EUR/USD,1h,EUR/USD_2025-07-01,demand,2025-06-20T12:00:00Z,1.15211,1.15272,1.15057,1.15125,1.15272,1.151645,1.151645,2025-06-20T20:00:00Z,2025-06-20T20:00:00Z,1.151645,1.15057,1.153795,0.0010749999999999371,2025-06-20T20:00:00Z,,2025-06-22T23:00:00Z,2025-06-22T23:00:00Z,1.14996,S2_CLOSE_INVALIDATION,-1.567441860465149,0.1488372093023343,-1.7162790697674832,HTF_UNAMBIGUOUS,,S2_CLOSE_INVALIDATION,false,2.86046511627918,0.6372093023256621,3,3060,other_tf_refusals=136,false
IPO_1H_PLUS_4H,EUR/USD,1h,EUR/USD_2025-07-01,supply,2025-06-20T16:00:00Z,1.15198,1.15375,1.15189,1.1536,1.1528200000000002,1.15189,1.1528200000000002,2025-06-23T14:00:00Z,2025-06-23T14:00:00Z,1.1528200000000002,1.15375,1.1509600000000004,0.0009299999999998754,2025-06-23T14:20:00Z,,2025-06-23T16:00:00Z,2025-06-23T16:00:00Z,1.15448,S2_CLOSE_INVALIDATION,-1.7849462365591346,0.17204301075271125,-1.956989247311846,HTF_UNAMBIGUOUS,,TARGET,true,1.3870967741935099,4.19354838709759,0,100,other_tf_refusals=136,false
IPO_1H_PLUS_4H,EUR/USD,1h,EUR/USD_2025-07-01,supply,2025-06-16T18:00:00Z,1.15779,1.1582,1.15734,1.158,1.15777,1.15734,1.15777,2025-06-23T19:00:00Z,2025-06-23T19:00:00Z,1.15777,1.1582,1.15691,0.00042999999999993044,2025-06-23T19:03:00Z,,2025-06-23T22:00:00Z,2025-06-23T22:00:00Z,1.15918,S2_CLOSE_INVALIDATION,-3.279069767442701,0.3720930232558742,-3.6511627906985753,HTF_UNAMBIGUOUS,,S2_CLOSE_INVALIDATION,false,5.930232558140616,1.744186046511976,3,177,other_tf_refusals=136,false
IPO_1H_PLUS_4H,EUR/USD,1h,EUR/USD_2025-07-01,supply,2025-06-16T13:00:00Z,1.1584,1.16055,1.15837,1.16021,1.15946,1.15837,1.15946,2025-06-24T00:00:00Z,2025-06-24T00:00:00Z,1.15946,1.16055,1.1572799999999999,0.0010900000000000354,2025-06-24T00:00:00Z,,2025-06-24T03:00:00Z,2025-06-24T03:00:00Z,1.16058,S2_CLOSE_INVALIDATION,-1.0275229357797921,0.1467889908256833,-1.1743119266054753,HTF_UNAMBIGUOUS,,S2_CLOSE_INVALIDATION,false,1.440366972477083,0.7522935779816663,3,180,other_tf_refusals=136,false
IPO_1H_PLUS_4H,EUR/USD,1h,EUR/USD_2025-07-01,demand,2025-06-24T15:00:00Z,1.16167,1.16369,1.1607,1.16076,1.16369,1.162195,1.162195,2025-06-25T02:00:00Z,2025-06-25T02:00:00Z,1.162195,1.1607,1.1651850000000001,0.001495000000000024,2025-06-25T02:18:00Z,,2025-06-25T07:00:00Z,2025-06-25T07:00:00Z,1.15987,S2_CLOSE_INVALIDATION,-1.555183946488358,0.10702341137123575,-1.6622073578595937,HTF_UNAMBIGUOUS,,S2_CLOSE_INVALIDATION,false,2.1571906354514927,0.5384615384614928,5,282,other_tf_refusals=136,false
IPO_1H_PLUS_4H,EUR/USD,1h,EUR/USD_2025-07-01,demand,2025-06-24T07:00:00Z,1.16053,1.16109,1.15796,1.15924,1.16109,1.159525,1.159525,2025-06-25T09:00:00Z,2025-06-25T09:00:00Z,1.159525,1.15796,1.1626549999999995,0.0015649999999998165,2025-06-25T09:27:00Z,2025-06-25T15:02:00Z,,2025-06-25T15:02:00Z,1.1626549999999995,TARGET,2,0.10223642172525162,1.8977635782747484,HTF_UNAMBIGUOUS,,TARGET,false,0.3354632587859094,2.220447284345383,6,335,other_tf_refusals=136,false
IPO_1H_PLUS_4H,EUR/USD,1h,EUR/USD_2025-07-01,supply,2025-06-24T17:00:00Z,1.1624,1.1633,1.1622,1.16256,1.16275,1.1622,1.16275,2025-06-25T16:00:00Z,2025-06-25T16:00:00Z,1.16275,1.1633,1.1616499999999998,0.0005500000000000504,2025-06-25T16:01:00Z,,2025-06-25T17:00:00Z,2025-06-25T17:00:00Z,1.16422,S2_CLOSE_INVALIDATION,-2.6727272727271774,0.29090909090906425,-2.9636363636362417,HTF_UNAMBIGUOUS,,S2_CLOSE_INVALIDATION,false,3.054545454545403,1.4909090909090321,1,59,other_tf_refusals=136,false
IPO_1H_PLUS_4H,EUR/USD,1h,EUR/USD_2025-07-01,demand,2025-06-26T00:00:00Z,1.1683,1.1689,1.16795,1.16828,1.1689,1.168425,1.168425,2025-06-26T05:00:00Z,2025-06-26T05:00:00Z,1.168425,1.16795,1.169375,0.0004750000000000032,2025-06-26T05:00:00Z,2025-06-26T06:53:00Z,,2025-06-26T06:53:00Z,1.169375,TARGET,2,0.33684210526315567,1.6631578947368444,HTF_UNAMBIGUOUS,,TARGET,false,2.768421052631466,3.378947368420728,1,113,other_tf_refusals=136,false
IPO_1H_PLUS_4H,EUR/USD,1h,EUR/USD_2025-07-01,demand,2025-06-26T11:00:00Z,1.17153,1.17161,1.16935,1.16948,1.17161,1.17048,1.17048,2025-06-26T19:00:00Z,2025-06-26T19:00:00Z,1.17048,1.16935,1.1727400000000001,0.0011300000000000754,2025-06-26T19:19:00Z,,2025-06-26T22:00:00Z,2025-06-26T22:00:00Z,1.1683,S2_CLOSE_INVALIDATION,-1.9292035398229428,0.14159292035397286,-2.0707964601769158,HTF_UNAMBIGUOUS,,S2_CLOSE_INVALIDATION,false,2.1238938053095553,1.415929203539769,3,161,other_tf_refusals=136,false
IPO_1H_PLUS_4H,EUR/USD,1h,EUR/USD_2025-07-01,demand,2025-06-26T00:00:00Z,1.1683,1.1689,1.16795,1.16828,1.1689,1.168425,1.168425,2025-06-26T23:00:00Z,2025-06-26T23:00:00Z,1.168425,1.16795,1.169375,0.0004750000000000032,2025-06-26T23:00:00Z,2025-06-26T23:15:00Z,,2025-06-26T23:15:00Z,1.169375,TARGET,2,0.33684210526315567,1.6631578947368444,HTF_UNAMBIGUOUS,,TARGET,false,0.3263157894739499,3.042105263157703,0,15,other_tf_refusals=136,false
IPO_1H_PLUS_4H,EUR/USD,1h,EUR/USD_2025-07-01,demand,2025-06-26T04:00:00Z,1.16945,1.16949,1.16782,1.168,1.16949,1.168655,1.168655,2025-06-27T02:00:00Z,2025-06-27T02:00:00Z,1.168655,1.16782,1.1703249999999998,0.0008349999999999191,2025-06-27T02:40:00Z,2025-06-27T03:04:00Z,,2025-06-27T03:04:00Z,1.1703249999999998,TARGET,2,0.19161676646708445,1.8083832335329155,HTF_UNAMBIGUOUS,,TARGET,false,0.07784431137723118,2.2814371257487784,0,24,other_tf_refusals=136,false
IPO_1H_PLUS_4H,EUR/USD,1h,EUR/USD_2025-07-01,demand,2025-06-26T00:00:00Z,1.1683,1.1689,1.16795,1.16828,1.1689,1.168425,1.168425,2025-06-27T06:00:00Z,2025-06-27T06:00:00Z,1.168425,1.16795,1.169375,0.0004750000000000032,2025-06-27T06:06:00Z,2025-06-27T06:15:00Z,,2025-06-27T06:15:00Z,1.169375,TARGET,2,0.33684210526315567,1.6631578947368444,HTF_UNAMBIGUOUS,,TARGET,false,0.2421052631580768,7.252631578947152,0,9,other_tf_refusals=136,false
IPO_1H_PLUS_4H,EUR/USD,1h,EUR/USD_2025-07-01,demand,2025-06-30T03:00:00Z,1.17188,1.17227,1.17114,1.17126,1.17227,1.171705,1.171705,2025-06-30T08:00:00Z,2025-06-30T08:00:00Z,1.171705,1.17114,1.1728349999999998,0.0005649999999999267,2025-06-30T08:27:00Z,2025-06-30T08:57:00Z,,2025-06-30T08:57:00Z,1.1728349999999998,TARGET,2,0.2831858407080014,1.7168141592919985,HTF_UNAMBIGUOUS,,TARGET,false,0.6283185840710642,2.3982300884958776,0,30,other_tf_refusals=136,false
IPO_1H_PLUS_4H,EUR/USD,1h,EUR/USD_2025-07-01,demand,2025-06-30T03:00:00Z,1.17188,1.17227,1.17114,1.17126,1.17227,1.171705,1.171705,2025-06-30T10:00:00Z,2025-06-30T10:00:00Z,1.171705,1.17114,1.1728349999999998,0.0005649999999999267,2025-06-30T10:05:00Z,2025-06-30T11:02:00Z,,2025-06-30T11:02:00Z,1.1728349999999998,TARGET,2,0.2831858407080014,1.7168141592919985,HTF_UNAMBIGUOUS,,TARGET,false,0.18584070796466437,2.628318584071064,1,57,other_tf_refusals=136,false
IPO_1H_PLUS_4H,EUR/USD,1h,EUR/USD_2025-07-01,demand,2025-06-30T03:00:00Z,1.17188,1.17227,1.17114,1.17126,1.17227,1.171705,1.171705,2025-06-30T12:00:00Z,2025-06-30T12:00:00Z,1.171705,1.17114,1.1728349999999998,0.0005649999999999267,2025-06-30T12:10:00Z,2025-06-30T14:17:00Z,,2025-06-30T14:17:00Z,1.1728349999999998,TARGET,2,0.2831858407080014,1.7168141592919985,HTF_UNAMBIGUOUS,,TARGET,false,1.7787610619469965,6.008849557522969,2,127,other_tf_refusals=136,false
IPO_1H_PLUS_4H,EUR/USD,4h,EUR/USD_2025-07-01,demand,2025-03-18T08:00:00Z,1.093507,1.0955,1.09141,1.09164,1.0955,1.093455,1.093455,2025-03-19T00:00:00Z,2025-03-19T00:00:00Z,1.093455,1.09141,1.0975450000000002,0.0020450000000000745,2025-03-19T00:07:00Z,,2025-03-19T04:00:00Z,2025-03-19T04:00:00Z,1.08924,S2_CLOSE_INVALIDATION,-2.061124694376492,0.07823960880195314,-2.139364303178445,HTF_UNAMBIGUOUS,,S2_CLOSE_INVALIDATION,false,3.0195599022003994,0.5354523227382916,1,233,other_tf_refusals=28,false
IPO_1H_PLUS_4H,EUR/USD,4h,EUR/USD_2025-07-01,demand,2025-03-17T04:00:00Z,1.08835,1.08944,1.08684,1.08765,1.08944,1.08814,1.08814,2025-03-19T12:00:00Z,2025-03-19T12:00:00Z,1.08814,1.08684,1.0907400000000003,0.0013000000000000789,2025-03-19T15:35:00Z,2025-03-19T18:42:00Z,2025-03-20T08:00:00Z,2025-03-19T18:42:00Z,1.0907400000000003,TARGET,2,0.12307692307691562,1.8769230769230845,1M_RESOLVED,,TARGET,false,0.47692307692309793,2.815384615384442,0,187,other_tf_refusals=28,false
IPO_1H_PLUS_4H,EUR/USD,4h,EUR/USD_2025-07-01,demand,2025-03-17T04:00:00Z,1.08835,1.08944,1.08684,1.08765,1.08944,1.08814,1.08814,2025-03-20T04:00:00Z,2025-03-20T04:00:00Z,1.08814,1.08684,1.0907400000000003,0.0013000000000000789,2025-03-20T07:29:00Z,,2025-03-20T08:00:00Z,2025-03-20T08:00:00Z,1.08499,S2_CLOSE_INVALIDATION,-2.4230769230769362,0.12307692307691562,-2.5461538461538518,HTF_UNAMBIGUOUS,,TARGET,true,1.3000000000000682,2.269230769230467,0,31,other_tf_refusals=28,false
IPO_1H_PLUS_4H,EUR/USD,4h,EUR/USD_2025-07-01,demand,2025-03-10T04:00:00Z,1.08317,1.08452,1.08105,1.0823,1.08452,1.0827849999999999,1.0827849999999999,2025-03-21T08:00:00Z,2025-03-21T08:00:00Z,1.0827849999999999,1.08105,1.0862549999999995,0.00173499999999982,2025-03-21T08:19:00Z,,2025-03-21T12:00:00Z,2025-03-21T12:00:00Z,1.08068,S2_CLOSE_INVALIDATION,-1.2132564841498674,0.09221902017292023,-1.3054755043227877,HTF_UNAMBIGUOUS,,S2_CLOSE_INVALIDATION,false,1.8299711815563442,1.9567723342941723,1,221,other_tf_refusals=28,false
IPO_1H_PLUS_4H,EUR/USD,4h,EUR/USD_2025-07-01,demand,2025-03-06T00:00:00Z,1.079417,1.08206,1.07869,1.079012,1.08206,1.080375,1.080375,2025-03-24T12:00:00Z,2025-03-24T12:00:00Z,1.080375,1.07869,1.0837450000000004,0.0016850000000001586,2025-03-24T13:51:00Z,,2025-03-26T00:00:00Z,2025-03-26T00:00:00Z,1.07861,S2_CLOSE_INVALIDATION,-1.047477744807033,0.09495548961423439,-1.1424332344212673,HTF_UNAMBIGUOUS,,S2_CLOSE_INVALIDATION,false,1.6053412462907566,1.8486646884271132,9,2049,other_tf_refusals=28,false
IPO_1H_PLUS_4H,EUR/USD,4h,EUR/USD_2025-07-01,supply,2025-03-26T08:00:00Z,1.07864,1.08031,1.07851,1.07925,1.0794100000000002,1.07851,1.0794100000000002,2025-03-27T12:00:00Z,2025-03-27T12:00:00Z,1.0794100000000002,1.08031,1.0776100000000004,0.0008999999999999009,2025-03-27T12:14:00Z,2025-03-27T13:55:00Z,2025-03-28T12:00:00Z,2025-03-27T13:55:00Z,1.0776100000000004,TARGET,2,0.17777777777779738,1.8222222222222026,1M_RESOLVED,,TARGET,false,3.055555555555679,2.0000000000004934,0,101,other_tf_refusals=28,false
IPO_1H_PLUS_4H,EUR/USD,4h,EUR/USD_2025-07-01,supply,2025-03-26T08:00:00Z,1.07864,1.08031,1.07851,1.07925,1.0794100000000002,1.07851,1.0794100000000002,2025-03-28T04:00:00Z,2025-03-28T04:00:00Z,1.0794100000000002,1.08031,1.0776100000000004,0.0008999999999999009,2025-03-28T07:19:00Z,2025-03-28T08:30:00Z,2025-03-28T12:00:00Z,2025-03-28T08:30:00Z,1.0776100000000004,TARGET,2,0.17777777777779738,1.8222222222222026,1M_RESOLVED,,TARGET,false,0.6888888888887902,3.3111111111117033,1,71,other_tf_refusals=28,false
IPO_1H_PLUS_4H,EUR/USD,4h,EUR/USD_2025-07-01,demand,2025-03-28T08:00:00Z,1.078702,1.0797,1.07643,1.07721,1.0797,1.078065,1.078065,2025-04-01T08:00:00Z,2025-04-01T08:00:00Z,1.078065,1.07643,1.0813350000000002,0.001635000000000053,2025-04-01T11:42:00Z,2025-04-02T12:41:00Z,,2025-04-02T12:41:00Z,1.0813350000000002,TARGET,2,0.09785932721712222,1.9021406727828778,HTF_UNAMBIGUOUS,,TARGET,false,0.15596330275235962,2.993883792048754,0,1499,other_tf_refusals=28,false
IPO_1H_PLUS_4H,EUR/USD,4h,EUR/USD_2025-07-01,supply,2025-03-19T08:00:00Z,1.08927,1.09136,1.08912,1.0909,1.09024,1.08912,1.09024,2025-04-02T20:00:00Z,2025-04-02T20:00:00Z,1.09024,1.09136,1.088,0.0011200000000000099,2025-04-02T20:17:00Z,2025-04-02T20:25:00Z,2025-04-03T00:00:00Z,2025-04-02T20:25:00Z,1.088,TARGET,2,0.1428571428571416,1.8571428571428583,1M_RESOLVED,,TARGET,false,1.0937499999998204,8.177678571428624,0,8,other_tf_refusals=28,false
IPO_1H_PLUS_4H,EUR/USD,4h,EUR/USD_2025-07-01,demand,2025-04-07T17:00:00Z,1.093853,1.09517,1.090513,1.090631,1.09517,1.0928415,1.0928415,2025-04-09T17:00:00Z,2025-04-09T17:00:00Z,1.0928415,1.090513,1.0974985,0.0023284999999999556,2025-04-09T18:07:00Z,2025-04-09T18:43:00Z,,2025-04-09T18:43:00Z,1.0974985,TARGET,2,0.06871376422589781,1.931286235774102,HTF_UNAMBIGUOUS,,TARGET,false,0.1814472836590081,5.367618638608635,0,36,other_tf_refusals=28,false
IPO_1H_PLUS_4H,EUR/USD,4h,EUR/USD_2025-07-01,supply,2025-04-30T09:00:00Z,1.13718,1.13893,1.13557,1.13726,1.1372499999999999,1.13557,1.1372499999999999,2025-05-02T13:00:00Z,2025-05-02T13:00:00Z,1.1372499999999999,1.13893,1.1338899999999996,0.0016800000000001258,2025-05-02T13:48:00Z,2025-05-02T15:24:00Z,2025-05-25T21:00:00Z,2025-05-02T15:24:00Z,1.1338899999999996,TARGET,2,0.09523809523808811,1.904761904761912,1M_RESOLVED,,TARGET,false,0.5357142857143188,3.4523809523805777,0,96,other_tf_refusals=28,false
IPO_1H_PLUS_4H,EUR/USD,4h,EUR/USD_2025-07-01,demand,2025-04-15T13:00:00Z,1.13135,1.13314,1.12689,1.1279,1.13314,1.130015,1.130015,2025-05-05T13:00:00Z,2025-05-05T13:00:00Z,1.130015,1.12689,1.136265,0.0031250000000000444,2025-05-05T16:09:00Z,2025-05-06T14:16:00Z,2025-05-08T13:00:00Z,2025-05-06T14:16:00Z,1.136265,TARGET,2,0.051199999999999274,1.9488000000000008,1M_RESOLVED,,TARGET,false,0.03999999999997726,2.0751999999999944,0,1327,other_tf_refusals=28,false
IPO_1H_PLUS_4H,EUR/USD,4h,EUR/USD_2025-07-01,supply,2025-05-09T05:00:00Z,1.12279,1.12597,1.12181,1.12564,1.1238899999999998,1.12181,1.1238899999999998,2025-05-11T21:00:00Z,2025-05-11T21:00:00Z,1.1238899999999998,1.12597,1.1197299999999997,0.002080000000000082,2025-05-12T00:49:00Z,2025-05-12T07:00:00Z,2025-05-20T17:00:00Z,2025-05-12T07:00:00Z,1.1197299999999997,TARGET,2,0.0769230769230739,1.923076923076926,1M_RESOLVED,,TARGET,false,0.2163461538461749,7.552884615384266,2,371,other_tf_refusals=28,false
IPO_1H_PLUS_4H,EUR/USD,4h,EUR/USD_2025-07-01,supply,2025-05-09T05:00:00Z,1.12279,1.12597,1.12181,1.12564,1.1238899999999998,1.12181,1.1238899999999998,2025-05-14T05:00:00Z,2025-05-14T05:00:00Z,1.1238899999999998,1.12597,1.1197299999999997,0.002080000000000082,2025-05-14T08:08:00Z,2025-05-14T16:40:00Z,2025-05-20T17:00:00Z,2025-05-14T16:40:00Z,1.1197299999999997,TARGET,2,0.0769230769230739,1.923076923076926,1M_RESOLVED,,TARGET,false,0.6586538461538651,2.8317307692305276,0,512,other_tf_refusals=28,false
IPO_1H_PLUS_4H,EUR/USD,4h,EUR/USD_2025-07-01,supply,2025-05-09T05:00:00Z,1.12279,1.12597,1.12181,1.12564,1.1238899999999998,1.12181,1.1238899999999998,2025-05-19T05:00:00Z,2025-05-19T05:00:00Z,1.1238899999999998,1.12597,1.1197299999999997,0.002080000000000082,2025-05-19T07:34:00Z,,2025-05-20T17:00:00Z,2025-05-20T17:00:00Z,1.12839,S2_CLOSE_INVALIDATION,-2.163461538461535,0.0769230769230739,-2.240384615384609,HTF_UNAMBIGUOUS,,TARGET,true,1,3.028846153845915,0,2006,other_tf_refusals=28,false
IPO_1H_PLUS_4H,EUR/USD,4h,EUR/USD_2025-07-01,supply,2025-05-09T05:00:00Z,1.12279,1.12597,1.12181,1.12564,1.1238899999999998,1.12181,1.1238899999999998,2025-05-19T13:00:00Z,2025-05-19T13:00:00Z,1.1238899999999998,1.12597,1.1197299999999997,0.002080000000000082,2025-05-19T13:00:00Z,,2025-05-20T17:00:00Z,2025-05-20T17:00:00Z,1.12839,S2_CLOSE_INVALIDATION,-2.163461538461535,0.0769230769230739,-2.240384615384609,HTF_UNAMBIGUOUS,,S2_CLOSE_INVALIDATION,false,2.307692307692283,1.019230769230681,7,1680,other_tf_refusals=28,false
IPO_1H_PLUS_4H,EUR/USD,4h,EUR/USD_2025-07-01,supply,2025-05-08T01:00:00Z,1.13099,1.13368,1.13081,1.13181,1.1322450000000002,1.13081,1.1322450000000002,2025-05-21T01:00:00Z,2025-05-21T01:00:00Z,1.1322450000000002,1.13368,1.1293750000000005,0.001434999999999853,2025-05-21T02:13:00Z,,2025-05-21T13:00:00Z,2025-05-21T13:00:00Z,1.13404,S2_CLOSE_INVALIDATION,-1.25087108013934,0.11149825783973268,-1.3623693379790727,HTF_UNAMBIGUOUS,,TARGET,true,1.28571428571433,2.5052264808366584,0,647,other_tf_refusals=28,false
IPO_1H_PLUS_4H,EUR/USD,4h,EUR/USD_2025-07-01,demand,2025-05-23T09:00:00Z,1.13419,1.13767,1.12971,1.13335,1.13767,1.13369,1.13369,2025-05-27T13:00:00Z,2025-05-27T13:00:00Z,1.13369,1.12971,1.1416500000000003,0.003980000000000095,2025-05-27T15:04:00Z,,2025-05-28T13:00:00Z,2025-05-28T13:00:00Z,1.12937,S2_CLOSE_INVALIDATION,-1.0854271356783918,0.04020100502512468,-1.1256281407035165,HTF_UNAMBIGUOUS,,S2_CLOSE_INVALIDATION,false,1.3442211055276534,0.9824120603014486,6,1316,other_tf_refusals=28,false
IPO_1H_PLUS_4H,EUR/USD,4h,EUR/USD_2025-07-01,demand,2025-05-22T13:00:00Z,1.12951,1.13094,1.12656,1.12689,1.13094,1.1287500000000001,1.1287500000000001,2025-05-28T17:00:00Z,2025-05-28T17:00:00Z,1.1287500000000001,1.12656,1.1331300000000004,0.0021900000000001363,2025-05-28T18:21:00Z,,2025-05-28T21:00:00Z,2025-05-28T21:00:00Z,1.1236,S2_CLOSE_INVALIDATION,-2.3515981735159315,0.07305936073058907,-2.4246575342465206,HTF_UNAMBIGUOUS,,S2_CLOSE_INVALIDATION,false,3.5342465753422823,0.6255707762556101,1,159,other_tf_refusals=28,false
IPO_1H_PLUS_4H,EUR/USD,4h,EUR/USD_2025-07-01,demand,2025-05-20T09:00:00Z,1.12584,1.12673,1.12233,1.12344,1.12673,1.12453,1.12453,2025-05-29T05:00:00Z,2025-05-29T05:00:00Z,1.12453,1.12233,1.12893,0.0021999999999999797,2025-05-29T05:14:00Z,2025-05-29T10:19:00Z,,2025-05-29T10:19:00Z,1.12893,TARGET,2,0.0727272727272734,1.9272727272727266,HTF_UNAMBIGUOUS,,TARGET,false,0.681818181818214,4.77727272727278,1,305,other_tf_refusals=28,false
IPO_1H_PLUS_4H,EUR/USD,4h,EUR/USD_2025-07-01,supply,2025-04-22T01:00:00Z,1.14907,1.15411,1.14856,1.15314,1.151335,1.14856,1.151335,2025-06-12T01:00:00Z,2025-06-12T01:00:00Z,1.151335,1.15411,1.145785,0.002774999999999972,2025-06-12T01:00:00Z,,2025-06-12T05:00:00Z,2025-06-12T05:00:00Z,1.15452,S2_CLOSE_INVALIDATION,-1.147747747747757,0.05765765765765825,-1.205405405405415,HTF_UNAMBIGUOUS,,S2_CLOSE_INVALIDATION,false,1.2342342342342507,0.2756756756756441,1,240,other_tf_refusals=28,false
IPO_1H_PLUS_4H,EUR/USD,4h,EUR/USD_2025-07-01,demand,2025-06-12T01:00:00Z,1.15213,1.15295,1.15063,1.15155,1.15295,1.15179,1.15179,2025-06-13T01:00:00Z,2025-06-13T01:00:00Z,1.15179,1.15063,1.1541100000000002,0.0011600000000000499,2025-06-13T04:27:00Z,2025-06-13T06:05:00Z,2025-06-17T13:00:00Z,2025-06-13T06:05:00Z,1.1541100000000002,TARGET,2,0.1379310344827527,1.8620689655172473,1M_RESOLVED,,TARGET,false,0.3534482758620723,3.706896551723953,0,98,other_tf_refusals=28,false
IPO_1H_PLUS_4H,EUR/USD,4h,EUR/USD_2025-07-01,demand,2025-06-11T17:00:00Z,1.14899,1.15,1.14791,1.14876,1.15,1.148955,1.148955,2025-06-13T09:00:00Z,2025-06-13T09:00:00Z,1.148955,1.14791,1.1510449999999999,0.0010449999999999626,2025-06-13T10:49:00Z,2025-06-13T11:46:00Z,2025-06-19T01:00:00Z,2025-06-13T11:46:00Z,1.1510449999999999,TARGET,2,0.15311004784689544,1.8468899521531046,1M_RESOLVED,,TARGET,false,0.08133971291855863,4.502392344497729,0,57,other_tf_refusals=28,false
IPO_1H_PLUS_4H,EUR/USD,4h,EUR/USD_2025-07-01,demand,2025-06-11T17:00:00Z,1.14899,1.15,1.14791,1.14876,1.15,1.148955,1.148955,2025-06-17T21:00:00Z,2025-06-17T21:00:00Z,1.148955,1.14791,1.1510449999999999,0.0010449999999999626,2025-06-17T21:00:00Z,2025-06-18T06:16:00Z,2025-06-19T01:00:00Z,2025-06-18T06:16:00Z,1.1510449999999999,TARGET,2,0.15311004784689544,1.8468899521531046,1M_RESOLVED,,TARGET,false,1.4593301435407207,3.2966507177036033,2,556,other_tf_refusals=28,false
IPO_1H_PLUS_4H,EUR/USD,4h,EUR/USD_2025-07-01,demand,2025-06-11T17:00:00Z,1.14899,1.15,1.14791,1.14876,1.15,1.148955,1.148955,2025-06-18T13:00:00Z,2025-06-18T13:00:00Z,1.148955,1.14791,1.1510449999999999,0.0010449999999999626,2025-06-18T13:42:00Z,2025-06-18T14:04:00Z,2025-06-19T01:00:00Z,2025-06-18T14:04:00Z,1.1510449999999999,TARGET,2,0.15311004784689544,1.8468899521531046,1M_RESOLVED,,TARGET,false,0.5311004784687856,3.9569377990432035,0,22,other_tf_refusals=28,false
IPO_1H_PLUS_4H,EUR/USD,4h,EUR/USD_2025-07-01,supply,2025-06-20T13:00:00Z,1.15128,1.15375,1.14948,1.1536,1.151615,1.14948,1.151615,2025-06-23T05:00:00Z,2025-06-23T05:00:00Z,1.151615,1.15375,1.147345,0.002134999999999998,2025-06-23T06:00:00Z,2025-06-23T09:04:00Z,2025-06-23T13:00:00Z,2025-06-23T09:04:00Z,1.147345,TARGET,2,0.07494145199063239,1.9250585480093676,1M_RESOLVED,,TARGET,false,0.25058548009365467,2.9437939110070737,1,184,other_tf_refusals=28,false
IPO_1H_PLUS_4H,EUR/USD,4h,EUR/USD_2025-07-01,supply,2025-06-17T01:00:00Z,1.15502,1.15677,1.15454,1.15613,1.1556549999999999,1.15454,1.1556549999999999,2025-06-23T13:00:00Z,2025-06-23T13:00:00Z,1.1556549999999999,1.15677,1.1534249999999995,0.0011150000000001992,2025-06-23T16:46:00Z,,2025-06-23T17:00:00Z,2025-06-23T17:00:00Z,1.15776,S2_CLOSE_INVALIDATION,-1.8878923766812983,0.143497757847508,-2.0313901345288063,HTF_UNAMBIGUOUS,,TARGET,true,0.1300448430493595,8.255605381164361,0,14,other_tf_refusals=28,false
IPO_1H_PLUS_4H,EUR/USD,4h,EUR/USD_2025-07-01,supply,2025-06-16T13:00:00Z,1.1584,1.16153,1.15781,1.15843,1.15967,1.15781,1.15967,2025-06-24T01:00:00Z,2025-06-24T01:00:00Z,1.15967,1.16153,1.15595,0.0018599999999999728,2025-06-24T01:00:00Z,,2025-06-24T13:00:00Z,2025-06-24T13:00:00Z,1.16241,S2_CLOSE_INVALIDATION,-1.473118279569895,0.08602150537634536,-1.5591397849462403,HTF_UNAMBIGUOUS,,S2_CLOSE_INVALIDATION,false,2.44623655913985,0.9193548387096254,3,720,other_tf_refusals=28,false
IPO_1H_PLUS_4H,EUR/USD,1h,EUR/USD_2025-11-01,supply,2025-07-04T13:00:00Z,1.1767,1.17811,1.17664,1.17796,1.177375,1.17664,1.177375,2025-07-23T18:00:00Z,2025-07-23T18:00:00Z,1.177375,1.17811,1.1759050000000002,0.0007349999999999302,2025-07-23T18:48:00Z,2025-07-24T06:57:00Z,2025-09-16T06:00:00Z,2025-07-24T06:57:00Z,1.1759050000000002,TARGET,2,0.21768707482995267,1.7823129251700474,1M_RESOLVED,,TARGET,false,0.8367346938776743,2.2925170068031546,12,729,other_tf_refusals=120,false
IPO_1H_PLUS_4H,EUR/USD,1h,EUR/USD_2025-11-01,supply,2025-07-04T13:00:00Z,1.1767,1.17811,1.17664,1.17796,1.177375,1.17664,1.177375,2025-07-24T13:00:00Z,2025-07-24T13:00:00Z,1.177375,1.17811,1.1759050000000002,0.0007349999999999302,2025-07-24T13:52:00Z,2025-07-24T15:13:00Z,2025-09-16T06:00:00Z,2025-07-24T15:13:00Z,1.1759050000000002,TARGET,2,0.21768707482995267,1.7823129251700474,1M_RESOLVED,,TARGET,false,0.41496598639459686,5.843537414966759,0,81,other_tf_refusals=120,false
IPO_1H_PLUS_4H,EUR/USD,1h,EUR/USD_2025-11-01,supply,2025-07-04T13:00:00Z,1.1767,1.17811,1.17664,1.17796,1.177375,1.17664,1.177375,2025-07-24T15:00:00Z,2025-07-24T15:00:00Z,1.177375,1.17811,1.1759050000000002,0.0007349999999999302,2025-07-24T15:25:00Z,2025-07-24T16:26:00Z,2025-09-16T06:00:00Z,2025-07-24T16:26:00Z,1.1759050000000002,TARGET,2,0.21768707482995267,1.7823129251700474,1M_RESOLVED,,TARGET,false,0.6462585034014263,2.496598639456062,0,61,other_tf_refusals=120,false
IPO_1H_PLUS_4H,EUR/USD,1h,EUR/USD_2025-11-01,supply,2025-07-04T13:00:00Z,1.1767,1.17811,1.17664,1.17796,1.177375,1.17664,1.177375,2025-07-24T17:00:00Z,2025-07-24T17:00:00Z,1.177375,1.17811,1.1759050000000002,0.0007349999999999302,2025-07-24T17:41:00Z,2025-07-24T19:58:00Z,2025-09-16T06:00:00Z,2025-07-24T19:58:00Z,1.1759050000000002,TARGET,2,0.21768707482995267,1.7823129251700474,1M_RESOLVED,,TARGET,false,0.5374149659863411,2.1428571428574883,2,137,other_tf_refusals=120,false
IPO_1H_PLUS_4H,EUR/USD,1h,EUR/USD_2025-11-01,supply,2025-07-24T13:00:00Z,1.17363,1.17768,1.17308,1.17718,1.17538,1.17308,1.17538,2025-07-24T20:00:00Z,2025-07-24T20:00:00Z,1.17538,1.17768,1.1707800000000002,0.0022999999999999687,2025-07-24T20:00:00Z,2025-07-25T13:05:00Z,2025-09-09T05:00:00Z,2025-07-25T13:05:00Z,1.1707800000000002,TARGET,2,0.06956521739130529,1.9304347826086947,1M_RESOLVED,,TARGET,false,0.3043478260869271,2.200000000000058,17,1025,other_tf_refusals=120,false
IPO_1H_PLUS_4H,EUR/USD,1h,EUR/USD_2025-11-01,supply,2025-07-24T13:00:00Z,1.17363,1.17768,1.17308,1.17718,1.17538,1.17308,1.17538,2025-07-27T23:00:00Z,2025-07-27T23:00:00Z,1.17538,1.17768,1.1707800000000002,0.0022999999999999687,2025-07-27T23:00:00Z,2025-07-28T07:30:00Z,2025-09-09T05:00:00Z,2025-07-28T07:30:00Z,1.1707800000000002,TARGET,2,0.06956521739130529,1.9304347826086947,1M_RESOLVED,,TARGET,false,0.708695652173835,3.5913043478262034,8,510,other_tf_refusals=120,false
IPO_1H_PLUS_4H,EUR/USD,1h,EUR/USD_2025-11-01,demand,2025-07-21T13:00:00Z,1.16653,1.16662,1.16575,1.16651,1.16662,1.166185,1.166185,2025-07-28T09:00:00Z,2025-07-28T09:00:00Z,1.166185,1.16575,1.167055,0.0004349999999999632,2025-07-28T09:36:00Z,2025-07-28T09:49:00Z,2025-07-28T11:00:00Z,2025-07-28T09:49:00Z,1.167055,TARGET,2,0.3678160919540541,1.632183908045946,1M_RESOLVED,,TARGET,false,0.839080459770068,5.183908045977211,0,13,other_tf_refusals=120,false
IPO_1H_PLUS_4H,EUR/USD,1h,EUR/USD_2025-11-01,demand,2025-07-21T08:00:00Z,1.16434,1.16528,1.16361,1.16424,1.16528,1.1644450000000002,1.1644450000000002,2025-07-28T11:00:00Z,2025-07-28T11:00:00Z,1.1644450000000002,1.16361,1.1661150000000005,0.0008350000000001412,2025-07-28T11:33:00Z,2025-07-28T12:01:00Z,2025-07-28T13:00:00Z,2025-07-28T12:01:00Z,1.1661150000000005,TARGET,2,0.1916167664670335,1.8083832335329666,1M_RESOLVED,,TARGET,false,0.0538922155689403,2.461077844310863,1,28,other_tf_refusals=120,false
IPO_1H_PLUS_4H,EUR/USD,1h,EUR/USD_2025-11-01,supply,2025-07-29T04:00:00Z,1.15828,1.15887,1.15746,1.15886,1.158165,1.15746,1.158165,2025-07-29T09:00:00Z,2025-07-29T09:00:00Z,1.158165,1.15887,1.1567549999999995,0.0007050000000001777,2025-07-29T09:29:00Z,2025-07-29T11:06:00Z,2025-08-01T21:00:00Z,2025-07-29T11:06:00Z,1.1567549999999995,TARGET,2,0.2269503546098719,1.773049645390128,1M_RESOLVED,,TARGET,false,0.4184397163121729,2.631205673758117,0,97,other_tf_refusals=120,false
IPO_1H_PLUS_4H,EUR/USD,1h,EUR/USD_2025-11-01,supply,2025-07-31T11:00:00Z,1.14397,1.14516,1.14356,1.14488,1.1443599999999998,1.14356,1.1443599999999998,2025-07-31T14:00:00Z,2025-07-31T14:00:00Z,1.1443599999999998,1.14516,1.1427599999999996,0.0008000000000001339,2025-07-31T14:44:00Z,2025-07-31T15:50:00Z,2025-08-01T12:00:00Z,2025-07-31T15:50:00Z,1.1427599999999996,TARGET,2,0.19999999999996654,1.8000000000000336,1M_RESOLVED,,TARGET,false,0.8249999999999931,4.587499999999032,0,66,other_tf_refusals=120,false
IPO_1H_PLUS_4H,EUR/USD,1h,EUR/USD_2025-11-01,supply,2025-07-31T14:00:00Z,1.14114,1.14502,1.14069,1.14456,1.142855,1.14069,1.142855,2025-07-31T19:00:00Z,2025-07-31T19:00:00Z,1.142855,1.14502,1.138525,0.0021649999999999725,2025-07-31T19:00:00Z,,2025-08-01T12:00:00Z,2025-08-01T12:00:00Z,1.1545,S2_CLOSE_INVALIDATION,-5.378752886836155,0.07390300230946976,-5.452655889145625,HTF_UNAMBIGUOUS,,S2_CLOSE_INVALIDATION,false,6.0207852193996745,1.7159353348729607,17,1020,other_tf_refusals=120,false
IPO_1H_PLUS_4H,EUR/USD,1h,EUR/USD_2025-11-01,supply,2025-07-29T04:00:00Z,1.15828,1.15887,1.15746,1.15886,1.158165,1.15746,1.158165,2025-08-01T13:00:00Z,2025-08-01T13:00:00Z,1.158165,1.15887,1.1567549999999995,0.0007050000000001777,2025-08-01T13:35:00Z,2025-08-01T13:38:00Z,2025-08-01T21:00:00Z,2025-08-01T13:38:00Z,1.1567549999999995,TARGET,2,0.2269503546098719,1.773049645390128,1M_RESOLVED,,TARGET,false,0.30496453900712345,6.375886524820968,0,3,other_tf_refusals=120,false
IPO_1H_PLUS_4H,EUR/USD,1h,EUR/USD_2025-11-01,supply,2025-07-30T00:00:00Z,1.15514,1.15676,1.15508,1.15671,1.15592,1.15508,1.15592,2025-08-01T14:00:00Z,2025-08-01T14:00:00Z,1.15592,1.15676,1.1542400000000002,0.0008399999999999519,2025-08-01T14:00:00Z,2025-08-01T15:26:00Z,2025-08-01T19:00:00Z,2025-08-01T15:26:00Z,1.1542400000000002,TARGET,2,0.1904761904762014,1.8095238095237987,1M_RESOLVED,,TARGET,false,3.523809523809549,2.7380952380953576,1,86,other_tf_refusals=120,false
IPO_1H_PLUS_4H,EUR/USD,1h,EUR/USD_2025-11-01,supply,2025-07-30T00:00:00Z,1.15514,1.15676,1.15508,1.15671,1.15592,1.15508,1.15592,2025-08-01T16:00:00Z,2025-08-01T16:00:00Z,1.15592,1.15676,1.1542400000000002,0.0008399999999999519,2025-08-01T16:13:00Z,2025-08-01T16:37:00Z,2025-08-01T19:00:00Z,2025-08-01T16:37:00Z,1.1542400000000002,TARGET,2,0.1904761904762014,1.8095238095237987,1M_RESOLVED,,TARGET,false,0.6666666666665786,2.5714285714289113,0,24,other_tf_refusals=120,false
IPO_1H_PLUS_4H,EUR/USD,1h,EUR/USD_2025-11-01,supply,2025-07-29T04:00:00Z,1.15828,1.15887,1.15746,1.15886,1.158165,1.15746,1.158165,2025-08-01T19:00:00Z,2025-08-01T19:00:00Z,1.158165,1.15887,1.1567549999999995,0.0007050000000001777,2025-08-01T19:45:00Z,,2025-08-01T21:00:00Z,2025-08-01T21:00:00Z,1.15904,S2_CLOSE_INVALIDATION,-1.2411347517729938,0.2269503546098719,-1.4680851063828657,HTF_UNAMBIGUOUS,,TARGET,true,0.0921985815605495,8.191489361699869,0,75,other_tf_refusals=120,false
IPO_1H_PLUS_4H,EUR/USD,1h,EUR/USD_2025-11-01,supply,2025-07-29T02:00:00Z,1.15913,1.1599,1.15913,1.1597,1.1595149999999999,1.15913,1.1595149999999999,2025-08-01T20:00:00Z,2025-08-01T20:00:00Z,1.1595149999999999,1.1599,1.1587449999999997,0.0003850000000000797,2025-08-01T20:34:00Z,2025-08-01T20:41:00Z,2025-08-06T10:00:00Z,2025-08-01T20:41:00Z,1.1587449999999997,TARGET,2,0.41558441558432957,1.5844155844156704,1M_RESOLVED,,TARGET,false,0.6623376623378271,6.870129870127893,0,7,other_tf_refusals=120,false
IPO_1H_PLUS_4H,EUR/USD,1h,EUR/USD_2025-11-01,demand,2025-08-04T00:00:00Z,1.15877,1.1589,1.15558,1.15581,1.1589,1.15724,1.15724,2025-08-04T05:00:00Z,2025-08-04T05:00:00Z,1.15724,1.15558,1.16056,0.0016599999999999948,2025-08-04T05:00:00Z,,2025-08-05T05:00:00Z,2025-08-05T05:00:00Z,1.15471,S2_CLOSE_INVALIDATION,-1.5240963855422598,0.09638554216867501,-1.6204819277109348,HTF_UNAMBIGUOUS,,S2_CLOSE_INVALIDATION,false,1.716867469879535,1.0180722891566112,24,1440,other_tf_refusals=120,false
IPO_1H_PLUS_4H,EUR/USD,1h,EUR/USD_2025-11-01,demand,2025-08-01T18:00:00Z,1.15268,1.15481,1.15216,1.15261,1.15481,1.1534849999999999,1.1534849999999999,2025-08-05T07:00:00Z,2025-08-05T07:00:00Z,1.1534849999999999,1.15216,1.1561349999999995,0.0013249999999997986,2025-08-05T07:51:00Z,2025-08-05T14:54:00Z,,2025-08-05T14:54:00Z,1.1561349999999995,TARGET,2,0.12075471698115044,1.8792452830188495,HTF_UNAMBIGUOUS,,TARGET,false,0.1698113207546822,2.1320754716984958,0,423,other_tf_refusals=120,false
IPO_1H_PLUS_4H,EUR/USD,1h,EUR/USD_2025-11-01,demand,2025-08-01T18:00:00Z,1.15268,1.15481,1.15216,1.15261,1.15481,1.1534849999999999,1.1534849999999999,2025-08-05T09:00:00Z,2025-08-05T09:00:00Z,1.1534849999999999,1.15216,1.1561349999999995,0.0013249999999997986,2025-08-05T09:00:00Z,2025-08-05T14:54:00Z,,2025-08-05T14:54:00Z,1.1561349999999995,TARGET,2,0.12075471698115044,1.8792452830188495,HTF_UNAMBIGUOUS,,TARGET,false,0.5471698113207357,2.411320754717392,5,354,other_tf_refusals=120,false
IPO_1H_PLUS_4H,EUR/USD,1h,EUR/USD_2025-11-01,supply,2025-08-04T23:00:00Z,1.15802,1.1586,1.15779,1.15839,1.158195,1.15779,1.158195,2025-08-05T15:00:00Z,2025-08-05T15:00:00Z,1.158195,1.1586,1.157385,0.0004049999999999887,2025-08-05T15:21:00Z,2025-08-05T18:13:00Z,2025-08-06T10:00:00Z,2025-08-05T18:13:00Z,1.157385,TARGET,2,0.3950617283950728,1.6049382716049272,1M_RESOLVED,,TARGET,false,0.8024691358022661,4.7037037037039475,0,172,other_tf_refusals=120,false
IPO_1H_PLUS_4H,EUR/USD,1h,EUR/USD_2025-11-01,supply,2025-08-04T23:00:00Z,1.15802,1.1586,1.15779,1.15839,1.158195,1.15779,1.158195,2025-08-05T17:00:00Z,2025-08-05T17:00:00Z,1.158195,1.1586,1.157385,0.0004049999999999887,2025-08-05T17:00:00Z,2025-08-05T18:13:00Z,2025-08-06T10:00:00Z,2025-08-05T18:13:00Z,1.157385,TARGET,2,0.3950617283950728,1.6049382716049272,1M_RESOLVED,,TARGET,false,0.5061728395062135,2.9753086419756944,1,73,other_tf_refusals=120,false
IPO_1H_PLUS_4H,EUR/USD,1h,EUR/USD_2025-11-01,supply,2025-08-04T23:00:00Z,1.15802,1.1586,1.15779,1.15839,1.158195,1.15779,1.158195,2025-08-06T00:00:00Z,2025-08-06T00:00:00Z,1.158195,1.1586,1.157385,0.0004049999999999887,2025-08-06T00:03:00Z,2025-08-06T00:34:00Z,2025-08-06T10:00:00Z,2025-08-06T00:34:00Z,1.157385,TARGET,2,0.3950617283950728,1.6049382716049272,1M_RESOLVED,,TARGET,false,0.8765432098762792,2.283950617284174,0,31,other_tf_refusals=120,false
IPO_1H_PLUS_4H,EUR/USD,1h,EUR/USD_2025-11-01,supply,2025-08-04T23:00:00Z,1.15802,1.1586,1.15779,1.15839,1.158195,1.15779,1.158195,2025-08-06T03:00:00Z,2025-08-06T03:00:00Z,1.158195,1.1586,1.157385,0.0004049999999999887,2025-08-06T03:57:00Z,2025-08-06T07:15:00Z,2025-08-06T10:00:00Z,2025-08-06T07:15:00Z,1.157385,TARGET,2,0.3950617283950728,1.6049382716049272,1M_RESOLVED,,TARGET,false,0.061728395061586255,3.1234567901237207,0,198,other_tf_refusals=120,false
IPO_1H_PLUS_4H,EUR/USD,1h,EUR/USD_2025-11-01,supply,2025-08-04T23:00:00Z,1.15802,1.1586,1.15779,1.15839,1.158195,1.15779,1.158195,2025-08-06T05:00:00Z,2025-08-06T05:00:00Z,1.158195,1.1586,1.157385,0.0004049999999999887,2025-08-06T05:00:00Z,2025-08-06T07:15:00Z,2025-08-06T10:00:00Z,2025-08-06T07:15:00Z,1.157385,TARGET,2,0.3950617283950728,1.6049382716049272,1M_RESOLVED,,TARGET,false,1.716049382715826,2.6296296296299344,2,135,other_tf_refusals=120,false
IPO_1H_PLUS_4H,EUR/USD,1h,EUR/USD_2025-11-01,supply,2025-07-28T14:00:00Z,1.16331,1.16476,1.16305,1.16378,1.163905,1.16305,1.163905,2025-08-06T15:00:00Z,2025-08-06T15:00:00Z,1.163905,1.16476,1.1621949999999999,0.0008550000000000502,2025-08-06T15:09:00Z,,2025-08-06T17:00:00Z,2025-08-06T17:00:00Z,1.1649,S2_CLOSE_INVALIDATION,-1.1637426900585037,0.18713450292396563,-1.3508771929824694,HTF_UNAMBIGUOUS,,S2_CLOSE_INVALIDATION,false,1.9356725146197251,1.9239766081869005,2,111,other_tf_refusals=120,false
IPO_1H_PLUS_4H,EUR/USD,1h,EUR/USD_2025-11-01,supply,2025-07-28T12:00:00Z,1.16513,1.1665,1.1648,1.16577,1.16565,1.1648,1.16565,2025-08-06T18:00:00Z,2025-08-06T18:00:00Z,1.16565,1.1665,1.16395,0.0008500000000000174,2025-08-06T18:09:00Z,,2025-08-07T04:00:00Z,2025-08-07T04:00:00Z,1.16712,S2_CLOSE_INVALIDATION,-1.7294117647056826,0.18823529411764323,-1.9176470588233259,HTF_UNAMBIGUOUS,,S2_CLOSE_INVALIDATION,false,2.399999999999739,1.0235294117648595,10,591,other_tf_refusals=120,false
IPO_1H_PLUS_4H,EUR/USD,1h,EUR/USD_2025-11-01,supply,2025-07-28T08:00:00Z,1.16747,1.16901,1.1671,1.1679,1.168055,1.1671,1.168055,2025-08-07T08:00:00Z,2025-08-07T08:00:00Z,1.168055,1.16901,1.166145,0.0009550000000000392,2025-08-07T08:00:00Z,2025-08-07T11:08:00Z,2025-08-13T06:00:00Z,2025-08-07T11:08:00Z,1.166145,TARGET,2,0.16753926701569996,1.8324607329843001,1M_RESOLVED,,TARGET,false,1.921465968586341,4.884816753926649,3,188,other_tf_refusals=120,false
IPO_1H_PLUS_4H,EUR/USD,1h,EUR/USD_2025-11-01,demand,2025-08-07T14:00:00Z,1.16429,1.16503,1.1614,1.16235,1.16503,1.163215,1.163215,2025-08-08T09:00:00Z,2025-08-08T09:00:00Z,1.163215,1.1614,1.1668450000000004,0.001815000000000122,2025-08-08T09:21:00Z,2025-08-11T02:53:00Z,2025-08-11T14:00:00Z,2025-08-11T02:53:00Z,1.1668450000000004,TARGET,2,0.08815426997244587,1.9118457300275542,1M_RESOLVED,,TARGET,false,0.22865013774106133,2.0303030303028597,17,3932,other_tf_refusals=120,false
IPO_1H_PLUS_4H,EUR/USD,1h,EUR/USD_2025-11-01,demand,2025-08-07T14:00:00Z,1.16429,1.16503,1.1614,1.16235,1.16503,1.163215,1.163215,2025-08-11T11:00:00Z,2025-08-11T11:00:00Z,1.163215,1.1614,1.1668450000000004,0.001815000000000122,2025-08-11T11:36:00Z,,2025-08-11T14:00:00Z,2025-08-11T14:00:00Z,1.15971,S2_CLOSE_INVALIDATION,-1.9311294765839424,0.08815426997244587,-2.0192837465563884,HTF_UNAMBIGUOUS,,S2_CLOSE_INVALIDATION,false,2.344352617079798,0.8457300275480655,3,144,other_tf_refusals=120,false
IPO_1H_PLUS_4H,EUR/USD,1h,EUR/USD_2025-11-01,supply,2025-08-11T08:00:00Z,1.16473,1.16607,1.16439,1.16555,1.16523,1.16439,1.16523,2025-08-12T12:00:00Z,2025-08-12T12:00:00Z,1.16523,1.16607,1.16355,0.0008399999999999519,2025-08-12T12:41:00Z,2025-08-12T12:53:00Z,2025-08-12T15:00:00Z,2025-08-12T12:53:00Z,1.16355,TARGET,2,0.1904761904762014,1.8095238095237987,1M_RESOLVED,,TARGET,false,0.5357142857143896,6.178571428571816,0,12,other_tf_refusals=120,false
IPO_1H_PLUS_4H,EUR/USD,1h,EUR/USD_2025-11-01,supply,2025-08-11T08:00:00Z,1.16473,1.16607,1.16439,1.16555,1.16523,1.16439,1.16523,2025-08-12T14:00:00Z,2025-08-12T14:00:00Z,1.16523,1.16607,1.16355,0.0008399999999999519,2025-08-12T14:00:00Z,,2025-08-12T15:00:00Z,2025-08-12T15:00:00Z,1.16738,S2_CLOSE_INVALIDATION,-2.559523809524071,0.1904761904762014,-2.7500000000002722,HTF_UNAMBIGUOUS,,S2_CLOSE_INVALIDATION,false,5.380952380952784,1.2857142857143236,1,60,other_tf_refusals=120,false
IPO_1H_PLUS_4H,EUR/USD,1h,EUR/USD_2025-11-01,supply,2025-07-28T08:00:00Z,1.16747,1.16901,1.1671,1.1679,1.168055,1.1671,1.168055,2025-08-12T17:00:00Z,2025-08-12T17:00:00Z,1.168055,1.16901,1.166145,0.0009550000000000392,2025-08-12T17:46:00Z,,2025-08-13T06:00:00Z,2025-08-13T06:00:00Z,1.16928,S2_CLOSE_INVALIDATION,-1.2827225130889857,0.16753926701569996,-1.4502617801046855,HTF_UNAMBIGUOUS,,S2_CLOSE_INVALIDATION,false,1.7853403141358908,1.7120418848167394,13,734,other_tf_refusals=120,false
IPO_1H_PLUS_4H,EUR/USD,1h,EUR/USD_2025-11-01,demand,2025-08-13T12:00:00Z,1.17196,1.17222,1.16973,1.16989,1.17222,1.1709749999999999,1.1709749999999999,2025-08-13T16:00:00Z,2025-08-13T16:00:00Z,1.1709749999999999,1.16973,1.1734649999999998,0.0012449999999999406,2025-08-13T16:19:00Z,,2025-08-14T06:00:00Z,2025-08-14T06:00:00Z,1.16863,S2_CLOSE_INVALIDATION,-1.8835341365461296,0.12851405622490575,-2.012048192771035,HTF_UNAMBIGUOUS,,S2_CLOSE_INVALIDATION,false,1.9799196787149054,0.5261044176707658,14,821,other_tf_refusals=120,false
IPO_1H_PLUS_4H,EUR/USD,1h,EUR/USD_2025-11-01,demand,2025-08-12T21:00:00Z,1.1676,1.16809,1.16664,1.16745,1.16809,1.167365,1.167365,2025-08-14T09:00:00Z,2025-08-14T09:00:00Z,1.167365,1.16664,1.1688150000000002,0.0007250000000000867,2025-08-14T09:00:00Z,2025-08-14T10:21:00Z,2025-08-14T12:00:00Z,2025-08-14T10:21:00Z,1.1688150000000002,TARGET,2,0.22068965517238742,1.7793103448276126,1M_RESOLVED,,TARGET,false,0.7931034482757564,3.2758620689651474,1,81,other_tf_refusals=120,false
IPO_1H_PLUS_4H,EUR/USD,1h,EUR/USD_2025-11-01,demand,2025-08-14T16:00:00Z,1.16434,1.1646,1.16304,1.1634,1.1646,1.16382,1.16382,2025-08-20T00:00:00Z,2025-08-20T00:00:00Z,1.16382,1.16304,1.16538,0.0007800000000000029,2025-08-20T00:04:00Z,,2025-08-20T01:00:00Z,2025-08-20T01:00:00Z,1.16278,S2_CLOSE_INVALIDATION,-1.333333333333523,0.20512820512820437,-1.5384615384617275,HTF_UNAMBIGUOUS,,S2_CLOSE_INVALIDATION,false,1.4230769230771312,0.6153846153843745,1,56,other_tf_refusals=120,false
IPO_1H_PLUS_4H,EUR/USD,1h,EUR/USD_2025-11-01,supply,2025-08-19T22:00:00Z,1.16479,1.1652,1.16428,1.16491,1.16474,1.16428,1.16474,2025-08-20T08:00:00Z,2025-08-20T08:00:00Z,1.16474,1.1652,1.1638200000000003,0.00045999999999990493,2025-08-20T08:01:00Z,2025-08-20T08:27:00Z,2025-08-20T12:00:00Z,2025-08-20T08:27:00Z,1.1638200000000003,TARGET,2,0.34782608695659367,1.6521739130434063,1M_RESOLVED,,TARGET,false,0,3.521739130435895,0,26,other_tf_refusals=120,false
IPO_1H_PLUS_4H,EUR/USD,1h,EUR/USD_2025-11-01,supply,2025-08-19T22:00:00Z,1.16479,1.1652,1.16428,1.16491,1.16474,1.16428,1.16474,2025-08-20T10:00:00Z,2025-08-20T10:00:00Z,1.16474,1.1652,1.1638200000000003,0.00045999999999990493,2025-08-20T10:02:00Z,,2025-08-20T12:00:00Z,2025-08-20T12:00:00Z,1.16708,S2_CLOSE_INVALIDATION,-5.086956521739718,0.34782608695659367,-5.434782608696311,HTF_UNAMBIGUOUS,,S2_CLOSE_INVALIDATION,false,5.847826086957424,1.5869565217397181,2,118,other_tf_refusals=120,false
IPO_1H_PLUS_4H,EUR/USD,1h,EUR/USD_2025-11-01,demand,2025-08-12T09:00:00Z,1.16154,1.16188,1.16005,1.16066,1.16188,1.160965,1.160965,2025-08-21T19:00:00Z,2025-08-21T19:00:00Z,1.160965,1.16005,1.162795,0.0009149999999999991,2025-08-21T19:00:00Z,,2025-08-22T03:00:00Z,2025-08-22T03:00:00Z,1.15899,S2_CLOSE_INVALIDATION,-2.1584699453552587,0.17486338797814224,-2.333333333333401,HTF_UNAMBIGUOUS,,S2_CLOSE_INVALIDATION,false,2.289617486338754,0.8142076502732201,8,480,other_tf_refusals=120,false
IPO_1H_PLUS_4H,EUR/USD,1h,EUR/USD_2025-11-01,supply,2025-08-13T09:00:00Z,1.17146,1.17311,1.1714,1.17298,1.172255,1.1714,1.172255,2025-08-22T16:00:00Z,2025-08-22T16:00:00Z,1.172255,1.17311,1.170545,0.0008550000000000502,2025-08-22T16:11:00Z,,2025-08-22T17:00:00Z,2025-08-22T17:00:00Z,1.17369,S2_CLOSE_INVALIDATION,-1.678362573099145,0.18713450292396563,-1.8654970760231107,HTF_UNAMBIGUOUS,,S2_CLOSE_INVALIDATION,false,2.415204678362412,1.2456140350877558,1,49,other_tf_refusals=120,false
IPO_1H_PLUS_4H,EUR/USD,1h,EUR/USD_2025-11-01,demand,2025-08-22T13:00:00Z,1.16089,1.16196,1.15974,1.15993,1.16196,1.16085,1.16085,2025-08-26T08:00:00Z,2025-08-26T08:00:00Z,1.16085,1.15974,1.1630699999999998,0.0011099999999999444,2025-08-26T08:22:00Z,2025-08-26T09:15:00Z,2025-08-27T08:00:00Z,2025-08-26T09:15:00Z,1.1630699999999998,TARGET,2,0.1441441441441514,1.8558558558558487,1M_RESOLVED,,TARGET,false,0.23423423423418016,3.23423423423438,1,53,other_tf_refusals=120,false
IPO_1H_PLUS_4H,EUR/USD,1h,EUR/USD_2025-11-01,demand,2025-08-22T10:00:00Z,1.15967,1.16003,1.1593,1.15959,1.16003,1.159665,1.159665,2025-08-27T07:00:00Z,2025-08-27T07:00:00Z,1.159665,1.1593,1.1603949999999998,0.0003649999999999487,2025-08-27T07:43:00Z,2025-08-27T07:47:00Z,2025-08-27T08:00:00Z,2025-08-27T07:47:00Z,1.1603949999999998,TARGET,2,0.4383561643836233,1.5616438356163767,1M_RESOLVED,,TARGET,false,0.12328767123248505,7.109589041097232,0,4,other_tf_refusals=120,false
IPO_1H_PLUS_4H,EUR/USD,1h,EUR/USD_2025-11-01,supply,2025-08-26T18:00:00Z,1.16381,1.16477,1.1633,1.16435,1.1640350000000002,1.1633,1.1640350000000002,2025-08-27T20:00:00Z,2025-08-27T20:00:00Z,1.1640350000000002,1.16477,1.1625650000000003,0.0007349999999999302,2025-08-27T20:59:00Z,,2025-08-28T02:00:00Z,2025-08-28T02:00:00Z,1.16531,S2_CLOSE_INVALIDATION,-1.7346938775510696,0.21768707482995267,-1.9523809523810223,HTF_UNAMBIGUOUS,,S2_CLOSE_INVALIDATION,false,2.0068027210884805,1.7619047619049921,6,301,other_tf_refusals=120,false
IPO_1H_PLUS_4H,EUR/USD,1h,EUR/USD_2025-11-01,supply,2025-08-26T11:00:00Z,1.16449,1.16612,1.16413,1.16546,1.1651250000000002,1.16413,1.1651250000000002,2025-08-28T03:00:00Z,2025-08-28T03:00:00Z,1.1651250000000002,1.16612,1.1631350000000005,0.0009949999999998571,2025-08-28T03:00:00Z,2025-08-28T08:10:00Z,2025-08-28T10:00:00Z,2025-08-28T08:10:00Z,1.1631350000000005,TARGET,2,0.1608040201005256,1.8391959798994744,1M_RESOLVED,,TARGET,false,0.35678391959792377,2.306532663317073,5,310,other_tf_refusals=120,false
IPO_1H_PLUS_4H,EUR/USD,1h,EUR/USD_2025-11-01,supply,2025-08-26T11:00:00Z,1.16449,1.16612,1.16413,1.16546,1.1651250000000002,1.16413,1.1651250000000002,2025-08-28T09:00:00Z,2025-08-28T09:00:00Z,1.1651250000000002,1.16612,1.1631350000000005,0.0009949999999998571,2025-08-28T09:35:00Z,,2025-08-28T10:00:00Z,2025-08-28T10:00:00Z,1.1671,S2_CLOSE_INVALIDATION,-1.9849246231157,0.1608040201005256,-2.1457286432162257,HTF_UNAMBIGUOUS,,S2_CLOSE_INVALIDATION,false,2.4472361809046155,0.9396984924625773,1,25,other_tf_refusals=120,false
IPO_1H_PLUS_4H,EUR/USD,1h,EUR/USD_2025-11-01,demand,2025-09-01T03:00:00Z,1.17121,1.17149,1.17046,1.17085,1.17149,1.1709749999999999,1.1709749999999999,2025-09-01T13:00:00Z,2025-09-01T13:00:00Z,1.1709749999999999,1.17046,1.1720049999999995,0.0005149999999998212,2025-09-01T13:00:00Z,,2025-09-01T15:00:00Z,2025-09-01T15:00:00Z,1.17005,S2_CLOSE_INVALIDATION,-1.796116504854687,0.3106796116505934,-2.10679611650528,HTF_UNAMBIGUOUS,,S2_CLOSE_INVALIDATION,false,1.9708737864079973,1.3300970873791933,2,120,other_tf_refusals=120,false
IPO_1H_PLUS_4H,EUR/USD,1h,EUR/USD_2025-11-01,demand,2025-09-01T15:00:00Z,1.17107,1.17116,1.16996,1.17005,1.17116,1.17056,1.17056,2025-09-01T21:00:00Z,2025-09-01T21:00:00Z,1.17056,1.16996,1.17176,0.0005999999999999339,2025-09-01T21:00:00Z,2025-09-01T23:49:00Z,2025-09-02T02:00:00Z,2025-09-01T23:49:00Z,1.17176,TARGET,2,0.2666666666666961,1.7333333333333039,1M_RESOLVED,,TARGET,false,0.26666666666659267,2.2000000000002222,2,169,other_tf_refusals=120,false
IPO_1H_PLUS_4H,EUR/USD,1h,EUR/USD_2025-11-01,demand,2025-09-01T17:00:00Z,1.1705,1.17059,1.17007,1.17043,1.17059,1.1703299999999999,1.1703299999999999,2025-09-02T00:00:00Z,2025-09-02T00:00:00Z,1.1703299999999999,1.17007,1.1708499999999997,0.00025999999999992696,2025-09-02T00:49:00Z,,2025-09-02T02:00:00Z,2025-09-02T02:00:00Z,1.16983,S2_CLOSE_INVALIDATION,-1.9230769230772515,0.6153846153847883,-2.5384615384620397,HTF_UNAMBIGUOUS,,TARGET,true,0.19230769230729813,5.192307692309861,0,71,other_tf_refusals=120,false
IPO_1H_PLUS_4H,EUR/USD,1h,EUR/USD_2025-11-01,demand,2025-09-01T01:00:00Z,1.16972,1.16975,1.16879,1.16947,1.16975,1.16927,1.16927,2025-09-02T02:00:00Z,2025-09-02T02:00:00Z,1.16927,1.16879,1.17023,0.00048000000000003595,2025-09-02T02:15:00Z,2025-09-02T06:31:00Z,2025-09-02T07:00:00Z,2025-09-02T06:31:00Z,1.17023,TARGET,2,0.3333333333333084,1.6666666666666916,1M_RESOLVED,,TARGET,false,0.18749999999982653,2.4583333333330635,0,256,other_tf_refusals=120,false
IPO_1H_PLUS_4H,EUR/USD,1h,EUR/USD_2025-11-01,demand,2025-09-01T01:00:00Z,1.16972,1.16975,1.16879,1.16947,1.16975,1.16927,1.16927,2025-09-02T04:00:00Z,2025-09-02T04:00:00Z,1.16927,1.16879,1.17023,0.00048000000000003595,2025-09-02T04:05:00Z,2025-09-02T06:31:00Z,2025-09-02T07:00:00Z,2025-09-02T06:31:00Z,1.17023,TARGET,2,0.3333333333333084,1.6666666666666916,1M_RESOLVED,,TARGET,false,1.1666666666668208,2.9374999999995954,2,146,other_tf_refusals=120,false
IPO_1H_PLUS_4H,EUR/USD,1h,EUR/USD_2025-11-01,demand,2025-08-28T05:00:00Z,1.16393,1.16414,1.16357,1.16373,1.16414,1.1638549999999999,1.1638549999999999,2025-09-02T08:00:00Z,2025-09-02T08:00:00Z,1.1638549999999999,1.16357,1.1644249999999996,0.0002849999999998687,2025-09-02T08:07:00Z,2025-09-02T08:07:00Z,2025-09-02T10:00:00Z,2025-09-02T08:07:00Z,1.1644249999999996,TARGET,2,0.5614035087721885,1.4385964912278115,1M_RESOLVED,,TARGET,false,1.6666666666666667,6.263157894740246,0,0,other_tf_refusals=120,false
IPO_1H_PLUS_4H,EUR/USD,1h,EUR/USD_2025-11-01,demand,2025-08-28T08:00:00Z,1.16433,1.16459,1.16283,1.16421,1.16459,1.16371,1.16371,2025-09-02T09:00:00Z,2025-09-02T09:00:00Z,1.16371,1.16283,1.16547,0.0008799999999999919,2025-09-02T09:09:00Z,,2025-09-02T12:00:00Z,2025-09-02T12:00:00Z,1.16175,S2_CLOSE_INVALIDATION,-2.2272727272727044,0.18181818181818352,-2.409090909090888,HTF_UNAMBIGUOUS,,S2_CLOSE_INVALIDATION,false,3.045454545454591,1.8636363636364783,3,171,other_tf_refusals=120,false
IPO_1H_PLUS_4H,EUR/USD,1h,EUR/USD_2025-11-01,supply,2025-07-24T13:00:00Z,1.17363,1.17768,1.17308,1.17718,1.17538,1.17308,1.17538,2025-09-05T14:00:00Z,2025-09-05T14:00:00Z,1.17538,1.17768,1.1707800000000002,0.0022999999999999687,2025-09-05T14:02:00Z,2025-09-07T23:00:00Z,2025-09-09T05:00:00Z,2025-09-07T23:00:00Z,1.1707800000000002,TARGET,2,0.06956521739130529,1.9304347826086947,1M_RESOLVED,,TARGET,false,0.252173913043396,2.091304347826107,9,3418,other_tf_refusals=120,false
IPO_1H_PLUS_4H,EUR/USD,1h,EUR/USD_2025-11-01,supply,2025-07-24T13:00:00Z,1.17363,1.17768,1.17308,1.17718,1.17538,1.17308,1.17538,2025-09-08T13:00:00Z,2025-09-08T13:00:00Z,1.17538,1.17768,1.1707800000000002,0.0022999999999999687,2025-09-08T13:14:00Z,,2025-09-09T05:00:00Z,2025-09-09T05:00:00Z,1.17785,S2_CLOSE_INVALIDATION,-1.0739130434782633,0.06956521739130529,-1.1434782608695686,HTF_UNAMBIGUOUS,,S2_CLOSE_INVALIDATION,false,1.1826086956521176,0.8347826086957261,16,946,other_tf_refusals=120,false
IPO_1H_PLUS_4H,EUR/USD,1h,EUR/USD_2025-11-01,supply,2025-07-04T13:00:00Z,1.1767,1.17811,1.17664,1.17796,1.177375,1.17664,1.177375,2025-09-09T06:00:00Z,2025-09-09T06:00:00Z,1.177375,1.17811,1.1759050000000002,0.0007349999999999302,2025-09-09T06:00:00Z,2025-09-09T06:45:00Z,2025-09-16T06:00:00Z,2025-09-09T06:45:00Z,1.1759050000000002,TARGET,2,0.21768707482995267,1.7823129251700474,1M_RESOLVED,,TARGET,false,0.8503401360543335,2.414965986394899,0,45,other_tf_refusals=120,false
IPO_1H_PLUS_4H,EUR/USD,1h,EUR/USD_2025-11-01,demand,2025-09-08T17:00:00Z,1.17404,1.17477,1.17348,1.17389,1.17477,1.174125,1.174125,2025-09-09T11:00:00Z,2025-09-09T11:00:00Z,1.174125,1.17348,1.175415,0.0006450000000000067,2025-09-09T11:58:00Z,2025-09-09T14:00:00Z,2025-09-09T14:00:00Z,2025-09-09T14:00:00Z,1.175415,TARGET,2,0.2480620155038734,1.7519379844961267,1M_RESOLVED,,TARGET,false,0.03875968992273414,2.1627906976741063,0,122,other_tf_refusals=120,false
IPO_1H_PLUS_4H,EUR/USD,1h,EUR/USD_2025-11-01,demand,2025-09-08T17:00:00Z,1.17404,1.17477,1.17348,1.17389,1.17477,1.174125,1.174125,2025-09-09T13:00:00Z,2025-09-09T13:00:00Z,1.174125,1.17348,1.175415,0.0006450000000000067,2025-09-09T13:00:00Z,2025-09-09T14:00:00Z,2025-09-09T14:00:00Z,2025-09-09T14:00:00Z,1.175415,TARGET,2,0.2480620155038734,1.7519379844961267,1M_RESOLVED,,S2_CLOSE_INVALIDATION,true,2.9379844961239696,3.5116279069766483,1,60,other_tf_refusals=120,false
IPO_1H_PLUS_4H,EUR/USD,1h,EUR/USD_2025-11-01,supply,2025-09-10T04:00:00Z,1.17123,1.17192,1.17103,1.17192,1.171475,1.17103,1.171475,2025-09-10T09:00:00Z,2025-09-10T09:00:00Z,1.171475,1.17192,1.170585,0.0004450000000000287,2025-09-10T09:48:00Z,2025-09-10T10:18:00Z,2025-09-10T13:00:00Z,2025-09-10T10:18:00Z,1.170585,TARGET,2,0.35955056179772965,1.6404494382022703,1M_RESOLVED,,TARGET,false,0.5056179775278768,3.7191011235951805,0,30,other_tf_refusals=120,false
IPO_1H_PLUS_4H,EUR/USD,1h,EUR/USD_2025-11-01,demand,2025-09-05T11:00:00Z,1.16913,1.1692,1.16778,1.16874,1.1692,1.16849,1.16849,2025-09-11T11:00:00Z,2025-09-11T11:00:00Z,1.16849,1.16778,1.16991,0.0007099999999999884,2025-09-11T11:00:00Z,2025-09-11T12:30:00Z,2025-09-25T14:00:00Z,2025-09-11T12:30:00Z,1.16991,TARGET,2,0.22535211267606003,1.77464788732394,1M_RESOLVED,,TARGET,false,3.492957746478983,5.014084507042346,1,90,other_tf_refusals=120,false
IPO_1H_PLUS_4H,EUR/USD,1h,EUR/USD_2025-11-01,supply,2025-09-09T13:00:00Z,1.17376,1.17496,1.17334,1.17418,1.17415,1.17334,1.17415,2025-09-11T15:00:00Z,2025-09-11T15:00:00Z,1.17415,1.17496,1.17253,0.0008099999999999774,2025-09-11T15:20:00Z,2025-09-12T01:59:00Z,2025-09-15T10:00:00Z,2025-09-12T01:59:00Z,1.17253,TARGET,2,0.1975308641975364,1.8024691358024636,1M_RESOLVED,,TARGET,false,0.5432098765432201,2,10,639,other_tf_refusals=120,false
IPO_1H_PLUS_4H,EUR/USD,1h,EUR/USD_2025-11-01,supply,2025-09-09T13:00:00Z,1.17376,1.17496,1.17334,1.17418,1.17415,1.17334,1.17415,2025-09-15T07:00:00Z,2025-09-15T07:00:00Z,1.17415,1.17496,1.17253,0.0008099999999999774,2025-09-15T07:33:00Z,,2025-09-15T10:00:00Z,2025-09-15T10:00:00Z,1.17525,S2_CLOSE_INVALIDATION,-1.358024691357913,0.1975308641975364,-1.5555555555554494,HTF_UNAMBIGUOUS,,TARGET,true,0.3209876543209064,2.1481481481483002,0,147,other_tf_refusals=120,false
IPO_1H_PLUS_4H,EUR/USD,1h,EUR/USD_2025-11-01,supply,2025-09-09T13:00:00Z,1.17376,1.17496,1.17334,1.17418,1.17415,1.17334,1.17415,2025-09-15T09:00:00Z,2025-09-15T09:00:00Z,1.17415,1.17496,1.17253,0.0008099999999999774,2025-09-15T09:09:00Z,,2025-09-15T10:00:00Z,2025-09-15T10:00:00Z,1.17525,S2_CLOSE_INVALIDATION,-1.358024691357913,0.1975308641975364,-1.5555555555554494,HTF_UNAMBIGUOUS,,S2_CLOSE_INVALIDATION,false,2.6172839506172334,0.6543209876542397,1,51,other_tf_refusals=120,false
IPO_1H_PLUS_4H,EUR/USD,1h,EUR/USD_2025-11-01,supply,2025-07-04T05:00:00Z,1.17803,1.17857,1.17796,1.17843,1.178265,1.17796,1.178265,2025-09-16T03:00:00Z,2025-09-16T03:00:00Z,1.178265,1.17857,1.177655,0.0003049999999999997,2025-09-16T03:32:00Z,2025-09-16T04:02:00Z,2025-09-16T06:00:00Z,2025-09-16T04:02:00Z,1.177655,TARGET,2,0.5245901639344268,1.4754098360655732,1M_RESOLVED,,TARGET,false,1.3278688524597086,2.7704918032786408,0,30,other_tf_refusals=120,false
IPO_1H_PLUS_4H,EUR/USD,1h,EUR/USD_2025-11-01,supply,2025-07-01T20:00:00Z,1.17905,1.18076,1.17902,1.1806,1.1798899999999999,1.17902,1.1798899999999999,2025-09-16T08:00:00Z,2025-09-16T08:00:00Z,1.1798899999999999,1.18076,1.1781499999999996,0.0008700000000001484,2025-09-16T08:16:00Z,,2025-09-16T09:00:00Z,2025-09-16T09:00:00Z,1.18139,S2_CLOSE_INVALIDATION,-1.724137931034254,0.18390804597698013,-1.9080459770112341,HTF_UNAMBIGUOUS,,S2_CLOSE_INVALIDATION,false,2.1839080459766538,1.0114942528733812,1,44,other_tf_refusals=120,false
IPO_1H_PLUS_4H,EUR/USD,1h,EUR/USD_2025-11-01,demand,2025-09-16T15:00:00Z,1.18516,1.18531,1.1835,1.18472,1.18531,1.184405,1.184405,2025-09-17T08:00:00Z,2025-09-17T08:00:00Z,1.184405,1.1835,1.1862149999999998,0.0009049999999999336,2025-09-17T08:00:00Z,2025-09-17T18:00:00Z,2025-09-17T18:00:00Z,2025-09-17T18:00:00Z,1.1862149999999998,TARGET,2,0.17679558011051022,1.82320441988949,1M_RESOLVED,,S2_CLOSE_INVALIDATION,true,2.7679558011051526,8.20441988950338,10,600,other_tf_refusals=120,false
IPO_1H_PLUS_4H,EUR/USD,1h,EUR/USD_2025-11-01,demand,2025-09-16T12:00:00Z,1.18142,1.18153,1.1791,1.18042,1.18153,1.180315,1.180315,2025-09-18T04:00:00Z,2025-09-18T04:00:00Z,1.180315,1.1791,1.182745,0.001214999999999966,2025-09-18T04:34:00Z,,2025-09-18T05:00:00Z,2025-09-18T05:00:00Z,1.17907,S2_CLOSE_INVALIDATION,-1.024691358024671,0.13168724279835758,-1.1563786008230286,HTF_UNAMBIGUOUS,,S2_CLOSE_INVALIDATION,false,1.4115226337448221,0.8600823045267422,1,26,other_tf_refusals=120,false
IPO_1H_PLUS_4H,EUR/USD,1h,EUR/USD_2025-11-01,demand,2025-09-15T16:00:00Z,1.17715,1.17744,1.17563,1.17585,1.17744,1.1765349999999999,1.1765349999999999,2025-09-18T13:00:00Z,2025-09-18T13:00:00Z,1.1765349999999999,1.17563,1.1783449999999998,0.0009049999999999336,2025-09-18T13:38:00Z,2025-09-18T15:03:00Z,2025-09-19T11:00:00Z,2025-09-18T15:03:00Z,1.1783449999999998,TARGET,2,0.17679558011051022,1.82320441988949,1M_RESOLVED,,TARGET,false,1.6629834254143403,3.397790055249046,0,85,other_tf_refusals=120,false
IPO_1H_PLUS_4H,EUR/USD,1h,EUR/USD_2025-11-01,demand,2025-09-15T16:00:00Z,1.17715,1.17744,1.17563,1.17585,1.17744,1.1765349999999999,1.1765349999999999,2025-09-19T06:00:00Z,2025-09-19T06:00:00Z,1.1765349999999999,1.17563,1.1783449999999998,0.0009049999999999336,2025-09-19T06:33:00Z,,2025-09-19T11:00:00Z,2025-09-19T11:00:00Z,1.17367,S2_CLOSE_INVALIDATION,-3.1657458563537078,0.17679558011051022,-3.342541436464218,HTF_UNAMBIGUOUS,,S2_CLOSE_INVALIDATION,false,3.3425414364641495,1.4088397790057796,5,267,other_tf_refusals=120,false
IPO_1H_PLUS_4H,EUR/USD,1h,EUR/USD_2025-11-01,supply,2025-09-19T13:00:00Z,1.1736,1.17637,1.17355,1.17582,1.17496,1.17355,1.17496,2025-09-19T17:00:00Z,2025-09-19T17:00:00Z,1.17496,1.17637,1.1721400000000002,0.0014099999999999113,2025-09-19T17:00:00Z,,2025-09-22T09:00:00Z,2025-09-22T09:00:00Z,1.17759,S2_CLOSE_INVALIDATION,-1.8652482269504083,0.11347517730497168,-1.9787234042553798,HTF_UNAMBIGUOUS,,S2_CLOSE_INVALIDATION,false,1.8723404255320155,1.6666666666668242,16,3840,other_tf_refusals=120,false
IPO_1H_PLUS_4H,EUR/USD,1h,EUR/USD_2025-11-01,supply,2025-09-19T03:00:00Z,1.17802,1.17924,1.17802,1.17819,1.17863,1.17802,1.17863,2025-09-22T12:00:00Z,2025-09-22T12:00:00Z,1.17863,1.17924,1.17741,0.0006099999999999994,2025-09-22T12:45:00Z,2025-09-22T13:45:00Z,2025-09-22T17:00:00Z,2025-09-22T13:45:00Z,1.17741,TARGET,2,0.2622950819672134,1.7377049180327866,1M_RESOLVED,,TARGET,false,0.13114754098337383,2.1311475409837377,0,60,other_tf_refusals=120,false
IPO_1H_PLUS_4H,EUR/USD,1h,EUR/USD_2025-11-01,supply,2025-09-19T03:00:00Z,1.17802,1.17924,1.17802,1.17819,1.17863,1.17802,1.17863,2025-09-22T16:00:00Z,2025-09-22T16:00:00Z,1.17863,1.17924,1.17741,0.0006099999999999994,2025-09-22T16:16:00Z,,2025-09-22T17:00:00Z,2025-09-22T17:00:00Z,1.17966,S2_CLOSE_INVALIDATION,-1.6885245901637136,0.2622950819672134,-1.950819672130927,HTF_UNAMBIGUOUS,,TARGET,true,0.6065573770491505,2.4426229508196604,0,44,other_tf_refusals=120,false
IPO_1H_PLUS_4H,EUR/USD,1h,EUR/USD_2025-11-01,demand,2025-09-22T21:00:00Z,1.18027,1.18027,1.1789,1.1798,1.18027,1.1795849999999999,1.1795849999999999,2025-09-23T06:00:00Z,2025-09-23T06:00:00Z,1.1795849999999999,1.1789,1.1809549999999995,0.0006849999999998246,2025-09-23T06:04:00Z,2025-09-23T09:21:00Z,2025-09-24T06:00:00Z,2025-09-23T09:21:00Z,1.1809549999999995,TARGET,2,0.23357664233582623,1.7664233576641737,1M_RESOLVED,,TARGET,false,2.5328467153288527,2.386861313869302,3,197,other_tf_refusals=120,false
IPO_1H_PLUS_4H,EUR/USD,1h,EUR/USD_2025-11-01,demand,2025-09-22T21:00:00Z,1.18027,1.18027,1.1789,1.1798,1.18027,1.1795849999999999,1.1795849999999999,2025-09-23T10:00:00Z,2025-09-23T10:00:00Z,1.1795849999999999,1.1789,1.1809549999999995,0.0006849999999998246,2025-09-23T10:25:00Z,2025-09-23T17:26:00Z,2025-09-24T06:00:00Z,2025-09-23T17:26:00Z,1.1809549999999995,TARGET,2,0.23357664233582623,1.7664233576641737,1M_RESOLVED,,TARGET,false,1.6715328467156858,3.189781021898778,7,421,other_tf_refusals=120,false
IPO_1H_PLUS_4H,EUR/USD,1h,EUR/USD_2025-11-01,demand,2025-09-23T14:00:00Z,1.17996,1.18053,1.17926,1.17953,1.18053,1.1798950000000001,1.1798950000000001,2025-09-24T02:00:00Z,2025-09-24T02:00:00Z,1.1798950000000001,1.17926,1.1811650000000005,0.0006350000000001632,2025-09-24T02:00:00Z,,2025-09-24T06:00:00Z,2025-09-24T06:00:00Z,1.17873,S2_CLOSE_INVALIDATION,-1.8346456692909971,0.25196850393694314,-2.0866141732279404,HTF_UNAMBIGUOUS,,S2_CLOSE_INVALIDATION,false,2.0236220472438933,0.9055118110230274,4,240,other_tf_refusals=120,false
IPO_1H_PLUS_4H,EUR/USD,1h,EUR/USD_2025-11-01,demand,2025-09-23T07:00:00Z,1.1795,1.17998,1.17785,1.17904,1.17998,1.178915,1.178915,2025-09-24T07:00:00Z,2025-09-24T07:00:00Z,1.178915,1.17785,1.1810449999999997,0.0010649999999998716,2025-09-24T07:00:00Z,,2025-09-24T08:00:00Z,2025-09-24T08:00:00Z,1.17718,S2_CLOSE_INVALIDATION,-1.6291079812208933,0.1502347417840557,-1.779342723004949,HTF_UNAMBIGUOUS,,S2_CLOSE_INVALIDATION,false,2.1455399061034233,0.5117370892019563,1,60,other_tf_refusals=120,false
IPO_1H_PLUS_4H,EUR/USD,1h,EUR/USD_2025-11-01,demand,2025-09-22T02:00:00Z,1.17325,1.17336,1.17273,1.17279,1.17336,1.1730450000000001,1.1730450000000001,2025-09-24T13:00:00Z,2025-09-24T13:00:00Z,1.1730450000000001,1.17273,1.1736750000000002,0.00031500000000006523,2025-09-24T13:44:00Z,2025-09-24T13:48:00Z,2025-09-25T12:00:00Z,2025-09-24T13:48:00Z,1.1736750000000002,TARGET,2,0.5079365079364028,1.4920634920635973,1M_RESOLVED,,TARGET,false,0.04761904761934972,4.142857142855934,0,4,other_tf_refusals=120,false
IPO_1H_PLUS_4H,EUR/USD,1h,EUR/USD_2025-11-01,demand,2025-09-22T02:00:00Z,1.17325,1.17336,1.17273,1.17279,1.17336,1.1730450000000001,1.1730450000000001,2025-09-24T16:00:00Z,2025-09-24T16:00:00Z,1.1730450000000001,1.17273,1.1736750000000002,0.00031500000000006523,2025-09-24T16:57:00Z,2025-09-24T17:06:00Z,2025-09-25T12:00:00Z,2025-09-24T17:06:00Z,1.1736750000000002,TARGET,2,0.5079365079364028,1.4920634920635973,1M_RESOLVED,,TARGET,false,0.04761904761934972,4.174603174602168,0,9,other_tf_refusals=120,false
IPO_1H_PLUS_4H,EUR/USD,1h,EUR/USD_2025-11-01,demand,2025-09-05T04:00:00Z,1.16715,1.16721,1.16644,1.16669,1.16721,1.166825,1.166825,2025-09-25T15:00:00Z,2025-09-25T15:00:00Z,1.166825,1.16644,1.1675950000000002,0.0003850000000000797,2025-09-25T15:10:00Z,2025-09-25T15:16:00Z,2025-09-25T17:00:00Z,2025-09-25T15:16:00Z,1.1675950000000002,TARGET,2,0.41558441558432957,1.5844155844156704,1M_RESOLVED,,TARGET,false,0.376623376623459,3.259740259739601,0,6,other_tf_refusals=120,false
IPO_1H_PLUS_4H,EUR/USD,1h,EUR/USD_2025-11-01,demand,2025-09-05T06:00:00Z,1.16768,1.1678,1.16658,1.16707,1.1678,1.16719,1.16719,2025-09-25T16:00:00Z,2025-09-25T16:00:00Z,1.16719,1.16658,1.16841,0.0006099999999999994,2025-09-25T16:00:00Z,,2025-09-25T17:00:00Z,2025-09-25T17:00:00Z,1.16575,S2_CLOSE_INVALIDATION,-2.3606557377047332,0.2622950819672134,-2.6229508196719467,HTF_UNAMBIGUOUS,,S2_CLOSE_INVALIDATION,false,3.2295081967213592,1.8688524590166262,1,60,other_tf_refusals=120,false
IPO_1H_PLUS_4H,EUR/USD,1h,EUR/USD_2025-11-01,supply,2025-09-25T03:00:00Z,1.17496,1.17536,1.17476,1.17533,1.17506,1.17476,1.17506,2025-09-29T12:00:00Z,2025-09-29T12:00:00Z,1.17506,1.17536,1.17446,0.00029999999999996696,2025-09-29T12:57:00Z,2025-09-29T13:02:00Z,2025-09-30T08:00:00Z,2025-09-29T13:02:00Z,1.17446,TARGET,2,0.5333333333333922,1.4666666666666077,1M_RESOLVED,,TARGET,false,0.23333333333340736,10.700000000000962,0,5,other_tf_refusals=120,false
IPO_1H_PLUS_4H,EUR/USD,1h,EUR/USD_2025-11-01,supply,2025-09-30T08:00:00Z,1.17441,1.17611,1.17432,1.17556,1.1752150000000001,1.17432,1.1752150000000001,2025-10-01T04:00:00Z,2025-10-01T04:00:00Z,1.1752150000000001,1.17611,1.1734250000000004,0.0008949999999998681,2025-10-01T04:48:00Z,,2025-10-01T06:00:00Z,2025-10-01T06:00:00Z,1.17677,S2_CLOSE_INVALIDATION,-1.7374301675979913,0.17877094972069674,-1.9162011173186881,HTF_UNAMBIGUOUS,,S2_CLOSE_INVALIDATION,false,2.508379888268337,1.592178770950214,2,72,other_tf_refusals=120,false
IPO_1H_PLUS_4H,EUR/USD,1h,EUR/USD_2025-11-01,supply,2025-10-01T06:00:00Z,1.17525,1.17746,1.17507,1.17677,1.176265,1.17507,1.176265,2025-10-01T12:00:00Z,2025-10-01T12:00:00Z,1.176265,1.17746,1.1738749999999998,0.0011950000000000571,2025-10-01T12:18:00Z,2025-10-01T14:21:00Z,,2025-10-01T14:21:00Z,1.1738749999999998,TARGET,2,0.13389121338911494,1.866108786610885,HTF_UNAMBIGUOUS,,TARGET,false,0.48953974895399976,3.3933054393303146,0,123,other_tf_refusals=120,false
IPO_1H_PLUS_4H,EUR/USD,1h,EUR/USD_2025-11-01,supply,2025-10-01T06:00:00Z,1.17525,1.17746,1.17507,1.17677,1.176265,1.17507,1.176265,2025-10-01T14:00:00Z,2025-10-01T14:00:00Z,1.176265,1.17746,1.1738749999999998,0.0011950000000000571,2025-10-01T14:04:00Z,2025-10-01T14:21:00Z,,2025-10-01T14:21:00Z,1.1738749999999998,TARGET,2,0.13389121338911494,1.866108786610885,HTF_UNAMBIGUOUS,,TARGET,false,0.020920502092186263,2.5397489539746894,0,17,other_tf_refusals=120,false
IPO_1H_PLUS_4H,EUR/USD,1h,EUR/USD_2025-11-01,demand,2025-10-01T10:00:00Z,1.17328,1.17335,1.17159,1.17253,1.17335,1.17247,1.17247,2025-10-01T16:00:00Z,2025-10-01T16:00:00Z,1.17247,1.17159,1.1742299999999999,0.0008799999999999919,2025-10-01T16:00:00Z,2025-10-02T06:06:00Z,2025-10-02T14:00:00Z,2025-10-02T06:06:00Z,1.1742299999999999,TARGET,2,0.18181818181818352,1.8181818181818166,1M_RESOLVED,,TARGET,false,1.045454545454339,2.2840909090910064,14,846,other_tf_refusals=120,false
IPO_1H_PLUS_4H,EUR/USD,1h,EUR/USD_2025-11-01,demand,2025-10-01T15:00:00Z,1.17461,1.17493,1.17212,1.17229,1.17493,1.1735250000000002,1.1735250000000002,2025-10-02T12:00:00Z,2025-10-02T12:00:00Z,1.1735250000000002,1.17212,1.1763350000000004,0.0014050000000001006,2025-10-02T12:57:00Z,,2025-10-02T14:00:00Z,2025-10-02T14:00:00Z,1.17135,S2_CLOSE_INVALIDATION,-1.5480427046264087,0.11387900355871071,-1.6619217081851194,HTF_UNAMBIGUOUS,,S2_CLOSE_INVALIDATION,false,2.1530249110319137,1.633451957295211,2,63,other_tf_refusals=120,false
IPO_1H_PLUS_4H,EUR/USD,1h,EUR/USD_2025-11-01,demand,2025-10-02T17:00:00Z,1.17149,1.17204,1.17123,1.17136,1.17204,1.171635,1.171635,2025-10-05T22:00:00Z,2025-10-05T22:00:00Z,1.171635,1.17123,1.172445,0.0004049999999999887,2025-10-05T22:10:00Z,2025-10-06T01:53:00Z,2025-10-06T06:00:00Z,2025-10-06T01:53:00Z,1.172445,TARGET,2,0.3950617283950728,1.6049382716049272,1M_RESOLVED,,TARGET,false,0.1358024691355994,2.382716049383041,0,223,other_tf_refusals=120,false
IPO_1H_PLUS_4H,EUR/USD,1h,EUR/USD_2025-11-01,demand,2025-10-02T17:00:00Z,1.17149,1.17204,1.17123,1.17136,1.17204,1.171635,1.171635,2025-10-06T00:00:00Z,2025-10-06T00:00:00Z,1.171635,1.17123,1.172445,0.0004049999999999887,2025-10-06T00:00:00Z,2025-10-06T01:53:00Z,2025-10-06T06:00:00Z,2025-10-06T01:53:00Z,1.172445,TARGET,2,0.3950617283950728,1.6049382716049272,1M_RESOLVED,,TARGET,false,1.5432098765429458,2.0370370370372806,1,113,other_tf_refusals=120,false
IPO_1H_PLUS_4H,EUR/USD,1h,EUR/USD_2025-11-01,demand,2025-10-02T20:00:00Z,1.17188,1.17242,1.17145,1.17153,1.17242,1.171935,1.171935,2025-10-06T05:00:00Z,2025-10-06T05:00:00Z,1.171935,1.17145,1.1729049999999996,0.00048499999999984666,2025-10-06T05:14:00Z,,2025-10-06T06:00:00Z,2025-10-06T06:00:00Z,1.16936,S2_CLOSE_INVALIDATION,-5.30927835051713,0.32989690721659914,-5.639175257733729,HTF_UNAMBIGUOUS,,S2_CLOSE_INVALIDATION,false,6.010309278352418,1.2061855670108095,1,46,other_tf_refusals=120,false
IPO_1H_PLUS_4H,EUR/USD,1h,EUR/USD_2025-11-01,supply,2025-10-06T14:00:00Z,1.16994,1.17177,1.16951,1.17165,1.1706400000000001,1.16951,1.1706400000000001,2025-10-07T04:00:00Z,2025-10-07T04:00:00Z,1.1706400000000001,1.17177,1.1683800000000004,0.0011299999999998533,2025-10-07T04:17:00Z,2025-10-07T06:08:00Z,2025-10-17T05:00:00Z,2025-10-07T06:08:00Z,1.1683800000000004,TARGET,2,0.1415929203540007,1.8584070796459993,1M_RESOLVED,,TARGET,false,0.15929203539811532,2.070796460177464,2,111,other_tf_refusals=120,false
IPO_1H_PLUS_4H,EUR/USD,1h,EUR/USD_2025-11-01,demand,2025-09-03T03:00:00Z,1.16272,1.16309,1.16229,1.1624,1.16309,1.16269,1.16269,2025-10-08T01:00:00Z,2025-10-08T01:00:00Z,1.16269,1.16229,1.16349,0.00039999999999995595,2025-10-08T01:30:00Z,,2025-10-08T04:00:00Z,2025-10-08T04:00:00Z,1.16192,S2_CLOSE_INVALIDATION,-1.9250000000000556,0.4000000000000441,-2.3250000000000997,HTF_UNAMBIGUOUS,,TARGET,true,0.20000000000022206,5.000000000000555,0,150,other_tf_refusals=120,false
IPO_1H_PLUS_4H,EUR/USD,1h,EUR/USD_2025-11-01,supply,2025-10-08T10:00:00Z,1.16111,1.16361,1.16092,1.16336,1.162265,1.16092,1.162265,2025-10-08T19:00:00Z,2025-10-08T19:00:00Z,1.162265,1.16361,1.1595750000000002,0.0013449999999999296,2025-10-08T19:00:00Z,,2025-10-08T22:00:00Z,2025-10-08T22:00:00Z,1.16374,S2_CLOSE_INVALIDATION,-1.0966542750929147,0.11895910780669769,-1.2156133828996123,HTF_UNAMBIGUOUS,,S2_CLOSE_INVALIDATION,false,1.0966542750929147,0.15241635687733937,3,180,other_tf_refusals=120,false
IPO_1H_PLUS_4H,EUR/USD,1h,EUR/USD_2025-11-01,supply,2025-10-08T13:00:00Z,1.16325,1.16445,1.16274,1.16325,1.163595,1.16274,1.163595,2025-10-08T23:00:00Z,2025-10-08T23:00:00Z,1.163595,1.16445,1.1618849999999998,0.0008550000000000502,2025-10-08T23:00:00Z,,2025-10-09T03:00:00Z,2025-10-09T03:00:00Z,1.16448,S2_CLOSE_INVALIDATION,-1.0350877192982137,0.18713450292396563,-1.2222222222221795,HTF_UNAMBIGUOUS,,S2_CLOSE_INVALIDATION,false,1.3508771929823968,0.9298245614033128,4,240,other_tf_refusals=120,false
IPO_1H_PLUS_4H,EUR/USD,1h,EUR/USD_2025-11-01,demand,2025-10-10T11:00:00Z,1.15716,1.15747,1.15606,1.15609,1.15747,1.156765,1.156765,2025-10-13T13:00:00Z,2025-10-13T13:00:00Z,1.156765,1.15606,1.158175,0.0007049999999999557,2025-10-13T13:01:00Z,2025-10-14T03:50:00Z,2025-10-14T07:00:00Z,2025-10-14T03:50:00Z,1.158175,TARGET,2,0.22695035460994337,1.7730496453900566,1M_RESOLVED,,TARGET,false,1.7943262411349663,2.0070921985816073,14,889,other_tf_refusals=120,false
IPO_1H_PLUS_4H,EUR/USD,1h,EUR/USD_2025-11-01,supply,2025-10-13T09:00:00Z,1.15853,1.1598,1.15845,1.15941,1.159125,1.15845,1.159125,2025-10-14T04:00:00Z,2025-10-14T04:00:00Z,1.159125,1.1598,1.157775,0.0006749999999999812,2025-10-14T04:50:00Z,2025-10-14T06:23:00Z,2025-10-14T15:00:00Z,2025-10-14T06:23:00Z,1.157775,TARGET,2,0.23703703703704368,1.7629629629629564,1M_RESOLVED,,TARGET,false,0.33333333333355264,4.2,2,93,other_tf_refusals=120,false
IPO_1H_PLUS_4H,EUR/USD,1h,EUR/USD_2025-11-01,supply,2025-10-13T09:00:00Z,1.15853,1.1598,1.15845,1.15941,1.159125,1.15845,1.159125,2025-10-14T14:00:00Z,2025-10-14T14:00:00Z,1.159125,1.1598,1.157775,0.0006749999999999812,2025-10-14T14:40:00Z,,2025-10-14T15:00:00Z,2025-10-14T15:00:00Z,1.16072,S2_CLOSE_INVALIDATION,-2.3629629629630484,0.23703703703704368,-2.600000000000092,HTF_UNAMBIGUOUS,,TARGET,true,0.8962962962962719,3.296296296296272,0,20,other_tf_refusals=120,false
IPO_1H_PLUS_4H,EUR/USD,1h,EUR/USD_2025-11-01,supply,2025-10-13T01:00:00Z,1.16176,1.1621,1.16097,1.16198,1.161535,1.16097,1.161535,2025-10-14T21:00:00Z,2025-10-14T21:00:00Z,1.161535,1.1621,1.1604050000000001,0.0005649999999999267,2025-10-14T21:12:00Z,2025-10-15T00:00:00Z,2025-10-15T02:00:00Z,2025-10-15T00:00:00Z,1.1604050000000001,TARGET,2,0.2831858407080014,1.7168141592919985,1M_RESOLVED,,TARGET,false,0.07964601769925415,2.415929203540244,3,168,other_tf_refusals=120,false
IPO_1H_PLUS_4H,EUR/USD,1h,EUR/USD_2025-11-01,supply,2025-10-13T03:00:00Z,1.16196,1.16216,1.16161,1.16208,1.161885,1.16161,1.161885,2025-10-15T01:00:00Z,2025-10-15T01:00:00Z,1.161885,1.16216,1.161335,0.0002750000000000252,2025-10-15T01:21:00Z,,2025-10-15T02:00:00Z,2025-10-15T02:00:00Z,1.16229,S2_CLOSE_INVALIDATION,-1.4727272727270966,0.5818181818181285,-2.054545454545225,HTF_UNAMBIGUOUS,,TARGET,true,1.4363636363632253,4.309090909090483,0,39,other_tf_refusals=120,false
IPO_1H_PLUS_4H,EUR/USD,1h,EUR/USD_2025-11-01,demand,2025-10-15T04:00:00Z,1.16226,1.16242,1.16169,1.16182,1.16242,1.162055,1.162055,2025-10-15T12:00:00Z,2025-10-15T12:00:00Z,1.162055,1.16169,1.1627850000000004,0.00036500000000017074,2025-10-15T12:00:00Z,2025-10-15T13:39:00Z,2025-10-21T11:00:00Z,2025-10-15T13:39:00Z,1.1627850000000004,TARGET,2,0.4383561643833566,1.5616438356166433,1M_RESOLVED,,TARGET,false,2.7534246575333547,3.109589041094124,1,99,other_tf_refusals=120,false
IPO_1H_PLUS_4H,EUR/USD,1h,EUR/USD_2025-11-01,demand,2025-10-15T04:00:00Z,1.16226,1.16242,1.16169,1.16182,1.16242,1.162055,1.162055,2025-10-15T14:00:00Z,2025-10-15T14:00:00Z,1.162055,1.16169,1.1627850000000004,0.00036500000000017074,2025-10-15T14:38:00Z,2025-10-15T15:17:00Z,2025-10-21T11:00:00Z,2025-10-15T15:17:00Z,1.1627850000000004,TARGET,2,0.4383561643833566,1.5616438356166433,1M_RESOLVED,,TARGET,false,0.2876712328766373,2.534246575340849,0,39,other_tf_refusals=120,false
IPO_1H_PLUS_4H,EUR/USD,1h,EUR/USD_2025-11-01,supply,2025-10-09T04:00:00Z,1.16448,1.16469,1.16419,1.16456,1.16444,1.16419,1.16444,2025-10-15T15:00:00Z,2025-10-15T15:00:00Z,1.16444,1.16469,1.1639399999999998,0.0002500000000000835,2025-10-15T15:43:00Z,2025-10-15T15:49:00Z,2025-10-15T20:00:00Z,2025-10-15T15:49:00Z,1.1639399999999998,TARGET,2,0.6399999999997863,1.3600000000002137,1M_RESOLVED,,TARGET,false,0.9599999999997513,10.35999999999602,0,6,other_tf_refusals=120,false
IPO_1H_PLUS_4H,EUR/USD,1h,EUR/USD_2025-11-01,supply,2025-10-09T04:00:00Z,1.16448,1.16469,1.16419,1.16456,1.16444,1.16419,1.16444,2025-10-15T19:00:00Z,2025-10-15T19:00:00Z,1.16444,1.16469,1.1639399999999998,0.0002500000000000835,2025-10-15T19:59:00Z,,2025-10-15T20:00:00Z,2025-10-15T20:00:00Z,1.1647,S2_CLOSE_INVALIDATION,-1.0400000000002487,0.6399999999997863,-1.680000000000035,HTF_UNAMBIGUOUS,,TARGET,true,0.16000000000010658,4.599999999998401,0,1,other_tf_refusals=120,false
IPO_1H_PLUS_4H,EUR/USD,1h,EUR/USD_2025-11-01,supply,2025-10-07T10:00:00Z,1.16661,1.16758,1.1663,1.16741,1.1669399999999999,1.1663,1.1669399999999999,2025-10-16T02:00:00Z,2025-10-16T02:00:00Z,1.1669399999999999,1.16758,1.1656599999999995,0.000640000000000196,2025-10-16T02:00:00Z,2025-10-16T04:44:00Z,2025-10-16T14:00:00Z,2025-10-16T04:44:00Z,1.1656599999999995,TARGET,2,0.24999999999992348,1.7500000000000766,1M_RESOLVED,,TARGET,false,0.8124999999998699,2.1406249999991434,2,164,other_tf_refusals=120,false
IPO_1H_PLUS_4H,EUR/USD,1h,EUR/USD_2025-11-01,demand,2025-10-15T21:00:00Z,1.1647,1.1647,1.16417,1.16436,1.1647,1.164435,1.164435,2025-10-16T07:00:00Z,2025-10-16T07:00:00Z,1.164435,1.16417,1.1649650000000005,0.00026500000000018176,2025-10-16T07:30:00Z,2025-10-16T07:36:00Z,2025-10-20T19:00:00Z,2025-10-16T07:36:00Z,1.1649650000000005,TARGET,2,0.6037735849052464,1.3962264150947536,1M_RESOLVED,,TARGET,false,0.433962264150975,4.660377358486898,0,6,other_tf_refusals=120,false
IPO_1H_PLUS_4H,EUR/USD,1h,EUR/USD_2025-11-01,supply,2025-10-06T14:00:00Z,1.16994,1.17177,1.16951,1.17165,1.1706400000000001,1.16951,1.1706400000000001,2025-10-17T00:00:00Z,2025-10-17T00:00:00Z,1.1706400000000001,1.17177,1.1683800000000004,0.0011299999999998533,2025-10-17T00:50:00Z,,2025-10-17T05:00:00Z,2025-10-17T05:00:00Z,1.17228,S2_CLOSE_INVALIDATION,-1.4513274336283863,0.1415929203540007,-1.592920353982387,HTF_UNAMBIGUOUS,,S2_CLOSE_INVALIDATION,false,1.9380530973453083,1.0000000000001965,5,250,other_tf_refusals=120,false
IPO_1H_PLUS_4H,EUR/USD,1h,EUR/USD_2025-11-01,demand,2025-10-16T20:00:00Z,1.16888,1.16914,1.16849,1.1687,1.16914,1.168815,1.168815,2025-10-17T10:00:00Z,2025-10-17T10:00:00Z,1.168815,1.16849,1.1694649999999998,0.0003249999999999087,2025-10-17T10:58:00Z,2025-10-17T11:06:00Z,2025-10-17T12:00:00Z,2025-10-17T11:06:00Z,1.1694649999999998,TARGET,2,0.49230769230783067,1.5076923076921693,1M_RESOLVED,,TARGET,false,0.2,4.446153846155528,0,8,other_tf_refusals=120,false
IPO_1H_PLUS_4H,EUR/USD,1h,EUR/USD_2025-11-01,demand,2025-10-16T15:00:00Z,1.16769,1.16779,1.16611,1.16644,1.16779,1.16695,1.16695,2025-10-17T12:00:00Z,2025-10-17T12:00:00Z,1.16695,1.16611,1.1686299999999998,0.0008399999999999519,2025-10-17T12:38:00Z,,2025-10-17T20:00:00Z,2025-10-17T20:00:00Z,1.16508,S2_CLOSE_INVALIDATION,-2.2261904761906495,0.1904761904762014,-2.416666666666851,HTF_UNAMBIGUOUS,,S2_CLOSE_INVALIDATION,false,2.4523809523810343,1.9880952380954238,8,442,other_tf_refusals=120,false
IPO_1H_PLUS_4H,EUR/USD,1h,EUR/USD_2025-11-01,supply,2025-10-20T11:00:00Z,1.16531,1.16565,1.16444,1.16565,1.165045,1.16444,1.165045,2025-10-20T21:00:00Z,2025-10-20T21:00:00Z,1.165045,1.16565,1.1638350000000002,0.0006049999999999667,2025-10-20T21:14:00Z,2025-10-21T02:38:00Z,2025-10-28T01:00:00Z,2025-10-21T02:38:00Z,1.1638350000000002,TARGET,2,0.26446280991737,1.73553719008263,1M_RESOLVED,,TARGET,false,0.7685950413222534,2.9338842975209585,5,324,other_tf_refusals=120,false
IPO_1H_PLUS_4H,EUR/USD,1h,EUR/USD_2025-11-01,demand,2025-10-15T17:00:00Z,1.16399,1.16401,1.16269,1.16294,1.16401,1.1633499999999999,1.1633499999999999,2025-10-21T04:00:00Z,2025-10-21T04:00:00Z,1.1633499999999999,1.16269,1.1646699999999996,0.0006599999999998829,2025-10-21T04:04:00Z,,2025-10-21T05:00:00Z,2025-10-21T05:00:00Z,1.16256,S2_CLOSE_INVALIDATION,-1.1969696969696766,0.24242424242428545,-1.439393939393962,HTF_UNAMBIGUOUS,,S2_CLOSE_INVALIDATION,false,1.3939393939393532,0.5454545454548513,1,56,other_tf_refusals=120,false
IPO_1H_PLUS_4H,EUR/USD,1h,EUR/USD_2025-11-01,demand,2025-10-15T04:00:00Z,1.16226,1.16242,1.16169,1.16182,1.16242,1.162055,1.162055,2025-10-21T06:00:00Z,2025-10-21T06:00:00Z,1.162055,1.16169,1.1627850000000004,0.00036500000000017074,2025-10-21T06:07:00Z,2025-10-21T06:38:00Z,2025-10-21T11:00:00Z,2025-10-21T06:38:00Z,1.1627850000000004,TARGET,2,0.4383561643833566,1.5616438356166433,1M_RESOLVED,,TARGET,false,0.5068493150685348,3.6849315068473985,0,31,other_tf_refusals=120,false
IPO_1H_PLUS_4H,EUR/USD,1h,EUR/USD_2025-11-01,demand,2025-10-15T04:00:00Z,1.16226,1.16242,1.16169,1.16182,1.16242,1.162055,1.162055,2025-10-21T08:00:00Z,2025-10-21T08:00:00Z,1.162055,1.16169,1.1627850000000004,0.00036500000000017074,2025-10-21T08:05:00Z,,2025-10-21T11:00:00Z,2025-10-21T11:00:00Z,1.16128,S2_CLOSE_INVALIDATION,-2.1232876712318016,0.4383561643833566,-2.561643835615158,HTF_UNAMBIGUOUS,,S2_CLOSE_INVALIDATION,false,3.8219178082174863,1.8767123287663732,3,175,other_tf_refusals=120,false
IPO_1H_PLUS_4H,EUR/USD,1h,EUR/USD_2025-11-01,demand,2025-10-14T18:00:00Z,1.16094,1.16118,1.16034,1.1605,1.16118,1.16076,1.16076,2025-10-21T12:00:00Z,2025-10-21T12:00:00Z,1.16076,1.16034,1.1616000000000002,0.00042000000000008697,2025-10-21T12:09:00Z,2025-10-21T13:38:00Z,2025-10-21T19:00:00Z,2025-10-21T13:38:00Z,1.1616000000000002,TARGET,2,0.3809523809523021,1.619047619047698,1M_RESOLVED,,TARGET,false,1.3095238095236585,2.214285714284959,1,89,other_tf_refusals=120,false
IPO_1H_PLUS_4H,EUR/USD,1h,EUR/USD_2025-11-01,demand,2025-10-14T18:00:00Z,1.16094,1.16118,1.16034,1.1605,1.16118,1.16076,1.16076,2025-10-21T14:00:00Z,2025-10-21T14:00:00Z,1.16076,1.16034,1.1616000000000002,0.00042000000000008697,2025-10-21T14:03:00Z,2025-10-21T14:23:00Z,2025-10-21T19:00:00Z,2025-10-21T14:23:00Z,1.1616000000000002,TARGET,2,0.3809523809523021,1.619047619047698,1M_RESOLVED,,TARGET,false,2.3571428571424797,2.45238095238065,0,20,other_tf_refusals=120,false
IPO_1H_PLUS_4H,EUR/USD,1h,EUR/USD_2025-11-01,demand,2025-10-14T18:00:00Z,1.16094,1.16118,1.16034,1.1605,1.16118,1.16076,1.16076,2025-10-21T18:00:00Z,2025-10-21T18:00:00Z,1.16076,1.16034,1.1616000000000002,0.00042000000000008697,2025-10-21T18:00:00Z,,2025-10-21T19:00:00Z,2025-10-21T19:00:00Z,1.16006,S2_CLOSE_INVALIDATION,-1.666666666666138,0.3809523809523021,-2.04761904761844,HTF_UNAMBIGUOUS,,S2_CLOSE_INVALIDATION,false,1.8095238095236585,0.19047619047634154,1,60,other_tf_refusals=120,false
IPO_1H_PLUS_4H,EUR/USD,1h,EUR/USD_2025-11-01,supply,2025-10-21T13:00:00Z,1.16114,1.16169,1.1603,1.16126,1.160995,1.1603,1.160995,2025-10-21T21:00:00Z,2025-10-21T21:00:00Z,1.160995,1.16169,1.1596050000000002,0.0006949999999998902,2025-10-21T21:18:00Z,2025-10-22T08:03:00Z,2025-10-22T16:00:00Z,2025-10-22T08:03:00Z,1.1596050000000002,TARGET,2,0.2302158273381659,1.7697841726618342,1M_RESOLVED,,TARGET,false,0.8129496402877928,2.884892086331441,11,645,other_tf_refusals=120,false
IPO_1H_PLUS_4H,EUR/USD,1h,EUR/USD_2025-11-01,supply,2025-10-21T13:00:00Z,1.16114,1.16169,1.1603,1.16126,1.160995,1.1603,1.160995,2025-10-22T14:00:00Z,2025-10-22T14:00:00Z,1.160995,1.16169,1.1596050000000002,0.0006949999999998902,2025-10-22T14:54:00Z,,2025-10-22T16:00:00Z,2025-10-22T16:00:00Z,1.16195,S2_CLOSE_INVALIDATION,-1.3741007194247339,0.2302158273381659,-1.6043165467628997,HTF_UNAMBIGUOUS,,TARGET,true,0.6402877697843151,2.539568345324166,0,66,other_tf_refusals=120,false
IPO_1H_PLUS_4H,EUR/USD,1h,EUR/USD_2025-11-01,demand,2025-10-22T11:00:00Z,1.15861,1.15889,1.15825,1.15825,1.15889,1.15857,1.15857,2025-10-23T10:00:00Z,2025-10-23T10:00:00Z,1.15857,1.15825,1.1592100000000003,0.000320000000000098,2025-10-23T10:58:00Z,2025-10-23T11:35:00Z,2025-10-30T12:00:00Z,2025-10-23T11:35:00Z,1.1592100000000003,TARGET,2,0.49999999999984696,1.500000000000153,1M_RESOLVED,,TARGET,false,0.06250000000039031,2.812499999998829,0,37,other_tf_refusals=120,false
IPO_1H_PLUS_4H,EUR/USD,1h,EUR/USD_2025-11-01,supply,2025-10-22T16:00:00Z,1.16158,1.16222,1.16135,1.16195,1.161785,1.16135,1.161785,2025-10-23T14:00:00Z,2025-10-23T14:00:00Z,1.161785,1.16222,1.1609150000000001,0.0004349999999999632,2025-10-23T14:30:00Z,2025-10-23T15:13:00Z,2025-10-24T12:00:00Z,2025-10-23T15:13:00Z,1.1609150000000001,TARGET,2,0.3678160919540541,1.632183908045946,1M_RESOLVED,,TARGET,false,1.0689655172413266,2.770114942529252,0,43,other_tf_refusals=120,false
IPO_1H_PLUS_4H,EUR/USD,1h,EUR/USD_2025-11-01,supply,2025-10-22T16:00:00Z,1.16158,1.16222,1.16135,1.16195,1.161785,1.16135,1.161785,2025-10-23T16:00:00Z,2025-10-23T16:00:00Z,1.161785,1.16222,1.1609150000000001,0.0004349999999999632,2025-10-23T16:02:00Z,2025-10-23T16:46:00Z,2025-10-24T12:00:00Z,2025-10-23T16:46:00Z,1.1609150000000001,TARGET,2,0.3678160919540541,1.632183908045946,1M_RESOLVED,,TARGET,false,0.12643678160901353,2.563218390804762,0,44,other_tf_refusals=120,false
IPO_1H_PLUS_4H,EUR/USD,1h,EUR/USD_2025-11-01,demand,2025-10-26T22:00:00Z,1.16308,1.16356,1.16266,1.16296,1.16356,1.16311,1.16311,2025-10-27T03:00:00Z,2025-10-27T03:00:00Z,1.16311,1.16266,1.1640100000000002,0.00045000000000006146,2025-10-27T03:00:00Z,,2025-10-27T04:00:00Z,2025-10-27T04:00:00Z,1.16243,S2_CLOSE_INVALIDATION,-1.5111111111109357,0.355555555555507,-1.8666666666664427,HTF_UNAMBIGUOUS,,S2_CLOSE_INVALIDATION,false,2.1999999999998026,0.35555555555536916,1,60,other_tf_refusals=120,false
IPO_1H_PLUS_4H,EUR/USD,1h,EUR/USD_2025-11-01,demand,2025-10-24T15:00:00Z,1.16257,1.16357,1.16219,1.16256,1.16357,1.16288,1.16288,2025-10-27T06:00:00Z,2025-10-27T06:00:00Z,1.16288,1.16219,1.1642599999999996,0.0006899999999998574,2025-10-27T06:00:00Z,,2025-10-27T07:00:00Z,2025-10-27T07:00:00Z,1.16206,S2_CLOSE_INVALIDATION,-1.1884057971014352,0.23188405797106243,-1.4202898550724976,HTF_UNAMBIGUOUS,,S2_CLOSE_INVALIDATION,false,1.217391304348008,0.49275362318851773,1,60,other_tf_refusals=120,false
IPO_1H_PLUS_4H,EUR/USD,1h,EUR/USD_2025-11-01,supply,2025-10-21T00:00:00Z,1.16438,1.16551,1.16432,1.16531,1.1649150000000001,1.16432,1.1649150000000001,2025-10-27T12:00:00Z,2025-10-27T12:00:00Z,1.1649150000000001,1.16551,1.1637250000000003,0.0005949999999999012,2025-10-27T12:04:00Z,2025-10-27T13:38:00Z,2025-10-28T00:00:00Z,2025-10-27T13:38:00Z,1.1637250000000003,TARGET,2,0.26890756302525476,1.7310924369747451,1M_RESOLVED,,TARGET,false,0.42857142857132197,2.7478991596644113,1,94,other_tf_refusals=120,false
IPO_1H_PLUS_4H,EUR/USD,1h,EUR/USD_2025-11-01,supply,2025-10-20T11:00:00Z,1.16531,1.16565,1.16444,1.16565,1.165045,1.16444,1.165045,2025-10-27T18:00:00Z,2025-10-27T18:00:00Z,1.165045,1.16565,1.1638350000000002,0.0006049999999999667,2025-10-27T18:55:00Z,,2025-10-28T01:00:00Z,2025-10-28T01:00:00Z,1.1658,S2_CLOSE_INVALIDATION,-1.2479338842973235,0.26446280991737,-1.5123966942146936,HTF_UNAMBIGUOUS,,TARGET,true,0.15702479338836606,2.537190082644874,0,365,other_tf_refusals=120,false
IPO_1H_PLUS_4H,EUR/USD,1h,EUR/USD_2025-11-01,supply,2025-10-20T11:00:00Z,1.16531,1.16565,1.16444,1.16565,1.165045,1.16444,1.165045,2025-10-27T22:00:00Z,2025-10-27T22:00:00Z,1.165045,1.16565,1.1638350000000002,0.0006049999999999667,2025-10-27T22:57:00Z,,2025-10-28T01:00:00Z,2025-10-28T01:00:00Z,1.1658,S2_CLOSE_INVALIDATION,-1.2479338842973235,0.26446280991737,-1.5123966942146936,HTF_UNAMBIGUOUS,,S2_CLOSE_INVALIDATION,false,2.190082644627887,0.8512396694216059,3,123,other_tf_refusals=120,false
IPO_1H_PLUS_4H,EUR/USD,1h,EUR/USD_2025-11-01,supply,2025-10-20T08:00:00Z,1.16623,1.16663,1.16579,1.16635,1.16621,1.16579,1.16621,2025-10-28T02:00:00Z,2025-10-28T02:00:00Z,1.16621,1.16663,1.1653699999999998,0.00042000000000008697,2025-10-28T02:06:00Z,,2025-10-28T04:00:00Z,2025-10-28T04:00:00Z,1.16667,S2_CLOSE_INVALIDATION,-1.0952380952381708,0.3809523809523021,-1.476190476190473,HTF_UNAMBIGUOUS,,S2_CLOSE_INVALIDATION,false,1.3809523809521544,1.8095238095231299,2,114,other_tf_refusals=120,false
IPO_1H_PLUS_4H,EUR/USD,1h,EUR/USD_2025-11-01,demand,2025-10-27T17:00:00Z,1.16385,1.16413,1.16358,1.16383,1.16413,1.163855,1.163855,2025-10-28T12:00:00Z,2025-10-28T12:00:00Z,1.163855,1.16358,1.1644050000000001,0.0002750000000000252,2025-10-28T12:55:00Z,2025-10-28T14:05:00Z,2025-10-29T04:00:00Z,2025-10-28T14:05:00Z,1.1644050000000001,TARGET,2,0.5818181818181285,1.4181818181818715,1M_RESOLVED,,TARGET,false,1.2181818181816126,7.690909090907902,0,70,other_tf_refusals=120,false
IPO_1H_PLUS_4H,EUR/USD,1h,EUR/USD_2025-11-01,demand,2025-10-27T17:00:00Z,1.16385,1.16413,1.16358,1.16383,1.16413,1.163855,1.163855,2025-10-29T03:00:00Z,2025-10-29T03:00:00Z,1.163855,1.16358,1.1644050000000001,0.0002750000000000252,2025-10-29T03:41:00Z,,2025-10-29T04:00:00Z,2025-10-29T04:00:00Z,1.16338,S2_CLOSE_INVALIDATION,-1.7272727272725805,0.5818181818181285,-2.309090909090709,HTF_UNAMBIGUOUS,,TARGET,true,0.45454545454596834,2.9999999999991926,0,19,other_tf_refusals=120,false
IPO_1H_PLUS_4H,EUR/USD,1h,EUR/USD_2025-11-01,demand,2025-10-28T13:00:00Z,1.16406,1.16406,1.1626,1.16399,1.16406,1.1633300000000002,1.1633300000000002,2025-10-29T05:00:00Z,2025-10-29T05:00:00Z,1.1633300000000002,1.1626,1.1647900000000004,0.0007300000000001194,2025-10-29T05:09:00Z,,2025-10-29T08:00:00Z,2025-10-29T08:00:00Z,1.16256,S2_CLOSE_INVALIDATION,-1.054794520547991,0.21917808219174498,-1.273972602739736,HTF_UNAMBIGUOUS,,S2_CLOSE_INVALIDATION,false,1.1506849315068992,0.5342465753422283,3,171,other_tf_refusals=120,false
IPO_1H_PLUS_4H,EUR/USD,1h,EUR/USD_2025-11-01,demand,2025-10-22T11:00:00Z,1.15861,1.15889,1.15825,1.15825,1.15889,1.15857,1.15857,2025-10-29T18:00:00Z,2025-10-29T18:00:00Z,1.15857,1.15825,1.1592100000000003,0.000320000000000098,2025-10-29T18:42:00Z,2025-10-29T18:44:00Z,2025-10-30T12:00:00Z,2025-10-29T18:44:00Z,1.1592100000000003,TARGET,2,0.49999999999984696,1.500000000000153,1M_RESOLVED,,TARGET,false,0.21874999999997832,20.28124999999343,0,2,other_tf_refusals=120,false
IPO_1H_PLUS_4H,EUR/USD,4h,EUR/USD_2025-11-01,supply,2025-07-08T05:00:00Z,1.17413,1.17651,1.17319,1.17487,1.17485,1.17319,1.17485,2025-07-23T05:00:00Z,2025-07-23T05:00:00Z,1.17485,1.17651,1.17153,0.0016599999999999948,2025-07-23T07:16:00Z,2025-07-23T13:05:00Z,2025-07-23T17:00:00Z,2025-07-23T13:05:00Z,1.17153,TARGET,2,0.09638554216867501,1.903614457831325,1M_RESOLVED,,TARGET,false,0.7891566265061135,2.2710843373494356,2,349,other_tf_refusals=33,false
IPO_1H_PLUS_4H,EUR/USD,4h,EUR/USD_2025-11-01,supply,2025-07-04T01:00:00Z,1.17669,1.17805,1.17559,1.17802,1.17682,1.17559,1.17682,2025-07-24T05:00:00Z,2025-07-24T05:00:00Z,1.17682,1.17805,1.1743599999999998,0.0012300000000000644,2025-07-24T05:00:00Z,2025-07-24T10:36:00Z,2025-09-16T05:00:00Z,2025-07-24T10:36:00Z,1.1743599999999998,TARGET,2,0.13008130081300134,1.8699186991869987,1M_RESOLVED,,TARGET,false,0.8048780487804834,2.9349593495932536,1,336,other_tf_refusals=33,false
IPO_1H_PLUS_4H,EUR/USD,4h,EUR/USD_2025-11-01,supply,2025-07-04T01:00:00Z,1.17669,1.17805,1.17559,1.17802,1.17682,1.17559,1.17682,2025-07-24T13:00:00Z,2025-07-24T13:00:00Z,1.17682,1.17805,1.1743599999999998,0.0012300000000000644,2025-07-24T13:26:00Z,2025-07-24T21:15:00Z,2025-09-16T05:00:00Z,2025-07-24T21:15:00Z,1.1743599999999998,TARGET,2,0.13008130081300134,1.8699186991869987,1M_RESOLVED,,TARGET,false,1.650406504064935,3.040650406503968,0,469,other_tf_refusals=33,false
IPO_1H_PLUS_4H,EUR/USD,4h,EUR/USD_2025-11-01,demand,2025-06-24T05:00:00Z,1.16063,1.16228,1.15796,1.15926,1.16228,1.16012,1.16012,2025-07-28T13:00:00Z,2025-07-28T13:00:00Z,1.16012,1.15796,1.16444,0.0021599999999999397,2025-07-28T16:37:00Z,,2025-07-29T05:00:00Z,2025-07-29T05:00:00Z,1.15692,S2_CLOSE_INVALIDATION,-1.4814814814815653,0.07407407407407615,-1.5555555555556415,HTF_UNAMBIGUOUS,,TARGET,true,0.1296296296296601,2.81944444444449,0,743,other_tf_refusals=33,false
IPO_1H_PLUS_4H,EUR/USD,4h,EUR/USD_2025-11-01,demand,2025-07-17T13:00:00Z,1.15872,1.16028,1.15777,1.15863,1.16028,1.159025,1.159025,2025-07-28T21:00:00Z,2025-07-28T21:00:00Z,1.159025,1.15777,1.161535,0.0012550000000000061,2025-07-28T21:00:00Z,,2025-07-29T05:00:00Z,2025-07-29T05:00:00Z,1.15692,S2_CLOSE_INVALIDATION,-1.677290836653397,0.12749003984063684,-1.8047808764940338,HTF_UNAMBIGUOUS,,S2_CLOSE_INVALIDATION,false,5.0079681274899155,0.6972111553784501,2,480,other_tf_refusals=33,false
IPO_1H_PLUS_4H,EUR/USD,4h,EUR/USD_2025-11-01,supply,2025-07-29T21:00:00Z,1.15458,1.15676,1.15453,1.15671,1.155645,1.15453,1.155645,2025-08-01T09:00:00Z,2025-08-01T09:00:00Z,1.155645,1.15676,1.153415,0.0011149999999999771,2025-08-01T12:53:00Z,2025-08-01T17:02:00Z,2025-08-01T17:00:00Z,2025-08-01T17:02:00Z,1.153415,TARGET,2,0.1434977578475366,1.8565022421524633,1M_RESOLVED,,TARGET,false,0.21973094170408589,14.802690582959938,0,249,other_tf_refusals=33,false
IPO_1H_PLUS_4H,EUR/USD,4h,EUR/USD_2025-11-01,supply,2025-07-29T01:00:00Z,1.15848,1.1599,1.15746,1.15886,1.15868,1.15746,1.15868,2025-08-01T13:00:00Z,2025-08-01T13:00:00Z,1.15868,1.1599,1.15624,0.0012199999999999989,2025-08-01T14:00:00Z,2025-08-01T14:05:00Z,2025-08-06T09:00:00Z,2025-08-01T14:05:00Z,1.15624,TARGET,2,0.1311475409836067,1.8688524590163933,1M_RESOLVED,,TARGET,false,0.16393442622949028,4.147540983606432,0,5,other_tf_refusals=33,false
IPO_1H_PLUS_4H,EUR/USD,4h,EUR/USD_2025-11-01,supply,2025-07-29T01:00:00Z,1.15848,1.1599,1.15746,1.15886,1.15868,1.15746,1.15868,2025-08-01T21:00:00Z,2025-08-01T21:00:00Z,1.15868,1.1599,1.15624,0.0012199999999999989,2025-08-01T21:23:00Z,2025-08-04T00:30:00Z,2025-08-06T09:00:00Z,2025-08-04T00:30:00Z,1.15624,TARGET,2,0.1311475409836067,1.8688524590163933,1M_RESOLVED,,TARGET,false,0.30327868852457524,2.5409836065572815,1,3067,other_tf_refusals=33,false
IPO_1H_PLUS_4H,EUR/USD,4h,EUR/USD_2025-11-01,supply,2025-07-29T01:00:00Z,1.15848,1.1599,1.15746,1.15886,1.15868,1.15746,1.15868,2025-08-06T05:00:00Z,2025-08-06T05:00:00Z,1.15868,1.1599,1.15624,0.0012199999999999989,2025-08-06T06:34:00Z,,2025-08-06T09:00:00Z,2025-08-06T09:00:00Z,1.1624,S2_CLOSE_INVALIDATION,-3.0491803278689926,0.1311475409836067,-3.1803278688525993,HTF_UNAMBIGUOUS,,S2_CLOSE_INVALIDATION,false,3.426229508196784,1.3770491803277913,1,146,other_tf_refusals=33,false
IPO_1H_PLUS_4H,EUR/USD,4h,EUR/USD_2025-11-01,demand,2025-08-06T21:00:00Z,1.16593,1.16664,1.1651,1.16521,1.16664,1.16587,1.16587,2025-08-07T09:00:00Z,2025-08-07T09:00:00Z,1.16587,1.1651,1.1674099999999998,0.0007699999999999374,2025-08-07T11:10:00Z,,2025-08-07T13:00:00Z,2025-08-07T13:00:00Z,1.16383,S2_CLOSE_INVALIDATION,-2.649350649350919,0.2077922077922247,-2.8571428571431436,HTF_UNAMBIGUOUS,,TARGET,true,3.220779220779532,3.4285714285716757,0,110,other_tf_refusals=33,false
IPO_1H_PLUS_4H,EUR/USD,4h,EUR/USD_2025-11-01,demand,2025-08-14T13:00:00Z,1.16637,1.1672,1.16304,1.1634,1.1672,1.16512,1.16512,2025-08-19T05:00:00Z,2025-08-19T05:00:00Z,1.16512,1.16304,1.1692799999999997,0.0020799999999998597,2025-08-19T06:01:00Z,2025-08-19T11:06:00Z,2025-08-21T13:00:00Z,2025-08-19T11:06:00Z,1.1692799999999997,TARGET,2,0.07692307692308212,1.9230769230769178,1M_RESOLVED,,TARGET,false,0.009615384615341505,2.0288461538463447,1,305,other_tf_refusals=33,false
IPO_1H_PLUS_4H,EUR/USD,4h,EUR/USD_2025-11-01,demand,2025-08-14T13:00:00Z,1.16637,1.1672,1.16304,1.1634,1.1672,1.16512,1.16512,2025-08-20T09:00:00Z,2025-08-20T09:00:00Z,1.16512,1.16304,1.1692799999999997,0.0020799999999998597,2025-08-20T09:00:00Z,,2025-08-21T13:00:00Z,2025-08-21T13:00:00Z,1.16118,S2_CLOSE_INVALIDATION,-1.8942307692308165,0.07692307692308212,-1.9711538461538987,HTF_UNAMBIGUOUS,,S2_CLOSE_INVALIDATION,false,2.432692307692396,1.1105769230770144,7,1680,other_tf_refusals=33,false
IPO_1H_PLUS_4H,EUR/USD,4h,EUR/USD_2025-11-01,supply,2025-08-21T21:00:00Z,1.1606,1.16171,1.16022,1.1615,1.160965,1.16022,1.160965,2025-08-22T09:00:00Z,2025-08-22T09:00:00Z,1.160965,1.16171,1.159475,0.0007449999999999957,2025-08-22T12:08:00Z,,2025-08-22T13:00:00Z,2025-08-22T13:00:00Z,1.1721,S2_CLOSE_INVALIDATION,-14.94630872483216,0.2147651006711422,-15.161073825503303,HTF_UNAMBIGUOUS,,TARGET,true,0.610738255033389,2.2348993288591106,0,52,other_tf_refusals=33,false
IPO_1H_PLUS_4H,EUR/USD,4h,EUR/USD_2025-11-01,supply,2025-08-13T05:00:00Z,1.16846,1.17211,1.16764,1.17148,1.169875,1.16764,1.169875,2025-08-24T21:00:00Z,2025-08-24T21:00:00Z,1.169875,1.17211,1.165405,0.002234999999999987,2025-08-24T23:00:00Z,2025-08-25T16:51:00Z,2025-09-01T05:00:00Z,2025-08-25T16:51:00Z,1.165405,TARGET,2,0.07158836689038074,1.9284116331096193,1M_RESOLVED,,TARGET,false,1.0178970917226131,2.118568232662175,4,1071,other_tf_refusals=33,false
IPO_1H_PLUS_4H,EUR/USD,4h,EUR/USD_2025-11-01,supply,2025-08-22T13:00:00Z,1.16089,1.17323,1.15974,1.1721,1.166485,1.15974,1.166485,2025-08-28T13:00:00Z,2025-08-28T13:00:00Z,1.166485,1.17323,1.152995,0.006745000000000001,2025-08-28T13:00:00Z,,2025-09-01T05:00:00Z,2025-09-01T05:00:00Z,1.17352,S2_CLOSE_INVALIDATION,-1.0429948109710752,0.023721275018532245,-1.0667160859896074,HTF_UNAMBIGUOUS,,S2_CLOSE_INVALIDATION,false,1.068198665678266,0.2127501853224722,11,5280,other_tf_refusals=33,false
IPO_1H_PLUS_4H,EUR/USD,4h,EUR/USD_2025-11-01,demand,2025-08-28T01:00:00Z,1.16455,1.16551,1.16385,1.16395,1.16551,1.1646800000000002,1.1646800000000002,2025-09-02T05:00:00Z,2025-09-02T05:00:00Z,1.1646800000000002,1.16385,1.1663400000000004,0.0008300000000001084,2025-09-02T07:57:00Z,,2025-09-02T09:00:00Z,2025-09-02T09:00:00Z,1.16175,S2_CLOSE_INVALIDATION,-3.5301204819273693,0.19277108433732423,-3.7228915662646935,HTF_UNAMBIGUOUS,,TARGET,true,1.5662650602408543,7.337349397589317,0,63,other_tf_refusals=33,false
IPO_1H_PLUS_4H,EUR/USD,4h,EUR/USD_2025-11-01,demand,2025-09-10T05:00:00Z,1.17178,1.1722,1.1691,1.16997,1.1722,1.17065,1.17065,2025-09-12T09:00:00Z,2025-09-12T09:00:00Z,1.17065,1.1691,1.1737499999999998,0.0015499999999999403,2025-09-12T12:31:00Z,2025-09-12T17:51:00Z,2025-09-25T13:00:00Z,2025-09-12T17:51:00Z,1.1737499999999998,TARGET,2,0.10322580645161689,1.896774193548383,1M_RESOLVED,,TARGET,false,0.32903225806453557,2.2709677419355505,2,320,other_tf_refusals=33,false
IPO_1H_PLUS_4H,EUR/USD,4h,EUR/USD_2025-11-01,supply,2025-07-01T05:00:00Z,1.17863,1.18176,1.17673,1.18067,1.1792449999999999,1.17673,1.1792449999999999,2025-09-16T09:00:00Z,2025-09-16T09:00:00Z,1.1792449999999999,1.18176,1.1742149999999998,0.002515000000000045,2025-09-16T09:00:00Z,,2025-09-16T13:00:00Z,2025-09-16T13:00:00Z,1.18647,S2_CLOSE_INVALIDATION,-2.8727634194830647,0.06361829025844817,-2.936381709741513,HTF_UNAMBIGUOUS,,S2_CLOSE_INVALIDATION,false,3.1510934393638332,0.057654075546654915,1,240,other_tf_refusals=33,false
IPO_1H_PLUS_4H,EUR/USD,4h,EUR/USD_2025-11-01,demand,2025-09-15T13:00:00Z,1.17697,1.17744,1.17507,1.17585,1.17744,1.176255,1.176255,2025-09-18T13:00:00Z,2025-09-18T13:00:00Z,1.176255,1.17507,1.178625,0.0011849999999999916,2025-09-18T13:39:00Z,2025-09-18T15:20:00Z,2025-09-19T09:00:00Z,2025-09-18T15:20:00Z,1.178625,TARGET,2,0.13502109704641446,1.8649789029535855,1M_RESOLVED,,TARGET,false,1.0337552742616374,2.8312236286920007,0,101,other_tf_refusals=33,false
IPO_1H_PLUS_4H,EUR/USD,4h,EUR/USD_2025-11-01,demand,2025-09-22T01:00:00Z,1.17348,1.1741,1.17264,1.17306,1.1741,1.1733699999999998,1.1733699999999998,2025-09-24T17:00:00Z,2025-09-24T17:00:00Z,1.1733699999999998,1.17264,1.1748299999999996,0.0007299999999998974,2025-09-24T17:00:00Z,2025-09-25T00:59:00Z,2025-09-25T09:00:00Z,2025-09-25T00:59:00Z,1.1748299999999996,TARGET,2,0.21917808219181165,1.7808219178081883,1M_RESOLVED,,TARGET,false,0.2602739726026564,2.0000000000006084,1,479,other_tf_refusals=33,false
IPO_1H_PLUS_4H,EUR/USD,4h,EUR/USD_2025-11-01,demand,2025-09-19T09:00:00Z,1.17609,1.17687,1.17288,1.1736,1.17687,1.1748750000000001,1.1748750000000001,2025-09-25T01:00:00Z,2025-09-25T01:00:00Z,1.1748750000000001,1.17288,1.1788650000000005,0.001995000000000191,2025-09-25T01:00:00Z,,2025-09-25T09:00:00Z,2025-09-25T09:00:00Z,1.16981,S2_CLOSE_INVALIDATION,-2.5388471177942917,0.08020050125312515,-2.619047619047417,HTF_UNAMBIGUOUS,,S2_CLOSE_INVALIDATION,false,3.050125313282975,0.25814536340840694,2,480,other_tf_refusals=33,false
IPO_1H_PLUS_4H,EUR/USD,4h,EUR/USD_2025-11-01,supply,2025-09-25T01:00:00Z,1.17474,1.17536,1.17406,1.1752,1.1747100000000001,1.17406,1.1747100000000001,2025-09-29T09:00:00Z,2025-09-29T09:00:00Z,1.1747100000000001,1.17536,1.1734100000000005,0.0006499999999998174,2025-09-29T12:56:00Z,2025-09-29T14:22:00Z,2025-09-30T05:00:00Z,2025-09-29T14:22:00Z,1.1734100000000005,TARGET,2,0.24615384615391533,1.7538461538460846,1M_RESOLVED,,TARGET,false,0.6461538461538199,5.800000000001708,0,86,other_tf_refusals=33,false
IPO_1H_PLUS_4H,EUR/USD,4h,EUR/USD_2025-11-01,supply,2025-10-06T00:00:00Z,1.17123,1.17307,1.17101,1.17237,1.17204,1.17101,1.17204,2025-10-06T12:00:00Z,2025-10-06T12:00:00Z,1.17204,1.17307,1.1699799999999998,0.0010300000000000864,2025-10-06T15:04:00Z,2025-10-07T01:39:00Z,,2025-10-07T01:39:00Z,1.1699799999999998,TARGET,2,0.1553398058252297,1.8446601941747702,HTF_UNAMBIGUOUS,,TARGET,false,0.019417475728280918,4.601941747572397,0,635,other_tf_refusals=33,false
IPO_1H_PLUS_4H,EUR/USD,4h,EUR/USD_2025-11-01,supply,2025-10-06T00:00:00Z,1.17123,1.17307,1.17101,1.17237,1.17204,1.17101,1.17204,2025-10-06T20:00:00Z,2025-10-06T20:00:00Z,1.17204,1.17307,1.1699799999999998,0.0010300000000000864,2025-10-06T21:20:00Z,2025-10-07T01:39:00Z,,2025-10-07T01:39:00Z,1.1699799999999998,TARGET,2,0.1553398058252297,1.8446601941747702,HTF_UNAMBIGUOUS,,TARGET,false,0.019417475728280918,2.3106796116503387,1,259,other_tf_refusals=33,false
IPO_1H_PLUS_4H,EUR/USD,4h,EUR/USD_2025-11-01,demand,2025-09-02T09:00:00Z,1.16454,1.16535,1.16103,1.16175,1.16535,1.1631900000000002,1.1631900000000002,2025-10-08T00:00:00Z,2025-10-08T00:00:00Z,1.1631900000000002,1.16103,1.1675100000000005,0.002160000000000162,2025-10-08T01:27:00Z,,2025-10-08T12:00:00Z,2025-10-08T12:00:00Z,1.16059,S2_CLOSE_INVALIDATION,-1.2037037037036866,0.07407407407406853,-1.2777777777777553,HTF_UNAMBIGUOUS,,S2_CLOSE_INVALIDATION,false,1.3379629629628902,0.9722222222220424,3,633,other_tf_refusals=33,false
IPO_1H_PLUS_4H,EUR/USD,4h,EUR/USD_2025-11-01,supply,2025-10-09T08:00:00Z,1.1611,1.16272,1.1603,1.1612,1.16151,1.1603,1.16151,2025-10-13T00:00:00Z,2025-10-13T00:00:00Z,1.16151,1.16272,1.1590900000000002,0.0012099999999999334,2025-10-13T00:59:00Z,2025-10-13T08:27:00Z,2025-10-15T04:00:00Z,2025-10-13T08:27:00Z,1.1590900000000002,TARGET,2,0.132231404958685,1.867768595041315,1M_RESOLVED,,TARGET,false,1.1983471074380423,4.082644628099352,2,448,other_tf_refusals=33,false
IPO_1H_PLUS_4H,EUR/USD,4h,EUR/USD_2025-11-01,supply,2025-10-09T00:00:00Z,1.16289,1.16475,1.1628,1.16448,1.163775,1.1628,1.163775,2025-10-15T04:00:00Z,2025-10-15T04:00:00Z,1.163775,1.16475,1.161825,0.0009749999999999481,2025-10-15T06:55:00Z,2025-10-15T12:01:00Z,2025-10-15T20:00:00Z,2025-10-15T12:01:00Z,1.161825,TARGET,2,0.16410256410257285,1.8358974358974272,1M_RESOLVED,,TARGET,false,0.6615384615385036,2.13846153846177,0,306,other_tf_refusals=33,false
IPO_1H_PLUS_4H,EUR/USD,4h,EUR/USD_2025-11-01,supply,2025-10-09T00:00:00Z,1.16289,1.16475,1.1628,1.16448,1.163775,1.1628,1.163775,2025-10-15T12:00:00Z,2025-10-15T12:00:00Z,1.163775,1.16475,1.161825,0.0009749999999999481,2025-10-15T15:40:00Z,,2025-10-15T20:00:00Z,2025-10-15T20:00:00Z,1.16496,S2_CLOSE_INVALIDATION,-1.2153846153846715,0.16410256410257285,-1.3794871794872443,HTF_UNAMBIGUOUS,,TARGET,true,0.9282051282051095,2.794871794872034,0,260,other_tf_refusals=33,false
IPO_1H_PLUS_4H,EUR/USD,4h,EUR/USD_2025-11-01,supply,2025-10-07T12:00:00Z,1.16621,1.16798,1.16542,1.16731,1.1667,1.16542,1.1667,2025-10-16T04:00:00Z,2025-10-16T04:00:00Z,1.1667,1.16798,1.1641400000000002,0.0012799999999999478,2025-10-16T06:15:00Z,,2025-10-16T16:00:00Z,2025-10-16T16:00:00Z,1.16889,S2_CLOSE_INVALIDATION,-1.7109375000000027,0.1250000000000051,-1.8359375000000078,HTF_UNAMBIGUOUS,,S2_CLOSE_INVALIDATION,false,2.1171875000000786,1.859375000000114,3,585,other_tf_refusals=33,false
IPO_1H_PLUS_4H,EUR/USD,4h,EUR/USD_2025-11-01,demand,2025-10-16T04:00:00Z,1.16621,1.16676,1.16432,1.16521,1.16676,1.16554,1.16554,2025-10-17T20:00:00Z,2025-10-17T20:00:00Z,1.16554,1.16432,1.16798,0.0012199999999999989,2025-10-17T20:40:00Z,,2025-10-20T16:00:00Z,2025-10-20T16:00:00Z,1.16409,S2_CLOSE_INVALIDATION,-1.1885245901638957,0.1311475409836067,-1.3196721311475024,HTF_UNAMBIGUOUS,,S2_CLOSE_INVALIDATION,false,1.3934426229508494,1.639344262295085,6,4040,other_tf_refusals=33,false
IPO_1H_PLUS_4H,EUR/USD,4h,EUR/USD_2025-11-01,demand,2025-10-14T16:00:00Z,1.16076,1.16147,1.16013,1.16055,1.16147,1.1608,1.1608,2025-10-21T08:00:00Z,2025-10-21T08:00:00Z,1.1608,1.16013,1.16214,0.0006699999999999484,2025-10-21T10:19:00Z,2025-10-21T11:05:00Z,2025-10-21T16:00:00Z,2025-10-21T11:05:00Z,1.16214,TARGET,2,0.23880597014927213,1.7611940298507278,1M_RESOLVED,,TARGET,false,0.20895522388065638,2.8955223880600034,0,46,other_tf_refusals=33,false
IPO_1H_PLUS_4H,EUR/USD,4h,EUR/USD_2025-11-01,supply,2025-10-21T12:00:00Z,1.16138,1.16179,1.15977,1.16151,1.16078,1.15977,1.16078,2025-10-23T16:00:00Z,2025-10-23T16:00:00Z,1.16078,1.16179,1.1587599999999996,0.0010100000000001774,2025-10-23T16:00:00Z,,2025-10-24T04:00:00Z,2025-10-24T04:00:00Z,1.16186,S2_CLOSE_INVALIDATION,-1.0693069306928515,0.1584158415841306,-1.2277227722769821,HTF_UNAMBIGUOUS,,S2_CLOSE_INVALIDATION,false,1.9405940594057818,0.6237623762374235,3,720,other_tf_refusals=33,false
IPO_1H_PLUS_4H,EUR/USD,4h,EUR/USD_2025-11-01,demand,2025-10-27T04:00:00Z,1.16282,1.16322,1.16204,1.16206,1.16322,1.16263,1.16263,2025-10-28T12:00:00Z,2025-10-28T12:00:00Z,1.16263,1.16204,1.1638100000000002,0.0005900000000000905,2025-10-28T13:20:00Z,2025-10-28T13:55:00Z,2025-10-29T16:00:00Z,2025-10-28T13:55:00Z,1.1638100000000002,TARGET,2,0.2711864406779245,1.7288135593220755,1M_RESOLVED,,TARGET,false,0.05084745762706761,6.847457627117668,0,35,other_tf_refusals=33,false
IPO_1H_PLUS_4H,EUR/USD,4h,EUR/USD_2025-11-01,demand,2025-10-14T04:00:00Z,1.15787,1.15935,1.15427,1.15495,1.15935,1.1568100000000001,1.1568100000000001,2025-10-30T20:00:00Z,2025-10-30T20:00:00Z,1.1568100000000001,1.15427,1.1618900000000005,0.0025400000000002088,2025-10-30T20:00:00Z,,2025-10-31T12:00:00Z,2025-10-31T12:00:00Z,1.15403,S2_CLOSE_INVALIDATION,-1.0944881889763773,0.06299212598424679,-1.157480314960624,HTF_UNAMBIGUOUS,,S2_CLOSE_INVALIDATION,false,1.7913385826770394,0.3661417322833854,4,960,other_tf_refusals=33,false
IPO_1H_PLUS_4H,BTC/USD,1h,BTC/USD_2022-07-01,supply,2022-04-17T19:00:00Z,40094.98047,40406.14062,40089.67188,40376.48047,40247.90625,40089.67188,40247.90625,2022-04-18T17:00:00Z,2022-04-18T17:00:00Z,40247.90625,40406.14062,39931.43751,158.2343699999983,2022-04-18T17:11:00Z,2022-04-18T17:24:00Z,2022-04-18T18:00:00Z,2022-04-18T17:24:00Z,39931.43751,TARGET,2,0.7630688500229204,1.2369311499770796,1M_RESOLVED,,TARGET,false,0.17357063449616442,4.9038463009016695,0,13,other_tf_refusals=150,false
IPO_1H_PLUS_4H,BTC/USD,1h,BTC/USD_2022-07-01,demand,2022-04-21T09:00:00Z,41922.96875,41950.35156,41757.87891,41812.070312,41950.35156,41854.115235000005,41854.115235000005,2022-04-21T16:00:00Z,2022-04-21T16:00:00Z,41854.115235000005,41757.87891,42046.587885000015,96.23632500000531,2022-04-21T16:59:00Z,,2022-04-21T17:00:00Z,2022-04-21T17:00:00Z,41530.35156,S2_CLOSE_INVALIDATION,-3.364256428120921,1.304729224697567,-4.668985652818488,HTF_UNAMBIGUOUS,,TARGET,true,0.2830962736783923,3.26367392977631,0,1,other_tf_refusals=150,false
IPO_1H_PLUS_4H,BTC/USD,1h,BTC/USD_2022-07-01,demand,2022-04-21T05:00:00Z,41601.92188,41698.98828,41439.66016,41462.76172,41698.98828,41569.324219999995,41569.324219999995,2022-04-21T17:00:00Z,2022-04-21T17:00:00Z,41569.324219999995,41439.66016,41828.652339999986,129.66405999999552,2022-04-21T17:39:00Z,,2022-04-21T19:00:00Z,2022-04-21T19:00:00Z,41229.12109,S2_CLOSE_INVALIDATION,-2.6237272687590236,0.9617774783544824,-3.585504747113506,HTF_UNAMBIGUOUS,,TARGET,true,0.421039955096228,2.709284824183492,0,81,other_tf_refusals=150,false
IPO_1H_PLUS_4H,BTC/USD,1h,BTC/USD_2022-07-01,demand,2022-04-19T07:00:00Z,40705.28906,40741.85156,40581.44141,40697.53125,40741.85156,40661.646485000005,40661.646485000005,2022-04-21T20:00:00Z,2022-04-21T20:00:00Z,40661.646485000005,40581.44141,40822.056635000015,80.20507500000531,2022-04-21T20:45:00Z,2022-04-21T21:08:00Z,2022-04-21T22:00:00Z,2022-04-21T21:08:00Z,40822.056635000015,TARGET,2,1.520912977825804,0.4790870221741961,1M_RESOLVED,,TARGET,false,1.0763181132864255,7.794448106930286,0,23,other_tf_refusals=150,false
IPO_1H_PLUS_4H,BTC/USD,1h,BTC/USD_2022-07-01,supply,2022-04-21T21:00:00Z,40575.62109,40828.23828,40575.62109,40726.46875,40701.929684999996,40575.62109,40701.929684999996,2022-04-22T06:00:00Z,2022-04-22T06:00:00Z,40701.929684999996,40828.23828,40449.31249499999,126.30859500000224,2022-04-22T06:05:00Z,2022-04-22T07:27:00Z,,2022-04-22T07:27:00Z,40449.31249499999,TARGET,2,0.9667258911002677,1.0332741088997324,HTF_UNAMBIGUOUS,,TARGET,false,0.6066182194489684,2.9961651065787804,1,82,other_tf_refusals=150,false
IPO_1H_PLUS_4H,BTC/USD,1h,BTC/USD_2022-07-01,supply,2022-04-21T21:00:00Z,40575.62109,40828.23828,40575.62109,40726.46875,40701.929684999996,40575.62109,40701.929684999996,2022-04-22T08:00:00Z,2022-04-22T08:00:00Z,40701.929684999996,40828.23828,40449.31249499999,126.30859500000224,2022-04-22T08:00:00Z,2022-04-22T08:31:00Z,,2022-04-22T08:31:00Z,40449.31249499999,TARGET,2,0.9667258911002677,1.0332741088997324,HTF_UNAMBIGUOUS,,TARGET,false,0.4588835383688795,2.7229317608986894,0,31,other_tf_refusals=150,false
IPO_1H_PLUS_4H,BTC/USD,1h,BTC/USD_2022-07-01,demand,2022-04-18T04:00:00Z,39818.10938,39847.23047,38763.76172,38819.070312,39847.23047,39305.496095,39305.496095,2022-04-22T16:00:00Z,2022-04-22T16:00:00Z,39305.496095,38763.76172,40388.964845,541.734375,2022-04-22T16:04:00Z,,2022-04-25T06:00:00Z,2022-04-25T06:00:00Z,38636.75,S2_CLOSE_INVALIDATION,-1.2344538686510382,0.2176647702760232,-1.4521186389270615,HTF_UNAMBIGUOUS,,S2_CLOSE_INVALIDATION,false,1.2596478394046888,1.202943388999451,62,3716,other_tf_refusals=150,false
IPO_1H_PLUS_4H,BTC/USD,1h,BTC/USD_2022-07-01,supply,2022-04-25T03:00:00Z,39090.011719,39270.60156,39090.011719,39254.62891,39180.306639500006,39090.011719,39180.306639500006,2022-04-25T13:00:00Z,2022-04-25T13:00:00Z,39180.306639500006,39270.60156,38999.71679850001,90.2949204999968,2022-04-25T13:37:00Z,2022-04-25T13:44:00Z,2022-04-25T16:00:00Z,2022-04-25T13:44:00Z,38999.71679850001,TARGET,2,1.3017445418594082,0.6982554581405918,1M_RESOLVED,,TARGET,false,0.05963536453851416,5.61720500656536,0,7,other_tf_refusals=150,false
IPO_1H_PLUS_4H,BTC/USD,1h,BTC/USD_2022-07-01,supply,2022-04-25T03:00:00Z,39090.011719,39270.60156,39090.011719,39254.62891,39180.306639500006,39090.011719,39180.306639500006,2022-04-25T15:00:00Z,2022-04-25T15:00:00Z,39180.306639500006,39270.60156,38999.71679850001,90.2949204999968,2022-04-25T15:12:00Z,2022-04-25T15:47:00Z,2022-04-25T16:00:00Z,2022-04-25T15:47:00Z,38999.71679850001,TARGET,2,1.3017445418594082,0.6982554581405918,1M_RESOLVED,,TARGET,false,1.936601079348665,2.542514775236021,0,35,other_tf_refusals=150,false
IPO_1H_PLUS_4H,BTC/USD,1h,BTC/USD_2022-07-01,supply,2022-04-24T14:00:00Z,39581.89062,39919.33984,39372.60938,39734.089844,39645.974610000005,39372.60938,39645.974610000005,2022-04-25T16:00:00Z,2022-04-25T16:00:00Z,39645.974610000005,39919.33984,39099.24415000001,273.3652299999958,2022-04-25T16:49:00Z,,2022-04-25T18:00:00Z,2022-04-25T18:00:00Z,39965.76172,S2_CLOSE_INVALIDATION,-1.1698163296041797,0.4350879730754414,-1.604904302679621,HTF_UNAMBIGUOUS,,TARGET,true,0.016225728487835704,2.6115116578652513,0,71,other_tf_refusals=150,false
IPO_1H_PLUS_4H,BTC/USD,1h,BTC/USD_2022-07-01,demand,2022-04-25T08:00:00Z,38434.011719,38561.44141,38401.37891,38404.28125,38561.44141,38481.41016,38481.41016,2022-04-26T16:00:00Z,2022-04-26T16:00:00Z,38481.41016,38401.37891,38641.47266,80.03125,2022-04-26T16:03:00Z,2022-04-26T16:06:00Z,2022-04-26T19:00:00Z,2022-04-26T16:06:00Z,38641.47266,TARGET,2,1.4424894085747755,0.5575105914252245,1M_RESOLVED,,TARGET,false,1.1449141429129177,4.688061226083603,0,3,other_tf_refusals=150,false
IPO_1H_PLUS_4H,BTC/USD,1h,BTC/USD_2022-07-01,supply,2022-05-10T17:00:00Z,31211.35938,31784.82031,31211.35938,31655.42969,31498.089845000002,31211.35938,31498.089845000002,2022-05-11T02:00:00Z,2022-05-11T02:00:00Z,31498.089845000002,31784.82031,30924.62891500001,286.7304649999969,2022-05-11T02:27:00Z,2022-05-11T06:45:00Z,2022-05-11T10:00:00Z,2022-05-11T06:45:00Z,30924.62891500001,TARGET,2,0.32955782893527213,1.670442171064728,1M_RESOLVED,,TARGET,false,0.07669304690032516,2.9434969039652294,0,258,other_tf_refusals=150,false
IPO_1H_PLUS_4H,BTC/USD,1h,BTC/USD_2022-07-01,supply,2022-05-10T17:00:00Z,31211.35938,31784.82031,31211.35938,31655.42969,31498.089845000002,31211.35938,31498.089845000002,2022-05-11T06:00:00Z,2022-05-11T06:00:00Z,31498.089845000002,31784.82031,30924.62891500001,286.7304649999969,2022-05-11T06:05:00Z,2022-05-11T06:45:00Z,2022-05-11T10:00:00Z,2022-05-11T06:45:00Z,30924.62891500001,TARGET,2,0.32955782893527213,1.670442171064728,1M_RESOLVED,,TARGET,false,0.004427625086854528,3.771140206535133,0,40,other_tf_refusals=150,false
IPO_1H_PLUS_4H,BTC/USD,1h,BTC/USD_2022-07-01,supply,2022-05-10T12:00:00Z,31652.90039,32234.099609,31526.59961,32150.019531,31880.3496095,31526.59961,31880.3496095,2022-05-11T11:00:00Z,2022-05-11T11:00:00Z,31880.3496095,32234.099609,31172.8496105,353.74999949999983,2022-05-11T11:14:00Z,2022-05-11T12:30:00Z,,2022-05-11T12:30:00Z,31172.8496105,TARGET,2,0.27036338929662684,1.7296366107033732,HTF_UNAMBIGUOUS,,TARGET,false,0.01758501910612216,7.668324871616011,1,76,other_tf_refusals=150,false
IPO_1H_PLUS_4H,BTC/USD,1h,BTC/USD_2022-07-01,supply,2022-05-10T12:00:00Z,31652.90039,32234.099609,31526.59961,32150.019531,31880.3496095,31526.59961,31880.3496095,2022-05-11T14:00:00Z,2022-05-11T14:00:00Z,31880.3496095,32234.099609,31172.8496105,353.74999949999983,2022-05-11T14:45:00Z,2022-05-11T15:27:00Z,,2022-05-11T15:27:00Z,31172.8496105,TARGET,2,0.27036338929662684,1.7296366107033732,HTF_UNAMBIGUOUS,,TARGET,false,0.0412433654293213,3.0825971760884774,0,42,other_tf_refusals=150,false
IPO_1H_PLUS_4H,BTC/USD,1h,BTC/USD_2022-07-01,supply,2022-05-11T18:00:00Z,29876.33984,30206.5293,29767.86914,29898.39062,29987.19922,29767.86914,29987.19922,2022-05-12T00:00:00Z,2022-05-12T00:00:00Z,29987.19922,30206.5293,29548.53906,219.33007999999973,2022-05-12T00:42:00Z,2022-05-12T01:23:00Z,2022-05-13T03:00:00Z,2022-05-12T01:23:00Z,29548.53906,TARGET,2,0.4101653437595067,1.5898346562404932,1M_RESOLVED,,TARGET,false,0.7419432391580875,4.5846816816006335,0,41,other_tf_refusals=150,false
IPO_1H_PLUS_4H,BTC/USD,1h,BTC/USD_2022-07-01,supply,2022-05-12T00:00:00Z,29174.23047,30149.92969,28981.64062,29882.21094,29565.785154999998,28981.64062,29565.785154999998,2022-05-12T14:00:00Z,2022-05-12T14:00:00Z,29565.785154999998,30149.92969,28397.49608499999,584.1445350000031,2022-05-12T14:58:00Z,2022-05-12T18:26:00Z,2022-05-13T03:00:00Z,2022-05-12T18:26:00Z,28397.49608499999,TARGET,2,0.15184145387065812,1.848158546129342,1M_RESOLVED,,TARGET,false,0.07868745189921532,2.654883923548118,0,208,other_tf_refusals=150,false
IPO_1H_PLUS_4H,BTC/USD,1h,BTC/USD_2022-07-01,supply,2022-05-12T00:00:00Z,29174.23047,30149.92969,28981.64062,29882.21094,29565.785154999998,28981.64062,29565.785154999998,2022-05-12T16:00:00Z,2022-05-12T16:00:00Z,29565.785154999998,30149.92969,28397.49608499999,584.1445350000031,2022-05-12T16:23:00Z,2022-05-12T18:26:00Z,2022-05-13T03:00:00Z,2022-05-12T18:26:00Z,28397.49608499999,TARGET,2,0.15184145387065812,1.848158546129342,1M_RESOLVED,,TARGET,false,0.5515845063927542,2.333881656532128,2,123,other_tf_refusals=150,false
IPO_1H_PLUS_4H,BTC/USD,1h,BTC/USD_2022-07-01,supply,2022-05-12T00:00:00Z,29174.23047,30149.92969,28981.64062,29882.21094,29565.785154999998,28981.64062,29565.785154999998,2022-05-13T01:00:00Z,2022-05-13T01:00:00Z,29565.785154999998,30149.92969,28397.49608499999,584.1445350000031,2022-05-13T01:00:00Z,,2022-05-13T03:00:00Z,2022-05-13T03:00:00Z,30567.90039,S2_CLOSE_INVALIDATION,-1.7155261668244415,0.15184145387065812,-1.8673676206950995,HTF_UNAMBIGUOUS,,S2_CLOSE_INVALIDATION,false,1.9764211694627898,0.4793267388866304,2,120,other_tf_refusals=150,false
IPO_1H_PLUS_4H,BTC/USD,1h,BTC/USD_2022-07-01,supply,2022-05-14T01:00:00Z,29457.63086,29801.88086,29375.81055,29705.36914,29588.845705,29375.81055,29588.845705,2022-05-14T16:00:00Z,2022-05-14T16:00:00Z,29588.845705,29801.88086,29162.775394999997,213.0351550000014,2022-05-14T16:51:00Z,,2022-05-14T22:00:00Z,2022-05-14T22:00:00Z,30248.68945,S2_CLOSE_INVALIDATION,-3.097346750117358,0.416675534678769,-3.514022284796127,HTF_UNAMBIGUOUS,,TARGET,true,0.29461651528829386,4.175486412090036,0,309,other_tf_refusals=150,false
IPO_1H_PLUS_4H,BTC/USD,1h,BTC/USD_2022-07-01,supply,2022-05-14T01:00:00Z,29457.63086,29801.88086,29375.81055,29705.36914,29588.845705,29375.81055,29588.845705,2022-05-14T18:00:00Z,2022-05-14T18:00:00Z,29588.845705,29801.88086,29162.775394999997,213.0351550000014,2022-05-14T18:00:00Z,,2022-05-14T22:00:00Z,2022-05-14T22:00:00Z,30248.68945,S2_CLOSE_INVALIDATION,-3.097346750117358,0.416675534678769,-3.514022284796127,HTF_UNAMBIGUOUS,,S2_CLOSE_INVALIDATION,false,3.1185158853241592,1.3598933237098803,4,240,other_tf_refusals=150,false
IPO_1H_PLUS_4H,BTC/USD,1h,BTC/USD_2022-07-01,demand,2022-05-14T19:00:00Z,29537.57031,29602.41992,29299.14062,29342.19922,29602.41992,29450.78027,29450.78027,2022-05-16T06:00:00Z,2022-05-16T06:00:00Z,29450.78027,29299.14062,29754.05957,151.63965000000098,2022-05-16T06:27:00Z,2022-05-16T08:15:00Z,2022-05-18T14:00:00Z,2022-05-16T08:15:00Z,29754.05957,TARGET,2,0.5826466943836881,1.417353305616312,1M_RESOLVED,,TARGET,false,0.36968939192353223,5.3642346840024775,0,108,other_tf_refusals=150,false
IPO_1H_PLUS_4H,BTC/USD,1h,BTC/USD_2022-07-01,supply,2022-05-16T04:00:00Z,30316.40039,30429.96094,30179.99023,30360.69922,30304.975585,30179.99023,30304.975585,2022-05-17T03:00:00Z,2022-05-17T03:00:00Z,30304.975585,30429.96094,30055.004875,124.98535500000071,2022-05-17T03:34:00Z,,2022-05-17T05:00:00Z,2022-05-17T05:00:00Z,30500.0097656,S2_CLOSE_INVALIDATION,-1.5604562678563305,0.7274046367672395,-2.28786090462357,HTF_UNAMBIGUOUS,,TARGET,true,1.529733903624141,2.2336601356214665,0,86,other_tf_refusals=150,false
IPO_1H_PLUS_4H,BTC/USD,1h,BTC/USD_2022-07-01,demand,2022-05-14T15:00:00Z,28937.17969,29051.99023,28778.5,28818.84961,29051.99023,28915.245114999998,28915.245114999998,2022-05-18T15:00:00Z,2022-05-18T15:00:00Z,28915.245114999998,28778.5,29188.735344999994,136.7451149999979,2022-05-18T15:24:00Z,2022-05-18T16:35:00Z,2022-05-18T23:00:00Z,2022-05-18T16:35:00Z,29188.735344999994,TARGET,2,0.6343607619548335,1.3656392380451665,1M_RESOLVED,,TARGET,false,0.1586479707154207,2.377305873047142,0,71,other_tf_refusals=150,false
IPO_1H_PLUS_4H,BTC/USD,1h,BTC/USD_2022-07-01,demand,2022-05-14T13:00:00Z,29138.39062,29160.99023,28810.21094,28835.0097656,29160.99023,28985.600585,28985.600585,2022-05-18T16:00:00Z,2022-05-18T16:00:00Z,28985.600585,28810.21094,29336.379875,175.3896449999993,2022-05-18T16:00:00Z,2022-05-18T19:04:00Z,2022-05-18T23:00:00Z,2022-05-18T19:04:00Z,29336.379875,TARGET,2,0.49579210765265164,1.5042078923473483,1M_RESOLVED,,TARGET,false,1.320491782738947,2.8855673606044445,3,184,other_tf_refusals=150,false
IPO_1H_PLUS_4H,BTC/USD,1h,BTC/USD_2022-07-01,demand,2022-05-14T13:00:00Z,29138.39062,29160.99023,28810.21094,28835.0097656,29160.99023,28985.600585,28985.600585,2022-05-18T22:00:00Z,2022-05-18T22:00:00Z,28985.600585,28810.21094,29336.379875,175.3896449999993,2022-05-18T22:40:00Z,,2022-05-18T23:00:00Z,2022-05-18T23:00:00Z,28719.11914,S2_CLOSE_INVALIDATION,-1.519368175926249,0.49579210765265164,-2.0151602835789006,HTF_UNAMBIGUOUS,,TARGET,true,0.33583148537647006,2.2523010124115515,0,20,other_tf_refusals=150,false
IPO_1H_PLUS_4H,BTC/USD,1h,BTC/USD_2022-07-01,supply,2022-05-18T19:00:00Z,29219.46094,29491.69922,29194.34961,29310.5,29343.024415,29194.34961,29343.024415,2022-05-19T06:00:00Z,2022-05-19T06:00:00Z,29343.024415,29491.69922,29045.674805000002,148.67480499999874,2022-05-19T06:56:00Z,2022-05-19T08:53:00Z,2022-05-19T11:00:00Z,2022-05-19T08:53:00Z,29045.674805000002,TARGET,2,0.5920913987074055,1.4079086012925945,1M_RESOLVED,,TARGET,false,0.23781060281196642,2.3745394184307385,2,117,other_tf_refusals=150,false
IPO_1H_PLUS_4H,BTC/USD,1h,BTC/USD_2022-07-01,supply,2022-05-17T12:00:00Z,30319.25,30625.10938,30294.2793,30596.33984,30459.694340000002,30294.2793,30459.694340000002,2022-05-19T15:00:00Z,2022-05-19T15:00:00Z,30459.694340000002,30625.10938,30128.864260000002,165.41503999999986,2022-05-19T15:37:00Z,2022-05-19T16:44:00Z,2022-05-30T06:00:00Z,2022-05-19T16:44:00Z,30128.864260000002,TARGET,2,0.5524230627396401,1.4475769372603597,1M_RESOLVED,,TARGET,false,0.45374144938693745,3.8624376598403822,0,67,other_tf_refusals=150,false
IPO_1H_PLUS_4H,BTC/USD,1h,BTC/USD_2022-07-01,supply,2022-05-17T12:00:00Z,30319.25,30625.10938,30294.2793,30596.33984,30459.694340000002,30294.2793,30459.694340000002,2022-05-19T21:00:00Z,2022-05-19T21:00:00Z,30459.694340000002,30625.10938,30128.864260000002,165.41503999999986,2022-05-19T21:15:00Z,2022-05-19T22:31:00Z,2022-05-30T06:00:00Z,2022-05-19T22:31:00Z,30128.864260000002,TARGET,2,0.5524230627396401,1.4475769372603597,1M_RESOLVED,,TARGET,false,0.11719453079960102,2.0676742574315,1,76,other_tf_refusals=150,false
IPO_1H_PLUS_4H,BTC/USD,1h,BTC/USD_2022-07-01,supply,2022-05-17T09:00:00Z,30590,30726.36914,30573.28906,30636.75,30649.8291,30573.28906,30649.8291,2022-05-20T01:00:00Z,2022-05-20T01:00:00Z,30649.8291,30726.36914,30496.74902,76.54003999999986,2022-05-20T01:39:00Z,2022-05-20T01:50:00Z,2022-05-30T20:00:00Z,2022-05-20T01:50:00Z,30496.74902,TARGET,2,1.2013253102559154,0.7986746897440846,1M_RESOLVED,,TARGET,false,1.3118771560610707,6.660818761004046,0,11,other_tf_refusals=150,false
IPO_1H_PLUS_4H,BTC/USD,1h,BTC/USD_2022-07-01,demand,2022-05-19T08:00:00Z,29187.58984,29235.64062,28989.99023,28990.5,29235.64062,29112.815425,29112.815425,2022-05-20T15:00:00Z,2022-05-20T15:00:00Z,29112.815425,28989.99023,29358.465815000003,122.82519500000126,2022-05-20T15:50:00Z,,2022-05-20T16:00:00Z,2022-05-20T16:00:00Z,28884.83984,S2_CLOSE_INVALIDATION,-1.8560978877338465,0.7110792396869317,-2.567177127420778,HTF_UNAMBIGUOUS,,TARGET,true,0.07307608996672096,3.0858054408136306,0,10,other_tf_refusals=150,false
IPO_1H_PLUS_4H,BTC/USD,1h,BTC/USD_2022-07-01,demand,2022-05-18T23:00:00Z,28976.14062,29097.40039,28667.080078,28719.11914,29097.40039,28882.240233999997,28882.240233999997,2022-05-20T16:00:00Z,2022-05-20T16:00:00Z,28882.240233999997,28667.080078,29312.560545999993,215.1601559999981,2022-05-20T16:40:00Z,2022-05-20T19:54:00Z,2022-05-27T17:00:00Z,2022-05-20T19:54:00Z,29312.560545999993,TARGET,2,0.4027080213773444,1.5972919786226556,1M_RESOLVED,,TARGET,false,0.5839854196796441,2.168243157436675,3,194,other_tf_refusals=150,false
IPO_1H_PLUS_4H,BTC/USD,1h,BTC/USD_2022-07-01,supply,2022-05-23T20:00:00Z,29058.58008,29447.94922,29058.58008,29325.14062,29253.264649999997,29058.58008,29253.264649999997,2022-05-24T02:00:00Z,2022-05-24T02:00:00Z,29253.264649999997,29447.94922,28863.895509999995,194.68457000000126,2022-05-24T02:24:00Z,2022-05-24T14:07:00Z,2022-05-24T20:00:00Z,2022-05-24T14:07:00Z,28863.895509999995,TARGET,2,0.45077940152113455,1.5492205984788654,1M_RESOLVED,,TARGET,false,0.9226512917793115,2.7316171487036343,12,703,other_tf_refusals=150,false
IPO_1H_PLUS_4H,BTC/USD,1h,BTC/USD_2022-07-01,supply,2022-05-23T20:00:00Z,29058.58008,29447.94922,29058.58008,29325.14062,29253.264649999997,29058.58008,29253.264649999997,2022-05-24T19:00:00Z,2022-05-24T19:00:00Z,29253.264649999997,29447.94922,28863.895509999995,194.68457000000126,2022-05-24T19:05:00Z,,2022-05-24T20:00:00Z,2022-05-24T20:00:00Z,29451.0097656,S2_CLOSE_INVALIDATION,-1.0157205350172394,0.45077940152113455,-1.466499936538374,HTF_UNAMBIGUOUS,,S2_CLOSE_INVALIDATION,false,1.1995615779925577,0.41536039553621507,1,55,other_tf_refusals=150,false
IPO_1H_PLUS_4H,BTC/USD,1h,BTC/USD_2022-07-01,demand,2022-05-18T23:00:00Z,28976.14062,29097.40039,28667.080078,28719.11914,29097.40039,28882.240233999997,28882.240233999997,2022-05-26T13:00:00Z,2022-05-26T13:00:00Z,28882.240233999997,28667.080078,29312.560545999993,215.1601559999981,2022-05-26T13:06:00Z,2022-05-26T14:50:00Z,2022-05-27T17:00:00Z,2022-05-26T14:50:00Z,29312.560545999993,TARGET,2,0.4027080213773444,1.5972919786226556,1M_RESOLVED,,TARGET,false,3.8302136851025677,2.0520506408259314,1,104,other_tf_refusals=150,false
IPO_1H_PLUS_4H,BTC/USD,1h,BTC/USD_2022-07-01,demand,2022-05-18T23:00:00Z,28976.14062,29097.40039,28667.080078,28719.11914,29097.40039,28882.240233999997,28882.240233999997,2022-05-27T02:00:00Z,2022-05-27T02:00:00Z,28882.240233999997,28667.080078,29312.560545999993,215.1601559999981,2022-05-27T02:02:00Z,2022-05-27T13:53:00Z,2022-05-27T17:00:00Z,2022-05-27T13:53:00Z,29312.560545999993,TARGET,2,0.4027080213773444,1.5972919786226556,1M_RESOLVED,,TARGET,false,1.0747353892046778,2.2658902329481885,11,711,other_tf_refusals=150,false
IPO_1H_PLUS_4H,BTC/USD,1h,BTC/USD_2022-07-01,demand,2022-05-18T23:00:00Z,28976.14062,29097.40039,28667.080078,28719.11914,29097.40039,28882.240233999997,28882.240233999997,2022-05-27T14:00:00Z,2022-05-27T14:00:00Z,28882.240233999997,28667.080078,29312.560545999993,215.1601559999981,2022-05-27T14:46:00Z,,2022-05-27T17:00:00Z,2022-05-27T17:00:00Z,28351.83008,S2_CLOSE_INVALIDATION,-2.4651876251660747,0.4027080213773444,-2.867895646543419,HTF_UNAMBIGUOUS,,TARGET,true,0.6475191159463469,2.0551642284550473,0,134,other_tf_refusals=150,false
IPO_1H_PLUS_4H,BTC/USD,1h,BTC/USD_2022-07-01,demand,2022-05-18T23:00:00Z,28976.14062,29097.40039,28667.080078,28719.11914,29097.40039,28882.240233999997,28882.240233999997,2022-05-27T16:00:00Z,2022-05-27T16:00:00Z,28882.240233999997,28667.080078,29312.560545999993,215.1601559999981,2022-05-27T16:00:00Z,,2022-05-27T17:00:00Z,2022-05-27T17:00:00Z,28351.83008,S2_CLOSE_INVALIDATION,-2.4651876251660747,0.4027080213773444,-2.867895646543419,HTF_UNAMBIGUOUS,,S2_CLOSE_INVALIDATION,false,2.493164598746636,0.14859027151850543,1,60,other_tf_refusals=150,false
IPO_1H_PLUS_4H,BTC/USD,1h,BTC/USD_2022-07-01,supply,2022-05-27T15:00:00Z,28811.94922,28927.33984,28652.85938,28850.19922,28790.09961,28652.85938,28790.09961,2022-05-27T19:00:00Z,2022-05-27T19:00:00Z,28790.09961,28927.33984,28515.619150000002,137.24022999999943,2022-05-27T19:50:00Z,,2022-05-28T12:00:00Z,2022-05-28T12:00:00Z,28979.85938,S2_CLOSE_INVALIDATION,-1.3826832700586509,0.6293365934318266,-2.0120198634904773,HTF_UNAMBIGUOUS,,TARGET,true,1.6570936962143041,2.6588442033360336,0,970,other_tf_refusals=150,false
IPO_1H_PLUS_4H,BTC/USD,1h,BTC/USD_2022-07-01,supply,2022-05-27T15:00:00Z,28811.94922,28927.33984,28652.85938,28850.19922,28790.09961,28652.85938,28790.09961,2022-05-27T21:00:00Z,2022-05-27T21:00:00Z,28790.09961,28927.33984,28515.619150000002,137.24022999999943,2022-05-27T21:02:00Z,,2022-05-28T12:00:00Z,2022-05-28T12:00:00Z,28979.85938,S2_CLOSE_INVALIDATION,-1.3826832700586509,0.6293365934318266,-2.0120198634904773,HTF_UNAMBIGUOUS,,S2_CLOSE_INVALIDATION,false,1.6667141260255858,1.8122163595907983,15,898,other_tf_refusals=150,false
IPO_1H_PLUS_4H,BTC/USD,1h,BTC/USD_2022-07-01,supply,2022-05-10T12:00:00Z,31652.90039,32234.099609,31526.59961,32150.019531,31880.3496095,31526.59961,31880.3496095,2022-05-30T21:00:00Z,2022-05-30T21:00:00Z,31880.3496095,32234.099609,31172.8496105,353.74999949999983,2022-05-30T21:20:00Z,2022-06-01T14:35:00Z,,2022-06-01T14:35:00Z,31172.8496105,TARGET,2,0.27036338929662684,1.7296366107033732,HTF_UNAMBIGUOUS,,TARGET,false,1.4253864910606142,2.4146698253210936,41,2475,other_tf_refusals=150,false
IPO_1H_PLUS_4H,BTC/USD,1h,BTC/USD_2022-07-01,demand,2022-05-30T00:00:00Z,29454.060547,29464.50977,29311.75977,29322.38086,29464.50977,29388.13477,29388.13477,2022-06-07T03:00:00Z,2022-06-07T03:00:00Z,29388.13477,29311.75977,29540.88477,76.375,2022-06-07T03:00:00Z,2022-06-07T03:25:00Z,2022-06-10T16:00:00Z,2022-06-07T03:25:00Z,29540.88477,TARGET,2,1.1543620858919805,0.8456379141080195,1M_RESOLVED,,TARGET,false,0.4993095908347047,3.3588890343698816,0,25,other_tf_refusals=150,false
IPO_1H_PLUS_4H,BTC/USD,1h,BTC/USD_2022-07-01,demand,2022-06-03T14:00:00Z,29699.76953,29743.41016,29341.17969,29488.65039,29743.41016,29542.294925000002,29542.294925000002,2022-06-07T07:00:00Z,2022-06-07T07:00:00Z,29542.294925000002,29341.17969,29944.525395000004,201.11523500000112,2022-06-07T07:00:00Z,2022-06-07T14:47:00Z,2022-06-10T16:00:00Z,2022-06-07T14:47:00Z,29944.525395000004,TARGET,2,0.44067713107363304,1.559322868926367,1M_RESOLVED,,TARGET,false,0.7862408086587812,2.2310358785101236,7,467,other_tf_refusals=150,false
IPO_1H_PLUS_4H,BTC/USD,1h,BTC/USD_2022-07-01,supply,2022-06-06T15:00:00Z,31524.98047,31542.40039,31199.91016,31542,31371.155274999997,31199.91016,31371.155274999997,2022-06-07T21:00:00Z,2022-06-07T21:00:00Z,31371.155274999997,31542.40039,31028.665044999994,171.24511500000153,2022-06-07T21:00:00Z,2022-06-07T22:47:00Z,,2022-06-07T22:47:00Z,31028.665044999994,TARGET,2,0.5495833608158641,1.450416639184136,HTF_UNAMBIGUOUS,,TARGET,false,0.9524621768042947,5.963063585200596,1,107,other_tf_refusals=150,false
IPO_1H_PLUS_4H,BTC/USD,1h,BTC/USD_2022-07-01,demand,2022-05-29T09:00:00Z,29063.30078,29075,28960.13086,28990,29075,29017.565430000002,29017.565430000002,2022-06-10T20:00:00Z,2022-06-10T20:00:00Z,29017.565430000002,28960.13086,29132.434570000005,57.43457000000126,2022-06-10T20:00:00Z,2022-06-10T20:11:00Z,2022-06-11T10:00:00Z,2022-06-10T20:11:00Z,29132.434570000005,TARGET,2,1.5156846528144654,0.4843153471855346,1M_RESOLVED,,TARGET,false,0.47960486167129035,3.5596041826376164,0,11,other_tf_refusals=150,false
IPO_1H_PLUS_4H,BTC/USD,1h,BTC/USD_2022-07-01,demand,2022-05-12T13:00:00Z,28486.69922,28878.56055,27920,28205.84961,28878.56055,28399.280274999997,28399.280274999997,2022-06-11T21:00:00Z,2022-06-11T21:00:00Z,28399.280274999997,27920,29357.840824999992,479.28027499999735,2022-06-11T21:00:00Z,,2022-06-12T02:00:00Z,2022-06-12T02:00:00Z,27374.83008,S2_CLOSE_INVALIDATION,-2.137476229331581,0.17776204294032436,-2.3152382722719054,HTF_UNAMBIGUOUS,,S2_CLOSE_INVALIDATION,false,2.1793114164775607,0.5857313668917504,5,300,other_tf_refusals=150,false
IPO_1H_PLUS_4H,BTC/USD,1h,BTC/USD_2022-07-01,demand,2022-05-12T06:00:00Z,27157.85938,27913.75,27009.55078,27137.56055,27913.75,27461.650390000003,27461.650390000003,2022-06-12T04:00:00Z,2022-06-12T04:00:00Z,27461.650390000003,27009.55078,28365.849610000005,452.0996100000011,2022-06-12T04:55:00Z,,2022-06-12T23:00:00Z,2022-06-12T23:00:00Z,26602.90039,S2_CLOSE_INVALIDATION,-1.8994707825560866,0.1822274325120515,-2.0816982150681382,HTF_UNAMBIGUOUS,,S2_CLOSE_INVALIDATION,false,1.8994707825560866,1.866249055158434,19,1085,other_tf_refusals=150,false
IPO_1H_PLUS_4H,BTC/USD,1h,BTC/USD_2022-07-01,supply,2022-06-15T06:00:00Z,21233.98047,21387.86914,20988.24023,21346.16992,21188.054685,20988.24023,21188.054685,2022-06-15T11:00:00Z,2022-06-15T11:00:00Z,21188.054685,21387.86914,20788.425775,199.81445499999973,2022-06-15T11:35:00Z,,2022-06-15T13:00:00Z,2022-06-15T13:00:00Z,21546,S2_CLOSE_INVALIDATION,-1.7913884908877156,0.3181159443895092,-2.1095044352772248,HTF_UNAMBIGUOUS,,TARGET,true,0.23549194676632682,3.6998582259726844,0,85,other_tf_refusals=150,false
IPO_1H_PLUS_4H,BTC/USD,1h,BTC/USD_2022-07-01,supply,2022-06-14T15:00:00Z,22469.099609,22746.18945,22288.48047,22725.56055,22517.33496,22288.48047,22517.33496,2022-06-15T23:00:00Z,2022-06-15T23:00:00Z,22517.33496,22746.18945,22059.625979999997,228.85449000000153,2022-06-15T23:09:00Z,2022-06-16T05:08:00Z,,2022-06-16T05:08:00Z,22059.625979999997,TARGET,2,0.2951744791198964,1.7048255208801035,HTF_UNAMBIGUOUS,,TARGET,false,1.875931863954235,2.5448715032857576,6,359,other_tf_refusals=150,false
IPO_1H_PLUS_4H,BTC/USD,1h,BTC/USD_2022-07-01,supply,2022-06-16T12:00:00Z,21068.80078,21497.080078,20936.83008,21161.4707,21216.955079,20936.83008,21216.955079,2022-06-17T07:00:00Z,2022-06-17T07:00:00Z,21216.955079,21497.080078,20656.705081,280.12499899999966,2022-06-17T07:54:00Z,2022-06-17T12:50:00Z,2022-06-21T13:00:00Z,2022-06-17T12:50:00Z,20656.705081,TARGET,2,0.22722308063979707,1.772776919360203,1M_RESOLVED,,TARGET,false,0.36207329357278056,2.1803324629373706,5,296,other_tf_refusals=150,false
IPO_1H_PLUS_4H,BTC/USD,1h,BTC/USD_2022-07-01,supply,2022-06-18T10:00:00Z,19160.11914,19517.070312,19160.11914,19409.98047,19338.594726,19160.11914,19338.594726,2022-06-18T22:00:00Z,2022-06-18T22:00:00Z,19338.594726,19517.070312,18981.643554,178.47558600000048,2022-06-18T22:31:00Z,2022-06-18T23:16:00Z,2022-06-19T10:00:00Z,2022-06-18T23:16:00Z,18981.643554,TARGET,2,0.32506285861417394,1.674937141385826,1M_RESOLVED,,TARGET,false,0.3276938505191379,5.07803720560412,0,45,other_tf_refusals=150,false
IPO_1H_PLUS_4H,BTC/USD,1h,BTC/USD_2022-07-01,supply,2022-06-19T10:00:00Z,19014.71094,19945.56055,18938.42969,19920.42969,19441.99512,18938.42969,19441.99512,2022-06-19T14:00:00Z,2022-06-19T14:00:00Z,19441.99512,19945.56055,18434.864260000002,503.56542999999874,2022-06-19T14:46:00Z,,2022-06-19T18:00:00Z,2022-06-19T18:00:00Z,20219.7793,S2_CLOSE_INVALIDATION,-1.5445543591028492,0.11582603150498266,-1.6603803906078318,HTF_UNAMBIGUOUS,,S2_CLOSE_INVALIDATION,false,1.5445543591028492,0.5256404118130167,4,194,other_tf_refusals=150,false
IPO_1H_PLUS_4H,BTC/USD,1h,BTC/USD_2022-07-01,supply,2022-06-17T20:00:00Z,20535.96094,20707.26953,20525.060547,20645.089844,20616.165038500003,20525.060547,20616.165038500003,2022-06-19T20:00:00Z,2022-06-19T20:00:00Z,20616.165038500003,20707.26953,20433.956055500006,91.1044914999984,2022-06-19T20:33:00Z,2022-06-19T20:41:00Z,2022-06-20T10:00:00Z,2022-06-19T20:41:00Z,20433.956055500006,TARGET,2,0.6788742695029596,1.3211257304970405,1M_RESOLVED,,TARGET,false,0.5244986357230966,6.104586763431009,0,8,other_tf_refusals=150,false
IPO_1H_PLUS_4H,BTC/USD,1h,BTC/USD_2022-07-01,supply,2022-06-17T20:00:00Z,20535.96094,20707.26953,20525.060547,20645.089844,20616.165038500003,20525.060547,20616.165038500003,2022-06-19T22:00:00Z,2022-06-19T22:00:00Z,20616.165038500003,20707.26953,20433.956055500006,91.1044914999984,2022-06-19T22:17:00Z,2022-06-19T23:44:00Z,2022-06-20T10:00:00Z,2022-06-19T23:44:00Z,20433.956055500006,TARGET,2,0.6788742695029596,1.3211257304970405,1M_RESOLVED,,TARGET,false,1.6273059545038993,3.2102239273242583,0,87,other_tf_refusals=150,false
IPO_1H_PLUS_4H,BTC/USD,1h,BTC/USD_2022-07-01,demand,2022-06-20T01:00:00Z,20098.56055,20146.46094,19666.16016,19809.33984,20146.46094,19906.310550000002,19906.310550000002,2022-06-20T19:00:00Z,2022-06-20T19:00:00Z,19906.310550000002,19666.16016,20386.611330000007,240.15039000000252,2022-06-20T19:08:00Z,2022-06-20T20:53:00Z,2022-06-30T06:00:00Z,2022-06-20T20:53:00Z,20386.611330000007,TARGET,2,0.24867305712057924,1.7513269428794207,1M_RESOLVED,,TARGET,false,0.04097369985532896,2.4379661011584908,1,105,other_tf_refusals=150,false
IPO_1H_PLUS_4H,BTC/USD,1h,BTC/USD_2022-07-01,supply,2022-06-16T12:00:00Z,21068.80078,21497.080078,20936.83008,21161.4707,21216.955079,20936.83008,21216.955079,2022-06-21T07:00:00Z,2022-06-21T07:00:00Z,21216.955079,21497.080078,20656.705081,280.12499899999966,2022-06-21T07:00:00Z,,2022-06-21T13:00:00Z,2022-06-21T13:00:00Z,21622.64062,S2_CLOSE_INVALIDATION,-1.4482304058839084,0.22722308063979707,-1.6754534865237054,HTF_UNAMBIGUOUS,,S2_CLOSE_INVALIDATION,false,1.534401508378049,1.2552083543247037,6,360,other_tf_refusals=150,false
IPO_1H_PLUS_4H,BTC/USD,1h,BTC/USD_2022-07-01,demand,2022-06-20T17:00:00Z,20283.57031,20419.089844,19986.99023,19986.99023,20419.089844,20203.040037,20203.040037,2022-06-22T07:00:00Z,2022-06-22T07:00:00Z,20203.040037,19986.99023,20635.139650999998,216.04980699999942,2022-06-22T07:00:00Z,2022-06-22T13:55:00Z,2022-06-22T20:00:00Z,2022-06-22T13:55:00Z,20635.139650999998,TARGET,2,0.2805330907377305,1.7194669092622696,1M_RESOLVED,,TARGET,false,1.0942888599757028,2.573060308264942,6,415,other_tf_refusals=150,false
IPO_1H_PLUS_4H,BTC/USD,1h,BTC/USD_2022-07-01,supply,2022-06-28T16:00:00Z,20608.029297,20760,20560.48047,20719.78906,20660.240234999997,20560.48047,20660.240234999997,2022-07-01T00:00:00Z,2022-07-01T00:00:00Z,20660.240234999997,20760,20460.720704999992,99.75976500000252,2022-07-01T00:31:00Z,2022-07-01T00:38:00Z,,2022-07-01T00:38:00Z,20460.720704999992,TARGET,2,0.6212997865923043,1.3787002134076958,HTF_UNAMBIGUOUS,,TARGET,false,1.3905476321039836,9.847152456704107,0,7,other_tf_refusals=150,false
IPO_1H_PLUS_4H,BTC/USD,4h,BTC/USD_2022-07-01,demand,2022-03-07T16:00:00Z,39064.69141,39531.30859,37235.26953,37298.17188,39531.30859,38383.289059999996,38383.289059999996,2022-04-26T20:00:00Z,2022-04-26T20:00:00Z,38383.289059999996,37235.26953,40679.32811999999,1148.0195299999978,2022-04-26T20:00:00Z,,2022-05-05T12:00:00Z,2022-05-05T12:00:00Z,36904.35938,S2_CLOSE_INVALIDATION,-1.288244355912653,0.10030305597675696,-1.38854741188941,HTF_UNAMBIGUOUS,,S2_CLOSE_INVALIDATION,false,1.4779528620040079,1.6858176271618015,52,12480,other_tf_refusals=17,false
IPO_1H_PLUS_4H,BTC/USD,4h,BTC/USD_2022-07-01,demand,2022-02-24T00:00:00Z,37248.51953,37406.98828,34754.82031,34890.17188,37406.98828,36080.904295,36080.904295,2022-05-06T04:00:00Z,2022-05-06T04:00:00Z,36080.904295,34754.82031,38733.072264999995,1326.0839849999975,2022-05-06T07:40:00Z,,2022-05-08T00:00:00Z,2022-05-08T00:00:00Z,34493.44141,S2_CLOSE_INVALIDATION,-1.1971058416786504,0.08162583524828573,-1.2787316769269361,HTF_UNAMBIGUOUS,,S2_CLOSE_INVALIDATION,false,1.3410417478196155,0.3537303672361316,11,2420,other_tf_refusals=17,false
IPO_1H_PLUS_4H,BTC/USD,4h,BTC/USD_2022-07-01,supply,2022-05-13T00:00:00Z,29017.76953,30720.30078,28763.76953,30567.90039,29742.035155,28763.76953,29742.035155,2022-05-15T00:00:00Z,2022-05-15T00:00:00Z,29742.035155,30720.30078,27785.503905,978.265625,2022-05-15T00:00:00Z,,2022-05-15T20:00:00Z,2022-05-15T20:00:00Z,31316.74023,S2_CLOSE_INVALIDATION,-1.6096906962257802,0.09120846443418679,-1.700899160659967,HTF_UNAMBIGUOUS,,S2_CLOSE_INVALIDATION,false,1.6855284422367385,0.24176036544267113,5,1200,other_tf_refusals=17,false
IPO_1H_PLUS_4H,BTC/USD,4h,BTC/USD_2022-07-01,demand,2022-06-07T00:00:00Z,31373.099609,31373.099609,29241.55078,29570.080078,31373.099609,30307.3251945,30307.3251945,2022-06-08T16:00:00Z,2022-06-08T16:00:00Z,30307.3251945,29241.55078,32438.8740235,1065.7744144999997,2022-06-08T16:33:00Z,,2022-06-10T16:00:00Z,2022-06-10T16:00:00Z,28988.93945,S2_CLOSE_INVALIDATION,-1.237021387043252,0.08531071336156572,-1.3223321004048179,HTF_UNAMBIGUOUS,,S2_CLOSE_INVALIDATION,false,1.3255848472988465,0.3684316588555133,12,2847,other_tf_refusals=17,false
IPO_1H_PLUS_4H,BTC/USD,4h,BTC/USD_2022-07-01,supply,2022-06-18T00:00:00Z,20454.5,20762.78906,20327.25,20456.68945,20545.019529999998,20327.25,20545.019529999998,2022-06-19T20:00:00Z,2022-06-19T20:00:00Z,20545.019529999998,20762.78906,20109.480469999995,217.7695300000014,2022-06-19T20:33:00Z,2022-06-20T00:52:00Z,2022-06-20T08:00:00Z,2022-06-20T00:52:00Z,20109.480469999995,TARGET,2,0.2830288451740682,1.7169711548259319,1M_RESOLVED,,TARGET,false,1.007488926481134,2.22717000123936,0,259,other_tf_refusals=17,false
IPO_1H_PLUS_4H,BTC/USD,4h,BTC/USD_2022-07-01,demand,2022-06-20T00:00:00Z,20569.81055,20608.64062,19666.16016,19997.13086,20608.64062,20137.40039,20137.40039,2022-06-22T12:00:00Z,2022-06-22T12:00:00Z,20137.40039,19666.16016,21079.880849999998,471.2402299999994,2022-06-22T12:50:00Z,2022-06-23T22:32:00Z,2022-06-30T04:00:00Z,2022-06-23T22:32:00Z,21079.880849999998,TARGET,2,0.12819831016974095,1.871801689830259,1M_RESOLVED,,TARGET,false,0.7449922303959481,2.245582873940971,8,2022,other_tf_refusals=17,false
IPO_1H_PLUS_4H,BTC/USD,4h,BTC/USD_2022-07-01,supply,2022-06-21T12:00:00Z,20977.31055,21691.56055,20865.33984,21407.40039,21278.450194999998,20865.33984,21278.450194999998,2022-06-24T00:00:00Z,2022-06-24T00:00:00Z,21278.450194999998,21691.56055,20452.229484999996,413.1103550000007,2022-06-24T02:36:00Z,,2022-06-26T08:00:00Z,2022-06-26T08:00:00Z,21697.57031,S2_CLOSE_INVALIDATION,-1.0145475898322636,0.1545237242600706,-1.1690713140923341,HTF_UNAMBIGUOUS,,S2_CLOSE_INVALIDATION,false,1.117279112018389,1.2793924640305772,14,3204,other_tf_refusals=17,false
IPO_1H_PLUS_4H,BTC/USD,4h,BTC/USD_2022-07-01,supply,2022-06-29T00:00:00Z,20279.92969,20390.73047,20187.39062,20296.69922,20289.060545,20187.39062,20289.060545,2022-07-01T00:00:00Z,2022-07-01T00:00:00Z,20289.060545,20390.73047,20085.720695000004,101.66992499999833,2022-07-01T00:29:00Z,2022-07-01T03:51:00Z,,2022-07-01T03:51:00Z,20085.720695000004,TARGET,2,0.598674402828575,1.4013255971714251,HTF_UNAMBIGUOUS,,TARGET,false,5.0152529865642075,6.011314801304437,0,202,other_tf_refusals=17,false
IPO_1H_PLUS_4H,BTC/USD,1h,BTC/USD_2025-04-01,demand,2025-01-17T13:00:00Z,102745.68,102980,102422.45,102474.14,102980,102701.225,102701.225,2025-01-18T04:00:00Z,2025-01-18T04:00:00Z,102701.225,102422.45,103258.77500000002,278.77500000000873,2025-01-18T04:25:00Z,2025-01-18T04:32:00Z,2025-01-19T23:00:00Z,2025-01-18T04:32:00Z,103258.77500000002,TARGET,2,1.1052055421038125,0.8947944578961875,1M_RESOLVED,,TARGET,false,0.12438346336652076,3.676818222580784,0,7,other_tf_refusals=535,false
IPO_1H_PLUS_4H,BTC/USD,1h,BTC/USD_2025-04-01,demand,2025-01-18T05:00:00Z,103599.27,103771.21,102818,102829.27,103771.21,103294.60500000001,103294.60500000001,2025-01-18T17:00:00Z,2025-01-18T17:00:00Z,103294.60500000001,102818,104247.81500000003,476.6050000000105,2025-01-18T17:00:00Z,2025-01-18T18:32:00Z,2025-01-19T23:00:00Z,2025-01-18T18:32:00Z,104247.81500000003,TARGET,2,0.6501900210866298,1.3498099789133702,1M_RESOLVED,,TARGET,false,0.0859306973280083,2.3107499921317727,1,92,other_tf_refusals=535,false
IPO_1H_PLUS_4H,BTC/USD,1h,BTC/USD_2025-04-01,demand,2025-01-17T03:00:00Z,101100,101271.74,100943.77,101051.73,101271.74,101107.755,101107.755,2025-01-19T22:00:00Z,2025-01-19T22:00:00Z,101107.755,100943.77,101435.725,163.98500000000058,2025-01-19T22:49:00Z,2025-01-19T22:49:00Z,2025-01-20T00:00:00Z,2025-01-19T22:49:00Z,101435.725,TARGET,2,1.8497012836539861,0.15029871634601388,1M_RESOLVED,,TARGET,false,0.018568771533971053,20.686312772509577,0,0,other_tf_refusals=535,false
IPO_1H_PLUS_4H,BTC/USD,1h,BTC/USD_2025-04-01,demand,2025-01-16T18:00:00Z,99838.55,100070.8,99260.45,99584.24,100070.8,99665.625,99665.625,2025-01-19T23:00:00Z,2025-01-19T23:00:00Z,99665.625,99260.45,100475.975,405.1750000000029,2025-01-19T23:39:00Z,2025-01-19T23:43:00Z,2025-01-27T06:00:00Z,2025-01-19T23:43:00Z,100475.975,TARGET,2,0.7379450237551622,1.2620549762448379,1M_RESOLVED,,TARGET,false,0.034614672672287475,9.251249460109763,0,4,other_tf_refusals=535,false
IPO_1H_PLUS_4H,BTC/USD,1h,BTC/USD_2025-04-01,demand,2025-01-16T18:00:00Z,99838.55,100070.8,99260.45,99584.24,100070.8,99665.625,99665.625,2025-01-20T01:00:00Z,2025-01-20T01:00:00Z,99665.625,99260.45,100475.975,405.1750000000029,2025-01-20T01:01:00Z,2025-01-20T01:08:00Z,2025-01-27T06:00:00Z,2025-01-20T01:08:00Z,100475.975,TARGET,2,0.7379450237551622,1.2620549762448379,1M_RESOLVED,,TARGET,false,0.0882705004010592,3.293305361880658,0,7,other_tf_refusals=535,false
IPO_1H_PLUS_4H,BTC/USD,1h,BTC/USD_2025-04-01,demand,2025-01-20T00:00:00Z,101331.57,101677.71,99550,99794.51,101677.71,100613.85500000001,100613.85500000001,2025-01-20T17:00:00Z,2025-01-20T17:00:00Z,100613.85500000001,99550,102741.56500000003,1063.8550000000105,2025-01-20T17:42:00Z,2025-01-20T17:50:00Z,2025-01-27T06:00:00Z,2025-01-20T17:50:00Z,102741.56500000003,TARGET,2,0.2837243468329773,1.7162756531670227,1M_RESOLVED,,TARGET,false,0.263997443260602,5.794205977318273,0,8,other_tf_refusals=535,false
IPO_1H_PLUS_4H,BTC/USD,1h,BTC/USD_2025-04-01,demand,2025-01-16T14:00:00Z,99084.05,99424.96,97489.74,97618.89,99424.96,98457.35,98457.35,2025-01-27T10:00:00Z,2025-01-27T10:00:00Z,98457.35,97489.74,100392.57,967.6100000000006,2025-01-27T10:52:00Z,2025-01-27T12:55:00Z,2025-02-02T17:00:00Z,2025-01-27T12:55:00Z,100392.57,TARGET,2,0.3052594020318102,1.6947405979681898,1M_RESOLVED,,TARGET,false,0.20034931428984867,2.5350296090366955,2,123,other_tf_refusals=535,false
IPO_1H_PLUS_4H,BTC/USD,1h,BTC/USD_2025-04-01,supply,2025-01-27T14:00:00Z,100483.98,102317.94,100105.54,101920.89,101211.73999999999,100105.54,101211.73999999999,2025-01-27T20:00:00Z,2025-01-27T20:00:00Z,101211.73999999999,102317.94,98999.33999999997,1106.2000000000116,2025-01-27T20:47:00Z,,2025-01-28T02:00:00Z,2025-01-28T02:00:00Z,102402.01,S2_CLOSE_INVALIDATION,-1.0759989152051994,0.2744849213523746,-1.350483836557574,HTF_UNAMBIGUOUS,,S2_CLOSE_INVALIDATION,false,1.518947749050797,1.4511661544024295,6,313,other_tf_refusals=535,false
IPO_1H_PLUS_4H,BTC/USD,1h,BTC/USD_2025-04-01,demand,2025-01-16T14:00:00Z,99084.05,99424.96,97489.74,97618.89,99424.96,98457.35,98457.35,2025-02-02T16:00:00Z,2025-02-02T16:00:00Z,98457.35,97489.74,100392.57,967.6100000000006,2025-02-02T16:46:00Z,,2025-02-02T17:00:00Z,2025-02-02T17:00:00Z,97228.85,S2_CLOSE_INVALIDATION,-1.2696230919482014,0.3052594020318102,-1.5748824939800117,HTF_UNAMBIGUOUS,,S2_CLOSE_INVALIDATION,false,1.4864976591808734,0.9349014582321336,1,14,other_tf_refusals=535,false
IPO_1H_PLUS_4H,BTC/USD,1h,BTC/USD_2025-04-01,demand,2025-01-15T02:00:00Z,97349.61,97464.8,96746.71,96824.06,97464.8,97105.755,97105.755,2025-02-02T19:00:00Z,2025-02-02T19:00:00Z,97105.755,96746.71,97823.845,359.04499999999825,2025-02-02T19:00:00Z,2025-02-02T19:32:00Z,2025-02-03T00:00:00Z,2025-02-02T19:32:00Z,97823.845,TARGET,2,0.8113670013508096,1.1886329986491904,1M_RESOLVED,,TARGET,false,0.7336824074976791,4.440237296160657,0,32,other_tf_refusals=535,false
IPO_1H_PLUS_4H,BTC/USD,1h,BTC/USD_2025-04-01,supply,2025-02-25T08:00:00Z,89320.01,90000,89012.03,89400.53,89506.015,89012.03,89506.015,2025-02-25T13:00:00Z,2025-02-25T13:00:00Z,89506.015,90000,88518.045,493.9850000000006,2025-02-25T13:10:00Z,2025-02-25T14:38:00Z,2025-03-02T16:00:00Z,2025-02-25T14:38:00Z,88518.045,TARGET,2,0.543575300869459,1.456424699130541,1M_RESOLVED,,TARGET,false,0.07770478860693081,4.917183720153439,1,88,other_tf_refusals=535,false
IPO_1H_PLUS_4H,BTC/USD,1h,BTC/USD_2025-04-01,supply,2025-02-26T14:00:00Z,87191.99,87741.33,85418.72,87621.22,86580.025,85418.72,86580.025,2025-02-27T07:00:00Z,2025-02-27T07:00:00Z,86580.025,87741.33,84257.41499999998,1161.3050000000076,2025-02-27T07:37:00Z,2025-02-27T19:06:00Z,2025-03-02T16:00:00Z,2025-02-27T19:06:00Z,84257.41499999998,TARGET,2,0.22366223774116042,1.7763377622588397,1M_RESOLVED,,TARGET,false,0.42920249202406685,2.553398977874008,12,689,other_tf_refusals=535,false
IPO_1H_PLUS_4H,BTC/USD,1h,BTC/USD_2025-04-01,supply,2025-02-27T22:00:00Z,84409.18,84758.63,83881.08,84716.34,84319.85500000001,83881.08,84319.85500000001,2025-02-28T15:00:00Z,2025-02-28T15:00:00Z,84319.85500000001,84758.63,83442.30500000002,438.7749999999942,2025-02-28T15:29:00Z,2025-02-28T16:16:00Z,2025-03-01T02:00:00Z,2025-02-28T16:16:00Z,83442.30500000002,TARGET,2,0.5765131673409,1.4234868326591,1M_RESOLVED,,TARGET,false,0.2416614437923545,5.291083129166536,0,47,other_tf_refusals=535,false
IPO_1H_PLUS_4H,BTC/USD,1h,BTC/USD_2025-04-01,supply,2025-02-27T22:00:00Z,84409.18,84758.63,83881.08,84716.34,84319.85500000001,83881.08,84319.85500000001,2025-02-28T17:00:00Z,2025-02-28T17:00:00Z,84319.85500000001,84758.63,83442.30500000002,438.7749999999942,2025-02-28T17:00:00Z,2025-02-28T18:19:00Z,2025-03-01T02:00:00Z,2025-02-28T18:19:00Z,83442.30500000002,TARGET,2,0.5765131673409,1.4234868326591,1M_RESOLVED,,TARGET,false,1.823588399521395,2.5597287903823576,1,79,other_tf_refusals=535,false
IPO_1H_PLUS_4H,BTC/USD,1h,BTC/USD_2025-04-01,supply,2025-02-27T22:00:00Z,84409.18,84758.63,83881.08,84716.34,84319.85500000001,83881.08,84319.85500000001,2025-02-28T19:00:00Z,2025-02-28T19:00:00Z,84319.85500000001,84758.63,83442.30500000002,438.7749999999942,2025-02-28T19:00:00Z,,2025-03-01T02:00:00Z,2025-03-01T02:00:00Z,85240.46,S2_CLOSE_INVALIDATION,-2.0981254629366033,0.5765131673409,-2.6746386302775034,HTF_UNAMBIGUOUS,,S2_CLOSE_INVALIDATION,false,3.0955615064668867,1.6406016751182726,7,420,other_tf_refusals=535,false
IPO_1H_PLUS_4H,BTC/USD,1h,BTC/USD_2025-04-01,supply,2025-02-27T15:00:00Z,84969.99,86145.52,84640.75,85500.84,85393.13500000001,84640.75,85393.13500000001,2025-03-01T03:00:00Z,2025-03-01T03:00:00Z,85393.13500000001,86145.52,83888.36500000002,752.3849999999948,2025-03-01T03:38:00Z,,2025-03-01T04:00:00Z,2025-03-01T04:00:00Z,86190.01,S2_CLOSE_INVALIDATION,-1.059131960366024,0.3404897824916789,-1.399621742857703,HTF_UNAMBIGUOUS,,S2_CLOSE_INVALIDATION,false,1.548229962054,0.5737687487124411,1,22,other_tf_refusals=535,false
IPO_1H_PLUS_4H,BTC/USD,1h,BTC/USD_2025-04-01,supply,2025-02-24T17:00:00Z,94434.48,95194.59,94328.01,94644,94761.29999999999,94328.01,94761.29999999999,2025-03-02T17:00:00Z,2025-03-02T17:00:00Z,94761.29999999999,95194.59,93894.71999999997,433.29000000000815,2025-03-02T17:46:00Z,2025-03-02T17:48:00Z,,2025-03-02T17:48:00Z,93894.71999999997,TARGET,2,0.6561053797687336,1.3438946202312665,HTF_UNAMBIGUOUS,,TARGET,false,0.5509012439705674,9.520875164439316,0,2,other_tf_refusals=535,false
IPO_1H_PLUS_4H,BTC/USD,1h,BTC/USD_2025-04-01,demand,2025-03-02T18:00:00Z,94093.74,94399.8,92364.39,92794.19,94399.8,93382.095,93382.095,2025-03-03T01:00:00Z,2025-03-03T01:00:00Z,93382.095,92364.39,95417.505,1017.7050000000017,2025-03-03T01:00:00Z,,2025-03-03T06:00:00Z,2025-03-03T06:00:00Z,91645.99,S2_CLOSE_INVALIDATION,-1.7059020050014424,0.27527258390201437,-1.9811745889034569,HTF_UNAMBIGUOUS,,S2_CLOSE_INVALIDATION,false,2.0049572322038296,0.05967839403363497,5,300,other_tf_refusals=535,false
IPO_1H_PLUS_4H,BTC/USD,1h,BTC/USD_2025-04-01,demand,2025-03-02T14:00:00Z,85710.81,85911.84,85050.6,85107.45,85911.84,85481.22,85481.22,2025-03-03T21:00:00Z,2025-03-03T21:00:00Z,85481.22,85050.6,86342.45999999999,430.61999999999534,2025-03-03T21:57:00Z,2025-03-03T22:06:00Z,2025-03-04T01:00:00Z,2025-03-03T22:06:00Z,86342.45999999999,TARGET,2,0.595521945102417,1.404478054897583,1M_RESOLVED,,TARGET,false,0.8455482792253135,2.5565463749942086,0,9,other_tf_refusals=535,false
IPO_1H_PLUS_4H,BTC/USD,1h,BTC/USD_2025-04-01,demand,2025-03-04T20:00:00Z,88206.19,88840.03,86692.9,86825.27,88840.03,87766.465,87766.465,2025-03-05T08:00:00Z,2025-03-05T08:00:00Z,87766.465,86692.9,89913.595,1073.5650000000023,2025-03-05T08:00:00Z,2025-03-05T10:31:00Z,2025-03-07T00:00:00Z,2025-03-05T10:31:00Z,89913.595,TARGET,2,0.245257059423509,1.754742940576491,1M_RESOLVED,,TARGET,false,0.15505814738743917,2.6952583215734465,2,151,other_tf_refusals=535,false
IPO_1H_PLUS_4H,BTC/USD,1h,BTC/USD_2025-04-01,supply,2025-03-03T17:00:00Z,90154,91000,89912,90300.01,90456,89912,90456,2025-03-05T12:00:00Z,2025-03-05T12:00:00Z,90456,91000,89368,544,2025-03-05T12:11:00Z,2025-03-05T13:43:00Z,2025-03-06T01:00:00Z,2025-03-05T13:43:00Z,89368,TARGET,2,0.49883823529411764,1.5011617647058824,1M_RESOLVED,,TARGET,false,0.878345588235307,2.486176470588228,1,92,other_tf_refusals=535,false
IPO_1H_PLUS_4H,BTC/USD,1h,BTC/USD_2025-04-01,demand,2025-03-04T20:00:00Z,88206.19,88840.03,86692.9,86825.27,88840.03,87766.465,87766.465,2025-03-05T16:00:00Z,2025-03-05T16:00:00Z,87766.465,86692.9,89913.595,1073.5650000000023,2025-03-05T16:11:00Z,2025-03-05T17:26:00Z,2025-03-07T00:00:00Z,2025-03-05T17:26:00Z,89913.595,TARGET,2,0.245257059423509,1.754742940576491,1M_RESOLVED,,TARGET,false,0.15505814738743917,2.5232147098685225,1,75,other_tf_refusals=535,false
IPO_1H_PLUS_4H,BTC/USD,1h,BTC/USD_2025-04-01,supply,2025-03-03T17:00:00Z,90154,91000,89912,90300.01,90456,89912,90456,2025-03-05T21:00:00Z,2025-03-05T21:00:00Z,90456,91000,89368,544,2025-03-05T21:00:00Z,,2025-03-06T01:00:00Z,2025-03-06T01:00:00Z,91057.19,S2_CLOSE_INVALIDATION,-1.1051286764705925,0.49883823529411764,-1.6039669117647102,HTF_UNAMBIGUOUS,,S2_CLOSE_INVALIDATION,false,2.659944852941167,0.9629963235294032,4,240,other_tf_refusals=535,false
IPO_1H_PLUS_4H,BTC/USD,1h,BTC/USD_2025-04-01,demand,2025-03-05T21:00:00Z,90499.64,90700,89932.13,90377.54,90700,90316.065,90316.065,2025-03-06T12:00:00Z,2025-03-06T12:00:00Z,90316.065,89932.13,91083.935,383.9349999999977,2025-03-06T12:39:00Z,,2025-03-06T13:00:00Z,2025-03-06T13:00:00Z,89569.13,S2_CLOSE_INVALIDATION,-1.9454725409249018,0.7057137145610628,-2.651186255485965,HTF_UNAMBIGUOUS,,TARGET,true,1.2685610845585873,2.8206467240548503,0,21,other_tf_refusals=535,false
IPO_1H_PLUS_4H,BTC/USD,1h,BTC/USD_2025-04-01,demand,2025-03-05T15:00:00Z,88519.94,89550.72,87926.06,88344.25,89550.72,88738.39,88738.39,2025-03-06T18:00:00Z,2025-03-06T18:00:00Z,88738.39,87926.06,90363.05,812.3300000000017,2025-03-06T18:00:00Z,2025-03-06T22:00:00Z,2025-03-07T00:00:00Z,2025-03-06T22:00:00Z,90363.05,TARGET,2,0.3277180086910485,1.6722819913089515,1M_RESOLVED,,TARGET,false,1.1108662735587722,2.514753856191441,4,240,other_tf_refusals=535,false
IPO_1H_PLUS_4H,BTC/USD,1h,BTC/USD_2025-04-01,demand,2025-03-07T03:00:00Z,87235.01,87694,86778.57,86991.25,87694,87236.285,87236.285,2025-03-07T16:00:00Z,2025-03-07T16:00:00Z,87236.285,86778.57,88151.715,457.7149999999965,2025-03-07T16:37:00Z,2025-03-07T17:45:00Z,2025-03-07T21:00:00Z,2025-03-07T17:45:00Z,88151.715,TARGET,2,0.571772511278857,1.428227488721143,1M_RESOLVED,,TARGET,false,1.338944539724534,3.816883868783002,0,68,other_tf_refusals=535,false
IPO_1H_PLUS_4H,BTC/USD,1h,BTC/USD_2025-04-01,demand,2025-03-07T00:00:00Z,89931.88,91283.02,84667.03,85529.22,91283.02,87975.025,87975.025,2025-03-07T17:00:00Z,2025-03-07T17:00:00Z,87975.025,84667.03,94591.01499999998,3307.9949999999953,2025-03-07T17:00:00Z,,2025-03-09T12:00:00Z,2025-03-09T12:00:00Z,84599.99,S2_CLOSE_INVALIDATION,-1.0202660523972962,0.07978400058041211,-1.1000500529777082,HTF_UNAMBIGUOUS,,S2_CLOSE_INVALIDATION,false,1.128981452511264,0.31692460236487985,43,2580,other_tf_refusals=535,false
IPO_1H_PLUS_4H,BTC/USD,1h,BTC/USD_2025-04-01,demand,2025-03-04T13:00:00Z,83763.73,83764.56,82300,82804,83764.56,83032.28,83032.28,2025-03-09T20:00:00Z,2025-03-09T20:00:00Z,83032.28,82300,84496.84,732.2799999999988,2025-03-09T20:00:00Z,,2025-03-09T21:00:00Z,2025-03-09T21:00:00Z,81845.11,S2_CLOSE_INVALIDATION,-1.6211968099634022,0.340166111323538,-1.9613629212869403,HTF_UNAMBIGUOUS,,S2_CLOSE_INVALIDATION,false,2.017370404763207,0.6928770415688063,1,60,other_tf_refusals=535,false
IPO_1H_PLUS_4H,BTC/USD,1h,BTC/USD_2025-04-01,supply,2025-03-09T14:00:00Z,83489.96,83817.25,83000,83602.57,83408.625,83000,83408.625,2025-03-10T09:00:00Z,2025-03-10T09:00:00Z,83408.625,83817.25,82591.375,408.625,2025-03-10T09:22:00Z,2025-03-10T09:39:00Z,2025-03-12T12:00:00Z,2025-03-10T09:39:00Z,82591.375,TARGET,2,0.6123606607525237,1.3876393392474764,1M_RESOLVED,,TARGET,false,1.7493667788314626,5.098329764453944,0,17,other_tf_refusals=535,false
IPO_1H_PLUS_4H,BTC/USD,1h,BTC/USD_2025-04-01,supply,2025-03-09T14:00:00Z,83489.96,83817.25,83000,83602.57,83408.625,83000,83408.625,2025-03-10T11:00:00Z,2025-03-10T11:00:00Z,83408.625,83817.25,82591.375,408.625,2025-03-10T11:55:00Z,2025-03-10T13:18:00Z,2025-03-12T12:00:00Z,2025-03-10T13:18:00Z,82591.375,TARGET,2,0.6123606607525237,1.3876393392474764,1M_RESOLVED,,TARGET,false,1.0214622208626591,3.286375038238003,0,83,other_tf_refusals=535,false
IPO_1H_PLUS_4H,BTC/USD,1h,BTC/USD_2025-04-01,supply,2025-03-10T15:00:00Z,79847.09,81118.32,79570.57,80043.85,80344.445,79570.57,80344.445,2025-03-11T06:00:00Z,2025-03-11T06:00:00Z,80344.445,81118.32,78796.695,773.875,2025-03-11T06:07:00Z,,2025-03-11T08:00:00Z,2025-03-11T08:00:00Z,81131.16,S2_CLOSE_INVALIDATION,-1.0165918268454162,0.3114628783718301,-1.3280547052172462,HTF_UNAMBIGUOUS,,S2_CLOSE_INVALIDATION,false,1.526312388951689,0.3313778064933057,2,113,other_tf_refusals=535,false
IPO_1H_PLUS_4H,BTC/USD,1h,BTC/USD_2025-04-01,supply,2025-03-09T14:00:00Z,83489.96,83817.25,83000,83602.57,83408.625,83000,83408.625,2025-03-11T18:00:00Z,2025-03-11T18:00:00Z,83408.625,83817.25,82591.375,408.625,2025-03-11T18:52:00Z,2025-03-11T20:25:00Z,2025-03-12T12:00:00Z,2025-03-11T20:25:00Z,82591.375,TARGET,2,0.6123606607525237,1.3876393392474764,1M_RESOLVED,,TARGET,false,0.15022330988068464,5.188167635362495,0,93,other_tf_refusals=535,false
IPO_1H_PLUS_4H,BTC/USD,1h,BTC/USD_2025-04-01,demand,2025-03-19T20:00:00Z,85433.38,85854.99,85200.1,85353.99,85854.99,85527.54500000001,85527.54500000001,2025-03-20T05:00:00Z,2025-03-20T05:00:00Z,85527.54500000001,85200.1,86182.43500000003,327.445000000007,2025-03-20T05:18:00Z,2025-03-20T08:46:00Z,2025-03-20T10:00:00Z,2025-03-20T08:46:00Z,86182.43500000003,TARGET,2,0.7835900227518959,1.216409977248104,1M_RESOLVED,,TARGET,false,0.17955687214650262,2.3590373955930635,3,208,other_tf_refusals=535,false
IPO_1H_PLUS_4H,BTC/USD,1h,BTC/USD_2025-04-01,supply,2025-03-30T09:00:00Z,83378.1,83517.78,83255.83,83502.32,83386.805,83255.83,83386.805,2025-03-31T18:00:00Z,2025-03-31T18:00:00Z,83386.805,83517.78,83124.85499999998,130.97500000000582,2025-03-31T18:30:00Z,2025-03-31T19:25:00Z,,2025-03-31T19:25:00Z,83124.85499999998,TARGET,2,1.9099859896926044,0.09001401030739564,HTF_UNAMBIGUOUS,,TARGET,false,1.3681618629509373,5.427028058789551,0,55,other_tf_refusals=535,false
IPO_1H_PLUS_4H,BTC/USD,4h,BTC/USD_2025-04-01,supply,2024-12-17T00:00:00Z,106058.65,107000,105657.34,106866.49,106328.67,105657.34,106328.67,2025-01-19T20:00:00Z,2025-01-19T20:00:00Z,106328.67,107000,104986.01,671.3300000000017,2025-01-19T20:04:00Z,2025-01-19T21:26:00Z,2025-01-20T04:00:00Z,2025-01-19T21:26:00Z,104986.01,TARGET,2,0.4751553036509603,1.5248446963490396,1M_RESOLVED,,TARGET,false,0.13966305691685835,9.946032502643968,0,82,other_tf_refusals=13,false
IPO_1H_PLUS_4H,BTC/USD,4h,BTC/USD_2025-04-01,supply,2024-12-16T16:00:00Z,106332,107793.07,105797.41,106583.12,106795.24,105797.41,106795.24,2025-01-20T04:00:00Z,2025-01-20T04:00:00Z,106795.24,107793.07,104799.58,997.8300000000017,2025-01-20T06:51:00Z,,2025-01-20T08:00:00Z,2025-01-20T08:00:00Z,108239.19,S2_CLOSE_INVALIDATION,-1.44709018570297,0.32108246895763753,-1.7681726546606076,HTF_UNAMBIGUOUS,,TARGET,true,2.7988334686269103,5.271398935690446,0,69,other_tf_refusals=13,false
IPO_1H_PLUS_4H,BTC/USD,4h,BTC/USD_2025-04-01,demand,2025-01-19T20:00:00Z,106200,106422.43,99651.6,101331.57,106422.43,103037.015,103037.015,2025-01-20T20:00:00Z,2025-01-20T20:00:00Z,103037.015,99651.6,109807.84499999999,3385.4149999999936,2025-01-20T21:47:00Z,,2025-01-27T04:00:00Z,2025-01-27T04:00:00Z,99048.02,S2_CLOSE_INVALIDATION,-1.1782883339265653,0.09130669208944858,-1.2695950260160138,HTF_UNAMBIGUOUS,,S2_CLOSE_INVALIDATION,false,1.5535008263388699,1.2417369805474383,38,9013,other_tf_refusals=13,false
IPO_1H_PLUS_4H,BTC/USD,4h,BTC/USD_2025-04-01,supply,2025-01-23T12:00:00Z,101944.5,106050.86,101281.62,105263.52,103666.23999999999,101281.62,103666.23999999999,2025-01-28T12:00:00Z,2025-01-28T12:00:00Z,103666.23999999999,106050.86,98896.99999999997,2384.62000000001,2025-01-28T15:31:00Z,2025-02-02T11:44:00Z,,2025-02-02T11:44:00Z,98896.99999999997,TARGET,2,0.13041856564148532,1.8695814343585146,HTF_UNAMBIGUOUS,,TARGET,false,1.170500960320722,2.1056772148182814,29,6973,other_tf_refusals=13,false
IPO_1H_PLUS_4H,BTC/USD,4h,BTC/USD_2025-04-01,demand,2024-12-05T20:00:00Z,99028.01,99479.72,90500,96945.63,99479.72,94989.86,94989.86,2025-02-03T08:00:00Z,2025-02-03T08:00:00Z,94989.86,90500,103969.58,4489.860000000001,2025-02-03T08:04:00Z,,2025-02-25T04:00:00Z,2025-02-25T04:00:00Z,89320.01,S2_CLOSE_INVALIDATION,-1.2628122034985512,0.06346959147946706,-1.3262817949780181,HTF_UNAMBIGUOUS,,S2_CLOSE_INVALIDATION,false,1.5122654158481557,1.6726913534052272,131,31436,other_tf_refusals=13,false
IPO_1H_PLUS_4H,BTC/USD,4h,BTC/USD_2025-04-01,supply,2025-02-27T20:00:00Z,84113.98,84927.84,82716.49,84708.58,83822.16500000001,82716.49,83822.16500000001,2025-02-28T12:00:00Z,2025-02-28T12:00:00Z,83822.16500000001,84927.84,81610.81500000003,1105.6749999999884,2025-02-28T15:23:00Z,,2025-03-01T00:00:00Z,2025-03-01T00:00:00Z,85330.84,S2_CLOSE_INVALIDATION,-1.364483234223442,0.22743255929635986,-1.591915793519802,HTF_UNAMBIGUOUS,,TARGET,true,0.5460239220385715,3.3886042462749417,0,517,other_tf_refusals=13,false
IPO_1H_PLUS_4H,BTC/USD,4h,BTC/USD_2025-04-01,supply,2025-02-27T08:00:00Z,86272.01,87078.46,85846.87,86698.6,86462.66500000001,85846.87,86462.66500000001,2025-03-01T04:00:00Z,2025-03-01T04:00:00Z,86462.66500000001,87078.46,85231.07500000001,615.7949999999983,2025-03-01T04:38:00Z,2025-03-01T06:20:00Z,2025-03-02T12:00:00Z,2025-03-01T06:20:00Z,85231.07500000001,TARGET,2,0.4212245877280601,1.57877541227194,1M_RESOLVED,,TARGET,false,0.15481613199196506,2.797221477926938,0,102,other_tf_refusals=13,false
IPO_1H_PLUS_4H,BTC/USD,4h,BTC/USD_2025-04-01,supply,2025-02-27T08:00:00Z,86272.01,87078.46,85846.87,86698.6,86462.66500000001,85846.87,86462.66500000001,2025-03-02T04:00:00Z,2025-03-02T04:00:00Z,86462.66500000001,87078.46,85231.07500000001,615.7949999999983,2025-03-02T06:46:00Z,2025-03-02T14:18:00Z,2025-03-02T12:00:00Z,2025-03-02T14:18:00Z,85231.07500000001,TARGET,2,0.4212245877280601,1.57877541227194,1M_RESOLVED,,S2_CLOSE_INVALIDATION,true,3.5895468459471003,2.2930764296559834,2,452,other_tf_refusals=13,false
IPO_1H_PLUS_4H,BTC/USD,4h,BTC/USD_2025-04-01,supply,2025-03-10T08:00:00Z,82318.78,84123.46,81151,83582,82637.23000000001,81151,82637.23000000001,2025-03-11T16:00:00Z,2025-03-11T16:00:00Z,82637.23000000001,84123.46,79664.77000000002,1486.229999999996,2025-03-11T18:21:00Z,,2025-03-14T12:00:00Z,2025-03-14T12:00:00Z,84724.58,S2_CLOSE_INVALIDATION,-1.4044596058483525,0.16680573666256282,-1.5712653425109153,HTF_UNAMBIGUOUS,,S2_CLOSE_INVALIDATION,false,1.7981604462297243,1.8148806039442238,17,3939,other_tf_refusals=13,false
IPO_1H_PLUS_4H,BTC/USD,1h,BTC/USD_2025-07-01,demand,2025-05-09T03:00:00Z,102595.5,102800.69,102364,102451.04,102800.69,102582.345,102582.345,2025-05-09T16:00:00Z,2025-05-09T16:00:00Z,102582.345,102364,103019.035,218.34500000000116,2025-05-09T16:07:00Z,2025-05-09T17:20:00Z,2025-05-12T18:00:00Z,2025-05-09T17:20:00Z,103019.035,TARGET,2,1.4094530902928775,0.5905469097071225,1M_RESOLVED,,TARGET,false,1.2237743021365286,2.9562160800568016,1,73,other_tf_refusals=12,false
IPO_1H_PLUS_4H,BTC/USD,1h,BTC/USD_2025-07-01,demand,2025-05-09T03:00:00Z,102595.5,102800.69,102364,102451.04,102800.69,102582.345,102582.345,2025-05-12T14:00:00Z,2025-05-12T14:00:00Z,102582.345,102364,103019.035,218.34500000000116,2025-05-12T14:30:00Z,2025-05-12T14:32:00Z,2025-05-12T18:00:00Z,2025-05-12T14:32:00Z,103019.035,TARGET,2,1.4094530902928775,0.5905469097071225,1M_RESOLVED,,TARGET,false,0.17447159312098268,8.324692573679219,0,2,other_tf_refusals=12,false
IPO_1H_PLUS_4H,BTC/USD,1h,BTC/USD_2025-07-01,demand,2025-05-09T03:00:00Z,102595.5,102800.69,102364,102451.04,102800.69,102582.345,102582.345,2025-05-12T16:00:00Z,2025-05-12T16:00:00Z,102582.345,102364,103019.035,218.34500000000116,2025-05-12T16:00:00Z,2025-05-12T16:28:00Z,2025-05-12T18:00:00Z,2025-05-12T16:28:00Z,103019.035,TARGET,2,1.4094530902928775,0.5905469097071225,1M_RESOLVED,,TARGET,false,0.7351439236071289,2.2567267397924966,0,28,other_tf_refusals=12,false
IPO_1H_PLUS_4H,BTC/USD,1h,BTC/USD_2025-07-01,demand,2025-05-08T17:00:00Z,101276.49,101707.02,100779.26,101027.13,101707.02,101243.14,101243.14,2025-05-12T18:00:00Z,2025-05-12T18:00:00Z,101243.14,100779.26,102170.90000000001,463.88000000000466,2025-05-12T18:34:00Z,2025-05-12T20:26:00Z,2025-06-05T20:00:00Z,2025-05-12T20:26:00Z,102170.90000000001,TARGET,2,0.6547586013624147,1.3452413986375853,1M_RESOLVED,,TARGET,false,1.1312623954470957,3.0555316030007327,0,112,other_tf_refusals=12,false
IPO_1H_PLUS_4H,BTC/USD,1h,BTC/USD_2025-07-01,supply,2025-05-12T16:00:00Z,102527.27,103075.09,102421.83,102856.06,102748.45999999999,102421.83,102748.45999999999,2025-05-12T20:00:00Z,2025-05-12T20:00:00Z,102748.45999999999,103075.09,102095.19999999998,326.63000000000466,2025-05-12T20:53:00Z,2025-05-13T01:41:00Z,2025-05-13T09:00:00Z,2025-05-13T01:41:00Z,102095.19999999998,TARGET,2,0.943714233230247,1.056285766769753,1M_RESOLVED,,TARGET,false,0.40697425221200034,2.995009643939567,0,288,other_tf_refusals=12,false
IPO_1H_PLUS_4H,BTC/USD,1h,BTC/USD_2025-07-01,supply,2025-05-12T16:00:00Z,102527.27,103075.09,102421.83,102856.06,102748.45999999999,102421.83,102748.45999999999,2025-05-12T22:00:00Z,2025-05-12T22:00:00Z,102748.45999999999,103075.09,102095.19999999998,326.63000000000466,2025-05-12T22:24:00Z,2025-05-13T01:41:00Z,2025-05-13T09:00:00Z,2025-05-13T01:41:00Z,102095.19999999998,TARGET,2,0.943714233230247,1.056285766769753,1M_RESOLVED,,TARGET,false,1.1617426445825583,2.071028380736559,3,197,other_tf_refusals=12,false
IPO_1H_PLUS_4H,BTC/USD,1h,BTC/USD_2025-07-01,supply,2025-05-10T23:00:00Z,103597.53,104984.57,103571.42,104809.53,104277.995,103571.42,104277.995,2025-05-16T02:00:00Z,2025-05-16T02:00:00Z,104277.995,104984.57,102864.84499999997,706.5750000000116,2025-05-16T02:00:00Z,2025-05-17T01:19:00Z,2025-05-18T14:00:00Z,2025-05-17T01:19:00Z,102864.84499999997,TARGET,2,0.44274703322364195,1.5572529667763582,1M_RESOLVED,,TARGET,false,0.3854297137600423,2.357138308035195,23,1399,other_tf_refusals=12,false
IPO_1H_PLUS_4H,BTC/USD,1h,BTC/USD_2025-07-01,demand,2025-05-17T01:00:00Z,103360,103360.01,102612.5,102829.57,103360.01,102986.255,102986.255,2025-05-19T04:00:00Z,2025-05-19T04:00:00Z,102986.255,102612.5,103733.76500000001,373.75500000000466,2025-05-19T04:07:00Z,2025-05-19T04:13:00Z,2025-05-19T06:00:00Z,2025-05-19T04:13:00Z,103733.76500000001,TARGET,2,0.8266344664285326,1.1733655335714674,1M_RESOLVED,,TARGET,false,0.5277655148426167,2.1236772752203734,0,6,other_tf_refusals=12,false
IPO_1H_PLUS_4H,BTC/USD,1h,BTC/USD_2025-07-01,demand,2025-05-20T21:00:00Z,106909.09,107225.68,106132.09,106619,107225.68,106678.885,106678.885,2025-05-21T07:00:00Z,2025-05-21T07:00:00Z,106678.885,106132.09,107772.47499999999,546.7949999999983,2025-05-21T07:31:00Z,2025-05-21T14:42:00Z,2025-05-29T18:00:00Z,2025-05-21T14:42:00Z,107772.47499999999,TARGET,2,0.5852955037994148,1.4147044962005852,1M_RESOLVED,,TARGET,false,0.41029087683684357,2.1518210663960247,0,431,other_tf_refusals=12,false
IPO_1H_PLUS_4H,BTC/USD,1h,BTC/USD_2025-07-01,demand,2025-05-20T21:00:00Z,106909.09,107225.68,106132.09,106619,107225.68,106678.885,106678.885,2025-05-21T17:00:00Z,2025-05-21T17:00:00Z,106678.885,106132.09,107772.47499999999,546.7949999999983,2025-05-21T17:30:00Z,2025-05-21T19:36:00Z,2025-05-29T18:00:00Z,2025-05-21T19:36:00Z,107772.47499999999,TARGET,2,0.5852955037994148,1.4147044962005852,1M_RESOLVED,,TARGET,false,1.026371857826056,4.872255598533287,0,126,other_tf_refusals=12,false
IPO_1H_PLUS_4H,BTC/USD,1h,BTC/USD_2025-07-01,demand,2025-05-20T21:00:00Z,106909.09,107225.68,106132.09,106619,107225.68,106678.885,106678.885,2025-05-21T19:00:00Z,2025-05-21T19:00:00Z,106678.885,106132.09,107772.47499999999,546.7949999999983,2025-05-21T19:09:00Z,2025-05-21T19:36:00Z,2025-05-29T18:00:00Z,2025-05-21T19:36:00Z,107772.47499999999,TARGET,2,0.5852955037994148,1.4147044962005852,1M_RESOLVED,,TARGET,false,0.10827641072065754,3.9837690542159576,0,27,other_tf_refusals=12,false
IPO_1H_PLUS_4H,BTC/USD,1h,BTC/USD_2025-07-01,supply,2025-05-23T14:00:00Z,109634.99,109992.75,109505,109672.01,109748.875,109505,109748.875,2025-05-23T17:00:00Z,2025-05-23T17:00:00Z,109748.875,109992.75,109261.125,243.875,2025-05-23T17:23:00Z,2025-05-23T18:04:00Z,2025-05-26T07:00:00Z,2025-05-23T18:04:00Z,109261.125,TARGET,2,1.3500630445925166,0.6499369554074834,1M_RESOLVED,,TARGET,false,0.2487134802665252,2.977160430548408,0,41,other_tf_refusals=12,false
IPO_1H_PLUS_4H,BTC/USD,1h,BTC/USD_2025-07-01,demand,2025-06-06T07:00:00Z,103160,103468.66,103050.9,103150.44,103468.66,103259.78,103259.78,2025-06-13T00:00:00Z,2025-06-13T00:00:00Z,103259.78,103050.9,103677.54000000001,208.88000000000466,2025-06-13T00:36:00Z,2025-06-13T00:39:00Z,2025-06-21T18:00:00Z,2025-06-13T00:39:00Z,103677.54000000001,TARGET,2,1.483049310608929,0.5169506893910709,1M_RESOLVED,,TARGET,false,0.21979126771353155,11.653676752201967,0,3,other_tf_refusals=12,false
IPO_1H_PLUS_4H,BTC/USD,1h,BTC/USD_2025-07-01,demand,2025-06-06T07:00:00Z,103160,103468.66,103050.9,103150.44,103468.66,103259.78,103259.78,2025-06-13T02:00:00Z,2025-06-13T02:00:00Z,103259.78,103050.9,103677.54000000001,208.88000000000466,2025-06-13T02:43:00Z,2025-06-13T02:49:00Z,2025-06-21T18:00:00Z,2025-06-13T02:49:00Z,103677.54000000001,TARGET,2,1.483049310608929,0.5169506893910709,1M_RESOLVED,,TARGET,false,0.9297204136345881,3.4319226350056713,0,6,other_tf_refusals=12,false
IPO_1H_PLUS_4H,BTC/USD,1h,BTC/USD_2025-07-01,demand,2025-06-06T12:00:00Z,103927.99,104300,103513.7,103753.27,104300,103906.85,103906.85,2025-06-13T04:00:00Z,2025-06-13T04:00:00Z,103906.85,103513.7,104693.15000000002,393.15000000000873,2025-06-13T04:07:00Z,2025-06-13T06:59:00Z,2025-06-20T17:00:00Z,2025-06-13T06:59:00Z,104693.15000000002,TARGET,2,0.7928794353300092,1.207120564669991,1M_RESOLVED,,TARGET,false,0.3156556021874681,2.074653440162727,2,172,other_tf_refusals=12,false
IPO_1H_PLUS_4H,BTC/USD,1h,BTC/USD_2025-07-01,demand,2025-06-16T12:00:00Z,106884,106900,106600,106690.47,106900,106750,106750,2025-06-17T02:00:00Z,2025-06-17T02:00:00Z,106750,106600,107050,150,2025-06-17T02:27:00Z,2025-06-17T02:51:00Z,2025-06-17T08:00:00Z,2025-06-17T02:51:00Z,107050,TARGET,2,2.135,-0.1349999999999998,1M_RESOLVED,,TARGET,false,1.1861999999999535,5.666666666666667,0,24,other_tf_refusals=12,false
IPO_1H_PLUS_4H,BTC/USD,1h,BTC/USD_2025-07-01,demand,2025-06-16T12:00:00Z,106884,106900,106600,106690.47,106900,106750,106750,2025-06-17T06:00:00Z,2025-06-17T06:00:00Z,106750,106600,107050,150,2025-06-17T06:47:00Z,,2025-06-17T08:00:00Z,2025-06-17T08:00:00Z,106568.06,S2_CLOSE_INVALIDATION,-1.212933333333349,2.135,-3.3479333333333487,HTF_UNAMBIGUOUS,,TARGET,true,0.17333333333333334,3.232933333333349,0,73,other_tf_refusals=12,false
IPO_1H_PLUS_4H,BTC/USD,1h,BTC/USD_2025-07-01,demand,2025-06-06T12:00:00Z,103927.99,104300,103513.7,103753.27,104300,103906.85,103906.85,2025-06-18T19:00:00Z,2025-06-18T19:00:00Z,103906.85,103513.7,104693.15000000002,393.15000000000873,2025-06-18T19:00:00Z,2025-06-18T20:44:00Z,2025-06-20T17:00:00Z,2025-06-18T20:44:00Z,104693.15000000002,TARGET,2,0.7928794353300092,1.207120564669991,1M_RESOLVED,,TARGET,false,1.034846750604087,2.7522065369451223,1,104,other_tf_refusals=12,false
IPO_1H_PLUS_4H,BTC/USD,1h,BTC/USD_2025-07-01,demand,2025-06-06T07:00:00Z,103160,103468.66,103050.9,103150.44,103468.66,103259.78,103259.78,2025-06-20T17:00:00Z,2025-06-20T17:00:00Z,103259.78,103050.9,103677.54000000001,208.88000000000466,2025-06-20T17:19:00Z,2025-06-20T20:16:00Z,2025-06-21T18:00:00Z,2025-06-20T20:16:00Z,103677.54000000001,TARGET,2,1.483049310608929,0.5169506893910709,1M_RESOLVED,,TARGET,false,4.379452317119775,2.4035810034468903,0,177,other_tf_refusals=12,false
IPO_1H_PLUS_4H,BTC/USD,1h,BTC/USD_2025-07-01,demand,2025-06-06T07:00:00Z,103160,103468.66,103050.9,103150.44,103468.66,103259.78,103259.78,2025-06-20T19:00:00Z,2025-06-20T19:00:00Z,103259.78,103050.9,103677.54000000001,208.88000000000466,2025-06-20T19:00:00Z,2025-06-20T20:16:00Z,2025-06-21T18:00:00Z,2025-06-20T20:16:00Z,103677.54000000001,TARGET,2,1.483049310608929,0.5169506893910709,1M_RESOLVED,,TARGET,false,1.1938433550363357,2.720317885867429,1,76,other_tf_refusals=12,false
IPO_1H_PLUS_4H,BTC/USD,1h,BTC/USD_2025-07-01,supply,2025-06-21T20:00:00Z,102245.11,102888.88,102206,102782.08,102547.44,102206,102547.44,2025-06-22T01:00:00Z,2025-06-22T01:00:00Z,102547.44,102888.88,101864.56,341.4400000000023,2025-06-22T01:00:00Z,2025-06-22T13:21:00Z,2025-06-23T18:00:00Z,2025-06-22T13:21:00Z,101864.56,TARGET,2,0.9010142924086163,1.0989857075913836,1M_RESOLVED,,TARGET,false,1.3411726804123416,6.673764058106803,12,741,other_tf_refusals=12,false
IPO_1H_PLUS_4H,BTC/USD,1h,BTC/USD_2025-07-01,demand,2025-05-08T05:00:00Z,98954.32,99120,98738.09,98740.61,99120,98929.045,98929.045,2025-06-22T16:00:00Z,2025-06-22T16:00:00Z,98929.045,98738.09,99310.955,190.95500000000175,2025-06-22T16:00:00Z,2025-06-22T16:09:00Z,,2025-06-22T16:09:00Z,99310.955,TARGET,2,1.5542255243381806,0.4457744756618194,HTF_UNAMBIGUOUS,,TARGET,false,1.3374093372783766,3.983215940928482,0,9,other_tf_refusals=12,false
IPO_1H_PLUS_4H,BTC/USD,1h,BTC/USD_2025-07-01,demand,2025-05-08T05:00:00Z,98954.32,99120,98738.09,98740.61,99120,98929.045,98929.045,2025-06-22T19:00:00Z,2025-06-22T19:00:00Z,98929.045,98738.09,99310.955,190.95500000000175,2025-06-22T19:45:00Z,2025-06-22T20:48:00Z,,2025-06-22T20:48:00Z,99310.955,TARGET,2,1.5542255243381806,0.4457744756618194,HTF_UNAMBIGUOUS,,TARGET,false,0.6757874891990107,2.7477939828755304,0,63,other_tf_refusals=12,false
IPO_1H_PLUS_4H,BTC/USD,1h,BTC/USD_2025-07-01,supply,2025-06-21T20:00:00Z,102245.11,102888.88,102206,102782.08,102547.44,102206,102547.44,2025-06-23T17:00:00Z,2025-06-23T17:00:00Z,102547.44,102888.88,101864.56,341.4400000000023,2025-06-23T17:37:00Z,,2025-06-23T18:00:00Z,2025-06-23T18:00:00Z,102933.78,S2_CLOSE_INVALIDATION,-1.1315018744142276,0.9010142924086163,-2.0325161668228438,HTF_UNAMBIGUOUS,,TARGET,true,0.41752577319586665,5.995841143392652,0,23,other_tf_refusals=12,false
IPO_1H_PLUS_4H,BTC/USD,1h,BTC/USD_2025-07-01,demand,2025-06-24T02:00:00Z,105450.75,105450.75,104729.69,104753.8,105450.75,105090.22,105090.22,2025-06-24T07:00:00Z,2025-06-24T07:00:00Z,105090.22,104729.69,105811.28,360.52999999999884,2025-06-24T07:37:00Z,2025-06-24T16:43:00Z,,2025-06-24T16:43:00Z,105811.28,TARGET,2,0.8744644273708181,1.125535572629182,HTF_UNAMBIGUOUS,,TARGET,false,1.2986436634954057,3.2668016531218003,9,546,other_tf_refusals=12,false
IPO_1H_PLUS_4H,BTC/USD,4h,BTC/USD_2025-07-01,supply,2025-06-22T08:00:00Z,102424.61,102804.05,102080,102739.48,102442.025,102080,102442.025,2025-06-23T12:00:00Z,2025-06-23T12:00:00Z,102442.025,102804.05,101717.97499999998,362.02500000000873,2025-06-23T13:59:00Z,2025-06-23T14:30:00Z,2025-06-23T16:00:00Z,2025-06-23T14:30:00Z,101717.97499999998,TARGET,2,0.8489084317381191,1.1510915682618807,1M_RESOLVED,,TARGET,false,0.47252261584144245,4.557323389268562,0,31,other_tf_refusals=6,false
IPO_1H_PLUS_4H,BTC/USD,1h,BTC/USD_2025-11-01,supply,2025-08-18T05:00:00Z,115469.52,115688,115000,115687.99,115344,115000,115344,2025-08-18T12:00:00Z,2025-08-18T12:00:00Z,115344,115688,114656,344,2025-08-18T12:43:00Z,,2025-08-18T15:00:00Z,2025-08-18T15:00:00Z,116145.34,S2_CLOSE_INVALIDATION,-2.3294767441860365,1.005906976744186,-3.3353837209302224,HTF_UNAMBIGUOUS,,S2_CLOSE_INVALIDATION,false,2.450494186046515,1.5087209302325582,3,137,other_tf_refusals=28,false
IPO_1H_PLUS_4H,BTC/USD,1h,BTC/USD_2025-11-01,demand,2025-08-07T04:00:00Z,114546.03,114648,114259,114349.58,114648,114453.5,114453.5,2025-08-19T04:00:00Z,2025-08-19T04:00:00Z,114453.5,114259,114842.5,194.5,2025-08-19T04:08:00Z,2025-08-19T04:12:00Z,2025-08-19T14:00:00Z,2025-08-19T04:12:00Z,114842.5,TARGET,2,1.765349614395887,0.2346503856041131,1M_RESOLVED,,TARGET,false,0.4498714652956298,4.72519280205657,0,4,other_tf_refusals=28,false
IPO_1H_PLUS_4H,BTC/USD,1h,BTC/USD_2025-11-01,demand,2025-08-06T12:00:00Z,114226.68,114333.59,113809.02,113914.31,114333.59,114071.305,114071.305,2025-08-19T14:00:00Z,2025-08-19T14:00:00Z,114071.305,113809.02,114595.87499999997,262.28499999998894,2025-08-19T14:31:00Z,,2025-08-19T15:00:00Z,2025-08-19T15:00:00Z,113786.38,S2_CLOSE_INVALIDATION,-1.0863183178603442,1.3047407019082846,-2.391059019768629,HTF_UNAMBIGUOUS,,TARGET,true,1.1474731684999493,4.985092551995231,0,29,other_tf_refusals=28,false
IPO_1H_PLUS_4H,BTC/USD,1h,BTC/USD_2025-11-01,demand,2025-08-05T15:00:00Z,113037.12,113249.11,112692.3,112934,113249.11,112970.705,112970.705,2025-08-19T19:00:00Z,2025-08-19T19:00:00Z,112970.705,112692.3,113527.515,278.40499999999884,2025-08-19T19:00:00Z,2025-08-19T19:38:00Z,2025-08-21T16:00:00Z,2025-08-19T19:38:00Z,113527.515,TARGET,2,1.2173348718593469,0.7826651281406531,1M_RESOLVED,,TARGET,false,0.7314703399723601,2.0880551714229254,0,38,other_tf_refusals=28,false
IPO_1H_PLUS_4H,BTC/USD,1h,BTC/USD_2025-11-01,demand,2025-08-05T15:00:00Z,113037.12,113249.11,112692.3,112934,113249.11,112970.705,112970.705,2025-08-20T00:00:00Z,2025-08-20T00:00:00Z,112970.705,112692.3,113527.515,278.40499999999884,2025-08-20T00:00:00Z,2025-08-20T03:20:00Z,2025-08-21T16:00:00Z,2025-08-20T03:20:00Z,113527.515,TARGET,2,1.2173348718593469,0.7826651281406531,1M_RESOLVED,,TARGET,false,1.4536197266572393,2.390133079506495,3,200,other_tf_refusals=28,false
IPO_1H_PLUS_4H,BTC/USD,1h,BTC/USD_2025-11-01,demand,2025-08-02T19:00:00Z,112327.65,112945.62,112003,112229.42,112945.62,112474.31,112474.31,2025-08-21T22:00:00Z,2025-08-21T22:00:00Z,112474.31,112003,113416.93,471.3099999999977,2025-08-21T22:39:00Z,2025-08-22T02:24:00Z,2025-08-25T06:00:00Z,2025-08-22T02:24:00Z,113416.93,TARGET,2,0.7159256752455956,1.2840743247544044,1M_RESOLVED,,TARGET,false,0.42916551738771735,2.229297065625613,4,225,other_tf_refusals=28,false
IPO_1H_PLUS_4H,BTC/USD,1h,BTC/USD_2025-11-01,supply,2025-08-19T00:00:00Z,116227.05,116563.55,115516.82,116563.13,116040.185,115516.82,116040.185,2025-08-22T14:00:00Z,2025-08-22T14:00:00Z,116040.185,116563.55,114993.45499999999,523.3650000000052,2025-08-22T14:40:00Z,,2025-08-22T17:00:00Z,2025-08-22T17:00:00Z,117024,S2_CLOSE_INVALIDATION,-1.8797875287800914,0.665158264308841,-2.5449457930889325,HTF_UNAMBIGUOUS,,TARGET,true,0.1450708396625723,6.82474945783527,0,140,other_tf_refusals=28,false
IPO_1H_PLUS_4H,BTC/USD,1h,BTC/USD_2025-11-01,supply,2025-08-18T21:00:00Z,116407.99,116675.67,116403.76,116648.99,116539.715,116403.76,116539.715,2025-08-22T15:00:00Z,2025-08-22T15:00:00Z,116539.715,116675.67,116267.805,135.95500000000175,2025-08-22T15:05:00Z,2025-08-22T16:19:00Z,2025-08-22T17:00:00Z,2025-08-22T16:19:00Z,116267.805,TARGET,2,2.5715798977602553,-0.5715798977602553,1M_RESOLVED,,TARGET,false,5.563642381670325,5.38034643815962,0,74,other_tf_refusals=28,false
IPO_1H_PLUS_4H,BTC/USD,1h,BTC/USD_2025-11-01,demand,2025-08-02T19:00:00Z,112327.65,112945.62,112003,112229.42,112945.62,112474.31,112474.31,2025-08-24T19:00:00Z,2025-08-24T19:00:00Z,112474.31,112003,113416.93,471.3099999999977,2025-08-24T19:37:00Z,2025-08-24T22:53:00Z,2025-08-25T06:00:00Z,2025-08-24T22:53:00Z,113416.93,TARGET,2,0.7159256752455956,1.2840743247544044,1M_RESOLVED,,TARGET,false,3.8070696569137223,4.914896777068201,0,196,other_tf_refusals=28,false
IPO_1H_PLUS_4H,BTC/USD,1h,BTC/USD_2025-11-01,demand,2025-08-02T19:00:00Z,112327.65,112945.62,112003,112229.42,112945.62,112474.31,112474.31,2025-08-24T21:00:00Z,2025-08-24T21:00:00Z,112474.31,112003,113416.93,471.3099999999977,2025-08-24T21:02:00Z,2025-08-24T22:53:00Z,2025-08-25T06:00:00Z,2025-08-24T22:53:00Z,113416.93,TARGET,2,0.7159256752455956,1.2840743247544044,1M_RESOLVED,,TARGET,false,0.22310156797011457,2.176253421315074,1,111,other_tf_refusals=28,false
IPO_1H_PLUS_4H,BTC/USD,1h,BTC/USD_2025-11-01,demand,2025-08-02T19:00:00Z,112327.65,112945.62,112003,112229.42,112945.62,112474.31,112474.31,2025-08-25T00:00:00Z,2025-08-25T00:00:00Z,112474.31,112003,113416.93,471.3099999999977,2025-08-25T00:40:00Z,2025-08-25T02:17:00Z,2025-08-25T06:00:00Z,2025-08-25T02:17:00Z,113416.93,TARGET,2,0.7159256752455956,1.2840743247544044,1M_RESOLVED,,TARGET,false,0.6690076595022368,2.2105408329974137,0,97,other_tf_refusals=28,false
IPO_1H_PLUS_4H,BTC/USD,1h,BTC/USD_2025-11-01,supply,2025-08-24T23:00:00Z,113451.02,113692.97,113366.49,113493.59,113529.73000000001,113366.49,113529.73000000001,2025-08-25T02:00:00Z,2025-08-25T02:00:00Z,113529.73000000001,113692.97,113203.25000000003,163.2399999999907,2025-08-25T02:21:00Z,2025-08-25T03:54:00Z,2025-09-10T13:00:00Z,2025-08-25T03:54:00Z,113203.25000000003,TARGET,2,2.0864321857389085,-0.08643218573890854,1M_RESOLVED,,TARGET,false,0.6755697133055046,2.8350281793680137,0,93,other_tf_refusals=28,false
IPO_1H_PLUS_4H,BTC/USD,1h,BTC/USD_2025-11-01,demand,2025-08-02T19:00:00Z,112327.65,112945.62,112003,112229.42,112945.62,112474.31,112474.31,2025-08-25T05:00:00Z,2025-08-25T05:00:00Z,112474.31,112003,113416.93,471.3099999999977,2025-08-25T05:39:00Z,,2025-08-25T06:00:00Z,2025-08-25T06:00:00Z,111929.87,S2_CLOSE_INVALIDATION,-1.1551632683371984,0.7159256752455956,-1.871088943582794,HTF_UNAMBIGUOUS,,S2_CLOSE_INVALIDATION,false,1.5227981583246597,0.825210583267933,1,21,other_tf_refusals=28,false
IPO_1H_PLUS_4H,BTC/USD,1h,BTC/USD_2025-11-01,demand,2025-09-01T04:00:00Z,107660,107759.99,107279.51,107409.1,107759.99,107519.75,107519.75,2025-09-01T21:00:00Z,2025-09-01T21:00:00Z,107519.75,107279.51,108000.23000000001,240.24000000000524,2025-09-01T21:41:00Z,2025-09-01T22:18:00Z,2025-10-17T06:00:00Z,2025-09-01T22:18:00Z,108000.23000000001,TARGET,2,1.3426542207791916,0.6573457792208084,1M_RESOLVED,,TARGET,false,0.25083250083247355,5.909382284382148,0,37,other_tf_refusals=28,false
IPO_1H_PLUS_4H,BTC/USD,1h,BTC/USD_2025-11-01,supply,2025-08-29T12:00:00Z,110098.81,111517.07,110070.73,110728,110793.9,110070.73,110793.9,2025-09-02T13:00:00Z,2025-09-02T13:00:00Z,110793.9,111517.07,109347.55999999997,723.1700000000128,2025-09-02T13:45:00Z,,2025-09-03T14:00:00Z,2025-09-03T14:00:00Z,112261.37,S2_CLOSE_INVALIDATION,-2.029218579310501,0.45961765559964335,-2.4888362349101443,HTF_UNAMBIGUOUS,,TARGET,true,0.6665514332729376,2.848597148664841,0,1455,other_tf_refusals=28,false
IPO_1H_PLUS_4H,BTC/USD,1h,BTC/USD_2025-11-01,supply,2025-08-29T12:00:00Z,110098.81,111517.07,110070.73,110728,110793.9,110070.73,110793.9,2025-09-02T15:00:00Z,2025-09-02T15:00:00Z,110793.9,111517.07,109347.55999999997,723.1700000000128,2025-09-02T15:00:00Z,,2025-09-03T14:00:00Z,2025-09-03T14:00:00Z,112261.37,S2_CLOSE_INVALIDATION,-2.029218579310501,0.45961765559964335,-2.4888362349101443,HTF_UNAMBIGUOUS,,S2_CLOSE_INVALIDATION,false,2.359196316218836,0.821245350332541,23,1380,other_tf_refusals=28,false
IPO_1H_PLUS_4H,BTC/USD,1h,BTC/USD_2025-11-01,supply,2025-08-28T12:00:00Z,112909.18,113340.01,112781.68,113239.44,113060.845,112781.68,113060.845,2025-09-05T14:00:00Z,2025-09-05T14:00:00Z,113060.845,113340.01,112502.51500000001,279.1649999999936,2025-09-05T14:00:00Z,2025-09-05T14:11:00Z,2025-09-10T12:00:00Z,2025-09-05T14:11:00Z,112502.51500000001,TARGET,2,1.2149894685938702,0.7850105314061298,1M_RESOLVED,,TARGET,false,0.08351691651891485,9.217469955044745,0,11,other_tf_refusals=28,false
IPO_1H_PLUS_4H,BTC/USD,1h,BTC/USD_2025-11-01,supply,2025-08-22T15:00:00Z,115808.24,117296.12,115808.23,116370.75,116552.17499999999,115808.23,116552.17499999999,2025-09-17T23:00:00Z,2025-09-17T23:00:00Z,116552.17499999999,117296.12,115064.28499999997,743.945000000007,2025-09-17T23:00:00Z,,2025-09-18T03:00:00Z,2025-09-18T03:00:00Z,117581.66,S2_CLOSE_INVALIDATION,-1.3838186962745975,0.4700031924402969,-1.8538218887148945,HTF_UNAMBIGUOUS,,S2_CLOSE_INVALIDATION,false,1.8063499317825902,0.6175389309693449,4,240,other_tf_refusals=28,false
IPO_1H_PLUS_4H,BTC/USD,1h,BTC/USD_2025-11-01,demand,2025-09-10T10:00:00Z,112274.29,112422.63,112199.19,112270.01,112422.63,112310.91,112310.91,2025-09-22T09:00:00Z,2025-09-22T09:00:00Z,112310.91,112199.19,112534.35,111.72000000000116,2025-09-22T09:31:00Z,2025-09-22T10:15:00Z,2025-09-22T19:00:00Z,2025-09-22T10:15:00Z,112534.35,TARGET,2,3.015867615467208,-1.015867615467208,1M_RESOLVED,,TARGET,false,1.2297708557106872,3.150375939849518,0,44,other_tf_refusals=28,false
IPO_1H_PLUS_4H,BTC/USD,1h,BTC/USD_2025-11-01,demand,2025-09-10T10:00:00Z,112274.29,112422.63,112199.19,112270.01,112422.63,112310.91,112310.91,2025-09-22T17:00:00Z,2025-09-22T17:00:00Z,112310.91,112199.19,112534.35,111.72000000000116,2025-09-22T17:10:00Z,2025-09-22T17:49:00Z,2025-09-22T19:00:00Z,2025-09-22T17:49:00Z,112534.35,TARGET,2,3.015867615467208,-1.015867615467208,1M_RESOLVED,,TARGET,false,0.537235947010414,2.793054063730669,0,39,other_tf_refusals=28,false
IPO_1H_PLUS_4H,BTC/USD,1h,BTC/USD_2025-11-01,demand,2025-09-10T01:00:00Z,111010.47,111224.53,110917.45,111005.64,111224.53,111070.98999999999,111070.98999999999,2025-09-25T12:00:00Z,2025-09-25T12:00:00Z,111070.98999999999,110917.45,111378.06999999998,153.5399999999936,2025-09-25T12:30:00Z,2025-09-25T12:30:00Z,2025-09-25T17:00:00Z,2025-09-25T12:30:00Z,111378.06999999998,TARGET,2,2.1702030089879765,-0.17020300898797647,1M_RESOLVED,,TARGET,false,0.33209587078281105,3.8154226911556037,0,0,other_tf_refusals=28,false
IPO_1H_PLUS_4H,BTC/USD,1h,BTC/USD_2025-11-01,demand,2025-09-10T01:00:00Z,111010.47,111224.53,110917.45,111005.64,111224.53,111070.98999999999,111070.98999999999,2025-09-25T14:00:00Z,2025-09-25T14:00:00Z,111070.98999999999,110917.45,111378.06999999998,153.5399999999936,2025-09-25T14:00:00Z,2025-09-25T14:15:00Z,2025-09-25T17:00:00Z,2025-09-25T14:15:00Z,111378.06999999998,TARGET,2,2.1702030089879765,-0.17020300898797647,1M_RESOLVED,,TARGET,false,0.5728800312621826,4.2889800703402425,0,15,other_tf_refusals=28,false
IPO_1H_PLUS_4H,BTC/USD,1h,BTC/USD_2025-11-01,demand,2025-09-08T00:00:00Z,111137.35,111293.26,110733.71,110837.96,111293.26,111013.485,111013.485,2025-09-25T15:00:00Z,2025-09-25T15:00:00Z,111013.485,110733.71,111573.03499999999,279.7749999999942,2025-09-25T15:24:00Z,2025-09-25T15:59:00Z,2025-09-25T17:00:00Z,2025-09-25T15:59:00Z,111573.03499999999,TARGET,2,1.1903867572156446,0.8096132427843554,1M_RESOLVED,,TARGET,false,0.5167902779019191,2.052595835939635,0,35,other_tf_refusals=28,false
IPO_1H_PLUS_4H,BTC/USD,1h,BTC/USD_2025-11-01,demand,2025-09-10T01:00:00Z,111010.47,111224.53,110917.45,111005.64,111224.53,111070.98999999999,111070.98999999999,2025-09-25T16:00:00Z,2025-09-25T16:00:00Z,111070.98999999999,110917.45,111378.06999999998,153.5399999999936,2025-09-25T16:40:00Z,,2025-09-25T17:00:00Z,2025-09-25T17:00:00Z,108833.63,S2_CLOSE_INVALIDATION,-14.571837957536012,2.1702030089879765,-16.742040966523987,HTF_UNAMBIGUOUS,,TARGET,true,1.081672528331341,3.9181320828450965,0,20,other_tf_refusals=28,false
IPO_1H_PLUS_4H,BTC/USD,1h,BTC/USD_2025-11-01,demand,2025-09-02T12:00:00Z,109733.33,109836.34,108393.39,108795.99,109836.34,109114.86499999999,109114.86499999999,2025-09-25T21:00:00Z,2025-09-25T21:00:00Z,109114.86499999999,108393.39,110557.81499999997,721.4749999999913,2025-09-25T21:33:00Z,2025-09-28T20:21:00Z,2025-10-16T17:00:00Z,2025-09-28T20:21:00Z,110557.81499999997,TARGET,2,0.4537157836376921,1.5462842163623078,1M_RESOLVED,,TARGET,false,0.685810319137863,2.5366575418414103,71,4248,other_tf_refusals=28,false
IPO_1H_PLUS_4H,BTC/USD,1h,BTC/USD_2025-11-01,supply,2025-09-22T03:00:00Z,114187.8,114654.36,114187.8,114649.89,114421.08,114187.8,114421.08,2025-09-30T21:00:00Z,2025-09-30T21:00:00Z,114421.08,114654.36,113954.52,233.27999999999884,2025-09-30T21:00:00Z,2025-09-30T22:33:00Z,2025-10-01T08:00:00Z,2025-09-30T22:33:00Z,113954.52,TARGET,2,1.4714645061728469,0.5285354938271531,1M_RESOLVED,,TARGET,false,1.430855624142641,2.3065414951989442,1,93,other_tf_refusals=28,false
IPO_1H_PLUS_4H,BTC/USD,1h,BTC/USD_2025-11-01,supply,2025-09-22T03:00:00Z,114187.8,114654.36,114187.8,114649.89,114421.08,114187.8,114421.08,2025-10-01T02:00:00Z,2025-10-01T02:00:00Z,114421.08,114654.36,113954.52,233.27999999999884,2025-10-01T02:00:00Z,,2025-10-01T08:00:00Z,2025-10-01T08:00:00Z,116111.28,S2_CLOSE_INVALIDATION,-7.245370370370394,1.4714645061728469,-8.716834876543242,HTF_UNAMBIGUOUS,,S2_CLOSE_INVALIDATION,false,9.305212620027486,1.3910322359396503,6,360,other_tf_refusals=28,false
IPO_1H_PLUS_4H,BTC/USD,1h,BTC/USD_2025-11-01,supply,2025-08-17T22:00:00Z,117700.01,117995.37,117688.5,117954.99,117841.935,117688.5,117841.935,2025-10-01T16:00:00Z,2025-10-01T16:00:00Z,117841.935,117995.37,117535.065,153.43499999999767,2025-10-01T16:27:00Z,2025-10-01T17:01:00Z,2025-10-01T23:00:00Z,2025-10-01T17:01:00Z,117535.065,TARGET,2,2.304075373936881,-0.3040753739368811,1M_RESOLVED,,TARGET,false,2.3271417864242694,3.407925180043745,0,34,other_tf_refusals=28,false
IPO_1H_PLUS_4H,BTC/USD,1h,BTC/USD_2025-11-01,supply,2025-09-18T14:00:00Z,117432.04,117843.83,117400.54,117640.54,117622.185,117400.54,117622.185,2025-10-01T19:00:00Z,2025-10-01T19:00:00Z,117622.185,117843.83,117178.89499999999,221.64500000000407,2025-10-01T19:42:00Z,2025-10-01T20:13:00Z,2025-10-01T23:00:00Z,2025-10-01T20:13:00Z,117178.89499999999,TARGET,2,1.5920348079135263,0.40796519208647375,1M_RESOLVED,,TARGET,false,0.006338965462784227,2.0705858467368503,1,31,other_tf_refusals=28,false
IPO_1H_PLUS_4H,BTC/USD,1h,BTC/USD_2025-11-01,supply,2025-08-15T06:00:00Z,118984.29,119216.82,118866.01,119082.82,119041.41500000001,118866.01,119041.41500000001,2025-10-02T00:00:00Z,2025-10-02T00:00:00Z,119041.41500000001,119216.82,118690.60500000001,175.40499999999884,2025-10-02T00:03:00Z,2025-10-02T00:41:00Z,2025-10-02T12:00:00Z,2025-10-02T00:41:00Z,118690.60500000001,TARGET,2,2.0359980901342745,-0.03599809013427446,1M_RESOLVED,,TARGET,false,2.3688321313531135,3.6720446965594222,0,38,other_tf_refusals=28,false
IPO_1H_PLUS_4H,BTC/USD,1h,BTC/USD_2025-11-01,supply,2025-08-15T06:00:00Z,118984.29,119216.82,118866.01,119082.82,119041.41500000001,118866.01,119041.41500000001,2025-10-02T03:00:00Z,2025-10-02T03:00:00Z,119041.41500000001,119216.82,118690.60500000001,175.40499999999884,2025-10-02T03:25:00Z,2025-10-02T03:54:00Z,2025-10-02T12:00:00Z,2025-10-02T03:54:00Z,118690.60500000001,TARGET,2,2.0359980901342745,-0.03599809013427446,1M_RESOLVED,,TARGET,false,0.09922750206663979,2.011373678059405,0,29,other_tf_refusals=28,false
IPO_1H_PLUS_4H,BTC/USD,1h,BTC/USD_2025-11-01,supply,2025-08-14T11:00:00Z,120932.99,121031.31,120694,120949.67,120862.655,120694,120862.655,2025-10-02T19:00:00Z,2025-10-02T19:00:00Z,120862.655,121031.31,120525.345,168.65499999999884,2025-10-02T19:07:00Z,2025-10-02T20:25:00Z,2025-10-03T15:00:00Z,2025-10-02T20:25:00Z,120525.345,TARGET,2,2.1498797248821706,-0.1498797248821706,1M_RESOLVED,,TARGET,false,0.9452136017313999,2.506210903916282,0,78,other_tf_refusals=28,false
IPO_1H_PLUS_4H,BTC/USD,1h,BTC/USD_2025-11-01,demand,2025-10-02T16:00:00Z,119910.78,120300,119607.82,119731.4,120300,119953.91,119953.91,2025-10-03T01:00:00Z,2025-10-03T01:00:00Z,119953.91,119607.82,120646.09,346.0899999999965,2025-10-03T01:53:00Z,2025-10-03T13:32:00Z,2025-10-10T15:00:00Z,2025-10-03T13:32:00Z,120646.09,TARGET,2,1.0397923372533262,0.9602076627466738,1M_RESOLVED,,TARGET,false,2.0388049351325024,2.131035279840522,12,699,other_tf_refusals=28,false
IPO_1H_PLUS_4H,BTC/USD,1h,BTC/USD_2025-11-01,supply,2025-08-14T00:00:00Z,123306.44,124474,123251.9,123847.83,123862.95,123251.9,123862.95,2025-10-03T16:00:00Z,2025-10-03T16:00:00Z,123862.95,124474,122640.84999999999,611.0500000000029,2025-10-03T16:33:00Z,2025-10-03T16:59:00Z,2025-10-05T04:00:00Z,2025-10-03T16:59:00Z,122640.84999999999,TARGET,2,0.6081152933475137,1.3918847066524864,1M_RESOLVED,,TARGET,false,0.05243433434253825,2.6264790115375107,0,26,other_tf_refusals=28,false
IPO_1H_PLUS_4H,BTC/USD,1h,BTC/USD_2025-11-01,demand,2025-10-03T17:00:00Z,122553.3,123113.97,121603.42,122073.25,123113.97,122358.695,122358.695,2025-10-04T04:00:00Z,2025-10-04T04:00:00Z,122358.695,121603.42,123869.24500000002,755.2750000000087,2025-10-04T04:00:00Z,,2025-10-04T18:00:00Z,2025-10-04T18:00:00Z,121574.66,S2_CLOSE_INVALIDATION,-1.0380788454536354,0.48601646420177524,-1.5240953096554106,HTF_UNAMBIGUOUS,,S2_CLOSE_INVALIDATION,false,1.1236900466717383,0.5842971103240382,14,840,other_tf_refusals=28,false
IPO_1H_PLUS_4H,BTC/USD,1h,BTC/USD_2025-11-01,demand,2025-10-05T19:00:00Z,122999.44,123026,122500,122591.79,123026,122763,122763,2025-10-07T14:00:00Z,2025-10-07T14:00:00Z,122763,122500,123289,263,2025-10-07T14:14:00Z,2025-10-07T14:22:00Z,2025-10-07T15:00:00Z,2025-10-07T14:22:00Z,123289,TARGET,2,1.400338403041825,0.5996615969581749,1M_RESOLVED,,TARGET,false,0.7414448669201521,4.7034220532319395,0,8,other_tf_refusals=28,false
IPO_1H_PLUS_4H,BTC/USD,1h,BTC/USD_2025-11-01,demand,2025-10-04T18:00:00Z,121747.36,121829.69,121510,121574.66,121829.69,121669.845,121669.845,2025-10-07T15:00:00Z,2025-10-07T15:00:00Z,121669.845,121510,121989.535,159.84500000000116,2025-10-07T15:37:00Z,2025-10-07T16:46:00Z,2025-10-07T17:00:00Z,2025-10-07T16:46:00Z,121989.535,TARGET,2,2.2835217554505762,-0.28352175545057623,1M_RESOLVED,,TARGET,false,3.1089805749319535,7.479214238793773,0,69,other_tf_refusals=28,false
IPO_1H_PLUS_4H,BTC/USD,1h,BTC/USD_2025-11-01,demand,2025-10-01T10:00:00Z,116412.1,116551,116203.5,116281.64,116551,116377.25,116377.25,2025-10-10T19:00:00Z,2025-10-10T19:00:00Z,116377.25,116203.5,116724.75,173.75,2025-10-10T19:20:00Z,2025-10-10T19:25:00Z,2025-10-10T20:00:00Z,2025-10-10T19:25:00Z,116724.75,TARGET,2,2.009391366906475,-0.009391366906474907,1M_RESOLVED,,TARGET,false,2.4447769784172593,5.552057553956825,0,5,other_tf_refusals=28,false
IPO_1H_PLUS_4H,BTC/USD,1h,BTC/USD_2025-11-01,demand,2025-09-30T09:00:00Z,113451.89,113451.89,112731.41,112781.97,113451.89,113091.65,113091.65,2025-10-10T20:00:00Z,2025-10-10T20:00:00Z,113091.65,112731.41,113812.12999999998,360.2399999999907,2025-10-10T20:56:00Z,2025-10-10T20:56:00Z,2025-10-11T00:00:00Z,2025-10-10T20:56:00Z,113812.12999999998,TARGET,2,0.941802548301157,1.058197451698843,1M_RESOLVED,,TARGET,false,0.14615256495668316,11.445119920053608,0,0,other_tf_refusals=28,false
IPO_1H_PLUS_4H,BTC/USD,1h,BTC/USD_2025-11-01,demand,2025-08-30T01:00:00Z,108300.7,108350,107350.1,107447.97,108350,107850.05,107850.05,2025-10-10T21:00:00Z,2025-10-10T21:00:00Z,107850.05,107350.1,108849.95,499.9499999999971,2025-10-10T21:17:00Z,2025-10-10T21:17:00Z,2025-10-17T06:00:00Z,2025-10-10T21:17:00Z,108849.95,TARGET,2,0.647165016501654,1.352834983498346,1M_RESOLVED,,TARGET,false,11.701270127012775,14.52673267326741,0,0,other_tf_refusals=28,false
IPO_1H_PLUS_4H,BTC/USD,1h,BTC/USD_2025-11-01,demand,2025-09-30T09:00:00Z,113451.89,113451.89,112731.41,112781.97,113451.89,113091.65,113091.65,2025-10-10T22:00:00Z,2025-10-10T22:00:00Z,113091.65,112731.41,113812.12999999998,360.2399999999907,2025-10-10T22:02:00Z,2025-10-10T22:48:00Z,2025-10-11T00:00:00Z,2025-10-10T22:48:00Z,113812.12999999998,TARGET,2,0.941802548301157,1.058197451698843,1M_RESOLVED,,TARGET,false,6.140239840106732,2.824172773706504,0,46,other_tf_refusals=28,false
IPO_1H_PLUS_4H,BTC/USD,1h,BTC/USD_2025-11-01,demand,2025-09-29T02:00:00Z,111855.3,112022.27,111632.72,111750.02,112022.27,111827.495,111827.495,2025-10-11T00:00:00Z,2025-10-11T00:00:00Z,111827.495,111632.72,112217.04499999998,194.77499999999418,2025-10-11T00:16:00Z,2025-10-11T00:16:00Z,2025-10-11T01:00:00Z,2025-10-11T00:16:00Z,112217.04499999998,TARGET,2,1.7224103966115263,0.2775896033884737,1M_RESOLVED,,TARGET,false,1.0637658837119683,6.937055576948009,0,0,other_tf_refusals=28,false
IPO_1H_PLUS_4H,BTC/USD,1h,BTC/USD_2025-11-01,supply,2025-10-10T22:00:00Z,113451.87,114109.03,110879.69,113700,112494.36,110879.69,112494.36,2025-10-11T02:00:00Z,2025-10-11T02:00:00Z,112494.36,114109.03,109265.02,1614.6699999999983,2025-10-11T02:39:00Z,,2025-10-12T19:00:00Z,2025-10-12T19:00:00Z,114342.28,S2_CLOSE_INVALIDATION,-1.1444567620628365,0.20901055943319713,-1.3534673214960335,HTF_UNAMBIGUOUS,,S2_CLOSE_INVALIDATION,false,1.3660004830708452,1.816327794533872,41,2421,other_tf_refusals=28,false
IPO_1H_PLUS_4H,BTC/USD,1h,BTC/USD_2025-11-01,demand,2025-10-12T21:00:00Z,114927.97,115600,114217.75,114882.06,115600,114908.875,114908.875,2025-10-13T10:00:00Z,2025-10-13T10:00:00Z,114908.875,114217.75,116291.125,691.125,2025-10-13T10:15:00Z,,2025-10-13T11:00:00Z,2025-10-13T11:00:00Z,114180,S2_CLOSE_INVALIDATION,-1.0546210888044854,0.49879055887140533,-1.5534116476758908,HTF_UNAMBIGUOUS,,S2_CLOSE_INVALIDATION,false,1.869958401157533,0.36625067824199675,1,45,other_tf_refusals=28,false
IPO_1H_PLUS_4H,BTC/USD,1h,BTC/USD_2025-11-01,demand,2025-10-12T17:00:00Z,114069.35,114466.94,113516.38,113799.99,114466.94,113991.66,113991.66,2025-10-13T15:00:00Z,2025-10-13T15:00:00Z,113991.66,113516.38,114942.22,475.27999999999884,2025-10-13T15:00:00Z,2025-10-13T16:08:00Z,2025-10-14T03:00:00Z,2025-10-13T16:08:00Z,114942.22,TARGET,2,0.7195231863322691,1.280476813667731,1M_RESOLVED,,TARGET,false,0.04973910116141953,2.487670425854232,1,68,other_tf_refusals=28,false
IPO_1H_PLUS_4H,BTC/USD,1h,BTC/USD_2025-11-01,demand,2025-10-12T13:00:00Z,111789.61,111934.51,111265.99,111297.52,111934.51,111600.25,111600.25,2025-10-14T06:00:00Z,2025-10-14T06:00:00Z,111600.25,111265.99,112268.76999999999,334.25999999999476,2025-10-14T06:47:00Z,,2025-10-14T10:00:00Z,2025-10-14T10:00:00Z,110623.58,S2_CLOSE_INVALIDATION,-2.9218871537127193,1.0016177526476553,-3.9235049063603746,HTF_UNAMBIGUOUS,,TARGET,true,0.7336803685753877,3.287740082570525,0,193,other_tf_refusals=28,false
IPO_1H_PLUS_4H,BTC/USD,1h,BTC/USD_2025-11-01,demand,2025-10-12T13:00:00Z,111789.61,111934.51,111265.99,111297.52,111934.51,111600.25,111600.25,2025-10-14T08:00:00Z,2025-10-14T08:00:00Z,111600.25,111265.99,112268.76999999999,334.25999999999476,2025-10-14T08:01:00Z,,2025-10-14T10:00:00Z,2025-10-14T10:00:00Z,110623.58,S2_CLOSE_INVALIDATION,-2.9218871537127193,1.0016177526476553,-3.9235049063603746,HTF_UNAMBIGUOUS,,S2_CLOSE_INVALIDATION,false,4.750822712858313,1.6147609645186636,2,119,other_tf_refusals=28,false
IPO_1H_PLUS_4H,BTC/USD,1h,BTC/USD_2025-11-01,supply,2025-10-14T08:00:00Z,111724.41,112140,111513.63,111803.33,111826.815,111513.63,111826.815,2025-10-14T14:00:00Z,2025-10-14T14:00:00Z,111826.815,112140,111200.445,313.1849999999977,2025-10-14T14:16:00Z,2025-10-14T15:12:00Z,2025-10-14T15:00:00Z,2025-10-14T15:12:00Z,111200.445,TARGET,2,1.0711893768858742,0.9288106231141258,1M_RESOLVED,,TARGET,false,1.191580056516118,2.9410252726024977,0,56,other_tf_refusals=28,false
IPO_1H_PLUS_4H,BTC/USD,1h,BTC/USD_2025-11-01,demand,2025-08-30T01:00:00Z,108300.7,108350,107350.1,107447.97,108350,107850.05,107850.05,2025-10-16T16:00:00Z,2025-10-16T16:00:00Z,107850.05,107350.1,108849.95,499.9499999999971,2025-10-16T16:30:00Z,2025-10-16T16:55:00Z,2025-10-17T06:00:00Z,2025-10-16T16:55:00Z,108849.95,TARGET,2,0.647165016501654,1.352834983498346,1M_RESOLVED,,TARGET,false,0.5450145014501401,2.808180818081819,0,25,other_tf_refusals=28,false
IPO_1H_PLUS_4H,BTC/USD,1h,BTC/USD_2025-11-01,demand,2025-08-30T01:00:00Z,108300.7,108350,107350.1,107447.97,108350,107850.05,107850.05,2025-10-16T18:00:00Z,2025-10-16T18:00:00Z,107850.05,107350.1,108849.95,499.9499999999971,2025-10-16T18:06:00Z,2025-10-17T01:02:00Z,2025-10-17T06:00:00Z,2025-10-17T01:02:00Z,108849.95,TARGET,2,0.647165016501654,1.352834983498346,1M_RESOLVED,,TARGET,false,0.8461846184618569,2.530313031303143,7,416,other_tf_refusals=28,false
IPO_1H_PLUS_4H,BTC/USD,1h,BTC/USD_2025-11-01,demand,2025-10-19T12:00:00Z,107783.47,107859.42,107421.9,107631.43,107859.42,107640.66,107640.66,2025-10-20T00:00:00Z,2025-10-20T00:00:00Z,107640.66,107421.9,108078.18000000002,218.7600000000093,2025-10-20T00:23:00Z,2025-10-20T00:40:00Z,2025-10-22T21:00:00Z,2025-10-20T00:40:00Z,108078.18000000002,TARGET,2,1.476147284695494,0.5238527153045061,1M_RESOLVED,,TARGET,false,1.0885902358748825,4.58086487474839,0,17,other_tf_refusals=28,false
IPO_1H_PLUS_4H,BTC/USD,1h,BTC/USD_2025-11-01,supply,2025-10-16T06:00:00Z,110951.13,111716.86,110922.17,111666.83,111319.515,110922.17,111319.515,2025-10-20T07:00:00Z,2025-10-20T07:00:00Z,111319.515,111716.86,110524.825,397.34500000000116,2025-10-20T07:15:00Z,2025-10-20T16:43:00Z,2025-10-21T14:00:00Z,2025-10-20T16:43:00Z,110524.825,TARGET,2,0.8404750154148134,1.1595249845851865,1M_RESOLVED,,TARGET,false,0.9715612377153283,3.0439919968792757,9,568,other_tf_refusals=28,false
IPO_1H_PLUS_4H,BTC/USD,1h,BTC/USD_2025-11-01,demand,2025-10-19T12:00:00Z,107783.47,107859.42,107421.9,107631.43,107859.42,107640.66,107640.66,2025-10-21T06:00:00Z,2025-10-21T06:00:00Z,107640.66,107421.9,108078.18000000002,218.7600000000093,2025-10-21T06:00:00Z,2025-10-21T06:22:00Z,2025-10-22T21:00:00Z,2025-10-21T06:22:00Z,108078.18000000002,TARGET,2,1.476147284695494,0.5238527153045061,1M_RESOLVED,,TARGET,false,0.6466904370085717,2.5568659718411624,0,22,other_tf_refusals=28,false
IPO_1H_PLUS_4H,BTC/USD,1h,BTC/USD_2025-11-01,demand,2025-10-19T12:00:00Z,107783.47,107859.42,107421.9,107631.43,107859.42,107640.66,107640.66,2025-10-21T08:00:00Z,2025-10-21T08:00:00Z,107640.66,107421.9,108078.18000000002,218.7600000000093,2025-10-21T08:37:00Z,2025-10-21T10:35:00Z,2025-10-22T21:00:00Z,2025-10-21T10:35:00Z,108078.18000000002,TARGET,2,1.476147284695494,0.5238527153045061,1M_RESOLVED,,TARGET,false,0.7151215944413771,2.0938928506124435,0,118,other_tf_refusals=28,false
IPO_1H_PLUS_4H,BTC/USD,1h,BTC/USD_2025-11-01,demand,2025-10-19T12:00:00Z,107783.47,107859.42,107421.9,107631.43,107859.42,107640.66,107640.66,2025-10-21T10:00:00Z,2025-10-21T10:00:00Z,107640.66,107421.9,108078.18000000002,218.7600000000093,2025-10-21T10:22:00Z,2025-10-21T10:35:00Z,2025-10-22T21:00:00Z,2025-10-21T10:35:00Z,108078.18000000002,TARGET,2,1.476147284695494,0.5238527153045061,1M_RESOLVED,,TARGET,false,0.2772901810203004,5.352029621502779,0,13,other_tf_refusals=28,false
IPO_1H_PLUS_4H,BTC/USD,1h,BTC/USD_2025-11-01,supply,2025-10-14T18:00:00Z,112774.98,113450,112662.72,112861.36,113056.36,112662.72,113056.36,2025-10-21T15:00:00Z,2025-10-21T15:00:00Z,113056.36,113450,112269.08,393.6399999999994,2025-10-21T15:28:00Z,2025-10-21T17:17:00Z,2025-10-26T12:00:00Z,2025-10-21T17:17:00Z,112269.08,TARGET,2,0.8616224977136483,1.1383775022863518,1M_RESOLVED,,TARGET,false,1.2733970124987184,3.4027283812620643,0,109,other_tf_refusals=28,false
IPO_1H_PLUS_4H,BTC/USD,1h,BTC/USD_2025-11-01,demand,2025-10-20T00:00:00Z,108642.77,108642.77,107402.52,108047.46,108642.77,108022.645,108022.645,2025-10-22T06:00:00Z,2025-10-22T06:00:00Z,108022.645,107402.52,109262.895,620.125,2025-10-22T06:39:00Z,,2025-10-22T21:00:00Z,2025-10-22T21:00:00Z,107207.98,S2_CLOSE_INVALIDATION,-1.3137109453739297,0.5225848578915542,-1.836295803265484,HTF_UNAMBIGUOUS,,S2_CLOSE_INVALIDATION,false,2.186583350131025,1.8403305785123976,15,861,other_tf_refusals=28,false
IPO_1H_PLUS_4H,BTC/USD,1h,BTC/USD_2025-11-01,supply,2025-10-23T06:00:00Z,108940.58,110298.29,108849.07,110246.94,109573.68,108849.07,109573.68,2025-10-23T13:00:00Z,2025-10-23T13:00:00Z,109573.68,110298.29,108124.45999999999,724.6100000000006,2025-10-23T13:39:00Z,,2025-10-23T17:00:00Z,2025-10-23T17:00:00Z,111241.71,S2_CLOSE_INVALIDATION,-2.3019693352286223,0.4536523647203319,-2.7556216999489545,HTF_UNAMBIGUOUS,,S2_CLOSE_INVALIDATION,false,2.373594071293532,1.1738038393066446,4,201,other_tf_refusals=28,false
IPO_1H_PLUS_4H,BTC/USD,1h,BTC/USD_2025-11-01,demand,2025-10-24T03:00:00Z,110570.13,110630.81,110274.85,110441.46,110630.81,110452.83,110452.83,2025-10-24T13:00:00Z,2025-10-24T13:00:00Z,110452.83,110274.85,110808.79,177.97999999999593,2025-10-24T13:48:00Z,2025-10-24T13:53:00Z,2025-10-24T14:00:00Z,2025-10-24T13:53:00Z,110808.79,TARGET,2,1.8617737386223598,0.13822626137764016,1M_RESOLVED,,TARGET,false,0.41195639959550884,5.610967524441073,0,5,other_tf_refusals=28,false
IPO_1H_PLUS_4H,BTC/USD,1h,BTC/USD_2025-11-01,demand,2025-10-23T20:00:00Z,110200.01,110200.01,109341.28,109524.81,110200.01,109770.64499999999,109770.64499999999,2025-10-24T14:00:00Z,2025-10-24T14:00:00Z,109770.64499999999,109341.28,110629.37499999997,429.3649999999907,2025-10-24T14:27:00Z,2025-10-24T18:25:00Z,2025-10-30T04:00:00Z,2025-10-24T18:25:00Z,110629.37499999997,TARGET,2,0.7669743341912059,1.2330256658087941,1M_RESOLVED,,TARGET,false,0.16451038161004342,2.71867758201072,0,238,other_tf_refusals=28,false
IPO_1H_PLUS_4H,BTC/USD,1h,BTC/USD_2025-11-01,demand,2025-10-27T02:00:00Z,115284.01,115445.39,114815.6,114883.39,115445.39,115130.495,115130.495,2025-10-27T10:00:00Z,2025-10-27T10:00:00Z,115130.495,114815.6,115760.28499999997,314.8949999999895,2025-10-27T10:02:00Z,,2025-10-27T14:00:00Z,2025-10-27T14:00:00Z,114810.05,S2_CLOSE_INVALIDATION,-1.0176249225932552,1.0968465202686974,-2.1144714428619524,HTF_UNAMBIGUOUS,,S2_CLOSE_INVALIDATION,false,1.9895679512218707,1.3322694866543536,4,238,other_tf_refusals=28,false
IPO_1H_PLUS_4H,BTC/USD,1h,BTC/USD_2025-11-01,demand,2025-10-28T05:00:00Z,113964.6,113981.73,113483.3,113605.31,113981.73,113732.515,113732.515,2025-10-28T19:00:00Z,2025-10-28T19:00:00Z,113732.515,113483.3,114230.94499999999,249.2149999999965,2025-10-28T19:29:00Z,,2025-10-28T20:00:00Z,2025-10-28T20:00:00Z,112808.05,S2_CLOSE_INVALIDATION,-3.709507854663682,1.369089119836305,-5.0785969744999875,HTF_UNAMBIGUOUS,,TARGET,true,0.6663924723632182,5.38717573179793,0,31,other_tf_refusals=28,false
IPO_1H_PLUS_4H,BTC/USD,1h,BTC/USD_2025-11-01,demand,2025-10-26T10:00:00Z,112528.82,112571.26,112189.33,112477.1,112571.26,112380.295,112380.295,2025-10-28T20:00:00Z,2025-10-28T20:00:00Z,112380.295,112189.33,112762.22499999999,190.9649999999965,2025-10-28T20:32:00Z,2025-10-28T20:39:00Z,2025-10-29T15:00:00Z,2025-10-28T20:39:00Z,112762.22499999999,TARGET,2,1.7654590369963405,0.23454096300365945,1M_RESOLVED,,TARGET,false,0.2904982588432031,6.9281020082215745,0,7,other_tf_refusals=28,false
IPO_1H_PLUS_4H,BTC/USD,1h,BTC/USD_2025-11-01,demand,2025-10-23T20:00:00Z,110200.01,110200.01,109341.28,109524.81,110200.01,109770.64499999999,109770.64499999999,2025-10-29T23:00:00Z,2025-10-29T23:00:00Z,109770.64499999999,109341.28,110629.37499999997,429.3649999999907,2025-10-29T23:41:00Z,2025-10-30T01:45:00Z,2025-10-30T04:00:00Z,2025-10-30T01:45:00Z,110629.37499999997,TARGET,2,0.7669743341912059,1.2330256658087941,1M_RESOLVED,,TARGET,false,0.08716360206348717,3.0442979749165247,0,124,other_tf_refusals=28,false
IPO_1H_PLUS_4H,BTC/USD,1h,BTC/USD_2025-11-01,demand,2025-10-19T08:00:00Z,106786,107132.83,106278.74,106443.95,107132.83,106705.785,106705.785,2025-10-30T19:00:00Z,2025-10-30T19:00:00Z,106705.785,106278.74,107559.875,427.04499999999825,2025-10-30T19:22:00Z,2025-10-30T20:52:00Z,,2025-10-30T20:52:00Z,107559.875,TARGET,2,0.74961035722231,1.25038964277769,HTF_UNAMBIGUOUS,,TARGET,false,0.9400531559906067,2.2157266798580957,1,90,other_tf_refusals=28,false
IPO_1H_PLUS_4H,BTC/USD,4h,BTC/USD_2025-11-01,demand,2025-08-02T16:00:00Z,112840.7,113420,112003,112229.42,113420,112711.5,112711.5,2025-08-20T00:00:00Z,2025-08-20T00:00:00Z,112711.5,112003,114128.5,708.5,2025-08-20T01:38:00Z,2025-08-20T15:16:00Z,2025-08-25T04:00:00Z,2025-08-20T15:16:00Z,114128.5,TARGET,2,0.47725405786873676,1.5227459421312632,1M_RESOLVED,,TARGET,false,0.46788990825688076,2.279251940719839,3,818,other_tf_refusals=28,false
IPO_1H_PLUS_4H,BTC/USD,4h,BTC/USD_2025-11-01,supply,2025-08-18T16:00:00Z,116145.34,116800,115818.86,116313.99,116309.43,115818.86,116309.43,2025-08-22T12:00:00Z,2025-08-22T12:00:00Z,116309.43,116800,115328.28999999998,490.570000000007,2025-08-22T15:01:00Z,,2025-08-22T20:00:00Z,2025-08-22T20:00:00Z,116935.99,S2_CLOSE_INVALIDATION,-1.2772081456265227,0.7112711539637463,-1.988479299590269,HTF_UNAMBIGUOUS,,TARGET,true,2.011313370161217,9.427074627474028,0,299,other_tf_refusals=28,false
IPO_1H_PLUS_4H,BTC/USD,4h,BTC/USD_2025-11-01,demand,2025-07-10T00:00:00Z,111234,111581,110880,111074.51,111581,111230.5,111230.5,2025-08-24T16:00:00Z,2025-08-24T16:00:00Z,111230.5,110880,111931.5,350.5,2025-08-24T19:37:00Z,2025-08-24T19:37:00Z,2025-08-25T16:00:00Z,2025-08-24T19:37:00Z,111931.5,TARGET,2,0.9520442225392297,1.0479557774607704,1M_RESOLVED,,TARGET,false,1.5706134094151212,10.518116975748947,0,0,other_tf_refusals=28,false
IPO_1H_PLUS_4H,BTC/USD,4h,BTC/USD_2025-11-01,demand,2025-07-10T00:00:00Z,111234,111581,110880,111074.51,111581,111230.5,111230.5,2025-08-25T12:00:00Z,2025-08-25T12:00:00Z,111230.5,110880,111931.5,350.5,2025-08-25T12:00:00Z,2025-08-25T14:16:00Z,2025-08-25T16:00:00Z,2025-08-25T14:16:00Z,111931.5,TARGET,2,0.9520442225392297,1.0479557774607704,1M_RESOLVED,,TARGET,false,1.8330955777460771,3.850213980028531,0,136,other_tf_refusals=28,false
IPO_1H_PLUS_4H,BTC/USD,4h,BTC/USD_2025-11-01,supply,2025-08-24T20:00:00Z,112600,113692.97,111632.85,113493.59,112662.91,111632.85,112662.91,2025-08-25T16:00:00Z,2025-08-25T16:00:00Z,112662.91,113692.97,110602.79000000001,1030.0599999999977,2025-08-25T16:16:00Z,2025-08-25T20:00:00Z,2025-09-10T12:00:00Z,2025-08-25T20:00:00Z,110602.79000000001,TARGET,2,0.3281252839640417,1.6718747160359584,1M_RESOLVED,,TARGET,false,0.2663437081334989,3.289915150573758,1,224,other_tf_refusals=28,false
IPO_1H_PLUS_4H,BTC/USD,4h,BTC/USD_2025-11-01,demand,2025-07-08T12:00:00Z,108756.37,109216.56,108217.07,108268.35,109216.56,108716.815,108716.815,2025-08-26T00:00:00Z,2025-08-26T00:00:00Z,108716.815,108217.07,109716.305,499.74499999999534,2025-08-26T01:01:00Z,2025-08-26T01:21:00Z,2025-08-29T16:00:00Z,2025-08-26T01:21:00Z,109716.305,TARGET,2,0.65263373320394,1.34736626679606,1M_RESOLVED,,TARGET,false,0.10036118420394262,2.7917537944351754,0,20,other_tf_refusals=28,false
IPO_1H_PLUS_4H,BTC/USD,4h,BTC/USD_2025-11-01,supply,2025-08-24T20:00:00Z,112600,113692.97,111632.85,113493.59,112662.91,111632.85,112662.91,2025-08-28T04:00:00Z,2025-08-28T04:00:00Z,112662.91,113692.97,110602.79000000001,1030.0599999999977,2025-08-28T04:38:00Z,2025-08-29T07:14:00Z,2025-09-10T12:00:00Z,2025-08-29T07:14:00Z,110602.79000000001,TARGET,2,0.3281252839640417,1.6718747160359584,1M_RESOLVED,,TARGET,false,0.7989728753664763,2.682290352018333,6,1596,other_tf_refusals=28,false
IPO_1H_PLUS_4H,BTC/USD,4h,BTC/USD_2025-11-01,demand,2025-07-08T00:00:00Z,108262.94,108525,107429.57,107901.52,108525,107977.285,107977.285,2025-08-29T20:00:00Z,2025-08-29T20:00:00Z,107977.285,107429.57,109072.715,547.7149999999965,2025-08-29T20:06:00Z,2025-08-31T00:42:00Z,2025-10-17T04:00:00Z,2025-08-31T00:42:00Z,109072.715,TARGET,2,0.5914241074281371,1.408575892571863,1M_RESOLVED,,TARGET,false,1.1450937074938639,2.743644048455876,7,1716,other_tf_refusals=28,false
IPO_1H_PLUS_4H,BTC/USD,4h,BTC/USD_2025-11-01,supply,2025-08-24T20:00:00Z,112600,113692.97,111632.85,113493.59,112662.91,111632.85,112662.91,2025-09-05T12:00:00Z,2025-09-05T12:00:00Z,112662.91,113692.97,110602.79000000001,1030.0599999999977,2025-09-05T12:20:00Z,2025-09-05T14:37:00Z,2025-09-10T12:00:00Z,2025-09-05T14:37:00Z,110602.79000000001,TARGET,2,0.3281252839640417,1.6718747160359584,1M_RESOLVED,,TARGET,false,0.7006485059122707,2.306661747859353,0,137,other_tf_refusals=28,false
IPO_1H_PLUS_4H,BTC/USD,4h,BTC/USD_2025-11-01,demand,2025-09-01T08:00:00Z,109432.99,109912.4,108186.41,108782.88,109912.4,109049.405,109049.405,2025-09-25T16:00:00Z,2025-09-25T16:00:00Z,109049.405,108186.41,110775.39499999999,862.9949999999953,2025-09-25T17:55:00Z,2025-09-28T20:30:00Z,2025-10-17T04:00:00Z,2025-09-28T20:30:00Z,110775.39499999999,TARGET,2,0.3790847165974331,1.6209152834025669,1M_RESOLVED,,TARGET,false,0.48423803150656297,3.0396178425135916,0,4475,other_tf_refusals=28,false
IPO_1H_PLUS_4H,BTC/USD,4h,BTC/USD_2025-11-01,supply,2025-08-14T00:00:00Z,123306.44,124474,123250.5,123337.14,123862.25,123250.5,123862.25,2025-10-03T16:00:00Z,2025-10-03T16:00:00Z,123862.25,124474,122638.75,611.75,2025-10-03T16:33:00Z,2025-10-03T16:59:00Z,2025-10-05T04:00:00Z,2025-10-03T16:59:00Z,122638.75,TARGET,2,0.6074160196158561,1.3925839803841438,1M_RESOLVED,,TARGET,false,0.05351859419698445,3.91663261136085,0,26,other_tf_refusals=28,false
IPO_1H_PLUS_4H,BTC/USD,4h,BTC/USD_2025-11-01,demand,2025-10-04T12:00:00Z,121973.26,122509.52,121698.88,121791.31,122509.52,122104.20000000001,122104.20000000001,2025-10-07T12:00:00Z,2025-10-07T12:00:00Z,122104.20000000001,121698.88,122914.84000000003,405.320000000007,2025-10-07T15:07:00Z,,2025-10-07T16:00:00Z,2025-10-07T16:00:00Z,121637.17,S2_CLOSE_INVALIDATION,-1.1522500740156059,0.9037614724168404,-2.056011546432446,HTF_UNAMBIGUOUS,,TARGET,true,2.2977153853745094,7.455343925786876,0,53,other_tf_refusals=28,false
IPO_1H_PLUS_4H,BTC/USD,4h,BTC/USD_2025-11-01,demand,2025-10-03T04:00:00Z,120225.88,120324.53,119610.59,119640.21,120324.53,119967.56,119967.56,2025-10-09T16:00:00Z,2025-10-09T16:00:00Z,119967.56,119610.59,120681.5,356.97000000000116,2025-10-09T16:58:00Z,2025-10-09T17:50:00Z,2025-10-10T12:00:00Z,2025-10-09T17:50:00Z,120681.5,TARGET,2,1.008215480292458,0.9917845197075419,1M_RESOLVED,,TARGET,false,0.8854805725971243,4.242205227330004,0,52,other_tf_refusals=28,false
IPO_1H_PLUS_4H,BTC/USD,4h,BTC/USD_2025-11-01,demand,2025-10-02T04:00:00Z,118733.99,118930.29,118279.31,118489.76,118930.29,118604.79999999999,118604.79999999999,2025-10-10T12:00:00Z,2025-10-10T12:00:00Z,118604.79999999999,118279.31,119255.77999999997,325.4899999999907,2025-10-10T15:34:00Z,2025-10-10T15:38:00Z,2025-10-10T16:00:00Z,2025-10-10T15:38:00Z,119255.77999999997,TARGET,2,1.0931653814249598,0.9068346185750402,1M_RESOLVED,,TARGET,false,0.3219760975759358,12.120802482411516,0,4,other_tf_refusals=28,false
IPO_1H_PLUS_4H,BTC/USD,4h,BTC/USD_2025-11-01,demand,2025-09-01T08:00:00Z,109432.99,109912.4,108186.41,108782.88,109912.4,109049.405,109049.405,2025-10-17T00:00:00Z,2025-10-17T00:00:00Z,109049.405,108186.41,110775.39499999999,862.9949999999953,2025-10-17T00:00:00Z,,2025-10-17T04:00:00Z,2025-10-17T04:00:00Z,105633.75,S2_CLOSE_INVALIDATION,-3.957908214995472,0.3790847165974331,-4.3369929315929046,HTF_UNAMBIGUOUS,,S2_CLOSE_INVALIDATION,false,4.064119722594014,0.2208529597506384,1,240,other_tf_refusals=28,false
IPO_1H_PLUS_4H,BTC/USD,4h,BTC/USD_2025-11-01,demand,2025-07-01T16:00:00Z,105955.19,106287.95,105387.68,105398.53,106287.95,105837.815,105837.815,2025-10-17T12:00:00Z,2025-10-17T12:00:00Z,105837.815,105387.68,106738.08500000002,450.1350000000093,2025-10-17T12:00:00Z,2025-10-17T15:57:00Z,,2025-10-17T15:57:00Z,106738.08500000002,TARGET,2,0.7053738211869627,1.2946261788130373,HTF_UNAMBIGUOUS,,TARGET,false,2.8982527463982337,2.2533795416929947,0,237,other_tf_refusals=28,false
IPO_1H_PLUS_4H,BTC/USD,4h,BTC/USD_2025-11-01,supply,2025-10-14T20:00:00Z,112613.69,113577,112230.46,113028.14,112903.73000000001,112230.46,112903.73000000001,2025-10-21T12:00:00Z,2025-10-21T12:00:00Z,112903.73000000001,113577,111557.19000000003,673.2699999999895,2025-10-21T15:07:00Z,2025-10-21T18:37:00Z,2025-10-26T12:00:00Z,2025-10-21T18:37:00Z,111557.19000000003,TARGET,2,0.5030837405498616,1.4969162594501384,1M_RESOLVED,,TARGET,false,0.9712151142929212,7.3992157678198796,0,210,other_tf_refusals=28,false
IPO_1H_PLUS_4H,BTC/USD,4h,BTC/USD_2025-11-01,demand,2025-10-21T04:00:00Z,109059.23,109059.23,107473.72,108086.37,109059.23,108266.475,108266.475,2025-10-21T20:00:00Z,2025-10-21T20:00:00Z,108266.475,107473.72,109851.98500000002,792.7550000000047,2025-10-21T23:40:00Z,2025-10-23T06:16:00Z,2025-10-30T16:00:00Z,2025-10-23T06:16:00Z,109851.98500000002,TARGET,2,0.40970971485515467,1.5902902851448453,1M_RESOLVED,,TARGET,false,0.2783520759881765,4.4590510308985465,0,1836,other_tf_refusals=28,false
IPO_1H_PLUS_4H,BTC/USD,4h,BTC/USD_2025-11-01,demand,2025-10-17T20:00:00Z,106457.24,107440.02,106342.47,106431.68,107440.02,106891.245,106891.245,2025-10-22T20:00:00Z,2025-10-22T20:00:00Z,106891.245,106342.47,107988.79499999998,548.7749999999942,2025-10-22T21:11:00Z,2025-10-23T01:10:00Z,,2025-10-23T01:10:00Z,107988.79499999998,TARGET,2,0.5843446494465006,1.4156553505534994,HTF_UNAMBIGUOUS,,TARGET,false,0.40919320304313317,2.1478474784748034,0,239,other_tf_refusals=28,false
IPO_1H_PLUS_4H,BTC/USD,4h,BTC/USD_2025-11-01,demand,2025-10-21T04:00:00Z,109059.23,109059.23,107473.72,108086.37,109059.23,108266.475,108266.475,2025-10-23T00:00:00Z,2025-10-23T00:00:00Z,108266.475,107473.72,109851.98500000002,792.7550000000047,2025-10-23T00:00:00Z,2025-10-23T06:16:00Z,2025-10-30T16:00:00Z,2025-10-23T06:16:00Z,109851.98500000002,TARGET,2,0.40970971485515467,1.5902902851448453,1M_RESOLVED,,TARGET,false,0.9668497833504693,2.5629797352271204,1,376,other_tf_refusals=28,false
IPO_1H_PLUS_4H,BTC/USD,4h,BTC/USD_2025-11-01,demand,2025-10-24T12:00:00Z,111066.29,112104.98,109700.01,110046.91,112104.98,110902.495,110902.495,2025-10-29T20:00:00Z,2025-10-29T20:00:00Z,110902.495,109700.01,113307.465,1202.4850000000006,2025-10-29T20:00:00Z,,2025-10-30T12:00:00Z,2025-10-30T12:00:00Z,107711.56,S2_CLOSE_INVALIDATION,-2.653617300839508,0.2766832725564143,-2.930300573395922,HTF_UNAMBIGUOUS,,S2_CLOSE_INVALIDATION,false,2.9725900946789303,0.7463752146596458,4,960,other_tf_refusals=28,false
IPO_1H_PLUS_4H,BTC/USD,4h,BTC/USD_2025-11-01,demand,2025-10-17T20:00:00Z,106457.24,107440.02,106342.47,106431.68,107440.02,106891.245,106891.245,2025-10-30T20:00:00Z,2025-10-30T20:00:00Z,106891.245,106342.47,107988.79499999998,548.7749999999942,2025-10-30T20:00:00Z,2025-10-30T23:34:00Z,,2025-10-30T23:34:00Z,107988.79499999998,TARGET,2,0.5843446494465006,1.4156553505534994,HTF_UNAMBIGUOUS,,TARGET,false,1.0479249236936872,2.6300123001230356,0,214,other_tf_refusals=28,false
IPO_1H_PLUS_4H,USD/JPY,1h,USD/JPY_2022-11-01,demand,2022-09-07T04:00:00Z,144.014999,144.38499,143.855,143.99001,144.38499,144.119995,144.119995,2022-09-07T18:00:00Z,2022-09-07T18:00:00Z,144.119995,143.855,144.649985,0.264994999999999,2022-09-07T18:00:00Z,,2022-09-07T19:00:00Z,2022-09-07T19:00:00Z,143.715,S2_CLOSE_INVALIDATION,-1.5283118549406098,0.06037849770750415,-1.588690352648114,HTF_UNAMBIGUOUS,,S2_CLOSE_INVALIDATION,false,1.6792580992093402,0.13209683201574565,1,60,other_tf_refusals=105,false
IPO_1H_PLUS_4H,USD/JPY,1h,USD/JPY_2022-11-01,demand,2022-09-07T20:00:00Z,143.765,143.855,143.72501,143.735,143.855,143.790005,143.790005,2022-09-08T04:00:00Z,2022-09-08T04:00:00Z,143.790005,143.72501,143.91999500000003,0.06499500000001035,2022-09-08T04:04:00Z,2022-09-08T04:32:00Z,2022-09-08T06:00:00Z,2022-09-08T04:32:00Z,143.91999500000003,TARGET,2,0.24617278252169325,1.7538272174783067,1M_RESOLVED,,TARGET,false,1.1540118470650433,3.9232710208468973,0,28,other_tf_refusals=105,false
IPO_1H_PLUS_4H,USD/JPY,1h,USD/JPY_2022-11-01,supply,2022-09-08T12:00:00Z,143.47501,144.16499,143.405,144.145,143.78499499999998,143.405,143.78499499999998,2022-09-09T01:00:00Z,2022-09-09T01:00:00Z,143.78499499999998,144.16499,143.02500499999996,0.3799950000000081,2022-09-09T01:00:00Z,2022-09-09T04:06:00Z,2022-09-13T12:00:00Z,2022-09-09T04:06:00Z,143.02500499999996,TARGET,2,0.04210581718180413,1.957894182818196,1M_RESOLVED,,TARGET,false,0.1316201528968257,3.3684522164764226,3,186,other_tf_refusals=105,false
IPO_1H_PLUS_4H,USD/JPY,1h,USD/JPY_2022-11-01,demand,2022-09-06T09:00:00Z,141.69501,141.80499,141.595,141.675,141.80499,141.699995,141.699995,2022-09-09T10:00:00Z,2022-09-09T10:00:00Z,141.699995,141.595,141.909985,0.10499500000000239,2022-09-09T10:08:00Z,2022-09-09T11:11:00Z,2022-09-22T11:00:00Z,2022-09-09T11:11:00Z,141.909985,TARGET,2,0.15238820896232808,1.847611791037672,1M_RESOLVED,,TARGET,false,1.857183675413128,2.9049945235485555,0,63,other_tf_refusals=105,false
IPO_1H_PLUS_4H,USD/JPY,1h,USD/JPY_2022-11-01,supply,2022-09-09T17:00:00Z,142.565,142.69501,142.535,142.69501,142.615005,142.535,142.615005,2022-09-11T22:00:00Z,2022-09-11T22:00:00Z,142.615005,142.69501,142.454995,0.08000499999999988,2022-09-11T22:36:00Z,,2022-09-12T00:00:00Z,2022-09-12T00:00:00Z,142.80499,S2_CLOSE_INVALIDATION,-2.3746640834948747,0.19998750078120148,-2.574651584276076,HTF_UNAMBIGUOUS,,TARGET,true,0.4999062558590679,3.0623711018060407,0,84,other_tf_refusals=105,false
IPO_1H_PLUS_4H,USD/JPY,1h,USD/JPY_2022-11-01,supply,2022-09-09T05:00:00Z,142.815,142.965,142.715,142.965,142.84,142.715,142.84,2022-09-12T03:00:00Z,2022-09-12T03:00:00Z,142.84,142.965,142.59,0.125,2022-09-12T03:00:00Z,,2022-09-12T04:00:00Z,2022-09-12T04:00:00Z,143.175,S2_CLOSE_INVALIDATION,-2.6800000000000637,0.128,-2.808000000000064,HTF_UNAMBIGUOUS,,S2_CLOSE_INVALIDATION,false,3.240000000000009,0.9199200000000474,1,60,other_tf_refusals=105,false
IPO_1H_PLUS_4H,USD/JPY,1h,USD/JPY_2022-11-01,supply,2022-09-12T09:00:00Z,142.685,142.785,142.52499,142.72501,142.65499499999999,142.52499,142.65499499999999,2022-09-12T18:00:00Z,2022-09-12T18:00:00Z,142.65499499999999,142.785,142.39498499999996,0.13000500000001125,2022-09-12T18:20:00Z,,2022-09-12T19:00:00Z,2022-09-12T19:00:00Z,142.815,S2_CLOSE_INVALIDATION,-1.230760355370936,0.12307218953116122,-1.3538325449020974,HTF_UNAMBIGUOUS,,S2_CLOSE_INVALIDATION,false,1.4615207107418722,1.8461213030266197,1,40,other_tf_refusals=105,false
IPO_1H_PLUS_4H,USD/JPY,1h,USD/JPY_2022-11-01,supply,2022-09-13T02:00:00Z,142.375,142.58501,142.32001,142.575,142.45251000000002,142.32001,142.45251000000002,2022-09-13T07:00:00Z,2022-09-13T07:00:00Z,142.45251000000002,142.58501,142.18751000000003,0.13249999999999318,2022-09-13T07:11:00Z,2022-09-13T09:30:00Z,2022-09-13T12:00:00Z,2022-09-13T09:30:00Z,142.18751000000003,TARGET,2,0.1207547169811383,1.8792452830188617,1M_RESOLVED,,TARGET,false,0.09426415094329132,2.0189433962266374,2,139,other_tf_refusals=105,false
IPO_1H_PLUS_4H,USD/JPY,1h,USD/JPY_2022-11-01,demand,2022-09-13T18:00:00Z,144.425,144.495,144.295,144.405,144.495,144.39499999999998,144.39499999999998,2022-09-13T23:00:00Z,2022-09-13T23:00:00Z,144.39499999999998,144.295,144.59499999999997,0.09999999999999432,2022-09-13T23:41:00Z,2022-09-14T00:17:00Z,2022-09-14T04:00:00Z,2022-09-14T00:17:00Z,144.59499999999997,TARGET,2,0.1600000000000091,1.839999999999991,1M_RESOLVED,,TARGET,false,0.6999999999999715,5.400000000000512,0,36,other_tf_refusals=105,false
IPO_1H_PLUS_4H,USD/JPY,1h,USD/JPY_2022-11-01,demand,2022-09-13T13:00:00Z,144.41499,144.685,143.795,144.105,144.685,144.24,144.24,2022-09-14T00:00:00Z,2022-09-14T00:00:00Z,144.24,143.795,145.13000000000005,0.4450000000000216,2022-09-14T00:44:00Z,,2022-09-14T06:00:00Z,2022-09-14T06:00:00Z,143.61501,S2_CLOSE_INVALIDATION,-1.4044719101122842,0.035955056179773535,-1.4404269662920577,HTF_UNAMBIGUOUS,,S2_CLOSE_INVALIDATION,false,1.5842696629212996,1.3595505617976638,6,316,other_tf_refusals=105,false
IPO_1H_PLUS_4H,USD/JPY,1h,USD/JPY_2022-11-01,supply,2022-09-15T15:00:00Z,143.465,143.595,143.355,143.575,143.475,143.355,143.475,2022-09-16T02:00:00Z,2022-09-16T02:00:00Z,143.475,143.595,143.23499999999999,0.12000000000000455,2022-09-16T02:48:00Z,2022-09-16T04:47:00Z,2022-09-19T11:00:00Z,2022-09-16T04:47:00Z,143.23499999999999,TARGET,2,0.13333333333332828,1.8666666666666718,1M_RESOLVED,,TARGET,false,0.16666666666674562,2.416666666666509,0,119,other_tf_refusals=105,false
IPO_1H_PLUS_4H,USD/JPY,1h,USD/JPY_2022-11-01,supply,2022-09-15T15:00:00Z,143.465,143.595,143.355,143.575,143.475,143.355,143.475,2022-09-16T06:00:00Z,2022-09-16T06:00:00Z,143.475,143.595,143.23499999999999,0.12000000000000455,2022-09-16T06:00:00Z,2022-09-16T07:24:00Z,2022-09-19T11:00:00Z,2022-09-16T07:24:00Z,143.23499999999999,TARGET,2,0.13333333333332828,1.8666666666666718,1M_RESOLVED,,TARGET,false,1.833416666666614,2.083249999999895,1,84,other_tf_refusals=105,false
IPO_1H_PLUS_4H,USD/JPY,1h,USD/JPY_2022-11-01,supply,2022-09-15T15:00:00Z,143.465,143.595,143.355,143.575,143.475,143.355,143.475,2022-09-16T08:00:00Z,2022-09-16T08:00:00Z,143.475,143.595,143.23499999999999,0.12000000000000455,2022-09-16T08:15:00Z,2022-09-16T09:16:00Z,2022-09-19T11:00:00Z,2022-09-16T09:16:00Z,143.23499999999999,TARGET,2,0.13333333333332828,1.8666666666666718,1M_RESOLVED,,TARGET,false,0.16666666666674562,2.666666666666509,1,61,other_tf_refusals=105,false
IPO_1H_PLUS_4H,USD/JPY,1h,USD/JPY_2022-11-01,supply,2022-09-15T15:00:00Z,143.465,143.595,143.355,143.575,143.475,143.355,143.475,2022-09-19T08:00:00Z,2022-09-19T08:00:00Z,143.475,143.595,143.23499999999999,0.12000000000000455,2022-09-19T08:00:00Z,,2022-09-19T11:00:00Z,2022-09-19T11:00:00Z,143.63499,S2_CLOSE_INVALIDATION,-1.3332499999998946,0.13333333333332828,-1.4665833333332228,HTF_UNAMBIGUOUS,,S2_CLOSE_INVALIDATION,false,1.4166666666667456,0.916583333333149,3,180,other_tf_refusals=105,false
IPO_1H_PLUS_4H,USD/JPY,1h,USD/JPY_2022-11-01,demand,2022-09-21T06:00:00Z,143.965,143.965,143.44501,143.625,143.965,143.705005,143.705005,2022-09-21T18:00:00Z,2022-09-21T18:00:00Z,143.705005,143.44501,144.224995,0.25999500000000353,2022-09-21T18:43:00Z,2022-09-21T22:36:00Z,2022-09-22T08:00:00Z,2022-09-21T22:36:00Z,144.224995,TARGET,2,0.06153964499317211,1.9384603550068278,1M_RESOLVED,,TARGET,false,1.1538875747610327,3.846208580934245,0,233,other_tf_refusals=105,false
IPO_1H_PLUS_4H,USD/JPY,1h,USD/JPY_2022-11-01,supply,2022-09-21T16:00:00Z,144.145,144.405,144.145,144.395,144.275,144.145,144.275,2022-09-21T22:00:00Z,2022-09-21T22:00:00Z,144.275,144.405,144.01500000000001,0.12999999999999545,2022-09-21T22:44:00Z,,2022-09-22T00:00:00Z,2022-09-22T00:00:00Z,144.425,S2_CLOSE_INVALIDATION,-1.153846153846238,0.12307692307692739,-1.2769230769231652,HTF_UNAMBIGUOUS,,S2_CLOSE_INVALIDATION,false,2.1537692307692904,1.8461230769232893,2,76,other_tf_refusals=105,false
IPO_1H_PLUS_4H,USD/JPY,1h,USD/JPY_2022-11-01,demand,2022-09-06T09:00:00Z,141.69501,141.80499,141.595,141.675,141.80499,141.699995,141.699995,2022-09-22T08:00:00Z,2022-09-22T08:00:00Z,141.699995,141.595,141.909985,0.10499500000000239,2022-09-22T08:41:00Z,2022-09-22T08:52:00Z,2022-09-22T11:00:00Z,2022-09-22T08:52:00Z,141.909985,TARGET,2,0.15238820896232808,1.847611791037672,1M_RESOLVED,,TARGET,false,9.286013619696,39.47811800561839,0,11,other_tf_refusals=105,false
IPO_1H_PLUS_4H,USD/JPY,1h,USD/JPY_2022-11-01,supply,2022-09-22T09:00:00Z,142.074997,143.38499,141.875,143.205,142.629995,141.875,142.629995,2022-09-23T09:00:00Z,2022-09-23T09:00:00Z,142.629995,143.38499,141.12000500000005,0.7549949999999797,2022-09-23T09:00:00Z,,2022-09-25T21:00:00Z,2022-09-25T21:00:00Z,143.52499,S2_CLOSE_INVALIDATION,-1.185431691600631,0.021192193325784186,-1.2066238849264153,HTF_UNAMBIGUOUS,,S2_CLOSE_INVALIDATION,false,1.3377638262505123,0.3509758342770521,12,3600,other_tf_refusals=105,false
IPO_1H_PLUS_4H,USD/JPY,1h,USD/JPY_2022-11-01,demand,2022-09-26T01:00:00Z,143.83501,144.0050049,143.67999,143.77499,144.0050049,143.84249745,143.84249745,2022-09-26T12:00:00Z,2022-09-26T12:00:00Z,143.84249745,143.67999,144.16751234999998,0.16250744999999256,2022-09-26T12:48:00Z,2022-09-26T13:58:00Z,,2022-09-26T13:58:00Z,144.16751234999998,TARGET,2,0.09845702458564658,1.9015429754143534,HTF_UNAMBIGUOUS,,TARGET,false,0.2922786001503986,2.5383608566869897,0,70,other_tf_refusals=105,false
IPO_1H_PLUS_4H,USD/JPY,1h,USD/JPY_2022-11-01,demand,2022-09-26T05:00:00Z,144.17,144.245,143.575,143.83501,144.245,143.91,143.91,2022-09-26T13:00:00Z,2022-09-26T13:00:00Z,143.91,143.575,144.58,0.33500000000000796,2022-09-26T13:00:00Z,2022-09-26T16:06:00Z,,2022-09-26T16:06:00Z,144.58,TARGET,2,0.047761194029849616,1.9522388059701503,HTF_UNAMBIGUOUS,,TARGET,false,0.13429850746263658,2.1940298507462574,3,186,other_tf_refusals=105,false
IPO_1H_PLUS_4H,USD/JPY,1h,USD/JPY_2022-11-01,demand,2022-10-05T08:00:00Z,144.44501,144.535,144.285,144.355,144.535,144.41,144.41,2022-10-06T00:00:00Z,2022-10-06T00:00:00Z,144.41,144.285,144.66,0.125,2022-10-06T00:01:00Z,2022-10-06T01:25:00Z,,2022-10-06T01:25:00Z,144.66,TARGET,2,0.128,1.8719999999999999,HTF_UNAMBIGUOUS,,TARGET,false,0.20008000000007087,2.3600000000001273,1,84,other_tf_refusals=105,false
IPO_1H_PLUS_4H,USD/JPY,1h,USD/JPY_2022-11-01,supply,2022-10-03T12:00:00Z,144.855,144.955,144.785,144.935,144.87,144.785,144.87,2022-10-06T15:00:00Z,2022-10-06T15:00:00Z,144.87,144.955,144.7,0.08500000000000796,2022-10-06T15:00:00Z,,2022-10-06T17:00:00Z,2022-10-06T17:00:00Z,144.965,S2_CLOSE_INVALIDATION,-1.1176470588234113,0.18823529411762943,-1.3058823529410408,HTF_UNAMBIGUOUS,,S2_CLOSE_INVALIDATION,false,2.411729411764382,1.3529411764705686,2,120,other_tf_refusals=105,false
IPO_1H_PLUS_4H,USD/JPY,1h,USD/JPY_2022-11-01,supply,2022-09-22T07:00:00Z,145.625,145.905,145.605,145.77499,145.755,145.605,145.755,2022-10-10T15:00:00Z,2022-10-10T15:00:00Z,145.755,145.905,145.45499999999998,0.15000000000000568,2022-10-10T15:01:00Z,2022-10-11T16:46:00Z,2022-10-12T00:00:00Z,2022-10-11T16:46:00Z,145.45499999999998,TARGET,2,0.10666666666666262,1.8933333333333373,1M_RESOLVED,,TARGET,false,0.8,2.1999999999998106,25,1545,other_tf_refusals=105,false
IPO_1H_PLUS_4H,USD/JPY,1h,USD/JPY_2022-11-01,supply,2022-09-22T07:00:00Z,145.625,145.905,145.605,145.77499,145.755,145.605,145.755,2022-10-11T22:00:00Z,2022-10-11T22:00:00Z,145.755,145.905,145.45499999999998,0.15000000000000568,2022-10-11T22:00:00Z,,2022-10-12T00:00:00Z,2022-10-12T00:00:00Z,146.13,S2_CLOSE_INVALIDATION,-2.4999999999999054,0.10666666666666262,-2.606666666666568,HTF_UNAMBIGUOUS,,S2_CLOSE_INVALIDATION,false,3.0666666666666034,0.13333333333320702,2,120,other_tf_refusals=105,false
IPO_1H_PLUS_4H,USD/JPY,1h,USD/JPY_2022-11-01,demand,2022-10-17T12:00:00Z,148.845,148.895,148.625,148.675,148.895,148.76,148.76,2022-10-18T00:00:00Z,2022-10-18T00:00:00Z,148.76,148.625,149.02999999999997,0.1349999999999909,2022-10-18T00:59:00Z,2022-10-18T07:20:00Z,2022-10-21T15:00:00Z,2022-10-18T07:20:00Z,149.02999999999997,TARGET,2,0.1185185185185265,1.8814814814814735,1M_RESOLVED,,TARGET,false,0.5555555555555087,2.259274074074239,7,381,other_tf_refusals=105,false
IPO_1H_PLUS_4H,USD/JPY,1h,USD/JPY_2022-11-01,demand,2022-10-19T22:00:00Z,149.855,149.87,149.78,149.83501,149.87,149.825,149.825,2022-10-20T09:00:00Z,2022-10-20T09:00:00Z,149.825,149.78,149.91499999999996,0.044999999999987494,2022-10-20T09:35:00Z,,2022-10-20T10:00:00Z,2022-10-20T10:00:00Z,149.735,S2_CLOSE_INVALIDATION,-2,0.3555555555556544,-2.355555555555654,HTF_UNAMBIGUOUS,,TARGET,true,1,2.6668888888898015,0,25,other_tf_refusals=105,false
IPO_1H_PLUS_4H,USD/JPY,1h,USD/JPY_2022-11-01,demand,2022-10-19T07:00:00Z,149.44501,149.495,149.285,149.355,149.495,149.39,149.39,2022-10-21T14:00:00Z,2022-10-21T14:00:00Z,149.39,149.285,149.59999999999997,0.10499999999998977,2022-10-21T14:52:00Z,2022-10-21T14:52:00Z,2022-10-21T15:00:00Z,2022-10-21T14:52:00Z,149.59999999999997,TARGET,2,0.15238095238096724,1.8476190476190328,1M_RESOLVED,,TARGET,false,4.047619047619279,21.380857142859238,0,0,other_tf_refusals=105,false
IPO_1H_PLUS_4H,USD/JPY,1h,USD/JPY_2022-11-01,demand,2022-10-21T15:00:00Z,149.83501,150.105,146.325,146.325,150.105,148.21499999999997,148.21499999999997,2022-10-23T22:00:00Z,2022-10-23T22:00:00Z,148.21499999999997,146.325,151.99499999999995,1.8899999999999864,2022-10-23T22:00:00Z,,2022-10-26T18:00:00Z,2022-10-26T18:00:00Z,146.255,S2_CLOSE_INVALIDATION,-1.0370370370370336,0.008465608465608527,-1.0455026455026422,HTF_UNAMBIGUOUS,,S2_CLOSE_INVALIDATION,false,1.3597883597883509,0.7751269841270049,68,4080,other_tf_refusals=105,false
IPO_1H_PLUS_4H,USD/JPY,1h,USD/JPY_2022-11-01,demand,2022-10-12T02:00:00Z,146.265,146.38499,146.185,146.185,146.38499,146.28499499999998,146.28499499999998,2022-10-26T22:00:00Z,2022-10-26T22:00:00Z,146.28499499999998,146.185,146.48498499999994,0.09999499999997852,2022-10-26T22:17:00Z,,2022-10-26T23:00:00Z,2022-10-26T23:00:00Z,146.085007,S2_CLOSE_INVALIDATION,-1.9999799990002847,0.1600080004000544,-2.159987999400339,HTF_UNAMBIGUOUS,,S2_CLOSE_INVALIDATION,false,1.9999799990002847,1.9002450122511878,1,43,other_tf_refusals=105,false
IPO_1H_PLUS_4H,USD/JPY,1h,USD/JPY_2022-11-01,supply,2022-10-27T11:00:00Z,146.315,146.715,146.285,146.66499,146.5,146.285,146.5,2022-10-28T00:00:00Z,2022-10-28T00:00:00Z,146.5,146.715,146.07,0.2150000000000034,2022-10-28T00:50:00Z,2022-10-28T04:03:00Z,2022-10-28T07:00:00Z,2022-10-28T04:03:00Z,146.07,TARGET,2,0.07441860465116161,1.9255813953488383,1M_RESOLVED,,TARGET,false,1.5813953488372001,2.395348837209201,4,193,other_tf_refusals=105,false
IPO_1H_PLUS_4H,USD/JPY,1h,USD/JPY_2022-11-01,supply,2022-10-27T11:00:00Z,146.315,146.715,146.285,146.66499,146.5,146.285,146.5,2022-10-28T06:00:00Z,2022-10-28T06:00:00Z,146.5,146.715,146.07,0.2150000000000034,2022-10-28T06:13:00Z,,2022-10-28T07:00:00Z,2022-10-28T07:00:00Z,147.095001,S2_CLOSE_INVALIDATION,-2.767446511627846,0.07441860465116161,-2.8418651162790076,HTF_UNAMBIGUOUS,,S2_CLOSE_INVALIDATION,false,2.9069767441860006,0.813953488372133,1,47,other_tf_refusals=105,false
IPO_1H_PLUS_4H,USD/JPY,1h,USD/JPY_2022-11-01,supply,2022-10-25T22:00:00Z,148.085007,148.37,148.024994,148.11,148.197497,148.024994,148.197497,2022-10-31T00:00:00Z,2022-10-31T00:00:00Z,148.197497,148.37,147.852491,0.17250300000000607,2022-10-31T00:52:00Z,2022-10-31T04:04:00Z,2022-10-31T09:00:00Z,2022-10-31T04:04:00Z,147.852491,TARGET,2,0.09275201010996584,1.907247989890034,1M_RESOLVED,,TARGET,false,0.4492269699657473,2.5651553886018648,0,192,other_tf_refusals=105,false
IPO_1H_PLUS_4H,USD/JPY,1h,USD/JPY_2022-11-01,demand,2022-10-31T16:00:00Z,148.63499,148.675,148.545,148.605,148.675,148.61,148.61,2022-10-31T23:00:00Z,2022-10-31T23:00:00Z,148.61,148.545,148.74000000000007,0.06500000000002615,2022-10-31T23:06:00Z,2022-10-31T23:40:00Z,,2022-10-31T23:40:00Z,148.74000000000007,TARGET,2,0.24615384615374714,1.7538461538462529,HTF_UNAMBIGUOUS,,TARGET,false,0.6152307692307877,2.9230769230757123,0,34,other_tf_refusals=105,false
IPO_1H_PLUS_4H,USD/JPY,4h,USD/JPY_2022-11-01,demand,2022-09-06T17:00:00Z,142.935,142.97501,142.765,142.80499,142.97501,142.870005,142.870005,2022-09-09T01:00:00Z,2022-09-09T01:00:00Z,142.870005,142.765,143.080015,0.10500500000000557,2022-09-09T04:08:00Z,2022-09-09T06:05:00Z,2022-09-09T05:00:00Z,2022-09-09T06:05:00Z,143.080015,TARGET,2,0.15237369649063523,1.8476263035093647,1M_RESOLVED,,TARGET,false,3.476072567972736,9.190086186371774,0,117,other_tf_refusals=4,false
IPO_1H_PLUS_4H,USD/JPY,4h,USD/JPY_2022-11-01,demand,2022-09-05T21:00:00Z,140.61501,140.61501,140.255,140.285,140.61501,140.435005,140.435005,2022-09-22T09:00:00Z,2022-09-22T09:00:00Z,140.435005,140.255,140.79501499999998,0.1800049999999942,2022-09-22T12:48:00Z,2022-09-22T13:00:00Z,,2022-09-22T13:00:00Z,140.79501499999998,TARGET,2,0.08888641982167449,1.9111135801783254,HTF_UNAMBIGUOUS,,TARGET,false,0.44445987611456605,16.38835032360264,0,12,other_tf_refusals=4,false
IPO_1H_PLUS_4H,USD/JPY,4h,USD/JPY_2022-11-01,supply,2022-09-22T01:00:00Z,144.42999,145.33,144.265,144.825,144.7975,144.265,144.7975,2022-09-27T17:00:00Z,2022-09-27T17:00:00Z,144.7975,145.33,143.73250000000002,0.5324999999999989,2022-09-27T17:00:00Z,2022-10-05T00:08:00Z,2022-10-07T16:00:00Z,2022-10-05T00:08:00Z,143.73250000000002,TARGET,2,0.030046948356807577,1.9699530516431925,1M_RESOLVED,,TARGET,false,0.7652582159624408,2.37089201877938,32,10508,other_tf_refusals=4,false
IPO_1H_PLUS_4H,USD/JPY,4h,USD/JPY_2022-11-01,supply,2022-10-03T04:00:00Z,144.845,145.19,144.7,145.035004,144.945,144.7,144.945,2022-10-06T16:00:00Z,2022-10-06T16:00:00Z,144.945,145.19,144.45499999999998,0.24500000000000455,2022-10-06T16:00:00Z,,2022-10-07T16:00:00Z,2022-10-07T16:00:00Z,145.355,S2_CLOSE_INVALIDATION,-1.673469387755057,0.06530612244897838,-1.7387755102040354,HTF_UNAMBIGUOUS,,S2_CLOSE_INVALIDATION,false,2.0816326530612645,0.8979183673469046,6,1440,other_tf_refusals=4,false
IPO_1H_PLUS_4H,USD/JPY,4h,USD/JPY_2022-11-01,demand,2022-10-17T04:00:00Z,148.655,148.80499,148.58501,148.645,148.80499,148.695,148.695,2022-10-18T08:00:00Z,2022-10-18T08:00:00Z,148.695,148.58501,148.91497999999996,0.10998999999998205,2022-10-18T09:04:00Z,2022-10-18T09:04:00Z,2022-10-21T12:00:00Z,2022-10-18T09:04:00Z,148.91497999999996,TARGET,2,0.14546776979727805,1.854532230202722,1M_RESOLVED,,TARGET,false,0.04545867806160804,5.455041367397875,0,0,other_tf_refusals=4,false
IPO_1H_PLUS_4H,USD/JPY,4h,USD/JPY_2022-11-01,demand,2022-10-12T04:00:00Z,146.215,146.30499,146.024994,146.185,146.30499,146.16499199999998,146.16499199999998,2022-10-27T00:00:00Z,2022-10-27T00:00:00Z,146.16499199999998,146.024994,146.44498799999997,0.1399979999999914,2022-10-27T00:00:00Z,,2022-10-27T04:00:00Z,2022-10-27T04:00:00Z,145.715,S2_CLOSE_INVALIDATION,-3.2142744896356237,0.11428734696210648,-3.3285618365977303,HTF_UNAMBIGUOUS,,S2_CLOSE_INVALIDATION,false,7.499978571122702,1.6429377562539502,1,240,other_tf_refusals=4,false
IPO_1H_PLUS_4H,USD/JPY,4h,USD/JPY_2022-11-01,supply,2022-10-26T00:00:00Z,147.985,148.41,147.88499,148.235,148.147495,147.88499,148.147495,2022-10-31T00:00:00Z,2022-10-31T00:00:00Z,148.147495,148.41,147.62248499999998,0.26250500000000443,2022-10-31T00:51:00Z,,2022-10-31T08:00:00Z,2022-10-31T08:00:00Z,148.675,S2_CLOSE_INVALIDATION,-2.0095045808651655,0.06095121997676132,-2.070455800841927,HTF_UNAMBIGUOUS,,S2_CLOSE_INVALIDATION,false,2.2380716557780294,1.4951905677986708,2,429,other_tf_refusals=4,false
IPO_1H_PLUS_4H,USD/JPY,1h,USD/JPY_2025-04-01,supply,2025-02-10T11:00:00Z,152.089996,152.2,152.020004,152.12,152.110002,152.020004,152.110002,2025-02-11T10:00:00Z,2025-02-11T10:00:00Z,152.110002,152.2,151.93000600000005,0.08999799999998004,2025-02-11T10:32:00Z,,2025-02-11T11:00:00Z,2025-02-11T11:00:00Z,152.34,S2_CLOSE_INVALIDATION,-2.555590124225492,0.1777817284828946,-2.7333718527083866,HTF_UNAMBIGUOUS,,S2_CLOSE_INVALIDATION,false,3.00004444543264,1.8889530878469363,1,28,other_tf_refusals=93,false
IPO_1H_PLUS_4H,USD/JPY,1h,USD/JPY_2025-04-01,supply,2025-02-05T23:00:00Z,152.56,152.75,152.47,152.64999,152.61,152.47,152.61,2025-02-11T20:00:00Z,2025-02-11T20:00:00Z,152.61,152.75,152.33000000000004,0.13999999999998636,2025-02-11T20:33:00Z,,2025-02-11T23:00:00Z,2025-02-11T23:00:00Z,152.77,S2_CLOSE_INVALIDATION,-1.1428571428572298,0.11428571428572543,-1.2571428571429553,HTF_UNAMBIGUOUS,,S2_CLOSE_INVALIDATION,false,1.1428571428572298,1.5714285714289193,3,147,other_tf_refusals=93,false
IPO_1H_PLUS_4H,USD/JPY,1h,USD/JPY_2025-04-01,supply,2025-02-05T07:00:00Z,153.19,153.37,153.080002,153.3,153.22500100000002,153.080002,153.22500100000002,2025-02-12T00:00:00Z,2025-02-12T00:00:00Z,153.22500100000002,153.37,152.93500300000005,0.14499899999998433,2025-02-12T00:54:00Z,,2025-02-12T01:00:00Z,2025-02-12T01:00:00Z,153.47,S2_CLOSE_INVALIDATION,-1.6896599286891987,0.11034558859027806,-1.8000055172794767,HTF_UNAMBIGUOUS,,TARGET,true,0.03447609983496504,3.4138235436112243,0,6,other_tf_refusals=93,false
IPO_1H_PLUS_4H,USD/JPY,1h,USD/JPY_2025-04-01,supply,2025-02-05T05:00:00Z,153.36,153.57001,153.35001,153.42999,153.46001,153.35001,153.46001,2025-02-12T01:00:00Z,2025-02-12T01:00:00Z,153.46001,153.57001,153.24001000000004,0.10999999999998522,2025-02-12T01:55:00Z,,2025-02-12T03:00:00Z,2025-02-12T03:00:00Z,153.63,S2_CLOSE_INVALIDATION,-1.5453636363637016,0.145454545454565,-1.6908181818182666,HTF_UNAMBIGUOUS,,TARGET,true,0.2727272727273197,3.54548181818236,0,65,other_tf_refusals=93,false
IPO_1H_PLUS_4H,USD/JPY,1h,USD/JPY_2025-04-01,demand,2025-02-12T02:00:00Z,153.47,153.53,153.36,153.46001,153.53,153.445,153.445,2025-02-12T07:00:00Z,2025-02-12T07:00:00Z,153.445,153.36,153.61499999999995,0.08499999999997954,2025-02-12T07:38:00Z,2025-02-12T07:55:00Z,2025-02-13T15:00:00Z,2025-02-12T07:55:00Z,153.61499999999995,TARGET,2,0.18823529411769238,1.8117647058823076,1M_RESOLVED,,TARGET,false,0.2941176470589612,2.882352941177218,0,17,other_tf_refusals=93,false
IPO_1H_PLUS_4H,USD/JPY,1h,USD/JPY_2025-04-01,demand,2025-02-12T02:00:00Z,153.47,153.53,153.36,153.46001,153.53,153.445,153.445,2025-02-12T09:00:00Z,2025-02-12T09:00:00Z,153.445,153.36,153.61499999999995,0.08499999999997954,2025-02-12T09:15:00Z,2025-02-12T10:12:00Z,2025-02-13T15:00:00Z,2025-02-12T10:12:00Z,153.61499999999995,TARGET,2,0.18823529411769238,1.8117647058823076,1M_RESOLVED,,TARGET,false,0.2941176470589612,2.882352941177218,1,57,other_tf_refusals=93,false
IPO_1H_PLUS_4H,USD/JPY,1h,USD/JPY_2025-04-01,supply,2025-02-04T22:00:00Z,154.34,154.41,154.32001,154.38,154.365005,154.32001,154.365005,2025-02-12T13:00:00Z,2025-02-12T13:00:00Z,154.365005,154.41,154.275015,0.04499500000000012,2025-02-12T13:32:00Z,2025-02-12T13:34:00Z,2025-02-12T14:00:00Z,2025-02-12T13:34:00Z,154.275015,TARGET,2,0.3555950661184567,1.6444049338815434,1M_RESOLVED,,TARGET,false,1.8889876652959647,20.113234803866717,0,2,other_tf_refusals=93,false
IPO_1H_PLUS_4H,USD/JPY,1h,USD/JPY_2025-04-01,demand,2025-02-12T02:00:00Z,153.47,153.53,153.36,153.46001,153.53,153.445,153.445,2025-02-13T13:00:00Z,2025-02-13T13:00:00Z,153.445,153.36,153.61499999999995,0.08499999999997954,2025-02-13T13:50:00Z,2025-02-13T15:12:00Z,2025-02-13T15:00:00Z,2025-02-13T15:12:00Z,153.61499999999995,TARGET,2,0.18823529411769238,1.8117647058823076,1M_RESOLVED,,TARGET,false,0.176588235294037,6.764752941178181,0,82,other_tf_refusals=93,false
IPO_1H_PLUS_4H,USD/JPY,1h,USD/JPY_2025-04-01,demand,2025-02-10T23:00:00Z,151.89999,151.96001,151.75,151.78999,151.96001,151.855005,151.855005,2025-02-17T00:00:00Z,2025-02-17T00:00:00Z,151.855005,151.75,152.06501500000002,0.10500500000000557,2025-02-17T00:49:00Z,,2025-02-17T02:00:00Z,2025-02-17T02:00:00Z,151.55,S2_CLOSE_INVALIDATION,-2.904671206132832,0.15237369649063523,-3.0570449026234674,HTF_UNAMBIGUOUS,,TARGET,true,0.6191609923338246,2.523641731345983,0,71,other_tf_refusals=93,false
IPO_1H_PLUS_4H,USD/JPY,1h,USD/JPY_2025-04-01,demand,2025-02-11T08:00:00Z,151.95,152.089996,151.64999,151.87,152.089996,151.86999300000002,151.86999300000002,2025-02-17T01:00:00Z,2025-02-17T01:00:00Z,151.86999300000002,151.64999,152.30999900000006,0.2200030000000197,2025-02-17T01:00:00Z,,2025-02-17T02:00:00Z,2025-02-17T02:00:00Z,151.55,S2_CLOSE_INVALIDATION,-1.4544938023571596,0.07272628100525251,-1.527220083362412,HTF_UNAMBIGUOUS,,S2_CLOSE_INVALIDATION,false,1.6363549587960267,0.31820929714580815,1,60,other_tf_refusals=93,false
IPO_1H_PLUS_4H,USD/JPY,1h,USD/JPY_2025-04-01,supply,2025-02-17T01:00:00Z,151.87,151.91,151.74001,151.89999,151.825005,151.74001,151.825005,2025-02-17T08:00:00Z,2025-02-17T08:00:00Z,151.825005,151.91,151.65501500000002,0.08499499999999216,2025-02-17T08:00:00Z,2025-02-17T10:45:00Z,2025-02-18T03:00:00Z,2025-02-17T10:45:00Z,151.65501500000002,TARGET,2,0.1882463674333958,1.8117536325666042,1M_RESOLVED,,TARGET,false,1.3529619389376304,2.6471557150423872,2,165,other_tf_refusals=93,false
IPO_1H_PLUS_4H,USD/JPY,1h,USD/JPY_2025-04-01,demand,2025-02-07T16:00:00Z,151.39,151.56,150.92999,151.31,151.56,151.24499500000002,151.24499500000002,2025-02-17T23:00:00Z,2025-02-17T23:00:00Z,151.24499500000002,150.92999,151.87500500000004,0.3150050000000135,2025-02-17T23:42:00Z,2025-02-18T03:06:00Z,2025-02-20T01:00:00Z,2025-02-18T03:06:00Z,151.87500500000004,TARGET,2,0.05079284455802071,1.9492071554419792,1M_RESOLVED,,TARGET,false,0.01582514563262389,2.682500277773242,4,204,other_tf_refusals=93,false
IPO_1H_PLUS_4H,USD/JPY,1h,USD/JPY_2025-04-01,demand,2025-02-18T19:00:00Z,151.98,151.99001,151.87,151.92999,151.99001,151.930005,151.930005,2025-02-19T03:00:00Z,2025-02-19T03:00:00Z,151.930005,151.87,152.05001499999997,0.06000499999998965,2025-02-19T03:05:00Z,,2025-02-19T04:00:00Z,2025-02-19T04:00:00Z,151.75999,S2_CLOSE_INVALIDATION,-2.833347221065508,0.266644446296188,-3.099991667361696,HTF_UNAMBIGUOUS,,TARGET,true,1.1666527789349659,2.66629447546116,0,55,other_tf_refusals=93,false
IPO_1H_PLUS_4H,USD/JPY,1h,USD/JPY_2025-04-01,demand,2025-02-18T13:00:00Z,151.73,151.75999,151.63,151.7,151.75999,151.694995,151.694995,2025-02-19T06:00:00Z,2025-02-19T06:00:00Z,151.694995,151.63,151.82498500000003,0.06499500000001035,2025-02-19T06:03:00Z,2025-02-19T08:25:00Z,2025-02-19T14:00:00Z,2025-02-19T08:25:00Z,151.82498500000003,TARGET,2,0.24617278252169325,1.7538272174783067,1M_RESOLVED,,TARGET,false,1.6154319563041106,2.53873374874962,2,142,other_tf_refusals=93,false
IPO_1H_PLUS_4H,USD/JPY,1h,USD/JPY_2025-04-01,demand,2025-02-18T13:00:00Z,151.73,151.75999,151.63,151.7,151.75999,151.694995,151.694995,2025-02-19T10:00:00Z,2025-02-19T10:00:00Z,151.694995,151.63,151.82498500000003,0.06499500000001035,2025-02-19T10:00:00Z,2025-02-19T10:19:00Z,2025-02-19T14:00:00Z,2025-02-19T10:19:00Z,151.82498500000003,TARGET,2,0.24617278252169325,1.7538272174783067,1M_RESOLVED,,TARGET,false,0.5384260327718077,2.077159781521428,0,19,other_tf_refusals=93,false
IPO_1H_PLUS_4H,USD/JPY,1h,USD/JPY_2025-04-01,demand,2025-02-07T16:00:00Z,151.39,151.56,150.92999,151.31,151.56,151.24499500000002,151.24499500000002,2025-02-19T23:00:00Z,2025-02-19T23:00:00Z,151.24499500000002,150.92999,151.87500500000004,0.3150050000000135,2025-02-19T23:43:00Z,,2025-02-20T01:00:00Z,2025-02-20T01:00:00Z,150.64,S2_CLOSE_INVALIDATION,-1.9205885620863314,0.05079284455802071,-1.9713814066443522,HTF_UNAMBIGUOUS,,S2_CLOSE_INVALIDATION,false,2.111061729178826,0.5872763924381471,2,77,other_tf_refusals=93,false
IPO_1H_PLUS_4H,USD/JPY,1h,USD/JPY_2025-04-01,supply,2025-02-21T07:00:00Z,150.53,150.64999,150.36,150.55,150.504995,150.36,150.504995,2025-02-28T09:00:00Z,2025-02-28T09:00:00Z,150.504995,150.64999,150.21500500000002,0.14499499999999443,2025-02-28T09:00:00Z,2025-02-28T09:58:00Z,2025-02-28T12:00:00Z,2025-02-28T09:58:00Z,150.21500500000002,TARGET,2,0.11034863271147705,1.889651367288523,1M_RESOLVED,,TARGET,false,0.8621331770060497,2.1724542225595536,0,58,other_tf_refusals=93,false
IPO_1H_PLUS_4H,USD/JPY,1h,USD/JPY_2025-04-01,demand,2025-02-28T09:00:00Z,150.57001,150.63,150.19,150.24001,150.63,150.41,150.41,2025-02-28T17:00:00Z,2025-02-28T17:00:00Z,150.41,150.19,150.85,0.21999999999999886,2025-02-28T17:47:00Z,2025-03-02T23:07:00Z,2025-03-03T07:00:00Z,2025-03-02T23:07:00Z,150.85,TARGET,2,0.0727272727272731,1.9272727272727268,1M_RESOLVED,,TARGET,false,0.7726818181817509,2.772745454545485,6,3200,other_tf_refusals=93,false
IPO_1H_PLUS_4H,USD/JPY,1h,USD/JPY_2025-04-01,demand,2025-02-28T09:00:00Z,150.57001,150.63,150.19,150.24001,150.63,150.41,150.41,2025-03-03T02:00:00Z,2025-03-03T02:00:00Z,150.41,150.19,150.85,0.21999999999999886,2025-03-03T02:00:00Z,,2025-03-03T07:00:00Z,2025-03-03T07:00:00Z,150.17,S2_CLOSE_INVALIDATION,-1.090909090909138,0.0727272727272731,-1.163636363636411,HTF_UNAMBIGUOUS,,S2_CLOSE_INVALIDATION,false,1.1818636363636155,0.545454545454569,5,300,other_tf_refusals=93,false
IPO_1H_PLUS_4H,USD/JPY,1h,USD/JPY_2025-04-01,demand,2025-03-03T08:00:00Z,150.17999,150.24001,150.029999,150.12,150.24001,150.1350045,150.1350045,2025-03-03T15:00:00Z,2025-03-03T15:00:00Z,150.1350045,150.029999,150.34501550000002,0.1050055000000043,2025-03-03T15:15:00Z,2025-03-03T16:01:00Z,2025-03-03T20:00:00Z,2025-03-03T16:01:00Z,150.34501550000002,TARGET,2,0.15237297093961122,1.847627029060389,1M_RESOLVED,,TARGET,false,0.5238058958816276,5.285394574569589,0,46,other_tf_refusals=93,false
IPO_1H_PLUS_4H,USD/JPY,1h,USD/JPY_2025-04-01,demand,2025-03-03T08:00:00Z,150.17999,150.24001,150.029999,150.12,150.24001,150.1350045,150.1350045,2025-03-03T17:00:00Z,2025-03-03T17:00:00Z,150.1350045,150.029999,150.34501550000002,0.1050055000000043,2025-03-03T17:54:00Z,,2025-03-03T20:00:00Z,2025-03-03T20:00:00Z,149.42,S2_CLOSE_INVALIDATION,-6.809209993762147,0.15237297093961122,-6.961582964701758,HTF_UNAMBIGUOUS,,S2_CLOSE_INVALIDATION,false,9.856574179447438,1.9522358352656484,3,126,other_tf_refusals=93,false
IPO_1H_PLUS_4H,USD/JPY,1h,USD/JPY_2025-04-01,demand,2025-02-27T04:00:00Z,149.22,149.27,149.080002,149.089996,149.27,149.175001,149.175001,2025-03-03T23:00:00Z,2025-03-03T23:00:00Z,149.175001,149.080002,149.364999,0.09499900000000139,2025-03-03T23:48:00Z,2025-03-04T00:00:00Z,2025-03-04T01:00:00Z,2025-03-04T00:00:00Z,149.364999,TARGET,2,0.16842282550342388,1.831577174496576,1M_RESOLVED,,TARGET,false,0.2632764555417001,4.789513573826882,0,12,other_tf_refusals=93,false
IPO_1H_PLUS_4H,USD/JPY,1h,USD/JPY_2025-04-01,demand,2025-03-04T20:00:00Z,149.31,149.50999,149.0099945,149.10001,149.50999,149.25999224999998,149.25999224999998,2025-03-05T09:00:00Z,2025-03-05T09:00:00Z,149.25999224999998,149.0099945,149.75998774999994,0.24999774999997726,2025-03-05T09:00:00Z,,2025-03-05T14:00:00Z,2025-03-05T14:00:00Z,148.42999,S2_CLOSE_INVALIDATION,-3.320038880350139,0.06400057600518987,-3.3840394563553287,HTF_UNAMBIGUOUS,,S2_CLOSE_INVALIDATION,false,3.4400399603598744,1.9200882807948227,5,300,other_tf_refusals=93,false
IPO_1H_PLUS_4H,USD/JPY,1h,USD/JPY_2025-04-01,supply,2025-03-06T23:00:00Z,147.95,148.14999,147.88,148.14999,148.014995,147.88,148.014995,2025-03-07T18:00:00Z,2025-03-07T18:00:00Z,148.014995,148.14999,147.745005,0.13499500000000353,2025-03-07T18:38:00Z,2025-03-09T22:00:00Z,2025-03-12T06:00:00Z,2025-03-09T22:00:00Z,147.745005,TARGET,2,0.11852290825585823,1.8814770917441417,1M_RESOLVED,,TARGET,false,0.11114485721696572,3.9630727063964977,0,3082,other_tf_refusals=93,false
IPO_1H_PLUS_4H,USD/JPY,1h,USD/JPY_2025-04-01,supply,2025-03-06T23:00:00Z,147.95,148.14999,147.88,148.14999,148.014995,147.88,148.014995,2025-03-07T20:00:00Z,2025-03-07T20:00:00Z,148.014995,148.14999,147.745005,0.13499500000000353,2025-03-07T20:00:00Z,2025-03-09T22:00:00Z,2025-03-12T06:00:00Z,2025-03-09T22:00:00Z,147.745005,TARGET,2,0.11852290825585823,1.8814770917441417,1M_RESOLVED,,TARGET,false,0.7778436238379408,3.9630727063964977,2,3000,other_tf_refusals=93,false
IPO_1H_PLUS_4H,USD/JPY,1h,USD/JPY_2025-04-01,supply,2025-03-10T09:00:00Z,147.19,147.36,147.14999,147.23,147.254995,147.14999,147.254995,2025-03-10T15:00:00Z,2025-03-10T15:00:00Z,147.254995,147.36,147.044985,0.10500500000000557,2025-03-10T15:36:00Z,2025-03-10T17:37:00Z,2025-03-11T09:00:00Z,2025-03-10T17:37:00Z,147.044985,TARGET,2,0.15237369649063523,1.8476263035093647,1M_RESOLVED,,TARGET,false,0.42859863816009625,4.809247178705598,0,121,other_tf_refusals=93,false
IPO_1H_PLUS_4H,USD/JPY,1h,USD/JPY_2025-04-01,supply,2025-03-10T09:00:00Z,147.19,147.36,147.14999,147.23,147.254995,147.14999,147.254995,2025-03-10T17:00:00Z,2025-03-10T17:00:00Z,147.254995,147.36,147.044985,0.10500500000000557,2025-03-10T17:00:00Z,2025-03-10T17:37:00Z,2025-03-11T09:00:00Z,2025-03-10T17:37:00Z,147.044985,TARGET,2,0.15237369649063523,1.8476263035093647,1M_RESOLVED,,TARGET,false,0.6191609923335539,2.0475405933049564,0,37,other_tf_refusals=93,false
IPO_1H_PLUS_4H,USD/JPY,1h,USD/JPY_2025-04-01,supply,2025-03-10T09:00:00Z,147.19,147.36,147.14999,147.23,147.254995,147.14999,147.254995,2025-03-10T19:00:00Z,2025-03-10T19:00:00Z,147.254995,147.36,147.044985,0.10500500000000557,2025-03-10T19:15:00Z,2025-03-10T22:08:00Z,2025-03-11T09:00:00Z,2025-03-10T22:08:00Z,147.044985,TARGET,2,0.15237369649063523,1.8476263035093647,1M_RESOLVED,,TARGET,false,2.0475691633729762,2.809247178705598,3,173,other_tf_refusals=93,false
IPO_1H_PLUS_4H,USD/JPY,1h,USD/JPY_2025-04-01,supply,2025-03-10T09:00:00Z,147.19,147.36,147.14999,147.23,147.254995,147.14999,147.254995,2025-03-11T06:00:00Z,2025-03-11T06:00:00Z,147.254995,147.36,147.044985,0.10500500000000557,2025-03-11T06:00:00Z,2025-03-11T07:36:00Z,2025-03-11T09:00:00Z,2025-03-11T07:36:00Z,147.044985,TARGET,2,0.15237369649063523,1.8476263035093647,1M_RESOLVED,,TARGET,false,1.3808390076661754,4.714108851959375,1,96,other_tf_refusals=93,false
IPO_1H_PLUS_4H,USD/JPY,1h,USD/JPY_2025-04-01,supply,2025-03-10T09:00:00Z,147.19,147.36,147.14999,147.23,147.254995,147.14999,147.254995,2025-03-11T08:00:00Z,2025-03-11T08:00:00Z,147.254995,147.36,147.044985,0.10500500000000557,2025-03-11T08:46:00Z,,2025-03-11T09:00:00Z,2025-03-11T09:00:00Z,147.38,S2_CLOSE_INVALIDATION,-1.1904671206131208,0.15237369649063523,-1.342840817103756,HTF_UNAMBIGUOUS,,TARGET,true,0.42859863816009625,3.57121089471923,0,14,other_tf_refusals=93,false
IPO_1H_PLUS_4H,USD/JPY,1h,USD/JPY_2025-04-01,supply,2025-03-10T06:00:00Z,147.52,147.75999,147.50999,147.7,147.63499,147.50999,147.63499,2025-03-11T11:00:00Z,2025-03-11T11:00:00Z,147.63499,147.75999,147.38499,0.125,2025-03-11T11:30:00Z,2025-03-11T12:31:00Z,2025-03-11T13:00:00Z,2025-03-11T12:31:00Z,147.38499,TARGET,2,0.128,1.8719999999999999,1M_RESOLVED,,TARGET,false,2.44008000000008,2.439919999999802,1,61,other_tf_refusals=93,false
IPO_1H_PLUS_4H,USD/JPY,1h,USD/JPY_2025-04-01,supply,2025-03-06T23:00:00Z,147.95,148.14999,147.88,148.14999,148.014995,147.88,148.014995,2025-03-11T14:00:00Z,2025-03-11T14:00:00Z,148.014995,148.14999,147.745005,0.13499500000000353,2025-03-11T14:00:00Z,2025-03-11T14:02:00Z,2025-03-12T06:00:00Z,2025-03-11T14:02:00Z,147.745005,TARGET,2,0.11852290825585823,1.8814770917441417,1M_RESOLVED,,TARGET,false,0.7778436238379408,5.518685877254486,0,2,other_tf_refusals=93,false
IPO_1H_PLUS_4H,USD/JPY,1h,USD/JPY_2025-04-01,supply,2025-03-13T02:00:00Z,148.12,148.24001,148.10001,148.17999,148.17001,148.10001,148.17001,2025-03-13T09:00:00Z,2025-03-13T09:00:00Z,148.17001,148.24001,148.03000999999995,0.0700000000000216,2025-03-13T09:48:00Z,2025-03-13T11:19:00Z,2025-03-14T00:00:00Z,2025-03-13T11:19:00Z,148.03000999999995,TARGET,2,0.22857142857135804,1.771428571428642,1M_RESOLVED,,TARGET,false,0.4284285714284101,4.9999999999983755,0,91,other_tf_refusals=93,false
IPO_1H_PLUS_4H,USD/JPY,1h,USD/JPY_2025-04-01,supply,2025-03-13T02:00:00Z,148.12,148.24001,148.10001,148.17999,148.17001,148.10001,148.17001,2025-03-13T11:00:00Z,2025-03-13T11:00:00Z,148.17001,148.24001,148.03000999999995,0.0700000000000216,2025-03-13T11:00:00Z,2025-03-13T11:19:00Z,2025-03-14T00:00:00Z,2025-03-13T11:19:00Z,148.03000999999995,TARGET,2,0.22857142857135804,1.771428571428642,1M_RESOLVED,,TARGET,false,0.14257142857156999,3.714428571427341,0,19,other_tf_refusals=93,false
IPO_1H_PLUS_4H,USD/JPY,1h,USD/JPY_2025-04-01,supply,2025-03-13T02:00:00Z,148.12,148.24001,148.10001,148.17999,148.17001,148.10001,148.17001,2025-03-13T13:00:00Z,2025-03-13T13:00:00Z,148.17001,148.24001,148.03000999999995,0.0700000000000216,2025-03-13T13:00:00Z,2025-03-13T13:58:00Z,2025-03-14T00:00:00Z,2025-03-13T13:58:00Z,148.03000999999995,TARGET,2,0.22857142857135804,1.771428571428642,1M_RESOLVED,,TARGET,false,2.5714285714278753,2.00015714285634,0,58,other_tf_refusals=93,false
IPO_1H_PLUS_4H,USD/JPY,1h,USD/JPY_2025-04-01,demand,2025-03-14T01:00:00Z,148.3,148.42999,148.16,148.17999,148.42999,148.294995,148.294995,2025-03-14T16:00:00Z,2025-03-14T16:00:00Z,148.294995,148.16,148.564985,0.13499500000000353,2025-03-14T16:14:00Z,2025-03-14T18:39:00Z,,2025-03-14T18:39:00Z,148.564985,TARGET,2,0.11852290825585823,1.8814770917441417,HTF_UNAMBIGUOUS,,TARGET,false,0.2593059002186116,2.1853031593762404,2,145,other_tf_refusals=93,false
IPO_1H_PLUS_4H,USD/JPY,1h,USD/JPY_2025-04-01,demand,2025-03-16T22:00:00Z,148.75999,148.8,148.57001,148.57001,148.8,148.685005,148.685005,2025-03-17T08:00:00Z,2025-03-17T08:00:00Z,148.685005,148.57001,148.91499499999998,0.1149949999999933,2025-03-17T08:06:00Z,2025-03-17T08:21:00Z,2025-03-17T10:00:00Z,2025-03-17T08:21:00Z,148.91499499999998,TARGET,2,0.1391364841949731,1.8608635158050268,1M_RESOLVED,,TARGET,false,0.043610591764740164,2.565285447193507,0,15,other_tf_refusals=93,false
IPO_1H_PLUS_4H,USD/JPY,1h,USD/JPY_2025-04-01,demand,2025-03-17T01:00:00Z,148.78999,148.89999,148.56,148.62,148.89999,148.729995,148.729995,2025-03-17T09:00:00Z,2025-03-17T09:00:00Z,148.729995,148.56,149.069985,0.16999500000000012,2025-03-17T09:39:00Z,,2025-03-17T10:00:00Z,2025-03-17T10:00:00Z,148.5,S2_CLOSE_INVALIDATION,-1.35295155739876,0.09412041530633247,-1.4470719727050925,HTF_UNAMBIGUOUS,,S2_CLOSE_INVALIDATION,false,1.470602076531736,1.2353598635253695,1,21,other_tf_refusals=93,false
IPO_1H_PLUS_4H,USD/JPY,1h,USD/JPY_2025-04-01,demand,2025-03-14T16:00:00Z,148.52,148.53,148.25999,148.36,148.53,148.394995,148.394995,2025-03-17T12:00:00Z,2025-03-17T12:00:00Z,148.394995,148.25999,148.665005,0.1350050000000067,2025-03-17T12:30:00Z,2025-03-17T12:30:00Z,,2025-03-17T12:30:00Z,148.665005,TARGET,2,0.11851412910632352,1.8814858708936766,HTF_UNAMBIGUOUS,,TARGET,false,0.6295692752119398,4.1109958890408995,0,0,other_tf_refusals=93,false
IPO_1H_PLUS_4H,USD/JPY,1h,USD/JPY_2025-04-01,supply,2025-03-05T12:00:00Z,149.41,149.50999,149.16,149.50999,149.334995,149.16,149.334995,2025-03-18T00:00:00Z,2025-03-18T00:00:00Z,149.334995,149.50999,148.985005,0.17499499999999557,2025-03-18T00:00:00Z,,2025-03-18T02:00:00Z,2025-03-18T02:00:00Z,149.67,S2_CLOSE_INVALIDATION,-1.9143689819709353,0.09143118374810941,-2.0058001657190445,HTF_UNAMBIGUOUS,,S2_CLOSE_INVALIDATION,false,2.200091431183842,0.42861224606420945,2,120,other_tf_refusals=93,false
IPO_1H_PLUS_4H,USD/JPY,1h,USD/JPY_2025-04-01,demand,2025-03-17T19:00:00Z,149.17999,149.28,149.14,149.16,149.28,149.20999999999998,149.20999999999998,2025-03-19T07:00:00Z,2025-03-19T07:00:00Z,149.20999999999998,149.14,149.34999999999997,0.06999999999999318,2025-03-19T07:40:00Z,2025-03-19T07:54:00Z,2025-03-19T18:00:00Z,2025-03-19T07:54:00Z,149.34999999999997,TARGET,2,0.22857142857145085,1.7714285714285491,1M_RESOLVED,,TARGET,false,0.8572857142854696,6.714142857143856,0,14,other_tf_refusals=93,false
IPO_1H_PLUS_4H,USD/JPY,1h,USD/JPY_2025-04-01,demand,2025-03-14T01:00:00Z,148.3,148.42999,148.16,148.17999,148.42999,148.294995,148.294995,2025-03-20T00:00:00Z,2025-03-20T00:00:00Z,148.294995,148.16,148.564985,0.13499500000000353,2025-03-20T00:54:00Z,2025-03-20T07:37:00Z,,2025-03-20T07:37:00Z,148.564985,TARGET,2,0.11852290825585823,1.8814770917441417,HTF_UNAMBIGUOUS,,TARGET,false,0.8519204414977849,2.629689988518042,7,403,other_tf_refusals=93,false
IPO_1H_PLUS_4H,USD/JPY,1h,USD/JPY_2025-04-01,supply,2025-03-19T19:00:00Z,148.84,149.14,148.77,148.85001,148.95499999999998,148.77,148.95499999999998,2025-03-20T15:00:00Z,2025-03-20T15:00:00Z,148.95499999999998,149.14,148.58499999999998,0.18500000000000227,2025-03-20T15:47:00Z,,2025-03-21T03:00:00Z,2025-03-21T03:00:00Z,149.21001,S2_CLOSE_INVALIDATION,-1.3784324324325616,0.08648648648648542,-1.464918918919047,HTF_UNAMBIGUOUS,,S2_CLOSE_INVALIDATION,false,1.5945945945946611,1.9729729729728442,12,673,other_tf_refusals=93,false
IPO_1H_PLUS_4H,USD/JPY,1h,USD/JPY_2025-04-01,demand,2025-03-20T23:00:00Z,148.72,148.77,148.59,148.62,148.77,148.68,148.68,2025-03-21T12:00:00Z,2025-03-21T12:00:00Z,148.68,148.59,148.86,0.09000000000000341,2025-03-21T12:41:00Z,2025-03-21T13:30:00Z,,2025-03-21T13:30:00Z,148.86,TARGET,2,0.17777777777777104,1.822222222222229,HTF_UNAMBIGUOUS,,TARGET,false,0.444444444444655,2.8888888888886783,0,49,other_tf_refusals=93,false
IPO_1H_PLUS_4H,USD/JPY,1h,USD/JPY_2025-04-01,supply,2025-03-03T19:00:00Z,150.17,150.3,150.14,150.25999,150.22,150.14,150.22,2025-03-24T13:00:00Z,2025-03-24T13:00:00Z,150.22,150.3,150.05999999999997,0.0800000000000125,2025-03-24T13:58:00Z,,2025-03-24T14:00:00Z,2025-03-24T14:00:00Z,150.47,S2_CLOSE_INVALIDATION,-3.1249999999995115,0.19999999999996873,-3.32499999999948,HTF_UNAMBIGUOUS,,TARGET,true,0.3749999999999556,5.874999999999067,0,2,other_tf_refusals=93,false
IPO_1H_PLUS_4H,USD/JPY,1h,USD/JPY_2025-04-01,supply,2025-03-30T23:00:00Z,149.48,149.63,149.3,149.62,149.465,149.3,149.465,2025-03-31T12:00:00Z,2025-03-31T12:00:00Z,149.465,149.63,149.13500000000002,0.16499999999999204,2025-03-31T12:20:00Z,,2025-03-31T13:00:00Z,2025-03-31T13:00:00Z,149.67,S2_CLOSE_INVALIDATION,-1.2424242424242058,0.09696969696970165,-1.3393939393939074,HTF_UNAMBIGUOUS,,S2_CLOSE_INVALIDATION,false,2.0303030303031764,0.6969090909091604,1,40,other_tf_refusals=93,false
IPO_1H_PLUS_4H,USD/JPY,4h,USD/JPY_2025-04-01,demand,2024-12-10T00:00:00Z,151.39,151.55,151.029999,151.070007,151.55,151.28999950000002,151.28999950000002,2025-02-06T16:00:00Z,2025-02-06T16:00:00Z,151.28999950000002,151.029999,151.81000050000006,0.26000050000001806,2025-02-06T19:07:00Z,2025-02-07T06:55:00Z,2025-02-20T00:00:00Z,2025-02-07T06:55:00Z,151.81000050000006,TARGET,2,0.06153834319548958,1.9384616568045103,1M_RESOLVED,,TARGET,false,0.19226693794821928,2.961526997063206,0,708,other_tf_refusals=6,false
IPO_1H_PLUS_4H,USD/JPY,4h,USD/JPY_2025-04-01,demand,2024-12-10T00:00:00Z,151.39,151.55,151.029999,151.070007,151.55,151.28999950000002,151.28999950000002,2025-02-07T00:00:00Z,2025-02-07T00:00:00Z,151.28999950000002,151.029999,151.81000050000006,0.26000050000001806,2025-02-07T00:00:00Z,2025-02-07T06:55:00Z,2025-02-20T00:00:00Z,2025-02-07T06:55:00Z,151.81000050000006,TARGET,2,0.06153834319548958,1.9384616568045103,1M_RESOLVED,,TARGET,false,1.2691879438692912,2.269228328406802,1,415,other_tf_refusals=6,false
IPO_1H_PLUS_4H,USD/JPY,4h,USD/JPY_2025-04-01,demand,2024-12-10T00:00:00Z,151.39,151.55,151.029999,151.070007,151.55,151.28999950000002,151.28999950000002,2025-02-07T12:00:00Z,2025-02-07T12:00:00Z,151.28999950000002,151.029999,151.81000050000006,0.26000050000001806,2025-02-07T15:04:00Z,2025-02-07T17:16:00Z,2025-02-20T00:00:00Z,2025-02-07T17:16:00Z,151.81000050000006,TARGET,2,0.06153834319548958,1.9384616568045103,1M_RESOLVED,,TARGET,false,0.000036538391398699483,4.346147411254544,0,132,other_tf_refusals=6,false
IPO_1H_PLUS_4H,USD/JPY,4h,USD/JPY_2025-04-01,demand,2024-12-10T00:00:00Z,151.39,151.55,151.029999,151.070007,151.55,151.28999950000002,151.28999950000002,2025-02-07T20:00:00Z,2025-02-07T20:00:00Z,151.28999950000002,151.029999,151.81000050000006,0.26000050000001806,2025-02-07T20:11:00Z,2025-02-09T23:56:00Z,2025-02-20T00:00:00Z,2025-02-09T23:56:00Z,151.81000050000006,TARGET,2,0.06153834319548958,1.9384616568045103,1M_RESOLVED,,TARGET,false,0.23076686390998397,2.269228328406802,1,3105,other_tf_refusals=6,false
IPO_1H_PLUS_4H,USD/JPY,4h,USD/JPY_2025-04-01,supply,2025-02-14T20:00:00Z,152.22,152.35001,152.22,152.31,152.285005,152.22,152.285005,2025-02-19T00:00:00Z,2025-02-19T00:00:00Z,152.285005,152.35001,152.15499500000004,0.0650049999999851,2025-02-19T02:09:00Z,2025-02-19T02:20:00Z,,2025-02-19T02:20:00Z,152.15499500000004,TARGET,2,0.24613491269907956,1.7538650873009205,HTF_UNAMBIGUOUS,,TARGET,false,0.5384970386892083,8.230213060535881,0,11,other_tf_refusals=6,false
IPO_1H_PLUS_4H,USD/JPY,4h,USD/JPY_2025-04-01,demand,2024-12-06T12:00:00Z,150.50999,150.66,149.37,149.86,150.66,150.015,150.015,2025-02-20T08:00:00Z,2025-02-20T08:00:00Z,150.015,149.37,151.30499999999995,0.6449999999999818,2025-02-20T11:13:00Z,,2025-02-21T16:00:00Z,2025-02-21T16:00:00Z,149.070007,S2_CLOSE_INVALIDATION,-1.4651054263566032,0.024806201550388297,-1.4899116279069915,HTF_UNAMBIGUOUS,,S2_CLOSE_INVALIDATION,false,1.6821860465116485,1.1240465116279788,8,1727,other_tf_refusals=6,false
IPO_1H_PLUS_4H,USD/JPY,4h,USD/JPY_2025-04-01,demand,2024-12-03T12:00:00Z,149.73,149.88,148.64,149.14999,149.88,149.26,149.26,2025-02-21T20:00:00Z,2025-02-21T20:00:00Z,149.26,148.64,150.5,0.6200000000000045,2025-02-21T20:00:00Z,2025-02-28T07:53:00Z,2025-03-04T08:00:00Z,2025-02-28T07:53:00Z,150.5,TARGET,2,0.02580645161290304,1.974193548387097,1M_RESOLVED,,TARGET,false,1.1128870967741766,2.112919354838703,27,9353,other_tf_refusals=6,false
IPO_1H_PLUS_4H,USD/JPY,4h,USD/JPY_2025-04-01,supply,2025-02-21T04:00:00Z,150.32001,150.64999,150.12,150.55,150.384995,150.12,150.384995,2025-02-28T08:00:00Z,2025-02-28T08:00:00Z,150.384995,150.64999,149.855005,0.264994999999999,2025-02-28T08:00:00Z,,2025-02-28T12:00:00Z,2025-02-28T12:00:00Z,150.67,S2_CLOSE_INVALIDATION,-1.0755108586953908,0.06037849770750415,-1.135889356402895,HTF_UNAMBIGUOUS,,S2_CLOSE_INVALIDATION,false,2.2831185494066344,0.7358440725296951,1,240,other_tf_refusals=6,false
IPO_1H_PLUS_4H,USD/JPY,4h,USD/JPY_2025-04-01,demand,2024-12-03T12:00:00Z,149.73,149.88,148.64,149.14999,149.88,149.26,149.26,2025-03-03T20:00:00Z,2025-03-03T20:00:00Z,149.26,148.64,150.5,0.6200000000000045,2025-03-03T20:38:00Z,,2025-03-04T08:00:00Z,2025-03-04T08:00:00Z,148.36,S2_CLOSE_INVALIDATION,-1.4516129032257592,0.02580645161290304,-1.4774193548386623,HTF_UNAMBIGUOUS,,S2_CLOSE_INVALIDATION,false,1.548387096774149,1.5967741935483901,3,682,other_tf_refusals=6,false
IPO_1H_PLUS_4H,USD/JPY,4h,USD/JPY_2025-04-01,supply,2025-03-04T04:00:00Z,149.17,149.57001,148.92999,149.35001,149.25,148.92999,149.25,2025-03-04T16:00:00Z,2025-03-04T16:00:00Z,149.25,149.57001,148.60998,0.32000999999999635,2025-03-04T19:07:00Z,,2025-03-04T20:00:00Z,2025-03-04T20:00:00Z,149.84,S2_CLOSE_INVALIDATION,-1.8436923846130124,0.04999843754882717,-1.8936908221618396,HTF_UNAMBIGUOUS,,TARGET,true,0.374988281616218,2.9686572294615776,0,53,other_tf_refusals=6,false
IPO_1H_PLUS_4H,USD/JPY,4h,USD/JPY_2025-04-01,supply,2025-03-06T12:00:00Z,147.83,148.32001,147.32001,148.24001,147.82001,147.32001,147.82001,2025-03-11T12:00:00Z,2025-03-11T12:00:00Z,147.82001,148.32001,146.82001,0.5,2025-03-11T12:57:00Z,,2025-03-12T04:00:00Z,2025-03-12T04:00:00Z,148.59,S2_CLOSE_INVALIDATION,-1.5399800000000141,0.032,-1.5719800000000141,HTF_UNAMBIGUOUS,,S2_CLOSE_INVALIDATION,false,1.5600000000000023,1.6000119999999924,4,903,other_tf_refusals=6,false
IPO_1H_PLUS_4H,USD/JPY,4h,USD/JPY_2025-04-01,supply,2025-03-06T00:00:00Z,148.88,149.33,148.86,149.24001,149.09500000000003,148.86,149.09500000000003,2025-03-12T12:00:00Z,2025-03-12T12:00:00Z,149.09500000000003,149.33,148.62500000000006,0.23499999999998522,2025-03-12T12:56:00Z,2025-03-12T13:57:00Z,2025-03-17T20:00:00Z,2025-03-12T13:57:00Z,148.62500000000006,TARGET,2,0.06808510638298301,1.931914893617017,1M_RESOLVED,,TARGET,false,0.40425531914883583,3.9361702127663745,0,61,other_tf_refusals=6,false
IPO_1H_PLUS_4H,USD/JPY,4h,USD/JPY_2025-04-01,supply,2025-03-06T00:00:00Z,148.88,149.33,148.86,149.24001,149.09500000000003,148.86,149.09500000000003,2025-03-17T16:00:00Z,2025-03-17T16:00:00Z,149.09500000000003,149.33,148.62500000000006,0.23499999999998522,2025-03-17T18:45:00Z,,2025-03-17T20:00:00Z,2025-03-17T20:00:00Z,149.39999,S2_CLOSE_INVALIDATION,-1.2978297872340188,0.06808510638298301,-1.3659148936170018,HTF_UNAMBIGUOUS,,TARGET,true,0.7872340425531297,2.4468085106385242,0,75,other_tf_refusals=6,false
IPO_1H_PLUS_4H,USD/JPY,4h,USD/JPY_2025-04-01,supply,2025-03-05T00:00:00Z,149.83,150.17999,149.58,149.97,149.879995,149.58,149.879995,2025-03-18T08:00:00Z,2025-03-18T08:00:00Z,149.879995,150.17999,149.28000500000002,0.29999499999999557,2025-03-18T08:05:00Z,2025-03-18T17:06:00Z,2025-03-24T12:00:00Z,2025-03-18T17:06:00Z,149.28000500000002,TARGET,2,0.05333422223703807,1.946665777762962,1M_RESOLVED,,TARGET,false,0.16665277754628013,2.599993333222294,2,541,other_tf_refusals=6,false
IPO_1H_PLUS_4H,USD/JPY,4h,USD/JPY_2025-04-01,supply,2025-03-05T00:00:00Z,149.83,150.17999,149.58,149.97,149.879995,149.58,149.879995,2025-03-19T08:00:00Z,2025-03-19T08:00:00Z,149.879995,150.17999,149.28000500000002,0.29999499999999557,2025-03-19T11:14:00Z,2025-03-19T18:23:00Z,2025-03-24T12:00:00Z,2025-03-19T18:23:00Z,149.28000500000002,TARGET,2,0.05333422223703807,1.946665777762962,1M_RESOLVED,,TARGET,false,0.8999983333055498,4.033383889731624,2,429,other_tf_refusals=6,false
IPO_1H_PLUS_4H,USD/JPY,4h,USD/JPY_2025-04-01,supply,2025-03-03T08:00:00Z,150.17999,151.23,149.95,151.2,150.58999999999997,149.95,150.58999999999997,2025-03-24T12:00:00Z,2025-03-24T12:00:00Z,150.58999999999997,151.23,149.30999999999995,0.6400000000000148,2025-03-24T15:15:00Z,2025-03-30T23:34:00Z,,2025-03-30T23:34:00Z,149.30999999999995,TARGET,2,0.024999999999999422,1.9750000000000005,HTF_UNAMBIGUOUS,,TARGET,false,0.968765625000034,2.0156249999998965,27,9139,other_tf_refusals=6,false
IPO_1H_PLUS_4H,USD/JPY,1h,USD/JPY_2025-07-01,supply,2025-05-06T09:00:00Z,143.129,143.35201,143.063004,143.302,143.20750700000002,143.063004,143.20750700000002,2025-05-07T04:00:00Z,2025-05-07T04:00:00Z,143.20750700000002,143.35201,142.91850100000005,0.14450299999998606,2025-05-07T04:46:00Z,2025-05-07T06:27:00Z,2025-05-07T11:00:00Z,2025-05-07T06:27:00Z,142.91850100000005,TARGET,2,0.11072434482330155,1.8892756551766985,1M_RESOLVED,,TARGET,false,0.8130834653950367,2.6539033791690896,2,101,other_tf_refusals=86,false
IPO_1H_PLUS_4H,USD/JPY,1h,USD/JPY_2025-07-01,supply,2025-05-06T09:00:00Z,143.129,143.35201,143.063004,143.302,143.20750700000002,143.063004,143.20750700000002,2025-05-07T08:00:00Z,2025-05-07T08:00:00Z,143.20750700000002,143.35201,142.91850100000005,0.14450299999998606,2025-05-07T08:01:00Z,,2025-05-07T11:00:00Z,2025-05-07T11:00:00Z,143.39101,S2_CLOSE_INVALIDATION,-1.2698905905067095,0.11072434482330155,-1.380614935330011,HTF_UNAMBIGUOUS,,S2_CLOSE_INVALIDATION,false,1.705729292817501,0.3702137671884086,3,179,other_tf_refusals=86,false
IPO_1H_PLUS_4H,USD/JPY,1h,USD/JPY_2025-07-01,supply,2025-05-06T05:00:00Z,143.711,143.832,143.69099,143.79601,143.761495,143.69099,143.761495,2025-05-07T18:00:00Z,2025-05-07T18:00:00Z,143.761495,143.832,143.620485,0.07050499999999715,2025-05-07T18:46:00Z,2025-05-07T18:48:00Z,2025-05-07T22:00:00Z,2025-05-07T18:48:00Z,143.620485,TARGET,2,0.22693425998157077,1.7730657400184293,1M_RESOLVED,,TARGET,false,0.30501382880634603,12.190695695341027,0,2,other_tf_refusals=86,false
IPO_1H_PLUS_4H,USD/JPY,1h,USD/JPY_2025-07-01,supply,2025-05-06T05:00:00Z,143.711,143.832,143.69099,143.79601,143.761495,143.69099,143.761495,2025-05-07T21:00:00Z,2025-05-07T21:00:00Z,143.761495,143.832,143.620485,0.07050499999999715,2025-05-07T21:00:00Z,,2025-05-07T22:00:00Z,2025-05-07T22:00:00Z,143.895,S2_CLOSE_INVALIDATION,-1.8935536486776703,0.22693425998157077,-2.120487908659241,HTF_UNAMBIGUOUS,,S2_CLOSE_INVALIDATION,false,2.177079639741842,1.5671938160412806,1,60,other_tf_refusals=86,false
IPO_1H_PLUS_4H,USD/JPY,1h,USD/JPY_2025-07-01,demand,2025-05-12T08:00:00Z,147.91499,148.228,147.621,147.755,148.228,147.92450000000002,147.92450000000002,2025-05-13T01:00:00Z,2025-05-13T01:00:00Z,147.92450000000002,147.621,148.53150000000005,0.30350000000001387,2025-05-13T01:00:00Z,,2025-05-13T16:00:00Z,2025-05-13T16:00:00Z,147.60699,S2_CLOSE_INVALIDATION,-1.0461614497529244,0.05271828665568128,-1.0988797364086056,HTF_UNAMBIGUOUS,,S2_CLOSE_INVALIDATION,false,1.5634266886326618,1.1548270181217901,15,900,other_tf_refusals=86,false
IPO_1H_PLUS_4H,USD/JPY,1h,USD/JPY_2025-07-01,demand,2025-05-12T03:00:00Z,145.84801,145.91499,145.71899,145.72701,145.91499,145.81698999999998,145.81698999999998,2025-05-14T09:00:00Z,2025-05-14T09:00:00Z,145.81698999999998,145.71899,146.01298999999995,0.09799999999998477,2025-05-14T09:24:00Z,2025-05-14T10:36:00Z,2025-05-15T06:00:00Z,2025-05-14T10:36:00Z,146.01298999999995,TARGET,2,0.16326530612247436,1.8367346938775255,1M_RESOLVED,,TARGET,false,2.2039795918368386,5.449081632654147,0,72,other_tf_refusals=86,false
IPO_1H_PLUS_4H,USD/JPY,1h,USD/JPY_2025-07-01,demand,2025-05-12T03:00:00Z,145.84801,145.91499,145.71899,145.72701,145.91499,145.81698999999998,145.81698999999998,2025-05-14T13:00:00Z,2025-05-14T13:00:00Z,145.81698999999998,145.71899,146.01298999999995,0.09799999999998477,2025-05-14T13:50:00Z,2025-05-14T13:58:00Z,2025-05-15T06:00:00Z,2025-05-14T13:58:00Z,146.01298999999995,TARGET,2,0.16326530612247436,1.8367346938775255,1M_RESOLVED,,TARGET,false,0.612142857142653,5.867448979592956,0,8,other_tf_refusals=86,false
IPO_1H_PLUS_4H,USD/JPY,1h,USD/JPY_2025-07-01,supply,2025-05-14T06:00:00Z,147.063995,147.215,146.95599,147.15601,147.085495,146.95599,147.085495,2025-05-14T16:00:00Z,2025-05-14T16:00:00Z,147.085495,147.215,146.82648500000002,0.12950499999999465,2025-05-14T16:41:00Z,2025-05-14T16:41:00Z,2025-06-23T07:00:00Z,2025-05-14T16:41:00Z,146.82648500000002,TARGET,2,0.12354735338404434,1.8764526466159557,1M_RESOLVED,,TARGET,false,0.2741592988687852,4.837612447396096,0,0,other_tf_refusals=86,false
IPO_1H_PLUS_4H,USD/JPY,1h,USD/JPY_2025-07-01,demand,2025-05-09T11:00:00Z,145.289,145.33,144.927,145.12601,145.33,145.1285,145.1285,2025-05-16T02:00:00Z,2025-05-16T02:00:00Z,145.1285,144.927,145.53150000000002,0.20150000000001,2025-05-16T02:02:00Z,2025-05-16T09:47:00Z,2025-05-19T00:00:00Z,2025-05-16T09:47:00Z,145.53150000000002,TARGET,2,0.07940446650123675,1.9205955334987632,1M_RESOLVED,,TARGET,false,1.0545905707195788,2.315136476426666,7,465,other_tf_refusals=86,false
IPO_1H_PLUS_4H,USD/JPY,1h,USD/JPY_2025-07-01,supply,2025-05-15T17:00:00Z,145.614,145.767,145.554,145.752,145.6605,145.554,145.6605,2025-05-16T11:00:00Z,2025-05-16T11:00:00Z,145.6605,145.767,145.44750000000005,0.10649999999998272,2025-05-16T11:53:00Z,2025-05-16T13:07:00Z,2025-05-16T14:00:00Z,2025-05-16T13:07:00Z,145.44750000000005,TARGET,2,0.15023474178406193,1.849765258215938,1M_RESOLVED,,TARGET,false,0.16422535211252345,2.1079812206576767,0,74,other_tf_refusals=86,false
IPO_1H_PLUS_4H,USD/JPY,1h,USD/JPY_2025-07-01,supply,2025-05-15T14:00:00Z,145.79601,146.041,145.409,145.85899,145.725,145.409,145.725,2025-05-16T20:00:00Z,2025-05-16T20:00:00Z,145.725,146.041,145.093,0.3160000000000025,2025-05-16T20:00:00Z,2025-05-19T00:33:00Z,2025-05-29T00:00:00Z,2025-05-19T00:33:00Z,145.093,TARGET,2,0.05063291139240467,1.9493670886075953,1M_RESOLVED,,TARGET,false,0.7531645569620179,2.8164240506328357,2,3153,other_tf_refusals=86,false
IPO_1H_PLUS_4H,USD/JPY,1h,USD/JPY_2025-07-01,demand,2025-05-09T14:00:00Z,145.15401,145.27,144.82001,145.0010071,145.27,145.045005,145.045005,2025-05-19T01:00:00Z,2025-05-19T01:00:00Z,145.045005,144.82001,145.49499500000002,0.22499500000000694,2025-05-19T01:00:00Z,,2025-05-19T10:00:00Z,2025-05-19T10:00:00Z,144.799,S2_CLOSE_INVALIDATION,-1.0933798528855714,0.07111269139313987,-1.1644925442787113,HTF_UNAMBIGUOUS,,S2_CLOSE_INVALIDATION,false,1.7289050867796272,1.3333407409052926,9,540,other_tf_refusals=86,false
IPO_1H_PLUS_4H,USD/JPY,1h,USD/JPY_2025-07-01,supply,2025-05-19T04:00:00Z,145.23801,145.345,145.216,145.313,145.28050000000002,145.216,145.28050000000002,2025-05-20T02:00:00Z,2025-05-20T02:00:00Z,145.28050000000002,145.345,145.15150000000006,0.06449999999998113,2025-05-20T02:57:00Z,2025-05-20T02:57:00Z,2025-05-28T23:00:00Z,2025-05-20T02:57:00Z,145.15150000000006,TARGET,2,0.24806201550394855,1.7519379844960514,1M_RESOLVED,,TARGET,false,0.24046511627879452,8.348837209305195,0,0,other_tf_refusals=86,false
IPO_1H_PLUS_4H,USD/JPY,1h,USD/JPY_2025-07-01,demand,2025-05-08T07:00:00Z,144.409,144.51801,144.308,144.32201,144.51801,144.413005,144.413005,2025-05-20T05:00:00Z,2025-05-20T05:00:00Z,144.413005,144.308,144.623015,0.10500500000000557,2025-05-20T05:45:00Z,,2025-05-20T07:00:00Z,2025-05-20T07:00:00Z,144.12399,S2_CLOSE_INVALIDATION,-2.752392743202618,0.15237369649063523,-2.9047664396932533,HTF_UNAMBIGUOUS,,TARGET,true,0.9239083853149261,3.352173706013708,0,75,other_tf_refusals=86,false
IPO_1H_PLUS_4H,USD/JPY,1h,USD/JPY_2025-07-01,demand,2025-05-08T01:00:00Z,143.85201,143.897,143.44,143.504,143.897,143.6685,143.6685,2025-05-21T04:00:00Z,2025-05-21T04:00:00Z,143.6685,143.44,144.1255,0.22849999999999682,2025-05-21T04:46:00Z,2025-05-21T08:27:00Z,2025-05-22T01:00:00Z,2025-05-21T08:27:00Z,144.1255,TARGET,2,0.07002188183807538,1.9299781181619247,1M_RESOLVED,,TARGET,false,0.9300218818380017,2.2910284463895842,4,221,other_tf_refusals=86,false
IPO_1H_PLUS_4H,USD/JPY,1h,USD/JPY_2025-07-01,demand,2025-05-08T01:00:00Z,143.85201,143.897,143.44,143.504,143.897,143.6685,143.6685,2025-05-21T10:00:00Z,2025-05-21T10:00:00Z,143.6685,143.44,144.1255,0.22849999999999682,2025-05-21T10:23:00Z,2025-05-21T22:11:00Z,2025-05-22T01:00:00Z,2025-05-21T22:11:00Z,144.1255,TARGET,2,0.07002188183807538,1.9299781181619247,1M_RESOLVED,,TARGET,false,1.70897155361054,3.1925164113785933,12,708,other_tf_refusals=86,false
IPO_1H_PLUS_4H,USD/JPY,1h,USD/JPY_2025-07-01,demand,2025-05-07T13:00:00Z,143.35201,143.36,143.112,143.209,143.36,143.236,143.236,2025-05-22T02:00:00Z,2025-05-22T02:00:00Z,143.236,143.112,143.48399999999998,0.12399999999999523,2025-05-22T02:17:00Z,,2025-05-22T07:00:00Z,2025-05-22T07:00:00Z,143.048996,S2_CLOSE_INVALIDATION,-1.5080967741936204,0.1290322580645211,-1.6371290322581415,HTF_UNAMBIGUOUS,,S2_CLOSE_INVALIDATION,false,1.9032258064516054,1.8709677419355504,5,283,other_tf_refusals=86,false
IPO_1H_PLUS_4H,USD/JPY,1h,USD/JPY_2025-07-01,supply,2025-05-21T01:00:00Z,144.17,144.351,144.035004,144.209,144.19300199999998,144.035004,144.19300199999998,2025-05-22T17:00:00Z,2025-05-22T17:00:00Z,144.19300199999998,144.351,143.87700599999994,0.1579980000000205,2025-05-22T17:19:00Z,2025-05-22T22:08:00Z,2025-05-27T14:00:00Z,2025-05-22T22:08:00Z,143.87700599999994,TARGET,2,0.10126710464688111,1.8987328953531188,1M_RESOLVED,,TARGET,false,0.8733528272510893,2.481120014176855,5,289,other_tf_refusals=86,false
IPO_1H_PLUS_4H,USD/JPY,1h,USD/JPY_2025-07-01,demand,2025-05-06T13:00:00Z,142.511,142.752,142.349,142.463,142.752,142.5505,142.5505,2025-05-23T11:00:00Z,2025-05-23T11:00:00Z,142.5505,142.349,142.95350000000002,0.20150000000001,2025-05-23T11:50:00Z,,2025-05-26T02:00:00Z,2025-05-26T02:00:00Z,142.342,S2_CLOSE_INVALIDATION,-1.0347394540941748,0.07940446650123675,-1.1141439205954116,HTF_UNAMBIGUOUS,,TARGET,true,0.22084367245656134,4.369727047146245,0,3730,other_tf_refusals=86,false
IPO_1H_PLUS_4H,USD/JPY,1h,USD/JPY_2025-07-01,demand,2025-05-06T13:00:00Z,142.511,142.752,142.349,142.463,142.752,142.5505,142.5505,2025-05-23T13:00:00Z,2025-05-23T13:00:00Z,142.5505,142.349,142.95350000000002,0.20150000000001,2025-05-23T13:00:00Z,,2025-05-26T02:00:00Z,2025-05-26T02:00:00Z,142.342,S2_CLOSE_INVALIDATION,-1.0347394540941748,0.07940446650123675,-1.1141439205954116,HTF_UNAMBIGUOUS,,S2_CLOSE_INVALIDATION,false,1.630272952853473,1.9081885856078593,12,3660,other_tf_refusals=86,false
IPO_1H_PLUS_4H,USD/JPY,1h,USD/JPY_2025-07-01,supply,2025-05-23T13:00:00Z,142.60699,142.895,142.52499,142.8,142.709995,142.52499,142.709995,2025-05-26T05:00:00Z,2025-05-26T05:00:00Z,142.709995,142.895,142.33998499999996,0.18500500000001807,2025-05-26T05:18:00Z,,2025-05-26T07:00:00Z,2025-05-26T07:00:00Z,142.896,S2_CLOSE_INVALIDATION,-1.0054052593171874,0.08648414907704352,-1.091889408394231,HTF_UNAMBIGUOUS,,S2_CLOSE_INVALIDATION,false,1.1189697575740785,1.2918840031348793,2,102,other_tf_refusals=86,false
IPO_1H_PLUS_4H,USD/JPY,1h,USD/JPY_2025-07-01,supply,2025-05-26T12:00:00Z,142.93201,143.033997,142.862,142.97501,142.94799849999998,142.862,142.94799849999998,2025-05-26T21:00:00Z,2025-05-26T21:00:00Z,142.94799849999998,143.033997,142.77600149999995,0.08599850000001652,2025-05-26T21:06:00Z,2025-05-26T21:18:00Z,2025-05-27T05:00:00Z,2025-05-26T21:18:00Z,142.77600149999995,TARGET,2,0.18604975668176685,1.813950243318233,1M_RESOLVED,,TARGET,false,0.2558358576023043,2.8141014087445977,0,12,other_tf_refusals=86,false
IPO_1H_PLUS_4H,USD/JPY,1h,USD/JPY_2025-07-01,demand,2025-04-29T21:00:00Z,142.265,142.30499,142.14799,142.26401,142.30499,142.22649,142.22649,2025-05-27T02:00:00Z,2025-05-27T02:00:00Z,142.22649,142.14799,142.38349000000005,0.07850000000001955,2025-05-27T02:12:00Z,2025-05-27T02:53:00Z,,2025-05-27T02:53:00Z,142.38349000000005,TARGET,2,0.20382165605090466,1.7961783439490953,HTF_UNAMBIGUOUS,,TARGET,false,0.8724840764332282,2.3122292993621567,0,41,other_tf_refusals=86,false
IPO_1H_PLUS_4H,USD/JPY,1h,USD/JPY_2025-07-01,supply,2025-05-23T04:00:00Z,143.43201,143.48599,143.356,143.46201,143.420995,143.356,143.420995,2025-05-27T05:00:00Z,2025-05-27T05:00:00Z,143.420995,143.48599,143.29100500000004,0.06499499999998193,2025-05-27T05:34:00Z,2025-05-27T05:38:00Z,2025-05-27T07:00:00Z,2025-05-27T05:38:00Z,143.29100500000004,TARGET,2,0.2461727825218009,1.753827217478199,1M_RESOLVED,,TARGET,false,0.2616355104236943,8.769828448344708,0,4,other_tf_refusals=86,false
IPO_1H_PLUS_4H,USD/JPY,1h,USD/JPY_2025-07-01,demand,2025-05-27T12:00:00Z,144.091995,144.188,144.0050049,144.024002,144.188,144.09650245,144.09650245,2025-05-28T00:00:00Z,2025-05-28T00:00:00Z,144.09650245,144.0050049,144.27949755000003,0.09149755000001392,2025-05-28T00:00:00Z,2025-05-28T01:05:00Z,2025-05-29T18:00:00Z,2025-05-28T01:05:00Z,144.27949755000003,TARGET,2,0.17486807023791967,1.8251319297620803,1M_RESOLVED,,TARGET,false,2.7268757469457525,7.328038291734492,1,65,other_tf_refusals=86,false
IPO_1H_PLUS_4H,USD/JPY,1h,USD/JPY_2025-07-01,demand,2025-05-27T12:00:00Z,144.091995,144.188,144.0050049,144.024002,144.188,144.09650245,144.09650245,2025-05-28T07:00:00Z,2025-05-28T07:00:00Z,144.09650245,144.0050049,144.27949755000003,0.09149755000001392,2025-05-28T07:52:00Z,2025-05-28T10:58:00Z,2025-05-29T18:00:00Z,2025-05-28T10:58:00Z,144.27949755000003,TARGET,2,0.17486807023791967,1.8251319297620803,1M_RESOLVED,,TARGET,false,0.3224288519200071,4.858026799623887,0,186,other_tf_refusals=86,false
IPO_1H_PLUS_4H,USD/JPY,1h,USD/JPY_2025-07-01,demand,2025-05-27T12:00:00Z,144.091995,144.188,144.0050049,144.024002,144.188,144.09650245,144.09650245,2025-05-28T09:00:00Z,2025-05-28T09:00:00Z,144.09650245,144.0050049,144.27949755000003,0.09149755000001392,2025-05-28T09:00:00Z,2025-05-28T10:58:00Z,2025-05-29T18:00:00Z,2025-05-28T10:58:00Z,144.27949755000003,TARGET,2,0.17486807023791967,1.8251319297620803,1M_RESOLVED,,TARGET,false,1.0875968810091268,2.3006905649381477,1,118,other_tf_refusals=86,false
IPO_1H_PLUS_4H,USD/JPY,1h,USD/JPY_2025-07-01,supply,2025-05-15T14:00:00Z,145.79601,146.041,145.409,145.85899,145.725,145.409,145.725,2025-05-28T23:00:00Z,2025-05-28T23:00:00Z,145.725,146.041,145.093,0.3160000000000025,2025-05-28T23:37:00Z,,2025-05-29T00:00:00Z,2025-05-29T00:00:00Z,146.091995,S2_CLOSE_INVALIDATION,-1.1613765822784807,0.05063291139240467,-1.2120094936708854,HTF_UNAMBIGUOUS,,TARGET,true,0.9525348101266178,2.670886075949327,0,23,other_tf_refusals=86,false
IPO_1H_PLUS_4H,USD/JPY,1h,USD/JPY_2025-07-01,demand,2025-05-27T12:00:00Z,144.091995,144.188,144.0050049,144.024002,144.188,144.09650245,144.09650245,2025-05-29T16:00:00Z,2025-05-29T16:00:00Z,144.09650245,144.0050049,144.27949755000003,0.09149755000001392,2025-05-29T16:00:00Z,,2025-05-29T18:00:00Z,2025-05-29T18:00:00Z,143.998,S2_CLOSE_INVALIDATION,-1.0765583340755818,0.17486807023791967,-1.2514264043135015,HTF_UNAMBIGUOUS,,S2_CLOSE_INVALIDATION,false,1.5356963109937611,1.7431892985109796,2,120,other_tf_refusals=86,false
IPO_1H_PLUS_4H,USD/JPY,1h,USD/JPY_2025-07-01,demand,2025-05-28T08:00:00Z,144.14999,144.20399,143.991,144.037994,144.20399,144.097495,144.097495,2025-05-29T19:00:00Z,2025-05-29T19:00:00Z,144.097495,143.991,144.310485,0.10649499999999534,2025-05-29T19:00:00Z,,2025-05-29T23:00:00Z,2025-05-29T23:00:00Z,143.756,S2_CLOSE_INVALIDATION,-3.2066763697828433,0.15024179538946147,-3.3569181651723046,HTF_UNAMBIGUOUS,,S2_CLOSE_INVALIDATION,false,3.3850885018078802,1.3850885018076133,4,240,other_tf_refusals=86,false
IPO_1H_PLUS_4H,USD/JPY,1h,USD/JPY_2025-07-01,supply,2025-05-29T14:00:00Z,144.36099,144.464,144.14999,144.403,144.306995,144.14999,144.306995,2025-05-30T14:00:00Z,2025-05-30T14:00:00Z,144.306995,144.464,143.992985,0.15700499999999806,2025-05-30T14:48:00Z,2025-05-30T16:28:00Z,2025-06-06T12:00:00Z,2025-05-30T16:28:00Z,143.992985,TARGET,2,0.10190758256106619,1.8980924174389338,1M_RESOLVED,,TARGET,false,0.8661826056495652,3.2036877806439588,0,100,other_tf_refusals=86,false
IPO_1H_PLUS_4H,USD/JPY,1h,USD/JPY_2025-07-01,supply,2025-05-30T20:00:00Z,143.875,144.087997,143.867,144.020996,143.9774985,143.867,143.9774985,2025-06-03T16:00:00Z,2025-06-03T16:00:00Z,143.9774985,144.087997,143.75650149999998,0.1104985000000056,2025-06-03T16:17:00Z,2025-06-03T21:01:00Z,2025-06-04T04:00:00Z,2025-06-03T21:01:00Z,143.75650149999998,TARGET,2,0.14479834567889327,1.8552016543211067,1M_RESOLVED,,TARGET,false,1.1899844794273515,2.692421164087993,5,284,other_tf_refusals=86,false
IPO_1H_PLUS_4H,USD/JPY,1h,USD/JPY_2025-07-01,supply,2025-05-30T20:00:00Z,143.875,144.087997,143.867,144.020996,143.9774985,143.867,143.9774985,2025-06-03T22:00:00Z,2025-06-03T22:00:00Z,143.9774985,144.087997,143.75650149999998,0.1104985000000056,2025-06-03T22:00:00Z,2025-06-04T01:32:00Z,2025-06-04T04:00:00Z,2025-06-04T01:32:00Z,143.75650149999998,TARGET,2,0.14479834567889327,1.8552016543211067,1M_RESOLVED,,TARGET,false,2.9005054367252923,2.855228804010676,3,212,other_tf_refusals=86,false
IPO_1H_PLUS_4H,USD/JPY,1h,USD/JPY_2025-07-01,supply,2025-05-29T14:00:00Z,144.36099,144.464,144.14999,144.403,144.306995,144.14999,144.306995,2025-06-04T06:00:00Z,2025-06-04T06:00:00Z,144.306995,144.464,143.992985,0.15700499999999806,2025-06-04T06:07:00Z,2025-06-04T06:22:00Z,2025-06-06T12:00:00Z,2025-06-04T06:22:00Z,143.992985,TARGET,2,0.10190758256106619,1.8980924174389338,1M_RESOLVED,,TARGET,false,0.05729116907104146,2.7132575395688394,0,15,other_tf_refusals=86,false
IPO_1H_PLUS_4H,USD/JPY,1h,USD/JPY_2025-07-01,demand,2025-06-04T01:00:00Z,143.99001,144.298,143.662,143.755,144.298,143.98000000000002,143.98000000000002,2025-06-04T07:00:00Z,2025-06-04T07:00:00Z,143.98000000000002,143.662,144.61600000000004,0.31800000000001205,2025-06-04T07:00:00Z,,2025-06-04T12:00:00Z,2025-06-04T12:00:00Z,143.554,S2_CLOSE_INVALIDATION,-1.3396226415094339,0.050314465408803126,-1.389937106918237,HTF_UNAMBIGUOUS,,S2_CLOSE_INVALIDATION,false,1.5031446540880204,1.0503144654086858,5,300,other_tf_refusals=86,false
IPO_1H_PLUS_4H,USD/JPY,1h,USD/JPY_2025-07-01,supply,2025-05-29T11:00:00Z,145.011002,145.11501,144.87601,145.084,144.99551000000002,144.87601,144.99551000000002,2025-06-06T15:00:00Z,2025-06-06T15:00:00Z,144.99551000000002,145.11501,144.75651000000005,0.11949999999998795,2025-06-06T15:08:00Z,2025-06-08T23:00:00Z,2025-06-11T06:00:00Z,2025-06-08T23:00:00Z,144.75651000000005,TARGET,2,0.13389121338913484,1.8661087866108652,1M_RESOLVED,,TARGET,false,0.7823849372382521,3.3600000000006185,7,3352,other_tf_refusals=86,false
IPO_1H_PLUS_4H,USD/JPY,1h,USD/JPY_2025-07-01,supply,2025-05-29T11:00:00Z,145.011002,145.11501,144.87601,145.084,144.99551000000002,144.87601,144.99551000000002,2025-06-10T01:00:00Z,2025-06-10T01:00:00Z,144.99551000000002,145.11501,144.75651000000005,0.11949999999998795,2025-06-10T01:51:00Z,2025-06-10T05:18:00Z,2025-06-11T06:00:00Z,2025-06-10T05:18:00Z,144.75651000000005,TARGET,2,0.13389121338913484,1.8661087866108652,1M_RESOLVED,,TARGET,false,0.5396485355647658,4.782510460251677,0,207,other_tf_refusals=86,false
IPO_1H_PLUS_4H,USD/JPY,1h,USD/JPY_2025-07-01,demand,2025-06-09T15:00:00Z,144.612,144.62199,144.34399,144.371,144.62199,144.48299,144.48299,2025-06-10T11:00:00Z,2025-06-10T11:00:00Z,144.48299,144.34399,144.76099000000002,0.13900000000001,2025-06-10T11:15:00Z,2025-06-10T14:33:00Z,2025-06-11T22:00:00Z,2025-06-10T14:33:00Z,144.76099000000002,TARGET,2,0.11510791366905647,1.8848920863309435,1M_RESOLVED,,TARGET,false,0.3236690647482698,2.5252517985609857,3,198,other_tf_refusals=86,false
IPO_1H_PLUS_4H,USD/JPY,1h,USD/JPY_2025-07-01,supply,2025-05-29T11:00:00Z,145.011002,145.11501,144.87601,145.084,144.99551000000002,144.87601,144.99551000000002,2025-06-10T17:00:00Z,2025-06-10T17:00:00Z,144.99551000000002,145.11501,144.75651000000005,0.11949999999998795,2025-06-10T17:02:00Z,2025-06-11T00:16:00Z,2025-06-11T06:00:00Z,2025-06-11T00:16:00Z,144.75651000000005,TARGET,2,0.13389121338913484,1.8661087866108652,1M_RESOLVED,,TARGET,false,1.4015062761506303,2.6570711297076337,7,434,other_tf_refusals=86,false
IPO_1H_PLUS_4H,USD/JPY,1h,USD/JPY_2025-07-01,supply,2025-05-29T11:00:00Z,145.011002,145.11501,144.87601,145.084,144.99551000000002,144.87601,144.99551000000002,2025-06-11T01:00:00Z,2025-06-11T01:00:00Z,144.99551000000002,145.11501,144.75651000000005,0.11949999999998795,2025-06-11T01:53:00Z,,2025-06-11T06:00:00Z,2025-06-11T06:00:00Z,145.127,S2_CLOSE_INVALIDATION,-1.10033472803346,0.13389121338913484,-1.234225941422595,HTF_UNAMBIGUOUS,,S2_CLOSE_INVALIDATION,false,2.0961506276151485,1.318075313807919,5,247,other_tf_refusals=86,false
IPO_1H_PLUS_4H,USD/JPY,1h,USD/JPY_2025-07-01,demand,2025-06-09T15:00:00Z,144.612,144.62199,144.34399,144.371,144.62199,144.48299,144.48299,2025-06-11T12:00:00Z,2025-06-11T12:00:00Z,144.48299,144.34399,144.76099000000002,0.13900000000001,2025-06-11T12:33:00Z,2025-06-11T13:02:00Z,2025-06-11T22:00:00Z,2025-06-11T13:02:00Z,144.76099000000002,TARGET,2,0.11510791366905647,1.8848920863309435,1M_RESOLVED,,TARGET,false,1.165395683453175,7.072014388488752,0,29,other_tf_refusals=86,false
IPO_1H_PLUS_4H,USD/JPY,1h,USD/JPY_2025-07-01,demand,2025-06-06T03:00:00Z,143.841,143.85001,143.71201,143.759,143.85001,143.78100999999998,143.78100999999998,2025-06-12T01:00:00Z,2025-06-12T01:00:00Z,143.78100999999998,143.71201,143.91900999999996,0.0689999999999884,2025-06-12T01:22:00Z,2025-06-12T01:32:00Z,2025-06-12T09:00:00Z,2025-06-12T01:32:00Z,143.91900999999996,TARGET,2,0.23188405797105346,1.7681159420289465,1M_RESOLVED,,TARGET,false,0.8698550724636274,4.652173913044642,0,10,other_tf_refusals=86,false
IPO_1H_PLUS_4H,USD/JPY,1h,USD/JPY_2025-07-01,demand,2025-06-06T03:00:00Z,143.841,143.85001,143.71201,143.759,143.85001,143.78100999999998,143.78100999999998,2025-06-12T05:00:00Z,2025-06-12T05:00:00Z,143.78100999999998,143.71201,143.91900999999996,0.0689999999999884,2025-06-12T05:43:00Z,2025-06-12T06:18:00Z,2025-06-12T09:00:00Z,2025-06-12T06:18:00Z,143.91900999999996,TARGET,2,0.23188405797105346,1.7681159420289465,1M_RESOLVED,,TARGET,false,1.6088405797103162,2.9417391304356397,0,35,other_tf_refusals=86,false
IPO_1H_PLUS_4H,USD/JPY,1h,USD/JPY_2025-07-01,demand,2025-06-06T03:00:00Z,143.841,143.85001,143.71201,143.759,143.85001,143.78100999999998,143.78100999999998,2025-06-12T07:00:00Z,2025-06-12T07:00:00Z,143.78100999999998,143.71201,143.91900999999996,0.0689999999999884,2025-06-12T07:00:00Z,2025-06-12T07:13:00Z,2025-06-12T09:00:00Z,2025-06-12T07:13:00Z,143.91900999999996,TARGET,2,0.23188405797105346,1.7681159420289465,1M_RESOLVED,,TARGET,false,0.6814492753620707,5.188405797102792,0,13,other_tf_refusals=86,false
IPO_1H_PLUS_4H,USD/JPY,1h,USD/JPY_2025-07-01,demand,2025-06-05T22:00:00Z,143.519,143.558,143.44299,143.51401,143.558,143.500495,143.500495,2025-06-12T10:00:00Z,2025-06-12T10:00:00Z,143.500495,143.44299,143.61550499999998,0.057504999999991924,2025-06-12T10:30:00Z,2025-06-12T11:34:00Z,2025-06-12T12:00:00Z,2025-06-12T11:34:00Z,143.61550499999998,TARGET,2,0.27823667507177197,1.721763324928228,1M_RESOLVED,,TARGET,false,0.9824363098864504,4.42578906182124,0,64,other_tf_refusals=86,false
IPO_1H_PLUS_4H,USD/JPY,1h,USD/JPY_2025-07-01,supply,2025-06-12T14:00:00Z,143.463,143.75301,143.423,143.735,143.588005,143.423,143.588005,2025-06-13T03:00:00Z,2025-06-13T03:00:00Z,143.588005,143.75301,143.25799500000005,0.16500499999997942,2025-06-13T03:32:00Z,,2025-06-13T07:00:00Z,2025-06-13T07:00:00Z,143.795,S2_CLOSE_INVALIDATION,-1.254477137056475,0.09696675858308534,-1.3514438956395602,HTF_UNAMBIGUOUS,,TARGET,true,0.9453955940729649,3.1271719038822243,0,208,other_tf_refusals=86,false
IPO_1H_PLUS_4H,USD/JPY,1h,USD/JPY_2025-07-01,supply,2025-06-12T14:00:00Z,143.463,143.75301,143.423,143.735,143.588005,143.423,143.588005,2025-06-13T05:00:00Z,2025-06-13T05:00:00Z,143.588005,143.75301,143.25799500000005,0.16500499999997942,2025-06-13T05:00:00Z,,2025-06-13T07:00:00Z,2025-06-13T07:00:00Z,143.795,S2_CLOSE_INVALIDATION,-1.254477137056475,0.09696675858308534,-1.3514438956395602,HTF_UNAMBIGUOUS,,S2_CLOSE_INVALIDATION,false,1.7271900851490338,1.284779249113834,2,120,other_tf_refusals=86,false
IPO_1H_PLUS_4H,USD/JPY,1h,USD/JPY_2025-07-01,supply,2025-06-16T03:00:00Z,144.41299,144.48801,144.33299,144.47701,144.4105,144.33299,144.4105,2025-06-16T17:00:00Z,2025-06-16T17:00:00Z,144.4105,144.48801,144.25548000000003,0.07750999999998953,2025-06-16T17:46:00Z,,2025-06-16T18:00:00Z,2025-06-16T18:00:00Z,144.599,S2_CLOSE_INVALIDATION,-2.4319442652561194,0.20642497742229599,-2.6383692426784155,HTF_UNAMBIGUOUS,,TARGET,true,0.04515546381079283,3.335182557089873,0,14,other_tf_refusals=86,false
IPO_1H_PLUS_4H,USD/JPY,1h,USD/JPY_2025-07-01,supply,2025-06-11T19:00:00Z,144.509,144.64799,144.494,144.63,144.57099499999998,144.494,144.57099499999998,2025-06-16T18:00:00Z,2025-06-16T18:00:00Z,144.57099499999998,144.64799,144.41700499999996,0.0769950000000108,2025-06-16T18:50:00Z,,2025-06-16T19:00:00Z,2025-06-16T19:00:00Z,144.856,S2_CLOSE_INVALIDATION,-3.7016040002593984,0.20780570166891038,-3.909409701928309,HTF_UNAMBIGUOUS,,TARGET,true,0.441652055328305,2.6884213260594687,0,10,other_tf_refusals=86,false
IPO_1H_PLUS_4H,USD/JPY,1h,USD/JPY_2025-07-01,supply,2025-06-11T13:00:00Z,144.728,145.18401,144.608,145.046005,144.896005,144.608,144.896005,2025-06-17T01:00:00Z,2025-06-17T01:00:00Z,144.896005,145.18401,144.319995,0.2880049999999983,2025-06-17T01:00:00Z,,2025-06-17T16:00:00Z,2025-06-17T16:00:00Z,145.22301,S2_CLOSE_INVALIDATION,-1.135414315723642,0.05555459106612765,-1.1909689067897697,HTF_UNAMBIGUOUS,,S2_CLOSE_INVALIDATION,false,1.3784309300185982,1.8506449540806682,15,900,other_tf_refusals=86,false
IPO_1H_PLUS_4H,USD/JPY,1h,USD/JPY_2025-07-01,demand,2025-06-17T15:00:00Z,145.185,145.207,145.0099945,145.039001,145.207,145.10849725,145.10849725,2025-06-18T02:00:00Z,2025-06-18T02:00:00Z,145.10849725,145.0099945,145.30550275,0.09850274999999442,2025-06-18T02:21:00Z,,2025-06-18T06:00:00Z,2025-06-18T06:00:00Z,144.89999,S2_CLOSE_INVALIDATION,-2.11676577557488,0.1624320133194343,-2.2791977888943142,HTF_UNAMBIGUOUS,,S2_CLOSE_INVALIDATION,false,2.583656293859818,1.1625335333277012,4,219,other_tf_refusals=86,false
IPO_1H_PLUS_4H,USD/JPY,1h,USD/JPY_2025-07-01,demand,2025-06-17T04:00:00Z,144.657,144.67101,144.39799,144.588,144.67101,144.53449999999998,144.53449999999998,2025-06-18T16:00:00Z,2025-06-18T16:00:00Z,144.53449999999998,144.39799,144.80751999999995,0.13650999999998703,2025-06-18T16:04:00Z,2025-06-18T17:41:00Z,2025-06-26T06:00:00Z,2025-06-18T17:41:00Z,144.80751999999995,TARGET,2,0.11720753058385115,1.8827924694161489,1M_RESOLVED,,TARGET,false,0.10621932459139358,2.1133982858402676,1,97,other_tf_refusals=86,false
IPO_1H_PLUS_4H,USD/JPY,1h,USD/JPY_2025-07-01,demand,2025-06-17T04:00:00Z,144.657,144.67101,144.39799,144.588,144.67101,144.53449999999998,144.53449999999998,2025-06-18T18:00:00Z,2025-06-18T18:00:00Z,144.53449999999998,144.39799,144.80751999999995,0.13650999999998703,2025-06-18T18:00:00Z,2025-06-18T18:40:00Z,2025-06-26T06:00:00Z,2025-06-18T18:40:00Z,144.80751999999995,TARGET,2,0.11720753058385115,1.8827924694161489,1M_RESOLVED,,TARGET,false,1.5712402021830196,4.039989744341508,0,40,other_tf_refusals=86,false
IPO_1H_PLUS_4H,USD/JPY,1h,USD/JPY_2025-07-01,demand,2025-06-19T13:00:00Z,145.54201,145.576,145.341,145.422,145.576,145.45850000000002,145.45850000000002,2025-06-19T19:00:00Z,2025-06-19T19:00:00Z,145.45850000000002,145.341,145.69350000000003,0.11750000000000682,2025-06-19T19:09:00Z,,2025-06-19T23:00:00Z,2025-06-19T23:00:00Z,145.229,S2_CLOSE_INVALIDATION,-1.9531914893616023,0.13617021276594954,-2.089361702127552,HTF_UNAMBIGUOUS,,S2_CLOSE_INVALIDATION,false,2.2766808510638312,0.8978723404252921,4,231,other_tf_refusals=86,false
IPO_1H_PLUS_4H,USD/JPY,1h,USD/JPY_2025-07-01,supply,2025-05-29T05:00:00Z,145.743,146.093002,145.69701,145.933,145.89500600000002,145.69701,145.89500600000002,2025-06-20T14:00:00Z,2025-06-20T14:00:00Z,145.89500600000002,146.093002,145.49901400000005,0.19799599999998918,2025-06-20T14:20:00Z,,2025-06-20T19:00:00Z,2025-06-20T19:00:00Z,146.174,S2_CLOSE_INVALIDATION,-1.4090890725065068,0.08080971332754638,-1.489898785834053,HTF_UNAMBIGUOUS,,S2_CLOSE_INVALIDATION,false,1.510101214165848,0.8333804723329903,5,280,other_tf_refusals=86,false
IPO_1H_PLUS_4H,USD/JPY,1h,USD/JPY_2025-07-01,demand,2025-06-23T02:00:00Z,146.668,146.701,146.368,146.563,146.701,146.53449999999998,146.53449999999998,2025-06-23T14:00:00Z,2025-06-23T14:00:00Z,146.53449999999998,146.368,146.86749999999995,0.166499999999985,2025-06-23T14:55:00Z,,2025-06-23T16:00:00Z,2025-06-23T16:00:00Z,146.362,S2_CLOSE_INVALIDATION,-1.0360360360360406,0.09609609609610476,-1.1321321321321454,HTF_UNAMBIGUOUS,,TARGET,true,0.26126126126108135,4.789789789790303,0,65,other_tf_refusals=86,false
IPO_1H_PLUS_4H,USD/JPY,1h,USD/JPY_2025-07-01,demand,2025-06-22T23:00:00Z,146.362,146.424,146.201,146.21201,146.424,146.3125,146.3125,2025-06-23T17:00:00Z,2025-06-23T17:00:00Z,146.3125,146.201,146.5355,0.1115000000000066,2025-06-23T17:30:00Z,,2025-06-23T18:00:00Z,2025-06-23T18:00:00Z,146.155,S2_CLOSE_INVALIDATION,-1.4125560538115656,0.14349775784752514,-1.5560538116590907,HTF_UNAMBIGUOUS,,S2_CLOSE_INVALIDATION,false,2.7578035874438838,1.8968609865469812,1,30,other_tf_refusals=86,false
IPO_1H_PLUS_4H,USD/JPY,1h,USD/JPY_2025-07-01,demand,2025-06-20T16:00:00Z,145.92599,145.946,145.784,145.839,145.946,145.865,145.865,2025-06-23T22:00:00Z,2025-06-23T22:00:00Z,145.865,145.784,146.02700000000004,0.08100000000001728,2025-06-23T22:06:00Z,2025-06-23T23:12:00Z,2025-06-24T00:00:00Z,2025-06-23T23:12:00Z,146.02700000000004,TARGET,2,0.19753086419748872,1.8024691358025113,1M_RESOLVED,,TARGET,false,1.3950617283947584,3.8518518518508253,0,66,other_tf_refusals=86,false
IPO_1H_PLUS_4H,USD/JPY,1h,USD/JPY_2025-07-01,demand,2025-06-20T02:00:00Z,145.33299,145.364,145.226,145.24699,145.364,145.29500000000002,145.29500000000002,2025-06-24T03:00:00Z,2025-06-24T03:00:00Z,145.29500000000002,145.226,145.43300000000005,0.06900000000001683,2025-06-24T03:50:00Z,2025-06-24T04:02:00Z,2025-06-24T06:00:00Z,2025-06-24T04:02:00Z,145.43300000000005,TARGET,2,0.23188405797095796,1.768115942029042,1M_RESOLVED,,TARGET,false,0.1449275362321288,3.130434782607639,0,12,other_tf_refusals=86,false
IPO_1H_PLUS_4H,USD/JPY,1h,USD/JPY_2025-07-01,demand,2025-06-20T02:00:00Z,145.33299,145.364,145.226,145.24699,145.364,145.29500000000002,145.29500000000002,2025-06-24T05:00:00Z,2025-06-24T05:00:00Z,145.29500000000002,145.226,145.43300000000005,0.06900000000001683,2025-06-24T05:57:00Z,,2025-06-24T06:00:00Z,2025-06-24T06:00:00Z,145.196,S2_CLOSE_INVALIDATION,-1.4347826086955626,0.23188405797095796,-1.6666666666665206,HTF_UNAMBIGUOUS,,TARGET,true,0.20275362318845536,3.1594202898541472,0,3,other_tf_refusals=86,false
IPO_1H_PLUS_4H,USD/JPY,1h,USD/JPY_2025-07-01,demand,2025-06-19T04:00:00Z,145.070007,145.10899,145.016006,145.035995,145.10899,145.062498,145.062498,2025-06-24T06:00:00Z,2025-06-24T06:00:00Z,145.062498,145.016006,145.155482,0.046492000000000644,2025-06-24T06:23:00Z,2025-06-24T06:32:00Z,2025-06-24T09:00:00Z,2025-06-24T06:32:00Z,145.155482,TARGET,2,0.34414522928675423,1.6558547707132458,1M_RESOLVED,,TARGET,false,0.6343672029596877,5.388066764174044,0,9,other_tf_refusals=86,false
IPO_1H_PLUS_4H,USD/JPY,1h,USD/JPY_2025-07-01,demand,2025-06-17T04:00:00Z,144.657,144.67101,144.39799,144.588,144.67101,144.53449999999998,144.53449999999998,2025-06-24T14:00:00Z,2025-06-24T14:00:00Z,144.53449999999998,144.39799,144.80751999999995,0.13650999999998703,2025-06-24T14:25:00Z,2025-06-24T15:32:00Z,2025-06-26T06:00:00Z,2025-06-24T15:32:00Z,144.80751999999995,TARGET,2,0.11720753058385115,1.8827924694161489,1M_RESOLVED,,TARGET,false,0.1867995018679678,3.776302102410613,0,67,other_tf_refusals=86,false
IPO_1H_PLUS_4H,USD/JPY,1h,USD/JPY_2025-07-01,supply,2025-06-24T01:00:00Z,145.603,145.733,145.472,145.677,145.60250000000002,145.472,145.60250000000002,2025-06-25T10:00:00Z,2025-06-25T10:00:00Z,145.60250000000002,145.733,145.34150000000005,0.13049999999998363,2025-06-25T10:00:00Z,,2025-06-25T11:00:00Z,2025-06-25T11:00:00Z,145.74899,S2_CLOSE_INVALIDATION,-1.122528735632107,0.12260536398468971,-1.2451340996167968,HTF_UNAMBIGUOUS,,S2_CLOSE_INVALIDATION,false,1.5057471264368643,0.4559386973181729,1,60,other_tf_refusals=86,false
IPO_1H_PLUS_4H,USD/JPY,1h,USD/JPY_2025-07-01,demand,2025-06-16T13:00:00Z,144.098007,144.112,143.76801,143.808,144.112,143.94000499999999,143.94000499999999,2025-06-26T09:00:00Z,2025-06-26T09:00:00Z,143.94000499999999,143.76801,144.28399499999995,0.17199499999998125,2025-06-26T09:00:00Z,2025-06-26T11:14:00Z,2025-07-01T00:00:00Z,2025-06-26T11:14:00Z,144.28399499999995,TARGET,2,0.09302596005698854,1.9069740399430115,1M_RESOLVED,,TARGET,false,0.26747870577624155,2.9302886711826406,2,134,other_tf_refusals=86,false
IPO_1H_PLUS_4H,USD/JPY,1h,USD/JPY_2025-07-01,supply,2025-06-26T11:00:00Z,144.2,144.444,144.19099,144.383,144.317495,144.19099,144.317495,2025-06-26T21:00:00Z,2025-06-26T21:00:00Z,144.317495,144.444,144.06448500000005,0.12650499999998033,2025-06-26T21:00:00Z,,2025-06-26T22:00:00Z,2025-06-26T22:00:00Z,144.59801,S2_CLOSE_INVALIDATION,-2.2174222362754317,0.12647721433937384,-2.3438994506148054,HTF_UNAMBIGUOUS,,S2_CLOSE_INVALIDATION,false,2.7074423935816117,0.46239279079902806,1,60,other_tf_refusals=86,false
IPO_1H_PLUS_4H,USD/JPY,1h,USD/JPY_2025-07-01,supply,2025-06-26T03:00:00Z,144.688,144.81799,144.567,144.785,144.692495,144.567,144.692495,2025-06-27T00:00:00Z,2025-06-27T00:00:00Z,144.692495,144.81799,144.441505,0.1254950000000008,2025-06-27T00:01:00Z,2025-06-27T01:48:00Z,2025-06-27T14:00:00Z,2025-06-27T01:48:00Z,144.441505,TARGET,2,0.12749511932746244,1.8725048806725375,1M_RESOLVED,,TARGET,false,0.9203952348697869,3.350691262600215,1,107,other_tf_refusals=86,false
IPO_1H_PLUS_4H,USD/JPY,1h,USD/JPY_2025-07-01,supply,2025-06-26T01:00:00Z,144.688,144.92799,144.66901,144.722,144.7985,144.66901,144.7985,2025-06-27T13:00:00Z,2025-06-27T13:00:00Z,144.7985,144.92799,144.53951999999998,0.1294900000000041,2025-06-27T13:31:00Z,2025-06-27T16:41:00Z,,2025-06-27T16:41:00Z,144.53951999999998,TARGET,2,0.12356166499343188,1.876438335006568,HTF_UNAMBIGUOUS,,TARGET,false,0.050119700363066226,3.2705228202948224,0,190,other_tf_refusals=86,false
IPO_1H_PLUS_4H,USD/JPY,1h,USD/JPY_2025-07-01,supply,2025-06-26T01:00:00Z,144.688,144.92799,144.66901,144.722,144.7985,144.66901,144.7985,2025-06-27T15:00:00Z,2025-06-27T15:00:00Z,144.7985,144.92799,144.53951999999998,0.1294900000000041,2025-06-27T15:00:00Z,2025-06-27T16:41:00Z,,2025-06-27T16:41:00Z,144.53951999999998,TARGET,2,0.12356166499343188,1.876438335006568,HTF_UNAMBIGUOUS,,TARGET,false,0.8610703529230292,2.0271835662984037,1,101,other_tf_refusals=86,false
IPO_1H_PLUS_4H,USD/JPY,1h,USD/JPY_2025-07-01,demand,2025-06-16T13:00:00Z,144.098007,144.112,143.76801,143.808,144.112,143.94000499999999,143.94000499999999,2025-06-30T06:00:00Z,2025-06-30T06:00:00Z,143.94000499999999,143.76801,144.28399499999995,0.17199499999998125,2025-06-30T06:00:00Z,2025-06-30T10:00:00Z,2025-07-01T00:00:00Z,2025-06-30T10:00:00Z,144.28399499999995,TARGET,2,0.09302596005698854,1.9069740399430115,1M_RESOLVED,,TARGET,false,0.9419169161894891,2.0290996831305574,4,240,other_tf_refusals=86,false
IPO_1H_PLUS_4H,USD/JPY,4h,USD/JPY_2025-07-01,supply,2025-04-07T13:00:00Z,146.98,148.11,146.50999,147.94,147.30999500000001,146.50999,147.30999500000001,2025-05-12T05:00:00Z,2025-05-12T05:00:00Z,147.30999500000001,148.11,145.70998500000002,0.8000049999999987,2025-05-12T07:24:00Z,,2025-05-12T13:00:00Z,2025-05-12T13:00:00Z,148.511,S2_CLOSE_INVALIDATION,-1.5012468672070582,0.019999875000781278,-1.5212467422078395,HTF_UNAMBIGUOUS,,S2_CLOSE_INVALIDATION,false,1.6012462422109803,1.79998250010939,2,336,other_tf_refusals=20,false
IPO_1H_PLUS_4H,USD/JPY,4h,USD/JPY_2025-07-01,demand,2025-05-14T09:00:00Z,146.25,146.394,145.601,146.19099,146.394,145.9975,145.9975,2025-05-15T05:00:00Z,2025-05-15T05:00:00Z,145.9975,145.601,146.7905,0.3965000000000032,2025-05-15T05:09:00Z,,2025-05-15T21:00:00Z,2025-05-15T21:00:00Z,145.087006,S2_CLOSE_INVALIDATION,-2.2963278688524404,0.040353089533417076,-2.3366809583858577,HTF_UNAMBIGUOUS,,S2_CLOSE_INVALIDATION,false,2.5233543505674234,0.6469104665825632,4,951,other_tf_refusals=20,false
IPO_1H_PLUS_4H,USD/JPY,4h,USD/JPY_2025-07-01,demand,2025-05-06T17:00:00Z,142.724,142.737,142.347,142.414,142.737,142.542,142.542,2025-05-23T09:00:00Z,2025-05-23T09:00:00Z,142.542,142.347,142.932,0.19499999999999318,2025-05-23T11:51:00Z,2025-05-25T23:53:00Z,2025-05-26T21:00:00Z,2025-05-25T23:53:00Z,142.932,TARGET,2,0.08205128205128492,1.9179487179487151,1M_RESOLVED,,TARGET,false,0.4717948717949548,4.55897435897457,0,3602,other_tf_refusals=20,false
IPO_1H_PLUS_4H,USD/JPY,4h,USD/JPY_2025-07-01,demand,2025-05-06T17:00:00Z,142.724,142.737,142.347,142.414,142.737,142.542,142.542,2025-05-26T05:00:00Z,2025-05-26T05:00:00Z,142.542,142.347,142.932,0.19499999999999318,2025-05-26T05:00:00Z,2025-05-26T09:04:00Z,2025-05-26T21:00:00Z,2025-05-26T09:04:00Z,142.932,TARGET,2,0.08205128205128492,1.9179487179487151,1M_RESOLVED,,TARGET,false,0.3641538461538647,2.5230615384616155,1,244,other_tf_refusals=20,false
IPO_1H_PLUS_4H,USD/JPY,4h,USD/JPY_2025-07-01,supply,2025-05-22T13:00:00Z,143.55099,144.117,143.429,144.018997,143.773,143.429,143.773,2025-05-27T05:00:00Z,2025-05-27T05:00:00Z,143.773,144.117,143.085,0.3439999999999941,2025-05-27T07:47:00Z,,2025-05-27T13:00:00Z,2025-05-27T13:00:00Z,144.375,S2_CLOSE_INVALIDATION,-1.7500000000000413,0.04651162790697754,-1.7965116279070188,HTF_UNAMBIGUOUS,,TARGET,true,0.33136627906977645,2.6802325581395725,0,313,other_tf_refusals=20,false
IPO_1H_PLUS_4H,USD/JPY,4h,USD/JPY_2025-07-01,supply,2025-05-20T13:00:00Z,144.80901,144.97701,144.509,144.811,144.74300499999998,144.509,144.74300499999998,2025-05-28T01:00:00Z,2025-05-28T01:00:00Z,144.74300499999998,144.97701,144.27499499999993,0.23400500000002467,2025-05-28T01:09:00Z,2025-05-28T01:20:00Z,2025-05-28T21:00:00Z,2025-05-28T01:20:00Z,144.27499499999993,TARGET,2,0.06837460738017698,1.931625392619823,1M_RESOLVED,,TARGET,false,0.10254054400551699,2.8461314929164074,0,11,other_tf_refusals=20,false
IPO_1H_PLUS_4H,USD/JPY,4h,USD/JPY_2025-07-01,supply,2025-05-15T09:00:00Z,145.74899,146.254,145.62801,145.8,145.941005,145.62801,145.941005,2025-05-28T21:00:00Z,2025-05-28T21:00:00Z,145.941005,146.254,145.315015,0.3129950000000008,2025-05-28T23:43:00Z,2025-05-29T07:44:00Z,2025-06-22T21:00:00Z,2025-05-29T07:44:00Z,145.315015,TARGET,2,0.05111902746050243,1.9488809725394975,1M_RESOLVED,,TARGET,false,0.514401188517442,3.888257000910549,0,481,other_tf_refusals=20,false
IPO_1H_PLUS_4H,USD/JPY,4h,USD/JPY_2025-07-01,supply,2025-05-15T09:00:00Z,145.74899,146.254,145.62801,145.8,145.941005,145.62801,145.941005,2025-05-29T05:00:00Z,2025-05-29T05:00:00Z,145.941005,146.254,145.315015,0.3129950000000008,2025-05-29T05:46:00Z,2025-05-29T07:44:00Z,2025-06-22T21:00:00Z,2025-05-29T07:44:00Z,145.315015,TARGET,2,0.05111902746050243,1.9488809725394975,1M_RESOLVED,,TARGET,false,0.4856211760571971,2.578331922235185,0,118,other_tf_refusals=20,false
IPO_1H_PLUS_4H,USD/JPY,4h,USD/JPY_2025-07-01,supply,2025-05-28T21:00:00Z,144.825,146.10201,144.724,146.091995,145.413005,144.724,145.413005,2025-06-11T09:00:00Z,2025-06-11T09:00:00Z,145.413005,146.10201,144.03499499999998,0.6890050000000087,2025-06-11T12:04:00Z,2025-06-12T00:46:00Z,2025-06-22T21:00:00Z,2025-06-12T00:46:00Z,144.03499499999998,TARGET,2,0.023221892439096663,1.9767781075609034,1M_RESOLVED,,TARGET,false,0.07691526186313484,2.1233590467413026,3,762,other_tf_refusals=20,false
IPO_1H_PLUS_4H,USD/JPY,4h,USD/JPY_2025-07-01,supply,2025-06-11T05:00:00Z,145.031998,145.246,144.964,145.065994,145.10500000000002,144.964,145.10500000000002,2025-06-16T21:00:00Z,2025-06-16T21:00:00Z,145.10500000000002,145.246,144.82300000000004,0.14099999999999113,2025-06-17T00:57:00Z,2025-06-17T01:41:00Z,2025-06-17T17:00:00Z,2025-06-17T01:41:00Z,144.82300000000004,TARGET,2,0.11347517730497168,1.8865248226950284,1M_RESOLVED,,TARGET,false,0.049645390070759014,3.7872340425535733,0,44,other_tf_refusals=20,false
IPO_1H_PLUS_4H,USD/JPY,4h,USD/JPY_2025-07-01,supply,2025-06-11T05:00:00Z,145.031998,145.246,144.964,145.065994,145.10500000000002,144.964,145.10500000000002,2025-06-17T13:00:00Z,2025-06-17T13:00:00Z,145.10500000000002,145.246,144.82300000000004,0.14099999999999113,2025-06-17T14:31:00Z,,2025-06-17T17:00:00Z,2025-06-17T17:00:00Z,145.25301,S2_CLOSE_INVALIDATION,-1.049716312056597,0.11347517730497168,-1.1631914893615687,HTF_UNAMBIGUOUS,,TARGET,true,1.3333333333333333,2.978723404255619,0,149,other_tf_refusals=20,false
IPO_1H_PLUS_4H,USD/JPY,4h,USD/JPY_2025-07-01,supply,2025-05-15T09:00:00Z,145.74899,146.254,145.62801,145.8,145.941005,145.62801,145.941005,2025-06-20T17:00:00Z,2025-06-20T17:00:00Z,145.941005,146.254,145.315015,0.3129950000000008,2025-06-20T18:38:00Z,,2025-06-22T21:00:00Z,2025-06-22T21:00:00Z,146.451,S2_CLOSE_INVALIDATION,-1.629403025607445,0.05111902746050243,-1.6805220530679474,HTF_UNAMBIGUOUS,,S2_CLOSE_INVALIDATION,false,1.8530487707471213,0.5335708238150403,1,3022,other_tf_refusals=20,false
IPO_1H_PLUS_4H,USD/JPY,4h,USD/JPY_2025-07-01,demand,2025-06-20T05:00:00Z,145.347,145.485,145.26199,145.327,145.485,145.373495,145.373495,2025-06-24T01:00:00Z,2025-06-24T01:00:00Z,145.373495,145.26199,145.59650499999998,0.11150499999999397,2025-06-24T03:32:00Z,,2025-06-24T05:00:00Z,2025-06-24T05:00:00Z,145.091995,S2_CLOSE_INVALIDATION,-2.524550468588936,0.14349132325905445,-2.6680417918479904,HTF_UNAMBIGUOUS,,TARGET,true,0.7936415407380786,3.2241155105155133,0,88,other_tf_refusals=20,false
IPO_1H_PLUS_4H,USD/JPY,4h,USD/JPY_2025-07-01,demand,2025-06-17T01:00:00Z,145.061996,145.063995,144.39799,144.588,145.063995,144.7309925,144.7309925,2025-06-24T13:00:00Z,2025-06-24T13:00:00Z,144.7309925,144.39799,145.39699750000005,0.3330025000000205,2025-06-24T14:16:00Z,2025-06-25T08:15:00Z,2025-06-26T05:00:00Z,2025-06-25T08:15:00Z,145.39699750000005,TARGET,2,0.04804768732967174,1.9519523126703282,1M_RESOLVED,,TARGET,false,0.6666391393458417,2.300275523456882,4,1079,other_tf_refusals=20,false
IPO_1H_PLUS_4H,USD/JPY,4h,USD/JPY_2025-07-01,demand,2025-06-17T01:00:00Z,145.061996,145.063995,144.39799,144.588,145.063995,144.7309925,144.7309925,2025-06-25T21:00:00Z,2025-06-25T21:00:00Z,144.7309925,144.39799,145.39699750000005,0.3330025000000205,2025-06-26T00:50:00Z,,2025-06-26T05:00:00Z,2025-06-26T05:00:00Z,143.92599,S2_CLOSE_INVALIDATION,-2.4174067762252562,0.04804768732967174,-2.465454463554928,HTF_UNAMBIGUOUS,,S2_CLOSE_INVALIDATION,false,2.954940278225965,1.5976081260649964,2,250,other_tf_refusals=20,false
IPO_1H_PLUS_4H,USD/JPY,4h,USD/JPY_2025-07-01,supply,2025-06-26T01:00:00Z,144.688,144.965,144.567,144.77901,144.76600000000002,144.567,144.76600000000002,2025-06-27T13:00:00Z,2025-06-27T13:00:00Z,144.76600000000002,144.965,144.36800000000005,0.19899999999998386,2025-06-27T13:30:00Z,2025-06-30T01:29:00Z,,2025-06-30T01:29:00Z,144.36800000000005,TARGET,2,0.08040201005025778,1.9195979899497422,HTF_UNAMBIGUOUS,,TARGET,false,0.8995477386934237,4.316582914573259,4,3599,other_tf_refusals=20,false
IPO_1H_PLUS_4H,USD/JPY,1h,USD/JPY_2025-11-01,supply,2025-09-16T15:00:00Z,146.521,146.68201,146.494,146.55299,146.588005,146.494,146.588005,2025-09-17T01:00:00Z,2025-09-17T01:00:00Z,146.588005,146.68201,146.39999500000005,0.09400499999998146,2025-09-17T01:33:00Z,2025-09-17T05:04:00Z,2025-09-17T18:00:00Z,2025-09-17T05:04:00Z,146.39999500000005,TARGET,2,0.17020371256851397,1.8297962874314861,1M_RESOLVED,,TARGET,false,0.17015052390837626,2.3934365193346236,4,211,other_tf_refusals=199,false
IPO_1H_PLUS_4H,USD/JPY,1h,USD/JPY_2025-11-01,supply,2025-09-16T15:00:00Z,146.521,146.68201,146.494,146.55299,146.588005,146.494,146.588005,2025-09-17T07:00:00Z,2025-09-17T07:00:00Z,146.588005,146.68201,146.39999500000005,0.09400499999998146,2025-09-17T07:11:00Z,2025-09-17T08:50:00Z,2025-09-17T18:00:00Z,2025-09-17T08:50:00Z,146.39999500000005,TARGET,2,0.17020371256851397,1.8297962874314861,1M_RESOLVED,,TARGET,false,1,2.3403542364774004,1,99,other_tf_refusals=199,false
IPO_1H_PLUS_4H,USD/JPY,1h,USD/JPY_2025-11-01,supply,2025-09-16T12:00:00Z,146.94701,147.256,146.90199,147.098007,147.07899500000002,146.90199,147.07899500000002,2025-09-18T04:00:00Z,2025-09-18T04:00:00Z,147.07899500000002,147.256,146.72498500000006,0.17700499999997987,2025-09-18T04:02:00Z,,2025-09-18T05:00:00Z,2025-09-18T05:00:00Z,147.351,S2_CLOSE_INVALIDATION,-1.5367080025988513,0.09039292675349182,-1.627100929352343,HTF_UNAMBIGUOUS,,S2_CLOSE_INVALIDATION,false,1.8417841303918976,0.248529702550995,1,58,other_tf_refusals=199,false
IPO_1H_PLUS_4H,USD/JPY,1h,USD/JPY_2025-11-01,supply,2025-09-16T00:00:00Z,147.399,147.502,147.34399,147.437,147.42299500000001,147.34399,147.42299500000001,2025-09-18T07:00:00Z,2025-09-18T07:00:00Z,147.42299500000001,147.502,147.26498500000002,0.0790049999999951,2025-09-18T07:01:00Z,2025-09-18T07:09:00Z,2025-09-18T12:00:00Z,2025-09-18T07:09:00Z,147.26498500000002,TARGET,2,0.20251882792229595,1.797481172077704,1M_RESOLVED,,TARGET,false,0.03790899310168612,5.07552686538861,0,8,other_tf_refusals=199,false
IPO_1H_PLUS_4H,USD/JPY,1h,USD/JPY_2025-11-01,supply,2025-09-16T00:00:00Z,147.399,147.502,147.34399,147.437,147.42299500000001,147.34399,147.42299500000001,2025-09-18T09:00:00Z,2025-09-18T09:00:00Z,147.42299500000001,147.502,147.26498500000002,0.0790049999999951,2025-09-18T09:00:00Z,2025-09-18T09:14:00Z,2025-09-18T12:00:00Z,2025-09-18T09:14:00Z,147.26498500000002,TARGET,2,0.20251882792229595,1.797481172077704,1M_RESOLVED,,TARGET,false,0.3923169419655975,3.3921270805648995,0,14,other_tf_refusals=199,false
IPO_1H_PLUS_4H,USD/JPY,1h,USD/JPY_2025-11-01,supply,2025-09-16T00:00:00Z,147.399,147.502,147.34399,147.437,147.42299500000001,147.34399,147.42299500000001,2025-09-18T11:00:00Z,2025-09-18T11:00:00Z,147.42299500000001,147.502,147.26498500000002,0.0790049999999951,2025-09-18T11:49:00Z,,2025-09-18T12:00:00Z,2025-09-18T12:00:00Z,147.784,S2_CLOSE_INVALIDATION,-4.569394342130241,0.20251882792229595,-4.771913170052537,HTF_UNAMBIGUOUS,,TARGET,true,0.012720713878769866,2.708626036327125,0,11,other_tf_refusals=199,false
IPO_1H_PLUS_4H,USD/JPY,1h,USD/JPY_2025-11-01,supply,2025-09-12T15:00:00Z,147.66701,147.864,147.646,147.85201,147.755,147.646,147.755,2025-09-18T12:00:00Z,2025-09-18T12:00:00Z,147.755,147.864,147.53699999999998,0.10900000000000887,2025-09-18T12:57:00Z,,2025-09-18T13:00:00Z,2025-09-18T13:00:00Z,148.057999,S2_CLOSE_INVALIDATION,-2.7798073394493135,0.14678899082567615,-2.9265963302749896,HTF_UNAMBIGUOUS,,TARGET,true,0.42192660550471356,3.6422018348620098,0,3,other_tf_refusals=199,false
IPO_1H_PLUS_4H,USD/JPY,1h,USD/JPY_2025-11-01,supply,2025-09-08T03:00:00Z,148.074997,148.22301,148.0090027,148.19701,148.11600635,148.0090027,148.11600635,2025-09-18T13:00:00Z,2025-09-18T13:00:00Z,148.11600635,148.22301,147.90199905,0.10700364999999579,2025-09-18T13:38:00Z,2025-09-18T14:49:00Z,2025-09-22T02:00:00Z,2025-09-18T14:49:00Z,147.90199905,TARGET,2,0.14952760957220274,1.8504723904277973,1M_RESOLVED,,TARGET,false,1.4111074715676493,3.0934117667949512,0,71,other_tf_refusals=199,false
IPO_1H_PLUS_4H,USD/JPY,1h,USD/JPY_2025-11-01,supply,2025-09-12T12:00:00Z,147.83501,148.072006,147.802,147.84399,147.937003,147.802,147.937003,2025-09-18T19:00:00Z,2025-09-18T19:00:00Z,147.937003,148.072006,147.66699700000004,0.13500299999998333,2025-09-18T19:58:00Z,2025-09-19T03:47:00Z,2025-09-19T11:00:00Z,2025-09-19T03:47:00Z,147.66699700000004,TARGET,2,0.11851588483220354,1.8814841151677966,1M_RESOLVED,,TARGET,false,1.3037265838538419,4.244372347281695,8,469,other_tf_refusals=199,false
IPO_1H_PLUS_4H,USD/JPY,1h,USD/JPY_2025-11-01,supply,2025-09-12T12:00:00Z,147.83501,148.072006,147.802,147.84399,147.937003,147.802,147.937003,2025-09-19T06:00:00Z,2025-09-19T06:00:00Z,147.937003,148.072006,147.66699700000004,0.13500299999998333,2025-09-19T06:50:00Z,2025-09-19T07:37:00Z,2025-09-19T11:00:00Z,2025-09-19T07:37:00Z,147.66699700000004,TARGET,2,0.11851588483220354,1.8814841151677966,1M_RESOLVED,,TARGET,false,0.37782123360225156,3.5183884802565175,0,47,other_tf_refusals=199,false
IPO_1H_PLUS_4H,USD/JPY,1h,USD/JPY_2025-11-01,supply,2025-09-12T12:00:00Z,147.83501,148.072006,147.802,147.84399,147.937003,147.802,147.937003,2025-09-19T10:00:00Z,2025-09-19T10:00:00Z,147.937003,148.072006,147.66699700000004,0.13500299999998333,2025-09-19T10:00:00Z,,2025-09-19T11:00:00Z,2025-09-19T11:00:00Z,148.164,S2_CLOSE_INVALIDATION,-1.681421894328356,0.11851588483220354,-1.7999377791605595,HTF_UNAMBIGUOUS,,S2_CLOSE_INVALIDATION,false,1.9259349792229339,0.6443782730755427,1,60,other_tf_refusals=199,false
IPO_1H_PLUS_4H,USD/JPY,1h,USD/JPY_2025-11-01,supply,2025-09-08T03:00:00Z,148.074997,148.22301,148.0090027,148.19701,148.11600635,148.0090027,148.11600635,2025-09-19T13:00:00Z,2025-09-19T13:00:00Z,148.11600635,148.22301,147.90199905,0.10700364999999579,2025-09-19T13:00:00Z,2025-09-19T13:17:00Z,2025-09-22T02:00:00Z,2025-09-19T13:17:00Z,147.90199905,TARGET,2,0.14952760957220274,1.8504723904277973,1M_RESOLVED,,TARGET,false,0.4017961069552427,2.9532296328208734,0,17,other_tf_refusals=199,false
IPO_1H_PLUS_4H,USD/JPY,1h,USD/JPY_2025-11-01,demand,2025-09-19T08:00:00Z,147.929,148.033005,147.806,147.854,148.033005,147.91950250000002,147.91950250000002,2025-09-19T15:00:00Z,2025-09-19T15:00:00Z,147.91950250000002,147.806,148.14650750000004,0.11350250000000983,2025-09-19T15:00:00Z,2025-09-22T00:02:00Z,2025-09-22T16:00:00Z,2025-09-22T00:02:00Z,148.14650750000004,TARGET,2,0.14096605801633105,1.859033941983669,1M_RESOLVED,,TARGET,false,1.1410541618027914,2.9734807603352733,7,3422,other_tf_refusals=199,false
IPO_1H_PLUS_4H,USD/JPY,1h,USD/JPY_2025-11-01,supply,2025-09-08T03:00:00Z,148.074997,148.22301,148.0090027,148.19701,148.11600635,148.0090027,148.11600635,2025-09-22T01:00:00Z,2025-09-22T01:00:00Z,148.11600635,148.22301,147.90199905,0.10700364999999579,2025-09-22T01:00:00Z,,2025-09-22T02:00:00Z,2025-09-22T02:00:00Z,148.342,S2_CLOSE_INVALIDATION,-2.1120181414375088,0.14952760957220274,-2.2615457510097117,HTF_UNAMBIGUOUS,,S2_CLOSE_INVALIDATION,false,2.214818373018358,0.33647777435616555,1,60,other_tf_refusals=199,false
IPO_1H_PLUS_4H,USD/JPY,1h,USD/JPY_2025-11-01,demand,2025-09-19T15:00:00Z,147.882,147.951,147.82201,147.83099,147.951,147.886505,147.886505,2025-09-22T07:00:00Z,2025-09-22T07:00:00Z,147.886505,147.82201,148.015495,0.06449499999999375,2025-09-22T07:26:00Z,2025-09-22T07:32:00Z,2025-09-22T13:00:00Z,2025-09-22T07:32:00Z,148.015495,TARGET,2,0.24808124660828826,1.7519187533917118,1M_RESOLVED,,TARGET,false,0.03884022017231982,3.8064191022564406,0,6,other_tf_refusals=199,false
IPO_1H_PLUS_4H,USD/JPY,1h,USD/JPY_2025-11-01,demand,2025-09-19T08:00:00Z,147.929,148.033005,147.806,147.854,148.033005,147.91950250000002,147.91950250000002,2025-09-22T08:00:00Z,2025-09-22T08:00:00Z,147.91950250000002,147.806,148.14650750000004,0.11350250000000983,2025-09-22T08:09:00Z,,2025-09-22T16:00:00Z,2025-09-22T16:00:00Z,147.741,S2_CLOSE_INVALIDATION,-1.5726746106913247,0.14096605801633105,-1.7136406687076557,HTF_UNAMBIGUOUS,,S2_CLOSE_INVALIDATION,false,1.722451047333891,1.8281315389526236,8,471,other_tf_refusals=199,false
IPO_1H_PLUS_4H,USD/JPY,1h,USD/JPY_2025-11-01,supply,2025-09-23T02:00:00Z,147.62,147.814,147.601,147.78799,147.70749999999998,147.601,147.70749999999998,2025-09-23T13:00:00Z,2025-09-23T13:00:00Z,147.70749999999998,147.814,147.49449999999996,0.10650000000001114,2025-09-23T13:00:00Z,,2025-09-23T15:00:00Z,2025-09-23T15:00:00Z,147.83501,S2_CLOSE_INVALIDATION,-1.1972769953053144,0.15023474178402185,-1.3475117370893361,HTF_UNAMBIGUOUS,,S2_CLOSE_INVALIDATION,false,2.0515492957747257,0.9061971830984497,2,120,other_tf_refusals=199,false
IPO_1H_PLUS_4H,USD/JPY,1h,USD/JPY_2025-11-01,demand,2025-09-19T05:00:00Z,147.517,147.582,147.411,147.508,147.582,147.4965,147.4965,2025-09-23T17:00:00Z,2025-09-23T17:00:00Z,147.4965,147.411,147.6675,0.08549999999999613,2025-09-23T17:51:00Z,2025-09-23T20:32:00Z,2025-10-01T06:00:00Z,2025-09-23T20:32:00Z,147.6675,TARGET,2,0.18713450292398506,1.812865497076015,1M_RESOLVED,,TARGET,false,0.13450292397642546,3.245614035087906,0,161,other_tf_refusals=199,false
IPO_1H_PLUS_4H,USD/JPY,1h,USD/JPY_2025-11-01,demand,2025-09-25T00:00:00Z,148.778,148.79201,148.55701,148.569,148.79201,148.67451,148.67451,2025-09-29T07:00:00Z,2025-09-29T07:00:00Z,148.67451,148.55701,148.90951,0.11750000000000682,2025-09-29T07:14:00Z,,2025-09-29T08:00:00Z,2025-09-29T08:00:00Z,148.522,S2_CLOSE_INVALIDATION,-1.2979574468084913,0.13617021276594954,-1.434127659574441,HTF_UNAMBIGUOUS,,S2_CLOSE_INVALIDATION,false,1.7660425531912591,1.3829787234041266,1,46,other_tf_refusals=199,false
IPO_1H_PLUS_4H,USD/JPY,1h,USD/JPY_2025-11-01,supply,2025-09-29T06:00:00Z,148.77299,148.853,148.705,148.817,148.779,148.705,148.779,2025-09-29T11:00:00Z,2025-09-29T11:00:00Z,148.779,148.853,148.63099999999997,0.07400000000001228,2025-09-29T11:27:00Z,2025-09-29T11:58:00Z,2025-10-05T23:00:00Z,2025-09-29T11:58:00Z,148.63099999999997,TARGET,2,0.21621621621618034,1.7837837837838197,1M_RESOLVED,,TARGET,false,0.2702702702703637,2.2027027027021004,0,31,other_tf_refusals=199,false
IPO_1H_PLUS_4H,USD/JPY,1h,USD/JPY_2025-11-01,supply,2025-09-29T06:00:00Z,148.77299,148.853,148.705,148.817,148.779,148.705,148.779,2025-09-30T00:00:00Z,2025-09-30T00:00:00Z,148.779,148.853,148.63099999999997,0.07400000000001228,2025-09-30T00:50:00Z,2025-09-30T01:29:00Z,2025-10-05T23:00:00Z,2025-09-30T01:29:00Z,148.63099999999997,TARGET,2,0.21621621621618034,1.7837837837838197,1M_RESOLVED,,TARGET,false,0.8918918918917778,3.1485135135130036,0,39,other_tf_refusals=199,false
IPO_1H_PLUS_4H,USD/JPY,1h,USD/JPY_2025-11-01,supply,2025-09-29T06:00:00Z,148.77299,148.853,148.705,148.817,148.779,148.705,148.779,2025-09-30T02:00:00Z,2025-09-30T02:00:00Z,148.779,148.853,148.63099999999997,0.07400000000001228,2025-09-30T02:01:00Z,2025-09-30T02:31:00Z,2025-10-05T23:00:00Z,2025-09-30T02:31:00Z,148.63099999999997,TARGET,2,0.21621621621618034,1.7837837837838197,1M_RESOLVED,,TARGET,false,0.310810810810707,2.121756756756208,0,30,other_tf_refusals=199,false
IPO_1H_PLUS_4H,USD/JPY,1h,USD/JPY_2025-11-01,demand,2025-09-24T07:00:00Z,148.052994,148.10001,147.99899,148.039001,148.10001,148.0495,148.0495,2025-09-30T06:00:00Z,2025-09-30T06:00:00Z,148.0495,147.99899,148.15052,0.05051000000000272,2025-09-30T06:51:00Z,2025-09-30T07:41:00Z,2025-09-30T08:00:00Z,2025-09-30T07:41:00Z,148.15052,TARGET,2,0.31676895664223204,1.683231043357768,1M_RESOLVED,,TARGET,false,0.14834686200716743,5.9691150267271444,0,50,other_tf_refusals=199,false
IPO_1H_PLUS_4H,USD/JPY,1h,USD/JPY_2025-11-01,demand,2025-09-24T05:00:00Z,147.895,147.94,147.80499,147.871,147.94,147.87249500000001,147.87249500000001,2025-09-30T09:00:00Z,2025-09-30T09:00:00Z,147.87249500000001,147.80499,148.00750500000004,0.06750500000001125,2025-09-30T09:00:00Z,2025-09-30T10:48:00Z,2025-09-30T14:00:00Z,2025-09-30T10:48:00Z,148.00750500000004,TARGET,2,0.23701948003847617,1.7629805199615238,1M_RESOLVED,,TARGET,false,0.6887637952746277,2.422042811643165,1,108,other_tf_refusals=199,false
IPO_1H_PLUS_4H,USD/JPY,1h,USD/JPY_2025-11-01,demand,2025-09-18T07:00:00Z,147.40401,147.42599,147.022003,147.117,147.42599,147.2239965,147.2239965,2025-10-01T06:00:00Z,2025-10-01T06:00:00Z,147.2239965,147.022003,147.62798349999997,0.20199349999998617,2025-10-01T06:43:00Z,,2025-10-01T11:00:00Z,2025-10-01T11:00:00Z,146.99699,S2_CLOSE_INVALIDATION,-1.1238307173250772,0.07921046964383059,-1.2030411869689077,HTF_UNAMBIGUOUS,,S2_CLOSE_INVALIDATION,false,1.6435999178192624,1.5000160896268169,5,257,other_tf_refusals=199,false
IPO_1H_PLUS_4H,USD/JPY,1h,USD/JPY_2025-11-01,demand,2025-09-17T22:00:00Z,146.91901,146.983,146.78799,146.838,146.983,146.885495,146.885495,2025-10-01T12:00:00Z,2025-10-01T12:00:00Z,146.885495,146.78799,147.08050499999996,0.09750499999998397,2025-10-01T12:15:00Z,2025-10-01T12:15:00Z,2025-10-01T13:00:00Z,2025-10-01T12:15:00Z,147.08050499999996,TARGET,2,0.16409414901802608,1.835905850981974,1M_RESOLVED,,TARGET,false,3.1331213783911536,2.3742884980261176,0,0,other_tf_refusals=199,false
IPO_1H_PLUS_4H,USD/JPY,1h,USD/JPY_2025-11-01,supply,2025-10-01T09:00:00Z,147.144,147.22701,147.065002,147.203,147.146006,147.065002,147.146006,2025-10-01T15:00:00Z,2025-10-01T15:00:00Z,147.146006,147.22701,146.98399799999999,0.08100400000000718,2025-10-01T15:17:00Z,2025-10-02T01:38:00Z,2025-10-02T14:00:00Z,2025-10-02T01:38:00Z,146.98399799999999,TARGET,2,0.19752111006862108,1.8024788899313788,1M_RESOLVED,,TARGET,false,0.8023554392376563,3.814577057922821,0,621,other_tf_refusals=199,false
IPO_1H_PLUS_4H,USD/JPY,1h,USD/JPY_2025-11-01,supply,2025-10-01T09:00:00Z,147.144,147.22701,147.065002,147.203,147.146006,147.065002,147.146006,2025-10-01T17:00:00Z,2025-10-01T17:00:00Z,147.146006,147.22701,146.98399799999999,0.08100400000000718,2025-10-01T17:00:00Z,2025-10-02T01:38:00Z,2025-10-02T14:00:00Z,2025-10-02T01:38:00Z,146.98399799999999,TARGET,2,0.19752111006862108,1.8024788899313788,1M_RESOLVED,,TARGET,false,2.1727815910324235,2.3826724606189793,8,518,other_tf_refusals=199,false
IPO_1H_PLUS_4H,USD/JPY,1h,USD/JPY_2025-11-01,supply,2025-10-01T09:00:00Z,147.144,147.22701,147.065002,147.203,147.146006,147.065002,147.146006,2025-10-02T02:00:00Z,2025-10-02T02:00:00Z,147.146006,147.22701,146.98399799999999,0.08100400000000718,2025-10-02T02:46:00Z,2025-10-02T06:37:00Z,2025-10-02T14:00:00Z,2025-10-02T06:37:00Z,146.98399799999999,TARGET,2,0.19752111006862108,1.8024788899313788,1M_RESOLVED,,TARGET,false,0.48138363537601797,2.6417954668903976,0,231,other_tf_refusals=199,false
IPO_1H_PLUS_4H,USD/JPY,1h,USD/JPY_2025-11-01,supply,2025-10-01T09:00:00Z,147.144,147.22701,147.065002,147.203,147.146006,147.065002,147.146006,2025-10-02T04:00:00Z,2025-10-02T04:00:00Z,147.146006,147.22701,146.98399799999999,0.08100400000000718,2025-10-02T04:11:00Z,2025-10-02T06:37:00Z,2025-10-02T14:00:00Z,2025-10-02T06:37:00Z,146.98399799999999,TARGET,2,0.19752111006862108,1.8024788899313788,1M_RESOLVED,,TARGET,false,2.8886721643372533,3.2222606291045994,2,146,other_tf_refusals=199,false
IPO_1H_PLUS_4H,USD/JPY,1h,USD/JPY_2025-11-01,supply,2025-10-01T09:00:00Z,147.144,147.22701,147.065002,147.203,147.146006,147.065002,147.146006,2025-10-02T12:00:00Z,2025-10-02T12:00:00Z,147.146006,147.22701,146.98399799999999,0.08100400000000718,2025-10-02T12:49:00Z,,2025-10-02T14:00:00Z,2025-10-02T14:00:00Z,147.32899,S2_CLOSE_INVALIDATION,-2.258950175299843,0.19752111006862108,-2.456471285368464,HTF_UNAMBIGUOUS,,TARGET,true,0.6543380573796661,5.024517307786769,0,71,other_tf_refusals=199,false
IPO_1H_PLUS_4H,USD/JPY,1h,USD/JPY_2025-11-01,supply,2025-09-26T13:00:00Z,149.618,149.783,149.505,149.735,149.644,149.505,149.644,2025-10-05T23:00:00Z,2025-10-05T23:00:00Z,149.644,149.783,149.36600000000004,0.13899999999998158,2025-10-05T23:47:00Z,,2025-10-06T02:00:00Z,2025-10-06T02:00:00Z,149.871,S2_CLOSE_INVALIDATION,-1.6330935251801002,0.11510791366908,-1.7482014388491802,HTF_UNAMBIGUOUS,,TARGET,true,0.09352517985616512,3.0503597122306676,0,133,other_tf_refusals=199,false
IPO_1H_PLUS_4H,USD/JPY,1h,USD/JPY_2025-11-01,demand,2025-10-08T12:00:00Z,152.687,152.74699,152.43201,152.502,152.74699,152.5895,152.5895,2025-10-08T21:00:00Z,2025-10-08T21:00:00Z,152.5895,152.43201,152.90447999999998,0.1574899999999957,2025-10-08T21:06:00Z,2025-10-09T06:14:00Z,2025-10-10T15:00:00Z,2025-10-09T06:14:00Z,152.90447999999998,TARGET,2,0.10159375198425576,1.8984062480157442,1M_RESOLVED,,TARGET,false,1.2033144961584195,3.470061591212292,9,548,other_tf_refusals=199,false
IPO_1H_PLUS_4H,USD/JPY,1h,USD/JPY_2025-11-01,demand,2025-10-08T04:00:00Z,152.407,152.493,152.304,152.36301,152.493,152.3985,152.3985,2025-10-09T13:00:00Z,2025-10-09T13:00:00Z,152.3985,152.304,152.58750000000003,0.09450000000001069,2025-10-09T13:07:00Z,2025-10-09T13:07:00Z,2025-10-10T15:00:00Z,2025-10-09T13:07:00Z,152.58750000000003,TARGET,2,0.16931216931215018,1.8306878306878498,1M_RESOLVED,,TARGET,false,3.201132275132123,5.878201058200307,0,0,other_tf_refusals=199,false
IPO_1H_PLUS_4H,USD/JPY,1h,USD/JPY_2025-11-01,demand,2025-10-08T04:00:00Z,152.407,152.493,152.304,152.36301,152.493,152.3985,152.3985,2025-10-10T06:00:00Z,2025-10-10T06:00:00Z,152.3985,152.304,152.58750000000003,0.09450000000001069,2025-10-10T06:37:00Z,2025-10-10T06:38:00Z,2025-10-10T15:00:00Z,2025-10-10T06:38:00Z,152.58750000000003,TARGET,2,0.16931216931215018,1.8306878306878498,1M_RESOLVED,,TARGET,false,0.22751322751323547,5.4761904761896885,0,1,other_tf_refusals=199,false
IPO_1H_PLUS_4H,USD/JPY,1h,USD/JPY_2025-11-01,demand,2025-10-08T12:00:00Z,152.687,152.74699,152.43201,152.502,152.74699,152.5895,152.5895,2025-10-10T07:00:00Z,2025-10-10T07:00:00Z,152.5895,152.43201,152.90447999999998,0.1574899999999957,2025-10-10T07:00:00Z,2025-10-10T07:26:00Z,2025-10-10T15:00:00Z,2025-10-10T07:26:00Z,152.90447999999998,TARGET,2,0.10159375198425576,1.8984062480157442,1M_RESOLVED,,TARGET,false,0.7016318496410974,2.289034224395274,0,26,other_tf_refusals=199,false
IPO_1H_PLUS_4H,USD/JPY,1h,USD/JPY_2025-11-01,demand,2025-10-08T12:00:00Z,152.687,152.74699,152.43201,152.502,152.74699,152.5895,152.5895,2025-10-10T11:00:00Z,2025-10-10T11:00:00Z,152.5895,152.43201,152.90447999999998,0.1574899999999957,2025-10-10T11:41:00Z,,2025-10-10T15:00:00Z,2025-10-10T15:00:00Z,151.942,S2_CLOSE_INVALIDATION,-4.11137215061272,0.10159375198425576,-4.2129659025969755,HTF_UNAMBIGUOUS,,S2_CLOSE_INVALIDATION,false,6.9178995491778315,1.0699092005843391,4,199,other_tf_refusals=199,false
IPO_1H_PLUS_4H,USD/JPY,1h,USD/JPY_2025-11-01,demand,2025-10-07T21:00:00Z,151.89101,151.951,151.82001,151.87199,151.951,151.885505,151.885505,2025-10-10T17:00:00Z,2025-10-10T17:00:00Z,151.885505,151.82001,152.016495,0.06549499999999853,2025-10-10T17:00:00Z,,2025-10-10T18:00:00Z,2025-10-10T18:00:00Z,151.717,S2_CLOSE_INVALIDATION,-2.572791816168955,0.2442934575158464,-2.8170852736848015,HTF_UNAMBIGUOUS,,S2_CLOSE_INVALIDATION,false,3.931521490190268,0.9390793190321766,1,60,other_tf_refusals=199,false
IPO_1H_PLUS_4H,USD/JPY,1h,USD/JPY_2025-11-01,demand,2025-10-13T17:00:00Z,152.27499,152.347,152.228,152.25999,152.347,152.28750000000002,152.28750000000002,2025-10-13T23:00:00Z,2025-10-13T23:00:00Z,152.28750000000002,152.228,152.40650000000005,0.0595000000000141,2025-10-13T23:36:00Z,2025-10-13T23:54:00Z,2025-10-14T03:00:00Z,2025-10-13T23:54:00Z,152.40650000000005,TARGET,2,0.2689075630251464,1.7310924369748535,1M_RESOLVED,,TARGET,false,0.21025210084062626,2.899327731091555,0,18,other_tf_refusals=199,false
IPO_1H_PLUS_4H,USD/JPY,1h,USD/JPY_2025-11-01,supply,2025-10-10T13:00:00Z,152.55299,152.692,152.52499,152.644,152.608495,152.52499,152.608495,2025-10-14T00:00:00Z,2025-10-14T00:00:00Z,152.608495,152.692,152.441485,0.08350500000000238,2025-10-14T00:33:00Z,2025-10-14T00:56:00Z,2025-10-23T10:00:00Z,2025-10-14T00:56:00Z,152.441485,TARGET,2,0.19160529309621632,1.8083947069037838,1M_RESOLVED,,TARGET,false,0.05406861864556251,2.221363990180202,0,23,other_tf_refusals=199,false
IPO_1H_PLUS_4H,USD/JPY,1h,USD/JPY_2025-11-01,demand,2025-10-13T13:00:00Z,152.209,152.265,152.098999,152.183,152.265,152.1819995,152.1819995,2025-10-14T03:00:00Z,2025-10-14T03:00:00Z,152.1819995,152.098999,152.34800049999998,0.08300049999999715,2025-10-14T03:39:00Z,,2025-10-14T04:00:00Z,2025-10-14T04:00:00Z,151.855,S2_CLOSE_INVALIDATION,-3.9397292787394136,0.1927699230727592,-4.1324992018121725,HTF_UNAMBIGUOUS,,TARGET,true,1.662562273721218,2.554207504774351,0,21,other_tf_refusals=199,false
IPO_1H_PLUS_4H,USD/JPY,1h,USD/JPY_2025-11-01,demand,2025-10-07T07:00:00Z,150.62,150.711,150.532,150.619,150.711,150.62150000000003,150.62150000000003,2025-10-16T02:00:00Z,2025-10-16T02:00:00Z,150.62150000000003,150.532,150.80050000000006,0.08950000000001523,2025-10-16T02:00:00Z,2025-10-16T03:00:00Z,2025-10-16T16:00:00Z,2025-10-16T03:00:00Z,150.80050000000006,TARGET,2,0.17877094972063998,1.82122905027936,1M_RESOLVED,,TARGET,false,0.6536312849165116,2.9553072625689913,1,60,other_tf_refusals=199,false
IPO_1H_PLUS_4H,USD/JPY,1h,USD/JPY_2025-11-01,supply,2025-10-15T21:00:00Z,151.033997,151.202,150.99899,151.054993,151.100495,150.99899,151.100495,2025-10-16T04:00:00Z,2025-10-16T04:00:00Z,151.100495,151.202,150.897485,0.10150500000000306,2025-10-16T04:49:00Z,,2025-10-16T07:00:00Z,2025-10-16T07:00:00Z,151.23399,S2_CLOSE_INVALIDATION,-1.3151568888232752,0.15762770306880958,-1.4727845918920848,HTF_UNAMBIGUOUS,,TARGET,true,0.1232944189942094,2.3692921530956523,0,131,other_tf_refusals=199,false
IPO_1H_PLUS_4H,USD/JPY,1h,USD/JPY_2025-11-01,supply,2025-10-15T21:00:00Z,151.033997,151.202,150.99899,151.054993,151.100495,150.99899,151.100495,2025-10-16T06:00:00Z,2025-10-16T06:00:00Z,151.100495,151.202,150.897485,0.10150500000000306,2025-10-16T06:04:00Z,,2025-10-16T07:00:00Z,2025-10-16T07:00:00Z,151.23399,S2_CLOSE_INVALIDATION,-1.3151568888232752,0.15762770306880958,-1.4727845918920848,HTF_UNAMBIGUOUS,,S2_CLOSE_INVALIDATION,false,2.773311659524175,1.620560563518872,1,56,other_tf_refusals=199,false
IPO_1H_PLUS_4H,USD/JPY,1h,USD/JPY_2025-11-01,demand,2025-10-07T03:00:00Z,150.526,150.534,150.355,150.36099,150.534,150.4445,150.4445,2025-10-16T16:00:00Z,2025-10-16T16:00:00Z,150.4445,150.355,150.62350000000004,0.08950000000001523,2025-10-16T16:32:00Z,,2025-10-16T17:00:00Z,2025-10-16T17:00:00Z,150.32899,S2_CLOSE_INVALIDATION,-1.29061452513945,0.17877094972063998,-1.46938547486009,HTF_UNAMBIGUOUS,,TARGET,true,2.3966480446925,3.8938547486027044,0,28,other_tf_refusals=199,false
IPO_1H_PLUS_4H,USD/JPY,1h,USD/JPY_2025-11-01,supply,2025-10-16T20:00:00Z,150.397,150.45,150.34,150.41901,150.39499999999998,150.34,150.39499999999998,2025-10-17T12:00:00Z,2025-10-17T12:00:00Z,150.39499999999998,150.45,150.28499999999997,0.05500000000000682,2025-10-17T12:06:00Z,2025-10-17T13:15:00Z,2025-10-17T17:00:00Z,2025-10-17T13:15:00Z,150.28499999999997,TARGET,2,0.2909090909090548,1.7090909090909452,1M_RESOLVED,,TARGET,false,2.672909090909177,3.0727272727265773,0,69,other_tf_refusals=199,false
IPO_1H_PLUS_4H,USD/JPY,1h,USD/JPY_2025-11-01,supply,2025-10-16T20:00:00Z,150.397,150.45,150.34,150.41901,150.39499999999998,150.34,150.39499999999998,2025-10-17T14:00:00Z,2025-10-17T14:00:00Z,150.39499999999998,150.45,150.28499999999997,0.05500000000000682,2025-10-17T14:01:00Z,2025-10-17T15:21:00Z,2025-10-17T17:00:00Z,2025-10-17T15:21:00Z,150.28499999999997,TARGET,2,0.2909090909090548,1.7090909090909452,1M_RESOLVED,,TARGET,false,3.581818181818304,3.5634545454540087,1,80,other_tf_refusals=199,false
IPO_1H_PLUS_4H,USD/JPY,1h,USD/JPY_2025-11-01,supply,2025-10-16T20:00:00Z,150.397,150.45,150.34,150.41901,150.39499999999998,150.34,150.39499999999998,2025-10-17T16:00:00Z,2025-10-17T16:00:00Z,150.39499999999998,150.45,150.28499999999997,0.05500000000000682,2025-10-17T16:02:00Z,,2025-10-17T17:00:00Z,2025-10-17T17:00:00Z,150.468,S2_CLOSE_INVALIDATION,-1.3272727272726992,0.2909090909090548,-1.618181818181754,HTF_UNAMBIGUOUS,,S2_CLOSE_INVALIDATION,false,1.909090909091003,1.2907272727270178,1,58,other_tf_refusals=199,false
IPO_1H_PLUS_4H,USD/JPY,1h,USD/JPY_2025-11-01,supply,2025-10-16T07:00:00Z,151.198,151.382,150.936,151.23399,151.159,150.936,151.159,2025-10-20T01:00:00Z,2025-10-20T01:00:00Z,151.159,151.382,150.71299999999997,0.2230000000000132,2025-10-20T01:20:00Z,2025-10-20T03:52:00Z,2025-10-21T05:00:00Z,2025-10-20T03:52:00Z,150.71299999999997,TARGET,2,0.07174887892376257,1.9282511210762374,1M_RESOLVED,,TARGET,false,0.18385650224212732,2.354260089685985,2,152,other_tf_refusals=199,false
IPO_1H_PLUS_4H,USD/JPY,1h,USD/JPY_2025-11-01,demand,2025-10-20T08:00:00Z,150.737,150.79601,150.571,150.57899,150.79601,150.683505,150.683505,2025-10-20T18:00:00Z,2025-10-20T18:00:00Z,150.683505,150.571,150.908515,0.11250499999999874,2025-10-20T18:57:00Z,2025-10-21T01:46:00Z,,2025-10-21T01:46:00Z,150.908515,TARGET,2,0.1422159015154898,1.8577840984845102,HTF_UNAMBIGUOUS,,TARGET,false,1.9599573352295925,2.7598328963157774,7,409,other_tf_refusals=199,false
IPO_1H_PLUS_4H,USD/JPY,1h,USD/JPY_2025-11-01,supply,2025-10-15T12:00:00Z,151.49699,151.687,151.45,151.63499,151.5685,151.45,151.5685,2025-10-21T08:00:00Z,2025-10-21T08:00:00Z,151.5685,151.687,151.33149999999998,0.1185000000000116,2025-10-21T08:46:00Z,,2025-10-21T09:00:00Z,2025-10-21T09:00:00Z,151.78999,S2_CLOSE_INVALIDATION,-1.869113924050354,0.13502109704640028,-2.0041350210967543,HTF_UNAMBIGUOUS,,TARGET,true,0.9156118143458367,4.274295358649428,0,14,other_tf_refusals=199,false
IPO_1H_PLUS_4H,USD/JPY,1h,USD/JPY_2025-11-01,supply,2025-10-14T20:00:00Z,151.683,151.834,151.679,151.832,151.75650000000002,151.679,151.75650000000002,2025-10-21T09:00:00Z,2025-10-21T09:00:00Z,151.75650000000002,151.834,151.60150000000004,0.07749999999998636,2025-10-21T09:14:00Z,,2025-10-21T10:00:00Z,2025-10-21T10:00:00Z,151.91701,S2_CLOSE_INVALIDATION,-2.0710967741937574,0.20645161290326217,-2.2775483870970197,HTF_UNAMBIGUOUS,,TARGET,true,0.5870967741933378,2.2127741935488503,0,46,other_tf_refusals=199,false
IPO_1H_PLUS_4H,USD/JPY,1h,USD/JPY_2025-11-01,supply,2025-10-22T13:00:00Z,151.925,152.044998,151.864,151.967,151.954499,151.864,151.954499,2025-10-22T20:00:00Z,2025-10-22T20:00:00Z,151.954499,152.044998,151.773501,0.09049899999999411,2025-10-22T20:00:00Z,,2025-10-23T00:00:00Z,2025-10-23T00:00:00Z,152.13699,S2_CLOSE_INVALIDATION,-2.0164974198611114,0.17679753367441675,-2.193294953535528,HTF_UNAMBIGUOUS,,S2_CLOSE_INVALIDATION,false,3.397728151692492,1.5635421385873818,4,240,other_tf_refusals=199,false
IPO_1H_PLUS_4H,USD/JPY,1h,USD/JPY_2025-11-01,supply,2025-10-10T13:00:00Z,152.55299,152.692,152.52499,152.644,152.608495,152.52499,152.608495,2025-10-23T06:00:00Z,2025-10-23T06:00:00Z,152.608495,152.692,152.441485,0.08350500000000238,2025-10-23T06:58:00Z,2025-10-23T07:18:00Z,2025-10-23T10:00:00Z,2025-10-23T07:18:00Z,152.441485,TARGET,2,0.19160529309621632,1.8083947069037838,1M_RESOLVED,,TARGET,false,0.4729656906770486,3.4428477336686276,0,20,other_tf_refusals=199,false
IPO_1H_PLUS_4H,USD/JPY,1h,USD/JPY_2025-11-01,supply,2025-10-10T13:00:00Z,152.55299,152.692,152.52499,152.644,152.608495,152.52499,152.608495,2025-10-23T08:00:00Z,2025-10-23T08:00:00Z,152.608495,152.692,152.441485,0.08350500000000238,2025-10-23T08:44:00Z,,2025-10-23T10:00:00Z,2025-10-23T10:00:00Z,152.759,S2_CLOSE_INVALIDATION,-1.8023471648401526,0.19160529309621632,-1.993952457936369,HTF_UNAMBIGUOUS,,S2_CLOSE_INVALIDATION,false,1.99383270462838,1.9098856355908427,2,76,other_tf_refusals=199,false
IPO_1H_PLUS_4H,USD/JPY,1h,USD/JPY_2025-11-01,supply,2025-10-10T05:00:00Z,152.745,152.849,152.681,152.825,152.765,152.681,152.765,2025-10-23T16:00:00Z,2025-10-23T16:00:00Z,152.765,152.849,152.59699999999998,0.08400000000000318,2025-10-23T16:10:00Z,2025-10-23T18:02:00Z,2025-10-24T01:00:00Z,2025-10-23T18:02:00Z,152.59699999999998,TARGET,2,0.19047619047618325,1.8095238095238169,1M_RESOLVED,,TARGET,false,0.38095238095249373,2.9761904761903635,2,112,other_tf_refusals=199,false
IPO_1H_PLUS_4H,USD/JPY,1h,USD/JPY_2025-11-01,supply,2025-10-09T07:00:00Z,152.979,153.217,152.849,153.063995,153.03300000000002,152.849,153.03300000000002,2025-10-24T05:00:00Z,2025-10-24T05:00:00Z,153.03300000000002,153.217,152.66500000000002,0.1839999999999975,2025-10-24T05:29:00Z,2025-10-24T12:30:00Z,2025-10-30T06:00:00Z,2025-10-24T12:30:00Z,152.66500000000002,TARGET,2,0.08695652173913161,1.9130434782608683,1M_RESOLVED,,TARGET,false,0.1575869565216219,4.434782608695726,7,421,other_tf_refusals=199,false
IPO_1H_PLUS_4H,USD/JPY,1h,USD/JPY_2025-11-01,supply,2025-10-10T01:00:00Z,152.95,153.048996,152.83501,153.016006,152.942003,152.83501,152.942003,2025-10-27T00:00:00Z,2025-10-27T00:00:00Z,152.942003,153.048996,152.72801700000002,0.10699299999998857,2025-10-27T00:00:00Z,2025-10-27T01:13:00Z,2025-10-27T04:00:00Z,2025-10-27T01:13:00Z,152.72801700000002,TARGET,2,0.14954249343416587,1.8504575065658342,1M_RESOLVED,,TARGET,false,1.9720635929454677,2.8132027328894185,1,73,other_tf_refusals=199,false
IPO_1H_PLUS_4H,USD/JPY,1h,USD/JPY_2025-11-01,supply,2025-10-10T01:00:00Z,152.95,153.048996,152.83501,153.016006,152.942003,152.83501,152.942003,2025-10-27T02:00:00Z,2025-10-27T02:00:00Z,152.942003,153.048996,152.72801700000002,0.10699299999998857,2025-10-27T02:08:00Z,,2025-10-27T04:00:00Z,2025-10-27T04:00:00Z,153.13,S2_CLOSE_INVALIDATION,-1.7570962586338903,0.14954249343416587,-1.906638752068056,HTF_UNAMBIGUOUS,,S2_CLOSE_INVALIDATION,false,2.0748740571814164,1.159075827390615,2,112,other_tf_refusals=199,false
IPO_1H_PLUS_4H,USD/JPY,1h,USD/JPY_2025-11-01,supply,2025-10-09T07:00:00Z,152.979,153.217,152.849,153.063995,153.03300000000002,152.849,153.03300000000002,2025-10-27T06:00:00Z,2025-10-27T06:00:00Z,153.03300000000002,153.217,152.66500000000002,0.1839999999999975,2025-10-27T06:00:00Z,2025-10-27T11:23:00Z,2025-10-30T06:00:00Z,2025-10-27T11:23:00Z,152.66500000000002,TARGET,2,0.08695652173913161,1.9130434782608683,1M_RESOLVED,,TARGET,false,0.5651630434781697,2.407608695652272,5,323,other_tf_refusals=199,false
IPO_1H_PLUS_4H,USD/JPY,1h,USD/JPY_2025-11-01,supply,2025-10-09T07:00:00Z,152.979,153.217,152.849,153.063995,153.03300000000002,152.849,153.03300000000002,2025-10-27T14:00:00Z,2025-10-27T14:00:00Z,153.03300000000002,153.217,152.66500000000002,0.1839999999999975,2025-10-27T14:00:00Z,2025-10-27T23:45:00Z,2025-10-30T06:00:00Z,2025-10-27T23:45:00Z,152.66500000000002,TARGET,2,0.08695652173913161,1.9130434782608683,1M_RESOLVED,,TARGET,false,0.8532608695651326,2.2119021739131144,9,585,other_tf_refusals=199,false
IPO_1H_PLUS_4H,USD/JPY,1h,USD/JPY_2025-11-01,demand,2025-10-22T08:00:00Z,151.82201,151.909,151.625,151.683,151.909,151.767,151.767,2025-10-29T01:00:00Z,2025-10-29T01:00:00Z,151.767,151.625,152.051,0.1419999999999959,2025-10-29T01:00:00Z,2025-10-29T02:26:00Z,,2025-10-29T02:26:00Z,152.051,TARGET,2,0.11267605633803142,1.8873239436619687,HTF_UNAMBIGUOUS,,TARGET,false,1.584436619718293,2.6408450704226114,1,86,other_tf_refusals=199,false
IPO_1H_PLUS_4H,USD/JPY,1h,USD/JPY_2025-11-01,supply,2025-10-09T07:00:00Z,152.979,153.217,152.849,153.063995,153.03300000000002,152.849,153.03300000000002,2025-10-29T18:00:00Z,2025-10-29T18:00:00Z,153.03300000000002,153.217,152.66500000000002,0.1839999999999975,2025-10-29T18:40:00Z,2025-10-29T20:35:00Z,2025-10-30T06:00:00Z,2025-10-29T20:35:00Z,152.66500000000002,TARGET,2,0.08695652173913161,1.9130434782608683,1M_RESOLVED,,TARGET,false,0.11952717391293972,4.668478260869676,0,115,other_tf_refusals=199,false
IPO_1H_PLUS_4H,USD/JPY,1h,USD/JPY_2025-11-01,supply,2025-10-09T07:00:00Z,152.979,153.217,152.849,153.063995,153.03300000000002,152.849,153.03300000000002,2025-10-30T03:00:00Z,2025-10-30T03:00:00Z,153.03300000000002,153.217,152.66500000000002,0.1839999999999975,2025-10-30T03:32:00Z,2025-10-30T04:11:00Z,2025-10-30T06:00:00Z,2025-10-30T04:11:00Z,152.66500000000002,TARGET,2,0.08695652173913161,1.9130434782608683,1M_RESOLVED,,TARGET,false,0.5706521739129956,4.771739130434925,0,39,other_tf_refusals=199,false
IPO_1H_PLUS_4H,USD/JPY,1h,USD/JPY_2025-11-01,supply,2025-10-09T07:00:00Z,152.979,153.217,152.849,153.063995,153.03300000000002,152.849,153.03300000000002,2025-10-30T05:00:00Z,2025-10-30T05:00:00Z,153.03300000000002,153.217,152.66500000000002,0.1839999999999975,2025-10-30T05:58:00Z,,2025-10-30T06:00:00Z,2025-10-30T06:00:00Z,153.332,S2_CLOSE_INVALIDATION,-1.6249999999999034,0.08695652173913161,-1.7119565217390351,HTF_UNAMBIGUOUS,,S2_CLOSE_INVALIDATION,false,2.630434782608625,1.9836956521739895,1,2,other_tf_refusals=199,false
IPO_1H_PLUS_4H,USD/JPY,1h,USD/JPY_2025-11-01,demand,2025-10-31T05:00:00Z,153.931,154.054993,153.826,153.911,154.054993,153.9404965,153.9404965,2025-10-31T15:00:00Z,2025-10-31T15:00:00Z,153.9404965,153.826,154.1694895,0.11449650000000133,2025-10-31T15:00:00Z,2025-10-31T16:25:00Z,,2025-10-31T16:25:00Z,154.1694895,TARGET,2,0.1397422628639287,1.8602577371360713,HTF_UNAMBIGUOUS,,TARGET,false,0.2576192285353092,2.0306603258615272,1,85,other_tf_refusals=199,false
IPO_1H_PLUS_4H,USD/JPY,4h,USD/JPY_2025-11-01,supply,2025-09-15T05:00:00Z,147.39799,147.60699,147.368,147.407,147.487495,147.368,147.487495,2025-09-18T05:00:00Z,2025-09-18T05:00:00Z,147.487495,147.60699,147.248505,0.11949500000000057,2025-09-18T06:13:00Z,2025-09-18T07:10:00Z,2025-09-18T09:00:00Z,2025-09-18T07:10:00Z,147.248505,TARGET,2,0.13389681576634943,1.8661031842336506,1M_RESOLVED,,TARGET,false,0.37244236160521277,3.895493535294206,0,57,other_tf_refusals=6,false
IPO_1H_PLUS_4H,USD/JPY,4h,USD/JPY_2025-11-01,supply,2025-09-02T09:00:00Z,148.435,148.94501,148.367,148.82401,148.656005,148.367,148.656005,2025-09-24T09:00:00Z,2025-09-24T09:00:00Z,148.656005,148.94501,148.077995,0.28900500000000306,2025-09-24T12:48:00Z,,2025-09-25T09:00:00Z,2025-09-25T09:00:00Z,149.242,S2_CLOSE_INVALIDATION,-2.0276292797702142,0.05536236397294106,-2.0829916437431555,HTF_UNAMBIGUOUS,,S2_CLOSE_INVALIDATION,false,2.4186259753291086,1.5674642307226019,6,1212,other_tf_refusals=6,false
IPO_1H_PLUS_4H,USD/JPY,4h,USD/JPY_2025-11-01,demand,2025-09-23T05:00:00Z,147.79401,147.84,147.53101,147.564,147.84,147.685505,147.685505,2025-09-30T13:00:00Z,2025-09-30T13:00:00Z,147.685505,147.53101,147.994495,0.15449499999999716,2025-09-30T14:57:00Z,2025-09-30T15:31:00Z,2025-10-01T05:00:00Z,2025-09-30T15:31:00Z,147.994495,TARGET,2,0.10356322211074982,1.8964367778892501,1M_RESOLVED,,TARGET,false,0.24923136671099774,2.436913815981062,0,34,other_tf_refusals=6,false
IPO_1H_PLUS_4H,USD/JPY,4h,USD/JPY_2025-11-01,demand,2025-09-23T17:00:00Z,147.767,147.774,147.45599,147.605,147.774,147.61499500000002,147.61499500000002,2025-10-01T01:00:00Z,2025-10-01T01:00:00Z,147.61499500000002,147.45599,147.93300500000004,0.1590050000000076,2025-10-01T04:52:00Z,,2025-10-01T05:00:00Z,2025-10-01T05:00:00Z,147.149,S2_CLOSE_INVALIDATION,-2.930694003333219,0.10062576648532584,-3.031319769818545,HTF_UNAMBIGUOUS,,TARGET,true,0.4464325021227787,3.4716832803997146,0,8,other_tf_refusals=6,false
IPO_1H_PLUS_4H,USD/JPY,4h,USD/JPY_2025-11-01,demand,2025-09-17T21:00:00Z,146.94099,147.028,146.76199,146.912,147.028,146.894995,146.894995,2025-10-01T13:00:00Z,2025-10-01T13:00:00Z,146.894995,146.76199,147.161005,0.13300499999999715,2025-10-01T13:00:00Z,2025-10-01T15:17:00Z,,2025-10-01T15:17:00Z,147.161005,TARGET,2,0.12029622946506029,1.8797037705349398,HTF_UNAMBIGUOUS,,TARGET,false,2.1277019660915433,2.6991842411939695,0,137,other_tf_refusals=6,false
IPO_1H_PLUS_4H,USD/JPY,4h,USD/JPY_2025-11-01,demand,2025-09-17T21:00:00Z,146.94099,147.028,146.76199,146.912,147.028,146.894995,146.894995,2025-10-02T05:00:00Z,2025-10-02T05:00:00Z,146.894995,146.76199,147.161005,0.13300499999999715,2025-10-02T06:37:00Z,2025-10-02T06:40:00Z,,2025-10-02T06:40:00Z,147.161005,TARGET,2,0.12029622946506029,1.8797037705349398,HTF_UNAMBIGUOUS,,TARGET,false,1.308259088004193,3.646517048231355,0,3,other_tf_refusals=6,false
IPO_1H_PLUS_4H,USD/JPY,4h,USD/JPY_2025-11-01,supply,2025-09-25T13:00:00Z,149.237,149.866,149.132,149.806,149.49900000000002,149.132,149.49900000000002,2025-10-05T20:00:00Z,2025-10-05T20:00:00Z,149.49900000000002,149.866,148.76500000000004,0.3669999999999902,2025-10-05T23:37:00Z,,2025-10-06T00:00:00Z,2025-10-06T00:00:00Z,150.057007,S2_CLOSE_INVALIDATION,-1.520455040871907,0.04359673024523277,-1.5640517711171398,HTF_UNAMBIGUOUS,,S2_CLOSE_INVALIDATION,false,1.6376294277928878,0.760217983651314,1,23,other_tf_refusals=6,false
IPO_1H_PLUS_4H,USD/JPY,4h,USD/JPY_2025-11-01,supply,2025-07-31T21:00:00Z,150.72099,150.894,150.59,150.737,150.74200000000002,150.59,150.74200000000002,2025-10-07T08:00:00Z,2025-10-07T08:00:00Z,150.74200000000002,150.894,150.43800000000005,0.1519999999999868,2025-10-07T08:39:00Z,,2025-10-07T12:00:00Z,2025-10-07T12:00:00Z,151.175,S2_CLOSE_INVALIDATION,-2.848684210526515,0.10526315789474598,-2.953947368421261,HTF_UNAMBIGUOUS,,S2_CLOSE_INVALIDATION,false,3.046052631579171,1.4605263157896557,1,201,other_tf_refusals=6,false
IPO_1H_PLUS_4H,USD/JPY,4h,USD/JPY_2025-11-01,demand,2025-10-10T20:00:00Z,151.591,151.728,151.119,151.119,151.728,151.4235,151.4235,2025-10-15T00:00:00Z,2025-10-15T00:00:00Z,151.4235,151.119,152.03249999999997,0.3044999999999902,2025-10-15T01:09:00Z,,2025-10-15T20:00:00Z,2025-10-15T20:00:00Z,150.983,S2_CLOSE_INVALIDATION,-1.446633825944171,0.05254515599343355,-1.4991789819376045,HTF_UNAMBIGUOUS,,S2_CLOSE_INVALIDATION,false,2.238095238095309,1.3415435139573622,5,1131,other_tf_refusals=6,false
IPO_1H_PLUS_4H,USD/JPY,4h,USD/JPY_2025-11-01,demand,2025-10-06T04:00:00Z,150.057007,150.436,149.84,150.024994,150.436,150.138,150.138,2025-10-17T00:00:00Z,2025-10-17T00:00:00Z,150.138,149.84,150.734,0.2980000000000018,2025-10-17T00:00:00Z,,2025-10-17T04:00:00Z,2025-10-17T04:00:00Z,149.702,S2_CLOSE_INVALIDATION,-1.4630872483221624,0.05369127516778491,-1.5167785234899474,HTF_UNAMBIGUOUS,,S2_CLOSE_INVALIDATION,false,2.577181208053678,0.8423154362416323,1,240,other_tf_refusals=6,false
IPO_1H_PLUS_4H,USD/JPY,4h,USD/JPY_2025-11-01,demand,2025-10-23T16:00:00Z,152.722,152.797,152.48801,152.55299,152.797,152.642505,152.642505,2025-10-24T12:00:00Z,2025-10-24T12:00:00Z,152.642505,152.48801,152.951495,0.15449499999999716,2025-10-24T12:30:00Z,2025-10-24T13:48:00Z,2025-10-28T00:00:00Z,2025-10-24T13:48:00Z,152.951495,TARGET,2,0.10356322211074982,1.8964367778892501,1M_RESOLVED,,TARGET,false,2.754166801514578,2.4369202886826113,0,78,other_tf_refusals=6,false
IPO_1H_PLUS_4H,USD/JPY,4h,USD/JPY_2025-11-01,demand,2025-10-23T16:00:00Z,152.722,152.797,152.48801,152.55299,152.797,152.642505,152.642505,2025-10-27T08:00:00Z,2025-10-27T08:00:00Z,152.642505,152.48801,152.951495,0.15449499999999716,2025-10-27T11:23:00Z,2025-10-27T13:28:00Z,2025-10-28T00:00:00Z,2025-10-27T13:28:00Z,152.951495,TARGET,2,0.10356322211074982,1.8964367778892501,1M_RESOLVED,,TARGET,false,0.33984918605778464,2.8123304961326667,0,125,other_tf_refusals=6,false
IPO_1H_PLUS_4H,USD/JPY,4h,USD/JPY_2025-11-01,demand,2025-10-21T12:00:00Z,151.94501,152.174,151.44901,151.722,152.174,151.811505,151.811505,2025-10-29T00:00:00Z,2025-10-29T00:00:00Z,151.811505,151.44901,152.53649500000006,0.362495000000024,2025-10-29T00:00:00Z,2025-10-29T05:40:00Z,,2025-10-29T05:40:00Z,152.53649500000006,TARGET,2,0.044138539841925936,1.9558614601580742,HTF_UNAMBIGUOUS,,TARGET,false,0.7765762286376122,2.017945075104338,1,340,other_tf_refusals=6,false
