arm,key,instrument,timeframe,window,direction,ipo_origin_time,entry_time,entry_price,candle_s2,structural_s2,structural_swing_time,structural_confirmed_time,structural_significance,distance_ratio,s2_used,target_price,risk_price,exit_time,exit_price,exit_reason,gross_r,cost_r,net_r,ordering_resolution,ambiguity_detail,excluded_from_stats
STRUCTURAL,EUR/USD|2022-07-01|1h|140@429,EUR/USD,1h,EUR/USD_2022-07-01,supply,2022-03-01T20:00:00Z,2022-03-17T16:00:00Z,1.11245,1.1133,1.1233,2022-03-01T08:00:00Z,2022-03-01T15:00:00Z,external,12.764705882352711,1.1233,1.0907499999999999,0.010850000000000026,2022-04-05T18:34:00Z,1.0907499999999999,TARGET,2,0.014746543778801809,1.985253456221198,HTF_UNAMBIGUOUS,,false
STRUCTURAL,EUR/USD|2022-07-01|1h|251@759,EUR/USD,1h,EUR/USD_2022-07-01,demand,2022-03-08T09:00:00Z,2022-04-06T06:00:00Z,1.0885500000000001,1.0867,1.0851,2022-03-08T07:00:00Z,2022-03-08T10:00:00Z,internal,1.8648648648648292,1.0851,1.0954500000000005,0.003450000000000175,2022-04-08T13:00:00Z,1.084,S2_CLOSE_INVALIDATION,-1.3188405797100937,0.04637681159420055,-1.3652173913042942,HTF_UNAMBIGUOUS,,false
STRUCTURAL,EUR/USD|2022-07-01|1h|794@819,EUR/USD,1h,EUR/USD_2022-07-01,supply,2022-04-07T17:00:00Z,2022-04-08T18:00:00Z,1.0884999999999998,1.0893,1.09385,2022-04-07T13:00:00Z,2022-04-07T20:00:00Z,external,6.687499999999115,1.09385,1.0777999999999994,0.005350000000000188,2022-04-14T13:51:00Z,1.0777999999999994,TARGET,2,0.02990654205607372,1.9700934579439262,HTF_UNAMBIGUOUS,,false
STRUCTURAL,EUR/USD|2022-07-01|1h|947@960,EUR/USD,1h,EUR/USD_2022-07-01,supply,2022-04-17T22:00:00Z,2022-04-18T11:00:00Z,1.081275,1.08215,1.0817,2022-04-15T20:00:00Z,2022-04-17T21:00:00Z,internal,0.48571428571444525,1.0817,1.0804249999999997,0.0004250000000001197,2022-04-18T12:07:00Z,1.0804249999999997,TARGET,2,0.3764705882351881,1.623529411764812,1M_RESOLVED,,false
STRUCTURAL,EUR/USD|2022-07-01|1h|968@977,EUR/USD,1h,EUR/USD_2022-07-01,supply,2022-04-18T19:00:00Z,2022-04-19T04:00:00Z,1.07815,1.0785,1.0815,2022-04-18T12:00:00Z,2022-04-18T19:00:00Z,external,9.571428571426488,1.0815,1.07145,0.003349999999999964,2022-04-20T03:00:00Z,1.0819,S2_CLOSE_INVALIDATION,-1.1194029850746812,0.04776119402985126,-1.1671641791045324,HTF_UNAMBIGUOUS,,false
STRUCTURAL,EUR/USD|2022-07-01|1h|947@1003,EUR/USD,1h,EUR/USD_2022-07-01,supply,2022-04-17T22:00:00Z,2022-04-20T06:00:00Z,1.081275,1.08215,1.0817,2022-04-15T20:00:00Z,2022-04-17T21:00:00Z,internal,0.48571428571444525,1.0817,1.0804249999999997,0.0004250000000001197,2022-04-20T08:00:00Z,1.084,S2_CLOSE_INVALIDATION,-6.4117647058807545,0.3764705882351881,-6.7882352941159425,HTF_UNAMBIGUOUS,,false
STRUCTURAL,EUR/USD|2022-07-01|1h|1008@1014,EUR/USD,1h,EUR/USD_2022-07-01,demand,2022-04-20T11:00:00Z,2022-04-20T17:00:00Z,1.0842,1.0825,1.0806,2022-04-20T08:00:00Z,2022-04-20T11:00:00Z,internal,2.117647058823514,1.0806,1.0914000000000001,0.0036000000000000476,2022-04-21T07:26:00Z,1.0914000000000001,TARGET,2,0.04444444444444386,1.9555555555555562,1M_RESOLVED,,false
STRUCTURAL,EUR/USD|2022-07-01|1h|790@1030,EUR/USD,1h,EUR/USD_2022-07-01,supply,2022-04-07T13:00:00Z,2022-04-21T09:00:00Z,1.0922749999999999,1.09385,1.09385,2022-04-07T13:00:00Z,2022-04-07T20:00:00Z,external,1,1.09385,1.0891249999999997,0.001575000000000104,2022-04-21T11:11:00Z,1.0891249999999997,TARGET,2,0.10158730158729488,1.8984126984127052,HTF_UNAMBIGUOUS,,false
STRUCTURAL,EUR/USD|2022-07-01|1h|1008@1035,EUR/USD,1h,EUR/USD_2022-07-01,demand,2022-04-20T11:00:00Z,2022-04-21T14:00:00Z,1.0842,1.0825,1.0806,2022-04-20T08:00:00Z,2022-04-20T11:00:00Z,internal,2.117647058823514,1.0806,1.0914000000000001,0.0036000000000000476,2022-04-22T08:00:00Z,1.07985,S2_CLOSE_INVALIDATION,-1.2083333333333384,0.04444444444444386,-1.2527777777777822,HTF_UNAMBIGUOUS,,false
STRUCTURAL,EUR/USD|2022-07-01|1h|1157@1165,EUR/USD,1h,EUR/USD_2022-07-01,supply,2022-04-28T14:00:00Z,2022-04-28T22:00:00Z,1.0501,1.052,1.0564,2022-04-28T07:00:00Z,2022-04-28T14:00:00Z,external,3.3157894736841738,1.0564,1.0375,0.006299999999999972,2022-04-29T08:00:00Z,1.05695,S2_CLOSE_INVALIDATION,-1.0873015873015957,0.02539682539682551,-1.1126984126984212,HTF_UNAMBIGUOUS,,false
STRUCTURAL,EUR/USD|2022-07-01|1h|1176@1184,EUR/USD,1h,EUR/USD_2022-07-01,supply,2022-04-29T09:00:00Z,2022-04-29T17:00:00Z,1.0573000000000001,1.058,1.0592,2022-04-29T08:00:00Z,2022-04-29T15:00:00Z,external,2.7142857142857144,1.0592,1.0535000000000005,0.0018999999999997907,2022-05-01T23:59:00Z,1.0535000000000005,TARGET,2,0.08421052631579876,1.9157894736842012,1M_RESOLVED,,false
STRUCTURAL,EUR/USD|2022-07-01|1h|1201@1215,EUR/USD,1h,EUR/USD_2022-07-01,supply,2022-05-02T10:00:00Z,2022-05-03T00:00:00Z,1.0524499999999999,1.0529,1.0567,2022-05-02T07:00:00Z,2022-05-02T14:00:00Z,external,9.444444444443349,1.0567,1.0439499999999997,0.004250000000000087,2022-05-04T18:00:00Z,1.0616,S2_CLOSE_INVALIDATION,-2.1529411764705944,0.037647058823528645,-2.190588235294123,HTF_UNAMBIGUOUS,,false
STRUCTURAL,EUR/USD|2022-07-01|1h|1126@1259,EUR/USD,1h,EUR/USD_2022-07-01,supply,2022-04-27T07:00:00Z,2022-05-04T20:00:00Z,1.060875,1.0629,1.0655,2022-04-27T05:00:00Z,2022-04-27T12:00:00Z,external,2.2839506172839545,1.0655,1.0516250000000003,0.004624999999999879,2022-05-05T15:04:00Z,1.0516250000000003,TARGET,2,0.034594594594595504,1.9654054054054044,1M_RESOLVED,,false
STRUCTURAL,EUR/USD|2022-07-01|1h|1209@1279,EUR/USD,1h,EUR/USD_2022-07-01,demand,2022-05-02T18:00:00Z,2022-05-05T16:00:00Z,1.04955,1.0491,1.0491,2022-05-02T18:00:00Z,2022-05-03T01:00:00Z,external,1,1.0491,1.05045,0.00045000000000006146,2022-05-05T16:20:00Z,1.05045,TARGET,2,0.355555555555507,1.644444444444493,1M_RESOLVED,,false
STRUCTURAL,EUR/USD|2022-07-01|1h|1221@1280,EUR/USD,1h,EUR/USD_2022-07-01,demand,2022-05-03T06:00:00Z,2022-05-05T17:00:00Z,1.050475,1.0497,1.0491,2022-05-02T18:00:00Z,2022-05-03T01:00:00Z,external,1.774193548387328,1.0491,1.0532250000000003,0.0013750000000001261,2022-05-05T19:19:00Z,1.0532250000000003,TARGET,2,0.1163636363636257,1.8836363636363742,1M_RESOLVED,,false
STRUCTURAL,EUR/USD|2022-07-01|1h|1282@1294,EUR/USD,1h,EUR/USD_2022-07-01,supply,2022-05-05T19:00:00Z,2022-05-06T07:00:00Z,1.05345,1.0551,1.0551,2022-05-05T19:00:00Z,2022-05-05T22:00:00Z,internal,1,1.0551,1.0501500000000001,0.0016499999999999293,2022-05-06T08:00:00Z,1.0557,S2_CLOSE_INVALIDATION,-1.3636363636364737,0.09696969696970113,-1.4606060606061748,HTF_UNAMBIGUOUS,,false
STRUCTURAL,EUR/USD|2022-07-01|1h|1312@1319,EUR/USD,1h,EUR/USD_2022-07-01,supply,2022-05-09T01:00:00Z,2022-05-09T08:00:00Z,1.05205,1.0527,1.0599,2022-05-06T10:00:00Z,2022-05-06T17:00:00Z,external,12.07692307692255,1.0599,1.0363499999999997,0.007850000000000135,2022-05-12T16:51:00Z,1.0363499999999997,TARGET,2,0.020382165605095193,1.979617834394905,1M_RESOLVED,,false
STRUCTURAL,EUR/USD|2022-07-01|1h|1414@1424,EUR/USD,1h,EUR/USD_2022-07-01,supply,2022-05-13T07:00:00Z,2022-05-13T17:00:00Z,1.0404749999999998,1.04195,1.04195,2022-05-13T07:00:00Z,2022-05-13T14:00:00Z,external,1,1.04195,1.0375249999999996,0.001475000000000115,2022-05-16T08:00:00Z,1.0432,S2_CLOSE_INVALIDATION,-1.8474576271185599,0.10847457627117799,-1.955932203389738,HTF_UNAMBIGUOUS,,false
STRUCTURAL,EUR/USD|2022-07-01|1h|1372@1467,EUR/USD,1h,EUR/USD_2022-07-01,supply,2022-05-11T13:00:00Z,2022-05-17T12:00:00Z,1.0548000000000002,1.0577,1.0577,2022-05-11T13:00:00Z,2022-05-11T20:00:00Z,external,1,1.0577,1.0490000000000004,0.0028999999999999027,2022-05-18T15:27:00Z,1.0490000000000004,TARGET,2,0.05517241379310531,1.9448275862068947,1M_RESOLVED,,false
STRUCTURAL,EUR/USD|2022-07-01|1h|1464@1496,EUR/USD,1h,EUR/USD_2022-07-01,demand,2022-05-17T09:00:00Z,2022-05-18T17:00:00Z,1.048,1.0469,1.0432,2022-05-17T03:00:00Z,2022-05-17T06:00:00Z,internal,4.363636363636088,1.0432,1.0576000000000003,0.0048000000000001375,2022-05-19T14:24:00Z,1.0576000000000003,TARGET,2,0.03333333333333238,1.9666666666666677,1M_RESOLVED,,false
STRUCTURAL,EUR/USD|2022-07-01|1h|1297@1518,EUR/USD,1h,EUR/USD_2022-07-01,supply,2022-05-06T10:00:00Z,2022-05-19T15:00:00Z,1.0584,1.0599,1.0599,2022-05-06T10:00:00Z,2022-05-06T17:00:00Z,external,1,1.0599,1.0554,0.0015000000000000568,2022-05-19T17:00:00Z,1.0605,S2_CLOSE_INVALIDATION,-1.3999999999999408,0.10666666666666264,-1.5066666666666035,HTF_UNAMBIGUOUS,,false
STRUCTURAL,EUR/USD|2022-07-01|1h|1529@1540,EUR/USD,1h,EUR/USD_2022-07-01,demand,2022-05-20T02:00:00Z,2022-05-20T13:00:00Z,1.0565,1.0556,1.0556,2022-05-20T02:00:00Z,2022-05-20T05:00:00Z,internal,1,1.0556,1.0582999999999998,0.0008999999999999009,2022-05-20T16:00:00Z,1.0549,S2_CLOSE_INVALIDATION,-1.7777777777780246,0.17777777777779738,-1.955555555555822,HTF_UNAMBIGUOUS,,false
STRUCTURAL,EUR/USD|2022-07-01|1h|1126@1557,EUR/USD,1h,EUR/USD_2022-07-01,supply,2022-04-27T07:00:00Z,2022-05-23T06:00:00Z,1.060875,1.0629,1.0655,2022-04-27T05:00:00Z,2022-04-27T12:00:00Z,external,2.2839506172839545,1.0655,1.0516250000000003,0.004624999999999879,2022-05-23T09:00:00Z,1.0679,S2_CLOSE_INVALIDATION,-1.5189189189189714,0.034594594594595504,-1.553513513513567,HTF_UNAMBIGUOUS,,false
STRUCTURAL,EUR/USD|2022-07-01|1h|1107@1565,EUR/USD,1h,EUR/USD_2022-07-01,supply,2022-04-26T12:00:00Z,2022-05-23T14:00:00Z,1.0676999999999999,1.0684,1.0738,2022-04-26T03:00:00Z,2022-04-26T10:00:00Z,external,8.71428571428422,1.0738,1.0554999999999994,0.006100000000000216,2022-05-24T15:00:00Z,1.0743,S2_CLOSE_INVALIDATION,-1.0819672131147422,0.02622950819672038,-1.1081967213114625,HTF_UNAMBIGUOUS,,false
STRUCTURAL,EUR/USD|2022-07-01|1h|1082@1591,EUR/USD,1h,EUR/USD_2022-07-01,supply,2022-04-25T11:00:00Z,2022-05-24T16:00:00Z,1.0735999999999999,1.0752,1.08425,2022-04-24T19:00:00Z,2022-04-25T02:00:00Z,external,6.656249999999839,1.08425,1.0522999999999998,0.010650000000000048,2022-06-10T12:58:00Z,1.0522999999999998,TARGET,2,0.01502347417840369,1.9849765258215963,HTF_UNAMBIGUOUS,,false
STRUCTURAL,EUR/USD|2022-07-01|1h|1504@1912,EUR/USD,1h,EUR/USD_2022-07-01,demand,2022-05-19T01:00:00Z,2022-06-13T01:00:00Z,1.0485,1.0479,1.046,2022-05-18T20:00:00Z,2022-05-19T03:00:00Z,external,4.1666666666670364,1.046,1.0534999999999999,0.0024999999999999467,2022-06-13T11:00:00Z,1.0446,S2_CLOSE_INVALIDATION,-1.5600000000000391,0.06400000000000138,-1.6240000000000405,HTF_UNAMBIGUOUS,,false
STRUCTURAL,EUR/USD|2022-07-01|1h|1450@1924,EUR/USD,1h,EUR/USD_2022-07-01,demand,2022-05-16T19:00:00Z,2022-06-13T13:00:00Z,1.0436999999999999,1.0431,1.039,2022-05-16T14:00:00Z,2022-05-16T21:00:00Z,external,7.833333333334074,1.039,1.0530999999999997,0.0046999999999999265,2022-06-15T15:00:00Z,1.0387,S2_CLOSE_INVALIDATION,-1.0638297872340365,0.0340425531914899,-1.0978723404255264,HTF_UNAMBIGUOUS,,false
STRUCTURAL,EUR/USD|2022-07-01|1h|1420@1977,EUR/USD,1h,EUR/USD_2022-07-01,demand,2022-05-13T13:00:00Z,2022-06-15T18:00:00Z,1.0364749999999998,1.035,1.035,2022-05-13T13:00:00Z,2022-05-13T20:00:00Z,external,1,1.035,1.0394249999999996,0.001474999999999893,2022-06-15T18:17:00Z,1.0394249999999996,TARGET,2,0.10847457627119432,1.8915254237288057,HTF_UNAMBIGUOUS,,false
STRUCTURAL,EUR/USD|2022-07-01|1h|1982@1986,EUR/USD,1h,EUR/USD_2022-07-01,supply,2022-06-15T23:00:00Z,2022-06-16T03:00:00Z,1.0451000000000001,1.0459,1.047,2022-06-15T20:00:00Z,2022-06-15T23:00:00Z,internal,2.375,1.047,1.0413000000000006,0.0018999999999997907,2022-06-16T06:43:00Z,1.0413000000000006,TARGET,2,0.08421052631579876,1.9157894736842012,1M_RESOLVED,,false
STRUCTURAL,EUR/USD|2022-07-01|1h|1978@1996,EUR/USD,1h,EUR/USD_2022-07-01,supply,2022-06-15T19:00:00Z,2022-06-16T13:00:00Z,1.04405,1.0465,1.0508,2022-06-15T08:00:00Z,2022-06-15T15:00:00Z,external,2.755102040816269,1.0508,1.0305499999999999,0.006750000000000034,2022-06-16T15:00:00Z,1.0529,S2_CLOSE_INVALIDATION,-1.3111111111111082,0.023703703703703588,-1.3348148148148118,HTF_UNAMBIGUOUS,,false
STRUCTURAL,EUR/USD|2022-07-01|1h|2054@2061,EUR/USD,1h,EUR/USD_2022-07-01,demand,2022-06-20T23:00:00Z,2022-06-21T06:00:00Z,1.05175,1.0514,1.0498,2022-06-20T19:00:00Z,2022-06-21T02:00:00Z,external,5.571428571427122,1.0498,1.0556499999999998,0.0019499999999998963,2022-06-21T07:49:00Z,1.0556499999999998,TARGET,2,0.08205128205128642,1.9179487179487136,1M_RESOLVED,,false
STRUCTURAL,EUR/USD|2022-07-01|1h|2051@2079,EUR/USD,1h,EUR/USD_2022-07-01,demand,2022-06-20T20:00:00Z,2022-06-22T00:00:00Z,1.05115,1.0508,1.0498,2022-06-20T19:00:00Z,2022-06-21T02:00:00Z,external,3.857142857141951,1.0498,1.05385,0.0013499999999999623,2022-06-22T04:00:00Z,1.0496,S2_CLOSE_INVALIDATION,-1.148148148148136,0.11851851851852184,-1.2666666666666577,HTF_UNAMBIGUOUS,,false
STRUCTURAL,EUR/USD|2022-07-01|1h|2082@2087,EUR/USD,1h,EUR/USD_2022-07-01,supply,2022-06-22T03:00:00Z,2022-06-22T08:00:00Z,1.0511,1.0515,1.0567,2022-06-21T15:00:00Z,2022-06-21T18:00:00Z,internal,13.999999999993895,1.0567,1.0398999999999998,0.005600000000000049,2022-06-22T14:00:00Z,1.0597,S2_CLOSE_INVALIDATION,-1.5357142857143014,0.02857142857142832,-1.5642857142857296,HTF_UNAMBIGUOUS,,false
STRUCTURAL,EUR/USD|2022-07-01|1h|2109@2141,EUR/USD,1h,EUR/USD_2022-07-01,supply,2022-06-23T06:00:00Z,2022-06-24T14:00:00Z,1.05685,1.0579,1.0581,2022-06-23T01:00:00Z,2022-06-23T04:00:00Z,internal,1.1904761904761703,1.0581,1.0543500000000001,0.0012499999999999734,2022-06-24T14:45:00Z,1.0543500000000001,TARGET,2,0.12800000000000275,1.8719999999999972,1M_RESOLVED,,false
STRUCTURAL,EUR/USD|2022-07-01|1h|2109@2150,EUR/USD,1h,EUR/USD_2022-07-01,supply,2022-06-23T06:00:00Z,2022-06-26T23:00:00Z,1.05685,1.0579,1.0581,2022-06-23T01:00:00Z,2022-06-23T04:00:00Z,internal,1.1904761904761703,1.0581,1.0543500000000001,0.0012499999999999734,2022-06-27T07:00:00Z,1.05885,S2_CLOSE_INVALIDATION,-1.6000000000000356,0.12800000000000275,-1.7280000000000384,HTF_UNAMBIGUOUS,,false
STRUCTURAL,EUR/USD|2022-07-01|1h|2162@2176,EUR/USD,1h,EUR/USD_2022-07-01,demand,2022-06-27T11:00:00Z,2022-06-28T01:00:00Z,1.057525,1.05645,1.055,2022-06-27T03:00:00Z,2022-06-27T06:00:00Z,internal,2.3488372093020806,1.055,1.0625750000000003,0.0025250000000001105,2022-06-28T12:00:00Z,1.05375,S2_CLOSE_INVALIDATION,-1.4950495049504628,0.0633663366336606,-1.5584158415841234,HTF_UNAMBIGUOUS,,false
STRUCTURAL,EUR/USD|2022-07-01|1h|2138@2189,EUR/USD,1h,EUR/USD_2022-07-01,demand,2022-06-24T11:00:00Z,2022-06-28T14:00:00Z,1.052725,1.0514,1.0514,2022-06-24T11:00:00Z,2022-06-24T18:00:00Z,external,1,1.0514,1.055375,0.0013250000000000206,2022-06-29T04:00:00Z,1.0505,S2_CLOSE_INVALIDATION,-1.6792452830187825,0.1207547169811302,-1.7999999999999128,HTF_UNAMBIGUOUS,,false
STRUCTURAL,EUR/USD|2022-07-01|4h|474@479,EUR/USD,4h,EUR/USD_2022-07-01,demand,2022-04-01T11:00:00Z,2022-04-04T00:00:00Z,1.104725,1.1028,1.1028,2022-04-01T11:00:00Z,2022-04-03T16:00:00Z,internal,1,1.1028,1.1085749999999999,0.0019249999999999545,2022-04-04T08:00:00Z,1.0996,S2_CLOSE_INVALIDATION,-2.662337662337749,0.08311688311688509,-2.745454545454634,HTF_UNAMBIGUOUS,,false
STRUCTURAL,EUR/USD|2022-07-01|4h|447@486,EUR/USD,4h,EUR/USD_2022-07-01,demand,2022-03-27T23:00:00Z,2022-04-05T04:00:00Z,1.0968,1.0951,1.0966,2022-03-24T11:00:00Z,2022-03-24T23:00:00Z,internal,0.11764705882351405,1.0966,1.0972,0.00019999999999997797,2022-04-05T04:33:00Z,1.0972,TARGET,2,0.8000000000000882,1.1999999999999118,1M_RESOLVED,,false
STRUCTURAL,EUR/USD|2022-07-01|4h|493@498,EUR/USD,4h,EUR/USD_2022-07-01,supply,2022-04-06T08:00:00Z,2022-04-07T04:00:00Z,1.090825,1.09255,1.1055,2022-04-04T00:00:00Z,2022-04-04T12:00:00Z,internal,8.507246376811706,1.1055,1.061475,0.014674999999999994,2022-04-27T07:19:00Z,1.061475,TARGET,2,0.010902896081771727,1.9890971039182284,HTF_UNAMBIGUOUS,,false
STRUCTURAL,EUR/USD|2022-07-01|4h|630@647,EUR/USD,4h,EUR/USD_2022-07-01,demand,2022-05-02T16:00:00Z,2022-05-05T12:00:00Z,1.05085,1.0491,1.0491,2022-05-02T16:00:00Z,2022-05-03T20:00:00Z,external,1,1.0491,1.0543500000000003,0.0017500000000001403,2022-05-05T19:35:00Z,1.0543500000000003,TARGET,2,0.0914285714285641,1.908571428571436,1M_RESOLVED,,false
STRUCTURAL,EUR/USD|2022-07-01|4h|647@654,EUR/USD,4h,EUR/USD_2022-07-01,demand,2022-05-05T12:00:00Z,2022-05-06T16:00:00Z,1.0538249999999998,1.05035,1.0506,2022-05-04T04:00:00Z,2022-05-04T16:00:00Z,internal,0.9280575539568083,1.0506,1.0602749999999994,0.0032249999999998114,2022-05-12T04:00:00Z,1.046,S2_CLOSE_INVALIDATION,-2.426356589147351,0.0496124031007781,-2.4759689922481294,HTF_UNAMBIGUOUS,,false
STRUCTURAL,EUR/USD|2022-07-01|4h|670@696,EUR/USD,4h,EUR/USD_2022-07-01,supply,2022-05-11T04:00:00Z,2022-05-17T08:00:00Z,1.0547499999999999,1.0561,1.0592,2022-05-09T16:00:00Z,2022-05-10T20:00:00Z,external,3.2962962962958944,1.0592,1.0458499999999997,0.004450000000000065,2022-05-23T00:00:00Z,1.0593,S2_CLOSE_INVALIDATION,-1.0224719101123567,0.03595505617977476,-1.0584269662921315,HTF_UNAMBIGUOUS,,false
STRUCTURAL,EUR/USD|2022-07-01|4h|670@698,EUR/USD,4h,EUR/USD_2022-07-01,supply,2022-05-11T04:00:00Z,2022-05-17T16:00:00Z,1.0547499999999999,1.0561,1.0592,2022-05-09T16:00:00Z,2022-05-10T20:00:00Z,external,3.2962962962958944,1.0592,1.0458499999999997,0.004450000000000065,2022-05-23T00:00:00Z,1.0593,S2_CLOSE_INVALIDATION,-1.0224719101123567,0.03595505617977476,-1.0584269662921315,HTF_UNAMBIGUOUS,,false
STRUCTURAL,EUR/USD|2025-04-01|1h|410@419,EUR/USD,1h,EUR/USD_2025-04-01,supply,2024-12-10T11:00:00Z,2024-12-10T20:00:00Z,1.05286,1.05334,1.05685,2024-12-10T06:00:00Z,2024-12-10T13:00:00Z,external,8.31249999999971,1.05685,1.0448799999999996,0.00399000000000016,2024-12-18T19:01:00Z,1.0448799999999996,TARGET,2,0.04010025062656481,1.9598997493734351,1M_RESOLVED,,false
STRUCTURAL,EUR/USD|2025-04-01|1h|121@569,EUR/USD,1h,EUR/USD_2025-04-01,demand,2024-11-22T09:00:00Z,2024-12-19T02:00:00Z,1.038705,1.03284,1.03284,2024-11-22T09:00:00Z,2024-11-22T16:00:00Z,external,1,1.03284,1.050435,0.005865000000000009,2025-01-02T10:00:00Z,1.03168,S2_CLOSE_INVALIDATION,-1.1977834612105793,0.027280477408354604,-1.225063938618934,HTF_UNAMBIGUOUS,,false
STRUCTURAL,EUR/USD|2025-04-01|1h|735@800,EUR/USD,1h,EUR/USD_2025-04-01,supply,2024-12-31T09:00:00Z,2025-01-06T11:00:00Z,1.041815,1.04249,1.04249,2024-12-31T09:00:00Z,2025-01-02T01:00:00Z,external,1,1.04249,1.040465,0.0006749999999999812,2025-01-06T12:23:00Z,1.040465,TARGET,2,0.23703703703704368,1.7629629629629564,1M_RESOLVED,,false
STRUCTURAL,EUR/USD|2025-04-01|1h|735@802,EUR/USD,1h,EUR/USD_2025-04-01,supply,2024-12-31T09:00:00Z,2025-01-06T13:00:00Z,1.041815,1.04249,1.04249,2024-12-31T09:00:00Z,2025-01-02T01:00:00Z,external,1,1.04249,1.040465,0.0006749999999999812,2025-01-06T13:45:00Z,1.040465,TARGET,2,0.23703703703704368,1.7629629629629564,1M_RESOLVED,,false
STRUCTURAL,EUR/USD|2025-04-01|1h|735@820,EUR/USD,1h,EUR/USD_2025-04-01,supply,2024-12-31T09:00:00Z,2025-01-07T07:00:00Z,1.041815,1.04249,1.04249,2024-12-31T09:00:00Z,2025-01-02T01:00:00Z,external,1,1.04249,1.040465,0.0006749999999999812,2025-01-07T08:20:00Z,1.040465,TARGET,2,0.23703703703704368,1.7629629629629564,1M_RESOLVED,,false
STRUCTURAL,EUR/USD|2025-04-01|1h|799@835,EUR/USD,1h,EUR/USD_2025-04-01,demand,2025-01-06T10:00:00Z,2025-01-07T22:00:00Z,1.03467,1.03348,1.03075,2025-01-06T06:00:00Z,2025-01-06T09:00:00Z,internal,3.294117647058692,1.03075,1.0425099999999998,0.0039199999999999235,2025-01-08T11:00:00Z,1.02973,S2_CLOSE_INVALIDATION,-1.2602040816326634,0.04081632653061305,-1.3010204081632764,HTF_UNAMBIGUOUS,,false
STRUCTURAL,EUR/USD|2025-04-01|1h|846@859,EUR/USD,1h,EUR/USD_2025-04-01,supply,2025-01-08T09:00:00Z,2025-01-08T22:00:00Z,1.0321,1.03268,1.03579,2025-01-08T06:00:00Z,2025-01-08T13:00:00Z,external,6.362068965516918,1.03579,1.02472,0.003689999999999971,2025-01-10T13:30:00Z,1.02472,TARGET,2,0.04336043360433638,1.9566395663956637,1M_RESOLVED,,false
STRUCTURAL,EUR/USD|2025-04-01|1h|760@900,EUR/USD,1h,EUR/USD_2025-04-01,demand,2025-01-02T19:00:00Z,2025-01-10T15:00:00Z,1.025395,1.02476,1.02222,2025-01-02T16:00:00Z,2025-01-02T23:00:00Z,external,4.999999999998951,1.02222,1.0317450000000004,0.00317500000000015,2025-01-13T03:00:00Z,1.021545,S2_CLOSE_INVALIDATION,-1.2125984251968345,0.0503937007873992,-1.2629921259842336,HTF_UNAMBIGUOUS,,false
STRUCTURAL,EUR/USD|2025-04-01|1h|869@948,EUR/USD,1h,EUR/USD_2025-04-01,supply,2025-01-09T08:00:00Z,2025-01-14T15:00:00Z,1.029585,1.03083,1.0322,2025-01-09T03:00:00Z,2025-01-09T06:00:00Z,internal,2.10040160642583,1.0322,1.024355,0.002615000000000034,2025-01-15T13:00:00Z,1.03446,S2_CLOSE_INVALIDATION,-1.8642447418737664,0.061185468451242044,-1.9254302103250085,HTF_UNAMBIGUOUS,,false
STRUCTURAL,EUR/USD|2025-04-01|1h|950@973,EUR/USD,1h,EUR/USD_2025-04-01,demand,2025-01-14T17:00:00Z,2025-01-15T16:00:00Z,1.02853,1.02787,1.02392,2025-01-14T12:00:00Z,2025-01-14T19:00:00Z,external,6.984848484849729,1.02392,1.03775,0.004610000000000003,2025-01-20T13:32:00Z,1.03775,TARGET,2,0.03470715835140996,1.96529284164859,1M_RESOLVED,,false
STRUCTURAL,EUR/USD|2025-04-01|1h|802@1042,EUR/USD,1h,EUR/USD_2025-04-01,supply,2025-01-06T13:00:00Z,2025-01-20T14:00:00Z,1.04207,1.04373,1.04373,2025-01-06T13:00:00Z,2025-01-06T20:00:00Z,external,1,1.04373,1.03875,0.0016599999999999948,2025-01-20T15:45:00Z,1.03875,TARGET,2,0.09638554216867501,1.903614457831325,1M_RESOLVED,,false
STRUCTURAL,EUR/USD|2025-04-01|1h|800@1045,EUR/USD,1h,EUR/USD_2025-04-01,supply,2025-01-06T11:00:00Z,2025-01-20T17:00:00Z,1.03809,1.04333,1.03124,2025-01-03T21:00:00Z,2025-01-06T00:00:00Z,internal,1.3072519083969176,1.03124,1.02439,0.006850000000000023,2025-01-20T17:00:00Z,1.03856,S2_CLOSE_INVALIDATION,-0.06861313868612684,0.023357664233576568,-0.09197080291970341,HTF_UNAMBIGUOUS,,false
STRUCTURAL,EUR/USD|2025-04-01|1h|802@1047,EUR/USD,1h,EUR/USD_2025-04-01,supply,2025-01-06T13:00:00Z,2025-01-20T19:00:00Z,1.04207,1.04373,1.04373,2025-01-06T13:00:00Z,2025-01-06T20:00:00Z,external,1,1.04373,1.03875,0.0016599999999999948,2025-01-21T00:50:00Z,1.03875,TARGET,2,0.09638554216867501,1.903614457831325,1M_RESOLVED,,false
STRUCTURAL,EUR/USD|2025-04-01|1h|800@1054,EUR/USD,1h,EUR/USD_2025-04-01,supply,2025-01-06T11:00:00Z,2025-01-21T02:00:00Z,1.03809,1.04333,1.03124,2025-01-03T21:00:00Z,2025-01-06T00:00:00Z,internal,1.3072519083969176,1.03124,1.02439,0.006850000000000023,2025-01-21T02:00:00Z,1.03877,S2_CLOSE_INVALIDATION,-0.09927007299270244,0.023357664233576568,-0.12262773722627901,HTF_UNAMBIGUOUS,,false
STRUCTURAL,EUR/USD|2025-04-01|1h|800@1057,EUR/USD,1h,EUR/USD_2025-04-01,supply,2025-01-06T11:00:00Z,2025-01-21T05:00:00Z,1.03809,1.04333,1.03124,2025-01-03T21:00:00Z,2025-01-06T00:00:00Z,internal,1.3072519083969176,1.03124,1.02439,0.006850000000000023,2025-01-21T05:00:00Z,1.0379,S2_CLOSE_INVALIDATION,0.027737226277359393,0.023357664233576568,0.004379562043782825,HTF_UNAMBIGUOUS,,false
STRUCTURAL,EUR/USD|2025-04-01|1h|1045@1058,EUR/USD,1h,EUR/USD_2025-04-01,demand,2025-01-20T17:00:00Z,2025-01-21T06:00:00Z,1.03779,1.03532,1.03532,2025-01-20T17:00:00Z,2025-01-20T20:00:00Z,internal,1,1.03532,1.04273,0.0024699999999999722,2025-01-21T10:00:00Z,1.0353,S2_CLOSE_INVALIDATION,-1.008097165991866,0.06477732793522341,-1.0728744939270896,HTF_UNAMBIGUOUS,,false
STRUCTURAL,EUR/USD|2025-04-01|1h|800@1067,EUR/USD,1h,EUR/USD_2025-04-01,supply,2025-01-06T11:00:00Z,2025-01-21T15:00:00Z,1.03809,1.04333,1.03124,2025-01-03T21:00:00Z,2025-01-06T00:00:00Z,internal,1.3072519083969176,1.03124,1.02439,0.006850000000000023,2025-01-21T15:00:00Z,1.04007,S2_CLOSE_INVALIDATION,-0.28905109489052355,0.023357664233576568,-0.3124087591241001,HTF_UNAMBIGUOUS,,false
STRUCTURAL,EUR/USD|2025-04-01|1h|822@1069,EUR/USD,1h,EUR/USD_2025-04-01,supply,2025-01-07T09:00:00Z,2025-01-21T17:00:00Z,1.04293,1.04347,1.0398,2025-01-06T22:00:00Z,2025-01-07T01:00:00Z,internal,5.796296296296189,1.0398,1.0366700000000002,0.003129999999999855,2025-01-21T17:00:00Z,1.04214,S2_CLOSE_INVALIDATION,0.2523961661341479,0.05111821086262218,0.2012779552715257,HTF_UNAMBIGUOUS,,false
STRUCTURAL,EUR/USD|2025-04-01|1h|802@1070,EUR/USD,1h,EUR/USD_2025-04-01,supply,2025-01-06T13:00:00Z,2025-01-21T18:00:00Z,1.04207,1.04373,1.04373,2025-01-06T13:00:00Z,2025-01-06T20:00:00Z,external,1,1.04373,1.03875,0.0016599999999999948,2025-01-22T09:00:00Z,1.04467,S2_CLOSE_INVALIDATION,-1.56626506024093,0.09638554216867501,-1.662650602409605,HTF_UNAMBIGUOUS,,false
STRUCTURAL,EUR/USD|2025-04-01|1h|714@1087,EUR/USD,1h,EUR/USD_2025-04-01,supply,2024-12-30T12:00:00Z,2025-01-22T11:00:00Z,1.044895,1.04591,1.04591,2024-12-30T12:00:00Z,2024-12-30T19:00:00Z,external,1,1.04591,1.042865,0.0010149999999999881,2025-01-22T13:38:00Z,1.042865,TARGET,2,0.15763546798029743,1.8423645320197026,1M_RESOLVED,,false
STRUCTURAL,EUR/USD|2025-04-01|1h|1075@1097,EUR/USD,1h,EUR/USD_2025-04-01,demand,2025-01-21T23:00:00Z,2025-01-22T21:00:00Z,1.04108,1.03922,1.03922,2025-01-21T23:00:00Z,2025-01-22T06:00:00Z,external,1,1.03922,1.0448,0.0018599999999999728,2025-01-24T02:44:00Z,1.0448,TARGET,2,0.08602150537634536,1.9139784946236547,1M_RESOLVED,,false
STRUCTURAL,EUR/USD|2025-04-01|1h|714@1128,EUR/USD,1h,EUR/USD_2025-04-01,supply,2024-12-30T12:00:00Z,2025-01-24T04:00:00Z,1.044895,1.04591,1.04591,2024-12-30T12:00:00Z,2024-12-30T19:00:00Z,external,1,1.04591,1.042865,0.0010149999999999881,2025-01-24T07:00:00Z,1.04611,S2_CLOSE_INVALIDATION,-1.1970443349755688,0.15763546798029743,-1.3546798029558662,HTF_UNAMBIGUOUS,,false
STRUCTURAL,EUR/USD|2025-04-01|1h|553@1132,EUR/USD,1h,EUR/USD_2025-04-01,supply,2024-12-18T10:00:00Z,2025-01-24T08:00:00Z,1.049455,1.05006,1.05131,2024-12-18T07:00:00Z,2024-12-18T14:00:00Z,external,3.066115702479409,1.05131,1.0457450000000001,0.00185499999999994,2025-01-24T15:00:00Z,1.05165,S2_CLOSE_INVALIDATION,-1.1832884097035137,0.08625336927223999,-1.2695417789757537,HTF_UNAMBIGUOUS,,false
STRUCTURAL,EUR/USD|2025-04-01|1h|1137@1146,EUR/USD,1h,EUR/USD_2025-04-01,demand,2025-01-24T13:00:00Z,2025-01-26T23:00:00Z,1.04719,1.04635,1.04635,2025-01-24T13:00:00Z,2025-01-24T16:00:00Z,internal,1,1.04635,1.0488700000000004,0.0008400000000001739,2025-01-27T01:00:00Z,1.04628,S2_CLOSE_INVALIDATION,-1.083333333333069,0.19047619047615105,-1.27380952380922,HTF_UNAMBIGUOUS,,false
STRUCTURAL,EUR/USD|2025-04-01|1h|1123@1183,EUR/USD,1h,EUR/USD_2025-04-01,demand,2025-01-23T23:00:00Z,2025-01-28T12:00:00Z,1.04162,1.04128,1.03718,2025-01-23T16:00:00Z,2025-01-23T23:00:00Z,external,13.058823529411496,1.03718,1.0505,0.0044399999999999995,2025-01-31T14:00:00Z,1.03688,S2_CLOSE_INVALIDATION,-1.0675675675675602,0.03603603603603604,-1.1036036036035963,HTF_UNAMBIGUOUS,,false
STRUCTURAL,EUR/USD|2025-04-01|1h|1232@1260,EUR/USD,1h,EUR/USD_2025-04-01,supply,2025-01-30T13:00:00Z,2025-01-31T17:00:00Z,1.0431,1.04608,1.04304,2025-01-30T08:00:00Z,2025-01-30T11:00:00Z,internal,0.02013422818790246,1.04304,1.04298,0.00005999999999994898,2025-01-31T17:12:00Z,1.04298,TARGET,2,2.6666666666689345,-0.6666666666689345,1M_RESOLVED,,false
STRUCTURAL,EUR/USD|2025-04-01|1h|1257@1261,EUR/USD,1h,EUR/USD_2025-04-01,demand,2025-01-31T14:00:00Z,2025-01-31T18:00:00Z,1.03745,1.0366,1.03651,2025-01-31T09:00:00Z,2025-01-31T12:00:00Z,internal,1.1058823529410842,1.03651,1.0393299999999999,0.0009399999999999409,2025-01-31T21:00:00Z,1.03612,S2_CLOSE_INVALIDATION,-1.4148936170214224,0.17021276595745752,-1.5851063829788798,HTF_UNAMBIGUOUS,,false
STRUCTURAL,EUR/USD|2025-04-01|1h|1257@1263,EUR/USD,1h,EUR/USD_2025-04-01,demand,2025-01-31T14:00:00Z,2025-01-31T20:00:00Z,1.03745,1.0366,1.03651,2025-01-31T09:00:00Z,2025-01-31T12:00:00Z,internal,1.1058823529410842,1.03651,1.0393299999999999,0.0009399999999999409,2025-01-31T21:00:00Z,1.03612,S2_CLOSE_INVALIDATION,-1.4148936170214224,0.17021276595745752,-1.5851063829788798,HTF_UNAMBIGUOUS,,false
STRUCTURAL,EUR/USD|2025-04-01|1h|938@1265,EUR/USD,1h,EUR/USD_2025-04-01,demand,2025-01-14T05:00:00Z,2025-02-02T22:00:00Z,1.0247,1.02419,1.02381,2025-01-14T02:00:00Z,2025-01-14T05:00:00Z,internal,1.7450980392153277,1.02381,1.0264799999999996,0.0008899999999998354,2025-02-02T23:07:00Z,1.0264799999999996,TARGET,2,0.17977528089890968,1.8202247191010903,1M_RESOLVED,,false
STRUCTURAL,EUR/USD|2025-04-01|1h|1288@1293,EUR/USD,1h,EUR/USD_2025-04-01,supply,2025-02-03T21:00:00Z,2025-02-04T02:00:00Z,1.032165,1.03508,1.03368,2025-02-03T15:00:00Z,2025-02-03T18:00:00Z,internal,0.5197255574613834,1.03368,1.0291350000000001,0.001514999999999933,2025-02-04T05:05:00Z,1.0291350000000001,TARGET,2,0.10561056105611029,1.8943894389438898,1M_RESOLVED,,false
STRUCTURAL,EUR/USD|2025-04-01|1h|1288@1299,EUR/USD,1h,EUR/USD_2025-04-01,supply,2025-02-03T21:00:00Z,2025-02-04T08:00:00Z,1.032165,1.03508,1.03368,2025-02-03T15:00:00Z,2025-02-03T18:00:00Z,internal,0.5197255574613834,1.03368,1.0291350000000001,0.001514999999999933,2025-02-04T09:00:00Z,1.033862,S2_CLOSE_INVALIDATION,-1.120132013201409,0.10561056105611029,-1.2257425742575192,HTF_UNAMBIGUOUS,,false
STRUCTURAL,EUR/USD|2025-04-01|1h|1288@1303,EUR/USD,1h,EUR/USD_2025-04-01,supply,2025-02-03T21:00:00Z,2025-02-04T12:00:00Z,1.032165,1.03508,1.03368,2025-02-03T15:00:00Z,2025-02-03T18:00:00Z,internal,0.5197255574613834,1.03368,1.0291350000000001,0.001514999999999933,2025-02-04T13:00:00Z,1.03405,S2_CLOSE_INVALIDATION,-1.2442244224422427,0.10561056105611029,-1.349834983498353,HTF_UNAMBIGUOUS,,false
STRUCTURAL,EUR/USD|2025-04-01|1h|1260@1327,EUR/USD,1h,EUR/USD_2025-04-01,supply,2025-01-31T17:00:00Z,2025-02-05T12:00:00Z,1.0412400000000002,1.04349,1.04349,2025-01-31T17:00:00Z,2025-02-03T00:00:00Z,external,1,1.04349,1.0367400000000004,0.0022499999999998632,2025-02-06T08:20:00Z,1.0367400000000004,TARGET,2,0.07111111111111544,1.9288888888888847,1M_RESOLVED,,false
STRUCTURAL,EUR/USD|2025-04-01|1h|1368@1375,EUR/USD,1h,EUR/USD_2025-04-01,demand,2025-02-07T05:00:00Z,2025-02-07T12:00:00Z,1.037785,1.03737,1.03741,2025-02-07T01:00:00Z,2025-02-07T04:00:00Z,internal,0.9036144578312415,1.03741,1.038535,0.0003750000000000142,2025-02-07T13:30:00Z,1.038535,TARGET,2,0.42666666666665054,1.5733333333333495,1M_RESOLVED,,false
STRUCTURAL,EUR/USD|2025-04-01|1h|1283@1385,EUR/USD,1h,EUR/USD_2025-04-01,demand,2025-02-03T16:00:00Z,2025-02-09T22:00:00Z,1.0297100000000001,1.02721,1.02423,2025-02-03T15:00:00Z,2025-02-03T18:00:00Z,internal,2.1919999999999127,1.02423,1.0406700000000004,0.005480000000000151,2025-02-12T17:13:00Z,1.0406700000000004,TARGET,2,0.029197080291969997,1.97080291970803,HTF_UNAMBIGUOUS,,false
STRUCTURAL,EUR/USD|2025-04-01|1h|1260@1453,EUR/USD,1h,EUR/USD_2025-04-01,supply,2025-01-31T17:00:00Z,2025-02-12T18:00:00Z,1.0412400000000002,1.04349,1.04349,2025-01-31T17:00:00Z,2025-02-03T00:00:00Z,external,1,1.04349,1.0367400000000004,0.0022499999999998632,2025-02-13T05:00:00Z,1.043518,S2_CLOSE_INVALIDATION,-1.0124444444444083,0.07111111111111544,-1.0835555555555236,HTF_UNAMBIGUOUS,,false
STRUCTURAL,EUR/USD|2025-04-01|1h|1234@1465,EUR/USD,1h,EUR/USD_2025-04-01,supply,2025-01-30T15:00:00Z,2025-02-13T06:00:00Z,1.04348,1.04429,1.04684,2025-01-30T14:00:00Z,2025-01-30T21:00:00Z,external,4.148148148148301,1.04684,1.03676,0.0033600000000000296,2025-02-14T08:00:00Z,1.04765,S2_CLOSE_INVALIDATION,-1.2410714285714197,0.0476190476190472,-1.288690476190467,HTF_UNAMBIGUOUS,,false
STRUCTURAL,EUR/USD|2025-04-01|1h|1166@1496,EUR/USD,1h,EUR/USD_2025-04-01,supply,2025-01-27T19:00:00Z,2025-02-14T13:00:00Z,1.04861,1.04932,1.05336,2025-01-27T13:00:00Z,2025-01-27T20:00:00Z,external,6.690140845070577,1.05336,1.03911,0.004750000000000032,2025-02-27T22:49:00Z,1.03911,TARGET,2,0.03368421052631557,1.9663157894736845,1M_RESOLVED,,false
STRUCTURAL,EUR/USD|2025-04-01|1h|1471@1722,EUR/USD,1h,EUR/USD_2025-04-01,demand,2025-02-13T12:00:00Z,2025-02-27T23:00:00Z,1.0394700000000001,1.03855,1.03797,2025-02-12T21:00:00Z,2025-02-13T00:00:00Z,internal,1.630434782608701,1.03797,1.0424700000000002,0.0015000000000000568,2025-02-28T18:00:00Z,1.036338,S2_CLOSE_INVALIDATION,-2.0880000000000107,0.10666666666666264,-2.194666666666673,HTF_UNAMBIGUOUS,,false
STRUCTURAL,EUR/USD|2025-04-01|1h|1717@1747,EUR/USD,1h,EUR/USD_2025-04-01,supply,2025-02-27T18:00:00Z,2025-03-03T00:00:00Z,1.041245,1.04179,1.04924,2025-02-27T13:00:00Z,2025-02-27T20:00:00Z,external,14.669724770641679,1.04924,1.025255,0.007994999999999974,2025-03-03T16:00:00Z,1.04962,S2_CLOSE_INVALIDATION,-1.0475297060662974,0.020012507817385932,-1.0675422138836832,HTF_UNAMBIGUOUS,,false
STRUCTURAL,EUR/USD|2025-04-01|1h|1781@1786,EUR/USD,1h,EUR/USD_2025-04-01,demand,2025-03-04T10:00:00Z,2025-03-04T15:00:00Z,1.0511,1.05022,1.04708,2025-03-04T05:00:00Z,2025-03-04T12:00:00Z,external,4.568181818181761,1.04708,1.0591399999999997,0.0040199999999999125,2025-03-04T18:58:00Z,1.0591399999999997,TARGET,2,0.03980099502487649,1.9601990049751234,HTF_UNAMBIGUOUS,,false
STRUCTURAL,EUR/USD|2025-04-01|1h|65@1790,EUR/USD,1h,EUR/USD_2025-04-01,supply,2024-11-20T01:00:00Z,2025-03-04T19:00:00Z,1.059995,1.06044,1.06104,2024-11-20T00:00:00Z,2024-11-20T07:00:00Z,external,2.3483146067413374,1.06104,1.057905,0.0010449999999999626,2025-03-04T21:00:00Z,1.062637,S2_CLOSE_INVALIDATION,-2.5282296650718927,0.15311004784689544,-2.6813397129187884,HTF_UNAMBIGUOUS,,false
STRUCTURAL,EUR/USD|2025-04-01|4h|481@505,EUR/USD,4h,EUR/USD_2025-04-01,supply,2024-12-30T08:00:00Z,2025-01-06T08:00:00Z,1.0430899999999999,1.04527,1.04446,2024-12-27T12:00:00Z,2024-12-29T20:00:00Z,internal,0.6284403669724995,1.04446,1.0403499999999997,0.0013700000000000934,2025-01-06T12:23:00Z,1.0403499999999997,TARGET,2,0.11678832116787526,1.8832116788321247,1M_RESOLVED,,false
STRUCTURAL,EUR/USD|2025-04-01|4h|523@553,EUR/USD,4h,EUR/USD_2025-04-01,supply,2025-01-09T08:00:00Z,2025-01-16T04:00:00Z,1.030075,1.03181,1.04348,2025-01-07T08:00:00Z,2025-01-07T20:00:00Z,internal,7.726224783862409,1.04348,1.0032650000000003,0.01340499999999989,2025-01-22T08:00:00Z,1.04429,S2_CLOSE_INVALIDATION,-1.0604252144722106,0.011935844834017257,-1.0723610593062278,HTF_UNAMBIGUOUS,,false
STRUCTURAL,EUR/USD|2025-04-01|4h|481@580,EUR/USD,4h,EUR/USD_2025-04-01,supply,2024-12-30T08:00:00Z,2025-01-22T12:00:00Z,1.0430899999999999,1.04527,1.04446,2024-12-27T12:00:00Z,2024-12-29T20:00:00Z,internal,0.6284403669724995,1.04446,1.0403499999999997,0.0013700000000000934,2025-01-23T01:55:00Z,1.0403499999999997,TARGET,2,0.11678832116787526,1.8832116788321247,1M_RESOLVED,,false
STRUCTURAL,EUR/USD|2025-04-01|4h|424@593,EUR/USD,4h,EUR/USD_2025-04-01,supply,2024-12-16T00:00:00Z,2025-01-24T16:00:00Z,1.051615,1.05234,1.05246,2024-12-13T12:00:00Z,2024-12-15T20:00:00Z,internal,1.16551724137915,1.05246,1.049925,0.0008449999999999847,2025-01-24T18:38:00Z,1.049925,TARGET,2,0.18934911242603897,1.810650887573961,1M_RESOLVED,,false
STRUCTURAL,EUR/USD|2025-04-01|4h|424@598,EUR/USD,4h,EUR/USD_2025-04-01,supply,2024-12-16T00:00:00Z,2025-01-27T08:00:00Z,1.051615,1.05234,1.05246,2024-12-13T12:00:00Z,2024-12-15T20:00:00Z,internal,1.16551724137915,1.05246,1.049925,0.0008449999999999847,2025-01-27T15:34:00Z,1.049925,TARGET,2,0.18934911242603897,1.810650887573961,1M_RESOLVED,,false
STRUCTURAL,EUR/USD|2025-04-01|4h|404@599,EUR/USD,4h,EUR/USD_2025-04-01,supply,2024-12-10T20:00:00Z,2025-01-27T12:00:00Z,1.052785,1.05323,1.05948,2024-12-09T16:00:00Z,2024-12-10T20:00:00Z,external,15.044943820223514,1.05948,1.0393950000000003,0.0066949999999998955,2025-01-29T12:18:00Z,1.0393950000000003,TARGET,2,0.023898431665422333,1.9761015683345777,1M_RESOLVED,,false
STRUCTURAL,EUR/USD|2025-04-01|4h|584@617,EUR/USD,4h,EUR/USD_2025-04-01,demand,2025-01-23T04:00:00Z,2025-01-30T12:00:00Z,1.0401500000000001,1.03899,1.03417,2025-01-21T08:00:00Z,2025-01-21T20:00:00Z,internal,5.155172413792965,1.03417,1.0521100000000003,0.005980000000000096,2025-02-02T20:00:00Z,1.024713,S2_CLOSE_INVALIDATION,-2.5814381270902835,0.026755852842808937,-2.6081939799330924,HTF_UNAMBIGUOUS,,false
STRUCTURAL,EUR/USD|2025-04-01|4h|617@642,EUR/USD,4h,EUR/USD_2025-04-01,supply,2025-01-30T12:00:00Z,2025-02-05T12:00:00Z,1.0429249999999999,1.04684,1.04684,2025-01-30T12:00:00Z,2025-01-31T16:00:00Z,external,1,1.04684,1.0350949999999997,0.003915000000000113,2025-02-07T13:32:00Z,1.0350949999999997,TARGET,2,0.04086845466155693,1.959131545338443,1M_RESOLVED,,false
STRUCTURAL,EUR/USD|2025-04-01|4h|617@674,EUR/USD,4h,EUR/USD_2025-04-01,supply,2025-01-30T12:00:00Z,2025-02-12T16:00:00Z,1.0429249999999999,1.04684,1.04684,2025-01-30T12:00:00Z,2025-01-31T16:00:00Z,external,1,1.04684,1.0350949999999997,0.003915000000000113,2025-02-14T12:00:00Z,1.05085,S2_CLOSE_INVALIDATION,-2.024265644955288,0.04086845466155693,-2.065134099616845,HTF_UNAMBIGUOUS,,false
STRUCTURAL,EUR/USD|2025-04-01|4h|617@678,EUR/USD,4h,EUR/USD_2025-04-01,supply,2025-01-30T12:00:00Z,2025-02-13T08:00:00Z,1.0429249999999999,1.04684,1.04684,2025-01-30T12:00:00Z,2025-01-31T16:00:00Z,external,1,1.04684,1.0350949999999997,0.003915000000000113,2025-02-14T12:00:00Z,1.05085,S2_CLOSE_INVALIDATION,-2.024265644955288,0.04086845466155693,-2.065134099616845,HTF_UNAMBIGUOUS,,false
STRUCTURAL,EUR/USD|2025-04-01|4h|592@687,EUR/USD,4h,EUR/USD_2025-04-01,supply,2025-01-24T12:00:00Z,2025-02-14T20:00:00Z,1.0492249999999999,1.0521,1.04578,2025-01-22T08:00:00Z,2025-01-23T12:00:00Z,external,1.1982608695651134,1.04578,1.042335,0.0034449999999999203,2025-02-14T20:00:00Z,1.04912,S2_CLOSE_INVALIDATION,0.030478955007199455,0.046444121915821104,-0.01596516690862165,HTF_UNAMBIGUOUS,,false
STRUCTURAL,EUR/USD|2025-04-01|4h|598@688,EUR/USD,4h,EUR/USD_2025-04-01,supply,2025-01-27T08:00:00Z,2025-02-16T20:00:00Z,1.04864,1.05186,1.05219,2025-01-24T16:00:00Z,2025-01-27T00:00:00Z,internal,1.1024844720496711,1.05219,1.0415400000000001,0.003549999999999942,2025-02-19T16:03:00Z,1.0415400000000001,TARGET,2,0.045070422535212006,1.954929577464788,1M_RESOLVED,,false
STRUCTURAL,EUR/USD|2025-04-01|4h|689@711,EUR/USD,4h,EUR/USD_2025-04-01,supply,2025-02-17T00:00:00Z,2025-02-20T16:00:00Z,1.049605,1.05069,1.05146,2025-02-14T12:00:00Z,2025-02-17T12:00:00Z,external,1.709677419354984,1.05146,1.0458949999999996,0.001855000000000162,2025-02-21T15:23:00Z,1.0458949999999996,TARGET,2,0.08625336927222967,1.9137466307277704,1M_RESOLVED,,false
STRUCTURAL,EUR/USD|2025-04-01|4h|404@720,EUR/USD,4h,EUR/USD_2025-04-01,supply,2024-12-10T20:00:00Z,2025-02-24T00:00:00Z,1.052785,1.05323,1.05948,2024-12-09T16:00:00Z,2024-12-10T20:00:00Z,external,15.044943820223514,1.05948,1.0393950000000003,0.0066949999999998955,2025-02-27T22:08:00Z,1.0393950000000003,TARGET,2,0.023898431665422333,1.9761015683345777,1M_RESOLVED,,false
STRUCTURAL,EUR/USD|2025-04-01|4h|670@748,EUR/USD,4h,EUR/USD_2025-04-01,demand,2025-02-12T00:00:00Z,2025-02-28T16:00:00Z,1.036095,1.03537,1.02918,2025-02-11T00:00:00Z,2025-02-11T12:00:00Z,internal,9.537931034481625,1.02918,1.049925,0.0069150000000000045,2025-03-03T15:29:00Z,1.049925,TARGET,2,0.023138105567606638,1.9768618944323935,HTF_UNAMBIGUOUS,,false
STRUCTURAL,EUR/USD|2025-04-01|4h|592@756,EUR/USD,4h,EUR/USD_2025-04-01,supply,2025-01-24T12:00:00Z,2025-03-03T20:00:00Z,1.0492249999999999,1.0521,1.04578,2025-01-22T08:00:00Z,2025-01-23T12:00:00Z,external,1.1982608695651134,1.04578,1.042335,0.0034449999999999203,2025-03-03T20:00:00Z,1.048563,S2_CLOSE_INVALIDATION,0.19216255442669253,0.046444121915821104,0.1457184325108714,HTF_UNAMBIGUOUS,,false
STRUCTURAL,EUR/USD|2025-04-01|4h|592@758,EUR/USD,4h,EUR/USD_2025-04-01,supply,2025-01-24T12:00:00Z,2025-03-04T04:00:00Z,1.0492249999999999,1.0521,1.04578,2025-01-22T08:00:00Z,2025-01-23T12:00:00Z,external,1.1982608695651134,1.04578,1.042335,0.0034449999999999203,2025-03-04T04:00:00Z,1.049292,S2_CLOSE_INVALIDATION,-0.01944847605226148,0.046444121915821104,-0.06589259796808258,HTF_UNAMBIGUOUS,,false
STRUCTURAL,EUR/USD|2025-04-01|4h|283@763,EUR/USD,4h,EUR/USD_2025-04-01,supply,2024-11-13T08:00:00Z,2025-03-05T00:00:00Z,1.061575,1.06386,1.08256,2024-11-07T12:00:00Z,2024-11-08T16:00:00Z,external,9.183807439824587,1.08256,1.0196049999999999,0.02098500000000003,2025-03-07T04:00:00Z,1.082993,S2_CLOSE_INVALIDATION,-1.020633786037652,0.007624493685966156,-1.0282582797236182,HTF_UNAMBIGUOUS,,false
STRUCTURAL,EUR/USD|2025-04-01|4h|139@792,EUR/USD,4h,EUR/USD_2025-04-01,supply,2024-10-11T04:00:00Z,2025-03-11T16:00:00Z,1.0938850000000002,1.09458,1.09578,2024-10-10T12:00:00Z,2024-10-11T00:00:00Z,internal,2.7266187050360537,1.09578,1.0900950000000007,0.001894999999999758,2025-03-12T03:19:00Z,1.0900950000000007,TARGET,2,0.08443271767811106,1.915567282321889,HTF_UNAMBIGUOUS,,false
STRUCTURAL,EUR/USD|2025-04-01|4h|249@817,EUR/USD,4h,EUR/USD_2025-04-01,supply,2024-11-05T20:00:00Z,2025-03-17T16:00:00Z,1.0924800000000001,1.09378,1.09378,2024-11-05T20:00:00Z,2024-11-07T00:00:00Z,external,1,1.09378,1.0898800000000004,0.0012999999999998568,2025-03-18T12:37:00Z,1.0898800000000004,TARGET,2,0.12307692307693664,1.8769230769230634,1M_RESOLVED,,false
STRUCTURAL,EUR/USD|2025-04-01|4h|141@824,EUR/USD,4h,EUR/USD_2025-04-01,supply,2024-10-11T12:00:00Z,2025-03-18T20:00:00Z,1.09393,1.09528,1.09542,2024-10-11T08:00:00Z,2024-10-11T20:00:00Z,internal,1.103703703703728,1.09542,1.09095,0.0014899999999999913,2025-03-19T07:10:00Z,1.09095,TARGET,2,0.1073825503355711,1.8926174496644288,HTF_UNAMBIGUOUS,,false
STRUCTURAL,EUR/USD|2025-04-01|4h|814@828,EUR/USD,4h,EUR/USD_2025-04-01,demand,2025-03-17T04:00:00Z,2025-03-19T12:00:00Z,1.08814,1.08684,1.08684,2025-03-17T04:00:00Z,2025-03-17T16:00:00Z,internal,1,1.08684,1.0907400000000003,0.0013000000000000789,2025-03-19T18:42:00Z,1.0907400000000003,TARGET,2,0.12307692307691562,1.8769230769230845,1M_RESOLVED,,false
STRUCTURAL,EUR/USD|2025-04-01|4h|814@832,EUR/USD,4h,EUR/USD_2025-04-01,demand,2025-03-17T04:00:00Z,2025-03-20T04:00:00Z,1.08814,1.08684,1.08684,2025-03-17T04:00:00Z,2025-03-17T16:00:00Z,internal,1,1.08684,1.0907400000000003,0.0013000000000000789,2025-03-20T08:00:00Z,1.08499,S2_CLOSE_INVALIDATION,-2.4230769230769362,0.12307692307691562,-2.5461538461538518,HTF_UNAMBIGUOUS,,false
STRUCTURAL,EUR/USD|2025-04-01|4h|783@839,EUR/USD,4h,EUR/USD_2025-04-01,demand,2025-03-10T04:00:00Z,2025-03-21T08:00:00Z,1.0827849999999999,1.08105,1.0765,2025-03-06T16:00:00Z,2025-03-07T04:00:00Z,internal,3.62247838616745,1.0765,1.0953549999999996,0.006284999999999874,2025-03-26T16:00:00Z,1.075093,S2_CLOSE_INVALIDATION,-1.2238663484486816,0.02545743834526702,-1.2493237867939486,HTF_UNAMBIGUOUS,,false
STRUCTURAL,EUR/USD|2025-04-01|4h|858@865,EUR/USD,4h,EUR/USD_2025-04-01,supply,2025-03-26T08:00:00Z,2025-03-27T12:00:00Z,1.0794100000000002,1.08031,1.08031,2025-03-26T08:00:00Z,2025-03-26T20:00:00Z,internal,1,1.08031,1.0776100000000004,0.0008999999999999009,2025-03-27T13:55:00Z,1.0776100000000004,TARGET,2,0.17777777777779738,1.8222222222222026,1M_RESOLVED,,false
STRUCTURAL,EUR/USD|2025-07-01|1h|932@944,EUR/USD,1h,EUR/USD_2025-07-01,demand,2025-04-11T05:00:00Z,2025-04-11T17:00:00Z,1.129885,1.12752,1.11632,2025-04-10T19:00:00Z,2025-04-10T22:00:00Z,internal,5.735729386892318,1.11632,1.1570150000000001,0.01356500000000005,2025-04-21T09:12:00Z,1.1570150000000001,TARGET,2,0.011795060818282303,1.9882049391817176,1M_RESOLVED,,false
STRUCTURAL,EUR/USD|2025-07-01|1h|1094@1100,EUR/USD,1h,EUR/USD_2025-07-01,demand,2025-04-22T00:00:00Z,2025-04-22T06:00:00Z,1.1498149999999998,1.14817,1.14817,2025-04-22T00:00:00Z,2025-04-22T03:00:00Z,internal,1,1.14817,1.1531049999999996,0.0016449999999998965,2025-04-22T12:00:00Z,1.14702,S2_CLOSE_INVALIDATION,-1.699088145896691,0.09726443768997572,-1.7963525835866667,HTF_UNAMBIGUOUS,,false
STRUCTURAL,EUR/USD|2025-07-01|1h|1094@1102,EUR/USD,1h,EUR/USD_2025-07-01,demand,2025-04-22T00:00:00Z,2025-04-22T08:00:00Z,1.1498149999999998,1.14817,1.14817,2025-04-22T00:00:00Z,2025-04-22T07:00:00Z,external,1,1.14817,1.1531049999999996,0.0016449999999998965,2025-04-22T12:00:00Z,1.14702,S2_CLOSE_INVALIDATION,-1.699088145896691,0.09726443768997572,-1.7963525835866667,HTF_UNAMBIGUOUS,,false
STRUCTURAL,EUR/USD|2025-07-01|1h|1053@1115,EUR/USD,1h,EUR/USD_2025-07-01,demand,2025-04-18T06:00:00Z,2025-04-22T21:00:00Z,1.13686,1.13616,1.1358,2025-04-18T00:00:00Z,2025-04-18T03:00:00Z,internal,1.514285714285968,1.1358,1.13898,0.001060000000000061,2025-04-22T22:00:00Z,1.13384,S2_CLOSE_INVALIDATION,-2.849056603773443,0.15094339622640643,-2.9999999999998495,HTF_UNAMBIGUOUS,,false
STRUCTURAL,EUR/USD|2025-07-01|1h|1132@1144,EUR/USD,1h,EUR/USD_2025-07-01,supply,2025-04-23T14:00:00Z,2025-04-24T02:00:00Z,1.135485,1.1383,1.14404,2025-04-23T09:00:00Z,2025-04-23T16:00:00Z,external,3.0390763765541142,1.14404,1.1183750000000003,0.008554999999999868,2025-05-12T07:01:00Z,1.1183750000000003,TARGET,2,0.01870251315020485,1.9812974868497952,1M_RESOLVED,,false
STRUCTURAL,EUR/USD|2025-07-01|1h|914@1418,EUR/USD,1h,EUR/USD_2025-07-01,demand,2025-04-10T11:00:00Z,2025-05-12T10:00:00Z,1.108095,1.10717,1.096732,2025-04-10T06:00:00Z,2025-04-10T09:00:00Z,internal,12.284324324323478,1.096732,1.130821,0.011363000000000012,2025-05-21T02:04:00Z,1.130821,TARGET,2,0.01408078852415734,1.9859192114758426,HTF_UNAMBIGUOUS,,false
STRUCTURAL,EUR/USD|2025-07-01|1h|1280@1580,EUR/USD,1h,EUR/USD_2025-07-01,supply,2025-05-02T13:00:00Z,2025-05-21T06:00:00Z,1.134735,1.13802,1.13555,2025-05-02T09:00:00Z,2025-05-02T12:00:00Z,internal,0.24809741248097855,1.13555,1.133105,0.0008150000000000102,2025-05-21T06:58:00Z,1.133105,TARGET,2,0.19631901840490554,1.8036809815950945,1M_RESOLVED,,false
STRUCTURAL,EUR/USD|2025-07-01|1h|1280@1588,EUR/USD,1h,EUR/USD_2025-07-01,supply,2025-05-02T13:00:00Z,2025-05-21T14:00:00Z,1.134735,1.13802,1.13555,2025-05-02T09:00:00Z,2025-05-02T12:00:00Z,internal,0.24809741248097855,1.13555,1.133105,0.0008150000000000102,2025-05-21T19:18:00Z,1.133105,TARGET,2,0.19631901840490554,1.8036809815950945,1M_RESOLVED,,false
STRUCTURAL,EUR/USD|2025-07-01|1h|1568@1612,EUR/USD,1h,EUR/USD_2025-07-01,demand,2025-05-20T18:00:00Z,2025-05-22T14:00:00Z,1.12759,1.12711,1.12233,2025-05-20T12:00:00Z,2025-05-20T19:00:00Z,external,10.9583333333326,1.12233,1.1381100000000002,0.005260000000000042,2025-05-25T23:19:00Z,1.1381100000000002,TARGET,2,0.0304182509505701,1.9695817490494298,HTF_UNAMBIGUOUS,,false
STRUCTURAL,EUR/USD|2025-07-01|1h|1687@1702,EUR/USD,1h,EUR/USD_2025-07-01,supply,2025-05-27T18:00:00Z,2025-05-28T09:00:00Z,1.133365,1.13392,1.1376,2025-05-27T13:00:00Z,2025-05-27T16:00:00Z,internal,7.630630630629466,1.1376,1.124895,0.004234999999999989,2025-05-28T23:36:00Z,1.124895,TARGET,2,0.037780401416765155,1.962219598583235,1M_RESOLVED,,false
STRUCTURAL,EUR/USD|2025-07-01|1h|1562@1718,EUR/USD,1h,EUR/USD_2025-07-01,demand,2025-05-20T12:00:00Z,2025-05-29T01:00:00Z,1.123545,1.12233,1.12233,2025-05-20T12:00:00Z,2025-05-20T19:00:00Z,external,1,1.12233,1.125975,0.001214999999999966,2025-05-29T06:19:00Z,1.125975,TARGET,2,0.13168724279835758,1.8683127572016425,HTF_UNAMBIGUOUS,,false
STRUCTURAL,EUR/USD|2025-07-01|1h|1709@1728,EUR/USD,1h,EUR/USD_2025-07-01,supply,2025-05-28T16:00:00Z,2025-05-29T11:00:00Z,1.129055,1.1297,1.13412,2025-05-28T10:00:00Z,2025-05-28T17:00:00Z,external,7.852713178294643,1.13412,1.1189249999999997,0.005065000000000097,2025-05-29T12:00:00Z,1.13495,S2_CLOSE_INVALIDATION,-1.1638696939782567,0.031589338598222494,-1.1954590325764791,HTF_UNAMBIGUOUS,,false
STRUCTURAL,EUR/USD|2025-07-01|1h|1681@1730,EUR/USD,1h,EUR/USD_2025-07-01,supply,2025-05-27T12:00:00Z,2025-05-29T13:00:00Z,1.135945,1.13682,1.14078,2025-05-27T01:00:00Z,2025-05-27T08:00:00Z,external,5.525714285714455,1.14078,1.1262750000000001,0.004834999999999923,2025-06-02T07:00:00Z,1.14238,S2_CLOSE_INVALIDATION,-1.3309203722854337,0.03309203722854241,-1.364012409513976,HTF_UNAMBIGUOUS,,false
STRUCTURAL,EUR/USD|2025-07-01|1h|1114@1774,EUR/USD,1h,EUR/USD_2025-07-01,supply,2025-04-22T20:00:00Z,2025-06-02T11:00:00Z,1.1423999999999999,1.1431,1.15478,2025-04-22T05:00:00Z,2025-04-22T12:00:00Z,external,17.685714285710706,1.15478,1.1176399999999997,0.012380000000000058,2025-06-12T09:00:00Z,1.15716,S2_CLOSE_INVALIDATION,-1.1922455573505684,0.012924071082390893,-1.2051696284329592,HTF_UNAMBIGUOUS,,false
STRUCTURAL,EUR/USD|2025-07-01|1h|1960@1983,EUR/USD,1h,EUR/USD_2025-07-01,demand,2025-06-12T06:00:00Z,2025-06-13T05:00:00Z,1.152155,1.15111,1.14791,2025-06-11T19:00:00Z,2025-06-11T22:00:00Z,internal,4.062200956937996,1.14791,1.1606450000000001,0.004245000000000054,2025-06-16T14:02:00Z,1.1606450000000001,TARGET,2,0.03769140164899834,1.9623085983510016,1M_RESOLVED,,false
STRUCTURAL,EUR/USD|2025-07-01|1h|2012@2018,EUR/USD,1h,EUR/USD_2025-07-01,demand,2025-06-16T11:00:00Z,2025-06-16T17:00:00Z,1.15767,1.15693,1.15693,2025-06-16T11:00:00Z,2025-06-16T14:00:00Z,internal,1,1.15693,1.15915,0.0007399999999999629,2025-06-16T19:00:00Z,1.15556,S2_CLOSE_INVALIDATION,-2.8513513513515703,0.21621621621622708,-3.067567567567797,HTF_UNAMBIGUOUS,,false
STRUCTURAL,EUR/USD|2025-07-01|1h|1988@2041,EUR/USD,1h,EUR/USD_2025-07-01,demand,2025-06-13T10:00:00Z,2025-06-17T16:00:00Z,1.15093,1.14887,1.14887,2025-06-13T10:00:00Z,2025-06-13T17:00:00Z,external,1,1.14887,1.15505,0.0020599999999999508,2025-06-17T17:00:00Z,1.14867,S2_CLOSE_INVALIDATION,-1.0970873786407682,0.07766990291262323,-1.1747572815533915,HTF_UNAMBIGUOUS,,false
STRUCTURAL,EUR/USD|2025-07-01|1h|1949@2044,EUR/USD,1h,EUR/USD_2025-07-01,demand,2025-06-11T19:00:00Z,2025-06-17T19:00:00Z,1.148315,1.14791,1.14791,2025-06-11T19:00:00Z,2025-06-11T22:00:00Z,internal,1,1.14791,1.149125,0.0004049999999999887,2025-06-17T21:05:00Z,1.149125,TARGET,2,0.3950617283950728,1.6049382716049272,1M_RESOLVED,,false
STRUCTURAL,EUR/USD|2025-07-01|1h|2040@2067,EUR/USD,1h,EUR/USD_2025-07-01,supply,2025-06-17T15:00:00Z,2025-06-18T18:00:00Z,1.15271,1.15359,1.15831,2025-06-17T12:00:00Z,2025-06-17T19:00:00Z,external,6.363636363636478,1.15831,1.1415099999999998,0.005600000000000049,2025-06-23T22:00:00Z,1.15918,S2_CLOSE_INVALIDATION,-1.155357142857168,0.02857142857142832,-1.1839285714285963,HTF_UNAMBIGUOUS,,false
STRUCTURAL,EUR/USD|2025-07-01|1h|2014@2145,EUR/USD,1h,EUR/USD_2025-07-01,supply,2025-06-16T13:00:00Z,2025-06-24T00:00:00Z,1.15946,1.16055,1.1587,2025-06-16T07:00:00Z,2025-06-16T10:00:00Z,internal,0.6972477064218782,1.1587,1.1579400000000002,0.0007599999999998719,2025-06-24T00:00:00Z,1.15993,S2_CLOSE_INVALIDATION,-0.6184210526316443,0.2105263157895092,-0.8289473684211535,HTF_UNAMBIGUOUS,,false
STRUCTURAL,EUR/USD|2025-07-01|1h|2014@2147,EUR/USD,1h,EUR/USD_2025-07-01,supply,2025-06-16T13:00:00Z,2025-06-24T02:00:00Z,1.15946,1.16055,1.1587,2025-06-16T07:00:00Z,2025-06-16T10:00:00Z,internal,0.6972477064218782,1.1587,1.1579400000000002,0.0007599999999998719,2025-06-24T02:00:00Z,1.16003,S2_CLOSE_INVALIDATION,-0.750000000000073,0.2105263157895092,-0.9605263157895823,HTF_UNAMBIGUOUS,,false
STRUCTURAL,EUR/USD|2025-07-01|1h|2160@2171,EUR/USD,1h,EUR/USD_2025-07-01,demand,2025-06-24T15:00:00Z,2025-06-25T02:00:00Z,1.162195,1.1607,1.15818,2025-06-24T13:00:00Z,2025-06-24T16:00:00Z,internal,2.6856187290970146,1.15818,1.1702250000000003,0.004015000000000102,2025-06-26T03:05:00Z,1.1702250000000003,TARGET,2,0.0398505603985046,1.9601494396014953,HTF_UNAMBIGUOUS,,false
STRUCTURAL,EUR/USD|2025-07-01|4h|427@431,EUR/USD,4h,EUR/USD_2025-07-01,demand,2025-03-18T08:00:00Z,2025-03-19T00:00:00Z,1.093455,1.09141,1.08684,2025-03-17T04:00:00Z,2025-03-17T16:00:00Z,internal,3.2347188264057682,1.08684,1.1066850000000001,0.0066150000000000375,2025-03-20T08:00:00Z,1.08499,S2_CLOSE_INVALIDATION,-1.2796674225245834,0.024187452758881196,-1.3038548752834647,HTF_UNAMBIGUOUS,,false
STRUCTURAL,EUR/USD|2025-07-01|4h|389@445,EUR/USD,4h,EUR/USD_2025-07-01,demand,2025-03-10T04:00:00Z,2025-03-21T08:00:00Z,1.0827849999999999,1.08105,1.0765,2025-03-06T16:00:00Z,2025-03-07T04:00:00Z,internal,3.62247838616745,1.0765,1.0953549999999996,0.006284999999999874,2025-03-26T16:00:00Z,1.075093,S2_CLOSE_INVALIDATION,-1.2238663484486816,0.02545743834526702,-1.2493237867939486,HTF_UNAMBIGUOUS,,false
STRUCTURAL,EUR/USD|2025-07-01|4h|464@471,EUR/USD,4h,EUR/USD_2025-07-01,supply,2025-03-26T08:00:00Z,2025-03-27T12:00:00Z,1.0794100000000002,1.08031,1.08031,2025-03-26T08:00:00Z,2025-03-26T20:00:00Z,internal,1,1.08031,1.0776100000000004,0.0008999999999999009,2025-03-27T13:55:00Z,1.0776100000000004,TARGET,2,0.17777777777779738,1.8222222222222026,1M_RESOLVED,,false
STRUCTURAL,EUR/USD|2025-07-01|4h|458@472,EUR/USD,4h,EUR/USD_2025-07-01,supply,2025-03-25T08:00:00Z,2025-03-27T16:00:00Z,1.0802399999999999,1.08281,1.08589,2025-03-24T08:00:00Z,2025-03-24T20:00:00Z,internal,2.1984435797664403,1.08589,1.0689399999999996,0.005650000000000155,2025-04-02T12:00:00Z,1.087193,S2_CLOSE_INVALIDATION,-1.230619469026552,0.028318584070795686,-1.2589380530973477,HTF_UNAMBIGUOUS,,false
STRUCTURAL,EUR/USD|2025-07-01|4h|433@498,EUR/USD,4h,EUR/USD_2025-07-01,supply,2025-03-19T08:00:00Z,2025-04-02T20:00:00Z,1.09024,1.09136,1.0955,2025-03-18T08:00:00Z,2025-03-19T12:00:00Z,external,4.69642857142837,1.0955,1.0797200000000005,0.00525999999999982,2025-04-03T04:00:00Z,1.097213,S2_CLOSE_INVALIDATION,-1.3256653992395693,0.030418250950571383,-1.3560836501901408,HTF_UNAMBIGUOUS,,false
STRUCTURAL,EUR/USD|2025-07-01|4h|516@528,EUR/USD,4h,EUR/USD_2025-07-01,demand,2025-04-07T17:00:00Z,2025-04-09T17:00:00Z,1.0928415,1.090513,1.07781,2025-04-01T08:00:00Z,2025-04-02T12:00:00Z,external,6.4554434185099305,1.07781,1.1229045000000002,0.015031500000000086,2025-04-10T18:18:00Z,1.1229045000000002,TARGET,2,0.010644313608089618,1.9893556863919104,HTF_UNAMBIGUOUS,,false
STRUCTURAL,EUR/USD|2025-07-01|4h|552@621,EUR/USD,4h,EUR/USD_2025-07-01,demand,2025-04-15T13:00:00Z,2025-05-01T05:00:00Z,1.130015,1.12689,1.12689,2025-04-15T13:00:00Z,2025-04-16T17:00:00Z,external,1,1.12689,1.136265,0.0031250000000000444,2025-05-02T13:38:00Z,1.136265,TARGET,2,0.051199999999999274,1.9488000000000008,1M_RESOLVED,,false
STRUCTURAL,EUR/USD|2025-07-01|4h|552@630,EUR/USD,4h,EUR/USD_2025-07-01,demand,2025-04-15T13:00:00Z,2025-05-02T17:00:00Z,1.130015,1.12689,1.12689,2025-04-15T13:00:00Z,2025-04-16T17:00:00Z,external,1,1.12689,1.136265,0.0031250000000000444,2025-05-05T12:57:00Z,1.136265,TARGET,2,0.051199999999999274,1.9488000000000008,1M_RESOLVED,,false
STRUCTURAL,EUR/USD|2025-07-01|4h|552@636,EUR/USD,4h,EUR/USD_2025-07-01,demand,2025-04-15T13:00:00Z,2025-05-05T13:00:00Z,1.130015,1.12689,1.12689,2025-04-15T13:00:00Z,2025-04-16T17:00:00Z,external,1,1.12689,1.136265,0.0031250000000000444,2025-05-06T14:16:00Z,1.136265,TARGET,2,0.051199999999999274,1.9488000000000008,1M_RESOLVED,,false
STRUCTURAL,EUR/USD|2025-07-01|4h|552@638,EUR/USD,4h,EUR/USD_2025-07-01,demand,2025-04-15T13:00:00Z,2025-05-05T21:00:00Z,1.130015,1.12689,1.12689,2025-04-15T13:00:00Z,2025-04-16T17:00:00Z,external,1,1.12689,1.136265,0.0031250000000000444,2025-05-06T14:16:00Z,1.136265,TARGET,2,0.051199999999999274,1.9488000000000008,1M_RESOLVED,,false
STRUCTURAL,EUR/USD|2025-07-01|4h|616@646,EUR/USD,4h,EUR/USD_2025-07-01,supply,2025-04-30T09:00:00Z,2025-05-07T05:00:00Z,1.1372499999999999,1.13893,1.14193,2025-04-29T13:00:00Z,2025-04-30T17:00:00Z,external,2.7857142857140875,1.14193,1.1278899999999998,0.0046800000000000175,2025-05-08T06:43:00Z,1.1278899999999998,TARGET,2,0.03418803418803407,1.965811965811966,1M_RESOLVED,,false
STRUCTURAL,EUR/USD|2025-07-01|4h|552@653,EUR/USD,4h,EUR/USD_2025-07-01,demand,2025-04-15T13:00:00Z,2025-05-08T09:00:00Z,1.130015,1.12689,1.12689,2025-04-15T13:00:00Z,2025-04-16T17:00:00Z,external,1,1.12689,1.136265,0.0031250000000000444,2025-05-08T13:00:00Z,1.12269,S2_CLOSE_INVALIDATION,-2.343999999999975,0.051199999999999274,-2.3951999999999742,HTF_UNAMBIGUOUS,,false
STRUCTURAL,EUR/USD|2025-07-01|4h|658@662,EUR/USD,4h,EUR/USD_2025-07-01,supply,2025-05-09T05:00:00Z,2025-05-11T21:00:00Z,1.1238899999999998,1.12597,1.13817,2025-05-06T17:00:00Z,2025-05-07T21:00:00Z,external,6.86538461538438,1.13817,1.0953299999999997,0.01428000000000007,2025-05-25T21:00:00Z,1.13969,S2_CLOSE_INVALIDATION,-1.106442577030825,0.011204481792717033,-1.117647058823542,HTF_UNAMBIGUOUS,,false
STRUCTURAL,EUR/USD|2025-07-01|4h|719@733,EUR/USD,4h,EUR/USD_2025-07-01,demand,2025-05-23T09:00:00Z,2025-05-27T13:00:00Z,1.13369,1.12971,1.12553,2025-05-22T17:00:00Z,2025-05-23T21:00:00Z,external,2.0502512562814004,1.12553,1.1500100000000004,0.008160000000000167,2025-05-28T21:00:00Z,1.1236,S2_CLOSE_INVALIDATION,-1.2365196078431309,0.019607843137254503,-1.2561274509803855,HTF_UNAMBIGUOUS,,false
STRUCTURAL,EUR/USD|2025-07-01|4h|701@743,EUR/USD,4h,EUR/USD_2025-07-01,demand,2025-05-20T09:00:00Z,2025-05-29T05:00:00Z,1.12453,1.12233,1.12177,2025-05-19T21:00:00Z,2025-05-20T09:00:00Z,internal,1.2545454545455097,1.12177,1.1300500000000002,0.0027600000000000957,2025-05-29T12:30:00Z,1.1300500000000002,TARGET,2,0.05797101449275162,1.9420289855072483,HTF_UNAMBIGUOUS,,false
STRUCTURAL,EUR/USD|2025-07-01|4h|580@803,EUR/USD,4h,EUR/USD_2025-07-01,supply,2025-04-22T01:00:00Z,2025-06-12T01:00:00Z,1.151335,1.15411,1.15739,2025-04-21T09:00:00Z,2025-04-22T13:00:00Z,external,2.1819819819819757,1.15739,1.1392250000000002,0.0060549999999999216,2025-06-12T09:00:00Z,1.161,S2_CLOSE_INVALIDATION,-1.5962014863749232,0.026424442609414053,-1.6226259289843372,HTF_UNAMBIGUOUS,,false
STRUCTURAL,EUR/USD|2025-07-01|4h|803@809,EUR/USD,4h,EUR/USD_2025-07-01,demand,2025-06-12T01:00:00Z,2025-06-13T01:00:00Z,1.15179,1.15063,1.14052,2025-06-11T05:00:00Z,2025-06-11T17:00:00Z,internal,9.71551724137899,1.14052,1.1743300000000003,0.011270000000000113,2025-06-26T08:41:00Z,1.1743300000000003,TARGET,2,0.014196983141082378,1.9858030168589176,HTF_UNAMBIGUOUS,,false
STRUCTURAL,EUR/USD|2025-11-01|1h|162@478,EUR/USD,1h,EUR/USD_2025-11-01,supply,2025-07-04T13:00:00Z,2025-07-23T18:00:00Z,1.177375,1.17811,1.17857,2025-07-04T05:00:00Z,2025-07-04T12:00:00Z,external,1.6258503401359845,1.17857,1.1749850000000004,0.001194999999999835,2025-07-24T09:50:00Z,1.1749850000000004,TARGET,2,0.13389121338913984,1.86610878661086,1M_RESOLVED,,false
STRUCTURAL,EUR/USD|2025-11-01|1h|162@497,EUR/USD,1h,EUR/USD_2025-11-01,supply,2025-07-04T13:00:00Z,2025-07-24T13:00:00Z,1.177375,1.17811,1.17857,2025-07-04T05:00:00Z,2025-07-04T12:00:00Z,external,1.6258503401359845,1.17857,1.1749850000000004,0.001194999999999835,2025-07-24T20:46:00Z,1.1749850000000004,TARGET,2,0.13389121338913984,1.86610878661086,1M_RESOLVED,,false
STRUCTURAL,EUR/USD|2025-11-01|1h|162@499,EUR/USD,1h,EUR/USD_2025-11-01,supply,2025-07-04T13:00:00Z,2025-07-24T15:00:00Z,1.177375,1.17811,1.17857,2025-07-04T05:00:00Z,2025-07-04T12:00:00Z,external,1.6258503401359845,1.17857,1.1749850000000004,0.001194999999999835,2025-07-24T20:46:00Z,1.1749850000000004,TARGET,2,0.13389121338913984,1.86610878661086,1M_RESOLVED,,false
STRUCTURAL,EUR/USD|2025-11-01|1h|497@508,EUR/USD,1h,EUR/USD_2025-11-01,supply,2025-07-24T13:00:00Z,2025-07-25T00:00:00Z,1.17538,1.17768,1.17799,2025-07-24T03:00:00Z,2025-07-24T10:00:00Z,external,1.134782608695668,1.17799,1.17016,0.002610000000000001,2025-07-28T07:31:00Z,1.17016,TARGET,2,0.06130268199233714,1.9386973180076628,1M_RESOLVED,,false
STRUCTURAL,EUR/USD|2025-11-01|1h|425@541,EUR/USD,1h,EUR/USD_2025-11-01,demand,2025-07-21T13:00:00Z,2025-07-28T09:00:00Z,1.166185,1.16575,1.16335,2025-07-21T10:00:00Z,2025-07-21T13:00:00Z,internal,6.517241379310715,1.16335,1.1718549999999999,0.002834999999999921,2025-07-28T15:00:00Z,1.1609,S2_CLOSE_INVALIDATION,-1.864197530864244,0.05643738977072468,-1.9206349206349687,HTF_UNAMBIGUOUS,,false
STRUCTURAL,EUR/USD|2025-11-01|1h|353@560,EUR/USD,1h,EUR/USD_2025-11-01,demand,2025-07-16T13:00:00Z,2025-07-29T04:00:00Z,1.158355,1.15636,1.15925,2025-07-15T17:00:00Z,2025-07-16T00:00:00Z,external,0.44862155388465264,1.15925,1.1601449999999998,0.0008949999999998681,2025-07-29T04:00:00Z,1.15886,S2_CLOSE_INVALIDATION,0.5642458100559241,0.17877094972069674,0.3854748603352274,HTF_UNAMBIGUOUS,,false
STRUCTURAL,EUR/USD|2025-11-01|1h|375@561,EUR/USD,1h,EUR/USD_2025-11-01,demand,2025-07-17T11:00:00Z,2025-07-29T05:00:00Z,1.15802,1.15699,1.15731,2025-07-17T06:00:00Z,2025-07-17T09:00:00Z,internal,0.6893203883494455,1.15731,1.15944,0.0007099999999999884,2025-07-29T06:00:00Z,1.15339,S2_CLOSE_INVALIDATION,-6.521126760563676,0.22535211267606003,-6.746478873239736,HTF_UNAMBIGUOUS,,false
STRUCTURAL,EUR/USD|2025-11-01|1h|560@565,EUR/USD,1h,EUR/USD_2025-11-01,supply,2025-07-29T04:00:00Z,2025-07-29T09:00:00Z,1.158165,1.15887,1.1599,2025-07-29T02:00:00Z,2025-07-29T05:00:00Z,internal,2.4609929078008577,1.1599,1.1546949999999998,0.001735000000000042,2025-07-29T11:39:00Z,1.1546949999999998,TARGET,2,0.09221902017290844,1.9077809798270915,1M_RESOLVED,,false
STRUCTURAL,EUR/USD|2025-11-01|1h|615@618,EUR/USD,1h,EUR/USD_2025-11-01,supply,2025-07-31T11:00:00Z,2025-07-31T14:00:00Z,1.1443599999999998,1.14516,1.14614,2025-07-31T06:00:00Z,2025-07-31T13:00:00Z,external,2.224999999999771,1.14614,1.1407999999999996,0.0017800000000001148,2025-08-01T01:47:00Z,1.1407999999999996,TARGET,2,0.08988764044943241,1.9101123595505676,1M_RESOLVED,,false
STRUCTURAL,EUR/USD|2025-11-01|1h|618@623,EUR/USD,1h,EUR/USD_2025-11-01,supply,2025-07-31T14:00:00Z,2025-07-31T19:00:00Z,1.142855,1.14502,1.14614,2025-07-31T06:00:00Z,2025-07-31T13:00:00Z,external,1.517321016166293,1.14614,1.136285,0.0032849999999999824,2025-08-01T12:00:00Z,1.1545,S2_CLOSE_INVALIDATION,-3.5449010654490687,0.04870624048706267,-3.5936073059361315,HTF_UNAMBIGUOUS,,false
STRUCTURAL,EUR/USD|2025-11-01|1h|560@641,EUR/USD,1h,EUR/USD_2025-11-01,supply,2025-07-29T04:00:00Z,2025-08-01T13:00:00Z,1.158165,1.15887,1.1599,2025-07-29T02:00:00Z,2025-07-29T09:00:00Z,external,2.4609929078008577,1.1599,1.1546949999999998,0.001735000000000042,2025-08-01T15:19:00Z,1.1546949999999998,TARGET,2,0.09221902017290844,1.9077809798270915,1M_RESOLVED,,false
STRUCTURAL,EUR/USD|2025-11-01|1h|580@642,EUR/USD,1h,EUR/USD_2025-11-01,supply,2025-07-30T00:00:00Z,2025-08-01T14:00:00Z,1.15592,1.15676,1.15612,2025-07-29T17:00:00Z,2025-07-29T20:00:00Z,internal,0.2380952380952255,1.15612,1.15552,0.00019999999999997797,2025-08-01T14:10:00Z,1.15552,TARGET,2,0.8000000000000882,1.1999999999999118,1M_RESOLVED,,false
STRUCTURAL,EUR/USD|2025-11-01|1h|580@644,EUR/USD,1h,EUR/USD_2025-11-01,supply,2025-07-30T00:00:00Z,2025-08-01T16:00:00Z,1.15592,1.15676,1.15612,2025-07-29T17:00:00Z,2025-07-29T20:00:00Z,internal,0.2380952380952255,1.15612,1.15552,0.00019999999999997797,2025-08-01T16:25:00Z,1.15552,TARGET,2,0.8000000000000882,1.1999999999999118,1M_RESOLVED,,false
STRUCTURAL,EUR/USD|2025-11-01|1h|560@647,EUR/USD,1h,EUR/USD_2025-11-01,supply,2025-07-29T04:00:00Z,2025-08-01T19:00:00Z,1.158165,1.15887,1.1599,2025-07-29T02:00:00Z,2025-07-29T09:00:00Z,external,2.4609929078008577,1.1599,1.1546949999999998,0.001735000000000042,2025-08-05T05:35:00Z,1.1546949999999998,TARGET,2,0.09221902017290844,1.9077809798270915,1M_RESOLVED,,false
STRUCTURAL,EUR/USD|2025-11-01|1h|558@648,EUR/USD,1h,EUR/USD_2025-11-01,supply,2025-07-29T02:00:00Z,2025-08-01T20:00:00Z,1.1595149999999999,1.1599,1.1599,2025-07-29T02:00:00Z,2025-07-29T09:00:00Z,external,1,1.1599,1.1587449999999997,0.0003850000000000797,2025-08-01T20:41:00Z,1.1587449999999997,TARGET,2,0.41558441558432957,1.5844155844156704,1M_RESOLVED,,false
STRUCTURAL,EUR/USD|2025-11-01|1h|651@656,EUR/USD,1h,EUR/USD_2025-11-01,demand,2025-08-04T00:00:00Z,2025-08-04T05:00:00Z,1.15724,1.15558,1.15164,2025-08-01T17:00:00Z,2025-08-01T20:00:00Z,internal,3.3734939759036546,1.15164,1.1684400000000001,0.005600000000000049,2025-08-07T07:36:00Z,1.1684400000000001,TARGET,2,0.02857142857142832,1.9714285714285718,HTF_UNAMBIGUOUS,,false
STRUCTURAL,EUR/USD|2025-11-01|1h|540@731,EUR/USD,1h,EUR/USD_2025-11-01,supply,2025-07-28T08:00:00Z,2025-08-07T08:00:00Z,1.168055,1.16901,1.17701,2025-07-28T00:00:00Z,2025-07-28T07:00:00Z,external,9.376963350784772,1.17701,1.1501450000000004,0.008954999999999824,2025-09-09T00:00:00Z,1.17718,S2_CLOSE_INVALIDATION,-1.0189838079285323,0.01786711334450063,-1.0368509212730328,HTF_UNAMBIGUOUS,,false
STRUCTURAL,EUR/USD|2025-11-01|1h|162@1277,EUR/USD,1h,EUR/USD_2025-11-01,supply,2025-07-04T13:00:00Z,2025-09-09T02:00:00Z,1.177375,1.17811,1.17857,2025-07-04T05:00:00Z,2025-07-04T12:00:00Z,external,1.6258503401359845,1.17857,1.1749850000000004,0.001194999999999835,2025-09-09T07:47:00Z,1.1749850000000004,TARGET,2,0.13389121338913984,1.86610878661086,1M_RESOLVED,,false
STRUCTURAL,EUR/USD|2025-11-01|1h|1268@1286,EUR/USD,1h,EUR/USD_2025-11-01,demand,2025-09-08T17:00:00Z,2025-09-09T11:00:00Z,1.174125,1.17348,1.17346,2025-09-08T16:00:00Z,2025-09-08T19:00:00Z,internal,1.0310077519381873,1.17346,1.1754550000000004,0.0006650000000001377,2025-09-09T14:00:00Z,1.1754550000000004,TARGET,2,0.2406015037593487,1.7593984962406513,1M_RESOLVED,,false
STRUCTURAL,EUR/USD|2025-11-01|1h|1268@1288,EUR/USD,1h,EUR/USD_2025-11-01,demand,2025-09-08T17:00:00Z,2025-09-09T13:00:00Z,1.174125,1.17348,1.17346,2025-09-08T16:00:00Z,2025-09-08T19:00:00Z,internal,1.0310077519381873,1.17346,1.1754550000000004,0.0006650000000001377,2025-09-09T14:00:00Z,1.1754550000000004,TARGET,2,0.2406015037593487,1.7593984962406513,1M_RESOLVED,,false
STRUCTURAL,EUR/USD|2025-11-01|1h|1303@1308,EUR/USD,1h,EUR/USD_2025-11-01,supply,2025-09-10T04:00:00Z,2025-09-10T09:00:00Z,1.171475,1.17192,1.17165,2025-09-09T22:00:00Z,2025-09-10T01:00:00Z,internal,0.3932584269663482,1.17165,1.171125,0.00017500000000003624,2025-09-10T10:06:00Z,1.171125,TARGET,2,0.9142857142855251,1.085714285714475,1M_RESOLVED,,false
STRUCTURAL,EUR/USD|2025-11-01|1h|1238@1334,EUR/USD,1h,EUR/USD_2025-11-01,demand,2025-09-05T11:00:00Z,2025-09-11T11:00:00Z,1.16849,1.16778,1.16295,2025-09-04T12:00:00Z,2025-09-04T19:00:00Z,external,7.802816901408719,1.16295,1.1795700000000002,0.0055400000000001,2025-09-16T07:13:00Z,1.1795700000000002,TARGET,2,0.02888086642599226,1.9711191335740077,1M_RESOLVED,,false
STRUCTURAL,EUR/USD|2025-11-01|1h|97@1403,EUR/USD,1h,EUR/USD_2025-11-01,supply,2025-07-01T20:00:00Z,2025-09-16T08:00:00Z,1.1798899999999999,1.18076,1.18306,2025-07-01T09:00:00Z,2025-07-01T16:00:00Z,external,3.643678160919053,1.18306,1.1735499999999996,0.003170000000000117,2025-09-16T14:00:00Z,1.18517,S2_CLOSE_INVALIDATION,-1.6656151419558292,0.050473186119871956,-1.716088328075701,HTF_UNAMBIGUOUS,,false
STRUCTURAL,EUR/USD|2025-11-01|1h|1410@1427,EUR/USD,1h,EUR/USD_2025-11-01,demand,2025-09-16T15:00:00Z,2025-09-17T08:00:00Z,1.184405,1.1835,1.1791,2025-09-16T12:00:00Z,2025-09-16T15:00:00Z,internal,5.861878453038986,1.1791,1.1950149999999997,0.005304999999999893,2025-09-18T05:00:00Z,1.17907,S2_CLOSE_INVALIDATION,-1.0056550424128134,0.030160226201697123,-1.0358152686145106,HTF_UNAMBIGUOUS,,false
STRUCTURAL,EUR/USD|2025-11-01|1h|1387@1456,EUR/USD,1h,EUR/USD_2025-11-01,demand,2025-09-15T16:00:00Z,2025-09-18T13:00:00Z,1.1765349999999999,1.17563,1.17507,2025-09-15T14:00:00Z,2025-09-15T17:00:00Z,internal,1.6187845303866686,1.17507,1.1794649999999995,0.0014649999999998276,2025-09-19T11:00:00Z,1.17367,S2_CLOSE_INVALIDATION,-1.955631399317565,0.10921501706485928,-2.0648464163824243,HTF_UNAMBIGUOUS,,false
STRUCTURAL,EUR/USD|2025-11-01|1h|1387@1473,EUR/USD,1h,EUR/USD_2025-11-01,demand,2025-09-15T16:00:00Z,2025-09-19T06:00:00Z,1.1765349999999999,1.17563,1.17507,2025-09-15T14:00:00Z,2025-09-15T17:00:00Z,internal,1.6187845303866686,1.17507,1.1794649999999995,0.0014649999999998276,2025-09-19T11:00:00Z,1.17367,S2_CLOSE_INVALIDATION,-1.955631399317565,0.10921501706485928,-2.0648464163824243,HTF_UNAMBIGUOUS,,false
STRUCTURAL,EUR/USD|2025-11-01|1h|1480@1484,EUR/USD,1h,EUR/USD_2025-11-01,supply,2025-09-19T13:00:00Z,2025-09-19T17:00:00Z,1.17496,1.17637,1.17924,2025-09-19T03:00:00Z,2025-09-19T10:00:00Z,external,3.035460992908036,1.17924,1.1663999999999999,0.0042800000000000615,2025-09-22T17:00:00Z,1.17966,S2_CLOSE_INVALIDATION,-1.0981308411214623,0.03738317757009292,-1.1355140186915553,HTF_UNAMBIGUOUS,,false
STRUCTURAL,EUR/USD|2025-11-01|1h|1512@1521,EUR/USD,1h,EUR/USD_2025-11-01,demand,2025-09-22T21:00:00Z,2025-09-23T06:00:00Z,1.1795849999999999,1.1789,1.1789,2025-09-22T21:00:00Z,2025-09-23T00:00:00Z,internal,1,1.1789,1.1809549999999995,0.0006849999999998246,2025-09-23T09:21:00Z,1.1809549999999995,TARGET,2,0.23357664233582623,1.7664233576641737,1M_RESOLVED,,false
STRUCTURAL,EUR/USD|2025-11-01|1h|1512@1525,EUR/USD,1h,EUR/USD_2025-11-01,demand,2025-09-22T21:00:00Z,2025-09-23T10:00:00Z,1.1795849999999999,1.1789,1.1789,2025-09-22T21:00:00Z,2025-09-23T00:00:00Z,internal,1,1.1789,1.1809549999999995,0.0006849999999998246,2025-09-23T17:26:00Z,1.1809549999999995,TARGET,2,0.23357664233582623,1.7664233576641737,1M_RESOLVED,,false
STRUCTURAL,EUR/USD|2025-11-01|1h|1529@1541,EUR/USD,1h,EUR/USD_2025-11-01,demand,2025-09-23T14:00:00Z,2025-09-24T02:00:00Z,1.1798950000000001,1.17926,1.17844,2025-09-23T13:00:00Z,2025-09-23T16:00:00Z,internal,2.291338582676901,1.17844,1.1828050000000006,0.0014550000000002061,2025-09-24T08:00:00Z,1.17718,S2_CLOSE_INVALIDATION,-1.865979381443203,0.10996563573881604,-1.9759450171820192,HTF_UNAMBIGUOUS,,false
STRUCTURAL,EUR/USD|2025-11-01|1h|1493@1552,EUR/USD,1h,EUR/USD_2025-11-01,demand,2025-09-22T02:00:00Z,2025-09-24T13:00:00Z,1.1730450000000001,1.17273,1.17261,2025-09-22T00:00:00Z,2025-09-22T07:00:00Z,external,1.3809523809526831,1.17261,1.1739150000000005,0.00043500000000018524,2025-09-24T13:50:00Z,1.1739150000000005,TARGET,2,0.3678160919538664,1.6321839080461336,1M_RESOLVED,,false
STRUCTURAL,EUR/USD|2025-11-01|1h|1493@1555,EUR/USD,1h,EUR/USD_2025-11-01,demand,2025-09-22T02:00:00Z,2025-09-24T16:00:00Z,1.1730450000000001,1.17273,1.17261,2025-09-22T00:00:00Z,2025-09-22T07:00:00Z,external,1.3809523809526831,1.17261,1.1739150000000005,0.00043500000000018524,2025-09-24T17:10:00Z,1.1739150000000005,TARGET,2,0.3678160919538664,1.6321839080461336,1M_RESOLVED,,false
STRUCTURAL,EUR/USD|2025-11-01|1h|1231@1578,EUR/USD,1h,EUR/USD_2025-11-01,demand,2025-09-05T04:00:00Z,2025-09-25T15:00:00Z,1.166825,1.16644,1.16295,2025-09-04T12:00:00Z,2025-09-04T19:00:00Z,external,10.06493506493317,1.16295,1.1745750000000001,0.003875000000000073,2025-09-29T12:53:00Z,1.1745750000000001,TARGET,2,0.04129032258064439,1.9587096774193555,1M_RESOLVED,,false
STRUCTURAL,EUR/USD|2025-11-01|1h|1643@1663,EUR/USD,1h,EUR/USD_2025-11-01,supply,2025-09-30T08:00:00Z,2025-10-01T04:00:00Z,1.1752150000000001,1.17611,1.17611,2025-09-30T08:00:00Z,2025-09-30T15:00:00Z,external,1,1.17611,1.1734250000000004,0.0008949999999998681,2025-10-01T06:00:00Z,1.17677,S2_CLOSE_INVALIDATION,-1.7374301675979913,0.17877094972069674,-1.9162011173186881,HTF_UNAMBIGUOUS,,false
STRUCTURAL,EUR/USD|2025-11-01|1h|1665@1671,EUR/USD,1h,EUR/USD_2025-11-01,supply,2025-10-01T06:00:00Z,2025-10-01T12:00:00Z,1.176265,1.17746,1.17425,2025-09-30T23:00:00Z,2025-10-01T02:00:00Z,internal,1.6861924686190641,1.17425,1.1722350000000001,0.002014999999999878,2025-10-01T12:00:00Z,1.1749,S2_CLOSE_INVALIDATION,0.6774193548386706,0.07940446650124551,0.598014888337425,HTF_UNAMBIGUOUS,,false
STRUCTURAL,EUR/USD|2025-11-01|1h|1665@1673,EUR/USD,1h,EUR/USD_2025-11-01,supply,2025-10-01T06:00:00Z,2025-10-01T14:00:00Z,1.176265,1.17746,1.17425,2025-09-30T23:00:00Z,2025-10-01T02:00:00Z,internal,1.6861924686190641,1.17425,1.1722350000000001,0.002014999999999878,2025-10-01T14:00:00Z,1.17467,S2_CLOSE_INVALIDATION,0.7915632754341874,0.07940446650124551,0.7121588089329418,HTF_UNAMBIGUOUS,,false
STRUCTURAL,EUR/USD|2025-11-01|1h|1669@1675,EUR/USD,1h,EUR/USD_2025-11-01,demand,2025-10-01T10:00:00Z,2025-10-01T16:00:00Z,1.17247,1.17159,1.17159,2025-10-01T10:00:00Z,2025-10-01T13:00:00Z,internal,1,1.17159,1.1742299999999999,0.0008799999999999919,2025-10-02T06:06:00Z,1.1742299999999999,TARGET,2,0.18181818181818352,1.8181818181818166,1M_RESOLVED,,false
STRUCTURAL,EUR/USD|2025-11-01|1h|1674@1695,EUR/USD,1h,EUR/USD_2025-11-01,demand,2025-10-01T15:00:00Z,2025-10-02T12:00:00Z,1.1735250000000002,1.17212,1.17159,2025-10-01T10:00:00Z,2025-10-01T13:00:00Z,internal,1.3772241992883298,1.17159,1.1773950000000006,0.001935000000000242,2025-10-02T14:00:00Z,1.17135,S2_CLOSE_INVALIDATION,-1.1240310077519318,0.08268733850128165,-1.2067183462532134,HTF_UNAMBIGUOUS,,false
STRUCTURAL,EUR/USD|2025-11-01|1h|1700@1730,EUR/USD,1h,EUR/USD_2025-11-01,demand,2025-10-02T17:00:00Z,2025-10-05T22:00:00Z,1.171635,1.17123,1.16833,2025-10-02T15:00:00Z,2025-10-02T22:00:00Z,external,8.160493827160453,1.16833,1.1782449999999998,0.0033049999999998914,2025-10-06T07:00:00Z,1.16624,S2_CLOSE_INVALIDATION,-1.6323751891074785,0.04841149773071264,-1.680786686838191,HTF_UNAMBIGUOUS,,false
STRUCTURAL,EUR/USD|2025-11-01|1h|1746@1756,EUR/USD,1h,EUR/USD_2025-11-01,supply,2025-10-06T14:00:00Z,2025-10-07T00:00:00Z,1.1706400000000001,1.17177,1.17307,2025-10-06T02:00:00Z,2025-10-06T05:00:00Z,internal,2.150442477876325,1.17307,1.1657800000000003,0.002429999999999932,2025-10-07T11:25:00Z,1.1657800000000003,TARGET,2,0.06584362139917879,1.9341563786008211,HTF_UNAMBIGUOUS,,false
STRUCTURAL,EUR/USD|2025-11-01|1h|1182@1781,EUR/USD,1h,EUR/USD_2025-11-01,demand,2025-09-03T03:00:00Z,2025-10-08T01:00:00Z,1.16269,1.16229,1.16295,2025-09-02T18:00:00Z,2025-09-02T21:00:00Z,internal,0.649999999999889,1.16295,1.1632099999999999,0.00025999999999992696,2025-10-08T01:00:00Z,1.16267,S2_CLOSE_INVALIDATION,-0.07692307692274845,0.6153846153847883,-0.6923076923075367,HTF_UNAMBIGUOUS,,false
STRUCTURAL,EUR/USD|2025-11-01|1h|1790@1799,EUR/USD,1h,EUR/USD_2025-11-01,supply,2025-10-08T10:00:00Z,2025-10-08T19:00:00Z,1.162265,1.16361,1.16811,2025-10-07T16:00:00Z,2025-10-07T23:00:00Z,external,4.3457249070633335,1.16811,1.1505750000000003,0.005844999999999878,2025-10-16T17:00:00Z,1.16882,S2_CLOSE_INVALIDATION,-1.1214713430282297,0.027373823781009984,-1.1488451668092396,HTF_UNAMBIGUOUS,,false
STRUCTURAL,EUR/USD|2025-11-01|1h|1746@1948,EUR/USD,1h,EUR/USD_2025-11-01,supply,2025-10-06T14:00:00Z,2025-10-17T00:00:00Z,1.1706400000000001,1.17177,1.17307,2025-10-06T02:00:00Z,2025-10-06T05:00:00Z,internal,2.150442477876325,1.17307,1.1657800000000003,0.002429999999999932,2025-10-17T14:14:00Z,1.1657800000000003,TARGET,2,0.06584362139917879,1.9341563786008211,HTF_UNAMBIGUOUS,,false
STRUCTURAL,EUR/USD|2025-11-01|1h|1923@1968,EUR/USD,1h,EUR/USD_2025-11-01,demand,2025-10-15T23:00:00Z,2025-10-17T20:00:00Z,1.16496,1.16469,1.16105,2025-10-15T13:00:00Z,2025-10-15T20:00:00Z,external,14.481481481482183,1.16105,1.1727800000000002,0.00391000000000008,2025-10-21T14:00:00Z,1.16041,S2_CLOSE_INVALIDATION,-1.1636828644501178,0.04092071611253113,-1.204603580562649,HTF_UNAMBIGUOUS,,false
STRUCTURAL,EUR/USD|2025-11-01|1h|1894@2014,EUR/USD,1h,EUR/USD_2025-11-01,demand,2025-10-14T18:00:00Z,2025-10-21T18:00:00Z,1.16076,1.16034,1.15427,2025-10-14T07:00:00Z,2025-10-14T14:00:00Z,external,15.452380952378007,1.15427,1.1737400000000002,0.006490000000000107,2025-10-31T13:00:00Z,1.15396,S2_CLOSE_INVALIDATION,-1.0477657935284754,0.024653312788905604,-1.0724191063173811,HTF_UNAMBIGUOUS,,false
STRUCTURAL,EUR/USD|2025-11-01|4h|446@461,EUR/USD,4h,EUR/USD_2025-11-01,supply,2025-07-29T21:00:00Z,2025-08-01T09:00:00Z,1.155645,1.15676,1.17701,2025-07-27T21:00:00Z,2025-07-29T01:00:00Z,external,19.16143497757874,1.17701,1.1129150000000003,0.021364999999999856,2025-09-08T21:00:00Z,1.17718,S2_CLOSE_INVALIDATION,-1.0079569389187926,0.0074888836882752675,-1.0154458226070677,HTF_UNAMBIGUOUS,,false
STRUCTURAL,EUR/USD|2025-11-01|4h|634@647,EUR/USD,4h,EUR/USD_2025-11-01,demand,2025-09-10T05:00:00Z,2025-09-12T09:00:00Z,1.17065,1.1691,1.1691,2025-09-10T05:00:00Z,2025-09-10T17:00:00Z,internal,1,1.1691,1.1737499999999998,0.0015499999999999403,2025-09-12T17:51:00Z,1.1737499999999998,TARGET,2,0.10322580645161689,1.896774193548383,1M_RESOLVED,,false
STRUCTURAL,EUR/USD|2025-11-01|4h|322@659,EUR/USD,4h,EUR/USD_2025-11-01,supply,2025-07-01T21:00:00Z,2025-09-16T05:00:00Z,1.180285,1.18084,1.18306,2025-07-01T09:00:00Z,2025-07-02T13:00:00Z,external,5.0000000000012,1.18306,1.174735,0.002774999999999972,2025-09-16T13:00:00Z,1.18647,S2_CLOSE_INVALIDATION,-2.22882882882881,0.05765765765765825,-2.2864864864864685,HTF_UNAMBIGUOUS,,false
STRUCTURAL,EUR/USD|2025-11-01|4h|655@673,EUR/USD,4h,EUR/USD_2025-11-01,demand,2025-09-15T13:00:00Z,2025-09-18T13:00:00Z,1.176255,1.17507,1.17162,2025-09-15T05:00:00Z,2025-09-15T17:00:00Z,internal,3.911392405063272,1.17162,1.185525,0.004634999999999945,2025-09-25T09:00:00Z,1.16981,S2_CLOSE_INVALIDATION,-1.390507011866259,0.03451995685005435,-1.4250269687163133,HTF_UNAMBIGUOUS,,false
STRUCTURAL,EUR/USD|2025-11-01|4h|701@716,EUR/USD,4h,EUR/USD_2025-11-01,supply,2025-09-25T01:00:00Z,2025-09-29T09:00:00Z,1.1747100000000001,1.17536,1.18188,2025-09-23T21:00:00Z,2025-09-24T09:00:00Z,internal,11.030769230772174,1.18188,1.1603700000000003,0.007169999999999899,2025-10-08T15:53:00Z,1.1603700000000003,TARGET,2,0.02231520223152054,1.9776847977684795,HTF_UNAMBIGUOUS,,false
STRUCTURAL,EUR/USD|2025-11-01|4h|765@776,EUR/USD,4h,EUR/USD_2025-11-01,supply,2025-10-09T08:00:00Z,2025-10-13T00:00:00Z,1.16151,1.16272,1.1648,2025-10-09T04:00:00Z,2025-10-09T16:00:00Z,internal,2.719008264462972,1.1648,1.15493,0.003290000000000015,2025-10-14T07:42:00Z,1.15493,TARGET,2,0.04863221884498458,1.9513677811550154,1M_RESOLVED,,false
STRUCTURAL,EUR/USD|2025-11-01|4h|765@787,EUR/USD,4h,EUR/USD_2025-11-01,supply,2025-10-09T08:00:00Z,2025-10-14T20:00:00Z,1.16151,1.16272,1.1648,2025-10-09T04:00:00Z,2025-10-09T16:00:00Z,internal,2.719008264462972,1.1648,1.15493,0.003290000000000015,2025-10-15T20:00:00Z,1.16496,S2_CLOSE_INVALIDATION,-1.0486322188449657,0.04863221884498458,-1.0972644376899503,HTF_UNAMBIGUOUS,,false
STRUCTURAL,BTC/USD|2022-07-01|1h|453@475,BTC/USD,1h,BTC/USD_2022-07-01,supply,2022-04-17T19:00:00Z,2022-04-18T17:00:00Z,40247.90625,40406.14062,40581.44141,2022-04-17T13:00:00Z,2022-04-17T20:00:00Z,external,2.1078553287759356,40581.44141,39580.83593,333.53515999999945,2022-04-18T18:00:00Z,40643,S2_CLOSE_INVALIDATION,-1.184564020177065,0.3620119652452839,-1.5465759854223489,HTF_UNAMBIGUOUS,,false
STRUCTURAL,BTC/USD|2022-07-01|1h|539@546,BTC/USD,1h,BTC/USD_2022-07-01,demand,2022-04-21T09:00:00Z,2022-04-21T16:00:00Z,41854.115235000005,41757.87891,41431.53125,2022-04-21T06:00:00Z,2022-04-21T09:00:00Z,internal,4.391106840374271,41431.53125,42699.283205000014,422.58398500000476,2022-04-21T19:00:00Z,41229.12109,S2_CLOSE_INVALIDATION,-1.4789820892052905,0.2971299201151662,-1.7761120093204568,HTF_UNAMBIGUOUS,,false
STRUCTURAL,BTC/USD|2022-07-01|1h|489@550,BTC/USD,1h,BTC/USD_2022-07-01,demand,2022-04-19T07:00:00Z,2022-04-21T20:00:00Z,40661.646485000005,40581.44141,40604.19922,2022-04-19T02:00:00Z,2022-04-19T05:00:00Z,internal,0.7162547382444155,40604.19922,40776.54101500001,57.44726500000252,2022-04-21T20:46:00Z,40776.54101500001,TARGET,2,2.123424665299465,-0.12342466529946483,1M_RESOLVED,,false
STRUCTURAL,BTC/USD|2022-07-01|1h|551@560,BTC/USD,1h,BTC/USD_2022-07-01,supply,2022-04-21T21:00:00Z,2022-04-22T06:00:00Z,40701.929684999996,40828.23828,42940.87891,2022-04-21T13:00:00Z,2022-04-21T20:00:00Z,external,17.72602430578825,42940.87891,36224.03123499999,2238.949225000004,2022-05-05T20:25:00Z,36224.03123499999,TARGET,2,0.054537096103642,1.945462903896358,HTF_UNAMBIGUOUS,,false
STRUCTURAL,BTC/USD|2022-07-01|1h|898@901,BTC/USD,1h,BTC/USD_2022-07-01,supply,2022-05-06T09:00:00Z,2022-05-06T12:00:00Z,36287.96484,36406.53906,36549.98047,2022-05-06T06:00:00Z,2022-05-06T09:00:00Z,internal,2.209718351931784,36549.98047,35763.93358,262.0156300000017,2022-05-06T13:04:00Z,35763.93358,TARGET,2,0.415486261334865,1.5845137386651351,HTF_UNAMBIGUOUS,,false
STRUCTURAL,BTC/USD|2022-07-01|1h|1002@1011,BTC/USD,1h,BTC/USD_2022-07-01,supply,2022-05-10T17:00:00Z,2022-05-11T02:00:00Z,31498.089845000002,31784.82031,32335.83984,2022-05-10T13:00:00Z,2022-05-10T16:00:00Z,internal,2.921733464911053,32335.83984,29822.589855000006,837.7499949999983,2022-05-11T12:49:00Z,29822.589855000006,TARGET,2,0.11279530898117189,1.887204691018828,HTF_UNAMBIGUOUS,,false
STRUCTURAL,BTC/USD|2022-07-01|1h|997@1023,BTC/USD,1h,BTC/USD_2022-07-01,supply,2022-05-10T12:00:00Z,2022-05-11T14:00:00Z,31880.3496095,32234.099609,32614.33984,2022-05-10T06:00:00Z,2022-05-10T13:00:00Z,external,2.0748840467489527,32614.33984,30412.3691485,733.9902304999996,2022-05-11T16:53:00Z,30412.3691485,TARGET,2,0.1303028907664733,1.8696971092335266,HTF_UNAMBIGUOUS,,false
STRUCTURAL,BTC/USD|2022-07-01|1h|1027@1033,BTC/USD,1h,BTC/USD_2022-07-01,supply,2022-05-11T18:00:00Z,2022-05-12T00:00:00Z,29987.19922,30206.5293,31894.93945,2022-05-11T14:00:00Z,2022-05-11T17:00:00Z,internal,8.69803280060813,31894.93945,26171.718759999992,1907.740230000003,2022-05-31T15:00:00Z,32081.51953,S2_CLOSE_INVALIDATION,-1.0978016173617093,0.04715610450800204,-1.1449577218697113,HTF_UNAMBIGUOUS,,false
STRUCTURAL,BTC/USD|2022-07-01|1h|997@1507,BTC/USD,1h,BTC/USD_2022-07-01,supply,2022-05-10T12:00:00Z,2022-05-31T18:00:00Z,31880.3496095,32234.099609,32614.33984,2022-05-10T06:00:00Z,2022-05-10T13:00:00Z,external,2.0748840467489527,32614.33984,30412.3691485,733.9902304999996,2022-06-01T16:30:00Z,30412.3691485,TARGET,2,0.1303028907664733,1.8696971092335266,HTF_UNAMBIGUOUS,,false
STRUCTURAL,BTC/USD|2022-07-01|1h|1465@1660,BTC/USD,1h,BTC/USD_2022-07-01,demand,2022-05-30T00:00:00Z,2022-06-07T03:00:00Z,29388.13477,29311.75977,29091.050781,2022-05-29T19:00:00Z,2022-05-30T02:00:00Z,external,3.8898067299508847,29091.050781,29982.302748,297.08398899999884,2022-06-07T14:50:00Z,29982.302748,TARGET,2,0.296765923356443,1.703234076643557,1M_RESOLVED,,false
STRUCTURAL,BTC/USD|2022-07-01|1h|1648@1678,BTC/USD,1h,BTC/USD_2022-07-01,supply,2022-06-06T15:00:00Z,2022-06-07T21:00:00Z,31371.155274999997,31542.40039,31758.82031,2022-06-06T14:00:00Z,2022-06-06T21:00:00Z,external,2.2638020068484774,31758.82031,30595.825204999994,387.6650350000018,2022-06-07T22:49:00Z,30595.825204999994,TARGET,2,0.24277006520590527,1.7572299347940947,HTF_UNAMBIGUOUS,,false
STRUCTURAL,BTC/USD|2022-07-01|1h|1702@1706,BTC/USD,1h,BTC/USD_2022-07-01,supply,2022-06-08T21:00:00Z,2022-06-09T01:00:00Z,30306.200195,30406.17969,30838.58984,2022-06-08T13:00:00Z,2022-06-08T20:00:00Z,external,5.324988338858898,30838.58984,29241.420905000003,532.3896449999993,2022-06-10T16:28:00Z,29241.420905000003,TARGET,2,0.17077454724913016,1.8292254527508698,HTF_UNAMBIGUOUS,,false
STRUCTURAL,BTC/USD|2022-07-01|1h|1450@1749,BTC/USD,1h,BTC/USD_2022-07-01,demand,2022-05-29T09:00:00Z,2022-06-10T20:00:00Z,29017.565430000002,28960.13086,28960.13086,2022-05-29T09:00:00Z,2022-05-29T12:00:00Z,internal,1,28960.13086,29132.434570000005,57.43457000000126,2022-06-10T20:11:00Z,29132.434570000005,TARGET,2,1.5156846528144654,0.4843153471855346,1M_RESOLVED,,false
STRUCTURAL,BTC/USD|2022-07-01|1h|1046@1774,BTC/USD,1h,BTC/USD_2022-07-01,demand,2022-05-12T13:00:00Z,2022-06-11T21:00:00Z,28399.280274999997,27920,26801.42969,2022-05-12T07:00:00Z,2022-05-12T14:00:00Z,external,3.3338542567811817,26801.42969,31594.98144499999,1597.8505849999965,2022-06-12T23:00:00Z,26602.90039,S2_CLOSE_INVALIDATION,-1.1242477249523317,0.05332028014684501,-1.1775680050991768,HTF_UNAMBIGUOUS,,false
STRUCTURAL,BTC/USD|2022-07-01|1h|1855@1860,BTC/USD,1h,BTC/USD_2022-07-01,supply,2022-06-15T06:00:00Z,2022-06-15T11:00:00Z,21188.054685,21387.86914,22255.76953,2022-06-15T01:00:00Z,2022-06-15T04:00:00Z,internal,5.343531552809849,22255.76953,19052.624994999995,1067.7148450000022,2022-06-15T22:00:00Z,22492.34961,S2_CLOSE_INVALIDATION,-1.2215760894473648,0.05953290277143226,-1.281108992218797,HTF_UNAMBIGUOUS,,false
STRUCTURAL,BTC/USD|2022-07-01|1h|1840@1872,BTC/USD,1h,BTC/USD_2022-07-01,supply,2022-06-14T15:00:00Z,2022-06-15T23:00:00Z,22517.33496,22746.18945,23188.31055,2022-06-14T05:00:00Z,2022-06-14T12:00:00Z,external,2.9318873752487606,23188.31055,21175.383780000004,670.9755899999982,2022-06-16T09:39:00Z,21175.383780000004,TARGET,2,0.1006772912260492,1.8993227087739508,HTF_UNAMBIGUOUS,,false
STRUCTURAL,BTC/USD|2022-07-01|1h|1885@1904,BTC/USD,1h,BTC/USD_2022-07-01,supply,2022-06-16T12:00:00Z,2022-06-17T07:00:00Z,21216.955079,21497.080078,22946.65039,2022-06-16T01:00:00Z,2022-06-16T08:00:00Z,external,6.174726701203849,22946.65039,17757.564457,1729.6953109999995,2022-06-18T20:10:00Z,17757.564457,TARGET,2,0.03679888870150265,1.9632011112984973,HTF_UNAMBIGUOUS,,false
STRUCTURAL,BTC/USD|2022-07-01|1h|1931@1943,BTC/USD,1h,BTC/USD_2022-07-01,supply,2022-06-18T10:00:00Z,2022-06-18T22:00:00Z,19338.594726,19517.070312,20530.78906,2022-06-18T05:00:00Z,2022-06-18T08:00:00Z,internal,6.679873481407125,20530.78906,16954.206058,1192.1943339999998,2022-06-19T20:00:00Z,20625,S2_CLOSE_INVALIDATION,-1.0790231401988872,0.048663026256254634,-1.1276861664551419,HTF_UNAMBIGUOUS,,false
STRUCTURAL,BTC/USD|2022-07-01|1h|1917@1967,BTC/USD,1h,BTC/USD_2022-07-01,supply,2022-06-17T20:00:00Z,2022-06-19T22:00:00Z,20616.165038500003,20707.26953,20707.26953,2022-06-17T20:00:00Z,2022-06-17T23:00:00Z,internal,1,20707.26953,20433.956055500006,91.1044914999984,2022-06-19T23:44:00Z,20433.956055500006,TARGET,2,0.6788742695029596,1.3211257304970405,1M_RESOLVED,,false
STRUCTURAL,BTC/USD|2022-07-01|1h|1970@1988,BTC/USD,1h,BTC/USD_2022-07-01,demand,2022-06-20T01:00:00Z,2022-06-20T19:00:00Z,19906.310550000002,19666.16016,19666.16016,2022-06-20T01:00:00Z,2022-06-20T04:00:00Z,internal,1,19666.16016,20386.611330000007,240.15039000000252,2022-06-20T20:53:00Z,20386.611330000007,TARGET,2,0.24867305712057924,1.7513269428794207,1M_RESOLVED,,false
STRUCTURAL,BTC/USD|2022-07-01|4h|166@467,BTC/USD,4h,BTC/USD_2022-07-01,demand,2022-03-07T16:00:00Z,2022-04-26T20:00:00Z,38383.289059999996,37235.26953,37599.039062,2022-03-07T00:00:00Z,2022-03-07T12:00:00Z,internal,0.6831329759694886,37599.039062,39951.78905599998,784.249997999992,2022-04-28T15:07:00Z,39951.78905599998,TARGET,2,0.1468280108047908,1.8531719891952092,1M_RESOLVED,,false
STRUCTURAL,BTC/USD|2022-07-01|4h|96@523,BTC/USD,4h,BTC/USD_2022-07-01,demand,2022-02-24T00:00:00Z,2022-05-06T04:00:00Z,36080.904295,34754.82031,36395.21875,2022-02-22T00:00:00Z,2022-02-23T04:00:00Z,external,0.23702454637516818,36395.21875,36709.533205,314.3144549999997,2022-05-06T04:00:00Z,36381,S2_CLOSE_INVALIDATION,0.954762659579242,0.3443771394000957,0.6103855201791464,HTF_UNAMBIGUOUS,,false
STRUCTURAL,BTC/USD|2022-07-01|4h|96@525,BTC/USD,4h,BTC/USD_2022-07-01,demand,2022-02-24T00:00:00Z,2022-05-06T12:00:00Z,36080.904295,34754.82031,36395.21875,2022-02-22T00:00:00Z,2022-02-23T04:00:00Z,external,0.23702454637516818,36395.21875,36709.533205,314.3144549999997,2022-05-06T12:00:00Z,35994.82031,S2_CLOSE_INVALIDATION,-0.2738785430660437,0.3443771394000957,-0.6182556824661394,HTF_UNAMBIGUOUS,,false
STRUCTURAL,BTC/USD|2022-07-01|4h|96@527,BTC/USD,4h,BTC/USD_2022-07-01,demand,2022-02-24T00:00:00Z,2022-05-06T20:00:00Z,36080.904295,34754.82031,36395.21875,2022-02-22T00:00:00Z,2022-02-23T04:00:00Z,external,0.23702454637516818,36395.21875,36709.533205,314.3144549999997,2022-05-06T20:00:00Z,36013.78125,S2_CLOSE_INVALIDATION,-0.21355379599070726,0.3443771394000957,-0.557930935390803,HTF_UNAMBIGUOUS,,false
STRUCTURAL,BTC/USD|2022-07-01|4h|564@574,BTC/USD,4h,BTC/USD_2022-07-01,supply,2022-05-13T00:00:00Z,2022-05-14T16:00:00Z,29742.035155,30720.30078,32111.63086,2022-05-11T08:00:00Z,2022-05-11T20:00:00Z,internal,2.4222416125477166,32111.63086,25002.843745000002,2369.5957049999997,2022-06-13T03:18:00Z,25002.843745000002,TARGET,2,0.03765456920635329,1.9623454307936468,HTF_UNAMBIGUOUS,,false
STRUCTURAL,BTC/USD|2025-04-01|1h|221@454,BTC/USD,1h,BTC/USD_2025-04-01,supply,2025-01-07T08:00:00Z,2025-01-17T01:00:00Z,101806.84,101995.64,102015.01,2025-01-07T07:00:00Z,2025-01-07T10:00:00Z,internal,1.1025953389830245,102015.01,101390.5,208.16999999999825,2025-01-17T01:48:00Z,101390.5,TARGET,2,1.4671687563049554,0.5328312436950446,1M_RESOLVED,,false
STRUCTURAL,BTC/USD|2025-04-01|1h|466@481,BTC/USD,1h,BTC/USD_2025-04-01,demand,2025-01-17T13:00:00Z,2025-01-18T04:00:00Z,102701.225,102422.45,99377,2025-01-16T22:00:00Z,2025-01-17T01:00:00Z,internal,11.924401398977318,99377,109349.67500000002,3324.225000000006,2025-01-20T06:55:00Z,109349.67500000002,TARGET,2,0.09268436252058734,1.9073156374794127,1M_RESOLVED,,false
STRUCTURAL,BTC/USD|2025-04-01|1h|525@542,BTC/USD,1h,BTC/USD_2025-04-01,demand,2025-01-20T00:00:00Z,2025-01-20T17:00:00Z,100613.85500000001,99550,99550,2025-01-20T00:00:00Z,2025-01-20T07:00:00Z,external,1,99550,102741.56500000003,1063.8550000000105,2025-01-20T17:50:00Z,102741.56500000003,TARGET,2,0.2837243468329773,1.7162756531670227,1M_RESOLVED,,false
STRUCTURAL,BTC/USD|2025-04-01|1h|531@566,BTC/USD,1h,BTC/USD_2025-04-01,supply,2025-01-20T06:00:00Z,2025-01-21T17:00:00Z,105904.4,109588,109588,2025-01-20T06:00:00Z,2025-01-20T13:00:00Z,external,1,109588,98537.19999999998,3683.600000000006,2025-01-27T07:19:00Z,98537.19999999998,TARGET,2,0.08625073297860773,1.9137492670213923,HTF_UNAMBIGUOUS,,false
STRUCTURAL,BTC/USD|2025-04-01|1h|443@703,BTC/USD,1h,BTC/USD_2025-04-01,demand,2025-01-16T14:00:00Z,2025-01-27T10:00:00Z,98457.35,97489.74,98617.55,2025-01-16T08:00:00Z,2025-01-16T11:00:00Z,internal,0.16556257169727162,98617.55,98777.75,160.1999999999971,2025-01-27T10:00:00Z,98392.74,S2_CLOSE_INVALIDATION,-0.40330836454433056,1.8437705992509699,-2.2470789637953006,HTF_UNAMBIGUOUS,,false
STRUCTURAL,BTC/USD|2025-04-01|1h|707@713,BTC/USD,1h,BTC/USD_2025-04-01,supply,2025-01-27T14:00:00Z,2025-01-27T20:00:00Z,101211.73999999999,102317.94,102317.94,2025-01-27T14:00:00Z,2025-01-27T17:00:00Z,internal,1,102317.94,98999.33999999997,1106.2000000000116,2025-01-28T02:00:00Z,102402.01,S2_CLOSE_INVALIDATION,-1.0759989152051994,0.2744849213523746,-1.350483836557574,HTF_UNAMBIGUOUS,,false
STRUCTURAL,BTC/USD|2025-04-01|1h|443@853,BTC/USD,1h,BTC/USD_2025-04-01,demand,2025-01-16T14:00:00Z,2025-02-02T16:00:00Z,98457.35,97489.74,98617.55,2025-01-16T08:00:00Z,2025-01-16T11:00:00Z,internal,0.16556257169727162,98617.55,98777.75,160.1999999999971,2025-02-02T16:00:00Z,98264,S2_CLOSE_INVALIDATION,-1.206928838951369,1.8437705992509699,-3.050699438202339,HTF_UNAMBIGUOUS,,false
STRUCTURAL,BTC/USD|2025-04-01|1h|407@854,BTC/USD,1h,BTC/USD_2025-04-01,demand,2025-01-15T02:00:00Z,2025-02-02T17:00:00Z,97105.755,96746.71,95351.76,2025-01-14T16:00:00Z,2025-01-14T23:00:00Z,external,4.885167597376425,95351.76,100613.74500000002,1753.99500000001,2025-02-03T01:00:00Z,93435.82,S2_CLOSE_INVALIDATION,-2.0923292255679047,0.1660878537282024,-2.258417079296107,HTF_UNAMBIGUOUS,,false
STRUCTURAL,BTC/USD|2025-04-01|1h|852@878,BTC/USD,1h,BTC/USD_2025-04-01,supply,2025-02-02T15:00:00Z,2025-02-03T17:00:00Z,99063.145,99405.74,101456.6,2025-02-02T01:00:00Z,2025-02-02T04:00:00Z,internal,6.986251988499522,101456.6,94276.235,2393.4550000000017,2025-02-03T19:00:00Z,101880,S2_CLOSE_INVALIDATION,-1.176899085213632,0.12416754649659166,-1.3010666317102237,HTF_UNAMBIGUOUS,,false
STRUCTURAL,BTC/USD|2025-04-01|1h|952@980,BTC/USD,1h,BTC/USD_2025-04-01,demand,2025-02-06T19:00:00Z,2025-02-07T23:00:00Z,96311.245,95676.64,95676.64,2025-02-06T19:00:00Z,2025-02-07T02:00:00Z,external,1,95676.64,97580.45499999999,634.6049999999959,2025-02-09T21:00:00Z,95173.78,S2_CLOSE_INVALIDATION,-1.792398421065078,0.4552969721322742,-2.2476953931973522,HTF_UNAMBIGUOUS,,false
STRUCTURAL,BTC/USD|2025-04-01|1h|1008@1032,BTC/USD,1h,BTC/USD_2025-04-01,supply,2025-02-09T03:00:00Z,2025-02-10T03:00:00Z,96995.155,97300,96750,2025-02-08T19:00:00Z,2025-02-08T22:00:00Z,internal,0.8041955748003015,96750,96504.845,245.15499999999884,2025-02-10T03:00:00Z,96814.98,S2_CLOSE_INVALIDATION,0.7349431992005212,1.1869448512165828,-0.4520016520160616,HTF_UNAMBIGUOUS,,false
STRUCTURAL,BTC/USD|2025-04-01|1h|975@1038,BTC/USD,1h,BTC/USD_2025-04-01,supply,2025-02-07T18:00:00Z,2025-02-10T09:00:00Z,97826.555,98353.1,100137.99,2025-02-07T14:00:00Z,2025-02-07T21:00:00Z,external,4.389814735682527,100137.99,93203.68499999997,2311.435000000012,2025-02-24T22:10:00Z,93203.68499999997,TARGET,2,0.12696859959289292,1.8730314004071071,HTF_UNAMBIGUOUS,,false
STRUCTURAL,BTC/USD|2025-04-01|1h|1397@1402,BTC/USD,1h,BTC/USD_2025-04-01,supply,2025-02-25T08:00:00Z,2025-02-25T13:00:00Z,89506.015,90000,92540.69,2025-02-25T03:00:00Z,2025-02-25T06:00:00Z,internal,6.143253337651951,92540.69,83436.665,3034.675000000003,2025-02-26T18:39:00Z,83436.665,TARGET,2,0.08848329557530865,1.9115167044246912,1M_RESOLVED,,false
STRUCTURAL,BTC/USD|2025-04-01|1h|1427@1444,BTC/USD,1h,BTC/USD_2025-04-01,supply,2025-02-26T14:00:00Z,2025-02-27T07:00:00Z,86580.025,87741.33,89314.45,2025-02-26T10:00:00Z,2025-02-26T13:00:00Z,internal,2.3546139902953875,89314.45,81111.17499999999,2734.425000000003,2025-02-28T01:33:00Z,81111.17499999999,TARGET,2,0.09498891905976566,1.9050110809402343,1M_RESOLVED,,false
STRUCTURAL,BTC/USD|2025-04-01|1h|1459@1476,BTC/USD,1h,BTC/USD_2025-04-01,supply,2025-02-27T22:00:00Z,2025-02-28T15:00:00Z,84319.85500000001,84758.63,87078.46,2025-02-27T11:00:00Z,2025-02-27T18:00:00Z,external,6.28706056634957,87078.46,78802.64500000002,2758.604999999996,2025-03-02T15:00:00Z,87427.99,S2_CLOSE_INVALIDATION,-1.1267053456366531,0.09169836384694452,-1.2184037094835976,HTF_UNAMBIGUOUS,,false
STRUCTURAL,BTC/USD|2025-04-01|1h|1382@1526,BTC/USD,1h,BTC/USD_2025-04-01,supply,2025-02-24T17:00:00Z,2025-03-02T17:00:00Z,94761.29999999999,95194.59,96095.32,2025-02-24T13:00:00Z,2025-02-24T16:00:00Z,internal,3.078815573865064,96095.32,92093.25999999995,1334.0200000000186,2025-03-03T06:42:00Z,92093.25999999995,TARGET,2,0.21310317686391209,1.786896823136088,HTF_UNAMBIGUOUS,,false
STRUCTURAL,BTC/USD|2025-04-01|1h|1527@1534,BTC/USD,1h,BTC/USD_2025-04-01,demand,2025-03-02T18:00:00Z,2025-03-03T01:00:00Z,93382.095,92364.39,85050.6,2025-03-02T14:00:00Z,2025-03-02T21:00:00Z,external,8.186552095155257,85050.6,110045.08499999999,8331.494999999995,2025-03-04T01:00:00Z,83380.55,S2_CLOSE_INVALIDATION,-1.2004502193183821,0.033624971868794276,-1.2340751911871763,HTF_UNAMBIGUOUS,,false
STRUCTURAL,BTC/USD|2025-04-01|1h|1577@1589,BTC/USD,1h,BTC/USD_2025-04-01,demand,2025-03-04T20:00:00Z,2025-03-05T08:00:00Z,87766.465,86692.9,81500,2025-03-04T15:00:00Z,2025-03-04T22:00:00Z,external,5.8370615659042375,81500,100299.39499999999,6266.4649999999965,2025-03-09T22:00:00Z,80358.19,S2_CLOSE_INVALIDATION,-1.1822095870638387,0.042017213053930746,-1.2242268001177694,HTF_UNAMBIGUOUS,,false
STRUCTURAL,BTC/USD|2025-04-01|1h|1691@1710,BTC/USD,1h,BTC/USD_2025-04-01,supply,2025-03-09T14:00:00Z,2025-03-10T09:00:00Z,83408.625,83817.25,86500,2025-03-09T01:00:00Z,2025-03-09T04:00:00Z,internal,7.565310492505353,86500,77225.875,3091.375,2025-03-11T00:32:00Z,77225.875,TARGET,2,0.08094322914560673,1.9190567708543933,1M_RESOLVED,,false
STRUCTURAL,BTC/USD|2025-04-01|1h|1716@1731,BTC/USD,1h,BTC/USD_2025-04-01,supply,2025-03-10T15:00:00Z,2025-03-11T06:00:00Z,80344.445,81118.32,84123.46,2025-03-10T09:00:00Z,2025-03-10T16:00:00Z,external,4.883236956872879,84123.46,72786.41500000001,3779.0149999999994,2025-03-14T15:00:00Z,84724.58,S2_CLOSE_INVALIDATION,-1.1590679052610258,0.06378205299529112,-1.2228499582563168,HTF_UNAMBIGUOUS,,false
STRUCTURAL,BTC/USD|2025-04-01|1h|1937@1946,BTC/USD,1h,BTC/USD_2025-04-01,demand,2025-03-19T20:00:00Z,2025-03-20T05:00:00Z,85527.54500000001,85200.1,83578.32,2025-03-19T18:00:00Z,2025-03-19T21:00:00Z,internal,5.9528317732747915,83578.32,89425.99500000002,1949.2250000000058,2025-03-21T12:00:00Z,83467.98,S2_CLOSE_INVALIDATION,-1.0566071130834105,0.1316331542023108,-1.1882402672857213,HTF_UNAMBIGUOUS,,false
STRUCTURAL,BTC/USD|2025-04-01|1h|2190@2223,BTC/USD,1h,BTC/USD_2025-04-01,supply,2025-03-30T09:00:00Z,2025-03-31T18:00:00Z,83386.805,83517.78,83503.53,2025-03-30T03:00:00Z,2025-03-30T06:00:00Z,internal,0.8912006108035933,83503.53,83153.35499999998,116.72500000000582,2025-03-31T19:25:00Z,83153.35499999998,TARGET,2,2.143160548297173,-0.14316054829717295,HTF_UNAMBIGUOUS,,false
STRUCTURAL,BTC/USD|2025-04-01|4h|227@430,BTC/USD,4h,BTC/USD_2025-04-01,supply,2024-12-17T00:00:00Z,2025-01-19T20:00:00Z,106328.67,107000,107793.07,2024-12-16T16:00:00Z,2024-12-17T04:00:00Z,internal,2.1813415160949234,107793.07,103399.86999999998,1464.4000000000087,2025-01-19T22:03:00Z,103399.86999999998,TARGET,2,0.21782710325047672,1.7821728967495232,1M_RESOLVED,,false
STRUCTURAL,BTC/USD|2025-04-01|4h|225@432,BTC/USD,4h,BTC/USD_2025-04-01,supply,2024-12-16T16:00:00Z,2025-01-20T04:00:00Z,106795.24,107793.07,107793.07,2024-12-16T16:00:00Z,2024-12-17T04:00:00Z,internal,1,107793.07,104799.58,997.8300000000017,2025-01-20T08:00:00Z,108239.19,S2_CLOSE_INVALIDATION,-1.44709018570297,0.32108246895763753,-1.7681726546606076,HTF_UNAMBIGUOUS,,false
STRUCTURAL,BTC/USD|2025-04-01|4h|430@436,BTC/USD,4h,BTC/USD_2025-04-01,demand,2025-01-19T20:00:00Z,2025-01-20T20:00:00Z,103037.015,99651.6,102277.55,2025-01-18T08:00:00Z,2025-01-18T20:00:00Z,internal,0.22433438736462086,102277.55,104555.94499999999,759.4649999999965,2025-01-20T20:00:00Z,102260.01,S2_CLOSE_INVALIDATION,-1.0230952051773397,0.407011573936918,-1.4301067791142577,HTF_UNAMBIGUOUS,,false
STRUCTURAL,BTC/USD|2025-04-01|4h|430@439,BTC/USD,4h,BTC/USD_2025-04-01,demand,2025-01-19T20:00:00Z,2025-01-21T08:00:00Z,103037.015,99651.6,102277.55,2025-01-18T08:00:00Z,2025-01-18T20:00:00Z,internal,0.22433438736462086,102277.55,104555.94499999999,759.4649999999965,2025-01-21T12:19:00Z,104555.94499999999,TARGET,2,0.407011573936918,1.592988426063082,1M_RESOLVED,,false
STRUCTURAL,BTC/USD|2025-04-01|4h|430@449,BTC/USD,4h,BTC/USD_2025-04-01,demand,2025-01-19T20:00:00Z,2025-01-23T00:00:00Z,103037.015,99651.6,102277.55,2025-01-18T08:00:00Z,2025-01-18T20:00:00Z,internal,0.22433438736462086,102277.55,104555.94499999999,759.4649999999965,2025-01-23T08:00:00Z,101944.49,S2_CLOSE_INVALIDATION,-1.4385455550947037,0.407011573936918,-1.8455571290316217,HTF_UNAMBIGUOUS,,false
STRUCTURAL,BTC/USD|2025-04-01|4h|430@452,BTC/USD,4h,BTC/USD_2025-04-01,demand,2025-01-19T20:00:00Z,2025-01-23T12:00:00Z,103037.015,99651.6,102277.55,2025-01-18T08:00:00Z,2025-01-18T20:00:00Z,internal,0.22433438736462086,102277.55,104555.94499999999,759.4649999999965,2025-01-23T14:37:00Z,104555.94499999999,TARGET,2,0.407011573936918,1.592988426063082,1M_RESOLVED,,false
STRUCTURAL,BTC/USD|2025-04-01|4h|430@454,BTC/USD,4h,BTC/USD_2025-04-01,demand,2025-01-19T20:00:00Z,2025-01-23T20:00:00Z,103037.015,99651.6,102277.55,2025-01-18T08:00:00Z,2025-01-18T20:00:00Z,internal,0.22433438736462086,102277.55,104555.94499999999,759.4649999999965,2025-01-23T22:31:00Z,104555.94499999999,TARGET,2,0.407011573936918,1.592988426063082,1M_RESOLVED,,false
STRUCTURAL,BTC/USD|2025-04-01|4h|452@482,BTC/USD,4h,BTC/USD_2025-04-01,supply,2025-01-23T12:00:00Z,2025-01-28T12:00:00Z,103666.23999999999,106050.86,107240.81,2025-01-21T16:00:00Z,2025-01-22T04:00:00Z,internal,1.4990103244961428,107240.81,96517.09999999998,3574.570000000007,2025-02-02T22:40:00Z,96517.09999999998,TARGET,2,0.08700311366122342,1.9129968863387765,HTF_UNAMBIGUOUS,,false
STRUCTURAL,BTC/USD|2025-04-01|4h|160@517,BTC/USD,4h,BTC/USD_2025-04-01,demand,2024-12-05T20:00:00Z,2025-02-03T08:00:00Z,94989.86,90500,90500,2024-12-05T20:00:00Z,2024-12-07T00:00:00Z,external,1,90500,103969.58,4489.860000000001,2025-02-25T04:00:00Z,89320.01,S2_CLOSE_INVALIDATION,-1.2628122034985512,0.06346959147946706,-1.3262817949780181,HTF_UNAMBIGUOUS,,false
STRUCTURAL,BTC/USD|2025-04-01|4h|664@668,BTC/USD,4h,BTC/USD_2025-04-01,supply,2025-02-27T20:00:00Z,2025-02-28T12:00:00Z,83822.16500000001,84927.84,87078.46,2025-02-27T08:00:00Z,2025-02-27T20:00:00Z,internal,2.9450742758948447,87078.46,77309.57500000001,3256.2949999999983,2025-03-02T12:00:00Z,87427.99,S2_CLOSE_INVALIDATION,-1.1073397834041445,0.07722472779646812,-1.1845645112006127,HTF_UNAMBIGUOUS,,false
STRUCTURAL,BTC/USD|2025-04-01|4h|727@735,BTC/USD,4h,BTC/USD_2025-04-01,supply,2025-03-10T08:00:00Z,2025-03-11T16:00:00Z,82637.23000000001,84123.46,84123.46,2025-03-10T08:00:00Z,2025-03-10T20:00:00Z,internal,1,84123.46,79664.77000000002,1486.229999999996,2025-03-14T12:00:00Z,84724.58,S2_CLOSE_INVALIDATION,-1.4044596058483525,0.16680573666256282,-1.5712653425109153,HTF_UNAMBIGUOUS,,false
STRUCTURAL,BTC/USD|2025-07-01|1h|960@973,BTC/USD,1h,BTC/USD_2025-07-01,demand,2025-05-09T03:00:00Z,2025-05-09T16:00:00Z,102582.345,102364,102364,2025-05-09T03:00:00Z,2025-05-09T06:00:00Z,internal,1,102364,103019.035,218.34500000000116,2025-05-09T17:20:00Z,103019.035,TARGET,2,1.4094530902928775,0.5905469097071225,1M_RESOLVED,,false
STRUCTURAL,BTC/USD|2025-07-01|1h|960@1043,BTC/USD,1h,BTC/USD_2025-07-01,demand,2025-05-09T03:00:00Z,2025-05-12T14:00:00Z,102582.345,102364,102364,2025-05-09T03:00:00Z,2025-05-09T06:00:00Z,internal,1,102364,103019.035,218.34500000000116,2025-05-12T14:32:00Z,103019.035,TARGET,2,1.4094530902928775,0.5905469097071225,1M_RESOLVED,,false
STRUCTURAL,BTC/USD|2025-07-01|1h|960@1045,BTC/USD,1h,BTC/USD_2025-07-01,demand,2025-05-09T03:00:00Z,2025-05-12T16:00:00Z,102582.345,102364,102364,2025-05-09T03:00:00Z,2025-05-09T06:00:00Z,internal,1,102364,103019.035,218.34500000000116,2025-05-12T16:28:00Z,103019.035,TARGET,2,1.4094530902928775,0.5905469097071225,1M_RESOLVED,,false
STRUCTURAL,BTC/USD|2025-07-01|1h|950@1047,BTC/USD,1h,BTC/USD_2025-07-01,demand,2025-05-08T17:00:00Z,2025-05-12T18:00:00Z,101243.14,100779.26,99090.66,2025-05-08T13:00:00Z,2025-05-08T16:00:00Z,internal,4.6401655600585805,99090.66,105548.09999999999,2152.479999999996,2025-05-18T15:50:00Z,105548.09999999999,TARGET,2,0.14110673269902652,1.8588932673009735,1M_RESOLVED,,false
STRUCTURAL,BTC/USD|2025-07-01|1h|1150@1201,BTC/USD,1h,BTC/USD_2025-07-01,demand,2025-05-17T01:00:00Z,2025-05-19T04:00:00Z,102986.255,102612.5,102612.5,2025-05-17T01:00:00Z,2025-05-17T08:00:00Z,external,1,102612.5,103733.76500000001,373.75500000000466,2025-05-19T04:13:00Z,103733.76500000001,TARGET,2,0.8266344664285326,1.1733655335714674,1M_RESOLVED,,false
STRUCTURAL,BTC/USD|2025-07-01|1h|1242@1252,BTC/USD,1h,BTC/USD_2025-07-01,demand,2025-05-20T21:00:00Z,2025-05-21T07:00:00Z,106678.885,106132.09,104184.72,2025-05-20T13:00:00Z,2025-05-20T20:00:00Z,external,4.561426128622247,104184.72,111667.21499999998,2494.1649999999936,2025-05-22T03:49:00Z,111667.21499999998,TARGET,2,0.1283141472196109,1.871685852780389,1M_RESOLVED,,false
STRUCTURAL,BTC/USD|2025-07-01|1h|1307@1310,BTC/USD,1h,BTC/USD_2025-07-01,supply,2025-05-23T14:00:00Z,2025-05-23T17:00:00Z,109748.875,109992.75,111381.61,2025-05-23T09:00:00Z,2025-05-23T12:00:00Z,internal,6.694966683751924,111381.61,106483.405,1632.7350000000006,2025-05-29T14:34:00Z,106483.405,TARGET,2,0.2016534373306139,1.7983465626693862,HTF_UNAMBIGUOUS,,false
STRUCTURAL,BTC/USD|2025-07-01|1h|1636@1797,BTC/USD,1h,BTC/USD_2025-07-01,demand,2025-06-06T07:00:00Z,2025-06-13T00:00:00Z,103259.78,103050.9,100372.26,2025-06-05T20:00:00Z,2025-06-06T03:00:00Z,external,13.823822290309938,100372.26,109034.82,2887.520000000004,2025-06-22T14:00:00Z,99628.28,S2_CLOSE_INVALIDATION,-1.2576536266415452,0.10728214523189435,-1.3649357718734396,HTF_UNAMBIGUOUS,,false
STRUCTURAL,BTC/USD|2025-07-01|1h|938@2029,BTC/USD,1h,BTC/USD_2025-07-01,demand,2025-05-08T05:00:00Z,2025-06-22T16:00:00Z,98929.045,98738.09,95784.61,2025-05-07T19:00:00Z,2025-05-08T02:00:00Z,external,16.4668901049984,95784.61,105217.915,3144.4349999999977,2025-06-23T22:10:00Z,105217.915,TARGET,2,0.09438488472491885,1.905615115275081,HTF_UNAMBIGUOUS,,false
STRUCTURAL,BTC/USD|2025-07-01|4h|805@812,BTC/USD,4h,BTC/USD_2025-07-01,supply,2025-06-22T08:00:00Z,2025-06-23T12:00:00Z,102442.025,102804.05,103982.64,2025-06-21T08:00:00Z,2025-06-21T20:00:00Z,internal,4.255548649955025,103982.64,99360.79499999998,1540.6150000000052,2025-06-23T20:00:00Z,105333.93,S2_CLOSE_INVALIDATION,-1.877110764207793,0.19948272280874776,-2.076593487016541,HTF_UNAMBIGUOUS,,false
STRUCTURAL,BTC/USD|2025-11-01|1h|434@441,BTC/USD,1h,BTC/USD_2025-11-01,supply,2025-08-18T05:00:00Z,2025-08-18T12:00:00Z,115344,115688,117995.37,2025-08-17T22:00:00Z,2025-08-18T01:00:00Z,internal,7.707470930232545,117995.37,110041.26000000001,2651.3699999999953,2025-08-25T20:11:00Z,110041.26000000001,TARGET,2,0.13051064166826984,1.8694893583317302,1M_RESOLVED,,false
STRUCTURAL,BTC/USD|2025-11-01|1h|769@786,BTC/USD,1h,BTC/USD_2025-11-01,demand,2025-09-01T04:00:00Z,2025-09-01T21:00:00Z,107519.75,107279.51,108191.29,2025-08-31T13:00:00Z,2025-08-31T20:00:00Z,external,2.7952880452879576,108191.29,108862.82999999999,671.5399999999936,2025-09-01T21:00:00Z,107800.8,S2_CLOSE_INVALIDATION,0.418515650594165,0.4803276796616778,-0.061812029067512764,HTF_UNAMBIGUOUS,,false
STRUCTURAL,BTC/USD|2025-11-01|1h|705@802,BTC/USD,1h,BTC/USD_2025-11-01,supply,2025-08-29T12:00:00Z,2025-09-02T13:00:00Z,110793.9,111517.07,111517.07,2025-08-29T12:00:00Z,2025-08-29T15:00:00Z,internal,1,111517.07,109347.55999999997,723.1700000000128,2025-09-03T14:00:00Z,112261.37,S2_CLOSE_INVALIDATION,-2.029218579310501,0.45961765559964335,-2.4888362349101443,HTF_UNAMBIGUOUS,,false
STRUCTURAL,BTC/USD|2025-11-01|1h|705@804,BTC/USD,1h,BTC/USD_2025-11-01,supply,2025-08-29T12:00:00Z,2025-09-02T15:00:00Z,110793.9,111517.07,111517.07,2025-08-29T12:00:00Z,2025-08-29T15:00:00Z,internal,1,111517.07,109347.55999999997,723.1700000000128,2025-09-03T14:00:00Z,112261.37,S2_CLOSE_INVALIDATION,-2.029218579310501,0.45961765559964335,-2.4888362349101443,HTF_UNAMBIGUOUS,,false
STRUCTURAL,BTC/USD|2025-11-01|1h|681@875,BTC/USD,1h,BTC/USD_2025-11-01,supply,2025-08-28T12:00:00Z,2025-09-05T14:00:00Z,113060.845,113340.01,113360,2025-08-28T07:00:00Z,2025-08-28T10:00:00Z,internal,1.0716063976501555,113360,112462.535,299.15499999999884,2025-09-05T14:11:00Z,112462.535,TARGET,2,1.133801992278255,0.866198007721745,1M_RESOLVED,,false
STRUCTURAL,BTC/USD|2025-11-01|1h|540@1172,BTC/USD,1h,BTC/USD_2025-11-01,supply,2025-08-22T15:00:00Z,2025-09-17T23:00:00Z,116552.17499999999,117296.12,113525,2025-08-22T02:00:00Z,2025-08-22T09:00:00Z,external,4.0690844081215145,113525,110497.82500000001,3027.1749999999884,2025-09-17T23:00:00Z,116447.59,S2_CLOSE_INVALIDATION,0.034548712908897654,0.11550588419896482,-0.08095717129006716,HTF_UNAMBIGUOUS,,false
STRUCTURAL,BTC/USD|2025-11-01|1h|540@1174,BTC/USD,1h,BTC/USD_2025-11-01,supply,2025-08-22T15:00:00Z,2025-09-18T01:00:00Z,116552.17499999999,117296.12,113525,2025-08-22T02:00:00Z,2025-08-22T09:00:00Z,external,4.0690844081215145,113525,110497.82500000001,3027.1749999999884,2025-09-18T01:00:00Z,116634.84,S2_CLOSE_INVALIDATION,-0.027307638309647927,0.11550588419896482,-0.14281352250861273,HTF_UNAMBIGUOUS,,false
STRUCTURAL,BTC/USD|2025-11-01|1h|427@1176,BTC/USD,1h,BTC/USD_2025-11-01,supply,2025-08-17T22:00:00Z,2025-09-18T03:00:00Z,117841.935,117995.37,117995.37,2025-08-17T22:00:00Z,2025-08-18T01:00:00Z,internal,1,117995.37,117535.065,153.43499999999767,2025-09-18T04:22:00Z,117535.065,TARGET,2,2.304075373936881,-0.3040753739368811,1M_RESOLVED,,false
STRUCTURAL,BTC/USD|2025-11-01|1h|991@1278,BTC/USD,1h,BTC/USD_2025-11-01,demand,2025-09-10T10:00:00Z,2025-09-22T09:00:00Z,112310.91,112199.19,110917.45,2025-09-10T01:00:00Z,2025-09-10T04:00:00Z,internal,12.472789115646187,110917.45,115097.83000000002,1393.4600000000064,2025-09-25T17:00:00Z,108833.63,S2_CLOSE_INVALIDATION,-2.4954286452427645,0.24179576737042932,-2.7372244126131937,HTF_UNAMBIGUOUS,,false
STRUCTURAL,BTC/USD|2025-11-01|1h|801@1362,BTC/USD,1h,BTC/USD_2025-11-01,demand,2025-09-02T12:00:00Z,2025-09-25T21:00:00Z,109114.86499999999,108393.39,108393.39,2025-09-02T12:00:00Z,2025-09-02T19:00:00Z,external,1,108393.39,110557.81499999997,721.4749999999913,2025-09-28T20:21:00Z,110557.81499999997,TARGET,2,0.4537157836376921,1.5462842163623078,1M_RESOLVED,,false
STRUCTURAL,BTC/USD|2025-11-01|1h|1272@1482,BTC/USD,1h,BTC/USD_2025-11-01,supply,2025-09-22T03:00:00Z,2025-09-30T21:00:00Z,114421.08,114654.36,115545.43,2025-09-21T22:00:00Z,2025-09-22T01:00:00Z,internal,4.819744513031536,115545.43,112172.38000000002,1124.3499999999913,2025-10-01T08:00:00Z,116111.28,S2_CLOSE_INVALIDATION,-1.5032685551652156,0.30529927513674804,-1.8085678303019637,HTF_UNAMBIGUOUS,,false
STRUCTURAL,BTC/USD|2025-11-01|1h|427@1501,BTC/USD,1h,BTC/USD_2025-11-01,supply,2025-08-17T22:00:00Z,2025-10-01T16:00:00Z,117841.935,117995.37,117995.37,2025-08-17T22:00:00Z,2025-08-18T01:00:00Z,internal,1,117995.37,117535.065,153.43499999999767,2025-10-01T17:01:00Z,117535.065,TARGET,2,2.304075373936881,-0.3040753739368811,1M_RESOLVED,,false
STRUCTURAL,BTC/USD|2025-11-01|1h|1187@1504,BTC/USD,1h,BTC/USD_2025-11-01,supply,2025-09-18T14:00:00Z,2025-10-01T19:00:00Z,117622.185,117843.83,117843.83,2025-09-18T14:00:00Z,2025-09-18T17:00:00Z,internal,1,117843.83,117178.89499999999,221.64500000000407,2025-10-01T20:13:00Z,117178.89499999999,TARGET,2,1.5920348079135263,0.40796519208647375,1M_RESOLVED,,false
STRUCTURAL,BTC/USD|2025-11-01|1h|363@1509,BTC/USD,1h,BTC/USD_2025-11-01,supply,2025-08-15T06:00:00Z,2025-10-02T00:00:00Z,119041.41500000001,119216.82,119216.82,2025-08-15T06:00:00Z,2025-08-15T13:00:00Z,external,1,119216.82,118690.60500000001,175.40499999999884,2025-10-02T00:41:00Z,118690.60500000001,TARGET,2,2.0359980901342745,-0.03599809013427446,1M_RESOLVED,,false
STRUCTURAL,BTC/USD|2025-11-01|1h|363@1512,BTC/USD,1h,BTC/USD_2025-11-01,supply,2025-08-15T06:00:00Z,2025-10-02T03:00:00Z,119041.41500000001,119216.82,119216.82,2025-08-15T06:00:00Z,2025-08-15T13:00:00Z,external,1,119216.82,118690.60500000001,175.40499999999884,2025-10-02T03:54:00Z,118690.60500000001,TARGET,2,2.0359980901342745,-0.03599809013427446,1M_RESOLVED,,false
STRUCTURAL,BTC/USD|2025-11-01|1h|344@1528,BTC/USD,1h,BTC/USD_2025-11-01,supply,2025-08-14T11:00:00Z,2025-10-02T19:00:00Z,120862.655,121031.31,124474,2025-08-14T00:00:00Z,2025-08-14T07:00:00Z,external,21.412617473540816,124474,113639.965,3611.345000000001,2025-10-05T04:00:00Z,125172.81,S2_CLOSE_INVALIDATION,-1.193504082274055,0.10040247193220252,-1.2939065542062576,HTF_UNAMBIGUOUS,,false
STRUCTURAL,BTC/USD|2025-11-01|1h|1600@1643,BTC/USD,1h,BTC/USD_2025-11-01,demand,2025-10-05T19:00:00Z,2025-10-07T14:00:00Z,122763,122500,122301.63,2025-10-05T16:00:00Z,2025-10-05T23:00:00Z,external,1.754258555133062,122301.63,123685.73999999999,461.36999999999534,2025-10-07T15:00:00Z,121846.01,S2_CLOSE_INVALIDATION,-1.987537117714664,0.7982508615644791,-2.785787979279143,HTF_UNAMBIGUOUS,,false
STRUCTURAL,BTC/USD|2025-11-01|1h|1575@1644,BTC/USD,1h,BTC/USD_2025-11-01,demand,2025-10-04T18:00:00Z,2025-10-07T15:00:00Z,121669.845,121510,121510,2025-10-04T18:00:00Z,2025-10-05T01:00:00Z,external,1,121510,121989.535,159.84500000000116,2025-10-07T16:46:00Z,121989.535,TARGET,2,2.2835217554505762,-0.28352175545057623,1M_RESOLVED,,false
STRUCTURAL,BTC/USD|2025-11-01|1h|1495@1720,BTC/USD,1h,BTC/USD_2025-11-01,demand,2025-10-01T10:00:00Z,2025-10-10T19:00:00Z,116377.25,116203.5,113765.42,2025-09-30T23:00:00Z,2025-10-01T02:00:00Z,internal,15.032115107913679,113765.42,121600.91,2611.8300000000017,2025-10-10T21:00:00Z,113451.86,S2_CLOSE_INVALIDATION,-1.1200537554128704,0.13367322911521798,-1.2537269845280885,HTF_UNAMBIGUOUS,,false
STRUCTURAL,BTC/USD|2025-11-01|1h|1470@1723,BTC/USD,1h,BTC/USD_2025-11-01,demand,2025-09-30T09:00:00Z,2025-10-10T22:00:00Z,113091.65,112731.41,111901.26,2025-09-29T13:00:00Z,2025-09-29T16:00:00Z,internal,3.3044359316012386,111901.26,115472.43,1190.3899999999994,2025-10-11T01:00:00Z,111095.37,S2_CLOSE_INVALIDATION,-1.6769966145548936,0.2850115928393217,-1.9620082073942153,HTF_UNAMBIGUOUS,,false
STRUCTURAL,BTC/USD|2025-11-01|4h|315@419,BTC/USD,4h,BTC/USD_2025-11-01,demand,2025-08-02T16:00:00Z,2025-08-20T00:00:00Z,112711.5,112003,112722.58,2025-08-01T20:00:00Z,2025-08-02T08:00:00Z,internal,0.015638673253354617,112722.58,112733.66,11.080000000001746,2025-08-20T01:38:00Z,112733.66,TARGET,2,30.517554151619738,-28.517554151619738,1M_RESOLVED,,false
STRUCTURAL,BTC/USD|2025-11-01|4h|411@434,BTC/USD,4h,BTC/USD_2025-11-01,supply,2025-08-18T16:00:00Z,2025-08-22T12:00:00Z,116309.43,116800,118575,2025-08-17T12:00:00Z,2025-08-18T16:00:00Z,external,4.6182400065229725,118575,111778.28999999998,2265.570000000007,2025-08-24T19:37:00Z,111778.28999999998,TARGET,2,0.15401346680967656,1.8459865331903234,1M_RESOLVED,,false
STRUCTURAL,BTC/USD|2025-11-01|4h|173@447,BTC/USD,4h,BTC/USD_2025-11-01,demand,2025-07-10T00:00:00Z,2025-08-24T16:00:00Z,111230.5,110880,107429.57,2025-07-08T00:00:00Z,2025-07-09T04:00:00Z,external,10.844308131241064,107429.57,118832.35999999999,3800.929999999993,2025-10-02T00:01:00Z,118832.35999999999,TARGET,2,0.08779206667841834,1.9122079333215816,1M_RESOLVED,,false
STRUCTURAL,BTC/USD|2025-11-01|4h|383@687,BTC/USD,4h,BTC/USD_2025-11-01,supply,2025-08-14T00:00:00Z,2025-10-03T16:00:00Z,123862.25,124474,124474,2025-08-14T00:00:00Z,2025-08-15T04:00:00Z,external,1,124474,122638.75,611.75,2025-10-03T16:59:00Z,122638.75,TARGET,2,0.6074160196158561,1.3925839803841438,1M_RESOLVED,,false
STRUCTURAL,BTC/USD|2025-11-01|4h|692@710,BTC/USD,4h,BTC/USD_2025-11-01,demand,2025-10-04T12:00:00Z,2025-10-07T12:00:00Z,122104.20000000001,121698.88,119248.3,2025-10-03T08:00:00Z,2025-10-03T20:00:00Z,internal,7.046037698608407,119248.3,127816.00000000003,2855.9000000000087,2025-10-10T12:00:00Z,119018.98,S2_CLOSE_INVALIDATION,-1.0802969291641886,0.1282652053643331,-1.2085621345285218,HTF_UNAMBIGUOUS,,false
STRUCTURAL,USD/JPY|2022-11-01|1h|392@406,USD/JPY,1h,USD/JPY_2022-11-01,demand,2022-09-07T04:00:00Z,2022-09-07T18:00:00Z,144.119995,143.855,142.72501,2022-09-06T21:00:00Z,2022-09-07T00:00:00Z,internal,5.264193664031384,142.72501,146.90996499999997,1.3949849999999913,2022-09-09T06:00:00Z,142.675,S2_CLOSE_INVALIDATION,-1.0358498478478166,0.01146965737982853,-1.0473195052276452,HTF_UNAMBIGUOUS,,false
STRUCTURAL,USD/JPY|2022-11-01|1h|373@446,USD/JPY,1h,USD/JPY_2022-11-01,demand,2022-09-06T09:00:00Z,2022-09-09T10:00:00Z,141.699995,141.595,140.255,2022-09-06T00:00:00Z,2022-09-06T07:00:00Z,external,13.762512500595008,140.255,144.589985,1.4449950000000058,2022-09-13T13:11:00Z,144.589985,TARGET,2,0.01107270267371163,1.9889272973262884,HTF_UNAMBIGUOUS,,false
STRUCTURAL,USD/JPY|2022-11-01|1h|502@507,USD/JPY,1h,USD/JPY_2022-11-01,demand,2022-09-13T18:00:00Z,2022-09-13T23:00:00Z,144.39499999999998,144.295,141.855,2022-09-13T12:00:00Z,2022-09-13T19:00:00Z,external,25.400000000001363,141.855,149.47499999999997,2.539999999999992,2022-09-22T11:00:00Z,141.25999,S2_CLOSE_INVALIDATION,-1.2342559055118125,0.006299212598425217,-1.2405551181102377,HTF_UNAMBIGUOUS,,false
STRUCTURAL,USD/JPY|2022-11-01|1h|661@685,USD/JPY,1h,USD/JPY_2022-11-01,supply,2022-09-22T09:00:00Z,2022-09-23T09:00:00Z,142.629995,143.38499,145.905,2022-09-22T07:00:00Z,2022-09-22T14:00:00Z,external,4.337783693931856,145.905,136.07998500000002,3.275004999999993,2022-10-12T00:00:00Z,146.13,S2_CLOSE_INVALIDATION,-1.068702185187502,0.004885488724444706,-1.0735876739119468,HTF_UNAMBIGUOUS,,false
STRUCTURAL,USD/JPY|2022-11-01|1h|1072@1084,USD/JPY,1h,USD/JPY_2022-11-01,demand,2022-10-17T12:00:00Z,2022-10-18T00:00:00Z,148.76,148.625,148.58501,2022-10-17T07:00:00Z,2022-10-17T10:00:00Z,internal,1.2962222222221598,148.58501,149.10997999999995,0.17498999999997977,2022-10-18T08:44:00Z,149.10997999999995,TARGET,2,0.09143379621693726,1.9085662037830629,1M_RESOLVED,,false
STRUCTURAL,USD/JPY|2022-11-01|1h|1130@1141,USD/JPY,1h,USD/JPY_2022-11-01,demand,2022-10-19T22:00:00Z,2022-10-20T09:00:00Z,149.825,149.78,149.77499,2022-10-19T21:00:00Z,2022-10-20T00:00:00Z,internal,1.1113333333333337,149.77499,149.92501999999996,0.05000999999998612,2022-10-20T10:00:00Z,149.735,S2_CLOSE_INVALIDATION,-1.7996400719856023,0.3199360127975293,-2.1195760847831315,HTF_UNAMBIGUOUS,,false
STRUCTURAL,USD/JPY|2022-11-01|1h|1115@1170,USD/JPY,1h,USD/JPY_2022-11-01,demand,2022-10-19T07:00:00Z,2022-10-21T14:00:00Z,149.39,149.285,149.11501,2022-10-19T00:00:00Z,2022-10-19T07:00:00Z,external,2.6189523809523894,149.11501,149.93997999999993,0.2749899999999741,2022-10-21T14:57:00Z,149.93997999999993,TARGET,2,0.058183933961240435,1.9418160660387596,1M_RESOLVED,,false
STRUCTURAL,USD/JPY|2022-11-01|1h|1171@1178,USD/JPY,1h,USD/JPY_2022-11-01,demand,2022-10-21T15:00:00Z,2022-10-23T22:00:00Z,148.21499999999997,146.325,149.55499,2022-10-20T14:00:00Z,2022-10-20T21:00:00Z,external,0.7089894179894383,149.55499,150.89498000000003,1.3399900000000287,2022-10-23T22:00:00Z,149.295,S2_CLOSE_INVALIDATION,0.805976164001216,0.011940387614832692,0.7940357763863832,HTF_UNAMBIGUOUS,,false
STRUCTURAL,USD/JPY|2022-11-01|1h|1171@1180,USD/JPY,1h,USD/JPY_2022-11-01,demand,2022-10-21T15:00:00Z,2022-10-24T00:00:00Z,148.21499999999997,146.325,149.55499,2022-10-20T14:00:00Z,2022-10-20T21:00:00Z,external,0.7089894179894383,149.55499,150.89498000000003,1.3399900000000287,2022-10-24T00:00:00Z,148.715,S2_CLOSE_INVALIDATION,0.3731371129635428,0.011940387614832692,0.3611967253487101,HTF_UNAMBIGUOUS,,false
STRUCTURAL,USD/JPY|2022-11-01|1h|1171@1226,USD/JPY,1h,USD/JPY_2022-11-01,demand,2022-10-21T15:00:00Z,2022-10-25T22:00:00Z,148.21499999999997,146.325,149.55499,2022-10-20T14:00:00Z,2022-10-20T21:00:00Z,external,0.7089894179894383,149.55499,150.89498000000003,1.3399900000000287,2022-10-25T22:00:00Z,148.11,S2_CLOSE_INVALIDATION,-0.0783587937223107,0.011940387614832692,-0.09029918133714339,HTF_UNAMBIGUOUS,,false
STRUCTURAL,USD/JPY|2022-11-01|1h|1171@1228,USD/JPY,1h,USD/JPY_2022-11-01,demand,2022-10-21T15:00:00Z,2022-10-26T00:00:00Z,148.21499999999997,146.325,149.55499,2022-10-20T14:00:00Z,2022-10-20T21:00:00Z,external,0.7089894179894383,149.55499,150.89498000000003,1.3399900000000287,2022-10-26T00:00:00Z,148.13499,S2_CLOSE_INVALIDATION,-0.05970940081641322,0.011940387614832692,-0.0716497884312459,HTF_UNAMBIGUOUS,,false
STRUCTURAL,USD/JPY|2022-11-01|1h|1171@1232,USD/JPY,1h,USD/JPY_2022-11-01,demand,2022-10-21T15:00:00Z,2022-10-26T04:00:00Z,148.21499999999997,146.325,149.55499,2022-10-20T14:00:00Z,2022-10-20T21:00:00Z,external,0.7089894179894383,149.55499,150.89498000000003,1.3399900000000287,2022-10-26T04:00:00Z,148.255,S2_CLOSE_INVALIDATION,0.029850969037097,0.011940387614832692,0.01791058142226431,HTF_UNAMBIGUOUS,,false
STRUCTURAL,USD/JPY|2022-11-01|1h|1226@1233,USD/JPY,1h,USD/JPY_2022-11-01,supply,2022-10-25T22:00:00Z,2022-10-26T05:00:00Z,148.197497,148.37,148.37,2022-10-25T22:00:00Z,2022-10-26T01:00:00Z,internal,1,148.37,147.852491,0.17250300000000607,2022-10-26T06:13:00Z,147.852491,TARGET,2,0.09275201010996584,1.907247989890034,1M_RESOLVED,,false
STRUCTURAL,USD/JPY|2022-11-01|1h|990@1244,USD/JPY,1h,USD/JPY_2022-11-01,demand,2022-10-12T02:00:00Z,2022-10-26T16:00:00Z,146.28499499999998,146.185,145.735,2022-10-11T22:00:00Z,2022-10-12T01:00:00Z,internal,5.500225011251415,145.735,147.38498499999992,0.5499949999999671,2022-10-27T05:00:00Z,145.255,S2_CLOSE_INVALIDATION,-1.8727352066837823,0.029091173556124977,-1.9018263802399074,HTF_UNAMBIGUOUS,,false
STRUCTURAL,USD/JPY|2022-11-01|1h|1263@1276,USD/JPY,1h,USD/JPY_2022-11-01,supply,2022-10-27T11:00:00Z,2022-10-28T00:00:00Z,146.5,146.715,146.47501,2022-10-26T22:00:00Z,2022-10-27T01:00:00Z,internal,0.11623255813954471,146.47501,146.45002,0.02499000000000251,2022-10-28T00:00:00Z,146.595,S2_CLOSE_INVALIDATION,-3.80152060824287,0.6402561024409121,-4.441776710683782,HTF_UNAMBIGUOUS,,false
STRUCTURAL,USD/JPY|2022-11-01|1h|1263@1278,USD/JPY,1h,USD/JPY_2022-11-01,supply,2022-10-27T11:00:00Z,2022-10-28T02:00:00Z,146.5,146.715,146.47501,2022-10-26T22:00:00Z,2022-10-27T01:00:00Z,internal,0.11623255813954471,146.47501,146.45002,0.02499000000000251,2022-10-28T02:33:00Z,146.45002,TARGET,2,0.6402561024409121,1.3597438975590879,1M_RESOLVED,,false
STRUCTURAL,USD/JPY|2022-11-01|1h|1263@1282,USD/JPY,1h,USD/JPY_2022-11-01,supply,2022-10-27T11:00:00Z,2022-10-28T06:00:00Z,146.5,146.715,146.47501,2022-10-26T22:00:00Z,2022-10-27T01:00:00Z,internal,0.11623255813954471,146.47501,146.45002,0.02499000000000251,2022-10-28T06:27:00Z,146.45002,TARGET,2,0.6402561024409121,1.3597438975590879,1M_RESOLVED,,false
STRUCTURAL,USD/JPY|2022-11-01|1h|1226@1299,USD/JPY,1h,USD/JPY_2022-11-01,supply,2022-10-25T22:00:00Z,2022-10-31T00:00:00Z,148.197497,148.37,148.37,2022-10-25T22:00:00Z,2022-10-26T01:00:00Z,internal,1,148.37,147.852491,0.17250300000000607,2022-10-31T04:04:00Z,147.852491,TARGET,2,0.09275201010996584,1.907247989890034,1M_RESOLVED,,false
STRUCTURAL,USD/JPY|2022-11-01|4h|395@409,USD/JPY,4h,USD/JPY_2022-11-01,demand,2022-09-06T17:00:00Z,2022-09-09T01:00:00Z,142.870005,142.765,140.255,2022-09-05T21:00:00Z,2022-09-06T09:00:00Z,internal,24.903623636968316,140.255,148.10001499999998,2.6150049999999965,2022-10-14T14:00:00Z,148.10001499999998,TARGET,2,0.006118535146204317,1.9938814648537957,HTF_UNAMBIGUOUS,,false
STRUCTURAL,USD/JPY|2022-11-01|4h|566@571,USD/JPY,4h,USD/JPY_2022-11-01,demand,2022-10-17T04:00:00Z,2022-10-18T00:00:00Z,148.695,148.58501,146.535,2022-10-13T12:00:00Z,2022-10-14T00:00:00Z,internal,19.638148922632503,146.535,153.015,2.1599999999999966,2022-10-21T12:00:00Z,146.325,S2_CLOSE_INVALIDATION,-1.097222222222226,0.007407407407407419,-1.1046296296296336,HTF_UNAMBIGUOUS,,false
STRUCTURAL,USD/JPY|2022-11-01|4h|544@594,USD/JPY,4h,USD/JPY_2022-11-01,demand,2022-10-11T12:00:00Z,2022-10-23T20:00:00Z,145.6725,145.535,144.72501,2022-10-07T08:00:00Z,2022-10-09T20:00:00Z,internal,6.890836363635627,144.72501,147.56748000000005,0.9474900000000162,2022-10-23T23:52:00Z,147.56748000000005,TARGET,2,0.01688672175959612,1.983113278240404,HTF_UNAMBIGUOUS,,false
STRUCTURAL,USD/JPY|2022-11-01|4h|548@613,USD/JPY,4h,USD/JPY_2022-11-01,demand,2022-10-12T04:00:00Z,2022-10-27T00:00:00Z,146.16499199999998,146.024994,145.425,2022-10-11T16:00:00Z,2022-10-12T20:00:00Z,external,5.2857326533237465,145.425,147.64497599999993,0.7399919999999724,2022-10-28T09:10:00Z,147.64497599999993,TARGET,2,0.021621855371410228,1.9783781446285897,HTF_UNAMBIGUOUS,,false
STRUCTURAL,USD/JPY|2025-04-01|1h|402@413,USD/JPY,1h,USD/JPY_2025-04-01,supply,2025-02-05T20:00:00Z,2025-02-06T07:00:00Z,152.645,152.77,152.77,2025-02-05T20:00:00Z,2025-02-05T23:00:00Z,internal,1,152.77,152.395,0.125,2025-02-06T11:45:00Z,152.395,TARGET,2,0.128,1.8719999999999999,1M_RESOLVED,,false
STRUCTURAL,USD/JPY|2025-04-01|1h|465@488,USD/JPY,1h,USD/JPY_2025-04-01,supply,2025-02-10T11:00:00Z,2025-02-11T10:00:00Z,152.110002,152.2,152.53999,2025-02-10T08:00:00Z,2025-02-10T15:00:00Z,external,4.777750616681211,152.53999,151.25002600000005,0.4299879999999803,2025-02-11T20:00:00Z,152.56,S2_CLOSE_INVALIDATION,-1.0465361824051236,0.03721034075369716,-1.0837465231588208,HTF_UNAMBIGUOUS,,false
STRUCTURAL,USD/JPY|2025-04-01|1h|389@502,USD/JPY,1h,USD/JPY_2025-04-01,supply,2025-02-05T07:00:00Z,2025-02-12T00:00:00Z,153.22500100000002,153.37,154.46001,2025-02-04T23:00:00Z,2025-02-05T02:00:00Z,internal,8.517362188705608,154.46001,150.75498300000004,1.235008999999991,2025-02-12T16:00:00Z,154.63,S2_CLOSE_INVALIDATION,-1.1376427216319764,0.012955371175432825,-1.1505980928074093,HTF_UNAMBIGUOUS,,false
STRUCTURAL,USD/JPY|2025-04-01|1h|504@539,USD/JPY,1h,USD/JPY_2025-04-01,demand,2025-02-12T02:00:00Z,2025-02-13T13:00:00Z,153.445,153.36,151.64999,2025-02-11T08:00:00Z,2025-02-11T15:00:00Z,external,21.11776470588733,151.64999,157.03501999999997,1.7950099999999907,2025-02-17T02:00:00Z,151.55,S2_CLOSE_INVALIDATION,-1.0557044250449812,0.00891359936713449,-1.0646180244121157,HTF_UNAMBIGUOUS,,false
STRUCTURAL,USD/JPY|2025-04-01|1h|575@582,USD/JPY,1h,USD/JPY_2025-04-01,supply,2025-02-17T01:00:00Z,2025-02-17T08:00:00Z,151.825005,151.91,152.38,2025-02-16T23:00:00Z,2025-02-17T02:00:00Z,internal,6.529737043355988,152.38,150.71501500000002,0.554994999999991,2025-02-20T01:12:00Z,150.71501500000002,TARGET,2,0.028829088550347767,1.9711709114496523,HTF_UNAMBIGUOUS,,false
STRUCTURAL,USD/JPY|2025-04-01|1h|651@671,USD/JPY,1h,USD/JPY_2025-04-01,supply,2025-02-20T05:00:00Z,2025-02-21T01:00:00Z,150.3,150.41,151.83,2025-02-19T18:00:00Z,2025-02-19T21:00:00Z,internal,13.909090909092788,151.83,147.24,1.5300000000000011,2025-03-07T08:52:00Z,147.24,TARGET,2,0.010457516339869273,1.9895424836601308,HTF_UNAMBIGUOUS,,false
STRUCTURAL,USD/JPY|2025-04-01|1h|909@928,USD/JPY,1h,USD/JPY_2025-04-01,supply,2025-03-06T23:00:00Z,2025-03-07T18:00:00Z,148.014995,148.14999,148.39,2025-03-06T16:00:00Z,2025-03-06T23:00:00Z,external,2.7779177006554137,148.39,147.26498500000002,0.3750049999999874,2025-03-10T00:41:00Z,147.26498500000002,TARGET,2,0.0426660977853643,1.9573339022146357,1M_RESOLVED,,false
STRUCTURAL,USD/JPY|2025-04-01|1h|943@949,USD/JPY,1h,USD/JPY_2025-04-01,supply,2025-03-10T09:00:00Z,2025-03-10T15:00:00Z,147.254995,147.36,148.2,2025-03-07T19:00:00Z,2025-03-10T02:00:00Z,external,8.999619065758111,148.2,145.36498500000005,0.9450049999999806,2025-03-12T06:00:00Z,148.36,S2_CLOSE_INVALIDATION,-1.1693112734853555,0.016931127348532898,-1.1862424008338883,HTF_UNAMBIGUOUS,,false
STRUCTURAL,USD/JPY|2025-04-01|1h|1008@1015,USD/JPY,1h,USD/JPY_2025-04-01,supply,2025-03-13T02:00:00Z,2025-03-13T09:00:00Z,148.17001,148.24001,148.37,2025-03-13T00:00:00Z,2025-03-13T03:00:00Z,internal,2.8569999999993168,148.37,147.77002999999996,0.19999000000001388,2025-03-13T15:13:00Z,147.77002999999996,TARGET,2,0.08000400020000445,1.9199959997999956,1M_RESOLVED,,false
STRUCTURAL,USD/JPY|2025-04-01|1h|1031@1046,USD/JPY,1h,USD/JPY_2025-04-01,demand,2025-03-14T01:00:00Z,2025-03-14T16:00:00Z,148.294995,148.16,147.42,2025-03-13T17:00:00Z,2025-03-14T00:00:00Z,external,6.481684506833511,147.42,150.04498500000003,0.8749950000000126,2025-03-19T13:42:00Z,150.04498500000003,TARGET,2,0.018285818776107028,1.981714181223893,HTF_UNAMBIGUOUS,,false
STRUCTURAL,USD/JPY|2025-04-01|1h|1031@1125,USD/JPY,1h,USD/JPY_2025-04-01,demand,2025-03-14T01:00:00Z,2025-03-20T00:00:00Z,148.294995,148.16,147.42,2025-03-13T17:00:00Z,2025-03-14T00:00:00Z,external,6.481684506833511,147.42,150.04498500000003,0.8749950000000126,2025-03-24T13:51:00Z,150.04498500000003,TARGET,2,0.018285818776107028,1.981714181223893,HTF_UNAMBIGUOUS,,false
STRUCTURAL,USD/JPY|2025-04-01|1h|1188@1193,USD/JPY,1h,USD/JPY_2025-04-01,demand,2025-03-24T16:00:00Z,2025-03-24T21:00:00Z,150.644995,150.53,149.49001,2025-03-24T10:00:00Z,2025-03-24T17:00:00Z,external,10.043784512370534,149.49001,152.95496499999996,1.1549849999999822,2025-03-31T00:00:00Z,149.3,S2_CLOSE_INVALIDATION,-1.1645129590427614,0.01385299376182396,-1.1783659528045853,HTF_UNAMBIGUOUS,,false
STRUCTURAL,USD/JPY|2025-04-01|4h|153@407,USD/JPY,4h,USD/JPY_2025-04-01,demand,2024-12-10T00:00:00Z,2025-02-07T00:00:00Z,151.28999950000002,151.029999,149.37,2024-12-06T12:00:00Z,2024-12-09T12:00:00Z,external,7.384599260385591,149.37,155.12999850000006,1.9199995000000172,2025-02-21T16:00:00Z,149.070007,S2_CLOSE_INVALIDATION,-1.156246394855831,0.008333335503472712,-1.1645797303593037,HTF_UNAMBIGUOUS,,false
STRUCTURAL,USD/JPY|2025-04-01|4h|125@474,USD/JPY,4h,USD/JPY_2025-04-01,demand,2024-12-03T12:00:00Z,2025-02-21T20:00:00Z,149.26,148.64,148.64,2024-12-03T12:00:00Z,2024-12-04T16:00:00Z,external,1,148.64,150.5,0.6200000000000045,2025-02-28T07:53:00Z,150.5,TARGET,2,0.02580645161290304,1.974193548387097,1M_RESOLVED,,false
STRUCTURAL,USD/JPY|2025-04-01|4h|470@502,USD/JPY,4h,USD/JPY_2025-04-01,supply,2025-02-21T04:00:00Z,2025-02-28T08:00:00Z,150.384995,150.64999,150.74001,2025-02-21T00:00:00Z,2025-02-21T12:00:00Z,internal,1.339704522726882,150.74001,149.674965,0.35501500000000874,2025-03-02T20:00:00Z,150.81,S2_CLOSE_INVALIDATION,-1.1971465994394273,0.04506851823162291,-1.24221511767105,HTF_UNAMBIGUOUS,,false
STRUCTURAL,USD/JPY|2025-04-01|4h|125@512,USD/JPY,4h,USD/JPY_2025-04-01,demand,2024-12-03T12:00:00Z,2025-03-03T20:00:00Z,149.26,148.64,148.64,2024-12-03T12:00:00Z,2024-12-04T16:00:00Z,external,1,148.64,150.5,0.6200000000000045,2025-03-04T08:00:00Z,148.36,S2_CLOSE_INVALIDATION,-1.4516129032257592,0.02580645161290304,-1.4774193548386623,HTF_UNAMBIGUOUS,,false
STRUCTURAL,USD/JPY|2025-07-01|1h|474@491,USD/JPY,1h,USD/JPY_2025-07-01,demand,2025-05-12T08:00:00Z,2025-05-13T01:00:00Z,147.92450000000002,147.621,145.71201,2025-05-12T04:00:00Z,2025-05-12T07:00:00Z,internal,7.28991762767687,145.71201,152.34948000000009,2.212490000000031,2025-05-15T06:00:00Z,145.534,S2_CLOSE_INVALIDATION,-1.080456860821969,0.007231671103598108,-1.087688531925567,HTF_UNAMBIGUOUS,,false
STRUCTURAL,USD/JPY|2025-07-01|1h|455@562,USD/JPY,1h,USD/JPY_2025-07-01,demand,2025-05-09T11:00:00Z,2025-05-16T00:00:00Z,145.1285,144.927,144.429,2025-05-08T13:00:00Z,2025-05-08T16:00:00Z,internal,3.4714640198509463,144.429,146.5275,0.6995000000000005,2025-05-20T05:00:00Z,144.375,S2_CLOSE_INVALIDATION,-1.0771979985704103,0.022873481057898486,-1.1000714796283089,HTF_UNAMBIGUOUS,,false
STRUCTURAL,USD/JPY|2025-07-01|1h|421@636,USD/JPY,1h,USD/JPY_2025-07-01,demand,2025-05-08T01:00:00Z,2025-05-21T04:00:00Z,143.6685,143.44,143.44,2025-05-08T01:00:00Z,2025-05-08T04:00:00Z,internal,1,143.44,144.1255,0.22849999999999682,2025-05-21T08:27:00Z,144.1255,TARGET,2,0.07002188183807538,1.9299781181619247,1M_RESOLVED,,false
STRUCTURAL,USD/JPY|2025-07-01|1h|421@642,USD/JPY,1h,USD/JPY_2025-07-01,demand,2025-05-08T01:00:00Z,2025-05-21T10:00:00Z,143.6685,143.44,143.44,2025-05-08T01:00:00Z,2025-05-08T04:00:00Z,internal,1,143.44,144.1255,0.22849999999999682,2025-05-21T22:11:00Z,144.1255,TARGET,2,0.07002188183807538,1.9299781181619247,1M_RESOLVED,,false
STRUCTURAL,USD/JPY|2025-07-01|1h|409@658,USD/JPY,1h,USD/JPY_2025-07-01,demand,2025-05-07T13:00:00Z,2025-05-22T02:00:00Z,143.236,143.112,143.112,2025-05-07T13:00:00Z,2025-05-07T16:00:00Z,internal,1,143.112,143.48399999999998,0.12399999999999523,2025-05-22T07:00:00Z,143.048996,S2_CLOSE_INVALIDATION,-1.5080967741936204,0.1290322580645211,-1.6371290322581415,HTF_UNAMBIGUOUS,,false
STRUCTURAL,USD/JPY|2025-07-01|1h|633@673,USD/JPY,1h,USD/JPY_2025-07-01,supply,2025-05-21T01:00:00Z,2025-05-22T17:00:00Z,144.19300199999998,144.351,144.88499,2025-05-20T17:00:00Z,2025-05-20T20:00:00Z,internal,4.379726325649181,144.88499,142.80902599999996,0.6919880000000092,2025-05-23T11:44:00Z,142.80902599999996,TARGET,2,0.023121788239102107,1.9768782117608978,1M_RESOLVED,,false
STRUCTURAL,USD/JPY|2025-07-01|1h|385@693,USD/JPY,1h,USD/JPY_2025-07-01,demand,2025-05-06T13:00:00Z,2025-05-23T13:00:00Z,142.5505,142.349,142.349,2025-05-06T13:00:00Z,2025-05-06T16:00:00Z,internal,1,142.349,142.95350000000002,0.20150000000001,2025-05-26T02:00:00Z,142.342,S2_CLOSE_INVALIDATION,-1.0347394540941748,0.07940446650123675,-1.1141439205954116,HTF_UNAMBIGUOUS,,false
STRUCTURAL,USD/JPY|2025-07-01|1h|693@708,USD/JPY,1h,USD/JPY_2025-07-01,supply,2025-05-23T13:00:00Z,2025-05-26T05:00:00Z,142.709995,142.895,143.431,2025-05-23T11:00:00Z,2025-05-23T14:00:00Z,internal,3.8972189940809656,143.431,141.26798499999995,0.7210050000000194,2025-05-27T06:00:00Z,143.463,S2_CLOSE_INVALIDATION,-1.0443824938800443,0.022191246940034492,-1.0665737408200788,HTF_UNAMBIGUOUS,,false
STRUCTURAL,USD/JPY|2025-07-01|4h|431@436,USD/JPY,4h,USD/JPY_2025-07-01,demand,2025-05-14T09:00:00Z,2025-05-15T05:00:00Z,145.9975,145.601,145.601,2025-05-14T09:00:00Z,2025-05-14T21:00:00Z,internal,1,145.601,146.7905,0.3965000000000032,2025-05-15T21:00:00Z,145.087006,S2_CLOSE_INVALIDATION,-2.2963278688524404,0.040353089533417076,-2.3366809583858577,HTF_UNAMBIGUOUS,,false
STRUCTURAL,USD/JPY|2025-07-01|4h|407@448,USD/JPY,4h,USD/JPY_2025-07-01,demand,2025-05-08T09:00:00Z,2025-05-19T05:00:00Z,144.75650245,144.508,142.347,2025-05-06T17:00:00Z,2025-05-07T21:00:00Z,external,9.696091326262952,142.347,149.57550734999998,2.409502449999991,2025-05-26T21:00:00Z,142.27699,S2_CLOSE_INVALIDATION,-1.029055791165515,0.0066403750699651955,-1.0356961662354802,HTF_UNAMBIGUOUS,,false
STRUCTURAL,USD/JPY|2025-07-01|4h|468@485,USD/JPY,4h,USD/JPY_2025-07-01,supply,2025-05-22T13:00:00Z,2025-05-27T05:00:00Z,143.773,144.117,144.39799,2025-05-21T21:00:00Z,2025-05-22T09:00:00Z,internal,1.8168313953488593,144.39799,142.52302,0.6249899999999968,2025-05-28T01:00:00Z,144.424,S2_CLOSE_INVALIDATION,-1.041616665866676,0.025600409606553836,-1.0672170754732297,HTF_UNAMBIGUOUS,,false
STRUCTURAL,USD/JPY|2025-11-01|1h|133@407,USD/JPY,1h,USD/JPY_2025-11-01,demand,2025-08-22T17:00:00Z,2025-09-09T08:00:00Z,146.65501,146.57201,146.56799,2025-08-22T15:00:00Z,2025-08-25T00:00:00Z,external,1.0484337349397241,146.56799,146.82905,0.08701999999999543,2025-09-09T09:00:00Z,146.34399,S2_CLOSE_INVALIDATION,-3.5741208917493648,0.18386577798208273,-3.7579866697314475,HTF_UNAMBIGUOUS,,false
STRUCTURAL,USD/JPY|2025-11-01|1h|402@416,USD/JPY,1h,USD/JPY_2025-11-01,supply,2025-09-09T03:00:00Z,2025-09-09T17:00:00Z,147.35899,147.40199,147.881,2025-09-08T12:00:00Z,2025-09-08T15:00:00Z,internal,12.13976744185854,147.881,146.31497000000002,0.5220099999999945,2025-09-11T09:00:00Z,147.95599,S2_CLOSE_INVALIDATION,-1.1436562517959707,0.030650753816977006,-1.1743070056129477,HTF_UNAMBIGUOUS,,false
STRUCTURAL,USD/JPY|2025-11-01|1h|378@459,USD/JPY,1h,USD/JPY_2025-11-01,supply,2025-09-08T03:00:00Z,2025-09-11T12:00:00Z,148.11600635,148.22301,148.577,2025-09-08T00:00:00Z,2025-09-08T07:00:00Z,external,4.308204907029098,148.577,147.19401904999998,0.46099365000000603,2025-09-11T14:06:00Z,147.19401904999998,TARGET,2,0.03470763642839721,1.9652923635716029,1M_RESOLVED,,false
STRUCTURAL,USD/JPY|2025-11-01|1h|476@497,USD/JPY,1h,USD/JPY_2025-11-01,demand,2025-09-12T05:00:00Z,2025-09-15T04:00:00Z,147.4395,147.325,146.98,2025-09-11T16:00:00Z,2025-09-11T23:00:00Z,external,4.013100436680662,146.98,148.35850000000005,0.4595000000000198,2025-09-16T06:00:00Z,146.89799,S2_CLOSE_INVALIDATION,-1.178476605005426,0.03482045701849687,-1.213297062023923,HTF_UNAMBIGUOUS,,false
STRUCTURAL,USD/JPY|2025-11-01|1h|532@542,USD/JPY,1h,USD/JPY_2025-11-01,supply,2025-09-16T15:00:00Z,2025-09-17T01:00:00Z,146.588005,146.68201,147.256,2025-09-16T12:00:00Z,2025-09-16T19:00:00Z,external,7.10595181107518,147.256,145.25201500000003,0.6679949999999906,2025-09-18T05:00:00Z,147.351,S2_CLOSE_INVALIDATION,-1.1422166333580344,0.02395227509187977,-1.166168908449914,HTF_UNAMBIGUOUS,,false
STRUCTURAL,USD/JPY|2025-11-01|1h|517@572,USD/JPY,1h,USD/JPY_2025-11-01,supply,2025-09-16T00:00:00Z,2025-09-18T07:00:00Z,147.42299500000001,147.502,147.42999,2025-09-15T20:00:00Z,2025-09-15T23:00:00Z,internal,0.08853870008214211,147.42999,147.40900500000004,0.006994999999989204,2025-09-18T07:01:00Z,147.40900500000004,TARGET,2,2.28734810579338,-0.28734810579338,1M_RESOLVED,,false
STRUCTURAL,USD/JPY|2025-11-01|1h|517@574,USD/JPY,1h,USD/JPY_2025-11-01,supply,2025-09-16T00:00:00Z,2025-09-18T09:00:00Z,147.42299500000001,147.502,147.42999,2025-09-15T20:00:00Z,2025-09-15T23:00:00Z,internal,0.08853870008214211,147.42999,147.40900500000004,0.006994999999989204,2025-09-18T09:01:00Z,147.40900500000004,TARGET,2,2.28734810579338,-0.28734810579338,1M_RESOLVED,,false
STRUCTURAL,USD/JPY|2025-11-01|1h|517@576,USD/JPY,1h,USD/JPY_2025-11-01,supply,2025-09-16T00:00:00Z,2025-09-18T11:00:00Z,147.42299500000001,147.502,147.42999,2025-09-15T20:00:00Z,2025-09-15T23:00:00Z,internal,0.08853870008214211,147.42999,147.40900500000004,0.006994999999989204,2025-09-18T11:49:00Z,147.40900500000004,TARGET,2,2.28734810579338,-0.28734810579338,1M_RESOLVED,,false
STRUCTURAL,USD/JPY|2025-11-01|1h|486@577,USD/JPY,1h,USD/JPY_2025-11-01,supply,2025-09-12T15:00:00Z,2025-09-18T12:00:00Z,147.755,147.864,148.072006,2025-09-12T12:00:00Z,2025-09-12T19:00:00Z,external,2.9083119266051956,148.072006,147.120988,0.3170059999999921,2025-09-19T11:00:00Z,148.164,S2_CLOSE_INVALIDATION,-1.2901964000681436,0.05047223080951275,-1.3406686308776563,HTF_UNAMBIGUOUS,,false
STRUCTURAL,USD/JPY|2025-11-01|1h|378@602,USD/JPY,1h,USD/JPY_2025-11-01,supply,2025-09-08T03:00:00Z,2025-09-19T13:00:00Z,148.11600635,148.22301,148.577,2025-09-08T00:00:00Z,2025-09-08T07:00:00Z,external,4.308204907029098,148.577,147.19401904999998,0.46099365000000603,2025-09-24T12:00:00Z,148.66701,S2_CLOSE_INVALIDATION,-1.1952521471825164,0.03470763642839721,-1.2299597836109135,HTF_UNAMBIGUOUS,,false
STRUCTURAL,USD/JPY|2025-11-01|1h|293@673,USD/JPY,1h,USD/JPY_2025-11-01,supply,2025-09-02T12:00:00Z,2025-09-24T14:00:00Z,148.736,148.94501,148.94501,2025-09-02T12:00:00Z,2025-09-02T19:00:00Z,external,1,148.94501,148.31797999999998,0.20901000000000636,2025-09-25T12:00:00Z,149.242,S2_CLOSE_INVALIDATION,-2.420936797282354,0.07655136117888864,-2.497488158461243,HTF_UNAMBIGUOUS,,false
STRUCTURAL,USD/JPY|2025-11-01|1h|683@736,USD/JPY,1h,USD/JPY_2025-11-01,demand,2025-09-25T00:00:00Z,2025-09-29T07:00:00Z,148.67451,148.55701,147.511,2025-09-24T00:00:00Z,2025-09-24T03:00:00Z,internal,9.902212765956891,147.511,151.00153,1.1635100000000023,2025-10-01T06:00:00Z,147.226,S2_CLOSE_INVALIDATION,-1.2449484748734398,0.013751493326228369,-1.2586999681996682,HTF_UNAMBIGUOUS,,false
STRUCTURAL,USD/JPY|2025-11-01|1h|563@789,USD/JPY,1h,USD/JPY_2025-11-01,demand,2025-09-17T22:00:00Z,2025-10-01T12:00:00Z,146.885495,146.78799,145.476,2025-09-17T18:00:00Z,2025-09-18T01:00:00Z,external,14.45561766063509,145.476,149.70448499999998,1.4094949999999926,2025-10-06T00:03:00Z,149.70448499999998,TARGET,2,0.011351583368511477,1.9886484166314886,HTF_UNAMBIGUOUS,,false
STRUCTURAL,USD/JPY|2025-11-01|1h|720@848,USD/JPY,1h,USD/JPY_2025-11-01,supply,2025-09-26T13:00:00Z,2025-10-06T01:00:00Z,149.644,149.783,149.951,2025-09-26T10:00:00Z,2025-09-26T17:00:00Z,external,2.208633093525386,149.951,149.03000000000003,0.30699999999998795,2025-10-06T03:00:00Z,150.057007,S2_CLOSE_INVALIDATION,-1.3452996742671317,0.05211726384365026,-1.397416938110782,HTF_UNAMBIGUOUS,,false
STRUCTURAL,USD/JPY|2025-11-01|1h|907@916,USD/JPY,1h,USD/JPY_2025-11-01,demand,2025-10-08T12:00:00Z,2025-10-08T21:00:00Z,152.5895,152.43201,152.24899,2025-10-08T06:00:00Z,2025-10-08T09:00:00Z,internal,2.1621055305098995,152.24899,153.27051999999998,0.34050999999999476,2025-10-09T23:12:00Z,153.27051999999998,TARGET,2,0.04698834101788566,1.9530116589821143,1M_RESOLVED,,false
STRUCTURAL,USD/JPY|2025-11-01|1h|899@949,USD/JPY,1h,USD/JPY_2025-11-01,demand,2025-10-08T04:00:00Z,2025-10-10T06:00:00Z,152.3985,152.304,151.729,2025-10-07T22:00:00Z,2025-10-08T01:00:00Z,internal,7.084656084655276,151.729,153.7375,0.6694999999999993,2025-10-10T18:00:00Z,151.717,S2_CLOSE_INVALIDATION,-1.017923823749067,0.023898431665421983,-1.0418222554144891,HTF_UNAMBIGUOUS,,false
STRUCTURAL,USD/JPY|2025-11-01|1h|982@988,USD/JPY,1h,USD/JPY_2025-11-01,demand,2025-10-13T17:00:00Z,2025-10-13T23:00:00Z,152.28750000000002,152.228,151.97301,2025-10-13T11:00:00Z,2025-10-13T14:00:00Z,internal,5.2855462184867275,151.97301,152.9164800000001,0.3144900000000348,2025-10-14T04:00:00Z,151.855,S2_CLOSE_INVALIDATION,-1.3752424560398904,0.05087602149511345,-1.4261184775350038,HTF_UNAMBIGUOUS,,false
STRUCTURAL,USD/JPY|2025-11-01|1h|883@1019,USD/JPY,1h,USD/JPY_2025-11-01,demand,2025-10-07T12:00:00Z,2025-10-15T06:00:00Z,150.91999550000003,150.80099,150.243,2025-10-07T04:00:00Z,2025-10-07T07:00:00Z,internal,5.688774888555158,150.243,152.2739865000001,0.6769955000000323,2025-10-16T23:00:00Z,150.149,S2_CLOSE_INVALIDATION,-1.138848781121868,0.02363383508457477,-1.1624826162064428,HTF_UNAMBIGUOUS,,false
STRUCTURAL,USD/JPY|2025-11-01|1h|1057@1073,USD/JPY,1h,USD/JPY_2025-11-01,supply,2025-10-16T20:00:00Z,2025-10-17T12:00:00Z,150.39499999999998,150.45,151.397,2025-10-16T09:00:00Z,2025-10-16T16:00:00Z,external,18.218181818179733,151.397,148.39099999999996,1.0020000000000095,2025-10-21T05:00:00Z,151.49899,S2_CLOSE_INVALIDATION,-1.1017864271457083,0.01596806387225534,-1.1177544910179635,HTF_UNAMBIGUOUS,,false
STRUCTURAL,USD/JPY|2025-11-01|1h|1025@1115,USD/JPY,1h,USD/JPY_2025-11-01,supply,2025-10-15T12:00:00Z,2025-10-21T08:00:00Z,151.5685,151.687,151.87,2025-10-14T22:00:00Z,2025-10-15T01:00:00Z,internal,2.544303797468142,151.87,150.9655,0.3015000000000043,2025-10-21T10:00:00Z,151.91701,S2_CLOSE_INVALIDATION,-1.1559203980099488,0.05306799336650007,-1.208988391376449,HTF_UNAMBIGUOUS,,false
STRUCTURAL,USD/JPY|2025-11-01|1h|1144@1151,USD/JPY,1h,USD/JPY_2025-11-01,supply,2025-10-22T13:00:00Z,2025-10-22T20:00:00Z,151.954499,152.044998,152.044998,2025-10-22T13:00:00Z,2025-10-22T16:00:00Z,internal,1,152.044998,151.773501,0.09049899999999411,2025-10-23T00:00:00Z,152.13699,S2_CLOSE_INVALIDATION,-2.0164974198611114,0.17679753367441675,-2.193294953535528,HTF_UNAMBIGUOUS,,false
STRUCTURAL,USD/JPY|2025-11-01|1h|956@1161,USD/JPY,1h,USD/JPY_2025-11-01,supply,2025-10-10T13:00:00Z,2025-10-23T06:00:00Z,152.608495,152.692,152.95,2025-10-10T07:00:00Z,2025-10-10T10:00:00Z,internal,4.089635351176264,152.95,151.92548500000004,0.34150499999998374,2025-10-24T10:00:00Z,152.974,S2_CLOSE_INVALIDATION,-1.0702771555321358,0.046851437021422124,-1.117128592553558,HTF_UNAMBIGUOUS,,false
STRUCTURAL,USD/JPY|2025-11-01|1h|1173@1191,USD/JPY,1h,USD/JPY_2025-11-01,demand,2025-10-23T18:00:00Z,2025-10-24T12:00:00Z,152.581495,152.515,152.448,2025-10-23T12:00:00Z,2025-10-23T15:00:00Z,internal,2.0075945559812847,152.448,152.84848499999995,0.13349499999998216,2025-10-24T12:30:00Z,152.84848499999995,TARGET,2,0.11985467620511733,1.8801453237948826,1M_RESOLVED,,false
STRUCTURAL,USD/JPY|2025-11-01|1h|944@1200,USD/JPY,1h,USD/JPY_2025-11-01,supply,2025-10-10T01:00:00Z,2025-10-27T00:00:00Z,152.942003,153.048996,153.27499,2025-10-09T23:00:00Z,2025-10-10T06:00:00Z,external,3.1122316413226883,153.27499,152.276029,0.3329870000000028,2025-10-28T01:15:00Z,152.276029,TARGET,2,0.04804992387090146,1.9519500761290984,1M_RESOLVED,,false
STRUCTURAL,USD/JPY|2025-11-01|1h|1139@1249,USD/JPY,1h,USD/JPY_2025-11-01,demand,2025-10-22T08:00:00Z,2025-10-29T01:00:00Z,151.767,151.625,151.61501,2025-10-22T07:00:00Z,2025-10-22T10:00:00Z,internal,1.0703521126759719,151.61501,152.07097999999996,0.15198999999998364,2025-10-29T02:27:00Z,152.07097999999996,TARGET,2,0.10527008355814016,1.8947299164418598,HTF_UNAMBIGUOUS,,false
STRUCTURAL,USD/JPY|2025-11-01|1h|1226@1253,USD/JPY,1h,USD/JPY_2025-11-01,supply,2025-10-28T02:00:00Z,2025-10-29T05:00:00Z,152.38150000000002,152.472,153.196,2025-10-27T13:00:00Z,2025-10-27T20:00:00Z,external,9.000000000000629,153.196,150.75250000000005,0.8144999999999811,2025-10-30T06:00:00Z,153.332,S2_CLOSE_INVALIDATION,-1.1669736034376903,0.01964395334561126,-1.1866175567833015,HTF_UNAMBIGUOUS,,false
STRUCTURAL,USD/JPY|2025-11-01|4h|236@522,USD/JPY,4h,USD/JPY_2025-11-01,supply,2025-07-31T21:00:00Z,2025-10-07T08:00:00Z,150.74200000000002,150.894,148.808,2025-07-29T13:00:00Z,2025-07-30T01:00:00Z,internal,12.72368421052759,148.808,146.87399999999997,1.934000000000026,2025-10-07T08:00:00Z,150.89101,S2_CLOSE_INVALIDATION,-0.07704756980350241,0.00827300930713536,-0.08532057911063777,HTF_UNAMBIGUOUS,,false
STRUCTURAL,USD/JPY|2025-11-01|4h|543@557,USD/JPY,4h,USD/JPY_2025-11-01,demand,2025-10-10T20:00:00Z,2025-10-15T00:00:00Z,151.4235,151.119,151.119,2025-10-10T20:00:00Z,2025-10-13T20:00:00Z,external,1,151.119,152.03249999999997,0.3044999999999902,2025-10-15T20:00:00Z,150.983,S2_CLOSE_INVALIDATION,-1.446633825944171,0.05254515599343355,-1.4991789819376045,HTF_UNAMBIGUOUS,,false
