variant,side,window,tf,direction,ipo_origin_time,v1_entry_bar,v1_outcome,v1_net_r,classification,v2_trade,cause
V2,V1_TRADE,EUR/USD_2022-07-01,1h,supply,2022-03-10T12:00:00Z,2022-03-17T14:00:00Z,S2_CLOSE,-1.2797687861271578,SAME,S2_CLOSE -1.280,
V2,V1_TRADE,EUR/USD_2022-07-01,1h,supply,2022-03-01T20:00:00Z,2022-03-17T18:00:00Z,TARGET,1.8117647058823567,SAME,TARGET +1.812,
V2,V1_TRADE,EUR/USD_2022-07-01,1h,demand,2022-03-16T22:00:00Z,2022-03-18T12:00:00Z,TARGET,1.8745098039215602,SAME,TARGET +1.875,
V2,V1_TRADE,EUR/USD_2022-07-01,1h,supply,2022-03-18T19:00:00Z,2022-03-21T08:00:00Z,TARGET,1.7090909090908184,SAME,TARGET +1.709,
V2,V1_TRADE,EUR/USD_2022-07-01,1h,demand,2022-03-16T22:00:00Z,2022-03-21T18:00:00Z,S2_CLOSE,-2.8509803921569703,SAME,S2_CLOSE -2.851,
V2,V1_TRADE,EUR/USD_2022-07-01,1h,demand,2022-03-16T09:00:00Z,2022-03-22T04:00:00Z,S2_CLOSE,-2.145454545454532,SAME,S2_CLOSE -2.145,
V2,V1_TRADE,EUR/USD_2022-07-01,1h,supply,2022-03-21T22:00:00Z,2022-03-22T12:00:00Z,TARGET,1.600000000000178,OUTCOME_CHANGED,AMBIGUOUS ,V2 AMBIGUOUS (entry and target in the same minute)
V2,V1_TRADE,EUR/USD_2022-07-01,1h,supply,2022-03-22T13:00:00Z,2022-03-22T17:00:00Z,TARGET,1.8719999999999972,SAME,TARGET +1.872,
V2,V1_TRADE,EUR/USD_2022-07-01,1h,supply,2022-03-23T10:00:00Z,2022-03-23T15:00:00Z,S2_CLOSE,-1.5636363636364838,SAME,S2_CLOSE -1.564,
V2,V1_TRADE,EUR/USD_2022-07-01,1h,supply,2022-03-23T10:00:00Z,2022-03-23T17:00:00Z,S2_CLOSE,-1.5636363636364838,REMOVED,,SLOT_OCCUPIED by 1h 2022-03-23T15:00:00Z
V2,V1_TRADE,EUR/USD_2022-07-01,1h,supply,2022-03-22T13:00:00Z,2022-03-25T01:00:00Z,TARGET,1.8719999999999972,SAME,TARGET +1.872,
V2,V1_TRADE,EUR/USD_2022-07-01,1h,supply,2022-03-28T08:00:00Z,2022-03-28T15:00:00Z,S2_CLOSE,-1.3245283018867584,SAME,S2_CLOSE -1.325,
V2,V1_TRADE,EUR/USD_2022-07-01,1h,demand,2022-03-29T00:00:00Z,2022-03-29T08:00:00Z,TARGET,1.8814814814814782,SAME,TARGET +1.881,
V2,V1_TRADE,EUR/USD_2022-07-01,1h,supply,2022-03-01T20:00:00Z,2022-03-29T12:00:00Z,TARGET,1.8117647058823567,SAME,TARGET +1.812,
V2,V1_TRADE,EUR/USD_2022-07-01,1h,supply,2022-03-02T16:00:00Z,2022-03-29T13:00:00Z,S2_CLOSE,-1.3111111111110898,REMOVED,,SLOT_OCCUPIED by 1h 2022-03-29T12:00:00Z
V2,V1_TRADE,EUR/USD_2022-07-01,1h,demand,2022-03-30T04:00:00Z,2022-03-30T12:00:00Z,TARGET,1.7333333333333039,REMOVED,,SLOT_OCCUPIED by 4h 2022-03-29T15:00:00Z
V2,V1_TRADE,EUR/USD_2022-07-01,1h,demand,2022-03-30T17:00:00Z,2022-03-31T06:00:00Z,TARGET,1.599999999999956,SAME,TARGET +1.600,
V2,V1_TRADE,EUR/USD_2022-07-01,1h,demand,2022-03-30T04:00:00Z,2022-03-31T08:00:00Z,TARGET,1.7333333333333039,SAME,TARGET +1.733,
V2,V1_TRADE,EUR/USD_2022-07-01,1h,demand,2022-03-29T17:00:00Z,2022-03-31T13:00:00Z,TARGET,1.7090909090909356,SAME,TARGET +1.709,
V2,V1_TRADE,EUR/USD_2022-07-01,1h,demand,2022-03-29T23:00:00Z,2022-03-31T14:00:00Z,TARGET,1.3599999999996453,SAME,TARGET +1.360,
V2,V1_TRADE,EUR/USD_2022-07-01,1h,demand,2022-03-29T17:00:00Z,2022-03-31T16:00:00Z,TARGET,1.7090909090909356,REMOVED,,SLOT_OCCUPIED by 4h 2022-03-31T15:00:00Z (recovered suppressed trade)
V2,V1_TRADE,EUR/USD_2022-07-01,1h,demand,2022-03-29T00:00:00Z,2022-04-04T13:00:00Z,S2_CLOSE,-1.5629629629629298,SAME,S2_CLOSE -1.563,
V2,V1_TRADE,EUR/USD_2022-07-01,1h,demand,2022-03-11T18:00:00Z,2022-04-05T17:00:00Z,S2_CLOSE,-1.8820512820514776,SAME,S2_CLOSE -1.882,
V2,V1_TRADE,EUR/USD_2022-07-01,1h,demand,2022-03-08T09:00:00Z,2022-04-06T06:00:00Z,TARGET,1.9135135135135195,SAME,TARGET +1.914,
V2,V1_TRADE,EUR/USD_2022-07-01,1h,supply,2022-04-07T05:00:00Z,2022-04-07T13:00:00Z,TARGET,1.6800000000001067,REMOVED,,SLOT_OCCUPIED by 4h 2022-04-07T09:00:00Z
V2,V1_TRADE,EUR/USD_2022-07-01,1h,supply,2022-04-07T05:00:00Z,2022-04-07T15:00:00Z,TARGET,1.6800000000001067,REMOVED,,SLOT_OCCUPIED by 4h 2022-04-07T09:00:00Z
V2,V1_TRADE,EUR/USD_2022-07-01,1h,demand,2022-03-07T19:00:00Z,2022-04-08T08:00:00Z,S2_CLOSE,-1.3999999999999462,SAME,S2_CLOSE -1.400,
V2,V1_TRADE,EUR/USD_2022-07-01,1h,supply,2022-04-07T17:00:00Z,2022-04-08T18:00:00Z,S2_CLOSE,-6.887499999999082,SAME,S2_CLOSE -6.887,
V2,V1_TRADE,EUR/USD_2022-07-01,1h,supply,2022-04-07T13:00:00Z,2022-04-10T20:00:00Z,TARGET,1.8984126984127052,SAME,TARGET +1.898,
V2,V1_TRADE,EUR/USD_2022-07-01,1h,demand,2022-04-08T19:00:00Z,2022-04-11T04:00:00Z,TARGET,1.6800000000001067,SAME,TARGET +1.680,
V2,V1_TRADE,EUR/USD_2022-07-01,1h,supply,2022-04-07T13:00:00Z,2022-04-11T09:00:00Z,TARGET,1.8984126984127052,SAME,TARGET +1.898,
V2,V1_TRADE,EUR/USD_2022-07-01,1h,demand,2022-04-08T19:00:00Z,2022-04-11T17:00:00Z,TARGET,1.6800000000001067,SAME,TARGET +1.680,
V2,V1_TRADE,EUR/USD_2022-07-01,1h,demand,2022-04-08T19:00:00Z,2022-04-11T23:00:00Z,S2_CLOSE,-1.919999999999627,SAME,S2_CLOSE -1.920,
V2,V1_TRADE,EUR/USD_2022-07-01,1h,demand,2022-04-08T17:00:00Z,2022-04-12T02:00:00Z,TARGET,1.6631578947368444,SAME,TARGET +1.663,
V2,V1_TRADE,EUR/USD_2022-07-01,1h,demand,2022-03-07T10:00:00Z,2022-04-13T02:00:00Z,TARGET,1.938461538461537,SAME,TARGET +1.938,
V2,V1_TRADE,EUR/USD_2022-07-01,1h,supply,2022-04-12T12:00:00Z,2022-04-13T17:00:00Z,S2_CLOSE,-1.1803921568627285,SAME,S2_CLOSE -1.180,
V2,V1_TRADE,EUR/USD_2022-07-01,1h,supply,2022-04-17T22:00:00Z,2022-04-18T11:00:00Z,TARGET,1.8171428571428485,SAME,TARGET +1.817,
V2,V1_TRADE,EUR/USD_2022-07-01,1h,supply,2022-04-18T19:00:00Z,2022-04-19T04:00:00Z,TARGET,1.5428571428572375,SAME,TARGET +1.543,
V2,V1_TRADE,EUR/USD_2022-07-01,1h,supply,2022-04-18T19:00:00Z,2022-04-19T06:00:00Z,S2_CLOSE,-6.028571428570518,SAME,S2_CLOSE -6.029,
V2,V1_TRADE,EUR/USD_2022-07-01,1h,supply,2022-04-17T22:00:00Z,2022-04-19T08:00:00Z,TARGET,1.8171428571428485,SAME,TARGET +1.817,
V2,V1_TRADE,EUR/USD_2022-07-01,1h,supply,2022-04-18T11:00:00Z,2022-04-19T09:00:00Z,TARGET,1.7629629629629564,SAME,TARGET +1.763,
V2,V1_TRADE,EUR/USD_2022-07-01,1h,supply,2022-04-17T22:00:00Z,2022-04-20T06:00:00Z,S2_CLOSE,-3.297142857143112,SAME,S2_CLOSE -3.297,
V2,V1_TRADE,EUR/USD_2022-07-01,1h,demand,2022-04-20T11:00:00Z,2022-04-20T17:00:00Z,TARGET,1.9058823529411784,SAME,TARGET +1.906,
V2,V1_TRADE,EUR/USD_2022-07-01,1h,supply,2022-04-07T13:00:00Z,2022-04-21T07:00:00Z,TARGET,1.8984126984127052,SAME,TARGET +1.898,
V2,V1_TRADE,EUR/USD_2022-07-01,1h,supply,2022-04-07T13:00:00Z,2022-04-21T09:00:00Z,TARGET,1.8984126984127052,REMOVED,,SLOT_OCCUPIED by 1h 2022-04-21T07:00:00Z
V2,V1_TRADE,EUR/USD_2022-07-01,1h,demand,2022-04-20T11:00:00Z,2022-04-21T14:00:00Z,S2_CLOSE,-2.2117647058823353,SAME,S2_CLOSE -2.212,
V2,V1_TRADE,EUR/USD_2022-07-01,1h,supply,2022-04-28T14:00:00Z,2022-04-28T22:00:00Z,S2_CLOSE,-2.005263157894687,SAME,S2_CLOSE -2.005,
V2,V1_TRADE,EUR/USD_2022-07-01,1h,supply,2022-04-28T07:00:00Z,2022-04-29T06:00:00Z,S2_CLOSE,-1.2897959183673602,SAME,S2_CLOSE -1.290,
V2,V1_TRADE,EUR/USD_2022-07-01,1h,supply,2022-04-29T09:00:00Z,2022-04-29T17:00:00Z,TARGET,1.7714285714285463,SAME,TARGET +1.771,
V2,V1_TRADE,EUR/USD_2022-07-01,1h,supply,2022-05-02T10:00:00Z,2022-05-03T00:00:00Z,TARGET,1.644444444444493,SAME,TARGET +1.644,
V2,V1_TRADE,EUR/USD_2022-07-01,1h,supply,2022-05-02T13:00:00Z,2022-05-03T01:00:00Z,S2_CLOSE,-2.0285714285714844,SHIFTED,2022-05-03T03:00:00Z S2_CLOSE -2.029,same zone entered on a different bar
V2,V1_TRADE,EUR/USD_2022-07-01,1h,supply,2022-04-29T09:00:00Z,2022-05-03T12:00:00Z,TARGET,1.7714285714285463,SAME,TARGET +1.771,
V2,V1_TRADE,EUR/USD_2022-07-01,1h,supply,2022-04-29T17:00:00Z,2022-05-03T14:00:00Z,TARGET,1.8950819672131147,SAME,TARGET +1.895,
V2,V1_TRADE,EUR/USD_2022-07-01,1h,supply,2022-04-27T07:00:00Z,2022-05-04T18:00:00Z,TARGET,1.9209876543209854,SAME,TARGET +1.921,
V2,V1_TRADE,EUR/USD_2022-07-01,1h,supply,2022-04-27T07:00:00Z,2022-05-04T20:00:00Z,TARGET,1.9209876543209854,REMOVED,,SLOT_OCCUPIED by 1h 2022-05-04T18:00:00Z
V2,V1_TRADE,EUR/USD_2022-07-01,1h,demand,2022-05-04T13:00:00Z,2022-05-05T13:00:00Z,S2_CLOSE,-3.2166666666664563,SAME,S2_CLOSE -3.217,
V2,V1_TRADE,EUR/USD_2022-07-01,1h,demand,2022-05-02T18:00:00Z,2022-05-05T16:00:00Z,TARGET,1.644444444444493,SAME,TARGET +1.644,
V2,V1_TRADE,EUR/USD_2022-07-01,1h,demand,2022-05-03T06:00:00Z,2022-05-05T17:00:00Z,TARGET,1.7935483870967661,SAME,TARGET +1.794,
V2,V1_TRADE,EUR/USD_2022-07-01,1h,supply,2022-05-05T19:00:00Z,2022-05-06T07:00:00Z,S2_CLOSE,-1.4606060606061748,SAME,S2_CLOSE -1.461,
V2,V1_TRADE,EUR/USD_2022-07-01,1h,supply,2022-05-13T07:00:00Z,2022-05-13T17:00:00Z,S2_CLOSE,-1.955932203389738,SAME,S2_CLOSE -1.956,
V2,V1_TRADE,EUR/USD_2022-07-01,1h,supply,2022-05-11T13:00:00Z,2022-05-17T12:00:00Z,TARGET,1.9448275862068947,REMOVED,,SLOT_OCCUPIED by 4h 2022-05-17T08:00:00Z
V2,V1_TRADE,EUR/USD_2022-07-01,1h,demand,2022-05-17T09:00:00Z,2022-05-18T17:00:00Z,S2_CLOSE,-1.5090909090908224,SAME,S2_CLOSE -1.509,
V2,V1_TRADE,EUR/USD_2022-07-01,1h,supply,2022-05-19T03:00:00Z,2022-05-19T08:00:00Z,TARGET,1.7090909090909356,SAME,TARGET +1.709,
V2,V1_TRADE,EUR/USD_2022-07-01,1h,supply,2022-05-06T10:00:00Z,2022-05-19T15:00:00Z,S2_CLOSE,-1.5066666666666035,SAME,S2_CLOSE -1.507,
V2,V1_TRADE,EUR/USD_2022-07-01,1h,demand,2022-05-20T02:00:00Z,2022-05-20T13:00:00Z,S2_CLOSE,-1.955555555555822,SAME,S2_CLOSE -1.956,
V2,V1_TRADE,EUR/USD_2022-07-01,1h,supply,2022-04-27T07:00:00Z,2022-05-23T06:00:00Z,S2_CLOSE,-1.96790123456794,SAME,S2_CLOSE -1.968,
V2,V1_TRADE,EUR/USD_2022-07-01,1h,supply,2022-04-26T12:00:00Z,2022-05-23T14:00:00Z,S2_CLOSE,-2.6571428571423565,SAME,S2_CLOSE -2.657,
V2,V1_TRADE,EUR/USD_2022-07-01,1h,supply,2022-04-26T10:00:00Z,2022-05-23T15:00:00Z,TARGET,1.831578947368422,REMOVED,,SLOT_OCCUPIED by 1h 2022-05-23T14:00:00Z
V2,V1_TRADE,EUR/USD_2022-07-01,1h,supply,2022-04-26T12:00:00Z,2022-05-23T16:00:00Z,S2_CLOSE,-2.6571428571423565,REMOVED,,SLOT_OCCUPIED by 1h 2022-05-23T14:00:00Z
V2,V1_TRADE,EUR/USD_2022-07-01,1h,supply,2022-04-26T10:00:00Z,2022-05-23T19:00:00Z,TARGET,1.831578947368422,SAME,TARGET +1.832,
V2,V1_TRADE,EUR/USD_2022-07-01,1h,supply,2022-04-26T10:00:00Z,2022-05-24T06:00:00Z,S2_CLOSE,-4.642105263157721,SAME,S2_CLOSE -4.642,
V2,V1_TRADE,EUR/USD_2022-07-01,1h,supply,2022-04-25T11:00:00Z,2022-05-24T14:00:00Z,TARGET,1.9000000000000028,REMOVED,,SLOT_OCCUPIED by 4h 2022-05-24T12:00:00Z
V2,V1_TRADE,EUR/USD_2022-07-01,1h,demand,2022-05-24T02:00:00Z,2022-05-25T10:00:00Z,TARGET,1.5428571428572375,SAME,TARGET +1.543,
V2,V1_TRADE,EUR/USD_2022-07-01,1h,supply,2022-04-25T11:00:00Z,2022-05-27T00:00:00Z,S2_CLOSE,-1.7562499999999754,SAME,S2_CLOSE -1.756,
V2,V1_TRADE,EUR/USD_2022-07-01,1h,demand,2022-05-26T12:00:00Z,2022-05-27T10:00:00Z,TARGET,1.831578947368422,SAME,TARGET +1.832,
V2,V1_TRADE,EUR/USD_2022-07-01,1h,demand,2022-05-30T03:00:00Z,2022-05-30T07:00:00Z,TARGET,1.6799999999999646,SAME,TARGET +1.680,
V2,V1_TRADE,EUR/USD_2022-07-01,1h,supply,2022-04-25T03:00:00Z,2022-05-30T16:00:00Z,TARGET,1.6235294117646153,SAME,TARGET +1.624,
V2,V1_TRADE,EUR/USD_2022-07-01,1h,demand,2022-05-30T03:00:00Z,2022-05-31T02:00:00Z,TARGET,1.6799999999999646,SAME,TARGET +1.680,
V2,V1_TRADE,EUR/USD_2022-07-01,1h,demand,2022-05-30T00:00:00Z,2022-05-31T06:00:00Z,TARGET,1.5076923076921693,SAME,TARGET +1.508,
V2,V1_TRADE,EUR/USD_2022-07-01,1h,supply,2022-05-31T07:00:00Z,2022-06-02T17:00:00Z,S2_CLOSE,-1.707692307692214,SAME,S2_CLOSE -1.708,
V2,V1_TRADE,EUR/USD_2022-07-01,1h,demand,2022-06-02T18:00:00Z,2022-06-03T09:00:00Z,S2_CLOSE,-3.4200000000002575,SAME,S2_CLOSE -3.420,
V2,V1_TRADE,EUR/USD_2022-07-01,1h,demand,2022-06-06T06:00:00Z,2022-06-06T10:00:00Z,S2_CLOSE,-1.787096774193658,SAME,S2_CLOSE -1.787,
V2,V1_TRADE,EUR/USD_2022-07-01,1h,demand,2022-06-06T01:00:00Z,2022-06-06T12:00:00Z,S2_CLOSE,-3.266666666665857,REMOVED,,SLOT_OCCUPIED by 1h 2022-06-06T10:00:00Z
V2,V1_TRADE,EUR/USD_2022-07-01,1h,demand,2022-06-06T01:00:00Z,2022-06-06T14:00:00Z,S2_CLOSE,-3.266666666665857,SAME,S2_CLOSE -3.267,
V2,V1_TRADE,EUR/USD_2022-07-01,1h,demand,2022-06-01T23:00:00Z,2022-06-07T13:00:00Z,TARGET,1.2888888888886352,REMOVED,,SLOT_OCCUPIED by 4h 2022-06-07T12:00:00Z
V2,V1_TRADE,EUR/USD_2022-07-01,1h,demand,2022-05-23T04:00:00Z,2022-06-10T09:00:00Z,TARGET,1.3600000000002137,SAME,TARGET +1.360,
V2,V1_TRADE,EUR/USD_2022-07-01,1h,demand,2022-05-23T07:00:00Z,2022-06-10T10:00:00Z,S2_CLOSE,-3.1828571428571513,SAME,S2_CLOSE -3.183,
V2,V1_TRADE,EUR/USD_2022-07-01,1h,demand,2022-05-19T01:00:00Z,2022-06-13T01:00:00Z,S2_CLOSE,-2.766666666667066,SAME,S2_CLOSE -2.767,
V2,V1_TRADE,EUR/USD_2022-07-01,1h,demand,2022-05-16T19:00:00Z,2022-06-13T13:00:00Z,S2_CLOSE,-2.9333333333333624,SAME,S2_CLOSE -2.933,
V2,V1_TRADE,EUR/USD_2022-07-01,1h,demand,2022-05-16T14:00:00Z,2022-06-13T20:00:00Z,TARGET,1.9000000000000028,REMOVED,,SLOT_OCCUPIED by 4h 2022-06-13T16:00:00Z
V2,V1_TRADE,EUR/USD_2022-07-01,1h,supply,2022-06-13T08:00:00Z,2022-06-14T07:00:00Z,TARGET,1.8933333333333373,SAME,TARGET +1.893,
V2,V1_TRADE,EUR/USD_2022-07-01,1h,supply,2022-06-13T08:00:00Z,2022-06-15T05:00:00Z,S2_CLOSE,-1.5733333333332602,SAME,S2_CLOSE -1.573,
V2,V1_TRADE,EUR/USD_2022-07-01,1h,supply,2022-06-13T04:00:00Z,2022-06-15T06:00:00Z,TARGET,1.6799999999999646,REMOVED,,SLOT_OCCUPIED by 1h 2022-06-15T05:00:00Z
V2,V1_TRADE,EUR/USD_2022-07-01,1h,supply,2022-06-13T08:00:00Z,2022-06-15T07:00:00Z,S2_CLOSE,-1.5733333333332602,REMOVED,,SLOT_OCCUPIED by 1h 2022-06-15T05:00:00Z
V2,V1_TRADE,EUR/USD_2022-07-01,1h,demand,2022-05-16T14:00:00Z,2022-06-15T12:00:00Z,S2_CLOSE,-1.2874999999999712,SAME,S2_CLOSE -1.287,
V2,V1_TRADE,EUR/USD_2022-07-01,1h,demand,2022-05-13T13:00:00Z,2022-06-15T18:00:00Z,TARGET,1.8915254237288057,SAME,TARGET +1.892,
V2,V1_TRADE,EUR/USD_2022-07-01,1h,supply,2022-06-15T23:00:00Z,2022-06-16T03:00:00Z,TARGET,1.799999999999978,SAME,TARGET +1.800,
V2,V1_TRADE,EUR/USD_2022-07-01,1h,supply,2022-06-15T19:00:00Z,2022-06-16T13:00:00Z,S2_CLOSE,-2.2897959183673597,SAME,S2_CLOSE -2.290,
V2,V1_TRADE,EUR/USD_2022-07-01,1h,supply,2022-06-10T14:00:00Z,2022-06-16T15:00:00Z,S2_CLOSE,-2.76551724137907,SAME,S2_CLOSE -2.766,
V2,V1_TRADE,EUR/USD_2022-07-01,1h,demand,2022-06-20T23:00:00Z,2022-06-21T06:00:00Z,TARGET,1.5428571428572375,SAME,TARGET +1.543,
V2,V1_TRADE,EUR/USD_2022-07-01,1h,supply,2022-06-22T03:00:00Z,2022-06-22T08:00:00Z,TARGET,1.600000000000178,SAME,TARGET +1.600,
V2,V1_TRADE,EUR/USD_2022-07-01,1h,supply,2022-06-23T06:00:00Z,2022-06-24T14:00:00Z,TARGET,1.8476190476190468,SAME,TARGET +1.848,
V2,V1_TRADE,EUR/USD_2022-07-01,1h,supply,2022-06-23T06:00:00Z,2022-06-26T23:00:00Z,S2_CLOSE,-2.057142857142868,SAME,S2_CLOSE -2.057,
V2,V1_TRADE,EUR/USD_2022-07-01,1h,demand,2022-06-27T11:00:00Z,2022-06-28T01:00:00Z,TARGET,1.8511627906976964,SAME,TARGET +1.851,
V2,V1_TRADE,EUR/USD_2022-07-01,1h,demand,2022-06-28T05:00:00Z,2022-06-28T08:00:00Z,TARGET,1.5428571428572375,REMOVED,,LOOKAHEAD_DEPENDENCY: VALIDATED_BY_TOUCH_BAR_CLOSE
V2,V1_TRADE,EUR/USD_2022-07-01,1h,demand,2022-06-24T11:00:00Z,2022-06-28T14:00:00Z,S2_CLOSE,-1.7999999999999128,SAME,S2_CLOSE -1.800,
V2,V1_TRADE,EUR/USD_2022-07-01,1h,supply,2022-06-29T01:00:00Z,2022-06-29T09:00:00Z,TARGET,1.799999999999978,SAME,TARGET +1.800,
V2,V1_TRADE,EUR/USD_2022-07-01,1h,supply,2022-06-29T01:00:00Z,2022-06-29T11:00:00Z,TARGET,1.799999999999978,SAME,TARGET +1.800,
V2,V1_TRADE,EUR/USD_2022-07-01,1h,demand,2022-06-16T07:00:00Z,2022-06-30T12:00:00Z,TARGET,1.9111111111111123,SAME,TARGET +1.911,
V2,V1_TRADE,EUR/USD_2022-07-01,4h,supply,2022-03-11T11:00:00Z,2022-03-16T15:00:00Z,S2_CLOSE,-1.1623188405796891,REMOVED,,SLOT_OCCUPIED by 1h 2022-03-16T10:00:00Z
V2,V1_TRADE,EUR/USD_2022-07-01,4h,supply,2022-03-01T23:00:00Z,2022-03-17T15:00:00Z,TARGET,1.866666666666652,REMOVED,,SLOT_OCCUPIED by 1h 2022-03-17T14:00:00Z
V2,V1_TRADE,EUR/USD_2022-07-01,4h,supply,2022-03-22T11:00:00Z,2022-03-25T07:00:00Z,TARGET,1.9401869158878502,SHIFTED,2022-03-25T15:00:00Z TARGET +1.940,same zone entered on a different bar
V2,V1_TRADE,EUR/USD_2022-07-01,4h,demand,2022-04-01T11:00:00Z,2022-04-04T00:00:00Z,S2_CLOSE,-2.745454545454634,REMOVED,,LOOKAHEAD_DEPENDENCY: FVG_ONLY_WITH_TOUCH_BAR
V2,V1_TRADE,EUR/USD_2022-07-01,4h,demand,2022-03-27T23:00:00Z,2022-04-05T04:00:00Z,S2_CLOSE,-2.9176470588234196,SAME,S2_CLOSE -2.918,
V2,V1_TRADE,EUR/USD_2022-07-01,4h,supply,2022-04-06T08:00:00Z,2022-04-07T04:00:00Z,TARGET,1.907246376811593,SAME,TARGET +1.907,
V2,V1_TRADE,EUR/USD_2022-07-01,4h,supply,2022-04-06T08:00:00Z,2022-04-07T09:00:00Z,TARGET,1.907246376811593,SAME,TARGET +1.907,
V2,V1_TRADE,EUR/USD_2022-07-01,4h,supply,2022-04-06T08:00:00Z,2022-04-07T13:00:00Z,TARGET,1.907246376811593,REMOVED,,SLOT_OCCUPIED by 4h 2022-04-07T09:00:00Z
V2,V1_TRADE,EUR/USD_2022-07-01,4h,demand,2022-04-08T09:00:00Z,2022-04-12T05:00:00Z,S2_CLOSE,-1.3245283018868421,SAME,S2_CLOSE -1.325,
V2,V1_TRADE,EUR/USD_2022-07-01,4h,demand,2022-04-19T00:00:00Z,2022-04-22T12:00:00Z,TARGET,1.8769230769230634,SAME,TARGET +1.877,
V2,V1_TRADE,EUR/USD_2022-07-01,4h,demand,2022-04-19T16:00:00Z,2022-04-22T20:00:00Z,TARGET,1.8511627906976658,SAME,TARGET +1.851,
V2,V1_TRADE,EUR/USD_2022-07-01,4h,supply,2022-04-25T08:00:00Z,2022-04-26T00:00:00Z,TARGET,1.907246376811593,SAME,TARGET +1.907,
V2,V1_TRADE,EUR/USD_2022-07-01,4h,demand,2022-05-02T16:00:00Z,2022-05-05T12:00:00Z,TARGET,1.908571428571436,REMOVED,,SLOT_OCCUPIED by 1h 2022-05-05T13:00:00Z
V2,V1_TRADE,EUR/USD_2022-07-01,4h,demand,2022-05-05T12:00:00Z,2022-05-06T16:00:00Z,S2_CLOSE,-2.297841726618702,SAME,S2_CLOSE -2.298,
V2,V1_TRADE,EUR/USD_2022-07-01,4h,supply,2022-05-11T04:00:00Z,2022-05-17T08:00:00Z,TARGET,1.8814814814814977,SAME,TARGET +1.881,
V2,V1_TRADE,EUR/USD_2022-07-01,4h,demand,2022-05-26T16:00:00Z,2022-05-27T16:00:00Z,TARGET,1.8814814814814782,SAME,TARGET +1.881,
V2,V1_TRADE,EUR/USD_2022-07-01,4h,demand,2022-05-27T12:00:00Z,2022-05-31T16:00:00Z,S2_CLOSE,-3.3714285714284826,SAME,S2_CLOSE -3.371,
V2,V1_TRADE,EUR/USD_2022-07-01,4h,demand,2022-05-25T12:00:00Z,2022-06-02T04:00:00Z,TARGET,1.9272727272727266,SAME,TARGET +1.927,
V2,V1_TRADE,EUR/USD_2022-07-01,4h,demand,2022-05-25T12:00:00Z,2022-06-07T12:00:00Z,TARGET,1.9272727272727266,SAME,TARGET +1.927,
V2,V1_TRADE,EUR/USD_2022-07-01,4h,demand,2022-06-01T12:00:00Z,2022-06-08T04:00:00Z,S2_CLOSE,-1.293203883495139,SAME,S2_CLOSE -1.293,
V2,V1_TRADE,EUR/USD_2022-07-01,4h,demand,2022-05-18T16:00:00Z,2022-06-13T04:00:00Z,S2_CLOSE,-2.2000000000000104,REMOVED,,SLOT_OCCUPIED by 1h 2022-06-13T01:00:00Z
V2,V1_TRADE,EUR/USD_2022-07-01,4h,demand,2022-05-13T16:00:00Z,2022-06-13T16:00:00Z,TARGET,1.8545454545454678,SAME,TARGET +1.855,
V2,V1_TRADE,EUR/USD_2022-07-01,4h,demand,2022-06-20T04:00:00Z,2022-06-21T16:00:00Z,S2_CLOSE,-1.4825396825396768,SAME,S2_CLOSE -1.483,
V2,V1_TRADE,EUR/USD_2022-07-01,4h,demand,2022-06-17T12:00:00Z,2022-06-29T12:00:00Z,S2_CLOSE,-1.1777777777777647,SAME,S2_CLOSE -1.178,
V2,V1_TRADE,EUR/USD_2025-04-01,1h,demand,2024-12-10T01:00:00Z,2024-12-10T07:00:00Z,S2_CLOSE,-2.7826086956522875,SAME,S2_CLOSE -2.783,
V2,V1_TRADE,EUR/USD_2025-04-01,1h,supply,2024-12-10T11:00:00Z,2024-12-10T20:00:00Z,S2_CLOSE,-1.6250000000000135,SAME,S2_CLOSE -1.625,
V2,V1_TRADE,EUR/USD_2025-04-01,1h,supply,2024-12-11T02:00:00Z,2024-12-11T13:00:00Z,TARGET,1.5362318840580245,OUTCOME_CHANGED,AMBIGUOUS ,V2 AMBIGUOUS (entry and target in the same minute)
V2,V1_TRADE,EUR/USD_2025-04-01,1h,demand,2024-11-22T09:00:00Z,2024-12-19T02:00:00Z,S2_CLOSE,-1.225063938618934,SAME,S2_CLOSE -1.225,
V2,V1_TRADE,EUR/USD_2025-04-01,1h,supply,2024-12-31T09:00:00Z,2025-01-06T11:00:00Z,TARGET,1.7629629629629564,SAME,TARGET +1.763,
V2,V1_TRADE,EUR/USD_2025-04-01,1h,supply,2024-12-31T09:00:00Z,2025-01-06T13:00:00Z,TARGET,1.7629629629629564,SAME,TARGET +1.763,
V2,V1_TRADE,EUR/USD_2025-04-01,1h,supply,2024-12-31T09:00:00Z,2025-01-07T07:00:00Z,TARGET,1.7629629629629564,SAME,TARGET +1.763,
V2,V1_TRADE,EUR/USD_2025-04-01,1h,demand,2025-01-06T10:00:00Z,2025-01-07T22:00:00Z,S2_CLOSE,-1.336134453781521,SAME,S2_CLOSE -1.336,
V2,V1_TRADE,EUR/USD_2025-04-01,1h,demand,2025-01-06T05:00:00Z,2025-01-08T10:00:00Z,S2_CLOSE,-3.4230769230763363,SAME,S2_CLOSE -3.423,
V2,V1_TRADE,EUR/USD_2025-04-01,1h,supply,2025-01-08T09:00:00Z,2025-01-08T22:00:00Z,TARGET,1.7241379310344946,SAME,TARGET +1.724,
V2,V1_TRADE,EUR/USD_2025-04-01,1h,supply,2025-01-09T08:00:00Z,2025-01-09T17:00:00Z,TARGET,1.8714859437750944,SAME,TARGET +1.871,
V2,V1_TRADE,EUR/USD_2025-04-01,1h,demand,2025-01-02T19:00:00Z,2025-01-10T15:00:00Z,TARGET,1.748031496063057,SAME,TARGET +1.748,
V2,V1_TRADE,EUR/USD_2025-04-01,1h,supply,2025-01-09T08:00:00Z,2025-01-14T15:00:00Z,S2_CLOSE,-1.25702811244994,SAME,S2_CLOSE -1.257,
V2,V1_TRADE,EUR/USD_2025-04-01,1h,supply,2025-01-09T13:00:00Z,2025-01-14T22:00:00Z,TARGET,1.831578947368422,SHIFTED,2025-01-15T11:00:00Z S2_CLOSE -3.800,same zone entered on a different bar
V2,V1_TRADE,EUR/USD_2025-04-01,1h,supply,2025-01-09T13:00:00Z,2025-01-15T09:00:00Z,S2_CLOSE,-3.7999999999999248,REMOVED,,SLOT_OCCUPIED by 1h 2025-01-14T15:00:00Z
V2,V1_TRADE,EUR/USD_2025-04-01,1h,demand,2025-01-14T17:00:00Z,2025-01-15T16:00:00Z,TARGET,1.7575757575757145,SAME,TARGET +1.758,
V2,V1_TRADE,EUR/USD_2025-04-01,1h,demand,2025-01-14T17:00:00Z,2025-01-15T18:00:00Z,TARGET,1.7575757575757145,REMOVED,,SLOT_OCCUPIED by 1h 2025-01-15T16:00:00Z
V2,V1_TRADE,EUR/USD_2025-04-01,1h,demand,2025-01-14T17:00:00Z,2025-01-15T22:00:00Z,TARGET,1.7575757575757145,SAME,TARGET +1.758,
V2,V1_TRADE,EUR/USD_2025-04-01,1h,demand,2025-01-14T17:00:00Z,2025-01-16T02:00:00Z,TARGET,1.7575757575757145,SAME,TARGET +1.758,
V2,V1_TRADE,EUR/USD_2025-04-01,1h,demand,2025-01-16T12:00:00Z,2025-01-17T20:00:00Z,TARGET,1.88014981273409,SAME,TARGET +1.880,
V2,V1_TRADE,EUR/USD_2025-04-01,1h,supply,2025-01-06T11:00:00Z,2025-01-20T13:00:00Z,S2_CLOSE,-1.2862595419847058,SAME,S2_CLOSE -1.286,
V2,V1_TRADE,EUR/USD_2025-04-01,1h,supply,2024-12-30T12:00:00Z,2025-01-22T11:00:00Z,TARGET,1.8423645320197026,SAME,TARGET +1.842,
V2,V1_TRADE,EUR/USD_2025-04-01,1h,demand,2025-01-21T23:00:00Z,2025-01-23T16:00:00Z,TARGET,1.9139784946236547,SHIFTED,2025-01-22T21:00:00Z TARGET +1.914,same zone entered on a different bar
V2,V1_TRADE,EUR/USD_2025-04-01,1h,supply,2024-12-30T12:00:00Z,2025-01-24T04:00:00Z,S2_CLOSE,-1.3546798029558662,SAME,S2_CLOSE -1.355,
V2,V1_TRADE,EUR/USD_2025-04-01,1h,supply,2024-12-18T10:00:00Z,2025-01-24T08:00:00Z,TARGET,1.73553719008263,SAME,TARGET +1.736,
V2,V1_TRADE,EUR/USD_2025-04-01,1h,supply,2024-12-18T10:00:00Z,2025-01-24T10:00:00Z,TARGET,1.73553719008263,REMOVED,,SLOT_OCCUPIED by 1h 2025-01-24T08:00:00Z
V2,V1_TRADE,EUR/USD_2025-04-01,1h,demand,2025-01-24T13:00:00Z,2025-01-26T23:00:00Z,S2_CLOSE,-1.27380952380922,SAME,S2_CLOSE -1.274,
V2,V1_TRADE,EUR/USD_2025-04-01,1h,demand,2025-01-23T23:00:00Z,2025-01-28T12:00:00Z,TARGET,1.529411764705892,SAME,TARGET +1.529,
V2,V1_TRADE,EUR/USD_2025-04-01,1h,demand,2025-01-21T23:00:00Z,2025-01-29T09:00:00Z,S2_CLOSE,-1.3333333333334065,SAME,S2_CLOSE -1.333,
V2,V1_TRADE,EUR/USD_2025-04-01,1h,supply,2025-01-29T08:00:00Z,2025-01-29T15:00:00Z,TARGET,1.7894736842105523,SAME,TARGET +1.789,
V2,V1_TRADE,EUR/USD_2025-04-01,1h,supply,2025-01-29T08:00:00Z,2025-01-29T17:00:00Z,TARGET,1.7894736842105523,REMOVED,,SLOT_OCCUPIED by 1h 2025-01-29T15:00:00Z
V2,V1_TRADE,EUR/USD_2025-04-01,1h,supply,2025-01-29T08:00:00Z,2025-01-29T23:00:00Z,TARGET,1.7894736842105523,SAME,TARGET +1.789,
V2,V1_TRADE,EUR/USD_2025-04-01,1h,supply,2025-01-30T13:00:00Z,2025-01-30T20:00:00Z,TARGET,1.9463087248322144,SAME,TARGET +1.946,
V2,V1_TRADE,EUR/USD_2025-04-01,1h,supply,2025-01-30T13:00:00Z,2025-01-31T17:00:00Z,TARGET,1.9463087248322144,SAME,TARGET +1.946,
V2,V1_TRADE,EUR/USD_2025-04-01,1h,demand,2025-01-31T14:00:00Z,2025-01-31T20:00:00Z,S2_CLOSE,-1.752941176470615,SAME,S2_CLOSE -1.753,
V2,V1_TRADE,EUR/USD_2025-04-01,1h,demand,2025-01-14T05:00:00Z,2025-02-02T22:00:00Z,TARGET,1.686274509803928,REMOVED,,SLOT_OCCUPIED by 4h 2025-02-02T20:00:00Z
V2,V1_TRADE,EUR/USD_2025-04-01,1h,supply,2025-02-03T21:00:00Z,2025-02-04T02:00:00Z,S2_CLOSE,-1.371183533447715,SAME,S2_CLOSE -1.371,
V2,V1_TRADE,EUR/USD_2025-04-01,1h,supply,2025-01-31T17:00:00Z,2025-02-05T12:00:00Z,TARGET,1.9288888888888847,SAME,TARGET +1.929,
V2,V1_TRADE,EUR/USD_2025-04-01,1h,demand,2025-02-07T05:00:00Z,2025-02-07T12:00:00Z,TARGET,1.6144578313253515,SAME,TARGET +1.614,
V2,V1_TRADE,EUR/USD_2025-04-01,1h,demand,2025-02-03T16:00:00Z,2025-02-09T22:00:00Z,TARGET,1.9360000000000044,SAME,TARGET +1.936,
V2,V1_TRADE,EUR/USD_2025-04-01,1h,supply,2025-02-07T14:00:00Z,2025-02-11T19:00:00Z,TARGET,1.8877192982456148,SAME,TARGET +1.888,
V2,V1_TRADE,EUR/USD_2025-04-01,1h,supply,2025-02-07T14:00:00Z,2025-02-12T07:00:00Z,TARGET,1.8877192982456148,REMOVED,,SLOT_OCCUPIED by 1h 2025-02-11T19:00:00Z
V2,V1_TRADE,EUR/USD_2025-04-01,1h,supply,2025-02-07T14:00:00Z,2025-02-12T15:00:00Z,S2_CLOSE,-1.275789473684158,SAME,S2_CLOSE -1.276,
V2,V1_TRADE,EUR/USD_2025-04-01,1h,supply,2025-01-31T17:00:00Z,2025-02-12T18:00:00Z,S2_CLOSE,-1.0835555555555236,SAME,S2_CLOSE -1.084,
V2,V1_TRADE,EUR/USD_2025-04-01,1h,supply,2025-01-30T15:00:00Z,2025-02-13T06:00:00Z,TARGET,1.8024691358024636,SAME,TARGET +1.802,
V2,V1_TRADE,EUR/USD_2025-04-01,1h,demand,2025-02-13T18:00:00Z,2025-02-19T17:00:00Z,TARGET,1.9463986599664995,REMOVED,,SLOT_OCCUPIED by 4h 2025-02-19T16:00:00Z
V2,V1_TRADE,EUR/USD_2025-04-01,1h,supply,2025-02-17T10:00:00Z,2025-02-20T17:00:00Z,S2_CLOSE,-2.1856287425146337,SAME,S2_CLOSE -2.186,
V2,V1_TRADE,EUR/USD_2025-04-01,1h,demand,2025-02-13T18:00:00Z,2025-02-27T17:00:00Z,S2_CLOSE,-1.3591289782244618,SAME,S2_CLOSE -1.359,
V2,V1_TRADE,EUR/USD_2025-04-01,1h,supply,2025-02-26T19:00:00Z,2025-03-03T14:00:00Z,TARGET,1.7398373983739974,SAME,TARGET +1.740,
V2,V1_TRADE,EUR/USD_2025-04-01,1h,demand,2025-03-04T10:00:00Z,2025-03-04T15:00:00Z,TARGET,1.8181818181818166,SAME,TARGET +1.818,
V2,V1_TRADE,EUR/USD_2025-04-01,1h,supply,2024-12-09T15:00:00Z,2025-03-04T18:00:00Z,S2_CLOSE,-1.8577981651375595,SAME,S2_CLOSE -1.858,
V2,V1_TRADE,EUR/USD_2025-04-01,1h,supply,2024-11-20T01:00:00Z,2025-03-04T19:00:00Z,TARGET,1.6404494382022703,REMOVED,,SLOT_OCCUPIED by 1h 2025-03-04T18:00:00Z
V2,V1_TRADE,EUR/USD_2025-04-01,1h,demand,2025-03-10T08:00:00Z,2025-03-10T11:00:00Z,TARGET,1.838383838383846,SAME,TARGET +1.838,
V2,V1_TRADE,EUR/USD_2025-04-01,1h,demand,2025-03-11T10:00:00Z,2025-03-11T14:00:00Z,TARGET,1.882352941176473,SAME,TARGET +1.882,
V2,V1_TRADE,EUR/USD_2025-04-01,1h,demand,2025-03-11T10:00:00Z,2025-03-12T06:00:00Z,TARGET,1.882352941176473,SAME,TARGET +1.882,
V2,V1_TRADE,EUR/USD_2025-04-01,1h,demand,2025-03-12T12:00:00Z,2025-03-12T16:00:00Z,S2_CLOSE,-1.105033557047004,SAME,S2_CLOSE -1.105,
V2,V1_TRADE,EUR/USD_2025-04-01,1h,demand,2025-03-11T05:00:00Z,2025-03-13T11:00:00Z,TARGET,1.8454106280193414,SAME,TARGET +1.845,
V2,V1_TRADE,EUR/USD_2025-04-01,1h,supply,2025-03-13T21:00:00Z,2025-03-14T05:00:00Z,TARGET,1.7866666666666116,SAME,TARGET +1.787,
V2,V1_TRADE,EUR/USD_2025-04-01,1h,supply,2025-03-13T21:00:00Z,2025-03-14T09:00:00Z,S2_CLOSE,-6.097333333334611,SAME,S2_CLOSE -6.097,
V2,V1_TRADE,EUR/USD_2025-04-01,1h,demand,2025-03-18T12:00:00Z,2025-03-19T08:00:00Z,S2_CLOSE,-1.6093750000000735,REMOVED,,SLOT_OCCUPIED by 1h 2025-03-19T07:00:00Z
V2,V1_TRADE,EUR/USD_2025-04-01,1h,demand,2025-03-17T07:00:00Z,2025-03-19T18:00:00Z,TARGET,1.804878048780498,REMOVED,,SLOT_OCCUPIED by 4h 2025-03-19T12:00:00Z
V2,V1_TRADE,EUR/USD_2025-04-01,1h,supply,2025-03-19T08:00:00Z,2025-03-19T20:00:00Z,S2_CLOSE,-1.238341968911961,SAME,S2_CLOSE -1.238,
V2,V1_TRADE,EUR/USD_2025-04-01,1h,supply,2025-03-19T11:00:00Z,2025-03-20T00:00:00Z,TARGET,1.8407960199004854,SAME,TARGET +1.841,
V2,V1_TRADE,EUR/USD_2025-04-01,1h,demand,2025-03-14T02:00:00Z,2025-03-20T09:00:00Z,TARGET,1.6666666666666916,REMOVED,,SLOT_OCCUPIED by 4h 2025-03-20T04:00:00Z
V2,V1_TRADE,EUR/USD_2025-04-01,1h,demand,2025-03-10T08:00:00Z,2025-03-20T13:00:00Z,TARGET,1.838383838383846,SAME,TARGET +1.838,
V2,V1_TRADE,EUR/USD_2025-04-01,1h,demand,2025-03-10T08:00:00Z,2025-03-21T16:00:00Z,TARGET,1.838383838383846,SAME,TARGET +1.838,
V2,V1_TRADE,EUR/USD_2025-04-01,1h,supply,2025-03-20T22:00:00Z,2025-03-24T08:00:00Z,TARGET,1.6235294117646153,SAME,TARGET +1.624,
V2,V1_TRADE,EUR/USD_2025-04-01,1h,supply,2025-03-20T22:00:00Z,2025-03-24T10:00:00Z,TARGET,1.6235294117646153,SAME,TARGET +1.624,
V2,V1_TRADE,EUR/USD_2025-04-01,1h,demand,2025-03-06T23:00:00Z,2025-03-24T15:00:00Z,TARGET,1.7419354838709946,REMOVED,,SLOT_OCCUPIED by 4h 2025-03-24T12:00:00Z
V2,V1_TRADE,EUR/USD_2025-04-01,1h,demand,2025-03-06T21:00:00Z,2025-03-26T05:00:00Z,TARGET,1.8012422360248859,REMOVED,,SLOT_OCCUPIED by 4h 2025-03-26T04:00:00Z
V2,V1_TRADE,EUR/USD_2025-04-01,1h,demand,2025-03-06T21:00:00Z,2025-03-26T12:00:00Z,S2_CLOSE,-3.434782608695177,REMOVED,,SLOT_OCCUPIED by 4h 2025-03-26T04:00:00Z
V2,V1_TRADE,EUR/USD_2025-04-01,1h,supply,2025-03-26T20:00:00Z,2025-03-27T00:00:00Z,S2_CLOSE,-3.754929577465654,SAME,S2_CLOSE -3.755,
V2,V1_TRADE,EUR/USD_2025-04-01,1h,supply,2025-03-25T21:00:00Z,2025-03-27T11:00:00Z,TARGET,1.7697841726618342,SAME,TARGET +1.770,
V2,V1_TRADE,EUR/USD_2025-04-01,1h,supply,2025-03-26T14:00:00Z,2025-03-27T12:00:00Z,S2_CLOSE,-1.4366812227074481,SAME,S2_CLOSE -1.437,
V2,V1_TRADE,EUR/USD_2025-04-01,1h,supply,2025-03-25T21:00:00Z,2025-03-27T19:00:00Z,TARGET,1.7697841726618342,REMOVED,,SLOT_OCCUPIED by 4h 2025-03-27T16:00:00Z
V2,V1_TRADE,EUR/USD_2025-04-01,1h,supply,2025-03-25T12:00:00Z,2025-03-28T15:00:00Z,TARGET,1.7894736842104908,REMOVED,,SLOT_OCCUPIED by 4h 2025-03-27T16:00:00Z
V2,V1_TRADE,EUR/USD_2025-04-01,1h,demand,2025-03-28T17:00:00Z,2025-03-31T08:00:00Z,S2_CLOSE,-2.1445086705204974,SAME,S2_CLOSE -2.145,
V2,V1_TRADE,EUR/USD_2025-04-01,4h,demand,2024-11-25T20:00:00Z,2024-12-12T12:00:00Z,S2_CLOSE,-2.973333333333374,SAME,S2_CLOSE -2.973,
V2,V1_TRADE,EUR/USD_2025-04-01,4h,supply,2024-12-30T08:00:00Z,2025-01-06T08:00:00Z,TARGET,1.9266055045871584,REMOVED,,SLOT_OCCUPIED by 1h 2025-01-06T11:00:00Z
V2,V1_TRADE,EUR/USD_2025-04-01,4h,supply,2025-01-09T08:00:00Z,2025-01-16T04:00:00Z,TARGET,1.9077809798270797,SAME,TARGET +1.908,
V2,V1_TRADE,EUR/USD_2025-04-01,4h,supply,2025-01-09T08:00:00Z,2025-01-16T20:00:00Z,TARGET,1.9077809798270797,SAME,TARGET +1.908,
V2,V1_TRADE,EUR/USD_2025-04-01,4h,supply,2025-01-09T08:00:00Z,2025-01-20T00:00:00Z,S2_CLOSE,-1.5475504322767533,REMOVED,,SLOT_OCCUPIED by 1h 2025-01-17T20:00:00Z
V2,V1_TRADE,EUR/USD_2025-04-01,4h,supply,2024-12-30T08:00:00Z,2025-01-22T12:00:00Z,TARGET,1.9266055045871584,REMOVED,,SLOT_OCCUPIED by 1h 2025-01-22T11:00:00Z
V2,V1_TRADE,EUR/USD_2025-04-01,4h,supply,2024-12-16T00:00:00Z,2025-01-24T16:00:00Z,TARGET,1.7793103448276126,SAME,TARGET +1.779,
V2,V1_TRADE,EUR/USD_2025-04-01,4h,supply,2024-12-16T00:00:00Z,2025-01-27T08:00:00Z,TARGET,1.7793103448276126,SAME,TARGET +1.779,
V2,V1_TRADE,EUR/USD_2025-04-01,4h,supply,2024-12-10T20:00:00Z,2025-01-27T12:00:00Z,TARGET,1.6404494382022703,REMOVED,,SLOT_OCCUPIED by 4h 2025-01-27T08:00:00Z
V2,V1_TRADE,EUR/USD_2025-04-01,4h,demand,2025-01-23T04:00:00Z,2025-01-29T12:00:00Z,TARGET,1.8620689655172473,REMOVED,,SLOT_OCCUPIED by 1h 2025-01-29T09:00:00Z
V2,V1_TRADE,EUR/USD_2025-04-01,4h,demand,2025-01-23T04:00:00Z,2025-01-30T12:00:00Z,TARGET,1.8620689655172473,SAME,TARGET +1.862,
V2,V1_TRADE,EUR/USD_2025-04-01,4h,demand,2025-01-14T00:00:00Z,2025-02-02T20:00:00Z,S2_CLOSE,-2.3779467680610424,SAME,S2_CLOSE -2.378,
V2,V1_TRADE,EUR/USD_2025-04-01,4h,supply,2025-01-30T12:00:00Z,2025-02-13T08:00:00Z,S2_CLOSE,-2.065134099616845,SAME,S2_CLOSE -2.065,
V2,V1_TRADE,EUR/USD_2025-04-01,4h,supply,2025-01-24T12:00:00Z,2025-02-14T20:00:00Z,TARGET,1.94434782608696,SAME,TARGET +1.944,
V2,V1_TRADE,EUR/USD_2025-04-01,4h,supply,2025-02-17T00:00:00Z,2025-02-20T16:00:00Z,TARGET,1.852534562211982,REMOVED,,SLOT_OCCUPIED by 1h 2025-02-20T17:00:00Z
V2,V1_TRADE,EUR/USD_2025-04-01,4h,supply,2025-01-24T12:00:00Z,2025-02-21T00:00:00Z,TARGET,1.94434782608696,SAME,TARGET +1.944,
V2,V1_TRADE,EUR/USD_2025-04-01,4h,demand,2025-02-12T00:00:00Z,2025-02-28T16:00:00Z,TARGET,1.7793103448276126,SAME,TARGET +1.779,
V2,V1_TRADE,EUR/USD_2025-04-01,4h,supply,2025-02-28T12:00:00Z,2025-03-02T20:00:00Z,S2_CLOSE,-3.458181818181593,SAME,S2_CLOSE -3.458,
V2,V1_TRADE,EUR/USD_2025-04-01,4h,supply,2025-01-24T12:00:00Z,2025-03-03T12:00:00Z,S2_CLOSE,-1.8653913043477313,SHIFTED,2025-03-03T20:00:00Z S2_CLOSE -1.865,same zone entered on a different bar
V2,V1_TRADE,EUR/USD_2025-04-01,4h,supply,2024-11-13T08:00:00Z,2025-03-05T00:00:00Z,S2_CLOSE,-2.6455142231947026,SAME,S2_CLOSE -2.646,
V2,V1_TRADE,EUR/USD_2025-04-01,4h,supply,2024-11-11T00:00:00Z,2025-03-05T08:00:00Z,TARGET,1.8407960199004854,SAME,TARGET +1.841,
V2,V1_TRADE,EUR/USD_2025-04-01,4h,supply,2024-11-07T12:00:00Z,2025-03-05T20:00:00Z,S2_CLOSE,-1.1711399711400166,SAME,S2_CLOSE -1.171,
V2,V1_TRADE,EUR/USD_2025-04-01,4h,supply,2024-10-11T04:00:00Z,2025-03-11T16:00:00Z,TARGET,1.7697841726618342,SAME,TARGET +1.770,
V2,V1_TRADE,EUR/USD_2025-04-01,4h,supply,2024-11-05T20:00:00Z,2025-03-17T16:00:00Z,TARGET,1.8769230769230634,SAME,TARGET +1.877,
V2,V1_TRADE,EUR/USD_2025-04-01,4h,supply,2024-10-11T12:00:00Z,2025-03-18T20:00:00Z,TARGET,1.8814814814814782,SAME,TARGET +1.881,
V2,V1_TRADE,EUR/USD_2025-04-01,4h,demand,2025-03-17T04:00:00Z,2025-03-19T12:00:00Z,TARGET,1.8769230769230845,SAME,TARGET +1.877,
V2,V1_TRADE,EUR/USD_2025-04-01,4h,demand,2025-03-17T04:00:00Z,2025-03-20T04:00:00Z,S2_CLOSE,-2.5461538461538518,SAME,S2_CLOSE -2.546,
V2,V1_TRADE,EUR/USD_2025-04-01,4h,demand,2025-03-10T04:00:00Z,2025-03-21T08:00:00Z,S2_CLOSE,-1.3054755043227877,SAME,S2_CLOSE -1.305,
V2,V1_TRADE,EUR/USD_2025-04-01,4h,demand,2025-03-06T00:00:00Z,2025-03-24T12:00:00Z,S2_CLOSE,-1.1424332344212673,SAME,S2_CLOSE -1.142,
V2,V1_TRADE,EUR/USD_2025-04-01,4h,supply,2025-03-26T08:00:00Z,2025-03-27T12:00:00Z,TARGET,1.8222222222222026,REMOVED,,SLOT_OCCUPIED by 1h 2025-03-27T12:00:00Z
V2,V1_TRADE,EUR/USD_2025-04-01,4h,supply,2025-03-26T08:00:00Z,2025-03-28T04:00:00Z,TARGET,1.8222222222222026,REMOVED,,SLOT_OCCUPIED by 4h 2025-03-27T16:00:00Z
V2,V1_TRADE,EUR/USD_2025-07-01,1h,demand,2025-03-11T10:00:00Z,2025-03-12T06:00:00Z,TARGET,1.882352941176473,SAME,TARGET +1.882,
V2,V1_TRADE,EUR/USD_2025-07-01,1h,demand,2025-03-12T12:00:00Z,2025-03-12T16:00:00Z,S2_CLOSE,-1.105033557047004,SAME,S2_CLOSE -1.105,
V2,V1_TRADE,EUR/USD_2025-07-01,1h,demand,2025-03-11T05:00:00Z,2025-03-13T11:00:00Z,TARGET,1.8454106280193414,SAME,TARGET +1.845,
V2,V1_TRADE,EUR/USD_2025-07-01,1h,supply,2025-03-13T21:00:00Z,2025-03-14T05:00:00Z,TARGET,1.7866666666666116,SAME,TARGET +1.787,
V2,V1_TRADE,EUR/USD_2025-07-01,1h,supply,2025-03-13T21:00:00Z,2025-03-14T09:00:00Z,S2_CLOSE,-6.097333333334611,SAME,S2_CLOSE -6.097,
V2,V1_TRADE,EUR/USD_2025-07-01,1h,demand,2025-03-17T12:00:00Z,2025-03-18T12:00:00Z,TARGET,1.8714859437750944,SAME,TARGET +1.871,
V2,V1_TRADE,EUR/USD_2025-07-01,1h,demand,2025-03-18T02:00:00Z,2025-03-18T13:00:00Z,TARGET,1.6404494382022703,REMOVED,,SLOT_OCCUPIED by 1h 2025-03-18T12:00:00Z
V2,V1_TRADE,EUR/USD_2025-07-01,1h,demand,2025-03-18T02:00:00Z,2025-03-18T15:00:00Z,TARGET,1.6404494382022703,REMOVED,,SLOT_OCCUPIED by 1h 2025-03-18T12:00:00Z
V2,V1_TRADE,EUR/USD_2025-07-01,1h,demand,2025-03-18T12:00:00Z,2025-03-19T08:00:00Z,S2_CLOSE,-1.6093750000000735,SAME,S2_CLOSE -1.609,
V2,V1_TRADE,EUR/USD_2025-07-01,1h,demand,2025-03-17T07:00:00Z,2025-03-19T18:00:00Z,TARGET,1.804878048780498,REMOVED,,SLOT_OCCUPIED by 4h 2025-03-19T12:00:00Z
V2,V1_TRADE,EUR/USD_2025-07-01,1h,supply,2025-03-19T08:00:00Z,2025-03-19T20:00:00Z,S2_CLOSE,-1.238341968911961,SAME,S2_CLOSE -1.238,
V2,V1_TRADE,EUR/USD_2025-07-01,1h,supply,2025-03-19T11:00:00Z,2025-03-20T00:00:00Z,TARGET,1.8407960199004854,SAME,TARGET +1.841,
V2,V1_TRADE,EUR/USD_2025-07-01,1h,demand,2025-03-14T02:00:00Z,2025-03-20T09:00:00Z,TARGET,1.6666666666666916,REMOVED,,SLOT_OCCUPIED by 4h 2025-03-20T04:00:00Z
V2,V1_TRADE,EUR/USD_2025-07-01,1h,demand,2025-03-10T08:00:00Z,2025-03-20T13:00:00Z,TARGET,1.838383838383846,SAME,TARGET +1.838,
V2,V1_TRADE,EUR/USD_2025-07-01,1h,demand,2025-03-10T08:00:00Z,2025-03-21T16:00:00Z,TARGET,1.838383838383846,SAME,TARGET +1.838,
V2,V1_TRADE,EUR/USD_2025-07-01,1h,supply,2025-03-20T22:00:00Z,2025-03-24T08:00:00Z,TARGET,1.6235294117646153,SAME,TARGET +1.624,
V2,V1_TRADE,EUR/USD_2025-07-01,1h,supply,2025-03-20T22:00:00Z,2025-03-24T10:00:00Z,TARGET,1.6235294117646153,SAME,TARGET +1.624,
V2,V1_TRADE,EUR/USD_2025-07-01,1h,demand,2025-03-06T23:00:00Z,2025-03-24T15:00:00Z,TARGET,1.7419354838709946,REMOVED,,SLOT_OCCUPIED by 4h 2025-03-24T12:00:00Z
V2,V1_TRADE,EUR/USD_2025-07-01,1h,demand,2025-03-06T21:00:00Z,2025-03-26T05:00:00Z,TARGET,1.8012422360248859,REMOVED,,SLOT_OCCUPIED by 4h 2025-03-26T04:00:00Z
V2,V1_TRADE,EUR/USD_2025-07-01,1h,demand,2025-03-06T21:00:00Z,2025-03-26T12:00:00Z,S2_CLOSE,-3.434782608695177,REMOVED,,SLOT_OCCUPIED by 4h 2025-03-26T04:00:00Z
V2,V1_TRADE,EUR/USD_2025-07-01,1h,supply,2025-03-26T20:00:00Z,2025-03-27T00:00:00Z,S2_CLOSE,-3.754929577465654,SAME,S2_CLOSE -3.755,
V2,V1_TRADE,EUR/USD_2025-07-01,1h,supply,2025-03-25T21:00:00Z,2025-03-27T11:00:00Z,TARGET,1.7697841726618342,SAME,TARGET +1.770,
V2,V1_TRADE,EUR/USD_2025-07-01,1h,supply,2025-03-26T14:00:00Z,2025-03-27T12:00:00Z,S2_CLOSE,-1.4366812227074481,SAME,S2_CLOSE -1.437,
V2,V1_TRADE,EUR/USD_2025-07-01,1h,supply,2025-03-25T21:00:00Z,2025-03-27T19:00:00Z,TARGET,1.7697841726618342,REMOVED,,SLOT_OCCUPIED by 4h 2025-03-27T16:00:00Z
V2,V1_TRADE,EUR/USD_2025-07-01,1h,supply,2025-03-25T12:00:00Z,2025-03-28T15:00:00Z,TARGET,1.7894736842104908,REMOVED,,SLOT_OCCUPIED by 4h 2025-03-27T16:00:00Z
V2,V1_TRADE,EUR/USD_2025-07-01,1h,demand,2025-03-28T17:00:00Z,2025-03-31T08:00:00Z,S2_CLOSE,-2.1445086705204974,SAME,S2_CLOSE -2.145,
V2,V1_TRADE,EUR/USD_2025-07-01,1h,supply,2025-04-01T03:00:00Z,2025-04-01T09:00:00Z,TARGET,1.5675675675678054,SAME,TARGET +1.568,
V2,V1_TRADE,EUR/USD_2025-07-01,1h,supply,2025-04-01T22:00:00Z,2025-04-02T09:00:00Z,S2_CLOSE,-2.5204301075269417,REMOVED,,SLOT_OCCUPIED by 4h 2025-04-01T08:00:00Z
V2,V1_TRADE,EUR/USD_2025-07-01,1h,supply,2025-03-19T11:00:00Z,2025-04-02T20:00:00Z,TARGET,1.8407960199004854,SAME,TARGET +1.841,
V2,V1_TRADE,EUR/USD_2025-07-01,1h,supply,2025-03-19T11:00:00Z,2025-04-02T23:00:00Z,S2_CLOSE,-1.6189054726368264,SAME,S2_CLOSE -1.619,
V2,V1_TRADE,EUR/USD_2025-07-01,1h,supply,2025-03-18T08:00:00Z,2025-04-03T05:00:00Z,S2_CLOSE,-4.472566371681955,SAME,S2_CLOSE -4.473,
V2,V1_TRADE,EUR/USD_2025-07-01,1h,demand,2025-04-03T23:00:00Z,2025-04-04T06:00:00Z,S2_CLOSE,-5.386473429952176,SAME,S2_CLOSE -5.386,
V2,V1_TRADE,EUR/USD_2025-07-01,1h,demand,2025-04-03T07:00:00Z,2025-04-04T14:00:00Z,TARGET,1.9261652053530236,SAME,TARGET +1.926,
V2,V1_TRADE,EUR/USD_2025-07-01,1h,demand,2025-04-03T07:00:00Z,2025-04-04T16:00:00Z,S2_CLOSE,-1.3502538071066017,SAME,S2_CLOSE -1.350,
V2,V1_TRADE,EUR/USD_2025-07-01,1h,demand,2025-04-07T02:00:00Z,2025-04-07T11:00:00Z,TARGET,1.9214338325558555,SAME,TARGET +1.921,
V2,V1_TRADE,EUR/USD_2025-07-01,1h,demand,2025-04-07T02:00:00Z,2025-04-07T13:00:00Z,S2_CLOSE,-1.4885833537932338,SAME,S2_CLOSE -1.489,
V2,V1_TRADE,EUR/USD_2025-07-01,1h,demand,2025-04-07T15:00:00Z,2025-04-08T09:00:00Z,TARGET,1.9006828057107406,SAME,TARGET +1.901,
V2,V1_TRADE,EUR/USD_2025-07-01,1h,demand,2025-04-03T00:00:00Z,2025-04-08T14:00:00Z,TARGET,1.8774885145482416,SAME,TARGET +1.877,
V2,V1_TRADE,EUR/USD_2025-07-01,1h,supply,2025-04-08T12:00:00Z,2025-04-08T19:00:00Z,S2_CLOSE,-1.668443852049212,SAME,S2_CLOSE -1.668,
V2,V1_TRADE,EUR/USD_2025-07-01,1h,supply,2025-04-09T06:00:00Z,2025-04-10T10:00:00Z,S2_CLOSE,-1.5759637188208333,SAME,S2_CLOSE -1.576,
V2,V1_TRADE,EUR/USD_2025-07-01,1h,demand,2025-04-11T05:00:00Z,2025-04-11T17:00:00Z,TARGET,1.932346723044396,SAME,TARGET +1.932,
V2,V1_TRADE,EUR/USD_2025-07-01,1h,demand,2025-04-14T13:00:00Z,2025-04-15T01:00:00Z,TARGET,1.9219512195121993,SAME,TARGET +1.922,
V2,V1_TRADE,EUR/USD_2025-07-01,1h,demand,2025-04-11T05:00:00Z,2025-04-15T15:00:00Z,TARGET,1.932346723044396,SAME,TARGET +1.932,
V2,V1_TRADE,EUR/USD_2025-07-01,1h,demand,2025-04-22T00:00:00Z,2025-04-22T06:00:00Z,S2_CLOSE,-1.7963525835866667,SAME,S2_CLOSE -1.796,
V2,V1_TRADE,EUR/USD_2025-07-01,1h,demand,2025-04-22T00:00:00Z,2025-04-22T08:00:00Z,S2_CLOSE,-1.7963525835866667,REMOVED,,SLOT_OCCUPIED by 1h 2025-04-22T06:00:00Z
V2,V1_TRADE,EUR/USD_2025-07-01,1h,demand,2025-04-18T06:00:00Z,2025-04-22T21:00:00Z,S2_CLOSE,-4.542857142857676,REMOVED,,OTHER_ZONE_TAKEN_ON_BAR (2025-04-18T04:00:00Z)
V2,V1_TRADE,EUR/USD_2025-07-01,1h,supply,2025-04-23T14:00:00Z,2025-04-24T02:00:00Z,S2_CLOSE,-1.1065719360567694,SAME,S2_CLOSE -1.107,
V2,V1_TRADE,EUR/USD_2025-07-01,1h,supply,2025-04-23T11:00:00Z,2025-04-29T08:00:00Z,TARGET,1.8947368421052762,SAME,TARGET +1.895,
V2,V1_TRADE,EUR/USD_2025-07-01,1h,supply,2025-04-23T11:00:00Z,2025-04-29T15:00:00Z,TARGET,1.8947368421052762,SAME,TARGET +1.895,
V2,V1_TRADE,EUR/USD_2025-07-01,1h,demand,2025-04-15T21:00:00Z,2025-05-01T05:00:00Z,TARGET,1.686274509803928,REMOVED,,SLOT_OCCUPIED by 4h 2025-05-01T05:00:00Z
V2,V1_TRADE,EUR/USD_2025-07-01,1h,demand,2025-04-11T05:00:00Z,2025-05-01T06:00:00Z,TARGET,1.932346723044396,REMOVED,,SLOT_OCCUPIED by 4h 2025-05-01T05:00:00Z
V2,V1_TRADE,EUR/USD_2025-07-01,1h,demand,2025-04-11T05:00:00Z,2025-05-02T17:00:00Z,TARGET,1.932346723044396,SAME,TARGET +1.932,
V2,V1_TRADE,EUR/USD_2025-07-01,1h,demand,2025-04-11T05:00:00Z,2025-05-05T17:00:00Z,TARGET,1.932346723044396,REMOVED,,SLOT_OCCUPIED by 4h 2025-05-05T13:00:00Z
V2,V1_TRADE,EUR/USD_2025-07-01,1h,supply,2025-04-30T11:00:00Z,2025-05-06T18:00:00Z,TARGET,1.8740157480315065,SAME,TARGET +1.874,
V2,V1_TRADE,EUR/USD_2025-07-01,1h,supply,2025-04-30T11:00:00Z,2025-05-07T07:00:00Z,TARGET,1.8740157480315065,REMOVED,,SLOT_OCCUPIED by 4h 2025-05-07T05:00:00Z
V2,V1_TRADE,EUR/USD_2025-07-01,1h,demand,2025-05-06T23:00:00Z,2025-05-07T17:00:00Z,TARGET,1.7538461538461687,SAME,TARGET +1.754,
V2,V1_TRADE,EUR/USD_2025-07-01,1h,demand,2025-04-11T05:00:00Z,2025-05-07T20:00:00Z,S2_CLOSE,-2.188160676532812,REMOVED,,SLOT_OCCUPIED by 4h 2025-05-07T17:00:00Z
V2,V1_TRADE,EUR/USD_2025-07-01,1h,demand,2025-04-10T11:00:00Z,2025-05-12T10:00:00Z,TARGET,1.827027027027039,SAME,TARGET +1.827,
V2,V1_TRADE,EUR/USD_2025-07-01,1h,demand,2025-04-10T11:00:00Z,2025-05-12T18:00:00Z,TARGET,1.827027027027039,SAME,TARGET +1.827,
V2,V1_TRADE,EUR/USD_2025-07-01,1h,supply,2025-05-12T08:00:00Z,2025-05-13T04:00:00Z,S2_CLOSE,-1.5790297339592911,SAME,S2_CLOSE -1.579,
V2,V1_TRADE,EUR/USD_2025-07-01,1h,supply,2025-05-12T00:00:00Z,2025-05-14T08:00:00Z,S2_CLOSE,-2.9054054054048932,SAME,S2_CLOSE -2.905,
V2,V1_TRADE,EUR/USD_2025-07-01,1h,supply,2025-05-14T12:00:00Z,2025-05-15T06:00:00Z,TARGET,1.8769230769230634,SAME,TARGET +1.877,
V2,V1_TRADE,EUR/USD_2025-07-01,1h,demand,2025-05-15T17:00:00Z,2025-05-15T21:00:00Z,TARGET,1.834196891191728,REMOVED,,LOOKAHEAD_DEPENDENCY: VALIDATED_BY_TOUCH_BAR_CLOSE
V2,V1_TRADE,EUR/USD_2025-07-01,1h,demand,2025-05-15T23:00:00Z,2025-05-16T09:00:00Z,TARGET,1.3600000000002137,OUTCOME_CHANGED,AMBIGUOUS ,V2 AMBIGUOUS (entry and target in the same minute)
V2,V1_TRADE,EUR/USD_2025-07-01,1h,demand,2025-05-15T23:00:00Z,2025-05-16T11:00:00Z,TARGET,1.3600000000002137,SAME,TARGET +1.360,
V2,V1_TRADE,EUR/USD_2025-07-01,1h,supply,2025-05-02T13:00:00Z,2025-05-21T06:00:00Z,TARGET,1.9512937595129374,SHIFTED,2025-05-21T18:00:00Z TARGET +1.951,same zone entered on a different bar
V2,V1_TRADE,EUR/USD_2025-07-01,1h,demand,2025-05-20T18:00:00Z,2025-05-22T14:00:00Z,TARGET,1.6666666666666916,SAME,TARGET +1.667,
V2,V1_TRADE,EUR/USD_2025-07-01,1h,demand,2025-05-20T15:00:00Z,2025-05-22T17:00:00Z,TARGET,1.8476190476190468,SAME,TARGET +1.848,
V2,V1_TRADE,EUR/USD_2025-07-01,1h,supply,2025-05-02T13:00:00Z,2025-05-23T09:00:00Z,S2_CLOSE,-1.5570776255707977,SAME,S2_CLOSE -1.557,
V2,V1_TRADE,EUR/USD_2025-07-01,1h,demand,2025-05-22T23:00:00Z,2025-05-28T18:00:00Z,TARGET,1.632183908045946,REMOVED,,SLOT_OCCUPIED by 4h 2025-05-28T17:00:00Z
V2,V1_TRADE,EUR/USD_2025-07-01,1h,demand,2025-05-20T12:00:00Z,2025-05-29T01:00:00Z,TARGET,1.8683127572016425,SAME,TARGET +1.868,
V2,V1_TRADE,EUR/USD_2025-07-01,1h,supply,2025-05-27T12:00:00Z,2025-05-29T13:00:00Z,TARGET,1.8171428571428485,SAME,TARGET +1.817,
V2,V1_TRADE,EUR/USD_2025-07-01,1h,supply,2025-05-27T12:00:00Z,2025-05-29T15:00:00Z,S2_CLOSE,-1.5485714285715662,SAME,S2_CLOSE -1.549,
V2,V1_TRADE,EUR/USD_2025-07-01,1h,demand,2025-06-01T23:00:00Z,2025-06-02T03:00:00Z,TARGET,1.6923076923077374,SAME,TARGET +1.692,
V2,V1_TRADE,EUR/USD_2025-07-01,1h,supply,2025-04-29T16:00:00Z,2025-06-02T06:00:00Z,S2_CLOSE,-1.5020576131687888,SAME,S2_CLOSE -1.502,
V2,V1_TRADE,EUR/USD_2025-07-01,1h,supply,2025-04-22T20:00:00Z,2025-06-02T11:00:00Z,TARGET,1.7714285714286186,SAME,TARGET +1.771,
V2,V1_TRADE,EUR/USD_2025-07-01,1h,supply,2025-04-22T17:00:00Z,2025-06-02T14:00:00Z,TARGET,1.8655462184873977,SAME,TARGET +1.866,
V2,V1_TRADE,EUR/USD_2025-07-01,1h,supply,2025-04-23T09:00:00Z,2025-06-02T17:00:00Z,S2_CLOSE,-1.2000000000001079,SAME,S2_CLOSE -1.200,
V2,V1_TRADE,EUR/USD_2025-07-01,1h,supply,2025-04-22T17:00:00Z,2025-06-02T20:00:00Z,TARGET,1.8655462184873977,SAME,TARGET +1.866,
V2,V1_TRADE,EUR/USD_2025-07-01,1h,demand,2025-06-02T08:00:00Z,2025-06-03T03:00:00Z,S2_CLOSE,-1.2322580645163073,SAME,S2_CLOSE -1.232,
V2,V1_TRADE,EUR/USD_2025-07-01,1h,demand,2025-06-01T23:00:00Z,2025-06-04T05:00:00Z,TARGET,1.6923076923077374,SAME,TARGET +1.692,
V2,V1_TRADE,EUR/USD_2025-07-01,1h,supply,2025-04-22T17:00:00Z,2025-06-05T12:00:00Z,TARGET,1.8655462184873977,SAME,TARGET +1.866,
V2,V1_TRADE,EUR/USD_2025-07-01,1h,supply,2025-06-06T10:00:00Z,2025-06-09T03:00:00Z,TARGET,1.5789473684208586,SAME,TARGET +1.579,
V2,V1_TRADE,EUR/USD_2025-07-01,1h,supply,2025-06-06T10:00:00Z,2025-06-09T05:00:00Z,S2_CLOSE,-2.1315789473689226,SAME,S2_CLOSE -2.132,
V2,V1_TRADE,EUR/USD_2025-07-01,1h,supply,2025-06-09T06:00:00Z,2025-06-09T15:00:00Z,TARGET,1.74400000000004,SAME,TARGET +1.744,
V2,V1_TRADE,EUR/USD_2025-07-01,1h,supply,2025-06-09T06:00:00Z,2025-06-09T17:00:00Z,TARGET,1.74400000000004,REMOVED,,SLOT_OCCUPIED by 1h 2025-06-09T15:00:00Z
V2,V1_TRADE,EUR/USD_2025-07-01,1h,supply,2025-06-09T23:00:00Z,2025-06-10T10:00:00Z,S2_CLOSE,-1.4175824175827632,SAME,S2_CLOSE -1.418,
V2,V1_TRADE,EUR/USD_2025-07-01,1h,supply,2025-06-09T06:00:00Z,2025-06-10T11:00:00Z,S2_CLOSE,-1.6399999999999288,REMOVED,,SLOT_OCCUPIED by 1h 2025-06-10T10:00:00Z
V2,V1_TRADE,EUR/USD_2025-07-01,1h,supply,2025-06-10T23:00:00Z,2025-06-11T09:00:00Z,S2_CLOSE,-3.437158469945375,SAME,S2_CLOSE -3.437,
V2,V1_TRADE,EUR/USD_2025-07-01,1h,supply,2025-04-22T07:00:00Z,2025-06-11T16:00:00Z,S2_CLOSE,-1.1573033707864195,SAME,S2_CLOSE -1.157,
V2,V1_TRADE,EUR/USD_2025-07-01,1h,demand,2025-06-12T06:00:00Z,2025-06-13T05:00:00Z,TARGET,1.8468899521531046,REMOVED,,SLOT_OCCUPIED by 4h 2025-06-13T01:00:00Z
V2,V1_TRADE,EUR/USD_2025-07-01,1h,demand,2025-06-16T11:00:00Z,2025-06-16T17:00:00Z,S2_CLOSE,-3.067567567567797,SAME,S2_CLOSE -3.068,
V2,V1_TRADE,EUR/USD_2025-07-01,1h,demand,2025-06-13T10:00:00Z,2025-06-17T16:00:00Z,S2_CLOSE,-1.1747572815533915,SAME,S2_CLOSE -1.175,
V2,V1_TRADE,EUR/USD_2025-07-01,1h,demand,2025-06-11T19:00:00Z,2025-06-17T19:00:00Z,TARGET,1.6049382716049272,SAME,TARGET +1.605,
V2,V1_TRADE,EUR/USD_2025-07-01,1h,supply,2025-06-17T15:00:00Z,2025-06-18T18:00:00Z,TARGET,1.8181818181818166,OUTCOME_CHANGED,AMBIGUOUS ,V2 AMBIGUOUS (entry and target in the same minute)
V2,V1_TRADE,EUR/USD_2025-07-01,1h,supply,2025-06-18T20:00:00Z,2025-06-19T09:00:00Z,TARGET,1.7681159420289376,SAME,TARGET +1.768,
V2,V1_TRADE,EUR/USD_2025-07-01,1h,supply,2025-06-18T20:00:00Z,2025-06-19T17:00:00Z,S2_CLOSE,-3.1014492753627727,SAME,S2_CLOSE -3.101,
V2,V1_TRADE,EUR/USD_2025-07-01,1h,supply,2025-06-18T15:00:00Z,2025-06-20T01:00:00Z,S2_CLOSE,-1.5234375000000295,SAME,S2_CLOSE -1.523,
V2,V1_TRADE,EUR/USD_2025-07-01,1h,demand,2025-06-20T01:00:00Z,2025-06-20T19:00:00Z,S2_CLOSE,-3.5999999999995476,SAME,S2_CLOSE -3.600,
V2,V1_TRADE,EUR/USD_2025-07-01,1h,demand,2025-06-20T12:00:00Z,2025-06-20T20:00:00Z,S2_CLOSE,-1.7162790697674832,REMOVED,,SLOT_OCCUPIED by 1h 2025-06-20T19:00:00Z
V2,V1_TRADE,EUR/USD_2025-07-01,1h,supply,2025-06-20T16:00:00Z,2025-06-23T14:00:00Z,S2_CLOSE,-1.956989247311846,REMOVED,,SLOT_OCCUPIED (same-TF exit bar)
V2,V1_TRADE,EUR/USD_2025-07-01,1h,supply,2025-06-16T18:00:00Z,2025-06-23T19:00:00Z,S2_CLOSE,-3.6511627906985753,SHIFTED,2025-06-23T21:00:00Z S2_CLOSE -3.651,same zone entered on a different bar
V2,V1_TRADE,EUR/USD_2025-07-01,1h,supply,2025-06-16T13:00:00Z,2025-06-24T00:00:00Z,S2_CLOSE,-1.1743119266054753,SAME,S2_CLOSE -1.174,
V2,V1_TRADE,EUR/USD_2025-07-01,1h,demand,2025-06-24T15:00:00Z,2025-06-25T02:00:00Z,S2_CLOSE,-1.6622073578595937,SAME,S2_CLOSE -1.662,
V2,V1_TRADE,EUR/USD_2025-07-01,1h,demand,2025-06-24T07:00:00Z,2025-06-25T09:00:00Z,TARGET,1.8977635782747484,SAME,TARGET +1.898,
V2,V1_TRADE,EUR/USD_2025-07-01,1h,supply,2025-06-24T17:00:00Z,2025-06-25T16:00:00Z,S2_CLOSE,-2.9636363636362417,SAME,S2_CLOSE -2.964,
V2,V1_TRADE,EUR/USD_2025-07-01,1h,demand,2025-06-26T00:00:00Z,2025-06-26T05:00:00Z,TARGET,1.6631578947368444,SAME,TARGET +1.663,
V2,V1_TRADE,EUR/USD_2025-07-01,1h,demand,2025-06-26T11:00:00Z,2025-06-26T19:00:00Z,S2_CLOSE,-2.0707964601769158,SAME,S2_CLOSE -2.071,
V2,V1_TRADE,EUR/USD_2025-07-01,1h,demand,2025-06-26T00:00:00Z,2025-06-26T23:00:00Z,TARGET,1.6631578947368444,SAME,TARGET +1.663,
V2,V1_TRADE,EUR/USD_2025-07-01,1h,demand,2025-06-26T04:00:00Z,2025-06-27T02:00:00Z,TARGET,1.8083832335329155,SAME,TARGET +1.808,
V2,V1_TRADE,EUR/USD_2025-07-01,1h,demand,2025-06-26T00:00:00Z,2025-06-27T06:00:00Z,TARGET,1.6631578947368444,SAME,TARGET +1.663,
V2,V1_TRADE,EUR/USD_2025-07-01,1h,demand,2025-06-30T03:00:00Z,2025-06-30T08:00:00Z,TARGET,1.7168141592919985,SAME,TARGET +1.717,
V2,V1_TRADE,EUR/USD_2025-07-01,1h,demand,2025-06-30T03:00:00Z,2025-06-30T10:00:00Z,TARGET,1.7168141592919985,SAME,TARGET +1.717,
V2,V1_TRADE,EUR/USD_2025-07-01,1h,demand,2025-06-30T03:00:00Z,2025-06-30T12:00:00Z,TARGET,1.7168141592919985,SAME,TARGET +1.717,
V2,V1_TRADE,EUR/USD_2025-07-01,4h,demand,2025-03-18T08:00:00Z,2025-03-19T00:00:00Z,S2_CLOSE,-2.139364303178445,SAME,S2_CLOSE -2.139,
V2,V1_TRADE,EUR/USD_2025-07-01,4h,demand,2025-03-17T04:00:00Z,2025-03-19T12:00:00Z,TARGET,1.8769230769230845,SAME,TARGET +1.877,
V2,V1_TRADE,EUR/USD_2025-07-01,4h,demand,2025-03-17T04:00:00Z,2025-03-20T04:00:00Z,S2_CLOSE,-2.5461538461538518,SAME,S2_CLOSE -2.546,
V2,V1_TRADE,EUR/USD_2025-07-01,4h,demand,2025-03-10T04:00:00Z,2025-03-21T08:00:00Z,S2_CLOSE,-1.3054755043227877,SAME,S2_CLOSE -1.305,
V2,V1_TRADE,EUR/USD_2025-07-01,4h,demand,2025-03-06T00:00:00Z,2025-03-24T12:00:00Z,S2_CLOSE,-1.1424332344212673,SAME,S2_CLOSE -1.142,
V2,V1_TRADE,EUR/USD_2025-07-01,4h,supply,2025-03-26T08:00:00Z,2025-03-27T12:00:00Z,TARGET,1.8222222222222026,REMOVED,,SLOT_OCCUPIED by 1h 2025-03-27T12:00:00Z
V2,V1_TRADE,EUR/USD_2025-07-01,4h,supply,2025-03-26T08:00:00Z,2025-03-28T04:00:00Z,TARGET,1.8222222222222026,REMOVED,,SLOT_OCCUPIED by 4h 2025-03-27T16:00:00Z
V2,V1_TRADE,EUR/USD_2025-07-01,4h,demand,2025-03-28T08:00:00Z,2025-04-01T08:00:00Z,TARGET,1.9021406727828778,SAME,TARGET +1.902,
V2,V1_TRADE,EUR/USD_2025-07-01,4h,supply,2025-03-19T08:00:00Z,2025-04-02T20:00:00Z,TARGET,1.8571428571428583,REMOVED,,SLOT_OCCUPIED by 1h 2025-04-02T20:00:00Z
V2,V1_TRADE,EUR/USD_2025-07-01,4h,demand,2025-04-07T17:00:00Z,2025-04-09T17:00:00Z,TARGET,1.931286235774102,SAME,TARGET +1.931,
V2,V1_TRADE,EUR/USD_2025-07-01,4h,supply,2025-04-30T09:00:00Z,2025-05-02T13:00:00Z,TARGET,1.904761904761912,SHIFTED,2025-05-07T05:00:00Z TARGET +1.905,same zone entered on a different bar
V2,V1_TRADE,EUR/USD_2025-07-01,4h,demand,2025-04-15T13:00:00Z,2025-05-05T13:00:00Z,TARGET,1.9488000000000008,SAME,TARGET +1.949,
V2,V1_TRADE,EUR/USD_2025-07-01,4h,supply,2025-05-09T05:00:00Z,2025-05-11T21:00:00Z,TARGET,1.923076923076926,REMOVED,,LOOKAHEAD_DEPENDENCY: FVG_ONLY_WITH_TOUCH_BAR
V2,V1_TRADE,EUR/USD_2025-07-01,4h,supply,2025-05-09T05:00:00Z,2025-05-14T05:00:00Z,TARGET,1.923076923076926,REMOVED,,SLOT_OCCUPIED by 1h 2025-05-14T08:00:00Z
V2,V1_TRADE,EUR/USD_2025-07-01,4h,supply,2025-05-09T05:00:00Z,2025-05-19T05:00:00Z,S2_CLOSE,-2.240384615384609,SAME,S2_CLOSE -2.240,
V2,V1_TRADE,EUR/USD_2025-07-01,4h,supply,2025-05-09T05:00:00Z,2025-05-19T13:00:00Z,S2_CLOSE,-2.240384615384609,REMOVED,,SLOT_OCCUPIED by 4h 2025-05-19T05:00:00Z
V2,V1_TRADE,EUR/USD_2025-07-01,4h,supply,2025-05-08T01:00:00Z,2025-05-21T01:00:00Z,S2_CLOSE,-1.3623693379790727,SAME,S2_CLOSE -1.362,
V2,V1_TRADE,EUR/USD_2025-07-01,4h,demand,2025-05-23T09:00:00Z,2025-05-27T13:00:00Z,S2_CLOSE,-1.1256281407035165,SAME,S2_CLOSE -1.126,
V2,V1_TRADE,EUR/USD_2025-07-01,4h,demand,2025-05-22T13:00:00Z,2025-05-28T17:00:00Z,S2_CLOSE,-2.4246575342465206,SAME,S2_CLOSE -2.425,
V2,V1_TRADE,EUR/USD_2025-07-01,4h,demand,2025-05-20T09:00:00Z,2025-05-29T05:00:00Z,TARGET,1.9272727272727266,REMOVED,,SLOT_OCCUPIED by 1h 2025-05-29T01:00:00Z
V2,V1_TRADE,EUR/USD_2025-07-01,4h,supply,2025-04-22T01:00:00Z,2025-06-12T01:00:00Z,S2_CLOSE,-1.205405405405415,SAME,S2_CLOSE -1.205,
V2,V1_TRADE,EUR/USD_2025-07-01,4h,demand,2025-06-12T01:00:00Z,2025-06-13T01:00:00Z,TARGET,1.8620689655172473,SAME,TARGET +1.862,
V2,V1_TRADE,EUR/USD_2025-07-01,4h,demand,2025-06-11T17:00:00Z,2025-06-13T09:00:00Z,TARGET,1.8468899521531046,REMOVED,,SLOT_OCCUPIED by 1h 2025-06-13T10:00:00Z (recovered suppressed trade)
V2,V1_TRADE,EUR/USD_2025-07-01,4h,demand,2025-06-11T17:00:00Z,2025-06-17T21:00:00Z,TARGET,1.8468899521531046,REMOVED,,SLOT_OCCUPIED by 1h 2025-06-17T19:00:00Z
V2,V1_TRADE,EUR/USD_2025-07-01,4h,demand,2025-06-11T17:00:00Z,2025-06-18T13:00:00Z,TARGET,1.8468899521531046,SAME,TARGET +1.847,
V2,V1_TRADE,EUR/USD_2025-07-01,4h,supply,2025-06-20T13:00:00Z,2025-06-23T05:00:00Z,TARGET,1.9250585480093676,SAME,TARGET +1.925,
V2,V1_TRADE,EUR/USD_2025-07-01,4h,supply,2025-06-17T01:00:00Z,2025-06-23T13:00:00Z,S2_CLOSE,-2.0313901345288063,SAME,S2_CLOSE -2.031,
V2,V1_TRADE,EUR/USD_2025-07-01,4h,supply,2025-06-16T13:00:00Z,2025-06-24T01:00:00Z,S2_CLOSE,-1.5591397849462403,SHIFTED,2025-06-24T09:00:00Z S2_CLOSE -1.559,same zone entered on a different bar
V2,V1_TRADE,EUR/USD_2025-11-01,1h,supply,2025-07-04T13:00:00Z,2025-07-23T18:00:00Z,TARGET,1.7823129251700474,SAME,TARGET +1.782,
V2,V1_TRADE,EUR/USD_2025-11-01,1h,supply,2025-07-04T13:00:00Z,2025-07-24T13:00:00Z,TARGET,1.7823129251700474,REMOVED,,SLOT_OCCUPIED by 4h 2025-07-24T13:00:00Z
V2,V1_TRADE,EUR/USD_2025-11-01,1h,supply,2025-07-04T13:00:00Z,2025-07-24T15:00:00Z,TARGET,1.7823129251700474,REMOVED,,SLOT_OCCUPIED by 4h 2025-07-24T13:00:00Z
V2,V1_TRADE,EUR/USD_2025-11-01,1h,supply,2025-07-04T13:00:00Z,2025-07-24T17:00:00Z,TARGET,1.7823129251700474,REMOVED,,SLOT_OCCUPIED by 4h 2025-07-24T13:00:00Z
V2,V1_TRADE,EUR/USD_2025-11-01,1h,supply,2025-07-24T13:00:00Z,2025-07-24T20:00:00Z,TARGET,1.9304347826086947,SHIFTED,2025-07-25T00:00:00Z TARGET +1.930,same zone entered on a different bar
V2,V1_TRADE,EUR/USD_2025-11-01,1h,supply,2025-07-24T13:00:00Z,2025-07-27T23:00:00Z,TARGET,1.9304347826086947,SAME,TARGET +1.930,
V2,V1_TRADE,EUR/USD_2025-11-01,1h,demand,2025-07-21T13:00:00Z,2025-07-28T09:00:00Z,TARGET,1.632183908045946,SAME,TARGET +1.632,
V2,V1_TRADE,EUR/USD_2025-11-01,1h,demand,2025-07-21T08:00:00Z,2025-07-28T11:00:00Z,TARGET,1.8083832335329666,SAME,TARGET +1.808,
V2,V1_TRADE,EUR/USD_2025-11-01,1h,supply,2025-07-29T04:00:00Z,2025-07-29T09:00:00Z,TARGET,1.773049645390128,SAME,TARGET +1.773,
V2,V1_TRADE,EUR/USD_2025-11-01,1h,supply,2025-07-31T11:00:00Z,2025-07-31T14:00:00Z,TARGET,1.8000000000000336,SAME,TARGET +1.800,
V2,V1_TRADE,EUR/USD_2025-11-01,1h,supply,2025-07-31T14:00:00Z,2025-07-31T19:00:00Z,S2_CLOSE,-5.452655889145625,SHIFTED,2025-08-01T01:00:00Z S2_CLOSE -5.453,same zone entered on a different bar
V2,V1_TRADE,EUR/USD_2025-11-01,1h,supply,2025-07-29T04:00:00Z,2025-08-01T13:00:00Z,TARGET,1.773049645390128,SAME,TARGET +1.773,
V2,V1_TRADE,EUR/USD_2025-11-01,1h,supply,2025-07-30T00:00:00Z,2025-08-01T14:00:00Z,TARGET,1.8095238095237987,SAME,TARGET +1.810,
V2,V1_TRADE,EUR/USD_2025-11-01,1h,supply,2025-07-30T00:00:00Z,2025-08-01T16:00:00Z,TARGET,1.8095238095237987,SAME,TARGET +1.810,
V2,V1_TRADE,EUR/USD_2025-11-01,1h,supply,2025-07-29T04:00:00Z,2025-08-01T19:00:00Z,S2_CLOSE,-1.4680851063828657,REMOVED,,SLOT_OCCUPIED by 4h 2025-08-01T17:00:00Z (recovered suppressed trade)
V2,V1_TRADE,EUR/USD_2025-11-01,1h,supply,2025-07-29T02:00:00Z,2025-08-01T20:00:00Z,TARGET,1.5844155844156704,REMOVED,,SLOT_OCCUPIED by 4h 2025-08-01T17:00:00Z (recovered suppressed trade)
V2,V1_TRADE,EUR/USD_2025-11-01,1h,demand,2025-08-04T00:00:00Z,2025-08-04T05:00:00Z,S2_CLOSE,-1.6204819277109348,SAME,S2_CLOSE -1.620,
V2,V1_TRADE,EUR/USD_2025-11-01,1h,demand,2025-08-01T18:00:00Z,2025-08-05T07:00:00Z,TARGET,1.8792452830188495,SAME,TARGET +1.879,
V2,V1_TRADE,EUR/USD_2025-11-01,1h,demand,2025-08-01T18:00:00Z,2025-08-05T09:00:00Z,TARGET,1.8792452830188495,SHIFTED,2025-10-31T20:00:00Z OPEN_AT_DATA_END ,same zone entered on a different bar
V2,V1_TRADE,EUR/USD_2025-11-01,1h,supply,2025-08-04T23:00:00Z,2025-08-05T15:00:00Z,TARGET,1.6049382716049272,SAME,TARGET +1.605,
V2,V1_TRADE,EUR/USD_2025-11-01,1h,supply,2025-08-04T23:00:00Z,2025-08-05T17:00:00Z,TARGET,1.6049382716049272,SHIFTED,2025-08-06T09:00:00Z S2_CLOSE -6.556,same zone entered on a different bar
V2,V1_TRADE,EUR/USD_2025-11-01,1h,supply,2025-08-04T23:00:00Z,2025-08-06T00:00:00Z,TARGET,1.6049382716049272,SAME,TARGET +1.605,
V2,V1_TRADE,EUR/USD_2025-11-01,1h,supply,2025-08-04T23:00:00Z,2025-08-06T03:00:00Z,TARGET,1.6049382716049272,SAME,TARGET +1.605,
V2,V1_TRADE,EUR/USD_2025-11-01,1h,supply,2025-08-04T23:00:00Z,2025-08-06T05:00:00Z,TARGET,1.6049382716049272,REMOVED,,SLOT_OCCUPIED by 1h 2025-08-06T03:00:00Z
V2,V1_TRADE,EUR/USD_2025-11-01,1h,supply,2025-07-28T14:00:00Z,2025-08-06T15:00:00Z,S2_CLOSE,-1.3508771929824694,SAME,S2_CLOSE -1.351,
V2,V1_TRADE,EUR/USD_2025-11-01,1h,supply,2025-07-28T12:00:00Z,2025-08-06T18:00:00Z,S2_CLOSE,-1.9176470588233259,SAME,S2_CLOSE -1.918,
V2,V1_TRADE,EUR/USD_2025-11-01,1h,supply,2025-07-28T08:00:00Z,2025-08-07T08:00:00Z,TARGET,1.8324607329843001,SAME,TARGET +1.832,
V2,V1_TRADE,EUR/USD_2025-11-01,1h,demand,2025-08-07T14:00:00Z,2025-08-08T09:00:00Z,TARGET,1.9118457300275542,SAME,TARGET +1.912,
V2,V1_TRADE,EUR/USD_2025-11-01,1h,demand,2025-08-07T14:00:00Z,2025-08-11T11:00:00Z,S2_CLOSE,-2.0192837465563884,SAME,S2_CLOSE -2.019,
V2,V1_TRADE,EUR/USD_2025-11-01,1h,supply,2025-08-11T08:00:00Z,2025-08-12T12:00:00Z,TARGET,1.8095238095237987,SAME,TARGET +1.810,
V2,V1_TRADE,EUR/USD_2025-11-01,1h,supply,2025-08-11T08:00:00Z,2025-08-12T14:00:00Z,S2_CLOSE,-2.7500000000002722,SAME,S2_CLOSE -2.750,
V2,V1_TRADE,EUR/USD_2025-11-01,1h,supply,2025-07-28T08:00:00Z,2025-08-12T17:00:00Z,S2_CLOSE,-1.4502617801046855,SAME,S2_CLOSE -1.450,
V2,V1_TRADE,EUR/USD_2025-11-01,1h,demand,2025-08-13T12:00:00Z,2025-08-13T16:00:00Z,S2_CLOSE,-2.012048192771035,SAME,S2_CLOSE -2.012,
V2,V1_TRADE,EUR/USD_2025-11-01,1h,demand,2025-08-12T21:00:00Z,2025-08-14T09:00:00Z,TARGET,1.7793103448276126,SAME,TARGET +1.779,
V2,V1_TRADE,EUR/USD_2025-11-01,1h,demand,2025-08-14T16:00:00Z,2025-08-20T00:00:00Z,S2_CLOSE,-1.5384615384617275,REMOVED,,SLOT_OCCUPIED by 4h 2025-08-19T21:00:00Z
V2,V1_TRADE,EUR/USD_2025-11-01,1h,supply,2025-08-19T22:00:00Z,2025-08-20T08:00:00Z,TARGET,1.6521739130434063,REMOVED,,SLOT_OCCUPIED by 4h 2025-08-19T21:00:00Z
V2,V1_TRADE,EUR/USD_2025-11-01,1h,supply,2025-08-19T22:00:00Z,2025-08-20T10:00:00Z,S2_CLOSE,-5.434782608696311,REMOVED,,SLOT_OCCUPIED by 4h 2025-08-19T21:00:00Z
V2,V1_TRADE,EUR/USD_2025-11-01,1h,demand,2025-08-12T09:00:00Z,2025-08-21T19:00:00Z,S2_CLOSE,-2.333333333333401,SAME,S2_CLOSE -2.333,
V2,V1_TRADE,EUR/USD_2025-11-01,1h,supply,2025-08-13T09:00:00Z,2025-08-22T16:00:00Z,S2_CLOSE,-1.8654970760231107,REMOVED,,SLOT_OCCUPIED by 4h 2025-08-22T09:00:00Z
V2,V1_TRADE,EUR/USD_2025-11-01,1h,demand,2025-08-22T13:00:00Z,2025-08-26T08:00:00Z,TARGET,1.8558558558558487,SAME,TARGET +1.856,
V2,V1_TRADE,EUR/USD_2025-11-01,1h,demand,2025-08-22T10:00:00Z,2025-08-27T07:00:00Z,TARGET,1.5616438356163767,SAME,TARGET +1.562,
V2,V1_TRADE,EUR/USD_2025-11-01,1h,supply,2025-08-26T18:00:00Z,2025-08-27T20:00:00Z,S2_CLOSE,-1.9523809523810223,SAME,S2_CLOSE -1.952,
V2,V1_TRADE,EUR/USD_2025-11-01,1h,supply,2025-08-26T11:00:00Z,2025-08-28T03:00:00Z,TARGET,1.8391959798994744,SAME,TARGET +1.839,
V2,V1_TRADE,EUR/USD_2025-11-01,1h,supply,2025-08-26T11:00:00Z,2025-08-28T09:00:00Z,S2_CLOSE,-2.1457286432162257,SAME,S2_CLOSE -2.146,
V2,V1_TRADE,EUR/USD_2025-11-01,1h,demand,2025-09-01T03:00:00Z,2025-09-01T13:00:00Z,S2_CLOSE,-2.10679611650528,SAME,S2_CLOSE -2.107,
V2,V1_TRADE,EUR/USD_2025-11-01,1h,demand,2025-09-01T15:00:00Z,2025-09-01T21:00:00Z,TARGET,1.7333333333333039,SAME,TARGET +1.733,
V2,V1_TRADE,EUR/USD_2025-11-01,1h,demand,2025-09-01T17:00:00Z,2025-09-02T00:00:00Z,S2_CLOSE,-2.5384615384620397,SAME,S2_CLOSE -2.538,
V2,V1_TRADE,EUR/USD_2025-11-01,1h,demand,2025-09-01T01:00:00Z,2025-09-02T02:00:00Z,TARGET,1.6666666666666916,REMOVED,,SLOT_OCCUPIED by 1h 2025-09-02T00:00:00Z
V2,V1_TRADE,EUR/USD_2025-11-01,1h,demand,2025-09-01T01:00:00Z,2025-09-02T04:00:00Z,TARGET,1.6666666666666916,SAME,TARGET +1.667,
V2,V1_TRADE,EUR/USD_2025-11-01,1h,demand,2025-08-28T05:00:00Z,2025-09-02T08:00:00Z,TARGET,1.4385964912278115,REMOVED,,SLOT_OCCUPIED by 4h 2025-09-02T05:00:00Z
V2,V1_TRADE,EUR/USD_2025-11-01,1h,demand,2025-08-28T08:00:00Z,2025-09-02T09:00:00Z,S2_CLOSE,-2.409090909090888,REMOVED,,SLOT_OCCUPIED by 4h 2025-09-02T05:00:00Z
V2,V1_TRADE,EUR/USD_2025-11-01,1h,supply,2025-07-24T13:00:00Z,2025-09-05T14:00:00Z,TARGET,1.9304347826086947,SAME,TARGET +1.930,
V2,V1_TRADE,EUR/USD_2025-11-01,1h,supply,2025-07-24T13:00:00Z,2025-09-08T13:00:00Z,S2_CLOSE,-1.1434782608695686,SAME,S2_CLOSE -1.143,
V2,V1_TRADE,EUR/USD_2025-11-01,1h,supply,2025-07-04T13:00:00Z,2025-09-09T06:00:00Z,TARGET,1.7823129251700474,SAME,TARGET +1.782,
V2,V1_TRADE,EUR/USD_2025-11-01,1h,demand,2025-09-08T17:00:00Z,2025-09-09T11:00:00Z,TARGET,1.7519379844961267,SAME,TARGET +1.752,
V2,V1_TRADE,EUR/USD_2025-11-01,1h,demand,2025-09-08T17:00:00Z,2025-09-09T13:00:00Z,TARGET,1.7519379844961267,REMOVED,,SLOT_OCCUPIED by 1h 2025-09-09T11:00:00Z
V2,V1_TRADE,EUR/USD_2025-11-01,1h,supply,2025-09-10T04:00:00Z,2025-09-10T09:00:00Z,TARGET,1.6404494382022703,SAME,TARGET +1.640,
V2,V1_TRADE,EUR/USD_2025-11-01,1h,demand,2025-09-05T11:00:00Z,2025-09-11T11:00:00Z,TARGET,1.77464788732394,SAME,TARGET +1.775,
V2,V1_TRADE,EUR/USD_2025-11-01,1h,supply,2025-09-09T13:00:00Z,2025-09-11T15:00:00Z,TARGET,1.8024691358024636,SAME,TARGET +1.802,
V2,V1_TRADE,EUR/USD_2025-11-01,1h,supply,2025-09-09T13:00:00Z,2025-09-15T07:00:00Z,S2_CLOSE,-1.5555555555554494,SAME,S2_CLOSE -1.556,
V2,V1_TRADE,EUR/USD_2025-11-01,1h,supply,2025-09-09T13:00:00Z,2025-09-15T09:00:00Z,S2_CLOSE,-1.5555555555554494,REMOVED,,SLOT_OCCUPIED by 1h 2025-09-15T07:00:00Z
V2,V1_TRADE,EUR/USD_2025-11-01,1h,supply,2025-07-04T05:00:00Z,2025-09-16T03:00:00Z,TARGET,1.4754098360655732,SAME,TARGET +1.475,
V2,V1_TRADE,EUR/USD_2025-11-01,1h,supply,2025-07-01T20:00:00Z,2025-09-16T08:00:00Z,S2_CLOSE,-1.9080459770112341,SAME,S2_CLOSE -1.908,
V2,V1_TRADE,EUR/USD_2025-11-01,1h,demand,2025-09-16T15:00:00Z,2025-09-17T08:00:00Z,TARGET,1.82320441988949,SAME,TARGET +1.823,
V2,V1_TRADE,EUR/USD_2025-11-01,1h,demand,2025-09-16T12:00:00Z,2025-09-18T04:00:00Z,S2_CLOSE,-1.1563786008230286,SAME,S2_CLOSE -1.156,
V2,V1_TRADE,EUR/USD_2025-11-01,1h,demand,2025-09-15T16:00:00Z,2025-09-18T13:00:00Z,TARGET,1.82320441988949,SAME,TARGET +1.823,
V2,V1_TRADE,EUR/USD_2025-11-01,1h,demand,2025-09-15T16:00:00Z,2025-09-19T06:00:00Z,S2_CLOSE,-3.342541436464218,SAME,S2_CLOSE -3.343,
V2,V1_TRADE,EUR/USD_2025-11-01,1h,supply,2025-09-19T13:00:00Z,2025-09-19T17:00:00Z,S2_CLOSE,-1.9787234042553798,SAME,S2_CLOSE -1.979,
V2,V1_TRADE,EUR/USD_2025-11-01,1h,supply,2025-09-19T03:00:00Z,2025-09-22T12:00:00Z,TARGET,1.7377049180327866,SAME,TARGET +1.738,
V2,V1_TRADE,EUR/USD_2025-11-01,1h,supply,2025-09-19T03:00:00Z,2025-09-22T16:00:00Z,S2_CLOSE,-1.950819672130927,SAME,S2_CLOSE -1.951,
V2,V1_TRADE,EUR/USD_2025-11-01,1h,demand,2025-09-22T21:00:00Z,2025-09-23T06:00:00Z,TARGET,1.7664233576641737,SAME,TARGET +1.766,
V2,V1_TRADE,EUR/USD_2025-11-01,1h,demand,2025-09-22T21:00:00Z,2025-09-23T10:00:00Z,TARGET,1.7664233576641737,SAME,TARGET +1.766,
V2,V1_TRADE,EUR/USD_2025-11-01,1h,demand,2025-09-23T14:00:00Z,2025-09-24T02:00:00Z,S2_CLOSE,-2.0866141732279404,SAME,S2_CLOSE -2.087,
V2,V1_TRADE,EUR/USD_2025-11-01,1h,demand,2025-09-23T07:00:00Z,2025-09-24T07:00:00Z,S2_CLOSE,-1.779342723004949,SAME,S2_CLOSE -1.779,
V2,V1_TRADE,EUR/USD_2025-11-01,1h,demand,2025-09-22T02:00:00Z,2025-09-24T13:00:00Z,TARGET,1.4920634920635973,SAME,TARGET +1.492,
V2,V1_TRADE,EUR/USD_2025-11-01,1h,demand,2025-09-22T02:00:00Z,2025-09-24T16:00:00Z,TARGET,1.4920634920635973,SAME,TARGET +1.492,
V2,V1_TRADE,EUR/USD_2025-11-01,1h,demand,2025-09-05T04:00:00Z,2025-09-25T15:00:00Z,TARGET,1.5844155844156704,SAME,TARGET +1.584,
V2,V1_TRADE,EUR/USD_2025-11-01,1h,demand,2025-09-05T06:00:00Z,2025-09-25T16:00:00Z,S2_CLOSE,-2.6229508196719467,SAME,S2_CLOSE -2.623,
V2,V1_TRADE,EUR/USD_2025-11-01,1h,supply,2025-09-25T03:00:00Z,2025-09-29T12:00:00Z,TARGET,1.4666666666666077,REMOVED,,SLOT_OCCUPIED by 4h 2025-09-29T09:00:00Z
V2,V1_TRADE,EUR/USD_2025-11-01,1h,supply,2025-09-30T08:00:00Z,2025-10-01T04:00:00Z,S2_CLOSE,-1.9162011173186881,SAME,S2_CLOSE -1.916,
V2,V1_TRADE,EUR/USD_2025-11-01,1h,supply,2025-10-01T06:00:00Z,2025-10-01T12:00:00Z,TARGET,1.866108786610885,SAME,TARGET +1.866,
V2,V1_TRADE,EUR/USD_2025-11-01,1h,supply,2025-10-01T06:00:00Z,2025-10-01T14:00:00Z,TARGET,1.866108786610885,REMOVED,,SLOT_OCCUPIED by 1h 2025-10-01T12:00:00Z
V2,V1_TRADE,EUR/USD_2025-11-01,1h,demand,2025-10-01T10:00:00Z,2025-10-01T16:00:00Z,TARGET,1.8181818181818166,SAME,TARGET +1.818,
V2,V1_TRADE,EUR/USD_2025-11-01,1h,demand,2025-10-01T15:00:00Z,2025-10-02T12:00:00Z,S2_CLOSE,-1.6619217081851194,SAME,S2_CLOSE -1.662,
V2,V1_TRADE,EUR/USD_2025-11-01,1h,demand,2025-10-02T17:00:00Z,2025-10-05T22:00:00Z,TARGET,1.6049382716049272,SAME,TARGET +1.605,
V2,V1_TRADE,EUR/USD_2025-11-01,1h,demand,2025-10-02T17:00:00Z,2025-10-06T00:00:00Z,TARGET,1.6049382716049272,REMOVED,,SLOT_OCCUPIED by 1h 2025-10-05T22:00:00Z
V2,V1_TRADE,EUR/USD_2025-11-01,1h,demand,2025-10-02T20:00:00Z,2025-10-06T05:00:00Z,S2_CLOSE,-5.639175257733729,SAME,S2_CLOSE -5.639,
V2,V1_TRADE,EUR/USD_2025-11-01,1h,supply,2025-10-06T14:00:00Z,2025-10-07T04:00:00Z,TARGET,1.8584070796459993,SAME,TARGET +1.858,
V2,V1_TRADE,EUR/USD_2025-11-01,1h,demand,2025-09-03T03:00:00Z,2025-10-08T01:00:00Z,S2_CLOSE,-2.3250000000000997,REMOVED,,SLOT_OCCUPIED by 4h 2025-10-08T00:00:00Z
V2,V1_TRADE,EUR/USD_2025-11-01,1h,supply,2025-10-08T10:00:00Z,2025-10-08T19:00:00Z,S2_CLOSE,-1.2156133828996123,SAME,S2_CLOSE -1.216,
V2,V1_TRADE,EUR/USD_2025-11-01,1h,supply,2025-10-08T13:00:00Z,2025-10-08T23:00:00Z,S2_CLOSE,-1.2222222222221795,SAME,S2_CLOSE -1.222,
V2,V1_TRADE,EUR/USD_2025-11-01,1h,demand,2025-10-10T11:00:00Z,2025-10-13T13:00:00Z,TARGET,1.7730496453900566,SHIFTED,2025-10-13T11:00:00Z TARGET +1.773,same zone entered on a different bar
V2,V1_TRADE,EUR/USD_2025-11-01,1h,supply,2025-10-13T09:00:00Z,2025-10-14T04:00:00Z,TARGET,1.7629629629629564,SAME,TARGET +1.763,
V2,V1_TRADE,EUR/USD_2025-11-01,1h,supply,2025-10-13T09:00:00Z,2025-10-14T14:00:00Z,S2_CLOSE,-2.600000000000092,SAME,S2_CLOSE -2.600,
V2,V1_TRADE,EUR/USD_2025-11-01,1h,supply,2025-10-13T01:00:00Z,2025-10-14T21:00:00Z,TARGET,1.7168141592919985,SAME,TARGET +1.717,
V2,V1_TRADE,EUR/USD_2025-11-01,1h,supply,2025-10-13T03:00:00Z,2025-10-15T01:00:00Z,S2_CLOSE,-2.054545454545225,SAME,S2_CLOSE -2.055,
V2,V1_TRADE,EUR/USD_2025-11-01,1h,demand,2025-10-15T04:00:00Z,2025-10-15T12:00:00Z,TARGET,1.5616438356166433,REMOVED,,SLOT_OCCUPIED by 4h 2025-10-15T04:00:00Z
V2,V1_TRADE,EUR/USD_2025-11-01,1h,demand,2025-10-15T04:00:00Z,2025-10-15T14:00:00Z,TARGET,1.5616438356166433,SAME,TARGET +1.562,
V2,V1_TRADE,EUR/USD_2025-11-01,1h,supply,2025-10-09T04:00:00Z,2025-10-15T15:00:00Z,TARGET,1.3600000000002137,REMOVED,,SLOT_OCCUPIED by 4h 2025-10-15T12:00:00Z
V2,V1_TRADE,EUR/USD_2025-11-01,1h,supply,2025-10-09T04:00:00Z,2025-10-15T19:00:00Z,S2_CLOSE,-1.680000000000035,REMOVED,,SLOT_OCCUPIED by 4h 2025-10-15T12:00:00Z
V2,V1_TRADE,EUR/USD_2025-11-01,1h,supply,2025-10-07T10:00:00Z,2025-10-16T02:00:00Z,TARGET,1.7500000000000766,SAME,TARGET +1.750,
V2,V1_TRADE,EUR/USD_2025-11-01,1h,demand,2025-10-15T21:00:00Z,2025-10-16T07:00:00Z,TARGET,1.3962264150947536,REMOVED,,SLOT_OCCUPIED by 4h 2025-10-16T04:00:00Z
V2,V1_TRADE,EUR/USD_2025-11-01,1h,supply,2025-10-06T14:00:00Z,2025-10-17T00:00:00Z,S2_CLOSE,-1.592920353982387,SAME,S2_CLOSE -1.593,
V2,V1_TRADE,EUR/USD_2025-11-01,1h,demand,2025-10-16T20:00:00Z,2025-10-17T10:00:00Z,TARGET,1.5076923076921693,SAME,TARGET +1.508,
V2,V1_TRADE,EUR/USD_2025-11-01,1h,demand,2025-10-16T15:00:00Z,2025-10-17T12:00:00Z,S2_CLOSE,-2.416666666666851,SAME,S2_CLOSE -2.417,
V2,V1_TRADE,EUR/USD_2025-11-01,1h,supply,2025-10-20T11:00:00Z,2025-10-20T21:00:00Z,TARGET,1.73553719008263,SAME,TARGET +1.736,
V2,V1_TRADE,EUR/USD_2025-11-01,1h,demand,2025-10-15T17:00:00Z,2025-10-21T04:00:00Z,S2_CLOSE,-1.439393939393962,SAME,S2_CLOSE -1.439,
V2,V1_TRADE,EUR/USD_2025-11-01,1h,demand,2025-10-15T04:00:00Z,2025-10-21T06:00:00Z,TARGET,1.5616438356166433,SAME,TARGET +1.562,
V2,V1_TRADE,EUR/USD_2025-11-01,1h,demand,2025-10-15T04:00:00Z,2025-10-21T08:00:00Z,S2_CLOSE,-2.561643835615158,SAME,S2_CLOSE -2.562,
V2,V1_TRADE,EUR/USD_2025-11-01,1h,demand,2025-10-14T18:00:00Z,2025-10-21T12:00:00Z,TARGET,1.619047619047698,SAME,TARGET +1.619,
V2,V1_TRADE,EUR/USD_2025-11-01,1h,demand,2025-10-14T18:00:00Z,2025-10-21T14:00:00Z,TARGET,1.619047619047698,SAME,TARGET +1.619,
V2,V1_TRADE,EUR/USD_2025-11-01,1h,demand,2025-10-14T18:00:00Z,2025-10-21T18:00:00Z,S2_CLOSE,-2.04761904761844,REMOVED,,SLOT_OCCUPIED by 4h 2025-10-21T16:00:00Z (recovered suppressed trade)
V2,V1_TRADE,EUR/USD_2025-11-01,1h,supply,2025-10-21T13:00:00Z,2025-10-21T21:00:00Z,TARGET,1.7697841726618342,SAME,TARGET +1.770,
V2,V1_TRADE,EUR/USD_2025-11-01,1h,supply,2025-10-21T13:00:00Z,2025-10-22T14:00:00Z,S2_CLOSE,-1.6043165467628997,SAME,S2_CLOSE -1.604,
V2,V1_TRADE,EUR/USD_2025-11-01,1h,demand,2025-10-22T11:00:00Z,2025-10-23T10:00:00Z,TARGET,1.500000000000153,SAME,TARGET +1.500,
V2,V1_TRADE,EUR/USD_2025-11-01,1h,supply,2025-10-22T16:00:00Z,2025-10-23T14:00:00Z,TARGET,1.632183908045946,SAME,TARGET +1.632,
V2,V1_TRADE,EUR/USD_2025-11-01,1h,supply,2025-10-22T16:00:00Z,2025-10-23T16:00:00Z,TARGET,1.632183908045946,REMOVED,,SLOT_OCCUPIED by 4h 2025-10-23T16:00:00Z
V2,V1_TRADE,EUR/USD_2025-11-01,1h,demand,2025-10-26T22:00:00Z,2025-10-27T03:00:00Z,S2_CLOSE,-1.8666666666664427,SAME,S2_CLOSE -1.867,
V2,V1_TRADE,EUR/USD_2025-11-01,1h,demand,2025-10-24T15:00:00Z,2025-10-27T06:00:00Z,S2_CLOSE,-1.4202898550724976,SAME,S2_CLOSE -1.420,
V2,V1_TRADE,EUR/USD_2025-11-01,1h,supply,2025-10-21T00:00:00Z,2025-10-27T12:00:00Z,TARGET,1.7310924369747451,SAME,TARGET +1.731,
V2,V1_TRADE,EUR/USD_2025-11-01,1h,supply,2025-10-20T11:00:00Z,2025-10-27T18:00:00Z,S2_CLOSE,-1.5123966942146936,SAME,S2_CLOSE -1.512,
V2,V1_TRADE,EUR/USD_2025-11-01,1h,supply,2025-10-20T11:00:00Z,2025-10-27T22:00:00Z,S2_CLOSE,-1.5123966942146936,REMOVED,,SLOT_OCCUPIED by 1h 2025-10-27T18:00:00Z
V2,V1_TRADE,EUR/USD_2025-11-01,1h,supply,2025-10-20T08:00:00Z,2025-10-28T02:00:00Z,S2_CLOSE,-1.476190476190473,SAME,S2_CLOSE -1.476,
V2,V1_TRADE,EUR/USD_2025-11-01,1h,demand,2025-10-27T17:00:00Z,2025-10-28T12:00:00Z,TARGET,1.4181818181818715,SAME,TARGET +1.418,
V2,V1_TRADE,EUR/USD_2025-11-01,1h,demand,2025-10-27T17:00:00Z,2025-10-29T03:00:00Z,S2_CLOSE,-2.309090909090709,SAME,S2_CLOSE -2.309,
V2,V1_TRADE,EUR/USD_2025-11-01,1h,demand,2025-10-28T13:00:00Z,2025-10-29T05:00:00Z,S2_CLOSE,-1.273972602739736,SAME,S2_CLOSE -1.274,
V2,V1_TRADE,EUR/USD_2025-11-01,1h,demand,2025-10-22T11:00:00Z,2025-10-29T18:00:00Z,TARGET,1.500000000000153,SAME,TARGET +1.500,
V2,V1_TRADE,EUR/USD_2025-11-01,4h,supply,2025-07-08T05:00:00Z,2025-07-23T05:00:00Z,TARGET,1.903614457831325,SAME,TARGET +1.904,
V2,V1_TRADE,EUR/USD_2025-11-01,4h,supply,2025-07-04T01:00:00Z,2025-07-24T05:00:00Z,TARGET,1.8699186991869987,REMOVED,,SLOT_OCCUPIED by 1h 2025-07-23T18:00:00Z
V2,V1_TRADE,EUR/USD_2025-11-01,4h,supply,2025-07-04T01:00:00Z,2025-07-24T13:00:00Z,TARGET,1.8699186991869987,SAME,TARGET +1.870,
V2,V1_TRADE,EUR/USD_2025-11-01,4h,demand,2025-06-24T05:00:00Z,2025-07-28T13:00:00Z,S2_CLOSE,-1.5555555555556415,SAME,S2_CLOSE -1.556,
V2,V1_TRADE,EUR/USD_2025-11-01,4h,demand,2025-07-17T13:00:00Z,2025-07-28T21:00:00Z,S2_CLOSE,-1.8047808764940338,REMOVED,,SLOT_OCCUPIED by 4h 2025-07-28T13:00:00Z
V2,V1_TRADE,EUR/USD_2025-11-01,4h,supply,2025-07-29T21:00:00Z,2025-08-01T09:00:00Z,TARGET,1.8565022421524633,REMOVED,,SLOT_OCCUPIED by 1h 2025-08-01T01:00:00Z
V2,V1_TRADE,EUR/USD_2025-11-01,4h,supply,2025-07-29T01:00:00Z,2025-08-01T13:00:00Z,TARGET,1.8688524590163933,REMOVED,,SLOT_OCCUPIED by 1h 2025-08-01T14:00:00Z
V2,V1_TRADE,EUR/USD_2025-11-01,4h,supply,2025-07-29T01:00:00Z,2025-08-01T21:00:00Z,TARGET,1.8688524590163933,SAME,TARGET +1.869,
V2,V1_TRADE,EUR/USD_2025-11-01,4h,supply,2025-07-29T01:00:00Z,2025-08-06T05:00:00Z,S2_CLOSE,-3.1803278688525993,REMOVED,,SLOT_OCCUPIED by 1h 2025-08-06T03:00:00Z
V2,V1_TRADE,EUR/USD_2025-11-01,4h,demand,2025-08-06T21:00:00Z,2025-08-07T09:00:00Z,S2_CLOSE,-2.8571428571431436,SAME,S2_CLOSE -2.857,
V2,V1_TRADE,EUR/USD_2025-11-01,4h,demand,2025-08-14T13:00:00Z,2025-08-19T05:00:00Z,TARGET,1.9230769230769178,SAME,TARGET +1.923,
V2,V1_TRADE,EUR/USD_2025-11-01,4h,demand,2025-08-14T13:00:00Z,2025-08-20T09:00:00Z,S2_CLOSE,-1.9711538461538987,SHIFTED,2025-08-19T21:00:00Z S2_CLOSE -1.971,same zone entered on a different bar
V2,V1_TRADE,EUR/USD_2025-11-01,4h,supply,2025-08-21T21:00:00Z,2025-08-22T09:00:00Z,S2_CLOSE,-15.161073825503303,SAME,S2_CLOSE -15.161,
V2,V1_TRADE,EUR/USD_2025-11-01,4h,supply,2025-08-13T05:00:00Z,2025-08-24T21:00:00Z,TARGET,1.9284116331096193,SAME,TARGET +1.928,
V2,V1_TRADE,EUR/USD_2025-11-01,4h,supply,2025-08-22T13:00:00Z,2025-08-28T13:00:00Z,S2_CLOSE,-1.0667160859896074,SAME,S2_CLOSE -1.067,
V2,V1_TRADE,EUR/USD_2025-11-01,4h,demand,2025-08-28T01:00:00Z,2025-09-02T05:00:00Z,S2_CLOSE,-3.7228915662646935,SAME,S2_CLOSE -3.723,
V2,V1_TRADE,EUR/USD_2025-11-01,4h,demand,2025-09-10T05:00:00Z,2025-09-12T09:00:00Z,TARGET,1.896774193548383,SAME,TARGET +1.897,
V2,V1_TRADE,EUR/USD_2025-11-01,4h,supply,2025-07-01T05:00:00Z,2025-09-16T09:00:00Z,S2_CLOSE,-2.936381709741513,REMOVED,,SLOT_OCCUPIED by 1h 2025-09-16T08:00:00Z
V2,V1_TRADE,EUR/USD_2025-11-01,4h,demand,2025-09-15T13:00:00Z,2025-09-18T13:00:00Z,TARGET,1.8649789029535855,REMOVED,,SLOT_OCCUPIED by 1h 2025-09-18T13:00:00Z
V2,V1_TRADE,EUR/USD_2025-11-01,4h,demand,2025-09-22T01:00:00Z,2025-09-24T17:00:00Z,TARGET,1.7808219178081883,REMOVED,,SLOT_OCCUPIED by 1h 2025-09-24T16:00:00Z
V2,V1_TRADE,EUR/USD_2025-11-01,4h,demand,2025-09-19T09:00:00Z,2025-09-25T01:00:00Z,S2_CLOSE,-2.619047619047417,SAME,S2_CLOSE -2.619,
V2,V1_TRADE,EUR/USD_2025-11-01,4h,supply,2025-09-25T01:00:00Z,2025-09-29T09:00:00Z,TARGET,1.7538461538460846,SAME,TARGET +1.754,
V2,V1_TRADE,EUR/USD_2025-11-01,4h,supply,2025-10-06T00:00:00Z,2025-10-06T12:00:00Z,TARGET,1.8446601941747702,SAME,TARGET +1.845,
V2,V1_TRADE,EUR/USD_2025-11-01,4h,supply,2025-10-06T00:00:00Z,2025-10-06T20:00:00Z,TARGET,1.8446601941747702,REMOVED,,SLOT_OCCUPIED by 4h 2025-10-06T12:00:00Z
V2,V1_TRADE,EUR/USD_2025-11-01,4h,demand,2025-09-02T09:00:00Z,2025-10-08T00:00:00Z,S2_CLOSE,-1.2777777777777553,SAME,S2_CLOSE -1.278,
V2,V1_TRADE,EUR/USD_2025-11-01,4h,supply,2025-10-09T08:00:00Z,2025-10-13T00:00:00Z,TARGET,1.867768595041315,SAME,TARGET +1.868,
V2,V1_TRADE,EUR/USD_2025-11-01,4h,supply,2025-10-09T00:00:00Z,2025-10-15T04:00:00Z,TARGET,1.8358974358974272,SAME,TARGET +1.836,
V2,V1_TRADE,EUR/USD_2025-11-01,4h,supply,2025-10-09T00:00:00Z,2025-10-15T12:00:00Z,S2_CLOSE,-1.3794871794872443,SAME,S2_CLOSE -1.379,
V2,V1_TRADE,EUR/USD_2025-11-01,4h,supply,2025-10-07T12:00:00Z,2025-10-16T04:00:00Z,S2_CLOSE,-1.8359375000000078,SAME,S2_CLOSE -1.836,
V2,V1_TRADE,EUR/USD_2025-11-01,4h,demand,2025-10-16T04:00:00Z,2025-10-17T20:00:00Z,S2_CLOSE,-1.3196721311475024,REMOVED,,SLOT_OCCUPIED by 1h 2025-10-17T12:00:00Z
V2,V1_TRADE,EUR/USD_2025-11-01,4h,demand,2025-10-14T16:00:00Z,2025-10-21T08:00:00Z,TARGET,1.7611940298507278,REMOVED,,SLOT_OCCUPIED by 1h 2025-10-21T08:00:00Z
V2,V1_TRADE,EUR/USD_2025-11-01,4h,supply,2025-10-21T12:00:00Z,2025-10-23T16:00:00Z,S2_CLOSE,-1.2277227722769821,SAME,S2_CLOSE -1.228,
V2,V1_TRADE,EUR/USD_2025-11-01,4h,demand,2025-10-27T04:00:00Z,2025-10-28T12:00:00Z,TARGET,1.7288135593220755,REMOVED,,SLOT_OCCUPIED by 1h 2025-10-28T12:00:00Z
V2,V1_TRADE,EUR/USD_2025-11-01,4h,demand,2025-10-14T04:00:00Z,2025-10-30T20:00:00Z,S2_CLOSE,-1.157480314960624,SAME,S2_CLOSE -1.157,
V2,V1_TRADE,BTC/USD_2022-07-01,1h,supply,2022-04-17T19:00:00Z,2022-04-18T17:00:00Z,TARGET,1.2369311499770796,SAME,TARGET +1.237,
V2,V1_TRADE,BTC/USD_2022-07-01,1h,demand,2022-04-21T09:00:00Z,2022-04-21T16:00:00Z,S2_CLOSE,-4.668985652818488,REMOVED,,LOOKAHEAD_DEPENDENCY: VOL_HIGH_ONLY_WITH_TOUCH_BAR
V2,V1_TRADE,BTC/USD_2022-07-01,1h,demand,2022-04-21T05:00:00Z,2022-04-21T17:00:00Z,S2_CLOSE,-3.585504747113506,SAME,S2_CLOSE -3.586,
V2,V1_TRADE,BTC/USD_2022-07-01,1h,demand,2022-04-19T07:00:00Z,2022-04-21T20:00:00Z,TARGET,0.4790870221741961,REMOVED,,OTHER_ZONE_TAKEN_ON_BAR (2022-04-19T05:00:00Z)
V2,V1_TRADE,BTC/USD_2022-07-01,1h,supply,2022-04-21T21:00:00Z,2022-04-22T06:00:00Z,TARGET,1.0332741088997324,SAME,TARGET +1.033,
V2,V1_TRADE,BTC/USD_2022-07-01,1h,supply,2022-04-21T21:00:00Z,2022-04-22T08:00:00Z,TARGET,1.0332741088997324,SAME,TARGET +1.033,
V2,V1_TRADE,BTC/USD_2022-07-01,1h,demand,2022-04-18T04:00:00Z,2022-04-22T16:00:00Z,S2_CLOSE,-1.4521186389270615,SAME,S2_CLOSE -1.452,
V2,V1_TRADE,BTC/USD_2022-07-01,1h,supply,2022-04-25T03:00:00Z,2022-04-25T13:00:00Z,TARGET,0.6982554581405918,SAME,TARGET +0.698,
V2,V1_TRADE,BTC/USD_2022-07-01,1h,supply,2022-04-25T03:00:00Z,2022-04-25T15:00:00Z,TARGET,0.6982554581405918,SAME,TARGET +0.698,
V2,V1_TRADE,BTC/USD_2022-07-01,1h,supply,2022-04-24T14:00:00Z,2022-04-25T16:00:00Z,S2_CLOSE,-1.604904302679621,SAME,S2_CLOSE -1.605,
V2,V1_TRADE,BTC/USD_2022-07-01,1h,demand,2022-04-25T08:00:00Z,2022-04-26T16:00:00Z,TARGET,0.5575105914252245,REMOVED,,LOOKAHEAD_DEPENDENCY: VOL_HIGH_ONLY_WITH_TOUCH_BAR
V2,V1_TRADE,BTC/USD_2022-07-01,1h,supply,2022-05-10T17:00:00Z,2022-05-11T02:00:00Z,TARGET,1.670442171064728,SAME,TARGET +1.670,
V2,V1_TRADE,BTC/USD_2022-07-01,1h,supply,2022-05-10T17:00:00Z,2022-05-11T06:00:00Z,TARGET,1.670442171064728,REMOVED,,SLOT_OCCUPIED by 1h 2022-05-11T02:00:00Z
V2,V1_TRADE,BTC/USD_2022-07-01,1h,supply,2022-05-10T12:00:00Z,2022-05-11T11:00:00Z,TARGET,1.7296366107033732,SAME,TARGET +1.730,
V2,V1_TRADE,BTC/USD_2022-07-01,1h,supply,2022-05-10T12:00:00Z,2022-05-11T14:00:00Z,TARGET,1.7296366107033732,SAME,TARGET +1.730,
V2,V1_TRADE,BTC/USD_2022-07-01,1h,supply,2022-05-11T18:00:00Z,2022-05-12T00:00:00Z,TARGET,1.5898346562404932,SAME,TARGET +1.590,
V2,V1_TRADE,BTC/USD_2022-07-01,1h,supply,2022-05-12T00:00:00Z,2022-05-12T14:00:00Z,TARGET,1.848158546129342,SAME,TARGET +1.848,
V2,V1_TRADE,BTC/USD_2022-07-01,1h,supply,2022-05-12T00:00:00Z,2022-05-12T16:00:00Z,TARGET,1.848158546129342,REMOVED,,SLOT_OCCUPIED by 1h 2022-05-12T14:00:00Z
V2,V1_TRADE,BTC/USD_2022-07-01,1h,supply,2022-05-12T00:00:00Z,2022-05-13T01:00:00Z,S2_CLOSE,-1.8673676206950995,SAME,S2_CLOSE -1.867,
V2,V1_TRADE,BTC/USD_2022-07-01,1h,supply,2022-05-14T01:00:00Z,2022-05-14T16:00:00Z,S2_CLOSE,-3.514022284796127,SAME,S2_CLOSE -3.514,
V2,V1_TRADE,BTC/USD_2022-07-01,1h,supply,2022-05-14T01:00:00Z,2022-05-14T18:00:00Z,S2_CLOSE,-3.514022284796127,REMOVED,,SLOT_OCCUPIED by 1h 2022-05-14T16:00:00Z
V2,V1_TRADE,BTC/USD_2022-07-01,1h,demand,2022-05-14T19:00:00Z,2022-05-16T06:00:00Z,TARGET,1.417353305616312,SAME,TARGET +1.417,
V2,V1_TRADE,BTC/USD_2022-07-01,1h,supply,2022-05-16T04:00:00Z,2022-05-17T03:00:00Z,S2_CLOSE,-2.28786090462357,SAME,S2_CLOSE -2.288,
V2,V1_TRADE,BTC/USD_2022-07-01,1h,demand,2022-05-14T15:00:00Z,2022-05-18T15:00:00Z,TARGET,1.3656392380451665,SAME,TARGET +1.366,
V2,V1_TRADE,BTC/USD_2022-07-01,1h,demand,2022-05-14T13:00:00Z,2022-05-18T16:00:00Z,TARGET,1.5042078923473483,SHIFTED,2022-05-18T18:00:00Z TARGET +1.504,same zone entered on a different bar
V2,V1_TRADE,BTC/USD_2022-07-01,1h,demand,2022-05-14T13:00:00Z,2022-05-18T22:00:00Z,S2_CLOSE,-2.0151602835789006,SAME,S2_CLOSE -2.015,
V2,V1_TRADE,BTC/USD_2022-07-01,1h,supply,2022-05-18T19:00:00Z,2022-05-19T06:00:00Z,TARGET,1.4079086012925945,SAME,TARGET +1.408,
V2,V1_TRADE,BTC/USD_2022-07-01,1h,supply,2022-05-17T12:00:00Z,2022-05-19T15:00:00Z,TARGET,1.4475769372603597,SAME,TARGET +1.448,
V2,V1_TRADE,BTC/USD_2022-07-01,1h,supply,2022-05-17T12:00:00Z,2022-05-19T21:00:00Z,TARGET,1.4475769372603597,SAME,TARGET +1.448,
V2,V1_TRADE,BTC/USD_2022-07-01,1h,supply,2022-05-17T09:00:00Z,2022-05-20T01:00:00Z,TARGET,0.7986746897440846,SAME,TARGET +0.799,
V2,V1_TRADE,BTC/USD_2022-07-01,1h,demand,2022-05-19T08:00:00Z,2022-05-20T15:00:00Z,S2_CLOSE,-2.567177127420778,SAME,S2_CLOSE -2.567,
V2,V1_TRADE,BTC/USD_2022-07-01,1h,demand,2022-05-18T23:00:00Z,2022-05-20T16:00:00Z,TARGET,1.5972919786226556,SHIFTED,2022-05-20T18:00:00Z TARGET +1.597,same zone entered on a different bar
V2,V1_TRADE,BTC/USD_2022-07-01,1h,supply,2022-05-23T20:00:00Z,2022-05-24T02:00:00Z,TARGET,1.5492205984788654,SAME,TARGET +1.549,
V2,V1_TRADE,BTC/USD_2022-07-01,1h,supply,2022-05-23T20:00:00Z,2022-05-24T19:00:00Z,S2_CLOSE,-1.466499936538374,REMOVED,,LOOKAHEAD_DEPENDENCY: VOL_HIGH_ONLY_WITH_TOUCH_BAR
V2,V1_TRADE,BTC/USD_2022-07-01,1h,demand,2022-05-18T23:00:00Z,2022-05-26T13:00:00Z,TARGET,1.5972919786226556,SAME,TARGET +1.597,
V2,V1_TRADE,BTC/USD_2022-07-01,1h,demand,2022-05-18T23:00:00Z,2022-05-27T02:00:00Z,TARGET,1.5972919786226556,SAME,TARGET +1.597,
V2,V1_TRADE,BTC/USD_2022-07-01,1h,demand,2022-05-18T23:00:00Z,2022-05-27T14:00:00Z,S2_CLOSE,-2.867895646543419,SAME,S2_CLOSE -2.868,
V2,V1_TRADE,BTC/USD_2022-07-01,1h,demand,2022-05-18T23:00:00Z,2022-05-27T16:00:00Z,S2_CLOSE,-2.867895646543419,REMOVED,,SLOT_OCCUPIED by 1h 2022-05-27T14:00:00Z
V2,V1_TRADE,BTC/USD_2022-07-01,1h,supply,2022-05-27T15:00:00Z,2022-05-27T19:00:00Z,S2_CLOSE,-2.0120198634904773,SAME,S2_CLOSE -2.012,
V2,V1_TRADE,BTC/USD_2022-07-01,1h,supply,2022-05-27T15:00:00Z,2022-05-27T21:00:00Z,S2_CLOSE,-2.0120198634904773,REMOVED,,SLOT_OCCUPIED by 1h 2022-05-27T19:00:00Z
V2,V1_TRADE,BTC/USD_2022-07-01,1h,supply,2022-05-10T12:00:00Z,2022-05-30T21:00:00Z,TARGET,1.7296366107033732,SHIFTED,2022-05-31T22:00:00Z TARGET +1.730,same zone entered on a different bar
V2,V1_TRADE,BTC/USD_2022-07-01,1h,demand,2022-05-30T00:00:00Z,2022-06-07T03:00:00Z,TARGET,0.8456379141080195,SAME,TARGET +0.846,
V2,V1_TRADE,BTC/USD_2022-07-01,1h,demand,2022-06-03T14:00:00Z,2022-06-07T07:00:00Z,TARGET,1.559322868926367,SAME,TARGET +1.559,
V2,V1_TRADE,BTC/USD_2022-07-01,1h,supply,2022-06-06T15:00:00Z,2022-06-07T21:00:00Z,TARGET,1.450416639184136,SAME,TARGET +1.450,
V2,V1_TRADE,BTC/USD_2022-07-01,1h,demand,2022-05-29T09:00:00Z,2022-06-10T20:00:00Z,TARGET,0.4843153471855346,REMOVED,,LOOKAHEAD_DEPENDENCY: VOL_HIGH_ONLY_WITH_TOUCH_BAR
V2,V1_TRADE,BTC/USD_2022-07-01,1h,demand,2022-05-12T13:00:00Z,2022-06-11T21:00:00Z,S2_CLOSE,-2.3152382722719054,SAME,S2_CLOSE -2.315,
V2,V1_TRADE,BTC/USD_2022-07-01,1h,demand,2022-05-12T06:00:00Z,2022-06-12T04:00:00Z,S2_CLOSE,-2.0816982150681382,SAME,S2_CLOSE -2.082,
V2,V1_TRADE,BTC/USD_2022-07-01,1h,supply,2022-06-15T06:00:00Z,2022-06-15T11:00:00Z,S2_CLOSE,-2.1095044352772248,SAME,S2_CLOSE -2.110,
V2,V1_TRADE,BTC/USD_2022-07-01,1h,supply,2022-06-14T15:00:00Z,2022-06-15T23:00:00Z,TARGET,1.7048255208801035,SAME,TARGET +1.705,
V2,V1_TRADE,BTC/USD_2022-07-01,1h,supply,2022-06-16T12:00:00Z,2022-06-17T07:00:00Z,TARGET,1.772776919360203,SAME,TARGET +1.773,
V2,V1_TRADE,BTC/USD_2022-07-01,1h,supply,2022-06-18T10:00:00Z,2022-06-18T22:00:00Z,TARGET,1.674937141385826,SAME,TARGET +1.675,
V2,V1_TRADE,BTC/USD_2022-07-01,1h,supply,2022-06-19T10:00:00Z,2022-06-19T14:00:00Z,S2_CLOSE,-1.6603803906078318,SAME,S2_CLOSE -1.660,
V2,V1_TRADE,BTC/USD_2022-07-01,1h,supply,2022-06-17T20:00:00Z,2022-06-19T20:00:00Z,TARGET,1.3211257304970405,SAME,TARGET +1.321,
V2,V1_TRADE,BTC/USD_2022-07-01,1h,supply,2022-06-17T20:00:00Z,2022-06-19T22:00:00Z,TARGET,1.3211257304970405,SAME,TARGET +1.321,
V2,V1_TRADE,BTC/USD_2022-07-01,1h,demand,2022-06-20T01:00:00Z,2022-06-20T19:00:00Z,TARGET,1.7513269428794207,SAME,TARGET +1.751,
V2,V1_TRADE,BTC/USD_2022-07-01,1h,supply,2022-06-16T12:00:00Z,2022-06-21T07:00:00Z,S2_CLOSE,-1.6754534865237054,SAME,S2_CLOSE -1.675,
V2,V1_TRADE,BTC/USD_2022-07-01,1h,demand,2022-06-20T17:00:00Z,2022-06-22T07:00:00Z,TARGET,1.7194669092622696,REMOVED,,SLOT_OCCUPIED by 4h 2022-06-22T04:00:00Z
V2,V1_TRADE,BTC/USD_2022-07-01,1h,supply,2022-06-28T16:00:00Z,2022-07-01T00:00:00Z,TARGET,1.3787002134076958,REMOVED,,SLOT_OCCUPIED by 4h 2022-07-01T00:00:00Z
V2,V1_TRADE,BTC/USD_2022-07-01,4h,demand,2022-03-07T16:00:00Z,2022-04-26T20:00:00Z,S2_CLOSE,-1.38854741188941,SAME,S2_CLOSE -1.389,
V2,V1_TRADE,BTC/USD_2022-07-01,4h,demand,2022-02-24T00:00:00Z,2022-05-06T04:00:00Z,S2_CLOSE,-1.2787316769269361,SHIFTED,2022-05-06T12:00:00Z S2_CLOSE -1.279,same zone entered on a different bar
V2,V1_TRADE,BTC/USD_2022-07-01,4h,supply,2022-05-13T00:00:00Z,2022-05-15T00:00:00Z,S2_CLOSE,-1.700899160659967,SAME,S2_CLOSE -1.701,
V2,V1_TRADE,BTC/USD_2022-07-01,4h,demand,2022-06-07T00:00:00Z,2022-06-08T16:00:00Z,S2_CLOSE,-1.3223321004048179,SAME,S2_CLOSE -1.322,
V2,V1_TRADE,BTC/USD_2022-07-01,4h,supply,2022-06-18T00:00:00Z,2022-06-19T20:00:00Z,TARGET,1.7169711548259319,REMOVED,,SLOT_OCCUPIED by 1h 2022-06-19T20:00:00Z
V2,V1_TRADE,BTC/USD_2022-07-01,4h,demand,2022-06-20T00:00:00Z,2022-06-22T12:00:00Z,TARGET,1.871801689830259,SHIFTED,2022-06-22T04:00:00Z TARGET +1.872,same zone entered on a different bar
V2,V1_TRADE,BTC/USD_2022-07-01,4h,supply,2022-06-21T12:00:00Z,2022-06-24T00:00:00Z,S2_CLOSE,-1.1690713140923341,SAME,S2_CLOSE -1.169,
V2,V1_TRADE,BTC/USD_2022-07-01,4h,supply,2022-06-29T00:00:00Z,2022-07-01T00:00:00Z,TARGET,1.4013255971714251,SAME,TARGET +1.401,
V2,V1_TRADE,BTC/USD_2025-04-01,1h,demand,2025-01-17T13:00:00Z,2025-01-18T04:00:00Z,TARGET,0.8947944578961875,SAME,TARGET +0.895,
V2,V1_TRADE,BTC/USD_2025-04-01,1h,demand,2025-01-18T05:00:00Z,2025-01-18T17:00:00Z,TARGET,1.3498099789133702,SAME,TARGET +1.350,
V2,V1_TRADE,BTC/USD_2025-04-01,1h,demand,2025-01-17T03:00:00Z,2025-01-19T22:00:00Z,TARGET,0.15029871634601388,OUTCOME_CHANGED,AMBIGUOUS ,V2 AMBIGUOUS (entry and target in the same minute)
V2,V1_TRADE,BTC/USD_2025-04-01,1h,demand,2025-01-16T18:00:00Z,2025-01-19T23:00:00Z,TARGET,1.2620549762448379,REMOVED,,SLOT_OCCUPIED (same-TF exit bar)
V2,V1_TRADE,BTC/USD_2025-04-01,1h,demand,2025-01-16T18:00:00Z,2025-01-20T01:00:00Z,TARGET,1.2620549762448379,SAME,TARGET +1.262,
V2,V1_TRADE,BTC/USD_2025-04-01,1h,demand,2025-01-20T00:00:00Z,2025-01-20T17:00:00Z,TARGET,1.7162756531670227,SAME,TARGET +1.716,
V2,V1_TRADE,BTC/USD_2025-04-01,1h,demand,2025-01-16T14:00:00Z,2025-01-27T10:00:00Z,TARGET,1.6947405979681898,SAME,TARGET +1.695,
V2,V1_TRADE,BTC/USD_2025-04-01,1h,supply,2025-01-27T14:00:00Z,2025-01-27T20:00:00Z,S2_CLOSE,-1.350483836557574,SAME,S2_CLOSE -1.350,
V2,V1_TRADE,BTC/USD_2025-04-01,1h,demand,2025-01-16T14:00:00Z,2025-02-02T16:00:00Z,S2_CLOSE,-1.5748824939800117,REMOVED,,LOOKAHEAD_DEPENDENCY: VOL_HIGH_ONLY_WITH_TOUCH_BAR
V2,V1_TRADE,BTC/USD_2025-04-01,1h,demand,2025-01-15T02:00:00Z,2025-02-02T19:00:00Z,TARGET,1.1886329986491904,SAME,TARGET +1.189,
V2,V1_TRADE,BTC/USD_2025-04-01,1h,supply,2025-02-25T08:00:00Z,2025-02-25T13:00:00Z,TARGET,1.456424699130541,REMOVED,,SLOT_OCCUPIED by 4h 2025-02-25T12:00:00Z (recovered suppressed trade)
V2,V1_TRADE,BTC/USD_2025-04-01,1h,supply,2025-02-26T14:00:00Z,2025-02-27T07:00:00Z,TARGET,1.7763377622588397,SAME,TARGET +1.776,
V2,V1_TRADE,BTC/USD_2025-04-01,1h,supply,2025-02-27T22:00:00Z,2025-02-28T15:00:00Z,TARGET,1.4234868326591,REMOVED,,SLOT_OCCUPIED by 4h 2025-02-28T12:00:00Z
V2,V1_TRADE,BTC/USD_2025-04-01,1h,supply,2025-02-27T22:00:00Z,2025-02-28T17:00:00Z,TARGET,1.4234868326591,REMOVED,,SLOT_OCCUPIED by 4h 2025-02-28T12:00:00Z
V2,V1_TRADE,BTC/USD_2025-04-01,1h,supply,2025-02-27T22:00:00Z,2025-02-28T19:00:00Z,S2_CLOSE,-2.6746386302775034,REMOVED,,SLOT_OCCUPIED by 4h 2025-02-28T12:00:00Z
V2,V1_TRADE,BTC/USD_2025-04-01,1h,supply,2025-02-27T15:00:00Z,2025-03-01T03:00:00Z,S2_CLOSE,-1.399621742857703,REMOVED,,SLOT_OCCUPIED by 4h 2025-02-28T12:00:00Z
V2,V1_TRADE,BTC/USD_2025-04-01,1h,supply,2025-02-24T17:00:00Z,2025-03-02T17:00:00Z,TARGET,1.3438946202312665,REMOVED,,SLOT_OCCUPIED by 4h 2025-03-02T16:00:00Z (recovered suppressed trade)
V2,V1_TRADE,BTC/USD_2025-04-01,1h,demand,2025-03-02T18:00:00Z,2025-03-03T01:00:00Z,S2_CLOSE,-1.9811745889034569,SAME,S2_CLOSE -1.981,
V2,V1_TRADE,BTC/USD_2025-04-01,1h,demand,2025-03-02T14:00:00Z,2025-03-03T21:00:00Z,TARGET,1.404478054897583,SAME,TARGET +1.404,
V2,V1_TRADE,BTC/USD_2025-04-01,1h,demand,2025-03-04T20:00:00Z,2025-03-05T08:00:00Z,TARGET,1.754742940576491,SAME,TARGET +1.755,
V2,V1_TRADE,BTC/USD_2025-04-01,1h,supply,2025-03-03T17:00:00Z,2025-03-05T12:00:00Z,TARGET,1.5011617647058824,SAME,TARGET +1.501,
V2,V1_TRADE,BTC/USD_2025-04-01,1h,demand,2025-03-04T20:00:00Z,2025-03-05T16:00:00Z,TARGET,1.754742940576491,SAME,TARGET +1.755,
V2,V1_TRADE,BTC/USD_2025-04-01,1h,supply,2025-03-03T17:00:00Z,2025-03-05T21:00:00Z,S2_CLOSE,-1.6039669117647102,SAME,S2_CLOSE -1.604,
V2,V1_TRADE,BTC/USD_2025-04-01,1h,demand,2025-03-05T21:00:00Z,2025-03-06T12:00:00Z,S2_CLOSE,-2.651186255485965,SAME,S2_CLOSE -2.651,
V2,V1_TRADE,BTC/USD_2025-04-01,1h,demand,2025-03-05T15:00:00Z,2025-03-06T18:00:00Z,TARGET,1.6722819913089515,SAME,TARGET +1.672,
V2,V1_TRADE,BTC/USD_2025-04-01,1h,demand,2025-03-07T03:00:00Z,2025-03-07T16:00:00Z,TARGET,1.428227488721143,SAME,TARGET +1.428,
V2,V1_TRADE,BTC/USD_2025-04-01,1h,demand,2025-03-07T00:00:00Z,2025-03-07T17:00:00Z,S2_CLOSE,-1.1000500529777082,SHIFTED,2025-03-07T19:00:00Z S2_CLOSE -1.100,same zone entered on a different bar
V2,V1_TRADE,BTC/USD_2025-04-01,1h,demand,2025-03-04T13:00:00Z,2025-03-09T20:00:00Z,S2_CLOSE,-1.9613629212869403,SAME,S2_CLOSE -1.961,
V2,V1_TRADE,BTC/USD_2025-04-01,1h,supply,2025-03-09T14:00:00Z,2025-03-10T09:00:00Z,TARGET,1.3876393392474764,SAME,TARGET +1.388,
V2,V1_TRADE,BTC/USD_2025-04-01,1h,supply,2025-03-09T14:00:00Z,2025-03-10T11:00:00Z,TARGET,1.3876393392474764,SAME,TARGET +1.388,
V2,V1_TRADE,BTC/USD_2025-04-01,1h,supply,2025-03-10T15:00:00Z,2025-03-11T06:00:00Z,S2_CLOSE,-1.3280547052172462,SAME,S2_CLOSE -1.328,
V2,V1_TRADE,BTC/USD_2025-04-01,1h,supply,2025-03-09T14:00:00Z,2025-03-11T18:00:00Z,TARGET,1.3876393392474764,REMOVED,,SLOT_OCCUPIED by 4h 2025-03-11T16:00:00Z
V2,V1_TRADE,BTC/USD_2025-04-01,1h,demand,2025-03-19T20:00:00Z,2025-03-20T05:00:00Z,TARGET,1.216409977248104,SAME,TARGET +1.216,
V2,V1_TRADE,BTC/USD_2025-04-01,1h,supply,2025-03-30T09:00:00Z,2025-03-31T18:00:00Z,TARGET,0.09001401030739564,SAME,TARGET +0.090,
V2,V1_TRADE,BTC/USD_2025-04-01,4h,supply,2024-12-17T00:00:00Z,2025-01-19T20:00:00Z,TARGET,1.5248446963490396,REMOVED,,LOOKAHEAD_DEPENDENCY: VOL_HIGH_ONLY_WITH_TOUCH_BAR
V2,V1_TRADE,BTC/USD_2025-04-01,4h,supply,2024-12-16T16:00:00Z,2025-01-20T04:00:00Z,S2_CLOSE,-1.7681726546606076,REMOVED,,SLOT_OCCUPIED by 1h 2025-01-20T06:00:00Z (recovered suppressed trade)
V2,V1_TRADE,BTC/USD_2025-04-01,4h,demand,2025-01-19T20:00:00Z,2025-01-20T20:00:00Z,S2_CLOSE,-1.2695950260160138,SAME,S2_CLOSE -1.270,
V2,V1_TRADE,BTC/USD_2025-04-01,4h,supply,2025-01-23T12:00:00Z,2025-01-28T12:00:00Z,TARGET,1.8695814343585146,REMOVED,,LOOKAHEAD_DEPENDENCY: VOL_HIGH_ONLY_WITH_TOUCH_BAR
V2,V1_TRADE,BTC/USD_2025-04-01,4h,demand,2024-12-05T20:00:00Z,2025-02-03T08:00:00Z,S2_CLOSE,-1.3262817949780181,SAME,S2_CLOSE -1.326,
V2,V1_TRADE,BTC/USD_2025-04-01,4h,supply,2025-02-27T20:00:00Z,2025-02-28T12:00:00Z,S2_CLOSE,-1.591915793519802,SAME,S2_CLOSE -1.592,
V2,V1_TRADE,BTC/USD_2025-04-01,4h,supply,2025-02-27T08:00:00Z,2025-03-01T04:00:00Z,TARGET,1.57877541227194,SAME,TARGET +1.579,
V2,V1_TRADE,BTC/USD_2025-04-01,4h,supply,2025-02-27T08:00:00Z,2025-03-02T04:00:00Z,TARGET,1.57877541227194,SAME,TARGET +1.579,
V2,V1_TRADE,BTC/USD_2025-04-01,4h,supply,2025-03-10T08:00:00Z,2025-03-11T16:00:00Z,S2_CLOSE,-1.5712653425109153,SAME,S2_CLOSE -1.571,
V2,V1_TRADE,BTC/USD_2025-07-01,1h,demand,2025-05-09T03:00:00Z,2025-05-09T16:00:00Z,TARGET,0.5905469097071225,SAME,TARGET +0.591,
V2,V1_TRADE,BTC/USD_2025-07-01,1h,demand,2025-05-09T03:00:00Z,2025-05-12T14:00:00Z,TARGET,0.5905469097071225,REMOVED,,LOOKAHEAD_DEPENDENCY: VOL_HIGH_ONLY_WITH_TOUCH_BAR
V2,V1_TRADE,BTC/USD_2025-07-01,1h,demand,2025-05-09T03:00:00Z,2025-05-12T16:00:00Z,TARGET,0.5905469097071225,SAME,TARGET +0.591,
V2,V1_TRADE,BTC/USD_2025-07-01,1h,demand,2025-05-08T17:00:00Z,2025-05-12T18:00:00Z,TARGET,1.3452413986375853,SAME,TARGET +1.345,
V2,V1_TRADE,BTC/USD_2025-07-01,1h,supply,2025-05-12T16:00:00Z,2025-05-12T20:00:00Z,TARGET,1.056285766769753,SHIFTED,2025-05-13T08:00:00Z S2_CLOSE -3.113,same zone entered on a different bar
V2,V1_TRADE,BTC/USD_2025-07-01,1h,supply,2025-05-12T16:00:00Z,2025-05-12T22:00:00Z,TARGET,1.056285766769753,SAME,TARGET +1.056,
V2,V1_TRADE,BTC/USD_2025-07-01,1h,supply,2025-05-10T23:00:00Z,2025-05-16T02:00:00Z,TARGET,1.5572529667763582,SAME,TARGET +1.557,
V2,V1_TRADE,BTC/USD_2025-07-01,1h,demand,2025-05-17T01:00:00Z,2025-05-19T04:00:00Z,TARGET,1.1733655335714674,SAME,TARGET +1.173,
V2,V1_TRADE,BTC/USD_2025-07-01,1h,demand,2025-05-20T21:00:00Z,2025-05-21T07:00:00Z,TARGET,1.4147044962005852,SAME,TARGET +1.415,
V2,V1_TRADE,BTC/USD_2025-07-01,1h,demand,2025-05-20T21:00:00Z,2025-05-21T17:00:00Z,TARGET,1.4147044962005852,SAME,TARGET +1.415,
V2,V1_TRADE,BTC/USD_2025-07-01,1h,demand,2025-05-20T21:00:00Z,2025-05-21T19:00:00Z,TARGET,1.4147044962005852,REMOVED,,SLOT_OCCUPIED by 1h 2025-05-21T17:00:00Z
V2,V1_TRADE,BTC/USD_2025-07-01,1h,supply,2025-05-23T14:00:00Z,2025-05-23T17:00:00Z,TARGET,0.6499369554074834,SAME,TARGET +0.650,
V2,V1_TRADE,BTC/USD_2025-07-01,1h,demand,2025-06-06T07:00:00Z,2025-06-13T00:00:00Z,TARGET,0.5169506893910709,SAME,TARGET +0.517,
V2,V1_TRADE,BTC/USD_2025-07-01,1h,demand,2025-06-06T07:00:00Z,2025-06-13T02:00:00Z,TARGET,0.5169506893910709,SAME,TARGET +0.517,
V2,V1_TRADE,BTC/USD_2025-07-01,1h,demand,2025-06-06T12:00:00Z,2025-06-13T04:00:00Z,TARGET,1.207120564669991,SAME,TARGET +1.207,
V2,V1_TRADE,BTC/USD_2025-07-01,1h,demand,2025-06-16T12:00:00Z,2025-06-17T02:00:00Z,TARGET,-0.1349999999999998,SAME,TARGET -0.135,
V2,V1_TRADE,BTC/USD_2025-07-01,1h,demand,2025-06-16T12:00:00Z,2025-06-17T06:00:00Z,S2_CLOSE,-3.3479333333333487,SAME,S2_CLOSE -3.348,
V2,V1_TRADE,BTC/USD_2025-07-01,1h,demand,2025-06-06T12:00:00Z,2025-06-18T19:00:00Z,TARGET,1.207120564669991,REMOVED,,LOOKAHEAD_DEPENDENCY: VOL_HIGH_ONLY_WITH_TOUCH_BAR
V2,V1_TRADE,BTC/USD_2025-07-01,1h,demand,2025-06-06T07:00:00Z,2025-06-20T17:00:00Z,TARGET,0.5169506893910709,REMOVED,,LOOKAHEAD_DEPENDENCY: VOL_HIGH_ONLY_WITH_TOUCH_BAR
V2,V1_TRADE,BTC/USD_2025-07-01,1h,demand,2025-06-06T07:00:00Z,2025-06-20T19:00:00Z,TARGET,0.5169506893910709,SAME,TARGET +0.517,
V2,V1_TRADE,BTC/USD_2025-07-01,1h,supply,2025-06-21T20:00:00Z,2025-06-22T01:00:00Z,TARGET,1.0989857075913836,SAME,TARGET +1.099,
V2,V1_TRADE,BTC/USD_2025-07-01,1h,demand,2025-05-08T05:00:00Z,2025-06-22T16:00:00Z,TARGET,0.4457744756618194,SAME,TARGET +0.446,
V2,V1_TRADE,BTC/USD_2025-07-01,1h,demand,2025-05-08T05:00:00Z,2025-06-22T19:00:00Z,TARGET,0.4457744756618194,SAME,TARGET +0.446,
V2,V1_TRADE,BTC/USD_2025-07-01,1h,supply,2025-06-21T20:00:00Z,2025-06-23T17:00:00Z,S2_CLOSE,-2.0325161668228438,SAME,S2_CLOSE -2.033,
V2,V1_TRADE,BTC/USD_2025-07-01,1h,demand,2025-06-24T02:00:00Z,2025-06-24T07:00:00Z,TARGET,1.125535572629182,SAME,TARGET +1.126,
V2,V1_TRADE,BTC/USD_2025-07-01,4h,supply,2025-06-22T08:00:00Z,2025-06-23T12:00:00Z,TARGET,1.1510915682618807,SAME,TARGET +1.151,
V2,V1_TRADE,BTC/USD_2025-11-01,1h,supply,2025-08-18T05:00:00Z,2025-08-18T12:00:00Z,S2_CLOSE,-3.3353837209302224,SAME,S2_CLOSE -3.335,
V2,V1_TRADE,BTC/USD_2025-11-01,1h,demand,2025-08-07T04:00:00Z,2025-08-19T04:00:00Z,TARGET,0.2346503856041131,SAME,TARGET +0.235,
V2,V1_TRADE,BTC/USD_2025-11-01,1h,demand,2025-08-06T12:00:00Z,2025-08-19T14:00:00Z,S2_CLOSE,-2.391059019768629,SAME,S2_CLOSE -2.391,
V2,V1_TRADE,BTC/USD_2025-11-01,1h,demand,2025-08-05T15:00:00Z,2025-08-19T19:00:00Z,TARGET,0.7826651281406531,REMOVED,,LOOKAHEAD_DEPENDENCY: VOL_HIGH_ONLY_WITH_TOUCH_BAR
V2,V1_TRADE,BTC/USD_2025-11-01,1h,demand,2025-08-05T15:00:00Z,2025-08-20T00:00:00Z,TARGET,0.7826651281406531,SAME,TARGET +0.783,
V2,V1_TRADE,BTC/USD_2025-11-01,1h,demand,2025-08-02T19:00:00Z,2025-08-21T22:00:00Z,TARGET,1.2840743247544044,SAME,TARGET +1.284,
V2,V1_TRADE,BTC/USD_2025-11-01,1h,supply,2025-08-19T00:00:00Z,2025-08-22T14:00:00Z,S2_CLOSE,-2.5449457930889325,REMOVED,,LOOKAHEAD_DEPENDENCY: VOL_HIGH_ONLY_WITH_TOUCH_BAR
V2,V1_TRADE,BTC/USD_2025-11-01,1h,supply,2025-08-18T21:00:00Z,2025-08-22T15:00:00Z,TARGET,-0.5715798977602553,SAME,TARGET -0.572,
V2,V1_TRADE,BTC/USD_2025-11-01,1h,demand,2025-08-02T19:00:00Z,2025-08-24T19:00:00Z,TARGET,1.2840743247544044,REMOVED,,LOOKAHEAD_DEPENDENCY: VOL_HIGH_ONLY_WITH_TOUCH_BAR
V2,V1_TRADE,BTC/USD_2025-11-01,1h,demand,2025-08-02T19:00:00Z,2025-08-24T21:00:00Z,TARGET,1.2840743247544044,SAME,TARGET +1.284,
V2,V1_TRADE,BTC/USD_2025-11-01,1h,demand,2025-08-02T19:00:00Z,2025-08-25T00:00:00Z,TARGET,1.2840743247544044,SAME,TARGET +1.284,
V2,V1_TRADE,BTC/USD_2025-11-01,1h,supply,2025-08-24T23:00:00Z,2025-08-25T02:00:00Z,TARGET,-0.08643218573890854,REMOVED,,SLOT_OCCUPIED (same-TF exit bar)
V2,V1_TRADE,BTC/USD_2025-11-01,1h,demand,2025-08-02T19:00:00Z,2025-08-25T05:00:00Z,S2_CLOSE,-1.871088943582794,SAME,S2_CLOSE -1.871,
V2,V1_TRADE,BTC/USD_2025-11-01,1h,demand,2025-09-01T04:00:00Z,2025-09-01T21:00:00Z,TARGET,0.6573457792208084,SAME,TARGET +0.657,
V2,V1_TRADE,BTC/USD_2025-11-01,1h,supply,2025-08-29T12:00:00Z,2025-09-02T13:00:00Z,S2_CLOSE,-2.4888362349101443,SAME,S2_CLOSE -2.489,
V2,V1_TRADE,BTC/USD_2025-11-01,1h,supply,2025-08-29T12:00:00Z,2025-09-02T15:00:00Z,S2_CLOSE,-2.4888362349101443,REMOVED,,SLOT_OCCUPIED by 1h 2025-09-02T13:00:00Z
V2,V1_TRADE,BTC/USD_2025-11-01,1h,supply,2025-08-28T12:00:00Z,2025-09-05T14:00:00Z,TARGET,0.7850105314061298,REMOVED,,LOOKAHEAD_DEPENDENCY: VOL_HIGH_ONLY_WITH_TOUCH_BAR
V2,V1_TRADE,BTC/USD_2025-11-01,1h,supply,2025-08-22T15:00:00Z,2025-09-17T23:00:00Z,S2_CLOSE,-1.8538218887148945,SAME,S2_CLOSE -1.854,
V2,V1_TRADE,BTC/USD_2025-11-01,1h,demand,2025-09-10T10:00:00Z,2025-09-22T09:00:00Z,TARGET,-1.015867615467208,SAME,TARGET -1.016,
V2,V1_TRADE,BTC/USD_2025-11-01,1h,demand,2025-09-10T10:00:00Z,2025-09-22T17:00:00Z,TARGET,-1.015867615467208,SAME,TARGET -1.016,
V2,V1_TRADE,BTC/USD_2025-11-01,1h,demand,2025-09-10T01:00:00Z,2025-09-25T12:00:00Z,TARGET,-0.17020300898797647,REMOVED,,LOOKAHEAD_DEPENDENCY: VOL_HIGH_ONLY_WITH_TOUCH_BAR
V2,V1_TRADE,BTC/USD_2025-11-01,1h,demand,2025-09-10T01:00:00Z,2025-09-25T14:00:00Z,TARGET,-0.17020300898797647,SAME,TARGET -0.170,
V2,V1_TRADE,BTC/USD_2025-11-01,1h,demand,2025-09-08T00:00:00Z,2025-09-25T15:00:00Z,TARGET,0.8096132427843554,SAME,TARGET +0.810,
V2,V1_TRADE,BTC/USD_2025-11-01,1h,demand,2025-09-10T01:00:00Z,2025-09-25T16:00:00Z,S2_CLOSE,-16.742040966523987,SAME,S2_CLOSE -16.742,
V2,V1_TRADE,BTC/USD_2025-11-01,1h,demand,2025-09-02T12:00:00Z,2025-09-25T21:00:00Z,TARGET,1.5462842163623078,SAME,TARGET +1.546,
V2,V1_TRADE,BTC/USD_2025-11-01,1h,supply,2025-09-22T03:00:00Z,2025-09-30T21:00:00Z,TARGET,0.5285354938271531,SAME,TARGET +0.529,
V2,V1_TRADE,BTC/USD_2025-11-01,1h,supply,2025-09-22T03:00:00Z,2025-10-01T02:00:00Z,S2_CLOSE,-8.716834876543242,REMOVED,,LOOKAHEAD_DEPENDENCY: VOL_HIGH_ONLY_WITH_TOUCH_BAR
V2,V1_TRADE,BTC/USD_2025-11-01,1h,supply,2025-08-17T22:00:00Z,2025-10-01T16:00:00Z,TARGET,-0.3040753739368811,SAME,TARGET -0.304,
V2,V1_TRADE,BTC/USD_2025-11-01,1h,supply,2025-09-18T14:00:00Z,2025-10-01T19:00:00Z,TARGET,0.40796519208647375,SAME,TARGET +0.408,
V2,V1_TRADE,BTC/USD_2025-11-01,1h,supply,2025-08-15T06:00:00Z,2025-10-02T00:00:00Z,TARGET,-0.03599809013427446,REMOVED,,LOOKAHEAD_DEPENDENCY: VOL_HIGH_ONLY_WITH_TOUCH_BAR
V2,V1_TRADE,BTC/USD_2025-11-01,1h,supply,2025-08-15T06:00:00Z,2025-10-02T03:00:00Z,TARGET,-0.03599809013427446,SAME,TARGET -0.036,
V2,V1_TRADE,BTC/USD_2025-11-01,1h,supply,2025-08-14T11:00:00Z,2025-10-02T19:00:00Z,TARGET,-0.1498797248821706,SAME,TARGET -0.150,
V2,V1_TRADE,BTC/USD_2025-11-01,1h,demand,2025-10-02T16:00:00Z,2025-10-03T01:00:00Z,TARGET,0.9602076627466738,SAME,TARGET +0.960,
V2,V1_TRADE,BTC/USD_2025-11-01,1h,supply,2025-08-14T00:00:00Z,2025-10-03T16:00:00Z,TARGET,1.3918847066524864,REMOVED,,LOOKAHEAD_DEPENDENCY: VOL_HIGH_ONLY_WITH_TOUCH_BAR
V2,V1_TRADE,BTC/USD_2025-11-01,1h,demand,2025-10-03T17:00:00Z,2025-10-04T04:00:00Z,S2_CLOSE,-1.5240953096554106,REMOVED,,LOOKAHEAD_DEPENDENCY: FVG_ONLY_WITH_TOUCH_BAR
V2,V1_TRADE,BTC/USD_2025-11-01,1h,demand,2025-10-05T19:00:00Z,2025-10-07T14:00:00Z,TARGET,0.5996615969581749,REMOVED,,LOOKAHEAD_DEPENDENCY: VOL_HIGH_ONLY_WITH_TOUCH_BAR
V2,V1_TRADE,BTC/USD_2025-11-01,1h,demand,2025-10-04T18:00:00Z,2025-10-07T15:00:00Z,TARGET,-0.28352175545057623,SAME,TARGET -0.284,
V2,V1_TRADE,BTC/USD_2025-11-01,1h,demand,2025-10-01T10:00:00Z,2025-10-10T19:00:00Z,TARGET,-0.009391366906474907,SAME,TARGET -0.009,
V2,V1_TRADE,BTC/USD_2025-11-01,1h,demand,2025-09-30T09:00:00Z,2025-10-10T20:00:00Z,TARGET,1.058197451698843,OUTCOME_CHANGED,AMBIGUOUS ,V2 AMBIGUOUS (entry and target in the same minute)
V2,V1_TRADE,BTC/USD_2025-11-01,1h,demand,2025-08-30T01:00:00Z,2025-10-10T21:00:00Z,TARGET,1.352834983498346,REMOVED,,SLOT_OCCUPIED (same-TF exit bar)
V2,V1_TRADE,BTC/USD_2025-11-01,1h,demand,2025-09-30T09:00:00Z,2025-10-10T22:00:00Z,TARGET,1.058197451698843,SAME,TARGET +1.058,
V2,V1_TRADE,BTC/USD_2025-11-01,1h,demand,2025-09-29T02:00:00Z,2025-10-11T00:00:00Z,TARGET,0.2775896033884737,OUTCOME_CHANGED,AMBIGUOUS ,V2 AMBIGUOUS (entry and target in the same minute)
V2,V1_TRADE,BTC/USD_2025-11-01,1h,supply,2025-10-10T22:00:00Z,2025-10-11T02:00:00Z,S2_CLOSE,-1.3534673214960335,SAME,S2_CLOSE -1.353,
V2,V1_TRADE,BTC/USD_2025-11-01,1h,demand,2025-10-12T21:00:00Z,2025-10-13T10:00:00Z,S2_CLOSE,-1.5534116476758908,SAME,S2_CLOSE -1.553,
V2,V1_TRADE,BTC/USD_2025-11-01,1h,demand,2025-10-12T17:00:00Z,2025-10-13T15:00:00Z,TARGET,1.280476813667731,SAME,TARGET +1.280,
V2,V1_TRADE,BTC/USD_2025-11-01,1h,demand,2025-10-12T13:00:00Z,2025-10-14T06:00:00Z,S2_CLOSE,-3.9235049063603746,SAME,S2_CLOSE -3.924,
V2,V1_TRADE,BTC/USD_2025-11-01,1h,demand,2025-10-12T13:00:00Z,2025-10-14T08:00:00Z,S2_CLOSE,-3.9235049063603746,REMOVED,,SLOT_OCCUPIED by 1h 2025-10-14T06:00:00Z
V2,V1_TRADE,BTC/USD_2025-11-01,1h,supply,2025-10-14T08:00:00Z,2025-10-14T14:00:00Z,TARGET,0.9288106231141258,SAME,TARGET +0.929,
V2,V1_TRADE,BTC/USD_2025-11-01,1h,demand,2025-08-30T01:00:00Z,2025-10-16T16:00:00Z,TARGET,1.352834983498346,REMOVED,,SLOT_OCCUPIED by 4h 2025-10-16T16:00:00Z
V2,V1_TRADE,BTC/USD_2025-11-01,1h,demand,2025-08-30T01:00:00Z,2025-10-16T18:00:00Z,TARGET,1.352834983498346,REMOVED,,SLOT_OCCUPIED by 4h 2025-10-16T16:00:00Z
V2,V1_TRADE,BTC/USD_2025-11-01,1h,demand,2025-10-19T12:00:00Z,2025-10-20T00:00:00Z,TARGET,0.5238527153045061,REMOVED,,LOOKAHEAD_DEPENDENCY: VOL_HIGH_ONLY_WITH_TOUCH_BAR
V2,V1_TRADE,BTC/USD_2025-11-01,1h,supply,2025-10-16T06:00:00Z,2025-10-20T07:00:00Z,TARGET,1.1595249845851865,SAME,TARGET +1.160,
V2,V1_TRADE,BTC/USD_2025-11-01,1h,demand,2025-10-19T12:00:00Z,2025-10-21T06:00:00Z,TARGET,0.5238527153045061,SAME,TARGET +0.524,
V2,V1_TRADE,BTC/USD_2025-11-01,1h,demand,2025-10-19T12:00:00Z,2025-10-21T08:00:00Z,TARGET,0.5238527153045061,SAME,TARGET +0.524,
V2,V1_TRADE,BTC/USD_2025-11-01,1h,demand,2025-10-19T12:00:00Z,2025-10-21T10:00:00Z,TARGET,0.5238527153045061,REMOVED,,SLOT_OCCUPIED by 1h 2025-10-21T08:00:00Z
V2,V1_TRADE,BTC/USD_2025-11-01,1h,supply,2025-10-14T18:00:00Z,2025-10-21T15:00:00Z,TARGET,1.1383775022863518,REMOVED,,SLOT_OCCUPIED by 4h 2025-10-21T12:00:00Z
V2,V1_TRADE,BTC/USD_2025-11-01,1h,demand,2025-10-20T00:00:00Z,2025-10-22T06:00:00Z,S2_CLOSE,-1.836295803265484,REMOVED,,SLOT_OCCUPIED by 4h 2025-10-21T20:00:00Z
V2,V1_TRADE,BTC/USD_2025-11-01,1h,supply,2025-10-23T06:00:00Z,2025-10-23T13:00:00Z,S2_CLOSE,-2.7556216999489545,SAME,S2_CLOSE -2.756,
V2,V1_TRADE,BTC/USD_2025-11-01,1h,demand,2025-10-24T03:00:00Z,2025-10-24T13:00:00Z,TARGET,0.13822626137764016,REMOVED,,LOOKAHEAD_DEPENDENCY: VOL_HIGH_ONLY_WITH_TOUCH_BAR
V2,V1_TRADE,BTC/USD_2025-11-01,1h,demand,2025-10-23T20:00:00Z,2025-10-24T14:00:00Z,TARGET,1.2330256658087941,SAME,TARGET +1.233,
V2,V1_TRADE,BTC/USD_2025-11-01,1h,demand,2025-10-27T02:00:00Z,2025-10-27T10:00:00Z,S2_CLOSE,-2.1144714428619524,SAME,S2_CLOSE -2.114,
V2,V1_TRADE,BTC/USD_2025-11-01,1h,demand,2025-10-28T05:00:00Z,2025-10-28T19:00:00Z,S2_CLOSE,-5.0785969744999875,SAME,S2_CLOSE -5.079,
V2,V1_TRADE,BTC/USD_2025-11-01,1h,demand,2025-10-26T10:00:00Z,2025-10-28T20:00:00Z,TARGET,0.23454096300365945,REMOVED,,SLOT_OCCUPIED by 1h 2025-10-28T19:00:00Z
V2,V1_TRADE,BTC/USD_2025-11-01,1h,demand,2025-10-23T20:00:00Z,2025-10-29T23:00:00Z,TARGET,1.2330256658087941,REMOVED,,SLOT_OCCUPIED by 4h 2025-10-29T20:00:00Z
V2,V1_TRADE,BTC/USD_2025-11-01,1h,demand,2025-10-19T08:00:00Z,2025-10-30T19:00:00Z,TARGET,1.25038964277769,SAME,TARGET +1.250,
V2,V1_TRADE,BTC/USD_2025-11-01,4h,demand,2025-08-02T16:00:00Z,2025-08-20T00:00:00Z,TARGET,1.5227459421312632,REMOVED,,SLOT_OCCUPIED by 1h 2025-08-20T00:00:00Z
V2,V1_TRADE,BTC/USD_2025-11-01,4h,supply,2025-08-18T16:00:00Z,2025-08-22T12:00:00Z,S2_CLOSE,-1.988479299590269,REMOVED,,LOOKAHEAD_DEPENDENCY: VOL_HIGH_ONLY_WITH_TOUCH_BAR
V2,V1_TRADE,BTC/USD_2025-11-01,4h,demand,2025-07-10T00:00:00Z,2025-08-24T16:00:00Z,TARGET,1.0479557774607704,REMOVED,,LOOKAHEAD_DEPENDENCY: VOL_HIGH_ONLY_WITH_TOUCH_BAR
V2,V1_TRADE,BTC/USD_2025-11-01,4h,demand,2025-07-10T00:00:00Z,2025-08-25T12:00:00Z,TARGET,1.0479557774607704,REMOVED,,LOOKAHEAD_DEPENDENCY: VOL_HIGH_ONLY_WITH_TOUCH_BAR
V2,V1_TRADE,BTC/USD_2025-11-01,4h,supply,2025-08-24T20:00:00Z,2025-08-25T16:00:00Z,TARGET,1.6718747160359584,SAME,TARGET +1.672,
V2,V1_TRADE,BTC/USD_2025-11-01,4h,demand,2025-07-08T12:00:00Z,2025-08-26T00:00:00Z,TARGET,1.34736626679606,SAME,TARGET +1.347,
V2,V1_TRADE,BTC/USD_2025-11-01,4h,supply,2025-08-24T20:00:00Z,2025-08-28T04:00:00Z,TARGET,1.6718747160359584,SAME,TARGET +1.672,
V2,V1_TRADE,BTC/USD_2025-11-01,4h,demand,2025-07-08T00:00:00Z,2025-08-29T20:00:00Z,TARGET,1.408575892571863,SAME,TARGET +1.409,
V2,V1_TRADE,BTC/USD_2025-11-01,4h,supply,2025-08-24T20:00:00Z,2025-09-05T12:00:00Z,TARGET,1.6718747160359584,REMOVED,,LOOKAHEAD_DEPENDENCY: VOL_HIGH_ONLY_WITH_TOUCH_BAR
V2,V1_TRADE,BTC/USD_2025-11-01,4h,demand,2025-09-01T08:00:00Z,2025-09-25T16:00:00Z,TARGET,1.6209152834025669,SHIFTED,2025-10-16T16:00:00Z S2_CLOSE -4.337,same zone entered on a different bar
V2,V1_TRADE,BTC/USD_2025-11-01,4h,supply,2025-08-14T00:00:00Z,2025-10-03T16:00:00Z,TARGET,1.3925839803841438,SAME,TARGET +1.393,
V2,V1_TRADE,BTC/USD_2025-11-01,4h,demand,2025-10-04T12:00:00Z,2025-10-07T12:00:00Z,S2_CLOSE,-2.056011546432446,REMOVED,,LOOKAHEAD_DEPENDENCY: VOL_HIGH_ONLY_WITH_TOUCH_BAR
V2,V1_TRADE,BTC/USD_2025-11-01,4h,demand,2025-10-03T04:00:00Z,2025-10-09T16:00:00Z,TARGET,0.9917845197075419,SAME,TARGET +0.992,
V2,V1_TRADE,BTC/USD_2025-11-01,4h,demand,2025-10-02T04:00:00Z,2025-10-10T12:00:00Z,TARGET,0.9068346185750402,SAME,TARGET +0.907,
V2,V1_TRADE,BTC/USD_2025-11-01,4h,demand,2025-09-01T08:00:00Z,2025-10-17T00:00:00Z,S2_CLOSE,-4.3369929315929046,REMOVED,,SLOT_OCCUPIED by 4h 2025-10-16T16:00:00Z
V2,V1_TRADE,BTC/USD_2025-11-01,4h,demand,2025-07-01T16:00:00Z,2025-10-17T12:00:00Z,TARGET,1.2946261788130373,SAME,TARGET +1.295,
V2,V1_TRADE,BTC/USD_2025-11-01,4h,supply,2025-10-14T20:00:00Z,2025-10-21T12:00:00Z,TARGET,1.4969162594501384,SAME,TARGET +1.497,
V2,V1_TRADE,BTC/USD_2025-11-01,4h,demand,2025-10-21T04:00:00Z,2025-10-21T20:00:00Z,TARGET,1.5902902851448453,SAME,TARGET +1.590,
V2,V1_TRADE,BTC/USD_2025-11-01,4h,demand,2025-10-17T20:00:00Z,2025-10-22T20:00:00Z,TARGET,1.4156553505534994,REMOVED,,SLOT_OCCUPIED by 4h 2025-10-21T20:00:00Z
V2,V1_TRADE,BTC/USD_2025-11-01,4h,demand,2025-10-21T04:00:00Z,2025-10-23T00:00:00Z,TARGET,1.5902902851448453,REMOVED,,SLOT_OCCUPIED by 4h 2025-10-21T20:00:00Z
V2,V1_TRADE,BTC/USD_2025-11-01,4h,demand,2025-10-24T12:00:00Z,2025-10-29T20:00:00Z,S2_CLOSE,-2.930300573395922,SAME,S2_CLOSE -2.930,
V2,V1_TRADE,BTC/USD_2025-11-01,4h,demand,2025-10-17T20:00:00Z,2025-10-30T20:00:00Z,TARGET,1.4156553505534994,REMOVED,,SLOT_OCCUPIED by 1h 2025-10-30T19:00:00Z
V2,V1_TRADE,USD/JPY_2022-11-01,1h,demand,2022-09-07T04:00:00Z,2022-09-07T18:00:00Z,S2_CLOSE,-1.588690352648114,SAME,S2_CLOSE -1.589,
V2,V1_TRADE,USD/JPY_2022-11-01,1h,demand,2022-09-07T20:00:00Z,2022-09-08T04:00:00Z,TARGET,1.7538272174783067,SAME,TARGET +1.754,
V2,V1_TRADE,USD/JPY_2022-11-01,1h,supply,2022-09-08T12:00:00Z,2022-09-09T01:00:00Z,TARGET,1.957894182818196,REMOVED,,LOOKAHEAD_DEPENDENCY: VALIDATED_BY_TOUCH_BAR_CLOSE
V2,V1_TRADE,USD/JPY_2022-11-01,1h,demand,2022-09-06T09:00:00Z,2022-09-09T10:00:00Z,TARGET,1.847611791037672,SAME,TARGET +1.848,
V2,V1_TRADE,USD/JPY_2022-11-01,1h,supply,2022-09-09T17:00:00Z,2022-09-11T22:00:00Z,S2_CLOSE,-2.574651584276076,SAME,S2_CLOSE -2.575,
V2,V1_TRADE,USD/JPY_2022-11-01,1h,supply,2022-09-09T05:00:00Z,2022-09-12T03:00:00Z,S2_CLOSE,-2.808000000000064,SAME,S2_CLOSE -2.808,
V2,V1_TRADE,USD/JPY_2022-11-01,1h,supply,2022-09-12T09:00:00Z,2022-09-12T18:00:00Z,S2_CLOSE,-1.3538325449020974,SAME,S2_CLOSE -1.354,
V2,V1_TRADE,USD/JPY_2022-11-01,1h,supply,2022-09-13T02:00:00Z,2022-09-13T07:00:00Z,TARGET,1.8792452830188617,REMOVED,,LOOKAHEAD_DEPENDENCY: VALIDATED_BY_TOUCH_BAR_CLOSE
V2,V1_TRADE,USD/JPY_2022-11-01,1h,demand,2022-09-13T18:00:00Z,2022-09-13T23:00:00Z,TARGET,1.839999999999991,SAME,TARGET +1.840,
V2,V1_TRADE,USD/JPY_2022-11-01,1h,demand,2022-09-13T13:00:00Z,2022-09-14T00:00:00Z,S2_CLOSE,-1.4404269662920577,REMOVED,,SLOT_OCCUPIED (same-TF exit bar)
V2,V1_TRADE,USD/JPY_2022-11-01,1h,supply,2022-09-15T15:00:00Z,2022-09-16T02:00:00Z,TARGET,1.8666666666666718,SAME,TARGET +1.867,
V2,V1_TRADE,USD/JPY_2022-11-01,1h,supply,2022-09-15T15:00:00Z,2022-09-16T06:00:00Z,TARGET,1.8666666666666718,SAME,TARGET +1.867,
V2,V1_TRADE,USD/JPY_2022-11-01,1h,supply,2022-09-15T15:00:00Z,2022-09-16T08:00:00Z,TARGET,1.8666666666666718,SAME,TARGET +1.867,
V2,V1_TRADE,USD/JPY_2022-11-01,1h,supply,2022-09-15T15:00:00Z,2022-09-19T08:00:00Z,S2_CLOSE,-1.4665833333332228,SAME,S2_CLOSE -1.467,
V2,V1_TRADE,USD/JPY_2022-11-01,1h,demand,2022-09-21T06:00:00Z,2022-09-21T18:00:00Z,TARGET,1.9384603550068278,SAME,TARGET +1.938,
V2,V1_TRADE,USD/JPY_2022-11-01,1h,supply,2022-09-21T16:00:00Z,2022-09-21T22:00:00Z,S2_CLOSE,-1.2769230769231652,REMOVED,,SLOT_OCCUPIED (same-TF exit bar)
V2,V1_TRADE,USD/JPY_2022-11-01,1h,demand,2022-09-06T09:00:00Z,2022-09-22T08:00:00Z,TARGET,1.847611791037672,SAME,TARGET +1.848,
V2,V1_TRADE,USD/JPY_2022-11-01,1h,supply,2022-09-22T09:00:00Z,2022-09-23T09:00:00Z,S2_CLOSE,-1.2066238849264153,SAME,S2_CLOSE -1.207,
V2,V1_TRADE,USD/JPY_2022-11-01,1h,demand,2022-09-26T01:00:00Z,2022-09-26T12:00:00Z,TARGET,1.9015429754143534,SAME,TARGET +1.902,
V2,V1_TRADE,USD/JPY_2022-11-01,1h,demand,2022-09-26T05:00:00Z,2022-09-26T13:00:00Z,TARGET,1.9522388059701503,REMOVED,,SLOT_OCCUPIED by 1h 2022-09-26T12:00:00Z
V2,V1_TRADE,USD/JPY_2022-11-01,1h,demand,2022-10-05T08:00:00Z,2022-10-06T00:00:00Z,TARGET,1.8719999999999999,SAME,TARGET +1.872,
V2,V1_TRADE,USD/JPY_2022-11-01,1h,supply,2022-10-03T12:00:00Z,2022-10-06T15:00:00Z,S2_CLOSE,-1.3058823529410408,REMOVED,,SLOT_OCCUPIED by 4h 2022-10-06T12:00:00Z (recovered suppressed trade)
V2,V1_TRADE,USD/JPY_2022-11-01,1h,supply,2022-09-22T07:00:00Z,2022-10-10T15:00:00Z,TARGET,1.8933333333333373,SAME,TARGET +1.893,
V2,V1_TRADE,USD/JPY_2022-11-01,1h,supply,2022-09-22T07:00:00Z,2022-10-11T22:00:00Z,S2_CLOSE,-2.606666666666568,SAME,S2_CLOSE -2.607,
V2,V1_TRADE,USD/JPY_2022-11-01,1h,demand,2022-10-17T12:00:00Z,2022-10-18T00:00:00Z,TARGET,1.8814814814814735,SAME,TARGET +1.881,
V2,V1_TRADE,USD/JPY_2022-11-01,1h,demand,2022-10-19T22:00:00Z,2022-10-20T09:00:00Z,S2_CLOSE,-2.355555555555654,SAME,S2_CLOSE -2.356,
V2,V1_TRADE,USD/JPY_2022-11-01,1h,demand,2022-10-19T07:00:00Z,2022-10-21T14:00:00Z,TARGET,1.8476190476190328,OUTCOME_CHANGED,AMBIGUOUS ,V2 AMBIGUOUS (entry and target in the same minute)
V2,V1_TRADE,USD/JPY_2022-11-01,1h,demand,2022-10-21T15:00:00Z,2022-10-23T22:00:00Z,S2_CLOSE,-1.0455026455026422,SHIFTED,2022-10-24T00:00:00Z S2_CLOSE -1.046,same zone entered on a different bar
V2,V1_TRADE,USD/JPY_2022-11-01,1h,demand,2022-10-12T02:00:00Z,2022-10-26T22:00:00Z,S2_CLOSE,-2.159987999400339,SAME,S2_CLOSE -2.160,
V2,V1_TRADE,USD/JPY_2022-11-01,1h,supply,2022-10-27T11:00:00Z,2022-10-28T00:00:00Z,TARGET,1.9255813953488383,SAME,TARGET +1.926,
V2,V1_TRADE,USD/JPY_2022-11-01,1h,supply,2022-10-27T11:00:00Z,2022-10-28T06:00:00Z,S2_CLOSE,-2.8418651162790076,SAME,S2_CLOSE -2.842,
V2,V1_TRADE,USD/JPY_2022-11-01,1h,supply,2022-10-25T22:00:00Z,2022-10-31T00:00:00Z,TARGET,1.907247989890034,REMOVED,,SLOT_OCCUPIED by 4h 2022-10-31T00:00:00Z
V2,V1_TRADE,USD/JPY_2022-11-01,1h,demand,2022-10-31T16:00:00Z,2022-10-31T23:00:00Z,TARGET,1.7538461538462529,SAME,TARGET +1.754,
V2,V1_TRADE,USD/JPY_2022-11-01,4h,demand,2022-09-06T17:00:00Z,2022-09-09T01:00:00Z,TARGET,1.8476263035093647,REMOVED,,SLOT_OCCUPIED by 1h 2022-09-09T03:00:00Z
V2,V1_TRADE,USD/JPY_2022-11-01,4h,demand,2022-09-05T21:00:00Z,2022-09-22T09:00:00Z,TARGET,1.9111135801783254,SAME,TARGET +1.911,
V2,V1_TRADE,USD/JPY_2022-11-01,4h,supply,2022-09-22T01:00:00Z,2022-09-27T17:00:00Z,TARGET,1.9699530516431925,SAME,TARGET +1.970,
V2,V1_TRADE,USD/JPY_2022-11-01,4h,supply,2022-10-03T04:00:00Z,2022-10-06T16:00:00Z,S2_CLOSE,-1.7387755102040354,REMOVED,,SLOT_OCCUPIED by 1h 2022-10-06T16:00:00Z
V2,V1_TRADE,USD/JPY_2022-11-01,4h,demand,2022-10-17T04:00:00Z,2022-10-18T08:00:00Z,TARGET,1.854532230202722,OUTCOME_CHANGED,AMBIGUOUS ,V2 AMBIGUOUS (entry and target in the same minute)
V2,V1_TRADE,USD/JPY_2022-11-01,4h,demand,2022-10-12T04:00:00Z,2022-10-27T00:00:00Z,S2_CLOSE,-3.3285618365977303,SAME,S2_CLOSE -3.329,
V2,V1_TRADE,USD/JPY_2022-11-01,4h,supply,2022-10-26T00:00:00Z,2022-10-31T00:00:00Z,S2_CLOSE,-2.070455800841927,SAME,S2_CLOSE -2.070,
V2,V1_TRADE,USD/JPY_2025-04-01,1h,supply,2025-02-10T11:00:00Z,2025-02-11T10:00:00Z,S2_CLOSE,-2.7333718527083866,SAME,S2_CLOSE -2.733,
V2,V1_TRADE,USD/JPY_2025-04-01,1h,supply,2025-02-05T23:00:00Z,2025-02-11T20:00:00Z,S2_CLOSE,-1.2571428571429553,SAME,S2_CLOSE -1.257,
V2,V1_TRADE,USD/JPY_2025-04-01,1h,supply,2025-02-05T07:00:00Z,2025-02-12T00:00:00Z,S2_CLOSE,-1.8000055172794767,SAME,S2_CLOSE -1.800,
V2,V1_TRADE,USD/JPY_2025-04-01,1h,supply,2025-02-05T05:00:00Z,2025-02-12T01:00:00Z,S2_CLOSE,-1.6908181818182666,REMOVED,,SLOT_OCCUPIED by 1h 2025-02-12T00:00:00Z
V2,V1_TRADE,USD/JPY_2025-04-01,1h,demand,2025-02-12T02:00:00Z,2025-02-12T07:00:00Z,TARGET,1.8117647058823076,SAME,TARGET +1.812,
V2,V1_TRADE,USD/JPY_2025-04-01,1h,demand,2025-02-12T02:00:00Z,2025-02-12T09:00:00Z,TARGET,1.8117647058823076,SAME,TARGET +1.812,
V2,V1_TRADE,USD/JPY_2025-04-01,1h,supply,2025-02-04T22:00:00Z,2025-02-12T13:00:00Z,TARGET,1.6444049338815434,SAME,TARGET +1.644,
V2,V1_TRADE,USD/JPY_2025-04-01,1h,demand,2025-02-12T02:00:00Z,2025-02-13T13:00:00Z,TARGET,1.8117647058823076,SAME,TARGET +1.812,
V2,V1_TRADE,USD/JPY_2025-04-01,1h,demand,2025-02-10T23:00:00Z,2025-02-17T00:00:00Z,S2_CLOSE,-3.0570449026234674,SAME,S2_CLOSE -3.057,
V2,V1_TRADE,USD/JPY_2025-04-01,1h,demand,2025-02-11T08:00:00Z,2025-02-17T01:00:00Z,S2_CLOSE,-1.527220083362412,REMOVED,,SLOT_OCCUPIED by 1h 2025-02-17T00:00:00Z
V2,V1_TRADE,USD/JPY_2025-04-01,1h,supply,2025-02-17T01:00:00Z,2025-02-17T08:00:00Z,TARGET,1.8117536325666042,SAME,TARGET +1.812,
V2,V1_TRADE,USD/JPY_2025-04-01,1h,demand,2025-02-07T16:00:00Z,2025-02-17T23:00:00Z,TARGET,1.9492071554419792,SAME,TARGET +1.949,
V2,V1_TRADE,USD/JPY_2025-04-01,1h,demand,2025-02-18T19:00:00Z,2025-02-19T03:00:00Z,S2_CLOSE,-3.099991667361696,SAME,S2_CLOSE -3.100,
V2,V1_TRADE,USD/JPY_2025-04-01,1h,demand,2025-02-18T13:00:00Z,2025-02-19T06:00:00Z,TARGET,1.7538272174783067,SAME,TARGET +1.754,
V2,V1_TRADE,USD/JPY_2025-04-01,1h,demand,2025-02-18T13:00:00Z,2025-02-19T10:00:00Z,TARGET,1.7538272174783067,SAME,TARGET +1.754,
V2,V1_TRADE,USD/JPY_2025-04-01,1h,demand,2025-02-07T16:00:00Z,2025-02-19T23:00:00Z,S2_CLOSE,-1.9713814066443522,SAME,S2_CLOSE -1.971,
V2,V1_TRADE,USD/JPY_2025-04-01,1h,supply,2025-02-21T07:00:00Z,2025-02-28T09:00:00Z,TARGET,1.889651367288523,SHIFTED,2025-02-28T07:00:00Z TARGET +1.890,same zone entered on a different bar
V2,V1_TRADE,USD/JPY_2025-04-01,1h,demand,2025-02-28T09:00:00Z,2025-02-28T17:00:00Z,TARGET,1.9272727272727268,SAME,TARGET +1.927,
V2,V1_TRADE,USD/JPY_2025-04-01,1h,demand,2025-02-28T09:00:00Z,2025-03-03T02:00:00Z,S2_CLOSE,-1.163636363636411,SAME,S2_CLOSE -1.164,
V2,V1_TRADE,USD/JPY_2025-04-01,1h,demand,2025-03-03T08:00:00Z,2025-03-03T15:00:00Z,TARGET,1.847627029060389,SAME,TARGET +1.848,
V2,V1_TRADE,USD/JPY_2025-04-01,1h,demand,2025-03-03T08:00:00Z,2025-03-03T17:00:00Z,S2_CLOSE,-6.961582964701758,SAME,S2_CLOSE -6.962,
V2,V1_TRADE,USD/JPY_2025-04-01,1h,demand,2025-02-27T04:00:00Z,2025-03-03T23:00:00Z,TARGET,1.831577174496576,SAME,TARGET +1.832,
V2,V1_TRADE,USD/JPY_2025-04-01,1h,demand,2025-03-04T20:00:00Z,2025-03-05T09:00:00Z,S2_CLOSE,-3.3840394563553287,SAME,S2_CLOSE -3.384,
V2,V1_TRADE,USD/JPY_2025-04-01,1h,supply,2025-03-06T23:00:00Z,2025-03-07T18:00:00Z,TARGET,1.8814770917441417,SAME,TARGET +1.881,
V2,V1_TRADE,USD/JPY_2025-04-01,1h,supply,2025-03-06T23:00:00Z,2025-03-07T20:00:00Z,TARGET,1.8814770917441417,REMOVED,,SLOT_OCCUPIED by 1h 2025-03-07T18:00:00Z
V2,V1_TRADE,USD/JPY_2025-04-01,1h,supply,2025-03-10T09:00:00Z,2025-03-10T15:00:00Z,TARGET,1.8476263035093647,SAME,TARGET +1.848,
V2,V1_TRADE,USD/JPY_2025-04-01,1h,supply,2025-03-10T09:00:00Z,2025-03-10T17:00:00Z,TARGET,1.8476263035093647,REMOVED,,SLOT_OCCUPIED by 1h 2025-03-10T15:00:00Z
V2,V1_TRADE,USD/JPY_2025-04-01,1h,supply,2025-03-10T09:00:00Z,2025-03-10T19:00:00Z,TARGET,1.8476263035093647,SAME,TARGET +1.848,
V2,V1_TRADE,USD/JPY_2025-04-01,1h,supply,2025-03-10T09:00:00Z,2025-03-11T06:00:00Z,TARGET,1.8476263035093647,SAME,TARGET +1.848,
V2,V1_TRADE,USD/JPY_2025-04-01,1h,supply,2025-03-10T09:00:00Z,2025-03-11T08:00:00Z,S2_CLOSE,-1.342840817103756,SAME,S2_CLOSE -1.343,
V2,V1_TRADE,USD/JPY_2025-04-01,1h,supply,2025-03-10T06:00:00Z,2025-03-11T11:00:00Z,TARGET,1.8719999999999999,SAME,TARGET +1.872,
V2,V1_TRADE,USD/JPY_2025-04-01,1h,supply,2025-03-06T23:00:00Z,2025-03-11T14:00:00Z,TARGET,1.8814770917441417,REMOVED,,SLOT_OCCUPIED by 4h 2025-03-11T12:00:00Z
V2,V1_TRADE,USD/JPY_2025-04-01,1h,supply,2025-03-13T02:00:00Z,2025-03-13T09:00:00Z,TARGET,1.771428571428642,SAME,TARGET +1.771,
V2,V1_TRADE,USD/JPY_2025-04-01,1h,supply,2025-03-13T02:00:00Z,2025-03-13T11:00:00Z,TARGET,1.771428571428642,REMOVED,,SLOT_OCCUPIED by 1h 2025-03-13T09:00:00Z
V2,V1_TRADE,USD/JPY_2025-04-01,1h,supply,2025-03-13T02:00:00Z,2025-03-13T13:00:00Z,TARGET,1.771428571428642,SAME,TARGET +1.771,
V2,V1_TRADE,USD/JPY_2025-04-01,1h,demand,2025-03-14T01:00:00Z,2025-03-14T16:00:00Z,TARGET,1.8814770917441417,SAME,TARGET +1.881,
V2,V1_TRADE,USD/JPY_2025-04-01,1h,demand,2025-03-16T22:00:00Z,2025-03-17T08:00:00Z,TARGET,1.8608635158050268,SAME,TARGET +1.861,
V2,V1_TRADE,USD/JPY_2025-04-01,1h,demand,2025-03-17T01:00:00Z,2025-03-17T09:00:00Z,S2_CLOSE,-1.4470719727050925,SAME,S2_CLOSE -1.447,
V2,V1_TRADE,USD/JPY_2025-04-01,1h,demand,2025-03-14T16:00:00Z,2025-03-17T12:00:00Z,TARGET,1.8814858708936766,OUTCOME_CHANGED,AMBIGUOUS ,V2 AMBIGUOUS (entry and target in the same minute)
V2,V1_TRADE,USD/JPY_2025-04-01,1h,supply,2025-03-05T12:00:00Z,2025-03-18T00:00:00Z,S2_CLOSE,-2.0058001657190445,SAME,S2_CLOSE -2.006,
V2,V1_TRADE,USD/JPY_2025-04-01,1h,demand,2025-03-17T19:00:00Z,2025-03-19T07:00:00Z,TARGET,1.7714285714285491,SAME,TARGET +1.771,
V2,V1_TRADE,USD/JPY_2025-04-01,1h,demand,2025-03-14T01:00:00Z,2025-03-20T00:00:00Z,TARGET,1.8814770917441417,SAME,TARGET +1.881,
V2,V1_TRADE,USD/JPY_2025-04-01,1h,supply,2025-03-19T19:00:00Z,2025-03-20T15:00:00Z,S2_CLOSE,-1.464918918919047,SAME,S2_CLOSE -1.465,
V2,V1_TRADE,USD/JPY_2025-04-01,1h,demand,2025-03-20T23:00:00Z,2025-03-21T12:00:00Z,TARGET,1.822222222222229,SAME,TARGET +1.822,
V2,V1_TRADE,USD/JPY_2025-04-01,1h,supply,2025-03-03T19:00:00Z,2025-03-24T13:00:00Z,S2_CLOSE,-3.32499999999948,SAME,S2_CLOSE -3.325,
V2,V1_TRADE,USD/JPY_2025-04-01,1h,supply,2025-03-30T23:00:00Z,2025-03-31T12:00:00Z,S2_CLOSE,-1.3393939393939074,SAME,S2_CLOSE -1.339,
V2,V1_TRADE,USD/JPY_2025-04-01,4h,demand,2024-12-10T00:00:00Z,2025-02-06T16:00:00Z,TARGET,1.9384616568045103,SAME,TARGET +1.938,
V2,V1_TRADE,USD/JPY_2025-04-01,4h,demand,2024-12-10T00:00:00Z,2025-02-07T00:00:00Z,TARGET,1.9384616568045103,REMOVED,,SLOT_OCCUPIED by 4h 2025-02-06T16:00:00Z
V2,V1_TRADE,USD/JPY_2025-04-01,4h,demand,2024-12-10T00:00:00Z,2025-02-07T12:00:00Z,TARGET,1.9384616568045103,SAME,TARGET +1.938,
V2,V1_TRADE,USD/JPY_2025-04-01,4h,demand,2024-12-10T00:00:00Z,2025-02-07T20:00:00Z,TARGET,1.9384616568045103,SAME,TARGET +1.938,
V2,V1_TRADE,USD/JPY_2025-04-01,4h,supply,2025-02-14T20:00:00Z,2025-02-19T00:00:00Z,TARGET,1.7538650873009205,SAME,TARGET +1.754,
V2,V1_TRADE,USD/JPY_2025-04-01,4h,demand,2024-12-06T12:00:00Z,2025-02-20T08:00:00Z,S2_CLOSE,-1.4899116279069915,SAME,S2_CLOSE -1.490,
V2,V1_TRADE,USD/JPY_2025-04-01,4h,demand,2024-12-03T12:00:00Z,2025-02-21T20:00:00Z,TARGET,1.974193548387097,SAME,TARGET +1.974,
V2,V1_TRADE,USD/JPY_2025-04-01,4h,supply,2025-02-21T04:00:00Z,2025-02-28T08:00:00Z,S2_CLOSE,-1.135889356402895,REMOVED,,SLOT_OCCUPIED by 1h 2025-02-28T07:00:00Z
V2,V1_TRADE,USD/JPY_2025-04-01,4h,demand,2024-12-03T12:00:00Z,2025-03-03T20:00:00Z,S2_CLOSE,-1.4774193548386623,SHIFTED,2025-03-04T04:00:00Z S2_CLOSE -1.477,same zone entered on a different bar
V2,V1_TRADE,USD/JPY_2025-04-01,4h,supply,2025-03-04T04:00:00Z,2025-03-04T16:00:00Z,S2_CLOSE,-1.8936908221618396,SAME,S2_CLOSE -1.894,
V2,V1_TRADE,USD/JPY_2025-04-01,4h,supply,2025-03-06T12:00:00Z,2025-03-11T12:00:00Z,S2_CLOSE,-1.5719800000000141,SAME,S2_CLOSE -1.572,
V2,V1_TRADE,USD/JPY_2025-04-01,4h,supply,2025-03-06T00:00:00Z,2025-03-12T12:00:00Z,TARGET,1.931914893617017,SAME,TARGET +1.932,
V2,V1_TRADE,USD/JPY_2025-04-01,4h,supply,2025-03-06T00:00:00Z,2025-03-17T16:00:00Z,S2_CLOSE,-1.3659148936170018,SAME,S2_CLOSE -1.366,
V2,V1_TRADE,USD/JPY_2025-04-01,4h,supply,2025-03-05T00:00:00Z,2025-03-18T08:00:00Z,TARGET,1.946665777762962,SAME,TARGET +1.947,
V2,V1_TRADE,USD/JPY_2025-04-01,4h,supply,2025-03-05T00:00:00Z,2025-03-19T08:00:00Z,TARGET,1.946665777762962,SAME,TARGET +1.947,
V2,V1_TRADE,USD/JPY_2025-04-01,4h,supply,2025-03-03T08:00:00Z,2025-03-24T12:00:00Z,TARGET,1.9750000000000005,SAME,TARGET +1.975,
V2,V1_TRADE,USD/JPY_2025-07-01,1h,supply,2025-05-06T09:00:00Z,2025-05-07T04:00:00Z,TARGET,1.8892756551766985,SAME,TARGET +1.889,
V2,V1_TRADE,USD/JPY_2025-07-01,1h,supply,2025-05-06T09:00:00Z,2025-05-07T08:00:00Z,S2_CLOSE,-1.380614935330011,SAME,S2_CLOSE -1.381,
V2,V1_TRADE,USD/JPY_2025-07-01,1h,supply,2025-05-06T05:00:00Z,2025-05-07T18:00:00Z,TARGET,1.7730657400184293,SAME,TARGET +1.773,
V2,V1_TRADE,USD/JPY_2025-07-01,1h,supply,2025-05-06T05:00:00Z,2025-05-07T21:00:00Z,S2_CLOSE,-2.120487908659241,SAME,S2_CLOSE -2.120,
V2,V1_TRADE,USD/JPY_2025-07-01,1h,demand,2025-05-12T08:00:00Z,2025-05-13T01:00:00Z,S2_CLOSE,-1.0988797364086056,SAME,S2_CLOSE -1.099,
V2,V1_TRADE,USD/JPY_2025-07-01,1h,demand,2025-05-12T03:00:00Z,2025-05-14T09:00:00Z,TARGET,1.8367346938775255,SAME,TARGET +1.837,
V2,V1_TRADE,USD/JPY_2025-07-01,1h,demand,2025-05-12T03:00:00Z,2025-05-14T13:00:00Z,TARGET,1.8367346938775255,SAME,TARGET +1.837,
V2,V1_TRADE,USD/JPY_2025-07-01,1h,supply,2025-05-14T06:00:00Z,2025-05-14T16:00:00Z,TARGET,1.8764526466159557,OUTCOME_CHANGED,AMBIGUOUS ,V2 AMBIGUOUS (entry and target in the same minute)
V2,V1_TRADE,USD/JPY_2025-07-01,1h,demand,2025-05-09T11:00:00Z,2025-05-16T02:00:00Z,TARGET,1.9205955334987632,SAME,TARGET +1.921,
V2,V1_TRADE,USD/JPY_2025-07-01,1h,supply,2025-05-15T17:00:00Z,2025-05-16T11:00:00Z,TARGET,1.849765258215938,SAME,TARGET +1.850,
V2,V1_TRADE,USD/JPY_2025-07-01,1h,supply,2025-05-15T14:00:00Z,2025-05-16T20:00:00Z,TARGET,1.9493670886075953,SAME,TARGET +1.949,
V2,V1_TRADE,USD/JPY_2025-07-01,1h,demand,2025-05-09T14:00:00Z,2025-05-19T01:00:00Z,S2_CLOSE,-1.1644925442787113,SAME,S2_CLOSE -1.164,
V2,V1_TRADE,USD/JPY_2025-07-01,1h,supply,2025-05-19T04:00:00Z,2025-05-20T02:00:00Z,TARGET,1.7519379844960514,OUTCOME_CHANGED,AMBIGUOUS ,V2 AMBIGUOUS (entry and target in the same minute)
V2,V1_TRADE,USD/JPY_2025-07-01,1h,demand,2025-05-08T07:00:00Z,2025-05-20T05:00:00Z,S2_CLOSE,-2.9047664396932533,REMOVED,,SLOT_OCCUPIED by 4h 2025-05-20T05:00:00Z (recovered suppressed trade)
V2,V1_TRADE,USD/JPY_2025-07-01,1h,demand,2025-05-08T01:00:00Z,2025-05-21T04:00:00Z,TARGET,1.9299781181619247,SAME,TARGET +1.930,
V2,V1_TRADE,USD/JPY_2025-07-01,1h,demand,2025-05-08T01:00:00Z,2025-05-21T10:00:00Z,TARGET,1.9299781181619247,SAME,TARGET +1.930,
V2,V1_TRADE,USD/JPY_2025-07-01,1h,demand,2025-05-07T13:00:00Z,2025-05-22T02:00:00Z,S2_CLOSE,-1.6371290322581415,SAME,S2_CLOSE -1.637,
V2,V1_TRADE,USD/JPY_2025-07-01,1h,supply,2025-05-21T01:00:00Z,2025-05-22T17:00:00Z,TARGET,1.8987328953531188,SAME,TARGET +1.899,
V2,V1_TRADE,USD/JPY_2025-07-01,1h,demand,2025-05-06T13:00:00Z,2025-05-23T11:00:00Z,S2_CLOSE,-1.1141439205954116,SAME,S2_CLOSE -1.114,
V2,V1_TRADE,USD/JPY_2025-07-01,1h,demand,2025-05-06T13:00:00Z,2025-05-23T13:00:00Z,S2_CLOSE,-1.1141439205954116,REMOVED,,SLOT_OCCUPIED by 1h 2025-05-23T11:00:00Z
V2,V1_TRADE,USD/JPY_2025-07-01,1h,supply,2025-05-23T13:00:00Z,2025-05-26T05:00:00Z,S2_CLOSE,-1.091889408394231,REMOVED,,SLOT_OCCUPIED by 4h 2025-05-26T05:00:00Z
V2,V1_TRADE,USD/JPY_2025-07-01,1h,supply,2025-05-26T12:00:00Z,2025-05-26T21:00:00Z,TARGET,1.813950243318233,SAME,TARGET +1.814,
V2,V1_TRADE,USD/JPY_2025-07-01,1h,demand,2025-04-29T21:00:00Z,2025-05-27T02:00:00Z,TARGET,1.7961783439490953,SAME,TARGET +1.796,
V2,V1_TRADE,USD/JPY_2025-07-01,1h,supply,2025-05-23T04:00:00Z,2025-05-27T05:00:00Z,TARGET,1.753827217478199,SAME,TARGET +1.754,
V2,V1_TRADE,USD/JPY_2025-07-01,1h,demand,2025-05-27T12:00:00Z,2025-05-28T00:00:00Z,TARGET,1.8251319297620803,SAME,TARGET +1.825,
V2,V1_TRADE,USD/JPY_2025-07-01,1h,demand,2025-05-27T12:00:00Z,2025-05-28T07:00:00Z,TARGET,1.8251319297620803,SAME,TARGET +1.825,
V2,V1_TRADE,USD/JPY_2025-07-01,1h,demand,2025-05-27T12:00:00Z,2025-05-28T09:00:00Z,TARGET,1.8251319297620803,REMOVED,,SLOT_OCCUPIED by 1h 2025-05-28T07:00:00Z
V2,V1_TRADE,USD/JPY_2025-07-01,1h,supply,2025-05-15T14:00:00Z,2025-05-28T23:00:00Z,S2_CLOSE,-1.2120094936708854,SAME,S2_CLOSE -1.212,
V2,V1_TRADE,USD/JPY_2025-07-01,1h,demand,2025-05-27T12:00:00Z,2025-05-29T16:00:00Z,S2_CLOSE,-1.2514264043135015,SAME,S2_CLOSE -1.251,
V2,V1_TRADE,USD/JPY_2025-07-01,1h,demand,2025-05-28T08:00:00Z,2025-05-29T19:00:00Z,S2_CLOSE,-3.3569181651723046,SAME,S2_CLOSE -3.357,
V2,V1_TRADE,USD/JPY_2025-07-01,1h,supply,2025-05-29T14:00:00Z,2025-05-30T14:00:00Z,TARGET,1.8980924174389338,SAME,TARGET +1.898,
V2,V1_TRADE,USD/JPY_2025-07-01,1h,supply,2025-05-30T20:00:00Z,2025-06-03T16:00:00Z,TARGET,1.8552016543211067,SAME,TARGET +1.855,
V2,V1_TRADE,USD/JPY_2025-07-01,1h,supply,2025-05-30T20:00:00Z,2025-06-03T22:00:00Z,TARGET,1.8552016543211067,SAME,TARGET +1.855,
V2,V1_TRADE,USD/JPY_2025-07-01,1h,supply,2025-05-29T14:00:00Z,2025-06-04T06:00:00Z,TARGET,1.8980924174389338,SAME,TARGET +1.898,
V2,V1_TRADE,USD/JPY_2025-07-01,1h,demand,2025-06-04T01:00:00Z,2025-06-04T07:00:00Z,S2_CLOSE,-1.389937106918237,SAME,S2_CLOSE -1.390,
V2,V1_TRADE,USD/JPY_2025-07-01,1h,supply,2025-05-29T11:00:00Z,2025-06-06T15:00:00Z,TARGET,1.8661087866108652,SAME,TARGET +1.866,
V2,V1_TRADE,USD/JPY_2025-07-01,1h,supply,2025-05-29T11:00:00Z,2025-06-10T01:00:00Z,TARGET,1.8661087866108652,SAME,TARGET +1.866,
V2,V1_TRADE,USD/JPY_2025-07-01,1h,demand,2025-06-09T15:00:00Z,2025-06-10T11:00:00Z,TARGET,1.8848920863309435,SAME,TARGET +1.885,
V2,V1_TRADE,USD/JPY_2025-07-01,1h,supply,2025-05-29T11:00:00Z,2025-06-10T17:00:00Z,TARGET,1.8661087866108652,SAME,TARGET +1.866,
V2,V1_TRADE,USD/JPY_2025-07-01,1h,supply,2025-05-29T11:00:00Z,2025-06-11T01:00:00Z,S2_CLOSE,-1.234225941422595,SAME,S2_CLOSE -1.234,
V2,V1_TRADE,USD/JPY_2025-07-01,1h,demand,2025-06-09T15:00:00Z,2025-06-11T12:00:00Z,TARGET,1.8848920863309435,REMOVED,,SLOT_OCCUPIED by 4h 2025-06-11T09:00:00Z
V2,V1_TRADE,USD/JPY_2025-07-01,1h,demand,2025-06-06T03:00:00Z,2025-06-12T01:00:00Z,TARGET,1.7681159420289465,SAME,TARGET +1.768,
V2,V1_TRADE,USD/JPY_2025-07-01,1h,demand,2025-06-06T03:00:00Z,2025-06-12T05:00:00Z,TARGET,1.7681159420289465,SAME,TARGET +1.768,
V2,V1_TRADE,USD/JPY_2025-07-01,1h,demand,2025-06-06T03:00:00Z,2025-06-12T07:00:00Z,TARGET,1.7681159420289465,SAME,TARGET +1.768,
V2,V1_TRADE,USD/JPY_2025-07-01,1h,demand,2025-06-05T22:00:00Z,2025-06-12T10:00:00Z,TARGET,1.721763324928228,SAME,TARGET +1.722,
V2,V1_TRADE,USD/JPY_2025-07-01,1h,supply,2025-06-12T14:00:00Z,2025-06-13T03:00:00Z,S2_CLOSE,-1.3514438956395602,SAME,S2_CLOSE -1.351,
V2,V1_TRADE,USD/JPY_2025-07-01,1h,supply,2025-06-12T14:00:00Z,2025-06-13T05:00:00Z,S2_CLOSE,-1.3514438956395602,REMOVED,,SLOT_OCCUPIED by 1h 2025-06-13T03:00:00Z
V2,V1_TRADE,USD/JPY_2025-07-01,1h,supply,2025-06-16T03:00:00Z,2025-06-16T17:00:00Z,S2_CLOSE,-2.6383692426784155,SAME,S2_CLOSE -2.638,
V2,V1_TRADE,USD/JPY_2025-07-01,1h,supply,2025-06-11T19:00:00Z,2025-06-16T18:00:00Z,S2_CLOSE,-3.909409701928309,REMOVED,,SLOT_OCCUPIED by 1h 2025-06-16T17:00:00Z
V2,V1_TRADE,USD/JPY_2025-07-01,1h,supply,2025-06-11T13:00:00Z,2025-06-17T01:00:00Z,S2_CLOSE,-1.1909689067897697,SHIFTED,2025-06-17T03:00:00Z S2_CLOSE -1.191,same zone entered on a different bar
V2,V1_TRADE,USD/JPY_2025-07-01,1h,demand,2025-06-17T15:00:00Z,2025-06-18T02:00:00Z,S2_CLOSE,-2.2791977888943142,SAME,S2_CLOSE -2.279,
V2,V1_TRADE,USD/JPY_2025-07-01,1h,demand,2025-06-17T04:00:00Z,2025-06-18T16:00:00Z,TARGET,1.8827924694161489,SAME,TARGET +1.883,
V2,V1_TRADE,USD/JPY_2025-07-01,1h,demand,2025-06-17T04:00:00Z,2025-06-18T18:00:00Z,TARGET,1.8827924694161489,SAME,TARGET +1.883,
V2,V1_TRADE,USD/JPY_2025-07-01,1h,demand,2025-06-19T13:00:00Z,2025-06-19T19:00:00Z,S2_CLOSE,-2.089361702127552,SAME,S2_CLOSE -2.089,
V2,V1_TRADE,USD/JPY_2025-07-01,1h,supply,2025-05-29T05:00:00Z,2025-06-20T14:00:00Z,S2_CLOSE,-1.489898785834053,SAME,S2_CLOSE -1.490,
V2,V1_TRADE,USD/JPY_2025-07-01,1h,demand,2025-06-23T02:00:00Z,2025-06-23T14:00:00Z,S2_CLOSE,-1.1321321321321454,SAME,S2_CLOSE -1.132,
V2,V1_TRADE,USD/JPY_2025-07-01,1h,demand,2025-06-22T23:00:00Z,2025-06-23T17:00:00Z,S2_CLOSE,-1.5560538116590907,SAME,S2_CLOSE -1.556,
V2,V1_TRADE,USD/JPY_2025-07-01,1h,demand,2025-06-20T16:00:00Z,2025-06-23T22:00:00Z,TARGET,1.8024691358025113,SAME,TARGET +1.802,
V2,V1_TRADE,USD/JPY_2025-07-01,1h,demand,2025-06-20T02:00:00Z,2025-06-24T03:00:00Z,TARGET,1.768115942029042,REMOVED,,SLOT_OCCUPIED by 4h 2025-06-24T01:00:00Z
V2,V1_TRADE,USD/JPY_2025-07-01,1h,demand,2025-06-20T02:00:00Z,2025-06-24T05:00:00Z,S2_CLOSE,-1.6666666666665206,REMOVED,,SLOT_OCCUPIED by 4h 2025-06-24T01:00:00Z
V2,V1_TRADE,USD/JPY_2025-07-01,1h,demand,2025-06-19T04:00:00Z,2025-06-24T06:00:00Z,TARGET,1.6558547707132458,REMOVED,,SLOT_OCCUPIED by 4h 2025-06-24T01:00:00Z
V2,V1_TRADE,USD/JPY_2025-07-01,1h,demand,2025-06-17T04:00:00Z,2025-06-24T14:00:00Z,TARGET,1.8827924694161489,REMOVED,,SLOT_OCCUPIED by 4h 2025-06-24T13:00:00Z
V2,V1_TRADE,USD/JPY_2025-07-01,1h,supply,2025-06-24T01:00:00Z,2025-06-25T10:00:00Z,S2_CLOSE,-1.2451340996167968,SAME,S2_CLOSE -1.245,
V2,V1_TRADE,USD/JPY_2025-07-01,1h,demand,2025-06-16T13:00:00Z,2025-06-26T09:00:00Z,TARGET,1.9069740399430115,SAME,TARGET +1.907,
V2,V1_TRADE,USD/JPY_2025-07-01,1h,supply,2025-06-26T11:00:00Z,2025-06-26T21:00:00Z,S2_CLOSE,-2.3438994506148054,SAME,S2_CLOSE -2.344,
V2,V1_TRADE,USD/JPY_2025-07-01,1h,supply,2025-06-26T03:00:00Z,2025-06-27T00:00:00Z,TARGET,1.8725048806725375,SAME,TARGET +1.873,
V2,V1_TRADE,USD/JPY_2025-07-01,1h,supply,2025-06-26T01:00:00Z,2025-06-27T13:00:00Z,TARGET,1.876438335006568,REMOVED,,SLOT_OCCUPIED by 4h 2025-06-27T13:00:00Z
V2,V1_TRADE,USD/JPY_2025-07-01,1h,supply,2025-06-26T01:00:00Z,2025-06-27T15:00:00Z,TARGET,1.876438335006568,REMOVED,,SLOT_OCCUPIED by 4h 2025-06-27T13:00:00Z
V2,V1_TRADE,USD/JPY_2025-07-01,1h,demand,2025-06-16T13:00:00Z,2025-06-30T06:00:00Z,TARGET,1.9069740399430115,SHIFTED,2025-06-30T04:00:00Z TARGET +1.907,same zone entered on a different bar
V2,V1_TRADE,USD/JPY_2025-07-01,4h,supply,2025-04-07T13:00:00Z,2025-05-12T05:00:00Z,S2_CLOSE,-1.5212467422078395,SAME,S2_CLOSE -1.521,
V2,V1_TRADE,USD/JPY_2025-07-01,4h,demand,2025-05-14T09:00:00Z,2025-05-15T05:00:00Z,S2_CLOSE,-2.3366809583858577,SAME,S2_CLOSE -2.337,
V2,V1_TRADE,USD/JPY_2025-07-01,4h,demand,2025-05-06T17:00:00Z,2025-05-23T09:00:00Z,TARGET,1.9179487179487151,REMOVED,,SLOT_OCCUPIED by 1h 2025-05-23T11:00:00Z
V2,V1_TRADE,USD/JPY_2025-07-01,4h,demand,2025-05-06T17:00:00Z,2025-05-26T05:00:00Z,TARGET,1.9179487179487151,SAME,TARGET +1.918,
V2,V1_TRADE,USD/JPY_2025-07-01,4h,supply,2025-05-22T13:00:00Z,2025-05-27T05:00:00Z,S2_CLOSE,-1.7965116279070188,SAME,S2_CLOSE -1.797,
V2,V1_TRADE,USD/JPY_2025-07-01,4h,supply,2025-05-20T13:00:00Z,2025-05-28T01:00:00Z,TARGET,1.931625392619823,SAME,TARGET +1.932,
V2,V1_TRADE,USD/JPY_2025-07-01,4h,supply,2025-05-15T09:00:00Z,2025-05-28T21:00:00Z,TARGET,1.9488809725394975,REMOVED,,SLOT_OCCUPIED by 1h 2025-05-28T23:00:00Z
V2,V1_TRADE,USD/JPY_2025-07-01,4h,supply,2025-05-15T09:00:00Z,2025-05-29T05:00:00Z,TARGET,1.9488809725394975,SAME,TARGET +1.949,
V2,V1_TRADE,USD/JPY_2025-07-01,4h,supply,2025-05-28T21:00:00Z,2025-06-11T09:00:00Z,TARGET,1.9767781075609034,SAME,TARGET +1.977,
V2,V1_TRADE,USD/JPY_2025-07-01,4h,supply,2025-06-11T05:00:00Z,2025-06-16T21:00:00Z,TARGET,1.8865248226950284,SAME,TARGET +1.887,
V2,V1_TRADE,USD/JPY_2025-07-01,4h,supply,2025-06-11T05:00:00Z,2025-06-17T13:00:00Z,S2_CLOSE,-1.1631914893615687,REMOVED,,SLOT_OCCUPIED by 1h 2025-06-17T03:00:00Z
V2,V1_TRADE,USD/JPY_2025-07-01,4h,supply,2025-05-15T09:00:00Z,2025-06-20T17:00:00Z,S2_CLOSE,-1.6805220530679474,REMOVED,,SLOT_OCCUPIED by 1h 2025-06-20T14:00:00Z
V2,V1_TRADE,USD/JPY_2025-07-01,4h,demand,2025-06-20T05:00:00Z,2025-06-24T01:00:00Z,S2_CLOSE,-2.6680417918479904,SAME,S2_CLOSE -2.668,
V2,V1_TRADE,USD/JPY_2025-07-01,4h,demand,2025-06-17T01:00:00Z,2025-06-24T13:00:00Z,TARGET,1.9519523126703282,SAME,TARGET +1.952,
V2,V1_TRADE,USD/JPY_2025-07-01,4h,demand,2025-06-17T01:00:00Z,2025-06-25T21:00:00Z,S2_CLOSE,-2.465454463554928,SAME,S2_CLOSE -2.465,
V2,V1_TRADE,USD/JPY_2025-07-01,4h,supply,2025-06-26T01:00:00Z,2025-06-27T13:00:00Z,TARGET,1.9195979899497422,SAME,TARGET +1.920,
V2,V1_TRADE,USD/JPY_2025-11-01,1h,supply,2025-09-16T15:00:00Z,2025-09-17T01:00:00Z,TARGET,1.8297962874314861,SAME,TARGET +1.830,
V2,V1_TRADE,USD/JPY_2025-11-01,1h,supply,2025-09-16T15:00:00Z,2025-09-17T07:00:00Z,TARGET,1.8297962874314861,SAME,TARGET +1.830,
V2,V1_TRADE,USD/JPY_2025-11-01,1h,supply,2025-09-16T12:00:00Z,2025-09-18T04:00:00Z,S2_CLOSE,-1.627100929352343,REMOVED,,SLOT_OCCUPIED by 4h 2025-09-18T01:00:00Z
V2,V1_TRADE,USD/JPY_2025-11-01,1h,supply,2025-09-16T00:00:00Z,2025-09-18T07:00:00Z,TARGET,1.797481172077704,REMOVED,,SLOT_OCCUPIED by 4h 2025-09-18T01:00:00Z
V2,V1_TRADE,USD/JPY_2025-11-01,1h,supply,2025-09-16T00:00:00Z,2025-09-18T09:00:00Z,TARGET,1.797481172077704,SAME,TARGET +1.797,
V2,V1_TRADE,USD/JPY_2025-11-01,1h,supply,2025-09-16T00:00:00Z,2025-09-18T11:00:00Z,S2_CLOSE,-4.771913170052537,SAME,S2_CLOSE -4.772,
V2,V1_TRADE,USD/JPY_2025-11-01,1h,supply,2025-09-12T15:00:00Z,2025-09-18T12:00:00Z,S2_CLOSE,-2.9265963302749896,REMOVED,,SLOT_OCCUPIED by 1h 2025-09-18T11:00:00Z
V2,V1_TRADE,USD/JPY_2025-11-01,1h,supply,2025-09-08T03:00:00Z,2025-09-18T13:00:00Z,TARGET,1.8504723904277973,SAME,TARGET +1.850,
V2,V1_TRADE,USD/JPY_2025-11-01,1h,supply,2025-09-12T12:00:00Z,2025-09-18T19:00:00Z,TARGET,1.8814841151677966,SAME,TARGET +1.881,
V2,V1_TRADE,USD/JPY_2025-11-01,1h,supply,2025-09-12T12:00:00Z,2025-09-19T06:00:00Z,TARGET,1.8814841151677966,SAME,TARGET +1.881,
V2,V1_TRADE,USD/JPY_2025-11-01,1h,supply,2025-09-12T12:00:00Z,2025-09-19T10:00:00Z,S2_CLOSE,-1.7999377791605595,SAME,S2_CLOSE -1.800,
V2,V1_TRADE,USD/JPY_2025-11-01,1h,supply,2025-09-08T03:00:00Z,2025-09-19T13:00:00Z,TARGET,1.8504723904277973,SAME,TARGET +1.850,
V2,V1_TRADE,USD/JPY_2025-11-01,1h,demand,2025-09-19T08:00:00Z,2025-09-19T15:00:00Z,TARGET,1.859033941983669,SAME,TARGET +1.859,
V2,V1_TRADE,USD/JPY_2025-11-01,1h,supply,2025-09-08T03:00:00Z,2025-09-22T01:00:00Z,S2_CLOSE,-2.2615457510097117,SAME,S2_CLOSE -2.262,
V2,V1_TRADE,USD/JPY_2025-11-01,1h,demand,2025-09-19T15:00:00Z,2025-09-22T07:00:00Z,TARGET,1.7519187533917118,REMOVED,,SLOT_OCCUPIED by 4h 2025-09-22T05:00:00Z
V2,V1_TRADE,USD/JPY_2025-11-01,1h,demand,2025-09-19T08:00:00Z,2025-09-22T08:00:00Z,S2_CLOSE,-1.7136406687076557,REMOVED,,SLOT_OCCUPIED by 4h 2025-09-22T05:00:00Z
V2,V1_TRADE,USD/JPY_2025-11-01,1h,supply,2025-09-23T02:00:00Z,2025-09-23T13:00:00Z,S2_CLOSE,-1.3475117370893361,SAME,S2_CLOSE -1.348,
V2,V1_TRADE,USD/JPY_2025-11-01,1h,demand,2025-09-19T05:00:00Z,2025-09-23T17:00:00Z,TARGET,1.812865497076015,SAME,TARGET +1.813,
V2,V1_TRADE,USD/JPY_2025-11-01,1h,demand,2025-09-25T00:00:00Z,2025-09-29T07:00:00Z,S2_CLOSE,-1.434127659574441,SAME,S2_CLOSE -1.434,
V2,V1_TRADE,USD/JPY_2025-11-01,1h,supply,2025-09-29T06:00:00Z,2025-09-29T11:00:00Z,TARGET,1.7837837837838197,SAME,TARGET +1.784,
V2,V1_TRADE,USD/JPY_2025-11-01,1h,supply,2025-09-29T06:00:00Z,2025-09-30T00:00:00Z,TARGET,1.7837837837838197,SAME,TARGET +1.784,
V2,V1_TRADE,USD/JPY_2025-11-01,1h,supply,2025-09-29T06:00:00Z,2025-09-30T02:00:00Z,TARGET,1.7837837837838197,SAME,TARGET +1.784,
V2,V1_TRADE,USD/JPY_2025-11-01,1h,demand,2025-09-24T07:00:00Z,2025-09-30T06:00:00Z,TARGET,1.683231043357768,SAME,TARGET +1.683,
V2,V1_TRADE,USD/JPY_2025-11-01,1h,demand,2025-09-24T05:00:00Z,2025-09-30T09:00:00Z,TARGET,1.7629805199615238,SAME,TARGET +1.763,
V2,V1_TRADE,USD/JPY_2025-11-01,1h,demand,2025-09-18T07:00:00Z,2025-10-01T06:00:00Z,S2_CLOSE,-1.2030411869689077,REMOVED,,SLOT_OCCUPIED by 4h 2025-10-01T01:00:00Z
V2,V1_TRADE,USD/JPY_2025-11-01,1h,demand,2025-09-17T22:00:00Z,2025-10-01T12:00:00Z,TARGET,1.835905850981974,OUTCOME_CHANGED,AMBIGUOUS ,V2 AMBIGUOUS (entry and target in the same minute)
V2,V1_TRADE,USD/JPY_2025-11-01,1h,supply,2025-10-01T09:00:00Z,2025-10-01T15:00:00Z,TARGET,1.8024788899313788,SAME,TARGET +1.802,
V2,V1_TRADE,USD/JPY_2025-11-01,1h,supply,2025-10-01T09:00:00Z,2025-10-01T17:00:00Z,TARGET,1.8024788899313788,REMOVED,,SLOT_OCCUPIED by 1h 2025-10-01T15:00:00Z
V2,V1_TRADE,USD/JPY_2025-11-01,1h,supply,2025-10-01T09:00:00Z,2025-10-02T02:00:00Z,TARGET,1.8024788899313788,SAME,TARGET +1.802,
V2,V1_TRADE,USD/JPY_2025-11-01,1h,supply,2025-10-01T09:00:00Z,2025-10-02T04:00:00Z,TARGET,1.8024788899313788,REMOVED,,SLOT_OCCUPIED by 1h 2025-10-02T02:00:00Z
V2,V1_TRADE,USD/JPY_2025-11-01,1h,supply,2025-10-01T09:00:00Z,2025-10-02T12:00:00Z,S2_CLOSE,-2.456471285368464,SAME,S2_CLOSE -2.456,
V2,V1_TRADE,USD/JPY_2025-11-01,1h,supply,2025-09-26T13:00:00Z,2025-10-05T23:00:00Z,S2_CLOSE,-1.7482014388491802,REMOVED,,SLOT_OCCUPIED by 4h 2025-10-05T20:00:00Z
V2,V1_TRADE,USD/JPY_2025-11-01,1h,demand,2025-10-08T12:00:00Z,2025-10-08T21:00:00Z,TARGET,1.8984062480157442,SAME,TARGET +1.898,
V2,V1_TRADE,USD/JPY_2025-11-01,1h,demand,2025-10-08T04:00:00Z,2025-10-09T13:00:00Z,TARGET,1.8306878306878498,OUTCOME_CHANGED,AMBIGUOUS ,V2 AMBIGUOUS (entry and target in the same minute)
V2,V1_TRADE,USD/JPY_2025-11-01,1h,demand,2025-10-08T04:00:00Z,2025-10-10T06:00:00Z,TARGET,1.8306878306878498,SAME,TARGET +1.831,
V2,V1_TRADE,USD/JPY_2025-11-01,1h,demand,2025-10-08T12:00:00Z,2025-10-10T07:00:00Z,TARGET,1.8984062480157442,SAME,TARGET +1.898,
V2,V1_TRADE,USD/JPY_2025-11-01,1h,demand,2025-10-08T12:00:00Z,2025-10-10T11:00:00Z,S2_CLOSE,-4.2129659025969755,SAME,S2_CLOSE -4.213,
V2,V1_TRADE,USD/JPY_2025-11-01,1h,demand,2025-10-07T21:00:00Z,2025-10-10T17:00:00Z,S2_CLOSE,-2.8170852736848015,SAME,S2_CLOSE -2.817,
V2,V1_TRADE,USD/JPY_2025-11-01,1h,demand,2025-10-13T17:00:00Z,2025-10-13T23:00:00Z,TARGET,1.7310924369748535,REMOVED,,LOOKAHEAD_DEPENDENCY: VALIDATED_BY_TOUCH_BAR_CLOSE+FVG_ONLY_WITH_TOUCH_BAR
V2,V1_TRADE,USD/JPY_2025-11-01,1h,supply,2025-10-10T13:00:00Z,2025-10-14T00:00:00Z,TARGET,1.8083947069037838,SAME,TARGET +1.808,
V2,V1_TRADE,USD/JPY_2025-11-01,1h,demand,2025-10-13T13:00:00Z,2025-10-14T03:00:00Z,S2_CLOSE,-4.1324992018121725,SAME,S2_CLOSE -4.132,
V2,V1_TRADE,USD/JPY_2025-11-01,1h,demand,2025-10-07T07:00:00Z,2025-10-16T02:00:00Z,TARGET,1.82122905027936,SAME,TARGET +1.821,
V2,V1_TRADE,USD/JPY_2025-11-01,1h,supply,2025-10-15T21:00:00Z,2025-10-16T04:00:00Z,S2_CLOSE,-1.4727845918920848,SAME,S2_CLOSE -1.473,
V2,V1_TRADE,USD/JPY_2025-11-01,1h,supply,2025-10-15T21:00:00Z,2025-10-16T06:00:00Z,S2_CLOSE,-1.4727845918920848,REMOVED,,SLOT_OCCUPIED by 1h 2025-10-16T04:00:00Z
V2,V1_TRADE,USD/JPY_2025-11-01,1h,demand,2025-10-07T03:00:00Z,2025-10-16T16:00:00Z,S2_CLOSE,-1.46938547486009,SAME,S2_CLOSE -1.469,
V2,V1_TRADE,USD/JPY_2025-11-01,1h,supply,2025-10-16T20:00:00Z,2025-10-17T12:00:00Z,TARGET,1.7090909090909452,SAME,TARGET +1.709,
V2,V1_TRADE,USD/JPY_2025-11-01,1h,supply,2025-10-16T20:00:00Z,2025-10-17T14:00:00Z,TARGET,1.7090909090909452,SAME,TARGET +1.709,
V2,V1_TRADE,USD/JPY_2025-11-01,1h,supply,2025-10-16T20:00:00Z,2025-10-17T16:00:00Z,S2_CLOSE,-1.618181818181754,SAME,S2_CLOSE -1.618,
V2,V1_TRADE,USD/JPY_2025-11-01,1h,supply,2025-10-16T07:00:00Z,2025-10-20T01:00:00Z,TARGET,1.9282511210762374,SAME,TARGET +1.928,
V2,V1_TRADE,USD/JPY_2025-11-01,1h,demand,2025-10-20T08:00:00Z,2025-10-20T18:00:00Z,TARGET,1.8577840984845102,SAME,TARGET +1.858,
V2,V1_TRADE,USD/JPY_2025-11-01,1h,supply,2025-10-15T12:00:00Z,2025-10-21T08:00:00Z,S2_CLOSE,-2.0041350210967543,REMOVED,,SLOT_OCCUPIED by 4h 2025-10-21T08:00:00Z (recovered suppressed trade)
V2,V1_TRADE,USD/JPY_2025-11-01,1h,supply,2025-10-14T20:00:00Z,2025-10-21T09:00:00Z,S2_CLOSE,-2.2775483870970197,REMOVED,,SLOT_OCCUPIED by 4h 2025-10-21T08:00:00Z (recovered suppressed trade)
V2,V1_TRADE,USD/JPY_2025-11-01,1h,supply,2025-10-22T13:00:00Z,2025-10-22T20:00:00Z,S2_CLOSE,-2.193294953535528,SAME,S2_CLOSE -2.193,
V2,V1_TRADE,USD/JPY_2025-11-01,1h,supply,2025-10-10T13:00:00Z,2025-10-23T06:00:00Z,TARGET,1.8083947069037838,SAME,TARGET +1.808,
V2,V1_TRADE,USD/JPY_2025-11-01,1h,supply,2025-10-10T13:00:00Z,2025-10-23T08:00:00Z,S2_CLOSE,-1.993952457936369,SAME,S2_CLOSE -1.994,
V2,V1_TRADE,USD/JPY_2025-11-01,1h,supply,2025-10-10T05:00:00Z,2025-10-23T16:00:00Z,TARGET,1.8095238095238169,SAME,TARGET +1.810,
V2,V1_TRADE,USD/JPY_2025-11-01,1h,supply,2025-10-09T07:00:00Z,2025-10-24T05:00:00Z,TARGET,1.9130434782608683,SAME,TARGET +1.913,
V2,V1_TRADE,USD/JPY_2025-11-01,1h,supply,2025-10-10T01:00:00Z,2025-10-27T00:00:00Z,TARGET,1.8504575065658342,SAME,TARGET +1.850,
V2,V1_TRADE,USD/JPY_2025-11-01,1h,supply,2025-10-10T01:00:00Z,2025-10-27T02:00:00Z,S2_CLOSE,-1.906638752068056,SAME,S2_CLOSE -1.907,
V2,V1_TRADE,USD/JPY_2025-11-01,1h,supply,2025-10-09T07:00:00Z,2025-10-27T06:00:00Z,TARGET,1.9130434782608683,SAME,TARGET +1.913,
V2,V1_TRADE,USD/JPY_2025-11-01,1h,supply,2025-10-09T07:00:00Z,2025-10-27T14:00:00Z,TARGET,1.9130434782608683,SAME,TARGET +1.913,
V2,V1_TRADE,USD/JPY_2025-11-01,1h,demand,2025-10-22T08:00:00Z,2025-10-29T01:00:00Z,TARGET,1.8873239436619687,REMOVED,,SLOT_OCCUPIED by 4h 2025-10-29T00:00:00Z
V2,V1_TRADE,USD/JPY_2025-11-01,1h,supply,2025-10-09T07:00:00Z,2025-10-29T18:00:00Z,TARGET,1.9130434782608683,SAME,TARGET +1.913,
V2,V1_TRADE,USD/JPY_2025-11-01,1h,supply,2025-10-09T07:00:00Z,2025-10-30T03:00:00Z,TARGET,1.9130434782608683,SAME,TARGET +1.913,
V2,V1_TRADE,USD/JPY_2025-11-01,1h,supply,2025-10-09T07:00:00Z,2025-10-30T05:00:00Z,S2_CLOSE,-1.7119565217390351,SAME,S2_CLOSE -1.712,
V2,V1_TRADE,USD/JPY_2025-11-01,1h,demand,2025-10-31T05:00:00Z,2025-10-31T15:00:00Z,TARGET,1.8602577371360713,SAME,TARGET +1.860,
V2,V1_TRADE,USD/JPY_2025-11-01,4h,supply,2025-09-15T05:00:00Z,2025-09-18T05:00:00Z,TARGET,1.8661031842336506,REMOVED,,SLOT_OCCUPIED by 4h 2025-09-18T01:00:00Z
V2,V1_TRADE,USD/JPY_2025-11-01,4h,supply,2025-09-02T09:00:00Z,2025-09-24T09:00:00Z,S2_CLOSE,-2.0829916437431555,SAME,S2_CLOSE -2.083,
V2,V1_TRADE,USD/JPY_2025-11-01,4h,demand,2025-09-23T05:00:00Z,2025-09-30T13:00:00Z,TARGET,1.8964367778892501,SAME,TARGET +1.896,
V2,V1_TRADE,USD/JPY_2025-11-01,4h,demand,2025-09-23T17:00:00Z,2025-10-01T01:00:00Z,S2_CLOSE,-3.031319769818545,SAME,S2_CLOSE -3.031,
V2,V1_TRADE,USD/JPY_2025-11-01,4h,demand,2025-09-17T21:00:00Z,2025-10-01T13:00:00Z,TARGET,1.8797037705349398,REMOVED,,SLOT_OCCUPIED by 1h 2025-10-01T12:00:00Z
V2,V1_TRADE,USD/JPY_2025-11-01,4h,demand,2025-09-17T21:00:00Z,2025-10-02T05:00:00Z,TARGET,1.8797037705349398,REMOVED,,SLOT_OCCUPIED by 1h 2025-10-02T02:00:00Z
V2,V1_TRADE,USD/JPY_2025-11-01,4h,supply,2025-09-25T13:00:00Z,2025-10-05T20:00:00Z,S2_CLOSE,-1.5640517711171398,SAME,S2_CLOSE -1.564,
V2,V1_TRADE,USD/JPY_2025-11-01,4h,supply,2025-07-31T21:00:00Z,2025-10-07T08:00:00Z,S2_CLOSE,-2.953947368421261,SAME,S2_CLOSE -2.954,
V2,V1_TRADE,USD/JPY_2025-11-01,4h,demand,2025-10-10T20:00:00Z,2025-10-15T00:00:00Z,S2_CLOSE,-1.4991789819376045,SAME,S2_CLOSE -1.499,
V2,V1_TRADE,USD/JPY_2025-11-01,4h,demand,2025-10-06T04:00:00Z,2025-10-17T00:00:00Z,S2_CLOSE,-1.5167785234899474,SAME,S2_CLOSE -1.517,
V2,V1_TRADE,USD/JPY_2025-11-01,4h,demand,2025-10-23T16:00:00Z,2025-10-24T12:00:00Z,TARGET,1.8964367778892501,REMOVED,,SLOT_OCCUPIED by 1h 2025-10-24T05:00:00Z
V2,V1_TRADE,USD/JPY_2025-11-01,4h,demand,2025-10-23T16:00:00Z,2025-10-27T08:00:00Z,TARGET,1.8964367778892501,REMOVED,,SLOT_OCCUPIED by 1h 2025-10-27T06:00:00Z
V2,V1_TRADE,USD/JPY_2025-11-01,4h,demand,2025-10-21T12:00:00Z,2025-10-29T00:00:00Z,TARGET,1.9558614601580742,SAME,TARGET +1.956,
V2,V2_TRADE,EUR/USD_2022-07-01,1h,demand,2022-03-16T22:00:00Z,,,,NEW_DUE_TO_SEQUENCE_CHANGE,2022-03-17T05:00:00Z fill 2022-03-17T05:37:00Z TARGET +1.875,slot/sequence differs from V1
V2,V2_TRADE,EUR/USD_2022-07-01,1h,demand,2022-03-17T10:00:00Z,,,,NEW_SUPPRESSED_TRADE_RECOVERED,2022-03-18T11:00:00Z fill 2022-03-18T11:00:00Z S2_CLOSE -1.173,TOUCH_BAR_CLOSED_BEYOND_S2
V2,V2_TRADE,EUR/USD_2022-07-01,1h,supply,2022-03-22T03:00:00Z,,,,NEW_SUPPRESSED_TRADE_RECOVERED,2022-03-22T08:00:00Z fill 2022-03-22T08:37:00Z S2_CLOSE -1.578,TOUCH_BAR_CLOSED_BEYOND_S2
V2,V2_TRADE,EUR/USD_2022-07-01,1h,supply,2022-03-27T20:00:00Z,,,,NEW_SUPPRESSED_TRADE_RECOVERED,2022-03-28T08:00:00Z fill 2022-03-28T08:48:00Z AMBIGUOUS ,TOUCH_BAR_CLOSED_BEYOND_S2
V2,V2_TRADE,EUR/USD_2022-07-01,1h,supply,2022-03-01T20:00:00Z,,,,NEW_DUE_TO_SEQUENCE_CHANGE,2022-03-29T14:00:00Z fill 2022-03-29T14:00:00Z TARGET +1.812,slot/sequence differs from V1
V2,V2_TRADE,EUR/USD_2022-07-01,4h,supply,2022-03-02T15:00:00Z,,,,NEW_DUE_TO_SEQUENCE_CHANGE,2022-03-29T15:00:00Z fill 2022-03-29T15:00:00Z S2_CLOSE -1.428,slot/sequence differs from V1
V2,V2_TRADE,EUR/USD_2022-07-01,1h,demand,2022-03-30T19:00:00Z,,,,NEW_SUPPRESSED_TRADE_RECOVERED,2022-03-31T07:00:00Z fill 2022-03-31T07:29:00Z S2_CLOSE -1.655,TOUCH_BAR_CLOSED_BEYOND_S2
V2,V2_TRADE,EUR/USD_2022-07-01,4h,demand,2022-03-29T15:00:00Z,,,,NEW_SUPPRESSED_TRADE_RECOVERED,2022-03-31T15:00:00Z fill 2022-03-31T15:59:00Z S2_CLOSE -1.204,TOUCH_BAR_CLOSED_BEYOND_S2
V2,V2_TRADE,EUR/USD_2022-07-01,4h,demand,2022-04-03T16:00:00Z,,,,NEW_SUPPRESSED_TRADE_RECOVERED,2022-04-04T04:00:00Z fill 2022-04-04T06:16:00Z TARGET +1.086,TOUCH_BAR_CLOSED_BEYOND_S2
V2,V2_TRADE,EUR/USD_2022-07-01,4h,demand,2022-04-12T20:00:00Z,,,,NEW_SUPPRESSED_TRADE_RECOVERED,2022-04-14T12:00:00Z fill 2022-04-14T13:17:00Z S2_CLOSE -7.612,TOUCH_BAR_CLOSED_BEYOND_S2
V2,V2_TRADE,EUR/USD_2022-07-01,1h,supply,2022-04-15T18:00:00Z,,,,NEW_SUPPRESSED_TRADE_RECOVERED,2022-04-17T22:00:00Z fill 2022-04-17T22:03:00Z S2_CLOSE -5.218,TOUCH_BAR_CLOSED_BEYOND_S2
V2,V2_TRADE,EUR/USD_2022-07-01,1h,supply,2022-04-18T11:00:00Z,,,,NEW_SUPPRESSED_TRADE_RECOVERED,2022-04-20T03:00:00Z fill 2022-04-20T03:00:00Z S2_CLOSE -1.978,TOUCH_BAR_CLOSED_BEYOND_S2
V2,V2_TRADE,EUR/USD_2022-07-01,1h,demand,2022-04-19T02:00:00Z,,,,NEW_SUPPRESSED_TRADE_RECOVERED,2022-04-25T06:00:00Z fill 2022-04-25T06:08:00Z S2_CLOSE -6.718,TOUCH_BAR_CLOSED_BEYOND_S2
V2,V2_TRADE,EUR/USD_2022-07-01,1h,supply,2022-05-02T10:00:00Z,,,,NEW_DUE_TO_SEQUENCE_CHANGE,2022-05-03T02:00:00Z fill 2022-05-03T02:04:00Z TARGET +1.644,slot/sequence differs from V1
V2,V2_TRADE,EUR/USD_2022-07-01,1h,demand,2022-05-02T18:00:00Z,,,,NEW_SUPPRESSED_TRADE_RECOVERED,2022-05-06T06:00:00Z fill 2022-05-06T06:56:00Z S2_CLOSE -2.356,TOUCH_BAR_CLOSED_BEYOND_S2
V2,V2_TRADE,EUR/USD_2022-07-01,1h,supply,2022-05-18T05:00:00Z,,,,NEW_DUE_TO_SEQUENCE_CHANGE,2022-05-18T13:00:00Z fill 2022-05-18T13:47:00Z TARGET +1.709,slot/sequence differs from V1
V2,V2_TRADE,EUR/USD_2022-07-01,4h,supply,2022-04-25T08:00:00Z,,,,NEW_DUE_TO_SEQUENCE_CHANGE,2022-05-24T12:00:00Z fill 2022-05-24T13:51:00Z TARGET +1.907,slot/sequence differs from V1
V2,V2_TRADE,EUR/USD_2022-07-01,1h,demand,2022-05-30T00:00:00Z,,,,NEW_SUPPRESSED_TRADE_RECOVERED,2022-05-31T08:00:00Z fill 2022-05-31T08:48:00Z S2_CLOSE -1.800,TOUCH_BAR_CLOSED_BEYOND_S2
V2,V2_TRADE,EUR/USD_2022-07-01,1h,supply,2022-05-31T03:00:00Z,,,,NEW_SUPPRESSED_TRADE_RECOVERED,2022-06-03T00:00:00Z fill 2022-06-03T00:00:00Z S2_CLOSE -2.578,TOUCH_BAR_CLOSED_BEYOND_S2
V2,V2_TRADE,EUR/USD_2022-07-01,1h,demand,2022-05-20T14:00:00Z,,,,NEW_SUPPRESSED_TRADE_RECOVERED,2022-06-10T12:00:00Z fill 2022-06-10T12:30:00Z S2_CLOSE -2.459,TOUCH_BAR_CLOSED_BEYOND_S2
V2,V2_TRADE,EUR/USD_2022-07-01,1h,demand,2022-05-18T21:00:00Z,,,,NEW_DUE_TO_SEQUENCE_CHANGE,2022-06-13T08:00:00Z fill 2022-06-13T08:00:00Z TARGET +1.663,slot/sequence differs from V1
V2,V2_TRADE,EUR/USD_2022-07-01,1h,demand,2022-05-18T21:00:00Z,,,,NEW_DUE_TO_SEQUENCE_CHANGE,2022-06-13T10:00:00Z fill 2022-06-13T10:00:00Z S2_CLOSE -4.389,slot/sequence differs from V1
V2,V2_TRADE,EUR/USD_2022-07-01,1h,supply,2022-06-15T13:00:00Z,,,,NEW_SUPPRESSED_TRADE_RECOVERED,2022-06-15T19:00:00Z fill 2022-06-15T19:00:00Z S2_CLOSE -3.128,TOUCH_BAR_CLOSED_BEYOND_S2
V2,V2_TRADE,EUR/USD_2022-07-01,1h,demand,2022-06-22T11:00:00Z,,,,NEW_SUPPRESSED_TRADE_RECOVERED,2022-06-23T07:00:00Z fill 2022-06-23T07:30:00Z S2_CLOSE -1.379,TOUCH_BAR_CLOSED_BEYOND_S2
V2,V2_TRADE,EUR/USD_2025-04-01,1h,demand,2024-12-04T22:00:00Z,,,,NEW_SUPPRESSED_TRADE_RECOVERED,2024-12-10T15:00:00Z fill 2024-12-10T15:03:00Z S2_CLOSE -1.750,TOUCH_BAR_CLOSED_BEYOND_S2
V2,V2_TRADE,EUR/USD_2025-04-01,4h,supply,2025-01-12T20:00:00Z,,,,NEW_SUPPRESSED_TRADE_RECOVERED,2025-01-13T20:00:00Z fill 2025-01-13T21:55:00Z S2_CLOSE -5.305,TOUCH_BAR_CLOSED_BEYOND_S2
V2,V2_TRADE,EUR/USD_2025-04-01,4h,supply,2025-01-08T20:00:00Z,,,,NEW_DUE_TO_SEQUENCE_CHANGE,2025-01-20T04:00:00Z fill 2025-01-20T06:55:00Z S2_CLOSE -1.500,slot/sequence differs from V1
V2,V2_TRADE,EUR/USD_2025-04-01,1h,supply,2025-01-29T05:00:00Z,,,,NEW_SUPPRESSED_TRADE_RECOVERED,2025-01-30T13:00:00Z fill 2025-01-30T13:57:00Z S2_CLOSE -6.908,TOUCH_BAR_CLOSED_BEYOND_S2
V2,V2_TRADE,EUR/USD_2025-04-01,4h,demand,2025-02-13T08:00:00Z,,,,NEW_DUE_TO_SEQUENCE_CHANGE,2025-02-19T16:00:00Z fill 2025-02-19T16:18:00Z TARGET +1.914,slot/sequence differs from V1
V2,V2_TRADE,EUR/USD_2025-04-01,1h,supply,2025-02-26T19:00:00Z,,,,NEW_SUPPRESSED_TRADE_RECOVERED,2025-03-03T16:00:00Z fill 2025-03-03T16:00:00Z S2_CLOSE -1.634,TOUCH_BAR_CLOSED_BEYOND_S2
V2,V2_TRADE,EUR/USD_2025-04-01,1h,demand,2025-03-11T10:00:00Z,,,,NEW_SUPPRESSED_TRADE_RECOVERED,2025-03-12T12:00:00Z fill 2025-03-12T12:08:00Z TARGET +1.882,TOUCH_BAR_CLOSED_BEYOND_S2
V2,V2_TRADE,EUR/USD_2025-04-01,1h,demand,2025-03-18T02:00:00Z,,,,NEW_DUE_TO_SEQUENCE_CHANGE,2025-03-18T13:00:00Z fill 2025-03-18T13:00:00Z TARGET +1.640,slot/sequence differs from V1
V2,V2_TRADE,EUR/USD_2025-04-01,1h,demand,2025-03-18T02:00:00Z,,,,NEW_DUE_TO_SEQUENCE_CHANGE,2025-03-18T15:00:00Z fill 2025-03-18T15:00:00Z AMBIGUOUS ,slot/sequence differs from V1
V2,V2_TRADE,EUR/USD_2025-04-01,1h,demand,2025-03-17T00:00:00Z,,,,NEW_DUE_TO_SEQUENCE_CHANGE,2025-03-19T07:00:00Z fill 2025-03-19T07:42:00Z AMBIGUOUS ,slot/sequence differs from V1
V2,V2_TRADE,EUR/USD_2025-04-01,1h,demand,2025-03-17T12:00:00Z,,,,NEW_DUE_TO_SEQUENCE_CHANGE,2025-03-19T09:00:00Z fill 2025-03-19T09:05:00Z S2_CLOSE -1.333,slot/sequence differs from V1
V2,V2_TRADE,EUR/USD_2025-04-01,4h,demand,2025-03-06T20:00:00Z,,,,NEW_DUE_TO_SEQUENCE_CHANGE,2025-03-26T04:00:00Z fill 2025-03-26T04:00:00Z S2_CLOSE -2.757,slot/sequence differs from V1
V2,V2_TRADE,EUR/USD_2025-04-01,4h,supply,2025-03-25T08:00:00Z,,,,NEW_DUE_TO_SEQUENCE_CHANGE,2025-03-27T16:00:00Z fill 2025-03-27T17:07:00Z S2_CLOSE -1.261,slot/sequence differs from V1
V2,V2_TRADE,EUR/USD_2025-07-01,1h,demand,2025-03-11T10:00:00Z,,,,NEW_SUPPRESSED_TRADE_RECOVERED,2025-03-12T12:00:00Z fill 2025-03-12T12:08:00Z TARGET +1.882,TOUCH_BAR_CLOSED_BEYOND_S2
V2,V2_TRADE,EUR/USD_2025-07-01,4h,demand,2025-03-06T20:00:00Z,,,,NEW_DUE_TO_SEQUENCE_CHANGE,2025-03-26T04:00:00Z fill 2025-03-26T04:00:00Z S2_CLOSE -2.757,slot/sequence differs from V1
V2,V2_TRADE,EUR/USD_2025-07-01,4h,supply,2025-03-25T08:00:00Z,,,,NEW_DUE_TO_SEQUENCE_CHANGE,2025-03-27T16:00:00Z fill 2025-03-27T17:07:00Z S2_CLOSE -1.261,slot/sequence differs from V1
V2,V2_TRADE,EUR/USD_2025-07-01,1h,supply,2025-04-01T00:00:00Z,,,,NEW_DUE_TO_SEQUENCE_CHANGE,2025-04-02T12:00:00Z fill 2025-04-02T12:58:00Z S2_CLOSE -2.304,slot/sequence differs from V1
V2,V2_TRADE,EUR/USD_2025-07-01,1h,supply,2025-03-20T22:00:00Z,,,,NEW_SUPPRESSED_TRADE_RECOVERED,2025-04-02T14:00:00Z fill 2025-04-02T14:51:00Z S2_CLOSE -1.522,TOUCH_BAR_CLOSED_BEYOND_S2
V2,V2_TRADE,EUR/USD_2025-07-01,1h,demand,2025-04-21T06:00:00Z,,,,NEW_SUPPRESSED_TRADE_RECOVERED,2025-04-21T14:00:00Z fill 2025-04-21T14:00:00Z S2_CLOSE -1.566,TOUCH_BAR_CLOSED_BEYOND_S2
V2,V2_TRADE,EUR/USD_2025-07-01,1h,demand,2025-04-18T04:00:00Z,,,,NEW_SUPPRESSED_TRADE_RECOVERED,2025-04-22T21:00:00Z fill 2025-04-22T21:36:00Z S2_CLOSE -1.770,TOUCH_BAR_CLOSED_BEYOND_S2+PRODUCTION_WOULD_PICK_ANOTHER_ZONE
V2,V2_TRADE,EUR/USD_2025-07-01,1h,supply,2025-04-25T02:00:00Z,,,,NEW_SUPPRESSED_TRADE_RECOVERED,2025-04-25T07:00:00Z fill 2025-04-25T07:01:00Z S2_CLOSE -2.664,TOUCH_BAR_CLOSED_BEYOND_S2
V2,V2_TRADE,EUR/USD_2025-07-01,4h,demand,2025-04-15T13:00:00Z,,,,NEW_DUE_TO_SEQUENCE_CHANGE,2025-05-01T05:00:00Z fill 2025-05-01T05:01:00Z TARGET +1.949,slot/sequence differs from V1
V2,V2_TRADE,EUR/USD_2025-07-01,4h,demand,2025-04-15T13:00:00Z,,,,NEW_DUE_TO_SEQUENCE_CHANGE,2025-05-07T17:00:00Z fill 2025-05-07T20:03:00Z S2_CLOSE -2.395,slot/sequence differs from V1
V2,V2_TRADE,EUR/USD_2025-07-01,1h,demand,2025-04-10T19:00:00Z,,,,NEW_SUPPRESSED_TRADE_RECOVERED,2025-05-12T07:00:00Z fill 2025-05-12T07:00:00Z S2_CLOSE -3.052,TOUCH_BAR_CLOSED_BEYOND_S2
V2,V2_TRADE,EUR/USD_2025-07-01,1h,demand,2025-05-20T18:00:00Z,,,,NEW_SUPPRESSED_TRADE_RECOVERED,2025-05-22T16:00:00Z fill 2025-05-22T16:55:00Z S2_CLOSE -1.792,TOUCH_BAR_CLOSED_BEYOND_S2
V2,V2_TRADE,EUR/USD_2025-07-01,1h,demand,2025-05-23T20:00:00Z,,,,NEW_SUPPRESSED_TRADE_RECOVERED,2025-05-27T07:00:00Z fill 2025-05-27T07:20:00Z S2_CLOSE -2.548,TOUCH_BAR_CLOSED_BEYOND_S2
V2,V2_TRADE,EUR/USD_2025-07-01,1h,supply,2025-05-28T16:00:00Z,,,,NEW_DUE_TO_SEQUENCE_CHANGE,2025-05-29T11:00:00Z fill 2025-05-29T11:03:00Z TARGET +1.752,slot/sequence differs from V1
V2,V2_TRADE,EUR/USD_2025-07-01,1h,supply,2025-05-27T18:00:00Z,,,,NEW_SUPPRESSED_TRADE_RECOVERED,2025-05-29T12:00:00Z fill 2025-05-29T12:48:00Z S2_CLOSE -3.144,TOUCH_BAR_CLOSED_BEYOND_S2+PRODUCTION_WOULD_PICK_ANOTHER_ZONE
V2,V2_TRADE,EUR/USD_2025-07-01,1h,demand,2025-06-12T06:00:00Z,,,,NEW_SUPPRESSED_TRADE_RECOVERED,2025-06-13T10:00:00Z fill 2025-06-13T10:00:00Z S2_CLOSE -1.794,TOUCH_BAR_CLOSED_BEYOND_S2
V2,V2_TRADE,EUR/USD_2025-07-01,1h,demand,2025-06-19T16:00:00Z,,,,NEW_DUE_TO_SEQUENCE_CHANGE,2025-06-23T09:00:00Z fill 2025-06-23T09:10:00Z TARGET +1.573,slot/sequence differs from V1
V2,V2_TRADE,EUR/USD_2025-07-01,1h,demand,2025-06-19T01:00:00Z,,,,NEW_DUE_TO_SEQUENCE_CHANGE,2025-06-23T10:00:00Z fill 2025-06-23T10:30:00Z TARGET +1.897,slot/sequence differs from V1
V2,V2_TRADE,EUR/USD_2025-11-01,1h,demand,2025-07-17T23:00:00Z,,,,NEW_DUE_TO_SEQUENCE_CHANGE,2025-07-21T02:00:00Z fill 2025-07-21T02:00:00Z TARGET +1.492,slot/sequence differs from V1
V2,V2_TRADE,EUR/USD_2025-11-01,4h,supply,2025-07-16T13:00:00Z,,,,NEW_DUE_TO_SEQUENCE_CHANGE,2025-07-21T05:00:00Z fill 2025-07-21T06:49:00Z S2_CLOSE -1.422,slot/sequence differs from V1
V2,V2_TRADE,EUR/USD_2025-11-01,4h,demand,2025-07-22T01:00:00Z,,,,NEW_SUPPRESSED_TRADE_RECOVERED,2025-07-28T05:00:00Z fill 2025-07-28T07:46:00Z S2_CLOSE -1.691,TOUCH_BAR_CLOSED_BEYOND_S2
V2,V2_TRADE,EUR/USD_2025-11-01,1h,demand,2025-07-21T08:00:00Z,,,,NEW_SUPPRESSED_TRADE_RECOVERED,2025-07-28T13:00:00Z fill 2025-07-28T13:19:00Z S2_CLOSE -1.443,TOUCH_BAR_CLOSED_BEYOND_S2
V2,V2_TRADE,EUR/USD_2025-11-01,1h,demand,2025-07-17T23:00:00Z,,,,NEW_SUPPRESSED_TRADE_RECOVERED,2025-07-28T15:00:00Z fill 2025-07-28T15:40:00Z S2_CLOSE -3.095,TOUCH_BAR_CLOSED_BEYOND_S2
V2,V2_TRADE,EUR/USD_2025-11-01,4h,supply,2025-07-29T21:00:00Z,,,,NEW_SUPPRESSED_TRADE_RECOVERED,2025-08-01T17:00:00Z fill 2025-08-01T19:30:00Z S2_CLOSE -2.605,TOUCH_BAR_CLOSED_BEYOND_S2
V2,V2_TRADE,EUR/USD_2025-11-01,1h,demand,2025-08-13T01:00:00Z,,,,NEW_SUPPRESSED_TRADE_RECOVERED,2025-08-14T08:00:00Z fill 2025-08-14T08:00:00Z S2_CLOSE -2.660,TOUCH_BAR_CLOSED_BEYOND_S2
V2,V2_TRADE,EUR/USD_2025-11-01,1h,demand,2025-08-12T21:00:00Z,,,,NEW_SUPPRESSED_TRADE_RECOVERED,2025-08-14T12:00:00Z fill 2025-08-14T12:30:00Z S2_CLOSE -1.717,TOUCH_BAR_CLOSED_BEYOND_S2
V2,V2_TRADE,EUR/USD_2025-11-01,1h,demand,2025-08-22T04:00:00Z,,,,NEW_SUPPRESSED_TRADE_RECOVERED,2025-08-27T10:00:00Z fill 2025-08-27T10:00:00Z S2_CLOSE -1.620,TOUCH_BAR_CLOSED_BEYOND_S2
V2,V2_TRADE,EUR/USD_2025-11-01,1h,demand,2025-09-08T09:00:00Z,,,,NEW_SUPPRESSED_TRADE_RECOVERED,2025-09-09T16:00:00Z fill 2025-09-09T16:00:00Z S2_CLOSE -1.648,TOUCH_BAR_CLOSED_BEYOND_S2
V2,V2_TRADE,EUR/USD_2025-11-01,1h,supply,2025-09-09T22:00:00Z,,,,NEW_SUPPRESSED_TRADE_RECOVERED,2025-09-10T04:00:00Z fill 2025-09-10T04:00:00Z S2_CLOSE -1.945,TOUCH_BAR_CLOSED_BEYOND_S2
V2,V2_TRADE,EUR/USD_2025-11-01,1h,supply,2025-09-29T16:00:00Z,,,,NEW_SUPPRESSED_TRADE_RECOVERED,2025-09-30T05:00:00Z fill 2025-09-30T05:00:00Z S2_CLOSE -1.513,TOUCH_BAR_CLOSED_BEYOND_S2
V2,V2_TRADE,EUR/USD_2025-11-01,4h,supply,2025-09-25T01:00:00Z,,,,NEW_SUPPRESSED_TRADE_RECOVERED,2025-09-30T05:00:00Z fill 2025-09-30T07:18:00Z S2_CLOSE -1.554,TOUCH_BAR_CLOSED_BEYOND_S2
V2,V2_TRADE,EUR/USD_2025-11-01,1h,demand,2025-10-16T13:00:00Z,,,,NEW_DUE_TO_SEQUENCE_CHANGE,2025-10-20T06:00:00Z fill 2025-10-20T06:57:00Z S2_CLOSE -1.397,slot/sequence differs from V1
V2,V2_TRADE,EUR/USD_2025-11-01,1h,demand,2025-10-15T23:00:00Z,,,,NEW_DUE_TO_SEQUENCE_CHANGE,2025-10-20T14:00:00Z fill 2025-10-20T14:00:00Z TARGET +1.407,slot/sequence differs from V1
V2,V2_TRADE,EUR/USD_2025-11-01,1h,demand,2025-10-15T23:00:00Z,,,,NEW_DUE_TO_SEQUENCE_CHANGE,2025-10-20T16:00:00Z fill 2025-10-20T16:53:00Z S2_CLOSE -2.926,slot/sequence differs from V1
V2,V2_TRADE,EUR/USD_2025-11-01,1h,demand,2025-10-15T21:00:00Z,,,,NEW_SUPPRESSED_TRADE_RECOVERED,2025-10-20T19:00:00Z fill 2025-10-20T19:33:00Z S2_CLOSE -1.906,TOUCH_BAR_CLOSED_BEYOND_S2+PRODUCTION_WOULD_PICK_ANOTHER_ZONE
V2,V2_TRADE,EUR/USD_2025-11-01,4h,demand,2025-10-14T16:00:00Z,,,,NEW_SUPPRESSED_TRADE_RECOVERED,2025-10-21T16:00:00Z fill 2025-10-21T16:52:00Z S2_CLOSE -1.343,TOUCH_BAR_CLOSED_BEYOND_S2
V2,V2_TRADE,BTC/USD_2022-07-01,1h,demand,2022-04-19T05:00:00Z,,,,NEW_SUPPRESSED_TRADE_RECOVERED,2022-04-21T20:00:00Z fill 2022-04-21T20:40:00Z S2_CLOSE -2.716,TOUCH_BAR_CLOSED_BEYOND_S2+PRODUCTION_WOULD_PICK_ANOTHER_ZONE
V2,V2_TRADE,BTC/USD_2022-07-01,1h,demand,2022-04-19T07:00:00Z,,,,NEW_SUPPRESSED_TRADE_RECOVERED,2022-04-21T22:00:00Z fill 2022-04-21T22:01:00Z S2_CLOSE -4.798,TOUCH_BAR_CLOSED_BEYOND_S2
V2,V2_TRADE,BTC/USD_2022-07-01,1h,demand,2022-04-25T10:00:00Z,,,,NEW_SUPPRESSED_TRADE_RECOVERED,2022-04-26T17:00:00Z fill 2022-04-26T17:04:00Z S2_CLOSE -2.215,TOUCH_BAR_CLOSED_BEYOND_S2
V2,V2_TRADE,BTC/USD_2022-07-01,1h,demand,2022-04-25T08:00:00Z,,,,NEW_SUPPRESSED_TRADE_RECOVERED,2022-04-26T19:00:00Z fill 2022-04-26T19:00:00Z S2_CLOSE -3.613,TOUCH_BAR_CLOSED_BEYOND_S2
V2,V2_TRADE,BTC/USD_2022-07-01,1h,demand,2022-05-31T01:00:00Z,,,,NEW_DUE_TO_SEQUENCE_CHANGE,2022-05-31T06:00:00Z fill 2022-05-31T06:37:00Z TARGET +0.766,slot/sequence differs from V1
V2,V2_TRADE,BTC/USD_2022-07-01,4h,supply,2022-06-18T00:00:00Z,,,,NEW_SUPPRESSED_TRADE_RECOVERED,2022-06-20T08:00:00Z fill 2022-06-20T08:36:00Z S2_CLOSE -1.563,TOUCH_BAR_CLOSED_BEYOND_S2
V2,V2_TRADE,BTC/USD_2022-07-01,1h,supply,2022-06-30T07:00:00Z,,,,NEW_SUPPRESSED_TRADE_RECOVERED,2022-06-30T23:00:00Z fill 2022-06-30T23:50:00Z S2_CLOSE -8.070,TOUCH_BAR_CLOSED_BEYOND_S2
V2,V2_TRADE,BTC/USD_2025-04-01,1h,demand,2025-01-17T03:00:00Z,,,,NEW_SUPPRESSED_TRADE_RECOVERED,2025-01-20T00:00:00Z fill 2025-01-20T00:00:00Z TARGET +0.150,TOUCH_BAR_CLOSED_BEYOND_S2
V2,V2_TRADE,BTC/USD_2025-04-01,1h,supply,2025-01-19T20:00:00Z,,,,NEW_SUPPRESSED_TRADE_RECOVERED,2025-01-20T06:00:00Z fill 2025-01-20T06:48:00Z S2_CLOSE -3.951,TOUCH_BAR_CLOSED_BEYOND_S2
V2,V2_TRADE,BTC/USD_2025-04-01,1h,demand,2025-01-15T02:00:00Z,,,,NEW_DUE_TO_SEQUENCE_CHANGE,2025-02-02T17:00:00Z fill 2025-02-02T17:57:00Z TARGET +1.189,slot/sequence differs from V1
V2,V2_TRADE,BTC/USD_2025-04-01,1h,demand,2025-01-14T00:00:00Z,,,,NEW_SUPPRESSED_TRADE_RECOVERED,2025-02-03T01:00:00Z fill 2025-02-03T01:39:00Z S2_CLOSE -5.475,TOUCH_BAR_CLOSED_BEYOND_S2
V2,V2_TRADE,BTC/USD_2025-04-01,4h,demand,2024-11-15T12:00:00Z,,,,NEW_SUPPRESSED_TRADE_RECOVERED,2025-02-25T12:00:00Z fill 2025-02-25T12:00:00Z S2_CLOSE -1.535,TOUCH_BAR_CLOSED_BEYOND_S2
V2,V2_TRADE,BTC/USD_2025-04-01,4h,supply,2025-02-25T00:00:00Z,,,,NEW_SUPPRESSED_TRADE_RECOVERED,2025-03-02T16:00:00Z fill 2025-03-02T16:43:00Z S2_CLOSE -2.543,TOUCH_BAR_CLOSED_BEYOND_S2
V2,V2_TRADE,BTC/USD_2025-04-01,1h,demand,2025-02-28T17:00:00Z,,,,NEW_SUPPRESSED_TRADE_RECOVERED,2025-03-04T01:00:00Z fill 2025-03-04T01:41:00Z S2_CLOSE -2.120,TOUCH_BAR_CLOSED_BEYOND_S2
V2,V2_TRADE,BTC/USD_2025-04-01,4h,supply,2025-03-03T20:00:00Z,,,,NEW_SUPPRESSED_TRADE_RECOVERED,2025-03-04T16:00:00Z fill 2025-03-04T18:51:00Z S2_CLOSE -2.484,TOUCH_BAR_CLOSED_BEYOND_S2
V2,V2_TRADE,BTC/USD_2025-04-01,1h,demand,2025-03-04T20:00:00Z,,,,NEW_SUPPRESSED_TRADE_RECOVERED,2025-03-07T00:00:00Z fill 2025-03-07T00:20:00Z S2_CLOSE -2.329,TOUCH_BAR_CLOSED_BEYOND_S2
V2,V2_TRADE,BTC/USD_2025-04-01,1h,demand,2025-02-28T08:00:00Z,,,,NEW_SUPPRESSED_TRADE_RECOVERED,2025-03-10T18:00:00Z fill 2025-03-10T18:00:00Z S2_CLOSE -2.424,TOUCH_BAR_CLOSED_BEYOND_S2
V2,V2_TRADE,BTC/USD_2025-07-01,1h,supply,2025-05-23T21:00:00Z,,,,NEW_DUE_TO_SEQUENCE_CHANGE,2025-05-24T03:00:00Z fill 2025-05-24T03:30:00Z TARGET +0.934,VOL_BUCKET_WITH_BAR_NOT_HIGH
V2,V2_TRADE,BTC/USD_2025-07-01,1h,demand,2025-05-08T19:00:00Z,,,,NEW_SUPPRESSED_TRADE_RECOVERED,2025-06-05T20:00:00Z fill 2025-06-05T20:20:00Z TARGET +0.457,TOUCH_BAR_CLOSED_BEYOND_S2
V2,V2_TRADE,BTC/USD_2025-07-01,1h,supply,2025-05-26T15:00:00Z,,,,NEW_DUE_TO_SEQUENCE_CHANGE,2025-06-09T23:00:00Z fill 2025-06-09T23:00:00Z TARGET +1.260,VOL_BUCKET_WITH_BAR_NOT_HIGH
V2,V2_TRADE,BTC/USD_2025-11-01,4h,demand,2025-08-05T12:00:00Z,,,,NEW_DUE_TO_SEQUENCE_CHANGE,2025-08-20T04:00:00Z fill 2025-08-20T04:00:00Z S2_CLOSE -1.711,VOL_BUCKET_WITH_BAR_NOT_HIGH
V2,V2_TRADE,BTC/USD_2025-11-01,1h,supply,2025-08-18T21:00:00Z,,,,NEW_SUPPRESSED_TRADE_RECOVERED,2025-08-22T17:00:00Z fill 2025-08-22T17:05:00Z S2_CLOSE -6.134,TOUCH_BAR_CLOSED_BEYOND_S2
V2,V2_TRADE,BTC/USD_2025-11-01,1h,demand,2025-08-26T15:00:00Z,,,,NEW_SUPPRESSED_TRADE_RECOVERED,2025-08-29T13:00:00Z fill 2025-08-29T13:35:00Z S2_CLOSE -2.530,TOUCH_BAR_CLOSED_BEYOND_S2
V2,V2_TRADE,BTC/USD_2025-11-01,1h,demand,2025-09-10T10:00:00Z,,,,NEW_SUPPRESSED_TRADE_RECOVERED,2025-09-22T19:00:00Z fill 2025-09-22T19:35:00Z S2_CLOSE -4.699,TOUCH_BAR_CLOSED_BEYOND_S2
V2,V2_TRADE,BTC/USD_2025-11-01,1h,supply,2025-08-17T22:00:00Z,,,,NEW_DUE_TO_SEQUENCE_CHANGE,2025-10-01T22:00:00Z fill 2025-10-01T22:06:00Z S2_CLOSE -7.212,VOL_BUCKET_WITH_BAR_NOT_HIGH
V2,V2_TRADE,BTC/USD_2025-11-01,1h,demand,2025-10-04T18:00:00Z,,,,NEW_SUPPRESSED_TRADE_RECOVERED,2025-10-07T17:00:00Z fill 2025-10-07T17:00:00Z S2_CLOSE -5.661,TOUCH_BAR_CLOSED_BEYOND_S2
V2,V2_TRADE,BTC/USD_2025-11-01,4h,supply,2025-10-17T00:00:00Z,,,,NEW_DUE_TO_SEQUENCE_CHANGE,2025-10-19T16:00:00Z fill 2025-10-19T16:41:00Z S2_CLOSE -2.886,VOL_BUCKET_WITH_BAR_NOT_HIGH
V2,V2_TRADE,BTC/USD_2025-11-01,1h,supply,2025-10-16T06:00:00Z,,,,NEW_SUPPRESSED_TRADE_RECOVERED,2025-10-21T14:00:00Z fill 2025-10-21T14:55:00Z S2_CLOSE -2.982,TOUCH_BAR_CLOSED_BEYOND_S2+PRODUCTION_WOULD_PICK_ANOTHER_ZONE
V2,V2_TRADE,BTC/USD_2025-11-01,4h,demand,2025-10-18T12:00:00Z,,,,NEW_SUPPRESSED_TRADE_RECOVERED,2025-10-30T16:00:00Z fill 2025-10-30T17:21:00Z TARGET +0.855,TOUCH_BAR_CLOSED_BEYOND_S2+PRODUCTION_WOULD_PICK_ANOTHER_ZONE
V2,V2_TRADE,BTC/USD_2025-11-01,4h,supply,2025-10-30T04:00:00Z,,,,NEW_DUE_TO_SEQUENCE_CHANGE,2025-10-31T00:00:00Z fill 2025-10-31T01:07:00Z OPEN_AT_DATA_END ,slot/sequence differs from V1
V2,V2_TRADE,USD/JPY_2022-11-01,1h,demand,2022-09-07T20:00:00Z,,,,NEW_SUPPRESSED_TRADE_RECOVERED,2022-09-08T06:00:00Z fill 2022-09-08T06:00:00Z S2_CLOSE -2.093,TOUCH_BAR_CLOSED_BEYOND_S2
V2,V2_TRADE,USD/JPY_2022-11-01,1h,supply,2022-09-08T08:00:00Z,,,,NEW_SUPPRESSED_TRADE_RECOVERED,2022-09-08T12:00:00Z fill 2022-09-08T12:20:00Z S2_CLOSE -1.079,TOUCH_BAR_CLOSED_BEYOND_S2
V2,V2_TRADE,USD/JPY_2022-11-01,1h,demand,2022-09-07T00:00:00Z,,,,NEW_DUE_TO_SEQUENCE_CHANGE,2022-09-09T03:00:00Z fill 2022-09-09T03:26:00Z S2_CLOSE -1.768,slot/sequence differs from V1
V2,V2_TRADE,USD/JPY_2022-11-01,1h,demand,2022-09-06T19:00:00Z,,,,NEW_SUPPRESSED_TRADE_RECOVERED,2022-09-09T06:00:00Z fill 2022-09-09T06:39:00Z S2_CLOSE -2.767,TOUCH_BAR_CLOSED_BEYOND_S2
V2,V2_TRADE,USD/JPY_2022-11-01,1h,supply,2022-09-08T12:00:00Z,,,,NEW_SUPPRESSED_TRADE_RECOVERED,2022-09-13T12:00:00Z fill 2022-09-13T12:33:00Z S2_CLOSE -1.700,TOUCH_BAR_CLOSED_BEYOND_S2+PRODUCTION_WOULD_PICK_ANOTHER_ZONE
V2,V2_TRADE,USD/JPY_2022-11-01,1h,demand,2022-09-13T18:00:00Z,,,,NEW_DUE_TO_SEQUENCE_CHANGE,2022-09-14T03:00:00Z fill 2022-09-14T03:00:00Z S2_CLOSE -5.410,slot/sequence differs from V1
V2,V2_TRADE,USD/JPY_2022-11-01,1h,supply,2022-09-15T20:00:00Z,,,,NEW_SUPPRESSED_TRADE_RECOVERED,2022-09-16T05:00:00Z fill 2022-09-16T05:52:00Z S2_CLOSE -1.653,TOUCH_BAR_CLOSED_BEYOND_S2
V2,V2_TRADE,USD/JPY_2022-11-01,1h,supply,2022-09-21T16:00:00Z,,,,NEW_SUPPRESSED_TRADE_RECOVERED,2022-09-22T00:00:00Z fill 2022-09-22T00:00:00Z S2_CLOSE -1.277,TOUCH_BAR_CLOSED_BEYOND_S2+PRODUCTION_WOULD_PICK_ANOTHER_ZONE
V2,V2_TRADE,USD/JPY_2022-11-01,4h,demand,2022-09-12T13:00:00Z,,,,NEW_SUPPRESSED_TRADE_RECOVERED,2022-09-22T05:00:00Z fill 2022-09-22T08:21:00Z TARGET +1.955,TOUCH_BAR_CLOSED_BEYOND_S2
V2,V2_TRADE,USD/JPY_2022-11-01,1h,demand,2022-09-06T09:00:00Z,,,,NEW_SUPPRESSED_TRADE_RECOVERED,2022-09-22T11:00:00Z fill 2022-09-22T11:42:00Z TARGET +1.848,TOUCH_BAR_CLOSED_BEYOND_S2
V2,V2_TRADE,USD/JPY_2022-11-01,1h,supply,2022-09-22T18:00:00Z,,,,NEW_SUPPRESSED_TRADE_RECOVERED,2022-09-23T08:00:00Z fill 2022-09-23T08:11:00Z S2_CLOSE -4.600,TOUCH_BAR_CLOSED_BEYOND_S2
V2,V2_TRADE,USD/JPY_2022-11-01,1h,demand,2022-09-25T21:00:00Z,,,,NEW_DUE_TO_SEQUENCE_CHANGE,2022-10-05T00:00:00Z fill 2022-10-05T00:12:00Z TARGET +1.812,slot/sequence differs from V1
V2,V2_TRADE,USD/JPY_2022-11-01,1h,demand,2022-09-26T01:00:00Z,,,,NEW_DUE_TO_SEQUENCE_CHANGE,2022-10-05T01:00:00Z fill 2022-10-05T01:00:00Z TARGET +1.902,slot/sequence differs from V1
V2,V2_TRADE,USD/JPY_2022-11-01,4h,supply,2022-10-04T08:00:00Z,,,,NEW_SUPPRESSED_TRADE_RECOVERED,2022-10-06T12:00:00Z fill 2022-10-06T12:18:00Z S2_CLOSE -2.008,TOUCH_BAR_CLOSED_BEYOND_S2
V2,V2_TRADE,USD/JPY_2022-11-01,1h,supply,2022-10-03T04:00:00Z,,,,NEW_DUE_TO_SEQUENCE_CHANGE,2022-10-06T16:00:00Z fill 2022-10-06T16:00:00Z S2_CLOSE -1.412,slot/sequence differs from V1
V2,V2_TRADE,USD/JPY_2022-11-01,1h,supply,2022-10-11T09:00:00Z,,,,NEW_SUPPRESSED_TRADE_RECOVERED,2022-10-11T18:00:00Z fill 2022-10-11T18:13:00Z S2_CLOSE -1.800,TOUCH_BAR_CLOSED_BEYOND_S2
V2,V2_TRADE,USD/JPY_2022-11-01,1h,demand,2022-10-19T14:00:00Z,,,,NEW_SUPPRESSED_TRADE_RECOVERED,2022-10-20T14:00:00Z fill 2022-10-20T14:54:00Z S2_CLOSE -1.800,TOUCH_BAR_CLOSED_BEYOND_S2
V2,V2_TRADE,USD/JPY_2022-11-01,4h,demand,2022-10-12T20:00:00Z,,,,NEW_SUPPRESSED_TRADE_RECOVERED,2022-10-21T12:00:00Z fill 2022-10-21T15:50:00Z TARGET +1.875,TOUCH_BAR_CLOSED_BEYOND_S2
V2,V2_TRADE,USD/JPY_2022-11-01,4h,demand,2022-10-11T12:00:00Z,,,,NEW_DUE_TO_SEQUENCE_CHANGE,2022-10-23T20:00:00Z fill 2022-10-23T23:44:00Z TARGET +1.884,slot/sequence differs from V1
V2,V2_TRADE,USD/JPY_2022-11-01,1h,supply,2022-10-26T21:00:00Z,,,,NEW_SUPPRESSED_TRADE_RECOVERED,2022-10-27T09:00:00Z fill 2022-10-27T09:29:00Z S2_CLOSE -2.600,TOUCH_BAR_CLOSED_BEYOND_S2
V2,V2_TRADE,USD/JPY_2025-04-01,1h,supply,2025-02-05T05:00:00Z,,,,NEW_SUPPRESSED_TRADE_RECOVERED,2025-02-12T03:00:00Z fill 2025-02-12T03:00:00Z S2_CLOSE -1.691,TOUCH_BAR_CLOSED_BEYOND_S2
V2,V2_TRADE,USD/JPY_2025-04-01,1h,demand,2025-02-11T14:00:00Z,,,,NEW_SUPPRESSED_TRADE_RECOVERED,2025-02-14T13:00:00Z fill 2025-02-14T13:30:00Z S2_CLOSE -1.574,TOUCH_BAR_CLOSED_BEYOND_S2+PRODUCTION_WOULD_PICK_ANOTHER_ZONE
V2,V2_TRADE,USD/JPY_2025-04-01,1h,demand,2025-02-26T19:00:00Z,,,,NEW_DUE_TO_SEQUENCE_CHANGE,2025-03-04T01:00:00Z fill 2025-03-04T01:13:00Z TARGET +1.787,slot/sequence differs from V1
V2,V2_TRADE,USD/JPY_2025-04-01,1h,supply,2025-03-13T02:00:00Z,,,,NEW_SUPPRESSED_TRADE_RECOVERED,2025-03-14T00:00:00Z fill 2025-03-14T00:39:00Z S2_CLOSE -2.086,TOUCH_BAR_CLOSED_BEYOND_S2
V2,V2_TRADE,USD/JPY_2025-04-01,1h,demand,2025-03-17T19:00:00Z,,,,NEW_DUE_TO_SEQUENCE_CHANGE,2025-03-18T19:00:00Z fill 2025-03-18T19:01:00Z TARGET +1.771,slot/sequence differs from V1
V2,V2_TRADE,USD/JPY_2025-04-01,1h,demand,2025-03-17T19:00:00Z,,,,NEW_SUPPRESSED_TRADE_RECOVERED,2025-03-19T18:00:00Z fill 2025-03-19T18:36:00Z S2_CLOSE -5.657,TOUCH_BAR_CLOSED_BEYOND_S2
V2,V2_TRADE,USD/JPY_2025-04-01,1h,demand,2025-03-21T02:00:00Z,,,,NEW_SUPPRESSED_TRADE_RECOVERED,2025-03-21T11:00:00Z fill 2025-03-21T11:28:00Z S2_CLOSE -1.659,TOUCH_BAR_CLOSED_BEYOND_S2
V2,V2_TRADE,USD/JPY_2025-04-01,1h,demand,2025-03-21T18:00:00Z,,,,NEW_SUPPRESSED_TRADE_RECOVERED,2025-03-31T01:00:00Z fill 2025-03-31T01:00:00Z S2_CLOSE -1.514,TOUCH_BAR_CLOSED_BEYOND_S2
V2,V2_TRADE,USD/JPY_2025-04-01,1h,supply,2025-03-28T20:00:00Z,,,,NEW_SUPPRESSED_TRADE_RECOVERED,2025-03-31T15:00:00Z fill 2025-03-31T15:25:00Z S2_CLOSE -1.360,TOUCH_BAR_CLOSED_BEYOND_S2
V2,V2_TRADE,USD/JPY_2025-07-01,1h,demand,2025-05-12T11:00:00Z,,,,NEW_SUPPRESSED_TRADE_RECOVERED,2025-05-13T00:00:00Z fill 2025-05-13T00:04:00Z S2_CLOSE -1.231,TOUCH_BAR_CLOSED_BEYOND_S2
V2,V2_TRADE,USD/JPY_2025-07-01,4h,demand,2025-05-08T09:00:00Z,,,,NEW_SUPPRESSED_TRADE_RECOVERED,2025-05-20T05:00:00Z fill 2025-05-20T05:00:00Z S2_CLOSE -1.169,TOUCH_BAR_CLOSED_BEYOND_S2
V2,V2_TRADE,USD/JPY_2025-07-01,1h,supply,2025-05-25T23:00:00Z,,,,NEW_DUE_TO_SEQUENCE_CHANGE,2025-05-26T10:00:00Z fill 2025-05-26T10:00:00Z S2_CLOSE -1.599,slot/sequence differs from V1
V2,V2_TRADE,USD/JPY_2025-07-01,1h,supply,2025-05-26T20:00:00Z,,,,NEW_SUPPRESSED_TRADE_RECOVERED,2025-05-27T04:00:00Z fill 2025-05-27T04:48:00Z S2_CLOSE -1.600,TOUCH_BAR_CLOSED_BEYOND_S2
V2,V2_TRADE,USD/JPY_2025-07-01,1h,demand,2025-05-28T18:00:00Z,,,,NEW_SUPPRESSED_TRADE_RECOVERED,2025-05-29T12:00:00Z fill 2025-05-29T12:05:00Z S2_CLOSE -3.581,TOUCH_BAR_CLOSED_BEYOND_S2
V2,V2_TRADE,USD/JPY_2025-07-01,1h,supply,2025-06-02T13:00:00Z,,,,NEW_SUPPRESSED_TRADE_RECOVERED,2025-06-03T01:00:00Z fill 2025-06-03T01:21:00Z S2_CLOSE -1.586,TOUCH_BAR_CLOSED_BEYOND_S2
V2,V2_TRADE,USD/JPY_2025-07-01,1h,demand,2025-06-06T03:00:00Z,,,,NEW_SUPPRESSED_TRADE_RECOVERED,2025-06-12T09:00:00Z fill 2025-06-12T09:11:00Z S2_CLOSE -1.435,TOUCH_BAR_CLOSED_BEYOND_S2
V2,V2_TRADE,USD/JPY_2025-07-01,1h,demand,2025-06-05T22:00:00Z,,,,NEW_SUPPRESSED_TRADE_RECOVERED,2025-06-12T12:00:00Z fill 2025-06-12T12:30:00Z AMBIGUOUS ,TOUCH_BAR_CLOSED_BEYOND_S2
V2,V2_TRADE,USD/JPY_2025-07-01,1h,supply,2025-06-11T11:00:00Z,,,,NEW_SUPPRESSED_TRADE_RECOVERED,2025-06-17T18:00:00Z fill 2025-06-17T18:00:00Z S2_CLOSE -1.414,TOUCH_BAR_CLOSED_BEYOND_S2
V2,V2_TRADE,USD/JPY_2025-07-01,1h,supply,2025-05-15T01:00:00Z,,,,NEW_SUPPRESSED_TRADE_RECOVERED,2025-06-23T00:00:00Z fill 2025-06-23T00:00:00Z S2_CLOSE -2.038,TOUCH_BAR_CLOSED_BEYOND_S2
V2,V2_TRADE,USD/JPY_2025-07-01,1h,supply,2025-05-13T23:00:00Z,,,,NEW_SUPPRESSED_TRADE_RECOVERED,2025-06-23T08:00:00Z fill 2025-06-23T08:08:00Z S2_CLOSE -1.708,TOUCH_BAR_CLOSED_BEYOND_S2
V2,V2_TRADE,USD/JPY_2025-07-01,1h,demand,2025-06-20T16:00:00Z,,,,NEW_SUPPRESSED_TRADE_RECOVERED,2025-06-24T00:00:00Z fill 2025-06-24T00:00:00Z S2_CLOSE -3.494,TOUCH_BAR_CLOSED_BEYOND_S2
V2,V2_TRADE,USD/JPY_2025-07-01,1h,demand,2025-06-13T05:00:00Z,,,,NEW_DUE_TO_SEQUENCE_CHANGE,2025-07-01T00:00:00Z fill 2025-07-01T00:02:00Z OPEN_AT_DATA_END ,slot/sequence differs from V1
V2,V2_TRADE,USD/JPY_2025-11-01,1h,supply,2025-09-16T15:00:00Z,,,,NEW_SUPPRESSED_TRADE_RECOVERED,2025-09-17T18:00:00Z fill 2025-09-17T18:42:00Z S2_CLOSE -1.479,TOUCH_BAR_CLOSED_BEYOND_S2
V2,V2_TRADE,USD/JPY_2025-11-01,4h,supply,2025-09-16T09:00:00Z,,,,NEW_DUE_TO_SEQUENCE_CHANGE,2025-09-18T01:00:00Z fill 2025-09-18T01:09:00Z S2_CLOSE -1.960,slot/sequence differs from V1
V2,V2_TRADE,USD/JPY_2025-11-01,4h,demand,2025-09-19T13:00:00Z,,,,NEW_DUE_TO_SEQUENCE_CHANGE,2025-09-22T05:00:00Z fill 2025-09-22T07:25:00Z S2_CLOSE -1.321,slot/sequence differs from V1
V2,V2_TRADE,USD/JPY_2025-11-01,1h,demand,2025-09-24T07:00:00Z,,,,NEW_SUPPRESSED_TRADE_RECOVERED,2025-09-30T08:00:00Z fill 2025-09-30T08:00:00Z S2_CLOSE -4.207,TOUCH_BAR_CLOSED_BEYOND_S2
V2,V2_TRADE,USD/JPY_2025-11-01,4h,supply,2025-10-15T08:00:00Z,,,,NEW_SUPPRESSED_TRADE_RECOVERED,2025-10-21T08:00:00Z fill 2025-10-21T08:26:00Z S2_CLOSE -3.297,TOUCH_BAR_CLOSED_BEYOND_S2
V2,V2_TRADE,USD/JPY_2025-11-01,1h,demand,2025-10-23T21:00:00Z,,,,NEW_SUPPRESSED_TRADE_RECOVERED,2025-10-28T00:00:00Z fill 2025-10-28T00:14:00Z S2_CLOSE -1.429,TOUCH_BAR_CLOSED_BEYOND_S2
V2,V2_TRADE,USD/JPY_2025-11-01,1h,demand,2025-10-31T05:00:00Z,,,,NEW_DUE_TO_SEQUENCE_CHANGE,2025-10-31T20:00:00Z fill 2025-10-31T20:57:00Z OPEN_AT_DATA_END ,slot/sequence differs from V1
V2_STRICT,V1_TRADE,EUR/USD_2022-07-01,1h,supply,2022-03-10T12:00:00Z,2022-03-17T14:00:00Z,S2_CLOSE,-1.2797687861271578,SAME,S2_CLOSE -1.280,
V2_STRICT,V1_TRADE,EUR/USD_2022-07-01,1h,supply,2022-03-01T20:00:00Z,2022-03-17T18:00:00Z,TARGET,1.8117647058823567,SAME,TARGET +1.812,
V2_STRICT,V1_TRADE,EUR/USD_2022-07-01,1h,demand,2022-03-16T22:00:00Z,2022-03-18T12:00:00Z,TARGET,1.8745098039215602,SAME,TARGET +1.875,
V2_STRICT,V1_TRADE,EUR/USD_2022-07-01,1h,supply,2022-03-18T19:00:00Z,2022-03-21T08:00:00Z,TARGET,1.7090909090908184,SAME,TARGET +1.709,
V2_STRICT,V1_TRADE,EUR/USD_2022-07-01,1h,demand,2022-03-16T22:00:00Z,2022-03-21T18:00:00Z,S2_CLOSE,-2.8509803921569703,SAME,S2_CLOSE -2.851,
V2_STRICT,V1_TRADE,EUR/USD_2022-07-01,1h,demand,2022-03-16T09:00:00Z,2022-03-22T04:00:00Z,S2_CLOSE,-2.145454545454532,SAME,S2_CLOSE -2.145,
V2_STRICT,V1_TRADE,EUR/USD_2022-07-01,1h,supply,2022-03-21T22:00:00Z,2022-03-22T12:00:00Z,TARGET,1.600000000000178,OUTCOME_CHANGED,AMBIGUOUS ,V2 AMBIGUOUS (entry and target in the same minute)
V2_STRICT,V1_TRADE,EUR/USD_2022-07-01,1h,supply,2022-03-22T13:00:00Z,2022-03-22T17:00:00Z,TARGET,1.8719999999999972,SAME,TARGET +1.872,
V2_STRICT,V1_TRADE,EUR/USD_2022-07-01,1h,supply,2022-03-23T10:00:00Z,2022-03-23T15:00:00Z,S2_CLOSE,-1.5636363636364838,SAME,S2_CLOSE -1.564,
V2_STRICT,V1_TRADE,EUR/USD_2022-07-01,1h,supply,2022-03-23T10:00:00Z,2022-03-23T17:00:00Z,S2_CLOSE,-1.5636363636364838,REMOVED,,SLOT_OCCUPIED by 1h 2022-03-23T15:00:00Z
V2_STRICT,V1_TRADE,EUR/USD_2022-07-01,1h,supply,2022-03-22T13:00:00Z,2022-03-25T01:00:00Z,TARGET,1.8719999999999972,SHIFTED,2022-03-25T03:00:00Z TARGET +1.872,same zone entered on a different bar
V2_STRICT,V1_TRADE,EUR/USD_2022-07-01,1h,supply,2022-03-28T08:00:00Z,2022-03-28T15:00:00Z,S2_CLOSE,-1.3245283018867584,SAME,S2_CLOSE -1.325,
V2_STRICT,V1_TRADE,EUR/USD_2022-07-01,1h,demand,2022-03-29T00:00:00Z,2022-03-29T08:00:00Z,TARGET,1.8814814814814782,SAME,TARGET +1.881,
V2_STRICT,V1_TRADE,EUR/USD_2022-07-01,1h,supply,2022-03-01T20:00:00Z,2022-03-29T12:00:00Z,TARGET,1.8117647058823567,REMOVED,,SLOT_OCCUPIED by 4h 2022-03-29T11:00:00Z
V2_STRICT,V1_TRADE,EUR/USD_2022-07-01,1h,supply,2022-03-02T16:00:00Z,2022-03-29T13:00:00Z,S2_CLOSE,-1.3111111111110898,SHIFTED,2022-03-18T00:00:00Z TARGET +1.960,same zone entered on a different bar
V2_STRICT,V1_TRADE,EUR/USD_2022-07-01,1h,demand,2022-03-30T04:00:00Z,2022-03-30T12:00:00Z,TARGET,1.7333333333333039,REMOVED,,SLOT_OCCUPIED by 4h 2022-03-29T11:00:00Z
V2_STRICT,V1_TRADE,EUR/USD_2022-07-01,1h,demand,2022-03-30T17:00:00Z,2022-03-31T06:00:00Z,TARGET,1.599999999999956,SAME,TARGET +1.600,
V2_STRICT,V1_TRADE,EUR/USD_2022-07-01,1h,demand,2022-03-30T04:00:00Z,2022-03-31T08:00:00Z,TARGET,1.7333333333333039,REMOVED,,OTHER_ZONE_TAKEN_ON_BAR (2022-03-30T10:00:00Z)
V2_STRICT,V1_TRADE,EUR/USD_2022-07-01,1h,demand,2022-03-29T17:00:00Z,2022-03-31T13:00:00Z,TARGET,1.7090909090909356,SAME,TARGET +1.709,
V2_STRICT,V1_TRADE,EUR/USD_2022-07-01,1h,demand,2022-03-29T23:00:00Z,2022-03-31T14:00:00Z,TARGET,1.3599999999996453,SAME,TARGET +1.360,
V2_STRICT,V1_TRADE,EUR/USD_2022-07-01,1h,demand,2022-03-29T17:00:00Z,2022-03-31T16:00:00Z,TARGET,1.7090909090909356,REMOVED,,NO_ENTRY_AT_BAR (older zone touched first and never filled)
V2_STRICT,V1_TRADE,EUR/USD_2022-07-01,1h,demand,2022-03-29T00:00:00Z,2022-04-04T13:00:00Z,S2_CLOSE,-1.5629629629629298,SAME,S2_CLOSE -1.563,
V2_STRICT,V1_TRADE,EUR/USD_2022-07-01,1h,demand,2022-03-11T18:00:00Z,2022-04-05T17:00:00Z,S2_CLOSE,-1.8820512820514776,REMOVED,,SLOT_OCCUPIED by 1h 2022-04-05T16:00:00Z
V2_STRICT,V1_TRADE,EUR/USD_2022-07-01,1h,demand,2022-03-08T09:00:00Z,2022-04-06T06:00:00Z,TARGET,1.9135135135135195,SAME,TARGET +1.914,
V2_STRICT,V1_TRADE,EUR/USD_2022-07-01,1h,supply,2022-04-07T05:00:00Z,2022-04-07T13:00:00Z,TARGET,1.6800000000001067,REMOVED,,SLOT_OCCUPIED by 4h 2022-04-07T09:00:00Z
V2_STRICT,V1_TRADE,EUR/USD_2022-07-01,1h,supply,2022-04-07T05:00:00Z,2022-04-07T15:00:00Z,TARGET,1.6800000000001067,REMOVED,,SLOT_OCCUPIED by 4h 2022-04-07T09:00:00Z
V2_STRICT,V1_TRADE,EUR/USD_2022-07-01,1h,demand,2022-03-07T19:00:00Z,2022-04-08T08:00:00Z,S2_CLOSE,-1.3999999999999462,SHIFTED,2022-04-08T06:00:00Z S2_CLOSE -1.400,same zone entered on a different bar
V2_STRICT,V1_TRADE,EUR/USD_2022-07-01,1h,supply,2022-04-07T17:00:00Z,2022-04-08T18:00:00Z,S2_CLOSE,-6.887499999999082,SAME,S2_CLOSE -6.887,
V2_STRICT,V1_TRADE,EUR/USD_2022-07-01,1h,supply,2022-04-07T13:00:00Z,2022-04-10T20:00:00Z,TARGET,1.8984126984127052,SAME,TARGET +1.898,
V2_STRICT,V1_TRADE,EUR/USD_2022-07-01,1h,demand,2022-04-08T19:00:00Z,2022-04-11T04:00:00Z,TARGET,1.6800000000001067,SHIFTED,2022-04-11T02:00:00Z TARGET +1.680,same zone entered on a different bar
V2_STRICT,V1_TRADE,EUR/USD_2022-07-01,1h,supply,2022-04-07T13:00:00Z,2022-04-11T09:00:00Z,TARGET,1.8984126984127052,SAME,TARGET +1.898,
V2_STRICT,V1_TRADE,EUR/USD_2022-07-01,1h,demand,2022-04-08T19:00:00Z,2022-04-11T17:00:00Z,TARGET,1.6800000000001067,SHIFTED,2022-04-11T15:00:00Z TARGET +1.680,same zone entered on a different bar
V2_STRICT,V1_TRADE,EUR/USD_2022-07-01,1h,demand,2022-04-08T19:00:00Z,2022-04-11T23:00:00Z,S2_CLOSE,-1.919999999999627,SAME,S2_CLOSE -1.920,
V2_STRICT,V1_TRADE,EUR/USD_2022-07-01,1h,demand,2022-04-08T17:00:00Z,2022-04-12T02:00:00Z,TARGET,1.6631578947368444,SAME,TARGET +1.663,
V2_STRICT,V1_TRADE,EUR/USD_2022-07-01,1h,demand,2022-03-07T10:00:00Z,2022-04-13T02:00:00Z,TARGET,1.938461538461537,SAME,TARGET +1.938,
V2_STRICT,V1_TRADE,EUR/USD_2022-07-01,1h,supply,2022-04-12T12:00:00Z,2022-04-13T17:00:00Z,S2_CLOSE,-1.1803921568627285,REMOVED,,OTHER_ZONE_TAKEN_ON_BAR (2022-04-12T14:00:00Z)
V2_STRICT,V1_TRADE,EUR/USD_2022-07-01,1h,supply,2022-04-17T22:00:00Z,2022-04-18T11:00:00Z,TARGET,1.8171428571428485,SAME,TARGET +1.817,
V2_STRICT,V1_TRADE,EUR/USD_2022-07-01,1h,supply,2022-04-18T19:00:00Z,2022-04-19T04:00:00Z,TARGET,1.5428571428572375,SAME,TARGET +1.543,
V2_STRICT,V1_TRADE,EUR/USD_2022-07-01,1h,supply,2022-04-18T19:00:00Z,2022-04-19T06:00:00Z,S2_CLOSE,-6.028571428570518,SAME,S2_CLOSE -6.029,
V2_STRICT,V1_TRADE,EUR/USD_2022-07-01,1h,supply,2022-04-17T22:00:00Z,2022-04-19T08:00:00Z,TARGET,1.8171428571428485,SAME,TARGET +1.817,
V2_STRICT,V1_TRADE,EUR/USD_2022-07-01,1h,supply,2022-04-18T11:00:00Z,2022-04-19T09:00:00Z,TARGET,1.7629629629629564,SAME,TARGET +1.763,
V2_STRICT,V1_TRADE,EUR/USD_2022-07-01,1h,supply,2022-04-17T22:00:00Z,2022-04-20T06:00:00Z,S2_CLOSE,-3.297142857143112,SAME,S2_CLOSE -3.297,
V2_STRICT,V1_TRADE,EUR/USD_2022-07-01,1h,demand,2022-04-20T11:00:00Z,2022-04-20T17:00:00Z,TARGET,1.9058823529411784,SAME,TARGET +1.906,
V2_STRICT,V1_TRADE,EUR/USD_2022-07-01,1h,supply,2022-04-07T13:00:00Z,2022-04-21T07:00:00Z,TARGET,1.8984126984127052,REMOVED,,SLOT_OCCUPIED by 4h 2022-04-21T04:00:00Z (recovered suppressed trade)
V2_STRICT,V1_TRADE,EUR/USD_2022-07-01,1h,supply,2022-04-07T13:00:00Z,2022-04-21T09:00:00Z,TARGET,1.8984126984127052,SAME,TARGET +1.898,
V2_STRICT,V1_TRADE,EUR/USD_2022-07-01,1h,demand,2022-04-20T11:00:00Z,2022-04-21T14:00:00Z,S2_CLOSE,-2.2117647058823353,SAME,S2_CLOSE -2.212,
V2_STRICT,V1_TRADE,EUR/USD_2022-07-01,1h,supply,2022-04-28T14:00:00Z,2022-04-28T22:00:00Z,S2_CLOSE,-2.005263157894687,SAME,S2_CLOSE -2.005,
V2_STRICT,V1_TRADE,EUR/USD_2022-07-01,1h,supply,2022-04-28T07:00:00Z,2022-04-29T06:00:00Z,S2_CLOSE,-1.2897959183673602,SAME,S2_CLOSE -1.290,
V2_STRICT,V1_TRADE,EUR/USD_2022-07-01,1h,supply,2022-04-29T09:00:00Z,2022-04-29T17:00:00Z,TARGET,1.7714285714285463,SAME,TARGET +1.771,
V2_STRICT,V1_TRADE,EUR/USD_2022-07-01,1h,supply,2022-05-02T10:00:00Z,2022-05-03T00:00:00Z,TARGET,1.644444444444493,SAME,TARGET +1.644,
V2_STRICT,V1_TRADE,EUR/USD_2022-07-01,1h,supply,2022-05-02T13:00:00Z,2022-05-03T01:00:00Z,S2_CLOSE,-2.0285714285714844,SHIFTED,2022-05-03T03:00:00Z S2_CLOSE -2.029,same zone entered on a different bar
V2_STRICT,V1_TRADE,EUR/USD_2022-07-01,1h,supply,2022-04-29T09:00:00Z,2022-05-03T12:00:00Z,TARGET,1.7714285714285463,REMOVED,,OTHER_ZONE_TAKEN_ON_BAR (2022-04-29T17:00:00Z)
V2_STRICT,V1_TRADE,EUR/USD_2022-07-01,1h,supply,2022-04-29T17:00:00Z,2022-05-03T14:00:00Z,TARGET,1.8950819672131147,SHIFTED,2022-05-03T12:00:00Z TARGET +1.895,same zone entered on a different bar
V2_STRICT,V1_TRADE,EUR/USD_2022-07-01,1h,supply,2022-04-27T07:00:00Z,2022-05-04T18:00:00Z,TARGET,1.9209876543209854,REMOVED,,OTHER_ZONE_TAKEN_ON_BAR (2022-04-29T09:00:00Z)
V2_STRICT,V1_TRADE,EUR/USD_2022-07-01,1h,supply,2022-04-27T07:00:00Z,2022-05-04T20:00:00Z,TARGET,1.9209876543209854,SAME,TARGET +1.921,
V2_STRICT,V1_TRADE,EUR/USD_2022-07-01,1h,demand,2022-05-04T13:00:00Z,2022-05-05T13:00:00Z,S2_CLOSE,-3.2166666666664563,SAME,S2_CLOSE -3.217,
V2_STRICT,V1_TRADE,EUR/USD_2022-07-01,1h,demand,2022-05-02T18:00:00Z,2022-05-05T16:00:00Z,TARGET,1.644444444444493,SAME,TARGET +1.644,
V2_STRICT,V1_TRADE,EUR/USD_2022-07-01,1h,demand,2022-05-03T06:00:00Z,2022-05-05T17:00:00Z,TARGET,1.7935483870967661,SAME,TARGET +1.794,
V2_STRICT,V1_TRADE,EUR/USD_2022-07-01,1h,supply,2022-05-05T19:00:00Z,2022-05-06T07:00:00Z,S2_CLOSE,-1.4606060606061748,SAME,S2_CLOSE -1.461,
V2_STRICT,V1_TRADE,EUR/USD_2022-07-01,1h,supply,2022-05-13T07:00:00Z,2022-05-13T17:00:00Z,S2_CLOSE,-1.955932203389738,SAME,S2_CLOSE -1.956,
V2_STRICT,V1_TRADE,EUR/USD_2022-07-01,1h,supply,2022-05-11T13:00:00Z,2022-05-17T12:00:00Z,TARGET,1.9448275862068947,SAME,TARGET +1.945,
V2_STRICT,V1_TRADE,EUR/USD_2022-07-01,1h,demand,2022-05-17T09:00:00Z,2022-05-18T17:00:00Z,S2_CLOSE,-1.5090909090908224,SAME,S2_CLOSE -1.509,
V2_STRICT,V1_TRADE,EUR/USD_2022-07-01,1h,supply,2022-05-19T03:00:00Z,2022-05-19T08:00:00Z,TARGET,1.7090909090909356,SAME,TARGET +1.709,
V2_STRICT,V1_TRADE,EUR/USD_2022-07-01,1h,supply,2022-05-06T10:00:00Z,2022-05-19T15:00:00Z,S2_CLOSE,-1.5066666666666035,SAME,S2_CLOSE -1.507,
V2_STRICT,V1_TRADE,EUR/USD_2022-07-01,1h,demand,2022-05-20T02:00:00Z,2022-05-20T13:00:00Z,S2_CLOSE,-1.955555555555822,SAME,S2_CLOSE -1.956,
V2_STRICT,V1_TRADE,EUR/USD_2022-07-01,1h,supply,2022-04-27T07:00:00Z,2022-05-23T06:00:00Z,S2_CLOSE,-1.96790123456794,SAME,S2_CLOSE -1.968,
V2_STRICT,V1_TRADE,EUR/USD_2022-07-01,1h,supply,2022-04-26T12:00:00Z,2022-05-23T14:00:00Z,S2_CLOSE,-2.6571428571423565,SAME,S2_CLOSE -2.657,
V2_STRICT,V1_TRADE,EUR/USD_2022-07-01,1h,supply,2022-04-26T10:00:00Z,2022-05-23T15:00:00Z,TARGET,1.831578947368422,REMOVED,,SLOT_OCCUPIED by 1h 2022-05-23T14:00:00Z
V2_STRICT,V1_TRADE,EUR/USD_2022-07-01,1h,supply,2022-04-26T12:00:00Z,2022-05-23T16:00:00Z,S2_CLOSE,-2.6571428571423565,SHIFTED,2022-05-23T11:00:00Z TARGET +1.771,same zone entered on a different bar
V2_STRICT,V1_TRADE,EUR/USD_2022-07-01,1h,supply,2022-04-26T10:00:00Z,2022-05-23T19:00:00Z,TARGET,1.831578947368422,SAME,TARGET +1.832,
V2_STRICT,V1_TRADE,EUR/USD_2022-07-01,1h,supply,2022-04-26T10:00:00Z,2022-05-24T06:00:00Z,S2_CLOSE,-4.642105263157721,SAME,S2_CLOSE -4.642,
V2_STRICT,V1_TRADE,EUR/USD_2022-07-01,1h,supply,2022-04-25T11:00:00Z,2022-05-24T14:00:00Z,TARGET,1.9000000000000028,SHIFTED,2022-05-24T16:00:00Z TARGET +1.900,same zone entered on a different bar
V2_STRICT,V1_TRADE,EUR/USD_2022-07-01,1h,demand,2022-05-24T02:00:00Z,2022-05-25T10:00:00Z,TARGET,1.5428571428572375,SAME,TARGET +1.543,
V2_STRICT,V1_TRADE,EUR/USD_2022-07-01,1h,supply,2022-04-25T11:00:00Z,2022-05-27T00:00:00Z,S2_CLOSE,-1.7562499999999754,SAME,S2_CLOSE -1.756,
V2_STRICT,V1_TRADE,EUR/USD_2022-07-01,1h,demand,2022-05-26T12:00:00Z,2022-05-27T10:00:00Z,TARGET,1.831578947368422,SHIFTED,2022-05-31T10:00:00Z S2_CLOSE -2.063,same zone entered on a different bar
V2_STRICT,V1_TRADE,EUR/USD_2022-07-01,1h,demand,2022-05-30T03:00:00Z,2022-05-30T07:00:00Z,TARGET,1.6799999999999646,SAME,TARGET +1.680,
V2_STRICT,V1_TRADE,EUR/USD_2022-07-01,1h,supply,2022-04-25T03:00:00Z,2022-05-30T16:00:00Z,TARGET,1.6235294117646153,SAME,TARGET +1.624,
V2_STRICT,V1_TRADE,EUR/USD_2022-07-01,1h,demand,2022-05-30T03:00:00Z,2022-05-31T02:00:00Z,TARGET,1.6799999999999646,REMOVED,,NO_ENTRY_AT_BAR (older zone touched first and never filled)
V2_STRICT,V1_TRADE,EUR/USD_2022-07-01,1h,demand,2022-05-30T00:00:00Z,2022-05-31T06:00:00Z,TARGET,1.5076923076921693,REMOVED,,NO_ENTRY_AT_BAR (older zone touched first and never filled)
V2_STRICT,V1_TRADE,EUR/USD_2022-07-01,1h,supply,2022-05-31T07:00:00Z,2022-06-02T17:00:00Z,S2_CLOSE,-1.707692307692214,SAME,S2_CLOSE -1.708,
V2_STRICT,V1_TRADE,EUR/USD_2022-07-01,1h,demand,2022-06-02T18:00:00Z,2022-06-03T09:00:00Z,S2_CLOSE,-3.4200000000002575,SAME,S2_CLOSE -3.420,
V2_STRICT,V1_TRADE,EUR/USD_2022-07-01,1h,demand,2022-06-06T06:00:00Z,2022-06-06T10:00:00Z,S2_CLOSE,-1.787096774193658,SAME,S2_CLOSE -1.787,
V2_STRICT,V1_TRADE,EUR/USD_2022-07-01,1h,demand,2022-06-06T01:00:00Z,2022-06-06T12:00:00Z,S2_CLOSE,-3.266666666665857,REMOVED,,NO_ENTRY_AT_BAR (older zone touched first and never filled)
V2_STRICT,V1_TRADE,EUR/USD_2022-07-01,1h,demand,2022-06-06T01:00:00Z,2022-06-06T14:00:00Z,S2_CLOSE,-3.266666666665857,SAME,S2_CLOSE -3.267,
V2_STRICT,V1_TRADE,EUR/USD_2022-07-01,1h,demand,2022-06-01T23:00:00Z,2022-06-07T13:00:00Z,TARGET,1.2888888888886352,REMOVED,,SLOT_OCCUPIED by 4h 2022-06-07T12:00:00Z
V2_STRICT,V1_TRADE,EUR/USD_2022-07-01,1h,demand,2022-05-23T04:00:00Z,2022-06-10T09:00:00Z,TARGET,1.3600000000002137,SAME,TARGET +1.360,
V2_STRICT,V1_TRADE,EUR/USD_2022-07-01,1h,demand,2022-05-23T07:00:00Z,2022-06-10T10:00:00Z,S2_CLOSE,-3.1828571428571513,SAME,S2_CLOSE -3.183,
V2_STRICT,V1_TRADE,EUR/USD_2022-07-01,1h,demand,2022-05-19T01:00:00Z,2022-06-13T01:00:00Z,S2_CLOSE,-2.766666666667066,SAME,S2_CLOSE -2.767,
V2_STRICT,V1_TRADE,EUR/USD_2022-07-01,1h,demand,2022-05-16T19:00:00Z,2022-06-13T13:00:00Z,S2_CLOSE,-2.9333333333333624,SAME,S2_CLOSE -2.933,
V2_STRICT,V1_TRADE,EUR/USD_2022-07-01,1h,demand,2022-05-16T14:00:00Z,2022-06-13T20:00:00Z,TARGET,1.9000000000000028,REMOVED,,SLOT_OCCUPIED by 4h 2022-06-13T16:00:00Z
V2_STRICT,V1_TRADE,EUR/USD_2022-07-01,1h,supply,2022-06-13T08:00:00Z,2022-06-14T07:00:00Z,TARGET,1.8933333333333373,SAME,TARGET +1.893,
V2_STRICT,V1_TRADE,EUR/USD_2022-07-01,1h,supply,2022-06-13T08:00:00Z,2022-06-15T05:00:00Z,S2_CLOSE,-1.5733333333332602,SAME,S2_CLOSE -1.573,
V2_STRICT,V1_TRADE,EUR/USD_2022-07-01,1h,supply,2022-06-13T04:00:00Z,2022-06-15T06:00:00Z,TARGET,1.6799999999999646,REMOVED,,SLOT_OCCUPIED by 1h 2022-06-15T05:00:00Z
V2_STRICT,V1_TRADE,EUR/USD_2022-07-01,1h,supply,2022-06-13T08:00:00Z,2022-06-15T07:00:00Z,S2_CLOSE,-1.5733333333332602,REMOVED,,SLOT_OCCUPIED by 1h 2022-06-15T05:00:00Z
V2_STRICT,V1_TRADE,EUR/USD_2022-07-01,1h,demand,2022-05-16T14:00:00Z,2022-06-15T12:00:00Z,S2_CLOSE,-1.2874999999999712,SAME,S2_CLOSE -1.287,
V2_STRICT,V1_TRADE,EUR/USD_2022-07-01,1h,demand,2022-05-13T13:00:00Z,2022-06-15T18:00:00Z,TARGET,1.8915254237288057,SAME,TARGET +1.892,
V2_STRICT,V1_TRADE,EUR/USD_2022-07-01,1h,supply,2022-06-15T23:00:00Z,2022-06-16T03:00:00Z,TARGET,1.799999999999978,SAME,TARGET +1.800,
V2_STRICT,V1_TRADE,EUR/USD_2022-07-01,1h,supply,2022-06-15T19:00:00Z,2022-06-16T13:00:00Z,S2_CLOSE,-2.2897959183673597,SAME,S2_CLOSE -2.290,
V2_STRICT,V1_TRADE,EUR/USD_2022-07-01,1h,supply,2022-06-10T14:00:00Z,2022-06-16T15:00:00Z,S2_CLOSE,-2.76551724137907,SAME,S2_CLOSE -2.766,
V2_STRICT,V1_TRADE,EUR/USD_2022-07-01,1h,demand,2022-06-20T23:00:00Z,2022-06-21T06:00:00Z,TARGET,1.5428571428572375,SAME,TARGET +1.543,
V2_STRICT,V1_TRADE,EUR/USD_2022-07-01,1h,supply,2022-06-22T03:00:00Z,2022-06-22T08:00:00Z,TARGET,1.600000000000178,SAME,TARGET +1.600,
V2_STRICT,V1_TRADE,EUR/USD_2022-07-01,1h,supply,2022-06-23T06:00:00Z,2022-06-24T14:00:00Z,TARGET,1.8476190476190468,SAME,TARGET +1.848,
V2_STRICT,V1_TRADE,EUR/USD_2022-07-01,1h,supply,2022-06-23T06:00:00Z,2022-06-26T23:00:00Z,S2_CLOSE,-2.057142857142868,SAME,S2_CLOSE -2.057,
V2_STRICT,V1_TRADE,EUR/USD_2022-07-01,1h,demand,2022-06-27T11:00:00Z,2022-06-28T01:00:00Z,TARGET,1.8511627906976964,SAME,TARGET +1.851,
V2_STRICT,V1_TRADE,EUR/USD_2022-07-01,1h,demand,2022-06-28T05:00:00Z,2022-06-28T08:00:00Z,TARGET,1.5428571428572375,REMOVED,,LOOKAHEAD_DEPENDENCY: VALIDATED_BY_TOUCH_BAR_CLOSE
V2_STRICT,V1_TRADE,EUR/USD_2022-07-01,1h,demand,2022-06-24T11:00:00Z,2022-06-28T14:00:00Z,S2_CLOSE,-1.7999999999999128,SAME,S2_CLOSE -1.800,
V2_STRICT,V1_TRADE,EUR/USD_2022-07-01,1h,supply,2022-06-29T01:00:00Z,2022-06-29T09:00:00Z,TARGET,1.799999999999978,SAME,TARGET +1.800,
V2_STRICT,V1_TRADE,EUR/USD_2022-07-01,1h,supply,2022-06-29T01:00:00Z,2022-06-29T11:00:00Z,TARGET,1.799999999999978,SAME,TARGET +1.800,
V2_STRICT,V1_TRADE,EUR/USD_2022-07-01,1h,demand,2022-06-16T07:00:00Z,2022-06-30T12:00:00Z,TARGET,1.9111111111111123,REMOVED,,SLOT_OCCUPIED by 4h 2022-06-30T08:00:00Z
V2_STRICT,V1_TRADE,EUR/USD_2022-07-01,4h,supply,2022-03-11T11:00:00Z,2022-03-16T15:00:00Z,S2_CLOSE,-1.1623188405796891,REMOVED,,SLOT_OCCUPIED by 1h 2022-03-16T10:00:00Z
V2_STRICT,V1_TRADE,EUR/USD_2022-07-01,4h,supply,2022-03-01T23:00:00Z,2022-03-17T15:00:00Z,TARGET,1.866666666666652,REMOVED,,NO_ENTRY_AT_BAR (older zone touched first and never filled)
V2_STRICT,V1_TRADE,EUR/USD_2022-07-01,4h,supply,2022-03-22T11:00:00Z,2022-03-25T07:00:00Z,TARGET,1.9401869158878502,SHIFTED,2022-03-25T15:00:00Z TARGET +1.940,same zone entered on a different bar
V2_STRICT,V1_TRADE,EUR/USD_2022-07-01,4h,demand,2022-04-01T11:00:00Z,2022-04-04T00:00:00Z,S2_CLOSE,-2.745454545454634,REMOVED,,LOOKAHEAD_DEPENDENCY: FVG_ONLY_WITH_TOUCH_BAR
V2_STRICT,V1_TRADE,EUR/USD_2022-07-01,4h,demand,2022-03-27T23:00:00Z,2022-04-05T04:00:00Z,S2_CLOSE,-2.9176470588234196,SAME,S2_CLOSE -2.918,
V2_STRICT,V1_TRADE,EUR/USD_2022-07-01,4h,supply,2022-04-06T08:00:00Z,2022-04-07T04:00:00Z,TARGET,1.907246376811593,SAME,TARGET +1.907,
V2_STRICT,V1_TRADE,EUR/USD_2022-07-01,4h,supply,2022-04-06T08:00:00Z,2022-04-07T09:00:00Z,TARGET,1.907246376811593,SAME,TARGET +1.907,
V2_STRICT,V1_TRADE,EUR/USD_2022-07-01,4h,supply,2022-04-06T08:00:00Z,2022-04-07T13:00:00Z,TARGET,1.907246376811593,REMOVED,,SLOT_OCCUPIED by 4h 2022-04-07T09:00:00Z
V2_STRICT,V1_TRADE,EUR/USD_2022-07-01,4h,demand,2022-04-08T09:00:00Z,2022-04-12T05:00:00Z,S2_CLOSE,-1.3245283018868421,SHIFTED,2022-04-12T09:00:00Z S2_CLOSE -1.325,same zone entered on a different bar
V2_STRICT,V1_TRADE,EUR/USD_2022-07-01,4h,demand,2022-04-19T00:00:00Z,2022-04-22T12:00:00Z,TARGET,1.8769230769230634,REMOVED,,OTHER_ZONE_TAKEN_ON_BAR (2022-04-19T16:00:00Z)
V2_STRICT,V1_TRADE,EUR/USD_2022-07-01,4h,demand,2022-04-19T16:00:00Z,2022-04-22T20:00:00Z,TARGET,1.8511627906976658,SHIFTED,2022-04-22T12:00:00Z TARGET +1.851,same zone entered on a different bar
V2_STRICT,V1_TRADE,EUR/USD_2022-07-01,4h,supply,2022-04-25T08:00:00Z,2022-04-26T00:00:00Z,TARGET,1.907246376811593,SAME,TARGET +1.907,
V2_STRICT,V1_TRADE,EUR/USD_2022-07-01,4h,demand,2022-05-02T16:00:00Z,2022-05-05T12:00:00Z,TARGET,1.908571428571436,REMOVED,,SLOT_OCCUPIED by 1h 2022-05-05T13:00:00Z
V2_STRICT,V1_TRADE,EUR/USD_2022-07-01,4h,demand,2022-05-05T12:00:00Z,2022-05-06T16:00:00Z,S2_CLOSE,-2.297841726618702,SAME,S2_CLOSE -2.298,
V2_STRICT,V1_TRADE,EUR/USD_2022-07-01,4h,supply,2022-05-11T04:00:00Z,2022-05-17T08:00:00Z,TARGET,1.8814814814814977,REMOVED,,NO_ENTRY_AT_BAR (older zone touched first and never filled)
V2_STRICT,V1_TRADE,EUR/USD_2022-07-01,4h,demand,2022-05-26T16:00:00Z,2022-05-27T16:00:00Z,TARGET,1.8814814814814782,SAME,TARGET +1.881,
V2_STRICT,V1_TRADE,EUR/USD_2022-07-01,4h,demand,2022-05-27T12:00:00Z,2022-05-31T16:00:00Z,S2_CLOSE,-3.3714285714284826,SAME,S2_CLOSE -3.371,
V2_STRICT,V1_TRADE,EUR/USD_2022-07-01,4h,demand,2022-05-25T12:00:00Z,2022-06-02T04:00:00Z,TARGET,1.9272727272727266,SAME,TARGET +1.927,
V2_STRICT,V1_TRADE,EUR/USD_2022-07-01,4h,demand,2022-05-25T12:00:00Z,2022-06-07T12:00:00Z,TARGET,1.9272727272727266,SAME,TARGET +1.927,
V2_STRICT,V1_TRADE,EUR/USD_2022-07-01,4h,demand,2022-06-01T12:00:00Z,2022-06-08T04:00:00Z,S2_CLOSE,-1.293203883495139,SAME,S2_CLOSE -1.293,
V2_STRICT,V1_TRADE,EUR/USD_2022-07-01,4h,demand,2022-05-18T16:00:00Z,2022-06-13T04:00:00Z,S2_CLOSE,-2.2000000000000104,REMOVED,,SLOT_OCCUPIED by 1h 2022-06-13T01:00:00Z
V2_STRICT,V1_TRADE,EUR/USD_2022-07-01,4h,demand,2022-05-13T16:00:00Z,2022-06-13T16:00:00Z,TARGET,1.8545454545454678,SAME,TARGET +1.855,
V2_STRICT,V1_TRADE,EUR/USD_2022-07-01,4h,demand,2022-06-20T04:00:00Z,2022-06-21T16:00:00Z,S2_CLOSE,-1.4825396825396768,SAME,S2_CLOSE -1.483,
V2_STRICT,V1_TRADE,EUR/USD_2022-07-01,4h,demand,2022-06-17T12:00:00Z,2022-06-29T12:00:00Z,S2_CLOSE,-1.1777777777777647,SAME,S2_CLOSE -1.178,
V2_STRICT,V1_TRADE,EUR/USD_2025-04-01,1h,demand,2024-12-10T01:00:00Z,2024-12-10T07:00:00Z,S2_CLOSE,-2.7826086956522875,SAME,S2_CLOSE -2.783,
V2_STRICT,V1_TRADE,EUR/USD_2025-04-01,1h,supply,2024-12-10T11:00:00Z,2024-12-10T20:00:00Z,S2_CLOSE,-1.6250000000000135,SAME,S2_CLOSE -1.625,
V2_STRICT,V1_TRADE,EUR/USD_2025-04-01,1h,supply,2024-12-11T02:00:00Z,2024-12-11T13:00:00Z,TARGET,1.5362318840580245,OUTCOME_CHANGED,AMBIGUOUS ,V2 AMBIGUOUS (entry and target in the same minute)
V2_STRICT,V1_TRADE,EUR/USD_2025-04-01,1h,demand,2024-11-22T09:00:00Z,2024-12-19T02:00:00Z,S2_CLOSE,-1.225063938618934,SAME,S2_CLOSE -1.225,
V2_STRICT,V1_TRADE,EUR/USD_2025-04-01,1h,supply,2024-12-31T09:00:00Z,2025-01-06T11:00:00Z,TARGET,1.7629629629629564,REMOVED,,SLOT_OCCUPIED by 4h 2025-01-06T08:00:00Z (recovered suppressed trade)
V2_STRICT,V1_TRADE,EUR/USD_2025-04-01,1h,supply,2024-12-31T09:00:00Z,2025-01-06T13:00:00Z,TARGET,1.7629629629629564,SAME,TARGET +1.763,
V2_STRICT,V1_TRADE,EUR/USD_2025-04-01,1h,supply,2024-12-31T09:00:00Z,2025-01-07T07:00:00Z,TARGET,1.7629629629629564,SAME,TARGET +1.763,
V2_STRICT,V1_TRADE,EUR/USD_2025-04-01,1h,demand,2025-01-06T10:00:00Z,2025-01-07T22:00:00Z,S2_CLOSE,-1.336134453781521,SAME,S2_CLOSE -1.336,
V2_STRICT,V1_TRADE,EUR/USD_2025-04-01,1h,demand,2025-01-06T05:00:00Z,2025-01-08T10:00:00Z,S2_CLOSE,-3.4230769230763363,SAME,S2_CLOSE -3.423,
V2_STRICT,V1_TRADE,EUR/USD_2025-04-01,1h,supply,2025-01-08T09:00:00Z,2025-01-08T22:00:00Z,TARGET,1.7241379310344946,SAME,TARGET +1.724,
V2_STRICT,V1_TRADE,EUR/USD_2025-04-01,1h,supply,2025-01-09T08:00:00Z,2025-01-09T17:00:00Z,TARGET,1.8714859437750944,SAME,TARGET +1.871,
V2_STRICT,V1_TRADE,EUR/USD_2025-04-01,1h,demand,2025-01-02T19:00:00Z,2025-01-10T15:00:00Z,TARGET,1.748031496063057,SAME,TARGET +1.748,
V2_STRICT,V1_TRADE,EUR/USD_2025-04-01,1h,supply,2025-01-09T08:00:00Z,2025-01-14T15:00:00Z,S2_CLOSE,-1.25702811244994,SAME,S2_CLOSE -1.257,
V2_STRICT,V1_TRADE,EUR/USD_2025-04-01,1h,supply,2025-01-09T13:00:00Z,2025-01-14T22:00:00Z,TARGET,1.831578947368422,SHIFTED,2025-01-15T11:00:00Z S2_CLOSE -3.800,same zone entered on a different bar
V2_STRICT,V1_TRADE,EUR/USD_2025-04-01,1h,supply,2025-01-09T13:00:00Z,2025-01-15T09:00:00Z,S2_CLOSE,-3.7999999999999248,REMOVED,,SLOT_OCCUPIED by 1h 2025-01-14T15:00:00Z
V2_STRICT,V1_TRADE,EUR/USD_2025-04-01,1h,demand,2025-01-14T17:00:00Z,2025-01-15T16:00:00Z,TARGET,1.7575757575757145,SAME,TARGET +1.758,
V2_STRICT,V1_TRADE,EUR/USD_2025-04-01,1h,demand,2025-01-14T17:00:00Z,2025-01-15T18:00:00Z,TARGET,1.7575757575757145,REMOVED,,SLOT_OCCUPIED by 1h 2025-01-15T16:00:00Z
V2_STRICT,V1_TRADE,EUR/USD_2025-04-01,1h,demand,2025-01-14T17:00:00Z,2025-01-15T22:00:00Z,TARGET,1.7575757575757145,SAME,TARGET +1.758,
V2_STRICT,V1_TRADE,EUR/USD_2025-04-01,1h,demand,2025-01-14T17:00:00Z,2025-01-16T02:00:00Z,TARGET,1.7575757575757145,SAME,TARGET +1.758,
V2_STRICT,V1_TRADE,EUR/USD_2025-04-01,1h,demand,2025-01-16T12:00:00Z,2025-01-17T20:00:00Z,TARGET,1.88014981273409,SAME,TARGET +1.880,
V2_STRICT,V1_TRADE,EUR/USD_2025-04-01,1h,supply,2025-01-06T11:00:00Z,2025-01-20T13:00:00Z,S2_CLOSE,-1.2862595419847058,SHIFTED,2025-01-21T02:00:00Z S2_CLOSE -1.286,same zone entered on a different bar
V2_STRICT,V1_TRADE,EUR/USD_2025-04-01,1h,supply,2024-12-30T12:00:00Z,2025-01-22T11:00:00Z,TARGET,1.8423645320197026,SAME,TARGET +1.842,
V2_STRICT,V1_TRADE,EUR/USD_2025-04-01,1h,demand,2025-01-21T23:00:00Z,2025-01-23T16:00:00Z,TARGET,1.9139784946236547,SHIFTED,2025-01-22T21:00:00Z TARGET +1.914,same zone entered on a different bar
V2_STRICT,V1_TRADE,EUR/USD_2025-04-01,1h,supply,2024-12-30T12:00:00Z,2025-01-24T04:00:00Z,S2_CLOSE,-1.3546798029558662,SAME,S2_CLOSE -1.355,
V2_STRICT,V1_TRADE,EUR/USD_2025-04-01,1h,supply,2024-12-18T10:00:00Z,2025-01-24T08:00:00Z,TARGET,1.73553719008263,REMOVED,,OTHER_ZONE_TAKEN_ON_BAR (2024-12-18T18:00:00Z)
V2_STRICT,V1_TRADE,EUR/USD_2025-04-01,1h,supply,2024-12-18T10:00:00Z,2025-01-24T10:00:00Z,TARGET,1.73553719008263,REMOVED,,SLOT_OCCUPIED by 4h 2025-01-24T08:00:00Z
V2_STRICT,V1_TRADE,EUR/USD_2025-04-01,1h,demand,2025-01-24T13:00:00Z,2025-01-26T23:00:00Z,S2_CLOSE,-1.27380952380922,SAME,S2_CLOSE -1.274,
V2_STRICT,V1_TRADE,EUR/USD_2025-04-01,1h,demand,2025-01-23T23:00:00Z,2025-01-28T12:00:00Z,TARGET,1.529411764705892,REMOVED,,SLOT_OCCUPIED by 4h 2025-01-28T12:00:00Z
V2_STRICT,V1_TRADE,EUR/USD_2025-04-01,1h,demand,2025-01-21T23:00:00Z,2025-01-29T09:00:00Z,S2_CLOSE,-1.3333333333334065,SAME,S2_CLOSE -1.333,
V2_STRICT,V1_TRADE,EUR/USD_2025-04-01,1h,supply,2025-01-29T08:00:00Z,2025-01-29T15:00:00Z,TARGET,1.7894736842105523,SAME,TARGET +1.789,
V2_STRICT,V1_TRADE,EUR/USD_2025-04-01,1h,supply,2025-01-29T08:00:00Z,2025-01-29T17:00:00Z,TARGET,1.7894736842105523,REMOVED,,SLOT_OCCUPIED by 1h 2025-01-29T15:00:00Z
V2_STRICT,V1_TRADE,EUR/USD_2025-04-01,1h,supply,2025-01-29T08:00:00Z,2025-01-29T23:00:00Z,TARGET,1.7894736842105523,SAME,TARGET +1.789,
V2_STRICT,V1_TRADE,EUR/USD_2025-04-01,1h,supply,2025-01-30T13:00:00Z,2025-01-30T20:00:00Z,TARGET,1.9463087248322144,SAME,TARGET +1.946,
V2_STRICT,V1_TRADE,EUR/USD_2025-04-01,1h,supply,2025-01-30T13:00:00Z,2025-01-31T17:00:00Z,TARGET,1.9463087248322144,SAME,TARGET +1.946,
V2_STRICT,V1_TRADE,EUR/USD_2025-04-01,1h,demand,2025-01-31T14:00:00Z,2025-01-31T20:00:00Z,S2_CLOSE,-1.752941176470615,SAME,S2_CLOSE -1.753,
V2_STRICT,V1_TRADE,EUR/USD_2025-04-01,1h,demand,2025-01-14T05:00:00Z,2025-02-02T22:00:00Z,TARGET,1.686274509803928,SAME,TARGET +1.686,
V2_STRICT,V1_TRADE,EUR/USD_2025-04-01,1h,supply,2025-02-03T21:00:00Z,2025-02-04T02:00:00Z,S2_CLOSE,-1.371183533447715,SAME,S2_CLOSE -1.371,
V2_STRICT,V1_TRADE,EUR/USD_2025-04-01,1h,supply,2025-01-31T17:00:00Z,2025-02-05T12:00:00Z,TARGET,1.9288888888888847,SHIFTED,2025-02-05T10:00:00Z TARGET +1.929,same zone entered on a different bar
V2_STRICT,V1_TRADE,EUR/USD_2025-04-01,1h,demand,2025-02-07T05:00:00Z,2025-02-07T12:00:00Z,TARGET,1.6144578313253515,SAME,TARGET +1.614,
V2_STRICT,V1_TRADE,EUR/USD_2025-04-01,1h,demand,2025-02-03T16:00:00Z,2025-02-09T22:00:00Z,TARGET,1.9360000000000044,SAME,TARGET +1.936,
V2_STRICT,V1_TRADE,EUR/USD_2025-04-01,1h,supply,2025-02-07T14:00:00Z,2025-02-11T19:00:00Z,TARGET,1.8877192982456148,SAME,TARGET +1.888,
V2_STRICT,V1_TRADE,EUR/USD_2025-04-01,1h,supply,2025-02-07T14:00:00Z,2025-02-12T07:00:00Z,TARGET,1.8877192982456148,REMOVED,,SLOT_OCCUPIED by 1h 2025-02-11T19:00:00Z
V2_STRICT,V1_TRADE,EUR/USD_2025-04-01,1h,supply,2025-02-07T14:00:00Z,2025-02-12T15:00:00Z,S2_CLOSE,-1.275789473684158,SAME,S2_CLOSE -1.276,
V2_STRICT,V1_TRADE,EUR/USD_2025-04-01,1h,supply,2025-01-31T17:00:00Z,2025-02-12T18:00:00Z,S2_CLOSE,-1.0835555555555236,REMOVED,,SLOT_OCCUPIED by 4h 2025-02-12T16:00:00Z
V2_STRICT,V1_TRADE,EUR/USD_2025-04-01,1h,supply,2025-01-30T15:00:00Z,2025-02-13T06:00:00Z,TARGET,1.8024691358024636,REMOVED,,SLOT_OCCUPIED by 4h 2025-02-12T16:00:00Z
V2_STRICT,V1_TRADE,EUR/USD_2025-04-01,1h,demand,2025-02-13T18:00:00Z,2025-02-19T17:00:00Z,TARGET,1.9463986599664995,REMOVED,,SLOT_OCCUPIED by 4h 2025-02-19T16:00:00Z
V2_STRICT,V1_TRADE,EUR/USD_2025-04-01,1h,supply,2025-02-17T10:00:00Z,2025-02-20T17:00:00Z,S2_CLOSE,-2.1856287425146337,SAME,S2_CLOSE -2.186,
V2_STRICT,V1_TRADE,EUR/USD_2025-04-01,1h,demand,2025-02-13T18:00:00Z,2025-02-27T17:00:00Z,S2_CLOSE,-1.3591289782244618,SAME,S2_CLOSE -1.359,
V2_STRICT,V1_TRADE,EUR/USD_2025-04-01,1h,supply,2025-02-26T19:00:00Z,2025-03-03T14:00:00Z,TARGET,1.7398373983739974,SAME,TARGET +1.740,
V2_STRICT,V1_TRADE,EUR/USD_2025-04-01,1h,demand,2025-03-04T10:00:00Z,2025-03-04T15:00:00Z,TARGET,1.8181818181818166,SAME,TARGET +1.818,
V2_STRICT,V1_TRADE,EUR/USD_2025-04-01,1h,supply,2024-12-09T15:00:00Z,2025-03-04T18:00:00Z,S2_CLOSE,-1.8577981651375595,REMOVED,,OTHER_ZONE_TAKEN_ON_BAR (2024-12-10T06:00:00Z)
V2_STRICT,V1_TRADE,EUR/USD_2025-04-01,1h,supply,2024-11-20T01:00:00Z,2025-03-04T19:00:00Z,TARGET,1.6404494382022703,SAME,TARGET +1.640,
V2_STRICT,V1_TRADE,EUR/USD_2025-04-01,1h,demand,2025-03-10T08:00:00Z,2025-03-10T11:00:00Z,TARGET,1.838383838383846,SAME,TARGET +1.838,
V2_STRICT,V1_TRADE,EUR/USD_2025-04-01,1h,demand,2025-03-11T10:00:00Z,2025-03-11T14:00:00Z,TARGET,1.882352941176473,SAME,TARGET +1.882,
V2_STRICT,V1_TRADE,EUR/USD_2025-04-01,1h,demand,2025-03-11T10:00:00Z,2025-03-12T06:00:00Z,TARGET,1.882352941176473,SAME,TARGET +1.882,
V2_STRICT,V1_TRADE,EUR/USD_2025-04-01,1h,demand,2025-03-12T12:00:00Z,2025-03-12T16:00:00Z,S2_CLOSE,-1.105033557047004,REMOVED,,SLOT_OCCUPIED by 4h 2025-03-12T16:00:00Z
V2_STRICT,V1_TRADE,EUR/USD_2025-04-01,1h,demand,2025-03-11T05:00:00Z,2025-03-13T11:00:00Z,TARGET,1.8454106280193414,SAME,TARGET +1.845,
V2_STRICT,V1_TRADE,EUR/USD_2025-04-01,1h,supply,2025-03-13T21:00:00Z,2025-03-14T05:00:00Z,TARGET,1.7866666666666116,SAME,TARGET +1.787,
V2_STRICT,V1_TRADE,EUR/USD_2025-04-01,1h,supply,2025-03-13T21:00:00Z,2025-03-14T09:00:00Z,S2_CLOSE,-6.097333333334611,SAME,S2_CLOSE -6.097,
V2_STRICT,V1_TRADE,EUR/USD_2025-04-01,1h,demand,2025-03-18T12:00:00Z,2025-03-19T08:00:00Z,S2_CLOSE,-1.6093750000000735,REMOVED,,SLOT_OCCUPIED by 1h 2025-03-19T07:00:00Z
V2_STRICT,V1_TRADE,EUR/USD_2025-04-01,1h,demand,2025-03-17T07:00:00Z,2025-03-19T18:00:00Z,TARGET,1.804878048780498,REMOVED,,SLOT_OCCUPIED by 4h 2025-03-19T12:00:00Z
V2_STRICT,V1_TRADE,EUR/USD_2025-04-01,1h,supply,2025-03-19T08:00:00Z,2025-03-19T20:00:00Z,S2_CLOSE,-1.238341968911961,SAME,S2_CLOSE -1.238,
V2_STRICT,V1_TRADE,EUR/USD_2025-04-01,1h,supply,2025-03-19T11:00:00Z,2025-03-20T00:00:00Z,TARGET,1.8407960199004854,SAME,TARGET +1.841,
V2_STRICT,V1_TRADE,EUR/USD_2025-04-01,1h,demand,2025-03-14T02:00:00Z,2025-03-20T09:00:00Z,TARGET,1.6666666666666916,REMOVED,,SLOT_OCCUPIED by 4h 2025-03-20T04:00:00Z
V2_STRICT,V1_TRADE,EUR/USD_2025-04-01,1h,demand,2025-03-10T08:00:00Z,2025-03-20T13:00:00Z,TARGET,1.838383838383846,SAME,TARGET +1.838,
V2_STRICT,V1_TRADE,EUR/USD_2025-04-01,1h,demand,2025-03-10T08:00:00Z,2025-03-21T16:00:00Z,TARGET,1.838383838383846,SAME,TARGET +1.838,
V2_STRICT,V1_TRADE,EUR/USD_2025-04-01,1h,supply,2025-03-20T22:00:00Z,2025-03-24T08:00:00Z,TARGET,1.6235294117646153,SAME,TARGET +1.624,
V2_STRICT,V1_TRADE,EUR/USD_2025-04-01,1h,supply,2025-03-20T22:00:00Z,2025-03-24T10:00:00Z,TARGET,1.6235294117646153,SAME,TARGET +1.624,
V2_STRICT,V1_TRADE,EUR/USD_2025-04-01,1h,demand,2025-03-06T23:00:00Z,2025-03-24T15:00:00Z,TARGET,1.7419354838709946,REMOVED,,SLOT_OCCUPIED by 4h 2025-03-24T12:00:00Z
V2_STRICT,V1_TRADE,EUR/USD_2025-04-01,1h,demand,2025-03-06T21:00:00Z,2025-03-26T05:00:00Z,TARGET,1.8012422360248859,SAME,TARGET +1.801,
V2_STRICT,V1_TRADE,EUR/USD_2025-04-01,1h,demand,2025-03-06T21:00:00Z,2025-03-26T12:00:00Z,S2_CLOSE,-3.434782608695177,SHIFTED,2025-03-26T14:00:00Z S2_CLOSE -3.435,same zone entered on a different bar
V2_STRICT,V1_TRADE,EUR/USD_2025-04-01,1h,supply,2025-03-26T20:00:00Z,2025-03-27T00:00:00Z,S2_CLOSE,-3.754929577465654,SAME,S2_CLOSE -3.755,
V2_STRICT,V1_TRADE,EUR/USD_2025-04-01,1h,supply,2025-03-25T21:00:00Z,2025-03-27T11:00:00Z,TARGET,1.7697841726618342,SAME,TARGET +1.770,
V2_STRICT,V1_TRADE,EUR/USD_2025-04-01,1h,supply,2025-03-26T14:00:00Z,2025-03-27T12:00:00Z,S2_CLOSE,-1.4366812227074481,SAME,S2_CLOSE -1.437,
V2_STRICT,V1_TRADE,EUR/USD_2025-04-01,1h,supply,2025-03-25T21:00:00Z,2025-03-27T19:00:00Z,TARGET,1.7697841726618342,SHIFTED,2025-03-26T10:00:00Z TARGET +1.770,same zone entered on a different bar
V2_STRICT,V1_TRADE,EUR/USD_2025-04-01,1h,supply,2025-03-25T12:00:00Z,2025-03-28T15:00:00Z,TARGET,1.7894736842104908,REMOVED,,SLOT_OCCUPIED by 4h 2025-03-27T16:00:00Z
V2_STRICT,V1_TRADE,EUR/USD_2025-04-01,1h,demand,2025-03-28T17:00:00Z,2025-03-31T08:00:00Z,S2_CLOSE,-2.1445086705204974,SAME,S2_CLOSE -2.145,
V2_STRICT,V1_TRADE,EUR/USD_2025-04-01,4h,demand,2024-11-25T20:00:00Z,2024-12-12T12:00:00Z,S2_CLOSE,-2.973333333333374,SAME,S2_CLOSE -2.973,
V2_STRICT,V1_TRADE,EUR/USD_2025-04-01,4h,supply,2024-12-30T08:00:00Z,2025-01-06T08:00:00Z,TARGET,1.9266055045871584,REMOVED,,OTHER_ZONE_TAKEN_ON_BAR (2025-01-02T00:00:00Z)
V2_STRICT,V1_TRADE,EUR/USD_2025-04-01,4h,supply,2025-01-09T08:00:00Z,2025-01-16T04:00:00Z,TARGET,1.9077809798270797,SAME,TARGET +1.908,
V2_STRICT,V1_TRADE,EUR/USD_2025-04-01,4h,supply,2025-01-09T08:00:00Z,2025-01-16T20:00:00Z,TARGET,1.9077809798270797,SAME,TARGET +1.908,
V2_STRICT,V1_TRADE,EUR/USD_2025-04-01,4h,supply,2025-01-09T08:00:00Z,2025-01-20T00:00:00Z,S2_CLOSE,-1.5475504322767533,REMOVED,,SLOT_OCCUPIED by 1h 2025-01-17T20:00:00Z
V2_STRICT,V1_TRADE,EUR/USD_2025-04-01,4h,supply,2024-12-30T08:00:00Z,2025-01-22T12:00:00Z,TARGET,1.9266055045871584,REMOVED,,SLOT_OCCUPIED by 1h 2025-01-22T11:00:00Z
V2_STRICT,V1_TRADE,EUR/USD_2025-04-01,4h,supply,2024-12-16T00:00:00Z,2025-01-24T16:00:00Z,TARGET,1.7793103448276126,SAME,TARGET +1.779,
V2_STRICT,V1_TRADE,EUR/USD_2025-04-01,4h,supply,2024-12-16T00:00:00Z,2025-01-27T08:00:00Z,TARGET,1.7793103448276126,SAME,TARGET +1.779,
V2_STRICT,V1_TRADE,EUR/USD_2025-04-01,4h,supply,2024-12-10T20:00:00Z,2025-01-27T12:00:00Z,TARGET,1.6404494382022703,REMOVED,,SLOT_OCCUPIED by 4h 2025-01-27T08:00:00Z
V2_STRICT,V1_TRADE,EUR/USD_2025-04-01,4h,demand,2025-01-23T04:00:00Z,2025-01-29T12:00:00Z,TARGET,1.8620689655172473,REMOVED,,SLOT_OCCUPIED by 1h 2025-01-29T09:00:00Z
V2_STRICT,V1_TRADE,EUR/USD_2025-04-01,4h,demand,2025-01-23T04:00:00Z,2025-01-30T12:00:00Z,TARGET,1.8620689655172473,SAME,TARGET +1.862,
V2_STRICT,V1_TRADE,EUR/USD_2025-04-01,4h,demand,2025-01-14T00:00:00Z,2025-02-02T20:00:00Z,S2_CLOSE,-2.3779467680610424,REMOVED,,SLOT_OCCUPIED by 1h 2025-02-02T22:00:00Z
V2_STRICT,V1_TRADE,EUR/USD_2025-04-01,4h,supply,2025-01-30T12:00:00Z,2025-02-13T08:00:00Z,S2_CLOSE,-2.065134099616845,SHIFTED,2025-02-12T16:00:00Z S2_CLOSE -2.065,same zone entered on a different bar
V2_STRICT,V1_TRADE,EUR/USD_2025-04-01,4h,supply,2025-01-24T12:00:00Z,2025-02-14T20:00:00Z,TARGET,1.94434782608696,SAME,TARGET +1.944,
V2_STRICT,V1_TRADE,EUR/USD_2025-04-01,4h,supply,2025-02-17T00:00:00Z,2025-02-20T16:00:00Z,TARGET,1.852534562211982,SHIFTED,2025-02-21T00:00:00Z TARGET +1.853,same zone entered on a different bar
V2_STRICT,V1_TRADE,EUR/USD_2025-04-01,4h,supply,2025-01-24T12:00:00Z,2025-02-21T00:00:00Z,TARGET,1.94434782608696,SHIFTED,2025-02-26T12:00:00Z TARGET +1.944,same zone entered on a different bar
V2_STRICT,V1_TRADE,EUR/USD_2025-04-01,4h,demand,2025-02-12T00:00:00Z,2025-02-28T16:00:00Z,TARGET,1.7793103448276126,SAME,TARGET +1.779,
V2_STRICT,V1_TRADE,EUR/USD_2025-04-01,4h,supply,2025-02-28T12:00:00Z,2025-03-02T20:00:00Z,S2_CLOSE,-3.458181818181593,SAME,S2_CLOSE -3.458,
V2_STRICT,V1_TRADE,EUR/USD_2025-04-01,4h,supply,2025-01-24T12:00:00Z,2025-03-03T12:00:00Z,S2_CLOSE,-1.8653913043477313,SHIFTED,2025-03-03T20:00:00Z S2_CLOSE -1.865,same zone entered on a different bar
V2_STRICT,V1_TRADE,EUR/USD_2025-04-01,4h,supply,2024-11-13T08:00:00Z,2025-03-05T00:00:00Z,S2_CLOSE,-2.6455142231947026,SAME,S2_CLOSE -2.646,
V2_STRICT,V1_TRADE,EUR/USD_2025-04-01,4h,supply,2024-11-11T00:00:00Z,2025-03-05T08:00:00Z,TARGET,1.8407960199004854,SAME,TARGET +1.841,
V2_STRICT,V1_TRADE,EUR/USD_2025-04-01,4h,supply,2024-11-07T12:00:00Z,2025-03-05T20:00:00Z,S2_CLOSE,-1.1711399711400166,SAME,S2_CLOSE -1.171,
V2_STRICT,V1_TRADE,EUR/USD_2025-04-01,4h,supply,2024-10-11T04:00:00Z,2025-03-11T16:00:00Z,TARGET,1.7697841726618342,REMOVED,,OTHER_ZONE_TAKEN_ON_BAR (2024-11-05T20:00:00Z)
V2_STRICT,V1_TRADE,EUR/USD_2025-04-01,4h,supply,2024-11-05T20:00:00Z,2025-03-17T16:00:00Z,TARGET,1.8769230769230634,SAME,TARGET +1.877,
V2_STRICT,V1_TRADE,EUR/USD_2025-04-01,4h,supply,2024-10-11T12:00:00Z,2025-03-18T20:00:00Z,TARGET,1.8814814814814782,SAME,TARGET +1.881,
V2_STRICT,V1_TRADE,EUR/USD_2025-04-01,4h,demand,2025-03-17T04:00:00Z,2025-03-19T12:00:00Z,TARGET,1.8769230769230845,SAME,TARGET +1.877,
V2_STRICT,V1_TRADE,EUR/USD_2025-04-01,4h,demand,2025-03-17T04:00:00Z,2025-03-20T04:00:00Z,S2_CLOSE,-2.5461538461538518,SAME,S2_CLOSE -2.546,
V2_STRICT,V1_TRADE,EUR/USD_2025-04-01,4h,demand,2025-03-10T04:00:00Z,2025-03-21T08:00:00Z,S2_CLOSE,-1.3054755043227877,SAME,S2_CLOSE -1.305,
V2_STRICT,V1_TRADE,EUR/USD_2025-04-01,4h,demand,2025-03-06T00:00:00Z,2025-03-24T12:00:00Z,S2_CLOSE,-1.1424332344212673,SAME,S2_CLOSE -1.142,
V2_STRICT,V1_TRADE,EUR/USD_2025-04-01,4h,supply,2025-03-26T08:00:00Z,2025-03-27T12:00:00Z,TARGET,1.8222222222222026,REMOVED,,SLOT_OCCUPIED by 1h 2025-03-27T12:00:00Z
V2_STRICT,V1_TRADE,EUR/USD_2025-04-01,4h,supply,2025-03-26T08:00:00Z,2025-03-28T04:00:00Z,TARGET,1.8222222222222026,REMOVED,,SLOT_OCCUPIED by 4h 2025-03-27T16:00:00Z
V2_STRICT,V1_TRADE,EUR/USD_2025-07-01,1h,demand,2025-03-11T10:00:00Z,2025-03-12T06:00:00Z,TARGET,1.882352941176473,SAME,TARGET +1.882,
V2_STRICT,V1_TRADE,EUR/USD_2025-07-01,1h,demand,2025-03-12T12:00:00Z,2025-03-12T16:00:00Z,S2_CLOSE,-1.105033557047004,SAME,S2_CLOSE -1.105,
V2_STRICT,V1_TRADE,EUR/USD_2025-07-01,1h,demand,2025-03-11T05:00:00Z,2025-03-13T11:00:00Z,TARGET,1.8454106280193414,SAME,TARGET +1.845,
V2_STRICT,V1_TRADE,EUR/USD_2025-07-01,1h,supply,2025-03-13T21:00:00Z,2025-03-14T05:00:00Z,TARGET,1.7866666666666116,SAME,TARGET +1.787,
V2_STRICT,V1_TRADE,EUR/USD_2025-07-01,1h,supply,2025-03-13T21:00:00Z,2025-03-14T09:00:00Z,S2_CLOSE,-6.097333333334611,SAME,S2_CLOSE -6.097,
V2_STRICT,V1_TRADE,EUR/USD_2025-07-01,1h,demand,2025-03-17T12:00:00Z,2025-03-18T12:00:00Z,TARGET,1.8714859437750944,SAME,TARGET +1.871,
V2_STRICT,V1_TRADE,EUR/USD_2025-07-01,1h,demand,2025-03-18T02:00:00Z,2025-03-18T13:00:00Z,TARGET,1.6404494382022703,REMOVED,,SLOT_OCCUPIED by 1h 2025-03-18T12:00:00Z
V2_STRICT,V1_TRADE,EUR/USD_2025-07-01,1h,demand,2025-03-18T02:00:00Z,2025-03-18T15:00:00Z,TARGET,1.6404494382022703,REMOVED,,SLOT_OCCUPIED by 1h 2025-03-18T12:00:00Z
V2_STRICT,V1_TRADE,EUR/USD_2025-07-01,1h,demand,2025-03-18T12:00:00Z,2025-03-19T08:00:00Z,S2_CLOSE,-1.6093750000000735,SAME,S2_CLOSE -1.609,
V2_STRICT,V1_TRADE,EUR/USD_2025-07-01,1h,demand,2025-03-17T07:00:00Z,2025-03-19T18:00:00Z,TARGET,1.804878048780498,REMOVED,,SLOT_OCCUPIED by 4h 2025-03-19T12:00:00Z
V2_STRICT,V1_TRADE,EUR/USD_2025-07-01,1h,supply,2025-03-19T08:00:00Z,2025-03-19T20:00:00Z,S2_CLOSE,-1.238341968911961,SAME,S2_CLOSE -1.238,
V2_STRICT,V1_TRADE,EUR/USD_2025-07-01,1h,supply,2025-03-19T11:00:00Z,2025-03-20T00:00:00Z,TARGET,1.8407960199004854,SAME,TARGET +1.841,
V2_STRICT,V1_TRADE,EUR/USD_2025-07-01,1h,demand,2025-03-14T02:00:00Z,2025-03-20T09:00:00Z,TARGET,1.6666666666666916,REMOVED,,SLOT_OCCUPIED by 4h 2025-03-20T04:00:00Z
V2_STRICT,V1_TRADE,EUR/USD_2025-07-01,1h,demand,2025-03-10T08:00:00Z,2025-03-20T13:00:00Z,TARGET,1.838383838383846,SAME,TARGET +1.838,
V2_STRICT,V1_TRADE,EUR/USD_2025-07-01,1h,demand,2025-03-10T08:00:00Z,2025-03-21T16:00:00Z,TARGET,1.838383838383846,SAME,TARGET +1.838,
V2_STRICT,V1_TRADE,EUR/USD_2025-07-01,1h,supply,2025-03-20T22:00:00Z,2025-03-24T08:00:00Z,TARGET,1.6235294117646153,SAME,TARGET +1.624,
V2_STRICT,V1_TRADE,EUR/USD_2025-07-01,1h,supply,2025-03-20T22:00:00Z,2025-03-24T10:00:00Z,TARGET,1.6235294117646153,SAME,TARGET +1.624,
V2_STRICT,V1_TRADE,EUR/USD_2025-07-01,1h,demand,2025-03-06T23:00:00Z,2025-03-24T15:00:00Z,TARGET,1.7419354838709946,REMOVED,,SLOT_OCCUPIED by 4h 2025-03-24T12:00:00Z
V2_STRICT,V1_TRADE,EUR/USD_2025-07-01,1h,demand,2025-03-06T21:00:00Z,2025-03-26T05:00:00Z,TARGET,1.8012422360248859,SAME,TARGET +1.801,
V2_STRICT,V1_TRADE,EUR/USD_2025-07-01,1h,demand,2025-03-06T21:00:00Z,2025-03-26T12:00:00Z,S2_CLOSE,-3.434782608695177,SHIFTED,2025-03-26T14:00:00Z S2_CLOSE -3.435,same zone entered on a different bar
V2_STRICT,V1_TRADE,EUR/USD_2025-07-01,1h,supply,2025-03-26T20:00:00Z,2025-03-27T00:00:00Z,S2_CLOSE,-3.754929577465654,SAME,S2_CLOSE -3.755,
V2_STRICT,V1_TRADE,EUR/USD_2025-07-01,1h,supply,2025-03-25T21:00:00Z,2025-03-27T11:00:00Z,TARGET,1.7697841726618342,SAME,TARGET +1.770,
V2_STRICT,V1_TRADE,EUR/USD_2025-07-01,1h,supply,2025-03-26T14:00:00Z,2025-03-27T12:00:00Z,S2_CLOSE,-1.4366812227074481,SAME,S2_CLOSE -1.437,
V2_STRICT,V1_TRADE,EUR/USD_2025-07-01,1h,supply,2025-03-25T21:00:00Z,2025-03-27T19:00:00Z,TARGET,1.7697841726618342,SHIFTED,2025-03-26T10:00:00Z TARGET +1.770,same zone entered on a different bar
V2_STRICT,V1_TRADE,EUR/USD_2025-07-01,1h,supply,2025-03-25T12:00:00Z,2025-03-28T15:00:00Z,TARGET,1.7894736842104908,REMOVED,,SLOT_OCCUPIED by 4h 2025-03-27T16:00:00Z
V2_STRICT,V1_TRADE,EUR/USD_2025-07-01,1h,demand,2025-03-28T17:00:00Z,2025-03-31T08:00:00Z,S2_CLOSE,-2.1445086705204974,SAME,S2_CLOSE -2.145,
V2_STRICT,V1_TRADE,EUR/USD_2025-07-01,1h,supply,2025-04-01T03:00:00Z,2025-04-01T09:00:00Z,TARGET,1.5675675675678054,SAME,TARGET +1.568,
V2_STRICT,V1_TRADE,EUR/USD_2025-07-01,1h,supply,2025-04-01T22:00:00Z,2025-04-02T09:00:00Z,S2_CLOSE,-2.5204301075269417,REMOVED,,SLOT_OCCUPIED by 4h 2025-04-01T08:00:00Z
V2_STRICT,V1_TRADE,EUR/USD_2025-07-01,1h,supply,2025-03-19T11:00:00Z,2025-04-02T20:00:00Z,TARGET,1.8407960199004854,SAME,TARGET +1.841,
V2_STRICT,V1_TRADE,EUR/USD_2025-07-01,1h,supply,2025-03-19T11:00:00Z,2025-04-02T23:00:00Z,S2_CLOSE,-1.6189054726368264,REMOVED,,OTHER_ZONE_TAKEN_ON_BAR (2025-03-19T18:00:00Z)
V2_STRICT,V1_TRADE,EUR/USD_2025-07-01,1h,supply,2025-03-18T08:00:00Z,2025-04-03T05:00:00Z,S2_CLOSE,-4.472566371681955,SAME,S2_CLOSE -4.473,
V2_STRICT,V1_TRADE,EUR/USD_2025-07-01,1h,demand,2025-04-03T23:00:00Z,2025-04-04T06:00:00Z,S2_CLOSE,-5.386473429952176,SAME,S2_CLOSE -5.386,
V2_STRICT,V1_TRADE,EUR/USD_2025-07-01,1h,demand,2025-04-03T07:00:00Z,2025-04-04T14:00:00Z,TARGET,1.9261652053530236,SAME,TARGET +1.926,
V2_STRICT,V1_TRADE,EUR/USD_2025-07-01,1h,demand,2025-04-03T07:00:00Z,2025-04-04T16:00:00Z,S2_CLOSE,-1.3502538071066017,SAME,S2_CLOSE -1.350,
V2_STRICT,V1_TRADE,EUR/USD_2025-07-01,1h,demand,2025-04-07T02:00:00Z,2025-04-07T11:00:00Z,TARGET,1.9214338325558555,SAME,TARGET +1.921,
V2_STRICT,V1_TRADE,EUR/USD_2025-07-01,1h,demand,2025-04-07T02:00:00Z,2025-04-07T13:00:00Z,S2_CLOSE,-1.4885833537932338,SAME,S2_CLOSE -1.489,
V2_STRICT,V1_TRADE,EUR/USD_2025-07-01,1h,demand,2025-04-07T15:00:00Z,2025-04-08T09:00:00Z,TARGET,1.9006828057107406,SAME,TARGET +1.901,
V2_STRICT,V1_TRADE,EUR/USD_2025-07-01,1h,demand,2025-04-03T00:00:00Z,2025-04-08T14:00:00Z,TARGET,1.8774885145482416,REMOVED,,OTHER_ZONE_TAKEN_ON_BAR (2025-04-07T20:00:00Z)
V2_STRICT,V1_TRADE,EUR/USD_2025-07-01,1h,supply,2025-04-08T12:00:00Z,2025-04-08T19:00:00Z,S2_CLOSE,-1.668443852049212,SAME,S2_CLOSE -1.668,
V2_STRICT,V1_TRADE,EUR/USD_2025-07-01,1h,supply,2025-04-09T06:00:00Z,2025-04-10T10:00:00Z,S2_CLOSE,-1.5759637188208333,SAME,S2_CLOSE -1.576,
V2_STRICT,V1_TRADE,EUR/USD_2025-07-01,1h,demand,2025-04-11T05:00:00Z,2025-04-11T17:00:00Z,TARGET,1.932346723044396,SAME,TARGET +1.932,
V2_STRICT,V1_TRADE,EUR/USD_2025-07-01,1h,demand,2025-04-14T13:00:00Z,2025-04-15T01:00:00Z,TARGET,1.9219512195121993,SAME,TARGET +1.922,
V2_STRICT,V1_TRADE,EUR/USD_2025-07-01,1h,demand,2025-04-11T05:00:00Z,2025-04-15T15:00:00Z,TARGET,1.932346723044396,SAME,TARGET +1.932,
V2_STRICT,V1_TRADE,EUR/USD_2025-07-01,1h,demand,2025-04-22T00:00:00Z,2025-04-22T06:00:00Z,S2_CLOSE,-1.7963525835866667,SAME,S2_CLOSE -1.796,
V2_STRICT,V1_TRADE,EUR/USD_2025-07-01,1h,demand,2025-04-22T00:00:00Z,2025-04-22T08:00:00Z,S2_CLOSE,-1.7963525835866667,REMOVED,,SLOT_OCCUPIED by 1h 2025-04-22T06:00:00Z
V2_STRICT,V1_TRADE,EUR/USD_2025-07-01,1h,demand,2025-04-18T06:00:00Z,2025-04-22T21:00:00Z,S2_CLOSE,-4.542857142857676,REMOVED,,OTHER_ZONE_TAKEN_ON_BAR (2025-04-18T15:00:00Z)
V2_STRICT,V1_TRADE,EUR/USD_2025-07-01,1h,supply,2025-04-23T14:00:00Z,2025-04-24T02:00:00Z,S2_CLOSE,-1.1065719360567694,SAME,S2_CLOSE -1.107,
V2_STRICT,V1_TRADE,EUR/USD_2025-07-01,1h,supply,2025-04-23T11:00:00Z,2025-04-29T08:00:00Z,TARGET,1.8947368421052762,SAME,TARGET +1.895,
V2_STRICT,V1_TRADE,EUR/USD_2025-07-01,1h,supply,2025-04-23T11:00:00Z,2025-04-29T15:00:00Z,TARGET,1.8947368421052762,SHIFTED,2025-04-29T13:00:00Z TARGET +1.895,same zone entered on a different bar
V2_STRICT,V1_TRADE,EUR/USD_2025-07-01,1h,demand,2025-04-15T21:00:00Z,2025-05-01T05:00:00Z,TARGET,1.686274509803928,REMOVED,,SLOT_OCCUPIED by 4h 2025-05-01T05:00:00Z
V2_STRICT,V1_TRADE,EUR/USD_2025-07-01,1h,demand,2025-04-11T05:00:00Z,2025-05-01T06:00:00Z,TARGET,1.932346723044396,REMOVED,,SLOT_OCCUPIED by 4h 2025-05-01T05:00:00Z
V2_STRICT,V1_TRADE,EUR/USD_2025-07-01,1h,demand,2025-04-11T05:00:00Z,2025-05-02T17:00:00Z,TARGET,1.932346723044396,SAME,TARGET +1.932,
V2_STRICT,V1_TRADE,EUR/USD_2025-07-01,1h,demand,2025-04-11T05:00:00Z,2025-05-05T17:00:00Z,TARGET,1.932346723044396,REMOVED,,SLOT_OCCUPIED by 4h 2025-05-05T13:00:00Z
V2_STRICT,V1_TRADE,EUR/USD_2025-07-01,1h,supply,2025-04-30T11:00:00Z,2025-05-06T18:00:00Z,TARGET,1.8740157480315065,SAME,TARGET +1.874,
V2_STRICT,V1_TRADE,EUR/USD_2025-07-01,1h,supply,2025-04-30T11:00:00Z,2025-05-07T07:00:00Z,TARGET,1.8740157480315065,SHIFTED,2025-05-02T13:00:00Z TARGET +1.874,same zone entered on a different bar
V2_STRICT,V1_TRADE,EUR/USD_2025-07-01,1h,demand,2025-05-06T23:00:00Z,2025-05-07T17:00:00Z,TARGET,1.7538461538461687,SAME,TARGET +1.754,
V2_STRICT,V1_TRADE,EUR/USD_2025-07-01,1h,demand,2025-04-11T05:00:00Z,2025-05-07T20:00:00Z,S2_CLOSE,-2.188160676532812,REMOVED,,SLOT_OCCUPIED by 4h 2025-05-07T17:00:00Z
V2_STRICT,V1_TRADE,EUR/USD_2025-07-01,1h,demand,2025-04-10T11:00:00Z,2025-05-12T10:00:00Z,TARGET,1.827027027027039,SAME,TARGET +1.827,
V2_STRICT,V1_TRADE,EUR/USD_2025-07-01,1h,demand,2025-04-10T11:00:00Z,2025-05-12T18:00:00Z,TARGET,1.827027027027039,SAME,TARGET +1.827,
V2_STRICT,V1_TRADE,EUR/USD_2025-07-01,1h,supply,2025-05-12T08:00:00Z,2025-05-13T04:00:00Z,S2_CLOSE,-1.5790297339592911,SAME,S2_CLOSE -1.579,
V2_STRICT,V1_TRADE,EUR/USD_2025-07-01,1h,supply,2025-05-12T00:00:00Z,2025-05-14T08:00:00Z,S2_CLOSE,-2.9054054054048932,SAME,S2_CLOSE -2.905,
V2_STRICT,V1_TRADE,EUR/USD_2025-07-01,1h,supply,2025-05-14T12:00:00Z,2025-05-15T06:00:00Z,TARGET,1.8769230769230634,SAME,TARGET +1.877,
V2_STRICT,V1_TRADE,EUR/USD_2025-07-01,1h,demand,2025-05-15T17:00:00Z,2025-05-15T21:00:00Z,TARGET,1.834196891191728,REMOVED,,LOOKAHEAD_DEPENDENCY: VALIDATED_BY_TOUCH_BAR_CLOSE
V2_STRICT,V1_TRADE,EUR/USD_2025-07-01,1h,demand,2025-05-15T23:00:00Z,2025-05-16T09:00:00Z,TARGET,1.3600000000002137,SHIFTED,2025-05-16T13:00:00Z TARGET +1.360,same zone entered on a different bar
V2_STRICT,V1_TRADE,EUR/USD_2025-07-01,1h,demand,2025-05-15T23:00:00Z,2025-05-16T11:00:00Z,TARGET,1.3600000000002137,SAME,TARGET +1.360,
V2_STRICT,V1_TRADE,EUR/USD_2025-07-01,1h,supply,2025-05-02T13:00:00Z,2025-05-21T06:00:00Z,TARGET,1.9512937595129374,SAME,TARGET +1.951,
V2_STRICT,V1_TRADE,EUR/USD_2025-07-01,1h,demand,2025-05-20T18:00:00Z,2025-05-22T14:00:00Z,TARGET,1.6666666666666916,REMOVED,,OTHER_ZONE_TAKEN_ON_BAR (2025-05-20T22:00:00Z)
V2_STRICT,V1_TRADE,EUR/USD_2025-07-01,1h,demand,2025-05-20T15:00:00Z,2025-05-22T17:00:00Z,TARGET,1.8476190476190468,SAME,TARGET +1.848,
V2_STRICT,V1_TRADE,EUR/USD_2025-07-01,1h,supply,2025-05-02T13:00:00Z,2025-05-23T09:00:00Z,S2_CLOSE,-1.5570776255707977,SAME,S2_CLOSE -1.557,
V2_STRICT,V1_TRADE,EUR/USD_2025-07-01,1h,demand,2025-05-22T23:00:00Z,2025-05-28T18:00:00Z,TARGET,1.632183908045946,REMOVED,,SLOT_OCCUPIED by 4h 2025-05-28T17:00:00Z
V2_STRICT,V1_TRADE,EUR/USD_2025-07-01,1h,demand,2025-05-20T12:00:00Z,2025-05-29T01:00:00Z,TARGET,1.8683127572016425,SAME,TARGET +1.868,
V2_STRICT,V1_TRADE,EUR/USD_2025-07-01,1h,supply,2025-05-27T12:00:00Z,2025-05-29T13:00:00Z,TARGET,1.8171428571428485,SAME,TARGET +1.817,
V2_STRICT,V1_TRADE,EUR/USD_2025-07-01,1h,supply,2025-05-27T12:00:00Z,2025-05-29T15:00:00Z,S2_CLOSE,-1.5485714285715662,SAME,S2_CLOSE -1.549,
V2_STRICT,V1_TRADE,EUR/USD_2025-07-01,1h,demand,2025-06-01T23:00:00Z,2025-06-02T03:00:00Z,TARGET,1.6923076923077374,SAME,TARGET +1.692,
V2_STRICT,V1_TRADE,EUR/USD_2025-07-01,1h,supply,2025-04-29T16:00:00Z,2025-06-02T06:00:00Z,S2_CLOSE,-1.5020576131687888,SAME,S2_CLOSE -1.502,
V2_STRICT,V1_TRADE,EUR/USD_2025-07-01,1h,supply,2025-04-22T20:00:00Z,2025-06-02T11:00:00Z,TARGET,1.7714285714286186,SHIFTED,2025-06-02T09:00:00Z TARGET +1.771,same zone entered on a different bar
V2_STRICT,V1_TRADE,EUR/USD_2025-07-01,1h,supply,2025-04-22T17:00:00Z,2025-06-02T14:00:00Z,TARGET,1.8655462184873977,SAME,TARGET +1.866,
V2_STRICT,V1_TRADE,EUR/USD_2025-07-01,1h,supply,2025-04-23T09:00:00Z,2025-06-02T17:00:00Z,S2_CLOSE,-1.2000000000001079,SAME,S2_CLOSE -1.200,
V2_STRICT,V1_TRADE,EUR/USD_2025-07-01,1h,supply,2025-04-22T17:00:00Z,2025-06-02T20:00:00Z,TARGET,1.8655462184873977,SAME,TARGET +1.866,
V2_STRICT,V1_TRADE,EUR/USD_2025-07-01,1h,demand,2025-06-02T08:00:00Z,2025-06-03T03:00:00Z,S2_CLOSE,-1.2322580645163073,SAME,S2_CLOSE -1.232,
V2_STRICT,V1_TRADE,EUR/USD_2025-07-01,1h,demand,2025-06-01T23:00:00Z,2025-06-04T05:00:00Z,TARGET,1.6923076923077374,SAME,TARGET +1.692,
V2_STRICT,V1_TRADE,EUR/USD_2025-07-01,1h,supply,2025-04-22T17:00:00Z,2025-06-05T12:00:00Z,TARGET,1.8655462184873977,SAME,TARGET +1.866,
V2_STRICT,V1_TRADE,EUR/USD_2025-07-01,1h,supply,2025-06-06T10:00:00Z,2025-06-09T03:00:00Z,TARGET,1.5789473684208586,SAME,TARGET +1.579,
V2_STRICT,V1_TRADE,EUR/USD_2025-07-01,1h,supply,2025-06-06T10:00:00Z,2025-06-09T05:00:00Z,S2_CLOSE,-2.1315789473689226,SAME,S2_CLOSE -2.132,
V2_STRICT,V1_TRADE,EUR/USD_2025-07-01,1h,supply,2025-06-09T06:00:00Z,2025-06-09T15:00:00Z,TARGET,1.74400000000004,SAME,TARGET +1.744,
V2_STRICT,V1_TRADE,EUR/USD_2025-07-01,1h,supply,2025-06-09T06:00:00Z,2025-06-09T17:00:00Z,TARGET,1.74400000000004,REMOVED,,SLOT_OCCUPIED by 1h 2025-06-09T15:00:00Z
V2_STRICT,V1_TRADE,EUR/USD_2025-07-01,1h,supply,2025-06-09T23:00:00Z,2025-06-10T10:00:00Z,S2_CLOSE,-1.4175824175827632,SAME,S2_CLOSE -1.418,
V2_STRICT,V1_TRADE,EUR/USD_2025-07-01,1h,supply,2025-06-09T06:00:00Z,2025-06-10T11:00:00Z,S2_CLOSE,-1.6399999999999288,REMOVED,,SLOT_OCCUPIED by 1h 2025-06-10T10:00:00Z
V2_STRICT,V1_TRADE,EUR/USD_2025-07-01,1h,supply,2025-06-10T23:00:00Z,2025-06-11T09:00:00Z,S2_CLOSE,-3.437158469945375,SAME,S2_CLOSE -3.437,
V2_STRICT,V1_TRADE,EUR/USD_2025-07-01,1h,supply,2025-04-22T07:00:00Z,2025-06-11T16:00:00Z,S2_CLOSE,-1.1573033707864195,SHIFTED,2025-06-11T18:00:00Z S2_CLOSE -1.157,same zone entered on a different bar
V2_STRICT,V1_TRADE,EUR/USD_2025-07-01,1h,demand,2025-06-12T06:00:00Z,2025-06-13T05:00:00Z,TARGET,1.8468899521531046,REMOVED,,SLOT_OCCUPIED by 4h 2025-06-13T01:00:00Z
V2_STRICT,V1_TRADE,EUR/USD_2025-07-01,1h,demand,2025-06-16T11:00:00Z,2025-06-16T17:00:00Z,S2_CLOSE,-3.067567567567797,SAME,S2_CLOSE -3.068,
V2_STRICT,V1_TRADE,EUR/USD_2025-07-01,1h,demand,2025-06-13T10:00:00Z,2025-06-17T16:00:00Z,S2_CLOSE,-1.1747572815533915,REMOVED,,SLOT_OCCUPIED by 4h 2025-06-17T13:00:00Z (recovered suppressed trade)
V2_STRICT,V1_TRADE,EUR/USD_2025-07-01,1h,demand,2025-06-11T19:00:00Z,2025-06-17T19:00:00Z,TARGET,1.6049382716049272,SHIFTED,2025-06-17T17:00:00Z AMBIGUOUS ,same zone entered on a different bar
V2_STRICT,V1_TRADE,EUR/USD_2025-07-01,1h,supply,2025-06-17T15:00:00Z,2025-06-18T18:00:00Z,TARGET,1.8181818181818166,OUTCOME_CHANGED,AMBIGUOUS ,V2 AMBIGUOUS (entry and target in the same minute)
V2_STRICT,V1_TRADE,EUR/USD_2025-07-01,1h,supply,2025-06-18T20:00:00Z,2025-06-19T09:00:00Z,TARGET,1.7681159420289376,SAME,TARGET +1.768,
V2_STRICT,V1_TRADE,EUR/USD_2025-07-01,1h,supply,2025-06-18T20:00:00Z,2025-06-19T17:00:00Z,S2_CLOSE,-3.1014492753627727,SAME,S2_CLOSE -3.101,
V2_STRICT,V1_TRADE,EUR/USD_2025-07-01,1h,supply,2025-06-18T15:00:00Z,2025-06-20T01:00:00Z,S2_CLOSE,-1.5234375000000295,SAME,S2_CLOSE -1.523,
V2_STRICT,V1_TRADE,EUR/USD_2025-07-01,1h,demand,2025-06-20T01:00:00Z,2025-06-20T19:00:00Z,S2_CLOSE,-3.5999999999995476,SAME,S2_CLOSE -3.600,
V2_STRICT,V1_TRADE,EUR/USD_2025-07-01,1h,demand,2025-06-20T12:00:00Z,2025-06-20T20:00:00Z,S2_CLOSE,-1.7162790697674832,REMOVED,,SLOT_OCCUPIED by 1h 2025-06-20T19:00:00Z
V2_STRICT,V1_TRADE,EUR/USD_2025-07-01,1h,supply,2025-06-20T16:00:00Z,2025-06-23T14:00:00Z,S2_CLOSE,-1.956989247311846,REMOVED,,SLOT_OCCUPIED by 4h 2025-06-23T13:00:00Z (recovered suppressed trade)
V2_STRICT,V1_TRADE,EUR/USD_2025-07-01,1h,supply,2025-06-16T18:00:00Z,2025-06-23T19:00:00Z,S2_CLOSE,-3.6511627906985753,SAME,S2_CLOSE -3.651,
V2_STRICT,V1_TRADE,EUR/USD_2025-07-01,1h,supply,2025-06-16T13:00:00Z,2025-06-24T00:00:00Z,S2_CLOSE,-1.1743119266054753,SAME,S2_CLOSE -1.174,
V2_STRICT,V1_TRADE,EUR/USD_2025-07-01,1h,demand,2025-06-24T15:00:00Z,2025-06-25T02:00:00Z,S2_CLOSE,-1.6622073578595937,SAME,S2_CLOSE -1.662,
V2_STRICT,V1_TRADE,EUR/USD_2025-07-01,1h,demand,2025-06-24T07:00:00Z,2025-06-25T09:00:00Z,TARGET,1.8977635782747484,SAME,TARGET +1.898,
V2_STRICT,V1_TRADE,EUR/USD_2025-07-01,1h,supply,2025-06-24T17:00:00Z,2025-06-25T16:00:00Z,S2_CLOSE,-2.9636363636362417,SAME,S2_CLOSE -2.964,
V2_STRICT,V1_TRADE,EUR/USD_2025-07-01,1h,demand,2025-06-26T00:00:00Z,2025-06-26T05:00:00Z,TARGET,1.6631578947368444,SAME,TARGET +1.663,
V2_STRICT,V1_TRADE,EUR/USD_2025-07-01,1h,demand,2025-06-26T11:00:00Z,2025-06-26T19:00:00Z,S2_CLOSE,-2.0707964601769158,SAME,S2_CLOSE -2.071,
V2_STRICT,V1_TRADE,EUR/USD_2025-07-01,1h,demand,2025-06-26T00:00:00Z,2025-06-26T23:00:00Z,TARGET,1.6631578947368444,SAME,TARGET +1.663,
V2_STRICT,V1_TRADE,EUR/USD_2025-07-01,1h,demand,2025-06-26T04:00:00Z,2025-06-27T02:00:00Z,TARGET,1.8083832335329155,SAME,TARGET +1.808,
V2_STRICT,V1_TRADE,EUR/USD_2025-07-01,1h,demand,2025-06-26T00:00:00Z,2025-06-27T06:00:00Z,TARGET,1.6631578947368444,SAME,TARGET +1.663,
V2_STRICT,V1_TRADE,EUR/USD_2025-07-01,1h,demand,2025-06-30T03:00:00Z,2025-06-30T08:00:00Z,TARGET,1.7168141592919985,SAME,TARGET +1.717,
V2_STRICT,V1_TRADE,EUR/USD_2025-07-01,1h,demand,2025-06-30T03:00:00Z,2025-06-30T10:00:00Z,TARGET,1.7168141592919985,SAME,TARGET +1.717,
V2_STRICT,V1_TRADE,EUR/USD_2025-07-01,1h,demand,2025-06-30T03:00:00Z,2025-06-30T12:00:00Z,TARGET,1.7168141592919985,SAME,TARGET +1.717,
V2_STRICT,V1_TRADE,EUR/USD_2025-07-01,4h,demand,2025-03-18T08:00:00Z,2025-03-19T00:00:00Z,S2_CLOSE,-2.139364303178445,SAME,S2_CLOSE -2.139,
V2_STRICT,V1_TRADE,EUR/USD_2025-07-01,4h,demand,2025-03-17T04:00:00Z,2025-03-19T12:00:00Z,TARGET,1.8769230769230845,SAME,TARGET +1.877,
V2_STRICT,V1_TRADE,EUR/USD_2025-07-01,4h,demand,2025-03-17T04:00:00Z,2025-03-20T04:00:00Z,S2_CLOSE,-2.5461538461538518,SAME,S2_CLOSE -2.546,
V2_STRICT,V1_TRADE,EUR/USD_2025-07-01,4h,demand,2025-03-10T04:00:00Z,2025-03-21T08:00:00Z,S2_CLOSE,-1.3054755043227877,SAME,S2_CLOSE -1.305,
V2_STRICT,V1_TRADE,EUR/USD_2025-07-01,4h,demand,2025-03-06T00:00:00Z,2025-03-24T12:00:00Z,S2_CLOSE,-1.1424332344212673,SAME,S2_CLOSE -1.142,
V2_STRICT,V1_TRADE,EUR/USD_2025-07-01,4h,supply,2025-03-26T08:00:00Z,2025-03-27T12:00:00Z,TARGET,1.8222222222222026,REMOVED,,SLOT_OCCUPIED by 1h 2025-03-27T12:00:00Z
V2_STRICT,V1_TRADE,EUR/USD_2025-07-01,4h,supply,2025-03-26T08:00:00Z,2025-03-28T04:00:00Z,TARGET,1.8222222222222026,REMOVED,,SLOT_OCCUPIED by 4h 2025-03-27T16:00:00Z
V2_STRICT,V1_TRADE,EUR/USD_2025-07-01,4h,demand,2025-03-28T08:00:00Z,2025-04-01T08:00:00Z,TARGET,1.9021406727828778,SAME,TARGET +1.902,
V2_STRICT,V1_TRADE,EUR/USD_2025-07-01,4h,supply,2025-03-19T08:00:00Z,2025-04-02T20:00:00Z,TARGET,1.8571428571428583,REMOVED,,SLOT_OCCUPIED by 1h 2025-04-02T20:00:00Z
V2_STRICT,V1_TRADE,EUR/USD_2025-07-01,4h,demand,2025-04-07T17:00:00Z,2025-04-09T17:00:00Z,TARGET,1.931286235774102,SAME,TARGET +1.931,
V2_STRICT,V1_TRADE,EUR/USD_2025-07-01,4h,supply,2025-04-30T09:00:00Z,2025-05-02T13:00:00Z,TARGET,1.904761904761912,SHIFTED,2025-05-07T05:00:00Z TARGET +1.905,same zone entered on a different bar
V2_STRICT,V1_TRADE,EUR/USD_2025-07-01,4h,demand,2025-04-15T13:00:00Z,2025-05-05T13:00:00Z,TARGET,1.9488000000000008,SAME,TARGET +1.949,
V2_STRICT,V1_TRADE,EUR/USD_2025-07-01,4h,supply,2025-05-09T05:00:00Z,2025-05-11T21:00:00Z,TARGET,1.923076923076926,REMOVED,,LOOKAHEAD_DEPENDENCY: FVG_ONLY_WITH_TOUCH_BAR
V2_STRICT,V1_TRADE,EUR/USD_2025-07-01,4h,supply,2025-05-09T05:00:00Z,2025-05-14T05:00:00Z,TARGET,1.923076923076926,REMOVED,,SLOT_OCCUPIED by 1h 2025-05-14T08:00:00Z
V2_STRICT,V1_TRADE,EUR/USD_2025-07-01,4h,supply,2025-05-09T05:00:00Z,2025-05-19T05:00:00Z,S2_CLOSE,-2.240384615384609,SAME,S2_CLOSE -2.240,
V2_STRICT,V1_TRADE,EUR/USD_2025-07-01,4h,supply,2025-05-09T05:00:00Z,2025-05-19T13:00:00Z,S2_CLOSE,-2.240384615384609,REMOVED,,SLOT_OCCUPIED by 4h 2025-05-19T05:00:00Z
V2_STRICT,V1_TRADE,EUR/USD_2025-07-01,4h,supply,2025-05-08T01:00:00Z,2025-05-21T01:00:00Z,S2_CLOSE,-1.3623693379790727,REMOVED,,OTHER_ZONE_TAKEN_ON_BAR (2025-05-08T09:00:00Z)
V2_STRICT,V1_TRADE,EUR/USD_2025-07-01,4h,demand,2025-05-23T09:00:00Z,2025-05-27T13:00:00Z,S2_CLOSE,-1.1256281407035165,SAME,S2_CLOSE -1.126,
V2_STRICT,V1_TRADE,EUR/USD_2025-07-01,4h,demand,2025-05-22T13:00:00Z,2025-05-28T17:00:00Z,S2_CLOSE,-2.4246575342465206,SAME,S2_CLOSE -2.425,
V2_STRICT,V1_TRADE,EUR/USD_2025-07-01,4h,demand,2025-05-20T09:00:00Z,2025-05-29T05:00:00Z,TARGET,1.9272727272727266,REMOVED,,SLOT_OCCUPIED by 1h 2025-05-29T01:00:00Z
V2_STRICT,V1_TRADE,EUR/USD_2025-07-01,4h,supply,2025-04-22T01:00:00Z,2025-06-12T01:00:00Z,S2_CLOSE,-1.205405405405415,SAME,S2_CLOSE -1.205,
V2_STRICT,V1_TRADE,EUR/USD_2025-07-01,4h,demand,2025-06-12T01:00:00Z,2025-06-13T01:00:00Z,TARGET,1.8620689655172473,SAME,TARGET +1.862,
V2_STRICT,V1_TRADE,EUR/USD_2025-07-01,4h,demand,2025-06-11T17:00:00Z,2025-06-13T09:00:00Z,TARGET,1.8468899521531046,REMOVED,,NO_ENTRY_AT_BAR (older zone touched first and never filled)
V2_STRICT,V1_TRADE,EUR/USD_2025-07-01,4h,demand,2025-06-11T17:00:00Z,2025-06-17T21:00:00Z,TARGET,1.8468899521531046,REMOVED,,SLOT_OCCUPIED by 1h 2025-06-17T17:00:00Z
V2_STRICT,V1_TRADE,EUR/USD_2025-07-01,4h,demand,2025-06-11T17:00:00Z,2025-06-18T13:00:00Z,TARGET,1.8468899521531046,SAME,TARGET +1.847,
V2_STRICT,V1_TRADE,EUR/USD_2025-07-01,4h,supply,2025-06-20T13:00:00Z,2025-06-23T05:00:00Z,TARGET,1.9250585480093676,SAME,TARGET +1.925,
V2_STRICT,V1_TRADE,EUR/USD_2025-07-01,4h,supply,2025-06-17T01:00:00Z,2025-06-23T13:00:00Z,S2_CLOSE,-2.0313901345288063,REMOVED,,OTHER_ZONE_TAKEN_ON_BAR (2025-06-20T13:00:00Z)
V2_STRICT,V1_TRADE,EUR/USD_2025-07-01,4h,supply,2025-06-16T13:00:00Z,2025-06-24T01:00:00Z,S2_CLOSE,-1.5591397849462403,SHIFTED,2025-06-24T09:00:00Z S2_CLOSE -1.559,same zone entered on a different bar
V2_STRICT,V1_TRADE,EUR/USD_2025-11-01,1h,supply,2025-07-04T13:00:00Z,2025-07-23T18:00:00Z,TARGET,1.7823129251700474,SAME,TARGET +1.782,
V2_STRICT,V1_TRADE,EUR/USD_2025-11-01,1h,supply,2025-07-04T13:00:00Z,2025-07-24T13:00:00Z,TARGET,1.7823129251700474,REMOVED,,OTHER_ZONE_TAKEN_ON_BAR (2025-07-24T07:00:00Z)
V2_STRICT,V1_TRADE,EUR/USD_2025-11-01,1h,supply,2025-07-04T13:00:00Z,2025-07-24T15:00:00Z,TARGET,1.7823129251700474,SAME,TARGET +1.782,
V2_STRICT,V1_TRADE,EUR/USD_2025-11-01,1h,supply,2025-07-04T13:00:00Z,2025-07-24T17:00:00Z,TARGET,1.7823129251700474,SAME,TARGET +1.782,
V2_STRICT,V1_TRADE,EUR/USD_2025-11-01,1h,supply,2025-07-24T13:00:00Z,2025-07-24T20:00:00Z,TARGET,1.9304347826086947,SHIFTED,2025-07-25T00:00:00Z TARGET +1.930,same zone entered on a different bar
V2_STRICT,V1_TRADE,EUR/USD_2025-11-01,1h,supply,2025-07-24T13:00:00Z,2025-07-27T23:00:00Z,TARGET,1.9304347826086947,SAME,TARGET +1.930,
V2_STRICT,V1_TRADE,EUR/USD_2025-11-01,1h,demand,2025-07-21T13:00:00Z,2025-07-28T09:00:00Z,TARGET,1.632183908045946,SAME,TARGET +1.632,
V2_STRICT,V1_TRADE,EUR/USD_2025-11-01,1h,demand,2025-07-21T08:00:00Z,2025-07-28T11:00:00Z,TARGET,1.8083832335329666,SAME,TARGET +1.808,
V2_STRICT,V1_TRADE,EUR/USD_2025-11-01,1h,supply,2025-07-29T04:00:00Z,2025-07-29T09:00:00Z,TARGET,1.773049645390128,SAME,TARGET +1.773,
V2_STRICT,V1_TRADE,EUR/USD_2025-11-01,1h,supply,2025-07-31T11:00:00Z,2025-07-31T14:00:00Z,TARGET,1.8000000000000336,SAME,TARGET +1.800,
V2_STRICT,V1_TRADE,EUR/USD_2025-11-01,1h,supply,2025-07-31T14:00:00Z,2025-07-31T19:00:00Z,S2_CLOSE,-5.452655889145625,SHIFTED,2025-08-01T01:00:00Z S2_CLOSE -5.453,same zone entered on a different bar
V2_STRICT,V1_TRADE,EUR/USD_2025-11-01,1h,supply,2025-07-29T04:00:00Z,2025-08-01T13:00:00Z,TARGET,1.773049645390128,SAME,TARGET +1.773,
V2_STRICT,V1_TRADE,EUR/USD_2025-11-01,1h,supply,2025-07-30T00:00:00Z,2025-08-01T14:00:00Z,TARGET,1.8095238095237987,SAME,TARGET +1.810,
V2_STRICT,V1_TRADE,EUR/USD_2025-11-01,1h,supply,2025-07-30T00:00:00Z,2025-08-01T16:00:00Z,TARGET,1.8095238095237987,SAME,TARGET +1.810,
V2_STRICT,V1_TRADE,EUR/USD_2025-11-01,1h,supply,2025-07-29T04:00:00Z,2025-08-01T19:00:00Z,S2_CLOSE,-1.4680851063828657,REMOVED,,SLOT_OCCUPIED by 4h 2025-08-01T17:00:00Z (recovered suppressed trade)
V2_STRICT,V1_TRADE,EUR/USD_2025-11-01,1h,supply,2025-07-29T02:00:00Z,2025-08-01T20:00:00Z,TARGET,1.5844155844156704,REMOVED,,SLOT_OCCUPIED by 4h 2025-08-01T17:00:00Z (recovered suppressed trade)
V2_STRICT,V1_TRADE,EUR/USD_2025-11-01,1h,demand,2025-08-04T00:00:00Z,2025-08-04T05:00:00Z,S2_CLOSE,-1.6204819277109348,SAME,S2_CLOSE -1.620,
V2_STRICT,V1_TRADE,EUR/USD_2025-11-01,1h,demand,2025-08-01T18:00:00Z,2025-08-05T07:00:00Z,TARGET,1.8792452830188495,SAME,TARGET +1.879,
V2_STRICT,V1_TRADE,EUR/USD_2025-11-01,1h,demand,2025-08-01T18:00:00Z,2025-08-05T09:00:00Z,TARGET,1.8792452830188495,REMOVED,,SLOT_OCCUPIED by 1h 2025-08-05T07:00:00Z
V2_STRICT,V1_TRADE,EUR/USD_2025-11-01,1h,supply,2025-08-04T23:00:00Z,2025-08-05T15:00:00Z,TARGET,1.6049382716049272,SAME,TARGET +1.605,
V2_STRICT,V1_TRADE,EUR/USD_2025-11-01,1h,supply,2025-08-04T23:00:00Z,2025-08-05T17:00:00Z,TARGET,1.6049382716049272,SHIFTED,2025-08-06T09:00:00Z S2_CLOSE -6.556,same zone entered on a different bar
V2_STRICT,V1_TRADE,EUR/USD_2025-11-01,1h,supply,2025-08-04T23:00:00Z,2025-08-06T00:00:00Z,TARGET,1.6049382716049272,SAME,TARGET +1.605,
V2_STRICT,V1_TRADE,EUR/USD_2025-11-01,1h,supply,2025-08-04T23:00:00Z,2025-08-06T03:00:00Z,TARGET,1.6049382716049272,SAME,TARGET +1.605,
V2_STRICT,V1_TRADE,EUR/USD_2025-11-01,1h,supply,2025-08-04T23:00:00Z,2025-08-06T05:00:00Z,TARGET,1.6049382716049272,REMOVED,,SLOT_OCCUPIED by 1h 2025-08-06T03:00:00Z
V2_STRICT,V1_TRADE,EUR/USD_2025-11-01,1h,supply,2025-07-28T14:00:00Z,2025-08-06T15:00:00Z,S2_CLOSE,-1.3508771929824694,SAME,S2_CLOSE -1.351,
V2_STRICT,V1_TRADE,EUR/USD_2025-11-01,1h,supply,2025-07-28T12:00:00Z,2025-08-06T18:00:00Z,S2_CLOSE,-1.9176470588233259,SAME,S2_CLOSE -1.918,
V2_STRICT,V1_TRADE,EUR/USD_2025-11-01,1h,supply,2025-07-28T08:00:00Z,2025-08-07T08:00:00Z,TARGET,1.8324607329843001,SAME,TARGET +1.832,
V2_STRICT,V1_TRADE,EUR/USD_2025-11-01,1h,demand,2025-08-07T14:00:00Z,2025-08-08T09:00:00Z,TARGET,1.9118457300275542,SAME,TARGET +1.912,
V2_STRICT,V1_TRADE,EUR/USD_2025-11-01,1h,demand,2025-08-07T14:00:00Z,2025-08-11T11:00:00Z,S2_CLOSE,-2.0192837465563884,SAME,S2_CLOSE -2.019,
V2_STRICT,V1_TRADE,EUR/USD_2025-11-01,1h,supply,2025-08-11T08:00:00Z,2025-08-12T12:00:00Z,TARGET,1.8095238095237987,SAME,TARGET +1.810,
V2_STRICT,V1_TRADE,EUR/USD_2025-11-01,1h,supply,2025-08-11T08:00:00Z,2025-08-12T14:00:00Z,S2_CLOSE,-2.7500000000002722,SAME,S2_CLOSE -2.750,
V2_STRICT,V1_TRADE,EUR/USD_2025-11-01,1h,supply,2025-07-28T08:00:00Z,2025-08-12T17:00:00Z,S2_CLOSE,-1.4502617801046855,SAME,S2_CLOSE -1.450,
V2_STRICT,V1_TRADE,EUR/USD_2025-11-01,1h,demand,2025-08-13T12:00:00Z,2025-08-13T16:00:00Z,S2_CLOSE,-2.012048192771035,SAME,S2_CLOSE -2.012,
V2_STRICT,V1_TRADE,EUR/USD_2025-11-01,1h,demand,2025-08-12T21:00:00Z,2025-08-14T09:00:00Z,TARGET,1.7793103448276126,SAME,TARGET +1.779,
V2_STRICT,V1_TRADE,EUR/USD_2025-11-01,1h,demand,2025-08-14T16:00:00Z,2025-08-20T00:00:00Z,S2_CLOSE,-1.5384615384617275,SAME,S2_CLOSE -1.538,
V2_STRICT,V1_TRADE,EUR/USD_2025-11-01,1h,supply,2025-08-19T22:00:00Z,2025-08-20T08:00:00Z,TARGET,1.6521739130434063,SAME,TARGET +1.652,
V2_STRICT,V1_TRADE,EUR/USD_2025-11-01,1h,supply,2025-08-19T22:00:00Z,2025-08-20T10:00:00Z,S2_CLOSE,-5.434782608696311,SAME,S2_CLOSE -5.435,
V2_STRICT,V1_TRADE,EUR/USD_2025-11-01,1h,demand,2025-08-12T09:00:00Z,2025-08-21T19:00:00Z,S2_CLOSE,-2.333333333333401,SAME,S2_CLOSE -2.333,
V2_STRICT,V1_TRADE,EUR/USD_2025-11-01,1h,supply,2025-08-13T09:00:00Z,2025-08-22T16:00:00Z,S2_CLOSE,-1.8654970760231107,REMOVED,,SLOT_OCCUPIED by 4h 2025-08-22T09:00:00Z
V2_STRICT,V1_TRADE,EUR/USD_2025-11-01,1h,demand,2025-08-22T13:00:00Z,2025-08-26T08:00:00Z,TARGET,1.8558558558558487,SAME,TARGET +1.856,
V2_STRICT,V1_TRADE,EUR/USD_2025-11-01,1h,demand,2025-08-22T10:00:00Z,2025-08-27T07:00:00Z,TARGET,1.5616438356163767,REMOVED,,NO_ENTRY_AT_BAR (older zone touched first and never filled)
V2_STRICT,V1_TRADE,EUR/USD_2025-11-01,1h,supply,2025-08-26T18:00:00Z,2025-08-27T20:00:00Z,S2_CLOSE,-1.9523809523810223,SAME,S2_CLOSE -1.952,
V2_STRICT,V1_TRADE,EUR/USD_2025-11-01,1h,supply,2025-08-26T11:00:00Z,2025-08-28T03:00:00Z,TARGET,1.8391959798994744,SAME,TARGET +1.839,
V2_STRICT,V1_TRADE,EUR/USD_2025-11-01,1h,supply,2025-08-26T11:00:00Z,2025-08-28T09:00:00Z,S2_CLOSE,-2.1457286432162257,SAME,S2_CLOSE -2.146,
V2_STRICT,V1_TRADE,EUR/USD_2025-11-01,1h,demand,2025-09-01T03:00:00Z,2025-09-01T13:00:00Z,S2_CLOSE,-2.10679611650528,SAME,S2_CLOSE -2.107,
V2_STRICT,V1_TRADE,EUR/USD_2025-11-01,1h,demand,2025-09-01T15:00:00Z,2025-09-01T21:00:00Z,TARGET,1.7333333333333039,SAME,TARGET +1.733,
V2_STRICT,V1_TRADE,EUR/USD_2025-11-01,1h,demand,2025-09-01T17:00:00Z,2025-09-02T00:00:00Z,S2_CLOSE,-2.5384615384620397,SAME,S2_CLOSE -2.538,
V2_STRICT,V1_TRADE,EUR/USD_2025-11-01,1h,demand,2025-09-01T01:00:00Z,2025-09-02T02:00:00Z,TARGET,1.6666666666666916,REMOVED,,NO_ENTRY_AT_BAR (older zone touched first and never filled)
V2_STRICT,V1_TRADE,EUR/USD_2025-11-01,1h,demand,2025-09-01T01:00:00Z,2025-09-02T04:00:00Z,TARGET,1.6666666666666916,SAME,TARGET +1.667,
V2_STRICT,V1_TRADE,EUR/USD_2025-11-01,1h,demand,2025-08-28T05:00:00Z,2025-09-02T08:00:00Z,TARGET,1.4385964912278115,OUTCOME_CHANGED,AMBIGUOUS ,V2 AMBIGUOUS (entry and target in the same minute)
V2_STRICT,V1_TRADE,EUR/USD_2025-11-01,1h,demand,2025-08-28T08:00:00Z,2025-09-02T09:00:00Z,S2_CLOSE,-2.409090909090888,SHIFTED,2025-09-02T11:00:00Z S2_CLOSE -2.409,same zone entered on a different bar
V2_STRICT,V1_TRADE,EUR/USD_2025-11-01,1h,supply,2025-07-24T13:00:00Z,2025-09-05T14:00:00Z,TARGET,1.9304347826086947,SAME,TARGET +1.930,
V2_STRICT,V1_TRADE,EUR/USD_2025-11-01,1h,supply,2025-07-24T13:00:00Z,2025-09-08T13:00:00Z,S2_CLOSE,-1.1434782608695686,SAME,S2_CLOSE -1.143,
V2_STRICT,V1_TRADE,EUR/USD_2025-11-01,1h,supply,2025-07-04T13:00:00Z,2025-09-09T06:00:00Z,TARGET,1.7823129251700474,REMOVED,,OTHER_ZONE_TAKEN_ON_BAR (2025-07-04T18:00:00Z)
V2_STRICT,V1_TRADE,EUR/USD_2025-11-01,1h,demand,2025-09-08T17:00:00Z,2025-09-09T11:00:00Z,TARGET,1.7519379844961267,SAME,TARGET +1.752,
V2_STRICT,V1_TRADE,EUR/USD_2025-11-01,1h,demand,2025-09-08T17:00:00Z,2025-09-09T13:00:00Z,TARGET,1.7519379844961267,REMOVED,,SLOT_OCCUPIED by 1h 2025-09-09T11:00:00Z
V2_STRICT,V1_TRADE,EUR/USD_2025-11-01,1h,supply,2025-09-10T04:00:00Z,2025-09-10T09:00:00Z,TARGET,1.6404494382022703,SAME,TARGET +1.640,
V2_STRICT,V1_TRADE,EUR/USD_2025-11-01,1h,demand,2025-09-05T11:00:00Z,2025-09-11T11:00:00Z,TARGET,1.77464788732394,SHIFTED,2025-09-11T09:00:00Z TARGET +1.775,same zone entered on a different bar
V2_STRICT,V1_TRADE,EUR/USD_2025-11-01,1h,supply,2025-09-09T13:00:00Z,2025-09-11T15:00:00Z,TARGET,1.8024691358024636,SAME,TARGET +1.802,
V2_STRICT,V1_TRADE,EUR/USD_2025-11-01,1h,supply,2025-09-09T13:00:00Z,2025-09-15T07:00:00Z,S2_CLOSE,-1.5555555555554494,SAME,S2_CLOSE -1.556,
V2_STRICT,V1_TRADE,EUR/USD_2025-11-01,1h,supply,2025-09-09T13:00:00Z,2025-09-15T09:00:00Z,S2_CLOSE,-1.5555555555554494,REMOVED,,SLOT_OCCUPIED by 1h 2025-09-15T07:00:00Z
V2_STRICT,V1_TRADE,EUR/USD_2025-11-01,1h,supply,2025-07-04T05:00:00Z,2025-09-16T03:00:00Z,TARGET,1.4754098360655732,SAME,TARGET +1.475,
V2_STRICT,V1_TRADE,EUR/USD_2025-11-01,1h,supply,2025-07-01T20:00:00Z,2025-09-16T08:00:00Z,S2_CLOSE,-1.9080459770112341,SAME,S2_CLOSE -1.908,
V2_STRICT,V1_TRADE,EUR/USD_2025-11-01,1h,demand,2025-09-16T15:00:00Z,2025-09-17T08:00:00Z,TARGET,1.82320441988949,SAME,TARGET +1.823,
V2_STRICT,V1_TRADE,EUR/USD_2025-11-01,1h,demand,2025-09-16T12:00:00Z,2025-09-18T04:00:00Z,S2_CLOSE,-1.1563786008230286,REMOVED,,SLOT_OCCUPIED by 1h 2025-09-18T00:00:00Z
V2_STRICT,V1_TRADE,EUR/USD_2025-11-01,1h,demand,2025-09-15T16:00:00Z,2025-09-18T13:00:00Z,TARGET,1.82320441988949,REMOVED,,OTHER_ZONE_TAKEN_ON_BAR (2025-09-16T04:00:00Z)
V2_STRICT,V1_TRADE,EUR/USD_2025-11-01,1h,demand,2025-09-15T16:00:00Z,2025-09-19T06:00:00Z,S2_CLOSE,-3.342541436464218,SAME,S2_CLOSE -3.343,
V2_STRICT,V1_TRADE,EUR/USD_2025-11-01,1h,supply,2025-09-19T13:00:00Z,2025-09-19T17:00:00Z,S2_CLOSE,-1.9787234042553798,SAME,S2_CLOSE -1.979,
V2_STRICT,V1_TRADE,EUR/USD_2025-11-01,1h,supply,2025-09-19T03:00:00Z,2025-09-22T12:00:00Z,TARGET,1.7377049180327866,SAME,TARGET +1.738,
V2_STRICT,V1_TRADE,EUR/USD_2025-11-01,1h,supply,2025-09-19T03:00:00Z,2025-09-22T16:00:00Z,S2_CLOSE,-1.950819672130927,SAME,S2_CLOSE -1.951,
V2_STRICT,V1_TRADE,EUR/USD_2025-11-01,1h,demand,2025-09-22T21:00:00Z,2025-09-23T06:00:00Z,TARGET,1.7664233576641737,SAME,TARGET +1.766,
V2_STRICT,V1_TRADE,EUR/USD_2025-11-01,1h,demand,2025-09-22T21:00:00Z,2025-09-23T10:00:00Z,TARGET,1.7664233576641737,SAME,TARGET +1.766,
V2_STRICT,V1_TRADE,EUR/USD_2025-11-01,1h,demand,2025-09-23T14:00:00Z,2025-09-24T02:00:00Z,S2_CLOSE,-2.0866141732279404,SAME,S2_CLOSE -2.087,
V2_STRICT,V1_TRADE,EUR/USD_2025-11-01,1h,demand,2025-09-23T07:00:00Z,2025-09-24T07:00:00Z,S2_CLOSE,-1.779342723004949,SAME,S2_CLOSE -1.779,
V2_STRICT,V1_TRADE,EUR/USD_2025-11-01,1h,demand,2025-09-22T02:00:00Z,2025-09-24T13:00:00Z,TARGET,1.4920634920635973,SAME,TARGET +1.492,
V2_STRICT,V1_TRADE,EUR/USD_2025-11-01,1h,demand,2025-09-22T02:00:00Z,2025-09-24T16:00:00Z,TARGET,1.4920634920635973,SAME,TARGET +1.492,
V2_STRICT,V1_TRADE,EUR/USD_2025-11-01,1h,demand,2025-09-05T04:00:00Z,2025-09-25T15:00:00Z,TARGET,1.5844155844156704,SAME,TARGET +1.584,
V2_STRICT,V1_TRADE,EUR/USD_2025-11-01,1h,demand,2025-09-05T06:00:00Z,2025-09-25T16:00:00Z,S2_CLOSE,-2.6229508196719467,SAME,S2_CLOSE -2.623,
V2_STRICT,V1_TRADE,EUR/USD_2025-11-01,1h,supply,2025-09-25T03:00:00Z,2025-09-29T12:00:00Z,TARGET,1.4666666666666077,REMOVED,,OTHER_ZONE_TAKEN_ON_BAR (2025-09-25T06:00:00Z)
V2_STRICT,V1_TRADE,EUR/USD_2025-11-01,1h,supply,2025-09-30T08:00:00Z,2025-10-01T04:00:00Z,S2_CLOSE,-1.9162011173186881,SAME,S2_CLOSE -1.916,
V2_STRICT,V1_TRADE,EUR/USD_2025-11-01,1h,supply,2025-10-01T06:00:00Z,2025-10-01T12:00:00Z,TARGET,1.866108786610885,SAME,TARGET +1.866,
V2_STRICT,V1_TRADE,EUR/USD_2025-11-01,1h,supply,2025-10-01T06:00:00Z,2025-10-01T14:00:00Z,TARGET,1.866108786610885,REMOVED,,SLOT_OCCUPIED by 1h 2025-10-01T12:00:00Z
V2_STRICT,V1_TRADE,EUR/USD_2025-11-01,1h,demand,2025-10-01T10:00:00Z,2025-10-01T16:00:00Z,TARGET,1.8181818181818166,SAME,TARGET +1.818,
V2_STRICT,V1_TRADE,EUR/USD_2025-11-01,1h,demand,2025-10-01T15:00:00Z,2025-10-02T12:00:00Z,S2_CLOSE,-1.6619217081851194,SAME,S2_CLOSE -1.662,
V2_STRICT,V1_TRADE,EUR/USD_2025-11-01,1h,demand,2025-10-02T17:00:00Z,2025-10-05T22:00:00Z,TARGET,1.6049382716049272,SAME,TARGET +1.605,
V2_STRICT,V1_TRADE,EUR/USD_2025-11-01,1h,demand,2025-10-02T17:00:00Z,2025-10-06T00:00:00Z,TARGET,1.6049382716049272,REMOVED,,SLOT_OCCUPIED by 1h 2025-10-05T22:00:00Z
V2_STRICT,V1_TRADE,EUR/USD_2025-11-01,1h,demand,2025-10-02T20:00:00Z,2025-10-06T05:00:00Z,S2_CLOSE,-5.639175257733729,SAME,S2_CLOSE -5.639,
V2_STRICT,V1_TRADE,EUR/USD_2025-11-01,1h,supply,2025-10-06T14:00:00Z,2025-10-07T04:00:00Z,TARGET,1.8584070796459993,SAME,TARGET +1.858,
V2_STRICT,V1_TRADE,EUR/USD_2025-11-01,1h,demand,2025-09-03T03:00:00Z,2025-10-08T01:00:00Z,S2_CLOSE,-2.3250000000000997,REMOVED,,OTHER_ZONE_TAKEN_ON_BAR (2025-09-04T17:00:00Z)
V2_STRICT,V1_TRADE,EUR/USD_2025-11-01,1h,supply,2025-10-08T10:00:00Z,2025-10-08T19:00:00Z,S2_CLOSE,-1.2156133828996123,SAME,S2_CLOSE -1.216,
V2_STRICT,V1_TRADE,EUR/USD_2025-11-01,1h,supply,2025-10-08T13:00:00Z,2025-10-08T23:00:00Z,S2_CLOSE,-1.2222222222221795,SAME,S2_CLOSE -1.222,
V2_STRICT,V1_TRADE,EUR/USD_2025-11-01,1h,demand,2025-10-10T11:00:00Z,2025-10-13T13:00:00Z,TARGET,1.7730496453900566,SHIFTED,2025-10-13T11:00:00Z TARGET +1.773,same zone entered on a different bar
V2_STRICT,V1_TRADE,EUR/USD_2025-11-01,1h,supply,2025-10-13T09:00:00Z,2025-10-14T04:00:00Z,TARGET,1.7629629629629564,SAME,TARGET +1.763,
V2_STRICT,V1_TRADE,EUR/USD_2025-11-01,1h,supply,2025-10-13T09:00:00Z,2025-10-14T14:00:00Z,S2_CLOSE,-2.600000000000092,SAME,S2_CLOSE -2.600,
V2_STRICT,V1_TRADE,EUR/USD_2025-11-01,1h,supply,2025-10-13T01:00:00Z,2025-10-14T21:00:00Z,TARGET,1.7168141592919985,REMOVED,,NO_ENTRY_AT_BAR (older zone touched first and never filled)
V2_STRICT,V1_TRADE,EUR/USD_2025-11-01,1h,supply,2025-10-13T03:00:00Z,2025-10-15T01:00:00Z,S2_CLOSE,-2.054545454545225,REMOVED,,SLOT_OCCUPIED by 4h 2025-10-14T20:00:00Z
V2_STRICT,V1_TRADE,EUR/USD_2025-11-01,1h,demand,2025-10-15T04:00:00Z,2025-10-15T12:00:00Z,TARGET,1.5616438356166433,SAME,TARGET +1.562,
V2_STRICT,V1_TRADE,EUR/USD_2025-11-01,1h,demand,2025-10-15T04:00:00Z,2025-10-15T14:00:00Z,TARGET,1.5616438356166433,SAME,TARGET +1.562,
V2_STRICT,V1_TRADE,EUR/USD_2025-11-01,1h,supply,2025-10-09T04:00:00Z,2025-10-15T15:00:00Z,TARGET,1.3600000000002137,REMOVED,,SLOT_OCCUPIED by 4h 2025-10-15T12:00:00Z
V2_STRICT,V1_TRADE,EUR/USD_2025-11-01,1h,supply,2025-10-09T04:00:00Z,2025-10-15T19:00:00Z,S2_CLOSE,-1.680000000000035,REMOVED,,SLOT_OCCUPIED by 4h 2025-10-15T12:00:00Z
V2_STRICT,V1_TRADE,EUR/USD_2025-11-01,1h,supply,2025-10-07T10:00:00Z,2025-10-16T02:00:00Z,TARGET,1.7500000000000766,REMOVED,,OTHER_ZONE_TAKEN_ON_BAR (2025-10-07T15:00:00Z)
V2_STRICT,V1_TRADE,EUR/USD_2025-11-01,1h,demand,2025-10-15T21:00:00Z,2025-10-16T07:00:00Z,TARGET,1.3962264150947536,SAME,TARGET +1.396,
V2_STRICT,V1_TRADE,EUR/USD_2025-11-01,1h,supply,2025-10-06T14:00:00Z,2025-10-17T00:00:00Z,S2_CLOSE,-1.592920353982387,SAME,S2_CLOSE -1.593,
V2_STRICT,V1_TRADE,EUR/USD_2025-11-01,1h,demand,2025-10-16T20:00:00Z,2025-10-17T10:00:00Z,TARGET,1.5076923076921693,SAME,TARGET +1.508,
V2_STRICT,V1_TRADE,EUR/USD_2025-11-01,1h,demand,2025-10-16T15:00:00Z,2025-10-17T12:00:00Z,S2_CLOSE,-2.416666666666851,SAME,S2_CLOSE -2.417,
V2_STRICT,V1_TRADE,EUR/USD_2025-11-01,1h,supply,2025-10-20T11:00:00Z,2025-10-20T21:00:00Z,TARGET,1.73553719008263,SAME,TARGET +1.736,
V2_STRICT,V1_TRADE,EUR/USD_2025-11-01,1h,demand,2025-10-15T17:00:00Z,2025-10-21T04:00:00Z,S2_CLOSE,-1.439393939393962,SAME,S2_CLOSE -1.439,
V2_STRICT,V1_TRADE,EUR/USD_2025-11-01,1h,demand,2025-10-15T04:00:00Z,2025-10-21T06:00:00Z,TARGET,1.5616438356166433,SAME,TARGET +1.562,
V2_STRICT,V1_TRADE,EUR/USD_2025-11-01,1h,demand,2025-10-15T04:00:00Z,2025-10-21T08:00:00Z,S2_CLOSE,-2.561643835615158,SAME,S2_CLOSE -2.562,
V2_STRICT,V1_TRADE,EUR/USD_2025-11-01,1h,demand,2025-10-14T18:00:00Z,2025-10-21T12:00:00Z,TARGET,1.619047619047698,SAME,TARGET +1.619,
V2_STRICT,V1_TRADE,EUR/USD_2025-11-01,1h,demand,2025-10-14T18:00:00Z,2025-10-21T14:00:00Z,TARGET,1.619047619047698,SAME,TARGET +1.619,
V2_STRICT,V1_TRADE,EUR/USD_2025-11-01,1h,demand,2025-10-14T18:00:00Z,2025-10-21T18:00:00Z,S2_CLOSE,-2.04761904761844,REMOVED,,SLOT_OCCUPIED by 4h 2025-10-21T16:00:00Z (recovered suppressed trade)
V2_STRICT,V1_TRADE,EUR/USD_2025-11-01,1h,supply,2025-10-21T13:00:00Z,2025-10-21T21:00:00Z,TARGET,1.7697841726618342,SAME,TARGET +1.770,
V2_STRICT,V1_TRADE,EUR/USD_2025-11-01,1h,supply,2025-10-21T13:00:00Z,2025-10-22T14:00:00Z,S2_CLOSE,-1.6043165467628997,SAME,S2_CLOSE -1.604,
V2_STRICT,V1_TRADE,EUR/USD_2025-11-01,1h,demand,2025-10-22T11:00:00Z,2025-10-23T10:00:00Z,TARGET,1.500000000000153,SAME,TARGET +1.500,
V2_STRICT,V1_TRADE,EUR/USD_2025-11-01,1h,supply,2025-10-22T16:00:00Z,2025-10-23T14:00:00Z,TARGET,1.632183908045946,SAME,TARGET +1.632,
V2_STRICT,V1_TRADE,EUR/USD_2025-11-01,1h,supply,2025-10-22T16:00:00Z,2025-10-23T16:00:00Z,TARGET,1.632183908045946,SAME,TARGET +1.632,
V2_STRICT,V1_TRADE,EUR/USD_2025-11-01,1h,demand,2025-10-26T22:00:00Z,2025-10-27T03:00:00Z,S2_CLOSE,-1.8666666666664427,SAME,S2_CLOSE -1.867,
V2_STRICT,V1_TRADE,EUR/USD_2025-11-01,1h,demand,2025-10-24T15:00:00Z,2025-10-27T06:00:00Z,S2_CLOSE,-1.4202898550724976,SAME,S2_CLOSE -1.420,
V2_STRICT,V1_TRADE,EUR/USD_2025-11-01,1h,supply,2025-10-21T00:00:00Z,2025-10-27T12:00:00Z,TARGET,1.7310924369747451,SAME,TARGET +1.731,
V2_STRICT,V1_TRADE,EUR/USD_2025-11-01,1h,supply,2025-10-20T11:00:00Z,2025-10-27T18:00:00Z,S2_CLOSE,-1.5123966942146936,SAME,S2_CLOSE -1.512,
V2_STRICT,V1_TRADE,EUR/USD_2025-11-01,1h,supply,2025-10-20T11:00:00Z,2025-10-27T22:00:00Z,S2_CLOSE,-1.5123966942146936,REMOVED,,SLOT_OCCUPIED by 1h 2025-10-27T18:00:00Z
V2_STRICT,V1_TRADE,EUR/USD_2025-11-01,1h,supply,2025-10-20T08:00:00Z,2025-10-28T02:00:00Z,S2_CLOSE,-1.476190476190473,SAME,S2_CLOSE -1.476,
V2_STRICT,V1_TRADE,EUR/USD_2025-11-01,1h,demand,2025-10-27T17:00:00Z,2025-10-28T12:00:00Z,TARGET,1.4181818181818715,SHIFTED,2025-10-28T14:00:00Z TARGET +1.418,same zone entered on a different bar
V2_STRICT,V1_TRADE,EUR/USD_2025-11-01,1h,demand,2025-10-27T17:00:00Z,2025-10-29T03:00:00Z,S2_CLOSE,-2.309090909090709,SAME,S2_CLOSE -2.309,
V2_STRICT,V1_TRADE,EUR/USD_2025-11-01,1h,demand,2025-10-28T13:00:00Z,2025-10-29T05:00:00Z,S2_CLOSE,-1.273972602739736,SAME,S2_CLOSE -1.274,
V2_STRICT,V1_TRADE,EUR/USD_2025-11-01,1h,demand,2025-10-22T11:00:00Z,2025-10-29T18:00:00Z,TARGET,1.500000000000153,REMOVED,,OTHER_ZONE_TAKEN_ON_BAR (2025-10-24T05:00:00Z)
V2_STRICT,V1_TRADE,EUR/USD_2025-11-01,4h,supply,2025-07-08T05:00:00Z,2025-07-23T05:00:00Z,TARGET,1.903614457831325,SHIFTED,2025-07-22T21:00:00Z TARGET +1.904,same zone entered on a different bar
V2_STRICT,V1_TRADE,EUR/USD_2025-11-01,4h,supply,2025-07-04T01:00:00Z,2025-07-24T05:00:00Z,TARGET,1.8699186991869987,REMOVED,,SLOT_OCCUPIED by 1h 2025-07-23T18:00:00Z
V2_STRICT,V1_TRADE,EUR/USD_2025-11-01,4h,supply,2025-07-04T01:00:00Z,2025-07-24T13:00:00Z,TARGET,1.8699186991869987,REMOVED,,SLOT_OCCUPIED by 1h 2025-07-24T13:00:00Z (recovered suppressed trade)
V2_STRICT,V1_TRADE,EUR/USD_2025-11-01,4h,demand,2025-06-24T05:00:00Z,2025-07-28T13:00:00Z,S2_CLOSE,-1.5555555555556415,REMOVED,,NO_ENTRY_AT_BAR (older zone touched first and never filled)
V2_STRICT,V1_TRADE,EUR/USD_2025-11-01,4h,demand,2025-07-17T13:00:00Z,2025-07-28T21:00:00Z,S2_CLOSE,-1.8047808764940338,SAME,S2_CLOSE -1.805,
V2_STRICT,V1_TRADE,EUR/USD_2025-11-01,4h,supply,2025-07-29T21:00:00Z,2025-08-01T09:00:00Z,TARGET,1.8565022421524633,REMOVED,,NO_ENTRY_AT_BAR (older zone touched first and never filled)
V2_STRICT,V1_TRADE,EUR/USD_2025-11-01,4h,supply,2025-07-29T01:00:00Z,2025-08-01T13:00:00Z,TARGET,1.8688524590163933,SAME,TARGET +1.869,
V2_STRICT,V1_TRADE,EUR/USD_2025-11-01,4h,supply,2025-07-29T01:00:00Z,2025-08-01T21:00:00Z,TARGET,1.8688524590163933,SAME,TARGET +1.869,
V2_STRICT,V1_TRADE,EUR/USD_2025-11-01,4h,supply,2025-07-29T01:00:00Z,2025-08-06T05:00:00Z,S2_CLOSE,-3.1803278688525993,REMOVED,,SLOT_OCCUPIED by 1h 2025-08-06T03:00:00Z
V2_STRICT,V1_TRADE,EUR/USD_2025-11-01,4h,demand,2025-08-06T21:00:00Z,2025-08-07T09:00:00Z,S2_CLOSE,-2.8571428571431436,SAME,S2_CLOSE -2.857,
V2_STRICT,V1_TRADE,EUR/USD_2025-11-01,4h,demand,2025-08-14T13:00:00Z,2025-08-19T05:00:00Z,TARGET,1.9230769230769178,SAME,TARGET +1.923,
V2_STRICT,V1_TRADE,EUR/USD_2025-11-01,4h,demand,2025-08-14T13:00:00Z,2025-08-20T09:00:00Z,S2_CLOSE,-1.9711538461538987,SHIFTED,2025-08-20T17:00:00Z S2_CLOSE -1.971,same zone entered on a different bar
V2_STRICT,V1_TRADE,EUR/USD_2025-11-01,4h,supply,2025-08-21T21:00:00Z,2025-08-22T09:00:00Z,S2_CLOSE,-15.161073825503303,SAME,S2_CLOSE -15.161,
V2_STRICT,V1_TRADE,EUR/USD_2025-11-01,4h,supply,2025-08-13T05:00:00Z,2025-08-24T21:00:00Z,TARGET,1.9284116331096193,REMOVED,,OTHER_ZONE_TAKEN_ON_BAR (2025-08-13T13:00:00Z)
V2_STRICT,V1_TRADE,EUR/USD_2025-11-01,4h,supply,2025-08-22T13:00:00Z,2025-08-28T13:00:00Z,S2_CLOSE,-1.0667160859896074,SAME,S2_CLOSE -1.067,
V2_STRICT,V1_TRADE,EUR/USD_2025-11-01,4h,demand,2025-08-28T01:00:00Z,2025-09-02T05:00:00Z,S2_CLOSE,-3.7228915662646935,REMOVED,,NO_ENTRY_AT_BAR (older zone touched first and never filled)
V2_STRICT,V1_TRADE,EUR/USD_2025-11-01,4h,demand,2025-09-10T05:00:00Z,2025-09-12T09:00:00Z,TARGET,1.896774193548383,SAME,TARGET +1.897,
V2_STRICT,V1_TRADE,EUR/USD_2025-11-01,4h,supply,2025-07-01T05:00:00Z,2025-09-16T09:00:00Z,S2_CLOSE,-2.936381709741513,SAME,S2_CLOSE -2.936,
V2_STRICT,V1_TRADE,EUR/USD_2025-11-01,4h,demand,2025-09-15T13:00:00Z,2025-09-18T13:00:00Z,TARGET,1.8649789029535855,REMOVED,,SLOT_OCCUPIED by 1h 2025-09-18T13:00:00Z (recovered suppressed trade)
V2_STRICT,V1_TRADE,EUR/USD_2025-11-01,4h,demand,2025-09-22T01:00:00Z,2025-09-24T17:00:00Z,TARGET,1.7808219178081883,REMOVED,,SLOT_OCCUPIED by 1h 2025-09-24T16:00:00Z
V2_STRICT,V1_TRADE,EUR/USD_2025-11-01,4h,demand,2025-09-19T09:00:00Z,2025-09-25T01:00:00Z,S2_CLOSE,-2.619047619047417,SAME,S2_CLOSE -2.619,
V2_STRICT,V1_TRADE,EUR/USD_2025-11-01,4h,supply,2025-09-25T01:00:00Z,2025-09-29T09:00:00Z,TARGET,1.7538461538460846,REMOVED,,SLOT_OCCUPIED by 1h 2025-09-29T12:00:00Z
V2_STRICT,V1_TRADE,EUR/USD_2025-11-01,4h,supply,2025-10-06T00:00:00Z,2025-10-06T12:00:00Z,TARGET,1.8446601941747702,SAME,TARGET +1.845,
V2_STRICT,V1_TRADE,EUR/USD_2025-11-01,4h,supply,2025-10-06T00:00:00Z,2025-10-06T20:00:00Z,TARGET,1.8446601941747702,REMOVED,,SLOT_OCCUPIED by 4h 2025-10-06T12:00:00Z
V2_STRICT,V1_TRADE,EUR/USD_2025-11-01,4h,demand,2025-09-02T09:00:00Z,2025-10-08T00:00:00Z,S2_CLOSE,-1.2777777777777553,SHIFTED,2025-10-08T08:00:00Z S2_CLOSE -1.278,same zone entered on a different bar
V2_STRICT,V1_TRADE,EUR/USD_2025-11-01,4h,supply,2025-10-09T08:00:00Z,2025-10-13T00:00:00Z,TARGET,1.867768595041315,SHIFTED,2025-10-14T20:00:00Z S2_CLOSE -1.826,same zone entered on a different bar
V2_STRICT,V1_TRADE,EUR/USD_2025-11-01,4h,supply,2025-10-09T00:00:00Z,2025-10-15T04:00:00Z,TARGET,1.8358974358974272,REMOVED,,SLOT_OCCUPIED by 4h 2025-10-14T20:00:00Z
V2_STRICT,V1_TRADE,EUR/USD_2025-11-01,4h,supply,2025-10-09T00:00:00Z,2025-10-15T12:00:00Z,S2_CLOSE,-1.3794871794872443,SAME,S2_CLOSE -1.379,
V2_STRICT,V1_TRADE,EUR/USD_2025-11-01,4h,supply,2025-10-07T12:00:00Z,2025-10-16T04:00:00Z,S2_CLOSE,-1.8359375000000078,SHIFTED,2025-10-16T12:00:00Z S2_CLOSE -1.836,same zone entered on a different bar
V2_STRICT,V1_TRADE,EUR/USD_2025-11-01,4h,demand,2025-10-16T04:00:00Z,2025-10-17T20:00:00Z,S2_CLOSE,-1.3196721311475024,REMOVED,,SLOT_OCCUPIED by 1h 2025-10-17T12:00:00Z
V2_STRICT,V1_TRADE,EUR/USD_2025-11-01,4h,demand,2025-10-14T16:00:00Z,2025-10-21T08:00:00Z,TARGET,1.7611940298507278,REMOVED,,SLOT_OCCUPIED by 1h 2025-10-21T08:00:00Z
V2_STRICT,V1_TRADE,EUR/USD_2025-11-01,4h,supply,2025-10-21T12:00:00Z,2025-10-23T16:00:00Z,S2_CLOSE,-1.2277227722769821,REMOVED,,NO_ENTRY_AT_BAR (older zone touched first and never filled)
V2_STRICT,V1_TRADE,EUR/USD_2025-11-01,4h,demand,2025-10-27T04:00:00Z,2025-10-28T12:00:00Z,TARGET,1.7288135593220755,SAME,TARGET +1.729,
V2_STRICT,V1_TRADE,EUR/USD_2025-11-01,4h,demand,2025-10-14T04:00:00Z,2025-10-30T20:00:00Z,S2_CLOSE,-1.157480314960624,SAME,S2_CLOSE -1.157,
V2_STRICT,V1_TRADE,BTC/USD_2022-07-01,1h,supply,2022-04-17T19:00:00Z,2022-04-18T17:00:00Z,TARGET,1.2369311499770796,REMOVED,,OTHER_ZONE_TAKEN_ON_BAR (2022-04-18T03:00:00Z)
V2_STRICT,V1_TRADE,BTC/USD_2022-07-01,1h,demand,2022-04-21T09:00:00Z,2022-04-21T16:00:00Z,S2_CLOSE,-4.668985652818488,REMOVED,,LOOKAHEAD_DEPENDENCY: VOL_HIGH_ONLY_WITH_TOUCH_BAR
V2_STRICT,V1_TRADE,BTC/USD_2022-07-01,1h,demand,2022-04-21T05:00:00Z,2022-04-21T17:00:00Z,S2_CLOSE,-3.585504747113506,SAME,S2_CLOSE -3.586,
V2_STRICT,V1_TRADE,BTC/USD_2022-07-01,1h,demand,2022-04-19T07:00:00Z,2022-04-21T20:00:00Z,TARGET,0.4790870221741961,REMOVED,,OTHER_ZONE_TAKEN_ON_BAR (2022-04-19T05:00:00Z)
V2_STRICT,V1_TRADE,BTC/USD_2022-07-01,1h,supply,2022-04-21T21:00:00Z,2022-04-22T06:00:00Z,TARGET,1.0332741088997324,SAME,TARGET +1.033,
V2_STRICT,V1_TRADE,BTC/USD_2022-07-01,1h,supply,2022-04-21T21:00:00Z,2022-04-22T08:00:00Z,TARGET,1.0332741088997324,SAME,TARGET +1.033,
V2_STRICT,V1_TRADE,BTC/USD_2022-07-01,1h,demand,2022-04-18T04:00:00Z,2022-04-22T16:00:00Z,S2_CLOSE,-1.4521186389270615,SAME,S2_CLOSE -1.452,
V2_STRICT,V1_TRADE,BTC/USD_2022-07-01,1h,supply,2022-04-25T03:00:00Z,2022-04-25T13:00:00Z,TARGET,0.6982554581405918,SAME,TARGET +0.698,
V2_STRICT,V1_TRADE,BTC/USD_2022-07-01,1h,supply,2022-04-25T03:00:00Z,2022-04-25T15:00:00Z,TARGET,0.6982554581405918,SAME,TARGET +0.698,
V2_STRICT,V1_TRADE,BTC/USD_2022-07-01,1h,supply,2022-04-24T14:00:00Z,2022-04-25T16:00:00Z,S2_CLOSE,-1.604904302679621,SAME,S2_CLOSE -1.605,
V2_STRICT,V1_TRADE,BTC/USD_2022-07-01,1h,demand,2022-04-25T08:00:00Z,2022-04-26T16:00:00Z,TARGET,0.5575105914252245,REMOVED,,LOOKAHEAD_DEPENDENCY: VOL_HIGH_ONLY_WITH_TOUCH_BAR
V2_STRICT,V1_TRADE,BTC/USD_2022-07-01,1h,supply,2022-05-10T17:00:00Z,2022-05-11T02:00:00Z,TARGET,1.670442171064728,SAME,TARGET +1.670,
V2_STRICT,V1_TRADE,BTC/USD_2022-07-01,1h,supply,2022-05-10T17:00:00Z,2022-05-11T06:00:00Z,TARGET,1.670442171064728,REMOVED,,SLOT_OCCUPIED by 1h 2022-05-11T02:00:00Z
V2_STRICT,V1_TRADE,BTC/USD_2022-07-01,1h,supply,2022-05-10T12:00:00Z,2022-05-11T11:00:00Z,TARGET,1.7296366107033732,SAME,TARGET +1.730,
V2_STRICT,V1_TRADE,BTC/USD_2022-07-01,1h,supply,2022-05-10T12:00:00Z,2022-05-11T14:00:00Z,TARGET,1.7296366107033732,SAME,TARGET +1.730,
V2_STRICT,V1_TRADE,BTC/USD_2022-07-01,1h,supply,2022-05-11T18:00:00Z,2022-05-12T00:00:00Z,TARGET,1.5898346562404932,SAME,TARGET +1.590,
V2_STRICT,V1_TRADE,BTC/USD_2022-07-01,1h,supply,2022-05-12T00:00:00Z,2022-05-12T14:00:00Z,TARGET,1.848158546129342,SAME,TARGET +1.848,
V2_STRICT,V1_TRADE,BTC/USD_2022-07-01,1h,supply,2022-05-12T00:00:00Z,2022-05-12T16:00:00Z,TARGET,1.848158546129342,REMOVED,,SLOT_OCCUPIED by 1h 2022-05-12T14:00:00Z
V2_STRICT,V1_TRADE,BTC/USD_2022-07-01,1h,supply,2022-05-12T00:00:00Z,2022-05-13T01:00:00Z,S2_CLOSE,-1.8673676206950995,SAME,S2_CLOSE -1.867,
V2_STRICT,V1_TRADE,BTC/USD_2022-07-01,1h,supply,2022-05-14T01:00:00Z,2022-05-14T16:00:00Z,S2_CLOSE,-3.514022284796127,SAME,S2_CLOSE -3.514,
V2_STRICT,V1_TRADE,BTC/USD_2022-07-01,1h,supply,2022-05-14T01:00:00Z,2022-05-14T18:00:00Z,S2_CLOSE,-3.514022284796127,REMOVED,,SLOT_OCCUPIED by 1h 2022-05-14T16:00:00Z
V2_STRICT,V1_TRADE,BTC/USD_2022-07-01,1h,demand,2022-05-14T19:00:00Z,2022-05-16T06:00:00Z,TARGET,1.417353305616312,SHIFTED,2022-05-16T16:00:00Z TARGET +1.417,same zone entered on a different bar
V2_STRICT,V1_TRADE,BTC/USD_2022-07-01,1h,supply,2022-05-16T04:00:00Z,2022-05-17T03:00:00Z,S2_CLOSE,-2.28786090462357,SAME,S2_CLOSE -2.288,
V2_STRICT,V1_TRADE,BTC/USD_2022-07-01,1h,demand,2022-05-14T15:00:00Z,2022-05-18T15:00:00Z,TARGET,1.3656392380451665,REMOVED,,SLOT_OCCUPIED by 1h 2022-05-18T14:00:00Z
V2_STRICT,V1_TRADE,BTC/USD_2022-07-01,1h,demand,2022-05-14T13:00:00Z,2022-05-18T16:00:00Z,TARGET,1.5042078923473483,SAME,TARGET +1.504,
V2_STRICT,V1_TRADE,BTC/USD_2022-07-01,1h,demand,2022-05-14T13:00:00Z,2022-05-18T22:00:00Z,S2_CLOSE,-2.0151602835789006,SAME,S2_CLOSE -2.015,
V2_STRICT,V1_TRADE,BTC/USD_2022-07-01,1h,supply,2022-05-18T19:00:00Z,2022-05-19T06:00:00Z,TARGET,1.4079086012925945,SAME,TARGET +1.408,
V2_STRICT,V1_TRADE,BTC/USD_2022-07-01,1h,supply,2022-05-17T12:00:00Z,2022-05-19T15:00:00Z,TARGET,1.4475769372603597,SAME,TARGET +1.448,
V2_STRICT,V1_TRADE,BTC/USD_2022-07-01,1h,supply,2022-05-17T12:00:00Z,2022-05-19T21:00:00Z,TARGET,1.4475769372603597,SAME,TARGET +1.448,
V2_STRICT,V1_TRADE,BTC/USD_2022-07-01,1h,supply,2022-05-17T09:00:00Z,2022-05-20T01:00:00Z,TARGET,0.7986746897440846,REMOVED,,OTHER_ZONE_TAKEN_ON_BAR (2022-05-17T12:00:00Z)
V2_STRICT,V1_TRADE,BTC/USD_2022-07-01,1h,demand,2022-05-19T08:00:00Z,2022-05-20T15:00:00Z,S2_CLOSE,-2.567177127420778,SAME,S2_CLOSE -2.567,
V2_STRICT,V1_TRADE,BTC/USD_2022-07-01,1h,demand,2022-05-18T23:00:00Z,2022-05-20T16:00:00Z,TARGET,1.5972919786226556,SHIFTED,2022-05-20T18:00:00Z TARGET +1.597,same zone entered on a different bar
V2_STRICT,V1_TRADE,BTC/USD_2022-07-01,1h,supply,2022-05-23T20:00:00Z,2022-05-24T02:00:00Z,TARGET,1.5492205984788654,SAME,TARGET +1.549,
V2_STRICT,V1_TRADE,BTC/USD_2022-07-01,1h,supply,2022-05-23T20:00:00Z,2022-05-24T19:00:00Z,S2_CLOSE,-1.466499936538374,REMOVED,,LOOKAHEAD_DEPENDENCY: VOL_HIGH_ONLY_WITH_TOUCH_BAR
V2_STRICT,V1_TRADE,BTC/USD_2022-07-01,1h,demand,2022-05-18T23:00:00Z,2022-05-26T13:00:00Z,TARGET,1.5972919786226556,SAME,TARGET +1.597,
V2_STRICT,V1_TRADE,BTC/USD_2022-07-01,1h,demand,2022-05-18T23:00:00Z,2022-05-27T02:00:00Z,TARGET,1.5972919786226556,SAME,TARGET +1.597,
V2_STRICT,V1_TRADE,BTC/USD_2022-07-01,1h,demand,2022-05-18T23:00:00Z,2022-05-27T14:00:00Z,S2_CLOSE,-2.867895646543419,SAME,S2_CLOSE -2.868,
V2_STRICT,V1_TRADE,BTC/USD_2022-07-01,1h,demand,2022-05-18T23:00:00Z,2022-05-27T16:00:00Z,S2_CLOSE,-2.867895646543419,REMOVED,,SLOT_OCCUPIED by 1h 2022-05-27T14:00:00Z
V2_STRICT,V1_TRADE,BTC/USD_2022-07-01,1h,supply,2022-05-27T15:00:00Z,2022-05-27T19:00:00Z,S2_CLOSE,-2.0120198634904773,REMOVED,,NO_ENTRY_AT_BAR (older zone touched first and never filled)
V2_STRICT,V1_TRADE,BTC/USD_2022-07-01,1h,supply,2022-05-27T15:00:00Z,2022-05-27T21:00:00Z,S2_CLOSE,-2.0120198634904773,SAME,S2_CLOSE -2.012,
V2_STRICT,V1_TRADE,BTC/USD_2022-07-01,1h,supply,2022-05-10T12:00:00Z,2022-05-30T21:00:00Z,TARGET,1.7296366107033732,SHIFTED,2022-05-31T22:00:00Z TARGET +1.730,same zone entered on a different bar
V2_STRICT,V1_TRADE,BTC/USD_2022-07-01,1h,demand,2022-05-30T00:00:00Z,2022-06-07T03:00:00Z,TARGET,0.8456379141080195,SAME,TARGET +0.846,
V2_STRICT,V1_TRADE,BTC/USD_2022-07-01,1h,demand,2022-06-03T14:00:00Z,2022-06-07T07:00:00Z,TARGET,1.559322868926367,SAME,TARGET +1.559,
V2_STRICT,V1_TRADE,BTC/USD_2022-07-01,1h,supply,2022-06-06T15:00:00Z,2022-06-07T21:00:00Z,TARGET,1.450416639184136,SAME,TARGET +1.450,
V2_STRICT,V1_TRADE,BTC/USD_2022-07-01,1h,demand,2022-05-29T09:00:00Z,2022-06-10T20:00:00Z,TARGET,0.4843153471855346,REMOVED,,LOOKAHEAD_DEPENDENCY: VOL_HIGH_ONLY_WITH_TOUCH_BAR
V2_STRICT,V1_TRADE,BTC/USD_2022-07-01,1h,demand,2022-05-12T13:00:00Z,2022-06-11T21:00:00Z,S2_CLOSE,-2.3152382722719054,SAME,S2_CLOSE -2.315,
V2_STRICT,V1_TRADE,BTC/USD_2022-07-01,1h,demand,2022-05-12T06:00:00Z,2022-06-12T04:00:00Z,S2_CLOSE,-2.0816982150681382,SAME,S2_CLOSE -2.082,
V2_STRICT,V1_TRADE,BTC/USD_2022-07-01,1h,supply,2022-06-15T06:00:00Z,2022-06-15T11:00:00Z,S2_CLOSE,-2.1095044352772248,SAME,S2_CLOSE -2.110,
V2_STRICT,V1_TRADE,BTC/USD_2022-07-01,1h,supply,2022-06-14T15:00:00Z,2022-06-15T23:00:00Z,TARGET,1.7048255208801035,SAME,TARGET +1.705,
V2_STRICT,V1_TRADE,BTC/USD_2022-07-01,1h,supply,2022-06-16T12:00:00Z,2022-06-17T07:00:00Z,TARGET,1.772776919360203,SAME,TARGET +1.773,
V2_STRICT,V1_TRADE,BTC/USD_2022-07-01,1h,supply,2022-06-18T10:00:00Z,2022-06-18T22:00:00Z,TARGET,1.674937141385826,SAME,TARGET +1.675,
V2_STRICT,V1_TRADE,BTC/USD_2022-07-01,1h,supply,2022-06-19T10:00:00Z,2022-06-19T14:00:00Z,S2_CLOSE,-1.6603803906078318,SAME,S2_CLOSE -1.660,
V2_STRICT,V1_TRADE,BTC/USD_2022-07-01,1h,supply,2022-06-17T20:00:00Z,2022-06-19T20:00:00Z,TARGET,1.3211257304970405,SAME,TARGET +1.321,
V2_STRICT,V1_TRADE,BTC/USD_2022-07-01,1h,supply,2022-06-17T20:00:00Z,2022-06-19T22:00:00Z,TARGET,1.3211257304970405,SAME,TARGET +1.321,
V2_STRICT,V1_TRADE,BTC/USD_2022-07-01,1h,demand,2022-06-20T01:00:00Z,2022-06-20T19:00:00Z,TARGET,1.7513269428794207,SAME,TARGET +1.751,
V2_STRICT,V1_TRADE,BTC/USD_2022-07-01,1h,supply,2022-06-16T12:00:00Z,2022-06-21T07:00:00Z,S2_CLOSE,-1.6754534865237054,SAME,S2_CLOSE -1.675,
V2_STRICT,V1_TRADE,BTC/USD_2022-07-01,1h,demand,2022-06-20T17:00:00Z,2022-06-22T07:00:00Z,TARGET,1.7194669092622696,REMOVED,,SLOT_OCCUPIED by 4h 2022-06-22T04:00:00Z
V2_STRICT,V1_TRADE,BTC/USD_2022-07-01,1h,supply,2022-06-28T16:00:00Z,2022-07-01T00:00:00Z,TARGET,1.3787002134076958,REMOVED,,SLOT_OCCUPIED by 4h 2022-07-01T00:00:00Z
V2_STRICT,V1_TRADE,BTC/USD_2022-07-01,4h,demand,2022-03-07T16:00:00Z,2022-04-26T20:00:00Z,S2_CLOSE,-1.38854741188941,REMOVED,,OTHER_ZONE_TAKEN_ON_BAR (2022-03-13T20:00:00Z)
V2_STRICT,V1_TRADE,BTC/USD_2022-07-01,4h,demand,2022-02-24T00:00:00Z,2022-05-06T04:00:00Z,S2_CLOSE,-1.2787316769269361,SHIFTED,2022-05-06T20:00:00Z S2_CLOSE -1.279,same zone entered on a different bar
V2_STRICT,V1_TRADE,BTC/USD_2022-07-01,4h,supply,2022-05-13T00:00:00Z,2022-05-15T00:00:00Z,S2_CLOSE,-1.700899160659967,SHIFTED,2022-05-15T08:00:00Z S2_CLOSE -1.701,same zone entered on a different bar
V2_STRICT,V1_TRADE,BTC/USD_2022-07-01,4h,demand,2022-06-07T00:00:00Z,2022-06-08T16:00:00Z,S2_CLOSE,-1.3223321004048179,SAME,S2_CLOSE -1.322,
V2_STRICT,V1_TRADE,BTC/USD_2022-07-01,4h,supply,2022-06-18T00:00:00Z,2022-06-19T20:00:00Z,TARGET,1.7169711548259319,REMOVED,,SLOT_OCCUPIED by 1h 2022-06-19T20:00:00Z
V2_STRICT,V1_TRADE,BTC/USD_2022-07-01,4h,demand,2022-06-20T00:00:00Z,2022-06-22T12:00:00Z,TARGET,1.871801689830259,SHIFTED,2022-06-22T04:00:00Z TARGET +1.872,same zone entered on a different bar
V2_STRICT,V1_TRADE,BTC/USD_2022-07-01,4h,supply,2022-06-21T12:00:00Z,2022-06-24T00:00:00Z,S2_CLOSE,-1.1690713140923341,SAME,S2_CLOSE -1.169,
V2_STRICT,V1_TRADE,BTC/USD_2022-07-01,4h,supply,2022-06-29T00:00:00Z,2022-07-01T00:00:00Z,TARGET,1.4013255971714251,REMOVED,,OTHER_ZONE_TAKEN_ON_BAR (2022-06-29T16:00:00Z)
V2_STRICT,V1_TRADE,BTC/USD_2025-04-01,1h,demand,2025-01-17T13:00:00Z,2025-01-18T04:00:00Z,TARGET,0.8947944578961875,SAME,TARGET +0.895,
V2_STRICT,V1_TRADE,BTC/USD_2025-04-01,1h,demand,2025-01-18T05:00:00Z,2025-01-18T17:00:00Z,TARGET,1.3498099789133702,SAME,TARGET +1.350,
V2_STRICT,V1_TRADE,BTC/USD_2025-04-01,1h,demand,2025-01-17T03:00:00Z,2025-01-19T22:00:00Z,TARGET,0.15029871634601388,REMOVED,,OTHER_ZONE_TAKEN_ON_BAR (2025-01-18T07:00:00Z)
V2_STRICT,V1_TRADE,BTC/USD_2025-04-01,1h,demand,2025-01-16T18:00:00Z,2025-01-19T23:00:00Z,TARGET,1.2620549762448379,REMOVED,,OTHER_ZONE_TAKEN_ON_BAR (2025-01-18T05:00:00Z)
V2_STRICT,V1_TRADE,BTC/USD_2025-04-01,1h,demand,2025-01-16T18:00:00Z,2025-01-20T01:00:00Z,TARGET,1.2620549762448379,SAME,TARGET +1.262,
V2_STRICT,V1_TRADE,BTC/USD_2025-04-01,1h,demand,2025-01-20T00:00:00Z,2025-01-20T17:00:00Z,TARGET,1.7162756531670227,SAME,TARGET +1.716,
V2_STRICT,V1_TRADE,BTC/USD_2025-04-01,1h,demand,2025-01-16T14:00:00Z,2025-01-27T10:00:00Z,TARGET,1.6947405979681898,SAME,TARGET +1.695,
V2_STRICT,V1_TRADE,BTC/USD_2025-04-01,1h,supply,2025-01-27T14:00:00Z,2025-01-27T20:00:00Z,S2_CLOSE,-1.350483836557574,SAME,S2_CLOSE -1.350,
V2_STRICT,V1_TRADE,BTC/USD_2025-04-01,1h,demand,2025-01-16T14:00:00Z,2025-02-02T16:00:00Z,S2_CLOSE,-1.5748824939800117,REMOVED,,LOOKAHEAD_DEPENDENCY: VOL_HIGH_ONLY_WITH_TOUCH_BAR
V2_STRICT,V1_TRADE,BTC/USD_2025-04-01,1h,demand,2025-01-15T02:00:00Z,2025-02-02T19:00:00Z,TARGET,1.1886329986491904,SHIFTED,2025-02-02T17:00:00Z TARGET +1.189,same zone entered on a different bar
V2_STRICT,V1_TRADE,BTC/USD_2025-04-01,1h,supply,2025-02-25T08:00:00Z,2025-02-25T13:00:00Z,TARGET,1.456424699130541,REMOVED,,SLOT_OCCUPIED by 4h 2025-02-25T12:00:00Z (recovered suppressed trade)
V2_STRICT,V1_TRADE,BTC/USD_2025-04-01,1h,supply,2025-02-26T14:00:00Z,2025-02-27T07:00:00Z,TARGET,1.7763377622588397,SAME,TARGET +1.776,
V2_STRICT,V1_TRADE,BTC/USD_2025-04-01,1h,supply,2025-02-27T22:00:00Z,2025-02-28T15:00:00Z,TARGET,1.4234868326591,REMOVED,,SLOT_OCCUPIED by 4h 2025-02-28T12:00:00Z
V2_STRICT,V1_TRADE,BTC/USD_2025-04-01,1h,supply,2025-02-27T22:00:00Z,2025-02-28T17:00:00Z,TARGET,1.4234868326591,REMOVED,,SLOT_OCCUPIED by 4h 2025-02-28T12:00:00Z
V2_STRICT,V1_TRADE,BTC/USD_2025-04-01,1h,supply,2025-02-27T22:00:00Z,2025-02-28T19:00:00Z,S2_CLOSE,-2.6746386302775034,REMOVED,,SLOT_OCCUPIED by 4h 2025-02-28T12:00:00Z
V2_STRICT,V1_TRADE,BTC/USD_2025-04-01,1h,supply,2025-02-27T15:00:00Z,2025-03-01T03:00:00Z,S2_CLOSE,-1.399621742857703,REMOVED,,SLOT_OCCUPIED by 4h 2025-02-28T12:00:00Z
V2_STRICT,V1_TRADE,BTC/USD_2025-04-01,1h,supply,2025-02-24T17:00:00Z,2025-03-02T17:00:00Z,TARGET,1.3438946202312665,REMOVED,,NO_ENTRY_AT_BAR (older zone touched first and never filled)
V2_STRICT,V1_TRADE,BTC/USD_2025-04-01,1h,demand,2025-03-02T18:00:00Z,2025-03-03T01:00:00Z,S2_CLOSE,-1.9811745889034569,SAME,S2_CLOSE -1.981,
V2_STRICT,V1_TRADE,BTC/USD_2025-04-01,1h,demand,2025-03-02T14:00:00Z,2025-03-03T21:00:00Z,TARGET,1.404478054897583,SAME,TARGET +1.404,
V2_STRICT,V1_TRADE,BTC/USD_2025-04-01,1h,demand,2025-03-04T20:00:00Z,2025-03-05T08:00:00Z,TARGET,1.754742940576491,SAME,TARGET +1.755,
V2_STRICT,V1_TRADE,BTC/USD_2025-04-01,1h,supply,2025-03-03T17:00:00Z,2025-03-05T12:00:00Z,TARGET,1.5011617647058824,SAME,TARGET +1.501,
V2_STRICT,V1_TRADE,BTC/USD_2025-04-01,1h,demand,2025-03-04T20:00:00Z,2025-03-05T16:00:00Z,TARGET,1.754742940576491,SAME,TARGET +1.755,
V2_STRICT,V1_TRADE,BTC/USD_2025-04-01,1h,supply,2025-03-03T17:00:00Z,2025-03-05T21:00:00Z,S2_CLOSE,-1.6039669117647102,SAME,S2_CLOSE -1.604,
V2_STRICT,V1_TRADE,BTC/USD_2025-04-01,1h,demand,2025-03-05T21:00:00Z,2025-03-06T12:00:00Z,S2_CLOSE,-2.651186255485965,SAME,S2_CLOSE -2.651,
V2_STRICT,V1_TRADE,BTC/USD_2025-04-01,1h,demand,2025-03-05T15:00:00Z,2025-03-06T18:00:00Z,TARGET,1.6722819913089515,SAME,TARGET +1.672,
V2_STRICT,V1_TRADE,BTC/USD_2025-04-01,1h,demand,2025-03-07T03:00:00Z,2025-03-07T16:00:00Z,TARGET,1.428227488721143,SAME,TARGET +1.428,
V2_STRICT,V1_TRADE,BTC/USD_2025-04-01,1h,demand,2025-03-07T00:00:00Z,2025-03-07T17:00:00Z,S2_CLOSE,-1.1000500529777082,SHIFTED,2025-03-07T19:00:00Z S2_CLOSE -1.100,same zone entered on a different bar
V2_STRICT,V1_TRADE,BTC/USD_2025-04-01,1h,demand,2025-03-04T13:00:00Z,2025-03-09T20:00:00Z,S2_CLOSE,-1.9613629212869403,SAME,S2_CLOSE -1.961,
V2_STRICT,V1_TRADE,BTC/USD_2025-04-01,1h,supply,2025-03-09T14:00:00Z,2025-03-10T09:00:00Z,TARGET,1.3876393392474764,SAME,TARGET +1.388,
V2_STRICT,V1_TRADE,BTC/USD_2025-04-01,1h,supply,2025-03-09T14:00:00Z,2025-03-10T11:00:00Z,TARGET,1.3876393392474764,SAME,TARGET +1.388,
V2_STRICT,V1_TRADE,BTC/USD_2025-04-01,1h,supply,2025-03-10T15:00:00Z,2025-03-11T06:00:00Z,S2_CLOSE,-1.3280547052172462,SAME,S2_CLOSE -1.328,
V2_STRICT,V1_TRADE,BTC/USD_2025-04-01,1h,supply,2025-03-09T14:00:00Z,2025-03-11T18:00:00Z,TARGET,1.3876393392474764,REMOVED,,SLOT_OCCUPIED by 4h 2025-03-11T16:00:00Z
V2_STRICT,V1_TRADE,BTC/USD_2025-04-01,1h,demand,2025-03-19T20:00:00Z,2025-03-20T05:00:00Z,TARGET,1.216409977248104,SAME,TARGET +1.216,
V2_STRICT,V1_TRADE,BTC/USD_2025-04-01,1h,supply,2025-03-30T09:00:00Z,2025-03-31T18:00:00Z,TARGET,0.09001401030739564,SAME,TARGET +0.090,
V2_STRICT,V1_TRADE,BTC/USD_2025-04-01,4h,supply,2024-12-17T00:00:00Z,2025-01-19T20:00:00Z,TARGET,1.5248446963490396,REMOVED,,LOOKAHEAD_DEPENDENCY: VOL_HIGH_ONLY_WITH_TOUCH_BAR
V2_STRICT,V1_TRADE,BTC/USD_2025-04-01,4h,supply,2024-12-16T16:00:00Z,2025-01-20T04:00:00Z,S2_CLOSE,-1.7681726546606076,REMOVED,,SLOT_OCCUPIED by 1h 2025-01-20T06:00:00Z (recovered suppressed trade)
V2_STRICT,V1_TRADE,BTC/USD_2025-04-01,4h,demand,2025-01-19T20:00:00Z,2025-01-20T20:00:00Z,S2_CLOSE,-1.2695950260160138,SAME,S2_CLOSE -1.270,
V2_STRICT,V1_TRADE,BTC/USD_2025-04-01,4h,supply,2025-01-23T12:00:00Z,2025-01-28T12:00:00Z,TARGET,1.8695814343585146,REMOVED,,LOOKAHEAD_DEPENDENCY: VOL_HIGH_ONLY_WITH_TOUCH_BAR
V2_STRICT,V1_TRADE,BTC/USD_2025-04-01,4h,demand,2024-12-05T20:00:00Z,2025-02-03T08:00:00Z,S2_CLOSE,-1.3262817949780181,SAME,S2_CLOSE -1.326,
V2_STRICT,V1_TRADE,BTC/USD_2025-04-01,4h,supply,2025-02-27T20:00:00Z,2025-02-28T12:00:00Z,S2_CLOSE,-1.591915793519802,SAME,S2_CLOSE -1.592,
V2_STRICT,V1_TRADE,BTC/USD_2025-04-01,4h,supply,2025-02-27T08:00:00Z,2025-03-01T04:00:00Z,TARGET,1.57877541227194,SAME,TARGET +1.579,
V2_STRICT,V1_TRADE,BTC/USD_2025-04-01,4h,supply,2025-02-27T08:00:00Z,2025-03-02T04:00:00Z,TARGET,1.57877541227194,SAME,TARGET +1.579,
V2_STRICT,V1_TRADE,BTC/USD_2025-04-01,4h,supply,2025-03-10T08:00:00Z,2025-03-11T16:00:00Z,S2_CLOSE,-1.5712653425109153,SAME,S2_CLOSE -1.571,
V2_STRICT,V1_TRADE,BTC/USD_2025-07-01,1h,demand,2025-05-09T03:00:00Z,2025-05-09T16:00:00Z,TARGET,0.5905469097071225,SAME,TARGET +0.591,
V2_STRICT,V1_TRADE,BTC/USD_2025-07-01,1h,demand,2025-05-09T03:00:00Z,2025-05-12T14:00:00Z,TARGET,0.5905469097071225,REMOVED,,LOOKAHEAD_DEPENDENCY: VOL_HIGH_ONLY_WITH_TOUCH_BAR
V2_STRICT,V1_TRADE,BTC/USD_2025-07-01,1h,demand,2025-05-09T03:00:00Z,2025-05-12T16:00:00Z,TARGET,0.5905469097071225,SAME,TARGET +0.591,
V2_STRICT,V1_TRADE,BTC/USD_2025-07-01,1h,demand,2025-05-08T17:00:00Z,2025-05-12T18:00:00Z,TARGET,1.3452413986375853,REMOVED,,OTHER_ZONE_TAKEN_ON_BAR (2025-05-09T03:00:00Z)
V2_STRICT,V1_TRADE,BTC/USD_2025-07-01,1h,supply,2025-05-12T16:00:00Z,2025-05-12T20:00:00Z,TARGET,1.056285766769753,SAME,TARGET +1.056,
V2_STRICT,V1_TRADE,BTC/USD_2025-07-01,1h,supply,2025-05-12T16:00:00Z,2025-05-12T22:00:00Z,TARGET,1.056285766769753,SHIFTED,2025-05-13T08:00:00Z S2_CLOSE -3.113,same zone entered on a different bar
V2_STRICT,V1_TRADE,BTC/USD_2025-07-01,1h,supply,2025-05-10T23:00:00Z,2025-05-16T02:00:00Z,TARGET,1.5572529667763582,SAME,TARGET +1.557,
V2_STRICT,V1_TRADE,BTC/USD_2025-07-01,1h,demand,2025-05-17T01:00:00Z,2025-05-19T04:00:00Z,TARGET,1.1733655335714674,SAME,TARGET +1.173,
V2_STRICT,V1_TRADE,BTC/USD_2025-07-01,1h,demand,2025-05-20T21:00:00Z,2025-05-21T07:00:00Z,TARGET,1.4147044962005852,SAME,TARGET +1.415,
V2_STRICT,V1_TRADE,BTC/USD_2025-07-01,1h,demand,2025-05-20T21:00:00Z,2025-05-21T17:00:00Z,TARGET,1.4147044962005852,SAME,TARGET +1.415,
V2_STRICT,V1_TRADE,BTC/USD_2025-07-01,1h,demand,2025-05-20T21:00:00Z,2025-05-21T19:00:00Z,TARGET,1.4147044962005852,REMOVED,,SLOT_OCCUPIED by 1h 2025-05-21T17:00:00Z
V2_STRICT,V1_TRADE,BTC/USD_2025-07-01,1h,supply,2025-05-23T14:00:00Z,2025-05-23T17:00:00Z,TARGET,0.6499369554074834,SAME,TARGET +0.650,
V2_STRICT,V1_TRADE,BTC/USD_2025-07-01,1h,demand,2025-06-06T07:00:00Z,2025-06-13T00:00:00Z,TARGET,0.5169506893910709,REMOVED,,OTHER_ZONE_TAKEN_ON_BAR (2025-06-08T09:00:00Z)
V2_STRICT,V1_TRADE,BTC/USD_2025-07-01,1h,demand,2025-06-06T07:00:00Z,2025-06-13T02:00:00Z,TARGET,0.5169506893910709,REMOVED,,OTHER_ZONE_TAKEN_ON_BAR (2025-06-06T12:00:00Z)
V2_STRICT,V1_TRADE,BTC/USD_2025-07-01,1h,demand,2025-06-06T12:00:00Z,2025-06-13T04:00:00Z,TARGET,1.207120564669991,SHIFTED,2025-06-13T02:00:00Z TARGET +1.207,same zone entered on a different bar
V2_STRICT,V1_TRADE,BTC/USD_2025-07-01,1h,demand,2025-06-16T12:00:00Z,2025-06-17T02:00:00Z,TARGET,-0.1349999999999998,SAME,TARGET -0.135,
V2_STRICT,V1_TRADE,BTC/USD_2025-07-01,1h,demand,2025-06-16T12:00:00Z,2025-06-17T06:00:00Z,S2_CLOSE,-3.3479333333333487,SAME,S2_CLOSE -3.348,
V2_STRICT,V1_TRADE,BTC/USD_2025-07-01,1h,demand,2025-06-06T12:00:00Z,2025-06-18T19:00:00Z,TARGET,1.207120564669991,REMOVED,,LOOKAHEAD_DEPENDENCY: VOL_HIGH_ONLY_WITH_TOUCH_BAR
V2_STRICT,V1_TRADE,BTC/USD_2025-07-01,1h,demand,2025-06-06T07:00:00Z,2025-06-20T17:00:00Z,TARGET,0.5169506893910709,REMOVED,,LOOKAHEAD_DEPENDENCY: VOL_HIGH_ONLY_WITH_TOUCH_BAR
V2_STRICT,V1_TRADE,BTC/USD_2025-07-01,1h,demand,2025-06-06T07:00:00Z,2025-06-20T19:00:00Z,TARGET,0.5169506893910709,SAME,TARGET +0.517,
V2_STRICT,V1_TRADE,BTC/USD_2025-07-01,1h,supply,2025-06-21T20:00:00Z,2025-06-22T01:00:00Z,TARGET,1.0989857075913836,SAME,TARGET +1.099,
V2_STRICT,V1_TRADE,BTC/USD_2025-07-01,1h,demand,2025-05-08T05:00:00Z,2025-06-22T16:00:00Z,TARGET,0.4457744756618194,SAME,TARGET +0.446,
V2_STRICT,V1_TRADE,BTC/USD_2025-07-01,1h,demand,2025-05-08T05:00:00Z,2025-06-22T19:00:00Z,TARGET,0.4457744756618194,SAME,TARGET +0.446,
V2_STRICT,V1_TRADE,BTC/USD_2025-07-01,1h,supply,2025-06-21T20:00:00Z,2025-06-23T17:00:00Z,S2_CLOSE,-2.0325161668228438,SAME,S2_CLOSE -2.033,
V2_STRICT,V1_TRADE,BTC/USD_2025-07-01,1h,demand,2025-06-24T02:00:00Z,2025-06-24T07:00:00Z,TARGET,1.125535572629182,SAME,TARGET +1.126,
V2_STRICT,V1_TRADE,BTC/USD_2025-07-01,4h,supply,2025-06-22T08:00:00Z,2025-06-23T12:00:00Z,TARGET,1.1510915682618807,SAME,TARGET +1.151,
V2_STRICT,V1_TRADE,BTC/USD_2025-11-01,1h,supply,2025-08-18T05:00:00Z,2025-08-18T12:00:00Z,S2_CLOSE,-3.3353837209302224,SAME,S2_CLOSE -3.335,
V2_STRICT,V1_TRADE,BTC/USD_2025-11-01,1h,demand,2025-08-07T04:00:00Z,2025-08-19T04:00:00Z,TARGET,0.2346503856041131,SAME,TARGET +0.235,
V2_STRICT,V1_TRADE,BTC/USD_2025-11-01,1h,demand,2025-08-06T12:00:00Z,2025-08-19T14:00:00Z,S2_CLOSE,-2.391059019768629,SAME,S2_CLOSE -2.391,
V2_STRICT,V1_TRADE,BTC/USD_2025-11-01,1h,demand,2025-08-05T15:00:00Z,2025-08-19T19:00:00Z,TARGET,0.7826651281406531,REMOVED,,LOOKAHEAD_DEPENDENCY: VOL_HIGH_ONLY_WITH_TOUCH_BAR
V2_STRICT,V1_TRADE,BTC/USD_2025-11-01,1h,demand,2025-08-05T15:00:00Z,2025-08-20T00:00:00Z,TARGET,0.7826651281406531,SAME,TARGET +0.783,
V2_STRICT,V1_TRADE,BTC/USD_2025-11-01,1h,demand,2025-08-02T19:00:00Z,2025-08-21T22:00:00Z,TARGET,1.2840743247544044,SAME,TARGET +1.284,
V2_STRICT,V1_TRADE,BTC/USD_2025-11-01,1h,supply,2025-08-19T00:00:00Z,2025-08-22T14:00:00Z,S2_CLOSE,-2.5449457930889325,REMOVED,,LOOKAHEAD_DEPENDENCY: VOL_HIGH_ONLY_WITH_TOUCH_BAR
V2_STRICT,V1_TRADE,BTC/USD_2025-11-01,1h,supply,2025-08-18T21:00:00Z,2025-08-22T15:00:00Z,TARGET,-0.5715798977602553,SAME,TARGET -0.572,
V2_STRICT,V1_TRADE,BTC/USD_2025-11-01,1h,demand,2025-08-02T19:00:00Z,2025-08-24T19:00:00Z,TARGET,1.2840743247544044,REMOVED,,LOOKAHEAD_DEPENDENCY: VOL_HIGH_ONLY_WITH_TOUCH_BAR
V2_STRICT,V1_TRADE,BTC/USD_2025-11-01,1h,demand,2025-08-02T19:00:00Z,2025-08-24T21:00:00Z,TARGET,1.2840743247544044,SAME,TARGET +1.284,
V2_STRICT,V1_TRADE,BTC/USD_2025-11-01,1h,demand,2025-08-02T19:00:00Z,2025-08-25T00:00:00Z,TARGET,1.2840743247544044,SAME,TARGET +1.284,
V2_STRICT,V1_TRADE,BTC/USD_2025-11-01,1h,supply,2025-08-24T23:00:00Z,2025-08-25T02:00:00Z,TARGET,-0.08643218573890854,REMOVED,,SLOT_OCCUPIED (same-TF exit bar)
V2_STRICT,V1_TRADE,BTC/USD_2025-11-01,1h,demand,2025-08-02T19:00:00Z,2025-08-25T05:00:00Z,S2_CLOSE,-1.871088943582794,SAME,S2_CLOSE -1.871,
V2_STRICT,V1_TRADE,BTC/USD_2025-11-01,1h,demand,2025-09-01T04:00:00Z,2025-09-01T21:00:00Z,TARGET,0.6573457792208084,SAME,TARGET +0.657,
V2_STRICT,V1_TRADE,BTC/USD_2025-11-01,1h,supply,2025-08-29T12:00:00Z,2025-09-02T13:00:00Z,S2_CLOSE,-2.4888362349101443,SAME,S2_CLOSE -2.489,
V2_STRICT,V1_TRADE,BTC/USD_2025-11-01,1h,supply,2025-08-29T12:00:00Z,2025-09-02T15:00:00Z,S2_CLOSE,-2.4888362349101443,REMOVED,,SLOT_OCCUPIED by 1h 2025-09-02T13:00:00Z
V2_STRICT,V1_TRADE,BTC/USD_2025-11-01,1h,supply,2025-08-28T12:00:00Z,2025-09-05T14:00:00Z,TARGET,0.7850105314061298,REMOVED,,LOOKAHEAD_DEPENDENCY: VOL_HIGH_ONLY_WITH_TOUCH_BAR
V2_STRICT,V1_TRADE,BTC/USD_2025-11-01,1h,supply,2025-08-22T15:00:00Z,2025-09-17T23:00:00Z,S2_CLOSE,-1.8538218887148945,SAME,S2_CLOSE -1.854,
V2_STRICT,V1_TRADE,BTC/USD_2025-11-01,1h,demand,2025-09-10T10:00:00Z,2025-09-22T09:00:00Z,TARGET,-1.015867615467208,SAME,TARGET -1.016,
V2_STRICT,V1_TRADE,BTC/USD_2025-11-01,1h,demand,2025-09-10T10:00:00Z,2025-09-22T17:00:00Z,TARGET,-1.015867615467208,SAME,TARGET -1.016,
V2_STRICT,V1_TRADE,BTC/USD_2025-11-01,1h,demand,2025-09-10T01:00:00Z,2025-09-25T12:00:00Z,TARGET,-0.17020300898797647,REMOVED,,LOOKAHEAD_DEPENDENCY: VOL_HIGH_ONLY_WITH_TOUCH_BAR
V2_STRICT,V1_TRADE,BTC/USD_2025-11-01,1h,demand,2025-09-10T01:00:00Z,2025-09-25T14:00:00Z,TARGET,-0.17020300898797647,SAME,TARGET -0.170,
V2_STRICT,V1_TRADE,BTC/USD_2025-11-01,1h,demand,2025-09-08T00:00:00Z,2025-09-25T15:00:00Z,TARGET,0.8096132427843554,SAME,TARGET +0.810,
V2_STRICT,V1_TRADE,BTC/USD_2025-11-01,1h,demand,2025-09-10T01:00:00Z,2025-09-25T16:00:00Z,S2_CLOSE,-16.742040966523987,SAME,S2_CLOSE -16.742,
V2_STRICT,V1_TRADE,BTC/USD_2025-11-01,1h,demand,2025-09-02T12:00:00Z,2025-09-25T21:00:00Z,TARGET,1.5462842163623078,SAME,TARGET +1.546,
V2_STRICT,V1_TRADE,BTC/USD_2025-11-01,1h,supply,2025-09-22T03:00:00Z,2025-09-30T21:00:00Z,TARGET,0.5285354938271531,SAME,TARGET +0.529,
V2_STRICT,V1_TRADE,BTC/USD_2025-11-01,1h,supply,2025-09-22T03:00:00Z,2025-10-01T02:00:00Z,S2_CLOSE,-8.716834876543242,REMOVED,,LOOKAHEAD_DEPENDENCY: VOL_HIGH_ONLY_WITH_TOUCH_BAR
V2_STRICT,V1_TRADE,BTC/USD_2025-11-01,1h,supply,2025-08-17T22:00:00Z,2025-10-01T16:00:00Z,TARGET,-0.3040753739368811,SAME,TARGET -0.304,
V2_STRICT,V1_TRADE,BTC/USD_2025-11-01,1h,supply,2025-09-18T14:00:00Z,2025-10-01T19:00:00Z,TARGET,0.40796519208647375,SAME,TARGET +0.408,
V2_STRICT,V1_TRADE,BTC/USD_2025-11-01,1h,supply,2025-08-15T06:00:00Z,2025-10-02T00:00:00Z,TARGET,-0.03599809013427446,REMOVED,,LOOKAHEAD_DEPENDENCY: VOL_HIGH_ONLY_WITH_TOUCH_BAR
V2_STRICT,V1_TRADE,BTC/USD_2025-11-01,1h,supply,2025-08-15T06:00:00Z,2025-10-02T03:00:00Z,TARGET,-0.03599809013427446,SAME,TARGET -0.036,
V2_STRICT,V1_TRADE,BTC/USD_2025-11-01,1h,supply,2025-08-14T11:00:00Z,2025-10-02T19:00:00Z,TARGET,-0.1498797248821706,SAME,TARGET -0.150,
V2_STRICT,V1_TRADE,BTC/USD_2025-11-01,1h,demand,2025-10-02T16:00:00Z,2025-10-03T01:00:00Z,TARGET,0.9602076627466738,SAME,TARGET +0.960,
V2_STRICT,V1_TRADE,BTC/USD_2025-11-01,1h,supply,2025-08-14T00:00:00Z,2025-10-03T16:00:00Z,TARGET,1.3918847066524864,REMOVED,,LOOKAHEAD_DEPENDENCY: VOL_HIGH_ONLY_WITH_TOUCH_BAR
V2_STRICT,V1_TRADE,BTC/USD_2025-11-01,1h,demand,2025-10-03T17:00:00Z,2025-10-04T04:00:00Z,S2_CLOSE,-1.5240953096554106,REMOVED,,LOOKAHEAD_DEPENDENCY: FVG_ONLY_WITH_TOUCH_BAR
V2_STRICT,V1_TRADE,BTC/USD_2025-11-01,1h,demand,2025-10-05T19:00:00Z,2025-10-07T14:00:00Z,TARGET,0.5996615969581749,REMOVED,,LOOKAHEAD_DEPENDENCY: VOL_HIGH_ONLY_WITH_TOUCH_BAR
V2_STRICT,V1_TRADE,BTC/USD_2025-11-01,1h,demand,2025-10-04T18:00:00Z,2025-10-07T15:00:00Z,TARGET,-0.28352175545057623,REMOVED,,OTHER_ZONE_TAKEN_ON_BAR (2025-10-04T20:00:00Z)
V2_STRICT,V1_TRADE,BTC/USD_2025-11-01,1h,demand,2025-10-01T10:00:00Z,2025-10-10T19:00:00Z,TARGET,-0.009391366906474907,REMOVED,,OTHER_ZONE_TAKEN_ON_BAR (2025-10-01T17:00:00Z)
V2_STRICT,V1_TRADE,BTC/USD_2025-11-01,1h,demand,2025-09-30T09:00:00Z,2025-10-10T20:00:00Z,TARGET,1.058197451698843,OUTCOME_CHANGED,AMBIGUOUS ,V2 AMBIGUOUS (entry and target in the same minute)
V2_STRICT,V1_TRADE,BTC/USD_2025-11-01,1h,demand,2025-08-30T01:00:00Z,2025-10-10T21:00:00Z,TARGET,1.352834983498346,REMOVED,,NO_ENTRY_AT_BAR (older zone touched first and never filled)
V2_STRICT,V1_TRADE,BTC/USD_2025-11-01,1h,demand,2025-09-30T09:00:00Z,2025-10-10T22:00:00Z,TARGET,1.058197451698843,SAME,TARGET +1.058,
V2_STRICT,V1_TRADE,BTC/USD_2025-11-01,1h,demand,2025-09-29T02:00:00Z,2025-10-11T00:00:00Z,TARGET,0.2775896033884737,OUTCOME_CHANGED,AMBIGUOUS ,V2 AMBIGUOUS (entry and target in the same minute)
V2_STRICT,V1_TRADE,BTC/USD_2025-11-01,1h,supply,2025-10-10T22:00:00Z,2025-10-11T02:00:00Z,S2_CLOSE,-1.3534673214960335,SAME,S2_CLOSE -1.353,
V2_STRICT,V1_TRADE,BTC/USD_2025-11-01,1h,demand,2025-10-12T21:00:00Z,2025-10-13T10:00:00Z,S2_CLOSE,-1.5534116476758908,SAME,S2_CLOSE -1.553,
V2_STRICT,V1_TRADE,BTC/USD_2025-11-01,1h,demand,2025-10-12T17:00:00Z,2025-10-13T15:00:00Z,TARGET,1.280476813667731,SAME,TARGET +1.280,
V2_STRICT,V1_TRADE,BTC/USD_2025-11-01,1h,demand,2025-10-12T13:00:00Z,2025-10-14T06:00:00Z,S2_CLOSE,-3.9235049063603746,SAME,S2_CLOSE -3.924,
V2_STRICT,V1_TRADE,BTC/USD_2025-11-01,1h,demand,2025-10-12T13:00:00Z,2025-10-14T08:00:00Z,S2_CLOSE,-3.9235049063603746,REMOVED,,SLOT_OCCUPIED by 1h 2025-10-14T06:00:00Z
V2_STRICT,V1_TRADE,BTC/USD_2025-11-01,1h,supply,2025-10-14T08:00:00Z,2025-10-14T14:00:00Z,TARGET,0.9288106231141258,SAME,TARGET +0.929,
V2_STRICT,V1_TRADE,BTC/USD_2025-11-01,1h,demand,2025-08-30T01:00:00Z,2025-10-16T16:00:00Z,TARGET,1.352834983498346,REMOVED,,SLOT_OCCUPIED by 4h 2025-10-16T12:00:00Z (recovered suppressed trade)
V2_STRICT,V1_TRADE,BTC/USD_2025-11-01,1h,demand,2025-08-30T01:00:00Z,2025-10-16T18:00:00Z,TARGET,1.352834983498346,REMOVED,,SLOT_OCCUPIED by 4h 2025-10-16T12:00:00Z (recovered suppressed trade)
V2_STRICT,V1_TRADE,BTC/USD_2025-11-01,1h,demand,2025-10-19T12:00:00Z,2025-10-20T00:00:00Z,TARGET,0.5238527153045061,REMOVED,,LOOKAHEAD_DEPENDENCY: VOL_HIGH_ONLY_WITH_TOUCH_BAR
V2_STRICT,V1_TRADE,BTC/USD_2025-11-01,1h,supply,2025-10-16T06:00:00Z,2025-10-20T07:00:00Z,TARGET,1.1595249845851865,SAME,TARGET +1.160,
V2_STRICT,V1_TRADE,BTC/USD_2025-11-01,1h,demand,2025-10-19T12:00:00Z,2025-10-21T06:00:00Z,TARGET,0.5238527153045061,REMOVED,,SLOT_OCCUPIED by 1h 2025-10-21T04:00:00Z
V2_STRICT,V1_TRADE,BTC/USD_2025-11-01,1h,demand,2025-10-19T12:00:00Z,2025-10-21T08:00:00Z,TARGET,0.5238527153045061,REMOVED,,NO_ENTRY_AT_BAR (older zone touched first and never filled)
V2_STRICT,V1_TRADE,BTC/USD_2025-11-01,1h,demand,2025-10-19T12:00:00Z,2025-10-21T10:00:00Z,TARGET,0.5238527153045061,REMOVED,,SLOT_OCCUPIED by 1h 2025-10-21T04:00:00Z
V2_STRICT,V1_TRADE,BTC/USD_2025-11-01,1h,supply,2025-10-14T18:00:00Z,2025-10-21T15:00:00Z,TARGET,1.1383775022863518,REMOVED,,SLOT_OCCUPIED by 4h 2025-10-21T12:00:00Z (recovered suppressed trade)
V2_STRICT,V1_TRADE,BTC/USD_2025-11-01,1h,demand,2025-10-20T00:00:00Z,2025-10-22T06:00:00Z,S2_CLOSE,-1.836295803265484,SHIFTED,2025-10-21T04:00:00Z TARGET +1.477,same zone entered on a different bar
V2_STRICT,V1_TRADE,BTC/USD_2025-11-01,1h,supply,2025-10-23T06:00:00Z,2025-10-23T13:00:00Z,S2_CLOSE,-2.7556216999489545,SAME,S2_CLOSE -2.756,
V2_STRICT,V1_TRADE,BTC/USD_2025-11-01,1h,demand,2025-10-24T03:00:00Z,2025-10-24T13:00:00Z,TARGET,0.13822626137764016,REMOVED,,LOOKAHEAD_DEPENDENCY: VOL_HIGH_ONLY_WITH_TOUCH_BAR
V2_STRICT,V1_TRADE,BTC/USD_2025-11-01,1h,demand,2025-10-23T20:00:00Z,2025-10-24T14:00:00Z,TARGET,1.2330256658087941,SAME,TARGET +1.233,
V2_STRICT,V1_TRADE,BTC/USD_2025-11-01,1h,demand,2025-10-27T02:00:00Z,2025-10-27T10:00:00Z,S2_CLOSE,-2.1144714428619524,SHIFTED,2025-10-27T08:00:00Z S2_CLOSE -2.114,same zone entered on a different bar
V2_STRICT,V1_TRADE,BTC/USD_2025-11-01,1h,demand,2025-10-28T05:00:00Z,2025-10-28T19:00:00Z,S2_CLOSE,-5.0785969744999875,SAME,S2_CLOSE -5.079,
V2_STRICT,V1_TRADE,BTC/USD_2025-11-01,1h,demand,2025-10-26T10:00:00Z,2025-10-28T20:00:00Z,TARGET,0.23454096300365945,REMOVED,,SLOT_OCCUPIED by 1h 2025-10-28T19:00:00Z
V2_STRICT,V1_TRADE,BTC/USD_2025-11-01,1h,demand,2025-10-23T20:00:00Z,2025-10-29T23:00:00Z,TARGET,1.2330256658087941,REMOVED,,SLOT_OCCUPIED by 4h 2025-10-29T20:00:00Z
V2_STRICT,V1_TRADE,BTC/USD_2025-11-01,1h,demand,2025-10-19T08:00:00Z,2025-10-30T19:00:00Z,TARGET,1.25038964277769,SAME,TARGET +1.250,
V2_STRICT,V1_TRADE,BTC/USD_2025-11-01,4h,demand,2025-08-02T16:00:00Z,2025-08-20T00:00:00Z,TARGET,1.5227459421312632,REMOVED,,SLOT_OCCUPIED by 1h 2025-08-20T00:00:00Z
V2_STRICT,V1_TRADE,BTC/USD_2025-11-01,4h,supply,2025-08-18T16:00:00Z,2025-08-22T12:00:00Z,S2_CLOSE,-1.988479299590269,REMOVED,,LOOKAHEAD_DEPENDENCY: VOL_HIGH_ONLY_WITH_TOUCH_BAR
V2_STRICT,V1_TRADE,BTC/USD_2025-11-01,4h,demand,2025-07-10T00:00:00Z,2025-08-24T16:00:00Z,TARGET,1.0479557774607704,REMOVED,,LOOKAHEAD_DEPENDENCY: VOL_HIGH_ONLY_WITH_TOUCH_BAR
V2_STRICT,V1_TRADE,BTC/USD_2025-11-01,4h,demand,2025-07-10T00:00:00Z,2025-08-25T12:00:00Z,TARGET,1.0479557774607704,REMOVED,,LOOKAHEAD_DEPENDENCY: VOL_HIGH_ONLY_WITH_TOUCH_BAR
V2_STRICT,V1_TRADE,BTC/USD_2025-11-01,4h,supply,2025-08-24T20:00:00Z,2025-08-25T16:00:00Z,TARGET,1.6718747160359584,SAME,TARGET +1.672,
V2_STRICT,V1_TRADE,BTC/USD_2025-11-01,4h,demand,2025-07-08T12:00:00Z,2025-08-26T00:00:00Z,TARGET,1.34736626679606,SAME,TARGET +1.347,
V2_STRICT,V1_TRADE,BTC/USD_2025-11-01,4h,supply,2025-08-24T20:00:00Z,2025-08-28T04:00:00Z,TARGET,1.6718747160359584,REMOVED,,SLOT_OCCUPIED by 4h 2025-08-26T20:00:00Z
V2_STRICT,V1_TRADE,BTC/USD_2025-11-01,4h,demand,2025-07-08T00:00:00Z,2025-08-29T20:00:00Z,TARGET,1.408575892571863,SAME,TARGET +1.409,
V2_STRICT,V1_TRADE,BTC/USD_2025-11-01,4h,supply,2025-08-24T20:00:00Z,2025-09-05T12:00:00Z,TARGET,1.6718747160359584,REMOVED,,LOOKAHEAD_DEPENDENCY: VOL_HIGH_ONLY_WITH_TOUCH_BAR
V2_STRICT,V1_TRADE,BTC/USD_2025-11-01,4h,demand,2025-09-01T08:00:00Z,2025-09-25T16:00:00Z,TARGET,1.6209152834025669,REMOVED,,LOOKAHEAD_DEPENDENCY: VOL_HIGH_ONLY_WITH_TOUCH_BAR
V2_STRICT,V1_TRADE,BTC/USD_2025-11-01,4h,supply,2025-08-14T00:00:00Z,2025-10-03T16:00:00Z,TARGET,1.3925839803841438,SAME,TARGET +1.393,
V2_STRICT,V1_TRADE,BTC/USD_2025-11-01,4h,demand,2025-10-04T12:00:00Z,2025-10-07T12:00:00Z,S2_CLOSE,-2.056011546432446,REMOVED,,LOOKAHEAD_DEPENDENCY: VOL_HIGH_ONLY_WITH_TOUCH_BAR
V2_STRICT,V1_TRADE,BTC/USD_2025-11-01,4h,demand,2025-10-03T04:00:00Z,2025-10-09T16:00:00Z,TARGET,0.9917845197075419,REMOVED,,SLOT_OCCUPIED by 1h 2025-10-09T16:00:00Z
V2_STRICT,V1_TRADE,BTC/USD_2025-11-01,4h,demand,2025-10-02T04:00:00Z,2025-10-10T12:00:00Z,TARGET,0.9068346185750402,REMOVED,,NO_ENTRY_AT_BAR (older zone touched first and never filled)
V2_STRICT,V1_TRADE,BTC/USD_2025-11-01,4h,demand,2025-09-01T08:00:00Z,2025-10-17T00:00:00Z,S2_CLOSE,-4.3369929315929046,REMOVED,,SLOT_OCCUPIED by 4h 2025-10-16T20:00:00Z
V2_STRICT,V1_TRADE,BTC/USD_2025-11-01,4h,demand,2025-07-01T16:00:00Z,2025-10-17T12:00:00Z,TARGET,1.2946261788130373,SAME,TARGET +1.295,
V2_STRICT,V1_TRADE,BTC/USD_2025-11-01,4h,supply,2025-10-14T20:00:00Z,2025-10-21T12:00:00Z,TARGET,1.4969162594501384,REMOVED,,OTHER_ZONE_TAKEN_ON_BAR (2025-10-15T16:00:00Z)
V2_STRICT,V1_TRADE,BTC/USD_2025-11-01,4h,demand,2025-10-21T04:00:00Z,2025-10-21T20:00:00Z,TARGET,1.5902902851448453,SAME,TARGET +1.590,
V2_STRICT,V1_TRADE,BTC/USD_2025-11-01,4h,demand,2025-10-17T20:00:00Z,2025-10-22T20:00:00Z,TARGET,1.4156553505534994,REMOVED,,SLOT_OCCUPIED by 4h 2025-10-21T20:00:00Z
V2_STRICT,V1_TRADE,BTC/USD_2025-11-01,4h,demand,2025-10-21T04:00:00Z,2025-10-23T00:00:00Z,TARGET,1.5902902851448453,REMOVED,,SLOT_OCCUPIED by 4h 2025-10-21T20:00:00Z
V2_STRICT,V1_TRADE,BTC/USD_2025-11-01,4h,demand,2025-10-24T12:00:00Z,2025-10-29T20:00:00Z,S2_CLOSE,-2.930300573395922,SAME,S2_CLOSE -2.930,
V2_STRICT,V1_TRADE,BTC/USD_2025-11-01,4h,demand,2025-10-17T20:00:00Z,2025-10-30T20:00:00Z,TARGET,1.4156553505534994,REMOVED,,SLOT_OCCUPIED by 1h 2025-10-30T19:00:00Z
V2_STRICT,V1_TRADE,USD/JPY_2022-11-01,1h,demand,2022-09-07T04:00:00Z,2022-09-07T18:00:00Z,S2_CLOSE,-1.588690352648114,REMOVED,,OTHER_ZONE_TAKEN_ON_BAR (2022-09-07T07:00:00Z)
V2_STRICT,V1_TRADE,USD/JPY_2022-11-01,1h,demand,2022-09-07T20:00:00Z,2022-09-08T04:00:00Z,TARGET,1.7538272174783067,SAME,TARGET +1.754,
V2_STRICT,V1_TRADE,USD/JPY_2022-11-01,1h,supply,2022-09-08T12:00:00Z,2022-09-09T01:00:00Z,TARGET,1.957894182818196,REMOVED,,LOOKAHEAD_DEPENDENCY: VALIDATED_BY_TOUCH_BAR_CLOSE
V2_STRICT,V1_TRADE,USD/JPY_2022-11-01,1h,demand,2022-09-06T09:00:00Z,2022-09-09T10:00:00Z,TARGET,1.847611791037672,SAME,TARGET +1.848,
V2_STRICT,V1_TRADE,USD/JPY_2022-11-01,1h,supply,2022-09-09T17:00:00Z,2022-09-11T22:00:00Z,S2_CLOSE,-2.574651584276076,SAME,S2_CLOSE -2.575,
V2_STRICT,V1_TRADE,USD/JPY_2022-11-01,1h,supply,2022-09-09T05:00:00Z,2022-09-12T03:00:00Z,S2_CLOSE,-2.808000000000064,SAME,S2_CLOSE -2.808,
V2_STRICT,V1_TRADE,USD/JPY_2022-11-01,1h,supply,2022-09-12T09:00:00Z,2022-09-12T18:00:00Z,S2_CLOSE,-1.3538325449020974,SAME,S2_CLOSE -1.354,
V2_STRICT,V1_TRADE,USD/JPY_2022-11-01,1h,supply,2022-09-13T02:00:00Z,2022-09-13T07:00:00Z,TARGET,1.8792452830188617,REMOVED,,LOOKAHEAD_DEPENDENCY: VALIDATED_BY_TOUCH_BAR_CLOSE
V2_STRICT,V1_TRADE,USD/JPY_2022-11-01,1h,demand,2022-09-13T18:00:00Z,2022-09-13T23:00:00Z,TARGET,1.839999999999991,SAME,TARGET +1.840,
V2_STRICT,V1_TRADE,USD/JPY_2022-11-01,1h,demand,2022-09-13T13:00:00Z,2022-09-14T00:00:00Z,S2_CLOSE,-1.4404269662920577,REMOVED,,SLOT_OCCUPIED (same-TF exit bar)
V2_STRICT,V1_TRADE,USD/JPY_2022-11-01,1h,supply,2022-09-15T15:00:00Z,2022-09-16T02:00:00Z,TARGET,1.8666666666666718,SAME,TARGET +1.867,
V2_STRICT,V1_TRADE,USD/JPY_2022-11-01,1h,supply,2022-09-15T15:00:00Z,2022-09-16T06:00:00Z,TARGET,1.8666666666666718,SAME,TARGET +1.867,
V2_STRICT,V1_TRADE,USD/JPY_2022-11-01,1h,supply,2022-09-15T15:00:00Z,2022-09-16T08:00:00Z,TARGET,1.8666666666666718,SAME,TARGET +1.867,
V2_STRICT,V1_TRADE,USD/JPY_2022-11-01,1h,supply,2022-09-15T15:00:00Z,2022-09-19T08:00:00Z,S2_CLOSE,-1.4665833333332228,SAME,S2_CLOSE -1.467,
V2_STRICT,V1_TRADE,USD/JPY_2022-11-01,1h,demand,2022-09-21T06:00:00Z,2022-09-21T18:00:00Z,TARGET,1.9384603550068278,SAME,TARGET +1.938,
V2_STRICT,V1_TRADE,USD/JPY_2022-11-01,1h,supply,2022-09-21T16:00:00Z,2022-09-21T22:00:00Z,S2_CLOSE,-1.2769230769231652,REMOVED,,SLOT_OCCUPIED (same-TF exit bar)
V2_STRICT,V1_TRADE,USD/JPY_2022-11-01,1h,demand,2022-09-06T09:00:00Z,2022-09-22T08:00:00Z,TARGET,1.847611791037672,REMOVED,,OTHER_ZONE_TAKEN_ON_BAR (2022-09-21T06:00:00Z)
V2_STRICT,V1_TRADE,USD/JPY_2022-11-01,1h,supply,2022-09-22T09:00:00Z,2022-09-23T09:00:00Z,S2_CLOSE,-1.2066238849264153,SAME,S2_CLOSE -1.207,
V2_STRICT,V1_TRADE,USD/JPY_2022-11-01,1h,demand,2022-09-26T01:00:00Z,2022-09-26T12:00:00Z,TARGET,1.9015429754143534,SAME,TARGET +1.902,
V2_STRICT,V1_TRADE,USD/JPY_2022-11-01,1h,demand,2022-09-26T05:00:00Z,2022-09-26T13:00:00Z,TARGET,1.9522388059701503,REMOVED,,SLOT_OCCUPIED by 1h 2022-09-26T12:00:00Z
V2_STRICT,V1_TRADE,USD/JPY_2022-11-01,1h,demand,2022-10-05T08:00:00Z,2022-10-06T00:00:00Z,TARGET,1.8719999999999999,SAME,TARGET +1.872,
V2_STRICT,V1_TRADE,USD/JPY_2022-11-01,1h,supply,2022-10-03T12:00:00Z,2022-10-06T15:00:00Z,S2_CLOSE,-1.3058823529410408,REMOVED,,SLOT_OCCUPIED by 4h 2022-10-06T12:00:00Z (recovered suppressed trade)
V2_STRICT,V1_TRADE,USD/JPY_2022-11-01,1h,supply,2022-09-22T07:00:00Z,2022-10-10T15:00:00Z,TARGET,1.8933333333333373,SAME,TARGET +1.893,
V2_STRICT,V1_TRADE,USD/JPY_2022-11-01,1h,supply,2022-09-22T07:00:00Z,2022-10-11T22:00:00Z,S2_CLOSE,-2.606666666666568,SAME,S2_CLOSE -2.607,
V2_STRICT,V1_TRADE,USD/JPY_2022-11-01,1h,demand,2022-10-17T12:00:00Z,2022-10-18T00:00:00Z,TARGET,1.8814814814814735,SAME,TARGET +1.881,
V2_STRICT,V1_TRADE,USD/JPY_2022-11-01,1h,demand,2022-10-19T22:00:00Z,2022-10-20T09:00:00Z,S2_CLOSE,-2.355555555555654,SAME,S2_CLOSE -2.356,
V2_STRICT,V1_TRADE,USD/JPY_2022-11-01,1h,demand,2022-10-19T07:00:00Z,2022-10-21T14:00:00Z,TARGET,1.8476190476190328,REMOVED,,OTHER_ZONE_TAKEN_ON_BAR (2022-10-21T05:00:00Z)
V2_STRICT,V1_TRADE,USD/JPY_2022-11-01,1h,demand,2022-10-21T15:00:00Z,2022-10-23T22:00:00Z,S2_CLOSE,-1.0455026455026422,SHIFTED,2022-10-24T00:00:00Z S2_CLOSE -1.046,same zone entered on a different bar
V2_STRICT,V1_TRADE,USD/JPY_2022-11-01,1h,demand,2022-10-12T02:00:00Z,2022-10-26T22:00:00Z,S2_CLOSE,-2.159987999400339,SAME,S2_CLOSE -2.160,
V2_STRICT,V1_TRADE,USD/JPY_2022-11-01,1h,supply,2022-10-27T11:00:00Z,2022-10-28T00:00:00Z,TARGET,1.9255813953488383,SAME,TARGET +1.926,
V2_STRICT,V1_TRADE,USD/JPY_2022-11-01,1h,supply,2022-10-27T11:00:00Z,2022-10-28T06:00:00Z,S2_CLOSE,-2.8418651162790076,SAME,S2_CLOSE -2.842,
V2_STRICT,V1_TRADE,USD/JPY_2022-11-01,1h,supply,2022-10-25T22:00:00Z,2022-10-31T00:00:00Z,TARGET,1.907247989890034,REMOVED,,SLOT_OCCUPIED by 4h 2022-10-31T00:00:00Z
V2_STRICT,V1_TRADE,USD/JPY_2022-11-01,1h,demand,2022-10-31T16:00:00Z,2022-10-31T23:00:00Z,TARGET,1.7538461538462529,SAME,TARGET +1.754,
V2_STRICT,V1_TRADE,USD/JPY_2022-11-01,4h,demand,2022-09-06T17:00:00Z,2022-09-09T01:00:00Z,TARGET,1.8476263035093647,REMOVED,,SLOT_OCCUPIED by 1h 2022-09-09T03:00:00Z
V2_STRICT,V1_TRADE,USD/JPY_2022-11-01,4h,demand,2022-09-05T21:00:00Z,2022-09-22T09:00:00Z,TARGET,1.9111135801783254,SAME,TARGET +1.911,
V2_STRICT,V1_TRADE,USD/JPY_2022-11-01,4h,supply,2022-09-22T01:00:00Z,2022-09-27T17:00:00Z,TARGET,1.9699530516431925,SAME,TARGET +1.970,
V2_STRICT,V1_TRADE,USD/JPY_2022-11-01,4h,supply,2022-10-03T04:00:00Z,2022-10-06T16:00:00Z,S2_CLOSE,-1.7387755102040354,REMOVED,,SLOT_OCCUPIED by 1h 2022-10-06T16:00:00Z
V2_STRICT,V1_TRADE,USD/JPY_2022-11-01,4h,demand,2022-10-17T04:00:00Z,2022-10-18T08:00:00Z,TARGET,1.854532230202722,OUTCOME_CHANGED,AMBIGUOUS ,V2 AMBIGUOUS (entry and target in the same minute)
V2_STRICT,V1_TRADE,USD/JPY_2022-11-01,4h,demand,2022-10-12T04:00:00Z,2022-10-27T00:00:00Z,S2_CLOSE,-3.3285618365977303,SAME,S2_CLOSE -3.329,
V2_STRICT,V1_TRADE,USD/JPY_2022-11-01,4h,supply,2022-10-26T00:00:00Z,2022-10-31T00:00:00Z,S2_CLOSE,-2.070455800841927,SAME,S2_CLOSE -2.070,
V2_STRICT,V1_TRADE,USD/JPY_2025-04-01,1h,supply,2025-02-10T11:00:00Z,2025-02-11T10:00:00Z,S2_CLOSE,-2.7333718527083866,SAME,S2_CLOSE -2.733,
V2_STRICT,V1_TRADE,USD/JPY_2025-04-01,1h,supply,2025-02-05T23:00:00Z,2025-02-11T20:00:00Z,S2_CLOSE,-1.2571428571429553,SAME,S2_CLOSE -1.257,
V2_STRICT,V1_TRADE,USD/JPY_2025-04-01,1h,supply,2025-02-05T07:00:00Z,2025-02-12T00:00:00Z,S2_CLOSE,-1.8000055172794767,SAME,S2_CLOSE -1.800,
V2_STRICT,V1_TRADE,USD/JPY_2025-04-01,1h,supply,2025-02-05T05:00:00Z,2025-02-12T01:00:00Z,S2_CLOSE,-1.6908181818182666,REMOVED,,SLOT_OCCUPIED by 1h 2025-02-12T00:00:00Z
V2_STRICT,V1_TRADE,USD/JPY_2025-04-01,1h,demand,2025-02-12T02:00:00Z,2025-02-12T07:00:00Z,TARGET,1.8117647058823076,SAME,TARGET +1.812,
V2_STRICT,V1_TRADE,USD/JPY_2025-04-01,1h,demand,2025-02-12T02:00:00Z,2025-02-12T09:00:00Z,TARGET,1.8117647058823076,SAME,TARGET +1.812,
V2_STRICT,V1_TRADE,USD/JPY_2025-04-01,1h,supply,2025-02-04T22:00:00Z,2025-02-12T13:00:00Z,TARGET,1.6444049338815434,SAME,TARGET +1.644,
V2_STRICT,V1_TRADE,USD/JPY_2025-04-01,1h,demand,2025-02-12T02:00:00Z,2025-02-13T13:00:00Z,TARGET,1.8117647058823076,SAME,TARGET +1.812,
V2_STRICT,V1_TRADE,USD/JPY_2025-04-01,1h,demand,2025-02-10T23:00:00Z,2025-02-17T00:00:00Z,S2_CLOSE,-3.0570449026234674,SAME,S2_CLOSE -3.057,
V2_STRICT,V1_TRADE,USD/JPY_2025-04-01,1h,demand,2025-02-11T08:00:00Z,2025-02-17T01:00:00Z,S2_CLOSE,-1.527220083362412,REMOVED,,SLOT_OCCUPIED by 1h 2025-02-17T00:00:00Z
V2_STRICT,V1_TRADE,USD/JPY_2025-04-01,1h,supply,2025-02-17T01:00:00Z,2025-02-17T08:00:00Z,TARGET,1.8117536325666042,SAME,TARGET +1.812,
V2_STRICT,V1_TRADE,USD/JPY_2025-04-01,1h,demand,2025-02-07T16:00:00Z,2025-02-17T23:00:00Z,TARGET,1.9492071554419792,SAME,TARGET +1.949,
V2_STRICT,V1_TRADE,USD/JPY_2025-04-01,1h,demand,2025-02-18T19:00:00Z,2025-02-19T03:00:00Z,S2_CLOSE,-3.099991667361696,SAME,S2_CLOSE -3.100,
V2_STRICT,V1_TRADE,USD/JPY_2025-04-01,1h,demand,2025-02-18T13:00:00Z,2025-02-19T06:00:00Z,TARGET,1.7538272174783067,SAME,TARGET +1.754,
V2_STRICT,V1_TRADE,USD/JPY_2025-04-01,1h,demand,2025-02-18T13:00:00Z,2025-02-19T10:00:00Z,TARGET,1.7538272174783067,REMOVED,,OTHER_ZONE_TAKEN_ON_BAR (2025-02-18T15:00:00Z)
V2_STRICT,V1_TRADE,USD/JPY_2025-04-01,1h,demand,2025-02-07T16:00:00Z,2025-02-19T23:00:00Z,S2_CLOSE,-1.9713814066443522,SAME,S2_CLOSE -1.971,
V2_STRICT,V1_TRADE,USD/JPY_2025-04-01,1h,supply,2025-02-21T07:00:00Z,2025-02-28T09:00:00Z,TARGET,1.889651367288523,SHIFTED,2025-02-28T07:00:00Z TARGET +1.890,same zone entered on a different bar
V2_STRICT,V1_TRADE,USD/JPY_2025-04-01,1h,demand,2025-02-28T09:00:00Z,2025-02-28T17:00:00Z,TARGET,1.9272727272727268,SAME,TARGET +1.927,
V2_STRICT,V1_TRADE,USD/JPY_2025-04-01,1h,demand,2025-02-28T09:00:00Z,2025-03-03T02:00:00Z,S2_CLOSE,-1.163636363636411,SAME,S2_CLOSE -1.164,
V2_STRICT,V1_TRADE,USD/JPY_2025-04-01,1h,demand,2025-03-03T08:00:00Z,2025-03-03T15:00:00Z,TARGET,1.847627029060389,SAME,TARGET +1.848,
V2_STRICT,V1_TRADE,USD/JPY_2025-04-01,1h,demand,2025-03-03T08:00:00Z,2025-03-03T17:00:00Z,S2_CLOSE,-6.961582964701758,SAME,S2_CLOSE -6.962,
V2_STRICT,V1_TRADE,USD/JPY_2025-04-01,1h,demand,2025-02-27T04:00:00Z,2025-03-03T23:00:00Z,TARGET,1.831577174496576,REMOVED,,OTHER_ZONE_TAKEN_ON_BAR (2025-02-27T06:00:00Z)
V2_STRICT,V1_TRADE,USD/JPY_2025-04-01,1h,demand,2025-03-04T20:00:00Z,2025-03-05T09:00:00Z,S2_CLOSE,-3.3840394563553287,SAME,S2_CLOSE -3.384,
V2_STRICT,V1_TRADE,USD/JPY_2025-04-01,1h,supply,2025-03-06T23:00:00Z,2025-03-07T18:00:00Z,TARGET,1.8814770917441417,SAME,TARGET +1.881,
V2_STRICT,V1_TRADE,USD/JPY_2025-04-01,1h,supply,2025-03-06T23:00:00Z,2025-03-07T20:00:00Z,TARGET,1.8814770917441417,REMOVED,,SLOT_OCCUPIED by 1h 2025-03-07T18:00:00Z
V2_STRICT,V1_TRADE,USD/JPY_2025-04-01,1h,supply,2025-03-10T09:00:00Z,2025-03-10T15:00:00Z,TARGET,1.8476263035093647,SAME,TARGET +1.848,
V2_STRICT,V1_TRADE,USD/JPY_2025-04-01,1h,supply,2025-03-10T09:00:00Z,2025-03-10T17:00:00Z,TARGET,1.8476263035093647,REMOVED,,SLOT_OCCUPIED by 1h 2025-03-10T15:00:00Z
V2_STRICT,V1_TRADE,USD/JPY_2025-04-01,1h,supply,2025-03-10T09:00:00Z,2025-03-10T19:00:00Z,TARGET,1.8476263035093647,SAME,TARGET +1.848,
V2_STRICT,V1_TRADE,USD/JPY_2025-04-01,1h,supply,2025-03-10T09:00:00Z,2025-03-11T06:00:00Z,TARGET,1.8476263035093647,SAME,TARGET +1.848,
V2_STRICT,V1_TRADE,USD/JPY_2025-04-01,1h,supply,2025-03-10T09:00:00Z,2025-03-11T08:00:00Z,S2_CLOSE,-1.342840817103756,SAME,S2_CLOSE -1.343,
V2_STRICT,V1_TRADE,USD/JPY_2025-04-01,1h,supply,2025-03-10T06:00:00Z,2025-03-11T11:00:00Z,TARGET,1.8719999999999999,SAME,TARGET +1.872,
V2_STRICT,V1_TRADE,USD/JPY_2025-04-01,1h,supply,2025-03-06T23:00:00Z,2025-03-11T14:00:00Z,TARGET,1.8814770917441417,REMOVED,,SLOT_OCCUPIED by 4h 2025-03-11T12:00:00Z
V2_STRICT,V1_TRADE,USD/JPY_2025-04-01,1h,supply,2025-03-13T02:00:00Z,2025-03-13T09:00:00Z,TARGET,1.771428571428642,SAME,TARGET +1.771,
V2_STRICT,V1_TRADE,USD/JPY_2025-04-01,1h,supply,2025-03-13T02:00:00Z,2025-03-13T11:00:00Z,TARGET,1.771428571428642,REMOVED,,SLOT_OCCUPIED by 1h 2025-03-13T09:00:00Z
V2_STRICT,V1_TRADE,USD/JPY_2025-04-01,1h,supply,2025-03-13T02:00:00Z,2025-03-13T13:00:00Z,TARGET,1.771428571428642,SAME,TARGET +1.771,
V2_STRICT,V1_TRADE,USD/JPY_2025-04-01,1h,demand,2025-03-14T01:00:00Z,2025-03-14T16:00:00Z,TARGET,1.8814770917441417,SAME,TARGET +1.881,
V2_STRICT,V1_TRADE,USD/JPY_2025-04-01,1h,demand,2025-03-16T22:00:00Z,2025-03-17T08:00:00Z,TARGET,1.8608635158050268,SAME,TARGET +1.861,
V2_STRICT,V1_TRADE,USD/JPY_2025-04-01,1h,demand,2025-03-17T01:00:00Z,2025-03-17T09:00:00Z,S2_CLOSE,-1.4470719727050925,SAME,S2_CLOSE -1.447,
V2_STRICT,V1_TRADE,USD/JPY_2025-04-01,1h,demand,2025-03-14T16:00:00Z,2025-03-17T12:00:00Z,TARGET,1.8814858708936766,OUTCOME_CHANGED,AMBIGUOUS ,V2 AMBIGUOUS (entry and target in the same minute)
V2_STRICT,V1_TRADE,USD/JPY_2025-04-01,1h,supply,2025-03-05T12:00:00Z,2025-03-18T00:00:00Z,S2_CLOSE,-2.0058001657190445,SAME,S2_CLOSE -2.006,
V2_STRICT,V1_TRADE,USD/JPY_2025-04-01,1h,demand,2025-03-17T19:00:00Z,2025-03-19T07:00:00Z,TARGET,1.7714285714285491,SHIFTED,2025-03-18T19:00:00Z TARGET +1.771,same zone entered on a different bar
V2_STRICT,V1_TRADE,USD/JPY_2025-04-01,1h,demand,2025-03-14T01:00:00Z,2025-03-20T00:00:00Z,TARGET,1.8814770917441417,SAME,TARGET +1.881,
V2_STRICT,V1_TRADE,USD/JPY_2025-04-01,1h,supply,2025-03-19T19:00:00Z,2025-03-20T15:00:00Z,S2_CLOSE,-1.464918918919047,SAME,S2_CLOSE -1.465,
V2_STRICT,V1_TRADE,USD/JPY_2025-04-01,1h,demand,2025-03-20T23:00:00Z,2025-03-21T12:00:00Z,TARGET,1.822222222222229,SAME,TARGET +1.822,
V2_STRICT,V1_TRADE,USD/JPY_2025-04-01,1h,supply,2025-03-03T19:00:00Z,2025-03-24T13:00:00Z,S2_CLOSE,-3.32499999999948,REMOVED,,SLOT_OCCUPIED by 4h 2025-03-24T12:00:00Z (recovered suppressed trade)
V2_STRICT,V1_TRADE,USD/JPY_2025-04-01,1h,supply,2025-03-30T23:00:00Z,2025-03-31T12:00:00Z,S2_CLOSE,-1.3393939393939074,SAME,S2_CLOSE -1.339,
V2_STRICT,V1_TRADE,USD/JPY_2025-04-01,4h,demand,2024-12-10T00:00:00Z,2025-02-06T16:00:00Z,TARGET,1.9384616568045103,SAME,TARGET +1.938,
V2_STRICT,V1_TRADE,USD/JPY_2025-04-01,4h,demand,2024-12-10T00:00:00Z,2025-02-07T00:00:00Z,TARGET,1.9384616568045103,REMOVED,,SLOT_OCCUPIED by 4h 2025-02-06T16:00:00Z
V2_STRICT,V1_TRADE,USD/JPY_2025-04-01,4h,demand,2024-12-10T00:00:00Z,2025-02-07T12:00:00Z,TARGET,1.9384616568045103,SAME,TARGET +1.938,
V2_STRICT,V1_TRADE,USD/JPY_2025-04-01,4h,demand,2024-12-10T00:00:00Z,2025-02-07T20:00:00Z,TARGET,1.9384616568045103,SAME,TARGET +1.938,
V2_STRICT,V1_TRADE,USD/JPY_2025-04-01,4h,supply,2025-02-14T20:00:00Z,2025-02-19T00:00:00Z,TARGET,1.7538650873009205,SAME,TARGET +1.754,
V2_STRICT,V1_TRADE,USD/JPY_2025-04-01,4h,demand,2024-12-06T12:00:00Z,2025-02-20T08:00:00Z,S2_CLOSE,-1.4899116279069915,REMOVED,,SLOT_OCCUPIED by 4h 2025-02-20T04:00:00Z
V2_STRICT,V1_TRADE,USD/JPY_2025-04-01,4h,demand,2024-12-03T12:00:00Z,2025-02-21T20:00:00Z,TARGET,1.974193548387097,SAME,TARGET +1.974,
V2_STRICT,V1_TRADE,USD/JPY_2025-04-01,4h,supply,2025-02-21T04:00:00Z,2025-02-28T08:00:00Z,S2_CLOSE,-1.135889356402895,REMOVED,,SLOT_OCCUPIED by 1h 2025-02-28T07:00:00Z
V2_STRICT,V1_TRADE,USD/JPY_2025-04-01,4h,demand,2024-12-03T12:00:00Z,2025-03-03T20:00:00Z,S2_CLOSE,-1.4774193548386623,SHIFTED,2025-03-04T04:00:00Z S2_CLOSE -1.477,same zone entered on a different bar
V2_STRICT,V1_TRADE,USD/JPY_2025-04-01,4h,supply,2025-03-04T04:00:00Z,2025-03-04T16:00:00Z,S2_CLOSE,-1.8936908221618396,SAME,S2_CLOSE -1.894,
V2_STRICT,V1_TRADE,USD/JPY_2025-04-01,4h,supply,2025-03-06T12:00:00Z,2025-03-11T12:00:00Z,S2_CLOSE,-1.5719800000000141,SAME,S2_CLOSE -1.572,
V2_STRICT,V1_TRADE,USD/JPY_2025-04-01,4h,supply,2025-03-06T00:00:00Z,2025-03-12T12:00:00Z,TARGET,1.931914893617017,SAME,TARGET +1.932,
V2_STRICT,V1_TRADE,USD/JPY_2025-04-01,4h,supply,2025-03-06T00:00:00Z,2025-03-17T16:00:00Z,S2_CLOSE,-1.3659148936170018,SAME,S2_CLOSE -1.366,
V2_STRICT,V1_TRADE,USD/JPY_2025-04-01,4h,supply,2025-03-05T00:00:00Z,2025-03-18T08:00:00Z,TARGET,1.946665777762962,SAME,TARGET +1.947,
V2_STRICT,V1_TRADE,USD/JPY_2025-04-01,4h,supply,2025-03-05T00:00:00Z,2025-03-19T08:00:00Z,TARGET,1.946665777762962,SAME,TARGET +1.947,
V2_STRICT,V1_TRADE,USD/JPY_2025-04-01,4h,supply,2025-03-03T08:00:00Z,2025-03-24T12:00:00Z,TARGET,1.9750000000000005,SHIFTED,2025-03-26T04:00:00Z TARGET +1.975,same zone entered on a different bar
V2_STRICT,V1_TRADE,USD/JPY_2025-07-01,1h,supply,2025-05-06T09:00:00Z,2025-05-07T04:00:00Z,TARGET,1.8892756551766985,SAME,TARGET +1.889,
V2_STRICT,V1_TRADE,USD/JPY_2025-07-01,1h,supply,2025-05-06T09:00:00Z,2025-05-07T08:00:00Z,S2_CLOSE,-1.380614935330011,SAME,S2_CLOSE -1.381,
V2_STRICT,V1_TRADE,USD/JPY_2025-07-01,1h,supply,2025-05-06T05:00:00Z,2025-05-07T18:00:00Z,TARGET,1.7730657400184293,SAME,TARGET +1.773,
V2_STRICT,V1_TRADE,USD/JPY_2025-07-01,1h,supply,2025-05-06T05:00:00Z,2025-05-07T21:00:00Z,S2_CLOSE,-2.120487908659241,SAME,S2_CLOSE -2.120,
V2_STRICT,V1_TRADE,USD/JPY_2025-07-01,1h,demand,2025-05-12T08:00:00Z,2025-05-13T01:00:00Z,S2_CLOSE,-1.0988797364086056,SAME,S2_CLOSE -1.099,
V2_STRICT,V1_TRADE,USD/JPY_2025-07-01,1h,demand,2025-05-12T03:00:00Z,2025-05-14T09:00:00Z,TARGET,1.8367346938775255,SAME,TARGET +1.837,
V2_STRICT,V1_TRADE,USD/JPY_2025-07-01,1h,demand,2025-05-12T03:00:00Z,2025-05-14T13:00:00Z,TARGET,1.8367346938775255,SAME,TARGET +1.837,
V2_STRICT,V1_TRADE,USD/JPY_2025-07-01,1h,supply,2025-05-14T06:00:00Z,2025-05-14T16:00:00Z,TARGET,1.8764526466159557,OUTCOME_CHANGED,AMBIGUOUS ,V2 AMBIGUOUS (entry and target in the same minute)
V2_STRICT,V1_TRADE,USD/JPY_2025-07-01,1h,demand,2025-05-09T11:00:00Z,2025-05-16T02:00:00Z,TARGET,1.9205955334987632,SAME,TARGET +1.921,
V2_STRICT,V1_TRADE,USD/JPY_2025-07-01,1h,supply,2025-05-15T17:00:00Z,2025-05-16T11:00:00Z,TARGET,1.849765258215938,SAME,TARGET +1.850,
V2_STRICT,V1_TRADE,USD/JPY_2025-07-01,1h,supply,2025-05-15T14:00:00Z,2025-05-16T20:00:00Z,TARGET,1.9493670886075953,SHIFTED,2025-05-16T14:00:00Z TARGET +1.949,same zone entered on a different bar
V2_STRICT,V1_TRADE,USD/JPY_2025-07-01,1h,demand,2025-05-09T14:00:00Z,2025-05-19T01:00:00Z,S2_CLOSE,-1.1644925442787113,SAME,S2_CLOSE -1.164,
V2_STRICT,V1_TRADE,USD/JPY_2025-07-01,1h,supply,2025-05-19T04:00:00Z,2025-05-20T02:00:00Z,TARGET,1.7519379844960514,OUTCOME_CHANGED,AMBIGUOUS ,V2 AMBIGUOUS (entry and target in the same minute)
V2_STRICT,V1_TRADE,USD/JPY_2025-07-01,1h,demand,2025-05-08T07:00:00Z,2025-05-20T05:00:00Z,S2_CLOSE,-2.9047664396932533,REMOVED,,NO_ENTRY_AT_BAR (older zone touched first and never filled)
V2_STRICT,V1_TRADE,USD/JPY_2025-07-01,1h,demand,2025-05-08T01:00:00Z,2025-05-21T04:00:00Z,TARGET,1.9299781181619247,SAME,TARGET +1.930,
V2_STRICT,V1_TRADE,USD/JPY_2025-07-01,1h,demand,2025-05-08T01:00:00Z,2025-05-21T10:00:00Z,TARGET,1.9299781181619247,SAME,TARGET +1.930,
V2_STRICT,V1_TRADE,USD/JPY_2025-07-01,1h,demand,2025-05-07T13:00:00Z,2025-05-22T02:00:00Z,S2_CLOSE,-1.6371290322581415,SAME,S2_CLOSE -1.637,
V2_STRICT,V1_TRADE,USD/JPY_2025-07-01,1h,supply,2025-05-21T01:00:00Z,2025-05-22T17:00:00Z,TARGET,1.8987328953531188,SAME,TARGET +1.899,
V2_STRICT,V1_TRADE,USD/JPY_2025-07-01,1h,demand,2025-05-06T13:00:00Z,2025-05-23T11:00:00Z,S2_CLOSE,-1.1141439205954116,SAME,S2_CLOSE -1.114,
V2_STRICT,V1_TRADE,USD/JPY_2025-07-01,1h,demand,2025-05-06T13:00:00Z,2025-05-23T13:00:00Z,S2_CLOSE,-1.1141439205954116,REMOVED,,SLOT_OCCUPIED by 1h 2025-05-23T11:00:00Z
V2_STRICT,V1_TRADE,USD/JPY_2025-07-01,1h,supply,2025-05-23T13:00:00Z,2025-05-26T05:00:00Z,S2_CLOSE,-1.091889408394231,REMOVED,,SLOT_OCCUPIED by 4h 2025-05-26T05:00:00Z
V2_STRICT,V1_TRADE,USD/JPY_2025-07-01,1h,supply,2025-05-26T12:00:00Z,2025-05-26T21:00:00Z,TARGET,1.813950243318233,SAME,TARGET +1.814,
V2_STRICT,V1_TRADE,USD/JPY_2025-07-01,1h,demand,2025-04-29T21:00:00Z,2025-05-27T02:00:00Z,TARGET,1.7961783439490953,SAME,TARGET +1.796,
V2_STRICT,V1_TRADE,USD/JPY_2025-07-01,1h,supply,2025-05-23T04:00:00Z,2025-05-27T05:00:00Z,TARGET,1.753827217478199,REMOVED,,OTHER_ZONE_TAKEN_ON_BAR (2025-05-26T12:00:00Z)
V2_STRICT,V1_TRADE,USD/JPY_2025-07-01,1h,demand,2025-05-27T12:00:00Z,2025-05-28T00:00:00Z,TARGET,1.8251319297620803,SAME,TARGET +1.825,
V2_STRICT,V1_TRADE,USD/JPY_2025-07-01,1h,demand,2025-05-27T12:00:00Z,2025-05-28T07:00:00Z,TARGET,1.8251319297620803,SAME,TARGET +1.825,
V2_STRICT,V1_TRADE,USD/JPY_2025-07-01,1h,demand,2025-05-27T12:00:00Z,2025-05-28T09:00:00Z,TARGET,1.8251319297620803,REMOVED,,SLOT_OCCUPIED by 1h 2025-05-28T07:00:00Z
V2_STRICT,V1_TRADE,USD/JPY_2025-07-01,1h,supply,2025-05-15T14:00:00Z,2025-05-28T23:00:00Z,S2_CLOSE,-1.2120094936708854,REMOVED,,NO_ENTRY_AT_BAR (older zone touched first and never filled)
V2_STRICT,V1_TRADE,USD/JPY_2025-07-01,1h,demand,2025-05-27T12:00:00Z,2025-05-29T16:00:00Z,S2_CLOSE,-1.2514264043135015,SAME,S2_CLOSE -1.251,
V2_STRICT,V1_TRADE,USD/JPY_2025-07-01,1h,demand,2025-05-28T08:00:00Z,2025-05-29T19:00:00Z,S2_CLOSE,-3.3569181651723046,SAME,S2_CLOSE -3.357,
V2_STRICT,V1_TRADE,USD/JPY_2025-07-01,1h,supply,2025-05-29T14:00:00Z,2025-05-30T14:00:00Z,TARGET,1.8980924174389338,SAME,TARGET +1.898,
V2_STRICT,V1_TRADE,USD/JPY_2025-07-01,1h,supply,2025-05-30T20:00:00Z,2025-06-03T16:00:00Z,TARGET,1.8552016543211067,SAME,TARGET +1.855,
V2_STRICT,V1_TRADE,USD/JPY_2025-07-01,1h,supply,2025-05-30T20:00:00Z,2025-06-03T22:00:00Z,TARGET,1.8552016543211067,SAME,TARGET +1.855,
V2_STRICT,V1_TRADE,USD/JPY_2025-07-01,1h,supply,2025-05-29T14:00:00Z,2025-06-04T06:00:00Z,TARGET,1.8980924174389338,SAME,TARGET +1.898,
V2_STRICT,V1_TRADE,USD/JPY_2025-07-01,1h,demand,2025-06-04T01:00:00Z,2025-06-04T07:00:00Z,S2_CLOSE,-1.389937106918237,SAME,S2_CLOSE -1.390,
V2_STRICT,V1_TRADE,USD/JPY_2025-07-01,1h,supply,2025-05-29T11:00:00Z,2025-06-06T15:00:00Z,TARGET,1.8661087866108652,SAME,TARGET +1.866,
V2_STRICT,V1_TRADE,USD/JPY_2025-07-01,1h,supply,2025-05-29T11:00:00Z,2025-06-10T01:00:00Z,TARGET,1.8661087866108652,SAME,TARGET +1.866,
V2_STRICT,V1_TRADE,USD/JPY_2025-07-01,1h,demand,2025-06-09T15:00:00Z,2025-06-10T11:00:00Z,TARGET,1.8848920863309435,SAME,TARGET +1.885,
V2_STRICT,V1_TRADE,USD/JPY_2025-07-01,1h,supply,2025-05-29T11:00:00Z,2025-06-10T17:00:00Z,TARGET,1.8661087866108652,SAME,TARGET +1.866,
V2_STRICT,V1_TRADE,USD/JPY_2025-07-01,1h,supply,2025-05-29T11:00:00Z,2025-06-11T01:00:00Z,S2_CLOSE,-1.234225941422595,SAME,S2_CLOSE -1.234,
V2_STRICT,V1_TRADE,USD/JPY_2025-07-01,1h,demand,2025-06-09T15:00:00Z,2025-06-11T12:00:00Z,TARGET,1.8848920863309435,REMOVED,,SLOT_OCCUPIED by 4h 2025-06-11T09:00:00Z
V2_STRICT,V1_TRADE,USD/JPY_2025-07-01,1h,demand,2025-06-06T03:00:00Z,2025-06-12T01:00:00Z,TARGET,1.7681159420289465,REMOVED,,OTHER_ZONE_TAKEN_ON_BAR (2025-06-06T07:00:00Z)
V2_STRICT,V1_TRADE,USD/JPY_2025-07-01,1h,demand,2025-06-06T03:00:00Z,2025-06-12T05:00:00Z,TARGET,1.7681159420289465,REMOVED,,NO_ENTRY_AT_BAR (older zone touched first and never filled)
V2_STRICT,V1_TRADE,USD/JPY_2025-07-01,1h,demand,2025-06-06T03:00:00Z,2025-06-12T07:00:00Z,TARGET,1.7681159420289465,SAME,TARGET +1.768,
V2_STRICT,V1_TRADE,USD/JPY_2025-07-01,1h,demand,2025-06-05T22:00:00Z,2025-06-12T10:00:00Z,TARGET,1.721763324928228,SAME,TARGET +1.722,
V2_STRICT,V1_TRADE,USD/JPY_2025-07-01,1h,supply,2025-06-12T14:00:00Z,2025-06-13T03:00:00Z,S2_CLOSE,-1.3514438956395602,SAME,S2_CLOSE -1.351,
V2_STRICT,V1_TRADE,USD/JPY_2025-07-01,1h,supply,2025-06-12T14:00:00Z,2025-06-13T05:00:00Z,S2_CLOSE,-1.3514438956395602,REMOVED,,SLOT_OCCUPIED by 1h 2025-06-13T03:00:00Z
V2_STRICT,V1_TRADE,USD/JPY_2025-07-01,1h,supply,2025-06-16T03:00:00Z,2025-06-16T17:00:00Z,S2_CLOSE,-2.6383692426784155,SAME,S2_CLOSE -2.638,
V2_STRICT,V1_TRADE,USD/JPY_2025-07-01,1h,supply,2025-06-11T19:00:00Z,2025-06-16T18:00:00Z,S2_CLOSE,-3.909409701928309,REMOVED,,SLOT_OCCUPIED by 1h 2025-06-16T17:00:00Z
V2_STRICT,V1_TRADE,USD/JPY_2025-07-01,1h,supply,2025-06-11T13:00:00Z,2025-06-17T01:00:00Z,S2_CLOSE,-1.1909689067897697,SHIFTED,2025-06-17T03:00:00Z S2_CLOSE -1.191,same zone entered on a different bar
V2_STRICT,V1_TRADE,USD/JPY_2025-07-01,1h,demand,2025-06-17T15:00:00Z,2025-06-18T02:00:00Z,S2_CLOSE,-2.2791977888943142,SAME,S2_CLOSE -2.279,
V2_STRICT,V1_TRADE,USD/JPY_2025-07-01,1h,demand,2025-06-17T04:00:00Z,2025-06-18T16:00:00Z,TARGET,1.8827924694161489,SAME,TARGET +1.883,
V2_STRICT,V1_TRADE,USD/JPY_2025-07-01,1h,demand,2025-06-17T04:00:00Z,2025-06-18T18:00:00Z,TARGET,1.8827924694161489,SAME,TARGET +1.883,
V2_STRICT,V1_TRADE,USD/JPY_2025-07-01,1h,demand,2025-06-19T13:00:00Z,2025-06-19T19:00:00Z,S2_CLOSE,-2.089361702127552,REMOVED,,SLOT_OCCUPIED by 4h 2025-06-19T09:00:00Z
V2_STRICT,V1_TRADE,USD/JPY_2025-07-01,1h,supply,2025-05-29T05:00:00Z,2025-06-20T14:00:00Z,S2_CLOSE,-1.489898785834053,REMOVED,,SLOT_OCCUPIED by 4h 2025-06-19T09:00:00Z
V2_STRICT,V1_TRADE,USD/JPY_2025-07-01,1h,demand,2025-06-23T02:00:00Z,2025-06-23T14:00:00Z,S2_CLOSE,-1.1321321321321454,SAME,S2_CLOSE -1.132,
V2_STRICT,V1_TRADE,USD/JPY_2025-07-01,1h,demand,2025-06-22T23:00:00Z,2025-06-23T17:00:00Z,S2_CLOSE,-1.5560538116590907,SAME,S2_CLOSE -1.556,
V2_STRICT,V1_TRADE,USD/JPY_2025-07-01,1h,demand,2025-06-20T16:00:00Z,2025-06-23T22:00:00Z,TARGET,1.8024691358025113,SAME,TARGET +1.802,
V2_STRICT,V1_TRADE,USD/JPY_2025-07-01,1h,demand,2025-06-20T02:00:00Z,2025-06-24T03:00:00Z,TARGET,1.768115942029042,REMOVED,,NO_ENTRY_AT_BAR (older zone touched first and never filled)
V2_STRICT,V1_TRADE,USD/JPY_2025-07-01,1h,demand,2025-06-20T02:00:00Z,2025-06-24T05:00:00Z,S2_CLOSE,-1.6666666666665206,REMOVED,,OTHER_ZONE_TAKEN_ON_BAR (2025-06-20T06:00:00Z)
V2_STRICT,V1_TRADE,USD/JPY_2025-07-01,1h,demand,2025-06-19T04:00:00Z,2025-06-24T06:00:00Z,TARGET,1.6558547707132458,SHIFTED,2025-06-24T08:00:00Z S2_CLOSE -2.398,same zone entered on a different bar
V2_STRICT,V1_TRADE,USD/JPY_2025-07-01,1h,demand,2025-06-17T04:00:00Z,2025-06-24T14:00:00Z,TARGET,1.8827924694161489,REMOVED,,OTHER_ZONE_TAKEN_ON_BAR (2025-06-19T00:00:00Z)
V2_STRICT,V1_TRADE,USD/JPY_2025-07-01,1h,supply,2025-06-24T01:00:00Z,2025-06-25T10:00:00Z,S2_CLOSE,-1.2451340996167968,SAME,S2_CLOSE -1.245,
V2_STRICT,V1_TRADE,USD/JPY_2025-07-01,1h,demand,2025-06-16T13:00:00Z,2025-06-26T09:00:00Z,TARGET,1.9069740399430115,SAME,TARGET +1.907,
V2_STRICT,V1_TRADE,USD/JPY_2025-07-01,1h,supply,2025-06-26T11:00:00Z,2025-06-26T21:00:00Z,S2_CLOSE,-2.3438994506148054,SAME,S2_CLOSE -2.344,
V2_STRICT,V1_TRADE,USD/JPY_2025-07-01,1h,supply,2025-06-26T03:00:00Z,2025-06-27T00:00:00Z,TARGET,1.8725048806725375,SAME,TARGET +1.873,
V2_STRICT,V1_TRADE,USD/JPY_2025-07-01,1h,supply,2025-06-26T01:00:00Z,2025-06-27T13:00:00Z,TARGET,1.876438335006568,REMOVED,,SLOT_OCCUPIED by 4h 2025-06-27T13:00:00Z
V2_STRICT,V1_TRADE,USD/JPY_2025-07-01,1h,supply,2025-06-26T01:00:00Z,2025-06-27T15:00:00Z,TARGET,1.876438335006568,REMOVED,,SLOT_OCCUPIED by 4h 2025-06-27T13:00:00Z
V2_STRICT,V1_TRADE,USD/JPY_2025-07-01,1h,demand,2025-06-16T13:00:00Z,2025-06-30T06:00:00Z,TARGET,1.9069740399430115,SHIFTED,2025-06-30T04:00:00Z TARGET +1.907,same zone entered on a different bar
V2_STRICT,V1_TRADE,USD/JPY_2025-07-01,4h,supply,2025-04-07T13:00:00Z,2025-05-12T05:00:00Z,S2_CLOSE,-1.5212467422078395,SAME,S2_CLOSE -1.521,
V2_STRICT,V1_TRADE,USD/JPY_2025-07-01,4h,demand,2025-05-14T09:00:00Z,2025-05-15T05:00:00Z,S2_CLOSE,-2.3366809583858577,SAME,S2_CLOSE -2.337,
V2_STRICT,V1_TRADE,USD/JPY_2025-07-01,4h,demand,2025-05-06T17:00:00Z,2025-05-23T09:00:00Z,TARGET,1.9179487179487151,REMOVED,,SLOT_OCCUPIED by 1h 2025-05-23T11:00:00Z
V2_STRICT,V1_TRADE,USD/JPY_2025-07-01,4h,demand,2025-05-06T17:00:00Z,2025-05-26T05:00:00Z,TARGET,1.9179487179487151,SAME,TARGET +1.918,
V2_STRICT,V1_TRADE,USD/JPY_2025-07-01,4h,supply,2025-05-22T13:00:00Z,2025-05-27T05:00:00Z,S2_CLOSE,-1.7965116279070188,REMOVED,,SLOT_OCCUPIED by 1h 2025-05-27T07:00:00Z (recovered suppressed trade)
V2_STRICT,V1_TRADE,USD/JPY_2025-07-01,4h,supply,2025-05-20T13:00:00Z,2025-05-28T01:00:00Z,TARGET,1.931625392619823,SAME,TARGET +1.932,
V2_STRICT,V1_TRADE,USD/JPY_2025-07-01,4h,supply,2025-05-15T09:00:00Z,2025-05-28T21:00:00Z,TARGET,1.9488809725394975,REMOVED,,OTHER_ZONE_TAKEN_ON_BAR (2025-05-19T21:00:00Z)
V2_STRICT,V1_TRADE,USD/JPY_2025-07-01,4h,supply,2025-05-15T09:00:00Z,2025-05-29T05:00:00Z,TARGET,1.9488809725394975,SAME,TARGET +1.949,
V2_STRICT,V1_TRADE,USD/JPY_2025-07-01,4h,supply,2025-05-28T21:00:00Z,2025-06-11T09:00:00Z,TARGET,1.9767781075609034,SAME,TARGET +1.977,
V2_STRICT,V1_TRADE,USD/JPY_2025-07-01,4h,supply,2025-06-11T05:00:00Z,2025-06-16T21:00:00Z,TARGET,1.8865248226950284,SAME,TARGET +1.887,
V2_STRICT,V1_TRADE,USD/JPY_2025-07-01,4h,supply,2025-06-11T05:00:00Z,2025-06-17T13:00:00Z,S2_CLOSE,-1.1631914893615687,REMOVED,,SLOT_OCCUPIED by 1h 2025-06-17T03:00:00Z
V2_STRICT,V1_TRADE,USD/JPY_2025-07-01,4h,supply,2025-05-15T09:00:00Z,2025-06-20T17:00:00Z,S2_CLOSE,-1.6805220530679474,REMOVED,,SLOT_OCCUPIED by 4h 2025-06-19T09:00:00Z
V2_STRICT,V1_TRADE,USD/JPY_2025-07-01,4h,demand,2025-06-20T05:00:00Z,2025-06-24T01:00:00Z,S2_CLOSE,-2.6680417918479904,REMOVED,,SLOT_OCCUPIED by 1h 2025-06-24T01:00:00Z
V2_STRICT,V1_TRADE,USD/JPY_2025-07-01,4h,demand,2025-06-17T01:00:00Z,2025-06-24T13:00:00Z,TARGET,1.9519523126703282,REMOVED,,SLOT_OCCUPIED by 1h 2025-06-24T14:00:00Z (recovered suppressed trade)
V2_STRICT,V1_TRADE,USD/JPY_2025-07-01,4h,demand,2025-06-17T01:00:00Z,2025-06-25T21:00:00Z,S2_CLOSE,-2.465454463554928,SAME,S2_CLOSE -2.465,
V2_STRICT,V1_TRADE,USD/JPY_2025-07-01,4h,supply,2025-06-26T01:00:00Z,2025-06-27T13:00:00Z,TARGET,1.9195979899497422,SAME,TARGET +1.920,
V2_STRICT,V1_TRADE,USD/JPY_2025-11-01,1h,supply,2025-09-16T15:00:00Z,2025-09-17T01:00:00Z,TARGET,1.8297962874314861,SAME,TARGET +1.830,
V2_STRICT,V1_TRADE,USD/JPY_2025-11-01,1h,supply,2025-09-16T15:00:00Z,2025-09-17T07:00:00Z,TARGET,1.8297962874314861,SAME,TARGET +1.830,
V2_STRICT,V1_TRADE,USD/JPY_2025-11-01,1h,supply,2025-09-16T12:00:00Z,2025-09-18T04:00:00Z,S2_CLOSE,-1.627100929352343,REMOVED,,SLOT_OCCUPIED by 4h 2025-09-18T01:00:00Z
V2_STRICT,V1_TRADE,USD/JPY_2025-11-01,1h,supply,2025-09-16T00:00:00Z,2025-09-18T07:00:00Z,TARGET,1.797481172077704,REMOVED,,SLOT_OCCUPIED by 4h 2025-09-18T01:00:00Z
V2_STRICT,V1_TRADE,USD/JPY_2025-11-01,1h,supply,2025-09-16T00:00:00Z,2025-09-18T09:00:00Z,TARGET,1.797481172077704,SAME,TARGET +1.797,
V2_STRICT,V1_TRADE,USD/JPY_2025-11-01,1h,supply,2025-09-16T00:00:00Z,2025-09-18T11:00:00Z,S2_CLOSE,-4.771913170052537,SAME,S2_CLOSE -4.772,
V2_STRICT,V1_TRADE,USD/JPY_2025-11-01,1h,supply,2025-09-12T15:00:00Z,2025-09-18T12:00:00Z,S2_CLOSE,-2.9265963302749896,REMOVED,,SLOT_OCCUPIED by 1h 2025-09-18T11:00:00Z
V2_STRICT,V1_TRADE,USD/JPY_2025-11-01,1h,supply,2025-09-08T03:00:00Z,2025-09-18T13:00:00Z,TARGET,1.8504723904277973,REMOVED,,OTHER_ZONE_TAKEN_ON_BAR (2025-09-11T10:00:00Z)
V2_STRICT,V1_TRADE,USD/JPY_2025-11-01,1h,supply,2025-09-12T12:00:00Z,2025-09-18T19:00:00Z,TARGET,1.8814841151677966,SAME,TARGET +1.881,
V2_STRICT,V1_TRADE,USD/JPY_2025-11-01,1h,supply,2025-09-12T12:00:00Z,2025-09-19T06:00:00Z,TARGET,1.8814841151677966,SAME,TARGET +1.881,
V2_STRICT,V1_TRADE,USD/JPY_2025-11-01,1h,supply,2025-09-12T12:00:00Z,2025-09-19T10:00:00Z,S2_CLOSE,-1.7999377791605595,SHIFTED,2025-09-19T08:00:00Z S2_CLOSE -1.800,same zone entered on a different bar
V2_STRICT,V1_TRADE,USD/JPY_2025-11-01,1h,supply,2025-09-08T03:00:00Z,2025-09-19T13:00:00Z,TARGET,1.8504723904277973,SAME,TARGET +1.850,
V2_STRICT,V1_TRADE,USD/JPY_2025-11-01,1h,demand,2025-09-19T08:00:00Z,2025-09-19T15:00:00Z,TARGET,1.859033941983669,SAME,TARGET +1.859,
V2_STRICT,V1_TRADE,USD/JPY_2025-11-01,1h,supply,2025-09-08T03:00:00Z,2025-09-22T01:00:00Z,S2_CLOSE,-2.2615457510097117,SAME,S2_CLOSE -2.262,
V2_STRICT,V1_TRADE,USD/JPY_2025-11-01,1h,demand,2025-09-19T15:00:00Z,2025-09-22T07:00:00Z,TARGET,1.7519187533917118,REMOVED,,SLOT_OCCUPIED by 4h 2025-09-22T05:00:00Z
V2_STRICT,V1_TRADE,USD/JPY_2025-11-01,1h,demand,2025-09-19T08:00:00Z,2025-09-22T08:00:00Z,S2_CLOSE,-1.7136406687076557,REMOVED,,SLOT_OCCUPIED by 4h 2025-09-22T05:00:00Z
V2_STRICT,V1_TRADE,USD/JPY_2025-11-01,1h,supply,2025-09-23T02:00:00Z,2025-09-23T13:00:00Z,S2_CLOSE,-1.3475117370893361,SAME,S2_CLOSE -1.348,
V2_STRICT,V1_TRADE,USD/JPY_2025-11-01,1h,demand,2025-09-19T05:00:00Z,2025-09-23T17:00:00Z,TARGET,1.812865497076015,SAME,TARGET +1.813,
V2_STRICT,V1_TRADE,USD/JPY_2025-11-01,1h,demand,2025-09-25T00:00:00Z,2025-09-29T07:00:00Z,S2_CLOSE,-1.434127659574441,SAME,S2_CLOSE -1.434,
V2_STRICT,V1_TRADE,USD/JPY_2025-11-01,1h,supply,2025-09-29T06:00:00Z,2025-09-29T11:00:00Z,TARGET,1.7837837837838197,SAME,TARGET +1.784,
V2_STRICT,V1_TRADE,USD/JPY_2025-11-01,1h,supply,2025-09-29T06:00:00Z,2025-09-30T00:00:00Z,TARGET,1.7837837837838197,SAME,TARGET +1.784,
V2_STRICT,V1_TRADE,USD/JPY_2025-11-01,1h,supply,2025-09-29T06:00:00Z,2025-09-30T02:00:00Z,TARGET,1.7837837837838197,SAME,TARGET +1.784,
V2_STRICT,V1_TRADE,USD/JPY_2025-11-01,1h,demand,2025-09-24T07:00:00Z,2025-09-30T06:00:00Z,TARGET,1.683231043357768,SAME,TARGET +1.683,
V2_STRICT,V1_TRADE,USD/JPY_2025-11-01,1h,demand,2025-09-24T05:00:00Z,2025-09-30T09:00:00Z,TARGET,1.7629805199615238,SAME,TARGET +1.763,
V2_STRICT,V1_TRADE,USD/JPY_2025-11-01,1h,demand,2025-09-18T07:00:00Z,2025-10-01T06:00:00Z,S2_CLOSE,-1.2030411869689077,REMOVED,,NO_ENTRY_AT_BAR (older zone touched first and never filled)
V2_STRICT,V1_TRADE,USD/JPY_2025-11-01,1h,demand,2025-09-17T22:00:00Z,2025-10-01T12:00:00Z,TARGET,1.835905850981974,OUTCOME_CHANGED,AMBIGUOUS ,V2 AMBIGUOUS (entry and target in the same minute)
V2_STRICT,V1_TRADE,USD/JPY_2025-11-01,1h,supply,2025-10-01T09:00:00Z,2025-10-01T15:00:00Z,TARGET,1.8024788899313788,REMOVED,,SLOT_OCCUPIED by 4h 2025-10-01T13:00:00Z
V2_STRICT,V1_TRADE,USD/JPY_2025-11-01,1h,supply,2025-10-01T09:00:00Z,2025-10-01T17:00:00Z,TARGET,1.8024788899313788,SAME,TARGET +1.802,
V2_STRICT,V1_TRADE,USD/JPY_2025-11-01,1h,supply,2025-10-01T09:00:00Z,2025-10-02T02:00:00Z,TARGET,1.8024788899313788,SAME,TARGET +1.802,
V2_STRICT,V1_TRADE,USD/JPY_2025-11-01,1h,supply,2025-10-01T09:00:00Z,2025-10-02T04:00:00Z,TARGET,1.8024788899313788,REMOVED,,SLOT_OCCUPIED by 1h 2025-10-02T02:00:00Z
V2_STRICT,V1_TRADE,USD/JPY_2025-11-01,1h,supply,2025-10-01T09:00:00Z,2025-10-02T12:00:00Z,S2_CLOSE,-2.456471285368464,SAME,S2_CLOSE -2.456,
V2_STRICT,V1_TRADE,USD/JPY_2025-11-01,1h,supply,2025-09-26T13:00:00Z,2025-10-05T23:00:00Z,S2_CLOSE,-1.7482014388491802,REMOVED,,SLOT_OCCUPIED by 4h 2025-10-05T20:00:00Z
V2_STRICT,V1_TRADE,USD/JPY_2025-11-01,1h,demand,2025-10-08T12:00:00Z,2025-10-08T21:00:00Z,TARGET,1.8984062480157442,SAME,TARGET +1.898,
V2_STRICT,V1_TRADE,USD/JPY_2025-11-01,1h,demand,2025-10-08T04:00:00Z,2025-10-09T13:00:00Z,TARGET,1.8306878306878498,OUTCOME_CHANGED,AMBIGUOUS ,V2 AMBIGUOUS (entry and target in the same minute)
V2_STRICT,V1_TRADE,USD/JPY_2025-11-01,1h,demand,2025-10-08T04:00:00Z,2025-10-10T06:00:00Z,TARGET,1.8306878306878498,SAME,TARGET +1.831,
V2_STRICT,V1_TRADE,USD/JPY_2025-11-01,1h,demand,2025-10-08T12:00:00Z,2025-10-10T07:00:00Z,TARGET,1.8984062480157442,SAME,TARGET +1.898,
V2_STRICT,V1_TRADE,USD/JPY_2025-11-01,1h,demand,2025-10-08T12:00:00Z,2025-10-10T11:00:00Z,S2_CLOSE,-4.2129659025969755,SAME,S2_CLOSE -4.213,
V2_STRICT,V1_TRADE,USD/JPY_2025-11-01,1h,demand,2025-10-07T21:00:00Z,2025-10-10T17:00:00Z,S2_CLOSE,-2.8170852736848015,SAME,S2_CLOSE -2.817,
V2_STRICT,V1_TRADE,USD/JPY_2025-11-01,1h,demand,2025-10-13T17:00:00Z,2025-10-13T23:00:00Z,TARGET,1.7310924369748535,REMOVED,,LOOKAHEAD_DEPENDENCY: VALIDATED_BY_TOUCH_BAR_CLOSE+FVG_ONLY_WITH_TOUCH_BAR
V2_STRICT,V1_TRADE,USD/JPY_2025-11-01,1h,supply,2025-10-10T13:00:00Z,2025-10-14T00:00:00Z,TARGET,1.8083947069037838,SAME,TARGET +1.808,
V2_STRICT,V1_TRADE,USD/JPY_2025-11-01,1h,demand,2025-10-13T13:00:00Z,2025-10-14T03:00:00Z,S2_CLOSE,-4.1324992018121725,REMOVED,,OTHER_ZONE_TAKEN_ON_BAR (2025-10-13T17:00:00Z)
V2_STRICT,V1_TRADE,USD/JPY_2025-11-01,1h,demand,2025-10-07T07:00:00Z,2025-10-16T02:00:00Z,TARGET,1.82122905027936,SAME,TARGET +1.821,
V2_STRICT,V1_TRADE,USD/JPY_2025-11-01,1h,supply,2025-10-15T21:00:00Z,2025-10-16T04:00:00Z,S2_CLOSE,-1.4727845918920848,SAME,S2_CLOSE -1.473,
V2_STRICT,V1_TRADE,USD/JPY_2025-11-01,1h,supply,2025-10-15T21:00:00Z,2025-10-16T06:00:00Z,S2_CLOSE,-1.4727845918920848,REMOVED,,SLOT_OCCUPIED by 1h 2025-10-16T04:00:00Z
V2_STRICT,V1_TRADE,USD/JPY_2025-11-01,1h,demand,2025-10-07T03:00:00Z,2025-10-16T16:00:00Z,S2_CLOSE,-1.46938547486009,REMOVED,,OTHER_ZONE_TAKEN_ON_BAR (2025-10-07T07:00:00Z)
V2_STRICT,V1_TRADE,USD/JPY_2025-11-01,1h,supply,2025-10-16T20:00:00Z,2025-10-17T12:00:00Z,TARGET,1.7090909090909452,SAME,TARGET +1.709,
V2_STRICT,V1_TRADE,USD/JPY_2025-11-01,1h,supply,2025-10-16T20:00:00Z,2025-10-17T14:00:00Z,TARGET,1.7090909090909452,SAME,TARGET +1.709,
V2_STRICT,V1_TRADE,USD/JPY_2025-11-01,1h,supply,2025-10-16T20:00:00Z,2025-10-17T16:00:00Z,S2_CLOSE,-1.618181818181754,SAME,S2_CLOSE -1.618,
V2_STRICT,V1_TRADE,USD/JPY_2025-11-01,1h,supply,2025-10-16T07:00:00Z,2025-10-20T01:00:00Z,TARGET,1.9282511210762374,SAME,TARGET +1.928,
V2_STRICT,V1_TRADE,USD/JPY_2025-11-01,1h,demand,2025-10-20T08:00:00Z,2025-10-20T18:00:00Z,TARGET,1.8577840984845102,SAME,TARGET +1.858,
V2_STRICT,V1_TRADE,USD/JPY_2025-11-01,1h,supply,2025-10-15T12:00:00Z,2025-10-21T08:00:00Z,S2_CLOSE,-2.0041350210967543,REMOVED,,SLOT_OCCUPIED by 4h 2025-10-21T08:00:00Z (recovered suppressed trade)
V2_STRICT,V1_TRADE,USD/JPY_2025-11-01,1h,supply,2025-10-14T20:00:00Z,2025-10-21T09:00:00Z,S2_CLOSE,-2.2775483870970197,REMOVED,,SLOT_OCCUPIED by 4h 2025-10-21T08:00:00Z (recovered suppressed trade)
V2_STRICT,V1_TRADE,USD/JPY_2025-11-01,1h,supply,2025-10-22T13:00:00Z,2025-10-22T20:00:00Z,S2_CLOSE,-2.193294953535528,SAME,S2_CLOSE -2.193,
V2_STRICT,V1_TRADE,USD/JPY_2025-11-01,1h,supply,2025-10-10T13:00:00Z,2025-10-23T06:00:00Z,TARGET,1.8083947069037838,SAME,TARGET +1.808,
V2_STRICT,V1_TRADE,USD/JPY_2025-11-01,1h,supply,2025-10-10T13:00:00Z,2025-10-23T08:00:00Z,S2_CLOSE,-1.993952457936369,SAME,S2_CLOSE -1.994,
V2_STRICT,V1_TRADE,USD/JPY_2025-11-01,1h,supply,2025-10-10T05:00:00Z,2025-10-23T16:00:00Z,TARGET,1.8095238095238169,SAME,TARGET +1.810,
V2_STRICT,V1_TRADE,USD/JPY_2025-11-01,1h,supply,2025-10-09T07:00:00Z,2025-10-24T05:00:00Z,TARGET,1.9130434782608683,SAME,TARGET +1.913,
V2_STRICT,V1_TRADE,USD/JPY_2025-11-01,1h,supply,2025-10-10T01:00:00Z,2025-10-27T00:00:00Z,TARGET,1.8504575065658342,SAME,TARGET +1.850,
V2_STRICT,V1_TRADE,USD/JPY_2025-11-01,1h,supply,2025-10-10T01:00:00Z,2025-10-27T02:00:00Z,S2_CLOSE,-1.906638752068056,SAME,S2_CLOSE -1.907,
V2_STRICT,V1_TRADE,USD/JPY_2025-11-01,1h,supply,2025-10-09T07:00:00Z,2025-10-27T06:00:00Z,TARGET,1.9130434782608683,SAME,TARGET +1.913,
V2_STRICT,V1_TRADE,USD/JPY_2025-11-01,1h,supply,2025-10-09T07:00:00Z,2025-10-27T14:00:00Z,TARGET,1.9130434782608683,SAME,TARGET +1.913,
V2_STRICT,V1_TRADE,USD/JPY_2025-11-01,1h,demand,2025-10-22T08:00:00Z,2025-10-29T01:00:00Z,TARGET,1.8873239436619687,REMOVED,,NO_ENTRY_AT_BAR (older zone touched first and never filled)
V2_STRICT,V1_TRADE,USD/JPY_2025-11-01,1h,supply,2025-10-09T07:00:00Z,2025-10-29T18:00:00Z,TARGET,1.9130434782608683,SAME,TARGET +1.913,
V2_STRICT,V1_TRADE,USD/JPY_2025-11-01,1h,supply,2025-10-09T07:00:00Z,2025-10-30T03:00:00Z,TARGET,1.9130434782608683,SAME,TARGET +1.913,
V2_STRICT,V1_TRADE,USD/JPY_2025-11-01,1h,supply,2025-10-09T07:00:00Z,2025-10-30T05:00:00Z,S2_CLOSE,-1.7119565217390351,SAME,S2_CLOSE -1.712,
V2_STRICT,V1_TRADE,USD/JPY_2025-11-01,1h,demand,2025-10-31T05:00:00Z,2025-10-31T15:00:00Z,TARGET,1.8602577371360713,SAME,TARGET +1.860,
V2_STRICT,V1_TRADE,USD/JPY_2025-11-01,4h,supply,2025-09-15T05:00:00Z,2025-09-18T05:00:00Z,TARGET,1.8661031842336506,REMOVED,,SLOT_OCCUPIED by 4h 2025-09-18T01:00:00Z
V2_STRICT,V1_TRADE,USD/JPY_2025-11-01,4h,supply,2025-09-02T09:00:00Z,2025-09-24T09:00:00Z,S2_CLOSE,-2.0829916437431555,SAME,S2_CLOSE -2.083,
V2_STRICT,V1_TRADE,USD/JPY_2025-11-01,4h,demand,2025-09-23T05:00:00Z,2025-09-30T13:00:00Z,TARGET,1.8964367778892501,REMOVED,,SLOT_OCCUPIED by 1h 2025-09-30T14:00:00Z (recovered suppressed trade)
V2_STRICT,V1_TRADE,USD/JPY_2025-11-01,4h,demand,2025-09-23T17:00:00Z,2025-10-01T01:00:00Z,S2_CLOSE,-3.031319769818545,REMOVED,,SLOT_OCCUPIED by 1h 2025-10-01T04:00:00Z
V2_STRICT,V1_TRADE,USD/JPY_2025-11-01,4h,demand,2025-09-17T21:00:00Z,2025-10-01T13:00:00Z,TARGET,1.8797037705349398,SAME,TARGET +1.880,
V2_STRICT,V1_TRADE,USD/JPY_2025-11-01,4h,demand,2025-09-17T21:00:00Z,2025-10-02T05:00:00Z,TARGET,1.8797037705349398,SHIFTED,2025-10-01T05:00:00Z TARGET +1.880,same zone entered on a different bar
V2_STRICT,V1_TRADE,USD/JPY_2025-11-01,4h,supply,2025-09-25T13:00:00Z,2025-10-05T20:00:00Z,S2_CLOSE,-1.5640517711171398,SAME,S2_CLOSE -1.564,
V2_STRICT,V1_TRADE,USD/JPY_2025-11-01,4h,supply,2025-07-31T21:00:00Z,2025-10-07T08:00:00Z,S2_CLOSE,-2.953947368421261,SAME,S2_CLOSE -2.954,
V2_STRICT,V1_TRADE,USD/JPY_2025-11-01,4h,demand,2025-10-10T20:00:00Z,2025-10-15T00:00:00Z,S2_CLOSE,-1.4991789819376045,SAME,S2_CLOSE -1.499,
V2_STRICT,V1_TRADE,USD/JPY_2025-11-01,4h,demand,2025-10-06T04:00:00Z,2025-10-17T00:00:00Z,S2_CLOSE,-1.5167785234899474,SAME,S2_CLOSE -1.517,
V2_STRICT,V1_TRADE,USD/JPY_2025-11-01,4h,demand,2025-10-23T16:00:00Z,2025-10-24T12:00:00Z,TARGET,1.8964367778892501,REMOVED,,SLOT_OCCUPIED by 1h 2025-10-24T05:00:00Z
V2_STRICT,V1_TRADE,USD/JPY_2025-11-01,4h,demand,2025-10-23T16:00:00Z,2025-10-27T08:00:00Z,TARGET,1.8964367778892501,REMOVED,,SLOT_OCCUPIED by 1h 2025-10-27T06:00:00Z
V2_STRICT,V1_TRADE,USD/JPY_2025-11-01,4h,demand,2025-10-21T12:00:00Z,2025-10-29T00:00:00Z,TARGET,1.9558614601580742,SAME,TARGET +1.956,
V2_STRICT,V2_TRADE,EUR/USD_2022-07-01,1h,demand,2022-03-16T22:00:00Z,,,,NEW_DUE_TO_SEQUENCE_CHANGE,2022-03-17T05:00:00Z fill 2022-03-17T05:37:00Z TARGET +1.875,slot/sequence differs from V1
V2_STRICT,V2_TRADE,EUR/USD_2022-07-01,1h,supply,2022-03-18T19:00:00Z,,,,NEW_SELECTION_LOOKAHEAD_RECOVERED,2022-03-21T16:00:00Z fill 2022-03-21T16:01:00Z TARGET +1.709,PRODUCTION_WOULD_PICK_ANOTHER_ZONE
V2_STRICT,V2_TRADE,EUR/USD_2022-07-01,1h,supply,2022-03-22T03:00:00Z,,,,NEW_SUPPRESSED_TRADE_RECOVERED,2022-03-22T08:00:00Z fill 2022-03-22T08:37:00Z S2_CLOSE -1.578,TOUCH_BAR_CLOSED_BEYOND_S2
V2_STRICT,V2_TRADE,EUR/USD_2022-07-01,1h,supply,2022-03-23T18:00:00Z,,,,NEW_SELECTION_LOOKAHEAD_RECOVERED,2022-03-24T15:00:00Z fill 2022-03-24T15:01:00Z AMBIGUOUS ,PRODUCTION_WOULD_PICK_ANOTHER_ZONE
V2_STRICT,V2_TRADE,EUR/USD_2022-07-01,1h,supply,2022-03-23T21:00:00Z,,,,NEW_SELECTION_LOOKAHEAD_RECOVERED,2022-03-25T00:00:00Z fill 2022-03-25T00:00:00Z S2_CLOSE -6.650,PRODUCTION_WOULD_PICK_ANOTHER_ZONE
V2_STRICT,V2_TRADE,EUR/USD_2022-07-01,1h,supply,2022-03-27T23:00:00Z,,,,NEW_SUPPRESSED_TRADE_RECOVERED,2022-03-28T08:00:00Z fill 2022-03-28T08:47:00Z AMBIGUOUS ,TOUCH_BAR_CLOSED_BEYOND_S2
V2_STRICT,V2_TRADE,EUR/USD_2022-07-01,1h,supply,2022-03-18T16:00:00Z,,,,NEW_SUPPRESSED_TRADE_RECOVERED,2022-03-29T11:00:00Z fill 2022-03-29T11:41:00Z S2_CLOSE -1.989,TOUCH_BAR_CLOSED_BEYOND_S2+PRODUCTION_WOULD_PICK_ANOTHER_ZONE
V2_STRICT,V2_TRADE,EUR/USD_2022-07-01,4h,supply,2022-03-17T15:00:00Z,,,,NEW_SELECTION_LOOKAHEAD_RECOVERED,2022-03-29T11:00:00Z fill 2022-03-29T12:26:00Z S2_CLOSE -1.883,PRODUCTION_WOULD_PICK_ANOTHER_ZONE
V2_STRICT,V2_TRADE,EUR/USD_2022-07-01,1h,demand,2022-03-30T19:00:00Z,,,,NEW_SUPPRESSED_TRADE_RECOVERED,2022-03-31T07:00:00Z fill 2022-03-31T07:29:00Z S2_CLOSE -1.655,TOUCH_BAR_CLOSED_BEYOND_S2
V2_STRICT,V2_TRADE,EUR/USD_2022-07-01,1h,demand,2022-03-30T10:00:00Z,,,,NEW_SELECTION_LOOKAHEAD_RECOVERED,2022-03-31T08:00:00Z fill 2022-03-31T08:32:00Z S2_CLOSE -1.549,PRODUCTION_WOULD_PICK_ANOTHER_ZONE
V2_STRICT,V2_TRADE,EUR/USD_2022-07-01,1h,demand,2022-03-30T06:00:00Z,,,,NEW_SUPPRESSED_TRADE_RECOVERED,2022-03-31T10:00:00Z fill 2022-03-31T10:00:00Z S2_CLOSE -2.813,TOUCH_BAR_CLOSED_BEYOND_S2+PRODUCTION_WOULD_PICK_ANOTHER_ZONE
V2_STRICT,V2_TRADE,EUR/USD_2022-07-01,4h,demand,2022-03-29T15:00:00Z,,,,NEW_SUPPRESSED_TRADE_RECOVERED,2022-03-31T15:00:00Z fill 2022-03-31T15:59:00Z S2_CLOSE -1.204,TOUCH_BAR_CLOSED_BEYOND_S2
V2_STRICT,V2_TRADE,EUR/USD_2022-07-01,4h,demand,2022-04-03T16:00:00Z,,,,NEW_SUPPRESSED_TRADE_RECOVERED,2022-04-04T04:00:00Z fill 2022-04-04T06:16:00Z TARGET +1.086,TOUCH_BAR_CLOSED_BEYOND_S2
V2_STRICT,V2_TRADE,EUR/USD_2022-07-01,1h,demand,2022-03-14T05:00:00Z,,,,NEW_SELECTION_LOOKAHEAD_RECOVERED,2022-04-05T16:00:00Z fill 2022-04-05T16:46:00Z S2_CLOSE -2.467,PRODUCTION_WOULD_PICK_ANOTHER_ZONE
V2_STRICT,V2_TRADE,EUR/USD_2022-07-01,1h,demand,2022-04-08T19:00:00Z,,,,NEW_SELECTION_LOOKAHEAD_RECOVERED,2022-04-11T06:00:00Z fill 2022-04-11T06:27:00Z TARGET +1.680,PRODUCTION_WOULD_PICK_ANOTHER_ZONE
V2_STRICT,V2_TRADE,EUR/USD_2022-07-01,1h,demand,2022-04-08T17:00:00Z,,,,NEW_SUPPRESSED_TRADE_RECOVERED,2022-04-12T06:00:00Z fill 2022-04-12T06:00:00Z S2_CLOSE -2.284,TOUCH_BAR_CLOSED_BEYOND_S2+PRODUCTION_WOULD_PICK_ANOTHER_ZONE
V2_STRICT,V2_TRADE,EUR/USD_2022-07-01,1h,supply,2022-04-12T14:00:00Z,,,,NEW_SELECTION_LOOKAHEAD_RECOVERED,2022-04-13T17:00:00Z fill 2022-04-13T17:02:00Z S2_CLOSE -1.289,PRODUCTION_WOULD_PICK_ANOTHER_ZONE
V2_STRICT,V2_TRADE,EUR/USD_2022-07-01,1h,supply,2022-04-11T14:00:00Z,,,,NEW_DUE_TO_SEQUENCE_CHANGE,2022-04-13T22:00:00Z fill 2022-04-13T22:12:00Z S2_CLOSE -1.933,slot/sequence differs from V1
V2_STRICT,V2_TRADE,EUR/USD_2022-07-01,4h,demand,2022-04-13T08:00:00Z,,,,NEW_SUPPRESSED_TRADE_RECOVERED,2022-04-14T12:00:00Z fill 2022-04-14T13:03:00Z S2_CLOSE -3.208,TOUCH_BAR_CLOSED_BEYOND_S2
V2_STRICT,V2_TRADE,EUR/USD_2022-07-01,1h,supply,2022-04-15T18:00:00Z,,,,NEW_SUPPRESSED_TRADE_RECOVERED,2022-04-17T22:00:00Z fill 2022-04-17T22:03:00Z S2_CLOSE -5.218,TOUCH_BAR_CLOSED_BEYOND_S2
V2_STRICT,V2_TRADE,EUR/USD_2022-07-01,1h,supply,2022-04-18T11:00:00Z,,,,NEW_SUPPRESSED_TRADE_RECOVERED,2022-04-20T03:00:00Z fill 2022-04-20T03:00:00Z S2_CLOSE -1.978,TOUCH_BAR_CLOSED_BEYOND_S2
V2_STRICT,V2_TRADE,EUR/USD_2022-07-01,4h,supply,2022-04-14T04:00:00Z,,,,NEW_SUPPRESSED_TRADE_RECOVERED,2022-04-21T04:00:00Z fill 2022-04-21T07:25:00Z S2_CLOSE -1.560,TOUCH_BAR_CLOSED_BEYOND_S2+PRODUCTION_WOULD_PICK_ANOTHER_ZONE
V2_STRICT,V2_TRADE,EUR/USD_2022-07-01,1h,demand,2022-04-19T02:00:00Z,,,,NEW_SUPPRESSED_TRADE_RECOVERED,2022-04-25T06:00:00Z fill 2022-04-25T06:08:00Z S2_CLOSE -6.718,TOUCH_BAR_CLOSED_BEYOND_S2
V2_STRICT,V2_TRADE,EUR/USD_2022-07-01,1h,supply,2022-04-28T01:00:00Z,,,,NEW_SUPPRESSED_TRADE_RECOVERED,2022-04-28T07:00:00Z fill 2022-04-28T07:30:00Z S2_CLOSE -1.400,TOUCH_BAR_CLOSED_BEYOND_S2+PRODUCTION_WOULD_PICK_ANOTHER_ZONE
V2_STRICT,V2_TRADE,EUR/USD_2022-07-01,1h,supply,2022-05-02T10:00:00Z,,,,NEW_DUE_TO_SEQUENCE_CHANGE,2022-05-03T02:00:00Z fill 2022-05-03T02:04:00Z TARGET +1.644,slot/sequence differs from V1
V2_STRICT,V2_TRADE,EUR/USD_2022-07-01,1h,supply,2022-04-29T09:00:00Z,,,,NEW_SUPPRESSED_TRADE_RECOVERED,2022-05-04T18:00:00Z fill 2022-05-04T18:43:00Z AMBIGUOUS ,TOUCH_BAR_CLOSED_BEYOND_S2+PRODUCTION_WOULD_PICK_ANOTHER_ZONE
V2_STRICT,V2_TRADE,EUR/USD_2022-07-01,1h,demand,2022-05-02T18:00:00Z,,,,NEW_SUPPRESSED_TRADE_RECOVERED,2022-05-06T06:00:00Z fill 2022-05-06T06:56:00Z S2_CLOSE -2.356,TOUCH_BAR_CLOSED_BEYOND_S2
V2_STRICT,V2_TRADE,EUR/USD_2022-07-01,1h,supply,2022-05-13T10:00:00Z,,,,NEW_SUPPRESSED_TRADE_RECOVERED,2022-05-13T14:00:00Z fill 2022-05-13T14:20:00Z S2_CLOSE -1.776,TOUCH_BAR_CLOSED_BEYOND_S2+PRODUCTION_WOULD_PICK_ANOTHER_ZONE
V2_STRICT,V2_TRADE,EUR/USD_2022-07-01,1h,supply,2022-05-12T06:00:00Z,,,,NEW_SELECTION_LOOKAHEAD_RECOVERED,2022-05-17T10:00:00Z fill 2022-05-17T10:19:00Z S2_CLOSE -3.090,PRODUCTION_WOULD_PICK_ANOTHER_ZONE
V2_STRICT,V2_TRADE,EUR/USD_2022-07-01,1h,supply,2022-05-19T03:00:00Z,,,,NEW_SUPPRESSED_TRADE_RECOVERED,2022-05-19T10:00:00Z fill 2022-05-19T10:01:00Z S2_CLOSE -5.109,TOUCH_BAR_CLOSED_BEYOND_S2+PRODUCTION_WOULD_PICK_ANOTHER_ZONE
V2_STRICT,V2_TRADE,EUR/USD_2022-07-01,1h,supply,2022-04-26T05:00:00Z,,,,NEW_SELECTION_LOOKAHEAD_RECOVERED,2022-05-24T13:00:00Z fill 2022-05-24T13:47:00Z S2_CLOSE -2.927,PRODUCTION_WOULD_PICK_ANOTHER_ZONE
V2_STRICT,V2_TRADE,EUR/USD_2022-07-01,4h,demand,2022-05-26T16:00:00Z,,,,NEW_SELECTION_LOOKAHEAD_RECOVERED,2022-05-27T08:00:00Z fill 2022-05-27T09:59:00Z TARGET +1.881,PRODUCTION_WOULD_PICK_ANOTHER_ZONE
V2_STRICT,V2_TRADE,EUR/USD_2022-07-01,1h,demand,2022-05-30T07:00:00Z,,,,NEW_SELECTION_LOOKAHEAD_RECOVERED,2022-05-30T12:00:00Z fill 2022-05-30T12:38:00Z TARGET +1.836,PRODUCTION_WOULD_PICK_ANOTHER_ZONE
V2_STRICT,V2_TRADE,EUR/USD_2022-07-01,1h,demand,2022-05-30T07:00:00Z,,,,NEW_SELECTION_LOOKAHEAD_RECOVERED,2022-05-31T00:00:00Z fill 2022-05-31T00:43:00Z S2_CLOSE -1.831,PRODUCTION_WOULD_PICK_ANOTHER_ZONE
V2_STRICT,V2_TRADE,EUR/USD_2022-07-01,1h,demand,2022-05-30T00:00:00Z,,,,NEW_SUPPRESSED_TRADE_RECOVERED,2022-05-31T08:00:00Z fill 2022-05-31T08:48:00Z S2_CLOSE -1.800,TOUCH_BAR_CLOSED_BEYOND_S2
V2_STRICT,V2_TRADE,EUR/USD_2022-07-01,1h,supply,2022-05-31T17:00:00Z,,,,NEW_SELECTION_LOOKAHEAD_RECOVERED,2022-06-02T15:00:00Z fill 2022-06-02T15:23:00Z S2_CLOSE -2.015,PRODUCTION_WOULD_PICK_ANOTHER_ZONE
V2_STRICT,V2_TRADE,EUR/USD_2022-07-01,1h,supply,2022-05-31T03:00:00Z,,,,NEW_SUPPRESSED_TRADE_RECOVERED,2022-06-03T00:00:00Z fill 2022-06-03T00:00:00Z S2_CLOSE -2.578,TOUCH_BAR_CLOSED_BEYOND_S2
V2_STRICT,V2_TRADE,EUR/USD_2022-07-01,1h,demand,2022-05-20T14:00:00Z,,,,NEW_SUPPRESSED_TRADE_RECOVERED,2022-06-10T12:00:00Z fill 2022-06-10T12:30:00Z S2_CLOSE -2.459,TOUCH_BAR_CLOSED_BEYOND_S2
V2_STRICT,V2_TRADE,EUR/USD_2022-07-01,1h,demand,2022-05-18T21:00:00Z,,,,NEW_DUE_TO_SEQUENCE_CHANGE,2022-06-13T08:00:00Z fill 2022-06-13T08:00:00Z TARGET +1.663,slot/sequence differs from V1
V2_STRICT,V2_TRADE,EUR/USD_2022-07-01,1h,demand,2022-05-18T21:00:00Z,,,,NEW_DUE_TO_SEQUENCE_CHANGE,2022-06-13T10:00:00Z fill 2022-06-13T10:07:00Z S2_CLOSE -4.389,slot/sequence differs from V1
V2_STRICT,V2_TRADE,EUR/USD_2022-07-01,1h,supply,2022-06-15T13:00:00Z,,,,NEW_SUPPRESSED_TRADE_RECOVERED,2022-06-15T19:00:00Z fill 2022-06-15T19:00:00Z S2_CLOSE -3.128,TOUCH_BAR_CLOSED_BEYOND_S2
V2_STRICT,V2_TRADE,EUR/USD_2022-07-01,1h,demand,2022-06-22T11:00:00Z,,,,NEW_SUPPRESSED_TRADE_RECOVERED,2022-06-23T07:00:00Z fill 2022-06-23T07:30:00Z S2_CLOSE -1.379,TOUCH_BAR_CLOSED_BEYOND_S2
V2_STRICT,V2_TRADE,EUR/USD_2022-07-01,1h,demand,2022-06-22T05:00:00Z,,,,NEW_SELECTION_LOOKAHEAD_RECOVERED,2022-06-23T08:00:00Z fill 2022-06-23T08:46:00Z TARGET +1.733,PRODUCTION_WOULD_PICK_ANOTHER_ZONE
V2_STRICT,V2_TRADE,EUR/USD_2022-07-01,1h,demand,2022-06-27T11:00:00Z,,,,NEW_SELECTION_LOOKAHEAD_RECOVERED,2022-06-28T11:00:00Z fill 2022-06-28T11:37:00Z S2_CLOSE -3.660,PRODUCTION_WOULD_PICK_ANOTHER_ZONE
V2_STRICT,V2_TRADE,EUR/USD_2022-07-01,1h,demand,2022-06-22T05:00:00Z,,,,NEW_SELECTION_LOOKAHEAD_RECOVERED,2022-06-29T06:00:00Z fill 2022-06-29T06:15:00Z TARGET +1.733,PRODUCTION_WOULD_PICK_ANOTHER_ZONE
V2_STRICT,V2_TRADE,EUR/USD_2022-07-01,1h,supply,2022-06-29T01:00:00Z,,,,NEW_SELECTION_LOOKAHEAD_RECOVERED,2022-06-29T13:00:00Z fill 2022-06-29T13:11:00Z TARGET +1.800,PRODUCTION_WOULD_PICK_ANOTHER_ZONE
V2_STRICT,V2_TRADE,EUR/USD_2022-07-01,4h,demand,2022-06-15T12:00:00Z,,,,NEW_SELECTION_LOOKAHEAD_RECOVERED,2022-06-30T08:00:00Z fill 2022-06-30T10:05:00Z OPEN_AT_DATA_END ,PRODUCTION_WOULD_PICK_ANOTHER_ZONE
V2_STRICT,V2_TRADE,EUR/USD_2025-04-01,1h,demand,2024-12-05T10:00:00Z,,,,NEW_SELECTION_LOOKAHEAD_RECOVERED,2024-12-10T09:00:00Z fill 2024-12-10T09:11:00Z S2_CLOSE -1.710,PRODUCTION_WOULD_PICK_ANOTHER_ZONE
V2_STRICT,V2_TRADE,EUR/USD_2025-04-01,1h,demand,2024-12-05T04:00:00Z,,,,NEW_SUPPRESSED_TRADE_RECOVERED,2024-12-10T15:00:00Z fill 2024-12-10T15:00:00Z S2_CLOSE -4.448,TOUCH_BAR_CLOSED_BEYOND_S2
V2_STRICT,V2_TRADE,EUR/USD_2025-04-01,4h,supply,2025-01-02T00:00:00Z,,,,NEW_SUPPRESSED_TRADE_RECOVERED,2025-01-06T08:00:00Z fill 2025-01-06T09:08:00Z S2_CLOSE -4.102,TOUCH_BAR_CLOSED_BEYOND_S2+PRODUCTION_WOULD_PICK_ANOTHER_ZONE
V2_STRICT,V2_TRADE,EUR/USD_2025-04-01,1h,demand,2025-01-07T04:00:00Z,,,,NEW_SUPPRESSED_TRADE_RECOVERED,2025-01-07T12:00:00Z fill 2025-01-07T12:43:00Z TARGET +1.304,TOUCH_BAR_CLOSED_BEYOND_S2+PRODUCTION_WOULD_PICK_ANOTHER_ZONE
V2_STRICT,V2_TRADE,EUR/USD_2025-04-01,4h,supply,2025-01-12T20:00:00Z,,,,NEW_SUPPRESSED_TRADE_RECOVERED,2025-01-13T20:00:00Z fill 2025-01-13T21:55:00Z S2_CLOSE -5.305,TOUCH_BAR_CLOSED_BEYOND_S2
V2_STRICT,V2_TRADE,EUR/USD_2025-04-01,4h,supply,2025-01-08T20:00:00Z,,,,NEW_DUE_TO_SEQUENCE_CHANGE,2025-01-20T04:00:00Z fill 2025-01-20T06:55:00Z S2_CLOSE -1.500,slot/sequence differs from V1
V2_STRICT,V2_TRADE,EUR/USD_2025-04-01,4h,supply,2025-01-08T00:00:00Z,,,,NEW_SUPPRESSED_TRADE_RECOVERED,2025-01-20T12:00:00Z fill 2025-01-20T13:30:00Z AMBIGUOUS ,TOUCH_BAR_CLOSED_BEYOND_S2+PRODUCTION_WOULD_PICK_ANOTHER_ZONE
V2_STRICT,V2_TRADE,EUR/USD_2025-04-01,1h,supply,2025-01-07T09:00:00Z,,,,NEW_DUE_TO_SEQUENCE_CHANGE,2025-01-20T20:00:00Z fill 2025-01-20T20:12:00Z TARGET +1.704,slot/sequence differs from V1
V2_STRICT,V2_TRADE,EUR/USD_2025-04-01,1h,supply,2025-01-06T13:00:00Z,,,,NEW_DUE_TO_SEQUENCE_CHANGE,2025-01-20T23:00:00Z fill 2025-01-20T23:06:00Z TARGET +1.904,slot/sequence differs from V1
V2_STRICT,V2_TRADE,EUR/USD_2025-04-01,1h,supply,2024-12-18T18:00:00Z,,,,NEW_SUPPRESSED_TRADE_RECOVERED,2025-01-24T08:00:00Z fill 2025-01-24T08:13:00Z S2_CLOSE -1.246,TOUCH_BAR_CLOSED_BEYOND_S2+PRODUCTION_WOULD_PICK_ANOTHER_ZONE
V2_STRICT,V2_TRADE,EUR/USD_2025-04-01,4h,supply,2024-12-18T00:00:00Z,,,,NEW_SELECTION_LOOKAHEAD_RECOVERED,2025-01-24T08:00:00Z fill 2025-01-24T09:01:00Z TARGET +1.726,PRODUCTION_WOULD_PICK_ANOTHER_ZONE
V2_STRICT,V2_TRADE,EUR/USD_2025-04-01,1h,supply,2024-12-17T14:00:00Z,,,,NEW_SUPPRESSED_TRADE_RECOVERED,2025-01-24T15:00:00Z fill 2025-01-24T15:08:00Z S2_CLOSE -1.836,TOUCH_BAR_CLOSED_BEYOND_S2+PRODUCTION_WOULD_PICK_ANOTHER_ZONE
V2_STRICT,V2_TRADE,EUR/USD_2025-04-01,1h,demand,2025-01-27T07:00:00Z,,,,NEW_SUPPRESSED_TRADE_RECOVERED,2025-01-27T23:00:00Z fill 2025-01-27T23:18:00Z S2_CLOSE -2.958,TOUCH_BAR_CLOSED_BEYOND_S2+PRODUCTION_WOULD_PICK_ANOTHER_ZONE
V2_STRICT,V2_TRADE,EUR/USD_2025-04-01,1h,demand,2025-01-24T03:00:00Z,,,,NEW_SELECTION_LOOKAHEAD_RECOVERED,2025-01-28T01:00:00Z fill 2025-01-28T01:00:00Z S2_CLOSE -1.444,PRODUCTION_WOULD_PICK_ANOTHER_ZONE
V2_STRICT,V2_TRADE,EUR/USD_2025-04-01,4h,demand,2025-01-23T20:00:00Z,,,,NEW_SELECTION_LOOKAHEAD_RECOVERED,2025-01-28T12:00:00Z fill 2025-01-28T12:03:00Z TARGET +1.815,PRODUCTION_WOULD_PICK_ANOTHER_ZONE
V2_STRICT,V2_TRADE,EUR/USD_2025-04-01,1h,demand,2025-01-14T05:00:00Z,,,,NEW_SUPPRESSED_TRADE_RECOVERED,2025-02-03T00:00:00Z fill 2025-02-03T00:00:00Z TARGET +1.686,TOUCH_BAR_CLOSED_BEYOND_S2
V2_STRICT,V2_TRADE,EUR/USD_2025-04-01,4h,supply,2025-01-31T12:00:00Z,,,,NEW_SELECTION_LOOKAHEAD_RECOVERED,2025-02-04T12:00:00Z fill 2025-02-04T15:35:00Z S2_CLOSE -1.140,PRODUCTION_WOULD_PICK_ANOTHER_ZONE
V2_STRICT,V2_TRADE,EUR/USD_2025-04-01,4h,demand,2025-02-13T08:00:00Z,,,,NEW_DUE_TO_SEQUENCE_CHANGE,2025-02-19T16:00:00Z fill 2025-02-19T16:18:00Z TARGET +1.914,slot/sequence differs from V1
V2_STRICT,V2_TRADE,EUR/USD_2025-04-01,1h,supply,2025-02-18T15:00:00Z,,,,NEW_SUPPRESSED_TRADE_RECOVERED,2025-02-20T15:00:00Z fill 2025-02-20T15:24:00Z S2_CLOSE -2.037,TOUCH_BAR_CLOSED_BEYOND_S2+PRODUCTION_WOULD_PICK_ANOTHER_ZONE
V2_STRICT,V2_TRADE,EUR/USD_2025-04-01,1h,supply,2025-02-21T14:00:00Z,,,,NEW_DUE_TO_SEQUENCE_CHANGE,2025-02-23T22:00:00Z fill 2025-02-23T22:47:00Z S2_CLOSE -2.058,slot/sequence differs from V1
V2_STRICT,V2_TRADE,EUR/USD_2025-04-01,4h,supply,2024-12-16T00:00:00Z,,,,NEW_SELECTION_LOOKAHEAD_RECOVERED,2025-02-24T00:00:00Z fill 2025-02-24T01:43:00Z TARGET +1.779,PRODUCTION_WOULD_PICK_ANOTHER_ZONE
V2_STRICT,V2_TRADE,EUR/USD_2025-04-01,1h,demand,2025-02-23T23:00:00Z,,,,NEW_DUE_TO_SEQUENCE_CHANGE,2025-02-24T08:00:00Z fill 2025-02-24T08:18:00Z S2_CLOSE -1.334,slot/sequence differs from V1
V2_STRICT,V2_TRADE,EUR/USD_2025-04-01,1h,demand,2025-02-21T20:00:00Z,,,,NEW_SELECTION_LOOKAHEAD_RECOVERED,2025-02-24T15:00:00Z fill 2025-02-24T15:00:00Z TARGET +1.579,PRODUCTION_WOULD_PICK_ANOTHER_ZONE
V2_STRICT,V2_TRADE,EUR/USD_2025-04-01,1h,demand,2025-02-21T15:00:00Z,,,,NEW_DUE_TO_SEQUENCE_CHANGE,2025-02-24T17:00:00Z fill 2025-02-24T17:07:00Z TARGET +1.907,slot/sequence differs from V1
V2_STRICT,V2_TRADE,EUR/USD_2025-04-01,4h,supply,2024-12-16T00:00:00Z,,,,NEW_SELECTION_LOOKAHEAD_RECOVERED,2025-02-25T20:00:00Z fill 2025-02-25T20:25:00Z TARGET +1.779,PRODUCTION_WOULD_PICK_ANOTHER_ZONE
V2_STRICT,V2_TRADE,EUR/USD_2025-04-01,1h,demand,2025-02-25T16:00:00Z,,,,NEW_DUE_TO_SEQUENCE_CHANGE,2025-02-26T04:00:00Z fill 2025-02-26T04:16:00Z S2_CLOSE -1.732,slot/sequence differs from V1
V2_STRICT,V2_TRADE,EUR/USD_2025-04-01,1h,supply,2025-02-26T19:00:00Z,,,,NEW_SUPPRESSED_TRADE_RECOVERED,2025-03-03T16:00:00Z fill 2025-03-03T16:00:00Z S2_CLOSE -1.634,TOUCH_BAR_CLOSED_BEYOND_S2
V2_STRICT,V2_TRADE,EUR/USD_2025-04-01,1h,supply,2024-12-10T06:00:00Z,,,,NEW_SUPPRESSED_TRADE_RECOVERED,2025-03-04T18:00:00Z fill 2025-03-04T18:11:00Z S2_CLOSE -7.097,TOUCH_BAR_CLOSED_BEYOND_S2+PRODUCTION_WOULD_PICK_ANOTHER_ZONE
V2_STRICT,V2_TRADE,EUR/USD_2025-04-01,4h,supply,2024-11-05T20:00:00Z,,,,NEW_SELECTION_LOOKAHEAD_RECOVERED,2025-03-11T16:00:00Z fill 2025-03-11T16:00:00Z TARGET +1.877,PRODUCTION_WOULD_PICK_ANOTHER_ZONE
V2_STRICT,V2_TRADE,EUR/USD_2025-04-01,4h,supply,2024-11-05T20:00:00Z,,,,NEW_SELECTION_LOOKAHEAD_RECOVERED,2025-03-12T08:00:00Z fill 2025-03-12T09:08:00Z TARGET +1.877,PRODUCTION_WOULD_PICK_ANOTHER_ZONE
V2_STRICT,V2_TRADE,EUR/USD_2025-04-01,1h,demand,2025-03-11T10:00:00Z,,,,NEW_SUPPRESSED_TRADE_RECOVERED,2025-03-12T12:00:00Z fill 2025-03-12T12:08:00Z TARGET +1.882,TOUCH_BAR_CLOSED_BEYOND_S2
V2_STRICT,V2_TRADE,EUR/USD_2025-04-01,4h,supply,2024-11-05T20:00:00Z,,,,NEW_SELECTION_LOOKAHEAD_RECOVERED,2025-03-12T16:00:00Z fill 2025-03-12T16:08:00Z TARGET +1.877,PRODUCTION_WOULD_PICK_ANOTHER_ZONE
V2_STRICT,V2_TRADE,EUR/USD_2025-04-01,1h,demand,2025-03-18T02:00:00Z,,,,NEW_DUE_TO_SEQUENCE_CHANGE,2025-03-18T13:00:00Z fill 2025-03-18T13:00:00Z TARGET +1.640,slot/sequence differs from V1
V2_STRICT,V2_TRADE,EUR/USD_2025-04-01,1h,demand,2025-03-18T02:00:00Z,,,,NEW_DUE_TO_SEQUENCE_CHANGE,2025-03-18T15:00:00Z fill 2025-03-18T15:00:00Z AMBIGUOUS ,slot/sequence differs from V1
V2_STRICT,V2_TRADE,EUR/USD_2025-04-01,4h,supply,2024-11-05T20:00:00Z,,,,NEW_SUPPRESSED_TRADE_RECOVERED,2025-03-18T16:00:00Z fill 2025-03-18T16:01:00Z S2_CLOSE -1.798,TOUCH_BAR_CLOSED_BEYOND_S2
V2_STRICT,V2_TRADE,EUR/USD_2025-04-01,1h,demand,2025-03-17T12:00:00Z,,,,NEW_SELECTION_LOOKAHEAD_RECOVERED,2025-03-19T07:00:00Z fill 2025-03-19T07:35:00Z S2_CLOSE -1.333,PRODUCTION_WOULD_PICK_ANOTHER_ZONE
V2_STRICT,V2_TRADE,EUR/USD_2025-04-01,1h,supply,2025-03-26T14:00:00Z,,,,NEW_SELECTION_LOOKAHEAD_RECOVERED,2025-03-27T04:00:00Z fill 2025-03-27T04:06:00Z TARGET +1.860,PRODUCTION_WOULD_PICK_ANOTHER_ZONE
V2_STRICT,V2_TRADE,EUR/USD_2025-04-01,4h,supply,2025-03-25T08:00:00Z,,,,NEW_DUE_TO_SEQUENCE_CHANGE,2025-03-27T16:00:00Z fill 2025-03-27T17:07:00Z S2_CLOSE -1.261,slot/sequence differs from V1
V2_STRICT,V2_TRADE,EUR/USD_2025-07-01,1h,demand,2025-03-11T10:00:00Z,,,,NEW_SUPPRESSED_TRADE_RECOVERED,2025-03-12T12:00:00Z fill 2025-03-12T12:08:00Z TARGET +1.882,TOUCH_BAR_CLOSED_BEYOND_S2
V2_STRICT,V2_TRADE,EUR/USD_2025-07-01,1h,supply,2025-03-26T14:00:00Z,,,,NEW_SELECTION_LOOKAHEAD_RECOVERED,2025-03-27T04:00:00Z fill 2025-03-27T04:06:00Z TARGET +1.860,PRODUCTION_WOULD_PICK_ANOTHER_ZONE
V2_STRICT,V2_TRADE,EUR/USD_2025-07-01,4h,supply,2025-03-25T08:00:00Z,,,,NEW_DUE_TO_SEQUENCE_CHANGE,2025-03-27T16:00:00Z fill 2025-03-27T17:07:00Z S2_CLOSE -1.261,slot/sequence differs from V1
V2_STRICT,V2_TRADE,EUR/USD_2025-07-01,1h,supply,2025-03-20T22:00:00Z,,,,NEW_SUPPRESSED_TRADE_RECOVERED,2025-04-02T14:00:00Z fill 2025-04-02T14:51:00Z S2_CLOSE -1.522,TOUCH_BAR_CLOSED_BEYOND_S2
V2_STRICT,V2_TRADE,EUR/USD_2025-07-01,1h,supply,2025-03-19T18:00:00Z,,,,NEW_SELECTION_LOOKAHEAD_RECOVERED,2025-04-02T23:00:00Z fill 2025-04-02T23:30:00Z S2_CLOSE -1.237,PRODUCTION_WOULD_PICK_ANOTHER_ZONE
V2_STRICT,V2_TRADE,EUR/USD_2025-07-01,1h,demand,2025-04-03T04:00:00Z,,,,NEW_SUPPRESSED_TRADE_RECOVERED,2025-04-07T20:00:00Z fill 2025-04-07T20:16:00Z S2_CLOSE -2.240,TOUCH_BAR_CLOSED_BEYOND_S2+PRODUCTION_WOULD_PICK_ANOTHER_ZONE
V2_STRICT,V2_TRADE,EUR/USD_2025-07-01,1h,demand,2025-04-07T20:00:00Z,,,,NEW_SELECTION_LOOKAHEAD_RECOVERED,2025-04-08T14:00:00Z fill 2025-04-08T14:22:00Z TARGET +1.821,PRODUCTION_WOULD_PICK_ANOTHER_ZONE
V2_STRICT,V2_TRADE,EUR/USD_2025-07-01,1h,demand,2025-04-21T06:00:00Z,,,,NEW_SUPPRESSED_TRADE_RECOVERED,2025-04-21T14:00:00Z fill 2025-04-21T14:00:00Z S2_CLOSE -1.566,TOUCH_BAR_CLOSED_BEYOND_S2
V2_STRICT,V2_TRADE,EUR/USD_2025-07-01,1h,demand,2025-04-18T15:00:00Z,,,,NEW_SUPPRESSED_TRADE_RECOVERED,2025-04-22T21:00:00Z fill 2025-04-22T21:32:00Z S2_CLOSE -5.342,TOUCH_BAR_CLOSED_BEYOND_S2+PRODUCTION_WOULD_PICK_ANOTHER_ZONE
V2_STRICT,V2_TRADE,EUR/USD_2025-07-01,4h,demand,2025-04-18T17:00:00Z,,,,NEW_SELECTION_LOOKAHEAD_RECOVERED,2025-04-23T05:00:00Z fill 2025-04-23T05:07:00Z TARGET +1.750,PRODUCTION_WOULD_PICK_ANOTHER_ZONE
V2_STRICT,V2_TRADE,EUR/USD_2025-07-01,4h,demand,2025-04-17T13:00:00Z,,,,NEW_SELECTION_LOOKAHEAD_RECOVERED,2025-04-23T13:00:00Z fill 2025-04-23T13:47:00Z S2_CLOSE -2.035,PRODUCTION_WOULD_PICK_ANOTHER_ZONE
V2_STRICT,V2_TRADE,EUR/USD_2025-07-01,1h,supply,2025-04-25T02:00:00Z,,,,NEW_SUPPRESSED_TRADE_RECOVERED,2025-04-25T07:00:00Z fill 2025-04-25T07:01:00Z S2_CLOSE -2.664,TOUCH_BAR_CLOSED_BEYOND_S2
V2_STRICT,V2_TRADE,EUR/USD_2025-07-01,4h,demand,2025-04-15T13:00:00Z,,,,NEW_DUE_TO_SEQUENCE_CHANGE,2025-05-01T05:00:00Z fill 2025-05-01T05:01:00Z TARGET +1.949,slot/sequence differs from V1
V2_STRICT,V2_TRADE,EUR/USD_2025-07-01,4h,demand,2025-04-15T13:00:00Z,,,,NEW_DUE_TO_SEQUENCE_CHANGE,2025-05-07T17:00:00Z fill 2025-05-07T20:03:00Z S2_CLOSE -2.395,slot/sequence differs from V1
V2_STRICT,V2_TRADE,EUR/USD_2025-07-01,1h,demand,2025-04-10T19:00:00Z,,,,NEW_SUPPRESSED_TRADE_RECOVERED,2025-05-12T07:00:00Z fill 2025-05-12T07:00:00Z S2_CLOSE -3.052,TOUCH_BAR_CLOSED_BEYOND_S2
V2_STRICT,V2_TRADE,EUR/USD_2025-07-01,1h,demand,2025-05-16T03:00:00Z,,,,NEW_SUPPRESSED_TRADE_RECOVERED,2025-05-16T09:00:00Z fill 2025-05-16T09:14:00Z S2_CLOSE -2.532,TOUCH_BAR_CLOSED_BEYOND_S2+PRODUCTION_WOULD_PICK_ANOTHER_ZONE
V2_STRICT,V2_TRADE,EUR/USD_2025-07-01,4h,supply,2025-05-08T09:00:00Z,,,,NEW_SUPPRESSED_TRADE_RECOVERED,2025-05-21T01:00:00Z fill 2025-05-21T01:00:00Z S2_CLOSE -1.430,TOUCH_BAR_CLOSED_BEYOND_S2+PRODUCTION_WOULD_PICK_ANOTHER_ZONE
V2_STRICT,V2_TRADE,EUR/USD_2025-07-01,1h,demand,2025-05-20T22:00:00Z,,,,NEW_SUPPRESSED_TRADE_RECOVERED,2025-05-22T14:00:00Z fill 2025-05-22T14:00:00Z TARGET +1.670,TOUCH_BAR_CLOSED_BEYOND_S2+PRODUCTION_WOULD_PICK_ANOTHER_ZONE
V2_STRICT,V2_TRADE,EUR/USD_2025-07-01,1h,demand,2025-05-20T18:00:00Z,,,,NEW_SUPPRESSED_TRADE_RECOVERED,2025-05-22T16:00:00Z fill 2025-05-22T16:55:00Z S2_CLOSE -1.792,TOUCH_BAR_CLOSED_BEYOND_S2
V2_STRICT,V2_TRADE,EUR/USD_2025-07-01,1h,supply,2025-04-29T12:00:00Z,,,,NEW_SELECTION_LOOKAHEAD_RECOVERED,2025-05-26T01:00:00Z fill 2025-05-26T01:07:00Z S2_CLOSE -1.163,PRODUCTION_WOULD_PICK_ANOTHER_ZONE
V2_STRICT,V2_TRADE,EUR/USD_2025-07-01,1h,demand,2025-05-23T20:00:00Z,,,,NEW_SUPPRESSED_TRADE_RECOVERED,2025-05-27T07:00:00Z fill 2025-05-27T07:20:00Z S2_CLOSE -2.548,TOUCH_BAR_CLOSED_BEYOND_S2
V2_STRICT,V2_TRADE,EUR/USD_2025-07-01,1h,supply,2025-05-28T16:00:00Z,,,,NEW_DUE_TO_SEQUENCE_CHANGE,2025-05-29T11:00:00Z fill 2025-05-29T11:03:00Z TARGET +1.752,slot/sequence differs from V1
V2_STRICT,V2_TRADE,EUR/USD_2025-07-01,1h,supply,2025-05-28T21:00:00Z,,,,NEW_SUPPRESSED_TRADE_RECOVERED,2025-05-29T12:00:00Z fill 2025-05-29T12:17:00Z S2_CLOSE -14.462,TOUCH_BAR_CLOSED_BEYOND_S2+PRODUCTION_WOULD_PICK_ANOTHER_ZONE
V2_STRICT,V2_TRADE,EUR/USD_2025-07-01,1h,supply,2025-04-22T14:00:00Z,,,,NEW_SELECTION_LOOKAHEAD_RECOVERED,2025-06-11T14:00:00Z fill 2025-06-11T14:04:00Z S2_CLOSE -1.381,PRODUCTION_WOULD_PICK_ANOTHER_ZONE
V2_STRICT,V2_TRADE,EUR/USD_2025-07-01,1h,demand,2025-06-12T06:00:00Z,,,,NEW_SUPPRESSED_TRADE_RECOVERED,2025-06-13T10:00:00Z fill 2025-06-13T10:00:00Z S2_CLOSE -1.794,TOUCH_BAR_CLOSED_BEYOND_S2
V2_STRICT,V2_TRADE,EUR/USD_2025-07-01,4h,demand,2025-06-12T01:00:00Z,,,,NEW_SUPPRESSED_TRADE_RECOVERED,2025-06-17T13:00:00Z fill 2025-06-17T14:36:00Z S2_CLOSE -1.707,TOUCH_BAR_CLOSED_BEYOND_S2+PRODUCTION_WOULD_PICK_ANOTHER_ZONE
V2_STRICT,V2_TRADE,EUR/USD_2025-07-01,1h,demand,2025-06-19T16:00:00Z,,,,NEW_DUE_TO_SEQUENCE_CHANGE,2025-06-23T09:00:00Z fill 2025-06-23T09:10:00Z TARGET +1.573,slot/sequence differs from V1
V2_STRICT,V2_TRADE,EUR/USD_2025-07-01,1h,demand,2025-06-19T01:00:00Z,,,,NEW_DUE_TO_SEQUENCE_CHANGE,2025-06-23T10:00:00Z fill 2025-06-23T10:30:00Z TARGET +1.897,slot/sequence differs from V1
V2_STRICT,V2_TRADE,EUR/USD_2025-07-01,4h,supply,2025-06-20T13:00:00Z,,,,NEW_SUPPRESSED_TRADE_RECOVERED,2025-06-23T13:00:00Z fill 2025-06-23T14:08:00Z S2_CLOSE -1.417,TOUCH_BAR_CLOSED_BEYOND_S2+PRODUCTION_WOULD_PICK_ANOTHER_ZONE
V2_STRICT,V2_TRADE,EUR/USD_2025-07-01,1h,supply,2025-06-17T06:00:00Z,,,,NEW_SELECTION_LOOKAHEAD_RECOVERED,2025-06-23T17:00:00Z fill 2025-06-23T17:28:00Z S2_CLOSE -1.293,PRODUCTION_WOULD_PICK_ANOTHER_ZONE
V2_STRICT,V2_TRADE,EUR/USD_2025-11-01,1h,demand,2025-07-17T23:00:00Z,,,,NEW_DUE_TO_SEQUENCE_CHANGE,2025-07-21T02:00:00Z fill 2025-07-21T02:00:00Z TARGET +1.492,slot/sequence differs from V1
V2_STRICT,V2_TRADE,EUR/USD_2025-11-01,4h,supply,2025-07-16T13:00:00Z,,,,NEW_DUE_TO_SEQUENCE_CHANGE,2025-07-21T05:00:00Z fill 2025-07-21T06:49:00Z S2_CLOSE -1.422,slot/sequence differs from V1
V2_STRICT,V2_TRADE,EUR/USD_2025-11-01,1h,supply,2025-07-24T07:00:00Z,,,,NEW_SUPPRESSED_TRADE_RECOVERED,2025-07-24T13:00:00Z fill 2025-07-24T13:13:00Z S2_CLOSE -1.542,TOUCH_BAR_CLOSED_BEYOND_S2+PRODUCTION_WOULD_PICK_ANOTHER_ZONE
V2_STRICT,V2_TRADE,EUR/USD_2025-11-01,1h,supply,2025-07-04T05:00:00Z,,,,NEW_SELECTION_LOOKAHEAD_RECOVERED,2025-07-24T14:00:00Z fill 2025-07-24T14:03:00Z TARGET +1.475,PRODUCTION_WOULD_PICK_ANOTHER_ZONE
V2_STRICT,V2_TRADE,EUR/USD_2025-11-01,1h,demand,2025-07-21T08:00:00Z,,,,NEW_SUPPRESSED_TRADE_RECOVERED,2025-07-28T13:00:00Z fill 2025-07-28T13:19:00Z S2_CLOSE -1.443,TOUCH_BAR_CLOSED_BEYOND_S2
V2_STRICT,V2_TRADE,EUR/USD_2025-11-01,1h,demand,2025-07-17T23:00:00Z,,,,NEW_SUPPRESSED_TRADE_RECOVERED,2025-07-28T15:00:00Z fill 2025-07-28T15:40:00Z S2_CLOSE -3.095,TOUCH_BAR_CLOSED_BEYOND_S2
V2_STRICT,V2_TRADE,EUR/USD_2025-11-01,4h,demand,2025-06-19T01:00:00Z,,,,NEW_SUPPRESSED_TRADE_RECOVERED,2025-07-30T17:00:00Z fill 2025-07-30T18:41:00Z S2_CLOSE -3.938,TOUCH_BAR_CLOSED_BEYOND_S2+PRODUCTION_WOULD_PICK_ANOTHER_ZONE
V2_STRICT,V2_TRADE,EUR/USD_2025-11-01,4h,supply,2025-07-29T21:00:00Z,,,,NEW_SUPPRESSED_TRADE_RECOVERED,2025-08-01T17:00:00Z fill 2025-08-01T19:30:00Z S2_CLOSE -2.605,TOUCH_BAR_CLOSED_BEYOND_S2
V2_STRICT,V2_TRADE,EUR/USD_2025-11-01,1h,demand,2025-08-13T01:00:00Z,,,,NEW_SUPPRESSED_TRADE_RECOVERED,2025-08-14T08:00:00Z fill 2025-08-14T08:02:00Z S2_CLOSE -2.660,TOUCH_BAR_CLOSED_BEYOND_S2
V2_STRICT,V2_TRADE,EUR/USD_2025-11-01,1h,demand,2025-08-12T21:00:00Z,,,,NEW_SUPPRESSED_TRADE_RECOVERED,2025-08-14T12:00:00Z fill 2025-08-14T12:30:00Z S2_CLOSE -1.717,TOUCH_BAR_CLOSED_BEYOND_S2
V2_STRICT,V2_TRADE,EUR/USD_2025-11-01,1h,demand,2025-08-14T20:00:00Z,,,,NEW_SELECTION_LOOKAHEAD_RECOVERED,2025-08-19T18:00:00Z fill 2025-08-19T18:35:00Z TARGET +1.492,PRODUCTION_WOULD_PICK_ANOTHER_ZONE
V2_STRICT,V2_TRADE,EUR/USD_2025-11-01,4h,supply,2025-08-13T13:00:00Z,,,,NEW_SELECTION_LOOKAHEAD_RECOVERED,2025-08-24T21:00:00Z fill 2025-08-24T23:26:00Z TARGET +1.894,PRODUCTION_WOULD_PICK_ANOTHER_ZONE
V2_STRICT,V2_TRADE,EUR/USD_2025-11-01,1h,demand,2025-08-25T21:00:00Z,,,,NEW_SELECTION_LOOKAHEAD_RECOVERED,2025-08-27T04:00:00Z fill 2025-08-27T04:12:00Z S2_CLOSE -2.363,PRODUCTION_WOULD_PICK_ANOTHER_ZONE
V2_STRICT,V2_TRADE,EUR/USD_2025-11-01,1h,demand,2025-08-22T04:00:00Z,,,,NEW_SELECTION_LOOKAHEAD_RECOVERED,2025-08-27T08:00:00Z fill 2025-08-27T08:14:00Z S2_CLOSE -1.620,PRODUCTION_WOULD_PICK_ANOTHER_ZONE
V2_STRICT,V2_TRADE,EUR/USD_2025-11-01,1h,supply,2025-08-27T06:00:00Z,,,,NEW_SUPPRESSED_TRADE_RECOVERED,2025-08-27T16:00:00Z fill 2025-08-27T16:29:00Z S2_CLOSE -3.879,TOUCH_BAR_CLOSED_BEYOND_S2+PRODUCTION_WOULD_PICK_ANOTHER_ZONE
V2_STRICT,V2_TRADE,EUR/USD_2025-11-01,1h,demand,2025-08-29T20:00:00Z,,,,NEW_SUPPRESSED_TRADE_RECOVERED,2025-09-02T07:00:00Z fill 2025-09-02T07:14:00Z S2_CLOSE -3.968,TOUCH_BAR_CLOSED_BEYOND_S2+PRODUCTION_WOULD_PICK_ANOTHER_ZONE
V2_STRICT,V2_TRADE,EUR/USD_2025-11-01,1h,demand,2025-08-28T05:00:00Z,,,,NEW_SUPPRESSED_TRADE_RECOVERED,2025-09-02T10:00:00Z fill 2025-09-02T10:00:00Z S2_CLOSE -2.649,TOUCH_BAR_CLOSED_BEYOND_S2
V2_STRICT,V2_TRADE,EUR/USD_2025-11-01,1h,supply,2025-09-02T06:00:00Z,,,,NEW_SUPPRESSED_TRADE_RECOVERED,2025-09-05T12:00:00Z fill 2025-09-05T12:08:00Z S2_CLOSE -5.541,TOUCH_BAR_CLOSED_BEYOND_S2+PRODUCTION_WOULD_PICK_ANOTHER_ZONE
V2_STRICT,V2_TRADE,EUR/USD_2025-11-01,1h,supply,2025-07-04T18:00:00Z,,,,NEW_SELECTION_LOOKAHEAD_RECOVERED,2025-09-09T06:00:00Z fill 2025-09-09T06:01:00Z TARGET +1.536,PRODUCTION_WOULD_PICK_ANOTHER_ZONE
V2_STRICT,V2_TRADE,EUR/USD_2025-11-01,1h,demand,2025-09-08T09:00:00Z,,,,NEW_SUPPRESSED_TRADE_RECOVERED,2025-09-09T16:00:00Z fill 2025-09-09T16:12:00Z S2_CLOSE -1.648,TOUCH_BAR_CLOSED_BEYOND_S2
V2_STRICT,V2_TRADE,EUR/USD_2025-11-01,1h,supply,2025-09-09T22:00:00Z,,,,NEW_SUPPRESSED_TRADE_RECOVERED,2025-09-10T04:00:00Z fill 2025-09-10T04:10:00Z S2_CLOSE -1.945,TOUCH_BAR_CLOSED_BEYOND_S2
V2_STRICT,V2_TRADE,EUR/USD_2025-11-01,1h,supply,2025-09-09T09:00:00Z,,,,NEW_SELECTION_LOOKAHEAD_RECOVERED,2025-09-16T01:00:00Z fill 2025-09-16T01:45:00Z S2_CLOSE -1.709,PRODUCTION_WOULD_PICK_ANOTHER_ZONE
V2_STRICT,V2_TRADE,EUR/USD_2025-11-01,1h,supply,2025-07-04T15:00:00Z,,,,NEW_SUPPRESSED_TRADE_RECOVERED,2025-09-16T06:00:00Z fill 2025-09-16T06:00:00Z S2_CLOSE -1.879,TOUCH_BAR_CLOSED_BEYOND_S2+PRODUCTION_WOULD_PICK_ANOTHER_ZONE
V2_STRICT,V2_TRADE,EUR/USD_2025-11-01,1h,demand,2025-09-17T20:00:00Z,,,,NEW_SELECTION_LOOKAHEAD_RECOVERED,2025-09-18T00:00:00Z fill 2025-09-18T00:07:00Z S2_CLOSE -2.469,PRODUCTION_WOULD_PICK_ANOTHER_ZONE
V2_STRICT,V2_TRADE,EUR/USD_2025-11-01,1h,demand,2025-09-16T04:00:00Z,,,,NEW_SUPPRESSED_TRADE_RECOVERED,2025-09-18T13:00:00Z fill 2025-09-18T13:33:00Z S2_CLOSE -3.698,TOUCH_BAR_CLOSED_BEYOND_S2+PRODUCTION_WOULD_PICK_ANOTHER_ZONE
V2_STRICT,V2_TRADE,EUR/USD_2025-11-01,1h,demand,2025-09-05T11:00:00Z,,,,NEW_SUPPRESSED_TRADE_RECOVERED,2025-09-25T14:00:00Z fill 2025-09-25T14:00:00Z S2_CLOSE -1.465,TOUCH_BAR_CLOSED_BEYOND_S2+PRODUCTION_WOULD_PICK_ANOTHER_ZONE
V2_STRICT,V2_TRADE,EUR/USD_2025-11-01,1h,supply,2025-09-25T06:00:00Z,,,,NEW_SELECTION_LOOKAHEAD_RECOVERED,2025-09-29T12:00:00Z fill 2025-09-29T12:53:00Z TARGET +1.771,PRODUCTION_WOULD_PICK_ANOTHER_ZONE
V2_STRICT,V2_TRADE,EUR/USD_2025-11-01,1h,supply,2025-09-29T16:00:00Z,,,,NEW_SUPPRESSED_TRADE_RECOVERED,2025-09-30T05:00:00Z fill 2025-09-30T05:00:00Z S2_CLOSE -1.513,TOUCH_BAR_CLOSED_BEYOND_S2
V2_STRICT,V2_TRADE,EUR/USD_2025-11-01,1h,supply,2025-09-29T12:00:00Z,,,,NEW_SELECTION_LOOKAHEAD_RECOVERED,2025-09-30T06:00:00Z fill 2025-09-30T06:13:00Z S2_CLOSE -1.360,PRODUCTION_WOULD_PICK_ANOTHER_ZONE
V2_STRICT,V2_TRADE,EUR/USD_2025-11-01,1h,demand,2025-09-04T17:00:00Z,,,,NEW_SUPPRESSED_TRADE_RECOVERED,2025-10-08T01:00:00Z fill 2025-10-08T01:00:00Z AMBIGUOUS ,TOUCH_BAR_CLOSED_BEYOND_S2+PRODUCTION_WOULD_PICK_ANOTHER_ZONE
V2_STRICT,V2_TRADE,EUR/USD_2025-11-01,4h,demand,2025-08-22T01:00:00Z,,,,NEW_SUPPRESSED_TRADE_RECOVERED,2025-10-09T12:00:00Z fill 2025-10-09T13:42:00Z S2_CLOSE -2.476,TOUCH_BAR_CLOSED_BEYOND_S2+PRODUCTION_WOULD_PICK_ANOTHER_ZONE
V2_STRICT,V2_TRADE,EUR/USD_2025-11-01,4h,supply,2025-10-09T08:00:00Z,,,,NEW_SELECTION_LOOKAHEAD_RECOVERED,2025-10-10T12:00:00Z fill 2025-10-10T15:09:00Z TARGET +1.868,PRODUCTION_WOULD_PICK_ANOTHER_ZONE
V2_STRICT,V2_TRADE,EUR/USD_2025-11-01,1h,supply,2025-10-07T15:00:00Z,,,,NEW_SELECTION_LOOKAHEAD_RECOVERED,2025-10-16T02:00:00Z fill 2025-10-16T02:00:00Z TARGET +1.825,PRODUCTION_WOULD_PICK_ANOTHER_ZONE
V2_STRICT,V2_TRADE,EUR/USD_2025-11-01,1h,demand,2025-10-15T23:00:00Z,,,,NEW_DUE_TO_SEQUENCE_CHANGE,2025-10-16T08:00:00Z fill 2025-10-16T08:00:00Z TARGET +1.407,slot/sequence differs from V1
V2_STRICT,V2_TRADE,EUR/USD_2025-11-01,1h,demand,2025-10-15T23:00:00Z,,,,NEW_SELECTION_LOOKAHEAD_RECOVERED,2025-10-16T11:00:00Z fill 2025-10-16T11:16:00Z TARGET +1.407,PRODUCTION_WOULD_PICK_ANOTHER_ZONE
V2_STRICT,V2_TRADE,EUR/USD_2025-11-01,1h,demand,2025-10-16T13:00:00Z,,,,NEW_DUE_TO_SEQUENCE_CHANGE,2025-10-20T06:00:00Z fill 2025-10-20T06:57:00Z S2_CLOSE -1.397,slot/sequence differs from V1
V2_STRICT,V2_TRADE,EUR/USD_2025-11-01,1h,demand,2025-10-15T23:00:00Z,,,,NEW_DUE_TO_SEQUENCE_CHANGE,2025-10-20T14:00:00Z fill 2025-10-20T14:02:00Z TARGET +1.407,slot/sequence differs from V1
V2_STRICT,V2_TRADE,EUR/USD_2025-11-01,4h,demand,2025-10-16T04:00:00Z,,,,NEW_SUPPRESSED_TRADE_RECOVERED,2025-10-20T16:00:00Z fill 2025-10-20T16:00:00Z S2_CLOSE -1.320,TOUCH_BAR_CLOSED_BEYOND_S2+PRODUCTION_WOULD_PICK_ANOTHER_ZONE
V2_STRICT,V2_TRADE,EUR/USD_2025-11-01,4h,demand,2025-10-14T16:00:00Z,,,,NEW_SUPPRESSED_TRADE_RECOVERED,2025-10-21T16:00:00Z fill 2025-10-21T16:52:00Z S2_CLOSE -1.343,TOUCH_BAR_CLOSED_BEYOND_S2
V2_STRICT,V2_TRADE,EUR/USD_2025-11-01,1h,supply,2025-10-22T16:00:00Z,,,,NEW_DUE_TO_SEQUENCE_CHANGE,2025-10-23T20:00:00Z fill 2025-10-23T20:48:00Z TARGET +1.632,slot/sequence differs from V1
V2_STRICT,V2_TRADE,EUR/USD_2025-11-01,1h,supply,2025-10-22T16:00:00Z,,,,NEW_DUE_TO_SEQUENCE_CHANGE,2025-10-24T07:00:00Z fill 2025-10-24T07:30:00Z AMBIGUOUS ,slot/sequence differs from V1
V2_STRICT,V2_TRADE,EUR/USD_2025-11-01,1h,supply,2025-10-22T16:00:00Z,,,,NEW_SUPPRESSED_TRADE_RECOVERED,2025-10-24T12:00:00Z fill 2025-10-24T12:30:00Z S2_CLOSE -4.126,TOUCH_BAR_CLOSED_BEYOND_S2+PRODUCTION_WOULD_PICK_ANOTHER_ZONE
V2_STRICT,V2_TRADE,EUR/USD_2025-11-01,1h,demand,2025-10-27T21:00:00Z,,,,NEW_SUPPRESSED_TRADE_RECOVERED,2025-10-28T12:00:00Z fill 2025-10-28T12:42:00Z S2_CLOSE -8.714,TOUCH_BAR_CLOSED_BEYOND_S2+PRODUCTION_WOULD_PICK_ANOTHER_ZONE
V2_STRICT,V2_TRADE,EUR/USD_2025-11-01,1h,demand,2025-10-24T05:00:00Z,,,,NEW_SUPPRESSED_TRADE_RECOVERED,2025-10-29T18:00:00Z fill 2025-10-29T18:38:00Z S2_CLOSE -3.912,TOUCH_BAR_CLOSED_BEYOND_S2+PRODUCTION_WOULD_PICK_ANOTHER_ZONE
V2_STRICT,V2_TRADE,EUR/USD_2025-11-01,1h,demand,2025-10-22T11:00:00Z,,,,NEW_SUPPRESSED_TRADE_RECOVERED,2025-10-30T12:00:00Z fill 2025-10-30T12:25:00Z S2_CLOSE -10.125,TOUCH_BAR_CLOSED_BEYOND_S2+PRODUCTION_WOULD_PICK_ANOTHER_ZONE
V2_STRICT,V2_TRADE,EUR/USD_2025-11-01,1h,supply,2025-10-31T15:00:00Z,,,,NEW_SELECTION_LOOKAHEAD_RECOVERED,2025-10-31T20:00:00Z fill 2025-10-31T20:32:00Z OPEN_AT_DATA_END ,PRODUCTION_WOULD_PICK_ANOTHER_ZONE
V2_STRICT,V2_TRADE,BTC/USD_2022-07-01,1h,supply,2022-04-18T03:00:00Z,,,,NEW_SUPPRESSED_TRADE_RECOVERED,2022-04-18T17:00:00Z fill 2022-04-18T17:10:00Z S2_CLOSE -11.544,TOUCH_BAR_CLOSED_BEYOND_S2+PRODUCTION_WOULD_PICK_ANOTHER_ZONE
V2_STRICT,V2_TRADE,BTC/USD_2022-07-01,1h,supply,2022-04-15T23:00:00Z,,,,NEW_SUPPRESSED_TRADE_RECOVERED,2022-04-18T18:00:00Z fill 2022-04-18T18:15:00Z S2_CLOSE -3.164,TOUCH_BAR_CLOSED_BEYOND_S2+PRODUCTION_WOULD_PICK_ANOTHER_ZONE
V2_STRICT,V2_TRADE,BTC/USD_2022-07-01,1h,demand,2022-04-19T05:00:00Z,,,,NEW_SUPPRESSED_TRADE_RECOVERED,2022-04-21T20:00:00Z fill 2022-04-21T20:41:00Z S2_CLOSE -2.716,TOUCH_BAR_CLOSED_BEYOND_S2+PRODUCTION_WOULD_PICK_ANOTHER_ZONE
V2_STRICT,V2_TRADE,BTC/USD_2022-07-01,1h,demand,2022-04-19T07:00:00Z,,,,NEW_SUPPRESSED_TRADE_RECOVERED,2022-04-21T22:00:00Z fill 2022-04-21T22:01:00Z S2_CLOSE -4.798,TOUCH_BAR_CLOSED_BEYOND_S2
V2_STRICT,V2_TRADE,BTC/USD_2022-07-01,1h,supply,2022-04-22T07:00:00Z,,,,NEW_SELECTION_LOOKAHEAD_RECOVERED,2022-04-26T02:00:00Z fill 2022-04-26T02:25:00Z TARGET +1.445,PRODUCTION_WOULD_PICK_ANOTHER_ZONE
V2_STRICT,V2_TRADE,BTC/USD_2022-07-01,1h,demand,2022-04-25T10:00:00Z,,,,NEW_SUPPRESSED_TRADE_RECOVERED,2022-04-26T17:00:00Z fill 2022-04-26T17:04:00Z S2_CLOSE -2.215,TOUCH_BAR_CLOSED_BEYOND_S2
V2_STRICT,V2_TRADE,BTC/USD_2022-07-01,1h,demand,2022-04-25T08:00:00Z,,,,NEW_SUPPRESSED_TRADE_RECOVERED,2022-04-26T19:00:00Z fill 2022-04-26T19:13:00Z S2_CLOSE -3.613,TOUCH_BAR_CLOSED_BEYOND_S2
V2_STRICT,V2_TRADE,BTC/USD_2022-07-01,4h,demand,2022-03-13T20:00:00Z,,,,NEW_SELECTION_LOOKAHEAD_RECOVERED,2022-04-26T20:00:00Z fill 2022-04-26T20:01:00Z TARGET +1.815,PRODUCTION_WOULD_PICK_ANOTHER_ZONE
V2_STRICT,V2_TRADE,BTC/USD_2022-07-01,1h,supply,2022-05-02T13:00:00Z,,,,NEW_SELECTION_LOOKAHEAD_RECOVERED,2022-05-02T22:00:00Z fill 2022-05-02T22:11:00Z TARGET +1.695,PRODUCTION_WOULD_PICK_ANOTHER_ZONE
V2_STRICT,V2_TRADE,BTC/USD_2022-07-01,1h,supply,2022-04-28T21:00:00Z,,,,NEW_DUE_TO_SEQUENCE_CHANGE,2022-05-04T20:00:00Z fill 2022-05-04T20:01:00Z TARGET +0.943,slot/sequence differs from V1
V2_STRICT,V2_TRADE,BTC/USD_2022-07-01,1h,supply,2022-05-06T09:00:00Z,,,,NEW_DUE_TO_SEQUENCE_CHANGE,2022-05-06T12:00:00Z fill 2022-05-06T12:37:00Z TARGET +1.082,slot/sequence differs from V1
V2_STRICT,V2_TRADE,BTC/USD_2022-07-01,1h,demand,2022-05-15T14:00:00Z,,,,NEW_SUPPRESSED_TRADE_RECOVERED,2022-05-16T06:00:00Z fill 2022-05-16T06:07:00Z S2_CLOSE -2.687,TOUCH_BAR_CLOSED_BEYOND_S2+PRODUCTION_WOULD_PICK_ANOTHER_ZONE
V2_STRICT,V2_TRADE,BTC/USD_2022-07-01,1h,demand,2022-05-15T04:00:00Z,,,,NEW_SELECTION_LOOKAHEAD_RECOVERED,2022-05-16T10:00:00Z fill 2022-05-16T10:04:00Z TARGET +1.337,PRODUCTION_WOULD_PICK_ANOTHER_ZONE
V2_STRICT,V2_TRADE,BTC/USD_2022-07-01,1h,demand,2022-05-16T23:00:00Z,,,,NEW_SUPPRESSED_TRADE_RECOVERED,2022-05-18T03:00:00Z fill 2022-05-18T03:13:00Z S2_CLOSE -1.826,TOUCH_BAR_CLOSED_BEYOND_S2+PRODUCTION_WOULD_PICK_ANOTHER_ZONE
V2_STRICT,V2_TRADE,BTC/USD_2022-07-01,1h,demand,2022-05-16T19:00:00Z,,,,NEW_SELECTION_LOOKAHEAD_RECOVERED,2022-05-18T07:00:00Z fill 2022-05-18T07:02:00Z S2_CLOSE -1.535,PRODUCTION_WOULD_PICK_ANOTHER_ZONE
V2_STRICT,V2_TRADE,BTC/USD_2022-07-01,1h,demand,2022-05-16T16:00:00Z,,,,NEW_SELECTION_LOOKAHEAD_RECOVERED,2022-05-18T14:00:00Z fill 2022-05-18T14:06:00Z S2_CLOSE -1.802,PRODUCTION_WOULD_PICK_ANOTHER_ZONE
V2_STRICT,V2_TRADE,BTC/USD_2022-07-01,1h,supply,2022-05-17T12:00:00Z,,,,NEW_SELECTION_LOOKAHEAD_RECOVERED,2022-05-20T01:00:00Z fill 2022-05-20T01:33:00Z TARGET +1.448,PRODUCTION_WOULD_PICK_ANOTHER_ZONE
V2_STRICT,V2_TRADE,BTC/USD_2022-07-01,1h,supply,2022-05-26T00:00:00Z,,,,NEW_SELECTION_LOOKAHEAD_RECOVERED,2022-05-26T16:00:00Z fill 2022-05-26T16:19:00Z TARGET +1.482,PRODUCTION_WOULD_PICK_ANOTHER_ZONE
V2_STRICT,V2_TRADE,BTC/USD_2022-07-01,1h,demand,2022-05-31T01:00:00Z,,,,NEW_DUE_TO_SEQUENCE_CHANGE,2022-05-31T06:00:00Z fill 2022-05-31T06:37:00Z TARGET +0.766,slot/sequence differs from V1
V2_STRICT,V2_TRADE,BTC/USD_2022-07-01,1h,demand,2022-05-31T01:00:00Z,,,,NEW_SELECTION_LOOKAHEAD_RECOVERED,2022-05-31T10:00:00Z fill 2022-05-31T10:05:00Z TARGET +0.766,VOL_BUCKET_WITH_BAR_NOT_HIGH+PRODUCTION_WOULD_PICK_ANOTHER_ZONE
V2_STRICT,V2_TRADE,BTC/USD_2022-07-01,1h,demand,2022-06-05T23:00:00Z,,,,NEW_SUPPRESSED_TRADE_RECOVERED,2022-06-07T01:00:00Z fill 2022-06-07T01:21:00Z S2_CLOSE -6.957,TOUCH_BAR_CLOSED_BEYOND_S2+PRODUCTION_WOULD_PICK_ANOTHER_ZONE
V2_STRICT,V2_TRADE,BTC/USD_2022-07-01,1h,supply,2022-06-14T23:00:00Z,,,,NEW_SELECTION_LOOKAHEAD_RECOVERED,2022-06-15T18:00:00Z fill 2022-06-15T18:44:00Z S2_CLOSE -1.914,PRODUCTION_WOULD_PICK_ANOTHER_ZONE
V2_STRICT,V2_TRADE,BTC/USD_2022-07-01,4h,supply,2022-06-18T00:00:00Z,,,,NEW_SUPPRESSED_TRADE_RECOVERED,2022-06-20T08:00:00Z fill 2022-06-20T08:36:00Z S2_CLOSE -1.563,TOUCH_BAR_CLOSED_BEYOND_S2
V2_STRICT,V2_TRADE,BTC/USD_2022-07-01,1h,demand,2022-06-20T21:00:00Z,,,,NEW_SELECTION_LOOKAHEAD_RECOVERED,2022-06-22T01:00:00Z fill 2022-06-22T01:52:00Z S2_CLOSE -1.547,PRODUCTION_WOULD_PICK_ANOTHER_ZONE
V2_STRICT,V2_TRADE,BTC/USD_2022-07-01,1h,supply,2022-06-30T16:00:00Z,,,,NEW_SUPPRESSED_TRADE_RECOVERED,2022-06-30T23:00:00Z fill 2022-06-30T23:47:00Z S2_CLOSE -7.965,TOUCH_BAR_CLOSED_BEYOND_S2
V2_STRICT,V2_TRADE,BTC/USD_2022-07-01,4h,supply,2022-06-29T16:00:00Z,,,,NEW_SELECTION_LOOKAHEAD_RECOVERED,2022-07-01T00:00:00Z fill 2022-07-01T00:28:00Z TARGET +1.588,PRODUCTION_WOULD_PICK_ANOTHER_ZONE
V2_STRICT,V2_TRADE,BTC/USD_2025-04-01,1h,demand,2025-01-17T13:00:00Z,,,,NEW_SELECTION_LOOKAHEAD_RECOVERED,2025-01-18T08:00:00Z fill 2025-01-18T08:02:00Z TARGET +0.895,PRODUCTION_WOULD_PICK_ANOTHER_ZONE
V2_STRICT,V2_TRADE,BTC/USD_2025-04-01,1h,demand,2025-01-19T15:00:00Z,,,,NEW_SUPPRESSED_TRADE_RECOVERED,2025-01-19T21:00:00Z fill 2025-01-19T21:26:00Z S2_CLOSE -4.024,TOUCH_BAR_CLOSED_BEYOND_S2+PRODUCTION_WOULD_PICK_ANOTHER_ZONE
V2_STRICT,V2_TRADE,BTC/USD_2025-04-01,1h,demand,2025-01-18T07:00:00Z,,,,NEW_SELECTION_LOOKAHEAD_RECOVERED,2025-01-19T22:00:00Z fill 2025-01-19T22:04:00Z TARGET +1.303,PRODUCTION_WOULD_PICK_ANOTHER_ZONE
V2_STRICT,V2_TRADE,BTC/USD_2025-04-01,1h,demand,2025-01-18T05:00:00Z,,,,NEW_SUPPRESSED_TRADE_RECOVERED,2025-01-19T23:00:00Z fill 2025-01-19T23:00:00Z S2_CLOSE -4.769,TOUCH_BAR_CLOSED_BEYOND_S2+PRODUCTION_WOULD_PICK_ANOTHER_ZONE
V2_STRICT,V2_TRADE,BTC/USD_2025-04-01,1h,demand,2025-01-17T03:00:00Z,,,,NEW_SUPPRESSED_TRADE_RECOVERED,2025-01-20T00:00:00Z fill 2025-01-20T00:00:00Z TARGET +0.150,TOUCH_BAR_CLOSED_BEYOND_S2
V2_STRICT,V2_TRADE,BTC/USD_2025-04-01,1h,supply,2025-01-19T20:00:00Z,,,,NEW_SUPPRESSED_TRADE_RECOVERED,2025-01-20T06:00:00Z fill 2025-01-20T06:48:00Z S2_CLOSE -3.951,TOUCH_BAR_CLOSED_BEYOND_S2
V2_STRICT,V2_TRADE,BTC/USD_2025-04-01,1h,supply,2025-01-27T03:00:00Z,,,,NEW_SUPPRESSED_TRADE_RECOVERED,2025-01-27T14:00:00Z fill 2025-01-27T14:32:00Z S2_CLOSE -1.644,TOUCH_BAR_CLOSED_BEYOND_S2+PRODUCTION_WOULD_PICK_ANOTHER_ZONE
V2_STRICT,V2_TRADE,BTC/USD_2025-04-01,1h,demand,2025-01-15T05:00:00Z,,,,NEW_SELECTION_LOOKAHEAD_RECOVERED,2025-02-02T19:00:00Z fill 2025-02-02T19:00:00Z TARGET +0.818,PRODUCTION_WOULD_PICK_ANOTHER_ZONE
V2_STRICT,V2_TRADE,BTC/USD_2025-04-01,1h,demand,2025-01-15T02:00:00Z,,,,NEW_SELECTION_LOOKAHEAD_RECOVERED,2025-02-02T21:00:00Z fill 2025-02-02T21:28:00Z TARGET +1.189,PRODUCTION_WOULD_PICK_ANOTHER_ZONE
V2_STRICT,V2_TRADE,BTC/USD_2025-04-01,1h,demand,2025-01-15T02:00:00Z,,,,NEW_SELECTION_LOOKAHEAD_RECOVERED,2025-02-02T23:00:00Z fill 2025-02-02T23:24:00Z S2_CLOSE -2.467,PRODUCTION_WOULD_PICK_ANOTHER_ZONE
V2_STRICT,V2_TRADE,BTC/USD_2025-04-01,1h,demand,2025-01-14T21:00:00Z,,,,NEW_SUPPRESSED_TRADE_RECOVERED,2025-02-03T01:00:00Z fill 2025-02-03T01:04:00Z S2_CLOSE -18.470,TOUCH_BAR_CLOSED_BEYOND_S2
V2_STRICT,V2_TRADE,BTC/USD_2025-04-01,4h,demand,2024-11-15T12:00:00Z,,,,NEW_SUPPRESSED_TRADE_RECOVERED,2025-02-25T12:00:00Z fill 2025-02-25T12:00:00Z S2_CLOSE -1.535,TOUCH_BAR_CLOSED_BEYOND_S2
V2_STRICT,V2_TRADE,BTC/USD_2025-04-01,4h,supply,2025-02-25T00:00:00Z,,,,NEW_SUPPRESSED_TRADE_RECOVERED,2025-03-02T16:00:00Z fill 2025-03-02T16:43:00Z S2_CLOSE -2.543,TOUCH_BAR_CLOSED_BEYOND_S2
V2_STRICT,V2_TRADE,BTC/USD_2025-04-01,1h,supply,2025-02-24T20:00:00Z,,,,NEW_SELECTION_LOOKAHEAD_RECOVERED,2025-03-02T20:00:00Z fill 2025-03-02T20:44:00Z TARGET +1.237,PRODUCTION_WOULD_PICK_ANOTHER_ZONE
V2_STRICT,V2_TRADE,BTC/USD_2025-04-01,1h,demand,2025-02-28T17:00:00Z,,,,NEW_SUPPRESSED_TRADE_RECOVERED,2025-03-04T01:00:00Z fill 2025-03-04T01:41:00Z S2_CLOSE -2.120,TOUCH_BAR_CLOSED_BEYOND_S2
V2_STRICT,V2_TRADE,BTC/USD_2025-04-01,4h,supply,2025-03-03T20:00:00Z,,,,NEW_SUPPRESSED_TRADE_RECOVERED,2025-03-04T16:00:00Z fill 2025-03-04T18:51:00Z S2_CLOSE -2.484,TOUCH_BAR_CLOSED_BEYOND_S2
V2_STRICT,V2_TRADE,BTC/USD_2025-04-01,1h,demand,2025-03-04T20:00:00Z,,,,NEW_SUPPRESSED_TRADE_RECOVERED,2025-03-07T00:00:00Z fill 2025-03-07T00:20:00Z S2_CLOSE -2.329,TOUCH_BAR_CLOSED_BEYOND_S2
V2_STRICT,V2_TRADE,BTC/USD_2025-04-01,1h,demand,2025-02-28T10:00:00Z,,,,NEW_SELECTION_LOOKAHEAD_RECOVERED,2025-03-10T14:00:00Z fill 2025-03-10T14:16:00Z TARGET +1.480,PRODUCTION_WOULD_PICK_ANOTHER_ZONE
V2_STRICT,V2_TRADE,BTC/USD_2025-04-01,1h,demand,2025-02-28T10:00:00Z,,,,NEW_SUPPRESSED_TRADE_RECOVERED,2025-03-10T16:00:00Z fill 2025-03-10T16:00:00Z S2_CLOSE -2.679,TOUCH_BAR_CLOSED_BEYOND_S2+PRODUCTION_WOULD_PICK_ANOTHER_ZONE
V2_STRICT,V2_TRADE,BTC/USD_2025-04-01,1h,demand,2025-02-28T08:00:00Z,,,,NEW_SUPPRESSED_TRADE_RECOVERED,2025-03-10T18:00:00Z fill 2025-03-10T18:11:00Z S2_CLOSE -2.424,TOUCH_BAR_CLOSED_BEYOND_S2
V2_STRICT,V2_TRADE,BTC/USD_2025-07-01,1h,demand,2025-05-09T03:00:00Z,,,,NEW_SUPPRESSED_TRADE_RECOVERED,2025-05-12T18:00:00Z fill 2025-05-12T18:00:00Z S2_CLOSE -5.768,TOUCH_BAR_CLOSED_BEYOND_S2+PRODUCTION_WOULD_PICK_ANOTHER_ZONE
V2_STRICT,V2_TRADE,BTC/USD_2025-07-01,1h,demand,2025-05-18T19:00:00Z,,,,NEW_SUPPRESSED_TRADE_RECOVERED,2025-05-19T03:00:00Z fill 2025-05-19T03:10:00Z S2_CLOSE -2.225,TOUCH_BAR_CLOSED_BEYOND_S2+PRODUCTION_WOULD_PICK_ANOTHER_ZONE
V2_STRICT,V2_TRADE,BTC/USD_2025-07-01,1h,demand,2025-05-17T01:00:00Z,,,,NEW_SUPPRESSED_TRADE_RECOVERED,2025-05-19T06:00:00Z fill 2025-05-19T06:00:00Z S2_CLOSE -2.909,TOUCH_BAR_CLOSED_BEYOND_S2+PRODUCTION_WOULD_PICK_ANOTHER_ZONE
V2_STRICT,V2_TRADE,BTC/USD_2025-07-01,1h,supply,2025-05-23T21:00:00Z,,,,NEW_DUE_TO_SEQUENCE_CHANGE,2025-05-24T03:00:00Z fill 2025-05-24T03:30:00Z TARGET +0.934,VOL_BUCKET_WITH_BAR_NOT_HIGH
V2_STRICT,V2_TRADE,BTC/USD_2025-07-01,1h,demand,2025-05-12T18:00:00Z,,,,NEW_SUPPRESSED_TRADE_RECOVERED,2025-06-05T20:00:00Z fill 2025-06-05T20:10:00Z S2_CLOSE -1.556,TOUCH_BAR_CLOSED_BEYOND_S2
V2_STRICT,V2_TRADE,BTC/USD_2025-07-01,1h,supply,2025-05-27T13:00:00Z,,,,NEW_SELECTION_LOOKAHEAD_RECOVERED,2025-06-09T23:00:00Z fill 2025-06-09T23:00:00Z TARGET +1.418,VOL_BUCKET_WITH_BAR_NOT_HIGH+PRODUCTION_WOULD_PICK_ANOTHER_ZONE
V2_STRICT,V2_TRADE,BTC/USD_2025-07-01,1h,demand,2025-06-08T09:00:00Z,,,,NEW_SUPPRESSED_TRADE_RECOVERED,2025-06-13T00:00:00Z fill 2025-06-13T00:01:00Z AMBIGUOUS ,TOUCH_BAR_CLOSED_BEYOND_S2+PRODUCTION_WOULD_PICK_ANOTHER_ZONE
V2_STRICT,V2_TRADE,BTC/USD_2025-07-01,1h,demand,2025-05-08T12:00:00Z,,,,NEW_SELECTION_LOOKAHEAD_RECOVERED,2025-06-22T14:00:00Z fill 2025-06-22T14:42:00Z TARGET -0.024,PRODUCTION_WOULD_PICK_ANOTHER_ZONE
V2_STRICT,V2_TRADE,BTC/USD_2025-07-01,4h,supply,2025-06-21T08:00:00Z,,,,NEW_SUPPRESSED_TRADE_RECOVERED,2025-06-23T20:00:00Z fill 2025-06-23T20:20:00Z S2_CLOSE -7.343,TOUCH_BAR_CLOSED_BEYOND_S2+PRODUCTION_WOULD_PICK_ANOTHER_ZONE
V2_STRICT,V2_TRADE,BTC/USD_2025-11-01,4h,demand,2025-08-05T12:00:00Z,,,,NEW_DUE_TO_SEQUENCE_CHANGE,2025-08-20T04:00:00Z fill 2025-08-20T07:16:00Z S2_CLOSE -1.711,VOL_BUCKET_WITH_BAR_NOT_HIGH
V2_STRICT,V2_TRADE,BTC/USD_2025-11-01,1h,supply,2025-08-18T21:00:00Z,,,,NEW_SUPPRESSED_TRADE_RECOVERED,2025-08-22T17:00:00Z fill 2025-08-22T17:05:00Z S2_CLOSE -6.134,TOUCH_BAR_CLOSED_BEYOND_S2
V2_STRICT,V2_TRADE,BTC/USD_2025-11-01,4h,supply,2025-08-25T12:00:00Z,,,,NEW_SELECTION_LOOKAHEAD_RECOVERED,2025-08-26T20:00:00Z fill 2025-08-26T21:58:00Z S2_CLOSE -1.872,PRODUCTION_WOULD_PICK_ANOTHER_ZONE
V2_STRICT,V2_TRADE,BTC/USD_2025-11-01,1h,demand,2025-08-26T15:00:00Z,,,,NEW_SUPPRESSED_TRADE_RECOVERED,2025-08-29T13:00:00Z fill 2025-08-29T13:35:00Z S2_CLOSE -2.530,TOUCH_BAR_CLOSED_BEYOND_S2
V2_STRICT,V2_TRADE,BTC/USD_2025-11-01,1h,demand,2025-09-10T10:00:00Z,,,,NEW_SUPPRESSED_TRADE_RECOVERED,2025-09-22T19:00:00Z fill 2025-09-22T19:35:00Z S2_CLOSE -4.699,TOUCH_BAR_CLOSED_BEYOND_S2
V2_STRICT,V2_TRADE,BTC/USD_2025-11-01,1h,demand,2025-09-08T00:00:00Z,,,,NEW_SELECTION_LOOKAHEAD_RECOVERED,2025-09-25T13:00:00Z fill 2025-09-25T13:01:00Z TARGET +0.810,PRODUCTION_WOULD_PICK_ANOTHER_ZONE
V2_STRICT,V2_TRADE,BTC/USD_2025-11-01,1h,supply,2025-08-17T22:00:00Z,,,,NEW_DUE_TO_SEQUENCE_CHANGE,2025-10-01T22:00:00Z fill 2025-10-01T22:06:00Z S2_CLOSE -7.212,VOL_BUCKET_WITH_BAR_NOT_HIGH
V2_STRICT,V2_TRADE,BTC/USD_2025-11-01,1h,demand,2025-10-04T20:00:00Z,,,,NEW_SUPPRESSED_TRADE_RECOVERED,2025-10-07T15:00:00Z fill 2025-10-07T15:07:00Z AMBIGUOUS ,TOUCH_BAR_CLOSED_BEYOND_S2+PRODUCTION_WOULD_PICK_ANOTHER_ZONE
V2_STRICT,V2_TRADE,BTC/USD_2025-11-01,1h,demand,2025-10-04T18:00:00Z,,,,NEW_SUPPRESSED_TRADE_RECOVERED,2025-10-07T17:00:00Z fill 2025-10-07T17:00:00Z S2_CLOSE -5.661,TOUCH_BAR_CLOSED_BEYOND_S2
V2_STRICT,V2_TRADE,BTC/USD_2025-11-01,1h,demand,2025-10-02T16:00:00Z,,,,NEW_SELECTION_LOOKAHEAD_RECOVERED,2025-10-09T16:00:00Z fill 2025-10-09T16:58:00Z TARGET +0.960,PRODUCTION_WOULD_PICK_ANOTHER_ZONE
V2_STRICT,V2_TRADE,BTC/USD_2025-11-01,1h,demand,2025-10-02T16:00:00Z,,,,NEW_SUPPRESSED_TRADE_RECOVERED,2025-10-10T15:00:00Z fill 2025-10-10T15:04:00Z S2_CLOSE -3.741,TOUCH_BAR_CLOSED_BEYOND_S2+PRODUCTION_WOULD_PICK_ANOTHER_ZONE
V2_STRICT,V2_TRADE,BTC/USD_2025-11-01,1h,demand,2025-10-01T17:00:00Z,,,,NEW_SUPPRESSED_TRADE_RECOVERED,2025-10-10T19:00:00Z fill 2025-10-10T19:05:00Z S2_CLOSE -1.867,TOUCH_BAR_CLOSED_BEYOND_S2+PRODUCTION_WOULD_PICK_ANOTHER_ZONE
V2_STRICT,V2_TRADE,BTC/USD_2025-11-01,4h,demand,2025-09-27T08:00:00Z,,,,NEW_SUPPRESSED_TRADE_RECOVERED,2025-10-16T12:00:00Z fill 2025-10-16T15:41:00Z AMBIGUOUS ,TOUCH_BAR_CLOSED_BEYOND_S2+PRODUCTION_WOULD_PICK_ANOTHER_ZONE
V2_STRICT,V2_TRADE,BTC/USD_2025-11-01,4h,demand,2025-07-08T00:00:00Z,,,,NEW_DUE_TO_SEQUENCE_CHANGE,2025-10-16T20:00:00Z fill 2025-10-16T20:25:00Z TARGET +1.409,slot/sequence differs from V1
V2_STRICT,V2_TRADE,BTC/USD_2025-11-01,4h,demand,2025-07-08T00:00:00Z,,,,NEW_SUPPRESSED_TRADE_RECOVERED,2025-10-17T04:00:00Z fill 2025-10-17T06:19:00Z S2_CLOSE -4.870,TOUCH_BAR_CLOSED_BEYOND_S2+PRODUCTION_WOULD_PICK_ANOTHER_ZONE
V2_STRICT,V2_TRADE,BTC/USD_2025-11-01,4h,supply,2025-10-17T00:00:00Z,,,,NEW_DUE_TO_SEQUENCE_CHANGE,2025-10-19T16:00:00Z fill 2025-10-19T16:41:00Z S2_CLOSE -2.886,VOL_BUCKET_WITH_BAR_NOT_HIGH
V2_STRICT,V2_TRADE,BTC/USD_2025-11-01,4h,supply,2025-10-15T16:00:00Z,,,,NEW_SUPPRESSED_TRADE_RECOVERED,2025-10-21T12:00:00Z fill 2025-10-21T14:50:00Z S2_CLOSE -4.153,TOUCH_BAR_CLOSED_BEYOND_S2+PRODUCTION_WOULD_PICK_ANOTHER_ZONE
V2_STRICT,V2_TRADE,BTC/USD_2025-11-01,1h,demand,2025-10-22T22:00:00Z,,,,NEW_SELECTION_LOOKAHEAD_RECOVERED,2025-10-30T17:00:00Z fill 2025-10-30T17:17:00Z S2_CLOSE -2.051,PRODUCTION_WOULD_PICK_ANOTHER_ZONE
V2_STRICT,V2_TRADE,BTC/USD_2025-11-01,4h,supply,2025-10-30T04:00:00Z,,,,NEW_DUE_TO_SEQUENCE_CHANGE,2025-10-31T00:00:00Z fill 2025-10-31T01:07:00Z OPEN_AT_DATA_END ,slot/sequence differs from V1
V2_STRICT,V2_TRADE,USD/JPY_2022-11-01,1h,demand,2022-09-07T07:00:00Z,,,,NEW_SELECTION_LOOKAHEAD_RECOVERED,2022-09-07T18:00:00Z fill 2022-09-07T18:08:00Z S2_CLOSE -1.918,PRODUCTION_WOULD_PICK_ANOTHER_ZONE
V2_STRICT,V2_TRADE,USD/JPY_2022-11-01,1h,demand,2022-09-07T20:00:00Z,,,,NEW_SUPPRESSED_TRADE_RECOVERED,2022-09-08T06:00:00Z fill 2022-09-08T06:00:00Z S2_CLOSE -2.093,TOUCH_BAR_CLOSED_BEYOND_S2
V2_STRICT,V2_TRADE,USD/JPY_2022-11-01,1h,supply,2022-09-08T08:00:00Z,,,,NEW_SUPPRESSED_TRADE_RECOVERED,2022-09-08T12:00:00Z fill 2022-09-08T12:20:00Z S2_CLOSE -1.079,TOUCH_BAR_CLOSED_BEYOND_S2
V2_STRICT,V2_TRADE,USD/JPY_2022-11-01,1h,demand,2022-09-07T00:00:00Z,,,,NEW_DUE_TO_SEQUENCE_CHANGE,2022-09-09T03:00:00Z fill 2022-09-09T03:26:00Z S2_CLOSE -1.768,slot/sequence differs from V1
V2_STRICT,V2_TRADE,USD/JPY_2022-11-01,1h,demand,2022-09-06T19:00:00Z,,,,NEW_SUPPRESSED_TRADE_RECOVERED,2022-09-09T06:00:00Z fill 2022-09-09T06:39:00Z S2_CLOSE -2.767,TOUCH_BAR_CLOSED_BEYOND_S2
V2_STRICT,V2_TRADE,USD/JPY_2022-11-01,1h,supply,2022-09-12T05:00:00Z,,,,NEW_SUPPRESSED_TRADE_RECOVERED,2022-09-13T12:00:00Z fill 2022-09-13T12:31:00Z S2_CLOSE -8.265,TOUCH_BAR_CLOSED_BEYOND_S2+PRODUCTION_WOULD_PICK_ANOTHER_ZONE
V2_STRICT,V2_TRADE,USD/JPY_2022-11-01,1h,demand,2022-09-13T18:00:00Z,,,,NEW_DUE_TO_SEQUENCE_CHANGE,2022-09-14T03:00:00Z fill 2022-09-14T03:00:00Z S2_CLOSE -5.410,slot/sequence differs from V1
V2_STRICT,V2_TRADE,USD/JPY_2022-11-01,1h,supply,2022-09-15T20:00:00Z,,,,NEW_SUPPRESSED_TRADE_RECOVERED,2022-09-16T05:00:00Z fill 2022-09-16T05:52:00Z S2_CLOSE -1.653,TOUCH_BAR_CLOSED_BEYOND_S2
V2_STRICT,V2_TRADE,USD/JPY_2022-11-01,4h,demand,2022-09-14T21:00:00Z,,,,NEW_SELECTION_LOOKAHEAD_RECOVERED,2022-09-16T13:00:00Z fill 2022-09-16T14:11:00Z TARGET +1.933,PRODUCTION_WOULD_PICK_ANOTHER_ZONE
V2_STRICT,V2_TRADE,USD/JPY_2022-11-01,1h,supply,2022-09-21T16:00:00Z,,,,NEW_SUPPRESSED_TRADE_RECOVERED,2022-09-22T00:00:00Z fill 2022-09-22T00:00:00Z S2_CLOSE -1.277,TOUCH_BAR_CLOSED_BEYOND_S2+PRODUCTION_WOULD_PICK_ANOTHER_ZONE
V2_STRICT,V2_TRADE,USD/JPY_2022-11-01,1h,demand,2022-09-21T06:00:00Z,,,,NEW_SUPPRESSED_TRADE_RECOVERED,2022-09-22T08:00:00Z fill 2022-09-22T08:15:00Z S2_CLOSE -6.292,TOUCH_BAR_CLOSED_BEYOND_S2+PRODUCTION_WOULD_PICK_ANOTHER_ZONE
V2_STRICT,V2_TRADE,USD/JPY_2022-11-01,1h,demand,2022-09-06T09:00:00Z,,,,NEW_SUPPRESSED_TRADE_RECOVERED,2022-09-22T11:00:00Z fill 2022-09-22T11:42:00Z TARGET +1.848,TOUCH_BAR_CLOSED_BEYOND_S2
V2_STRICT,V2_TRADE,USD/JPY_2022-11-01,1h,supply,2022-09-22T18:00:00Z,,,,NEW_SUPPRESSED_TRADE_RECOVERED,2022-09-23T08:00:00Z fill 2022-09-23T08:11:00Z S2_CLOSE -4.600,TOUCH_BAR_CLOSED_BEYOND_S2
V2_STRICT,V2_TRADE,USD/JPY_2022-11-01,1h,demand,2022-09-25T21:00:00Z,,,,NEW_DUE_TO_SEQUENCE_CHANGE,2022-10-05T00:00:00Z fill 2022-10-05T00:12:00Z TARGET +1.812,slot/sequence differs from V1
V2_STRICT,V2_TRADE,USD/JPY_2022-11-01,4h,demand,2022-09-26T05:00:00Z,,,,NEW_SELECTION_LOOKAHEAD_RECOVERED,2022-10-05T00:00:00Z fill 2022-10-05T00:49:00Z TARGET +1.953,PRODUCTION_WOULD_PICK_ANOTHER_ZONE
V2_STRICT,V2_TRADE,USD/JPY_2022-11-01,4h,supply,2022-10-04T08:00:00Z,,,,NEW_SUPPRESSED_TRADE_RECOVERED,2022-10-06T12:00:00Z fill 2022-10-06T12:18:00Z S2_CLOSE -2.008,TOUCH_BAR_CLOSED_BEYOND_S2
V2_STRICT,V2_TRADE,USD/JPY_2022-11-01,1h,supply,2022-10-03T04:00:00Z,,,,NEW_DUE_TO_SEQUENCE_CHANGE,2022-10-06T16:00:00Z fill 2022-10-06T16:01:00Z S2_CLOSE -1.412,slot/sequence differs from V1
V2_STRICT,V2_TRADE,USD/JPY_2022-11-01,1h,supply,2022-10-11T09:00:00Z,,,,NEW_SUPPRESSED_TRADE_RECOVERED,2022-10-11T18:00:00Z fill 2022-10-11T18:13:00Z S2_CLOSE -1.800,TOUCH_BAR_CLOSED_BEYOND_S2
V2_STRICT,V2_TRADE,USD/JPY_2022-11-01,1h,demand,2022-10-19T22:00:00Z,,,,NEW_SELECTION_LOOKAHEAD_RECOVERED,2022-10-20T07:00:00Z fill 2022-10-20T07:45:00Z TARGET +1.644,PRODUCTION_WOULD_PICK_ANOTHER_ZONE
V2_STRICT,V2_TRADE,USD/JPY_2022-11-01,1h,demand,2022-10-19T14:00:00Z,,,,NEW_SUPPRESSED_TRADE_RECOVERED,2022-10-20T14:00:00Z fill 2022-10-20T14:54:00Z S2_CLOSE -1.800,TOUCH_BAR_CLOSED_BEYOND_S2
V2_STRICT,V2_TRADE,USD/JPY_2022-11-01,1h,demand,2022-10-21T05:00:00Z,,,,NEW_SUPPRESSED_TRADE_RECOVERED,2022-10-21T14:00:00Z fill 2022-10-21T14:44:00Z AMBIGUOUS ,TOUCH_BAR_CLOSED_BEYOND_S2+PRODUCTION_WOULD_PICK_ANOTHER_ZONE
V2_STRICT,V2_TRADE,USD/JPY_2022-11-01,4h,demand,2022-10-11T12:00:00Z,,,,NEW_DUE_TO_SEQUENCE_CHANGE,2022-10-23T20:00:00Z fill 2022-10-23T23:44:00Z TARGET +1.884,slot/sequence differs from V1
V2_STRICT,V2_TRADE,USD/JPY_2022-11-01,1h,supply,2022-10-27T02:00:00Z,,,,NEW_SUPPRESSED_TRADE_RECOVERED,2022-10-27T09:00:00Z fill 2022-10-27T09:12:00Z S2_CLOSE -1.361,TOUCH_BAR_CLOSED_BEYOND_S2
V2_STRICT,V2_TRADE,USD/JPY_2025-04-01,1h,supply,2025-02-05T05:00:00Z,,,,NEW_SUPPRESSED_TRADE_RECOVERED,2025-02-12T03:00:00Z fill 2025-02-12T03:00:00Z S2_CLOSE -1.691,TOUCH_BAR_CLOSED_BEYOND_S2
V2_STRICT,V2_TRADE,USD/JPY_2025-04-01,1h,demand,2025-02-11T14:00:00Z,,,,NEW_SUPPRESSED_TRADE_RECOVERED,2025-02-14T13:00:00Z fill 2025-02-14T13:30:00Z S2_CLOSE -1.574,TOUCH_BAR_CLOSED_BEYOND_S2+PRODUCTION_WOULD_PICK_ANOTHER_ZONE
V2_STRICT,V2_TRADE,USD/JPY_2025-04-01,1h,demand,2025-02-18T15:00:00Z,,,,NEW_SELECTION_LOOKAHEAD_RECOVERED,2025-02-19T10:00:00Z fill 2025-02-19T10:00:00Z TARGET +1.881,PRODUCTION_WOULD_PICK_ANOTHER_ZONE
V2_STRICT,V2_TRADE,USD/JPY_2025-04-01,1h,demand,2025-02-18T13:00:00Z,,,,NEW_SUPPRESSED_TRADE_RECOVERED,2025-02-19T14:00:00Z fill 2025-02-19T14:00:00Z S2_CLOSE -5.862,TOUCH_BAR_CLOSED_BEYOND_S2+PRODUCTION_WOULD_PICK_ANOTHER_ZONE
V2_STRICT,V2_TRADE,USD/JPY_2025-04-01,4h,demand,2024-12-06T00:00:00Z,,,,NEW_SELECTION_LOOKAHEAD_RECOVERED,2025-02-20T04:00:00Z fill 2025-02-20T06:50:00Z S2_CLOSE -2.082,PRODUCTION_WOULD_PICK_ANOTHER_ZONE
V2_STRICT,V2_TRADE,USD/JPY_2025-04-01,4h,demand,2024-12-02T16:00:00Z,,,,NEW_DUE_TO_SEQUENCE_CHANGE,2025-02-20T20:00:00Z fill 2025-02-20T23:03:00Z TARGET +1.963,slot/sequence differs from V1
V2_STRICT,V2_TRADE,USD/JPY_2025-04-01,4h,demand,2024-12-02T16:00:00Z,,,,NEW_DUE_TO_SEQUENCE_CHANGE,2025-02-21T12:00:00Z fill 2025-02-21T15:57:00Z S2_CLOSE -1.059,slot/sequence differs from V1
V2_STRICT,V2_TRADE,USD/JPY_2025-04-01,1h,demand,2025-02-27T06:00:00Z,,,,NEW_SELECTION_LOOKAHEAD_RECOVERED,2025-03-03T23:00:00Z fill 2025-03-03T23:22:00Z TARGET +1.855,PRODUCTION_WOULD_PICK_ANOTHER_ZONE
V2_STRICT,V2_TRADE,USD/JPY_2025-04-01,1h,demand,2025-02-27T04:00:00Z,,,,NEW_SUPPRESSED_TRADE_RECOVERED,2025-03-04T01:00:00Z fill 2025-03-04T01:00:00Z S2_CLOSE -2.642,TOUCH_BAR_CLOSED_BEYOND_S2+PRODUCTION_WOULD_PICK_ANOTHER_ZONE
V2_STRICT,V2_TRADE,USD/JPY_2025-04-01,1h,demand,2025-02-26T00:00:00Z,,,,NEW_DUE_TO_SEQUENCE_CHANGE,2025-03-04T02:00:00Z fill 2025-03-04T02:05:00Z TARGET +1.932,slot/sequence differs from V1
V2_STRICT,V2_TRADE,USD/JPY_2025-04-01,1h,supply,2025-03-13T12:00:00Z,,,,NEW_SUPPRESSED_TRADE_RECOVERED,2025-03-14T00:00:00Z fill 2025-03-14T00:25:00Z S2_CLOSE -1.307,TOUCH_BAR_CLOSED_BEYOND_S2
V2_STRICT,V2_TRADE,USD/JPY_2025-04-01,1h,demand,2025-03-19T03:00:00Z,,,,NEW_SUPPRESSED_TRADE_RECOVERED,2025-03-19T07:00:00Z fill 2025-03-19T07:02:00Z TARGET +1.855,TOUCH_BAR_CLOSED_BEYOND_S2+PRODUCTION_WOULD_PICK_ANOTHER_ZONE
V2_STRICT,V2_TRADE,USD/JPY_2025-04-01,1h,demand,2025-03-17T19:00:00Z,,,,NEW_SUPPRESSED_TRADE_RECOVERED,2025-03-19T18:00:00Z fill 2025-03-19T18:36:00Z S2_CLOSE -5.657,TOUCH_BAR_CLOSED_BEYOND_S2
V2_STRICT,V2_TRADE,USD/JPY_2025-04-01,1h,demand,2025-03-21T02:00:00Z,,,,NEW_SUPPRESSED_TRADE_RECOVERED,2025-03-21T11:00:00Z fill 2025-03-21T11:28:00Z S2_CLOSE -1.659,TOUCH_BAR_CLOSED_BEYOND_S2
V2_STRICT,V2_TRADE,USD/JPY_2025-04-01,4h,supply,2025-03-05T00:00:00Z,,,,NEW_SUPPRESSED_TRADE_RECOVERED,2025-03-24T12:00:00Z fill 2025-03-24T13:40:00Z S2_CLOSE -2.920,TOUCH_BAR_CLOSED_BEYOND_S2+PRODUCTION_WOULD_PICK_ANOTHER_ZONE
V2_STRICT,V2_TRADE,USD/JPY_2025-04-01,1h,demand,2025-03-24T16:00:00Z,,,,NEW_DUE_TO_SEQUENCE_CHANGE,2025-03-24T21:00:00Z fill 2025-03-24T21:02:00Z TARGET +1.861,slot/sequence differs from V1
V2_STRICT,V2_TRADE,USD/JPY_2025-04-01,1h,demand,2025-03-24T16:00:00Z,,,,NEW_DUE_TO_SEQUENCE_CHANGE,2025-03-25T01:00:00Z fill 2025-03-25T01:47:00Z S2_CLOSE -2.009,slot/sequence differs from V1
V2_STRICT,V2_TRADE,USD/JPY_2025-04-01,1h,demand,2025-03-24T09:00:00Z,,,,NEW_DUE_TO_SEQUENCE_CHANGE,2025-03-25T15:00:00Z fill 2025-03-25T15:20:00Z TARGET +1.840,slot/sequence differs from V1
V2_STRICT,V2_TRADE,USD/JPY_2025-04-01,1h,demand,2025-03-21T18:00:00Z,,,,NEW_SUPPRESSED_TRADE_RECOVERED,2025-03-31T01:00:00Z fill 2025-03-31T01:00:00Z S2_CLOSE -1.514,TOUCH_BAR_CLOSED_BEYOND_S2
V2_STRICT,V2_TRADE,USD/JPY_2025-04-01,1h,supply,2025-03-28T20:00:00Z,,,,NEW_SUPPRESSED_TRADE_RECOVERED,2025-03-31T15:00:00Z fill 2025-03-31T15:25:00Z S2_CLOSE -1.360,TOUCH_BAR_CLOSED_BEYOND_S2
V2_STRICT,V2_TRADE,USD/JPY_2025-07-01,1h,demand,2025-05-12T11:00:00Z,,,,NEW_SUPPRESSED_TRADE_RECOVERED,2025-05-13T00:00:00Z fill 2025-05-13T00:04:00Z S2_CLOSE -1.231,TOUCH_BAR_CLOSED_BEYOND_S2
V2_STRICT,V2_TRADE,USD/JPY_2025-07-01,1h,supply,2025-05-19T04:00:00Z,,,,NEW_SELECTION_LOOKAHEAD_RECOVERED,2025-05-20T00:00:00Z fill 2025-05-20T00:19:00Z TARGET +1.752,PRODUCTION_WOULD_PICK_ANOTHER_ZONE
V2_STRICT,V2_TRADE,USD/JPY_2025-07-01,4h,demand,2025-05-08T09:00:00Z,,,,NEW_SUPPRESSED_TRADE_RECOVERED,2025-05-20T05:00:00Z fill 2025-05-20T05:00:00Z S2_CLOSE -1.169,TOUCH_BAR_CLOSED_BEYOND_S2
V2_STRICT,V2_TRADE,USD/JPY_2025-07-01,1h,demand,2025-05-08T01:00:00Z,,,,NEW_SELECTION_LOOKAHEAD_RECOVERED,2025-05-22T00:00:00Z fill 2025-05-22T00:00:00Z S2_CLOSE -1.481,PRODUCTION_WOULD_PICK_ANOTHER_ZONE
V2_STRICT,V2_TRADE,USD/JPY_2025-07-01,1h,supply,2025-05-25T23:00:00Z,,,,NEW_DUE_TO_SEQUENCE_CHANGE,2025-05-26T10:00:00Z fill 2025-05-26T10:01:00Z S2_CLOSE -1.599,slot/sequence differs from V1
V2_STRICT,V2_TRADE,USD/JPY_2025-07-01,4h,demand,2025-05-06T17:00:00Z,,,,NEW_SUPPRESSED_TRADE_RECOVERED,2025-05-26T21:00:00Z fill 2025-05-27T00:03:00Z S2_CLOSE -1.441,TOUCH_BAR_CLOSED_BEYOND_S2+PRODUCTION_WOULD_PICK_ANOTHER_ZONE
V2_STRICT,V2_TRADE,USD/JPY_2025-07-01,1h,supply,2025-05-26T20:00:00Z,,,,NEW_SUPPRESSED_TRADE_RECOVERED,2025-05-27T04:00:00Z fill 2025-05-27T04:48:00Z S2_CLOSE -1.600,TOUCH_BAR_CLOSED_BEYOND_S2
V2_STRICT,V2_TRADE,USD/JPY_2025-07-01,1h,supply,2025-05-26T12:00:00Z,,,,NEW_SUPPRESSED_TRADE_RECOVERED,2025-05-27T05:00:00Z fill 2025-05-27T05:01:00Z S2_CLOSE -3.768,TOUCH_BAR_CLOSED_BEYOND_S2+PRODUCTION_WOULD_PICK_ANOTHER_ZONE
V2_STRICT,V2_TRADE,USD/JPY_2025-07-01,1h,supply,2025-05-23T06:00:00Z,,,,NEW_SUPPRESSED_TRADE_RECOVERED,2025-05-27T07:00:00Z fill 2025-05-27T07:00:00Z S2_CLOSE -2.658,TOUCH_BAR_CLOSED_BEYOND_S2+PRODUCTION_WOULD_PICK_ANOTHER_ZONE
V2_STRICT,V2_TRADE,USD/JPY_2025-07-01,1h,supply,2025-05-23T00:00:00Z,,,,NEW_SELECTION_LOOKAHEAD_RECOVERED,2025-05-27T09:00:00Z fill 2025-05-27T09:01:00Z S2_CLOSE -2.083,PRODUCTION_WOULD_PICK_ANOTHER_ZONE
V2_STRICT,V2_TRADE,USD/JPY_2025-07-01,4h,supply,2025-05-19T21:00:00Z,,,,NEW_SUPPRESSED_TRADE_RECOVERED,2025-05-28T21:00:00Z fill 2025-05-28T23:06:00Z S2_CLOSE -2.639,TOUCH_BAR_CLOSED_BEYOND_S2+PRODUCTION_WOULD_PICK_ANOTHER_ZONE
V2_STRICT,V2_TRADE,USD/JPY_2025-07-01,1h,demand,2025-05-28T18:00:00Z,,,,NEW_SUPPRESSED_TRADE_RECOVERED,2025-05-29T12:00:00Z fill 2025-05-29T12:05:00Z S2_CLOSE -3.581,TOUCH_BAR_CLOSED_BEYOND_S2
V2_STRICT,V2_TRADE,USD/JPY_2025-07-01,1h,supply,2025-06-02T13:00:00Z,,,,NEW_SUPPRESSED_TRADE_RECOVERED,2025-06-03T01:00:00Z fill 2025-06-03T01:21:00Z S2_CLOSE -1.586,TOUCH_BAR_CLOSED_BEYOND_S2
V2_STRICT,V2_TRADE,USD/JPY_2025-07-01,1h,demand,2025-06-03T08:00:00Z,,,,NEW_SUPPRESSED_TRADE_RECOVERED,2025-06-04T16:00:00Z fill 2025-06-04T16:09:00Z S2_CLOSE -1.436,TOUCH_BAR_CLOSED_BEYOND_S2+PRODUCTION_WOULD_PICK_ANOTHER_ZONE
V2_STRICT,V2_TRADE,USD/JPY_2025-07-01,1h,demand,2025-06-06T07:00:00Z,,,,NEW_SELECTION_LOOKAHEAD_RECOVERED,2025-06-12T01:00:00Z fill 2025-06-12T01:05:00Z S2_CLOSE -1.484,PRODUCTION_WOULD_PICK_ANOTHER_ZONE
V2_STRICT,V2_TRADE,USD/JPY_2025-07-01,1h,demand,2025-06-06T03:00:00Z,,,,NEW_SUPPRESSED_TRADE_RECOVERED,2025-06-12T09:00:00Z fill 2025-06-12T09:11:00Z S2_CLOSE -1.435,TOUCH_BAR_CLOSED_BEYOND_S2
V2_STRICT,V2_TRADE,USD/JPY_2025-07-01,1h,demand,2025-06-05T22:00:00Z,,,,NEW_SUPPRESSED_TRADE_RECOVERED,2025-06-12T12:00:00Z fill 2025-06-12T12:30:00Z AMBIGUOUS ,TOUCH_BAR_CLOSED_BEYOND_S2
V2_STRICT,V2_TRADE,USD/JPY_2025-07-01,1h,demand,2025-06-05T02:00:00Z,,,,NEW_SELECTION_LOOKAHEAD_RECOVERED,2025-06-13T00:00:00Z fill 2025-06-13T00:04:00Z AMBIGUOUS ,PRODUCTION_WOULD_PICK_ANOTHER_ZONE
V2_STRICT,V2_TRADE,USD/JPY_2025-07-01,1h,supply,2025-06-11T11:00:00Z,,,,NEW_SUPPRESSED_TRADE_RECOVERED,2025-06-17T18:00:00Z fill 2025-06-17T18:01:00Z S2_CLOSE -1.414,TOUCH_BAR_CLOSED_BEYOND_S2
V2_STRICT,V2_TRADE,USD/JPY_2025-07-01,1h,demand,2025-06-17T19:00:00Z,,,,NEW_SELECTION_LOOKAHEAD_RECOVERED,2025-06-18T00:00:00Z fill 2025-06-18T00:06:00Z S2_CLOSE -1.612,PRODUCTION_WOULD_PICK_ANOTHER_ZONE
V2_STRICT,V2_TRADE,USD/JPY_2025-07-01,4h,supply,2025-05-28T21:00:00Z,,,,NEW_SELECTION_LOOKAHEAD_RECOVERED,2025-06-19T09:00:00Z fill 2025-06-19T09:50:00Z S2_CLOSE -1.530,PRODUCTION_WOULD_PICK_ANOTHER_ZONE
V2_STRICT,V2_TRADE,USD/JPY_2025-07-01,1h,supply,2025-05-14T23:00:00Z,,,,NEW_SUPPRESSED_TRADE_RECOVERED,2025-06-23T01:00:00Z fill 2025-06-23T01:07:00Z S2_CLOSE -1.176,TOUCH_BAR_CLOSED_BEYOND_S2+PRODUCTION_WOULD_PICK_ANOTHER_ZONE
V2_STRICT,V2_TRADE,USD/JPY_2025-07-01,1h,supply,2025-05-14T06:00:00Z,,,,NEW_SELECTION_LOOKAHEAD_RECOVERED,2025-06-23T06:00:00Z fill 2025-06-23T06:02:00Z S2_CLOSE -2.089,PRODUCTION_WOULD_PICK_ANOTHER_ZONE
V2_STRICT,V2_TRADE,USD/JPY_2025-07-01,1h,supply,2025-05-13T23:00:00Z,,,,NEW_SUPPRESSED_TRADE_RECOVERED,2025-06-23T08:00:00Z fill 2025-06-23T08:08:00Z S2_CLOSE -1.708,TOUCH_BAR_CLOSED_BEYOND_S2
V2_STRICT,V2_TRADE,USD/JPY_2025-07-01,1h,demand,2025-06-20T16:00:00Z,,,,NEW_SUPPRESSED_TRADE_RECOVERED,2025-06-24T00:00:00Z fill 2025-06-24T00:00:00Z S2_CLOSE -3.494,TOUCH_BAR_CLOSED_BEYOND_S2
V2_STRICT,V2_TRADE,USD/JPY_2025-07-01,1h,demand,2025-06-20T12:00:00Z,,,,NEW_SELECTION_LOOKAHEAD_RECOVERED,2025-06-24T01:00:00Z fill 2025-06-24T01:01:00Z S2_CLOSE -1.336,PRODUCTION_WOULD_PICK_ANOTHER_ZONE
V2_STRICT,V2_TRADE,USD/JPY_2025-07-01,1h,demand,2025-06-20T06:00:00Z,,,,NEW_SELECTION_LOOKAHEAD_RECOVERED,2025-06-24T05:00:00Z fill 2025-06-24T05:51:00Z S2_CLOSE -2.015,PRODUCTION_WOULD_PICK_ANOTHER_ZONE
V2_STRICT,V2_TRADE,USD/JPY_2025-07-01,1h,demand,2025-06-19T00:00:00Z,,,,NEW_SUPPRESSED_TRADE_RECOVERED,2025-06-24T14:00:00Z fill 2025-06-24T14:05:00Z S2_CLOSE -2.562,TOUCH_BAR_CLOSED_BEYOND_S2+PRODUCTION_WOULD_PICK_ANOTHER_ZONE
V2_STRICT,V2_TRADE,USD/JPY_2025-07-01,1h,demand,2025-06-18T15:00:00Z,,,,NEW_DUE_TO_SEQUENCE_CHANGE,2025-06-25T02:00:00Z fill 2025-06-25T02:08:00Z TARGET +1.873,slot/sequence differs from V1
V2_STRICT,V2_TRADE,USD/JPY_2025-07-01,1h,supply,2025-06-24T04:00:00Z,,,,NEW_SELECTION_LOOKAHEAD_RECOVERED,2025-06-25T08:00:00Z fill 2025-06-25T08:19:00Z S2_CLOSE -2.359,PRODUCTION_WOULD_PICK_ANOTHER_ZONE
V2_STRICT,V2_TRADE,USD/JPY_2025-07-01,1h,demand,2025-06-13T05:00:00Z,,,,NEW_DUE_TO_SEQUENCE_CHANGE,2025-07-01T00:00:00Z fill 2025-07-01T00:02:00Z OPEN_AT_DATA_END ,slot/sequence differs from V1
V2_STRICT,V2_TRADE,USD/JPY_2025-11-01,1h,supply,2025-09-16T15:00:00Z,,,,NEW_SUPPRESSED_TRADE_RECOVERED,2025-09-17T18:00:00Z fill 2025-09-17T18:42:00Z S2_CLOSE -1.479,TOUCH_BAR_CLOSED_BEYOND_S2
V2_STRICT,V2_TRADE,USD/JPY_2025-11-01,4h,supply,2025-09-16T09:00:00Z,,,,NEW_DUE_TO_SEQUENCE_CHANGE,2025-09-18T01:00:00Z fill 2025-09-18T01:09:00Z S2_CLOSE -1.960,slot/sequence differs from V1
V2_STRICT,V2_TRADE,USD/JPY_2025-11-01,1h,supply,2025-09-11T10:00:00Z,,,,NEW_SUPPRESSED_TRADE_RECOVERED,2025-09-18T13:00:00Z fill 2025-09-18T13:06:00Z TARGET +1.670,TOUCH_BAR_CLOSED_BEYOND_S2+PRODUCTION_WOULD_PICK_ANOTHER_ZONE
V2_STRICT,V2_TRADE,USD/JPY_2025-11-01,4h,demand,2025-09-19T13:00:00Z,,,,NEW_DUE_TO_SEQUENCE_CHANGE,2025-09-22T05:00:00Z fill 2025-09-22T07:25:00Z S2_CLOSE -1.321,slot/sequence differs from V1
V2_STRICT,V2_TRADE,USD/JPY_2025-11-01,1h,demand,2025-09-24T07:00:00Z,,,,NEW_SUPPRESSED_TRADE_RECOVERED,2025-09-30T08:00:00Z fill 2025-09-30T08:00:00Z S2_CLOSE -4.207,TOUCH_BAR_CLOSED_BEYOND_S2
V2_STRICT,V2_TRADE,USD/JPY_2025-11-01,1h,demand,2025-09-24T05:00:00Z,,,,NEW_SUPPRESSED_TRADE_RECOVERED,2025-09-30T14:00:00Z fill 2025-09-30T14:00:00Z S2_CLOSE -3.074,TOUCH_BAR_CLOSED_BEYOND_S2+PRODUCTION_WOULD_PICK_ANOTHER_ZONE
V2_STRICT,V2_TRADE,USD/JPY_2025-11-01,1h,demand,2025-09-23T17:00:00Z,,,,NEW_SELECTION_LOOKAHEAD_RECOVERED,2025-10-01T04:00:00Z fill 2025-10-01T04:51:00Z S2_CLOSE -2.903,PRODUCTION_WOULD_PICK_ANOTHER_ZONE
V2_STRICT,V2_TRADE,USD/JPY_2025-11-01,4h,supply,2025-08-01T05:00:00Z,,,,NEW_SELECTION_LOOKAHEAD_RECOVERED,2025-10-07T00:00:00Z fill 2025-10-07T00:11:00Z TARGET +1.872,PRODUCTION_WOULD_PICK_ANOTHER_ZONE
V2_STRICT,V2_TRADE,USD/JPY_2025-11-01,1h,demand,2025-10-13T17:00:00Z,,,,NEW_SUPPRESSED_TRADE_RECOVERED,2025-10-14T03:00:00Z fill 2025-10-14T03:33:00Z S2_CLOSE -2.697,TOUCH_BAR_CLOSED_BEYOND_S2+PRODUCTION_WOULD_PICK_ANOTHER_ZONE
V2_STRICT,V2_TRADE,USD/JPY_2025-11-01,1h,demand,2025-10-07T12:00:00Z,,,,NEW_SUPPRESSED_TRADE_RECOVERED,2025-10-16T00:00:00Z fill 2025-10-16T00:08:00Z S2_CLOSE -1.924,TOUCH_BAR_CLOSED_BEYOND_S2+PRODUCTION_WOULD_PICK_ANOTHER_ZONE
V2_STRICT,V2_TRADE,USD/JPY_2025-11-01,1h,demand,2025-10-07T07:00:00Z,,,,NEW_SUPPRESSED_TRADE_RECOVERED,2025-10-16T16:00:00Z fill 2025-10-16T16:22:00Z S2_CLOSE -2.676,TOUCH_BAR_CLOSED_BEYOND_S2+PRODUCTION_WOULD_PICK_ANOTHER_ZONE
V2_STRICT,V2_TRADE,USD/JPY_2025-11-01,1h,supply,2025-10-16T07:00:00Z,,,,NEW_SUPPRESSED_TRADE_RECOVERED,2025-10-21T05:00:00Z fill 2025-10-21T05:07:00Z S2_CLOSE -1.596,TOUCH_BAR_CLOSED_BEYOND_S2+PRODUCTION_WOULD_PICK_ANOTHER_ZONE
V2_STRICT,V2_TRADE,USD/JPY_2025-11-01,4h,supply,2025-10-15T08:00:00Z,,,,NEW_SUPPRESSED_TRADE_RECOVERED,2025-10-21T08:00:00Z fill 2025-10-21T08:26:00Z S2_CLOSE -3.297,TOUCH_BAR_CLOSED_BEYOND_S2
V2_STRICT,V2_TRADE,USD/JPY_2025-11-01,1h,supply,2025-10-10T05:00:00Z,,,,NEW_SUPPRESSED_TRADE_RECOVERED,2025-10-24T01:00:00Z fill 2025-10-24T01:20:00Z S2_CLOSE -1.714,TOUCH_BAR_CLOSED_BEYOND_S2+PRODUCTION_WOULD_PICK_ANOTHER_ZONE
V2_STRICT,V2_TRADE,USD/JPY_2025-11-01,1h,demand,2025-10-27T11:00:00Z,,,,NEW_SUPPRESSED_TRADE_RECOVERED,2025-10-28T00:00:00Z fill 2025-10-28T00:00:00Z S2_CLOSE -2.041,TOUCH_BAR_CLOSED_BEYOND_S2
V2_STRICT,V2_TRADE,USD/JPY_2025-11-01,1h,demand,2025-10-22T21:00:00Z,,,,NEW_SELECTION_LOOKAHEAD_RECOVERED,2025-10-28T08:00:00Z fill 2025-10-28T08:37:00Z TARGET +1.712,PRODUCTION_WOULD_PICK_ANOTHER_ZONE
V2_STRICT,V2_TRADE,USD/JPY_2025-11-01,1h,demand,2025-10-31T05:00:00Z,,,,NEW_DUE_TO_SEQUENCE_CHANGE,2025-10-31T20:00:00Z fill 2025-10-31T20:57:00Z OPEN_AT_DATA_END ,slot/sequence differs from V1
