variant,window,instrument,tf,direction,ipo_origin_time,ipo_open,ipo_high,ipo_low,ipo_close,zone_low,zone_high,entry,s2,target,risk,touch_bar_time,fill_minute,fill_note,outcome,alt_branch,open_branch,resolution_method,target_minute,s2_bar_time,exit_bar_time,exit_price,gross_r,cost_r,net_r,same_bar_s2,eligible_zones_on_bar,production_engine_view,data_flags,excluded_from_stats
V2,EUR/USD_2022-07-01,EUR/USD,1h,demand,2022-03-16T22:00:00Z,1.1033,1.10345,1.1009,1.1021,1.102175,1.10345,1.102175,1.1009,1.1047249999999997,0.001274999999999915,2022-03-17T05:00:00Z,2022-03-17T05:37:00Z,,TARGET,,,HTF_UNAMBIGUOUS,2022-03-17T08:02:00Z,,2022-03-17T08:00:00Z,1.1047249999999997,2,0.12549019607843975,1.8745098039215602,false,1,,,false
V2,EUR/USD_2022-07-01,EUR/USD,1h,supply,2022-03-10T12:00:00Z,1.104,1.11205,1.1034,1.1097,1.1034,1.1077249999999998,1.1077249999999998,1.11205,1.0990749999999996,0.004325000000000134,2022-03-17T14:00:00Z,2022-03-17T14:14:00Z,,S2_CLOSE,,,HTF_UNAMBIGUOUS,,2022-03-17T16:00:00Z,2022-03-17T16:00:00Z,1.1131,-1.2427745664739798,0.03699421965317805,-1.2797687861271578,false,1,,,false
V2,EUR/USD_2022-07-01,EUR/USD,1h,supply,2022-03-01T20:00:00Z,1.1123,1.1133,1.1116,1.1133,1.1116,1.11245,1.11245,1.1133,1.11075,0.0008500000000000174,2022-03-17T18:00:00Z,2022-03-17T18:00:00Z,,TARGET,,,ONE_MINUTE_RESOLVED,2022-03-17T18:29:00Z,,2022-03-17T18:00:00Z,1.11075,2,0.18823529411764323,1.8117647058823567,false,4,,,false
V2,EUR/USD_2022-07-01,EUR/USD,1h,demand,2022-03-17T10:00:00Z,1.1054,1.1054,1.1024,1.1047,1.1038999999999999,1.1054,1.1038999999999999,1.1024,1.1068999999999996,0.0014999999999998348,2022-03-18T11:00:00Z,2022-03-18T11:00:00Z,,S2_CLOSE,,,ONE_MINUTE_RESOLVED,,2022-03-18T11:00:00Z,2022-03-18T11:00:00Z,1.1023,-1.0666666666666667,0.10666666666667843,-1.173333333333345,true,1,TOUCH_BAR_CLOSED_BEYOND_S2,,false
V2,EUR/USD_2022-07-01,EUR/USD,1h,demand,2022-03-16T22:00:00Z,1.1033,1.10345,1.1009,1.1021,1.102175,1.10345,1.102175,1.1009,1.1047249999999997,0.001274999999999915,2022-03-18T12:00:00Z,2022-03-18T12:12:00Z,,TARGET,,,HTF_UNAMBIGUOUS,2022-03-18T15:53:00Z,,2022-03-18T15:00:00Z,1.1047249999999997,2,0.12549019607843975,1.8745098039215602,false,2,,,false
V2,EUR/USD_2022-07-01,EUR/USD,1h,supply,2022-03-18T19:00:00Z,1.10475,1.1057,1.1046,1.1052,1.1046,1.10515,1.10515,1.1057,1.1040500000000004,0.0005499999999998284,2022-03-21T08:00:00Z,2022-03-21T08:00:00Z,,TARGET,,,HTF_UNAMBIGUOUS,2022-03-21T11:02:00Z,,2022-03-21T11:00:00Z,1.1040500000000004,2,0.2909090909091817,1.7090909090908184,false,1,,,false
V2,EUR/USD_2022-07-01,EUR/USD,1h,demand,2022-03-16T22:00:00Z,1.1033,1.10345,1.1009,1.1021,1.102175,1.10345,1.102175,1.1009,1.1047249999999997,0.001274999999999915,2022-03-21T18:00:00Z,2022-03-21T18:06:00Z,,S2_CLOSE,,,HTF_UNAMBIGUOUS,,2022-03-22T00:00:00Z,2022-03-22T00:00:00Z,1.0987,-2.7254901960785305,0.12549019607843975,-2.8509803921569703,false,1,,,false
V2,EUR/USD_2022-07-01,EUR/USD,1h,demand,2022-03-16T09:00:00Z,1.09905,1.1001,1.0979,1.0985,1.0990000000000002,1.1001,1.0990000000000002,1.0979,1.1012000000000004,0.001100000000000101,2022-03-22T04:00:00Z,2022-03-22T04:16:00Z,,S2_CLOSE,,,HTF_UNAMBIGUOUS,,2022-03-22T06:00:00Z,2022-03-22T06:00:00Z,1.0968,-2,0.14545454545453212,-2.145454545454532,false,3,,,false
V2,EUR/USD_2022-07-01,EUR/USD,1h,supply,2022-03-22T03:00:00Z,1.1002,1.1006,1.0997,1.1002,1.0997,1.10015,1.10015,1.1006,1.0992499999999998,0.00045000000000006146,2022-03-22T08:00:00Z,2022-03-22T08:37:00Z,,S2_CLOSE,,,ONE_MINUTE_RESOLVED,,2022-03-22T08:00:00Z,2022-03-22T08:00:00Z,1.1007,-1.2222222222221675,0.355555555555507,-1.5777777777776745,true,1,TOUCH_BAR_CLOSED_BEYOND_S2,,false
V2,EUR/USD_2022-07-01,EUR/USD,1h,supply,2022-03-21T22:00:00Z,1.1019,1.1026,1.1018,1.10205,1.1018,1.1021999999999998,1.1021999999999998,1.1026,1.1013999999999995,0.000400000000000178,2022-03-22T12:00:00Z,2022-03-22T12:16:00Z,,AMBIGUOUS,CLOSED_AT_TARGET,S2_CLOSE,HTF_UNAMBIGUOUS,,2022-03-22T13:00:00Z,2022-03-22T13:00:00Z,1.1041,-4.749999999998473,0.39999999999982205,,false,1,,,true
V2,EUR/USD_2022-07-01,EUR/USD,1h,supply,2022-03-22T13:00:00Z,1.1016,1.1041,1.1016,1.1041,1.1016,1.10285,1.10285,1.1041,1.1003500000000002,0.0012499999999999734,2022-03-22T17:00:00Z,2022-03-22T17:19:00Z,,TARGET,,,HTF_UNAMBIGUOUS,2022-03-23T09:41:00Z,,2022-03-23T09:00:00Z,1.1003500000000002,2,0.12800000000000275,1.8719999999999972,false,1,,,false
V2,EUR/USD_2022-07-01,EUR/USD,1h,supply,2022-03-23T10:00:00Z,1.0996,1.1007,1.0996,1.1002,1.0996,1.10015,1.10015,1.1007,1.0990499999999999,0.0005500000000000504,2022-03-23T15:00:00Z,2022-03-23T15:40:00Z,,S2_CLOSE,,,HTF_UNAMBIGUOUS,,2022-03-23T18:00:00Z,2022-03-23T18:00:00Z,1.10085,-1.2727272727274195,0.29090909090906425,-1.5636363636364838,false,1,,,false
V2,EUR/USD_2022-07-01,EUR/USD,1h,supply,2022-03-22T13:00:00Z,1.1016,1.1041,1.1016,1.1041,1.1016,1.10285,1.10285,1.1041,1.1003500000000002,0.0012499999999999734,2022-03-25T01:00:00Z,2022-03-25T01:44:00Z,,TARGET,,,HTF_UNAMBIGUOUS,2022-03-25T09:10:00Z,,2022-03-25T09:00:00Z,1.1003500000000002,2,0.12800000000000275,1.8719999999999972,false,2,,,false
V2,EUR/USD_2022-07-01,EUR/USD,4h,supply,2022-03-22T11:00:00Z,1.1003,1.10455,1.0992,1.1035,1.0992,1.101875,1.101875,1.10455,1.096525,0.002674999999999983,2022-03-25T15:00:00Z,2022-03-25T15:00:00Z,,TARGET,,,HTF_UNAMBIGUOUS,2022-03-28T01:20:00Z,,2022-03-27T23:00:00Z,1.096525,2,0.05981308411214992,1.9401869158878502,false,1,,,false
V2,EUR/USD_2022-07-01,EUR/USD,1h,supply,2022-03-27T20:00:00Z,1.0987,1.0987,1.09865,1.0987,1.09865,1.098675,1.098675,1.0987,1.0986250000000002,0.000024999999999941735,2022-03-28T08:00:00Z,2022-03-28T08:48:00Z,,AMBIGUOUS,CLOSED_AT_TARGET,TARGET,HTF_UNAMBIGUOUS,2022-03-28T09:00:00Z,,2022-03-28T09:00:00Z,1.0986250000000002,2,6.400000000014916,,false,2,TOUCH_BAR_CLOSED_BEYOND_S2,,true
V2,EUR/USD_2022-07-01,EUR/USD,1h,supply,2022-03-28T08:00:00Z,1.0952,1.0998,1.0945,1.0991,1.0945,1.09715,1.09715,1.0998,1.09185,0.002650000000000041,2022-03-28T15:00:00Z,2022-03-28T15:00:00Z,,S2_CLOSE,,,HTF_UNAMBIGUOUS,,2022-03-29T06:00:00Z,2022-03-29T06:00:00Z,1.1005,-1.2641509433961933,0.0603773584905651,-1.3245283018867584,false,1,,,false
V2,EUR/USD_2022-07-01,EUR/USD,1h,demand,2022-03-29T00:00:00Z,1.09925,1.0997,1.097,1.0974,1.09835,1.0997,1.09835,1.097,1.1010499999999999,0.0013499999999999623,2022-03-29T08:00:00Z,2022-03-29T08:52:00Z,,TARGET,,,HTF_UNAMBIGUOUS,2022-03-29T09:08:00Z,,2022-03-29T09:00:00Z,1.1010499999999999,2,0.11851851851852184,1.8814814814814782,false,2,,,false
V2,EUR/USD_2022-07-01,EUR/USD,1h,supply,2022-03-01T20:00:00Z,1.1123,1.1133,1.1116,1.1133,1.1116,1.11245,1.11245,1.1133,1.11075,0.0008500000000000174,2022-03-29T12:00:00Z,2022-03-29T12:48:00Z,,TARGET,,,HTF_UNAMBIGUOUS,2022-03-29T13:03:00Z,,2022-03-29T13:00:00Z,1.11075,2,0.18823529411764323,1.8117647058823567,false,3,,,false
V2,EUR/USD_2022-07-01,EUR/USD,1h,supply,2022-03-01T20:00:00Z,1.1123,1.1133,1.1116,1.1133,1.1116,1.11245,1.11245,1.1133,1.11075,0.0008500000000000174,2022-03-29T14:00:00Z,2022-03-29T14:00:00Z,,TARGET,,,ONE_MINUTE_RESOLVED,2022-03-29T14:20:00Z,,2022-03-29T14:00:00Z,1.11075,2,0.18823529411764323,1.8117647058823567,false,3,,,false
V2,EUR/USD_2022-07-01,EUR/USD,4h,supply,2022-03-02T15:00:00Z,1.1094,1.1145,1.1058,1.1129,1.1058,1.11015,1.11015,1.1145,1.1014499999999998,0.004350000000000076,2022-03-29T15:00:00Z,2022-03-29T15:00:00Z,,S2_CLOSE,,,HTF_UNAMBIGUOUS,,2022-03-30T11:00:00Z,2022-03-30T11:00:00Z,1.1162,-1.3908045977011505,0.03678160919540166,-1.4275862068965521,false,1,,,false
V2,EUR/USD_2022-07-01,EUR/USD,1h,demand,2022-03-30T17:00:00Z,1.1157,1.1157,1.1149,1.1149,1.1153,1.1157,1.1153,1.1149,1.1160999999999999,0.00039999999999995595,2022-03-31T06:00:00Z,2022-03-31T06:36:00Z,,TARGET,,,ONE_MINUTE_RESOLVED,2022-03-31T06:39:00Z,,2022-03-31T06:00:00Z,1.1160999999999999,2,0.4000000000000441,1.599999999999956,false,1,,,false
V2,EUR/USD_2022-07-01,EUR/USD,1h,demand,2022-03-30T19:00:00Z,1.1161,1.1163,1.1152,1.1152,1.11575,1.1163,1.11575,1.1152,1.1168500000000001,0.0005500000000000504,2022-03-31T07:00:00Z,2022-03-31T07:29:00Z,,S2_CLOSE,,,ONE_MINUTE_RESOLVED,,2022-03-31T07:00:00Z,2022-03-31T07:00:00Z,1.115,-1.3636363636362903,0.29090909090906425,-1.6545454545453544,true,1,TOUCH_BAR_CLOSED_BEYOND_S2,,false
V2,EUR/USD_2022-07-01,EUR/USD,1h,demand,2022-03-30T04:00:00Z,1.1115,1.1121,1.1109,1.1111,1.1115,1.1121,1.1115,1.1109,1.1126999999999998,0.0005999999999999339,2022-03-31T08:00:00Z,2022-03-31T08:43:00Z,,TARGET,,,ONE_MINUTE_RESOLVED,2022-03-31T08:56:00Z,,2022-03-31T08:00:00Z,1.1126999999999998,2,0.2666666666666961,1.7333333333333039,false,4,,,false
V2,EUR/USD_2022-07-01,EUR/USD,1h,demand,2022-03-29T17:00:00Z,1.108,1.1083,1.1072,1.1078,1.10775,1.1083,1.10775,1.1072,1.1088500000000001,0.0005500000000000504,2022-03-31T13:00:00Z,2022-03-31T13:13:00Z,,TARGET,,,ONE_MINUTE_RESOLVED,2022-03-31T13:30:00Z,,2022-03-31T13:00:00Z,1.1088500000000001,2,0.29090909090906425,1.7090909090909356,false,2,,,false
V2,EUR/USD_2022-07-01,EUR/USD,1h,demand,2022-03-29T23:00:00Z,1.1093,1.1095,1.109,1.1092,1.1092499999999998,1.1095,1.1092499999999998,1.109,1.1097499999999996,0.00024999999999986144,2022-03-31T14:00:00Z,2022-03-31T14:00:00Z,,TARGET,,,ONE_MINUTE_RESOLVED,2022-03-31T14:54:00Z,,2022-03-31T14:00:00Z,1.1097499999999996,2,0.6400000000003547,1.3599999999996453,false,1,,,false
V2,EUR/USD_2022-07-01,EUR/USD,4h,demand,2022-03-29T15:00:00Z,1.10995,1.1117,1.1072,1.1089,1.1094499999999998,1.1117,1.1094499999999998,1.1072,1.1139499999999996,0.0022499999999998632,2022-03-31T15:00:00Z,2022-03-31T15:59:00Z,,S2_CLOSE,,,ONE_MINUTE_RESOLVED,,2022-03-31T15:00:00Z,2022-03-31T15:00:00Z,1.1069,-1.1333333333333269,0.07111111111111544,-1.2044444444444422,true,1,TOUCH_BAR_CLOSED_BEYOND_S2,,false
V2,EUR/USD_2022-07-01,EUR/USD,4h,demand,2022-04-03T16:00:00Z,1.1039,1.104,1.10365,1.10375,1.103825,1.104,1.103825,1.10365,1.1041750000000001,0.00017500000000003624,2022-04-04T04:00:00Z,2022-04-04T06:16:00Z,,TARGET,,,ONE_MINUTE_RESOLVED,2022-04-04T06:17:00Z,,2022-04-04T04:00:00Z,1.1041750000000001,2,0.9142857142855251,1.085714285714475,false,1,TOUCH_BAR_CLOSED_BEYOND_S2,,false
V2,EUR/USD_2022-07-01,EUR/USD,1h,demand,2022-03-29T00:00:00Z,1.09925,1.0997,1.097,1.0974,1.09835,1.0997,1.09835,1.097,1.1010499999999999,0.0013499999999999623,2022-04-04T13:00:00Z,2022-04-04T13:27:00Z,,S2_CLOSE,,,HTF_UNAMBIGUOUS,,2022-04-04T17:00:00Z,2022-04-04T17:00:00Z,1.0964,-1.444444444444408,0.11851851851852184,-1.5629629629629298,false,2,,,false
V2,EUR/USD_2022-07-01,EUR/USD,4h,demand,2022-03-27T23:00:00Z,1.0981,1.0985,1.0951,1.0954,1.0968,1.0985,1.0968,1.0951,1.1002,0.0017000000000000348,2022-04-05T04:00:00Z,2022-04-05T04:16:00Z,,S2_CLOSE,,,HTF_UNAMBIGUOUS,,2022-04-05T12:00:00Z,2022-04-05T12:00:00Z,1.092,-2.823529411764598,0.09411764705882161,-2.9176470588234196,false,2,,,false
V2,EUR/USD_2022-07-01,EUR/USD,1h,demand,2022-03-11T18:00:00Z,1.0916,1.09215,1.0902,1.0902,1.091175,1.09215,1.091175,1.0902,1.093125,0.0009749999999999481,2022-04-05T17:00:00Z,2022-04-05T17:49:00Z,,S2_CLOSE,,,HTF_UNAMBIGUOUS,,2022-04-06T00:00:00Z,2022-04-06T00:00:00Z,1.0895,-1.7179487179489048,0.16410256410257285,-1.8820512820514776,false,1,,,false
V2,EUR/USD_2022-07-01,EUR/USD,1h,demand,2022-03-08T09:00:00Z,1.0897,1.0904,1.0867,1.0888,1.0885500000000001,1.0904,1.0885500000000001,1.0867,1.0922500000000004,0.0018500000000001293,2022-04-06T06:00:00Z,2022-04-06T06:00:00Z,,TARGET,,,HTF_UNAMBIGUOUS,2022-04-06T08:48:00Z,,2022-04-06T08:00:00Z,1.0922500000000004,2,0.08648648648648045,1.9135135135135195,false,1,,,false
V2,EUR/USD_2022-07-01,EUR/USD,4h,supply,2022-04-06T08:00:00Z,1.0894,1.09255,1.0891,1.0916,1.0891,1.090825,1.090825,1.09255,1.087375,0.0017249999999999766,2022-04-07T04:00:00Z,2022-04-07T04:00:00Z,,TARGET,,,HTF_UNAMBIGUOUS,2022-04-07T09:19:00Z,,2022-04-07T08:00:00Z,1.087375,2,0.09275362318840706,1.907246376811593,false,1,,,false
V2,EUR/USD_2022-07-01,EUR/USD,4h,supply,2022-04-06T08:00:00Z,1.0894,1.09255,1.0891,1.0916,1.0891,1.090825,1.090825,1.09255,1.087375,0.0017249999999999766,2022-04-07T09:00:00Z,2022-04-07T11:08:00Z,,TARGET,,,HTF_UNAMBIGUOUS,2022-04-07T19:18:00Z,,2022-04-07T16:00:00Z,1.087375,2,0.09275362318840706,1.907246376811593,false,1,,,false
V2,EUR/USD_2022-07-01,EUR/USD,1h,demand,2022-03-07T19:00:00Z,1.088,1.089,1.0847,1.08475,1.08685,1.089,1.08685,1.0847,1.0911500000000003,0.0021500000000000963,2022-04-08T08:00:00Z,2022-04-08T08:00:00Z,,S2_CLOSE,,,HTF_UNAMBIGUOUS,,2022-04-08T13:00:00Z,2022-04-08T13:00:00Z,1.084,-1.3255813953487867,0.07441860465115946,-1.3999999999999462,false,3,,,false
V2,EUR/USD_2022-07-01,EUR/USD,1h,supply,2022-04-07T17:00:00Z,1.0877,1.0893,1.0877,1.0883,1.0877,1.0884999999999998,1.0884999999999998,1.0893,1.0868999999999995,0.0008000000000001339,2022-04-08T18:00:00Z,2022-04-08T18:57:00Z,,S2_CLOSE,,,HTF_UNAMBIGUOUS,,2022-04-10T19:00:00Z,2022-04-10T19:00:00Z,1.09385,-6.687499999999115,0.19999999999996654,-6.887499999999082,false,2,,,false
V2,EUR/USD_2022-07-01,EUR/USD,1h,supply,2022-04-07T13:00:00Z,1.0914,1.09385,1.0907,1.0914,1.0907,1.0922749999999999,1.0922749999999999,1.09385,1.0891249999999997,0.001575000000000104,2022-04-10T20:00:00Z,2022-04-10T20:22:00Z,,TARGET,,,HTF_UNAMBIGUOUS,2022-04-10T22:47:00Z,,2022-04-10T22:00:00Z,1.0891249999999997,2,0.10158730158729488,1.8984126984127052,false,1,,,false
V2,EUR/USD_2022-07-01,EUR/USD,1h,demand,2022-04-08T19:00:00Z,1.0885,1.0885,1.0875,1.0878,1.088,1.0885,1.088,1.0875,1.0890000000000004,0.000500000000000167,2022-04-11T04:00:00Z,2022-04-11T04:04:00Z,,TARGET,,,HTF_UNAMBIGUOUS,2022-04-11T05:52:00Z,,2022-04-11T05:00:00Z,1.0890000000000004,2,0.31999999999989315,1.6800000000001067,false,1,,,false
V2,EUR/USD_2022-07-01,EUR/USD,1h,supply,2022-04-07T13:00:00Z,1.0914,1.09385,1.0907,1.0914,1.0907,1.0922749999999999,1.0922749999999999,1.09385,1.0891249999999997,0.001575000000000104,2022-04-11T09:00:00Z,2022-04-11T09:34:00Z,,TARGET,,,HTF_UNAMBIGUOUS,2022-04-11T13:28:00Z,,2022-04-11T13:00:00Z,1.0891249999999997,2,0.10158730158729488,1.8984126984127052,false,1,,,false
V2,EUR/USD_2022-07-01,EUR/USD,1h,demand,2022-04-08T19:00:00Z,1.0885,1.0885,1.0875,1.0878,1.088,1.0885,1.088,1.0875,1.0890000000000004,0.000500000000000167,2022-04-11T17:00:00Z,2022-04-11T17:00:00Z,,TARGET,,,HTF_UNAMBIGUOUS,2022-04-11T18:25:00Z,,2022-04-11T18:00:00Z,1.0890000000000004,2,0.31999999999989315,1.6800000000001067,false,1,,,false
V2,EUR/USD_2022-07-01,EUR/USD,1h,demand,2022-04-08T19:00:00Z,1.0885,1.0885,1.0875,1.0878,1.088,1.0885,1.088,1.0875,1.0890000000000004,0.000500000000000167,2022-04-11T23:00:00Z,2022-04-11T23:02:00Z,,S2_CLOSE,,,HTF_UNAMBIGUOUS,,2022-04-12T01:00:00Z,2022-04-12T01:00:00Z,1.0872,-1.5999999999997336,0.31999999999989315,-1.919999999999627,false,1,,,false
V2,EUR/USD_2022-07-01,EUR/USD,1h,demand,2022-04-08T17:00:00Z,1.0874,1.0875,1.08655,1.0872,1.087025,1.0875,1.087025,1.08655,1.087975,0.0004750000000000032,2022-04-12T02:00:00Z,2022-04-12T02:00:00Z,,TARGET,,,HTF_UNAMBIGUOUS,2022-04-12T04:24:00Z,,2022-04-12T04:00:00Z,1.087975,2,0.33684210526315567,1.6631578947368444,false,1,,,false
V2,EUR/USD_2022-07-01,EUR/USD,4h,demand,2022-04-08T09:00:00Z,1.0867,1.0891,1.0838,1.0838,1.0864500000000001,1.0891,1.0864500000000001,1.0838,1.0917500000000002,0.002650000000000041,2022-04-12T05:00:00Z,2022-04-12T06:22:00Z,,S2_CLOSE,,,HTF_UNAMBIGUOUS,,2022-04-12T16:00:00Z,2022-04-12T16:00:00Z,1.0831,-1.264150943396277,0.0603773584905651,-1.3245283018868421,false,1,,,false
V2,EUR/USD_2022-07-01,EUR/USD,1h,demand,2022-03-07T10:00:00Z,1.0859,1.0859,1.0807,1.08325,1.0833,1.0859,1.0833,1.0807,1.0884999999999998,0.0025999999999999357,2022-04-13T02:00:00Z,2022-04-13T02:00:00Z,,TARGET,,,HTF_UNAMBIGUOUS,2022-04-13T16:14:00Z,,2022-04-13T16:00:00Z,1.0884999999999998,2,0.06153846153846307,1.938461538461537,false,1,,,false
V2,EUR/USD_2022-07-01,EUR/USD,1h,supply,2022-04-12T12:00:00Z,1.08625,1.0903,1.0852,1.0896,1.0852,1.08775,1.08775,1.0903,1.08265,0.0025500000000000522,2022-04-13T17:00:00Z,2022-04-13T17:00:00Z,,S2_CLOSE,,,HTF_UNAMBIGUOUS,,2022-04-14T01:00:00Z,2022-04-14T01:00:00Z,1.0906,-1.1176470588235141,0.06274509803921441,-1.1803921568627285,false,2,,,false
V2,EUR/USD_2022-07-01,EUR/USD,4h,demand,2022-04-12T20:00:00Z,1.083,1.0832,1.08235,1.0826,1.0827749999999998,1.0832,1.0827749999999998,1.08235,1.0836249999999996,0.0004249999999998977,2022-04-14T12:00:00Z,2022-04-14T13:17:00Z,,S2_CLOSE,,,ONE_MINUTE_RESOLVED,,2022-04-14T12:00:00Z,2022-04-14T12:00:00Z,1.0797,-7.2352941176481345,0.37647058823538476,-7.61176470588352,true,2,TOUCH_BAR_CLOSED_BEYOND_S2,,false
V2,EUR/USD_2022-07-01,EUR/USD,1h,supply,2022-04-15T18:00:00Z,1.081,1.08115,1.0806,1.081,1.0806,1.080875,1.080875,1.08115,1.080325,0.0002750000000000252,2022-04-17T22:00:00Z,2022-04-17T22:03:00Z,,S2_CLOSE,,,ONE_MINUTE_RESOLVED,,2022-04-17T22:00:00Z,2022-04-17T22:00:00Z,1.08215,-4.636363636362902,0.5818181818181285,-5.218181818181031,true,1,TOUCH_BAR_CLOSED_BEYOND_S2,,false
V2,EUR/USD_2022-07-01,EUR/USD,1h,supply,2022-04-17T22:00:00Z,1.0808,1.08215,1.0804,1.08215,1.0804,1.081275,1.081275,1.08215,1.079525,0.0008749999999999591,2022-04-18T11:00:00Z,2022-04-18T11:54:00Z,,TARGET,,,HTF_UNAMBIGUOUS,2022-04-18T14:53:00Z,,2022-04-18T14:00:00Z,1.079525,2,0.1828571428571514,1.8171428571428485,false,1,,,false
V2,EUR/USD_2022-07-01,EUR/USD,1h,supply,2022-04-18T19:00:00Z,1.0784,1.0785,1.0778,1.0784,1.0778,1.07815,1.07815,1.0785,1.0774499999999998,0.0003500000000000725,2022-04-19T04:00:00Z,2022-04-19T04:17:00Z,,TARGET,,,ONE_MINUTE_RESOLVED,2022-04-19T04:41:00Z,,2022-04-19T04:00:00Z,1.0774499999999998,2,0.45714285714276254,1.5428571428572375,false,2,,,false
V2,EUR/USD_2022-07-01,EUR/USD,1h,supply,2022-04-18T19:00:00Z,1.0784,1.0785,1.0778,1.0784,1.0778,1.07815,1.07815,1.0785,1.0774499999999998,0.0003500000000000725,2022-04-19T06:00:00Z,2022-04-19T06:31:00Z,,S2_CLOSE,,,HTF_UNAMBIGUOUS,,2022-04-19T07:00:00Z,2022-04-19T07:00:00Z,1.0801,-5.571428571427756,0.45714285714276254,-6.028571428570518,false,2,,,false
V2,EUR/USD_2022-07-01,EUR/USD,1h,supply,2022-04-17T22:00:00Z,1.0808,1.08215,1.0804,1.08215,1.0804,1.081275,1.081275,1.08215,1.079525,0.0008749999999999591,2022-04-19T08:00:00Z,2022-04-19T08:32:00Z,,TARGET,,,ONE_MINUTE_RESOLVED,2022-04-19T08:49:00Z,,2022-04-19T08:00:00Z,1.079525,2,0.1828571428571514,1.8171428571428485,false,1,,,false
V2,EUR/USD_2022-07-01,EUR/USD,1h,supply,2022-04-18T11:00:00Z,1.0801,1.0814,1.08005,1.081,1.08005,1.080725,1.080725,1.0814,1.079375,0.0006749999999999812,2022-04-19T09:00:00Z,2022-04-19T09:00:00Z,,TARGET,,,HTF_UNAMBIGUOUS,2022-04-19T10:03:00Z,,2022-04-19T10:00:00Z,1.079375,2,0.23703703703704368,1.7629629629629564,false,1,,,false
V2,EUR/USD_2022-07-01,EUR/USD,1h,supply,2022-04-18T11:00:00Z,1.0801,1.0814,1.08005,1.081,1.08005,1.080725,1.080725,1.0814,1.079375,0.0006749999999999812,2022-04-20T03:00:00Z,2022-04-20T03:00:00Z,,S2_CLOSE,,,ONE_MINUTE_RESOLVED,,2022-04-20T03:00:00Z,2022-04-20T03:00:00Z,1.0819,-1.7407407407410087,0.23703703703704368,-1.9777777777780523,true,1,TOUCH_BAR_CLOSED_BEYOND_S2,,false
V2,EUR/USD_2022-07-01,EUR/USD,1h,supply,2022-04-17T22:00:00Z,1.0808,1.08215,1.0804,1.08215,1.0804,1.081275,1.081275,1.08215,1.079525,0.0008749999999999591,2022-04-20T06:00:00Z,2022-04-20T06:00:00Z,,S2_CLOSE,,,HTF_UNAMBIGUOUS,,2022-04-20T08:00:00Z,2022-04-20T08:00:00Z,1.084,-3.114285714285961,0.1828571428571514,-3.297142857143112,false,1,,,false
V2,EUR/USD_2022-07-01,EUR/USD,1h,demand,2022-04-20T11:00:00Z,1.0859,1.0859,1.0825,1.0828,1.0842,1.0859,1.0842,1.0825,1.0876000000000001,0.0017000000000000348,2022-04-20T17:00:00Z,2022-04-20T17:00:00Z,,TARGET,,,HTF_UNAMBIGUOUS,2022-04-21T06:30:00Z,,2022-04-21T06:00:00Z,1.0876000000000001,2,0.09411764705882161,1.9058823529411784,false,1,,,false
V2,EUR/USD_2022-07-01,EUR/USD,1h,supply,2022-04-07T13:00:00Z,1.0914,1.09385,1.0907,1.0914,1.0907,1.0922749999999999,1.0922749999999999,1.09385,1.0891249999999997,0.001575000000000104,2022-04-21T07:00:00Z,2022-04-21T07:43:00Z,,TARGET,,,HTF_UNAMBIGUOUS,2022-04-21T11:11:00Z,,2022-04-21T11:00:00Z,1.0891249999999997,2,0.10158730158729488,1.8984126984127052,false,3,,,false
V2,EUR/USD_2022-07-01,EUR/USD,1h,demand,2022-04-20T11:00:00Z,1.0859,1.0859,1.0825,1.0828,1.0842,1.0859,1.0842,1.0825,1.0876000000000001,0.0017000000000000348,2022-04-21T14:00:00Z,2022-04-21T14:55:00Z,,S2_CLOSE,,,HTF_UNAMBIGUOUS,,2022-04-22T07:00:00Z,2022-04-22T07:00:00Z,1.0806,-2.117647058823514,0.09411764705882161,-2.2117647058823353,false,1,,,false
V2,EUR/USD_2022-07-01,EUR/USD,4h,demand,2022-04-19T00:00:00Z,1.078,1.0787,1.0761,1.0773,1.0774,1.0787,1.0774,1.0761,1.0799999999999996,0.0012999999999998568,2022-04-22T12:00:00Z,2022-04-22T15:02:00Z,,TARGET,,,HTF_UNAMBIGUOUS,2022-04-22T19:40:00Z,,2022-04-22T16:00:00Z,1.0799999999999996,2,0.12307692307693664,1.8769230769230634,false,2,,,false
V2,EUR/USD_2022-07-01,EUR/USD,4h,demand,2022-04-19T16:00:00Z,1.07895,1.08035,1.0782,1.0789,1.079275,1.08035,1.079275,1.0782,1.0814249999999999,0.0010749999999999371,2022-04-22T20:00:00Z,2022-04-22T20:09:00Z,,TARGET,,,HTF_UNAMBIGUOUS,2022-04-24T19:09:00Z,,2022-04-24T16:00:00Z,1.0814249999999999,2,0.1488372093023343,1.8511627906976658,false,1,,,false
V2,EUR/USD_2022-07-01,EUR/USD,1h,demand,2022-04-19T02:00:00Z,1.0777,1.0778,1.0761,1.0769,1.07695,1.0778,1.07695,1.0761,1.07865,0.0008500000000000174,2022-04-25T06:00:00Z,2022-04-25T06:08:00Z,,S2_CLOSE,,,ONE_MINUTE_RESOLVED,,2022-04-25T06:00:00Z,2022-04-25T06:00:00Z,1.0714,-6.5294117647059435,0.18823529411764323,-6.717647058823586,true,2,TOUCH_BAR_CLOSED_BEYOND_S2,,false
V2,EUR/USD_2022-07-01,EUR/USD,4h,supply,2022-04-25T08:00:00Z,1.0739,1.07545,1.072,1.0751,1.072,1.073725,1.073725,1.07545,1.070275,0.0017249999999999766,2022-04-26T00:00:00Z,2022-04-26T03:31:00Z,,TARGET,,,HTF_UNAMBIGUOUS,2022-04-26T06:57:00Z,,2022-04-26T04:00:00Z,1.070275,2,0.09275362318840706,1.907246376811593,false,1,,,false
V2,EUR/USD_2022-07-01,EUR/USD,1h,supply,2022-04-28T14:00:00Z,1.0508,1.052,1.0482,1.0515,1.0482,1.0501,1.0501,1.052,1.0463,0.0019000000000000128,2022-04-28T22:00:00Z,2022-04-28T22:07:00Z,,S2_CLOSE,,,HTF_UNAMBIGUOUS,,2022-04-29T05:00:00Z,2022-04-29T05:00:00Z,1.05375,-1.921052631578898,0.08421052631578892,-2.005263157894687,false,2,,,false
V2,EUR/USD_2022-07-01,EUR/USD,1h,supply,2022-04-28T07:00:00Z,1.0522,1.0564,1.0515,1.0555,1.0515,1.05395,1.05395,1.0564,1.0490499999999998,0.0024500000000000632,2022-04-29T06:00:00Z,2022-04-29T06:15:00Z,,S2_CLOSE,,,HTF_UNAMBIGUOUS,,2022-04-29T08:00:00Z,2022-04-29T08:00:00Z,1.05695,-1.2244897959183823,0.0653061224489779,-1.2897959183673602,false,1,,,false
V2,EUR/USD_2022-07-01,EUR/USD,1h,supply,2022-04-29T09:00:00Z,1.0569,1.058,1.0566,1.0578,1.0566,1.0573000000000001,1.0573000000000001,1.058,1.0559000000000003,0.0006999999999999229,2022-04-29T17:00:00Z,2022-04-29T17:22:00Z,,TARGET,,,HTF_UNAMBIGUOUS,2022-04-29T19:25:00Z,,2022-04-29T19:00:00Z,1.0559000000000003,2,0.22857142857145377,1.7714285714285463,false,1,,,false
V2,EUR/USD_2022-07-01,EUR/USD,1h,supply,2022-05-02T10:00:00Z,1.0527,1.0529,1.052,1.0527,1.052,1.0524499999999999,1.0524499999999999,1.0529,1.0515499999999998,0.00045000000000006146,2022-05-03T00:00:00Z,2022-05-03T00:53:00Z,,TARGET,,,HTF_UNAMBIGUOUS,2022-05-03T01:36:00Z,,2022-05-03T01:00:00Z,1.0515499999999998,2,0.355555555555507,1.644444444444493,false,1,,,false
V2,EUR/USD_2022-07-01,EUR/USD,1h,supply,2022-05-02T10:00:00Z,1.0527,1.0529,1.052,1.0527,1.052,1.0524499999999999,1.0524499999999999,1.0529,1.0515499999999998,0.00045000000000006146,2022-05-03T02:00:00Z,2022-05-03T02:04:00Z,,TARGET,,,ONE_MINUTE_RESOLVED,2022-05-03T02:42:00Z,,2022-05-03T02:00:00Z,1.0515499999999998,2,0.355555555555507,1.644444444444493,false,1,,,false
V2,EUR/USD_2022-07-01,EUR/USD,1h,supply,2022-05-02T13:00:00Z,1.0511,1.0528,1.05035,1.0525,1.05035,1.051575,1.051575,1.0528,1.0491249999999999,0.0012250000000000316,2022-05-03T03:00:00Z,2022-05-03T03:16:00Z,,S2_CLOSE,,,HTF_UNAMBIGUOUS,,2022-05-03T11:00:00Z,2022-05-03T11:00:00Z,1.0539,-1.8979591836735286,0.1306122448979558,-2.0285714285714844,false,1,,,false
V2,EUR/USD_2022-07-01,EUR/USD,1h,supply,2022-04-29T09:00:00Z,1.0569,1.058,1.0566,1.0578,1.0566,1.0573000000000001,1.0573000000000001,1.058,1.0559000000000003,0.0006999999999999229,2022-05-03T12:00:00Z,2022-05-03T12:36:00Z,,TARGET,,,HTF_UNAMBIGUOUS,2022-05-03T13:20:00Z,,2022-05-03T13:00:00Z,1.0559000000000003,2,0.22857142857145377,1.7714285714285463,false,2,,,false
V2,EUR/USD_2022-07-01,EUR/USD,1h,supply,2022-04-29T17:00:00Z,1.0549,1.0579,1.05485,1.0573,1.05485,1.056375,1.056375,1.0579,1.053325,0.0015249999999999986,2022-05-03T14:00:00Z,2022-05-03T14:32:00Z,,TARGET,,,HTF_UNAMBIGUOUS,2022-05-03T15:42:00Z,,2022-05-03T15:00:00Z,1.053325,2,0.10491803278688536,1.8950819672131147,false,1,,,false
V2,EUR/USD_2022-07-01,EUR/USD,1h,supply,2022-04-27T07:00:00Z,1.0621,1.0629,1.05885,1.0624,1.05885,1.060875,1.060875,1.0629,1.0568250000000001,0.0020249999999999435,2022-05-04T18:00:00Z,2022-05-04T18:48:00Z,,TARGET,,,HTF_UNAMBIGUOUS,2022-05-05T11:23:00Z,,2022-05-05T11:00:00Z,1.0568250000000001,2,0.07901234567901455,1.9209876543209854,false,4,,,false
V2,EUR/USD_2022-07-01,EUR/USD,1h,demand,2022-05-04T13:00:00Z,1.0552,1.0556,1.0532,1.0533,1.0544,1.0556,1.0544,1.0532,1.0568000000000002,0.0012000000000000899,2022-05-05T13:00:00Z,2022-05-05T13:50:00Z,,S2_CLOSE,,,HTF_UNAMBIGUOUS,,2022-05-05T15:00:00Z,2022-05-05T15:00:00Z,1.0507,-3.0833333333331328,0.13333333333332337,-3.2166666666664563,false,3,,,false
V2,EUR/USD_2022-07-01,EUR/USD,1h,demand,2022-05-02T18:00:00Z,1.0494,1.05,1.0491,1.0492,1.04955,1.05,1.04955,1.0491,1.05045,0.00045000000000006146,2022-05-05T16:00:00Z,2022-05-05T16:11:00Z,,TARGET,,,ONE_MINUTE_RESOLVED,2022-05-05T16:20:00Z,,2022-05-05T16:00:00Z,1.05045,2,0.355555555555507,1.644444444444493,false,1,,,false
V2,EUR/USD_2022-07-01,EUR/USD,1h,demand,2022-05-03T06:00:00Z,1.0506,1.05125,1.0497,1.0498,1.050475,1.05125,1.050475,1.0497,1.052025,0.0007749999999999702,2022-05-05T17:00:00Z,2022-05-05T17:55:00Z,,TARGET,,,HTF_UNAMBIGUOUS,2022-05-05T18:54:00Z,,2022-05-05T18:00:00Z,1.052025,2,0.20645161290323377,1.7935483870967661,false,1,,,false
V2,EUR/USD_2022-07-01,EUR/USD,1h,demand,2022-05-02T18:00:00Z,1.0494,1.05,1.0491,1.0492,1.04955,1.05,1.04955,1.0491,1.05045,0.00045000000000006146,2022-05-06T06:00:00Z,2022-05-06T06:56:00Z,,S2_CLOSE,,,ONE_MINUTE_RESOLVED,,2022-05-06T06:00:00Z,2022-05-06T06:00:00Z,1.04865,-1.9999999999995066,0.355555555555507,-2.3555555555550134,true,2,TOUCH_BAR_CLOSED_BEYOND_S2,,false
V2,EUR/USD_2022-07-01,EUR/USD,1h,supply,2022-05-05T19:00:00Z,1.0518,1.0551,1.0518,1.055,1.0518,1.05345,1.05345,1.0551,1.0501500000000001,0.0016499999999999293,2022-05-06T07:00:00Z,2022-05-06T07:54:00Z,,S2_CLOSE,,,HTF_UNAMBIGUOUS,,2022-05-06T08:00:00Z,2022-05-06T08:00:00Z,1.0557,-1.3636363636364737,0.09696969696970113,-1.4606060606061748,false,4,,,false
V2,EUR/USD_2022-07-01,EUR/USD,4h,demand,2022-05-05T12:00:00Z,1.0548,1.0573,1.05035,1.0507,1.0538249999999998,1.0573,1.0538249999999998,1.05035,1.0607749999999996,0.003474999999999895,2022-05-06T16:00:00Z,2022-05-06T19:21:00Z,,S2_CLOSE,,,HTF_UNAMBIGUOUS,,2022-05-12T04:00:00Z,2022-05-12T04:00:00Z,1.046,-2.251798561151075,0.046043165467627295,-2.297841726618702,false,2,,,false
V2,EUR/USD_2022-07-01,EUR/USD,1h,supply,2022-05-13T07:00:00Z,1.0393,1.04195,1.039,1.0416,1.039,1.0404749999999998,1.0404749999999998,1.04195,1.0375249999999996,0.001475000000000115,2022-05-13T17:00:00Z,2022-05-13T17:00:00Z,,S2_CLOSE,,,HTF_UNAMBIGUOUS,,2022-05-16T08:00:00Z,2022-05-16T08:00:00Z,1.0432,-1.8474576271185599,0.10847457627117799,-1.955932203389738,false,1,,,false
V2,EUR/USD_2022-07-01,EUR/USD,4h,supply,2022-05-11T04:00:00Z,1.0537,1.0561,1.0534,1.0552,1.0534,1.0547499999999999,1.0547499999999999,1.0561,1.0520499999999995,0.0013500000000001844,2022-05-17T08:00:00Z,2022-05-17T11:39:00Z,,TARGET,,,HTF_UNAMBIGUOUS,2022-05-18T06:43:00Z,,2022-05-18T04:00:00Z,1.0520499999999995,2,0.11851851851850234,1.8814814814814977,false,2,,,false
V2,EUR/USD_2022-07-01,EUR/USD,1h,supply,2022-05-18T05:00:00Z,1.05295,1.05405,1.05295,1.054,1.05295,1.0535,1.0535,1.05405,1.0524000000000004,0.0005499999999998284,2022-05-18T13:00:00Z,2022-05-18T13:47:00Z,,TARGET,,,ONE_MINUTE_RESOLVED,2022-05-18T13:57:00Z,,2022-05-18T13:00:00Z,1.0524000000000004,2,0.2909090909091817,1.7090909090908184,false,1,,,false
V2,EUR/USD_2022-07-01,EUR/USD,1h,demand,2022-05-17T09:00:00Z,1.049,1.0491,1.0469,1.0475,1.048,1.0491,1.048,1.0469,1.0502000000000002,0.001100000000000101,2022-05-18T17:00:00Z,2022-05-18T17:16:00Z,,S2_CLOSE,,,HTF_UNAMBIGUOUS,,2022-05-18T19:00:00Z,2022-05-18T19:00:00Z,1.0465,-1.3636363636362903,0.14545454545453212,-1.5090909090908224,false,1,,,false
V2,EUR/USD_2022-07-01,EUR/USD,1h,supply,2022-05-19T03:00:00Z,1.0497,1.0507,1.0496,1.05005,1.0496,1.05015,1.05015,1.0507,1.0490499999999998,0.0005500000000000504,2022-05-19T08:00:00Z,2022-05-19T08:45:00Z,,TARGET,,,HTF_UNAMBIGUOUS,2022-05-19T09:19:00Z,,2022-05-19T09:00:00Z,1.0490499999999998,2,0.29090909090906425,1.7090909090909356,false,1,,,false
V2,EUR/USD_2022-07-01,EUR/USD,1h,supply,2022-05-06T10:00:00Z,1.0571,1.0599,1.0569,1.059,1.0569,1.0584,1.0584,1.0599,1.0554,0.0015000000000000568,2022-05-19T15:00:00Z,2022-05-19T15:00:00Z,,S2_CLOSE,,,HTF_UNAMBIGUOUS,,2022-05-19T17:00:00Z,2022-05-19T17:00:00Z,1.0605,-1.3999999999999408,0.10666666666666264,-1.5066666666666035,false,1,,,false
V2,EUR/USD_2022-07-01,EUR/USD,1h,demand,2022-05-20T02:00:00Z,1.0573,1.0574,1.0556,1.0559,1.0565,1.0574,1.0565,1.0556,1.0582999999999998,0.0008999999999999009,2022-05-20T13:00:00Z,2022-05-20T13:00:00Z,,S2_CLOSE,,,HTF_UNAMBIGUOUS,,2022-05-20T16:00:00Z,2022-05-20T16:00:00Z,1.0549,-1.7777777777780246,0.17777777777779738,-1.955555555555822,false,1,,,false
V2,EUR/USD_2022-07-01,EUR/USD,1h,supply,2022-04-27T07:00:00Z,1.0621,1.0629,1.05885,1.0624,1.05885,1.060875,1.060875,1.0629,1.0568250000000001,0.0020249999999999435,2022-05-23T06:00:00Z,2022-05-23T06:38:00Z,,S2_CLOSE,,,HTF_UNAMBIGUOUS,,2022-05-23T08:00:00Z,2022-05-23T08:00:00Z,1.0647,-1.8888888888889255,0.07901234567901455,-1.96790123456794,false,2,,,false
V2,EUR/USD_2022-07-01,EUR/USD,1h,supply,2022-04-26T12:00:00Z,1.0671,1.0684,1.067,1.068,1.067,1.0676999999999999,1.0676999999999999,1.0684,1.0662999999999996,0.000700000000000145,2022-05-23T14:00:00Z,2022-05-23T14:52:00Z,,S2_CLOSE,,,HTF_UNAMBIGUOUS,,2022-05-23T18:00:00Z,2022-05-23T18:00:00Z,1.0694,-2.4285714285709754,0.22857142857138127,-2.6571428571423565,false,1,,,false
V2,EUR/USD_2022-07-01,EUR/USD,1h,supply,2022-04-26T10:00:00Z,1.0686,1.0698,1.0679,1.0691,1.0679,1.06885,1.06885,1.0698,1.06695,0.0009500000000000064,2022-05-23T19:00:00Z,2022-05-23T19:00:00Z,,TARGET,,,HTF_UNAMBIGUOUS,2022-05-24T00:57:00Z,,2022-05-24T00:00:00Z,1.06695,2,0.16842105263157783,1.831578947368422,false,1,,,false
V2,EUR/USD_2022-07-01,EUR/USD,1h,supply,2022-04-26T10:00:00Z,1.0686,1.0698,1.0679,1.0691,1.0679,1.06885,1.06885,1.0698,1.06695,0.0009500000000000064,2022-05-24T06:00:00Z,2022-05-24T06:54:00Z,,S2_CLOSE,,,HTF_UNAMBIGUOUS,,2022-05-24T07:00:00Z,2022-05-24T07:00:00Z,1.0731,-4.473684210526144,0.16842105263157783,-4.642105263157721,false,1,,,false
V2,EUR/USD_2022-07-01,EUR/USD,4h,supply,2022-04-25T08:00:00Z,1.0739,1.07545,1.072,1.0751,1.072,1.073725,1.073725,1.07545,1.070275,0.0017249999999999766,2022-05-24T12:00:00Z,2022-05-24T13:51:00Z,,TARGET,,,HTF_UNAMBIGUOUS,2022-05-25T05:44:00Z,,2022-05-25T04:00:00Z,1.070275,2,0.09275362318840706,1.907246376811593,false,2,,,false
V2,EUR/USD_2022-07-01,EUR/USD,1h,demand,2022-05-24T02:00:00Z,1.0668,1.0668,1.0661,1.0665,1.0664500000000001,1.0668,1.0664500000000001,1.0661,1.0671500000000003,0.0003500000000000725,2022-05-25T10:00:00Z,2022-05-25T10:34:00Z,,TARGET,,,ONE_MINUTE_RESOLVED,2022-05-25T11:32:00Z,,2022-05-25T11:00:00Z,1.0671500000000003,2,0.45714285714276254,1.5428571428572375,false,2,,,false
V2,EUR/USD_2022-07-01,EUR/USD,1h,supply,2022-04-25T11:00:00Z,1.0724,1.0752,1.072,1.0751,1.072,1.0735999999999999,1.0735999999999999,1.0752,1.0703999999999998,0.0016000000000000458,2022-05-27T00:00:00Z,2022-05-27T00:10:00Z,,S2_CLOSE,,,HTF_UNAMBIGUOUS,,2022-05-27T01:00:00Z,2022-05-27T01:00:00Z,1.07625,-1.6562499999999782,0.09999999999999715,-1.7562499999999754,false,1,,,false
V2,EUR/USD_2022-07-01,EUR/USD,1h,demand,2022-05-26T12:00:00Z,1.0707,1.07085,1.06895,1.0698,1.0699,1.07085,1.0699,1.06895,1.0718,0.0009500000000000064,2022-05-27T10:00:00Z,2022-05-27T10:55:00Z,,TARGET,,,HTF_UNAMBIGUOUS,2022-05-27T11:49:00Z,,2022-05-27T11:00:00Z,1.0718,2,0.16842105263157783,1.831578947368422,false,2,,,false
V2,EUR/USD_2022-07-01,EUR/USD,4h,demand,2022-05-26T16:00:00Z,1.0726,1.0729,1.0702,1.0724,1.07155,1.0729,1.07155,1.0702,1.07425,0.0013499999999999623,2022-05-27T16:00:00Z,2022-05-27T16:00:00Z,,TARGET,,,HTF_UNAMBIGUOUS,2022-05-30T01:36:00Z,,2022-05-30T00:00:00Z,1.07425,2,0.11851851851852184,1.8814814814814782,false,1,,,false
V2,EUR/USD_2022-07-01,EUR/USD,1h,demand,2022-05-30T03:00:00Z,1.07455,1.0748,1.0738,1.0745,1.0743,1.0748,1.0743,1.0738,1.0753,0.0004999999999999449,2022-05-30T07:00:00Z,2022-05-30T07:59:00Z,,TARGET,,,HTF_UNAMBIGUOUS,2022-05-30T08:36:00Z,,2022-05-30T08:00:00Z,1.0753,2,0.32000000000003526,1.6799999999999646,false,1,,,false
V2,EUR/USD_2022-07-01,EUR/USD,1h,supply,2022-04-25T03:00:00Z,1.0781,1.07885,1.078,1.07815,1.078,1.0784250000000002,1.0784250000000002,1.07885,1.0775750000000004,0.0004249999999998977,2022-05-30T16:00:00Z,2022-05-30T16:31:00Z,,TARGET,,,HTF_UNAMBIGUOUS,2022-05-30T21:04:00Z,,2022-05-30T21:00:00Z,1.0775750000000004,2,0.37647058823538476,1.6235294117646153,false,1,,,false
V2,EUR/USD_2022-07-01,EUR/USD,1h,demand,2022-05-30T03:00:00Z,1.07455,1.0748,1.0738,1.0745,1.0743,1.0748,1.0743,1.0738,1.0753,0.0004999999999999449,2022-05-31T02:00:00Z,2022-05-31T02:50:00Z,,TARGET,,,HTF_UNAMBIGUOUS,2022-05-31T03:06:00Z,,2022-05-31T03:00:00Z,1.0753,2,0.32000000000003526,1.6799999999999646,false,2,,,false
V2,EUR/USD_2022-07-01,EUR/USD,1h,demand,2022-05-30T00:00:00Z,1.073,1.0735,1.07285,1.0729,1.073175,1.0735,1.073175,1.07285,1.0738249999999998,0.0003249999999999087,2022-05-31T06:00:00Z,2022-05-31T06:48:00Z,,TARGET,,,HTF_UNAMBIGUOUS,2022-05-31T07:04:00Z,,2022-05-31T07:00:00Z,1.0738249999999998,2,0.49230769230783067,1.5076923076921693,false,3,,,false
V2,EUR/USD_2022-07-01,EUR/USD,1h,demand,2022-05-30T00:00:00Z,1.073,1.0735,1.07285,1.0729,1.073175,1.0735,1.073175,1.07285,1.0738249999999998,0.0003249999999999087,2022-05-31T08:00:00Z,2022-05-31T08:48:00Z,,S2_CLOSE,,,ONE_MINUTE_RESOLVED,,2022-05-31T08:00:00Z,2022-05-31T08:00:00Z,1.07275,-1.3076923076923603,0.49230769230783067,-1.800000000000191,true,1,TOUCH_BAR_CLOSED_BEYOND_S2,,false
V2,EUR/USD_2022-07-01,EUR/USD,4h,demand,2022-05-27T12:00:00Z,1.0708,1.07505,1.07015,1.0707,1.0726,1.07505,1.0726,1.07015,1.0775000000000001,0.0024500000000000632,2022-05-31T16:00:00Z,2022-05-31T16:23:00Z,,S2_CLOSE,,,HTF_UNAMBIGUOUS,,2022-06-01T12:00:00Z,2022-06-01T12:00:00Z,1.0645,-3.306122448979505,0.0653061224489779,-3.3714285714284826,false,1,,,false
V2,EUR/USD_2022-07-01,EUR/USD,4h,demand,2022-05-25T12:00:00Z,1.066,1.0687,1.0643,1.0657,1.0665,1.0687,1.0665,1.0643,1.0709,0.0021999999999999797,2022-06-02T04:00:00Z,2022-06-02T04:00:00Z,,TARGET,,,HTF_UNAMBIGUOUS,2022-06-02T12:51:00Z,,2022-06-02T12:00:00Z,1.0709,2,0.0727272727272734,1.9272727272727266,false,1,,,false
V2,EUR/USD_2022-07-01,EUR/USD,1h,supply,2022-05-31T07:00:00Z,1.0735,1.0748,1.0735,1.0737,1.0735,1.07415,1.07415,1.0748,1.0728499999999999,0.0006500000000000394,2022-06-02T17:00:00Z,2022-06-02T17:00:00Z,,S2_CLOSE,,,HTF_UNAMBIGUOUS,,2022-06-02T23:00:00Z,2022-06-02T23:00:00Z,1.0751,-1.4615384615383826,0.24615384615383124,-1.707692307692214,false,1,,,false
V2,EUR/USD_2022-07-01,EUR/USD,1h,supply,2022-05-31T03:00:00Z,1.0751,1.0754,1.0745,1.07515,1.0745,1.0749499999999999,1.0749499999999999,1.0754,1.0740499999999997,0.00045000000000006146,2022-06-03T00:00:00Z,2022-06-03T00:00:00Z,,S2_CLOSE,,,ONE_MINUTE_RESOLVED,,2022-06-03T00:00:00Z,2022-06-03T00:00:00Z,1.07595,-2.2222222222221673,0.355555555555507,-2.5777777777776745,true,2,TOUCH_BAR_CLOSED_BEYOND_S2,,false
V2,EUR/USD_2022-07-01,EUR/USD,1h,demand,2022-06-02T18:00:00Z,1.0745,1.0749,1.0739,1.0739,1.0744,1.0749,1.0744,1.0739,1.0754,0.0004999999999999449,2022-06-03T09:00:00Z,2022-06-03T09:45:00Z,,S2_CLOSE,,,HTF_UNAMBIGUOUS,,2022-06-03T11:00:00Z,2022-06-03T11:00:00Z,1.07285,-3.100000000000222,0.32000000000003526,-3.4200000000002575,false,2,,,false
V2,EUR/USD_2022-07-01,EUR/USD,1h,demand,2022-06-06T06:00:00Z,1.0727,1.0734,1.07185,1.0724,1.072625,1.0734,1.072625,1.07185,1.0741749999999999,0.0007749999999999702,2022-06-06T10:00:00Z,2022-06-06T10:39:00Z,,S2_CLOSE,,,HTF_UNAMBIGUOUS,,2022-06-06T13:00:00Z,2022-06-06T13:00:00Z,1.0714,-1.5806451612904242,0.20645161290323377,-1.787096774193658,false,1,,,false
V2,EUR/USD_2022-07-01,EUR/USD,1h,demand,2022-06-06T01:00:00Z,1.07165,1.0722,1.071,1.0715,1.0716,1.0722,1.0716,1.071,1.0728000000000004,0.000600000000000156,2022-06-06T14:00:00Z,2022-06-06T14:00:00Z,,S2_CLOSE,,,HTF_UNAMBIGUOUS,,2022-06-06T15:00:00Z,2022-06-06T15:00:00Z,1.0698,-2.9999999999992597,0.2666666666665974,-3.266666666665857,false,1,,,false
V2,EUR/USD_2022-07-01,EUR/USD,4h,demand,2022-05-25T12:00:00Z,1.066,1.0687,1.0643,1.0657,1.0665,1.0687,1.0665,1.0643,1.0709,0.0021999999999999797,2022-06-07T12:00:00Z,2022-06-07T12:00:00Z,,TARGET,,,ONE_MINUTE_RESOLVED,2022-06-07T14:49:00Z,,2022-06-07T12:00:00Z,1.0709,2,0.0727272727272734,1.9272727272727266,false,2,,,false
V2,EUR/USD_2022-07-01,EUR/USD,4h,demand,2022-06-01T12:00:00Z,1.0709,1.073,1.0627,1.0645,1.06785,1.073,1.06785,1.0627,1.07815,0.005149999999999988,2022-06-08T04:00:00Z,2022-06-08T04:13:00Z,,S2_CLOSE,,,HTF_UNAMBIGUOUS,,2022-06-09T16:00:00Z,2022-06-09T16:00:00Z,1.06135,-1.2621359223300903,0.03106796116504862,-1.293203883495139,false,1,,,false
V2,EUR/USD_2022-07-01,EUR/USD,1h,demand,2022-05-23T04:00:00Z,1.05925,1.0595,1.059,1.05905,1.05925,1.0595,1.05925,1.059,1.0597500000000002,0.0002500000000000835,2022-06-10T09:00:00Z,2022-06-10T09:26:00Z,,TARGET,,,ONE_MINUTE_RESOLVED,2022-06-10T09:32:00Z,,2022-06-10T09:00:00Z,1.0597500000000002,2,0.6399999999997863,1.3600000000002137,false,1,,,false
V2,EUR/USD_2022-07-01,EUR/USD,1h,demand,2022-05-23T07:00:00Z,1.0606,1.061,1.05925,1.0601,1.060125,1.061,1.060125,1.05925,1.061875,0.0008749999999999591,2022-06-10T10:00:00Z,2022-06-10T10:00:00Z,,S2_CLOSE,,,HTF_UNAMBIGUOUS,,2022-06-10T11:00:00Z,2022-06-10T11:00:00Z,1.0575,-3,0.1828571428571514,-3.1828571428571513,false,1,,,false
V2,EUR/USD_2022-07-01,EUR/USD,1h,demand,2022-05-20T14:00:00Z,1.0563,1.05655,1.054,1.0557,1.055275,1.05655,1.055275,1.054,1.0578249999999998,0.001274999999999915,2022-06-10T12:00:00Z,2022-06-10T12:30:00Z,,S2_CLOSE,,,ONE_MINUTE_RESOLVED,,2022-06-10T12:00:00Z,2022-06-10T12:00:00Z,1.0523,-2.3333333333334494,0.12549019607843975,-2.458823529411889,true,3,TOUCH_BAR_CLOSED_BEYOND_S2,,false
V2,EUR/USD_2022-07-01,EUR/USD,1h,demand,2022-05-19T01:00:00Z,1.0488,1.0491,1.0479,1.0487,1.0485,1.0491,1.0485,1.0479,1.0496999999999999,0.0005999999999999339,2022-06-13T01:00:00Z,2022-06-13T01:00:00Z,,S2_CLOSE,,,HTF_UNAMBIGUOUS,,2022-06-13T06:00:00Z,2022-06-13T06:00:00Z,1.047,-2.50000000000037,0.2666666666666961,-2.766666666667066,false,2,,,false
V2,EUR/USD_2022-07-01,EUR/USD,1h,demand,2022-05-18T21:00:00Z,1.04675,1.047,1.04605,1.0463,1.046525,1.047,1.046525,1.04605,1.047475,0.0004750000000000032,2022-06-13T08:00:00Z,2022-06-13T08:00:00Z,,TARGET,,,ONE_MINUTE_RESOLVED,2022-06-13T08:24:00Z,,2022-06-13T08:00:00Z,1.047475,2,0.33684210526315567,1.6631578947368444,false,1,,,false
V2,EUR/USD_2022-07-01,EUR/USD,1h,demand,2022-05-18T21:00:00Z,1.04675,1.047,1.04605,1.0463,1.046525,1.047,1.046525,1.04605,1.047475,0.0004750000000000032,2022-06-13T10:00:00Z,2022-06-13T10:00:00Z,,S2_CLOSE,,,HTF_UNAMBIGUOUS,,2022-06-13T11:00:00Z,2022-06-13T11:00:00Z,1.0446,-4.052631578947246,0.33684210526315567,-4.389473684210401,false,1,,,false
V2,EUR/USD_2022-07-01,EUR/USD,1h,demand,2022-05-16T19:00:00Z,1.0437,1.0443,1.0431,1.04325,1.0436999999999999,1.0443,1.0436999999999999,1.0431,1.0448999999999997,0.0005999999999999339,2022-06-13T13:00:00Z,2022-06-13T13:57:00Z,,S2_CLOSE,,,HTF_UNAMBIGUOUS,,2022-06-13T14:00:00Z,2022-06-13T14:00:00Z,1.0421,-2.6666666666666665,0.2666666666666961,-2.9333333333333624,false,2,,,false
V2,EUR/USD_2022-07-01,EUR/USD,4h,demand,2022-05-13T16:00:00Z,1.0412,1.0416,1.0394,1.04015,1.0405000000000002,1.0416,1.0405000000000002,1.0394,1.0427000000000004,0.001100000000000101,2022-06-13T16:00:00Z,2022-06-13T19:32:00Z,,TARGET,,,HTF_UNAMBIGUOUS,2022-06-14T03:48:00Z,,2022-06-14T00:00:00Z,1.0427000000000004,2,0.14545454545453212,1.8545454545454678,false,2,,,false
V2,EUR/USD_2022-07-01,EUR/USD,1h,supply,2022-06-13T08:00:00Z,1.0466,1.0486,1.0456,1.0475,1.0456,1.0471,1.0471,1.0486,1.0440999999999998,0.0015000000000000568,2022-06-14T07:00:00Z,2022-06-14T07:45:00Z,,TARGET,,,HTF_UNAMBIGUOUS,2022-06-14T09:53:00Z,,2022-06-14T09:00:00Z,1.0440999999999998,2,0.10666666666666264,1.8933333333333373,false,2,,,false
V2,EUR/USD_2022-07-01,EUR/USD,1h,supply,2022-06-13T08:00:00Z,1.0466,1.0486,1.0456,1.0475,1.0456,1.0471,1.0471,1.0486,1.0440999999999998,0.0015000000000000568,2022-06-15T05:00:00Z,2022-06-15T05:52:00Z,,S2_CLOSE,,,HTF_UNAMBIGUOUS,,2022-06-15T08:00:00Z,2022-06-15T08:00:00Z,1.0493,-1.4666666666665975,0.10666666666666264,-1.5733333333332602,false,5,,,false
V2,EUR/USD_2022-07-01,EUR/USD,1h,demand,2022-05-16T14:00:00Z,1.0404,1.0422,1.039,1.0403,1.0406,1.0422,1.0406,1.039,1.0438,0.0016000000000000458,2022-06-15T12:00:00Z,2022-06-15T12:56:00Z,,S2_CLOSE,,,HTF_UNAMBIGUOUS,,2022-06-15T15:00:00Z,2022-06-15T15:00:00Z,1.0387,-1.187499999999974,0.09999999999999715,-1.2874999999999712,false,1,,,false
V2,EUR/USD_2022-07-01,EUR/USD,1h,demand,2022-05-13T13:00:00Z,1.0378,1.03795,1.035,1.0364,1.0364749999999998,1.03795,1.0364749999999998,1.035,1.0394249999999996,0.001474999999999893,2022-06-15T18:00:00Z,2022-06-15T18:06:00Z,,TARGET,,,ONE_MINUTE_RESOLVED,2022-06-15T18:17:00Z,,2022-06-15T18:00:00Z,1.0394249999999996,2,0.10847457627119432,1.8915254237288057,false,1,,,false
V2,EUR/USD_2022-07-01,EUR/USD,1h,supply,2022-06-15T13:00:00Z,1.0414,1.0429,1.0404,1.0428,1.0404,1.04165,1.04165,1.0429,1.03915,0.0012499999999999734,2022-06-15T19:00:00Z,2022-06-15T19:00:00Z,,S2_CLOSE,,,ONE_MINUTE_RESOLVED,,2022-06-15T19:00:00Z,2022-06-15T19:00:00Z,1.0454,-3.0000000000001776,0.12800000000000275,-3.1280000000001804,true,1,TOUCH_BAR_CLOSED_BEYOND_S2,,false
V2,EUR/USD_2022-07-01,EUR/USD,1h,supply,2022-06-15T23:00:00Z,1.0444,1.0459,1.0443,1.0457,1.0443,1.0451000000000001,1.0451000000000001,1.0459,1.0435000000000003,0.0007999999999999119,2022-06-16T03:00:00Z,2022-06-16T03:15:00Z,,TARGET,,,HTF_UNAMBIGUOUS,2022-06-16T05:37:00Z,,2022-06-16T05:00:00Z,1.0435000000000003,2,0.20000000000002205,1.799999999999978,false,1,,,false
V2,EUR/USD_2022-07-01,EUR/USD,1h,supply,2022-06-15T19:00:00Z,1.0422,1.0465,1.0416,1.0454,1.0416,1.04405,1.04405,1.0465,1.0391499999999998,0.0024500000000000632,2022-06-16T13:00:00Z,2022-06-16T13:02:00Z,,S2_CLOSE,,,HTF_UNAMBIGUOUS,,2022-06-16T14:00:00Z,2022-06-16T14:00:00Z,1.0495,-2.224489795918382,0.0653061224489779,-2.2897959183673597,false,2,,,false
V2,EUR/USD_2022-07-01,EUR/USD,1h,supply,2022-06-10T14:00:00Z,1.0526,1.0535,1.0506,1.053,1.0506,1.05205,1.05205,1.0535,1.0491499999999996,0.0014500000000001734,2022-06-16T15:00:00Z,2022-06-16T15:51:00Z,,S2_CLOSE,,,HTF_UNAMBIGUOUS,,2022-06-16T16:00:00Z,2022-06-16T16:00:00Z,1.0559,-2.6551724137928763,0.11034482758619371,-2.76551724137907,false,2,,,false
V2,EUR/USD_2022-07-01,EUR/USD,1h,demand,2022-06-20T23:00:00Z,1.05185,1.0521,1.0514,1.0518,1.05175,1.0521,1.05175,1.0514,1.05245,0.0003500000000000725,2022-06-21T06:00:00Z,2022-06-21T06:00:00Z,,TARGET,,,ONE_MINUTE_RESOLVED,2022-06-21T06:36:00Z,,2022-06-21T06:00:00Z,1.05245,2,0.45714285714276254,1.5428571428572375,false,1,,,false
V2,EUR/USD_2022-07-01,EUR/USD,4h,demand,2022-06-20T04:00:00Z,1.0528,1.05425,1.0511,1.0517,1.0526749999999998,1.05425,1.0526749999999998,1.0511,1.0558249999999996,0.001574999999999882,2022-06-21T16:00:00Z,2022-06-21T18:48:00Z,,S2_CLOSE,,,HTF_UNAMBIGUOUS,,2022-06-22T04:00:00Z,2022-06-22T04:00:00Z,1.0505,-1.3809523809523676,0.1015873015873092,-1.4825396825396768,false,1,,,false
V2,EUR/USD_2022-07-01,EUR/USD,1h,supply,2022-06-22T03:00:00Z,1.05095,1.0515,1.0507,1.0511,1.0507,1.0511,1.0511,1.0515,1.0502999999999996,0.000400000000000178,2022-06-22T08:00:00Z,2022-06-22T08:21:00Z,,TARGET,,,ONE_MINUTE_RESOLVED,2022-06-22T08:44:00Z,,2022-06-22T08:00:00Z,1.0502999999999996,2,0.39999999999982205,1.600000000000178,false,1,,,false
V2,EUR/USD_2022-07-01,EUR/USD,1h,demand,2022-06-22T11:00:00Z,1.05195,1.0529,1.051,1.0512,1.05195,1.0529,1.05195,1.051,1.05385,0.0009500000000000064,2022-06-23T07:00:00Z,2022-06-23T07:30:00Z,,S2_CLOSE,,,ONE_MINUTE_RESOLVED,,2022-06-23T07:00:00Z,2022-06-23T07:00:00Z,1.0508,-1.210526315789449,0.16842105263157783,-1.378947368421027,true,1,TOUCH_BAR_CLOSED_BEYOND_S2,,false
V2,EUR/USD_2022-07-01,EUR/USD,1h,supply,2022-06-23T06:00:00Z,1.057,1.0579,1.0558,1.05775,1.0558,1.05685,1.05685,1.0579,1.05475,0.0010499999999999954,2022-06-24T14:00:00Z,2022-06-24T14:03:00Z,,TARGET,,,ONE_MINUTE_RESOLVED,2022-06-24T14:44:00Z,,2022-06-24T14:00:00Z,1.05475,2,0.15238095238095306,1.8476190476190468,false,1,,,false
V2,EUR/USD_2022-07-01,EUR/USD,1h,supply,2022-06-23T06:00:00Z,1.057,1.0579,1.0558,1.05775,1.0558,1.05685,1.05685,1.0579,1.05475,0.0010499999999999954,2022-06-26T23:00:00Z,2022-06-26T23:06:00Z,,S2_CLOSE,,,HTF_UNAMBIGUOUS,,2022-06-27T07:00:00Z,2022-06-27T07:00:00Z,1.05885,-1.9047619047619149,0.15238095238095306,-2.057142857142868,false,1,,,false
V2,EUR/USD_2022-07-01,EUR/USD,1h,demand,2022-06-27T11:00:00Z,1.05855,1.0586,1.05645,1.0567,1.057525,1.0586,1.057525,1.05645,1.0596750000000004,0.0010750000000001592,2022-06-28T01:00:00Z,2022-06-28T01:57:00Z,,TARGET,,,HTF_UNAMBIGUOUS,2022-06-28T06:36:00Z,,2022-06-28T06:00:00Z,1.0596750000000004,2,0.14883720930230357,1.8511627906976964,false,1,,,false
V2,EUR/USD_2022-07-01,EUR/USD,1h,demand,2022-06-24T11:00:00Z,1.0537,1.05405,1.0514,1.0516,1.052725,1.05405,1.052725,1.0514,1.055375,0.0013250000000000206,2022-06-28T14:00:00Z,2022-06-28T14:03:00Z,,S2_CLOSE,,,HTF_UNAMBIGUOUS,,2022-06-29T04:00:00Z,2022-06-29T04:00:00Z,1.0505,-1.6792452830187825,0.1207547169811302,-1.7999999999999128,false,1,,,false
V2,EUR/USD_2022-07-01,EUR/USD,1h,supply,2022-06-29T01:00:00Z,1.0521,1.0533,1.0517,1.0529,1.0517,1.0525,1.0525,1.0533,1.0509000000000002,0.0007999999999999119,2022-06-29T09:00:00Z,2022-06-29T09:11:00Z,,TARGET,,,ONE_MINUTE_RESOLVED,2022-06-29T09:59:00Z,,2022-06-29T09:00:00Z,1.0509000000000002,2,0.20000000000002205,1.799999999999978,false,2,,,false
V2,EUR/USD_2022-07-01,EUR/USD,1h,supply,2022-06-29T01:00:00Z,1.0521,1.0533,1.0517,1.0529,1.0517,1.0525,1.0525,1.0533,1.0509000000000002,0.0007999999999999119,2022-06-29T11:00:00Z,2022-06-29T11:00:00Z,,TARGET,,,HTF_UNAMBIGUOUS,2022-06-29T12:24:00Z,,2022-06-29T12:00:00Z,1.0509000000000002,2,0.20000000000002205,1.799999999999978,false,2,,,false
V2,EUR/USD_2022-07-01,EUR/USD,4h,demand,2022-06-17T12:00:00Z,1.0488,1.0508,1.0445,1.0474,1.04765,1.0508,1.04765,1.0445,1.05395,0.003149999999999986,2022-06-29T12:00:00Z,2022-06-29T13:47:00Z,,S2_CLOSE,,,HTF_UNAMBIGUOUS,,2022-06-29T16:00:00Z,2022-06-29T16:00:00Z,1.0441,-1.1269841269841137,0.05079365079365102,-1.1777777777777647,false,2,,,false
V2,EUR/USD_2022-07-01,EUR/USD,1h,demand,2022-06-16T07:00:00Z,1.0409,1.0417,1.0381,1.0396,1.0399,1.0417,1.0399,1.0381,1.0435,0.0018000000000000238,2022-06-30T12:00:00Z,2022-06-30T12:00:00Z,,TARGET,,,HTF_UNAMBIGUOUS,2022-06-30T14:53:00Z,,2022-06-30T14:00:00Z,1.0435,2,0.08888888888888773,1.9111111111111123,false,1,,,false
V2,EUR/USD_2025-04-01,EUR/USD,1h,demand,2024-12-10T01:00:00Z,1.05533,1.05541,1.05449,1.055308,1.0549499999999998,1.05541,1.0549499999999998,1.05449,1.0558699999999996,0.00045999999999990493,2024-12-10T07:00:00Z,2024-12-10T07:56:00Z,,S2_CLOSE,,,HTF_UNAMBIGUOUS,,2024-12-10T08:00:00Z,2024-12-10T08:00:00Z,1.05383,-2.434782608695694,0.34782608695659367,-2.7826086956522875,false,1,,M1_OPEN_CLOSE_CORRUPT_IN_WINDOW:1,false
V2,EUR/USD_2025-04-01,EUR/USD,1h,demand,2024-12-04T22:00:00Z,1.05118,1.05166,1.05062,1.051105,1.0511400000000002,1.05166,1.0511400000000002,1.05062,1.0521800000000003,0.000520000000000076,2024-12-10T15:00:00Z,2024-12-10T15:03:00Z,,S2_CLOSE,,,ONE_MINUTE_RESOLVED,,2024-12-10T15:00:00Z,2024-12-10T15:00:00Z,1.05039,-1.4423076923079632,0.30769230769226275,-1.750000000000226,true,3,TOUCH_BAR_CLOSED_BEYOND_S2,HTF_OHLC_VIOLATION_IN_LIFE:2024-12-05T19:00:00Z;M1_OPEN_CLOSE_CORRUPT_IN_WINDOW:4,false
V2,EUR/USD_2025-04-01,EUR/USD,1h,supply,2024-12-10T11:00:00Z,1.052808,1.05334,1.05238,1.05315,1.05238,1.05286,1.05286,1.05334,1.0518999999999998,0.00048000000000003595,2024-12-10T20:00:00Z,2024-12-10T20:11:00Z,,S2_CLOSE,,,HTF_UNAMBIGUOUS,,2024-12-11T01:00:00Z,2024-12-11T01:00:00Z,1.05348,-1.2916666666667052,0.3333333333333084,-1.6250000000000135,false,1,,M1_OPEN_CLOSE_CORRUPT_IN_WINDOW:5,false
V2,EUR/USD_2025-04-01,EUR/USD,1h,supply,2024-12-11T02:00:00Z,1.05347,1.05397,1.05328,1.05369,1.05328,1.053625,1.053625,1.05397,1.052935,0.0003450000000000397,2024-12-11T13:00:00Z,2024-12-11T13:30:00Z,,AMBIGUOUS,CLOSED_AT_TARGET,TARGET,HTF_UNAMBIGUOUS,2024-12-11T14:00:00Z,,2024-12-11T14:00:00Z,1.052935,2,0.46376811594197564,,false,1,,,true
V2,EUR/USD_2025-04-01,EUR/USD,4h,demand,2024-11-25T20:00:00Z,1.05055,1.05099,1.04424,1.044388,1.047615,1.05099,1.047615,1.04424,1.0543649999999998,0.003374999999999906,2024-12-12T12:00:00Z,2024-12-12T13:17:00Z,,S2_CLOSE,,,HTF_UNAMBIGUOUS,,2024-12-18T16:00:00Z,2024-12-18T16:00:00Z,1.03774,-2.925925925925965,0.04740740740740873,-2.973333333333374,false,4,,HTF_OHLC_VIOLATION_IN_LIFE:2024-11-28T08:00:00Z+2024-11-28T12:00:00Z;M1_OPEN_CLOSE_CORRUPT_IN_WINDOW:59,false
V2,EUR/USD_2025-04-01,EUR/USD,1h,demand,2024-11-22T09:00:00Z,1.04439,1.04457,1.03284,1.040268,1.038705,1.04457,1.038705,1.03284,1.050435,0.005865000000000009,2024-12-19T02:00:00Z,2024-12-19T02:00:00Z,,S2_CLOSE,,,HTF_UNAMBIGUOUS,,2025-01-02T10:00:00Z,2025-01-02T10:00:00Z,1.03168,-1.1977834612105793,0.027280477408354604,-1.225063938618934,false,1,,HTF_OHLC_VIOLATION_IN_LIFE:2024-11-28T11:00:00Z+2024-11-28T12:00:00Z+2024-12-05T19:00:00Z;M1_OPEN_CLOSE_CORRUPT_IN_WINDOW:76,false
V2,EUR/USD_2025-04-01,EUR/USD,1h,supply,2024-12-31T09:00:00Z,1.04184,1.04249,1.04114,1.041898,1.04114,1.041815,1.041815,1.04249,1.040465,0.0006749999999999812,2025-01-06T11:00:00Z,2025-01-06T11:30:00Z,,TARGET,,,HTF_UNAMBIGUOUS,2025-01-06T12:23:00Z,,2025-01-06T12:00:00Z,1.040465,2,0.23703703703704368,1.7629629629629564,false,1,,M1_OPEN_CLOSE_CORRUPT_IN_WINDOW:2,false
V2,EUR/USD_2025-04-01,EUR/USD,1h,supply,2024-12-31T09:00:00Z,1.04184,1.04249,1.04114,1.041898,1.04114,1.041815,1.041815,1.04249,1.040465,0.0006749999999999812,2025-01-06T13:00:00Z,2025-01-06T13:01:00Z,,TARGET,,,ONE_MINUTE_RESOLVED,2025-01-06T13:45:00Z,,2025-01-06T13:00:00Z,1.040465,2,0.23703703703704368,1.7629629629629564,false,1,,,false
V2,EUR/USD_2025-04-01,EUR/USD,1h,supply,2024-12-31T09:00:00Z,1.04184,1.04249,1.04114,1.041898,1.04114,1.041815,1.041815,1.04249,1.040465,0.0006749999999999812,2025-01-07T07:00:00Z,2025-01-07T07:39:00Z,,TARGET,,,ONE_MINUTE_RESOLVED,2025-01-07T08:20:00Z,,2025-01-07T08:00:00Z,1.040465,2,0.23703703703704368,1.7629629629629564,false,1,,,false
V2,EUR/USD_2025-04-01,EUR/USD,1h,demand,2025-01-06T10:00:00Z,1.03558,1.03586,1.03348,1.033527,1.03467,1.03586,1.03467,1.03348,1.03705,0.0011900000000000244,2025-01-07T22:00:00Z,2025-01-07T22:02:00Z,,S2_CLOSE,,,HTF_UNAMBIGUOUS,,2025-01-08T07:00:00Z,2025-01-08T07:00:00Z,1.03324,-1.2016806722689186,0.1344537815126023,-1.336134453781521,false,1,,M1_OPEN_CLOSE_CORRUPT_IN_WINDOW:6,false
V2,EUR/USD_2025-04-01,EUR/USD,1h,demand,2025-01-06T05:00:00Z,1.031528,1.03187,1.03083,1.0309,1.03135,1.03187,1.03135,1.03083,1.0323900000000001,0.000520000000000076,2025-01-08T10:00:00Z,2025-01-08T10:08:00Z,,S2_CLOSE,,,HTF_UNAMBIGUOUS,,2025-01-08T11:00:00Z,2025-01-08T11:00:00Z,1.02973,-3.1153846153840736,0.30769230769226275,-3.4230769230763363,false,1,,M1_OPEN_CLOSE_CORRUPT_IN_WINDOW:2,false
V2,EUR/USD_2025-04-01,EUR/USD,1h,supply,2025-01-08T09:00:00Z,1.031872,1.03268,1.03152,1.03195,1.03152,1.0321,1.0321,1.03268,1.03094,0.0005800000000000249,2025-01-08T22:00:00Z,2025-01-08T22:16:00Z,,TARGET,,,HTF_UNAMBIGUOUS,2025-01-09T00:32:00Z,,2025-01-09T00:00:00Z,1.03094,2,0.2758620689655054,1.7241379310344946,false,1,,,false
V2,EUR/USD_2025-04-01,EUR/USD,1h,supply,2025-01-09T08:00:00Z,1.029115,1.03083,1.02834,1.030777,1.02834,1.029585,1.029585,1.03083,1.027095,0.0012449999999999406,2025-01-09T17:00:00Z,2025-01-09T17:00:00Z,,TARGET,,,HTF_UNAMBIGUOUS,2025-01-10T13:30:00Z,,2025-01-10T13:00:00Z,1.027095,2,0.12851405622490575,1.8714859437750944,false,1,,M1_OPEN_CLOSE_CORRUPT_IN_WINDOW:15,false
V2,EUR/USD_2025-04-01,EUR/USD,1h,demand,2025-01-02T19:00:00Z,1.02566,1.02603,1.02476,1.02511,1.025395,1.02603,1.025395,1.02476,1.0266650000000004,0.0006350000000001632,2025-01-10T15:00:00Z,2025-01-10T15:00:00Z,,TARGET,,,ONE_MINUTE_RESOLVED,2025-01-10T15:19:00Z,,2025-01-10T15:00:00Z,1.0266650000000004,2,0.25196850393694314,1.748031496063057,false,1,,M1_OPEN_CLOSE_CORRUPT_IN_WINDOW:6,false
V2,EUR/USD_2025-04-01,EUR/USD,4h,supply,2025-01-12T20:00:00Z,1.02423,1.02474,1.0239,1.024313,1.0239,1.02432,1.02432,1.02474,1.0234799999999997,0.00042000000000008697,2025-01-13T20:00:00Z,2025-01-13T21:55:00Z,,S2_CLOSE,,,ONE_MINUTE_RESOLVED,,2025-01-13T20:00:00Z,2025-01-13T20:00:00Z,1.026388,-4.923809523808934,0.3809523809523021,-5.304761904761237,true,1,TOUCH_BAR_CLOSED_BEYOND_S2,M1_OPEN_CLOSE_CORRUPT_IN_WINDOW:2,false
V2,EUR/USD_2025-04-01,EUR/USD,1h,supply,2025-01-09T08:00:00Z,1.029115,1.03083,1.02834,1.030777,1.02834,1.029585,1.029585,1.03083,1.027095,0.0012449999999999406,2025-01-14T15:00:00Z,2025-01-14T15:59:00Z,,S2_CLOSE,,,HTF_UNAMBIGUOUS,,2025-01-15T09:00:00Z,2025-01-15T09:00:00Z,1.03099,-1.1285140562250342,0.12851405622490575,-1.25702811244994,false,2,,HTF_OHLC_VIOLATION_IN_LIFE:2025-01-14T15:00:00Z+2025-01-15T04:00:00Z;M1_OPEN_CLOSE_CORRUPT_IN_WINDOW:16,false
V2,EUR/USD_2025-04-01,EUR/USD,1h,supply,2025-01-09T13:00:00Z,1.03034,1.03196,1.03006,1.03079,1.03006,1.03101,1.03101,1.03196,1.02911,0.0009500000000000064,2025-01-15T11:00:00Z,2025-01-15T11:04:00Z,,S2_CLOSE,,,HTF_UNAMBIGUOUS,,2025-01-15T13:00:00Z,2025-01-15T13:00:00Z,1.03446,-3.631578947368347,0.16842105263157783,-3.7999999999999248,false,1,,HTF_OHLC_VIOLATION_IN_LIFE:2025-01-14T15:00:00Z+2025-01-15T04:00:00Z,false
V2,EUR/USD_2025-04-01,EUR/USD,1h,demand,2025-01-14T17:00:00Z,1.029143,1.02919,1.02787,1.02883,1.02853,1.02919,1.02853,1.02787,1.0298499999999997,0.0006599999999998829,2025-01-15T16:00:00Z,2025-01-15T16:30:00Z,,TARGET,,,HTF_UNAMBIGUOUS,2025-01-15T20:31:00Z,,2025-01-15T20:00:00Z,1.0298499999999997,2,0.24242424242428545,1.7575757575757145,false,1,,HTF_OHLC_VIOLATION_IN_LIFE:2025-01-15T04:00:00Z,false
V2,EUR/USD_2025-04-01,EUR/USD,1h,demand,2025-01-14T17:00:00Z,1.029143,1.02919,1.02787,1.02883,1.02853,1.02919,1.02853,1.02787,1.0298499999999997,0.0006599999999998829,2025-01-15T22:00:00Z,2025-01-15T22:06:00Z,,TARGET,,,HTF_UNAMBIGUOUS,2025-01-16T00:30:00Z,,2025-01-16T00:00:00Z,1.0298499999999997,2,0.24242424242428545,1.7575757575757145,false,1,,HTF_OHLC_VIOLATION_IN_LIFE:2025-01-15T04:00:00Z,false
V2,EUR/USD_2025-04-01,EUR/USD,1h,demand,2025-01-14T17:00:00Z,1.029143,1.02919,1.02787,1.02883,1.02853,1.02919,1.02853,1.02787,1.0298499999999997,0.0006599999999998829,2025-01-16T02:00:00Z,2025-01-16T02:22:00Z,,TARGET,,,HTF_UNAMBIGUOUS,2025-01-16T07:14:00Z,,2025-01-16T07:00:00Z,1.0298499999999997,2,0.24242424242428545,1.7575757575757145,false,1,,HTF_OHLC_VIOLATION_IN_LIFE:2025-01-15T04:00:00Z,false
V2,EUR/USD_2025-04-01,EUR/USD,4h,supply,2025-01-09T08:00:00Z,1.029115,1.03181,1.02834,1.030117,1.02834,1.030075,1.030075,1.03181,1.0266050000000004,0.00173499999999982,2025-01-16T04:00:00Z,2025-01-16T07:37:00Z,,TARGET,,,HTF_UNAMBIGUOUS,2025-01-16T12:43:00Z,,2025-01-16T12:00:00Z,1.0266050000000004,2,0.09221902017292023,1.9077809798270797,false,2,,HTF_OHLC_VIOLATION_IN_LIFE:2025-01-14T12:00:00Z,false
V2,EUR/USD_2025-04-01,EUR/USD,4h,supply,2025-01-09T08:00:00Z,1.029115,1.03181,1.02834,1.030117,1.02834,1.030075,1.030075,1.03181,1.0266050000000004,0.00173499999999982,2025-01-16T20:00:00Z,2025-01-16T20:00:00Z,,TARGET,,,HTF_UNAMBIGUOUS,2025-01-17T14:21:00Z,,2025-01-17T12:00:00Z,1.0266050000000004,2,0.09221902017292023,1.9077809798270797,false,2,,HTF_OHLC_VIOLATION_IN_LIFE:2025-01-14T12:00:00Z,false
V2,EUR/USD_2025-04-01,EUR/USD,1h,demand,2025-01-16T12:00:00Z,1.02902,1.02906,1.02639,1.02719,1.027725,1.02906,1.027725,1.02639,1.0303950000000002,0.0013350000000000861,2025-01-17T20:00:00Z,2025-01-17T20:00:00Z,,TARGET,,,HTF_UNAMBIGUOUS,2025-01-20T03:58:00Z,,2025-01-20T03:00:00Z,1.0303950000000002,2,0.11985018726590989,1.88014981273409,false,1,,,false
V2,EUR/USD_2025-04-01,EUR/USD,4h,supply,2025-01-08T20:00:00Z,1.03093,1.03236,1.03076,1.031332,1.03076,1.0315599999999998,1.0315599999999998,1.03236,1.0299599999999995,0.0008000000000001339,2025-01-20T04:00:00Z,2025-01-20T06:55:00Z,,S2_CLOSE,,,HTF_UNAMBIGUOUS,,2025-01-20T08:00:00Z,2025-01-20T08:00:00Z,1.0326,-1.2999999999999723,0.19999999999996654,-1.4999999999999387,false,1,,HTF_OHLC_VIOLATION_IN_LIFE:2025-01-14T12:00:00Z,false
V2,EUR/USD_2025-04-01,EUR/USD,1h,supply,2025-01-06T11:00:00Z,1.033517,1.04333,1.03285,1.04218,1.03285,1.03809,1.03809,1.04333,1.0276099999999997,0.0052400000000001334,2025-01-20T13:00:00Z,2025-01-20T13:32:00Z,,S2_CLOSE,,,HTF_UNAMBIGUOUS,,2025-01-22T09:00:00Z,2025-01-22T09:00:00Z,1.04467,-1.2557251908396685,0.030534351145037393,-1.2862595419847058,false,5,,HTF_OHLC_VIOLATION_IN_LIFE:2025-01-14T15:00:00Z+2025-01-15T04:00:00Z,false
V2,EUR/USD_2025-04-01,EUR/USD,1h,supply,2024-12-30T12:00:00Z,1.044817,1.04591,1.04388,1.04495,1.04388,1.044895,1.044895,1.04591,1.042865,0.0010149999999999881,2025-01-22T11:00:00Z,2025-01-22T11:00:00Z,,TARGET,,,HTF_UNAMBIGUOUS,2025-01-22T13:38:00Z,,2025-01-22T13:00:00Z,1.042865,2,0.15763546798029743,1.8423645320197026,false,1,,HTF_OHLC_VIOLATION_IN_LIFE:2025-01-14T15:00:00Z+2025-01-15T04:00:00Z,false
V2,EUR/USD_2025-04-01,EUR/USD,1h,demand,2025-01-21T23:00:00Z,1.04273,1.04294,1.03922,1.04059,1.04108,1.04294,1.04108,1.03922,1.0448,0.0018599999999999728,2025-01-22T21:00:00Z,2025-01-22T21:01:00Z,,TARGET,,,HTF_UNAMBIGUOUS,2025-01-24T02:44:00Z,,2025-01-24T02:00:00Z,1.0448,2,0.08602150537634536,1.9139784946236547,false,1,,,false
V2,EUR/USD_2025-04-01,EUR/USD,1h,supply,2024-12-30T12:00:00Z,1.044817,1.04591,1.04388,1.04495,1.04388,1.044895,1.044895,1.04591,1.042865,0.0010149999999999881,2025-01-24T04:00:00Z,2025-01-24T04:09:00Z,,S2_CLOSE,,,HTF_UNAMBIGUOUS,,2025-01-24T07:00:00Z,2025-01-24T07:00:00Z,1.04611,-1.1970443349755688,0.15763546798029743,-1.3546798029558662,false,1,,HTF_OHLC_VIOLATION_IN_LIFE:2025-01-14T15:00:00Z+2025-01-15T04:00:00Z,false
V2,EUR/USD_2025-04-01,EUR/USD,1h,supply,2024-12-18T10:00:00Z,1.049443,1.05006,1.04885,1.049853,1.04885,1.049455,1.049455,1.05006,1.048245,0.0006049999999999667,2025-01-24T08:00:00Z,2025-01-24T08:48:00Z,,TARGET,,,HTF_UNAMBIGUOUS,2025-01-24T11:33:00Z,,2025-01-24T11:00:00Z,1.048245,2,0.26446280991737,1.73553719008263,false,3,,HTF_OHLC_VIOLATION_IN_LIFE:2025-01-14T15:00:00Z+2025-01-15T04:00:00Z,false
V2,EUR/USD_2025-04-01,EUR/USD,4h,supply,2024-12-16T00:00:00Z,1.050943,1.05234,1.05089,1.051192,1.05089,1.051615,1.051615,1.05234,1.0501649999999998,0.0007250000000000867,2025-01-24T16:00:00Z,2025-01-24T16:00:00Z,,TARGET,,,ONE_MINUTE_RESOLVED,2025-01-24T18:22:00Z,,2025-01-24T16:00:00Z,1.0501649999999998,2,0.22068965517238742,1.7793103448276126,false,1,,HTF_OHLC_VIOLATION_IN_LIFE:2025-01-14T12:00:00Z,false
V2,EUR/USD_2025-04-01,EUR/USD,1h,demand,2025-01-24T13:00:00Z,1.0474,1.04803,1.04635,1.04688,1.04719,1.04803,1.04719,1.04635,1.0488700000000004,0.0008400000000001739,2025-01-26T23:00:00Z,2025-01-26T23:25:00Z,,S2_CLOSE,,,HTF_UNAMBIGUOUS,,2025-01-27T01:00:00Z,2025-01-27T01:00:00Z,1.04628,-1.083333333333069,0.19047619047615105,-1.27380952380922,false,1,,,false
V2,EUR/USD_2025-04-01,EUR/USD,4h,supply,2024-12-16T00:00:00Z,1.050943,1.05234,1.05089,1.051192,1.05089,1.051615,1.051615,1.05234,1.0501649999999998,0.0007250000000000867,2025-01-27T08:00:00Z,2025-01-27T11:13:00Z,,TARGET,,,HTF_UNAMBIGUOUS,2025-01-27T15:30:00Z,,2025-01-27T12:00:00Z,1.0501649999999998,2,0.22068965517238742,1.7793103448276126,false,1,,HTF_OHLC_VIOLATION_IN_LIFE:2025-01-14T12:00:00Z,false
V2,EUR/USD_2025-04-01,EUR/USD,1h,demand,2025-01-23T23:00:00Z,1.04171,1.04196,1.04128,1.04159,1.04162,1.04196,1.04162,1.04128,1.0423,0.00034000000000000696,2025-01-28T12:00:00Z,2025-01-28T12:04:00Z,,TARGET,,,ONE_MINUTE_RESOLVED,2025-01-28T12:35:00Z,,2025-01-28T12:00:00Z,1.0423,2,0.47058823529410804,1.529411764705892,false,2,,M1_OPEN_CLOSE_CORRUPT_IN_WINDOW:1,false
V2,EUR/USD_2025-04-01,EUR/USD,1h,demand,2025-01-21T23:00:00Z,1.04273,1.04294,1.03922,1.04059,1.04108,1.04294,1.04108,1.03922,1.0448,0.0018599999999999728,2025-01-29T09:00:00Z,2025-01-29T09:05:00Z,,S2_CLOSE,,,HTF_UNAMBIGUOUS,,2025-01-29T13:00:00Z,2025-01-29T13:00:00Z,1.03876,-1.2473118279570612,0.08602150537634536,-1.3333333333334065,false,4,,M1_OPEN_CLOSE_CORRUPT_IN_WINDOW:4,false
V2,EUR/USD_2025-04-01,EUR/USD,1h,supply,2025-01-29T08:00:00Z,1.04164,1.0431,1.04158,1.04243,1.04158,1.0423399999999998,1.0423399999999998,1.0431,1.0408199999999996,0.0007600000000000939,2025-01-29T15:00:00Z,2025-01-29T15:44:00Z,,TARGET,,,HTF_UNAMBIGUOUS,2025-01-29T19:00:00Z,,2025-01-29T19:00:00Z,1.0408199999999996,2,0.2105263157894477,1.7894736842105523,false,1,,M1_OPEN_CLOSE_CORRUPT_IN_WINDOW:4,false
V2,EUR/USD_2025-04-01,EUR/USD,1h,supply,2025-01-29T08:00:00Z,1.04164,1.0431,1.04158,1.04243,1.04158,1.0423399999999998,1.0423399999999998,1.0431,1.0408199999999996,0.0007600000000000939,2025-01-29T23:00:00Z,2025-01-29T23:00:00Z,,TARGET,,,HTF_UNAMBIGUOUS,2025-01-30T09:03:00Z,,2025-01-30T09:00:00Z,1.0408199999999996,2,0.2105263157894477,1.7894736842105523,false,1,,M1_OPEN_CLOSE_CORRUPT_IN_WINDOW:7,false
V2,EUR/USD_2025-04-01,EUR/USD,4h,demand,2025-01-23T04:00:00Z,1.04089,1.04131,1.03899,1.04002,1.0401500000000001,1.04131,1.0401500000000001,1.03899,1.0424700000000002,0.0011600000000000499,2025-01-30T12:00:00Z,2025-01-30T12:00:00Z,,TARGET,,,ONE_MINUTE_RESOLVED,2025-01-30T13:49:00Z,,2025-01-30T12:00:00Z,1.0424700000000002,2,0.1379310344827527,1.8620689655172473,false,2,,M1_OPEN_CLOSE_CORRUPT_IN_WINDOW:5,false
V2,EUR/USD_2025-04-01,EUR/USD,1h,supply,2025-01-29T05:00:00Z,1.043858,1.04413,1.04352,1.044,1.04352,1.043825,1.043825,1.04413,1.043215,0.0003049999999999997,2025-01-30T13:00:00Z,2025-01-30T13:57:00Z,,S2_CLOSE,,,ONE_MINUTE_RESOLVED,,2025-01-30T13:00:00Z,2025-01-30T13:00:00Z,1.045772,-6.383606557376797,0.5245901639344268,-6.908196721311223,true,5,TOUCH_BAR_CLOSED_BEYOND_S2,,false
V2,EUR/USD_2025-04-01,EUR/USD,1h,supply,2025-01-30T13:00:00Z,1.040355,1.04608,1.04012,1.045772,1.04012,1.0431,1.0431,1.04608,1.03714,0.0029799999999999827,2025-01-30T20:00:00Z,2025-01-30T20:23:00Z,,TARGET,,,HTF_UNAMBIGUOUS,2025-01-31T09:01:00Z,,2025-01-31T09:00:00Z,1.03714,2,0.05369127516778555,1.9463087248322144,false,1,,M1_OPEN_CLOSE_CORRUPT_IN_WINDOW:9,false
V2,EUR/USD_2025-04-01,EUR/USD,1h,supply,2025-01-30T13:00:00Z,1.040355,1.04608,1.04012,1.045772,1.04012,1.0431,1.0431,1.04608,1.03714,0.0029799999999999827,2025-01-31T17:00:00Z,2025-01-31T17:12:00Z,,TARGET,,,HTF_UNAMBIGUOUS,2025-01-31T18:33:00Z,,2025-01-31T18:00:00Z,1.03714,2,0.05369127516778555,1.9463087248322144,false,4,,,false
V2,EUR/USD_2025-04-01,EUR/USD,1h,demand,2025-01-31T14:00:00Z,1.038245,1.0383,1.0366,1.03688,1.03745,1.0383,1.03745,1.0366,1.03915,0.0008500000000000174,2025-01-31T20:00:00Z,2025-01-31T20:00:00Z,,S2_CLOSE,,,HTF_UNAMBIGUOUS,,2025-01-31T21:00:00Z,2025-01-31T21:00:00Z,1.03612,-1.5647058823529718,0.18823529411764323,-1.752941176470615,false,1,,,false
V2,EUR/USD_2025-04-01,EUR/USD,4h,demand,2025-01-14T00:00:00Z,1.026388,1.02644,1.02381,1.02486,1.025125,1.02644,1.025125,1.02381,1.027755,0.001314999999999955,2025-02-02T20:00:00Z,2025-02-02T22:31:00Z,,S2_CLOSE,,,HTF_UNAMBIGUOUS,,2025-02-03T00:00:00Z,2025-02-03T00:00:00Z,1.022158,-2.256273764258757,0.12167300380228553,-2.3779467680610424,false,2,,HTF_OHLC_VIOLATION_IN_LIFE:2025-01-14T12:00:00Z;M1_OPEN_CLOSE_CORRUPT_IN_WINDOW:1,false
V2,EUR/USD_2025-04-01,EUR/USD,1h,supply,2025-02-03T21:00:00Z,1.029537,1.03508,1.02925,1.03442,1.02925,1.032165,1.032165,1.03508,1.026335,0.002915000000000001,2025-02-04T02:00:00Z,2025-02-04T02:00:00Z,,S2_CLOSE,,,HTF_UNAMBIGUOUS,,2025-02-04T14:00:00Z,2025-02-04T14:00:00Z,1.036002,-1.3162950257290185,0.05488850771869638,-1.371183533447715,false,1,,M1_OPEN_CLOSE_CORRUPT_IN_WINDOW:7,false
V2,EUR/USD_2025-04-01,EUR/USD,1h,supply,2025-01-31T17:00:00Z,1.03998,1.04349,1.03899,1.04201,1.03899,1.0412400000000002,1.0412400000000002,1.04349,1.0367400000000004,0.0022499999999998632,2025-02-05T12:00:00Z,2025-02-05T12:00:00Z,,TARGET,,,HTF_UNAMBIGUOUS,2025-02-06T08:20:00Z,,2025-02-06T08:00:00Z,1.0367400000000004,2,0.07111111111111544,1.9288888888888847,false,1,,HTF_OHLC_VIOLATION_IN_LIFE:2025-02-03T20:00:00Z;M1_OPEN_CLOSE_CORRUPT_IN_WINDOW:14,false
V2,EUR/USD_2025-04-01,EUR/USD,1h,demand,2025-02-07T05:00:00Z,1.03811,1.0382,1.03737,1.03752,1.037785,1.0382,1.037785,1.03737,1.038615,0.0004150000000000542,2025-02-07T12:00:00Z,2025-02-07T12:02:00Z,,TARGET,,,ONE_MINUTE_RESOLVED,2025-02-07T13:30:00Z,,2025-02-07T13:00:00Z,1.038615,2,0.38554216867464847,1.6144578313253515,false,1,,M1_OPEN_CLOSE_CORRUPT_IN_WINDOW:3,false
V2,EUR/USD_2025-04-01,EUR/USD,1h,demand,2025-02-03T16:00:00Z,1.031648,1.03221,1.02721,1.0276,1.0297100000000001,1.03221,1.0297100000000001,1.02721,1.0347100000000005,0.0025000000000001688,2025-02-09T22:00:00Z,2025-02-09T22:31:00Z,,TARGET,,,HTF_UNAMBIGUOUS,2025-02-11T16:07:00Z,,2025-02-11T16:00:00Z,1.0347100000000005,2,0.06399999999999569,1.9360000000000044,false,3,,HTF_OHLC_VIOLATION_IN_LIFE:2025-02-03T20:00:00Z;M1_OPEN_CLOSE_CORRUPT_IN_WINDOW:34,false
V2,EUR/USD_2025-04-01,EUR/USD,1h,supply,2025-02-07T14:00:00Z,1.03637,1.03891,1.03606,1.03859,1.03606,1.037485,1.037485,1.03891,1.034635,0.0014250000000000096,2025-02-11T19:00:00Z,2025-02-11T19:40:00Z,,TARGET,,,HTF_UNAMBIGUOUS,2025-02-12T13:30:00Z,,2025-02-12T13:00:00Z,1.034635,2,0.11228070175438522,1.8877192982456148,false,1,,M1_OPEN_CLOSE_CORRUPT_IN_WINDOW:19,false
V2,EUR/USD_2025-04-01,EUR/USD,1h,supply,2025-02-07T14:00:00Z,1.03637,1.03891,1.03606,1.03859,1.03606,1.037485,1.037485,1.03891,1.034635,0.0014250000000000096,2025-02-12T15:00:00Z,2025-02-12T15:38:00Z,,S2_CLOSE,,,HTF_UNAMBIGUOUS,,2025-02-12T16:00:00Z,2025-02-12T16:00:00Z,1.039143,-1.1635087719297728,0.11228070175438522,-1.275789473684158,false,1,,M1_OPEN_CLOSE_CORRUPT_IN_WINDOW:1,false
V2,EUR/USD_2025-04-01,EUR/USD,1h,supply,2025-01-31T17:00:00Z,1.03998,1.04349,1.03899,1.04201,1.03899,1.0412400000000002,1.0412400000000002,1.04349,1.0367400000000004,0.0022499999999998632,2025-02-12T18:00:00Z,2025-02-12T18:00:00Z,,S2_CLOSE,,,HTF_UNAMBIGUOUS,,2025-02-13T05:00:00Z,2025-02-13T05:00:00Z,1.043518,-1.0124444444444083,0.07111111111111544,-1.0835555555555236,false,1,,HTF_OHLC_VIOLATION_IN_LIFE:2025-02-03T20:00:00Z;M1_OPEN_CLOSE_CORRUPT_IN_WINDOW:14,false
V2,EUR/USD_2025-04-01,EUR/USD,1h,supply,2025-01-30T15:00:00Z,1.042868,1.04429,1.04267,1.04313,1.04267,1.04348,1.04348,1.04429,1.04186,0.0008099999999999774,2025-02-13T06:00:00Z,2025-02-13T06:00:00Z,,TARGET,,,HTF_UNAMBIGUOUS,2025-02-13T08:07:00Z,,2025-02-13T08:00:00Z,1.04186,2,0.1975308641975364,1.8024691358024636,false,1,,HTF_OHLC_VIOLATION_IN_LIFE:2025-02-03T20:00:00Z;M1_OPEN_CLOSE_CORRUPT_IN_WINDOW:3,false
V2,EUR/USD_2025-04-01,EUR/USD,4h,supply,2025-01-30T12:00:00Z,1.039195,1.04684,1.03901,1.04313,1.03901,1.0429249999999999,1.0429249999999999,1.04684,1.0350949999999997,0.003915000000000113,2025-02-13T08:00:00Z,2025-02-13T10:17:00Z,,S2_CLOSE,,,HTF_UNAMBIGUOUS,,2025-02-14T12:00:00Z,2025-02-14T12:00:00Z,1.05085,-2.024265644955288,0.04086845466155693,-2.065134099616845,false,2,,M1_OPEN_CLOSE_CORRUPT_IN_WINDOW:37,false
V2,EUR/USD_2025-04-01,EUR/USD,4h,supply,2025-01-24T12:00:00Z,1.04861,1.0521,1.04635,1.05165,1.04635,1.0492249999999999,1.0492249999999999,1.0521,1.0434749999999995,0.002875000000000183,2025-02-14T20:00:00Z,2025-02-14T20:00:00Z,,TARGET,,,HTF_UNAMBIGUOUS,2025-02-19T09:01:00Z,,2025-02-19T08:00:00Z,1.0434749999999995,2,0.05565217391303994,1.94434782608696,false,1,,M1_OPEN_CLOSE_CORRUPT_IN_WINDOW:43,false
V2,EUR/USD_2025-04-01,EUR/USD,4h,demand,2025-02-13T08:00:00Z,1.042593,1.04295,1.03922,1.04031,1.041085,1.04295,1.041085,1.03922,1.044815,0.0018650000000000055,2025-02-19T16:00:00Z,2025-02-19T16:18:00Z,,TARGET,,,HTF_UNAMBIGUOUS,2025-02-20T13:17:00Z,,2025-02-20T12:00:00Z,1.044815,2,0.08579088471849841,1.9142091152815015,false,1,,M1_OPEN_CLOSE_CORRUPT_IN_WINDOW:14,false
V2,EUR/USD_2025-04-01,EUR/USD,1h,supply,2025-02-17T10:00:00Z,1.04742,1.04898,1.04731,1.048907,1.04731,1.0481449999999999,1.0481449999999999,1.04898,1.0464749999999996,0.0008350000000001412,2025-02-20T17:00:00Z,2025-02-20T17:10:00Z,,S2_CLOSE,,,HTF_UNAMBIGUOUS,,2025-02-20T18:00:00Z,2025-02-20T18:00:00Z,1.04981,-1.9940119760476,0.1916167664670335,-2.1856287425146337,false,2,,M1_OPEN_CLOSE_CORRUPT_IN_WINDOW:1,false
V2,EUR/USD_2025-04-01,EUR/USD,4h,supply,2025-01-24T12:00:00Z,1.04861,1.0521,1.04635,1.05165,1.04635,1.0492249999999999,1.0492249999999999,1.0521,1.0434749999999995,0.002875000000000183,2025-02-21T00:00:00Z,2025-02-21T00:00:00Z,,TARGET,,,HTF_UNAMBIGUOUS,2025-02-27T13:53:00Z,,2025-02-27T12:00:00Z,1.0434749999999995,2,0.05565217391303994,1.94434782608696,false,4,,M1_OPEN_CLOSE_CORRUPT_IN_WINDOW:77,false
V2,EUR/USD_2025-04-01,EUR/USD,1h,demand,2025-02-13T18:00:00Z,1.04255,1.04322,1.03725,1.040938,1.040235,1.04322,1.040235,1.03725,1.046205,0.0029850000000000154,2025-02-27T17:00:00Z,2025-02-27T17:44:00Z,,S2_CLOSE,,,HTF_UNAMBIGUOUS,,2025-02-28T18:00:00Z,2025-02-28T18:00:00Z,1.036338,-1.3055276381909613,0.05360134003350057,-1.3591289782244618,false,2,,M1_OPEN_CLOSE_CORRUPT_IN_WINDOW:29,false
V2,EUR/USD_2025-04-01,EUR/USD,4h,demand,2025-02-12T00:00:00Z,1.036377,1.03682,1.03537,1.036185,1.036095,1.03682,1.036095,1.03537,1.0375450000000002,0.0007250000000000867,2025-02-28T16:00:00Z,2025-02-28T19:03:00Z,,TARGET,,,HTF_UNAMBIGUOUS,2025-02-28T20:56:00Z,,2025-02-28T20:00:00Z,1.0375450000000002,2,0.22068965517238742,1.7793103448276126,false,2,,M1_OPEN_CLOSE_CORRUPT_IN_WINDOW:2,false
V2,EUR/USD_2025-04-01,EUR/USD,4h,supply,2025-02-28T12:00:00Z,1.03987,1.04205,1.0393,1.040002,1.0393,1.0406749999999998,1.0406749999999998,1.04205,1.0379249999999995,0.0013750000000001261,2025-03-02T20:00:00Z,2025-03-02T22:00:00Z,,S2_CLOSE,,,HTF_UNAMBIGUOUS,,2025-03-03T08:00:00Z,2025-03-03T08:00:00Z,1.04527,-3.3418181818179673,0.1163636363636257,-3.458181818181593,false,1,,M1_OPEN_CLOSE_CORRUPT_IN_WINDOW:11,false
V2,EUR/USD_2025-04-01,EUR/USD,1h,supply,2025-02-26T19:00:00Z,1.04881,1.04939,1.04816,1.04914,1.04816,1.048775,1.048775,1.04939,1.047545,0.0006150000000000322,2025-03-03T14:00:00Z,2025-03-03T14:46:00Z,,TARGET,,,HTF_UNAMBIGUOUS,2025-03-03T15:00:00Z,,2025-03-03T15:00:00Z,1.047545,2,0.2601626016260027,1.7398373983739974,false,4,,M1_OPEN_CLOSE_CORRUPT_IN_WINDOW:1,false
V2,EUR/USD_2025-04-01,EUR/USD,1h,supply,2025-02-26T19:00:00Z,1.04881,1.04939,1.04816,1.04914,1.04816,1.048775,1.048775,1.04939,1.047545,0.0006150000000000322,2025-03-03T16:00:00Z,2025-03-03T16:00:00Z,,S2_CLOSE,,,ONE_MINUTE_RESOLVED,,2025-03-03T16:00:00Z,2025-03-03T16:00:00Z,1.04962,-1.3739837398373016,0.2601626016260027,-1.6341463414633042,true,2,TOUCH_BAR_CLOSED_BEYOND_S2,,false
V2,EUR/USD_2025-04-01,EUR/USD,4h,supply,2025-01-24T12:00:00Z,1.04861,1.0521,1.04635,1.05165,1.04635,1.0492249999999999,1.0492249999999999,1.0521,1.0434749999999995,0.002875000000000183,2025-03-03T20:00:00Z,2025-03-03T21:30:00Z,,S2_CLOSE,,,HTF_UNAMBIGUOUS,,2025-03-04T08:00:00Z,2025-03-04T08:00:00Z,1.054428,-1.8097391304346913,0.05565217391303994,-1.8653913043477313,false,3,,M1_OPEN_CLOSE_CORRUPT_IN_WINDOW:18,false
V2,EUR/USD_2025-04-01,EUR/USD,1h,demand,2025-03-04T10:00:00Z,1.05122,1.05198,1.05022,1.05114,1.0511,1.05198,1.0511,1.05022,1.05286,0.0008799999999999919,2025-03-04T15:00:00Z,2025-03-04T15:17:00Z,,TARGET,,,HTF_UNAMBIGUOUS,2025-03-04T16:01:00Z,,2025-03-04T16:00:00Z,1.05286,2,0.18181818181818352,1.8181818181818166,false,1,,,false
V2,EUR/USD_2025-04-01,EUR/USD,1h,supply,2024-12-09T15:00:00Z,1.05784,1.05933,1.05715,1.05912,1.05715,1.05824,1.05824,1.05933,1.05606,0.0010900000000000354,2025-03-04T18:00:00Z,2025-03-04T18:44:00Z,,S2_CLOSE,,,HTF_UNAMBIGUOUS,,2025-03-04T19:00:00Z,2025-03-04T19:00:00Z,1.060105,-1.711009174311876,0.1467889908256833,-1.8577981651375595,false,3,,HTF_OHLC_VIOLATION_IN_LIFE:2025-01-14T15:00:00Z+2025-01-15T04:00:00Z+2025-02-03T20:00:00Z;M1_OPEN_CLOSE_CORRUPT_IN_WINDOW:3,false
V2,EUR/USD_2025-04-01,EUR/USD,4h,supply,2024-11-13T08:00:00Z,1.060293,1.06386,1.05929,1.063762,1.05929,1.061575,1.061575,1.06386,1.0570049999999998,0.0022850000000000925,2025-03-05T00:00:00Z,2025-03-05T00:00:00Z,,S2_CLOSE,,,HTF_UNAMBIGUOUS,,2025-03-05T04:00:00Z,2025-03-05T04:00:00Z,1.06746,-2.575492341356631,0.07002188183807156,-2.6455142231947026,false,1,,HTF_OHLC_VIOLATION_IN_LIFE:2024-11-28T08:00:00Z+2024-11-28T12:00:00Z+2025-01-14T12:00:00Z;M1_OPEN_CLOSE_CORRUPT_IN_WINDOW:15,false
V2,EUR/USD_2025-04-01,EUR/USD,4h,supply,2024-11-11T00:00:00Z,1.071318,1.07283,1.07082,1.071687,1.07082,1.071825,1.071825,1.07283,1.0698150000000002,0.0010049999999999226,2025-03-05T08:00:00Z,2025-03-05T09:31:00Z,,TARGET,,,ONE_MINUTE_RESOLVED,2025-03-05T10:22:00Z,,2025-03-05T08:00:00Z,1.0698150000000002,2,0.15920398009951475,1.8407960199004854,false,1,,HTF_OHLC_VIOLATION_IN_LIFE:2024-11-28T08:00:00Z+2024-11-28T12:00:00Z+2025-01-14T12:00:00Z;M1_OPEN_CLOSE_CORRUPT_IN_WINDOW:3,false
V2,EUR/USD_2025-04-01,EUR/USD,4h,supply,2024-11-07T12:00:00Z,1.07592,1.08256,1.07563,1.081107,1.07563,1.0790950000000001,1.0790950000000001,1.08256,1.0721650000000005,0.0034649999999998293,2025-03-05T20:00:00Z,2025-03-05T20:00:00Z,,S2_CLOSE,,,HTF_UNAMBIGUOUS,,2025-03-07T04:00:00Z,2025-03-07T04:00:00Z,1.082993,-1.124963924963968,0.04617604617604845,-1.1711399711400166,false,1,,HTF_OHLC_VIOLATION_IN_LIFE:2024-11-28T08:00:00Z+2024-11-28T12:00:00Z+2025-01-14T12:00:00Z;M1_OPEN_CLOSE_CORRUPT_IN_WINDOW:16,false
V2,EUR/USD_2025-04-01,EUR/USD,1h,demand,2025-03-10T08:00:00Z,1.08228,1.08248,1.0805,1.081,1.08149,1.08248,1.08149,1.0805,1.0834700000000002,0.0009900000000000464,2025-03-10T11:00:00Z,2025-03-10T11:05:00Z,,TARGET,,,ONE_MINUTE_RESOLVED,2025-03-10T11:07:00Z,,2025-03-10T11:00:00Z,1.0834700000000002,2,0.16161616161615405,1.838383838383846,false,1,,,false
V2,EUR/USD_2025-04-01,EUR/USD,1h,demand,2025-03-11T10:00:00Z,1.0909,1.09092,1.0882,1.08908,1.08956,1.09092,1.08956,1.0882,1.0922800000000001,0.0013600000000000279,2025-03-11T14:00:00Z,2025-03-11T14:28:00Z,,TARGET,,,HTF_UNAMBIGUOUS,2025-03-11T15:05:00Z,,2025-03-11T15:00:00Z,1.0922800000000001,2,0.11764705882352701,1.882352941176473,false,1,,,false
V2,EUR/USD_2025-04-01,EUR/USD,4h,supply,2024-10-11T04:00:00Z,1.09397,1.09458,1.09319,1.09447,1.09319,1.0938850000000002,1.0938850000000002,1.09458,1.0924950000000004,0.0006949999999998902,2025-03-11T16:00:00Z,2025-03-11T18:00:00Z,,TARGET,,,ONE_MINUTE_RESOLVED,2025-03-11T19:51:00Z,,2025-03-11T16:00:00Z,1.0924950000000004,2,0.2302158273381659,1.7697841726618342,false,3,,HTF_OHLC_VIOLATION_IN_LIFE:2024-11-28T08:00:00Z+2024-11-28T12:00:00Z+2025-01-14T12:00:00Z;M1_OPEN_CLOSE_CORRUPT_IN_WINDOW:8,false
V2,EUR/USD_2025-04-01,EUR/USD,1h,demand,2025-03-11T10:00:00Z,1.0909,1.09092,1.0882,1.08908,1.08956,1.09092,1.08956,1.0882,1.0922800000000001,0.0013600000000000279,2025-03-12T06:00:00Z,2025-03-12T06:53:00Z,,TARGET,,,HTF_UNAMBIGUOUS,2025-03-12T09:00:00Z,,2025-03-12T09:00:00Z,1.0922800000000001,2,0.11764705882352701,1.882352941176473,false,1,,M1_OPEN_CLOSE_CORRUPT_IN_WINDOW:2,false
V2,EUR/USD_2025-04-01,EUR/USD,1h,demand,2025-03-11T10:00:00Z,1.0909,1.09092,1.0882,1.08908,1.08956,1.09092,1.08956,1.0882,1.0922800000000001,0.0013600000000000279,2025-03-12T12:00:00Z,2025-03-12T12:08:00Z,,TARGET,,,ONE_MINUTE_RESOLVED,2025-03-12T12:30:00Z,,2025-03-12T12:00:00Z,1.0922800000000001,2,0.11764705882352701,1.882352941176473,false,2,TOUCH_BAR_CLOSED_BEYOND_S2,,false
V2,EUR/USD_2025-04-01,EUR/USD,1h,demand,2025-03-12T12:00:00Z,1.09009,1.09354,1.08758,1.08778,1.09056,1.09354,1.09056,1.08758,1.09652,0.0029799999999999827,2025-03-12T16:00:00Z,2025-03-12T16:59:00Z,,S2_CLOSE,,,HTF_UNAMBIGUOUS,,2025-03-13T06:00:00Z,2025-03-13T06:00:00Z,1.087427,-1.0513422818792184,0.05369127516778555,-1.105033557047004,false,1,,M1_OPEN_CLOSE_CORRUPT_IN_WINDOW:8,false
V2,EUR/USD_2025-04-01,EUR/USD,1h,demand,2025-03-11T05:00:00Z,1.085447,1.08561,1.08354,1.08384,1.084575,1.08561,1.084575,1.08354,1.0866450000000003,0.0010350000000001192,2025-03-13T11:00:00Z,2025-03-13T11:59:00Z,,TARGET,,,ONE_MINUTE_RESOLVED,2025-03-13T12:30:00Z,,2025-03-13T12:00:00Z,1.0866450000000003,2,0.15458937198065853,1.8454106280193414,false,1,,M1_OPEN_CLOSE_CORRUPT_IN_WINDOW:1,false
V2,EUR/USD_2025-04-01,EUR/USD,1h,supply,2025-03-13T21:00:00Z,1.085245,1.08591,1.08441,1.08531,1.08441,1.0851600000000001,1.0851600000000001,1.08591,1.0836600000000005,0.0007499999999998064,2025-03-14T05:00:00Z,2025-03-14T05:58:00Z,,TARGET,,,HTF_UNAMBIGUOUS,2025-03-14T06:29:00Z,,2025-03-14T06:00:00Z,1.0836600000000005,2,0.21333333333338841,1.7866666666666116,false,1,,M1_OPEN_CLOSE_CORRUPT_IN_WINDOW:1,false
V2,EUR/USD_2025-04-01,EUR/USD,1h,supply,2025-03-13T21:00:00Z,1.085245,1.08591,1.08441,1.08531,1.08441,1.0851600000000001,1.0851600000000001,1.08591,1.0836600000000005,0.0007499999999998064,2025-03-14T09:00:00Z,2025-03-14T09:00:00Z,,S2_CLOSE,,,HTF_UNAMBIGUOUS,,2025-03-14T10:00:00Z,2025-03-14T10:00:00Z,1.089573,-5.884000000001223,0.21333333333338841,-6.097333333334611,false,1,,M1_OPEN_CLOSE_CORRUPT_IN_WINDOW:5,false
V2,EUR/USD_2025-04-01,EUR/USD,4h,supply,2024-11-05T20:00:00Z,1.09312,1.09378,1.09118,1.093408,1.09118,1.0924800000000001,1.0924800000000001,1.09378,1.0898800000000004,0.0012999999999998568,2025-03-17T16:00:00Z,2025-03-17T16:35:00Z,,TARGET,,,HTF_UNAMBIGUOUS,2025-03-18T12:37:00Z,,2025-03-18T12:00:00Z,1.0898800000000004,2,0.12307692307693664,1.8769230769230634,false,1,,HTF_OHLC_VIOLATION_IN_LIFE:2024-11-28T08:00:00Z+2024-11-28T12:00:00Z+2025-01-14T12:00:00Z;M1_OPEN_CLOSE_CORRUPT_IN_WINDOW:19,false
V2,EUR/USD_2025-04-01,EUR/USD,1h,demand,2025-03-18T02:00:00Z,1.09136,1.09166,1.09077,1.09088,1.091215,1.09166,1.091215,1.09077,1.092105,0.0004450000000000287,2025-03-18T13:00:00Z,2025-03-18T13:00:00Z,,TARGET,,,ONE_MINUTE_RESOLVED,2025-03-18T13:21:00Z,,2025-03-18T13:00:00Z,1.092105,2,0.35955056179772965,1.6404494382022703,false,1,,,false
V2,EUR/USD_2025-04-01,EUR/USD,1h,demand,2025-03-18T02:00:00Z,1.09136,1.09166,1.09077,1.09088,1.091215,1.09166,1.091215,1.09077,1.092105,0.0004450000000000287,2025-03-18T15:00:00Z,2025-03-18T15:00:00Z,,AMBIGUOUS,CLOSED_AT_TARGET,TARGET,HTF_UNAMBIGUOUS,2025-03-18T16:00:00Z,,2025-03-18T16:00:00Z,1.092105,2,0.35955056179772965,,false,1,,M1_OPEN_CLOSE_CORRUPT_IN_WINDOW:2,true
V2,EUR/USD_2025-04-01,EUR/USD,4h,supply,2024-10-11T12:00:00Z,1.0931,1.09528,1.09258,1.094137,1.09258,1.09393,1.09393,1.09528,1.0912300000000001,0.0013499999999999623,2025-03-18T20:00:00Z,2025-03-18T20:00:00Z,,TARGET,,,HTF_UNAMBIGUOUS,2025-03-19T07:09:00Z,,2025-03-19T04:00:00Z,1.0912300000000001,2,0.11851851851852184,1.8814814814814782,false,1,,HTF_OHLC_VIOLATION_IN_LIFE:2024-11-28T08:00:00Z+2024-11-28T12:00:00Z+2025-01-14T12:00:00Z;M1_OPEN_CLOSE_CORRUPT_IN_WINDOW:11,false
V2,EUR/USD_2025-04-01,EUR/USD,1h,demand,2025-03-17T00:00:00Z,1.08798,1.08834,1.08753,1.087973,1.087935,1.08834,1.087935,1.08753,1.088745,0.0004049999999999887,2025-03-19T07:00:00Z,2025-03-19T07:42:00Z,,AMBIGUOUS,CLOSED_AT_TARGET,TARGET,HTF_UNAMBIGUOUS,2025-03-19T08:00:00Z,,2025-03-19T08:00:00Z,1.088745,2,0.3950617283950728,,false,5,,HTF_OHLC_VIOLATION_IN_LIFE:2025-03-17T13:00:00Z,true
V2,EUR/USD_2025-04-01,EUR/USD,1h,demand,2025-03-17T12:00:00Z,1.09023,1.09115,1.08866,1.09018,1.089905,1.09115,1.089905,1.08866,1.0923949999999998,0.0012449999999999406,2025-03-19T09:00:00Z,2025-03-19T09:05:00Z,,S2_CLOSE,,,HTF_UNAMBIGUOUS,,2025-03-19T14:00:00Z,2025-03-19T14:00:00Z,1.088405,-1.2048192771083586,0.12851405622490575,-1.3333333333332642,false,1,,HTF_OHLC_VIOLATION_IN_LIFE:2025-03-17T13:00:00Z;M1_OPEN_CLOSE_CORRUPT_IN_WINDOW:3,false
V2,EUR/USD_2025-04-01,EUR/USD,4h,demand,2025-03-17T04:00:00Z,1.08835,1.08944,1.08684,1.08765,1.08814,1.08944,1.08814,1.08684,1.0907400000000003,0.0013000000000000789,2025-03-19T12:00:00Z,2025-03-19T15:35:00Z,,TARGET,,,HTF_UNAMBIGUOUS,2025-03-19T18:42:00Z,,2025-03-19T16:00:00Z,1.0907400000000003,2,0.12307692307691562,1.8769230769230845,false,1,,M1_OPEN_CLOSE_CORRUPT_IN_WINDOW:5,false
V2,EUR/USD_2025-04-01,EUR/USD,1h,supply,2025-03-19T08:00:00Z,1.08927,1.09111,1.08918,1.090728,1.08918,1.0901450000000001,1.0901450000000001,1.09111,1.0882150000000004,0.0009649999999998826,2025-03-19T20:00:00Z,2025-03-19T20:12:00Z,,S2_CLOSE,,,HTF_UNAMBIGUOUS,,2025-03-19T23:00:00Z,2025-03-19T23:00:00Z,1.09118,-1.0725388601036507,0.16580310880831034,-1.238341968911961,false,2,,M1_OPEN_CLOSE_CORRUPT_IN_WINDOW:3,false
V2,EUR/USD_2025-04-01,EUR/USD,1h,supply,2025-03-19T11:00:00Z,1.09001,1.09136,1.08935,1.0909,1.08935,1.0903550000000002,1.0903550000000002,1.09136,1.0883450000000003,0.0010049999999999226,2025-03-20T00:00:00Z,2025-03-20T00:00:00Z,,TARGET,,,HTF_UNAMBIGUOUS,2025-03-20T07:21:00Z,,2025-03-20T07:00:00Z,1.0883450000000003,2,0.15920398009951475,1.8407960199004854,false,1,,M1_OPEN_CLOSE_CORRUPT_IN_WINDOW:8,false
V2,EUR/USD_2025-04-01,EUR/USD,4h,demand,2025-03-17T04:00:00Z,1.08835,1.08944,1.08684,1.08765,1.08814,1.08944,1.08814,1.08684,1.0907400000000003,0.0013000000000000789,2025-03-20T04:00:00Z,2025-03-20T07:29:00Z,,S2_CLOSE,,,HTF_UNAMBIGUOUS,,2025-03-20T08:00:00Z,2025-03-20T08:00:00Z,1.08499,-2.4230769230769362,0.12307692307691562,-2.5461538461538518,false,1,,M1_OPEN_CLOSE_CORRUPT_IN_WINDOW:5,false
V2,EUR/USD_2025-04-01,EUR/USD,1h,demand,2025-03-10T08:00:00Z,1.08228,1.08248,1.0805,1.081,1.08149,1.08248,1.08149,1.0805,1.0834700000000002,0.0009900000000000464,2025-03-20T13:00:00Z,2025-03-20T13:33:00Z,,TARGET,,,HTF_UNAMBIGUOUS,2025-03-20T14:04:00Z,,2025-03-20T14:00:00Z,1.0834700000000002,2,0.16161616161615405,1.838383838383846,false,1,,HTF_OHLC_VIOLATION_IN_LIFE:2025-03-17T13:00:00Z,false
V2,EUR/USD_2025-04-01,EUR/USD,4h,demand,2025-03-10T04:00:00Z,1.08317,1.08452,1.08105,1.0823,1.0827849999999999,1.08452,1.0827849999999999,1.08105,1.0862549999999995,0.00173499999999982,2025-03-21T08:00:00Z,2025-03-21T08:19:00Z,,S2_CLOSE,,,HTF_UNAMBIGUOUS,,2025-03-21T12:00:00Z,2025-03-21T12:00:00Z,1.08068,-1.2132564841498674,0.09221902017292023,-1.3054755043227877,false,3,,M1_OPEN_CLOSE_CORRUPT_IN_WINDOW:14,false
V2,EUR/USD_2025-04-01,EUR/USD,1h,demand,2025-03-10T08:00:00Z,1.08228,1.08248,1.0805,1.081,1.08149,1.08248,1.08149,1.0805,1.0834700000000002,0.0009900000000000464,2025-03-21T16:00:00Z,2025-03-21T16:00:00Z,,TARGET,,,HTF_UNAMBIGUOUS,2025-03-23T23:54:00Z,,2025-03-23T23:00:00Z,1.0834700000000002,2,0.16161616161615405,1.838383838383846,false,1,,HTF_OHLC_VIOLATION_IN_LIFE:2025-03-17T13:00:00Z;M1_OPEN_CLOSE_CORRUPT_IN_WINDOW:6,false
V2,EUR/USD_2025-04-01,EUR/USD,1h,supply,2025-03-20T22:00:00Z,1.08556,1.08595,1.0851,1.085738,1.0851,1.085525,1.085525,1.08595,1.0846750000000003,0.0004249999999998977,2025-03-24T08:00:00Z,2025-03-24T08:23:00Z,,TARGET,,,ONE_MINUTE_RESOLVED,2025-03-24T08:30:00Z,,2025-03-24T08:00:00Z,1.0846750000000003,2,0.37647058823538476,1.6235294117646153,false,1,,M1_OPEN_CLOSE_CORRUPT_IN_WINDOW:1,false
V2,EUR/USD_2025-04-01,EUR/USD,1h,supply,2025-03-20T22:00:00Z,1.08556,1.08595,1.0851,1.085738,1.0851,1.085525,1.085525,1.08595,1.0846750000000003,0.0004249999999998977,2025-03-24T10:00:00Z,2025-03-24T10:38:00Z,,TARGET,,,ONE_MINUTE_RESOLVED,2025-03-24T10:49:00Z,,2025-03-24T10:00:00Z,1.0846750000000003,2,0.37647058823538476,1.6235294117646153,false,1,,,false
V2,EUR/USD_2025-04-01,EUR/USD,4h,demand,2025-03-06T00:00:00Z,1.079417,1.08206,1.07869,1.079012,1.080375,1.08206,1.080375,1.07869,1.0837450000000004,0.0016850000000001586,2025-03-24T12:00:00Z,2025-03-24T13:51:00Z,,S2_CLOSE,,,HTF_UNAMBIGUOUS,,2025-03-26T00:00:00Z,2025-03-26T00:00:00Z,1.07861,-1.047477744807033,0.09495548961423439,-1.1424332344212673,false,2,,M1_OPEN_CLOSE_CORRUPT_IN_WINDOW:30,false
V2,EUR/USD_2025-04-01,EUR/USD,4h,demand,2025-03-06T20:00:00Z,1.08017,1.08038,1.07748,1.078747,1.07893,1.08038,1.07893,1.07748,1.0818299999999998,0.0014499999999999513,2025-03-26T04:00:00Z,2025-03-26T04:00:00Z,,S2_CLOSE,,,HTF_UNAMBIGUOUS,,2025-03-26T16:00:00Z,2025-03-26T16:00:00Z,1.075093,-2.646206896551722,0.11034482758621061,-2.7565517241379327,false,1,,M1_OPEN_CLOSE_CORRUPT_IN_WINDOW:25,false
V2,EUR/USD_2025-04-01,EUR/USD,1h,supply,2025-03-26T20:00:00Z,1.075147,1.07572,1.07501,1.075373,1.07501,1.0753650000000001,1.0753650000000001,1.07572,1.0746550000000004,0.0003549999999998832,2025-03-27T00:00:00Z,2025-03-27T00:47:00Z,,S2_CLOSE,,,HTF_UNAMBIGUOUS,,2025-03-27T01:00:00Z,2025-03-27T01:00:00Z,1.076538,-3.3042253521133933,0.450704225352261,-3.754929577465654,false,1,,M1_OPEN_CLOSE_CORRUPT_IN_WINDOW:1,false
V2,EUR/USD_2025-04-01,EUR/USD,1h,supply,2025-03-25T21:00:00Z,1.07918,1.08027,1.07888,1.079322,1.07888,1.0795750000000002,1.0795750000000002,1.08027,1.0781850000000004,0.0006949999999998902,2025-03-27T11:00:00Z,2025-03-27T11:07:00Z,,TARGET,,,ONE_MINUTE_RESOLVED,2025-03-27T11:42:00Z,,2025-03-27T11:00:00Z,1.0781850000000004,2,0.2302158273381659,1.7697841726618342,false,3,,,false
V2,EUR/USD_2025-04-01,EUR/USD,1h,supply,2025-03-26T14:00:00Z,1.07748,1.07958,1.07729,1.07908,1.07729,1.078435,1.078435,1.07958,1.0761450000000001,0.0011449999999999516,2025-03-27T12:00:00Z,2025-03-27T12:00:00Z,,S2_CLOSE,,,HTF_UNAMBIGUOUS,,2025-03-27T15:00:00Z,2025-03-27T15:00:00Z,1.07992,-1.2969432314410667,0.13973799126638145,-1.4366812227074481,false,2,,M1_OPEN_CLOSE_CORRUPT_IN_WINDOW:1,false
V2,EUR/USD_2025-04-01,EUR/USD,4h,supply,2025-03-25T08:00:00Z,1.07876,1.08281,1.07767,1.0818,1.07767,1.0802399999999999,1.0802399999999999,1.08281,1.0750999999999995,0.0025700000000001832,2025-03-27T16:00:00Z,2025-03-27T17:07:00Z,,S2_CLOSE,,,HTF_UNAMBIGUOUS,,2025-03-31T00:00:00Z,2025-03-31T00:00:00Z,1.08332,-1.198443579766527,0.06225680933851697,-1.260700389105044,false,1,,M1_OPEN_CLOSE_CORRUPT_IN_WINDOW:26,false
V2,EUR/USD_2025-04-01,EUR/USD,1h,demand,2025-03-28T17:00:00Z,1.08218,1.08291,1.08118,1.08197,1.082045,1.08291,1.082045,1.08118,1.0837749999999997,0.0008649999999998936,2025-03-31T08:00:00Z,2025-03-31T08:10:00Z,,S2_CLOSE,,,HTF_UNAMBIGUOUS,,2025-03-31T12:00:00Z,2025-03-31T12:00:00Z,1.08035,-1.9595375722545787,0.1849710982659187,-2.1445086705204974,false,1,,,false
V2,EUR/USD_2025-07-01,EUR/USD,1h,demand,2025-03-11T10:00:00Z,1.0909,1.09092,1.0882,1.08908,1.08956,1.09092,1.08956,1.0882,1.0922800000000001,0.0013600000000000279,2025-03-12T06:00:00Z,2025-03-12T06:53:00Z,,TARGET,,,HTF_UNAMBIGUOUS,2025-03-12T09:00:00Z,,2025-03-12T09:00:00Z,1.0922800000000001,2,0.11764705882352701,1.882352941176473,false,1,,M1_OPEN_CLOSE_CORRUPT_IN_WINDOW:2,false
V2,EUR/USD_2025-07-01,EUR/USD,1h,demand,2025-03-11T10:00:00Z,1.0909,1.09092,1.0882,1.08908,1.08956,1.09092,1.08956,1.0882,1.0922800000000001,0.0013600000000000279,2025-03-12T12:00:00Z,2025-03-12T12:08:00Z,,TARGET,,,ONE_MINUTE_RESOLVED,2025-03-12T12:30:00Z,,2025-03-12T12:00:00Z,1.0922800000000001,2,0.11764705882352701,1.882352941176473,false,2,TOUCH_BAR_CLOSED_BEYOND_S2,,false
V2,EUR/USD_2025-07-01,EUR/USD,1h,demand,2025-03-12T12:00:00Z,1.09009,1.09354,1.08758,1.08778,1.09056,1.09354,1.09056,1.08758,1.09652,0.0029799999999999827,2025-03-12T16:00:00Z,2025-03-12T16:59:00Z,,S2_CLOSE,,,HTF_UNAMBIGUOUS,,2025-03-13T06:00:00Z,2025-03-13T06:00:00Z,1.087427,-1.0513422818792184,0.05369127516778555,-1.105033557047004,false,1,,M1_OPEN_CLOSE_CORRUPT_IN_WINDOW:8,false
V2,EUR/USD_2025-07-01,EUR/USD,1h,demand,2025-03-11T05:00:00Z,1.085447,1.08561,1.08354,1.08384,1.084575,1.08561,1.084575,1.08354,1.0866450000000003,0.0010350000000001192,2025-03-13T11:00:00Z,2025-03-13T11:59:00Z,,TARGET,,,ONE_MINUTE_RESOLVED,2025-03-13T12:30:00Z,,2025-03-13T12:00:00Z,1.0866450000000003,2,0.15458937198065853,1.8454106280193414,false,1,,M1_OPEN_CLOSE_CORRUPT_IN_WINDOW:1,false
V2,EUR/USD_2025-07-01,EUR/USD,1h,supply,2025-03-13T21:00:00Z,1.085245,1.08591,1.08441,1.08531,1.08441,1.0851600000000001,1.0851600000000001,1.08591,1.0836600000000005,0.0007499999999998064,2025-03-14T05:00:00Z,2025-03-14T05:58:00Z,,TARGET,,,HTF_UNAMBIGUOUS,2025-03-14T06:29:00Z,,2025-03-14T06:00:00Z,1.0836600000000005,2,0.21333333333338841,1.7866666666666116,false,1,,M1_OPEN_CLOSE_CORRUPT_IN_WINDOW:1,false
V2,EUR/USD_2025-07-01,EUR/USD,1h,supply,2025-03-13T21:00:00Z,1.085245,1.08591,1.08441,1.08531,1.08441,1.0851600000000001,1.0851600000000001,1.08591,1.0836600000000005,0.0007499999999998064,2025-03-14T09:00:00Z,2025-03-14T09:00:00Z,,S2_CLOSE,,,HTF_UNAMBIGUOUS,,2025-03-14T10:00:00Z,2025-03-14T10:00:00Z,1.089573,-5.884000000001223,0.21333333333338841,-6.097333333334611,false,1,,M1_OPEN_CLOSE_CORRUPT_IN_WINDOW:5,false
V2,EUR/USD_2025-07-01,EUR/USD,1h,demand,2025-03-17T12:00:00Z,1.09023,1.09115,1.08866,1.09018,1.089905,1.09115,1.089905,1.08866,1.0923949999999998,0.0012449999999999406,2025-03-18T12:00:00Z,2025-03-18T12:37:00Z,,TARGET,,,HTF_UNAMBIGUOUS,2025-03-18T15:00:00Z,,2025-03-18T15:00:00Z,1.0923949999999998,2,0.12851405622490575,1.8714859437750944,false,2,,HTF_OHLC_VIOLATION_IN_LIFE:2025-03-17T13:00:00Z;M1_OPEN_CLOSE_CORRUPT_IN_WINDOW:2,false
V2,EUR/USD_2025-07-01,EUR/USD,4h,demand,2025-03-18T08:00:00Z,1.093507,1.0955,1.09141,1.09164,1.093455,1.0955,1.093455,1.09141,1.0975450000000002,0.0020450000000000745,2025-03-19T00:00:00Z,2025-03-19T00:07:00Z,,S2_CLOSE,,,HTF_UNAMBIGUOUS,,2025-03-19T04:00:00Z,2025-03-19T04:00:00Z,1.08924,-2.061124694376492,0.07823960880195314,-2.139364303178445,false,1,,M1_OPEN_CLOSE_CORRUPT_IN_WINDOW:10,false
V2,EUR/USD_2025-07-01,EUR/USD,1h,demand,2025-03-18T12:00:00Z,1.0917,1.09242,1.08922,1.0911,1.09082,1.09242,1.09082,1.08922,1.0940199999999995,0.0015999999999998238,2025-03-19T08:00:00Z,2025-03-19T08:00:00Z,,S2_CLOSE,,,HTF_UNAMBIGUOUS,,2025-03-19T14:00:00Z,2025-03-19T14:00:00Z,1.088405,-1.5093750000000625,0.10000000000001102,-1.6093750000000735,false,1,,M1_OPEN_CLOSE_CORRUPT_IN_WINDOW:2,false
V2,EUR/USD_2025-07-01,EUR/USD,4h,demand,2025-03-17T04:00:00Z,1.08835,1.08944,1.08684,1.08765,1.08814,1.08944,1.08814,1.08684,1.0907400000000003,0.0013000000000000789,2025-03-19T12:00:00Z,2025-03-19T15:35:00Z,,TARGET,,,HTF_UNAMBIGUOUS,2025-03-19T18:42:00Z,,2025-03-19T16:00:00Z,1.0907400000000003,2,0.12307692307691562,1.8769230769230845,false,1,,M1_OPEN_CLOSE_CORRUPT_IN_WINDOW:5,false
V2,EUR/USD_2025-07-01,EUR/USD,1h,supply,2025-03-19T08:00:00Z,1.08927,1.09111,1.08918,1.090728,1.08918,1.0901450000000001,1.0901450000000001,1.09111,1.0882150000000004,0.0009649999999998826,2025-03-19T20:00:00Z,2025-03-19T20:12:00Z,,S2_CLOSE,,,HTF_UNAMBIGUOUS,,2025-03-19T23:00:00Z,2025-03-19T23:00:00Z,1.09118,-1.0725388601036507,0.16580310880831034,-1.238341968911961,false,2,,M1_OPEN_CLOSE_CORRUPT_IN_WINDOW:3,false
V2,EUR/USD_2025-07-01,EUR/USD,1h,supply,2025-03-19T11:00:00Z,1.09001,1.09136,1.08935,1.0909,1.08935,1.0903550000000002,1.0903550000000002,1.09136,1.0883450000000003,0.0010049999999999226,2025-03-20T00:00:00Z,2025-03-20T00:00:00Z,,TARGET,,,HTF_UNAMBIGUOUS,2025-03-20T07:21:00Z,,2025-03-20T07:00:00Z,1.0883450000000003,2,0.15920398009951475,1.8407960199004854,false,1,,M1_OPEN_CLOSE_CORRUPT_IN_WINDOW:8,false
V2,EUR/USD_2025-07-01,EUR/USD,4h,demand,2025-03-17T04:00:00Z,1.08835,1.08944,1.08684,1.08765,1.08814,1.08944,1.08814,1.08684,1.0907400000000003,0.0013000000000000789,2025-03-20T04:00:00Z,2025-03-20T07:29:00Z,,S2_CLOSE,,,HTF_UNAMBIGUOUS,,2025-03-20T08:00:00Z,2025-03-20T08:00:00Z,1.08499,-2.4230769230769362,0.12307692307691562,-2.5461538461538518,false,1,,M1_OPEN_CLOSE_CORRUPT_IN_WINDOW:5,false
V2,EUR/USD_2025-07-01,EUR/USD,1h,demand,2025-03-10T08:00:00Z,1.08228,1.08248,1.0805,1.081,1.08149,1.08248,1.08149,1.0805,1.0834700000000002,0.0009900000000000464,2025-03-20T13:00:00Z,2025-03-20T13:33:00Z,,TARGET,,,HTF_UNAMBIGUOUS,2025-03-20T14:04:00Z,,2025-03-20T14:00:00Z,1.0834700000000002,2,0.16161616161615405,1.838383838383846,false,1,,HTF_OHLC_VIOLATION_IN_LIFE:2025-03-17T13:00:00Z,false
V2,EUR/USD_2025-07-01,EUR/USD,4h,demand,2025-03-10T04:00:00Z,1.08317,1.08452,1.08105,1.0823,1.0827849999999999,1.08452,1.0827849999999999,1.08105,1.0862549999999995,0.00173499999999982,2025-03-21T08:00:00Z,2025-03-21T08:19:00Z,,S2_CLOSE,,,HTF_UNAMBIGUOUS,,2025-03-21T12:00:00Z,2025-03-21T12:00:00Z,1.08068,-1.2132564841498674,0.09221902017292023,-1.3054755043227877,false,3,,M1_OPEN_CLOSE_CORRUPT_IN_WINDOW:14,false
V2,EUR/USD_2025-07-01,EUR/USD,1h,demand,2025-03-10T08:00:00Z,1.08228,1.08248,1.0805,1.081,1.08149,1.08248,1.08149,1.0805,1.0834700000000002,0.0009900000000000464,2025-03-21T16:00:00Z,2025-03-21T16:00:00Z,,TARGET,,,HTF_UNAMBIGUOUS,2025-03-23T23:54:00Z,,2025-03-23T23:00:00Z,1.0834700000000002,2,0.16161616161615405,1.838383838383846,false,1,,HTF_OHLC_VIOLATION_IN_LIFE:2025-03-17T13:00:00Z;M1_OPEN_CLOSE_CORRUPT_IN_WINDOW:6,false
V2,EUR/USD_2025-07-01,EUR/USD,1h,supply,2025-03-20T22:00:00Z,1.08556,1.08595,1.0851,1.085738,1.0851,1.085525,1.085525,1.08595,1.0846750000000003,0.0004249999999998977,2025-03-24T08:00:00Z,2025-03-24T08:23:00Z,,TARGET,,,ONE_MINUTE_RESOLVED,2025-03-24T08:30:00Z,,2025-03-24T08:00:00Z,1.0846750000000003,2,0.37647058823538476,1.6235294117646153,false,1,,M1_OPEN_CLOSE_CORRUPT_IN_WINDOW:1,false
V2,EUR/USD_2025-07-01,EUR/USD,1h,supply,2025-03-20T22:00:00Z,1.08556,1.08595,1.0851,1.085738,1.0851,1.085525,1.085525,1.08595,1.0846750000000003,0.0004249999999998977,2025-03-24T10:00:00Z,2025-03-24T10:38:00Z,,TARGET,,,ONE_MINUTE_RESOLVED,2025-03-24T10:49:00Z,,2025-03-24T10:00:00Z,1.0846750000000003,2,0.37647058823538476,1.6235294117646153,false,1,,,false
V2,EUR/USD_2025-07-01,EUR/USD,4h,demand,2025-03-06T00:00:00Z,1.079417,1.08206,1.07869,1.079012,1.080375,1.08206,1.080375,1.07869,1.0837450000000004,0.0016850000000001586,2025-03-24T12:00:00Z,2025-03-24T13:51:00Z,,S2_CLOSE,,,HTF_UNAMBIGUOUS,,2025-03-26T00:00:00Z,2025-03-26T00:00:00Z,1.07861,-1.047477744807033,0.09495548961423439,-1.1424332344212673,false,2,,M1_OPEN_CLOSE_CORRUPT_IN_WINDOW:30,false
V2,EUR/USD_2025-07-01,EUR/USD,4h,demand,2025-03-06T20:00:00Z,1.08017,1.08038,1.07748,1.078747,1.07893,1.08038,1.07893,1.07748,1.0818299999999998,0.0014499999999999513,2025-03-26T04:00:00Z,2025-03-26T04:00:00Z,,S2_CLOSE,,,HTF_UNAMBIGUOUS,,2025-03-26T16:00:00Z,2025-03-26T16:00:00Z,1.075093,-2.646206896551722,0.11034482758621061,-2.7565517241379327,false,1,,M1_OPEN_CLOSE_CORRUPT_IN_WINDOW:25,false
V2,EUR/USD_2025-07-01,EUR/USD,1h,supply,2025-03-26T20:00:00Z,1.075147,1.07572,1.07501,1.075373,1.07501,1.0753650000000001,1.0753650000000001,1.07572,1.0746550000000004,0.0003549999999998832,2025-03-27T00:00:00Z,2025-03-27T00:47:00Z,,S2_CLOSE,,,HTF_UNAMBIGUOUS,,2025-03-27T01:00:00Z,2025-03-27T01:00:00Z,1.076538,-3.3042253521133933,0.450704225352261,-3.754929577465654,false,1,,M1_OPEN_CLOSE_CORRUPT_IN_WINDOW:1,false
V2,EUR/USD_2025-07-01,EUR/USD,1h,supply,2025-03-25T21:00:00Z,1.07918,1.08027,1.07888,1.079322,1.07888,1.0795750000000002,1.0795750000000002,1.08027,1.0781850000000004,0.0006949999999998902,2025-03-27T11:00:00Z,2025-03-27T11:07:00Z,,TARGET,,,ONE_MINUTE_RESOLVED,2025-03-27T11:42:00Z,,2025-03-27T11:00:00Z,1.0781850000000004,2,0.2302158273381659,1.7697841726618342,false,3,,,false
V2,EUR/USD_2025-07-01,EUR/USD,1h,supply,2025-03-26T14:00:00Z,1.07748,1.07958,1.07729,1.07908,1.07729,1.078435,1.078435,1.07958,1.0761450000000001,0.0011449999999999516,2025-03-27T12:00:00Z,2025-03-27T12:00:00Z,,S2_CLOSE,,,HTF_UNAMBIGUOUS,,2025-03-27T15:00:00Z,2025-03-27T15:00:00Z,1.07992,-1.2969432314410667,0.13973799126638145,-1.4366812227074481,false,2,,M1_OPEN_CLOSE_CORRUPT_IN_WINDOW:1,false
V2,EUR/USD_2025-07-01,EUR/USD,4h,supply,2025-03-25T08:00:00Z,1.07876,1.08281,1.07767,1.0818,1.07767,1.0802399999999999,1.0802399999999999,1.08281,1.0750999999999995,0.0025700000000001832,2025-03-27T16:00:00Z,2025-03-27T17:07:00Z,,S2_CLOSE,,,HTF_UNAMBIGUOUS,,2025-03-31T00:00:00Z,2025-03-31T00:00:00Z,1.08332,-1.198443579766527,0.06225680933851697,-1.260700389105044,false,1,,M1_OPEN_CLOSE_CORRUPT_IN_WINDOW:26,false
V2,EUR/USD_2025-07-01,EUR/USD,1h,demand,2025-03-28T17:00:00Z,1.08218,1.08291,1.08118,1.08197,1.082045,1.08291,1.082045,1.08118,1.0837749999999997,0.0008649999999998936,2025-03-31T08:00:00Z,2025-03-31T08:10:00Z,,S2_CLOSE,,,HTF_UNAMBIGUOUS,,2025-03-31T12:00:00Z,2025-03-31T12:00:00Z,1.08035,-1.9595375722545787,0.1849710982659187,-2.1445086705204974,false,1,,,false
V2,EUR/USD_2025-07-01,EUR/USD,1h,supply,2025-04-01T03:00:00Z,1.0824,1.08285,1.08211,1.08269,1.08211,1.0824799999999999,1.0824799999999999,1.08285,1.0817399999999995,0.0003700000000002035,2025-04-01T09:00:00Z,2025-04-01T09:04:00Z,,TARGET,,,ONE_MINUTE_RESOLVED,2025-04-01T09:17:00Z,,2025-04-01T09:00:00Z,1.0817399999999995,2,0.43243243243219465,1.5675675675678054,false,1,,,false
V2,EUR/USD_2025-07-01,EUR/USD,4h,demand,2025-03-28T08:00:00Z,1.078702,1.0797,1.07643,1.07721,1.078065,1.0797,1.078065,1.07643,1.0813350000000002,0.001635000000000053,2025-04-01T08:00:00Z,2025-04-01T11:42:00Z,,TARGET,,,HTF_UNAMBIGUOUS,2025-04-02T12:41:00Z,,2025-04-02T12:00:00Z,1.0813350000000002,2,0.09785932721712222,1.9021406727828778,false,1,,,false
V2,EUR/USD_2025-07-01,EUR/USD,1h,supply,2025-04-01T00:00:00Z,1.08177,1.08271,1.08173,1.082535,1.08173,1.08222,1.08222,1.08271,1.0812399999999998,0.0004900000000001015,2025-04-02T12:00:00Z,2025-04-02T12:58:00Z,,S2_CLOSE,,,HTF_UNAMBIGUOUS,,2025-04-02T13:00:00Z,2025-04-02T13:00:00Z,1.083189,-1.9775510204077489,0.3265306122448304,-2.3040816326525793,false,2,,,false
V2,EUR/USD_2025-07-01,EUR/USD,1h,supply,2025-03-20T22:00:00Z,1.08556,1.08595,1.0851,1.085738,1.0851,1.085525,1.085525,1.08595,1.0846750000000003,0.0004249999999998977,2025-04-02T14:00:00Z,2025-04-02T14:51:00Z,,S2_CLOSE,,,ONE_MINUTE_RESOLVED,,2025-04-02T14:00:00Z,2025-04-02T14:00:00Z,1.086012,-1.145882352941227,0.37647058823538476,-1.5223529411766117,true,1,TOUCH_BAR_CLOSED_BEYOND_S2,,false
V2,EUR/USD_2025-07-01,EUR/USD,1h,supply,2025-03-19T11:00:00Z,1.09001,1.09136,1.08935,1.0909,1.08935,1.0903550000000002,1.0903550000000002,1.09136,1.0883450000000003,0.0010049999999999226,2025-04-02T20:00:00Z,2025-04-02T20:17:00Z,,TARGET,,,ONE_MINUTE_RESOLVED,2025-04-02T20:25:00Z,,2025-04-02T20:00:00Z,1.0883450000000003,2,0.15920398009951475,1.8407960199004854,false,4,,,false
V2,EUR/USD_2025-07-01,EUR/USD,1h,supply,2025-03-19T11:00:00Z,1.09001,1.09136,1.08935,1.0909,1.08935,1.0903550000000002,1.0903550000000002,1.09136,1.0883450000000003,0.0010049999999999226,2025-04-02T23:00:00Z,2025-04-02T23:42:00Z,,S2_CLOSE,,,HTF_UNAMBIGUOUS,,2025-04-03T01:00:00Z,2025-04-03T01:00:00Z,1.091822,-1.4597014925373115,0.15920398009951475,-1.6189054726368264,false,4,,,false
V2,EUR/USD_2025-07-01,EUR/USD,1h,supply,2025-03-18T08:00:00Z,1.093507,1.0955,1.09324,1.09518,1.09324,1.09437,1.09437,1.0955,1.0921100000000004,0.0011299999999998533,2025-04-03T05:00:00Z,2025-04-03T05:29:00Z,,S2_CLOSE,,,HTF_UNAMBIGUOUS,,2025-04-03T06:00:00Z,2025-04-03T06:00:00Z,1.099264,-4.330973451327955,0.1415929203540007,-4.472566371681955,false,3,,,false
V2,EUR/USD_2025-07-01,EUR/USD,1h,demand,2025-04-03T23:00:00Z,1.10668,1.10668,1.10461,1.10473,1.105645,1.10668,1.105645,1.10461,1.1077149999999998,0.0010349999999998971,2025-04-04T06:00:00Z,2025-04-04T06:59:00Z,,S2_CLOSE,,,HTF_UNAMBIGUOUS,,2025-04-04T07:00:00Z,2025-04-04T07:00:00Z,1.10023,-5.231884057971484,0.1545893719806917,-5.386473429952176,false,1,,,false
V2,EUR/USD_2025-07-01,EUR/USD,1h,demand,2025-04-03T07:00:00Z,1.099022,1.099384,1.09505,1.097213,1.097217,1.099384,1.097217,1.09505,1.1015510000000002,0.00216700000000003,2025-04-04T14:00:00Z,2025-04-04T14:47:00Z,,TARGET,,,HTF_UNAMBIGUOUS,2025-04-04T15:59:00Z,,2025-04-04T15:00:00Z,1.1015510000000002,2,0.07383479464697637,1.9261652053530236,false,2,,,false
V2,EUR/USD_2025-07-01,EUR/USD,1h,demand,2025-04-03T07:00:00Z,1.099022,1.099384,1.09505,1.097213,1.097217,1.099384,1.097217,1.09505,1.1015510000000002,0.00216700000000003,2025-04-04T16:00:00Z,2025-04-04T16:44:00Z,,S2_CLOSE,,,HTF_UNAMBIGUOUS,,2025-04-04T18:00:00Z,2025-04-04T18:00:00Z,1.094451,-1.2764190124596253,0.07383479464697637,-1.3502538071066017,false,2,,,false
V2,EUR/USD_2025-07-01,EUR/USD,1h,demand,2025-04-07T02:00:00Z,1.096611,1.096611,1.092538,1.093733,1.0945745,1.096611,1.0945745,1.092538,1.0986475,0.0020364999999999966,2025-04-07T11:00:00Z,2025-04-07T11:22:00Z,,TARGET,,,HTF_UNAMBIGUOUS,2025-04-07T12:50:00Z,,2025-04-07T12:00:00Z,1.0986475,2,0.0785661674441445,1.9214338325558555,false,1,,,false
V2,EUR/USD_2025-07-01,EUR/USD,1h,demand,2025-04-07T02:00:00Z,1.096611,1.096611,1.092538,1.093733,1.0945745,1.096611,1.0945745,1.092538,1.0986475,0.0020364999999999966,2025-04-07T13:00:00Z,2025-04-07T13:50:00Z,,S2_CLOSE,,,HTF_UNAMBIGUOUS,,2025-04-07T15:00:00Z,2025-04-07T15:00:00Z,1.091703,-1.4100171863490893,0.0785661674441445,-1.4885833537932338,false,1,,,false
V2,EUR/USD_2025-07-01,EUR/USD,1h,demand,2025-04-07T15:00:00Z,1.092061,1.093853,1.090631,1.091703,1.092242,1.093853,1.092242,1.090631,1.095464,0.001611000000000029,2025-04-08T09:00:00Z,2025-04-08T09:12:00Z,,TARGET,,,HTF_UNAMBIGUOUS,2025-04-08T12:14:00Z,,2025-04-08T12:00:00Z,1.095464,2,0.09931719428925954,1.9006828057107406,false,3,,,false
V2,EUR/USD_2025-07-01,EUR/USD,1h,demand,2025-04-03T00:00:00Z,1.090394,1.090988,1.088376,1.089325,1.089682,1.090988,1.089682,1.088376,1.092294,0.0013060000000000294,2025-04-08T14:00:00Z,2025-04-08T14:35:00Z,,TARGET,,,HTF_UNAMBIGUOUS,2025-04-08T16:41:00Z,,2025-04-08T16:00:00Z,1.092294,2,0.12251148545175836,1.8774885145482416,false,3,,,false
V2,EUR/USD_2025-07-01,EUR/USD,1h,supply,2025-04-08T12:00:00Z,1.094092,1.097093,1.094092,1.09505,1.094092,1.0955925,1.0955925,1.097093,1.0925914999999997,0.0015005000000001267,2025-04-08T19:00:00Z,2025-04-08T19:00:00Z,,S2_CLOSE,,,HTF_UNAMBIGUOUS,,2025-04-08T23:00:00Z,2025-04-08T23:00:00Z,1.097936,-1.5618127290902073,0.10663112295900466,-1.668443852049212,false,1,,,false
V2,EUR/USD_2025-07-01,EUR/USD,4h,demand,2025-04-07T17:00:00Z,1.093853,1.09517,1.090513,1.090631,1.0928415,1.09517,1.0928415,1.090513,1.0974985,0.0023284999999999556,2025-04-09T17:00:00Z,2025-04-09T18:07:00Z,,TARGET,,,ONE_MINUTE_RESOLVED,2025-04-09T18:43:00Z,,2025-04-09T17:00:00Z,1.0974985,2,0.06871376422589781,1.931286235774102,false,3,,,false
V2,EUR/USD_2025-07-01,EUR/USD,1h,supply,2025-04-09T06:00:00Z,1.10644,1.10914,1.10473,1.10779,1.10473,1.106935,1.106935,1.10914,1.102525,0.0022050000000000125,2025-04-10T10:00:00Z,2025-04-10T10:02:00Z,,S2_CLOSE,,,HTF_UNAMBIGUOUS,,2025-04-10T12:00:00Z,2025-04-10T12:00:00Z,1.11025,-1.5034013605441896,0.07256235827664359,-1.5759637188208333,false,2,,,false
V2,EUR/USD_2025-07-01,EUR/USD,1h,demand,2025-04-11T05:00:00Z,1.13225,1.13225,1.12752,1.12867,1.129885,1.13225,1.129885,1.12752,1.134615,0.0023649999999999505,2025-04-11T17:00:00Z,2025-04-11T17:57:00Z,,TARGET,,,HTF_UNAMBIGUOUS,2025-04-11T20:05:00Z,,2025-04-11T20:00:00Z,1.134615,2,0.06765327695560396,1.932346723044396,false,1,,,false
V2,EUR/USD_2025-07-01,EUR/USD,1h,demand,2025-04-14T13:00:00Z,1.13417,1.13417,1.13007,1.13314,1.13212,1.13417,1.13212,1.13007,1.1362200000000002,0.0020500000000001073,2025-04-15T01:00:00Z,2025-04-15T01:39:00Z,,TARGET,,,HTF_UNAMBIGUOUS,2025-04-15T04:43:00Z,,2025-04-15T04:00:00Z,1.1362200000000002,2,0.0780487804878008,1.9219512195121993,false,1,,,false
V2,EUR/USD_2025-07-01,EUR/USD,1h,demand,2025-04-11T05:00:00Z,1.13225,1.13225,1.12752,1.12867,1.129885,1.13225,1.129885,1.12752,1.134615,0.0023649999999999505,2025-04-15T15:00:00Z,2025-04-15T15:47:00Z,,TARGET,,,HTF_UNAMBIGUOUS,2025-04-16T04:00:00Z,,2025-04-16T04:00:00Z,1.134615,2,0.06765327695560396,1.932346723044396,false,3,,,false
V2,EUR/USD_2025-07-01,EUR/USD,1h,demand,2025-04-21T06:00:00Z,1.15311,1.15351,1.15047,1.15161,1.15199,1.15351,1.15199,1.15047,1.15503,0.0015199999999999658,2025-04-21T14:00:00Z,2025-04-21T14:00:00Z,,S2_CLOSE,,,ONE_MINUTE_RESOLVED,,2025-04-21T14:00:00Z,2025-04-21T14:00:00Z,1.14977,-1.4605263157895794,0.10526315789473922,-1.5657894736843185,true,1,TOUCH_BAR_CLOSED_BEYOND_S2,,false
V2,EUR/USD_2025-07-01,EUR/USD,1h,demand,2025-04-22T00:00:00Z,1.15141,1.15146,1.14817,1.14901,1.1498149999999998,1.15146,1.1498149999999998,1.14817,1.1531049999999996,0.0016449999999998965,2025-04-22T06:00:00Z,2025-04-22T06:57:00Z,,S2_CLOSE,,,HTF_UNAMBIGUOUS,,2025-04-22T12:00:00Z,2025-04-22T12:00:00Z,1.14702,-1.699088145896691,0.09726443768997572,-1.7963525835866667,false,1,,,false
V2,EUR/USD_2025-07-01,EUR/USD,1h,demand,2025-04-18T04:00:00Z,1.13736,1.13791,1.13656,1.137,1.137235,1.13791,1.137235,1.13656,1.138585,0.0006749999999999812,2025-04-22T21:00:00Z,2025-04-22T21:36:00Z,,S2_CLOSE,,,ONE_MINUTE_RESOLVED,,2025-04-22T21:00:00Z,2025-04-22T21:00:00Z,1.1362,-1.5333333333332237,0.23703703703704368,-1.7703703703702673,true,6,TOUCH_BAR_CLOSED_BEYOND_S2;PRODUCTION_WOULD_PICK_ANOTHER_ZONE,,false
V2,EUR/USD_2025-07-01,EUR/USD,1h,supply,2025-04-23T14:00:00Z,1.13353,1.1383,1.13267,1.13512,1.13267,1.135485,1.135485,1.1383,1.129855,0.002815000000000012,2025-04-24T02:00:00Z,2025-04-24T02:13:00Z,,S2_CLOSE,,,HTF_UNAMBIGUOUS,,2025-04-24T09:00:00Z,2025-04-24T09:00:00Z,1.13844,-1.0497335701597892,0.05683836589698023,-1.1065719360567694,false,1,,,false
V2,EUR/USD_2025-07-01,EUR/USD,1h,supply,2025-04-25T02:00:00Z,1.13438,1.13521,1.13408,1.13488,1.13408,1.134645,1.134645,1.13521,1.1335149999999996,0.0005650000000001487,2025-04-25T07:00:00Z,2025-04-25T07:01:00Z,,S2_CLOSE,,,ONE_MINUTE_RESOLVED,,2025-04-25T07:00:00Z,2025-04-25T07:00:00Z,1.13599,-2.3805309734509694,0.2831858407078901,-2.6637168141588594,true,1,TOUCH_BAR_CLOSED_BEYOND_S2,,false
V2,EUR/USD_2025-07-01,EUR/USD,1h,supply,2025-04-23T11:00:00Z,1.1402,1.14162,1.13858,1.14102,1.13858,1.1401,1.1401,1.14162,1.1370599999999995,0.0015200000000001879,2025-04-29T08:00:00Z,2025-04-29T08:00:00Z,,TARGET,,,HTF_UNAMBIGUOUS,2025-04-29T12:18:00Z,,2025-04-29T12:00:00Z,1.1370599999999995,2,0.10526315789472385,1.8947368421052762,false,1,,,false
V2,EUR/USD_2025-07-01,EUR/USD,1h,supply,2025-04-23T11:00:00Z,1.1402,1.14162,1.13858,1.14102,1.13858,1.1401,1.1401,1.14162,1.1370599999999995,0.0015200000000001879,2025-04-29T15:00:00Z,2025-04-29T15:10:00Z,,TARGET,,,HTF_UNAMBIGUOUS,2025-04-30T01:53:00Z,,2025-04-30T01:00:00Z,1.1370599999999995,2,0.10526315789472385,1.8947368421052762,false,2,,,false
V2,EUR/USD_2025-07-01,EUR/USD,4h,demand,2025-04-15T13:00:00Z,1.13135,1.13314,1.12689,1.1279,1.130015,1.13314,1.130015,1.12689,1.136265,0.0031250000000000444,2025-05-01T05:00:00Z,2025-05-01T05:01:00Z,,TARGET,,,HTF_UNAMBIGUOUS,2025-05-02T13:38:00Z,,2025-05-02T13:00:00Z,1.136265,2,0.051199999999999274,1.9488000000000008,false,1,,,false
V2,EUR/USD_2025-07-01,EUR/USD,1h,demand,2025-04-11T05:00:00Z,1.13225,1.13225,1.12752,1.12867,1.129885,1.13225,1.129885,1.12752,1.134615,0.0023649999999999505,2025-05-02T17:00:00Z,2025-05-02T17:43:00Z,,TARGET,,,HTF_UNAMBIGUOUS,2025-05-05T02:35:00Z,,2025-05-05T02:00:00Z,1.134615,2,0.06765327695560396,1.932346723044396,false,1,,,false
V2,EUR/USD_2025-07-01,EUR/USD,4h,demand,2025-04-15T13:00:00Z,1.13135,1.13314,1.12689,1.1279,1.130015,1.13314,1.130015,1.12689,1.136265,0.0031250000000000444,2025-05-05T13:00:00Z,2025-05-05T16:09:00Z,,TARGET,,,HTF_UNAMBIGUOUS,2025-05-06T14:16:00Z,,2025-05-06T13:00:00Z,1.136265,2,0.051199999999999274,1.9488000000000008,false,1,,,false
V2,EUR/USD_2025-07-01,EUR/USD,1h,supply,2025-04-30T11:00:00Z,1.13619,1.13811,1.13557,1.13742,1.13557,1.1368399999999999,1.1368399999999999,1.13811,1.1342999999999996,0.0012700000000001044,2025-05-06T18:00:00Z,2025-05-06T18:56:00Z,,TARGET,,,HTF_UNAMBIGUOUS,2025-05-06T22:08:00Z,,2025-05-06T22:00:00Z,1.1342999999999996,2,0.12598425196849358,1.8740157480315065,false,1,,,false
V2,EUR/USD_2025-07-01,EUR/USD,4h,supply,2025-04-30T09:00:00Z,1.13718,1.13893,1.13557,1.13726,1.13557,1.1372499999999999,1.1372499999999999,1.13893,1.1338899999999996,0.0016800000000001258,2025-05-07T05:00:00Z,2025-05-07T06:22:00Z,,TARGET,,,HTF_UNAMBIGUOUS,2025-05-07T16:04:00Z,,2025-05-07T13:00:00Z,1.1338899999999996,2,0.09523809523808811,1.904761904761912,false,1,,,false
V2,EUR/USD_2025-07-01,EUR/USD,1h,demand,2025-05-06T23:00:00Z,1.1343,1.13459,1.13329,1.13401,1.13394,1.13459,1.13394,1.13329,1.13524,0.0006500000000000394,2025-05-07T17:00:00Z,2025-05-07T17:19:00Z,,TARGET,,,HTF_UNAMBIGUOUS,2025-05-07T18:06:00Z,,2025-05-07T18:00:00Z,1.13524,2,0.24615384615383124,1.7538461538461687,false,3,,,false
V2,EUR/USD_2025-07-01,EUR/USD,4h,demand,2025-04-15T13:00:00Z,1.13135,1.13314,1.12689,1.1279,1.130015,1.13314,1.130015,1.12689,1.136265,0.0031250000000000444,2025-05-07T17:00:00Z,2025-05-07T20:03:00Z,,S2_CLOSE,,,HTF_UNAMBIGUOUS,,2025-05-08T13:00:00Z,2025-05-08T13:00:00Z,1.12269,-2.343999999999975,0.051199999999999274,-2.3951999999999742,false,1,,,false
V2,EUR/USD_2025-07-01,EUR/USD,1h,demand,2025-04-10T19:00:00Z,1.12171,1.12208,1.11632,1.12082,1.1192,1.12208,1.1192,1.11632,1.12496,0.0028799999999999937,2025-05-12T07:00:00Z,2025-05-12T07:00:00Z,,S2_CLOSE,,,ONE_MINUTE_RESOLVED,,2025-05-12T07:00:00Z,2025-05-12T07:00:00Z,1.11057,-2.996527777777755,0.055555555555555684,-3.052083333333311,true,2,TOUCH_BAR_CLOSED_BEYOND_S2,,false
V2,EUR/USD_2025-07-01,EUR/USD,1h,demand,2025-04-10T11:00:00Z,1.10828,1.10902,1.10717,1.10754,1.108095,1.10902,1.108095,1.10717,1.1099450000000002,0.0009250000000000647,2025-05-12T10:00:00Z,2025-05-12T10:40:00Z,,TARGET,,,HTF_UNAMBIGUOUS,2025-05-12T11:16:00Z,,2025-05-12T11:00:00Z,1.1099450000000002,2,0.1729729729729609,1.827027027027039,false,1,,,false
V2,EUR/USD_2025-07-01,EUR/USD,1h,demand,2025-04-10T11:00:00Z,1.10828,1.10902,1.10717,1.10754,1.108095,1.10902,1.108095,1.10717,1.1099450000000002,0.0009250000000000647,2025-05-12T18:00:00Z,2025-05-12T18:00:00Z,,TARGET,,,HTF_UNAMBIGUOUS,2025-05-12T23:45:00Z,,2025-05-12T23:00:00Z,1.1099450000000002,2,0.1729729729729609,1.827027027027039,false,2,,,false
V2,EUR/USD_2025-07-01,EUR/USD,1h,supply,2025-05-12T08:00:00Z,1.11051,1.11457,1.10818,1.11377,1.10818,1.111375,1.111375,1.11457,1.1049849999999999,0.003195000000000059,2025-05-13T04:00:00Z,2025-05-13T04:00:00Z,,S2_CLOSE,,,HTF_UNAMBIGUOUS,,2025-05-13T14:00:00Z,2025-05-13T14:00:00Z,1.11626,-1.5289514866979461,0.05007824726134493,-1.5790297339592911,false,2,,,false
V2,EUR/USD_2025-07-01,EUR/USD,1h,supply,2025-05-12T00:00:00Z,1.12287,1.12396,1.12248,1.12383,1.12248,1.1232199999999999,1.1232199999999999,1.12396,1.1217399999999995,0.000740000000000185,2025-05-14T08:00:00Z,2025-05-14T08:04:00Z,,S2_CLOSE,,,HTF_UNAMBIGUOUS,,2025-05-14T09:00:00Z,2025-05-14T09:00:00Z,1.12521,-2.689189189188731,0.2162162162161622,-2.9054054054048932,false,2,,,false
V2,EUR/USD_2025-07-01,EUR/USD,1h,supply,2025-05-14T12:00:00Z,1.12174,1.12361,1.12101,1.12253,1.12101,1.1223100000000001,1.1223100000000001,1.12361,1.1197100000000004,0.0012999999999998568,2025-05-15T06:00:00Z,2025-05-15T06:54:00Z,,TARGET,,,HTF_UNAMBIGUOUS,2025-05-15T07:46:00Z,,2025-05-15T07:00:00Z,1.1197100000000004,2,0.12307692307693664,1.8769230769230634,false,1,,,false
V2,EUR/USD_2025-07-01,EUR/USD,1h,demand,2025-05-15T23:00:00Z,1.11925,1.11944,1.11894,1.11921,1.1191900000000001,1.11944,1.1191900000000001,1.11894,1.1196900000000003,0.0002500000000000835,2025-05-16T09:00:00Z,2025-05-16T09:58:00Z,,AMBIGUOUS,CLOSED_AT_TARGET,TARGET,HTF_UNAMBIGUOUS,2025-05-16T10:49:00Z,,2025-05-16T10:00:00Z,1.1196900000000003,2,0.6399999999997863,,false,2,,,true
V2,EUR/USD_2025-07-01,EUR/USD,1h,demand,2025-05-15T23:00:00Z,1.11925,1.11944,1.11894,1.11921,1.1191900000000001,1.11944,1.1191900000000001,1.11894,1.1196900000000003,0.0002500000000000835,2025-05-16T11:00:00Z,2025-05-16T11:53:00Z,,TARGET,,,HTF_UNAMBIGUOUS,2025-05-16T12:05:00Z,,2025-05-16T12:00:00Z,1.1196900000000003,2,0.6399999999997863,1.3600000000002137,false,1,,,false
V2,EUR/USD_2025-07-01,EUR/USD,4h,supply,2025-05-09T05:00:00Z,1.12279,1.12597,1.12181,1.12564,1.12181,1.1238899999999998,1.1238899999999998,1.12597,1.1197299999999997,0.002080000000000082,2025-05-19T05:00:00Z,2025-05-19T07:34:00Z,,S2_CLOSE,,,HTF_UNAMBIGUOUS,,2025-05-20T17:00:00Z,2025-05-20T17:00:00Z,1.12839,-2.163461538461535,0.0769230769230739,-2.240384615384609,false,6,,,false
V2,EUR/USD_2025-07-01,EUR/USD,4h,supply,2025-05-08T01:00:00Z,1.13099,1.13368,1.13081,1.13181,1.13081,1.1322450000000002,1.1322450000000002,1.13368,1.1293750000000005,0.001434999999999853,2025-05-21T01:00:00Z,2025-05-21T02:13:00Z,,S2_CLOSE,,,HTF_UNAMBIGUOUS,,2025-05-21T13:00:00Z,2025-05-21T13:00:00Z,1.13404,-1.25087108013934,0.11149825783973268,-1.3623693379790727,false,2,,,false
V2,EUR/USD_2025-07-01,EUR/USD,1h,supply,2025-05-02T13:00:00Z,1.13189,1.13802,1.13145,1.13728,1.13145,1.134735,1.134735,1.13802,1.128165,0.0032849999999999824,2025-05-21T18:00:00Z,2025-05-21T18:00:00Z,,TARGET,,,HTF_UNAMBIGUOUS,2025-05-22T13:59:00Z,,2025-05-22T13:00:00Z,1.128165,2,0.04870624048706267,1.9512937595129374,false,1,,,false
V2,EUR/USD_2025-07-01,EUR/USD,1h,demand,2025-05-20T18:00:00Z,1.12742,1.12807,1.12711,1.12723,1.12759,1.12807,1.12759,1.12711,1.1285500000000002,0.00048000000000003595,2025-05-22T14:00:00Z,2025-05-22T14:51:00Z,,TARGET,,,HTF_UNAMBIGUOUS,2025-05-22T15:27:00Z,,2025-05-22T15:00:00Z,1.1285500000000002,2,0.3333333333333084,1.6666666666666916,false,2,,,false
V2,EUR/USD_2025-07-01,EUR/USD,1h,demand,2025-05-20T18:00:00Z,1.12742,1.12807,1.12711,1.12723,1.12759,1.12807,1.12759,1.12711,1.1285500000000002,0.00048000000000003595,2025-05-22T16:00:00Z,2025-05-22T16:55:00Z,,S2_CLOSE,,,ONE_MINUTE_RESOLVED,,2025-05-22T16:00:00Z,2025-05-22T16:00:00Z,1.12689,-1.458333333333526,0.3333333333333084,-1.7916666666668344,true,1,TOUCH_BAR_CLOSED_BEYOND_S2,,false
V2,EUR/USD_2025-07-01,EUR/USD,1h,demand,2025-05-20T15:00:00Z,1.12688,1.12703,1.12493,1.12532,1.12598,1.12703,1.12598,1.12493,1.12808,0.0010499999999999954,2025-05-22T17:00:00Z,2025-05-22T17:20:00Z,,TARGET,,,HTF_UNAMBIGUOUS,2025-05-22T18:54:00Z,,2025-05-22T18:00:00Z,1.12808,2,0.15238095238095306,1.8476190476190468,false,1,,,false
V2,EUR/USD_2025-07-01,EUR/USD,1h,supply,2025-05-02T13:00:00Z,1.13189,1.13802,1.13145,1.13728,1.13145,1.134735,1.134735,1.13802,1.128165,0.0032849999999999824,2025-05-23T09:00:00Z,2025-05-23T09:04:00Z,,S2_CLOSE,,,HTF_UNAMBIGUOUS,,2025-05-26T00:00:00Z,2025-05-26T00:00:00Z,1.13969,-1.508371385083735,0.04870624048706267,-1.5570776255707977,false,3,,,false
V2,EUR/USD_2025-07-01,EUR/USD,1h,demand,2025-05-23T20:00:00Z,1.13631,1.13687,1.1351,1.1351,1.135985,1.13687,1.135985,1.1351,1.137755,0.0008850000000000247,2025-05-27T07:00:00Z,2025-05-27T07:20:00Z,,S2_CLOSE,,,ONE_MINUTE_RESOLVED,,2025-05-27T07:00:00Z,2025-05-27T07:00:00Z,1.13389,-2.367231638417966,0.18079096045197238,-2.548022598869938,true,1,TOUCH_BAR_CLOSED_BEYOND_S2,,false
V2,EUR/USD_2025-07-01,EUR/USD,4h,demand,2025-05-23T09:00:00Z,1.13419,1.13767,1.12971,1.13335,1.13369,1.13767,1.13369,1.12971,1.1416500000000003,0.003980000000000095,2025-05-27T13:00:00Z,2025-05-27T15:04:00Z,,S2_CLOSE,,,HTF_UNAMBIGUOUS,,2025-05-28T13:00:00Z,2025-05-28T13:00:00Z,1.12937,-1.0854271356783918,0.04020100502512468,-1.1256281407035165,false,1,,,false
V2,EUR/USD_2025-07-01,EUR/USD,4h,demand,2025-05-22T13:00:00Z,1.12951,1.13094,1.12656,1.12689,1.1287500000000001,1.13094,1.1287500000000001,1.12656,1.1331300000000004,0.0021900000000001363,2025-05-28T17:00:00Z,2025-05-28T18:21:00Z,,S2_CLOSE,,,HTF_UNAMBIGUOUS,,2025-05-28T21:00:00Z,2025-05-28T21:00:00Z,1.1236,-2.3515981735159315,0.07305936073058907,-2.4246575342465206,false,1,,,false
V2,EUR/USD_2025-07-01,EUR/USD,1h,demand,2025-05-20T12:00:00Z,1.12458,1.12476,1.12233,1.12344,1.123545,1.12476,1.123545,1.12233,1.125975,0.001214999999999966,2025-05-29T01:00:00Z,2025-05-29T01:00:00Z,,TARGET,,,HTF_UNAMBIGUOUS,2025-05-29T06:19:00Z,,2025-05-29T06:00:00Z,1.125975,2,0.13168724279835758,1.8683127572016425,false,1,,,false
V2,EUR/USD_2025-07-01,EUR/USD,1h,supply,2025-05-28T16:00:00Z,1.12847,1.1297,1.12841,1.12937,1.12841,1.129055,1.129055,1.1297,1.127765,0.0006450000000000067,2025-05-29T11:00:00Z,2025-05-29T11:03:00Z,,TARGET,,,ONE_MINUTE_RESOLVED,2025-05-29T11:40:00Z,,2025-05-29T11:00:00Z,1.127765,2,0.2480620155038734,1.7519379844961267,false,2,,,false
V2,EUR/USD_2025-07-01,EUR/USD,1h,supply,2025-05-27T18:00:00Z,1.13326,1.13392,1.13281,1.13373,1.13281,1.133365,1.133365,1.13392,1.1322549999999998,0.0005550000000000832,2025-05-29T12:00:00Z,2025-05-29T12:48:00Z,,S2_CLOSE,,,ONE_MINUTE_RESOLVED,,2025-05-29T12:00:00Z,2025-05-29T12:00:00Z,1.13495,-2.8558558558553333,0.2882882882882451,-3.1441441441435782,true,4,TOUCH_BAR_CLOSED_BEYOND_S2;PRODUCTION_WOULD_PICK_ANOTHER_ZONE,,false
V2,EUR/USD_2025-07-01,EUR/USD,1h,supply,2025-05-27T12:00:00Z,1.13515,1.13682,1.13507,1.13668,1.13507,1.135945,1.135945,1.13682,1.134195,0.0008749999999999591,2025-05-29T13:00:00Z,2025-05-29T13:01:00Z,,TARGET,,,ONE_MINUTE_RESOLVED,2025-05-29T13:16:00Z,,2025-05-29T13:00:00Z,1.134195,2,0.1828571428571514,1.8171428571428485,false,1,,,false
V2,EUR/USD_2025-07-01,EUR/USD,1h,supply,2025-05-27T12:00:00Z,1.13515,1.13682,1.13507,1.13668,1.13507,1.135945,1.135945,1.13682,1.134195,0.0008749999999999591,2025-05-29T15:00:00Z,2025-05-29T15:07:00Z,,S2_CLOSE,,,HTF_UNAMBIGUOUS,,2025-05-29T16:00:00Z,2025-05-29T16:00:00Z,1.13714,-1.3657142857144147,0.1828571428571514,-1.5485714285715662,false,1,,,false
V2,EUR/USD_2025-07-01,EUR/USD,1h,demand,2025-06-01T23:00:00Z,1.13556,1.1361,1.13506,1.13532,1.13558,1.1361,1.13558,1.13506,1.1366200000000002,0.000520000000000076,2025-06-02T03:00:00Z,2025-06-02T03:31:00Z,,TARGET,,,HTF_UNAMBIGUOUS,2025-06-02T04:53:00Z,,2025-06-02T04:00:00Z,1.1366200000000002,2,0.30769230769226275,1.6923076923077374,false,1,,,false
V2,EUR/USD_2025-07-01,EUR/USD,1h,supply,2025-04-29T16:00:00Z,1.13959,1.14193,1.1395,1.14034,1.1395,1.140715,1.140715,1.14193,1.138285,0.001214999999999966,2025-06-02T06:00:00Z,2025-06-02T06:47:00Z,,S2_CLOSE,,,HTF_UNAMBIGUOUS,,2025-06-02T07:00:00Z,2025-06-02T07:00:00Z,1.14238,-1.3703703703704313,0.13168724279835758,-1.5020576131687888,false,4,,,false
V2,EUR/USD_2025-07-01,EUR/USD,1h,supply,2025-04-22T20:00:00Z,1.14211,1.1431,1.1417,1.14215,1.1417,1.1423999999999999,1.1423999999999999,1.1431,1.1409999999999996,0.000700000000000145,2025-06-02T11:00:00Z,2025-06-02T11:21:00Z,,TARGET,,,ONE_MINUTE_RESOLVED,2025-06-02T11:52:00Z,,2025-06-02T11:00:00Z,1.1409999999999996,2,0.22857142857138127,1.7714285714286186,false,2,,,false
V2,EUR/USD_2025-07-01,EUR/USD,1h,supply,2025-04-22T17:00:00Z,1.14342,1.14545,1.14307,1.14511,1.14307,1.14426,1.14426,1.14545,1.14188,0.0011900000000000244,2025-06-02T14:00:00Z,2025-06-02T14:06:00Z,,TARGET,,,HTF_UNAMBIGUOUS,2025-06-02T16:31:00Z,,2025-06-02T16:00:00Z,1.14188,2,0.1344537815126023,1.8655462184873977,false,1,,,false
V2,EUR/USD_2025-07-01,EUR/USD,1h,supply,2025-04-23T09:00:00Z,1.14129,1.14404,1.14124,1.14193,1.14124,1.14264,1.14264,1.14404,1.1398400000000004,0.0013999999999998458,2025-06-02T17:00:00Z,2025-06-02T17:09:00Z,,S2_CLOSE,,,HTF_UNAMBIGUOUS,,2025-06-02T18:00:00Z,2025-06-02T18:00:00Z,1.14416,-1.0857142857143809,0.11428571428572688,-1.2000000000001079,false,2,,,false
V2,EUR/USD_2025-07-01,EUR/USD,1h,supply,2025-04-22T17:00:00Z,1.14342,1.14545,1.14307,1.14511,1.14307,1.14426,1.14426,1.14545,1.14188,0.0011900000000000244,2025-06-02T20:00:00Z,2025-06-02T20:00:00Z,,TARGET,,,HTF_UNAMBIGUOUS,2025-06-03T02:41:00Z,,2025-06-03T02:00:00Z,1.14188,2,0.1344537815126023,1.8655462184873977,false,1,,,false
V2,EUR/USD_2025-07-01,EUR/USD,1h,demand,2025-06-02T08:00:00Z,1.14239,1.1428,1.14125,1.14201,1.142025,1.1428,1.142025,1.14125,1.143575,0.0007749999999999702,2025-06-03T03:00:00Z,2025-06-03T03:27:00Z,,S2_CLOSE,,,HTF_UNAMBIGUOUS,,2025-06-03T09:00:00Z,2025-06-03T09:00:00Z,1.14123,-1.0258064516130734,0.20645161290323377,-1.2322580645163073,false,3,,,false
V2,EUR/USD_2025-07-01,EUR/USD,1h,demand,2025-06-01T23:00:00Z,1.13556,1.1361,1.13506,1.13532,1.13558,1.1361,1.13558,1.13506,1.1366200000000002,0.000520000000000076,2025-06-04T05:00:00Z,2025-06-04T05:34:00Z,,TARGET,,,ONE_MINUTE_RESOLVED,2025-06-04T05:44:00Z,,2025-06-04T05:00:00Z,1.1366200000000002,2,0.30769230769226275,1.6923076923077374,false,2,,,false
V2,EUR/USD_2025-07-01,EUR/USD,1h,supply,2025-04-22T17:00:00Z,1.14342,1.14545,1.14307,1.14511,1.14307,1.14426,1.14426,1.14545,1.14188,0.0011900000000000244,2025-06-05T12:00:00Z,2025-06-05T12:30:00Z,,TARGET,,,ONE_MINUTE_RESOLVED,2025-06-05T13:04:00Z,,2025-06-05T13:00:00Z,1.14188,2,0.1344537815126023,1.8655462184873977,false,1,,,false
V2,EUR/USD_2025-07-01,EUR/USD,1h,supply,2025-06-06T10:00:00Z,1.14198,1.14248,1.14172,1.14228,1.14172,1.1421000000000001,1.1421000000000001,1.14248,1.1413400000000005,0.0003799999999998249,2025-06-09T03:00:00Z,2025-06-09T03:15:00Z,,TARGET,,,ONE_MINUTE_RESOLVED,2025-06-09T03:37:00Z,,2025-06-09T03:00:00Z,1.1413400000000005,2,0.4210526315791414,1.5789473684208586,false,1,,,false
V2,EUR/USD_2025-07-01,EUR/USD,1h,supply,2025-06-06T10:00:00Z,1.14198,1.14248,1.14172,1.14228,1.14172,1.1421000000000001,1.1421000000000001,1.14248,1.1413400000000005,0.0003799999999998249,2025-06-09T05:00:00Z,2025-06-09T05:50:00Z,,S2_CLOSE,,,HTF_UNAMBIGUOUS,,2025-06-09T06:00:00Z,2025-06-09T06:00:00Z,1.14275,-1.7105263157897812,0.4210526315791414,-2.1315789473689226,false,1,,,false
V2,EUR/USD_2025-07-01,EUR/USD,1h,supply,2025-06-09T06:00:00Z,1.14223,1.14299,1.14174,1.14275,1.14174,1.1423649999999999,1.1423649999999999,1.14299,1.1411149999999997,0.0006250000000000977,2025-06-09T15:00:00Z,2025-06-09T15:41:00Z,,TARGET,,,HTF_UNAMBIGUOUS,2025-06-10T01:36:00Z,,2025-06-10T01:00:00Z,1.1411149999999997,2,0.25599999999996,1.74400000000004,false,2,,,false
V2,EUR/USD_2025-07-01,EUR/USD,1h,supply,2025-06-09T23:00:00Z,1.14231,1.14288,1.14197,1.14263,1.14197,1.1424249999999998,1.1424249999999998,1.14288,1.1415149999999996,0.0004550000000000942,2025-06-10T10:00:00Z,2025-06-10T10:43:00Z,,S2_CLOSE,,,HTF_UNAMBIGUOUS,,2025-06-10T11:00:00Z,2025-06-10T11:00:00Z,1.14291,-1.0659340659344843,0.35164835164827885,-1.4175824175827632,false,1,,,false
V2,EUR/USD_2025-07-01,EUR/USD,1h,supply,2025-06-10T23:00:00Z,1.14289,1.144,1.14217,1.14375,1.14217,1.143085,1.143085,1.144,1.141255,0.0009149999999999991,2025-06-11T09:00:00Z,2025-06-11T09:00:00Z,,S2_CLOSE,,,HTF_UNAMBIGUOUS,,2025-06-11T12:00:00Z,2025-06-11T12:00:00Z,1.14607,-3.262295081967233,0.17486338797814224,-3.437158469945375,false,1,,,false
V2,EUR/USD_2025-07-01,EUR/USD,1h,supply,2025-04-22T07:00:00Z,1.15011,1.15097,1.1483,1.15057,1.1483,1.149635,1.149635,1.15097,1.1469649999999998,0.0013350000000000861,2025-06-11T16:00:00Z,2025-06-11T16:39:00Z,,S2_CLOSE,,,HTF_UNAMBIGUOUS,,2025-06-11T23:00:00Z,2025-06-11T23:00:00Z,1.15102,-1.0374531835205096,0.11985018726590989,-1.1573033707864195,false,1,,,false
V2,EUR/USD_2025-07-01,EUR/USD,4h,supply,2025-04-22T01:00:00Z,1.14907,1.15411,1.14856,1.15314,1.14856,1.151335,1.151335,1.15411,1.145785,0.002774999999999972,2025-06-12T01:00:00Z,2025-06-12T01:00:00Z,,S2_CLOSE,,,HTF_UNAMBIGUOUS,,2025-06-12T05:00:00Z,2025-06-12T05:00:00Z,1.15452,-1.147747747747757,0.05765765765765825,-1.205405405405415,false,1,,,false
V2,EUR/USD_2025-07-01,EUR/USD,4h,demand,2025-06-12T01:00:00Z,1.15213,1.15295,1.15063,1.15155,1.15179,1.15295,1.15179,1.15063,1.1541100000000002,0.0011600000000000499,2025-06-13T01:00:00Z,2025-06-13T04:27:00Z,,TARGET,,,HTF_UNAMBIGUOUS,2025-06-13T06:05:00Z,,2025-06-13T05:00:00Z,1.1541100000000002,2,0.1379310344827527,1.8620689655172473,false,1,,,false
V2,EUR/USD_2025-07-01,EUR/USD,1h,demand,2025-06-12T06:00:00Z,1.15279,1.1532,1.15111,1.15219,1.152155,1.1532,1.152155,1.15111,1.154245,0.0010449999999999626,2025-06-13T10:00:00Z,2025-06-13T10:00:00Z,,S2_CLOSE,,,ONE_MINUTE_RESOLVED,,2025-06-13T10:00:00Z,2025-06-13T10:00:00Z,1.15044,-1.6411483253590378,0.15311004784689544,-1.7942583732059332,true,1,TOUCH_BAR_CLOSED_BEYOND_S2,,false
V2,EUR/USD_2025-07-01,EUR/USD,1h,demand,2025-06-16T11:00:00Z,1.15753,1.15841,1.15693,1.1573,1.15767,1.15841,1.15767,1.15693,1.15915,0.0007399999999999629,2025-06-16T17:00:00Z,2025-06-16T17:08:00Z,,S2_CLOSE,,,HTF_UNAMBIGUOUS,,2025-06-16T19:00:00Z,2025-06-16T19:00:00Z,1.15556,-2.8513513513515703,0.21621621621622708,-3.067567567567797,false,1,,,false
V2,EUR/USD_2025-07-01,EUR/USD,1h,demand,2025-06-13T10:00:00Z,1.15235,1.15299,1.14887,1.15044,1.15093,1.15299,1.15093,1.14887,1.15505,0.0020599999999999508,2025-06-17T16:00:00Z,2025-06-17T16:49:00Z,,S2_CLOSE,,,HTF_UNAMBIGUOUS,,2025-06-17T17:00:00Z,2025-06-17T17:00:00Z,1.14867,-1.0970873786407682,0.07766990291262323,-1.1747572815533915,false,2,,,false
V2,EUR/USD_2025-07-01,EUR/USD,1h,demand,2025-06-11T19:00:00Z,1.14862,1.14872,1.14791,1.14828,1.148315,1.14872,1.148315,1.14791,1.149125,0.0004049999999999887,2025-06-17T19:00:00Z,2025-06-17T19:00:00Z,,TARGET,,,HTF_UNAMBIGUOUS,2025-06-17T21:05:00Z,,2025-06-17T21:00:00Z,1.149125,2,0.3950617283950728,1.6049382716049272,false,1,,,false
V2,EUR/USD_2025-07-01,EUR/USD,4h,demand,2025-06-11T17:00:00Z,1.14899,1.15,1.14791,1.14876,1.148955,1.15,1.148955,1.14791,1.1510449999999999,0.0010449999999999626,2025-06-18T13:00:00Z,2025-06-18T13:42:00Z,,TARGET,,,ONE_MINUTE_RESOLVED,2025-06-18T14:04:00Z,,2025-06-18T13:00:00Z,1.1510449999999999,2,0.15311004784689544,1.8468899521531046,false,1,,,false
V2,EUR/USD_2025-07-01,EUR/USD,1h,supply,2025-06-17T15:00:00Z,1.15268,1.15359,1.15183,1.15336,1.15183,1.15271,1.15271,1.15359,1.15095,0.0008799999999999919,2025-06-18T18:00:00Z,2025-06-18T18:00:00Z,,AMBIGUOUS,CLOSED_AT_TARGET,TARGET,HTF_UNAMBIGUOUS,2025-06-18T19:00:00Z,,2025-06-18T19:00:00Z,1.15095,2,0.18181818181818352,,false,1,,,true
V2,EUR/USD_2025-07-01,EUR/USD,1h,supply,2025-06-18T20:00:00Z,1.14734,1.14854,1.14716,1.148,1.14716,1.14785,1.14785,1.14854,1.1464700000000003,0.0006899999999998574,2025-06-19T09:00:00Z,2025-06-19T09:01:00Z,,TARGET,,,HTF_UNAMBIGUOUS,2025-06-19T14:48:00Z,,2025-06-19T14:00:00Z,1.1464700000000003,2,0.23188405797106243,1.7681159420289376,false,2,,,false
V2,EUR/USD_2025-07-01,EUR/USD,1h,supply,2025-06-18T20:00:00Z,1.14734,1.14854,1.14716,1.148,1.14716,1.14785,1.14785,1.14854,1.1464700000000003,0.0006899999999998574,2025-06-19T17:00:00Z,2025-06-19T17:49:00Z,,S2_CLOSE,,,HTF_UNAMBIGUOUS,,2025-06-19T19:00:00Z,2025-06-19T19:00:00Z,1.14983,-2.86956521739171,0.23188405797106243,-3.1014492753627727,false,2,,,false
V2,EUR/USD_2025-07-01,EUR/USD,1h,supply,2025-06-18T15:00:00Z,1.15074,1.15309,1.15053,1.15206,1.15053,1.15181,1.15181,1.15309,1.14925,0.0012799999999999478,2025-06-20T01:00:00Z,2025-06-20T01:00:00Z,,S2_CLOSE,,,HTF_UNAMBIGUOUS,,2025-06-20T16:00:00Z,2025-06-20T16:00:00Z,1.1536,-1.3984375000000244,0.1250000000000051,-1.5234375000000295,false,1,,,false
V2,EUR/USD_2025-07-01,EUR/USD,1h,demand,2025-06-20T01:00:00Z,1.15227,1.15233,1.15123,1.15135,1.15178,1.15233,1.15178,1.15123,1.1528800000000001,0.0005500000000000504,2025-06-20T19:00:00Z,2025-06-20T19:52:00Z,,S2_CLOSE,,,HTF_UNAMBIGUOUS,,2025-06-22T23:00:00Z,2025-06-22T23:00:00Z,1.14996,-3.309090909090483,0.29090909090906425,-3.5999999999995476,false,2,,,false
V2,EUR/USD_2025-07-01,EUR/USD,4h,supply,2025-06-20T13:00:00Z,1.15128,1.15375,1.14948,1.1536,1.14948,1.151615,1.151615,1.15375,1.147345,0.002134999999999998,2025-06-23T05:00:00Z,2025-06-23T06:00:00Z,,TARGET,,,HTF_UNAMBIGUOUS,2025-06-23T09:04:00Z,,2025-06-23T09:00:00Z,1.147345,2,0.07494145199063239,1.9250585480093676,false,1,,,false
V2,EUR/USD_2025-07-01,EUR/USD,1h,demand,2025-06-19T16:00:00Z,1.14597,1.14618,1.14543,1.14566,1.145805,1.14618,1.145805,1.14543,1.146555,0.0003750000000000142,2025-06-23T09:00:00Z,2025-06-23T09:10:00Z,,TARGET,,,ONE_MINUTE_RESOLVED,2025-06-23T09:14:00Z,,2025-06-23T09:00:00Z,1.146555,2,0.42666666666665054,1.5733333333333495,false,1,,,false
V2,EUR/USD_2025-07-01,EUR/USD,1h,demand,2025-06-19T01:00:00Z,1.14813,1.14825,1.14514,1.14531,1.146695,1.14825,1.146695,1.14514,1.149805,0.001554999999999973,2025-06-23T10:00:00Z,2025-06-23T10:30:00Z,,TARGET,,,HTF_UNAMBIGUOUS,2025-06-23T14:00:00Z,,2025-06-23T14:00:00Z,1.149805,2,0.10289389067524295,1.897106109324757,false,1,,,false
V2,EUR/USD_2025-07-01,EUR/USD,4h,supply,2025-06-17T01:00:00Z,1.15502,1.15677,1.15454,1.15613,1.15454,1.1556549999999999,1.1556549999999999,1.15677,1.1534249999999995,0.0011150000000001992,2025-06-23T13:00:00Z,2025-06-23T16:46:00Z,,S2_CLOSE,,,HTF_UNAMBIGUOUS,,2025-06-23T17:00:00Z,2025-06-23T17:00:00Z,1.15776,-1.8878923766812983,0.143497757847508,-2.0313901345288063,false,2,,,false
V2,EUR/USD_2025-07-01,EUR/USD,1h,supply,2025-06-16T18:00:00Z,1.15779,1.1582,1.15734,1.158,1.15734,1.15777,1.15777,1.1582,1.15691,0.00042999999999993044,2025-06-23T21:00:00Z,2025-06-23T21:00:00Z,,S2_CLOSE,,,HTF_UNAMBIGUOUS,,2025-06-23T22:00:00Z,2025-06-23T22:00:00Z,1.15918,-3.279069767442701,0.3720930232558742,-3.6511627906985753,false,1,,,false
V2,EUR/USD_2025-07-01,EUR/USD,1h,supply,2025-06-16T13:00:00Z,1.1584,1.16055,1.15837,1.16021,1.15837,1.15946,1.15946,1.16055,1.1572799999999999,0.0010900000000000354,2025-06-24T00:00:00Z,2025-06-24T00:00:00Z,,S2_CLOSE,,,HTF_UNAMBIGUOUS,,2025-06-24T03:00:00Z,2025-06-24T03:00:00Z,1.16058,-1.0275229357797921,0.1467889908256833,-1.1743119266054753,false,1,,,false
V2,EUR/USD_2025-07-01,EUR/USD,4h,supply,2025-06-16T13:00:00Z,1.1584,1.16153,1.15781,1.15843,1.15781,1.15967,1.15967,1.16153,1.15595,0.0018599999999999728,2025-06-24T09:00:00Z,2025-06-24T09:09:00Z,,S2_CLOSE,,,HTF_UNAMBIGUOUS,,2025-06-24T13:00:00Z,2025-06-24T13:00:00Z,1.16241,-1.473118279569895,0.08602150537634536,-1.5591397849462403,false,1,,,false
V2,EUR/USD_2025-07-01,EUR/USD,1h,demand,2025-06-24T15:00:00Z,1.16167,1.16369,1.1607,1.16076,1.162195,1.16369,1.162195,1.1607,1.1651850000000001,0.001495000000000024,2025-06-25T02:00:00Z,2025-06-25T02:18:00Z,,S2_CLOSE,,,HTF_UNAMBIGUOUS,,2025-06-25T07:00:00Z,2025-06-25T07:00:00Z,1.15987,-1.555183946488358,0.10702341137123575,-1.6622073578595937,false,1,,,false
V2,EUR/USD_2025-07-01,EUR/USD,1h,demand,2025-06-24T07:00:00Z,1.16053,1.16109,1.15796,1.15924,1.159525,1.16109,1.159525,1.15796,1.1626549999999995,0.0015649999999998165,2025-06-25T09:00:00Z,2025-06-25T09:27:00Z,,TARGET,,,HTF_UNAMBIGUOUS,2025-06-25T15:02:00Z,,2025-06-25T15:00:00Z,1.1626549999999995,2,0.10223642172525162,1.8977635782747484,false,2,,,false
V2,EUR/USD_2025-07-01,EUR/USD,1h,supply,2025-06-24T17:00:00Z,1.1624,1.1633,1.1622,1.16256,1.1622,1.16275,1.16275,1.1633,1.1616499999999998,0.0005500000000000504,2025-06-25T16:00:00Z,2025-06-25T16:01:00Z,,S2_CLOSE,,,HTF_UNAMBIGUOUS,,2025-06-25T17:00:00Z,2025-06-25T17:00:00Z,1.16422,-2.6727272727271774,0.29090909090906425,-2.9636363636362417,false,1,,,false
V2,EUR/USD_2025-07-01,EUR/USD,1h,demand,2025-06-26T00:00:00Z,1.1683,1.1689,1.16795,1.16828,1.168425,1.1689,1.168425,1.16795,1.169375,0.0004750000000000032,2025-06-26T05:00:00Z,2025-06-26T05:00:00Z,,TARGET,,,HTF_UNAMBIGUOUS,2025-06-26T06:53:00Z,,2025-06-26T06:00:00Z,1.169375,2,0.33684210526315567,1.6631578947368444,false,1,,,false
V2,EUR/USD_2025-07-01,EUR/USD,1h,demand,2025-06-26T11:00:00Z,1.17153,1.17161,1.16935,1.16948,1.17048,1.17161,1.17048,1.16935,1.1727400000000001,0.0011300000000000754,2025-06-26T19:00:00Z,2025-06-26T19:19:00Z,,S2_CLOSE,,,HTF_UNAMBIGUOUS,,2025-06-26T22:00:00Z,2025-06-26T22:00:00Z,1.1683,-1.9292035398229428,0.14159292035397286,-2.0707964601769158,false,1,,,false
V2,EUR/USD_2025-07-01,EUR/USD,1h,demand,2025-06-26T00:00:00Z,1.1683,1.1689,1.16795,1.16828,1.168425,1.1689,1.168425,1.16795,1.169375,0.0004750000000000032,2025-06-26T23:00:00Z,2025-06-26T23:00:00Z,,TARGET,,,ONE_MINUTE_RESOLVED,2025-06-26T23:15:00Z,,2025-06-26T23:00:00Z,1.169375,2,0.33684210526315567,1.6631578947368444,false,1,,,false
V2,EUR/USD_2025-07-01,EUR/USD,1h,demand,2025-06-26T04:00:00Z,1.16945,1.16949,1.16782,1.168,1.168655,1.16949,1.168655,1.16782,1.1703249999999998,0.0008349999999999191,2025-06-27T02:00:00Z,2025-06-27T02:40:00Z,,TARGET,,,HTF_UNAMBIGUOUS,2025-06-27T03:04:00Z,,2025-06-27T03:00:00Z,1.1703249999999998,2,0.19161676646708445,1.8083832335329155,false,1,,,false
V2,EUR/USD_2025-07-01,EUR/USD,1h,demand,2025-06-26T00:00:00Z,1.1683,1.1689,1.16795,1.16828,1.168425,1.1689,1.168425,1.16795,1.169375,0.0004750000000000032,2025-06-27T06:00:00Z,2025-06-27T06:06:00Z,,TARGET,,,ONE_MINUTE_RESOLVED,2025-06-27T06:15:00Z,,2025-06-27T06:00:00Z,1.169375,2,0.33684210526315567,1.6631578947368444,false,2,,,false
V2,EUR/USD_2025-07-01,EUR/USD,1h,demand,2025-06-30T03:00:00Z,1.17188,1.17227,1.17114,1.17126,1.171705,1.17227,1.171705,1.17114,1.1728349999999998,0.0005649999999999267,2025-06-30T08:00:00Z,2025-06-30T08:27:00Z,,TARGET,,,ONE_MINUTE_RESOLVED,2025-06-30T08:57:00Z,,2025-06-30T08:00:00Z,1.1728349999999998,2,0.2831858407080014,1.7168141592919985,false,1,,,false
V2,EUR/USD_2025-07-01,EUR/USD,1h,demand,2025-06-30T03:00:00Z,1.17188,1.17227,1.17114,1.17126,1.171705,1.17227,1.171705,1.17114,1.1728349999999998,0.0005649999999999267,2025-06-30T10:00:00Z,2025-06-30T10:05:00Z,,TARGET,,,HTF_UNAMBIGUOUS,2025-06-30T11:02:00Z,,2025-06-30T11:00:00Z,1.1728349999999998,2,0.2831858407080014,1.7168141592919985,false,1,,,false
V2,EUR/USD_2025-07-01,EUR/USD,1h,demand,2025-06-30T03:00:00Z,1.17188,1.17227,1.17114,1.17126,1.171705,1.17227,1.171705,1.17114,1.1728349999999998,0.0005649999999999267,2025-06-30T12:00:00Z,2025-06-30T12:10:00Z,,TARGET,,,HTF_UNAMBIGUOUS,2025-06-30T14:17:00Z,,2025-06-30T14:00:00Z,1.1728349999999998,2,0.2831858407080014,1.7168141592919985,false,1,,,false
V2,EUR/USD_2025-11-01,EUR/USD,1h,demand,2025-07-17T23:00:00Z,1.16179,1.16203,1.1614,1.1615,1.161715,1.16203,1.161715,1.1614,1.1623450000000002,0.00031500000000006523,2025-07-21T02:00:00Z,2025-07-21T02:00:00Z,,TARGET,,,ONE_MINUTE_RESOLVED,2025-07-21T02:16:00Z,,2025-07-21T02:00:00Z,1.1623450000000002,2,0.5079365079364028,1.4920634920635973,false,2,,,false
V2,EUR/USD_2025-11-01,EUR/USD,4h,supply,2025-07-16T13:00:00Z,1.15986,1.17227,1.15621,1.16391,1.15621,1.16424,1.16424,1.17227,1.14818,0.008029999999999982,2025-07-21T05:00:00Z,2025-07-21T06:49:00Z,,S2_CLOSE,,,HTF_UNAMBIGUOUS,,2025-07-22T13:00:00Z,2025-07-22T13:00:00Z,1.1755,-1.402241594022425,0.01992528019925285,-1.422166874221678,false,1,,,false
V2,EUR/USD_2025-11-01,EUR/USD,4h,supply,2025-07-08T05:00:00Z,1.17413,1.17651,1.17319,1.17487,1.17319,1.17485,1.17485,1.17651,1.17153,0.0016599999999999948,2025-07-23T05:00:00Z,2025-07-23T07:16:00Z,,TARGET,,,HTF_UNAMBIGUOUS,2025-07-23T13:05:00Z,,2025-07-23T13:00:00Z,1.17153,2,0.09638554216867501,1.903614457831325,false,1,,,false
V2,EUR/USD_2025-11-01,EUR/USD,1h,supply,2025-07-04T13:00:00Z,1.1767,1.17811,1.17664,1.17796,1.17664,1.177375,1.177375,1.17811,1.1759050000000002,0.0007349999999999302,2025-07-23T18:00:00Z,2025-07-23T18:48:00Z,,TARGET,,,HTF_UNAMBIGUOUS,2025-07-24T06:57:00Z,,2025-07-24T06:00:00Z,1.1759050000000002,2,0.21768707482995267,1.7823129251700474,false,3,,,false
V2,EUR/USD_2025-11-01,EUR/USD,4h,supply,2025-07-04T01:00:00Z,1.17669,1.17805,1.17559,1.17802,1.17559,1.17682,1.17682,1.17805,1.1743599999999998,0.0012300000000000644,2025-07-24T13:00:00Z,2025-07-24T13:26:00Z,,TARGET,,,HTF_UNAMBIGUOUS,2025-07-24T21:15:00Z,,2025-07-24T21:00:00Z,1.1743599999999998,2,0.13008130081300134,1.8699186991869987,false,2,,,false
V2,EUR/USD_2025-11-01,EUR/USD,1h,supply,2025-07-24T13:00:00Z,1.17363,1.17768,1.17308,1.17718,1.17308,1.17538,1.17538,1.17768,1.1707800000000002,0.0022999999999999687,2025-07-25T00:00:00Z,2025-07-25T00:00:00Z,,TARGET,,,HTF_UNAMBIGUOUS,2025-07-25T13:05:00Z,,2025-07-25T13:00:00Z,1.1707800000000002,2,0.06956521739130529,1.9304347826086947,false,1,,,false
V2,EUR/USD_2025-11-01,EUR/USD,1h,supply,2025-07-24T13:00:00Z,1.17363,1.17768,1.17308,1.17718,1.17308,1.17538,1.17538,1.17768,1.1707800000000002,0.0022999999999999687,2025-07-27T23:00:00Z,2025-07-27T23:00:00Z,,TARGET,,,HTF_UNAMBIGUOUS,2025-07-28T07:30:00Z,,2025-07-28T07:00:00Z,1.1707800000000002,2,0.06956521739130529,1.9304347826086947,false,2,,,false
V2,EUR/USD_2025-11-01,EUR/USD,4h,demand,2025-07-22T01:00:00Z,1.16889,1.16961,1.16822,1.16883,1.1689150000000001,1.16961,1.1689150000000001,1.16822,1.1703050000000004,0.0006950000000001122,2025-07-28T05:00:00Z,2025-07-28T07:46:00Z,,S2_CLOSE,,,ONE_MINUTE_RESOLVED,,2025-07-28T05:00:00Z,2025-07-28T05:00:00Z,1.1679,-1.4604316546763256,0.23021582733809234,-1.690647482014418,true,3,TOUCH_BAR_CLOSED_BEYOND_S2,,false
V2,EUR/USD_2025-11-01,EUR/USD,1h,demand,2025-07-21T13:00:00Z,1.16653,1.16662,1.16575,1.16651,1.166185,1.16662,1.166185,1.16575,1.167055,0.0004349999999999632,2025-07-28T09:00:00Z,2025-07-28T09:36:00Z,,TARGET,,,ONE_MINUTE_RESOLVED,2025-07-28T09:49:00Z,,2025-07-28T09:00:00Z,1.167055,2,0.3678160919540541,1.632183908045946,false,1,,,false
V2,EUR/USD_2025-11-01,EUR/USD,1h,demand,2025-07-21T08:00:00Z,1.16434,1.16528,1.16361,1.16424,1.1644450000000002,1.16528,1.1644450000000002,1.16361,1.1661150000000005,0.0008350000000001412,2025-07-28T11:00:00Z,2025-07-28T11:33:00Z,,TARGET,,,HTF_UNAMBIGUOUS,2025-07-28T12:01:00Z,,2025-07-28T12:00:00Z,1.1661150000000005,2,0.1916167664670335,1.8083832335329666,false,1,,,false
V2,EUR/USD_2025-11-01,EUR/USD,1h,demand,2025-07-21T08:00:00Z,1.16434,1.16528,1.16361,1.16424,1.1644450000000002,1.16528,1.1644450000000002,1.16361,1.1661150000000005,0.0008350000000001412,2025-07-28T13:00:00Z,2025-07-28T13:19:00Z,,S2_CLOSE,,,ONE_MINUTE_RESOLVED,,2025-07-28T13:00:00Z,2025-07-28T13:00:00Z,1.1634,-1.2514970059880335,0.1916167664670335,-1.443113772455067,true,1,TOUCH_BAR_CLOSED_BEYOND_S2,,false
V2,EUR/USD_2025-11-01,EUR/USD,1h,demand,2025-07-17T23:00:00Z,1.16179,1.16203,1.1614,1.1615,1.161715,1.16203,1.161715,1.1614,1.1623450000000002,0.00031500000000006523,2025-07-28T15:00:00Z,2025-07-28T15:40:00Z,,S2_CLOSE,,,ONE_MINUTE_RESOLVED,,2025-07-28T15:00:00Z,2025-07-28T15:00:00Z,1.1609,-2.587301587301084,0.5079365079364028,-3.0952380952374865,true,2,TOUCH_BAR_CLOSED_BEYOND_S2,,false
V2,EUR/USD_2025-11-01,EUR/USD,4h,demand,2025-06-24T05:00:00Z,1.16063,1.16228,1.15796,1.15926,1.16012,1.16228,1.16012,1.15796,1.16444,0.0021599999999999397,2025-07-28T13:00:00Z,2025-07-28T16:37:00Z,,S2_CLOSE,,,HTF_UNAMBIGUOUS,,2025-07-29T05:00:00Z,2025-07-29T05:00:00Z,1.15692,-1.4814814814815653,0.07407407407407615,-1.5555555555556415,false,5,,,false
V2,EUR/USD_2025-11-01,EUR/USD,1h,supply,2025-07-29T04:00:00Z,1.15828,1.15887,1.15746,1.15886,1.15746,1.158165,1.158165,1.15887,1.1567549999999995,0.0007050000000001777,2025-07-29T09:00:00Z,2025-07-29T09:29:00Z,,TARGET,,,HTF_UNAMBIGUOUS,2025-07-29T11:06:00Z,,2025-07-29T11:00:00Z,1.1567549999999995,2,0.2269503546098719,1.773049645390128,false,1,,,false
V2,EUR/USD_2025-11-01,EUR/USD,1h,supply,2025-07-31T11:00:00Z,1.14397,1.14516,1.14356,1.14488,1.14356,1.1443599999999998,1.1443599999999998,1.14516,1.1427599999999996,0.0008000000000001339,2025-07-31T14:00:00Z,2025-07-31T14:44:00Z,,TARGET,,,HTF_UNAMBIGUOUS,2025-07-31T15:50:00Z,,2025-07-31T15:00:00Z,1.1427599999999996,2,0.19999999999996654,1.8000000000000336,false,1,,,false
V2,EUR/USD_2025-11-01,EUR/USD,1h,supply,2025-07-31T14:00:00Z,1.14114,1.14502,1.14069,1.14456,1.14069,1.142855,1.142855,1.14502,1.138525,0.0021649999999999725,2025-08-01T01:00:00Z,2025-08-01T01:14:00Z,,S2_CLOSE,,,HTF_UNAMBIGUOUS,,2025-08-01T12:00:00Z,2025-08-01T12:00:00Z,1.1545,-5.378752886836155,0.07390300230946976,-5.452655889145625,false,1,,,false
V2,EUR/USD_2025-11-01,EUR/USD,1h,supply,2025-07-29T04:00:00Z,1.15828,1.15887,1.15746,1.15886,1.15746,1.158165,1.158165,1.15887,1.1567549999999995,0.0007050000000001777,2025-08-01T13:00:00Z,2025-08-01T13:35:00Z,,TARGET,,,ONE_MINUTE_RESOLVED,2025-08-01T13:38:00Z,,2025-08-01T13:00:00Z,1.1567549999999995,2,0.2269503546098719,1.773049645390128,false,2,,,false
V2,EUR/USD_2025-11-01,EUR/USD,1h,supply,2025-07-30T00:00:00Z,1.15514,1.15676,1.15508,1.15671,1.15508,1.15592,1.15592,1.15676,1.1542400000000002,0.0008399999999999519,2025-08-01T14:00:00Z,2025-08-01T14:00:00Z,,TARGET,,,HTF_UNAMBIGUOUS,2025-08-01T15:26:00Z,,2025-08-01T15:00:00Z,1.1542400000000002,2,0.1904761904762014,1.8095238095237987,false,1,,,false
V2,EUR/USD_2025-11-01,EUR/USD,1h,supply,2025-07-30T00:00:00Z,1.15514,1.15676,1.15508,1.15671,1.15508,1.15592,1.15592,1.15676,1.1542400000000002,0.0008399999999999519,2025-08-01T16:00:00Z,2025-08-01T16:13:00Z,,TARGET,,,ONE_MINUTE_RESOLVED,2025-08-01T16:37:00Z,,2025-08-01T16:00:00Z,1.1542400000000002,2,0.1904761904762014,1.8095238095237987,false,1,,,false
V2,EUR/USD_2025-11-01,EUR/USD,4h,supply,2025-07-29T21:00:00Z,1.15458,1.15676,1.15453,1.15671,1.15453,1.155645,1.155645,1.15676,1.153415,0.0011149999999999771,2025-08-01T17:00:00Z,2025-08-01T19:30:00Z,,S2_CLOSE,,,ONE_MINUTE_RESOLVED,,2025-08-01T17:00:00Z,2025-08-01T17:00:00Z,1.15839,-2.461883408071797,0.1434977578475366,-2.6053811659193338,true,2,TOUCH_BAR_CLOSED_BEYOND_S2,,false
V2,EUR/USD_2025-11-01,EUR/USD,4h,supply,2025-07-29T01:00:00Z,1.15848,1.1599,1.15746,1.15886,1.15746,1.15868,1.15868,1.1599,1.15624,0.0012199999999999989,2025-08-01T21:00:00Z,2025-08-01T21:23:00Z,,TARGET,,,HTF_UNAMBIGUOUS,2025-08-04T00:30:00Z,,2025-08-03T21:00:00Z,1.15624,2,0.1311475409836067,1.8688524590163933,false,1,,,false
V2,EUR/USD_2025-11-01,EUR/USD,1h,demand,2025-08-04T00:00:00Z,1.15877,1.1589,1.15558,1.15581,1.15724,1.1589,1.15724,1.15558,1.16056,0.0016599999999999948,2025-08-04T05:00:00Z,2025-08-04T05:00:00Z,,S2_CLOSE,,,HTF_UNAMBIGUOUS,,2025-08-05T05:00:00Z,2025-08-05T05:00:00Z,1.15471,-1.5240963855422598,0.09638554216867501,-1.6204819277109348,false,1,,,false
V2,EUR/USD_2025-11-01,EUR/USD,1h,demand,2025-08-01T18:00:00Z,1.15268,1.15481,1.15216,1.15261,1.1534849999999999,1.15481,1.1534849999999999,1.15216,1.1561349999999995,0.0013249999999997986,2025-08-05T07:00:00Z,2025-08-05T07:51:00Z,,TARGET,,,HTF_UNAMBIGUOUS,2025-08-05T14:54:00Z,,2025-08-05T14:00:00Z,1.1561349999999995,2,0.12075471698115044,1.8792452830188495,false,1,,,false
V2,EUR/USD_2025-11-01,EUR/USD,1h,supply,2025-08-04T23:00:00Z,1.15802,1.1586,1.15779,1.15839,1.15779,1.158195,1.158195,1.1586,1.157385,0.0004049999999999887,2025-08-05T15:00:00Z,2025-08-05T15:21:00Z,,TARGET,,,HTF_UNAMBIGUOUS,2025-08-05T18:13:00Z,,2025-08-05T18:00:00Z,1.157385,2,0.3950617283950728,1.6049382716049272,false,1,,,false
V2,EUR/USD_2025-11-01,EUR/USD,1h,supply,2025-08-04T23:00:00Z,1.15802,1.1586,1.15779,1.15839,1.15779,1.158195,1.158195,1.1586,1.157385,0.0004049999999999887,2025-08-06T00:00:00Z,2025-08-06T00:03:00Z,,TARGET,,,ONE_MINUTE_RESOLVED,2025-08-06T00:34:00Z,,2025-08-06T00:00:00Z,1.157385,2,0.3950617283950728,1.6049382716049272,false,1,,,false
V2,EUR/USD_2025-11-01,EUR/USD,1h,supply,2025-08-04T23:00:00Z,1.15802,1.1586,1.15779,1.15839,1.15779,1.158195,1.158195,1.1586,1.157385,0.0004049999999999887,2025-08-06T03:00:00Z,2025-08-06T03:57:00Z,,TARGET,,,HTF_UNAMBIGUOUS,2025-08-06T07:15:00Z,,2025-08-06T07:00:00Z,1.157385,2,0.3950617283950728,1.6049382716049272,false,1,,,false
V2,EUR/USD_2025-11-01,EUR/USD,1h,supply,2025-08-04T23:00:00Z,1.15802,1.1586,1.15779,1.15839,1.15779,1.158195,1.158195,1.1586,1.157385,0.0004049999999999887,2025-08-06T09:00:00Z,2025-08-06T09:19:00Z,,S2_CLOSE,,,HTF_UNAMBIGUOUS,,2025-08-06T10:00:00Z,2025-08-06T10:00:00Z,1.16069,-6.160493827160453,0.3950617283950728,-6.555555555555525,false,2,,,false
V2,EUR/USD_2025-11-01,EUR/USD,1h,supply,2025-07-28T14:00:00Z,1.16331,1.16476,1.16305,1.16378,1.16305,1.163905,1.163905,1.16476,1.1621949999999999,0.0008550000000000502,2025-08-06T15:00:00Z,2025-08-06T15:09:00Z,,S2_CLOSE,,,HTF_UNAMBIGUOUS,,2025-08-06T17:00:00Z,2025-08-06T17:00:00Z,1.1649,-1.1637426900585037,0.18713450292396563,-1.3508771929824694,false,1,,,false
V2,EUR/USD_2025-11-01,EUR/USD,1h,supply,2025-07-28T12:00:00Z,1.16513,1.1665,1.1648,1.16577,1.1648,1.16565,1.16565,1.1665,1.16395,0.0008500000000000174,2025-08-06T18:00:00Z,2025-08-06T18:09:00Z,,S2_CLOSE,,,HTF_UNAMBIGUOUS,,2025-08-07T04:00:00Z,2025-08-07T04:00:00Z,1.16712,-1.7294117647056826,0.18823529411764323,-1.9176470588233259,false,1,,,false
V2,EUR/USD_2025-11-01,EUR/USD,1h,supply,2025-07-28T08:00:00Z,1.16747,1.16901,1.1671,1.1679,1.1671,1.168055,1.168055,1.16901,1.166145,0.0009550000000000392,2025-08-07T08:00:00Z,2025-08-07T08:00:00Z,,TARGET,,,HTF_UNAMBIGUOUS,2025-08-07T11:08:00Z,,2025-08-07T11:00:00Z,1.166145,2,0.16753926701569996,1.8324607329843001,false,1,,,false
V2,EUR/USD_2025-11-01,EUR/USD,4h,demand,2025-08-06T21:00:00Z,1.16593,1.16664,1.1651,1.16521,1.16587,1.16664,1.16587,1.1651,1.1674099999999998,0.0007699999999999374,2025-08-07T09:00:00Z,2025-08-07T11:10:00Z,,S2_CLOSE,,,HTF_UNAMBIGUOUS,,2025-08-07T13:00:00Z,2025-08-07T13:00:00Z,1.16383,-2.649350649350919,0.2077922077922247,-2.8571428571431436,false,1,,,false
V2,EUR/USD_2025-11-01,EUR/USD,1h,demand,2025-08-07T14:00:00Z,1.16429,1.16503,1.1614,1.16235,1.163215,1.16503,1.163215,1.1614,1.1668450000000004,0.001815000000000122,2025-08-08T09:00:00Z,2025-08-08T09:21:00Z,,TARGET,,,HTF_UNAMBIGUOUS,2025-08-11T02:53:00Z,,2025-08-11T02:00:00Z,1.1668450000000004,2,0.08815426997244587,1.9118457300275542,false,1,,,false
V2,EUR/USD_2025-11-01,EUR/USD,1h,demand,2025-08-07T14:00:00Z,1.16429,1.16503,1.1614,1.16235,1.163215,1.16503,1.163215,1.1614,1.1668450000000004,0.001815000000000122,2025-08-11T11:00:00Z,2025-08-11T11:36:00Z,,S2_CLOSE,,,HTF_UNAMBIGUOUS,,2025-08-11T14:00:00Z,2025-08-11T14:00:00Z,1.15971,-1.9311294765839424,0.08815426997244587,-2.0192837465563884,false,1,,,false
V2,EUR/USD_2025-11-01,EUR/USD,1h,supply,2025-08-11T08:00:00Z,1.16473,1.16607,1.16439,1.16555,1.16439,1.16523,1.16523,1.16607,1.16355,0.0008399999999999519,2025-08-12T12:00:00Z,2025-08-12T12:41:00Z,,TARGET,,,ONE_MINUTE_RESOLVED,2025-08-12T12:53:00Z,,2025-08-12T12:00:00Z,1.16355,2,0.1904761904762014,1.8095238095237987,false,2,,,false
V2,EUR/USD_2025-11-01,EUR/USD,1h,supply,2025-08-11T08:00:00Z,1.16473,1.16607,1.16439,1.16555,1.16439,1.16523,1.16523,1.16607,1.16355,0.0008399999999999519,2025-08-12T14:00:00Z,2025-08-12T14:00:00Z,,S2_CLOSE,,,HTF_UNAMBIGUOUS,,2025-08-12T15:00:00Z,2025-08-12T15:00:00Z,1.16738,-2.559523809524071,0.1904761904762014,-2.7500000000002722,false,1,,,false
V2,EUR/USD_2025-11-01,EUR/USD,1h,supply,2025-07-28T08:00:00Z,1.16747,1.16901,1.1671,1.1679,1.1671,1.168055,1.168055,1.16901,1.166145,0.0009550000000000392,2025-08-12T17:00:00Z,2025-08-12T17:46:00Z,,S2_CLOSE,,,HTF_UNAMBIGUOUS,,2025-08-13T06:00:00Z,2025-08-13T06:00:00Z,1.16928,-1.2827225130889857,0.16753926701569996,-1.4502617801046855,false,1,,,false
V2,EUR/USD_2025-11-01,EUR/USD,1h,demand,2025-08-13T12:00:00Z,1.17196,1.17222,1.16973,1.16989,1.1709749999999999,1.17222,1.1709749999999999,1.16973,1.1734649999999998,0.0012449999999999406,2025-08-13T16:00:00Z,2025-08-13T16:19:00Z,,S2_CLOSE,,,HTF_UNAMBIGUOUS,,2025-08-14T06:00:00Z,2025-08-14T06:00:00Z,1.16863,-1.8835341365461296,0.12851405622490575,-2.012048192771035,false,1,,,false
V2,EUR/USD_2025-11-01,EUR/USD,1h,demand,2025-08-13T01:00:00Z,1.16803,1.16869,1.16763,1.16775,1.1681599999999999,1.16869,1.1681599999999999,1.16763,1.1692199999999997,0.0005299999999999194,2025-08-14T08:00:00Z,2025-08-14T08:00:00Z,,S2_CLOSE,,,ONE_MINUTE_RESOLVED,,2025-08-14T08:00:00Z,2025-08-14T08:00:00Z,1.16691,-2.358490566038044,0.3018867924528761,-2.66037735849092,true,2,TOUCH_BAR_CLOSED_BEYOND_S2,,false
V2,EUR/USD_2025-11-01,EUR/USD,1h,demand,2025-08-12T21:00:00Z,1.1676,1.16809,1.16664,1.16745,1.167365,1.16809,1.167365,1.16664,1.1688150000000002,0.0007250000000000867,2025-08-14T09:00:00Z,2025-08-14T09:00:00Z,,TARGET,,,HTF_UNAMBIGUOUS,2025-08-14T10:21:00Z,,2025-08-14T10:00:00Z,1.1688150000000002,2,0.22068965517238742,1.7793103448276126,false,1,,,false
V2,EUR/USD_2025-11-01,EUR/USD,1h,demand,2025-08-12T21:00:00Z,1.1676,1.16809,1.16664,1.16745,1.167365,1.16809,1.167365,1.16664,1.1688150000000002,0.0007250000000000867,2025-08-14T12:00:00Z,2025-08-14T12:30:00Z,,S2_CLOSE,,,ONE_MINUTE_RESOLVED,,2025-08-14T12:00:00Z,2025-08-14T12:00:00Z,1.16628,-1.4965517241377557,0.22068965517238742,-1.717241379310143,true,1,TOUCH_BAR_CLOSED_BEYOND_S2,,false
V2,EUR/USD_2025-11-01,EUR/USD,4h,demand,2025-08-14T13:00:00Z,1.16637,1.1672,1.16304,1.1634,1.16512,1.1672,1.16512,1.16304,1.1692799999999997,0.0020799999999998597,2025-08-19T05:00:00Z,2025-08-19T06:01:00Z,,TARGET,,,HTF_UNAMBIGUOUS,2025-08-19T11:06:00Z,,2025-08-19T09:00:00Z,1.1692799999999997,2,0.07692307692308212,1.9230769230769178,false,1,,,false
V2,EUR/USD_2025-11-01,EUR/USD,4h,demand,2025-08-14T13:00:00Z,1.16637,1.1672,1.16304,1.1634,1.16512,1.1672,1.16512,1.16304,1.1692799999999997,0.0020799999999998597,2025-08-19T21:00:00Z,2025-08-19T21:01:00Z,,S2_CLOSE,,,HTF_UNAMBIGUOUS,,2025-08-21T13:00:00Z,2025-08-21T13:00:00Z,1.16118,-1.8942307692308165,0.07692307692308212,-1.9711538461538987,false,1,,,false
V2,EUR/USD_2025-11-01,EUR/USD,1h,demand,2025-08-12T09:00:00Z,1.16154,1.16188,1.16005,1.16066,1.160965,1.16188,1.160965,1.16005,1.162795,0.0009149999999999991,2025-08-21T19:00:00Z,2025-08-21T19:00:00Z,,S2_CLOSE,,,HTF_UNAMBIGUOUS,,2025-08-22T03:00:00Z,2025-08-22T03:00:00Z,1.15899,-2.1584699453552587,0.17486338797814224,-2.333333333333401,false,1,,,false
V2,EUR/USD_2025-11-01,EUR/USD,4h,supply,2025-08-21T21:00:00Z,1.1606,1.16171,1.16022,1.1615,1.16022,1.160965,1.160965,1.16171,1.159475,0.0007449999999999957,2025-08-22T09:00:00Z,2025-08-22T12:08:00Z,,S2_CLOSE,,,HTF_UNAMBIGUOUS,,2025-08-22T13:00:00Z,2025-08-22T13:00:00Z,1.1721,-14.94630872483216,0.2147651006711422,-15.161073825503303,false,1,,,false
V2,EUR/USD_2025-11-01,EUR/USD,4h,supply,2025-08-13T05:00:00Z,1.16846,1.17211,1.16764,1.17148,1.16764,1.169875,1.169875,1.17211,1.165405,0.002234999999999987,2025-08-24T21:00:00Z,2025-08-24T23:00:00Z,,TARGET,,,HTF_UNAMBIGUOUS,2025-08-25T16:51:00Z,,2025-08-25T13:00:00Z,1.165405,2,0.07158836689038074,1.9284116331096193,false,2,,,false
V2,EUR/USD_2025-11-01,EUR/USD,1h,demand,2025-08-22T13:00:00Z,1.16089,1.16196,1.15974,1.15993,1.16085,1.16196,1.16085,1.15974,1.1630699999999998,0.0011099999999999444,2025-08-26T08:00:00Z,2025-08-26T08:22:00Z,,TARGET,,,HTF_UNAMBIGUOUS,2025-08-26T09:15:00Z,,2025-08-26T09:00:00Z,1.1630699999999998,2,0.1441441441441514,1.8558558558558487,false,4,,,false
V2,EUR/USD_2025-11-01,EUR/USD,1h,demand,2025-08-22T10:00:00Z,1.15967,1.16003,1.1593,1.15959,1.159665,1.16003,1.159665,1.1593,1.1603949999999998,0.0003649999999999487,2025-08-27T07:00:00Z,2025-08-27T07:43:00Z,,TARGET,,,ONE_MINUTE_RESOLVED,2025-08-27T07:47:00Z,,2025-08-27T07:00:00Z,1.1603949999999998,2,0.4383561643836233,1.5616438356163767,false,3,,,false
V2,EUR/USD_2025-11-01,EUR/USD,1h,demand,2025-08-22T04:00:00Z,1.15901,1.15952,1.15823,1.15847,1.158875,1.15952,1.158875,1.15823,1.1601650000000001,0.0006450000000000067,2025-08-27T10:00:00Z,2025-08-27T10:00:00Z,,S2_CLOSE,,,ONE_MINUTE_RESOLVED,,2025-08-27T10:00:00Z,2025-08-27T10:00:00Z,1.15799,-1.372093023255838,0.2480620155038734,-1.6201550387597115,true,1,TOUCH_BAR_CLOSED_BEYOND_S2,,false
V2,EUR/USD_2025-11-01,EUR/USD,1h,supply,2025-08-26T18:00:00Z,1.16381,1.16477,1.1633,1.16435,1.1633,1.1640350000000002,1.1640350000000002,1.16477,1.1625650000000003,0.0007349999999999302,2025-08-27T20:00:00Z,2025-08-27T20:59:00Z,,S2_CLOSE,,,HTF_UNAMBIGUOUS,,2025-08-28T02:00:00Z,2025-08-28T02:00:00Z,1.16531,-1.7346938775510696,0.21768707482995267,-1.9523809523810223,false,1,,,false
V2,EUR/USD_2025-11-01,EUR/USD,1h,supply,2025-08-26T11:00:00Z,1.16449,1.16612,1.16413,1.16546,1.16413,1.1651250000000002,1.1651250000000002,1.16612,1.1631350000000005,0.0009949999999998571,2025-08-28T03:00:00Z,2025-08-28T03:00:00Z,,TARGET,,,HTF_UNAMBIGUOUS,2025-08-28T08:10:00Z,,2025-08-28T08:00:00Z,1.1631350000000005,2,0.1608040201005256,1.8391959798994744,false,1,,,false
V2,EUR/USD_2025-11-01,EUR/USD,1h,supply,2025-08-26T11:00:00Z,1.16449,1.16612,1.16413,1.16546,1.16413,1.1651250000000002,1.1651250000000002,1.16612,1.1631350000000005,0.0009949999999998571,2025-08-28T09:00:00Z,2025-08-28T09:35:00Z,,S2_CLOSE,,,HTF_UNAMBIGUOUS,,2025-08-28T10:00:00Z,2025-08-28T10:00:00Z,1.1671,-1.9849246231157,0.1608040201005256,-2.1457286432162257,false,2,,,false
V2,EUR/USD_2025-11-01,EUR/USD,4h,supply,2025-08-22T13:00:00Z,1.16089,1.17323,1.15974,1.1721,1.15974,1.166485,1.166485,1.17323,1.152995,0.006745000000000001,2025-08-28T13:00:00Z,2025-08-28T13:00:00Z,,S2_CLOSE,,,HTF_UNAMBIGUOUS,,2025-09-01T05:00:00Z,2025-09-01T05:00:00Z,1.17352,-1.0429948109710752,0.023721275018532245,-1.0667160859896074,false,1,,,false
V2,EUR/USD_2025-11-01,EUR/USD,1h,demand,2025-09-01T03:00:00Z,1.17121,1.17149,1.17046,1.17085,1.1709749999999999,1.17149,1.1709749999999999,1.17046,1.1720049999999995,0.0005149999999998212,2025-09-01T13:00:00Z,2025-09-01T13:00:00Z,,S2_CLOSE,,,HTF_UNAMBIGUOUS,,2025-09-01T15:00:00Z,2025-09-01T15:00:00Z,1.17005,-1.796116504854687,0.3106796116505934,-2.10679611650528,false,1,,,false
V2,EUR/USD_2025-11-01,EUR/USD,1h,demand,2025-09-01T15:00:00Z,1.17107,1.17116,1.16996,1.17005,1.17056,1.17116,1.17056,1.16996,1.17176,0.0005999999999999339,2025-09-01T21:00:00Z,2025-09-01T21:00:00Z,,TARGET,,,HTF_UNAMBIGUOUS,2025-09-01T23:49:00Z,,2025-09-01T23:00:00Z,1.17176,2,0.2666666666666961,1.7333333333333039,false,2,,,false
V2,EUR/USD_2025-11-01,EUR/USD,1h,demand,2025-09-01T17:00:00Z,1.1705,1.17059,1.17007,1.17043,1.1703299999999999,1.17059,1.1703299999999999,1.17007,1.1708499999999997,0.00025999999999992696,2025-09-02T00:00:00Z,2025-09-02T00:49:00Z,,S2_CLOSE,,,HTF_UNAMBIGUOUS,,2025-09-02T02:00:00Z,2025-09-02T02:00:00Z,1.16983,-1.9230769230772515,0.6153846153847883,-2.5384615384620397,false,1,,,false
V2,EUR/USD_2025-11-01,EUR/USD,1h,demand,2025-09-01T01:00:00Z,1.16972,1.16975,1.16879,1.16947,1.16927,1.16975,1.16927,1.16879,1.17023,0.00048000000000003595,2025-09-02T04:00:00Z,2025-09-02T04:05:00Z,,TARGET,,,HTF_UNAMBIGUOUS,2025-09-02T06:31:00Z,,2025-09-02T06:00:00Z,1.17023,2,0.3333333333333084,1.6666666666666916,false,1,,,false
V2,EUR/USD_2025-11-01,EUR/USD,4h,demand,2025-08-28T01:00:00Z,1.16455,1.16551,1.16385,1.16395,1.1646800000000002,1.16551,1.1646800000000002,1.16385,1.1663400000000004,0.0008300000000001084,2025-09-02T05:00:00Z,2025-09-02T07:57:00Z,,S2_CLOSE,,,HTF_UNAMBIGUOUS,,2025-09-02T09:00:00Z,2025-09-02T09:00:00Z,1.16175,-3.5301204819273693,0.19277108433732423,-3.7228915662646935,false,2,,,false
V2,EUR/USD_2025-11-01,EUR/USD,1h,supply,2025-07-24T13:00:00Z,1.17363,1.17768,1.17308,1.17718,1.17308,1.17538,1.17538,1.17768,1.1707800000000002,0.0022999999999999687,2025-09-05T14:00:00Z,2025-09-05T14:02:00Z,,TARGET,,,HTF_UNAMBIGUOUS,2025-09-07T23:00:00Z,,2025-09-07T23:00:00Z,1.1707800000000002,2,0.06956521739130529,1.9304347826086947,false,2,,,false
V2,EUR/USD_2025-11-01,EUR/USD,1h,supply,2025-07-24T13:00:00Z,1.17363,1.17768,1.17308,1.17718,1.17308,1.17538,1.17538,1.17768,1.1707800000000002,0.0022999999999999687,2025-09-08T13:00:00Z,2025-09-08T13:14:00Z,,S2_CLOSE,,,HTF_UNAMBIGUOUS,,2025-09-09T05:00:00Z,2025-09-09T05:00:00Z,1.17785,-1.0739130434782633,0.06956521739130529,-1.1434782608695686,false,2,,,false
V2,EUR/USD_2025-11-01,EUR/USD,1h,supply,2025-07-04T13:00:00Z,1.1767,1.17811,1.17664,1.17796,1.17664,1.177375,1.177375,1.17811,1.1759050000000002,0.0007349999999999302,2025-09-09T06:00:00Z,2025-09-09T06:00:00Z,,TARGET,,,ONE_MINUTE_RESOLVED,2025-09-09T06:45:00Z,,2025-09-09T06:00:00Z,1.1759050000000002,2,0.21768707482995267,1.7823129251700474,false,4,,,false
V2,EUR/USD_2025-11-01,EUR/USD,1h,demand,2025-09-08T17:00:00Z,1.17404,1.17477,1.17348,1.17389,1.174125,1.17477,1.174125,1.17348,1.175415,0.0006450000000000067,2025-09-09T11:00:00Z,2025-09-09T11:58:00Z,,TARGET,,,ONE_MINUTE_RESOLVED,2025-09-09T14:00:00Z,,2025-09-09T14:00:00Z,1.175415,2,0.2480620155038734,1.7519379844961267,false,1,,,false
V2,EUR/USD_2025-11-01,EUR/USD,1h,demand,2025-09-08T09:00:00Z,1.17313,1.17313,1.17208,1.17237,1.172605,1.17313,1.172605,1.17208,1.1736549999999997,0.0005249999999998867,2025-09-09T16:00:00Z,2025-09-09T16:00:00Z,,S2_CLOSE,,,ONE_MINUTE_RESOLVED,,2025-09-09T16:00:00Z,2025-09-09T16:00:00Z,1.1719,-1.3428571428573484,0.30476190476197057,-1.6476190476193189,true,1,TOUCH_BAR_CLOSED_BEYOND_S2,,false
V2,EUR/USD_2025-11-01,EUR/USD,1h,supply,2025-09-09T22:00:00Z,1.17114,1.17165,1.17074,1.17119,1.17074,1.171195,1.171195,1.17165,1.1702849999999998,0.0004550000000000942,2025-09-10T04:00:00Z,2025-09-10T04:00:00Z,,S2_CLOSE,,,ONE_MINUTE_RESOLVED,,2025-09-10T04:00:00Z,2025-09-10T04:00:00Z,1.17192,-1.593406593406454,0.35164835164827885,-1.945054945054733,true,1,TOUCH_BAR_CLOSED_BEYOND_S2,,false
V2,EUR/USD_2025-11-01,EUR/USD,1h,supply,2025-09-10T04:00:00Z,1.17123,1.17192,1.17103,1.17192,1.17103,1.171475,1.171475,1.17192,1.170585,0.0004450000000000287,2025-09-10T09:00:00Z,2025-09-10T09:48:00Z,,TARGET,,,HTF_UNAMBIGUOUS,2025-09-10T10:18:00Z,,2025-09-10T10:00:00Z,1.170585,2,0.35955056179772965,1.6404494382022703,false,1,,,false
V2,EUR/USD_2025-11-01,EUR/USD,1h,demand,2025-09-05T11:00:00Z,1.16913,1.1692,1.16778,1.16874,1.16849,1.1692,1.16849,1.16778,1.16991,0.0007099999999999884,2025-09-11T11:00:00Z,2025-09-11T11:00:00Z,,TARGET,,,HTF_UNAMBIGUOUS,2025-09-11T12:30:00Z,,2025-09-11T12:00:00Z,1.16991,2,0.22535211267606003,1.77464788732394,false,1,,,false
V2,EUR/USD_2025-11-01,EUR/USD,1h,supply,2025-09-09T13:00:00Z,1.17376,1.17496,1.17334,1.17418,1.17334,1.17415,1.17415,1.17496,1.17253,0.0008099999999999774,2025-09-11T15:00:00Z,2025-09-11T15:20:00Z,,TARGET,,,HTF_UNAMBIGUOUS,2025-09-12T01:59:00Z,,2025-09-12T01:00:00Z,1.17253,2,0.1975308641975364,1.8024691358024636,false,1,,,false
V2,EUR/USD_2025-11-01,EUR/USD,4h,demand,2025-09-10T05:00:00Z,1.17178,1.1722,1.1691,1.16997,1.17065,1.1722,1.17065,1.1691,1.1737499999999998,0.0015499999999999403,2025-09-12T09:00:00Z,2025-09-12T12:31:00Z,,TARGET,,,HTF_UNAMBIGUOUS,2025-09-12T17:51:00Z,,2025-09-12T17:00:00Z,1.1737499999999998,2,0.10322580645161689,1.896774193548383,false,1,,,false
V2,EUR/USD_2025-11-01,EUR/USD,1h,supply,2025-09-09T13:00:00Z,1.17376,1.17496,1.17334,1.17418,1.17334,1.17415,1.17415,1.17496,1.17253,0.0008099999999999774,2025-09-15T07:00:00Z,2025-09-15T07:33:00Z,,S2_CLOSE,,,HTF_UNAMBIGUOUS,,2025-09-15T10:00:00Z,2025-09-15T10:00:00Z,1.17525,-1.358024691357913,0.1975308641975364,-1.5555555555554494,false,1,,,false
V2,EUR/USD_2025-11-01,EUR/USD,1h,supply,2025-07-04T05:00:00Z,1.17803,1.17857,1.17796,1.17843,1.17796,1.178265,1.178265,1.17857,1.177655,0.0003049999999999997,2025-09-16T03:00:00Z,2025-09-16T03:32:00Z,,TARGET,,,HTF_UNAMBIGUOUS,2025-09-16T04:02:00Z,,2025-09-16T04:00:00Z,1.177655,2,0.5245901639344268,1.4754098360655732,false,1,,,false
V2,EUR/USD_2025-11-01,EUR/USD,1h,supply,2025-07-01T20:00:00Z,1.17905,1.18076,1.17902,1.1806,1.17902,1.1798899999999999,1.1798899999999999,1.18076,1.1781499999999996,0.0008700000000001484,2025-09-16T08:00:00Z,2025-09-16T08:16:00Z,,S2_CLOSE,,,HTF_UNAMBIGUOUS,,2025-09-16T09:00:00Z,2025-09-16T09:00:00Z,1.18139,-1.724137931034254,0.18390804597698013,-1.9080459770112341,false,3,,,false
V2,EUR/USD_2025-11-01,EUR/USD,1h,demand,2025-09-16T15:00:00Z,1.18516,1.18531,1.1835,1.18472,1.184405,1.18531,1.184405,1.1835,1.1862149999999998,0.0009049999999999336,2025-09-17T08:00:00Z,2025-09-17T08:00:00Z,,TARGET,,,ONE_MINUTE_RESOLVED,2025-09-17T18:00:00Z,,2025-09-17T18:00:00Z,1.1862149999999998,2,0.17679558011051022,1.82320441988949,false,1,,,false
V2,EUR/USD_2025-11-01,EUR/USD,1h,demand,2025-09-16T12:00:00Z,1.18142,1.18153,1.1791,1.18042,1.180315,1.18153,1.180315,1.1791,1.182745,0.001214999999999966,2025-09-18T04:00:00Z,2025-09-18T04:34:00Z,,S2_CLOSE,,,HTF_UNAMBIGUOUS,,2025-09-18T05:00:00Z,2025-09-18T05:00:00Z,1.17907,-1.024691358024671,0.13168724279835758,-1.1563786008230286,false,1,,,false
V2,EUR/USD_2025-11-01,EUR/USD,1h,demand,2025-09-15T16:00:00Z,1.17715,1.17744,1.17563,1.17585,1.1765349999999999,1.17744,1.1765349999999999,1.17563,1.1783449999999998,0.0009049999999999336,2025-09-18T13:00:00Z,2025-09-18T13:38:00Z,,TARGET,,,HTF_UNAMBIGUOUS,2025-09-18T15:03:00Z,,2025-09-18T15:00:00Z,1.1783449999999998,2,0.17679558011051022,1.82320441988949,false,5,,,false
V2,EUR/USD_2025-11-01,EUR/USD,1h,demand,2025-09-15T16:00:00Z,1.17715,1.17744,1.17563,1.17585,1.1765349999999999,1.17744,1.1765349999999999,1.17563,1.1783449999999998,0.0009049999999999336,2025-09-19T06:00:00Z,2025-09-19T06:33:00Z,,S2_CLOSE,,,HTF_UNAMBIGUOUS,,2025-09-19T11:00:00Z,2025-09-19T11:00:00Z,1.17367,-3.1657458563537078,0.17679558011051022,-3.342541436464218,false,4,,,false
V2,EUR/USD_2025-11-01,EUR/USD,1h,supply,2025-09-19T13:00:00Z,1.1736,1.17637,1.17355,1.17582,1.17355,1.17496,1.17496,1.17637,1.1721400000000002,0.0014099999999999113,2025-09-19T17:00:00Z,2025-09-19T17:00:00Z,,S2_CLOSE,,,HTF_UNAMBIGUOUS,,2025-09-22T09:00:00Z,2025-09-22T09:00:00Z,1.17759,-1.8652482269504083,0.11347517730497168,-1.9787234042553798,false,1,,,false
V2,EUR/USD_2025-11-01,EUR/USD,1h,supply,2025-09-19T03:00:00Z,1.17802,1.17924,1.17802,1.17819,1.17802,1.17863,1.17863,1.17924,1.17741,0.0006099999999999994,2025-09-22T12:00:00Z,2025-09-22T12:45:00Z,,TARGET,,,HTF_UNAMBIGUOUS,2025-09-22T13:45:00Z,,2025-09-22T13:00:00Z,1.17741,2,0.2622950819672134,1.7377049180327866,false,1,,,false
V2,EUR/USD_2025-11-01,EUR/USD,1h,supply,2025-09-19T03:00:00Z,1.17802,1.17924,1.17802,1.17819,1.17802,1.17863,1.17863,1.17924,1.17741,0.0006099999999999994,2025-09-22T16:00:00Z,2025-09-22T16:16:00Z,,S2_CLOSE,,,HTF_UNAMBIGUOUS,,2025-09-22T17:00:00Z,2025-09-22T17:00:00Z,1.17966,-1.6885245901637136,0.2622950819672134,-1.950819672130927,false,1,,,false
V2,EUR/USD_2025-11-01,EUR/USD,1h,demand,2025-09-22T21:00:00Z,1.18027,1.18027,1.1789,1.1798,1.1795849999999999,1.18027,1.1795849999999999,1.1789,1.1809549999999995,0.0006849999999998246,2025-09-23T06:00:00Z,2025-09-23T06:04:00Z,,TARGET,,,HTF_UNAMBIGUOUS,2025-09-23T09:21:00Z,,2025-09-23T09:00:00Z,1.1809549999999995,2,0.23357664233582623,1.7664233576641737,false,1,,,false
V2,EUR/USD_2025-11-01,EUR/USD,1h,demand,2025-09-22T21:00:00Z,1.18027,1.18027,1.1789,1.1798,1.1795849999999999,1.18027,1.1795849999999999,1.1789,1.1809549999999995,0.0006849999999998246,2025-09-23T10:00:00Z,2025-09-23T10:25:00Z,,TARGET,,,HTF_UNAMBIGUOUS,2025-09-23T17:26:00Z,,2025-09-23T17:00:00Z,1.1809549999999995,2,0.23357664233582623,1.7664233576641737,false,2,,,false
V2,EUR/USD_2025-11-01,EUR/USD,1h,demand,2025-09-23T14:00:00Z,1.17996,1.18053,1.17926,1.17953,1.1798950000000001,1.18053,1.1798950000000001,1.17926,1.1811650000000005,0.0006350000000001632,2025-09-24T02:00:00Z,2025-09-24T02:00:00Z,,S2_CLOSE,,,HTF_UNAMBIGUOUS,,2025-09-24T06:00:00Z,2025-09-24T06:00:00Z,1.17873,-1.8346456692909971,0.25196850393694314,-2.0866141732279404,false,1,,,false
V2,EUR/USD_2025-11-01,EUR/USD,1h,demand,2025-09-23T07:00:00Z,1.1795,1.17998,1.17785,1.17904,1.178915,1.17998,1.178915,1.17785,1.1810449999999997,0.0010649999999998716,2025-09-24T07:00:00Z,2025-09-24T07:00:00Z,,S2_CLOSE,,,HTF_UNAMBIGUOUS,,2025-09-24T08:00:00Z,2025-09-24T08:00:00Z,1.17718,-1.6291079812208933,0.1502347417840557,-1.779342723004949,false,1,,,false
V2,EUR/USD_2025-11-01,EUR/USD,1h,demand,2025-09-22T02:00:00Z,1.17325,1.17336,1.17273,1.17279,1.1730450000000001,1.17336,1.1730450000000001,1.17273,1.1736750000000002,0.00031500000000006523,2025-09-24T13:00:00Z,2025-09-24T13:44:00Z,,TARGET,,,ONE_MINUTE_RESOLVED,2025-09-24T13:48:00Z,,2025-09-24T13:00:00Z,1.1736750000000002,2,0.5079365079364028,1.4920634920635973,false,2,,,false
V2,EUR/USD_2025-11-01,EUR/USD,1h,demand,2025-09-22T02:00:00Z,1.17325,1.17336,1.17273,1.17279,1.1730450000000001,1.17336,1.1730450000000001,1.17273,1.1736750000000002,0.00031500000000006523,2025-09-24T16:00:00Z,2025-09-24T16:57:00Z,,TARGET,,,HTF_UNAMBIGUOUS,2025-09-24T17:06:00Z,,2025-09-24T17:00:00Z,1.1736750000000002,2,0.5079365079364028,1.4920634920635973,false,2,,,false
V2,EUR/USD_2025-11-01,EUR/USD,4h,demand,2025-09-19T09:00:00Z,1.17609,1.17687,1.17288,1.1736,1.1748750000000001,1.17687,1.1748750000000001,1.17288,1.1788650000000005,0.001995000000000191,2025-09-25T01:00:00Z,2025-09-25T01:00:00Z,,S2_CLOSE,,,HTF_UNAMBIGUOUS,,2025-09-25T09:00:00Z,2025-09-25T09:00:00Z,1.16981,-2.5388471177942917,0.08020050125312515,-2.619047619047417,false,2,,,false
V2,EUR/USD_2025-11-01,EUR/USD,1h,demand,2025-09-05T04:00:00Z,1.16715,1.16721,1.16644,1.16669,1.166825,1.16721,1.166825,1.16644,1.1675950000000002,0.0003850000000000797,2025-09-25T15:00:00Z,2025-09-25T15:10:00Z,,TARGET,,,ONE_MINUTE_RESOLVED,2025-09-25T15:16:00Z,,2025-09-25T15:00:00Z,1.1675950000000002,2,0.41558441558432957,1.5844155844156704,false,1,,,false
V2,EUR/USD_2025-11-01,EUR/USD,1h,demand,2025-09-05T06:00:00Z,1.16768,1.1678,1.16658,1.16707,1.16719,1.1678,1.16719,1.16658,1.16841,0.0006099999999999994,2025-09-25T16:00:00Z,2025-09-25T16:00:00Z,,S2_CLOSE,,,HTF_UNAMBIGUOUS,,2025-09-25T17:00:00Z,2025-09-25T17:00:00Z,1.16575,-2.3606557377047332,0.2622950819672134,-2.6229508196719467,false,1,,,false
V2,EUR/USD_2025-11-01,EUR/USD,4h,supply,2025-09-25T01:00:00Z,1.17474,1.17536,1.17406,1.1752,1.17406,1.1747100000000001,1.1747100000000001,1.17536,1.1734100000000005,0.0006499999999998174,2025-09-29T09:00:00Z,2025-09-29T12:56:00Z,,TARGET,,,HTF_UNAMBIGUOUS,2025-09-29T14:22:00Z,,2025-09-29T13:00:00Z,1.1734100000000005,2,0.24615384615391533,1.7538461538460846,false,1,,,false
V2,EUR/USD_2025-11-01,EUR/USD,1h,supply,2025-09-29T16:00:00Z,1.1729,1.17331,1.17253,1.17292,1.17253,1.17292,1.17292,1.17331,1.1721399999999997,0.0003900000000001125,2025-09-30T05:00:00Z,2025-09-30T05:00:00Z,,S2_CLOSE,,,ONE_MINUTE_RESOLVED,,2025-09-30T05:00:00Z,2025-09-30T05:00:00Z,1.17335,-1.1025641025636062,0.41025641025629195,-1.5128205128198982,true,1,TOUCH_BAR_CLOSED_BEYOND_S2,,false
V2,EUR/USD_2025-11-01,EUR/USD,4h,supply,2025-09-25T01:00:00Z,1.17474,1.17536,1.17406,1.1752,1.17406,1.1747100000000001,1.1747100000000001,1.17536,1.1734100000000005,0.0006499999999998174,2025-09-30T05:00:00Z,2025-09-30T07:18:00Z,,S2_CLOSE,,,ONE_MINUTE_RESOLVED,,2025-09-30T05:00:00Z,2025-09-30T05:00:00Z,1.17556,-1.3076923076923603,0.24615384615391533,-1.5538461538462758,true,1,TOUCH_BAR_CLOSED_BEYOND_S2,,false
V2,EUR/USD_2025-11-01,EUR/USD,1h,supply,2025-09-30T08:00:00Z,1.17441,1.17611,1.17432,1.17556,1.17432,1.1752150000000001,1.1752150000000001,1.17611,1.1734250000000004,0.0008949999999998681,2025-10-01T04:00:00Z,2025-10-01T04:48:00Z,,S2_CLOSE,,,HTF_UNAMBIGUOUS,,2025-10-01T06:00:00Z,2025-10-01T06:00:00Z,1.17677,-1.7374301675979913,0.17877094972069674,-1.9162011173186881,false,2,,,false
V2,EUR/USD_2025-11-01,EUR/USD,1h,supply,2025-10-01T06:00:00Z,1.17525,1.17746,1.17507,1.17677,1.17507,1.176265,1.176265,1.17746,1.1738749999999998,0.0011950000000000571,2025-10-01T12:00:00Z,2025-10-01T12:18:00Z,,TARGET,,,HTF_UNAMBIGUOUS,2025-10-01T14:21:00Z,,2025-10-01T14:00:00Z,1.1738749999999998,2,0.13389121338911494,1.866108786610885,false,1,,,false
V2,EUR/USD_2025-11-01,EUR/USD,1h,demand,2025-10-01T10:00:00Z,1.17328,1.17335,1.17159,1.17253,1.17247,1.17335,1.17247,1.17159,1.1742299999999999,0.0008799999999999919,2025-10-01T16:00:00Z,2025-10-01T16:00:00Z,,TARGET,,,HTF_UNAMBIGUOUS,2025-10-02T06:06:00Z,,2025-10-02T06:00:00Z,1.1742299999999999,2,0.18181818181818352,1.8181818181818166,false,1,,,false
V2,EUR/USD_2025-11-01,EUR/USD,1h,demand,2025-10-01T15:00:00Z,1.17461,1.17493,1.17212,1.17229,1.1735250000000002,1.17493,1.1735250000000002,1.17212,1.1763350000000004,0.0014050000000001006,2025-10-02T12:00:00Z,2025-10-02T12:57:00Z,,S2_CLOSE,,,HTF_UNAMBIGUOUS,,2025-10-02T14:00:00Z,2025-10-02T14:00:00Z,1.17135,-1.5480427046264087,0.11387900355871071,-1.6619217081851194,false,3,,,false
V2,EUR/USD_2025-11-01,EUR/USD,1h,demand,2025-10-02T17:00:00Z,1.17149,1.17204,1.17123,1.17136,1.171635,1.17204,1.171635,1.17123,1.172445,0.0004049999999999887,2025-10-05T22:00:00Z,2025-10-05T22:10:00Z,,TARGET,,,HTF_UNAMBIGUOUS,2025-10-06T01:53:00Z,,2025-10-06T01:00:00Z,1.172445,2,0.3950617283950728,1.6049382716049272,false,2,,,false
V2,EUR/USD_2025-11-01,EUR/USD,1h,demand,2025-10-02T20:00:00Z,1.17188,1.17242,1.17145,1.17153,1.171935,1.17242,1.171935,1.17145,1.1729049999999996,0.00048499999999984666,2025-10-06T05:00:00Z,2025-10-06T05:14:00Z,,S2_CLOSE,,,HTF_UNAMBIGUOUS,,2025-10-06T06:00:00Z,2025-10-06T06:00:00Z,1.16936,-5.30927835051713,0.32989690721659914,-5.639175257733729,false,1,,,false
V2,EUR/USD_2025-11-01,EUR/USD,4h,supply,2025-10-06T00:00:00Z,1.17123,1.17307,1.17101,1.17237,1.17101,1.17204,1.17204,1.17307,1.1699799999999998,0.0010300000000000864,2025-10-06T12:00:00Z,2025-10-06T15:04:00Z,,TARGET,,,HTF_UNAMBIGUOUS,2025-10-07T01:39:00Z,,2025-10-07T00:00:00Z,1.1699799999999998,2,0.1553398058252297,1.8446601941747702,false,1,,,false
V2,EUR/USD_2025-11-01,EUR/USD,1h,supply,2025-10-06T14:00:00Z,1.16994,1.17177,1.16951,1.17165,1.16951,1.1706400000000001,1.1706400000000001,1.17177,1.1683800000000004,0.0011299999999998533,2025-10-07T04:00:00Z,2025-10-07T04:17:00Z,,TARGET,,,HTF_UNAMBIGUOUS,2025-10-07T06:08:00Z,,2025-10-07T06:00:00Z,1.1683800000000004,2,0.1415929203540007,1.8584070796459993,false,1,,,false
V2,EUR/USD_2025-11-01,EUR/USD,4h,demand,2025-09-02T09:00:00Z,1.16454,1.16535,1.16103,1.16175,1.1631900000000002,1.16535,1.1631900000000002,1.16103,1.1675100000000005,0.002160000000000162,2025-10-08T00:00:00Z,2025-10-08T01:27:00Z,,S2_CLOSE,,,HTF_UNAMBIGUOUS,,2025-10-08T12:00:00Z,2025-10-08T12:00:00Z,1.16059,-1.2037037037036866,0.07407407407406853,-1.2777777777777553,false,2,,,false
V2,EUR/USD_2025-11-01,EUR/USD,1h,supply,2025-10-08T10:00:00Z,1.16111,1.16361,1.16092,1.16336,1.16092,1.162265,1.162265,1.16361,1.1595750000000002,0.0013449999999999296,2025-10-08T19:00:00Z,2025-10-08T19:00:00Z,,S2_CLOSE,,,HTF_UNAMBIGUOUS,,2025-10-08T22:00:00Z,2025-10-08T22:00:00Z,1.16374,-1.0966542750929147,0.11895910780669769,-1.2156133828996123,false,2,,,false
V2,EUR/USD_2025-11-01,EUR/USD,1h,supply,2025-10-08T13:00:00Z,1.16325,1.16445,1.16274,1.16325,1.16274,1.163595,1.163595,1.16445,1.1618849999999998,0.0008550000000000502,2025-10-08T23:00:00Z,2025-10-08T23:00:00Z,,S2_CLOSE,,,HTF_UNAMBIGUOUS,,2025-10-09T03:00:00Z,2025-10-09T03:00:00Z,1.16448,-1.0350877192982137,0.18713450292396563,-1.2222222222221795,false,1,,,false
V2,EUR/USD_2025-11-01,EUR/USD,4h,supply,2025-10-09T08:00:00Z,1.1611,1.16272,1.1603,1.1612,1.1603,1.16151,1.16151,1.16272,1.1590900000000002,0.0012099999999999334,2025-10-13T00:00:00Z,2025-10-13T00:59:00Z,,TARGET,,,HTF_UNAMBIGUOUS,2025-10-13T08:27:00Z,,2025-10-13T08:00:00Z,1.1590900000000002,2,0.132231404958685,1.867768595041315,false,1,,,false
V2,EUR/USD_2025-11-01,EUR/USD,1h,demand,2025-10-10T11:00:00Z,1.15716,1.15747,1.15606,1.15609,1.156765,1.15747,1.156765,1.15606,1.158175,0.0007049999999999557,2025-10-13T11:00:00Z,2025-10-13T11:57:00Z,,TARGET,,,HTF_UNAMBIGUOUS,2025-10-14T03:50:00Z,,2025-10-14T03:00:00Z,1.158175,2,0.22695035460994337,1.7730496453900566,false,2,,,false
V2,EUR/USD_2025-11-01,EUR/USD,1h,supply,2025-10-13T09:00:00Z,1.15853,1.1598,1.15845,1.15941,1.15845,1.159125,1.159125,1.1598,1.157775,0.0006749999999999812,2025-10-14T04:00:00Z,2025-10-14T04:50:00Z,,TARGET,,,HTF_UNAMBIGUOUS,2025-10-14T06:23:00Z,,2025-10-14T06:00:00Z,1.157775,2,0.23703703703704368,1.7629629629629564,false,1,,,false
V2,EUR/USD_2025-11-01,EUR/USD,1h,supply,2025-10-13T09:00:00Z,1.15853,1.1598,1.15845,1.15941,1.15845,1.159125,1.159125,1.1598,1.157775,0.0006749999999999812,2025-10-14T14:00:00Z,2025-10-14T14:40:00Z,,S2_CLOSE,,,HTF_UNAMBIGUOUS,,2025-10-14T15:00:00Z,2025-10-14T15:00:00Z,1.16072,-2.3629629629630484,0.23703703703704368,-2.600000000000092,false,1,,,false
V2,EUR/USD_2025-11-01,EUR/USD,1h,supply,2025-10-13T01:00:00Z,1.16176,1.1621,1.16097,1.16198,1.16097,1.161535,1.161535,1.1621,1.1604050000000001,0.0005649999999999267,2025-10-14T21:00:00Z,2025-10-14T21:12:00Z,,TARGET,,,HTF_UNAMBIGUOUS,2025-10-15T00:00:00Z,,2025-10-15T00:00:00Z,1.1604050000000001,2,0.2831858407080014,1.7168141592919985,false,1,,,false
V2,EUR/USD_2025-11-01,EUR/USD,1h,supply,2025-10-13T03:00:00Z,1.16196,1.16216,1.16161,1.16208,1.16161,1.161885,1.161885,1.16216,1.161335,0.0002750000000000252,2025-10-15T01:00:00Z,2025-10-15T01:21:00Z,,S2_CLOSE,,,HTF_UNAMBIGUOUS,,2025-10-15T02:00:00Z,2025-10-15T02:00:00Z,1.16229,-1.4727272727270966,0.5818181818181285,-2.054545454545225,false,1,,,false
V2,EUR/USD_2025-11-01,EUR/USD,4h,supply,2025-10-09T00:00:00Z,1.16289,1.16475,1.1628,1.16448,1.1628,1.163775,1.163775,1.16475,1.161825,0.0009749999999999481,2025-10-15T04:00:00Z,2025-10-15T06:55:00Z,,TARGET,,,HTF_UNAMBIGUOUS,2025-10-15T12:01:00Z,,2025-10-15T12:00:00Z,1.161825,2,0.16410256410257285,1.8358974358974272,false,1,,,false
V2,EUR/USD_2025-11-01,EUR/USD,1h,demand,2025-10-15T04:00:00Z,1.16226,1.16242,1.16169,1.16182,1.162055,1.16242,1.162055,1.16169,1.1627850000000004,0.00036500000000017074,2025-10-15T14:00:00Z,2025-10-15T14:38:00Z,,TARGET,,,HTF_UNAMBIGUOUS,2025-10-15T15:17:00Z,,2025-10-15T15:00:00Z,1.1627850000000004,2,0.4383561643833566,1.5616438356166433,false,1,,,false
V2,EUR/USD_2025-11-01,EUR/USD,4h,supply,2025-10-09T00:00:00Z,1.16289,1.16475,1.1628,1.16448,1.1628,1.163775,1.163775,1.16475,1.161825,0.0009749999999999481,2025-10-15T12:00:00Z,2025-10-15T15:40:00Z,,S2_CLOSE,,,HTF_UNAMBIGUOUS,,2025-10-15T20:00:00Z,2025-10-15T20:00:00Z,1.16496,-1.2153846153846715,0.16410256410257285,-1.3794871794872443,false,2,,,false
V2,EUR/USD_2025-11-01,EUR/USD,1h,supply,2025-10-07T10:00:00Z,1.16661,1.16758,1.1663,1.16741,1.1663,1.1669399999999999,1.1669399999999999,1.16758,1.1656599999999995,0.000640000000000196,2025-10-16T02:00:00Z,2025-10-16T02:00:00Z,,TARGET,,,HTF_UNAMBIGUOUS,2025-10-16T04:44:00Z,,2025-10-16T04:00:00Z,1.1656599999999995,2,0.24999999999992348,1.7500000000000766,false,2,,,false
V2,EUR/USD_2025-11-01,EUR/USD,4h,supply,2025-10-07T12:00:00Z,1.16621,1.16798,1.16542,1.16731,1.16542,1.1667,1.1667,1.16798,1.1641400000000002,0.0012799999999999478,2025-10-16T04:00:00Z,2025-10-16T06:15:00Z,,S2_CLOSE,,,HTF_UNAMBIGUOUS,,2025-10-16T16:00:00Z,2025-10-16T16:00:00Z,1.16889,-1.7109375000000027,0.1250000000000051,-1.8359375000000078,false,2,,,false
V2,EUR/USD_2025-11-01,EUR/USD,1h,supply,2025-10-06T14:00:00Z,1.16994,1.17177,1.16951,1.17165,1.16951,1.1706400000000001,1.1706400000000001,1.17177,1.1683800000000004,0.0011299999999998533,2025-10-17T00:00:00Z,2025-10-17T00:50:00Z,,S2_CLOSE,,,HTF_UNAMBIGUOUS,,2025-10-17T05:00:00Z,2025-10-17T05:00:00Z,1.17228,-1.4513274336283863,0.1415929203540007,-1.592920353982387,false,3,,,false
V2,EUR/USD_2025-11-01,EUR/USD,1h,demand,2025-10-16T20:00:00Z,1.16888,1.16914,1.16849,1.1687,1.168815,1.16914,1.168815,1.16849,1.1694649999999998,0.0003249999999999087,2025-10-17T10:00:00Z,2025-10-17T10:58:00Z,,TARGET,,,HTF_UNAMBIGUOUS,2025-10-17T11:06:00Z,,2025-10-17T11:00:00Z,1.1694649999999998,2,0.49230769230783067,1.5076923076921693,false,1,,,false
V2,EUR/USD_2025-11-01,EUR/USD,1h,demand,2025-10-16T15:00:00Z,1.16769,1.16779,1.16611,1.16644,1.16695,1.16779,1.16695,1.16611,1.1686299999999998,0.0008399999999999519,2025-10-17T12:00:00Z,2025-10-17T12:38:00Z,,S2_CLOSE,,,HTF_UNAMBIGUOUS,,2025-10-17T20:00:00Z,2025-10-17T20:00:00Z,1.16508,-2.2261904761906495,0.1904761904762014,-2.416666666666851,false,1,,,false
V2,EUR/USD_2025-11-01,EUR/USD,1h,demand,2025-10-16T13:00:00Z,1.1661,1.16642,1.16501,1.16576,1.165715,1.16642,1.165715,1.16501,1.167125,0.0007049999999999557,2025-10-20T06:00:00Z,2025-10-20T06:57:00Z,,S2_CLOSE,,,HTF_UNAMBIGUOUS,,2025-10-20T13:00:00Z,2025-10-20T13:00:00Z,1.16489,-1.1702127659576278,0.22695035460994337,-1.3971631205675712,false,1,,,false
V2,EUR/USD_2025-11-01,EUR/USD,1h,demand,2025-10-15T23:00:00Z,1.16509,1.16523,1.16469,1.16496,1.16496,1.16523,1.16496,1.16469,1.1655,0.00026999999999999247,2025-10-20T14:00:00Z,2025-10-20T14:00:00Z,,TARGET,,,ONE_MINUTE_RESOLVED,2025-10-20T14:15:00Z,,2025-10-20T14:00:00Z,1.1655,2,0.5925925925926092,1.4074074074073908,false,2,,,false
V2,EUR/USD_2025-11-01,EUR/USD,1h,demand,2025-10-15T23:00:00Z,1.16509,1.16523,1.16469,1.16496,1.16496,1.16523,1.16496,1.16469,1.1655,0.00026999999999999247,2025-10-20T16:00:00Z,2025-10-20T16:53:00Z,,S2_CLOSE,,,HTF_UNAMBIGUOUS,,2025-10-20T17:00:00Z,2025-10-20T17:00:00Z,1.16433,-2.333333333333059,0.5925925925926092,-2.925925925925668,false,2,,,false
V2,EUR/USD_2025-11-01,EUR/USD,1h,demand,2025-10-15T21:00:00Z,1.1647,1.1647,1.16417,1.16436,1.164435,1.1647,1.164435,1.16417,1.1649650000000005,0.00026500000000018176,2025-10-20T19:00:00Z,2025-10-20T19:33:00Z,,S2_CLOSE,,,ONE_MINUTE_RESOLVED,,2025-10-20T19:00:00Z,2025-10-20T19:00:00Z,1.16409,-1.3018867924520872,0.6037735849052464,-1.9056603773573335,true,2,TOUCH_BAR_CLOSED_BEYOND_S2;PRODUCTION_WOULD_PICK_ANOTHER_ZONE,,false
V2,EUR/USD_2025-11-01,EUR/USD,1h,supply,2025-10-20T11:00:00Z,1.16531,1.16565,1.16444,1.16565,1.16444,1.165045,1.165045,1.16565,1.1638350000000002,0.0006049999999999667,2025-10-20T21:00:00Z,2025-10-20T21:14:00Z,,TARGET,,,HTF_UNAMBIGUOUS,2025-10-21T02:38:00Z,,2025-10-21T02:00:00Z,1.1638350000000002,2,0.26446280991737,1.73553719008263,false,1,,,false
V2,EUR/USD_2025-11-01,EUR/USD,1h,demand,2025-10-15T17:00:00Z,1.16399,1.16401,1.16269,1.16294,1.1633499999999999,1.16401,1.1633499999999999,1.16269,1.1646699999999996,0.0006599999999998829,2025-10-21T04:00:00Z,2025-10-21T04:04:00Z,,S2_CLOSE,,,HTF_UNAMBIGUOUS,,2025-10-21T05:00:00Z,2025-10-21T05:00:00Z,1.16256,-1.1969696969696766,0.24242424242428545,-1.439393939393962,false,1,,,false
V2,EUR/USD_2025-11-01,EUR/USD,1h,demand,2025-10-15T04:00:00Z,1.16226,1.16242,1.16169,1.16182,1.162055,1.16242,1.162055,1.16169,1.1627850000000004,0.00036500000000017074,2025-10-21T06:00:00Z,2025-10-21T06:07:00Z,,TARGET,,,ONE_MINUTE_RESOLVED,2025-10-21T06:38:00Z,,2025-10-21T06:00:00Z,1.1627850000000004,2,0.4383561643833566,1.5616438356166433,false,1,,,false
V2,EUR/USD_2025-11-01,EUR/USD,1h,demand,2025-10-15T04:00:00Z,1.16226,1.16242,1.16169,1.16182,1.162055,1.16242,1.162055,1.16169,1.1627850000000004,0.00036500000000017074,2025-10-21T08:00:00Z,2025-10-21T08:05:00Z,,S2_CLOSE,,,HTF_UNAMBIGUOUS,,2025-10-21T11:00:00Z,2025-10-21T11:00:00Z,1.16128,-2.1232876712318016,0.4383561643833566,-2.561643835615158,false,1,,,false
V2,EUR/USD_2025-11-01,EUR/USD,1h,demand,2025-10-14T18:00:00Z,1.16094,1.16118,1.16034,1.1605,1.16076,1.16118,1.16076,1.16034,1.1616000000000002,0.00042000000000008697,2025-10-21T12:00:00Z,2025-10-21T12:09:00Z,,TARGET,,,HTF_UNAMBIGUOUS,2025-10-21T13:38:00Z,,2025-10-21T13:00:00Z,1.1616000000000002,2,0.3809523809523021,1.619047619047698,false,1,,,false
V2,EUR/USD_2025-11-01,EUR/USD,1h,demand,2025-10-14T18:00:00Z,1.16094,1.16118,1.16034,1.1605,1.16076,1.16118,1.16076,1.16034,1.1616000000000002,0.00042000000000008697,2025-10-21T14:00:00Z,2025-10-21T14:03:00Z,,TARGET,,,ONE_MINUTE_RESOLVED,2025-10-21T14:23:00Z,,2025-10-21T14:00:00Z,1.1616000000000002,2,0.3809523809523021,1.619047619047698,false,1,,,false
V2,EUR/USD_2025-11-01,EUR/USD,4h,demand,2025-10-14T16:00:00Z,1.16076,1.16147,1.16013,1.16055,1.1608,1.16147,1.1608,1.16013,1.16214,0.0006699999999999484,2025-10-21T16:00:00Z,2025-10-21T16:52:00Z,,S2_CLOSE,,,ONE_MINUTE_RESOLVED,,2025-10-21T16:00:00Z,2025-10-21T16:00:00Z,1.16006,-1.1044776119403281,0.23880597014927213,-1.3432835820896003,true,1,TOUCH_BAR_CLOSED_BEYOND_S2,,false
V2,EUR/USD_2025-11-01,EUR/USD,1h,supply,2025-10-21T13:00:00Z,1.16114,1.16169,1.1603,1.16126,1.1603,1.160995,1.160995,1.16169,1.1596050000000002,0.0006949999999998902,2025-10-21T21:00:00Z,2025-10-21T21:18:00Z,,TARGET,,,HTF_UNAMBIGUOUS,2025-10-22T08:03:00Z,,2025-10-22T08:00:00Z,1.1596050000000002,2,0.2302158273381659,1.7697841726618342,false,3,,,false
V2,EUR/USD_2025-11-01,EUR/USD,1h,supply,2025-10-21T13:00:00Z,1.16114,1.16169,1.1603,1.16126,1.1603,1.160995,1.160995,1.16169,1.1596050000000002,0.0006949999999998902,2025-10-22T14:00:00Z,2025-10-22T14:54:00Z,,S2_CLOSE,,,HTF_UNAMBIGUOUS,,2025-10-22T16:00:00Z,2025-10-22T16:00:00Z,1.16195,-1.3741007194247339,0.2302158273381659,-1.6043165467628997,false,3,,,false
V2,EUR/USD_2025-11-01,EUR/USD,1h,demand,2025-10-22T11:00:00Z,1.15861,1.15889,1.15825,1.15825,1.15857,1.15889,1.15857,1.15825,1.1592100000000003,0.000320000000000098,2025-10-23T10:00:00Z,2025-10-23T10:58:00Z,,TARGET,,,HTF_UNAMBIGUOUS,2025-10-23T11:35:00Z,,2025-10-23T11:00:00Z,1.1592100000000003,2,0.49999999999984696,1.500000000000153,false,1,,,false
V2,EUR/USD_2025-11-01,EUR/USD,1h,supply,2025-10-22T16:00:00Z,1.16158,1.16222,1.16135,1.16195,1.16135,1.161785,1.161785,1.16222,1.1609150000000001,0.0004349999999999632,2025-10-23T14:00:00Z,2025-10-23T14:30:00Z,,TARGET,,,HTF_UNAMBIGUOUS,2025-10-23T15:13:00Z,,2025-10-23T15:00:00Z,1.1609150000000001,2,0.3678160919540541,1.632183908045946,false,2,,,false
V2,EUR/USD_2025-11-01,EUR/USD,4h,supply,2025-10-21T12:00:00Z,1.16138,1.16179,1.15977,1.16151,1.15977,1.16078,1.16078,1.16179,1.1587599999999996,0.0010100000000001774,2025-10-23T16:00:00Z,2025-10-23T16:00:00Z,,S2_CLOSE,,,HTF_UNAMBIGUOUS,,2025-10-24T04:00:00Z,2025-10-24T04:00:00Z,1.16186,-1.0693069306928515,0.1584158415841306,-1.2277227722769821,false,2,,,false
V2,EUR/USD_2025-11-01,EUR/USD,1h,demand,2025-10-26T22:00:00Z,1.16308,1.16356,1.16266,1.16296,1.16311,1.16356,1.16311,1.16266,1.1640100000000002,0.00045000000000006146,2025-10-27T03:00:00Z,2025-10-27T03:00:00Z,,S2_CLOSE,,,HTF_UNAMBIGUOUS,,2025-10-27T04:00:00Z,2025-10-27T04:00:00Z,1.16243,-1.5111111111109357,0.355555555555507,-1.8666666666664427,false,1,,,false
V2,EUR/USD_2025-11-01,EUR/USD,1h,demand,2025-10-24T15:00:00Z,1.16257,1.16357,1.16219,1.16256,1.16288,1.16357,1.16288,1.16219,1.1642599999999996,0.0006899999999998574,2025-10-27T06:00:00Z,2025-10-27T06:00:00Z,,S2_CLOSE,,,HTF_UNAMBIGUOUS,,2025-10-27T07:00:00Z,2025-10-27T07:00:00Z,1.16206,-1.1884057971014352,0.23188405797106243,-1.4202898550724976,false,2,,,false
V2,EUR/USD_2025-11-01,EUR/USD,1h,supply,2025-10-21T00:00:00Z,1.16438,1.16551,1.16432,1.16531,1.16432,1.1649150000000001,1.1649150000000001,1.16551,1.1637250000000003,0.0005949999999999012,2025-10-27T12:00:00Z,2025-10-27T12:04:00Z,,TARGET,,,HTF_UNAMBIGUOUS,2025-10-27T13:38:00Z,,2025-10-27T13:00:00Z,1.1637250000000003,2,0.26890756302525476,1.7310924369747451,false,1,,,false
V2,EUR/USD_2025-11-01,EUR/USD,1h,supply,2025-10-20T11:00:00Z,1.16531,1.16565,1.16444,1.16565,1.16444,1.165045,1.165045,1.16565,1.1638350000000002,0.0006049999999999667,2025-10-27T18:00:00Z,2025-10-27T18:55:00Z,,S2_CLOSE,,,HTF_UNAMBIGUOUS,,2025-10-28T01:00:00Z,2025-10-28T01:00:00Z,1.1658,-1.2479338842973235,0.26446280991737,-1.5123966942146936,false,2,,,false
V2,EUR/USD_2025-11-01,EUR/USD,1h,supply,2025-10-20T08:00:00Z,1.16623,1.16663,1.16579,1.16635,1.16579,1.16621,1.16621,1.16663,1.1653699999999998,0.00042000000000008697,2025-10-28T02:00:00Z,2025-10-28T02:06:00Z,,S2_CLOSE,,,HTF_UNAMBIGUOUS,,2025-10-28T04:00:00Z,2025-10-28T04:00:00Z,1.16667,-1.0952380952381708,0.3809523809523021,-1.476190476190473,false,1,,,false
V2,EUR/USD_2025-11-01,EUR/USD,1h,demand,2025-10-27T17:00:00Z,1.16385,1.16413,1.16358,1.16383,1.163855,1.16413,1.163855,1.16358,1.1644050000000001,0.0002750000000000252,2025-10-28T12:00:00Z,2025-10-28T12:55:00Z,,TARGET,,,HTF_UNAMBIGUOUS,2025-10-28T14:05:00Z,,2025-10-28T14:00:00Z,1.1644050000000001,2,0.5818181818181285,1.4181818181818715,false,2,,,false
V2,EUR/USD_2025-11-01,EUR/USD,1h,demand,2025-10-27T17:00:00Z,1.16385,1.16413,1.16358,1.16383,1.163855,1.16413,1.163855,1.16358,1.1644050000000001,0.0002750000000000252,2025-10-29T03:00:00Z,2025-10-29T03:41:00Z,,S2_CLOSE,,,HTF_UNAMBIGUOUS,,2025-10-29T04:00:00Z,2025-10-29T04:00:00Z,1.16338,-1.7272727272725805,0.5818181818181285,-2.309090909090709,false,2,,,false
V2,EUR/USD_2025-11-01,EUR/USD,1h,demand,2025-10-28T13:00:00Z,1.16406,1.16406,1.1626,1.16399,1.1633300000000002,1.16406,1.1633300000000002,1.1626,1.1647900000000004,0.0007300000000001194,2025-10-29T05:00:00Z,2025-10-29T05:09:00Z,,S2_CLOSE,,,HTF_UNAMBIGUOUS,,2025-10-29T08:00:00Z,2025-10-29T08:00:00Z,1.16256,-1.054794520547991,0.21917808219174498,-1.273972602739736,false,1,,,false
V2,EUR/USD_2025-11-01,EUR/USD,1h,demand,2025-10-22T11:00:00Z,1.15861,1.15889,1.15825,1.15825,1.15857,1.15889,1.15857,1.15825,1.1592100000000003,0.000320000000000098,2025-10-29T18:00:00Z,2025-10-29T18:42:00Z,,TARGET,,,ONE_MINUTE_RESOLVED,2025-10-29T18:44:00Z,,2025-10-29T18:00:00Z,1.1592100000000003,2,0.49999999999984696,1.500000000000153,false,5,,,false
V2,EUR/USD_2025-11-01,EUR/USD,4h,demand,2025-10-14T04:00:00Z,1.15787,1.15935,1.15427,1.15495,1.1568100000000001,1.15935,1.1568100000000001,1.15427,1.1618900000000005,0.0025400000000002088,2025-10-30T20:00:00Z,2025-10-30T20:00:00Z,,S2_CLOSE,,,HTF_UNAMBIGUOUS,,2025-10-31T12:00:00Z,2025-10-31T12:00:00Z,1.15403,-1.0944881889763773,0.06299212598424679,-1.157480314960624,false,1,,,false
V2,EUR/USD_2025-11-01,EUR/USD,1h,demand,2025-08-01T18:00:00Z,1.15268,1.15481,1.15216,1.15261,1.1534849999999999,1.15481,1.1534849999999999,1.15216,1.1561349999999995,0.0013249999999997986,2025-10-31T20:00:00Z,2025-10-31T20:00:00Z,,OPEN_AT_DATA_END,,,DATA_END,,,,,,0.12075471698115044,,false,2,,,true
V2,BTC/USD_2022-07-01,BTC/USD,1h,supply,2022-04-17T19:00:00Z,40094.98047,40406.14062,40089.67188,40376.48047,40089.67188,40247.90625,40247.90625,40406.14062,39931.43751,158.2343699999983,2022-04-18T17:00:00Z,2022-04-18T17:11:00Z,,TARGET,,,ONE_MINUTE_RESOLVED,2022-04-18T17:24:00Z,,2022-04-18T17:00:00Z,39931.43751,2,0.7630688500229204,1.2369311499770796,false,2,,,false
V2,BTC/USD_2022-07-01,BTC/USD,1h,demand,2022-04-21T05:00:00Z,41601.92188,41698.98828,41439.66016,41462.76172,41569.324219999995,41698.98828,41569.324219999995,41439.66016,41828.652339999986,129.66405999999552,2022-04-21T17:00:00Z,2022-04-21T17:39:00Z,,S2_CLOSE,,,HTF_UNAMBIGUOUS,,2022-04-21T19:00:00Z,2022-04-21T19:00:00Z,41229.12109,-2.6237272687590236,0.9617774783544824,-3.585504747113506,false,1,,,false
V2,BTC/USD_2022-07-01,BTC/USD,1h,demand,2022-04-19T05:00:00Z,40860.011719,40860.011719,40660.96875,40660.96875,40760.4902345,40860.011719,40760.4902345,40660.96875,40959.5332035,99.52148450000095,2022-04-21T20:00:00Z,2022-04-21T20:40:00Z,,S2_CLOSE,,,ONE_MINUTE_RESOLVED,,2022-04-21T20:00:00Z,2022-04-21T20:00:00Z,40612.42969,-1.4877244370284923,1.228694199225885,-2.716418636254377,true,3,TOUCH_BAR_CLOSED_BEYOND_S2;PRODUCTION_WOULD_PICK_ANOTHER_ZONE,,false
V2,BTC/USD_2022-07-01,BTC/USD,1h,demand,2022-04-19T07:00:00Z,40705.28906,40741.85156,40581.44141,40697.53125,40661.646485000005,40741.85156,40661.646485000005,40581.44141,40822.056635000015,80.20507500000531,2022-04-21T22:00:00Z,2022-04-21T22:01:00Z,,S2_CLOSE,,,ONE_MINUTE_RESOLVED,,2022-04-21T22:00:00Z,2022-04-21T22:00:00Z,40398.82031,-3.276926989968959,1.520912977825804,-4.797839967794763,true,2,TOUCH_BAR_CLOSED_BEYOND_S2,,false
V2,BTC/USD_2022-07-01,BTC/USD,1h,supply,2022-04-21T21:00:00Z,40575.62109,40828.23828,40575.62109,40726.46875,40575.62109,40701.929684999996,40701.929684999996,40828.23828,40449.31249499999,126.30859500000224,2022-04-22T06:00:00Z,2022-04-22T06:05:00Z,,TARGET,,,HTF_UNAMBIGUOUS,2022-04-22T07:27:00Z,,2022-04-22T07:00:00Z,40449.31249499999,2,0.9667258911002677,1.0332741088997324,false,1,,,false
V2,BTC/USD_2022-07-01,BTC/USD,1h,supply,2022-04-21T21:00:00Z,40575.62109,40828.23828,40575.62109,40726.46875,40575.62109,40701.929684999996,40701.929684999996,40828.23828,40449.31249499999,126.30859500000224,2022-04-22T08:00:00Z,2022-04-22T08:00:00Z,,TARGET,,,ONE_MINUTE_RESOLVED,2022-04-22T08:31:00Z,,2022-04-22T08:00:00Z,40449.31249499999,2,0.9667258911002677,1.0332741088997324,false,1,,,false
V2,BTC/USD_2022-07-01,BTC/USD,1h,demand,2022-04-18T04:00:00Z,39818.10938,39847.23047,38763.76172,38819.070312,39305.496095,39847.23047,39305.496095,38763.76172,40388.964845,541.734375,2022-04-22T16:00:00Z,2022-04-22T16:04:00Z,,S2_CLOSE,,,HTF_UNAMBIGUOUS,,2022-04-25T06:00:00Z,2022-04-25T06:00:00Z,38636.75,-1.2344538686510382,0.2176647702760232,-1.4521186389270615,false,1,,,false
V2,BTC/USD_2022-07-01,BTC/USD,1h,supply,2022-04-25T03:00:00Z,39090.011719,39270.60156,39090.011719,39254.62891,39090.011719,39180.306639500006,39180.306639500006,39270.60156,38999.71679850001,90.2949204999968,2022-04-25T13:00:00Z,2022-04-25T13:37:00Z,,TARGET,,,ONE_MINUTE_RESOLVED,2022-04-25T13:44:00Z,,2022-04-25T13:00:00Z,38999.71679850001,2,1.3017445418594082,0.6982554581405918,false,1,,,false
V2,BTC/USD_2022-07-01,BTC/USD,1h,supply,2022-04-25T03:00:00Z,39090.011719,39270.60156,39090.011719,39254.62891,39090.011719,39180.306639500006,39180.306639500006,39270.60156,38999.71679850001,90.2949204999968,2022-04-25T15:00:00Z,2022-04-25T15:12:00Z,,TARGET,,,ONE_MINUTE_RESOLVED,2022-04-25T15:47:00Z,,2022-04-25T15:00:00Z,38999.71679850001,2,1.3017445418594082,0.6982554581405918,false,1,,,false
V2,BTC/USD_2022-07-01,BTC/USD,1h,supply,2022-04-24T14:00:00Z,39581.89062,39919.33984,39372.60938,39734.089844,39372.60938,39645.974610000005,39645.974610000005,39919.33984,39099.24415000001,273.3652299999958,2022-04-25T16:00:00Z,2022-04-25T16:49:00Z,,S2_CLOSE,,,HTF_UNAMBIGUOUS,,2022-04-25T18:00:00Z,2022-04-25T18:00:00Z,39965.76172,-1.1698163296041797,0.4350879730754414,-1.604904302679621,false,1,,,false
V2,BTC/USD_2022-07-01,BTC/USD,1h,demand,2022-04-25T10:00:00Z,38588.19922,38633.21875,38418.67188,38418.67188,38525.945315000004,38633.21875,38525.945315000004,38418.67188,38740.49218500001,107.27343500000279,2022-04-26T17:00:00Z,2022-04-26T17:04:00Z,,S2_CLOSE,,,ONE_MINUTE_RESOLVED,,2022-04-26T17:00:00Z,2022-04-26T17:00:00Z,38403.89844,-1.1377175998885847,1.0774133963827766,-2.2151309962713612,true,1,TOUCH_BAR_CLOSED_BEYOND_S2,,false
V2,BTC/USD_2022-07-01,BTC/USD,1h,demand,2022-04-25T08:00:00Z,38434.011719,38561.44141,38401.37891,38404.28125,38481.41016,38561.44141,38481.41016,38401.37891,38641.47266,80.03125,2022-04-26T19:00:00Z,2022-04-26T19:00:00Z,,S2_CLOSE,,,ONE_MINUTE_RESOLVED,,2022-04-26T19:00:00Z,2022-04-26T19:00:00Z,38307.69922,-2.170538883248696,1.4424894085747755,-3.6130282918234715,true,1,TOUCH_BAR_CLOSED_BEYOND_S2,,false
V2,BTC/USD_2022-07-01,BTC/USD,4h,demand,2022-03-07T16:00:00Z,39064.69141,39531.30859,37235.26953,37298.17188,38383.289059999996,39531.30859,38383.289059999996,37235.26953,40679.32811999999,1148.0195299999978,2022-04-26T20:00:00Z,2022-04-26T20:00:00Z,,S2_CLOSE,,,HTF_UNAMBIGUOUS,,2022-05-05T12:00:00Z,2022-05-05T12:00:00Z,36904.35938,-1.288244355912653,0.10030305597675696,-1.38854741188941,false,2,,,false
V2,BTC/USD_2022-07-01,BTC/USD,4h,demand,2022-02-24T00:00:00Z,37248.51953,37406.98828,34754.82031,34890.17188,36080.904295,37406.98828,36080.904295,34754.82031,38733.072264999995,1326.0839849999975,2022-05-06T12:00:00Z,2022-05-06T12:00:00Z,,S2_CLOSE,,,HTF_UNAMBIGUOUS,,2022-05-08T00:00:00Z,2022-05-08T00:00:00Z,34493.44141,-1.1971058416786504,0.08162583524828573,-1.2787316769269361,false,1,,,false
V2,BTC/USD_2022-07-01,BTC/USD,1h,supply,2022-05-10T17:00:00Z,31211.35938,31784.82031,31211.35938,31655.42969,31211.35938,31498.089845000002,31498.089845000002,31784.82031,30924.62891500001,286.7304649999969,2022-05-11T02:00:00Z,2022-05-11T02:27:00Z,,TARGET,,,HTF_UNAMBIGUOUS,2022-05-11T06:45:00Z,,2022-05-11T06:00:00Z,30924.62891500001,2,0.32955782893527213,1.670442171064728,false,1,,,false
V2,BTC/USD_2022-07-01,BTC/USD,1h,supply,2022-05-10T12:00:00Z,31652.90039,32234.099609,31526.59961,32150.019531,31526.59961,31880.3496095,31880.3496095,32234.099609,31172.8496105,353.74999949999983,2022-05-11T11:00:00Z,2022-05-11T11:14:00Z,,TARGET,,,HTF_UNAMBIGUOUS,2022-05-11T12:30:00Z,,2022-05-11T12:00:00Z,31172.8496105,2,0.27036338929662684,1.7296366107033732,false,1,,,false
V2,BTC/USD_2022-07-01,BTC/USD,1h,supply,2022-05-10T12:00:00Z,31652.90039,32234.099609,31526.59961,32150.019531,31526.59961,31880.3496095,31880.3496095,32234.099609,31172.8496105,353.74999949999983,2022-05-11T14:00:00Z,2022-05-11T14:45:00Z,,TARGET,,,HTF_UNAMBIGUOUS,2022-05-11T15:27:00Z,,2022-05-11T15:00:00Z,31172.8496105,2,0.27036338929662684,1.7296366107033732,false,2,,,false
V2,BTC/USD_2022-07-01,BTC/USD,1h,supply,2022-05-11T18:00:00Z,29876.33984,30206.5293,29767.86914,29898.39062,29767.86914,29987.19922,29987.19922,30206.5293,29548.53906,219.33007999999973,2022-05-12T00:00:00Z,2022-05-12T00:42:00Z,,TARGET,,,HTF_UNAMBIGUOUS,2022-05-12T01:23:00Z,,2022-05-12T01:00:00Z,29548.53906,2,0.4101653437595067,1.5898346562404932,false,1,,,false
V2,BTC/USD_2022-07-01,BTC/USD,1h,supply,2022-05-12T00:00:00Z,29174.23047,30149.92969,28981.64062,29882.21094,28981.64062,29565.785154999998,29565.785154999998,30149.92969,28397.49608499999,584.1445350000031,2022-05-12T14:00:00Z,2022-05-12T14:58:00Z,,TARGET,,,HTF_UNAMBIGUOUS,2022-05-12T18:26:00Z,,2022-05-12T18:00:00Z,28397.49608499999,2,0.15184145387065812,1.848158546129342,false,1,,,false
V2,BTC/USD_2022-07-01,BTC/USD,1h,supply,2022-05-12T00:00:00Z,29174.23047,30149.92969,28981.64062,29882.21094,28981.64062,29565.785154999998,29565.785154999998,30149.92969,28397.49608499999,584.1445350000031,2022-05-13T01:00:00Z,2022-05-13T01:00:00Z,,S2_CLOSE,,,HTF_UNAMBIGUOUS,,2022-05-13T03:00:00Z,2022-05-13T03:00:00Z,30567.90039,-1.7155261668244415,0.15184145387065812,-1.8673676206950995,false,2,,,false
V2,BTC/USD_2022-07-01,BTC/USD,1h,supply,2022-05-14T01:00:00Z,29457.63086,29801.88086,29375.81055,29705.36914,29375.81055,29588.845705,29588.845705,29801.88086,29162.775394999997,213.0351550000014,2022-05-14T16:00:00Z,2022-05-14T16:51:00Z,,S2_CLOSE,,,HTF_UNAMBIGUOUS,,2022-05-14T22:00:00Z,2022-05-14T22:00:00Z,30248.68945,-3.097346750117358,0.416675534678769,-3.514022284796127,false,4,,,false
V2,BTC/USD_2022-07-01,BTC/USD,4h,supply,2022-05-13T00:00:00Z,29017.76953,30720.30078,28763.76953,30567.90039,28763.76953,29742.035155,29742.035155,30720.30078,27785.503905,978.265625,2022-05-15T00:00:00Z,2022-05-15T00:00:00Z,,S2_CLOSE,,,HTF_UNAMBIGUOUS,,2022-05-15T20:00:00Z,2022-05-15T20:00:00Z,31316.74023,-1.6096906962257802,0.09120846443418679,-1.700899160659967,false,1,,,false
V2,BTC/USD_2022-07-01,BTC/USD,1h,demand,2022-05-14T19:00:00Z,29537.57031,29602.41992,29299.14062,29342.19922,29450.78027,29602.41992,29450.78027,29299.14062,29754.05957,151.63965000000098,2022-05-16T06:00:00Z,2022-05-16T06:27:00Z,,TARGET,,,HTF_UNAMBIGUOUS,2022-05-16T08:15:00Z,,2022-05-16T08:00:00Z,29754.05957,2,0.5826466943836881,1.417353305616312,false,4,,,false
V2,BTC/USD_2022-07-01,BTC/USD,1h,supply,2022-05-16T04:00:00Z,30316.40039,30429.96094,30179.99023,30360.69922,30179.99023,30304.975585,30304.975585,30429.96094,30055.004875,124.98535500000071,2022-05-17T03:00:00Z,2022-05-17T03:34:00Z,,S2_CLOSE,,,HTF_UNAMBIGUOUS,,2022-05-17T05:00:00Z,2022-05-17T05:00:00Z,30500.0097656,-1.5604562678563305,0.7274046367672395,-2.28786090462357,false,1,,,false
V2,BTC/USD_2022-07-01,BTC/USD,1h,demand,2022-05-14T15:00:00Z,28937.17969,29051.99023,28778.5,28818.84961,28915.245114999998,29051.99023,28915.245114999998,28778.5,29188.735344999994,136.7451149999979,2022-05-18T15:00:00Z,2022-05-18T15:24:00Z,,TARGET,,,HTF_UNAMBIGUOUS,2022-05-18T16:35:00Z,,2022-05-18T16:00:00Z,29188.735344999994,2,0.6343607619548335,1.3656392380451665,false,1,,,false
V2,BTC/USD_2022-07-01,BTC/USD,1h,demand,2022-05-14T13:00:00Z,29138.39062,29160.99023,28810.21094,28835.0097656,28985.600585,29160.99023,28985.600585,28810.21094,29336.379875,175.3896449999993,2022-05-18T18:00:00Z,2022-05-18T18:00:00Z,,TARGET,,,HTF_UNAMBIGUOUS,2022-05-18T19:04:00Z,,2022-05-18T19:00:00Z,29336.379875,2,0.49579210765265164,1.5042078923473483,false,1,,,false
V2,BTC/USD_2022-07-01,BTC/USD,1h,demand,2022-05-14T13:00:00Z,29138.39062,29160.99023,28810.21094,28835.0097656,28985.600585,29160.99023,28985.600585,28810.21094,29336.379875,175.3896449999993,2022-05-18T22:00:00Z,2022-05-18T22:40:00Z,,S2_CLOSE,,,HTF_UNAMBIGUOUS,,2022-05-18T23:00:00Z,2022-05-18T23:00:00Z,28719.11914,-1.519368175926249,0.49579210765265164,-2.0151602835789006,false,2,,,false
V2,BTC/USD_2022-07-01,BTC/USD,1h,supply,2022-05-18T19:00:00Z,29219.46094,29491.69922,29194.34961,29310.5,29194.34961,29343.024415,29343.024415,29491.69922,29045.674805000002,148.67480499999874,2022-05-19T06:00:00Z,2022-05-19T06:56:00Z,,TARGET,,,HTF_UNAMBIGUOUS,2022-05-19T08:53:00Z,,2022-05-19T08:00:00Z,29045.674805000002,2,0.5920913987074055,1.4079086012925945,false,1,,,false
V2,BTC/USD_2022-07-01,BTC/USD,1h,supply,2022-05-17T12:00:00Z,30319.25,30625.10938,30294.2793,30596.33984,30294.2793,30459.694340000002,30459.694340000002,30625.10938,30128.864260000002,165.41503999999986,2022-05-19T15:00:00Z,2022-05-19T15:37:00Z,,TARGET,,,HTF_UNAMBIGUOUS,2022-05-19T16:44:00Z,,2022-05-19T16:00:00Z,30128.864260000002,2,0.5524230627396401,1.4475769372603597,false,4,,,false
V2,BTC/USD_2022-07-01,BTC/USD,1h,supply,2022-05-17T12:00:00Z,30319.25,30625.10938,30294.2793,30596.33984,30294.2793,30459.694340000002,30459.694340000002,30625.10938,30128.864260000002,165.41503999999986,2022-05-19T21:00:00Z,2022-05-19T21:15:00Z,,TARGET,,,HTF_UNAMBIGUOUS,2022-05-19T22:31:00Z,,2022-05-19T22:00:00Z,30128.864260000002,2,0.5524230627396401,1.4475769372603597,false,3,,,false
V2,BTC/USD_2022-07-01,BTC/USD,1h,supply,2022-05-17T09:00:00Z,30590,30726.36914,30573.28906,30636.75,30573.28906,30649.8291,30649.8291,30726.36914,30496.74902,76.54003999999986,2022-05-20T01:00:00Z,2022-05-20T01:39:00Z,,TARGET,,,ONE_MINUTE_RESOLVED,2022-05-20T01:50:00Z,,2022-05-20T01:00:00Z,30496.74902,2,1.2013253102559154,0.7986746897440846,false,4,,,false
V2,BTC/USD_2022-07-01,BTC/USD,1h,demand,2022-05-19T08:00:00Z,29187.58984,29235.64062,28989.99023,28990.5,29112.815425,29235.64062,29112.815425,28989.99023,29358.465815000003,122.82519500000126,2022-05-20T15:00:00Z,2022-05-20T15:50:00Z,,S2_CLOSE,,,HTF_UNAMBIGUOUS,,2022-05-20T16:00:00Z,2022-05-20T16:00:00Z,28884.83984,-1.8560978877338465,0.7110792396869317,-2.567177127420778,false,1,,,false
V2,BTC/USD_2022-07-01,BTC/USD,1h,demand,2022-05-18T23:00:00Z,28976.14062,29097.40039,28667.080078,28719.11914,28882.240233999997,29097.40039,28882.240233999997,28667.080078,29312.560545999993,215.1601559999981,2022-05-20T18:00:00Z,2022-05-20T18:01:00Z,,TARGET,,,HTF_UNAMBIGUOUS,2022-05-20T19:54:00Z,,2022-05-20T19:00:00Z,29312.560545999993,2,0.4027080213773444,1.5972919786226556,false,2,,,false
V2,BTC/USD_2022-07-01,BTC/USD,1h,supply,2022-05-23T20:00:00Z,29058.58008,29447.94922,29058.58008,29325.14062,29058.58008,29253.264649999997,29253.264649999997,29447.94922,28863.895509999995,194.68457000000126,2022-05-24T02:00:00Z,2022-05-24T02:24:00Z,,TARGET,,,HTF_UNAMBIGUOUS,2022-05-24T14:07:00Z,,2022-05-24T14:00:00Z,28863.895509999995,2,0.45077940152113455,1.5492205984788654,false,1,,,false
V2,BTC/USD_2022-07-01,BTC/USD,1h,demand,2022-05-18T23:00:00Z,28976.14062,29097.40039,28667.080078,28719.11914,28882.240233999997,29097.40039,28882.240233999997,28667.080078,29312.560545999993,215.1601559999981,2022-05-26T13:00:00Z,2022-05-26T13:06:00Z,,TARGET,,,HTF_UNAMBIGUOUS,2022-05-26T14:50:00Z,,2022-05-26T14:00:00Z,29312.560545999993,2,0.4027080213773444,1.5972919786226556,false,2,,,false
V2,BTC/USD_2022-07-01,BTC/USD,1h,demand,2022-05-18T23:00:00Z,28976.14062,29097.40039,28667.080078,28719.11914,28882.240233999997,29097.40039,28882.240233999997,28667.080078,29312.560545999993,215.1601559999981,2022-05-27T02:00:00Z,2022-05-27T02:02:00Z,,TARGET,,,HTF_UNAMBIGUOUS,2022-05-27T13:53:00Z,,2022-05-27T13:00:00Z,29312.560545999993,2,0.4027080213773444,1.5972919786226556,false,1,,,false
V2,BTC/USD_2022-07-01,BTC/USD,1h,demand,2022-05-18T23:00:00Z,28976.14062,29097.40039,28667.080078,28719.11914,28882.240233999997,29097.40039,28882.240233999997,28667.080078,29312.560545999993,215.1601559999981,2022-05-27T14:00:00Z,2022-05-27T14:46:00Z,,S2_CLOSE,,,HTF_UNAMBIGUOUS,,2022-05-27T17:00:00Z,2022-05-27T17:00:00Z,28351.83008,-2.4651876251660747,0.4027080213773444,-2.867895646543419,false,2,,,false
V2,BTC/USD_2022-07-01,BTC/USD,1h,supply,2022-05-27T15:00:00Z,28811.94922,28927.33984,28652.85938,28850.19922,28652.85938,28790.09961,28790.09961,28927.33984,28515.619150000002,137.24022999999943,2022-05-27T19:00:00Z,2022-05-27T19:50:00Z,,S2_CLOSE,,,HTF_UNAMBIGUOUS,,2022-05-28T12:00:00Z,2022-05-28T12:00:00Z,28979.85938,-1.3826832700586509,0.6293365934318266,-2.0120198634904773,false,1,,,false
V2,BTC/USD_2022-07-01,BTC/USD,1h,demand,2022-05-31T01:00:00Z,31575.28906,31603.19922,31449.92969,31558.69922,31526.564455,31603.19922,31526.564455,31449.92969,31679.833984999997,76.63476499999888,2022-05-31T06:00:00Z,2022-05-31T06:37:00Z,,TARGET,,,HTF_UNAMBIGUOUS,2022-05-31T08:29:00Z,,2022-05-31T08:00:00Z,31679.833984999997,2,1.2341617197495338,0.7658382802504662,false,1,,,false
V2,BTC/USD_2022-07-01,BTC/USD,1h,supply,2022-05-10T12:00:00Z,31652.90039,32234.099609,31526.59961,32150.019531,31526.59961,31880.3496095,31880.3496095,32234.099609,31172.8496105,353.74999949999983,2022-05-31T22:00:00Z,2022-05-31T22:56:00Z,,TARGET,,,HTF_UNAMBIGUOUS,2022-06-01T14:35:00Z,,2022-06-01T14:00:00Z,31172.8496105,2,0.27036338929662684,1.7296366107033732,false,2,,,false
V2,BTC/USD_2022-07-01,BTC/USD,1h,demand,2022-05-30T00:00:00Z,29454.060547,29464.50977,29311.75977,29322.38086,29388.13477,29464.50977,29388.13477,29311.75977,29540.88477,76.375,2022-06-07T03:00:00Z,2022-06-07T03:00:00Z,,TARGET,,,ONE_MINUTE_RESOLVED,2022-06-07T03:25:00Z,,2022-06-07T03:00:00Z,29540.88477,2,1.1543620858919805,0.8456379141080195,false,2,,,false
V2,BTC/USD_2022-07-01,BTC/USD,1h,demand,2022-06-03T14:00:00Z,29699.76953,29743.41016,29341.17969,29488.65039,29542.294925000002,29743.41016,29542.294925000002,29341.17969,29944.525395000004,201.11523500000112,2022-06-07T07:00:00Z,2022-06-07T07:00:00Z,,TARGET,,,HTF_UNAMBIGUOUS,2022-06-07T14:47:00Z,,2022-06-07T14:00:00Z,29944.525395000004,2,0.44067713107363304,1.559322868926367,false,1,,,false
V2,BTC/USD_2022-07-01,BTC/USD,1h,supply,2022-06-06T15:00:00Z,31524.98047,31542.40039,31199.91016,31542,31199.91016,31371.155274999997,31371.155274999997,31542.40039,31028.665044999994,171.24511500000153,2022-06-07T21:00:00Z,2022-06-07T21:00:00Z,,TARGET,,,HTF_UNAMBIGUOUS,2022-06-07T22:47:00Z,,2022-06-07T22:00:00Z,31028.665044999994,2,0.5495833608158641,1.450416639184136,false,1,,,false
V2,BTC/USD_2022-07-01,BTC/USD,4h,demand,2022-06-07T00:00:00Z,31373.099609,31373.099609,29241.55078,29570.080078,30307.3251945,31373.099609,30307.3251945,29241.55078,32438.8740235,1065.7744144999997,2022-06-08T16:00:00Z,2022-06-08T16:33:00Z,,S2_CLOSE,,,HTF_UNAMBIGUOUS,,2022-06-10T16:00:00Z,2022-06-10T16:00:00Z,28988.93945,-1.237021387043252,0.08531071336156572,-1.3223321004048179,false,1,,,false
V2,BTC/USD_2022-07-01,BTC/USD,1h,demand,2022-05-12T13:00:00Z,28486.69922,28878.56055,27920,28205.84961,28399.280274999997,28878.56055,28399.280274999997,27920,29357.840824999992,479.28027499999735,2022-06-11T21:00:00Z,2022-06-11T21:00:00Z,,S2_CLOSE,,,HTF_UNAMBIGUOUS,,2022-06-12T02:00:00Z,2022-06-12T02:00:00Z,27374.83008,-2.137476229331581,0.17776204294032436,-2.3152382722719054,false,2,,,false
V2,BTC/USD_2022-07-01,BTC/USD,1h,demand,2022-05-12T06:00:00Z,27157.85938,27913.75,27009.55078,27137.56055,27461.650390000003,27913.75,27461.650390000003,27009.55078,28365.849610000005,452.0996100000011,2022-06-12T04:00:00Z,2022-06-12T04:55:00Z,,S2_CLOSE,,,HTF_UNAMBIGUOUS,,2022-06-12T23:00:00Z,2022-06-12T23:00:00Z,26602.90039,-1.8994707825560866,0.1822274325120515,-2.0816982150681382,false,1,,,false
V2,BTC/USD_2022-07-01,BTC/USD,1h,supply,2022-06-15T06:00:00Z,21233.98047,21387.86914,20988.24023,21346.16992,20988.24023,21188.054685,21188.054685,21387.86914,20788.425775,199.81445499999973,2022-06-15T11:00:00Z,2022-06-15T11:35:00Z,,S2_CLOSE,,,HTF_UNAMBIGUOUS,,2022-06-15T13:00:00Z,2022-06-15T13:00:00Z,21546,-1.7913884908877156,0.3181159443895092,-2.1095044352772248,false,1,,,false
V2,BTC/USD_2022-07-01,BTC/USD,1h,supply,2022-06-14T15:00:00Z,22469.099609,22746.18945,22288.48047,22725.56055,22288.48047,22517.33496,22517.33496,22746.18945,22059.625979999997,228.85449000000153,2022-06-15T23:00:00Z,2022-06-15T23:09:00Z,,TARGET,,,HTF_UNAMBIGUOUS,2022-06-16T05:08:00Z,,2022-06-16T05:00:00Z,22059.625979999997,2,0.2951744791198964,1.7048255208801035,false,1,,,false
V2,BTC/USD_2022-07-01,BTC/USD,1h,supply,2022-06-16T12:00:00Z,21068.80078,21497.080078,20936.83008,21161.4707,20936.83008,21216.955079,21216.955079,21497.080078,20656.705081,280.12499899999966,2022-06-17T07:00:00Z,2022-06-17T07:54:00Z,,TARGET,,,HTF_UNAMBIGUOUS,2022-06-17T12:50:00Z,,2022-06-17T12:00:00Z,20656.705081,2,0.22722308063979707,1.772776919360203,false,2,,,false
V2,BTC/USD_2022-07-01,BTC/USD,1h,supply,2022-06-18T10:00:00Z,19160.11914,19517.070312,19160.11914,19409.98047,19160.11914,19338.594726,19338.594726,19517.070312,18981.643554,178.47558600000048,2022-06-18T22:00:00Z,2022-06-18T22:31:00Z,,TARGET,,,HTF_UNAMBIGUOUS,2022-06-18T23:16:00Z,,2022-06-18T23:00:00Z,18981.643554,2,0.32506285861417394,1.674937141385826,false,2,,,false
V2,BTC/USD_2022-07-01,BTC/USD,1h,supply,2022-06-19T10:00:00Z,19014.71094,19945.56055,18938.42969,19920.42969,18938.42969,19441.99512,19441.99512,19945.56055,18434.864260000002,503.56542999999874,2022-06-19T14:00:00Z,2022-06-19T14:46:00Z,,S2_CLOSE,,,HTF_UNAMBIGUOUS,,2022-06-19T18:00:00Z,2022-06-19T18:00:00Z,20219.7793,-1.5445543591028492,0.11582603150498266,-1.6603803906078318,false,1,,,false
V2,BTC/USD_2022-07-01,BTC/USD,1h,supply,2022-06-17T20:00:00Z,20535.96094,20707.26953,20525.060547,20645.089844,20525.060547,20616.165038500003,20616.165038500003,20707.26953,20433.956055500006,91.1044914999984,2022-06-19T20:00:00Z,2022-06-19T20:33:00Z,,TARGET,,,ONE_MINUTE_RESOLVED,2022-06-19T20:41:00Z,,2022-06-19T20:00:00Z,20433.956055500006,2,0.6788742695029596,1.3211257304970405,false,3,,,false
V2,BTC/USD_2022-07-01,BTC/USD,1h,supply,2022-06-17T20:00:00Z,20535.96094,20707.26953,20525.060547,20645.089844,20525.060547,20616.165038500003,20616.165038500003,20707.26953,20433.956055500006,91.1044914999984,2022-06-19T22:00:00Z,2022-06-19T22:17:00Z,,TARGET,,,HTF_UNAMBIGUOUS,2022-06-19T23:44:00Z,,2022-06-19T23:00:00Z,20433.956055500006,2,0.6788742695029596,1.3211257304970405,false,2,,,false
V2,BTC/USD_2022-07-01,BTC/USD,4h,supply,2022-06-18T00:00:00Z,20454.5,20762.78906,20327.25,20456.68945,20327.25,20545.019529999998,20545.019529999998,20762.78906,20109.480469999995,217.7695300000014,2022-06-20T08:00:00Z,2022-06-20T08:36:00Z,,S2_CLOSE,,,ONE_MINUTE_RESOLVED,,2022-06-20T08:00:00Z,2022-06-20T08:00:00Z,20823.7793,-1.2800678313444438,0.2830288451740682,-1.563096676518512,true,1,TOUCH_BAR_CLOSED_BEYOND_S2,,false
V2,BTC/USD_2022-07-01,BTC/USD,1h,demand,2022-06-20T01:00:00Z,20098.56055,20146.46094,19666.16016,19809.33984,19906.310550000002,20146.46094,19906.310550000002,19666.16016,20386.611330000007,240.15039000000252,2022-06-20T19:00:00Z,2022-06-20T19:08:00Z,,TARGET,,,HTF_UNAMBIGUOUS,2022-06-20T20:53:00Z,,2022-06-20T20:00:00Z,20386.611330000007,2,0.24867305712057924,1.7513269428794207,false,3,,,false
V2,BTC/USD_2022-07-01,BTC/USD,1h,supply,2022-06-16T12:00:00Z,21068.80078,21497.080078,20936.83008,21161.4707,20936.83008,21216.955079,21216.955079,21497.080078,20656.705081,280.12499899999966,2022-06-21T07:00:00Z,2022-06-21T07:00:00Z,,S2_CLOSE,,,HTF_UNAMBIGUOUS,,2022-06-21T13:00:00Z,2022-06-21T13:00:00Z,21622.64062,-1.4482304058839084,0.22722308063979707,-1.6754534865237054,false,2,,,false
V2,BTC/USD_2022-07-01,BTC/USD,4h,demand,2022-06-20T00:00:00Z,20569.81055,20608.64062,19666.16016,19997.13086,20137.40039,20608.64062,20137.40039,19666.16016,21079.880849999998,471.2402299999994,2022-06-22T04:00:00Z,2022-06-22T06:20:00Z,,TARGET,,,HTF_UNAMBIGUOUS,2022-06-23T22:32:00Z,,2022-06-23T20:00:00Z,21079.880849999998,2,0.12819831016974095,1.871801689830259,false,2,,,false
V2,BTC/USD_2022-07-01,BTC/USD,4h,supply,2022-06-21T12:00:00Z,20977.31055,21691.56055,20865.33984,21407.40039,20865.33984,21278.450194999998,21278.450194999998,21691.56055,20452.229484999996,413.1103550000007,2022-06-24T00:00:00Z,2022-06-24T02:36:00Z,,S2_CLOSE,,,HTF_UNAMBIGUOUS,,2022-06-26T08:00:00Z,2022-06-26T08:00:00Z,21697.57031,-1.0145475898322636,0.1545237242600706,-1.1690713140923341,false,1,,,false
V2,BTC/USD_2022-07-01,BTC/USD,1h,supply,2022-06-30T07:00:00Z,19414.38086,19465.43945,19320,19430.63086,19320,19392.719725000003,19392.719725000003,19465.43945,19247.280275000005,72.71972499999902,2022-06-30T23:00:00Z,2022-06-30T23:50:00Z,,S2_CLOSE,,,ONE_MINUTE_RESOLVED,,2022-06-30T23:00:00Z,2022-06-30T23:00:00Z,19921.36914,-7.269683913133656,0.8000327170516776,-8.069716630185335,true,2,TOUCH_BAR_CLOSED_BEYOND_S2,,false
V2,BTC/USD_2022-07-01,BTC/USD,4h,supply,2022-06-29T00:00:00Z,20279.92969,20390.73047,20187.39062,20296.69922,20187.39062,20289.060545,20289.060545,20390.73047,20085.720695000004,101.66992499999833,2022-07-01T00:00:00Z,2022-07-01T00:29:00Z,,TARGET,,,ONE_MINUTE_RESOLVED,2022-07-01T03:51:00Z,,2022-07-01T00:00:00Z,20085.720695000004,2,0.598674402828575,1.4013255971714251,false,2,,,false
V2,BTC/USD_2025-04-01,BTC/USD,1h,demand,2025-01-17T13:00:00Z,102745.68,102980,102422.45,102474.14,102701.225,102980,102701.225,102422.45,103258.77500000002,278.77500000000873,2025-01-18T04:00:00Z,2025-01-18T04:25:00Z,,TARGET,,,ONE_MINUTE_RESOLVED,2025-01-18T04:32:00Z,,2025-01-18T04:00:00Z,103258.77500000002,2,1.1052055421038125,0.8947944578961875,false,1,,,false
V2,BTC/USD_2025-04-01,BTC/USD,1h,demand,2025-01-18T05:00:00Z,103599.27,103771.21,102818,102829.27,103294.60500000001,103771.21,103294.60500000001,102818,104247.81500000003,476.6050000000105,2025-01-18T17:00:00Z,2025-01-18T17:00:00Z,,TARGET,,,HTF_UNAMBIGUOUS,2025-01-18T18:32:00Z,,2025-01-18T18:00:00Z,104247.81500000003,2,0.6501900210866298,1.3498099789133702,false,1,,,false
V2,BTC/USD_2025-04-01,BTC/USD,1h,demand,2025-01-17T03:00:00Z,101100,101271.74,100943.77,101051.73,101107.755,101271.74,101107.755,100943.77,101435.725,163.98500000000058,2025-01-19T22:00:00Z,2025-01-19T22:49:00Z,,AMBIGUOUS,CLOSED_AT_TARGET,TARGET,HTF_UNAMBIGUOUS,2025-01-19T23:00:00Z,,2025-01-19T23:00:00Z,101435.725,2,1.8497012836539861,,false,6,,,true
V2,BTC/USD_2025-04-01,BTC/USD,1h,demand,2025-01-17T03:00:00Z,101100,101271.74,100943.77,101051.73,101107.755,101271.74,101107.755,100943.77,101435.725,163.98500000000058,2025-01-20T00:00:00Z,2025-01-20T00:00:00Z,,TARGET,,,ONE_MINUTE_RESOLVED,2025-01-20T00:05:00Z,,2025-01-20T00:00:00Z,101435.725,2,1.8497012836539861,0.15029871634601388,false,2,TOUCH_BAR_CLOSED_BEYOND_S2,,false
V2,BTC/USD_2025-04-01,BTC/USD,1h,demand,2025-01-16T18:00:00Z,99838.55,100070.8,99260.45,99584.24,99665.625,100070.8,99665.625,99260.45,100475.975,405.1750000000029,2025-01-20T01:00:00Z,2025-01-20T01:01:00Z,,TARGET,,,ONE_MINUTE_RESOLVED,2025-01-20T01:08:00Z,,2025-01-20T01:00:00Z,100475.975,2,0.7379450237551622,1.2620549762448379,false,2,,,false
V2,BTC/USD_2025-04-01,BTC/USD,1h,supply,2025-01-19T20:00:00Z,106200,106422.43,105486,106275.49,105486,105954.215,105954.215,106422.43,105017.785,468.2149999999965,2025-01-20T06:00:00Z,2025-01-20T06:48:00Z,,S2_CLOSE,,,ONE_MINUTE_RESOLVED,,2025-01-20T06:00:00Z,2025-01-20T06:00:00Z,107486.5,-3.272609805324509,0.6788818064350829,-3.9514916117595917,true,1,TOUCH_BAR_CLOSED_BEYOND_S2,,false
V2,BTC/USD_2025-04-01,BTC/USD,1h,demand,2025-01-20T00:00:00Z,101331.57,101677.71,99550,99794.51,100613.85500000001,101677.71,100613.85500000001,99550,102741.56500000003,1063.8550000000105,2025-01-20T17:00:00Z,2025-01-20T17:42:00Z,,TARGET,,,ONE_MINUTE_RESOLVED,2025-01-20T17:50:00Z,,2025-01-20T17:00:00Z,102741.56500000003,2,0.2837243468329773,1.7162756531670227,false,2,,,false
V2,BTC/USD_2025-04-01,BTC/USD,4h,demand,2025-01-19T20:00:00Z,106200,106422.43,99651.6,101331.57,103037.015,106422.43,103037.015,99651.6,109807.84499999999,3385.4149999999936,2025-01-20T20:00:00Z,2025-01-20T21:47:00Z,,S2_CLOSE,,,HTF_UNAMBIGUOUS,,2025-01-27T04:00:00Z,2025-01-27T04:00:00Z,99048.02,-1.1782883339265653,0.09130669208944858,-1.2695950260160138,false,1,,,false
V2,BTC/USD_2025-04-01,BTC/USD,1h,demand,2025-01-16T14:00:00Z,99084.05,99424.96,97489.74,97618.89,98457.35,99424.96,98457.35,97489.74,100392.57,967.6100000000006,2025-01-27T10:00:00Z,2025-01-27T10:52:00Z,,TARGET,,,HTF_UNAMBIGUOUS,2025-01-27T12:55:00Z,,2025-01-27T12:00:00Z,100392.57,2,0.3052594020318102,1.6947405979681898,false,1,,,false
V2,BTC/USD_2025-04-01,BTC/USD,1h,supply,2025-01-27T14:00:00Z,100483.98,102317.94,100105.54,101920.89,100105.54,101211.73999999999,101211.73999999999,102317.94,98999.33999999997,1106.2000000000116,2025-01-27T20:00:00Z,2025-01-27T20:47:00Z,,S2_CLOSE,,,HTF_UNAMBIGUOUS,,2025-01-28T02:00:00Z,2025-01-28T02:00:00Z,102402.01,-1.0759989152051994,0.2744849213523746,-1.350483836557574,false,1,,,false
V2,BTC/USD_2025-04-01,BTC/USD,1h,demand,2025-01-15T02:00:00Z,97349.61,97464.8,96746.71,96824.06,97105.755,97464.8,97105.755,96746.71,97823.845,359.04499999999825,2025-02-02T17:00:00Z,2025-02-02T17:57:00Z,,TARGET,,,HTF_UNAMBIGUOUS,2025-02-02T18:25:00Z,,2025-02-02T18:00:00Z,97823.845,2,0.8113670013508096,1.1886329986491904,false,2,,,false
V2,BTC/USD_2025-04-01,BTC/USD,1h,demand,2025-01-15T02:00:00Z,97349.61,97464.8,96746.71,96824.06,97105.755,97464.8,97105.755,96746.71,97823.845,359.04499999999825,2025-02-02T19:00:00Z,2025-02-02T19:00:00Z,,TARGET,,,ONE_MINUTE_RESOLVED,2025-02-02T19:32:00Z,,2025-02-02T19:00:00Z,97823.845,2,0.8113670013508096,1.1886329986491904,false,2,,,false
V2,BTC/USD_2025-04-01,BTC/USD,1h,demand,2025-01-14T00:00:00Z,94536.11,94880,94346.22,94470.77,94613.11,94880,94613.11,94346.22,95146.89,266.8899999999994,2025-02-03T01:00:00Z,2025-02-03T01:39:00Z,,S2_CLOSE,,,ONE_MINUTE_RESOLVED,,2025-02-03T01:00:00Z,2025-02-03T01:00:00Z,93435.82,-4.411143167597123,1.063506800554538,-5.474649968151661,true,6,TOUCH_BAR_CLOSED_BEYOND_S2,,false
V2,BTC/USD_2025-04-01,BTC/USD,4h,demand,2024-12-05T20:00:00Z,99028.01,99479.72,90500,96945.63,94989.86,99479.72,94989.86,90500,103969.58,4489.860000000001,2025-02-03T08:00:00Z,2025-02-03T08:04:00Z,,S2_CLOSE,,,HTF_UNAMBIGUOUS,,2025-02-25T04:00:00Z,2025-02-25T04:00:00Z,89320.01,-1.2628122034985512,0.06346959147946706,-1.3262817949780181,false,1,,,false
V2,BTC/USD_2025-04-01,BTC/USD,4h,demand,2024-11-15T12:00:00Z,89741.24,90709.74,87754.45,88445.41,89232.095,90709.74,89232.095,87754.45,92187.38500000001,1477.645000000004,2025-02-25T12:00:00Z,2025-02-25T12:00:00Z,,S2_CLOSE,,,ONE_MINUTE_RESOLVED,,2025-02-25T12:00:00Z,2025-02-25T12:00:00Z,87231.26,-1.3540701589353334,0.18116413955990732,-1.5352342984952407,true,2,TOUCH_BAR_CLOSED_BEYOND_S2,,false
V2,BTC/USD_2025-04-01,BTC/USD,1h,supply,2025-02-26T14:00:00Z,87191.99,87741.33,85418.72,87621.22,85418.72,86580.025,86580.025,87741.33,84257.41499999998,1161.3050000000076,2025-02-27T07:00:00Z,2025-02-27T07:37:00Z,,TARGET,,,HTF_UNAMBIGUOUS,2025-02-27T19:06:00Z,,2025-02-27T19:00:00Z,84257.41499999998,2,0.22366223774116042,1.7763377622588397,false,1,,,false
V2,BTC/USD_2025-04-01,BTC/USD,4h,supply,2025-02-27T20:00:00Z,84113.98,84927.84,82716.49,84708.58,82716.49,83822.16500000001,83822.16500000001,84927.84,81610.81500000003,1105.6749999999884,2025-02-28T12:00:00Z,2025-02-28T15:23:00Z,,S2_CLOSE,,,HTF_UNAMBIGUOUS,,2025-03-01T00:00:00Z,2025-03-01T00:00:00Z,85330.84,-1.364483234223442,0.22743255929635986,-1.591915793519802,false,1,,,false
V2,BTC/USD_2025-04-01,BTC/USD,4h,supply,2025-02-27T08:00:00Z,86272.01,87078.46,85846.87,86698.6,85846.87,86462.66500000001,86462.66500000001,87078.46,85231.07500000001,615.7949999999983,2025-03-01T04:00:00Z,2025-03-01T04:38:00Z,,TARGET,,,ONE_MINUTE_RESOLVED,2025-03-01T06:20:00Z,,2025-03-01T04:00:00Z,85231.07500000001,2,0.4212245877280601,1.57877541227194,false,1,,,false
V2,BTC/USD_2025-04-01,BTC/USD,4h,supply,2025-02-27T08:00:00Z,86272.01,87078.46,85846.87,86698.6,85846.87,86462.66500000001,86462.66500000001,87078.46,85231.07500000001,615.7949999999983,2025-03-02T04:00:00Z,2025-03-02T06:46:00Z,,TARGET,,,ONE_MINUTE_RESOLVED,2025-03-02T14:18:00Z,,2025-03-02T12:00:00Z,85231.07500000001,2,0.4212245877280601,1.57877541227194,false,1,,,false
V2,BTC/USD_2025-04-01,BTC/USD,4h,supply,2025-02-25T00:00:00Z,91552.88,92540.69,90912.01,92153.93,90912.01,91726.35,91726.35,92540.69,90097.67000000001,814.3399999999965,2025-03-02T16:00:00Z,2025-03-02T16:43:00Z,,S2_CLOSE,,,ONE_MINUTE_RESOLVED,,2025-03-02T16:00:00Z,2025-03-02T16:00:00Z,93522,-2.205037208045782,0.3379166564334322,-2.5429538644792142,true,1,TOUCH_BAR_CLOSED_BEYOND_S2,,false
V2,BTC/USD_2025-04-01,BTC/USD,1h,demand,2025-03-02T18:00:00Z,94093.74,94399.8,92364.39,92794.19,93382.095,94399.8,93382.095,92364.39,95417.505,1017.7050000000017,2025-03-03T01:00:00Z,2025-03-03T01:00:00Z,,S2_CLOSE,,,HTF_UNAMBIGUOUS,,2025-03-03T06:00:00Z,2025-03-03T06:00:00Z,91645.99,-1.7059020050014424,0.27527258390201437,-1.9811745889034569,false,1,,,false
V2,BTC/USD_2025-04-01,BTC/USD,1h,demand,2025-03-02T14:00:00Z,85710.81,85911.84,85050.6,85107.45,85481.22,85911.84,85481.22,85050.6,86342.45999999999,430.61999999999534,2025-03-03T21:00:00Z,2025-03-03T21:57:00Z,,TARGET,,,HTF_UNAMBIGUOUS,2025-03-03T22:06:00Z,,2025-03-03T22:00:00Z,86342.45999999999,2,0.595521945102417,1.404478054897583,false,1,,,false
V2,BTC/USD_2025-04-01,BTC/USD,1h,demand,2025-02-28T17:00:00Z,84363.68,84400,83584.9,83605.12,83992.45,84400,83992.45,83584.9,84807.55,407.5500000000029,2025-03-04T01:00:00Z,2025-03-04T01:41:00Z,,S2_CLOSE,,,ONE_MINUTE_RESOLVED,,2025-03-04T01:00:00Z,2025-03-04T01:00:00Z,83380.55,-1.5014108698318975,0.6182734633787221,-2.1196843332106194,true,6,TOUCH_BAR_CLOSED_BEYOND_S2,,false
V2,BTC/USD_2025-04-01,BTC/USD,4h,supply,2025-03-03T20:00:00Z,85606.01,87038.46,85117.11,86220.61,85117.11,86077.785,86077.785,87038.46,84156.435,960.6750000000029,2025-03-04T16:00:00Z,2025-03-04T18:51:00Z,,S2_CLOSE,,,ONE_MINUTE_RESOLVED,,2025-03-04T16:00:00Z,2025-03-04T16:00:00Z,88206.19,-2.2155307466104484,0.26880407525958233,-2.4843348218700307,true,1,TOUCH_BAR_CLOSED_BEYOND_S2,,false
V2,BTC/USD_2025-04-01,BTC/USD,1h,demand,2025-03-04T20:00:00Z,88206.19,88840.03,86692.9,86825.27,87766.465,88840.03,87766.465,86692.9,89913.595,1073.5650000000023,2025-03-05T08:00:00Z,2025-03-05T08:00:00Z,,TARGET,,,HTF_UNAMBIGUOUS,2025-03-05T10:31:00Z,,2025-03-05T10:00:00Z,89913.595,2,0.245257059423509,1.754742940576491,false,2,,,false
V2,BTC/USD_2025-04-01,BTC/USD,1h,supply,2025-03-03T17:00:00Z,90154,91000,89912,90300.01,89912,90456,90456,91000,89368,544,2025-03-05T12:00:00Z,2025-03-05T12:11:00Z,,TARGET,,,HTF_UNAMBIGUOUS,2025-03-05T13:43:00Z,,2025-03-05T13:00:00Z,89368,2,0.49883823529411764,1.5011617647058824,false,1,,,false
V2,BTC/USD_2025-04-01,BTC/USD,1h,demand,2025-03-04T20:00:00Z,88206.19,88840.03,86692.9,86825.27,87766.465,88840.03,87766.465,86692.9,89913.595,1073.5650000000023,2025-03-05T16:00:00Z,2025-03-05T16:11:00Z,,TARGET,,,HTF_UNAMBIGUOUS,2025-03-05T17:26:00Z,,2025-03-05T17:00:00Z,89913.595,2,0.245257059423509,1.754742940576491,false,2,,,false
V2,BTC/USD_2025-04-01,BTC/USD,1h,supply,2025-03-03T17:00:00Z,90154,91000,89912,90300.01,89912,90456,90456,91000,89368,544,2025-03-05T21:00:00Z,2025-03-05T21:00:00Z,,S2_CLOSE,,,HTF_UNAMBIGUOUS,,2025-03-06T01:00:00Z,2025-03-06T01:00:00Z,91057.19,-1.1051286764705925,0.49883823529411764,-1.6039669117647102,false,1,,,false
V2,BTC/USD_2025-04-01,BTC/USD,1h,demand,2025-03-05T21:00:00Z,90499.64,90700,89932.13,90377.54,90316.065,90700,90316.065,89932.13,91083.935,383.9349999999977,2025-03-06T12:00:00Z,2025-03-06T12:39:00Z,,S2_CLOSE,,,HTF_UNAMBIGUOUS,,2025-03-06T13:00:00Z,2025-03-06T13:00:00Z,89569.13,-1.9454725409249018,0.7057137145610628,-2.651186255485965,false,2,,,false
V2,BTC/USD_2025-04-01,BTC/USD,1h,demand,2025-03-05T15:00:00Z,88519.94,89550.72,87926.06,88344.25,88738.39,89550.72,88738.39,87926.06,90363.05,812.3300000000017,2025-03-06T18:00:00Z,2025-03-06T18:00:00Z,,TARGET,,,HTF_UNAMBIGUOUS,2025-03-06T22:00:00Z,,2025-03-06T22:00:00Z,90363.05,2,0.3277180086910485,1.6722819913089515,false,1,,,false
V2,BTC/USD_2025-04-01,BTC/USD,1h,demand,2025-03-04T20:00:00Z,88206.19,88840.03,86692.9,86825.27,87766.465,88840.03,87766.465,86692.9,89913.595,1073.5650000000023,2025-03-07T00:00:00Z,2025-03-07T00:20:00Z,,S2_CLOSE,,,ONE_MINUTE_RESOLVED,,2025-03-07T00:00:00Z,2025-03-07T00:00:00Z,85529.22,-2.083939957058949,0.245257059423509,-2.329197016482458,true,5,TOUCH_BAR_CLOSED_BEYOND_S2,,false
V2,BTC/USD_2025-04-01,BTC/USD,1h,demand,2025-03-07T03:00:00Z,87235.01,87694,86778.57,86991.25,87236.285,87694,87236.285,86778.57,88151.715,457.7149999999965,2025-03-07T16:00:00Z,2025-03-07T16:37:00Z,,TARGET,,,HTF_UNAMBIGUOUS,2025-03-07T17:45:00Z,,2025-03-07T17:00:00Z,88151.715,2,0.571772511278857,1.428227488721143,false,1,,,false
V2,BTC/USD_2025-04-01,BTC/USD,1h,demand,2025-03-07T00:00:00Z,89931.88,91283.02,84667.03,85529.22,87975.025,91283.02,87975.025,84667.03,94591.01499999998,3307.9949999999953,2025-03-07T19:00:00Z,2025-03-07T19:36:00Z,,S2_CLOSE,,,HTF_UNAMBIGUOUS,,2025-03-09T12:00:00Z,2025-03-09T12:00:00Z,84599.99,-1.0202660523972962,0.07978400058041211,-1.1000500529777082,false,1,,,false
V2,BTC/USD_2025-04-01,BTC/USD,1h,demand,2025-03-04T13:00:00Z,83763.73,83764.56,82300,82804,83032.28,83764.56,83032.28,82300,84496.84,732.2799999999988,2025-03-09T20:00:00Z,2025-03-09T20:00:00Z,,S2_CLOSE,,,HTF_UNAMBIGUOUS,,2025-03-09T21:00:00Z,2025-03-09T21:00:00Z,81845.11,-1.6211968099634022,0.340166111323538,-1.9613629212869403,false,2,,,false
V2,BTC/USD_2025-04-01,BTC/USD,1h,supply,2025-03-09T14:00:00Z,83489.96,83817.25,83000,83602.57,83000,83408.625,83408.625,83817.25,82591.375,408.625,2025-03-10T09:00:00Z,2025-03-10T09:22:00Z,,TARGET,,,ONE_MINUTE_RESOLVED,2025-03-10T09:39:00Z,,2025-03-10T09:00:00Z,82591.375,2,0.6123606607525237,1.3876393392474764,false,2,,,false
V2,BTC/USD_2025-04-01,BTC/USD,1h,supply,2025-03-09T14:00:00Z,83489.96,83817.25,83000,83602.57,83000,83408.625,83408.625,83817.25,82591.375,408.625,2025-03-10T11:00:00Z,2025-03-10T11:55:00Z,,TARGET,,,HTF_UNAMBIGUOUS,2025-03-10T13:18:00Z,,2025-03-10T13:00:00Z,82591.375,2,0.6123606607525237,1.3876393392474764,false,2,,,false
V2,BTC/USD_2025-04-01,BTC/USD,1h,demand,2025-02-28T08:00:00Z,79204.6,79438.33,78258.52,78975.99,78848.425,79438.33,78848.425,78258.52,80028.235,589.9049999999988,2025-03-10T18:00:00Z,2025-03-10T18:00:00Z,,S2_CLOSE,,,ONE_MINUTE_RESOLVED,,2025-03-10T18:00:00Z,2025-03-10T18:00:00Z,77655.26,-2.022639238521475,0.40098876090217994,-2.4236279994236547,true,1,TOUCH_BAR_CLOSED_BEYOND_S2,,false
V2,BTC/USD_2025-04-01,BTC/USD,1h,supply,2025-03-10T15:00:00Z,79847.09,81118.32,79570.57,80043.85,79570.57,80344.445,80344.445,81118.32,78796.695,773.875,2025-03-11T06:00:00Z,2025-03-11T06:07:00Z,,S2_CLOSE,,,HTF_UNAMBIGUOUS,,2025-03-11T08:00:00Z,2025-03-11T08:00:00Z,81131.16,-1.0165918268454162,0.3114628783718301,-1.3280547052172462,false,1,,,false
V2,BTC/USD_2025-04-01,BTC/USD,4h,supply,2025-03-10T08:00:00Z,82318.78,84123.46,81151,83582,81151,82637.23000000001,82637.23000000001,84123.46,79664.77000000002,1486.229999999996,2025-03-11T16:00:00Z,2025-03-11T18:21:00Z,,S2_CLOSE,,,HTF_UNAMBIGUOUS,,2025-03-14T12:00:00Z,2025-03-14T12:00:00Z,84724.58,-1.4044596058483525,0.16680573666256282,-1.5712653425109153,false,1,,,false
V2,BTC/USD_2025-04-01,BTC/USD,1h,demand,2025-03-19T20:00:00Z,85433.38,85854.99,85200.1,85353.99,85527.54500000001,85854.99,85527.54500000001,85200.1,86182.43500000003,327.445000000007,2025-03-20T05:00:00Z,2025-03-20T05:18:00Z,,TARGET,,,HTF_UNAMBIGUOUS,2025-03-20T08:46:00Z,,2025-03-20T08:00:00Z,86182.43500000003,2,0.7835900227518959,1.216409977248104,false,1,,,false
V2,BTC/USD_2025-04-01,BTC/USD,1h,supply,2025-03-30T09:00:00Z,83378.1,83517.78,83255.83,83502.32,83255.83,83386.805,83386.805,83517.78,83124.85499999998,130.97500000000582,2025-03-31T18:00:00Z,2025-03-31T18:30:00Z,,TARGET,,,HTF_UNAMBIGUOUS,2025-03-31T19:25:00Z,,2025-03-31T19:00:00Z,83124.85499999998,2,1.9099859896926044,0.09001401030739564,false,1,,,false
V2,BTC/USD_2025-07-01,BTC/USD,1h,demand,2025-05-09T03:00:00Z,102595.5,102800.69,102364,102451.04,102582.345,102800.69,102582.345,102364,103019.035,218.34500000000116,2025-05-09T16:00:00Z,2025-05-09T16:07:00Z,,TARGET,,,HTF_UNAMBIGUOUS,2025-05-09T17:20:00Z,,2025-05-09T17:00:00Z,103019.035,2,1.4094530902928775,0.5905469097071225,false,1,,,false
V2,BTC/USD_2025-07-01,BTC/USD,1h,demand,2025-05-09T03:00:00Z,102595.5,102800.69,102364,102451.04,102582.345,102800.69,102582.345,102364,103019.035,218.34500000000116,2025-05-12T16:00:00Z,2025-05-12T16:00:00Z,,TARGET,,,ONE_MINUTE_RESOLVED,2025-05-12T16:28:00Z,,2025-05-12T16:00:00Z,103019.035,2,1.4094530902928775,0.5905469097071225,false,2,,,false
V2,BTC/USD_2025-07-01,BTC/USD,1h,demand,2025-05-08T17:00:00Z,101276.49,101707.02,100779.26,101027.13,101243.14,101707.02,101243.14,100779.26,102170.90000000001,463.88000000000466,2025-05-12T18:00:00Z,2025-05-12T18:34:00Z,,TARGET,,,HTF_UNAMBIGUOUS,2025-05-12T20:26:00Z,,2025-05-12T20:00:00Z,102170.90000000001,2,0.6547586013624147,1.3452413986375853,false,3,,,false
V2,BTC/USD_2025-07-01,BTC/USD,1h,supply,2025-05-12T16:00:00Z,102527.27,103075.09,102421.83,102856.06,102421.83,102748.45999999999,102748.45999999999,103075.09,102095.19999999998,326.63000000000466,2025-05-12T22:00:00Z,2025-05-12T22:24:00Z,,TARGET,,,HTF_UNAMBIGUOUS,2025-05-13T01:41:00Z,,2025-05-13T01:00:00Z,102095.19999999998,2,0.943714233230247,1.056285766769753,false,1,,,false
V2,BTC/USD_2025-07-01,BTC/USD,1h,supply,2025-05-12T16:00:00Z,102527.27,103075.09,102421.83,102856.06,102421.83,102748.45999999999,102748.45999999999,103075.09,102095.19999999998,326.63000000000466,2025-05-13T08:00:00Z,2025-05-13T08:00:00Z,,S2_CLOSE,,,HTF_UNAMBIGUOUS,,2025-05-13T09:00:00Z,2025-05-13T09:00:00Z,103457.03,-2.169335333557839,0.943714233230247,-3.113049566788086,false,2,VOL_BUCKET_WITH_BAR_NOT_HIGH,,false
V2,BTC/USD_2025-07-01,BTC/USD,1h,supply,2025-05-10T23:00:00Z,103597.53,104984.57,103571.42,104809.53,103571.42,104277.995,104277.995,104984.57,102864.84499999997,706.5750000000116,2025-05-16T02:00:00Z,2025-05-16T02:00:00Z,,TARGET,,,HTF_UNAMBIGUOUS,2025-05-17T01:19:00Z,,2025-05-17T01:00:00Z,102864.84499999997,2,0.44274703322364195,1.5572529667763582,false,1,,,false
V2,BTC/USD_2025-07-01,BTC/USD,1h,demand,2025-05-17T01:00:00Z,103360,103360.01,102612.5,102829.57,102986.255,103360.01,102986.255,102612.5,103733.76500000001,373.75500000000466,2025-05-19T04:00:00Z,2025-05-19T04:07:00Z,,TARGET,,,ONE_MINUTE_RESOLVED,2025-05-19T04:13:00Z,,2025-05-19T04:00:00Z,103733.76500000001,2,0.8266344664285326,1.1733655335714674,false,4,,,false
V2,BTC/USD_2025-07-01,BTC/USD,1h,demand,2025-05-20T21:00:00Z,106909.09,107225.68,106132.09,106619,106678.885,107225.68,106678.885,106132.09,107772.47499999999,546.7949999999983,2025-05-21T07:00:00Z,2025-05-21T07:31:00Z,,TARGET,,,HTF_UNAMBIGUOUS,2025-05-21T14:42:00Z,,2025-05-21T14:00:00Z,107772.47499999999,2,0.5852955037994148,1.4147044962005852,false,3,,,false
V2,BTC/USD_2025-07-01,BTC/USD,1h,demand,2025-05-20T21:00:00Z,106909.09,107225.68,106132.09,106619,106678.885,107225.68,106678.885,106132.09,107772.47499999999,546.7949999999983,2025-05-21T17:00:00Z,2025-05-21T17:30:00Z,,TARGET,,,HTF_UNAMBIGUOUS,2025-05-21T19:36:00Z,,2025-05-21T19:00:00Z,107772.47499999999,2,0.5852955037994148,1.4147044962005852,false,2,,,false
V2,BTC/USD_2025-07-01,BTC/USD,1h,supply,2025-05-23T14:00:00Z,109634.99,109992.75,109505,109672.01,109505,109748.875,109748.875,109992.75,109261.125,243.875,2025-05-23T17:00:00Z,2025-05-23T17:23:00Z,,TARGET,,,HTF_UNAMBIGUOUS,2025-05-23T18:04:00Z,,2025-05-23T18:00:00Z,109261.125,2,1.3500630445925166,0.6499369554074834,false,1,,,false
V2,BTC/USD_2025-07-01,BTC/USD,1h,supply,2025-05-23T21:00:00Z,108236.53,108664.65,108055,108282.89,108055,108359.825,108359.825,108664.65,107750.175,304.8249999999971,2025-05-24T03:00:00Z,2025-05-24T03:30:00Z,,TARGET,,,HTF_UNAMBIGUOUS,2025-05-24T06:34:00Z,,2025-05-24T06:00:00Z,107750.175,2,1.0664462396457086,0.9335537603542914,false,1,VOL_BUCKET_WITH_BAR_NOT_HIGH,,false
V2,BTC/USD_2025-07-01,BTC/USD,1h,demand,2025-05-08T19:00:00Z,101365.39,101365.39,100972,101299.99,101168.695,101365.39,101168.695,100972,101562.08500000002,196.69500000000698,2025-06-05T20:00:00Z,2025-06-05T20:20:00Z,,TARGET,,,ONE_MINUTE_RESOLVED,2025-06-05T20:27:00Z,,2025-06-05T20:00:00Z,101562.08500000002,2,1.54302897887587,0.45697102112413,false,2,TOUCH_BAR_CLOSED_BEYOND_S2,,false
V2,BTC/USD_2025-07-01,BTC/USD,1h,supply,2025-05-26T15:00:00Z,109652.51,110420.74,109529.57,110009.82,109529.57,109975.155,109975.155,110420.74,109083.98499999999,445.5850000000064,2025-06-09T23:00:00Z,2025-06-09T23:00:00Z,,TARGET,,,HTF_UNAMBIGUOUS,2025-06-10T08:54:00Z,,2025-06-10T08:00:00Z,109083.98499999999,2,0.7404321622137084,1.2595678377862916,false,3,VOL_BUCKET_WITH_BAR_NOT_HIGH,,false
V2,BTC/USD_2025-07-01,BTC/USD,1h,demand,2025-06-06T07:00:00Z,103160,103468.66,103050.9,103150.44,103259.78,103468.66,103259.78,103050.9,103677.54000000001,208.88000000000466,2025-06-13T00:00:00Z,2025-06-13T00:36:00Z,,TARGET,,,ONE_MINUTE_RESOLVED,2025-06-13T00:39:00Z,,2025-06-13T00:00:00Z,103677.54000000001,2,1.483049310608929,0.5169506893910709,false,8,,,false
V2,BTC/USD_2025-07-01,BTC/USD,1h,demand,2025-06-06T07:00:00Z,103160,103468.66,103050.9,103150.44,103259.78,103468.66,103259.78,103050.9,103677.54000000001,208.88000000000466,2025-06-13T02:00:00Z,2025-06-13T02:43:00Z,,TARGET,,,ONE_MINUTE_RESOLVED,2025-06-13T02:49:00Z,,2025-06-13T02:00:00Z,103677.54000000001,2,1.483049310608929,0.5169506893910709,false,2,,,false
V2,BTC/USD_2025-07-01,BTC/USD,1h,demand,2025-06-06T12:00:00Z,103927.99,104300,103513.7,103753.27,103906.85,104300,103906.85,103513.7,104693.15000000002,393.15000000000873,2025-06-13T04:00:00Z,2025-06-13T04:07:00Z,,TARGET,,,HTF_UNAMBIGUOUS,2025-06-13T06:59:00Z,,2025-06-13T06:00:00Z,104693.15000000002,2,0.7928794353300092,1.207120564669991,false,1,,,false
V2,BTC/USD_2025-07-01,BTC/USD,1h,demand,2025-06-16T12:00:00Z,106884,106900,106600,106690.47,106750,106900,106750,106600,107050,150,2025-06-17T02:00:00Z,2025-06-17T02:27:00Z,,TARGET,,,ONE_MINUTE_RESOLVED,2025-06-17T02:51:00Z,,2025-06-17T02:00:00Z,107050,2,2.135,-0.1349999999999998,false,1,,,false
V2,BTC/USD_2025-07-01,BTC/USD,1h,demand,2025-06-16T12:00:00Z,106884,106900,106600,106690.47,106750,106900,106750,106600,107050,150,2025-06-17T06:00:00Z,2025-06-17T06:47:00Z,,S2_CLOSE,,,HTF_UNAMBIGUOUS,,2025-06-17T08:00:00Z,2025-06-17T08:00:00Z,106568.06,-1.212933333333349,2.135,-3.3479333333333487,false,1,,,false
V2,BTC/USD_2025-07-01,BTC/USD,1h,demand,2025-06-06T07:00:00Z,103160,103468.66,103050.9,103150.44,103259.78,103468.66,103259.78,103050.9,103677.54000000001,208.88000000000466,2025-06-20T19:00:00Z,2025-06-20T19:00:00Z,,TARGET,,,HTF_UNAMBIGUOUS,2025-06-20T20:16:00Z,,2025-06-20T20:00:00Z,103677.54000000001,2,1.483049310608929,0.5169506893910709,false,1,,,false
V2,BTC/USD_2025-07-01,BTC/USD,1h,supply,2025-06-21T20:00:00Z,102245.11,102888.88,102206,102782.08,102206,102547.44,102547.44,102888.88,101864.56,341.4400000000023,2025-06-22T01:00:00Z,2025-06-22T01:00:00Z,,TARGET,,,HTF_UNAMBIGUOUS,2025-06-22T13:21:00Z,,2025-06-22T13:00:00Z,101864.56,2,0.9010142924086163,1.0989857075913836,false,1,,,false
V2,BTC/USD_2025-07-01,BTC/USD,1h,demand,2025-05-08T05:00:00Z,98954.32,99120,98738.09,98740.61,98929.045,99120,98929.045,98738.09,99310.955,190.95500000000175,2025-06-22T16:00:00Z,2025-06-22T16:00:00Z,,TARGET,,,ONE_MINUTE_RESOLVED,2025-06-22T16:09:00Z,,2025-06-22T16:00:00Z,99310.955,2,1.5542255243381806,0.4457744756618194,false,1,,,false
V2,BTC/USD_2025-07-01,BTC/USD,1h,demand,2025-05-08T05:00:00Z,98954.32,99120,98738.09,98740.61,98929.045,99120,98929.045,98738.09,99310.955,190.95500000000175,2025-06-22T19:00:00Z,2025-06-22T19:45:00Z,,TARGET,,,HTF_UNAMBIGUOUS,2025-06-22T20:48:00Z,,2025-06-22T20:00:00Z,99310.955,2,1.5542255243381806,0.4457744756618194,false,1,,,false
V2,BTC/USD_2025-07-01,BTC/USD,4h,supply,2025-06-22T08:00:00Z,102424.61,102804.05,102080,102739.48,102080,102442.025,102442.025,102804.05,101717.97499999998,362.02500000000873,2025-06-23T12:00:00Z,2025-06-23T13:59:00Z,,TARGET,,,ONE_MINUTE_RESOLVED,2025-06-23T14:30:00Z,,2025-06-23T12:00:00Z,101717.97499999998,2,0.8489084317381191,1.1510915682618807,false,1,,,false
V2,BTC/USD_2025-07-01,BTC/USD,1h,supply,2025-06-21T20:00:00Z,102245.11,102888.88,102206,102782.08,102206,102547.44,102547.44,102888.88,101864.56,341.4400000000023,2025-06-23T17:00:00Z,2025-06-23T17:37:00Z,,S2_CLOSE,,,HTF_UNAMBIGUOUS,,2025-06-23T18:00:00Z,2025-06-23T18:00:00Z,102933.78,-1.1315018744142276,0.9010142924086163,-2.0325161668228438,false,3,,,false
V2,BTC/USD_2025-07-01,BTC/USD,1h,demand,2025-06-24T02:00:00Z,105450.75,105450.75,104729.69,104753.8,105090.22,105450.75,105090.22,104729.69,105811.28,360.52999999999884,2025-06-24T07:00:00Z,2025-06-24T07:37:00Z,,TARGET,,,HTF_UNAMBIGUOUS,2025-06-24T16:43:00Z,,2025-06-24T16:00:00Z,105811.28,2,0.8744644273708181,1.125535572629182,false,2,,,false
V2,BTC/USD_2025-11-01,BTC/USD,1h,supply,2025-08-18T05:00:00Z,115469.52,115688,115000,115687.99,115000,115344,115344,115688,114656,344,2025-08-18T12:00:00Z,2025-08-18T12:43:00Z,,S2_CLOSE,,,HTF_UNAMBIGUOUS,,2025-08-18T15:00:00Z,2025-08-18T15:00:00Z,116145.34,-2.3294767441860365,1.005906976744186,-3.3353837209302224,false,1,,,false
V2,BTC/USD_2025-11-01,BTC/USD,1h,demand,2025-08-07T04:00:00Z,114546.03,114648,114259,114349.58,114453.5,114648,114453.5,114259,114842.5,194.5,2025-08-19T04:00:00Z,2025-08-19T04:08:00Z,,TARGET,,,ONE_MINUTE_RESOLVED,2025-08-19T04:12:00Z,,2025-08-19T04:00:00Z,114842.5,2,1.765349614395887,0.2346503856041131,false,1,,,false
V2,BTC/USD_2025-11-01,BTC/USD,1h,demand,2025-08-06T12:00:00Z,114226.68,114333.59,113809.02,113914.31,114071.305,114333.59,114071.305,113809.02,114595.87499999997,262.28499999998894,2025-08-19T14:00:00Z,2025-08-19T14:31:00Z,,S2_CLOSE,,,HTF_UNAMBIGUOUS,,2025-08-19T15:00:00Z,2025-08-19T15:00:00Z,113786.38,-1.0863183178603442,1.3047407019082846,-2.391059019768629,false,2,,,false
V2,BTC/USD_2025-11-01,BTC/USD,1h,demand,2025-08-05T15:00:00Z,113037.12,113249.11,112692.3,112934,112970.705,113249.11,112970.705,112692.3,113527.515,278.40499999999884,2025-08-20T00:00:00Z,2025-08-20T00:00:00Z,,TARGET,,,HTF_UNAMBIGUOUS,2025-08-20T03:20:00Z,,2025-08-20T03:00:00Z,113527.515,2,1.2173348718593469,0.7826651281406531,false,3,,,false
V2,BTC/USD_2025-11-01,BTC/USD,4h,demand,2025-08-05T12:00:00Z,114827.07,114893.13,112650,112934,113771.565,114893.13,113771.565,112650,116014.695,1121.5650000000023,2025-08-20T04:00:00Z,2025-08-20T04:00:00Z,,S2_CLOSE,,,HTF_UNAMBIGUOUS,,2025-08-21T16:00:00Z,2025-08-21T16:00:00Z,112193.71,-1.4068333088140168,0.304320030493105,-1.7111533393071219,false,1,VOL_BUCKET_WITH_BAR_NOT_HIGH,,false
V2,BTC/USD_2025-11-01,BTC/USD,1h,demand,2025-08-02T19:00:00Z,112327.65,112945.62,112003,112229.42,112474.31,112945.62,112474.31,112003,113416.93,471.3099999999977,2025-08-21T22:00:00Z,2025-08-21T22:39:00Z,,TARGET,,,HTF_UNAMBIGUOUS,2025-08-22T02:24:00Z,,2025-08-22T02:00:00Z,113416.93,2,0.7159256752455956,1.2840743247544044,false,1,,,false
V2,BTC/USD_2025-11-01,BTC/USD,1h,supply,2025-08-18T21:00:00Z,116407.99,116675.67,116403.76,116648.99,116403.76,116539.715,116539.715,116675.67,116267.805,135.95500000000175,2025-08-22T15:00:00Z,2025-08-22T15:05:00Z,,TARGET,,,HTF_UNAMBIGUOUS,2025-08-22T16:19:00Z,,2025-08-22T16:00:00Z,116267.805,2,2.5715798977602553,-0.5715798977602553,false,1,,,false
V2,BTC/USD_2025-11-01,BTC/USD,1h,supply,2025-08-18T21:00:00Z,116407.99,116675.67,116403.76,116648.99,116403.76,116539.715,116539.715,116675.67,116267.805,135.95500000000175,2025-08-22T17:00:00Z,2025-08-22T17:05:00Z,,S2_CLOSE,,,ONE_MINUTE_RESOLVED,,2025-08-22T17:00:00Z,2025-08-22T17:00:00Z,117024,-3.5620977529329356,2.5715798977602553,-6.1336776506931905,true,1,TOUCH_BAR_CLOSED_BEYOND_S2,,false
V2,BTC/USD_2025-11-01,BTC/USD,1h,demand,2025-08-02T19:00:00Z,112327.65,112945.62,112003,112229.42,112474.31,112945.62,112474.31,112003,113416.93,471.3099999999977,2025-08-24T21:00:00Z,2025-08-24T21:02:00Z,,TARGET,,,HTF_UNAMBIGUOUS,2025-08-24T22:53:00Z,,2025-08-24T22:00:00Z,113416.93,2,0.7159256752455956,1.2840743247544044,false,2,,,false
V2,BTC/USD_2025-11-01,BTC/USD,1h,demand,2025-08-02T19:00:00Z,112327.65,112945.62,112003,112229.42,112474.31,112945.62,112474.31,112003,113416.93,471.3099999999977,2025-08-25T00:00:00Z,2025-08-25T00:40:00Z,,TARGET,,,HTF_UNAMBIGUOUS,2025-08-25T02:17:00Z,,2025-08-25T02:00:00Z,113416.93,2,0.7159256752455956,1.2840743247544044,false,2,,,false
V2,BTC/USD_2025-11-01,BTC/USD,1h,demand,2025-08-02T19:00:00Z,112327.65,112945.62,112003,112229.42,112474.31,112945.62,112474.31,112003,113416.93,471.3099999999977,2025-08-25T05:00:00Z,2025-08-25T05:39:00Z,,S2_CLOSE,,,HTF_UNAMBIGUOUS,,2025-08-25T06:00:00Z,2025-08-25T06:00:00Z,111929.87,-1.1551632683371984,0.7159256752455956,-1.871088943582794,false,1,,,false
V2,BTC/USD_2025-11-01,BTC/USD,4h,supply,2025-08-24T20:00:00Z,112600,113692.97,111632.85,113493.59,111632.85,112662.91,112662.91,113692.97,110602.79000000001,1030.0599999999977,2025-08-25T16:00:00Z,2025-08-25T16:16:00Z,,TARGET,,,HTF_UNAMBIGUOUS,2025-08-25T20:00:00Z,,2025-08-25T20:00:00Z,110602.79000000001,2,0.3281252839640417,1.6718747160359584,false,1,,,false
V2,BTC/USD_2025-11-01,BTC/USD,4h,demand,2025-07-08T12:00:00Z,108756.37,109216.56,108217.07,108268.35,108716.815,109216.56,108716.815,108217.07,109716.305,499.74499999999534,2025-08-26T00:00:00Z,2025-08-26T01:01:00Z,,TARGET,,,ONE_MINUTE_RESOLVED,2025-08-26T01:21:00Z,,2025-08-26T00:00:00Z,109716.305,2,0.65263373320394,1.34736626679606,false,2,,,false
V2,BTC/USD_2025-11-01,BTC/USD,4h,supply,2025-08-24T20:00:00Z,112600,113692.97,111632.85,113493.59,111632.85,112662.91,112662.91,113692.97,110602.79000000001,1030.0599999999977,2025-08-28T04:00:00Z,2025-08-28T04:38:00Z,,TARGET,,,HTF_UNAMBIGUOUS,2025-08-29T07:14:00Z,,2025-08-29T04:00:00Z,110602.79000000001,2,0.3281252839640417,1.6718747160359584,false,1,,,false
V2,BTC/USD_2025-11-01,BTC/USD,1h,demand,2025-08-26T15:00:00Z,110358.13,110561.76,109550,109666.33,110055.88,110561.76,110055.88,109550,111067.64000000001,505.88000000000466,2025-08-29T13:00:00Z,2025-08-29T13:35:00Z,,S2_CLOSE,,,ONE_MINUTE_RESOLVED,,2025-08-29T13:00:00Z,2025-08-29T13:00:00Z,109106.14,-1.8774017553569948,0.6526599984185913,-2.5300617537755863,true,2,TOUCH_BAR_CLOSED_BEYOND_S2,,false
V2,BTC/USD_2025-11-01,BTC/USD,4h,demand,2025-07-08T00:00:00Z,108262.94,108525,107429.57,107901.52,107977.285,108525,107977.285,107429.57,109072.715,547.7149999999965,2025-08-29T20:00:00Z,2025-08-29T20:06:00Z,,TARGET,,,HTF_UNAMBIGUOUS,2025-08-31T00:42:00Z,,2025-08-31T00:00:00Z,109072.715,2,0.5914241074281371,1.408575892571863,false,1,,,false
V2,BTC/USD_2025-11-01,BTC/USD,1h,demand,2025-09-01T04:00:00Z,107660,107759.99,107279.51,107409.1,107519.75,107759.99,107519.75,107279.51,108000.23000000001,240.24000000000524,2025-09-01T21:00:00Z,2025-09-01T21:41:00Z,,TARGET,,,HTF_UNAMBIGUOUS,2025-09-01T22:18:00Z,,2025-09-01T22:00:00Z,108000.23000000001,2,1.3426542207791916,0.6573457792208084,false,1,,,false
V2,BTC/USD_2025-11-01,BTC/USD,1h,supply,2025-08-29T12:00:00Z,110098.81,111517.07,110070.73,110728,110070.73,110793.9,110793.9,111517.07,109347.55999999997,723.1700000000128,2025-09-02T13:00:00Z,2025-09-02T13:45:00Z,,S2_CLOSE,,,HTF_UNAMBIGUOUS,,2025-09-03T14:00:00Z,2025-09-03T14:00:00Z,112261.37,-2.029218579310501,0.45961765559964335,-2.4888362349101443,false,1,,,false
V2,BTC/USD_2025-11-01,BTC/USD,1h,supply,2025-08-22T15:00:00Z,115808.24,117296.12,115808.23,116370.75,115808.23,116552.17499999999,116552.17499999999,117296.12,115064.28499999997,743.945000000007,2025-09-17T23:00:00Z,2025-09-17T23:00:00Z,,S2_CLOSE,,,HTF_UNAMBIGUOUS,,2025-09-18T03:00:00Z,2025-09-18T03:00:00Z,117581.66,-1.3838186962745975,0.4700031924402969,-1.8538218887148945,false,1,,,false
V2,BTC/USD_2025-11-01,BTC/USD,1h,demand,2025-09-10T10:00:00Z,112274.29,112422.63,112199.19,112270.01,112310.91,112422.63,112310.91,112199.19,112534.35,111.72000000000116,2025-09-22T09:00:00Z,2025-09-22T09:31:00Z,,TARGET,,,HTF_UNAMBIGUOUS,2025-09-22T10:15:00Z,,2025-09-22T10:00:00Z,112534.35,2,3.015867615467208,-1.015867615467208,false,1,,,false
V2,BTC/USD_2025-11-01,BTC/USD,1h,demand,2025-09-10T10:00:00Z,112274.29,112422.63,112199.19,112270.01,112310.91,112422.63,112310.91,112199.19,112534.35,111.72000000000116,2025-09-22T17:00:00Z,2025-09-22T17:10:00Z,,TARGET,,,ONE_MINUTE_RESOLVED,2025-09-22T17:49:00Z,,2025-09-22T17:00:00Z,112534.35,2,3.015867615467208,-1.015867615467208,false,1,,,false
V2,BTC/USD_2025-11-01,BTC/USD,1h,demand,2025-09-10T10:00:00Z,112274.29,112422.63,112199.19,112270.01,112310.91,112422.63,112310.91,112199.19,112534.35,111.72000000000116,2025-09-22T19:00:00Z,2025-09-22T19:35:00Z,,S2_CLOSE,,,ONE_MINUTE_RESOLVED,,2025-09-22T19:00:00Z,2025-09-22T19:00:00Z,112122.9,-1.6828678839957694,3.015867615467208,-4.698735499462977,true,1,TOUCH_BAR_CLOSED_BEYOND_S2,,false
V2,BTC/USD_2025-11-01,BTC/USD,1h,demand,2025-09-10T01:00:00Z,111010.47,111224.53,110917.45,111005.64,111070.98999999999,111224.53,111070.98999999999,110917.45,111378.06999999998,153.5399999999936,2025-09-25T14:00:00Z,2025-09-25T14:00:00Z,,TARGET,,,ONE_MINUTE_RESOLVED,2025-09-25T14:15:00Z,,2025-09-25T14:00:00Z,111378.06999999998,2,2.1702030089879765,-0.17020300898797647,false,1,,,false
V2,BTC/USD_2025-11-01,BTC/USD,1h,demand,2025-09-08T00:00:00Z,111137.35,111293.26,110733.71,110837.96,111013.485,111293.26,111013.485,110733.71,111573.03499999999,279.7749999999942,2025-09-25T15:00:00Z,2025-09-25T15:24:00Z,,TARGET,,,ONE_MINUTE_RESOLVED,2025-09-25T15:59:00Z,,2025-09-25T15:00:00Z,111573.03499999999,2,1.1903867572156446,0.8096132427843554,false,1,,,false
V2,BTC/USD_2025-11-01,BTC/USD,1h,demand,2025-09-10T01:00:00Z,111010.47,111224.53,110917.45,111005.64,111070.98999999999,111224.53,111070.98999999999,110917.45,111378.06999999998,153.5399999999936,2025-09-25T16:00:00Z,2025-09-25T16:40:00Z,,S2_CLOSE,,,HTF_UNAMBIGUOUS,,2025-09-25T17:00:00Z,2025-09-25T17:00:00Z,108833.63,-14.571837957536012,2.1702030089879765,-16.742040966523987,false,1,,,false
V2,BTC/USD_2025-11-01,BTC/USD,1h,demand,2025-09-02T12:00:00Z,109733.33,109836.34,108393.39,108795.99,109114.86499999999,109836.34,109114.86499999999,108393.39,110557.81499999997,721.4749999999913,2025-09-25T21:00:00Z,2025-09-25T21:33:00Z,,TARGET,,,HTF_UNAMBIGUOUS,2025-09-28T20:21:00Z,,2025-09-28T20:00:00Z,110557.81499999997,2,0.4537157836376921,1.5462842163623078,false,1,,,false
V2,BTC/USD_2025-11-01,BTC/USD,1h,supply,2025-09-22T03:00:00Z,114187.8,114654.36,114187.8,114649.89,114187.8,114421.08,114421.08,114654.36,113954.52,233.27999999999884,2025-09-30T21:00:00Z,2025-09-30T21:00:00Z,,TARGET,,,HTF_UNAMBIGUOUS,2025-09-30T22:33:00Z,,2025-09-30T22:00:00Z,113954.52,2,1.4714645061728469,0.5285354938271531,false,1,,,false
V2,BTC/USD_2025-11-01,BTC/USD,1h,supply,2025-08-17T22:00:00Z,117700.01,117995.37,117688.5,117954.99,117688.5,117841.935,117841.935,117995.37,117535.065,153.43499999999767,2025-10-01T16:00:00Z,2025-10-01T16:27:00Z,,TARGET,,,HTF_UNAMBIGUOUS,2025-10-01T17:01:00Z,,2025-10-01T17:00:00Z,117535.065,2,2.304075373936881,-0.3040753739368811,false,3,,,false
V2,BTC/USD_2025-11-01,BTC/USD,1h,supply,2025-09-18T14:00:00Z,117432.04,117843.83,117400.54,117640.54,117400.54,117622.185,117622.185,117843.83,117178.89499999999,221.64500000000407,2025-10-01T19:00:00Z,2025-10-01T19:42:00Z,,TARGET,,,HTF_UNAMBIGUOUS,2025-10-01T20:13:00Z,,2025-10-01T20:00:00Z,117178.89499999999,2,1.5920348079135263,0.40796519208647375,false,2,,,false
V2,BTC/USD_2025-11-01,BTC/USD,1h,supply,2025-08-17T22:00:00Z,117700.01,117995.37,117688.5,117954.99,117688.5,117841.935,117841.935,117995.37,117535.065,153.43499999999767,2025-10-01T22:00:00Z,2025-10-01T22:06:00Z,,S2_CLOSE,,,HTF_UNAMBIGUOUS,,2025-10-01T23:00:00Z,2025-10-01T23:00:00Z,118594.99,-4.907974060677284,2.304075373936881,-7.2120494346141655,false,1,VOL_BUCKET_WITH_BAR_NOT_HIGH,,false
V2,BTC/USD_2025-11-01,BTC/USD,1h,supply,2025-08-15T06:00:00Z,118984.29,119216.82,118866.01,119082.82,118866.01,119041.41500000001,119041.41500000001,119216.82,118690.60500000001,175.40499999999884,2025-10-02T03:00:00Z,2025-10-02T03:25:00Z,,TARGET,,,ONE_MINUTE_RESOLVED,2025-10-02T03:54:00Z,,2025-10-02T03:00:00Z,118690.60500000001,2,2.0359980901342745,-0.03599809013427446,false,2,,,false
V2,BTC/USD_2025-11-01,BTC/USD,1h,supply,2025-08-14T11:00:00Z,120932.99,121031.31,120694,120949.67,120694,120862.655,120862.655,121031.31,120525.345,168.65499999999884,2025-10-02T19:00:00Z,2025-10-02T19:07:00Z,,TARGET,,,HTF_UNAMBIGUOUS,2025-10-02T20:25:00Z,,2025-10-02T20:00:00Z,120525.345,2,2.1498797248821706,-0.1498797248821706,false,1,,,false
V2,BTC/USD_2025-11-01,BTC/USD,1h,demand,2025-10-02T16:00:00Z,119910.78,120300,119607.82,119731.4,119953.91,120300,119953.91,119607.82,120646.09,346.0899999999965,2025-10-03T01:00:00Z,2025-10-03T01:53:00Z,,TARGET,,,HTF_UNAMBIGUOUS,2025-10-03T13:32:00Z,,2025-10-03T13:00:00Z,120646.09,2,1.0397923372533262,0.9602076627466738,false,1,,,false
V2,BTC/USD_2025-11-01,BTC/USD,4h,supply,2025-08-14T00:00:00Z,123306.44,124474,123250.5,123337.14,123250.5,123862.25,123862.25,124474,122638.75,611.75,2025-10-03T16:00:00Z,2025-10-03T16:33:00Z,,TARGET,,,ONE_MINUTE_RESOLVED,2025-10-03T16:59:00Z,,2025-10-03T16:00:00Z,122638.75,2,0.6074160196158561,1.3925839803841438,false,1,,,false
V2,BTC/USD_2025-11-01,BTC/USD,1h,demand,2025-10-04T18:00:00Z,121747.36,121829.69,121510,121574.66,121669.845,121829.69,121669.845,121510,121989.535,159.84500000000116,2025-10-07T15:00:00Z,2025-10-07T15:37:00Z,,TARGET,,,HTF_UNAMBIGUOUS,2025-10-07T16:46:00Z,,2025-10-07T16:00:00Z,121989.535,2,2.2835217554505762,-0.28352175545057623,false,3,,,false
V2,BTC/USD_2025-11-01,BTC/USD,1h,demand,2025-10-04T18:00:00Z,121747.36,121829.69,121510,121574.66,121669.845,121829.69,121669.845,121510,121989.535,159.84500000000116,2025-10-07T17:00:00Z,2025-10-07T17:00:00Z,,S2_CLOSE,,,ONE_MINUTE_RESOLVED,,2025-10-07T17:00:00Z,2025-10-07T17:00:00Z,121130.02,-3.377177891081943,2.2835217554505762,-5.660699646532519,true,1,TOUCH_BAR_CLOSED_BEYOND_S2,,false
V2,BTC/USD_2025-11-01,BTC/USD,4h,demand,2025-10-03T04:00:00Z,120225.88,120324.53,119610.59,119640.21,119967.56,120324.53,119967.56,119610.59,120681.5,356.97000000000116,2025-10-09T16:00:00Z,2025-10-09T16:58:00Z,,TARGET,,,ONE_MINUTE_RESOLVED,2025-10-09T17:50:00Z,,2025-10-09T16:00:00Z,120681.5,2,1.008215480292458,0.9917845197075419,false,1,,,false
V2,BTC/USD_2025-11-01,BTC/USD,4h,demand,2025-10-02T04:00:00Z,118733.99,118930.29,118279.31,118489.76,118604.79999999999,118930.29,118604.79999999999,118279.31,119255.77999999997,325.4899999999907,2025-10-10T12:00:00Z,2025-10-10T15:34:00Z,,TARGET,,,ONE_MINUTE_RESOLVED,2025-10-10T15:38:00Z,,2025-10-10T12:00:00Z,119255.77999999997,2,1.0931653814249598,0.9068346185750402,false,2,,,false
V2,BTC/USD_2025-11-01,BTC/USD,1h,demand,2025-10-01T10:00:00Z,116412.1,116551,116203.5,116281.64,116377.25,116551,116377.25,116203.5,116724.75,173.75,2025-10-10T19:00:00Z,2025-10-10T19:20:00Z,,TARGET,,,ONE_MINUTE_RESOLVED,2025-10-10T19:25:00Z,,2025-10-10T19:00:00Z,116724.75,2,2.009391366906475,-0.009391366906474907,false,3,,,false
V2,BTC/USD_2025-11-01,BTC/USD,1h,demand,2025-09-30T09:00:00Z,113451.89,113451.89,112731.41,112781.97,113091.65,113451.89,113091.65,112731.41,113812.12999999998,360.2399999999907,2025-10-10T20:00:00Z,2025-10-10T20:56:00Z,,AMBIGUOUS,CLOSED_AT_TARGET,TARGET,HTF_UNAMBIGUOUS,2025-10-10T21:00:00Z,,2025-10-10T21:00:00Z,113812.12999999998,2,0.941802548301157,,false,4,,,true
V2,BTC/USD_2025-11-01,BTC/USD,1h,demand,2025-09-30T09:00:00Z,113451.89,113451.89,112731.41,112781.97,113091.65,113451.89,113091.65,112731.41,113812.12999999998,360.2399999999907,2025-10-10T22:00:00Z,2025-10-10T22:02:00Z,,TARGET,,,ONE_MINUTE_RESOLVED,2025-10-10T22:48:00Z,,2025-10-10T22:00:00Z,113812.12999999998,2,0.941802548301157,1.058197451698843,false,1,,,false
V2,BTC/USD_2025-11-01,BTC/USD,1h,demand,2025-09-29T02:00:00Z,111855.3,112022.27,111632.72,111750.02,111827.495,112022.27,111827.495,111632.72,112217.04499999998,194.77499999999418,2025-10-11T00:00:00Z,2025-10-11T00:16:00Z,,AMBIGUOUS,CLOSED_AT_TARGET,TARGET,ONE_MINUTE_RESOLVED,2025-10-11T01:00:00Z,,2025-10-11T01:00:00Z,112217.04499999998,2,1.7224103966115263,,false,5,,,true
V2,BTC/USD_2025-11-01,BTC/USD,1h,supply,2025-10-10T22:00:00Z,113451.87,114109.03,110879.69,113700,110879.69,112494.36,112494.36,114109.03,109265.02,1614.6699999999983,2025-10-11T02:00:00Z,2025-10-11T02:39:00Z,,S2_CLOSE,,,HTF_UNAMBIGUOUS,,2025-10-12T19:00:00Z,2025-10-12T19:00:00Z,114342.28,-1.1444567620628365,0.20901055943319713,-1.3534673214960335,false,1,,,false
V2,BTC/USD_2025-11-01,BTC/USD,1h,demand,2025-10-12T21:00:00Z,114927.97,115600,114217.75,114882.06,114908.875,115600,114908.875,114217.75,116291.125,691.125,2025-10-13T10:00:00Z,2025-10-13T10:15:00Z,,S2_CLOSE,,,HTF_UNAMBIGUOUS,,2025-10-13T11:00:00Z,2025-10-13T11:00:00Z,114180,-1.0546210888044854,0.49879055887140533,-1.5534116476758908,false,1,,,false
V2,BTC/USD_2025-11-01,BTC/USD,1h,demand,2025-10-12T17:00:00Z,114069.35,114466.94,113516.38,113799.99,113991.66,114466.94,113991.66,113516.38,114942.22,475.27999999999884,2025-10-13T15:00:00Z,2025-10-13T15:00:00Z,,TARGET,,,HTF_UNAMBIGUOUS,2025-10-13T16:08:00Z,,2025-10-13T16:00:00Z,114942.22,2,0.7195231863322691,1.280476813667731,false,1,,,false
V2,BTC/USD_2025-11-01,BTC/USD,1h,demand,2025-10-12T13:00:00Z,111789.61,111934.51,111265.99,111297.52,111600.25,111934.51,111600.25,111265.99,112268.76999999999,334.25999999999476,2025-10-14T06:00:00Z,2025-10-14T06:47:00Z,,S2_CLOSE,,,HTF_UNAMBIGUOUS,,2025-10-14T10:00:00Z,2025-10-14T10:00:00Z,110623.58,-2.9218871537127193,1.0016177526476553,-3.9235049063603746,false,1,,,false
V2,BTC/USD_2025-11-01,BTC/USD,1h,supply,2025-10-14T08:00:00Z,111724.41,112140,111513.63,111803.33,111513.63,111826.815,111826.815,112140,111200.445,313.1849999999977,2025-10-14T14:00:00Z,2025-10-14T14:16:00Z,,TARGET,,,ONE_MINUTE_RESOLVED,2025-10-14T15:12:00Z,,2025-10-14T15:00:00Z,111200.445,2,1.0711893768858742,0.9288106231141258,false,1,,,false
V2,BTC/USD_2025-11-01,BTC/USD,4h,demand,2025-09-01T08:00:00Z,109432.99,109912.4,108186.41,108782.88,109049.405,109912.4,109049.405,108186.41,110775.39499999999,862.9949999999953,2025-10-16T16:00:00Z,2025-10-16T16:00:00Z,,S2_CLOSE,,,HTF_UNAMBIGUOUS,,2025-10-17T04:00:00Z,2025-10-17T04:00:00Z,105633.75,-3.957908214995472,0.3790847165974331,-4.3369929315929046,false,1,,,false
V2,BTC/USD_2025-11-01,BTC/USD,4h,demand,2025-07-01T16:00:00Z,105955.19,106287.95,105387.68,105398.53,105837.815,106287.95,105837.815,105387.68,106738.08500000002,450.1350000000093,2025-10-17T12:00:00Z,2025-10-17T12:00:00Z,,TARGET,,,ONE_MINUTE_RESOLVED,2025-10-17T15:57:00Z,,2025-10-17T12:00:00Z,106738.08500000002,2,0.7053738211869627,1.2946261788130373,false,1,,,false
V2,BTC/USD_2025-11-01,BTC/USD,4h,supply,2025-10-17T00:00:00Z,108194.27,109240,107934.4,109176.74,107934.4,108587.2,108587.2,109240,107281.59999999999,652.8000000000029,2025-10-19T16:00:00Z,2025-10-19T16:41:00Z,,S2_CLOSE,,,HTF_UNAMBIGUOUS,,2025-10-20T00:00:00Z,2025-10-20T00:00:00Z,110145.44,-2.387009803921566,0.4990220588235272,-2.886031862745093,false,1,VOL_BUCKET_WITH_BAR_NOT_HIGH,,false
V2,BTC/USD_2025-11-01,BTC/USD,1h,supply,2025-10-16T06:00:00Z,110951.13,111716.86,110922.17,111666.83,110922.17,111319.515,111319.515,111716.86,110524.825,397.34500000000116,2025-10-20T07:00:00Z,2025-10-20T07:15:00Z,,TARGET,,,HTF_UNAMBIGUOUS,2025-10-20T16:43:00Z,,2025-10-20T16:00:00Z,110524.825,2,0.8404750154148134,1.1595249845851865,false,2,,,false
V2,BTC/USD_2025-11-01,BTC/USD,1h,demand,2025-10-19T12:00:00Z,107783.47,107859.42,107421.9,107631.43,107640.66,107859.42,107640.66,107421.9,108078.18000000002,218.7600000000093,2025-10-21T06:00:00Z,2025-10-21T06:00:00Z,,TARGET,,,ONE_MINUTE_RESOLVED,2025-10-21T06:22:00Z,,2025-10-21T06:00:00Z,108078.18000000002,2,1.476147284695494,0.5238527153045061,false,2,,,false
V2,BTC/USD_2025-11-01,BTC/USD,1h,demand,2025-10-19T12:00:00Z,107783.47,107859.42,107421.9,107631.43,107640.66,107859.42,107640.66,107421.9,108078.18000000002,218.7600000000093,2025-10-21T08:00:00Z,2025-10-21T08:37:00Z,,TARGET,,,HTF_UNAMBIGUOUS,2025-10-21T10:35:00Z,,2025-10-21T10:00:00Z,108078.18000000002,2,1.476147284695494,0.5238527153045061,false,2,,,false
V2,BTC/USD_2025-11-01,BTC/USD,1h,supply,2025-10-16T06:00:00Z,110951.13,111716.86,110922.17,111666.83,110922.17,111319.515,111319.515,111716.86,110524.825,397.34500000000116,2025-10-21T14:00:00Z,2025-10-21T14:55:00Z,,S2_CLOSE,,,ONE_MINUTE_RESOLVED,,2025-10-21T14:00:00Z,2025-10-21T14:00:00Z,112170.52,-2.14172822106734,0.8404750154148134,-2.9822032364821536,true,4,TOUCH_BAR_CLOSED_BEYOND_S2;PRODUCTION_WOULD_PICK_ANOTHER_ZONE,,false
V2,BTC/USD_2025-11-01,BTC/USD,4h,supply,2025-10-14T20:00:00Z,112613.69,113577,112230.46,113028.14,112230.46,112903.73000000001,112903.73000000001,113577,111557.19000000003,673.2699999999895,2025-10-21T12:00:00Z,2025-10-21T15:07:00Z,,TARGET,,,HTF_UNAMBIGUOUS,2025-10-21T18:37:00Z,,2025-10-21T16:00:00Z,111557.19000000003,2,0.5030837405498616,1.4969162594501384,false,3,,,false
V2,BTC/USD_2025-11-01,BTC/USD,4h,demand,2025-10-21T04:00:00Z,109059.23,109059.23,107473.72,108086.37,108266.475,109059.23,108266.475,107473.72,109851.98500000002,792.7550000000047,2025-10-21T20:00:00Z,2025-10-21T23:40:00Z,,TARGET,,,HTF_UNAMBIGUOUS,2025-10-23T06:16:00Z,,2025-10-23T04:00:00Z,109851.98500000002,2,0.40970971485515467,1.5902902851448453,false,1,,,false
V2,BTC/USD_2025-11-01,BTC/USD,1h,supply,2025-10-23T06:00:00Z,108940.58,110298.29,108849.07,110246.94,108849.07,109573.68,109573.68,110298.29,108124.45999999999,724.6100000000006,2025-10-23T13:00:00Z,2025-10-23T13:39:00Z,,S2_CLOSE,,,HTF_UNAMBIGUOUS,,2025-10-23T17:00:00Z,2025-10-23T17:00:00Z,111241.71,-2.3019693352286223,0.4536523647203319,-2.7556216999489545,false,1,,,false
V2,BTC/USD_2025-11-01,BTC/USD,1h,demand,2025-10-23T20:00:00Z,110200.01,110200.01,109341.28,109524.81,109770.64499999999,110200.01,109770.64499999999,109341.28,110629.37499999997,429.3649999999907,2025-10-24T14:00:00Z,2025-10-24T14:27:00Z,,TARGET,,,HTF_UNAMBIGUOUS,2025-10-24T18:25:00Z,,2025-10-24T18:00:00Z,110629.37499999997,2,0.7669743341912059,1.2330256658087941,false,1,,,false
V2,BTC/USD_2025-11-01,BTC/USD,1h,demand,2025-10-27T02:00:00Z,115284.01,115445.39,114815.6,114883.39,115130.495,115445.39,115130.495,114815.6,115760.28499999997,314.8949999999895,2025-10-27T10:00:00Z,2025-10-27T10:02:00Z,,S2_CLOSE,,,HTF_UNAMBIGUOUS,,2025-10-27T14:00:00Z,2025-10-27T14:00:00Z,114810.05,-1.0176249225932552,1.0968465202686974,-2.1144714428619524,false,1,,,false
V2,BTC/USD_2025-11-01,BTC/USD,1h,demand,2025-10-28T05:00:00Z,113964.6,113981.73,113483.3,113605.31,113732.515,113981.73,113732.515,113483.3,114230.94499999999,249.2149999999965,2025-10-28T19:00:00Z,2025-10-28T19:29:00Z,,S2_CLOSE,,,HTF_UNAMBIGUOUS,,2025-10-28T20:00:00Z,2025-10-28T20:00:00Z,112808.05,-3.709507854663682,1.369089119836305,-5.0785969744999875,false,1,,,false
V2,BTC/USD_2025-11-01,BTC/USD,4h,demand,2025-10-24T12:00:00Z,111066.29,112104.98,109700.01,110046.91,110902.495,112104.98,110902.495,109700.01,113307.465,1202.4850000000006,2025-10-29T20:00:00Z,2025-10-29T20:00:00Z,,S2_CLOSE,,,HTF_UNAMBIGUOUS,,2025-10-30T12:00:00Z,2025-10-30T12:00:00Z,107711.56,-2.653617300839508,0.2766832725564143,-2.930300573395922,false,1,,,false
V2,BTC/USD_2025-11-01,BTC/USD,4h,demand,2025-10-18T12:00:00Z,107208.61,107300,106739.33,106948.75,107019.66500000001,107300,107019.66500000001,106739.33,107580.33500000002,280.3350000000064,2025-10-30T16:00:00Z,2025-10-30T17:21:00Z,,TARGET,,,ONE_MINUTE_RESOLVED,2025-10-30T17:48:00Z,,2025-10-30T16:00:00Z,107580.33500000002,2,1.1452690352613577,0.8547309647386423,false,2,TOUCH_BAR_CLOSED_BEYOND_S2;PRODUCTION_WOULD_PICK_ANOTHER_ZONE,,false
V2,BTC/USD_2025-11-01,BTC/USD,1h,demand,2025-10-19T08:00:00Z,106786,107132.83,106278.74,106443.95,106705.785,107132.83,106705.785,106278.74,107559.875,427.04499999999825,2025-10-30T19:00:00Z,2025-10-30T19:22:00Z,,TARGET,,,HTF_UNAMBIGUOUS,2025-10-30T20:52:00Z,,2025-10-30T20:00:00Z,107559.875,2,0.74961035722231,1.25038964277769,false,1,,,false
V2,BTC/USD_2025-11-01,BTC/USD,4h,supply,2025-10-30T04:00:00Z,110751.48,111592,107925.06,111366.72,107925.06,109758.53,109758.53,111592,106091.59,1833.4700000000012,2025-10-31T00:00:00Z,2025-10-31T01:07:00Z,,OPEN_AT_DATA_END,,,DATA_END,,,,,,0.17959147954425206,,false,1,,,true
V2,USD/JPY_2022-11-01,USD/JPY,1h,demand,2022-09-07T04:00:00Z,144.014999,144.38499,143.855,143.99001,144.119995,144.38499,144.119995,143.855,144.649985,0.264994999999999,2022-09-07T18:00:00Z,2022-09-07T18:00:00Z,,S2_CLOSE,,,HTF_UNAMBIGUOUS,,2022-09-07T19:00:00Z,2022-09-07T19:00:00Z,143.715,-1.5283118549406098,0.06037849770750415,-1.588690352648114,false,2,,,false
V2,USD/JPY_2022-11-01,USD/JPY,1h,demand,2022-09-07T20:00:00Z,143.765,143.855,143.72501,143.735,143.790005,143.855,143.790005,143.72501,143.91999500000003,0.06499500000001035,2022-09-08T04:00:00Z,2022-09-08T04:04:00Z,,TARGET,,,ONE_MINUTE_RESOLVED,2022-09-08T04:32:00Z,,2022-09-08T04:00:00Z,143.91999500000003,2,0.24617278252169325,1.7538272174783067,false,1,,,false
V2,USD/JPY_2022-11-01,USD/JPY,1h,demand,2022-09-07T20:00:00Z,143.765,143.855,143.72501,143.735,143.790005,143.855,143.790005,143.72501,143.91999500000003,0.06499500000001035,2022-09-08T06:00:00Z,2022-09-08T06:00:00Z,,S2_CLOSE,,,ONE_MINUTE_RESOLVED,,2022-09-08T06:00:00Z,2022-09-08T06:00:00Z,143.67,-1.8463727979075504,0.24617278252169325,-2.0925455804292437,true,1,TOUCH_BAR_CLOSED_BEYOND_S2,,false
V2,USD/JPY_2022-11-01,USD/JPY,1h,supply,2022-09-08T08:00:00Z,143.825,144.13499,143.47501,144.044998,143.47501,143.805,143.805,144.13499,143.14502000000005,0.3299899999999809,2022-09-08T12:00:00Z,2022-09-08T12:20:00Z,,S2_CLOSE,,,ONE_MINUTE_RESOLVED,,2022-09-08T12:00:00Z,2022-09-08T12:00:00Z,144.145,-1.0303342525531776,0.048486317767207875,-1.0788205703203855,true,1,TOUCH_BAR_CLOSED_BEYOND_S2,,false
V2,USD/JPY_2022-11-01,USD/JPY,1h,demand,2022-09-07T00:00:00Z,143.145,143.33501,142.955,143.095001,143.14500500000003,143.33501,143.14500500000003,142.955,143.52501500000005,0.19000500000001352,2022-09-09T03:00:00Z,2022-09-09T03:26:00Z,,S2_CLOSE,,,HTF_UNAMBIGUOUS,,2022-09-09T04:00:00Z,2022-09-09T04:00:00Z,142.825,-1.6841925212495177,0.0842083103076175,-1.7684008315571351,false,2,,,false
V2,USD/JPY_2022-11-01,USD/JPY,1h,demand,2022-09-06T19:00:00Z,142.88499,142.88499,142.765,142.795,142.824995,142.88499,142.824995,142.765,142.94498500000003,0.0599950000000149,2022-09-09T06:00:00Z,2022-09-09T06:39:00Z,,S2_CLOSE,,,ONE_MINUTE_RESOLVED,,2022-09-09T06:00:00Z,2022-09-09T06:00:00Z,142.675,-2.5001250104167454,0.26668889074082885,-2.7668139011575743,true,2,TOUCH_BAR_CLOSED_BEYOND_S2,,false
V2,USD/JPY_2022-11-01,USD/JPY,1h,demand,2022-09-06T09:00:00Z,141.69501,141.80499,141.595,141.675,141.699995,141.80499,141.699995,141.595,141.909985,0.10499500000000239,2022-09-09T10:00:00Z,2022-09-09T10:08:00Z,,TARGET,,,HTF_UNAMBIGUOUS,2022-09-09T11:11:00Z,,2022-09-09T11:00:00Z,141.909985,2,0.15238820896232808,1.847611791037672,false,1,,,false
V2,USD/JPY_2022-11-01,USD/JPY,1h,supply,2022-09-09T17:00:00Z,142.565,142.69501,142.535,142.69501,142.535,142.615005,142.615005,142.69501,142.454995,0.08000499999999988,2022-09-11T22:00:00Z,2022-09-11T22:36:00Z,,S2_CLOSE,,,HTF_UNAMBIGUOUS,,2022-09-12T00:00:00Z,2022-09-12T00:00:00Z,142.80499,-2.3746640834948747,0.19998750078120148,-2.574651584276076,false,1,,,false
V2,USD/JPY_2022-11-01,USD/JPY,1h,supply,2022-09-09T05:00:00Z,142.815,142.965,142.715,142.965,142.715,142.84,142.84,142.965,142.59,0.125,2022-09-12T03:00:00Z,2022-09-12T03:00:00Z,,S2_CLOSE,,,HTF_UNAMBIGUOUS,,2022-09-12T04:00:00Z,2022-09-12T04:00:00Z,143.175,-2.6800000000000637,0.128,-2.808000000000064,false,1,,,false
V2,USD/JPY_2022-11-01,USD/JPY,1h,supply,2022-09-12T09:00:00Z,142.685,142.785,142.52499,142.72501,142.52499,142.65499499999999,142.65499499999999,142.785,142.39498499999996,0.13000500000001125,2022-09-12T18:00:00Z,2022-09-12T18:20:00Z,,S2_CLOSE,,,HTF_UNAMBIGUOUS,,2022-09-12T19:00:00Z,2022-09-12T19:00:00Z,142.815,-1.230760355370936,0.12307218953116122,-1.3538325449020974,false,1,,,false
V2,USD/JPY_2022-11-01,USD/JPY,1h,supply,2022-09-08T12:00:00Z,143.47501,144.16499,143.405,144.145,143.405,143.78499499999998,143.78499499999998,144.16499,143.02500499999996,0.3799950000000081,2022-09-13T12:00:00Z,2022-09-13T12:33:00Z,,S2_CLOSE,,,ONE_MINUTE_RESOLVED,,2022-09-13T12:00:00Z,2022-09-13T12:00:00Z,144.41499,-1.6579033934656895,0.04210581718180413,-1.7000092106474936,true,8,TOUCH_BAR_CLOSED_BEYOND_S2;PRODUCTION_WOULD_PICK_ANOTHER_ZONE,,false
V2,USD/JPY_2022-11-01,USD/JPY,1h,demand,2022-09-13T18:00:00Z,144.425,144.495,144.295,144.405,144.39499999999998,144.495,144.39499999999998,144.295,144.59499999999997,0.09999999999999432,2022-09-13T23:00:00Z,2022-09-13T23:41:00Z,,TARGET,,,HTF_UNAMBIGUOUS,2022-09-14T00:17:00Z,,2022-09-14T00:00:00Z,144.59499999999997,2,0.1600000000000091,1.839999999999991,false,1,,,false
V2,USD/JPY_2022-11-01,USD/JPY,1h,demand,2022-09-13T18:00:00Z,144.425,144.495,144.295,144.405,144.39499999999998,144.495,144.39499999999998,144.295,144.59499999999997,0.09999999999999432,2022-09-14T03:00:00Z,2022-09-14T03:00:00Z,,S2_CLOSE,,,HTF_UNAMBIGUOUS,,2022-09-14T04:00:00Z,2022-09-14T04:00:00Z,143.87,-5.250000000000071,0.1600000000000091,-5.41000000000008,false,1,,,false
V2,USD/JPY_2022-11-01,USD/JPY,1h,supply,2022-09-15T15:00:00Z,143.465,143.595,143.355,143.575,143.355,143.475,143.475,143.595,143.23499999999999,0.12000000000000455,2022-09-16T02:00:00Z,2022-09-16T02:48:00Z,,TARGET,,,HTF_UNAMBIGUOUS,2022-09-16T04:47:00Z,,2022-09-16T04:00:00Z,143.23499999999999,2,0.13333333333332828,1.8666666666666718,false,2,,,false
V2,USD/JPY_2022-11-01,USD/JPY,1h,supply,2022-09-15T20:00:00Z,143.465,143.53,143.435,143.485,143.435,143.48250000000002,143.48250000000002,143.53,143.38750000000005,0.04749999999998522,2022-09-16T05:00:00Z,2022-09-16T05:52:00Z,,S2_CLOSE,,,ONE_MINUTE_RESOLVED,,2022-09-16T05:00:00Z,2022-09-16T05:00:00Z,143.545,-1.3157894736840217,0.3368421052632627,-1.6526315789472843,true,1,TOUCH_BAR_CLOSED_BEYOND_S2,,false
V2,USD/JPY_2022-11-01,USD/JPY,1h,supply,2022-09-15T15:00:00Z,143.465,143.595,143.355,143.575,143.355,143.475,143.475,143.595,143.23499999999999,0.12000000000000455,2022-09-16T06:00:00Z,2022-09-16T06:00:00Z,,TARGET,,,HTF_UNAMBIGUOUS,2022-09-16T07:24:00Z,,2022-09-16T07:00:00Z,143.23499999999999,2,0.13333333333332828,1.8666666666666718,false,1,,,false
V2,USD/JPY_2022-11-01,USD/JPY,1h,supply,2022-09-15T15:00:00Z,143.465,143.595,143.355,143.575,143.355,143.475,143.475,143.595,143.23499999999999,0.12000000000000455,2022-09-16T08:00:00Z,2022-09-16T08:15:00Z,,TARGET,,,HTF_UNAMBIGUOUS,2022-09-16T09:16:00Z,,2022-09-16T09:00:00Z,143.23499999999999,2,0.13333333333332828,1.8666666666666718,false,1,,,false
V2,USD/JPY_2022-11-01,USD/JPY,1h,supply,2022-09-15T15:00:00Z,143.465,143.595,143.355,143.575,143.355,143.475,143.475,143.595,143.23499999999999,0.12000000000000455,2022-09-19T08:00:00Z,2022-09-19T08:00:00Z,,S2_CLOSE,,,HTF_UNAMBIGUOUS,,2022-09-19T11:00:00Z,2022-09-19T11:00:00Z,143.63499,-1.3332499999998946,0.13333333333332828,-1.4665833333332228,false,1,,,false
V2,USD/JPY_2022-11-01,USD/JPY,1h,demand,2022-09-21T06:00:00Z,143.965,143.965,143.44501,143.625,143.705005,143.965,143.705005,143.44501,144.224995,0.25999500000000353,2022-09-21T18:00:00Z,2022-09-21T18:43:00Z,,TARGET,,,HTF_UNAMBIGUOUS,2022-09-21T22:36:00Z,,2022-09-21T22:00:00Z,144.224995,2,0.06153964499317211,1.9384603550068278,false,2,,,false
V2,USD/JPY_2022-11-01,USD/JPY,1h,supply,2022-09-21T16:00:00Z,144.145,144.405,144.145,144.395,144.145,144.275,144.275,144.405,144.01500000000001,0.12999999999999545,2022-09-22T00:00:00Z,2022-09-22T00:00:00Z,,S2_CLOSE,,,ONE_MINUTE_RESOLVED,,2022-09-22T00:00:00Z,2022-09-22T00:00:00Z,144.425,-1.153846153846238,0.12307692307692739,-1.2769230769231652,true,2,TOUCH_BAR_CLOSED_BEYOND_S2;PRODUCTION_WOULD_PICK_ANOTHER_ZONE,,false
V2,USD/JPY_2022-11-01,USD/JPY,4h,demand,2022-09-12T13:00:00Z,142.52499,142.875,142.16499,142.215,142.519995,142.875,142.519995,142.16499,143.230005,0.35500500000000557,2022-09-22T05:00:00Z,2022-09-22T08:21:00Z,,TARGET,,,ONE_MINUTE_RESOLVED,2022-09-22T08:26:00Z,,2022-09-22T05:00:00Z,143.230005,2,0.04506978774946761,1.9549302122505323,false,6,TOUCH_BAR_CLOSED_BEYOND_S2,,false
V2,USD/JPY_2022-11-01,USD/JPY,1h,demand,2022-09-06T09:00:00Z,141.69501,141.80499,141.595,141.675,141.699995,141.80499,141.699995,141.595,141.909985,0.10499500000000239,2022-09-22T08:00:00Z,2022-09-22T08:41:00Z,,TARGET,,,ONE_MINUTE_RESOLVED,2022-09-22T08:52:00Z,,2022-09-22T08:00:00Z,141.909985,2,0.15238820896232808,1.847611791037672,false,12,,,false
V2,USD/JPY_2022-11-01,USD/JPY,1h,demand,2022-09-06T09:00:00Z,141.69501,141.80499,141.595,141.675,141.699995,141.80499,141.699995,141.595,141.909985,0.10499500000000239,2022-09-22T11:00:00Z,2022-09-22T11:42:00Z,,TARGET,,,ONE_MINUTE_RESOLVED,2022-09-22T11:48:00Z,,2022-09-22T11:00:00Z,141.909985,2,0.15238820896232808,1.847611791037672,false,3,TOUCH_BAR_CLOSED_BEYOND_S2,,false
V2,USD/JPY_2022-11-01,USD/JPY,4h,demand,2022-09-05T21:00:00Z,140.61501,140.61501,140.255,140.285,140.435005,140.61501,140.435005,140.255,140.79501499999998,0.1800049999999942,2022-09-22T09:00:00Z,2022-09-22T12:48:00Z,,TARGET,,,HTF_UNAMBIGUOUS,2022-09-22T13:00:00Z,,2022-09-22T13:00:00Z,140.79501499999998,2,0.08888641982167449,1.9111135801783254,false,1,,,false
V2,USD/JPY_2022-11-01,USD/JPY,1h,supply,2022-09-22T18:00:00Z,142.295,142.495,142.27499,142.495,142.27499,142.384995,142.384995,142.495,142.164985,0.11000500000000102,2022-09-23T08:00:00Z,2022-09-23T08:11:00Z,,S2_CLOSE,,,ONE_MINUTE_RESOLVED,,2022-09-23T08:00:00Z,2022-09-23T08:00:00Z,142.875,-4.454388436889159,0.14544793418480845,-4.599836371073968,true,1,TOUCH_BAR_CLOSED_BEYOND_S2,,false
V2,USD/JPY_2022-11-01,USD/JPY,1h,supply,2022-09-22T09:00:00Z,142.074997,143.38499,141.875,143.205,141.875,142.629995,142.629995,143.38499,141.12000500000005,0.7549949999999797,2022-09-23T09:00:00Z,2022-09-23T09:00:00Z,,S2_CLOSE,,,HTF_UNAMBIGUOUS,,2022-09-25T21:00:00Z,2022-09-25T21:00:00Z,143.52499,-1.185431691600631,0.021192193325784186,-1.2066238849264153,false,1,,,false
V2,USD/JPY_2022-11-01,USD/JPY,1h,demand,2022-09-26T01:00:00Z,143.83501,144.0050049,143.67999,143.77499,143.84249745,144.0050049,143.84249745,143.67999,144.16751234999998,0.16250744999999256,2022-09-26T12:00:00Z,2022-09-26T12:48:00Z,,TARGET,,,HTF_UNAMBIGUOUS,2022-09-26T13:58:00Z,,2022-09-26T13:00:00Z,144.16751234999998,2,0.09845702458564658,1.9015429754143534,false,2,,,false
V2,USD/JPY_2022-11-01,USD/JPY,4h,supply,2022-09-22T01:00:00Z,144.42999,145.33,144.265,144.825,144.265,144.7975,144.7975,145.33,143.73250000000002,0.5324999999999989,2022-09-27T17:00:00Z,2022-09-27T17:00:00Z,,TARGET,,,HTF_UNAMBIGUOUS,2022-10-05T00:08:00Z,,2022-10-05T00:00:00Z,143.73250000000002,2,0.030046948356807577,1.9699530516431925,false,1,,,false
V2,USD/JPY_2022-11-01,USD/JPY,1h,demand,2022-09-25T21:00:00Z,143.63499,143.64,143.47,143.52499,143.555,143.64,143.555,143.47,143.72500000000002,0.08500000000000796,2022-10-05T00:00:00Z,2022-10-05T00:12:00Z,,TARGET,,,ONE_MINUTE_RESOLVED,2022-10-05T00:23:00Z,,2022-10-05T00:00:00Z,143.72500000000002,2,0.18823529411762943,1.8117647058823705,false,2,,,false
V2,USD/JPY_2022-11-01,USD/JPY,1h,demand,2022-09-26T01:00:00Z,143.83501,144.0050049,143.67999,143.77499,143.84249745,144.0050049,143.84249745,143.67999,144.16751234999998,0.16250744999999256,2022-10-05T01:00:00Z,2022-10-05T01:00:00Z,,TARGET,,,ONE_MINUTE_RESOLVED,2022-10-05T01:51:00Z,,2022-10-05T01:00:00Z,144.16751234999998,2,0.09845702458564658,1.9015429754143534,false,3,,,false
V2,USD/JPY_2022-11-01,USD/JPY,1h,demand,2022-10-05T08:00:00Z,144.44501,144.535,144.285,144.355,144.41,144.535,144.41,144.285,144.66,0.125,2022-10-06T00:00:00Z,2022-10-06T00:01:00Z,,TARGET,,,HTF_UNAMBIGUOUS,2022-10-06T01:25:00Z,,2022-10-06T01:00:00Z,144.66,2,0.128,1.8719999999999999,false,3,,,false
V2,USD/JPY_2022-11-01,USD/JPY,4h,supply,2022-10-04T08:00:00Z,144.66499,144.845,144.595,144.815,144.595,144.72,144.72,144.845,144.47,0.125,2022-10-06T12:00:00Z,2022-10-06T12:18:00Z,,S2_CLOSE,,,ONE_MINUTE_RESOLVED,,2022-10-06T12:00:00Z,2022-10-06T12:00:00Z,144.955,-1.8800000000001091,0.128,-2.0080000000001093,true,1,TOUCH_BAR_CLOSED_BEYOND_S2,,false
V2,USD/JPY_2022-11-01,USD/JPY,1h,supply,2022-10-03T04:00:00Z,144.845,145.19,144.7,144.935,144.7,144.945,144.945,145.19,144.45499999999998,0.24500000000000455,2022-10-06T16:00:00Z,2022-10-06T16:00:00Z,,S2_CLOSE,,,HTF_UNAMBIGUOUS,,2022-10-07T16:00:00Z,2022-10-07T16:00:00Z,145.27499,-1.3468979591836865,0.06530612244897838,-1.4122040816326649,false,2,,,false
V2,USD/JPY_2022-11-01,USD/JPY,1h,supply,2022-09-22T07:00:00Z,145.625,145.905,145.605,145.77499,145.605,145.755,145.755,145.905,145.45499999999998,0.15000000000000568,2022-10-10T15:00:00Z,2022-10-10T15:01:00Z,,TARGET,,,HTF_UNAMBIGUOUS,2022-10-11T16:46:00Z,,2022-10-11T16:00:00Z,145.45499999999998,2,0.10666666666666262,1.8933333333333373,false,1,,,false
V2,USD/JPY_2022-11-01,USD/JPY,1h,supply,2022-10-11T09:00:00Z,145.685,145.785,145.645,145.73,145.645,145.715,145.715,145.785,145.57500000000002,0.06999999999999318,2022-10-11T18:00:00Z,2022-10-11T18:13:00Z,,S2_CLOSE,,,ONE_MINUTE_RESOLVED,,2022-10-11T18:00:00Z,2022-10-11T18:00:00Z,145.825,-1.5714285714285134,0.22857142857145085,-1.7999999999999643,true,1,TOUCH_BAR_CLOSED_BEYOND_S2,,false
V2,USD/JPY_2022-11-01,USD/JPY,1h,supply,2022-09-22T07:00:00Z,145.625,145.905,145.605,145.77499,145.605,145.755,145.755,145.905,145.45499999999998,0.15000000000000568,2022-10-11T22:00:00Z,2022-10-11T22:00:00Z,,S2_CLOSE,,,HTF_UNAMBIGUOUS,,2022-10-12T00:00:00Z,2022-10-12T00:00:00Z,146.13,-2.4999999999999054,0.10666666666666262,-2.606666666666568,false,2,,,false
V2,USD/JPY_2022-11-01,USD/JPY,1h,demand,2022-10-17T12:00:00Z,148.845,148.895,148.625,148.675,148.76,148.895,148.76,148.625,149.02999999999997,0.1349999999999909,2022-10-18T00:00:00Z,2022-10-18T00:59:00Z,,TARGET,,,HTF_UNAMBIGUOUS,2022-10-18T07:20:00Z,,2022-10-18T07:00:00Z,149.02999999999997,2,0.1185185185185265,1.8814814814814735,false,2,,,false
V2,USD/JPY_2022-11-01,USD/JPY,4h,demand,2022-10-17T04:00:00Z,148.655,148.80499,148.58501,148.645,148.695,148.80499,148.695,148.58501,148.91497999999996,0.10998999999998205,2022-10-18T08:00:00Z,2022-10-18T09:04:00Z,,AMBIGUOUS,CLOSED_AT_TARGET,TARGET,HTF_UNAMBIGUOUS,2022-10-18T12:00:00Z,,2022-10-18T12:00:00Z,148.91497999999996,2,0.14546776979727805,,false,2,,,true
V2,USD/JPY_2022-11-01,USD/JPY,1h,demand,2022-10-19T22:00:00Z,149.855,149.87,149.78,149.83501,149.825,149.87,149.825,149.78,149.91499999999996,0.044999999999987494,2022-10-20T09:00:00Z,2022-10-20T09:35:00Z,,S2_CLOSE,,,HTF_UNAMBIGUOUS,,2022-10-20T10:00:00Z,2022-10-20T10:00:00Z,149.735,-2,0.3555555555556544,-2.355555555555654,false,1,,,false
V2,USD/JPY_2022-11-01,USD/JPY,1h,demand,2022-10-19T14:00:00Z,149.765,149.765,149.625,149.72501,149.695,149.765,149.695,149.625,149.83499999999998,0.06999999999999318,2022-10-20T14:00:00Z,2022-10-20T14:54:00Z,,S2_CLOSE,,,ONE_MINUTE_RESOLVED,,2022-10-20T14:00:00Z,2022-10-20T14:00:00Z,149.58501,-1.571285714285611,0.22857142857145085,-1.7998571428570618,true,1,TOUCH_BAR_CLOSED_BEYOND_S2,,false
V2,USD/JPY_2022-11-01,USD/JPY,1h,demand,2022-10-19T07:00:00Z,149.44501,149.495,149.285,149.355,149.39,149.495,149.39,149.285,149.59999999999997,0.10499999999998977,2022-10-21T14:00:00Z,2022-10-21T14:52:00Z,,AMBIGUOUS,CLOSED_AT_TARGET,TARGET,ONE_MINUTE_RESOLVED,2022-10-21T15:00:00Z,,2022-10-21T15:00:00Z,149.59999999999997,2,0.15238095238096724,,false,5,,,true
V2,USD/JPY_2022-11-01,USD/JPY,4h,demand,2022-10-12T20:00:00Z,146.845,146.92999,146.675,146.765,146.80249500000002,146.92999,146.80249500000002,146.675,147.05748500000004,0.12749500000001035,2022-10-21T12:00:00Z,2022-10-21T15:50:00Z,,TARGET,,,ONE_MINUTE_RESOLVED,2022-10-21T15:52:00Z,,2022-10-21T12:00:00Z,147.05748500000004,2,0.12549511745557632,1.8745048825444237,false,8,TOUCH_BAR_CLOSED_BEYOND_S2,,false
V2,USD/JPY_2022-11-01,USD/JPY,4h,demand,2022-10-11T12:00:00Z,145.575,145.81,145.535,145.55499,145.6725,145.81,145.6725,145.535,145.94750000000005,0.13750000000001705,2022-10-23T20:00:00Z,2022-10-23T23:44:00Z,,TARGET,,,ONE_MINUTE_RESOLVED,2022-10-23T23:45:00Z,,2022-10-23T20:00:00Z,145.94750000000005,2,0.11636363636362193,1.883636363636378,false,1,,,false
V2,USD/JPY_2022-11-01,USD/JPY,1h,demand,2022-10-21T15:00:00Z,149.83501,150.105,146.325,146.325,148.21499999999997,150.105,148.21499999999997,146.325,151.99499999999995,1.8899999999999864,2022-10-24T00:00:00Z,2022-10-24T00:00:00Z,,S2_CLOSE,,,HTF_UNAMBIGUOUS,,2022-10-26T18:00:00Z,2022-10-26T18:00:00Z,146.255,-1.0370370370370336,0.008465608465608527,-1.0455026455026422,false,1,,,false
V2,USD/JPY_2022-11-01,USD/JPY,1h,demand,2022-10-12T02:00:00Z,146.265,146.38499,146.185,146.185,146.28499499999998,146.38499,146.28499499999998,146.185,146.48498499999994,0.09999499999997852,2022-10-26T22:00:00Z,2022-10-26T22:17:00Z,,S2_CLOSE,,,HTF_UNAMBIGUOUS,,2022-10-26T23:00:00Z,2022-10-26T23:00:00Z,146.085007,-1.9999799990002847,0.1600080004000544,-2.159987999400339,false,1,,,false
V2,USD/JPY_2022-11-01,USD/JPY,4h,demand,2022-10-12T04:00:00Z,146.215,146.30499,146.024994,146.185,146.16499199999998,146.30499,146.16499199999998,146.024994,146.44498799999997,0.1399979999999914,2022-10-27T00:00:00Z,2022-10-27T00:00:00Z,,S2_CLOSE,,,HTF_UNAMBIGUOUS,,2022-10-27T04:00:00Z,2022-10-27T04:00:00Z,145.715,-3.2142744896356237,0.11428734696210648,-3.3285618365977303,false,1,,,false
V2,USD/JPY_2022-11-01,USD/JPY,1h,supply,2022-10-26T21:00:00Z,146.345,146.395,146.325,146.39,146.325,146.36,146.36,146.395,146.29000000000002,0.03499999999999659,2022-10-27T09:00:00Z,2022-10-27T09:29:00Z,,S2_CLOSE,,,ONE_MINUTE_RESOLVED,,2022-10-27T09:00:00Z,2022-10-27T09:00:00Z,146.435,-2.142857142857027,0.4571428571429017,-2.5999999999999286,true,2,TOUCH_BAR_CLOSED_BEYOND_S2,,false
V2,USD/JPY_2022-11-01,USD/JPY,1h,supply,2022-10-27T11:00:00Z,146.315,146.715,146.285,146.66499,146.285,146.5,146.5,146.715,146.07,0.2150000000000034,2022-10-28T00:00:00Z,2022-10-28T00:50:00Z,,TARGET,,,HTF_UNAMBIGUOUS,2022-10-28T04:03:00Z,,2022-10-28T04:00:00Z,146.07,2,0.07441860465116161,1.9255813953488383,false,1,,,false
V2,USD/JPY_2022-11-01,USD/JPY,1h,supply,2022-10-27T11:00:00Z,146.315,146.715,146.285,146.66499,146.285,146.5,146.5,146.715,146.07,0.2150000000000034,2022-10-28T06:00:00Z,2022-10-28T06:13:00Z,,S2_CLOSE,,,HTF_UNAMBIGUOUS,,2022-10-28T07:00:00Z,2022-10-28T07:00:00Z,147.095001,-2.767446511627846,0.07441860465116161,-2.8418651162790076,false,1,,,false
V2,USD/JPY_2022-11-01,USD/JPY,4h,supply,2022-10-26T00:00:00Z,147.985,148.41,147.88499,148.235,147.88499,148.147495,148.147495,148.41,147.62248499999998,0.26250500000000443,2022-10-31T00:00:00Z,2022-10-31T00:51:00Z,,S2_CLOSE,,,HTF_UNAMBIGUOUS,,2022-10-31T08:00:00Z,2022-10-31T08:00:00Z,148.675,-2.0095045808651655,0.06095121997676132,-2.070455800841927,false,1,,,false
V2,USD/JPY_2022-11-01,USD/JPY,1h,demand,2022-10-31T16:00:00Z,148.63499,148.675,148.545,148.605,148.61,148.675,148.61,148.545,148.74000000000007,0.06500000000002615,2022-10-31T23:00:00Z,2022-10-31T23:06:00Z,,TARGET,,,ONE_MINUTE_RESOLVED,2022-10-31T23:40:00Z,,2022-10-31T23:00:00Z,148.74000000000007,2,0.24615384615374714,1.7538461538462529,false,1,,,false
V2,USD/JPY_2025-04-01,USD/JPY,4h,demand,2024-12-10T00:00:00Z,151.39,151.55,151.029999,151.070007,151.28999950000002,151.55,151.28999950000002,151.029999,151.81000050000006,0.26000050000001806,2025-02-06T16:00:00Z,2025-02-06T19:07:00Z,,TARGET,,,HTF_UNAMBIGUOUS,2025-02-07T06:55:00Z,,2025-02-07T04:00:00Z,151.81000050000006,2,0.06153834319548958,1.9384616568045103,false,1,,,false
V2,USD/JPY_2025-04-01,USD/JPY,4h,demand,2024-12-10T00:00:00Z,151.39,151.55,151.029999,151.070007,151.28999950000002,151.55,151.28999950000002,151.029999,151.81000050000006,0.26000050000001806,2025-02-07T12:00:00Z,2025-02-07T15:04:00Z,,TARGET,,,HTF_UNAMBIGUOUS,2025-02-07T17:16:00Z,,2025-02-07T16:00:00Z,151.81000050000006,2,0.06153834319548958,1.9384616568045103,false,1,,,false
V2,USD/JPY_2025-04-01,USD/JPY,4h,demand,2024-12-10T00:00:00Z,151.39,151.55,151.029999,151.070007,151.28999950000002,151.55,151.28999950000002,151.029999,151.81000050000006,0.26000050000001806,2025-02-07T20:00:00Z,2025-02-07T20:11:00Z,,TARGET,,,HTF_UNAMBIGUOUS,2025-02-09T23:56:00Z,,2025-02-09T20:00:00Z,151.81000050000006,2,0.06153834319548958,1.9384616568045103,false,1,,,false
V2,USD/JPY_2025-04-01,USD/JPY,1h,supply,2025-02-10T11:00:00Z,152.089996,152.2,152.020004,152.12,152.020004,152.110002,152.110002,152.2,151.93000600000005,0.08999799999998004,2025-02-11T10:00:00Z,2025-02-11T10:32:00Z,,S2_CLOSE,,,HTF_UNAMBIGUOUS,,2025-02-11T11:00:00Z,2025-02-11T11:00:00Z,152.34,-2.555590124225492,0.1777817284828946,-2.7333718527083866,false,1,,,false
V2,USD/JPY_2025-04-01,USD/JPY,1h,supply,2025-02-05T23:00:00Z,152.56,152.75,152.47,152.64999,152.47,152.61,152.61,152.75,152.33000000000004,0.13999999999998636,2025-02-11T20:00:00Z,2025-02-11T20:33:00Z,,S2_CLOSE,,,HTF_UNAMBIGUOUS,,2025-02-11T23:00:00Z,2025-02-11T23:00:00Z,152.77,-1.1428571428572298,0.11428571428572543,-1.2571428571429553,false,1,,,false
V2,USD/JPY_2025-04-01,USD/JPY,1h,supply,2025-02-05T07:00:00Z,153.19,153.37,153.080002,153.3,153.080002,153.22500100000002,153.22500100000002,153.37,152.93500300000005,0.14499899999998433,2025-02-12T00:00:00Z,2025-02-12T00:54:00Z,,S2_CLOSE,,,HTF_UNAMBIGUOUS,,2025-02-12T01:00:00Z,2025-02-12T01:00:00Z,153.47,-1.6896599286891987,0.11034558859027806,-1.8000055172794767,false,1,,,false
V2,USD/JPY_2025-04-01,USD/JPY,1h,supply,2025-02-05T05:00:00Z,153.36,153.57001,153.35001,153.42999,153.35001,153.46001,153.46001,153.57001,153.24001000000004,0.10999999999998522,2025-02-12T03:00:00Z,2025-02-12T03:00:00Z,,S2_CLOSE,,,ONE_MINUTE_RESOLVED,,2025-02-12T03:00:00Z,2025-02-12T03:00:00Z,153.63,-1.5453636363637016,0.145454545454565,-1.6908181818182666,true,1,TOUCH_BAR_CLOSED_BEYOND_S2,,false
V2,USD/JPY_2025-04-01,USD/JPY,1h,demand,2025-02-12T02:00:00Z,153.47,153.53,153.36,153.46001,153.445,153.53,153.445,153.36,153.61499999999995,0.08499999999997954,2025-02-12T07:00:00Z,2025-02-12T07:38:00Z,,TARGET,,,ONE_MINUTE_RESOLVED,2025-02-12T07:55:00Z,,2025-02-12T07:00:00Z,153.61499999999995,2,0.18823529411769238,1.8117647058823076,false,1,,,false
V2,USD/JPY_2025-04-01,USD/JPY,1h,demand,2025-02-12T02:00:00Z,153.47,153.53,153.36,153.46001,153.445,153.53,153.445,153.36,153.61499999999995,0.08499999999997954,2025-02-12T09:00:00Z,2025-02-12T09:15:00Z,,TARGET,,,HTF_UNAMBIGUOUS,2025-02-12T10:12:00Z,,2025-02-12T10:00:00Z,153.61499999999995,2,0.18823529411769238,1.8117647058823076,false,1,,,false
V2,USD/JPY_2025-04-01,USD/JPY,1h,supply,2025-02-04T22:00:00Z,154.34,154.41,154.32001,154.38,154.32001,154.365005,154.365005,154.41,154.275015,0.04499500000000012,2025-02-12T13:00:00Z,2025-02-12T13:32:00Z,,TARGET,,,ONE_MINUTE_RESOLVED,2025-02-12T13:34:00Z,,2025-02-12T13:00:00Z,154.275015,2,0.3555950661184567,1.6444049338815434,false,2,,,false
V2,USD/JPY_2025-04-01,USD/JPY,1h,demand,2025-02-12T02:00:00Z,153.47,153.53,153.36,153.46001,153.445,153.53,153.445,153.36,153.61499999999995,0.08499999999997954,2025-02-13T13:00:00Z,2025-02-13T13:50:00Z,,TARGET,,,ONE_MINUTE_RESOLVED,2025-02-13T15:12:00Z,,2025-02-13T15:00:00Z,153.61499999999995,2,0.18823529411769238,1.8117647058823076,false,4,,,false
V2,USD/JPY_2025-04-01,USD/JPY,1h,demand,2025-02-11T14:00:00Z,152.31,152.46001,152.23,152.3,152.34500500000001,152.46001,152.34500500000001,152.23,152.57501500000006,0.11500500000002489,2025-02-14T13:00:00Z,2025-02-14T13:30:00Z,,S2_CLOSE,,,ONE_MINUTE_RESOLVED,,2025-02-14T13:00:00Z,2025-02-14T13:00:00Z,152.17999,-1.4348506586667997,0.13912438589623527,-1.573975044563035,true,5,TOUCH_BAR_CLOSED_BEYOND_S2;PRODUCTION_WOULD_PICK_ANOTHER_ZONE,,false
V2,USD/JPY_2025-04-01,USD/JPY,1h,demand,2025-02-10T23:00:00Z,151.89999,151.96001,151.75,151.78999,151.855005,151.96001,151.855005,151.75,152.06501500000002,0.10500500000000557,2025-02-17T00:00:00Z,2025-02-17T00:49:00Z,,S2_CLOSE,,,HTF_UNAMBIGUOUS,,2025-02-17T02:00:00Z,2025-02-17T02:00:00Z,151.55,-2.904671206132832,0.15237369649063523,-3.0570449026234674,false,1,,,false
V2,USD/JPY_2025-04-01,USD/JPY,1h,supply,2025-02-17T01:00:00Z,151.87,151.91,151.74001,151.89999,151.74001,151.825005,151.825005,151.91,151.65501500000002,0.08499499999999216,2025-02-17T08:00:00Z,2025-02-17T08:00:00Z,,TARGET,,,HTF_UNAMBIGUOUS,2025-02-17T10:45:00Z,,2025-02-17T10:00:00Z,151.65501500000002,2,0.1882463674333958,1.8117536325666042,false,1,,,false
V2,USD/JPY_2025-04-01,USD/JPY,1h,demand,2025-02-07T16:00:00Z,151.39,151.56,150.92999,151.31,151.24499500000002,151.56,151.24499500000002,150.92999,151.87500500000004,0.3150050000000135,2025-02-17T23:00:00Z,2025-02-17T23:42:00Z,,TARGET,,,HTF_UNAMBIGUOUS,2025-02-18T03:06:00Z,,2025-02-18T03:00:00Z,151.87500500000004,2,0.05079284455802071,1.9492071554419792,false,3,,,false
V2,USD/JPY_2025-04-01,USD/JPY,4h,supply,2025-02-14T20:00:00Z,152.22,152.35001,152.22,152.31,152.22,152.285005,152.285005,152.35001,152.15499500000004,0.0650049999999851,2025-02-19T00:00:00Z,2025-02-19T02:09:00Z,,TARGET,,,ONE_MINUTE_RESOLVED,2025-02-19T02:20:00Z,,2025-02-19T00:00:00Z,152.15499500000004,2,0.24613491269907956,1.7538650873009205,false,1,,,false
V2,USD/JPY_2025-04-01,USD/JPY,1h,demand,2025-02-18T19:00:00Z,151.98,151.99001,151.87,151.92999,151.930005,151.99001,151.930005,151.87,152.05001499999997,0.06000499999998965,2025-02-19T03:00:00Z,2025-02-19T03:05:00Z,,S2_CLOSE,,,HTF_UNAMBIGUOUS,,2025-02-19T04:00:00Z,2025-02-19T04:00:00Z,151.75999,-2.833347221065508,0.266644446296188,-3.099991667361696,false,1,,,false
V2,USD/JPY_2025-04-01,USD/JPY,1h,demand,2025-02-18T13:00:00Z,151.73,151.75999,151.63,151.7,151.694995,151.75999,151.694995,151.63,151.82498500000003,0.06499500000001035,2025-02-19T06:00:00Z,2025-02-19T06:03:00Z,,TARGET,,,HTF_UNAMBIGUOUS,2025-02-19T08:25:00Z,,2025-02-19T08:00:00Z,151.82498500000003,2,0.24617278252169325,1.7538272174783067,false,3,,,false
V2,USD/JPY_2025-04-01,USD/JPY,1h,demand,2025-02-18T13:00:00Z,151.73,151.75999,151.63,151.7,151.694995,151.75999,151.694995,151.63,151.82498500000003,0.06499500000001035,2025-02-19T10:00:00Z,2025-02-19T10:00:00Z,,TARGET,,,ONE_MINUTE_RESOLVED,2025-02-19T10:19:00Z,,2025-02-19T10:00:00Z,151.82498500000003,2,0.24617278252169325,1.7538272174783067,false,3,,,false
V2,USD/JPY_2025-04-01,USD/JPY,1h,demand,2025-02-07T16:00:00Z,151.39,151.56,150.92999,151.31,151.24499500000002,151.56,151.24499500000002,150.92999,151.87500500000004,0.3150050000000135,2025-02-19T23:00:00Z,2025-02-19T23:43:00Z,,S2_CLOSE,,,HTF_UNAMBIGUOUS,,2025-02-20T01:00:00Z,2025-02-20T01:00:00Z,150.64,-1.9205885620863314,0.05079284455802071,-1.9713814066443522,false,1,,,false
V2,USD/JPY_2025-04-01,USD/JPY,4h,demand,2024-12-06T12:00:00Z,150.50999,150.66,149.37,149.86,150.015,150.66,150.015,149.37,151.30499999999995,0.6449999999999818,2025-02-20T08:00:00Z,2025-02-20T11:13:00Z,,S2_CLOSE,,,HTF_UNAMBIGUOUS,,2025-02-21T16:00:00Z,2025-02-21T16:00:00Z,149.070007,-1.4651054263566032,0.024806201550388297,-1.4899116279069915,false,1,,,false
V2,USD/JPY_2025-04-01,USD/JPY,4h,demand,2024-12-03T12:00:00Z,149.73,149.88,148.64,149.14999,149.26,149.88,149.26,148.64,150.5,0.6200000000000045,2025-02-21T20:00:00Z,2025-02-21T20:00:00Z,,TARGET,,,HTF_UNAMBIGUOUS,2025-02-28T07:53:00Z,,2025-02-28T04:00:00Z,150.5,2,0.02580645161290304,1.974193548387097,false,1,,,false
V2,USD/JPY_2025-04-01,USD/JPY,1h,supply,2025-02-21T07:00:00Z,150.53,150.64999,150.36,150.55,150.36,150.504995,150.504995,150.64999,150.21500500000002,0.14499499999999443,2025-02-28T07:00:00Z,2025-02-28T07:54:00Z,,TARGET,,,HTF_UNAMBIGUOUS,2025-02-28T09:58:00Z,,2025-02-28T09:00:00Z,150.21500500000002,2,0.11034863271147705,1.889651367288523,false,3,,,false
V2,USD/JPY_2025-04-01,USD/JPY,1h,demand,2025-02-28T09:00:00Z,150.57001,150.63,150.19,150.24001,150.41,150.63,150.41,150.19,150.85,0.21999999999999886,2025-02-28T17:00:00Z,2025-02-28T17:47:00Z,,TARGET,,,HTF_UNAMBIGUOUS,2025-03-02T23:07:00Z,,2025-03-02T23:00:00Z,150.85,2,0.0727272727272731,1.9272727272727268,false,1,,,false
V2,USD/JPY_2025-04-01,USD/JPY,1h,demand,2025-02-28T09:00:00Z,150.57001,150.63,150.19,150.24001,150.41,150.63,150.41,150.19,150.85,0.21999999999999886,2025-03-03T02:00:00Z,2025-03-03T02:00:00Z,,S2_CLOSE,,,HTF_UNAMBIGUOUS,,2025-03-03T07:00:00Z,2025-03-03T07:00:00Z,150.17,-1.090909090909138,0.0727272727272731,-1.163636363636411,false,2,,,false
V2,USD/JPY_2025-04-01,USD/JPY,1h,demand,2025-03-03T08:00:00Z,150.17999,150.24001,150.029999,150.12,150.1350045,150.24001,150.1350045,150.029999,150.34501550000002,0.1050055000000043,2025-03-03T15:00:00Z,2025-03-03T15:15:00Z,,TARGET,,,HTF_UNAMBIGUOUS,2025-03-03T16:01:00Z,,2025-03-03T16:00:00Z,150.34501550000002,2,0.15237297093961122,1.847627029060389,false,1,,,false
V2,USD/JPY_2025-04-01,USD/JPY,1h,demand,2025-03-03T08:00:00Z,150.17999,150.24001,150.029999,150.12,150.1350045,150.24001,150.1350045,150.029999,150.34501550000002,0.1050055000000043,2025-03-03T17:00:00Z,2025-03-03T17:54:00Z,,S2_CLOSE,,,HTF_UNAMBIGUOUS,,2025-03-03T20:00:00Z,2025-03-03T20:00:00Z,149.42,-6.809209993762147,0.15237297093961122,-6.961582964701758,false,1,,,false
V2,USD/JPY_2025-04-01,USD/JPY,1h,demand,2025-02-27T04:00:00Z,149.22,149.27,149.080002,149.089996,149.175001,149.27,149.175001,149.080002,149.364999,0.09499900000000139,2025-03-03T23:00:00Z,2025-03-03T23:48:00Z,,TARGET,,,HTF_UNAMBIGUOUS,2025-03-04T00:00:00Z,,2025-03-04T00:00:00Z,149.364999,2,0.16842282550342388,1.831577174496576,false,2,,,false
V2,USD/JPY_2025-04-01,USD/JPY,1h,demand,2025-02-26T19:00:00Z,148.92999,148.97,148.82001,148.84,148.895005,148.97,148.895005,148.82001,149.044995,0.07499500000000126,2025-03-04T01:00:00Z,2025-03-04T01:13:00Z,,TARGET,,,HTF_UNAMBIGUOUS,2025-03-04T02:08:00Z,,2025-03-04T02:00:00Z,149.044995,2,0.21334755650376336,1.7866524434962368,false,2,,,false
V2,USD/JPY_2025-04-01,USD/JPY,4h,demand,2024-12-03T12:00:00Z,149.73,149.88,148.64,149.14999,149.26,149.88,149.26,148.64,150.5,0.6200000000000045,2025-03-04T04:00:00Z,2025-03-04T04:00:00Z,,S2_CLOSE,,,HTF_UNAMBIGUOUS,,2025-03-04T08:00:00Z,2025-03-04T08:00:00Z,148.36,-1.4516129032257592,0.02580645161290304,-1.4774193548386623,false,1,,,false
V2,USD/JPY_2025-04-01,USD/JPY,4h,supply,2025-03-04T04:00:00Z,149.17,149.57001,148.92999,149.35001,148.92999,149.25,149.25,149.57001,148.60998,0.32000999999999635,2025-03-04T16:00:00Z,2025-03-04T19:07:00Z,,S2_CLOSE,,,HTF_UNAMBIGUOUS,,2025-03-04T20:00:00Z,2025-03-04T20:00:00Z,149.84,-1.8436923846130124,0.04999843754882717,-1.8936908221618396,false,1,,,false
V2,USD/JPY_2025-04-01,USD/JPY,1h,demand,2025-03-04T20:00:00Z,149.31,149.50999,149.0099945,149.10001,149.25999224999998,149.50999,149.25999224999998,149.0099945,149.75998774999994,0.24999774999997726,2025-03-05T09:00:00Z,2025-03-05T09:00:00Z,,S2_CLOSE,,,HTF_UNAMBIGUOUS,,2025-03-05T14:00:00Z,2025-03-05T14:00:00Z,148.42999,-3.320038880350139,0.06400057600518987,-3.3840394563553287,false,1,,,false
V2,USD/JPY_2025-04-01,USD/JPY,1h,supply,2025-03-06T23:00:00Z,147.95,148.14999,147.88,148.14999,147.88,148.014995,148.014995,148.14999,147.745005,0.13499500000000353,2025-03-07T18:00:00Z,2025-03-07T18:38:00Z,,TARGET,,,HTF_UNAMBIGUOUS,2025-03-09T22:00:00Z,,2025-03-09T22:00:00Z,147.745005,2,0.11852290825585823,1.8814770917441417,false,1,,,false
V2,USD/JPY_2025-04-01,USD/JPY,1h,supply,2025-03-10T09:00:00Z,147.19,147.36,147.14999,147.23,147.14999,147.254995,147.254995,147.36,147.044985,0.10500500000000557,2025-03-10T15:00:00Z,2025-03-10T15:36:00Z,,TARGET,,,HTF_UNAMBIGUOUS,2025-03-10T17:37:00Z,,2025-03-10T17:00:00Z,147.044985,2,0.15237369649063523,1.8476263035093647,false,1,,,false
V2,USD/JPY_2025-04-01,USD/JPY,1h,supply,2025-03-10T09:00:00Z,147.19,147.36,147.14999,147.23,147.14999,147.254995,147.254995,147.36,147.044985,0.10500500000000557,2025-03-10T19:00:00Z,2025-03-10T19:15:00Z,,TARGET,,,HTF_UNAMBIGUOUS,2025-03-10T22:08:00Z,,2025-03-10T22:00:00Z,147.044985,2,0.15237369649063523,1.8476263035093647,false,1,,,false
V2,USD/JPY_2025-04-01,USD/JPY,1h,supply,2025-03-10T09:00:00Z,147.19,147.36,147.14999,147.23,147.14999,147.254995,147.254995,147.36,147.044985,0.10500500000000557,2025-03-11T06:00:00Z,2025-03-11T06:00:00Z,,TARGET,,,HTF_UNAMBIGUOUS,2025-03-11T07:36:00Z,,2025-03-11T07:00:00Z,147.044985,2,0.15237369649063523,1.8476263035093647,false,2,,,false
V2,USD/JPY_2025-04-01,USD/JPY,1h,supply,2025-03-10T09:00:00Z,147.19,147.36,147.14999,147.23,147.14999,147.254995,147.254995,147.36,147.044985,0.10500500000000557,2025-03-11T08:00:00Z,2025-03-11T08:46:00Z,,S2_CLOSE,,,HTF_UNAMBIGUOUS,,2025-03-11T09:00:00Z,2025-03-11T09:00:00Z,147.38,-1.1904671206131208,0.15237369649063523,-1.342840817103756,false,2,,,false
V2,USD/JPY_2025-04-01,USD/JPY,1h,supply,2025-03-10T06:00:00Z,147.52,147.75999,147.50999,147.7,147.50999,147.63499,147.63499,147.75999,147.38499,0.125,2025-03-11T11:00:00Z,2025-03-11T11:30:00Z,,TARGET,,,HTF_UNAMBIGUOUS,2025-03-11T12:31:00Z,,2025-03-11T12:00:00Z,147.38499,2,0.128,1.8719999999999999,false,1,,,false
V2,USD/JPY_2025-04-01,USD/JPY,4h,supply,2025-03-06T12:00:00Z,147.83,148.32001,147.32001,148.24001,147.32001,147.82001,147.82001,148.32001,146.82001,0.5,2025-03-11T12:00:00Z,2025-03-11T12:57:00Z,,S2_CLOSE,,,HTF_UNAMBIGUOUS,,2025-03-12T04:00:00Z,2025-03-12T04:00:00Z,148.59,-1.5399800000000141,0.032,-1.5719800000000141,false,2,,,false
V2,USD/JPY_2025-04-01,USD/JPY,4h,supply,2025-03-06T00:00:00Z,148.88,149.33,148.86,149.24001,148.86,149.09500000000003,149.09500000000003,149.33,148.62500000000006,0.23499999999998522,2025-03-12T12:00:00Z,2025-03-12T12:56:00Z,,TARGET,,,ONE_MINUTE_RESOLVED,2025-03-12T13:57:00Z,,2025-03-12T12:00:00Z,148.62500000000006,2,0.06808510638298301,1.931914893617017,false,1,,,false
V2,USD/JPY_2025-04-01,USD/JPY,1h,supply,2025-03-13T02:00:00Z,148.12,148.24001,148.10001,148.17999,148.10001,148.17001,148.17001,148.24001,148.03000999999995,0.0700000000000216,2025-03-13T09:00:00Z,2025-03-13T09:48:00Z,,TARGET,,,HTF_UNAMBIGUOUS,2025-03-13T11:19:00Z,,2025-03-13T11:00:00Z,148.03000999999995,2,0.22857142857135804,1.771428571428642,false,1,,,false
V2,USD/JPY_2025-04-01,USD/JPY,1h,supply,2025-03-13T02:00:00Z,148.12,148.24001,148.10001,148.17999,148.10001,148.17001,148.17001,148.24001,148.03000999999995,0.0700000000000216,2025-03-13T13:00:00Z,2025-03-13T13:00:00Z,,TARGET,,,ONE_MINUTE_RESOLVED,2025-03-13T13:58:00Z,,2025-03-13T13:00:00Z,148.03000999999995,2,0.22857142857135804,1.771428571428642,false,1,,,false
V2,USD/JPY_2025-04-01,USD/JPY,1h,supply,2025-03-13T02:00:00Z,148.12,148.24001,148.10001,148.17999,148.10001,148.17001,148.17001,148.24001,148.03000999999995,0.0700000000000216,2025-03-14T00:00:00Z,2025-03-14T00:39:00Z,,S2_CLOSE,,,ONE_MINUTE_RESOLVED,,2025-03-14T00:00:00Z,2025-03-14T00:00:00Z,148.3,-1.8569999999997227,0.22857142857135804,-2.0855714285710807,true,3,TOUCH_BAR_CLOSED_BEYOND_S2,,false
V2,USD/JPY_2025-04-01,USD/JPY,1h,demand,2025-03-14T01:00:00Z,148.3,148.42999,148.16,148.17999,148.294995,148.42999,148.294995,148.16,148.564985,0.13499500000000353,2025-03-14T16:00:00Z,2025-03-14T16:14:00Z,,TARGET,,,HTF_UNAMBIGUOUS,2025-03-14T18:39:00Z,,2025-03-14T18:00:00Z,148.564985,2,0.11852290825585823,1.8814770917441417,false,1,,,false
V2,USD/JPY_2025-04-01,USD/JPY,1h,demand,2025-03-16T22:00:00Z,148.75999,148.8,148.57001,148.57001,148.685005,148.8,148.685005,148.57001,148.91499499999998,0.1149949999999933,2025-03-17T08:00:00Z,2025-03-17T08:06:00Z,,TARGET,,,ONE_MINUTE_RESOLVED,2025-03-17T08:21:00Z,,2025-03-17T08:00:00Z,148.91499499999998,2,0.1391364841949731,1.8608635158050268,false,1,,,false
V2,USD/JPY_2025-04-01,USD/JPY,1h,demand,2025-03-17T01:00:00Z,148.78999,148.89999,148.56,148.62,148.729995,148.89999,148.729995,148.56,149.069985,0.16999500000000012,2025-03-17T09:00:00Z,2025-03-17T09:39:00Z,,S2_CLOSE,,,HTF_UNAMBIGUOUS,,2025-03-17T10:00:00Z,2025-03-17T10:00:00Z,148.5,-1.35295155739876,0.09412041530633247,-1.4470719727050925,false,1,,,false
V2,USD/JPY_2025-04-01,USD/JPY,1h,demand,2025-03-14T16:00:00Z,148.52,148.53,148.25999,148.36,148.394995,148.53,148.394995,148.25999,148.665005,0.1350050000000067,2025-03-17T12:00:00Z,2025-03-17T12:30:00Z,,AMBIGUOUS,CLOSED_AT_TARGET,TARGET,HTF_UNAMBIGUOUS,2025-03-17T13:00:00Z,,2025-03-17T13:00:00Z,148.665005,2,0.11851412910632352,,false,1,,,true
V2,USD/JPY_2025-04-01,USD/JPY,4h,supply,2025-03-06T00:00:00Z,148.88,149.33,148.86,149.24001,148.86,149.09500000000003,149.09500000000003,149.33,148.62500000000006,0.23499999999998522,2025-03-17T16:00:00Z,2025-03-17T18:45:00Z,,S2_CLOSE,,,HTF_UNAMBIGUOUS,,2025-03-17T20:00:00Z,2025-03-17T20:00:00Z,149.39999,-1.2978297872340188,0.06808510638298301,-1.3659148936170018,false,1,,,false
V2,USD/JPY_2025-04-01,USD/JPY,1h,supply,2025-03-05T12:00:00Z,149.41,149.50999,149.16,149.50999,149.16,149.334995,149.334995,149.50999,148.985005,0.17499499999999557,2025-03-18T00:00:00Z,2025-03-18T00:00:00Z,,S2_CLOSE,,,HTF_UNAMBIGUOUS,,2025-03-18T02:00:00Z,2025-03-18T02:00:00Z,149.67,-1.9143689819709353,0.09143118374810941,-2.0058001657190445,false,2,,,false
V2,USD/JPY_2025-04-01,USD/JPY,4h,supply,2025-03-05T00:00:00Z,149.83,150.17999,149.58,149.97,149.58,149.879995,149.879995,150.17999,149.28000500000002,0.29999499999999557,2025-03-18T08:00:00Z,2025-03-18T08:05:00Z,,TARGET,,,HTF_UNAMBIGUOUS,2025-03-18T17:06:00Z,,2025-03-18T16:00:00Z,149.28000500000002,2,0.05333422223703807,1.946665777762962,false,1,,,false
V2,USD/JPY_2025-04-01,USD/JPY,1h,demand,2025-03-17T19:00:00Z,149.17999,149.28,149.14,149.16,149.20999999999998,149.28,149.20999999999998,149.14,149.34999999999997,0.06999999999999318,2025-03-18T19:00:00Z,2025-03-18T19:01:00Z,,TARGET,,,HTF_UNAMBIGUOUS,2025-03-18T20:01:00Z,,2025-03-18T20:00:00Z,149.34999999999997,2,0.22857142857145085,1.7714285714285491,false,2,,,false
V2,USD/JPY_2025-04-01,USD/JPY,1h,demand,2025-03-17T19:00:00Z,149.17999,149.28,149.14,149.16,149.20999999999998,149.28,149.20999999999998,149.14,149.34999999999997,0.06999999999999318,2025-03-19T07:00:00Z,2025-03-19T07:40:00Z,,TARGET,,,ONE_MINUTE_RESOLVED,2025-03-19T07:54:00Z,,2025-03-19T07:00:00Z,149.34999999999997,2,0.22857142857145085,1.7714285714285491,false,5,,,false
V2,USD/JPY_2025-04-01,USD/JPY,4h,supply,2025-03-05T00:00:00Z,149.83,150.17999,149.58,149.97,149.58,149.879995,149.879995,150.17999,149.28000500000002,0.29999499999999557,2025-03-19T08:00:00Z,2025-03-19T11:14:00Z,,TARGET,,,HTF_UNAMBIGUOUS,2025-03-19T18:23:00Z,,2025-03-19T16:00:00Z,149.28000500000002,2,0.05333422223703807,1.946665777762962,false,1,,,false
V2,USD/JPY_2025-04-01,USD/JPY,1h,demand,2025-03-17T19:00:00Z,149.17999,149.28,149.14,149.16,149.20999999999998,149.28,149.20999999999998,149.14,149.34999999999997,0.06999999999999318,2025-03-19T18:00:00Z,2025-03-19T18:36:00Z,,S2_CLOSE,,,ONE_MINUTE_RESOLVED,,2025-03-19T18:00:00Z,2025-03-19T18:00:00Z,148.83,-5.428571428571487,0.22857142857145085,-5.657142857142937,true,4,TOUCH_BAR_CLOSED_BEYOND_S2,,false
V2,USD/JPY_2025-04-01,USD/JPY,1h,demand,2025-03-14T01:00:00Z,148.3,148.42999,148.16,148.17999,148.294995,148.42999,148.294995,148.16,148.564985,0.13499500000000353,2025-03-20T00:00:00Z,2025-03-20T00:54:00Z,,TARGET,,,HTF_UNAMBIGUOUS,2025-03-20T07:37:00Z,,2025-03-20T07:00:00Z,148.564985,2,0.11852290825585823,1.8814770917441417,false,2,,,false
V2,USD/JPY_2025-04-01,USD/JPY,1h,supply,2025-03-19T19:00:00Z,148.84,149.14,148.77,148.85001,148.77,148.95499999999998,148.95499999999998,149.14,148.58499999999998,0.18500000000000227,2025-03-20T15:00:00Z,2025-03-20T15:47:00Z,,S2_CLOSE,,,HTF_UNAMBIGUOUS,,2025-03-21T03:00:00Z,2025-03-21T03:00:00Z,149.21001,-1.3784324324325616,0.08648648648648542,-1.464918918919047,false,2,,,false
V2,USD/JPY_2025-04-01,USD/JPY,1h,demand,2025-03-21T02:00:00Z,149.089996,149.10001,148.92999,149.070007,149.015,149.10001,149.015,148.92999,149.18501999999995,0.08500999999998271,2025-03-21T11:00:00Z,2025-03-21T11:28:00Z,,S2_CLOSE,,,ONE_MINUTE_RESOLVED,,2025-03-21T11:00:00Z,2025-03-21T11:00:00Z,148.89,-1.4704152452655619,0.18821315139399195,-1.6586283966595539,true,1,TOUCH_BAR_CLOSED_BEYOND_S2,,false
V2,USD/JPY_2025-04-01,USD/JPY,1h,demand,2025-03-20T23:00:00Z,148.72,148.77,148.59,148.62,148.68,148.77,148.68,148.59,148.86,0.09000000000000341,2025-03-21T12:00:00Z,2025-03-21T12:41:00Z,,TARGET,,,HTF_UNAMBIGUOUS,2025-03-21T13:30:00Z,,2025-03-21T13:00:00Z,148.86,2,0.17777777777777104,1.822222222222229,false,1,,,false
V2,USD/JPY_2025-04-01,USD/JPY,1h,supply,2025-03-03T19:00:00Z,150.17,150.3,150.14,150.25999,150.14,150.22,150.22,150.3,150.05999999999997,0.0800000000000125,2025-03-24T13:00:00Z,2025-03-24T13:58:00Z,,S2_CLOSE,,,HTF_UNAMBIGUOUS,,2025-03-24T14:00:00Z,2025-03-24T14:00:00Z,150.47,-3.1249999999995115,0.19999999999996873,-3.32499999999948,false,1,,,false
V2,USD/JPY_2025-04-01,USD/JPY,4h,supply,2025-03-03T08:00:00Z,150.17999,151.23,149.95,151.2,149.95,150.58999999999997,150.58999999999997,151.23,149.30999999999995,0.6400000000000148,2025-03-24T12:00:00Z,2025-03-24T15:15:00Z,,TARGET,,,HTF_UNAMBIGUOUS,2025-03-30T23:34:00Z,,2025-03-30T20:00:00Z,149.30999999999995,2,0.024999999999999422,1.9750000000000005,false,4,,,false
V2,USD/JPY_2025-04-01,USD/JPY,1h,demand,2025-03-21T18:00:00Z,149.23,149.32001,149.17999,149.22,149.25,149.32001,149.25,149.17999,149.39002,0.07000999999999635,2025-03-31T01:00:00Z,2025-03-31T01:00:00Z,,S2_CLOSE,,,ONE_MINUTE_RESOLVED,,2025-03-31T01:00:00Z,2025-03-31T01:00:00Z,149.16,-1.2855306384803329,0.22853878017427273,-1.5140694186546055,true,2,TOUCH_BAR_CLOSED_BEYOND_S2,,false
V2,USD/JPY_2025-04-01,USD/JPY,1h,supply,2025-03-30T23:00:00Z,149.48,149.63,149.3,149.62,149.3,149.465,149.465,149.63,149.13500000000002,0.16499999999999204,2025-03-31T12:00:00Z,2025-03-31T12:20:00Z,,S2_CLOSE,,,HTF_UNAMBIGUOUS,,2025-03-31T13:00:00Z,2025-03-31T13:00:00Z,149.67,-1.2424242424242058,0.09696969696970165,-1.3393939393939074,false,1,,,false
V2,USD/JPY_2025-04-01,USD/JPY,1h,supply,2025-03-28T20:00:00Z,149.75,149.89,149.69,149.81,149.69,149.79,149.79,149.89,149.59,0.09999999999999432,2025-03-31T15:00:00Z,2025-03-31T15:25:00Z,,S2_CLOSE,,,ONE_MINUTE_RESOLVED,,2025-03-31T15:00:00Z,2025-03-31T15:00:00Z,149.91,-1.2000000000001136,0.1600000000000091,-1.3600000000001227,true,1,TOUCH_BAR_CLOSED_BEYOND_S2,,false
V2,USD/JPY_2025-07-01,USD/JPY,1h,supply,2025-05-06T09:00:00Z,143.129,143.35201,143.063004,143.302,143.063004,143.20750700000002,143.20750700000002,143.35201,142.91850100000005,0.14450299999998606,2025-05-07T04:00:00Z,2025-05-07T04:46:00Z,,TARGET,,,HTF_UNAMBIGUOUS,2025-05-07T06:27:00Z,,2025-05-07T06:00:00Z,142.91850100000005,2,0.11072434482330155,1.8892756551766985,false,1,,,false
V2,USD/JPY_2025-07-01,USD/JPY,1h,supply,2025-05-06T09:00:00Z,143.129,143.35201,143.063004,143.302,143.063004,143.20750700000002,143.20750700000002,143.35201,142.91850100000005,0.14450299999998606,2025-05-07T08:00:00Z,2025-05-07T08:01:00Z,,S2_CLOSE,,,HTF_UNAMBIGUOUS,,2025-05-07T11:00:00Z,2025-05-07T11:00:00Z,143.39101,-1.2698905905067095,0.11072434482330155,-1.380614935330011,false,1,,,false
V2,USD/JPY_2025-07-01,USD/JPY,1h,supply,2025-05-06T05:00:00Z,143.711,143.832,143.69099,143.79601,143.69099,143.761495,143.761495,143.832,143.620485,0.07050499999999715,2025-05-07T18:00:00Z,2025-05-07T18:46:00Z,,TARGET,,,ONE_MINUTE_RESOLVED,2025-05-07T18:48:00Z,,2025-05-07T18:00:00Z,143.620485,2,0.22693425998157077,1.7730657400184293,false,1,,,false
V2,USD/JPY_2025-07-01,USD/JPY,1h,supply,2025-05-06T05:00:00Z,143.711,143.832,143.69099,143.79601,143.69099,143.761495,143.761495,143.832,143.620485,0.07050499999999715,2025-05-07T21:00:00Z,2025-05-07T21:00:00Z,,S2_CLOSE,,,HTF_UNAMBIGUOUS,,2025-05-07T22:00:00Z,2025-05-07T22:00:00Z,143.895,-1.8935536486776703,0.22693425998157077,-2.120487908659241,false,1,,,false
V2,USD/JPY_2025-07-01,USD/JPY,4h,supply,2025-04-07T13:00:00Z,146.98,148.11,146.50999,147.94,146.50999,147.30999500000001,147.30999500000001,148.11,145.70998500000002,0.8000049999999987,2025-05-12T05:00:00Z,2025-05-12T07:24:00Z,,S2_CLOSE,,,HTF_UNAMBIGUOUS,,2025-05-12T13:00:00Z,2025-05-12T13:00:00Z,148.511,-1.5012468672070582,0.019999875000781278,-1.5212467422078395,false,3,,,false
V2,USD/JPY_2025-07-01,USD/JPY,1h,demand,2025-05-12T11:00:00Z,148.40199,148.41499,147.862,147.87801,148.13849499999998,148.41499,148.13849499999998,147.862,148.69148499999994,0.27649499999998284,2025-05-13T00:00:00Z,2025-05-13T00:04:00Z,,S2_CLOSE,,,ONE_MINUTE_RESOLVED,,2025-05-13T00:00:00Z,2025-05-13T00:00:00Z,147.814,-1.1736016926165205,0.057867230872171264,-1.2314689234886917,true,1,TOUCH_BAR_CLOSED_BEYOND_S2,,false
V2,USD/JPY_2025-07-01,USD/JPY,1h,demand,2025-05-12T08:00:00Z,147.91499,148.228,147.621,147.755,147.92450000000002,148.228,147.92450000000002,147.621,148.53150000000005,0.30350000000001387,2025-05-13T01:00:00Z,2025-05-13T01:00:00Z,,S2_CLOSE,,,HTF_UNAMBIGUOUS,,2025-05-13T16:00:00Z,2025-05-13T16:00:00Z,147.60699,-1.0461614497529244,0.05271828665568128,-1.0988797364086056,false,1,,,false
V2,USD/JPY_2025-07-01,USD/JPY,1h,demand,2025-05-12T03:00:00Z,145.84801,145.91499,145.71899,145.72701,145.81698999999998,145.91499,145.81698999999998,145.71899,146.01298999999995,0.09799999999998477,2025-05-14T09:00:00Z,2025-05-14T09:24:00Z,,TARGET,,,HTF_UNAMBIGUOUS,2025-05-14T10:36:00Z,,2025-05-14T10:00:00Z,146.01298999999995,2,0.16326530612247436,1.8367346938775255,false,1,,,false
V2,USD/JPY_2025-07-01,USD/JPY,1h,demand,2025-05-12T03:00:00Z,145.84801,145.91499,145.71899,145.72701,145.81698999999998,145.91499,145.81698999999998,145.71899,146.01298999999995,0.09799999999998477,2025-05-14T13:00:00Z,2025-05-14T13:50:00Z,,TARGET,,,ONE_MINUTE_RESOLVED,2025-05-14T13:58:00Z,,2025-05-14T13:00:00Z,146.01298999999995,2,0.16326530612247436,1.8367346938775255,false,1,,,false
V2,USD/JPY_2025-07-01,USD/JPY,1h,supply,2025-05-14T06:00:00Z,147.063995,147.215,146.95599,147.15601,146.95599,147.085495,147.085495,147.215,146.82648500000002,0.12950499999999465,2025-05-14T16:00:00Z,2025-05-14T16:41:00Z,,AMBIGUOUS,CLOSED_AT_TARGET,TARGET,HTF_UNAMBIGUOUS,2025-05-14T17:00:00Z,,2025-05-14T17:00:00Z,146.82648500000002,2,0.12354735338404434,,false,1,,,true
V2,USD/JPY_2025-07-01,USD/JPY,4h,demand,2025-05-14T09:00:00Z,146.25,146.394,145.601,146.19099,145.9975,146.394,145.9975,145.601,146.7905,0.3965000000000032,2025-05-15T05:00:00Z,2025-05-15T05:09:00Z,,S2_CLOSE,,,HTF_UNAMBIGUOUS,,2025-05-15T21:00:00Z,2025-05-15T21:00:00Z,145.087006,-2.2963278688524404,0.040353089533417076,-2.3366809583858577,false,1,,,false
V2,USD/JPY_2025-07-01,USD/JPY,1h,demand,2025-05-09T11:00:00Z,145.289,145.33,144.927,145.12601,145.1285,145.33,145.1285,144.927,145.53150000000002,0.20150000000001,2025-05-16T02:00:00Z,2025-05-16T02:02:00Z,,TARGET,,,HTF_UNAMBIGUOUS,2025-05-16T09:47:00Z,,2025-05-16T09:00:00Z,145.53150000000002,2,0.07940446650123675,1.9205955334987632,false,4,,,false
V2,USD/JPY_2025-07-01,USD/JPY,1h,supply,2025-05-15T17:00:00Z,145.614,145.767,145.554,145.752,145.554,145.6605,145.6605,145.767,145.44750000000005,0.10649999999998272,2025-05-16T11:00:00Z,2025-05-16T11:53:00Z,,TARGET,,,HTF_UNAMBIGUOUS,2025-05-16T13:07:00Z,,2025-05-16T13:00:00Z,145.44750000000005,2,0.15023474178406193,1.849765258215938,false,3,,,false
V2,USD/JPY_2025-07-01,USD/JPY,1h,supply,2025-05-15T14:00:00Z,145.79601,146.041,145.409,145.85899,145.409,145.725,145.725,146.041,145.093,0.3160000000000025,2025-05-16T20:00:00Z,2025-05-16T20:00:00Z,,TARGET,,,HTF_UNAMBIGUOUS,2025-05-19T00:33:00Z,,2025-05-19T00:00:00Z,145.093,2,0.05063291139240467,1.9493670886075953,false,1,,,false
V2,USD/JPY_2025-07-01,USD/JPY,1h,demand,2025-05-09T14:00:00Z,145.15401,145.27,144.82001,145.0010071,145.045005,145.27,145.045005,144.82001,145.49499500000002,0.22499500000000694,2025-05-19T01:00:00Z,2025-05-19T01:00:00Z,,S2_CLOSE,,,HTF_UNAMBIGUOUS,,2025-05-19T10:00:00Z,2025-05-19T10:00:00Z,144.799,-1.0933798528855714,0.07111269139313987,-1.1644925442787113,false,1,,,false
V2,USD/JPY_2025-07-01,USD/JPY,1h,supply,2025-05-19T04:00:00Z,145.23801,145.345,145.216,145.313,145.216,145.28050000000002,145.28050000000002,145.345,145.15150000000006,0.06449999999998113,2025-05-20T02:00:00Z,2025-05-20T02:57:00Z,,AMBIGUOUS,CLOSED_AT_TARGET,TARGET,HTF_UNAMBIGUOUS,2025-05-20T03:00:00Z,,2025-05-20T03:00:00Z,145.15150000000006,2,0.24806201550394855,,false,1,,,true
V2,USD/JPY_2025-07-01,USD/JPY,4h,demand,2025-05-08T09:00:00Z,144.80701,145.0050049,144.508,144.685,144.75650245,145.0050049,144.75650245,144.508,145.25350734999998,0.2485024499999895,2025-05-20T05:00:00Z,2025-05-20T05:00:00Z,,S2_CLOSE,,,ONE_MINUTE_RESOLVED,,2025-05-20T05:00:00Z,2025-05-20T05:00:00Z,144.48199,-1.1046669761204155,0.06438568311902228,-1.169052659239438,true,1,TOUCH_BAR_CLOSED_BEYOND_S2,,false
V2,USD/JPY_2025-07-01,USD/JPY,1h,demand,2025-05-08T01:00:00Z,143.85201,143.897,143.44,143.504,143.6685,143.897,143.6685,143.44,144.1255,0.22849999999999682,2025-05-21T04:00:00Z,2025-05-21T04:46:00Z,,TARGET,,,HTF_UNAMBIGUOUS,2025-05-21T08:27:00Z,,2025-05-21T08:00:00Z,144.1255,2,0.07002188183807538,1.9299781181619247,false,2,,,false
V2,USD/JPY_2025-07-01,USD/JPY,1h,demand,2025-05-08T01:00:00Z,143.85201,143.897,143.44,143.504,143.6685,143.897,143.6685,143.44,144.1255,0.22849999999999682,2025-05-21T10:00:00Z,2025-05-21T10:23:00Z,,TARGET,,,HTF_UNAMBIGUOUS,2025-05-21T22:11:00Z,,2025-05-21T22:00:00Z,144.1255,2,0.07002188183807538,1.9299781181619247,false,2,,,false
V2,USD/JPY_2025-07-01,USD/JPY,1h,demand,2025-05-07T13:00:00Z,143.35201,143.36,143.112,143.209,143.236,143.36,143.236,143.112,143.48399999999998,0.12399999999999523,2025-05-22T02:00:00Z,2025-05-22T02:17:00Z,,S2_CLOSE,,,HTF_UNAMBIGUOUS,,2025-05-22T07:00:00Z,2025-05-22T07:00:00Z,143.048996,-1.5080967741936204,0.1290322580645211,-1.6371290322581415,false,1,,,false
V2,USD/JPY_2025-07-01,USD/JPY,1h,supply,2025-05-21T01:00:00Z,144.17,144.351,144.035004,144.209,144.035004,144.19300199999998,144.19300199999998,144.351,143.87700599999994,0.1579980000000205,2025-05-22T17:00:00Z,2025-05-22T17:19:00Z,,TARGET,,,HTF_UNAMBIGUOUS,2025-05-22T22:08:00Z,,2025-05-22T22:00:00Z,143.87700599999994,2,0.10126710464688111,1.8987328953531188,false,2,,,false
V2,USD/JPY_2025-07-01,USD/JPY,1h,demand,2025-05-06T13:00:00Z,142.511,142.752,142.349,142.463,142.5505,142.752,142.5505,142.349,142.95350000000002,0.20150000000001,2025-05-23T11:00:00Z,2025-05-23T11:50:00Z,,S2_CLOSE,,,HTF_UNAMBIGUOUS,,2025-05-26T02:00:00Z,2025-05-26T02:00:00Z,142.342,-1.0347394540941748,0.07940446650123675,-1.1141439205954116,false,2,,,false
V2,USD/JPY_2025-07-01,USD/JPY,4h,demand,2025-05-06T17:00:00Z,142.724,142.737,142.347,142.414,142.542,142.737,142.542,142.347,142.932,0.19499999999999318,2025-05-26T05:00:00Z,2025-05-26T05:00:00Z,,TARGET,,,HTF_UNAMBIGUOUS,2025-05-26T09:04:00Z,,2025-05-26T09:00:00Z,142.932,2,0.08205128205128492,1.9179487179487151,false,1,,,false
V2,USD/JPY_2025-07-01,USD/JPY,1h,supply,2025-05-25T23:00:00Z,142.785,142.935,142.748,142.827,142.748,142.8415,142.8415,142.935,142.65449999999998,0.09350000000000591,2025-05-26T10:00:00Z,2025-05-26T10:00:00Z,,S2_CLOSE,,,HTF_UNAMBIGUOUS,,2025-05-26T12:00:00Z,2025-05-26T12:00:00Z,142.97501,-1.4279144385025955,0.1711229946523956,-1.599037433154991,false,1,,,false
V2,USD/JPY_2025-07-01,USD/JPY,1h,supply,2025-05-26T12:00:00Z,142.93201,143.033997,142.862,142.97501,142.862,142.94799849999998,142.94799849999998,143.033997,142.77600149999995,0.08599850000001652,2025-05-26T21:00:00Z,2025-05-26T21:06:00Z,,TARGET,,,ONE_MINUTE_RESOLVED,2025-05-26T21:18:00Z,,2025-05-26T21:00:00Z,142.77600149999995,2,0.18604975668176685,1.813950243318233,false,1,,,false
V2,USD/JPY_2025-07-01,USD/JPY,1h,demand,2025-04-29T21:00:00Z,142.265,142.30499,142.14799,142.26401,142.22649,142.30499,142.22649,142.14799,142.38349000000005,0.07850000000001955,2025-05-27T02:00:00Z,2025-05-27T02:12:00Z,,TARGET,,,ONE_MINUTE_RESOLVED,2025-05-27T02:53:00Z,,2025-05-27T02:00:00Z,142.38349000000005,2,0.20382165605090466,1.7961783439490953,false,1,,,false
V2,USD/JPY_2025-07-01,USD/JPY,1h,supply,2025-05-26T20:00:00Z,142.771,142.84399,142.754,142.828,142.754,142.798995,142.798995,142.84399,142.709005,0.04499500000000012,2025-05-27T04:00:00Z,2025-05-27T04:48:00Z,,S2_CLOSE,,,ONE_MINUTE_RESOLVED,,2025-05-27T04:00:00Z,2025-05-27T04:00:00Z,142.855,-1.2446938548727375,0.3555950661184567,-1.6002889209911944,true,1,TOUCH_BAR_CLOSED_BEYOND_S2,,false
V2,USD/JPY_2025-07-01,USD/JPY,1h,supply,2025-05-23T04:00:00Z,143.43201,143.48599,143.356,143.46201,143.356,143.420995,143.420995,143.48599,143.29100500000004,0.06499499999998193,2025-05-27T05:00:00Z,2025-05-27T05:34:00Z,,TARGET,,,ONE_MINUTE_RESOLVED,2025-05-27T05:38:00Z,,2025-05-27T05:00:00Z,143.29100500000004,2,0.2461727825218009,1.753827217478199,false,5,,,false
V2,USD/JPY_2025-07-01,USD/JPY,4h,supply,2025-05-22T13:00:00Z,143.55099,144.117,143.429,144.018997,143.429,143.773,143.773,144.117,143.085,0.3439999999999941,2025-05-27T05:00:00Z,2025-05-27T07:47:00Z,,S2_CLOSE,,,HTF_UNAMBIGUOUS,,2025-05-27T13:00:00Z,2025-05-27T13:00:00Z,144.375,-1.7500000000000413,0.04651162790697754,-1.7965116279070188,false,1,,,false
V2,USD/JPY_2025-07-01,USD/JPY,1h,demand,2025-05-27T12:00:00Z,144.091995,144.188,144.0050049,144.024002,144.09650245,144.188,144.09650245,144.0050049,144.27949755000003,0.09149755000001392,2025-05-28T00:00:00Z,2025-05-28T00:00:00Z,,TARGET,,,HTF_UNAMBIGUOUS,2025-05-28T01:05:00Z,,2025-05-28T01:00:00Z,144.27949755000003,2,0.17486807023791967,1.8251319297620803,false,1,,,false
V2,USD/JPY_2025-07-01,USD/JPY,4h,supply,2025-05-20T13:00:00Z,144.80901,144.97701,144.509,144.811,144.509,144.74300499999998,144.74300499999998,144.97701,144.27499499999993,0.23400500000002467,2025-05-28T01:00:00Z,2025-05-28T01:09:00Z,,TARGET,,,ONE_MINUTE_RESOLVED,2025-05-28T01:20:00Z,,2025-05-28T01:00:00Z,144.27499499999993,2,0.06837460738017698,1.931625392619823,false,1,,,false
V2,USD/JPY_2025-07-01,USD/JPY,1h,demand,2025-05-27T12:00:00Z,144.091995,144.188,144.0050049,144.024002,144.09650245,144.188,144.09650245,144.0050049,144.27949755000003,0.09149755000001392,2025-05-28T07:00:00Z,2025-05-28T07:52:00Z,,TARGET,,,HTF_UNAMBIGUOUS,2025-05-28T10:58:00Z,,2025-05-28T10:00:00Z,144.27949755000003,2,0.17486807023791967,1.8251319297620803,false,1,,,false
V2,USD/JPY_2025-07-01,USD/JPY,1h,supply,2025-05-15T14:00:00Z,145.79601,146.041,145.409,145.85899,145.409,145.725,145.725,146.041,145.093,0.3160000000000025,2025-05-28T23:00:00Z,2025-05-28T23:37:00Z,,S2_CLOSE,,,HTF_UNAMBIGUOUS,,2025-05-29T00:00:00Z,2025-05-29T00:00:00Z,146.091995,-1.1613765822784807,0.05063291139240467,-1.2120094936708854,false,4,,,false
V2,USD/JPY_2025-07-01,USD/JPY,4h,supply,2025-05-15T09:00:00Z,145.74899,146.254,145.62801,145.8,145.62801,145.941005,145.941005,146.254,145.315015,0.3129950000000008,2025-05-29T05:00:00Z,2025-05-29T05:46:00Z,,TARGET,,,ONE_MINUTE_RESOLVED,2025-05-29T07:44:00Z,,2025-05-29T05:00:00Z,145.315015,2,0.05111902746050243,1.9488809725394975,false,1,,,false
V2,USD/JPY_2025-07-01,USD/JPY,1h,demand,2025-05-28T18:00:00Z,144.88499,145.0079956,144.75,144.83701,144.87899779999998,145.0079956,144.87899779999998,144.75,145.13699339999994,0.12899779999997918,2025-05-29T12:00:00Z,2025-05-29T12:05:00Z,,S2_CLOSE,,,ONE_MINUTE_RESOLVED,,2025-05-29T12:00:00Z,2025-05-29T12:00:00Z,144.433,-3.457406250339606,0.12403312304552933,-3.5814393733851353,true,2,TOUCH_BAR_CLOSED_BEYOND_S2,,false
V2,USD/JPY_2025-07-01,USD/JPY,1h,demand,2025-05-27T12:00:00Z,144.091995,144.188,144.0050049,144.024002,144.09650245,144.188,144.09650245,144.0050049,144.27949755000003,0.09149755000001392,2025-05-29T16:00:00Z,2025-05-29T16:00:00Z,,S2_CLOSE,,,HTF_UNAMBIGUOUS,,2025-05-29T18:00:00Z,2025-05-29T18:00:00Z,143.998,-1.0765583340755818,0.17486807023791967,-1.2514264043135015,false,2,,,false
V2,USD/JPY_2025-07-01,USD/JPY,1h,demand,2025-05-28T08:00:00Z,144.14999,144.20399,143.991,144.037994,144.097495,144.20399,144.097495,143.991,144.310485,0.10649499999999534,2025-05-29T19:00:00Z,2025-05-29T19:00:00Z,,S2_CLOSE,,,HTF_UNAMBIGUOUS,,2025-05-29T23:00:00Z,2025-05-29T23:00:00Z,143.756,-3.2066763697828433,0.15024179538946147,-3.3569181651723046,false,1,,,false
V2,USD/JPY_2025-07-01,USD/JPY,1h,supply,2025-05-29T14:00:00Z,144.36099,144.464,144.14999,144.403,144.14999,144.306995,144.306995,144.464,143.992985,0.15700499999999806,2025-05-30T14:00:00Z,2025-05-30T14:48:00Z,,TARGET,,,HTF_UNAMBIGUOUS,2025-05-30T16:28:00Z,,2025-05-30T16:00:00Z,143.992985,2,0.10190758256106619,1.8980924174389338,false,1,,,false
V2,USD/JPY_2025-07-01,USD/JPY,1h,supply,2025-06-02T13:00:00Z,142.83,143.072006,142.823,142.89999,142.823,142.94750299999998,142.94750299999998,143.072006,142.69849699999997,0.12450300000000425,2025-06-03T01:00:00Z,2025-06-03T01:21:00Z,,S2_CLOSE,,,ONE_MINUTE_RESOLVED,,2025-06-03T01:00:00Z,2025-06-03T01:00:00Z,143.129,-1.4577721018770724,0.1285109595752669,-1.5862830614523393,true,2,TOUCH_BAR_CLOSED_BEYOND_S2,,false
V2,USD/JPY_2025-07-01,USD/JPY,1h,supply,2025-05-30T20:00:00Z,143.875,144.087997,143.867,144.020996,143.867,143.9774985,143.9774985,144.087997,143.75650149999998,0.1104985000000056,2025-06-03T16:00:00Z,2025-06-03T16:17:00Z,,TARGET,,,HTF_UNAMBIGUOUS,2025-06-03T21:01:00Z,,2025-06-03T21:00:00Z,143.75650149999998,2,0.14479834567889327,1.8552016543211067,false,1,,,false
V2,USD/JPY_2025-07-01,USD/JPY,1h,supply,2025-05-30T20:00:00Z,143.875,144.087997,143.867,144.020996,143.867,143.9774985,143.9774985,144.087997,143.75650149999998,0.1104985000000056,2025-06-03T22:00:00Z,2025-06-03T22:00:00Z,,TARGET,,,HTF_UNAMBIGUOUS,2025-06-04T01:32:00Z,,2025-06-04T01:00:00Z,143.75650149999998,2,0.14479834567889327,1.8552016543211067,false,1,,,false
V2,USD/JPY_2025-07-01,USD/JPY,1h,supply,2025-05-29T14:00:00Z,144.36099,144.464,144.14999,144.403,144.14999,144.306995,144.306995,144.464,143.992985,0.15700499999999806,2025-06-04T06:00:00Z,2025-06-04T06:07:00Z,,TARGET,,,ONE_MINUTE_RESOLVED,2025-06-04T06:22:00Z,,2025-06-04T06:00:00Z,143.992985,2,0.10190758256106619,1.8980924174389338,false,2,,,false
V2,USD/JPY_2025-07-01,USD/JPY,1h,demand,2025-06-04T01:00:00Z,143.99001,144.298,143.662,143.755,143.98000000000002,144.298,143.98000000000002,143.662,144.61600000000004,0.31800000000001205,2025-06-04T07:00:00Z,2025-06-04T07:00:00Z,,S2_CLOSE,,,HTF_UNAMBIGUOUS,,2025-06-04T12:00:00Z,2025-06-04T12:00:00Z,143.554,-1.3396226415094339,0.050314465408803126,-1.389937106918237,false,1,,,false
V2,USD/JPY_2025-07-01,USD/JPY,1h,supply,2025-05-29T11:00:00Z,145.011002,145.11501,144.87601,145.084,144.87601,144.99551000000002,144.99551000000002,145.11501,144.75651000000005,0.11949999999998795,2025-06-06T15:00:00Z,2025-06-06T15:08:00Z,,TARGET,,,HTF_UNAMBIGUOUS,2025-06-08T23:00:00Z,,2025-06-08T23:00:00Z,144.75651000000005,2,0.13389121338913484,1.8661087866108652,false,1,,,false
V2,USD/JPY_2025-07-01,USD/JPY,1h,supply,2025-05-29T11:00:00Z,145.011002,145.11501,144.87601,145.084,144.87601,144.99551000000002,144.99551000000002,145.11501,144.75651000000005,0.11949999999998795,2025-06-10T01:00:00Z,2025-06-10T01:51:00Z,,TARGET,,,HTF_UNAMBIGUOUS,2025-06-10T05:18:00Z,,2025-06-10T05:00:00Z,144.75651000000005,2,0.13389121338913484,1.8661087866108652,false,1,,,false
V2,USD/JPY_2025-07-01,USD/JPY,1h,demand,2025-06-09T15:00:00Z,144.612,144.62199,144.34399,144.371,144.48299,144.62199,144.48299,144.34399,144.76099000000002,0.13900000000001,2025-06-10T11:00:00Z,2025-06-10T11:15:00Z,,TARGET,,,HTF_UNAMBIGUOUS,2025-06-10T14:33:00Z,,2025-06-10T14:00:00Z,144.76099000000002,2,0.11510791366905647,1.8848920863309435,false,1,,,false
V2,USD/JPY_2025-07-01,USD/JPY,1h,supply,2025-05-29T11:00:00Z,145.011002,145.11501,144.87601,145.084,144.87601,144.99551000000002,144.99551000000002,145.11501,144.75651000000005,0.11949999999998795,2025-06-10T17:00:00Z,2025-06-10T17:02:00Z,,TARGET,,,HTF_UNAMBIGUOUS,2025-06-11T00:16:00Z,,2025-06-11T00:00:00Z,144.75651000000005,2,0.13389121338913484,1.8661087866108652,false,1,,,false
V2,USD/JPY_2025-07-01,USD/JPY,1h,supply,2025-05-29T11:00:00Z,145.011002,145.11501,144.87601,145.084,144.87601,144.99551000000002,144.99551000000002,145.11501,144.75651000000005,0.11949999999998795,2025-06-11T01:00:00Z,2025-06-11T01:53:00Z,,S2_CLOSE,,,HTF_UNAMBIGUOUS,,2025-06-11T06:00:00Z,2025-06-11T06:00:00Z,145.127,-1.10033472803346,0.13389121338913484,-1.234225941422595,false,1,,,false
V2,USD/JPY_2025-07-01,USD/JPY,4h,supply,2025-05-28T21:00:00Z,144.825,146.10201,144.724,146.091995,144.724,145.413005,145.413005,146.10201,144.03499499999998,0.6890050000000087,2025-06-11T09:00:00Z,2025-06-11T12:04:00Z,,TARGET,,,HTF_UNAMBIGUOUS,2025-06-12T00:46:00Z,,2025-06-11T21:00:00Z,144.03499499999998,2,0.023221892439096663,1.9767781075609034,false,1,,,false
V2,USD/JPY_2025-07-01,USD/JPY,1h,demand,2025-06-06T03:00:00Z,143.841,143.85001,143.71201,143.759,143.78100999999998,143.85001,143.78100999999998,143.71201,143.91900999999996,0.0689999999999884,2025-06-12T01:00:00Z,2025-06-12T01:22:00Z,,TARGET,,,ONE_MINUTE_RESOLVED,2025-06-12T01:32:00Z,,2025-06-12T01:00:00Z,143.91900999999996,2,0.23188405797105346,1.7681159420289465,false,3,,,false
V2,USD/JPY_2025-07-01,USD/JPY,1h,demand,2025-06-06T03:00:00Z,143.841,143.85001,143.71201,143.759,143.78100999999998,143.85001,143.78100999999998,143.71201,143.91900999999996,0.0689999999999884,2025-06-12T05:00:00Z,2025-06-12T05:43:00Z,,TARGET,,,HTF_UNAMBIGUOUS,2025-06-12T06:18:00Z,,2025-06-12T06:00:00Z,143.91900999999996,2,0.23188405797105346,1.7681159420289465,false,2,,,false
V2,USD/JPY_2025-07-01,USD/JPY,1h,demand,2025-06-06T03:00:00Z,143.841,143.85001,143.71201,143.759,143.78100999999998,143.85001,143.78100999999998,143.71201,143.91900999999996,0.0689999999999884,2025-06-12T07:00:00Z,2025-06-12T07:00:00Z,,TARGET,,,ONE_MINUTE_RESOLVED,2025-06-12T07:13:00Z,,2025-06-12T07:00:00Z,143.91900999999996,2,0.23188405797105346,1.7681159420289465,false,1,,,false
V2,USD/JPY_2025-07-01,USD/JPY,1h,demand,2025-06-06T03:00:00Z,143.841,143.85001,143.71201,143.759,143.78100999999998,143.85001,143.78100999999998,143.71201,143.91900999999996,0.0689999999999884,2025-06-12T09:00:00Z,2025-06-12T09:11:00Z,,S2_CLOSE,,,ONE_MINUTE_RESOLVED,,2025-06-12T09:00:00Z,2025-06-12T09:00:00Z,143.698,-1.2030434782606827,0.23188405797105346,-1.4349275362317362,true,1,TOUCH_BAR_CLOSED_BEYOND_S2,,false
V2,USD/JPY_2025-07-01,USD/JPY,1h,demand,2025-06-05T22:00:00Z,143.519,143.558,143.44299,143.51401,143.500495,143.558,143.500495,143.44299,143.61550499999998,0.057504999999991924,2025-06-12T10:00:00Z,2025-06-12T10:30:00Z,,TARGET,,,HTF_UNAMBIGUOUS,2025-06-12T11:34:00Z,,2025-06-12T11:00:00Z,143.61550499999998,2,0.27823667507177197,1.721763324928228,false,1,,,false
V2,USD/JPY_2025-07-01,USD/JPY,1h,demand,2025-06-05T22:00:00Z,143.519,143.558,143.44299,143.51401,143.500495,143.558,143.500495,143.44299,143.61550499999998,0.057504999999991924,2025-06-12T12:00:00Z,2025-06-12T12:30:00Z,,AMBIGUOUS,CLOSED_AT_TARGET,TARGET,HTF_UNAMBIGUOUS,2025-06-12T14:18:00Z,,2025-06-12T14:00:00Z,143.61550499999998,2,0.27823667507177197,,false,1,TOUCH_BAR_CLOSED_BEYOND_S2,,true
V2,USD/JPY_2025-07-01,USD/JPY,1h,supply,2025-06-12T14:00:00Z,143.463,143.75301,143.423,143.735,143.423,143.588005,143.588005,143.75301,143.25799500000005,0.16500499999997942,2025-06-13T03:00:00Z,2025-06-13T03:32:00Z,,S2_CLOSE,,,HTF_UNAMBIGUOUS,,2025-06-13T07:00:00Z,2025-06-13T07:00:00Z,143.795,-1.254477137056475,0.09696675858308534,-1.3514438956395602,false,3,,,false
V2,USD/JPY_2025-07-01,USD/JPY,1h,supply,2025-06-16T03:00:00Z,144.41299,144.48801,144.33299,144.47701,144.33299,144.4105,144.4105,144.48801,144.25548000000003,0.07750999999998953,2025-06-16T17:00:00Z,2025-06-16T17:46:00Z,,S2_CLOSE,,,HTF_UNAMBIGUOUS,,2025-06-16T18:00:00Z,2025-06-16T18:00:00Z,144.599,-2.4319442652561194,0.20642497742229599,-2.6383692426784155,false,1,,,false
V2,USD/JPY_2025-07-01,USD/JPY,4h,supply,2025-06-11T05:00:00Z,145.031998,145.246,144.964,145.065994,144.964,145.10500000000002,145.10500000000002,145.246,144.82300000000004,0.14099999999999113,2025-06-16T21:00:00Z,2025-06-17T00:57:00Z,,TARGET,,,HTF_UNAMBIGUOUS,2025-06-17T01:41:00Z,,2025-06-17T01:00:00Z,144.82300000000004,2,0.11347517730497168,1.8865248226950284,false,1,,,false
V2,USD/JPY_2025-07-01,USD/JPY,1h,supply,2025-06-11T13:00:00Z,144.728,145.18401,144.608,145.046005,144.608,144.896005,144.896005,145.18401,144.319995,0.2880049999999983,2025-06-17T03:00:00Z,2025-06-17T03:00:00Z,,S2_CLOSE,,,HTF_UNAMBIGUOUS,,2025-06-17T16:00:00Z,2025-06-17T16:00:00Z,145.22301,-1.135414315723642,0.05555459106612765,-1.1909689067897697,false,1,,,false
V2,USD/JPY_2025-07-01,USD/JPY,1h,supply,2025-06-11T11:00:00Z,145.14101,145.336,145.10899,145.28101,145.10899,145.222495,145.222495,145.336,144.995485,0.11350500000000352,2025-06-17T18:00:00Z,2025-06-17T18:00:00Z,,S2_CLOSE,,,ONE_MINUTE_RESOLVED,,2025-06-17T18:00:00Z,2025-06-17T18:00:00Z,145.367,-1.2731157217741644,0.14096295317386462,-1.414078674948029,true,1,TOUCH_BAR_CLOSED_BEYOND_S2,,false
V2,USD/JPY_2025-07-01,USD/JPY,1h,demand,2025-06-17T15:00:00Z,145.185,145.207,145.0099945,145.039001,145.10849725,145.207,145.10849725,145.0099945,145.30550275,0.09850274999999442,2025-06-18T02:00:00Z,2025-06-18T02:21:00Z,,S2_CLOSE,,,HTF_UNAMBIGUOUS,,2025-06-18T06:00:00Z,2025-06-18T06:00:00Z,144.89999,-2.11676577557488,0.1624320133194343,-2.2791977888943142,false,1,,,false
V2,USD/JPY_2025-07-01,USD/JPY,1h,demand,2025-06-17T04:00:00Z,144.657,144.67101,144.39799,144.588,144.53449999999998,144.67101,144.53449999999998,144.39799,144.80751999999995,0.13650999999998703,2025-06-18T16:00:00Z,2025-06-18T16:04:00Z,,TARGET,,,HTF_UNAMBIGUOUS,2025-06-18T17:41:00Z,,2025-06-18T17:00:00Z,144.80751999999995,2,0.11720753058385115,1.8827924694161489,false,2,,,false
V2,USD/JPY_2025-07-01,USD/JPY,1h,demand,2025-06-17T04:00:00Z,144.657,144.67101,144.39799,144.588,144.53449999999998,144.67101,144.53449999999998,144.39799,144.80751999999995,0.13650999999998703,2025-06-18T18:00:00Z,2025-06-18T18:00:00Z,,TARGET,,,ONE_MINUTE_RESOLVED,2025-06-18T18:40:00Z,,2025-06-18T18:00:00Z,144.80751999999995,2,0.11720753058385115,1.8827924694161489,false,2,,,false
V2,USD/JPY_2025-07-01,USD/JPY,1h,demand,2025-06-19T13:00:00Z,145.54201,145.576,145.341,145.422,145.45850000000002,145.576,145.45850000000002,145.341,145.69350000000003,0.11750000000000682,2025-06-19T19:00:00Z,2025-06-19T19:09:00Z,,S2_CLOSE,,,HTF_UNAMBIGUOUS,,2025-06-19T23:00:00Z,2025-06-19T23:00:00Z,145.229,-1.9531914893616023,0.13617021276594954,-2.089361702127552,false,1,,,false
V2,USD/JPY_2025-07-01,USD/JPY,1h,supply,2025-05-29T05:00:00Z,145.743,146.093002,145.69701,145.933,145.69701,145.89500600000002,145.89500600000002,146.093002,145.49901400000005,0.19799599999998918,2025-06-20T14:00:00Z,2025-06-20T14:20:00Z,,S2_CLOSE,,,HTF_UNAMBIGUOUS,,2025-06-20T19:00:00Z,2025-06-20T19:00:00Z,146.174,-1.4090890725065068,0.08080971332754638,-1.489898785834053,false,1,,,false
V2,USD/JPY_2025-07-01,USD/JPY,1h,supply,2025-05-15T01:00:00Z,146.207,146.33,146.065994,146.282,146.065994,146.197997,146.197997,146.33,145.93399099999993,0.13200300000002585,2025-06-23T00:00:00Z,2025-06-23T00:00:00Z,,S2_CLOSE,,,ONE_MINUTE_RESOLVED,,2025-06-23T00:00:00Z,2025-06-23T00:00:00Z,146.451,-1.9166458338064831,0.12120936645376898,-2.037855200260252,true,1,TOUCH_BAR_CLOSED_BEYOND_S2,,false
V2,USD/JPY_2025-07-01,USD/JPY,1h,supply,2025-05-13T23:00:00Z,147.34801,147.54601,147.33701,147.52,147.33701,147.44151,147.44151,147.54601,147.23251,0.10450000000000159,2025-06-23T08:00:00Z,2025-06-23T08:08:00Z,,S2_CLOSE,,,ONE_MINUTE_RESOLVED,,2025-06-23T08:00:00Z,2025-06-23T08:00:00Z,147.604,-1.5549282296652354,0.15311004784688761,-1.708038277512123,true,1,TOUCH_BAR_CLOSED_BEYOND_S2,,false
V2,USD/JPY_2025-07-01,USD/JPY,1h,demand,2025-06-23T02:00:00Z,146.668,146.701,146.368,146.563,146.53449999999998,146.701,146.53449999999998,146.368,146.86749999999995,0.166499999999985,2025-06-23T14:00:00Z,2025-06-23T14:55:00Z,,S2_CLOSE,,,HTF_UNAMBIGUOUS,,2025-06-23T16:00:00Z,2025-06-23T16:00:00Z,146.362,-1.0360360360360406,0.09609609609610476,-1.1321321321321454,false,1,,,false
V2,USD/JPY_2025-07-01,USD/JPY,1h,demand,2025-06-22T23:00:00Z,146.362,146.424,146.201,146.21201,146.3125,146.424,146.3125,146.201,146.5355,0.1115000000000066,2025-06-23T17:00:00Z,2025-06-23T17:30:00Z,,S2_CLOSE,,,HTF_UNAMBIGUOUS,,2025-06-23T18:00:00Z,2025-06-23T18:00:00Z,146.155,-1.4125560538115656,0.14349775784752514,-1.5560538116590907,false,1,,,false
V2,USD/JPY_2025-07-01,USD/JPY,1h,demand,2025-06-20T16:00:00Z,145.92599,145.946,145.784,145.839,145.865,145.946,145.865,145.784,146.02700000000004,0.08100000000001728,2025-06-23T22:00:00Z,2025-06-23T22:06:00Z,,TARGET,,,HTF_UNAMBIGUOUS,2025-06-23T23:12:00Z,,2025-06-23T23:00:00Z,146.02700000000004,2,0.19753086419748872,1.8024691358025113,false,1,,,false
V2,USD/JPY_2025-07-01,USD/JPY,1h,demand,2025-06-20T16:00:00Z,145.92599,145.946,145.784,145.839,145.865,145.946,145.865,145.784,146.02700000000004,0.08100000000001728,2025-06-24T00:00:00Z,2025-06-24T00:00:00Z,,S2_CLOSE,,,ONE_MINUTE_RESOLVED,,2025-06-24T00:00:00Z,2025-06-24T00:00:00Z,145.59801,-3.2961728395057306,0.19753086419748872,-3.4937037037032193,true,1,TOUCH_BAR_CLOSED_BEYOND_S2,,false
V2,USD/JPY_2025-07-01,USD/JPY,4h,demand,2025-06-20T05:00:00Z,145.347,145.485,145.26199,145.327,145.373495,145.485,145.373495,145.26199,145.59650499999998,0.11150499999999397,2025-06-24T01:00:00Z,2025-06-24T03:32:00Z,,S2_CLOSE,,,HTF_UNAMBIGUOUS,,2025-06-24T05:00:00Z,2025-06-24T05:00:00Z,145.091995,-2.524550468588936,0.14349132325905445,-2.6680417918479904,false,1,,,false
V2,USD/JPY_2025-07-01,USD/JPY,4h,demand,2025-06-17T01:00:00Z,145.061996,145.063995,144.39799,144.588,144.7309925,145.063995,144.7309925,144.39799,145.39699750000005,0.3330025000000205,2025-06-24T13:00:00Z,2025-06-24T14:16:00Z,,TARGET,,,HTF_UNAMBIGUOUS,2025-06-25T08:15:00Z,,2025-06-25T05:00:00Z,145.39699750000005,2,0.04804768732967174,1.9519523126703282,false,3,,,false
V2,USD/JPY_2025-07-01,USD/JPY,1h,supply,2025-06-24T01:00:00Z,145.603,145.733,145.472,145.677,145.472,145.60250000000002,145.60250000000002,145.733,145.34150000000005,0.13049999999998363,2025-06-25T10:00:00Z,2025-06-25T10:00:00Z,,S2_CLOSE,,,HTF_UNAMBIGUOUS,,2025-06-25T11:00:00Z,2025-06-25T11:00:00Z,145.74899,-1.122528735632107,0.12260536398468971,-1.2451340996167968,false,1,,,false
V2,USD/JPY_2025-07-01,USD/JPY,4h,demand,2025-06-17T01:00:00Z,145.061996,145.063995,144.39799,144.588,144.7309925,145.063995,144.7309925,144.39799,145.39699750000005,0.3330025000000205,2025-06-25T21:00:00Z,2025-06-26T00:50:00Z,,S2_CLOSE,,,HTF_UNAMBIGUOUS,,2025-06-26T05:00:00Z,2025-06-26T05:00:00Z,143.92599,-2.4174067762252562,0.04804768732967174,-2.465454463554928,false,3,,,false
V2,USD/JPY_2025-07-01,USD/JPY,1h,demand,2025-06-16T13:00:00Z,144.098007,144.112,143.76801,143.808,143.94000499999999,144.112,143.94000499999999,143.76801,144.28399499999995,0.17199499999998125,2025-06-26T09:00:00Z,2025-06-26T09:00:00Z,,TARGET,,,HTF_UNAMBIGUOUS,2025-06-26T11:14:00Z,,2025-06-26T11:00:00Z,144.28399499999995,2,0.09302596005698854,1.9069740399430115,false,1,,,false
V2,USD/JPY_2025-07-01,USD/JPY,1h,supply,2025-06-26T11:00:00Z,144.2,144.444,144.19099,144.383,144.19099,144.317495,144.317495,144.444,144.06448500000005,0.12650499999998033,2025-06-26T21:00:00Z,2025-06-26T21:00:00Z,,S2_CLOSE,,,HTF_UNAMBIGUOUS,,2025-06-26T22:00:00Z,2025-06-26T22:00:00Z,144.59801,-2.2174222362754317,0.12647721433937384,-2.3438994506148054,false,2,,,false
V2,USD/JPY_2025-07-01,USD/JPY,1h,supply,2025-06-26T03:00:00Z,144.688,144.81799,144.567,144.785,144.567,144.692495,144.692495,144.81799,144.441505,0.1254950000000008,2025-06-27T00:00:00Z,2025-06-27T00:01:00Z,,TARGET,,,HTF_UNAMBIGUOUS,2025-06-27T01:48:00Z,,2025-06-27T01:00:00Z,144.441505,2,0.12749511932746244,1.8725048806725375,false,1,,,false
V2,USD/JPY_2025-07-01,USD/JPY,4h,supply,2025-06-26T01:00:00Z,144.688,144.965,144.567,144.77901,144.567,144.76600000000002,144.76600000000002,144.965,144.36800000000005,0.19899999999998386,2025-06-27T13:00:00Z,2025-06-27T13:30:00Z,,TARGET,,,HTF_UNAMBIGUOUS,2025-06-30T01:29:00Z,,2025-06-30T01:00:00Z,144.36800000000005,2,0.08040201005025778,1.9195979899497422,false,1,,,false
V2,USD/JPY_2025-07-01,USD/JPY,1h,demand,2025-06-16T13:00:00Z,144.098007,144.112,143.76801,143.808,143.94000499999999,144.112,143.94000499999999,143.76801,144.28399499999995,0.17199499999998125,2025-06-30T04:00:00Z,2025-06-30T04:52:00Z,,TARGET,,,HTF_UNAMBIGUOUS,2025-06-30T10:00:00Z,,2025-06-30T10:00:00Z,144.28399499999995,2,0.09302596005698854,1.9069740399430115,false,1,,,false
V2,USD/JPY_2025-07-01,USD/JPY,1h,demand,2025-06-13T05:00:00Z,143.649,143.873,143.505,143.53799,143.689,143.873,143.689,143.505,144.057,0.1839999999999975,2025-07-01T00:00:00Z,2025-07-01T00:02:00Z,,OPEN_AT_DATA_END,,,DATA_END,,,,,,0.08695652173913161,,false,2,,,true
V2,USD/JPY_2025-11-01,USD/JPY,1h,supply,2025-09-16T15:00:00Z,146.521,146.68201,146.494,146.55299,146.494,146.588005,146.588005,146.68201,146.39999500000005,0.09400499999998146,2025-09-17T01:00:00Z,2025-09-17T01:33:00Z,,TARGET,,,HTF_UNAMBIGUOUS,2025-09-17T05:04:00Z,,2025-09-17T05:00:00Z,146.39999500000005,2,0.17020371256851397,1.8297962874314861,false,1,,,false
V2,USD/JPY_2025-11-01,USD/JPY,1h,supply,2025-09-16T15:00:00Z,146.521,146.68201,146.494,146.55299,146.494,146.588005,146.588005,146.68201,146.39999500000005,0.09400499999998146,2025-09-17T07:00:00Z,2025-09-17T07:11:00Z,,TARGET,,,HTF_UNAMBIGUOUS,2025-09-17T08:50:00Z,,2025-09-17T08:00:00Z,146.39999500000005,2,0.17020371256851397,1.8297962874314861,false,1,,,false
V2,USD/JPY_2025-11-01,USD/JPY,1h,supply,2025-09-16T15:00:00Z,146.521,146.68201,146.494,146.55299,146.494,146.588005,146.588005,146.68201,146.39999500000005,0.09400499999998146,2025-09-17T18:00:00Z,2025-09-17T18:42:00Z,,S2_CLOSE,,,ONE_MINUTE_RESOLVED,,2025-09-17T18:00:00Z,2025-09-17T18:00:00Z,146.711,-1.308387851710306,0.17020371256851397,-1.4785915642788199,true,1,TOUCH_BAR_CLOSED_BEYOND_S2,,false
V2,USD/JPY_2025-11-01,USD/JPY,4h,supply,2025-09-16T09:00:00Z,146.993,147.256,146.86,147.098007,146.86,147.058,147.058,147.256,146.66199999999998,0.1980000000000075,2025-09-18T01:00:00Z,2025-09-18T01:09:00Z,,S2_CLOSE,,,HTF_UNAMBIGUOUS,,2025-09-18T05:00:00Z,2025-09-18T05:00:00Z,147.42999,-1.8787373737373576,0.08080808080807775,-1.9595454545454354,false,1,,,false
V2,USD/JPY_2025-11-01,USD/JPY,1h,supply,2025-09-16T00:00:00Z,147.399,147.502,147.34399,147.437,147.34399,147.42299500000001,147.42299500000001,147.502,147.26498500000002,0.0790049999999951,2025-09-18T09:00:00Z,2025-09-18T09:00:00Z,,TARGET,,,ONE_MINUTE_RESOLVED,2025-09-18T09:14:00Z,,2025-09-18T09:00:00Z,147.26498500000002,2,0.20251882792229595,1.797481172077704,false,1,,,false
V2,USD/JPY_2025-11-01,USD/JPY,1h,supply,2025-09-16T00:00:00Z,147.399,147.502,147.34399,147.437,147.34399,147.42299500000001,147.42299500000001,147.502,147.26498500000002,0.0790049999999951,2025-09-18T11:00:00Z,2025-09-18T11:49:00Z,,S2_CLOSE,,,HTF_UNAMBIGUOUS,,2025-09-18T12:00:00Z,2025-09-18T12:00:00Z,147.784,-4.569394342130241,0.20251882792229595,-4.771913170052537,false,1,,,false
V2,USD/JPY_2025-11-01,USD/JPY,1h,supply,2025-09-08T03:00:00Z,148.074997,148.22301,148.0090027,148.19701,148.0090027,148.11600635,148.11600635,148.22301,147.90199905,0.10700364999999579,2025-09-18T13:00:00Z,2025-09-18T13:38:00Z,,TARGET,,,HTF_UNAMBIGUOUS,2025-09-18T14:49:00Z,,2025-09-18T14:00:00Z,147.90199905,2,0.14952760957220274,1.8504723904277973,false,4,,,false
V2,USD/JPY_2025-11-01,USD/JPY,1h,supply,2025-09-12T12:00:00Z,147.83501,148.072006,147.802,147.84399,147.802,147.937003,147.937003,148.072006,147.66699700000004,0.13500299999998333,2025-09-18T19:00:00Z,2025-09-18T19:58:00Z,,TARGET,,,HTF_UNAMBIGUOUS,2025-09-19T03:47:00Z,,2025-09-19T03:00:00Z,147.66699700000004,2,0.11851588483220354,1.8814841151677966,false,1,,,false
V2,USD/JPY_2025-11-01,USD/JPY,1h,supply,2025-09-12T12:00:00Z,147.83501,148.072006,147.802,147.84399,147.802,147.937003,147.937003,148.072006,147.66699700000004,0.13500299999998333,2025-09-19T06:00:00Z,2025-09-19T06:50:00Z,,TARGET,,,HTF_UNAMBIGUOUS,2025-09-19T07:37:00Z,,2025-09-19T07:00:00Z,147.66699700000004,2,0.11851588483220354,1.8814841151677966,false,1,,,false
V2,USD/JPY_2025-11-01,USD/JPY,1h,supply,2025-09-12T12:00:00Z,147.83501,148.072006,147.802,147.84399,147.802,147.937003,147.937003,148.072006,147.66699700000004,0.13500299999998333,2025-09-19T10:00:00Z,2025-09-19T10:00:00Z,,S2_CLOSE,,,HTF_UNAMBIGUOUS,,2025-09-19T11:00:00Z,2025-09-19T11:00:00Z,148.164,-1.681421894328356,0.11851588483220354,-1.7999377791605595,false,1,,,false
V2,USD/JPY_2025-11-01,USD/JPY,1h,supply,2025-09-08T03:00:00Z,148.074997,148.22301,148.0090027,148.19701,148.0090027,148.11600635,148.11600635,148.22301,147.90199905,0.10700364999999579,2025-09-19T13:00:00Z,2025-09-19T13:00:00Z,,TARGET,,,ONE_MINUTE_RESOLVED,2025-09-19T13:17:00Z,,2025-09-19T13:00:00Z,147.90199905,2,0.14952760957220274,1.8504723904277973,false,3,,,false
V2,USD/JPY_2025-11-01,USD/JPY,1h,demand,2025-09-19T08:00:00Z,147.929,148.033005,147.806,147.854,147.91950250000002,148.033005,147.91950250000002,147.806,148.14650750000004,0.11350250000000983,2025-09-19T15:00:00Z,2025-09-19T15:00:00Z,,TARGET,,,HTF_UNAMBIGUOUS,2025-09-22T00:02:00Z,,2025-09-22T00:00:00Z,148.14650750000004,2,0.14096605801633105,1.859033941983669,false,1,,,false
V2,USD/JPY_2025-11-01,USD/JPY,1h,supply,2025-09-08T03:00:00Z,148.074997,148.22301,148.0090027,148.19701,148.0090027,148.11600635,148.11600635,148.22301,147.90199905,0.10700364999999579,2025-09-22T01:00:00Z,2025-09-22T01:00:00Z,,S2_CLOSE,,,HTF_UNAMBIGUOUS,,2025-09-22T02:00:00Z,2025-09-22T02:00:00Z,148.342,-2.1120181414375088,0.14952760957220274,-2.2615457510097117,false,2,,,false
V2,USD/JPY_2025-11-01,USD/JPY,4h,demand,2025-09-19T13:00:00Z,148.15199,148.159,147.785,147.84399,147.97199999999998,148.159,147.97199999999998,147.785,148.34599999999995,0.1869999999999834,2025-09-22T05:00:00Z,2025-09-22T07:25:00Z,,S2_CLOSE,,,HTF_UNAMBIGUOUS,,2025-09-22T13:00:00Z,2025-09-22T13:00:00Z,147.741,-1.2352941176469874,0.08556149732621081,-1.3208556149731983,false,1,,,false
V2,USD/JPY_2025-11-01,USD/JPY,1h,supply,2025-09-23T02:00:00Z,147.62,147.814,147.601,147.78799,147.601,147.70749999999998,147.70749999999998,147.814,147.49449999999996,0.10650000000001114,2025-09-23T13:00:00Z,2025-09-23T13:00:00Z,,S2_CLOSE,,,HTF_UNAMBIGUOUS,,2025-09-23T15:00:00Z,2025-09-23T15:00:00Z,147.83501,-1.1972769953053144,0.15023474178402185,-1.3475117370893361,false,1,,,false
V2,USD/JPY_2025-11-01,USD/JPY,1h,demand,2025-09-19T05:00:00Z,147.517,147.582,147.411,147.508,147.4965,147.582,147.4965,147.411,147.6675,0.08549999999999613,2025-09-23T17:00:00Z,2025-09-23T17:51:00Z,,TARGET,,,HTF_UNAMBIGUOUS,2025-09-23T20:32:00Z,,2025-09-23T20:00:00Z,147.6675,2,0.18713450292398506,1.812865497076015,false,1,,,false
V2,USD/JPY_2025-11-01,USD/JPY,4h,supply,2025-09-02T09:00:00Z,148.435,148.94501,148.367,148.82401,148.367,148.656005,148.656005,148.94501,148.077995,0.28900500000000306,2025-09-24T09:00:00Z,2025-09-24T12:48:00Z,,S2_CLOSE,,,HTF_UNAMBIGUOUS,,2025-09-25T09:00:00Z,2025-09-25T09:00:00Z,149.242,-2.0276292797702142,0.05536236397294106,-2.0829916437431555,false,3,,,false
V2,USD/JPY_2025-11-01,USD/JPY,1h,demand,2025-09-25T00:00:00Z,148.778,148.79201,148.55701,148.569,148.67451,148.79201,148.67451,148.55701,148.90951,0.11750000000000682,2025-09-29T07:00:00Z,2025-09-29T07:14:00Z,,S2_CLOSE,,,HTF_UNAMBIGUOUS,,2025-09-29T08:00:00Z,2025-09-29T08:00:00Z,148.522,-1.2979574468084913,0.13617021276594954,-1.434127659574441,false,2,,,false
V2,USD/JPY_2025-11-01,USD/JPY,1h,supply,2025-09-29T06:00:00Z,148.77299,148.853,148.705,148.817,148.705,148.779,148.779,148.853,148.63099999999997,0.07400000000001228,2025-09-29T11:00:00Z,2025-09-29T11:27:00Z,,TARGET,,,ONE_MINUTE_RESOLVED,2025-09-29T11:58:00Z,,2025-09-29T11:00:00Z,148.63099999999997,2,0.21621621621618034,1.7837837837838197,false,1,,,false
V2,USD/JPY_2025-11-01,USD/JPY,1h,supply,2025-09-29T06:00:00Z,148.77299,148.853,148.705,148.817,148.705,148.779,148.779,148.853,148.63099999999997,0.07400000000001228,2025-09-30T00:00:00Z,2025-09-30T00:50:00Z,,TARGET,,,HTF_UNAMBIGUOUS,2025-09-30T01:29:00Z,,2025-09-30T01:00:00Z,148.63099999999997,2,0.21621621621618034,1.7837837837838197,false,1,,,false
V2,USD/JPY_2025-11-01,USD/JPY,1h,supply,2025-09-29T06:00:00Z,148.77299,148.853,148.705,148.817,148.705,148.779,148.779,148.853,148.63099999999997,0.07400000000001228,2025-09-30T02:00:00Z,2025-09-30T02:01:00Z,,TARGET,,,ONE_MINUTE_RESOLVED,2025-09-30T02:31:00Z,,2025-09-30T02:00:00Z,148.63099999999997,2,0.21621621621618034,1.7837837837838197,false,1,,,false
V2,USD/JPY_2025-11-01,USD/JPY,1h,demand,2025-09-24T07:00:00Z,148.052994,148.10001,147.99899,148.039001,148.0495,148.10001,148.0495,147.99899,148.15052,0.05051000000000272,2025-09-30T06:00:00Z,2025-09-30T06:51:00Z,,TARGET,,,HTF_UNAMBIGUOUS,2025-09-30T07:41:00Z,,2025-09-30T07:00:00Z,148.15052,2,0.31676895664223204,1.683231043357768,false,1,,,false
V2,USD/JPY_2025-11-01,USD/JPY,1h,demand,2025-09-24T07:00:00Z,148.052994,148.10001,147.99899,148.039001,148.0495,148.10001,148.0495,147.99899,148.15052,0.05051000000000272,2025-09-30T08:00:00Z,2025-09-30T08:00:00Z,,S2_CLOSE,,,ONE_MINUTE_RESOLVED,,2025-09-30T08:00:00Z,2025-09-30T08:00:00Z,147.853,-3.8903187487621373,0.31676895664223204,-4.207087705404369,true,1,TOUCH_BAR_CLOSED_BEYOND_S2,,false
V2,USD/JPY_2025-11-01,USD/JPY,1h,demand,2025-09-24T05:00:00Z,147.895,147.94,147.80499,147.871,147.87249500000001,147.94,147.87249500000001,147.80499,148.00750500000004,0.06750500000001125,2025-09-30T09:00:00Z,2025-09-30T09:00:00Z,,TARGET,,,HTF_UNAMBIGUOUS,2025-09-30T10:48:00Z,,2025-09-30T10:00:00Z,148.00750500000004,2,0.23701948003847617,1.7629805199615238,false,1,,,false
V2,USD/JPY_2025-11-01,USD/JPY,4h,demand,2025-09-23T05:00:00Z,147.79401,147.84,147.53101,147.564,147.685505,147.84,147.685505,147.53101,147.994495,0.15449499999999716,2025-09-30T13:00:00Z,2025-09-30T14:57:00Z,,TARGET,,,ONE_MINUTE_RESOLVED,2025-09-30T15:31:00Z,,2025-09-30T13:00:00Z,147.994495,2,0.10356322211074982,1.8964367778892501,false,2,,,false
V2,USD/JPY_2025-11-01,USD/JPY,4h,demand,2025-09-23T17:00:00Z,147.767,147.774,147.45599,147.605,147.61499500000002,147.774,147.61499500000002,147.45599,147.93300500000004,0.1590050000000076,2025-10-01T01:00:00Z,2025-10-01T04:52:00Z,,S2_CLOSE,,,HTF_UNAMBIGUOUS,,2025-10-01T05:00:00Z,2025-10-01T05:00:00Z,147.149,-2.930694003333219,0.10062576648532584,-3.031319769818545,false,1,,,false
V2,USD/JPY_2025-11-01,USD/JPY,1h,demand,2025-09-17T22:00:00Z,146.91901,146.983,146.78799,146.838,146.885495,146.983,146.885495,146.78799,147.08050499999996,0.09750499999998397,2025-10-01T12:00:00Z,2025-10-01T12:15:00Z,,AMBIGUOUS,CLOSED_AT_TARGET,S2_CLOSE,HTF_UNAMBIGUOUS,,2025-10-01T13:00:00Z,2025-10-01T13:00:00Z,146.715,-1.748576996051652,0.16409414901802608,,false,1,,,true
V2,USD/JPY_2025-11-01,USD/JPY,1h,supply,2025-10-01T09:00:00Z,147.144,147.22701,147.065002,147.203,147.065002,147.146006,147.146006,147.22701,146.98399799999999,0.08100400000000718,2025-10-01T15:00:00Z,2025-10-01T15:17:00Z,,TARGET,,,HTF_UNAMBIGUOUS,2025-10-02T01:38:00Z,,2025-10-02T01:00:00Z,146.98399799999999,2,0.19752111006862108,1.8024788899313788,false,1,,,false
V2,USD/JPY_2025-11-01,USD/JPY,1h,supply,2025-10-01T09:00:00Z,147.144,147.22701,147.065002,147.203,147.065002,147.146006,147.146006,147.22701,146.98399799999999,0.08100400000000718,2025-10-02T02:00:00Z,2025-10-02T02:46:00Z,,TARGET,,,HTF_UNAMBIGUOUS,2025-10-02T06:37:00Z,,2025-10-02T06:00:00Z,146.98399799999999,2,0.19752111006862108,1.8024788899313788,false,1,,,false
V2,USD/JPY_2025-11-01,USD/JPY,1h,supply,2025-10-01T09:00:00Z,147.144,147.22701,147.065002,147.203,147.065002,147.146006,147.146006,147.22701,146.98399799999999,0.08100400000000718,2025-10-02T12:00:00Z,2025-10-02T12:49:00Z,,S2_CLOSE,,,HTF_UNAMBIGUOUS,,2025-10-02T14:00:00Z,2025-10-02T14:00:00Z,147.32899,-2.258950175299843,0.19752111006862108,-2.456471285368464,false,2,,,false
V2,USD/JPY_2025-11-01,USD/JPY,4h,supply,2025-09-25T13:00:00Z,149.237,149.866,149.132,149.806,149.132,149.49900000000002,149.49900000000002,149.866,148.76500000000004,0.3669999999999902,2025-10-05T20:00:00Z,2025-10-05T23:37:00Z,,S2_CLOSE,,,HTF_UNAMBIGUOUS,,2025-10-06T00:00:00Z,2025-10-06T00:00:00Z,150.057007,-1.520455040871907,0.04359673024523277,-1.5640517711171398,false,2,,,false
V2,USD/JPY_2025-11-01,USD/JPY,4h,supply,2025-07-31T21:00:00Z,150.72099,150.894,150.59,150.737,150.59,150.74200000000002,150.74200000000002,150.894,150.43800000000005,0.1519999999999868,2025-10-07T08:00:00Z,2025-10-07T08:39:00Z,,S2_CLOSE,,,HTF_UNAMBIGUOUS,,2025-10-07T12:00:00Z,2025-10-07T12:00:00Z,151.175,-2.848684210526515,0.10526315789474598,-2.953947368421261,false,2,,,false
V2,USD/JPY_2025-11-01,USD/JPY,1h,demand,2025-10-08T12:00:00Z,152.687,152.74699,152.43201,152.502,152.5895,152.74699,152.5895,152.43201,152.90447999999998,0.1574899999999957,2025-10-08T21:00:00Z,2025-10-08T21:06:00Z,,TARGET,,,HTF_UNAMBIGUOUS,2025-10-09T06:14:00Z,,2025-10-09T06:00:00Z,152.90447999999998,2,0.10159375198425576,1.8984062480157442,false,1,,,false
V2,USD/JPY_2025-11-01,USD/JPY,1h,demand,2025-10-08T04:00:00Z,152.407,152.493,152.304,152.36301,152.3985,152.493,152.3985,152.304,152.58750000000003,0.09450000000001069,2025-10-09T13:00:00Z,2025-10-09T13:07:00Z,,AMBIGUOUS,CLOSED_AT_TARGET,TARGET,HTF_UNAMBIGUOUS,2025-10-09T14:00:00Z,,2025-10-09T14:00:00Z,152.58750000000003,2,0.16931216931215018,,false,6,,,true
V2,USD/JPY_2025-11-01,USD/JPY,1h,demand,2025-10-08T04:00:00Z,152.407,152.493,152.304,152.36301,152.3985,152.493,152.3985,152.304,152.58750000000003,0.09450000000001069,2025-10-10T06:00:00Z,2025-10-10T06:37:00Z,,TARGET,,,ONE_MINUTE_RESOLVED,2025-10-10T06:38:00Z,,2025-10-10T06:00:00Z,152.58750000000003,2,0.16931216931215018,1.8306878306878498,false,5,,,false
V2,USD/JPY_2025-11-01,USD/JPY,1h,demand,2025-10-08T12:00:00Z,152.687,152.74699,152.43201,152.502,152.5895,152.74699,152.5895,152.43201,152.90447999999998,0.1574899999999957,2025-10-10T07:00:00Z,2025-10-10T07:00:00Z,,TARGET,,,ONE_MINUTE_RESOLVED,2025-10-10T07:26:00Z,,2025-10-10T07:00:00Z,152.90447999999998,2,0.10159375198425576,1.8984062480157442,false,3,,,false
V2,USD/JPY_2025-11-01,USD/JPY,1h,demand,2025-10-08T12:00:00Z,152.687,152.74699,152.43201,152.502,152.5895,152.74699,152.5895,152.43201,152.90447999999998,0.1574899999999957,2025-10-10T11:00:00Z,2025-10-10T11:41:00Z,,S2_CLOSE,,,HTF_UNAMBIGUOUS,,2025-10-10T15:00:00Z,2025-10-10T15:00:00Z,151.942,-4.11137215061272,0.10159375198425576,-4.2129659025969755,false,4,,,false
V2,USD/JPY_2025-11-01,USD/JPY,1h,demand,2025-10-07T21:00:00Z,151.89101,151.951,151.82001,151.87199,151.885505,151.951,151.885505,151.82001,152.016495,0.06549499999999853,2025-10-10T17:00:00Z,2025-10-10T17:00:00Z,,S2_CLOSE,,,HTF_UNAMBIGUOUS,,2025-10-10T18:00:00Z,2025-10-10T18:00:00Z,151.717,-2.572791816168955,0.2442934575158464,-2.8170852736848015,false,1,,,false
V2,USD/JPY_2025-11-01,USD/JPY,1h,supply,2025-10-10T13:00:00Z,152.55299,152.692,152.52499,152.644,152.52499,152.608495,152.608495,152.692,152.441485,0.08350500000000238,2025-10-14T00:00:00Z,2025-10-14T00:33:00Z,,TARGET,,,ONE_MINUTE_RESOLVED,2025-10-14T00:56:00Z,,2025-10-14T00:00:00Z,152.441485,2,0.19160529309621632,1.8083947069037838,false,1,,,false
V2,USD/JPY_2025-11-01,USD/JPY,1h,demand,2025-10-13T13:00:00Z,152.209,152.265,152.098999,152.183,152.1819995,152.265,152.1819995,152.098999,152.34800049999998,0.08300049999999715,2025-10-14T03:00:00Z,2025-10-14T03:39:00Z,,S2_CLOSE,,,HTF_UNAMBIGUOUS,,2025-10-14T04:00:00Z,2025-10-14T04:00:00Z,151.855,-3.9397292787394136,0.1927699230727592,-4.1324992018121725,false,3,,,false
V2,USD/JPY_2025-11-01,USD/JPY,4h,demand,2025-10-10T20:00:00Z,151.591,151.728,151.119,151.119,151.4235,151.728,151.4235,151.119,152.03249999999997,0.3044999999999902,2025-10-15T00:00:00Z,2025-10-15T01:09:00Z,,S2_CLOSE,,,HTF_UNAMBIGUOUS,,2025-10-15T20:00:00Z,2025-10-15T20:00:00Z,150.983,-1.446633825944171,0.05254515599343355,-1.4991789819376045,false,1,,,false
V2,USD/JPY_2025-11-01,USD/JPY,1h,demand,2025-10-07T07:00:00Z,150.62,150.711,150.532,150.619,150.62150000000003,150.711,150.62150000000003,150.532,150.80050000000006,0.08950000000001523,2025-10-16T02:00:00Z,2025-10-16T02:00:00Z,,TARGET,,,HTF_UNAMBIGUOUS,2025-10-16T03:00:00Z,,2025-10-16T03:00:00Z,150.80050000000006,2,0.17877094972063998,1.82122905027936,false,1,,,false
V2,USD/JPY_2025-11-01,USD/JPY,1h,supply,2025-10-15T21:00:00Z,151.033997,151.202,150.99899,151.054993,150.99899,151.100495,151.100495,151.202,150.897485,0.10150500000000306,2025-10-16T04:00:00Z,2025-10-16T04:49:00Z,,S2_CLOSE,,,HTF_UNAMBIGUOUS,,2025-10-16T07:00:00Z,2025-10-16T07:00:00Z,151.23399,-1.3151568888232752,0.15762770306880958,-1.4727845918920848,false,1,,,false
V2,USD/JPY_2025-11-01,USD/JPY,1h,demand,2025-10-07T03:00:00Z,150.526,150.534,150.355,150.36099,150.4445,150.534,150.4445,150.355,150.62350000000004,0.08950000000001523,2025-10-16T16:00:00Z,2025-10-16T16:32:00Z,,S2_CLOSE,,,HTF_UNAMBIGUOUS,,2025-10-16T17:00:00Z,2025-10-16T17:00:00Z,150.32899,-1.29061452513945,0.17877094972063998,-1.46938547486009,false,2,,,false
V2,USD/JPY_2025-11-01,USD/JPY,4h,demand,2025-10-06T04:00:00Z,150.057007,150.436,149.84,150.024994,150.138,150.436,150.138,149.84,150.734,0.2980000000000018,2025-10-17T00:00:00Z,2025-10-17T00:00:00Z,,S2_CLOSE,,,HTF_UNAMBIGUOUS,,2025-10-17T04:00:00Z,2025-10-17T04:00:00Z,149.702,-1.4630872483221624,0.05369127516778491,-1.5167785234899474,false,2,,,false
V2,USD/JPY_2025-11-01,USD/JPY,1h,supply,2025-10-16T20:00:00Z,150.397,150.45,150.34,150.41901,150.34,150.39499999999998,150.39499999999998,150.45,150.28499999999997,0.05500000000000682,2025-10-17T12:00:00Z,2025-10-17T12:06:00Z,,TARGET,,,HTF_UNAMBIGUOUS,2025-10-17T13:15:00Z,,2025-10-17T13:00:00Z,150.28499999999997,2,0.2909090909090548,1.7090909090909452,false,1,,,false
V2,USD/JPY_2025-11-01,USD/JPY,1h,supply,2025-10-16T20:00:00Z,150.397,150.45,150.34,150.41901,150.34,150.39499999999998,150.39499999999998,150.45,150.28499999999997,0.05500000000000682,2025-10-17T14:00:00Z,2025-10-17T14:01:00Z,,TARGET,,,HTF_UNAMBIGUOUS,2025-10-17T15:21:00Z,,2025-10-17T15:00:00Z,150.28499999999997,2,0.2909090909090548,1.7090909090909452,false,1,,,false
V2,USD/JPY_2025-11-01,USD/JPY,1h,supply,2025-10-16T20:00:00Z,150.397,150.45,150.34,150.41901,150.34,150.39499999999998,150.39499999999998,150.45,150.28499999999997,0.05500000000000682,2025-10-17T16:00:00Z,2025-10-17T16:02:00Z,,S2_CLOSE,,,HTF_UNAMBIGUOUS,,2025-10-17T17:00:00Z,2025-10-17T17:00:00Z,150.468,-1.3272727272726992,0.2909090909090548,-1.618181818181754,false,1,,,false
V2,USD/JPY_2025-11-01,USD/JPY,1h,supply,2025-10-16T07:00:00Z,151.198,151.382,150.936,151.23399,150.936,151.159,151.159,151.382,150.71299999999997,0.2230000000000132,2025-10-20T01:00:00Z,2025-10-20T01:20:00Z,,TARGET,,,HTF_UNAMBIGUOUS,2025-10-20T03:52:00Z,,2025-10-20T03:00:00Z,150.71299999999997,2,0.07174887892376257,1.9282511210762374,false,3,,,false
V2,USD/JPY_2025-11-01,USD/JPY,1h,demand,2025-10-20T08:00:00Z,150.737,150.79601,150.571,150.57899,150.683505,150.79601,150.683505,150.571,150.908515,0.11250499999999874,2025-10-20T18:00:00Z,2025-10-20T18:57:00Z,,TARGET,,,HTF_UNAMBIGUOUS,2025-10-21T01:46:00Z,,2025-10-21T01:00:00Z,150.908515,2,0.1422159015154898,1.8577840984845102,false,1,,,false
V2,USD/JPY_2025-11-01,USD/JPY,4h,supply,2025-10-15T08:00:00Z,151.246,151.511,151.12,151.49899,151.12,151.3155,151.3155,151.511,150.92449999999997,0.19550000000000978,2025-10-21T08:00:00Z,2025-10-21T08:26:00Z,,S2_CLOSE,,,ONE_MINUTE_RESOLVED,,2025-10-21T08:00:00Z,2025-10-21T08:00:00Z,151.944,-3.2148337595906447,0.08184143222505985,-3.2966751918157047,true,3,TOUCH_BAR_CLOSED_BEYOND_S2,,false
V2,USD/JPY_2025-11-01,USD/JPY,1h,supply,2025-10-22T13:00:00Z,151.925,152.044998,151.864,151.967,151.864,151.954499,151.954499,152.044998,151.773501,0.09049899999999411,2025-10-22T20:00:00Z,2025-10-22T20:00:00Z,,S2_CLOSE,,,HTF_UNAMBIGUOUS,,2025-10-23T00:00:00Z,2025-10-23T00:00:00Z,152.13699,-2.0164974198611114,0.17679753367441675,-2.193294953535528,false,1,,,false
V2,USD/JPY_2025-11-01,USD/JPY,1h,supply,2025-10-10T13:00:00Z,152.55299,152.692,152.52499,152.644,152.52499,152.608495,152.608495,152.692,152.441485,0.08350500000000238,2025-10-23T06:00:00Z,2025-10-23T06:58:00Z,,TARGET,,,HTF_UNAMBIGUOUS,2025-10-23T07:18:00Z,,2025-10-23T07:00:00Z,152.441485,2,0.19160529309621632,1.8083947069037838,false,1,,,false
V2,USD/JPY_2025-11-01,USD/JPY,1h,supply,2025-10-10T13:00:00Z,152.55299,152.692,152.52499,152.644,152.52499,152.608495,152.608495,152.692,152.441485,0.08350500000000238,2025-10-23T08:00:00Z,2025-10-23T08:44:00Z,,S2_CLOSE,,,HTF_UNAMBIGUOUS,,2025-10-23T10:00:00Z,2025-10-23T10:00:00Z,152.759,-1.8023471648401526,0.19160529309621632,-1.993952457936369,false,1,,,false
V2,USD/JPY_2025-11-01,USD/JPY,1h,supply,2025-10-10T05:00:00Z,152.745,152.849,152.681,152.825,152.681,152.765,152.765,152.849,152.59699999999998,0.08400000000000318,2025-10-23T16:00:00Z,2025-10-23T16:10:00Z,,TARGET,,,HTF_UNAMBIGUOUS,2025-10-23T18:02:00Z,,2025-10-23T18:00:00Z,152.59699999999998,2,0.19047619047618325,1.8095238095238169,false,1,,,false
V2,USD/JPY_2025-11-01,USD/JPY,1h,supply,2025-10-09T07:00:00Z,152.979,153.217,152.849,153.063995,152.849,153.03300000000002,153.03300000000002,153.217,152.66500000000002,0.1839999999999975,2025-10-24T05:00:00Z,2025-10-24T05:29:00Z,,TARGET,,,HTF_UNAMBIGUOUS,2025-10-24T12:30:00Z,,2025-10-24T12:00:00Z,152.66500000000002,2,0.08695652173913161,1.9130434782608683,false,2,,,false
V2,USD/JPY_2025-11-01,USD/JPY,1h,supply,2025-10-10T01:00:00Z,152.95,153.048996,152.83501,153.016006,152.83501,152.942003,152.942003,153.048996,152.72801700000002,0.10699299999998857,2025-10-27T00:00:00Z,2025-10-27T00:00:00Z,,TARGET,,,HTF_UNAMBIGUOUS,2025-10-27T01:13:00Z,,2025-10-27T01:00:00Z,152.72801700000002,2,0.14954249343416587,1.8504575065658342,false,1,,,false
V2,USD/JPY_2025-11-01,USD/JPY,1h,supply,2025-10-10T01:00:00Z,152.95,153.048996,152.83501,153.016006,152.83501,152.942003,152.942003,153.048996,152.72801700000002,0.10699299999998857,2025-10-27T02:00:00Z,2025-10-27T02:08:00Z,,S2_CLOSE,,,HTF_UNAMBIGUOUS,,2025-10-27T04:00:00Z,2025-10-27T04:00:00Z,153.13,-1.7570962586338903,0.14954249343416587,-1.906638752068056,false,1,,,false
V2,USD/JPY_2025-11-01,USD/JPY,1h,supply,2025-10-09T07:00:00Z,152.979,153.217,152.849,153.063995,152.849,153.03300000000002,153.03300000000002,153.217,152.66500000000002,0.1839999999999975,2025-10-27T06:00:00Z,2025-10-27T06:00:00Z,,TARGET,,,HTF_UNAMBIGUOUS,2025-10-27T11:23:00Z,,2025-10-27T11:00:00Z,152.66500000000002,2,0.08695652173913161,1.9130434782608683,false,3,,,false
V2,USD/JPY_2025-11-01,USD/JPY,1h,supply,2025-10-09T07:00:00Z,152.979,153.217,152.849,153.063995,152.849,153.03300000000002,153.03300000000002,153.217,152.66500000000002,0.1839999999999975,2025-10-27T14:00:00Z,2025-10-27T14:00:00Z,,TARGET,,,HTF_UNAMBIGUOUS,2025-10-27T23:45:00Z,,2025-10-27T23:00:00Z,152.66500000000002,2,0.08695652173913161,1.9130434782608683,false,1,,,false
V2,USD/JPY_2025-11-01,USD/JPY,1h,demand,2025-10-23T21:00:00Z,152.562,152.59599,152.498,152.543,152.54699499999998,152.59599,152.54699499999998,152.498,152.64498499999996,0.048994999999990796,2025-10-28T00:00:00Z,2025-10-28T00:14:00Z,,S2_CLOSE,,,ONE_MINUTE_RESOLVED,,2025-10-28T00:00:00Z,2025-10-28T00:00:00Z,152.493,-1.1020512297172445,0.32656393509547926,-1.4286151648127237,true,2,TOUCH_BAR_CLOSED_BEYOND_S2,,false
V2,USD/JPY_2025-11-01,USD/JPY,4h,demand,2025-10-21T12:00:00Z,151.94501,152.174,151.44901,151.722,151.811505,152.174,151.811505,151.44901,152.53649500000006,0.362495000000024,2025-10-29T00:00:00Z,2025-10-29T00:00:00Z,,TARGET,,,HTF_UNAMBIGUOUS,2025-10-29T05:40:00Z,,2025-10-29T04:00:00Z,152.53649500000006,2,0.044138539841925936,1.9558614601580742,false,1,,,false
V2,USD/JPY_2025-11-01,USD/JPY,1h,supply,2025-10-09T07:00:00Z,152.979,153.217,152.849,153.063995,152.849,153.03300000000002,153.03300000000002,153.217,152.66500000000002,0.1839999999999975,2025-10-29T18:00:00Z,2025-10-29T18:40:00Z,,TARGET,,,HTF_UNAMBIGUOUS,2025-10-29T20:35:00Z,,2025-10-29T20:00:00Z,152.66500000000002,2,0.08695652173913161,1.9130434782608683,false,4,,,false
V2,USD/JPY_2025-11-01,USD/JPY,1h,supply,2025-10-09T07:00:00Z,152.979,153.217,152.849,153.063995,152.849,153.03300000000002,153.03300000000002,153.217,152.66500000000002,0.1839999999999975,2025-10-30T03:00:00Z,2025-10-30T03:32:00Z,,TARGET,,,HTF_UNAMBIGUOUS,2025-10-30T04:11:00Z,,2025-10-30T04:00:00Z,152.66500000000002,2,0.08695652173913161,1.9130434782608683,false,5,,,false
V2,USD/JPY_2025-11-01,USD/JPY,1h,supply,2025-10-09T07:00:00Z,152.979,153.217,152.849,153.063995,152.849,153.03300000000002,153.03300000000002,153.217,152.66500000000002,0.1839999999999975,2025-10-30T05:00:00Z,2025-10-30T05:58:00Z,,S2_CLOSE,,,HTF_UNAMBIGUOUS,,2025-10-30T06:00:00Z,2025-10-30T06:00:00Z,153.332,-1.6249999999999034,0.08695652173913161,-1.7119565217390351,false,3,,,false
V2,USD/JPY_2025-11-01,USD/JPY,1h,demand,2025-10-31T05:00:00Z,153.931,154.054993,153.826,153.911,153.9404965,154.054993,153.9404965,153.826,154.1694895,0.11449650000000133,2025-10-31T15:00:00Z,2025-10-31T15:00:00Z,,TARGET,,,HTF_UNAMBIGUOUS,2025-10-31T16:25:00Z,,2025-10-31T16:00:00Z,154.1694895,2,0.1397422628639287,1.8602577371360713,false,1,,,false
V2,USD/JPY_2025-11-01,USD/JPY,1h,demand,2025-10-31T05:00:00Z,153.931,154.054993,153.826,153.911,153.9404965,154.054993,153.9404965,153.826,154.1694895,0.11449650000000133,2025-10-31T20:00:00Z,2025-10-31T20:57:00Z,,OPEN_AT_DATA_END,,,DATA_END,,,,,,0.1397422628639287,,false,1,,,true
V2_STRICT,EUR/USD_2022-07-01,EUR/USD,1h,demand,2022-03-16T22:00:00Z,1.1033,1.10345,1.1009,1.1021,1.102175,1.10345,1.102175,1.1009,1.1047249999999997,0.001274999999999915,2022-03-17T05:00:00Z,2022-03-17T05:37:00Z,,TARGET,,,HTF_UNAMBIGUOUS,2022-03-17T08:02:00Z,,2022-03-17T08:00:00Z,1.1047249999999997,2,0.12549019607843975,1.8745098039215602,false,1,,,false
V2_STRICT,EUR/USD_2022-07-01,EUR/USD,1h,supply,2022-03-10T12:00:00Z,1.104,1.11205,1.1034,1.1097,1.1034,1.1077249999999998,1.1077249999999998,1.11205,1.0990749999999996,0.004325000000000134,2022-03-17T14:00:00Z,2022-03-17T14:14:00Z,,S2_CLOSE,,,HTF_UNAMBIGUOUS,,2022-03-17T16:00:00Z,2022-03-17T16:00:00Z,1.1131,-1.2427745664739798,0.03699421965317805,-1.2797687861271578,false,1,,,false
V2_STRICT,EUR/USD_2022-07-01,EUR/USD,1h,supply,2022-03-01T20:00:00Z,1.1123,1.1133,1.1116,1.1133,1.1116,1.11245,1.11245,1.1133,1.11075,0.0008500000000000174,2022-03-17T18:00:00Z,2022-03-17T18:02:00Z,,TARGET,,,ONE_MINUTE_RESOLVED,2022-03-17T18:29:00Z,,2022-03-17T18:00:00Z,1.11075,2,0.18823529411764323,1.8117647058823567,false,4,,,false
V2_STRICT,EUR/USD_2022-07-01,EUR/USD,1h,supply,2022-03-02T16:00:00Z,1.1068,1.1145,1.1064,1.1103,1.1064,1.1104500000000002,1.1104500000000002,1.1145,1.1023500000000004,0.004049999999999887,2022-03-18T00:00:00Z,2022-03-18T00:03:00Z,,TARGET,,,HTF_UNAMBIGUOUS,2022-03-18T11:55:00Z,,2022-03-18T11:00:00Z,1.1023500000000004,2,0.039506172839507275,1.9604938271604928,false,2,PRODUCTION_WOULD_PICK_ANOTHER_ZONE,,false
V2_STRICT,EUR/USD_2022-07-01,EUR/USD,1h,demand,2022-03-16T22:00:00Z,1.1033,1.10345,1.1009,1.1021,1.102175,1.10345,1.102175,1.1009,1.1047249999999997,0.001274999999999915,2022-03-18T12:00:00Z,2022-03-18T12:12:00Z,,TARGET,,,HTF_UNAMBIGUOUS,2022-03-18T15:53:00Z,,2022-03-18T15:00:00Z,1.1047249999999997,2,0.12549019607843975,1.8745098039215602,false,2,,,false
V2_STRICT,EUR/USD_2022-07-01,EUR/USD,1h,supply,2022-03-18T19:00:00Z,1.10475,1.1057,1.1046,1.1052,1.1046,1.10515,1.10515,1.1057,1.1040500000000004,0.0005499999999998284,2022-03-21T08:00:00Z,2022-03-21T08:00:00Z,,TARGET,,,HTF_UNAMBIGUOUS,2022-03-21T11:02:00Z,,2022-03-21T11:00:00Z,1.1040500000000004,2,0.2909090909091817,1.7090909090908184,false,1,,,false
V2_STRICT,EUR/USD_2022-07-01,EUR/USD,1h,supply,2022-03-18T19:00:00Z,1.10475,1.1057,1.1046,1.1052,1.1046,1.10515,1.10515,1.1057,1.1040500000000004,0.0005499999999998284,2022-03-21T16:00:00Z,2022-03-21T16:01:00Z,,TARGET,,,ONE_MINUTE_RESOLVED,2022-03-21T16:28:00Z,,2022-03-21T16:00:00Z,1.1040500000000004,2,0.2909090909091817,1.7090909090908184,false,3,PRODUCTION_WOULD_PICK_ANOTHER_ZONE,,false
V2_STRICT,EUR/USD_2022-07-01,EUR/USD,1h,demand,2022-03-16T22:00:00Z,1.1033,1.10345,1.1009,1.1021,1.102175,1.10345,1.102175,1.1009,1.1047249999999997,0.001274999999999915,2022-03-21T18:00:00Z,2022-03-21T18:06:00Z,,S2_CLOSE,,,HTF_UNAMBIGUOUS,,2022-03-22T00:00:00Z,2022-03-22T00:00:00Z,1.0987,-2.7254901960785305,0.12549019607843975,-2.8509803921569703,false,1,,,false
V2_STRICT,EUR/USD_2022-07-01,EUR/USD,1h,demand,2022-03-16T09:00:00Z,1.09905,1.1001,1.0979,1.0985,1.0990000000000002,1.1001,1.0990000000000002,1.0979,1.1012000000000004,0.001100000000000101,2022-03-22T04:00:00Z,2022-03-22T04:16:00Z,,S2_CLOSE,,,HTF_UNAMBIGUOUS,,2022-03-22T06:00:00Z,2022-03-22T06:00:00Z,1.0968,-2,0.14545454545453212,-2.145454545454532,false,3,,,false
V2_STRICT,EUR/USD_2022-07-01,EUR/USD,1h,supply,2022-03-22T03:00:00Z,1.1002,1.1006,1.0997,1.1002,1.0997,1.10015,1.10015,1.1006,1.0992499999999998,0.00045000000000006146,2022-03-22T08:00:00Z,2022-03-22T08:37:00Z,,S2_CLOSE,,,ONE_MINUTE_RESOLVED,,2022-03-22T08:00:00Z,2022-03-22T08:00:00Z,1.1007,-1.2222222222221675,0.355555555555507,-1.5777777777776745,true,1,TOUCH_BAR_CLOSED_BEYOND_S2,,false
V2_STRICT,EUR/USD_2022-07-01,EUR/USD,1h,supply,2022-03-21T22:00:00Z,1.1019,1.1026,1.1018,1.10205,1.1018,1.1021999999999998,1.1021999999999998,1.1026,1.1013999999999995,0.000400000000000178,2022-03-22T12:00:00Z,2022-03-22T12:16:00Z,,AMBIGUOUS,CLOSED_AT_TARGET,S2_CLOSE,HTF_UNAMBIGUOUS,,2022-03-22T13:00:00Z,2022-03-22T13:00:00Z,1.1041,-4.749999999998473,0.39999999999982205,,false,1,,,true
V2_STRICT,EUR/USD_2022-07-01,EUR/USD,1h,supply,2022-03-22T13:00:00Z,1.1016,1.1041,1.1016,1.1041,1.1016,1.10285,1.10285,1.1041,1.1003500000000002,0.0012499999999999734,2022-03-22T17:00:00Z,2022-03-22T17:19:00Z,,TARGET,,,HTF_UNAMBIGUOUS,2022-03-23T09:41:00Z,,2022-03-23T09:00:00Z,1.1003500000000002,2,0.12800000000000275,1.8719999999999972,false,1,,,false
V2_STRICT,EUR/USD_2022-07-01,EUR/USD,1h,supply,2022-03-23T10:00:00Z,1.0996,1.1007,1.0996,1.1002,1.0996,1.10015,1.10015,1.1007,1.0990499999999999,0.0005500000000000504,2022-03-23T15:00:00Z,2022-03-23T15:40:00Z,,S2_CLOSE,,,HTF_UNAMBIGUOUS,,2022-03-23T18:00:00Z,2022-03-23T18:00:00Z,1.10085,-1.2727272727274195,0.29090909090906425,-1.5636363636364838,false,1,,,false
V2_STRICT,EUR/USD_2022-07-01,EUR/USD,1h,supply,2022-03-23T18:00:00Z,1.1006,1.1011,1.1004,1.10085,1.1004,1.1007500000000001,1.1007500000000001,1.1011,1.1000500000000004,0.00034999999999985043,2022-03-24T15:00:00Z,2022-03-24T15:01:00Z,,AMBIGUOUS,CLOSED_AT_TARGET,TARGET,HTF_UNAMBIGUOUS,2022-03-24T16:17:00Z,,2022-03-24T16:00:00Z,1.1000500000000004,2,0.45714285714305253,,false,4,PRODUCTION_WOULD_PICK_ANOTHER_ZONE,,true
V2_STRICT,EUR/USD_2022-07-01,EUR/USD,1h,supply,2022-03-23T21:00:00Z,1.1004,1.1012,1.1004,1.10075,1.1004,1.1008,1.1008,1.1012,1.1,0.00039999999999995595,2022-03-25T00:00:00Z,2022-03-25T00:00:00Z,,S2_CLOSE,,,HTF_UNAMBIGUOUS,,2022-03-25T01:00:00Z,2022-03-25T01:00:00Z,1.1033,-6.250000000000555,0.4000000000000441,-6.650000000000599,false,3,PRODUCTION_WOULD_PICK_ANOTHER_ZONE,,false
V2_STRICT,EUR/USD_2022-07-01,EUR/USD,1h,supply,2022-03-22T13:00:00Z,1.1016,1.1041,1.1016,1.1041,1.1016,1.10285,1.10285,1.1041,1.1003500000000002,0.0012499999999999734,2022-03-25T03:00:00Z,2022-03-25T03:00:00Z,,TARGET,,,HTF_UNAMBIGUOUS,2022-03-25T09:10:00Z,,2022-03-25T09:00:00Z,1.1003500000000002,2,0.12800000000000275,1.8719999999999972,false,2,,,false
V2_STRICT,EUR/USD_2022-07-01,EUR/USD,4h,supply,2022-03-22T11:00:00Z,1.1003,1.10455,1.0992,1.1035,1.0992,1.101875,1.101875,1.10455,1.096525,0.002674999999999983,2022-03-25T15:00:00Z,2022-03-25T15:00:00Z,,TARGET,,,HTF_UNAMBIGUOUS,2022-03-28T01:20:00Z,,2022-03-27T23:00:00Z,1.096525,2,0.05981308411214992,1.9401869158878502,false,1,,,false
V2_STRICT,EUR/USD_2022-07-01,EUR/USD,1h,supply,2022-03-27T23:00:00Z,1.0981,1.09845,1.0977,1.0981,1.0977,1.098075,1.098075,1.09845,1.0973249999999999,0.0003750000000000142,2022-03-28T08:00:00Z,2022-03-28T08:47:00Z,,AMBIGUOUS,CLOSED_AT_TARGET,TARGET,HTF_UNAMBIGUOUS,2022-03-28T09:13:00Z,,2022-03-28T09:00:00Z,1.0973249999999999,2,0.42666666666665054,,false,2,TOUCH_BAR_CLOSED_BEYOND_S2,,true
V2_STRICT,EUR/USD_2022-07-01,EUR/USD,1h,supply,2022-03-28T08:00:00Z,1.0952,1.0998,1.0945,1.0991,1.0945,1.09715,1.09715,1.0998,1.09185,0.002650000000000041,2022-03-28T15:00:00Z,2022-03-28T15:00:00Z,,S2_CLOSE,,,HTF_UNAMBIGUOUS,,2022-03-29T06:00:00Z,2022-03-29T06:00:00Z,1.1005,-1.2641509433961933,0.0603773584905651,-1.3245283018867584,false,1,,,false
V2_STRICT,EUR/USD_2022-07-01,EUR/USD,1h,demand,2022-03-29T00:00:00Z,1.09925,1.0997,1.097,1.0974,1.09835,1.0997,1.09835,1.097,1.1010499999999999,0.0013499999999999623,2022-03-29T08:00:00Z,2022-03-29T08:52:00Z,,TARGET,,,HTF_UNAMBIGUOUS,2022-03-29T09:08:00Z,,2022-03-29T09:00:00Z,1.1010499999999999,2,0.11851851851852184,1.8814814814814782,false,2,,,false
V2_STRICT,EUR/USD_2022-07-01,EUR/USD,1h,supply,2022-03-18T16:00:00Z,1.10485,1.1071,1.10425,1.106,1.10425,1.105675,1.105675,1.1071,1.102825,0.0014250000000000096,2022-03-29T11:00:00Z,2022-03-29T11:41:00Z,,S2_CLOSE,,,ONE_MINUTE_RESOLVED,,2022-03-29T11:00:00Z,2022-03-29T11:00:00Z,1.10835,-1.8771929824561158,0.11228070175438522,-1.989473684210501,true,4,TOUCH_BAR_CLOSED_BEYOND_S2;PRODUCTION_WOULD_PICK_ANOTHER_ZONE,,false
V2_STRICT,EUR/USD_2022-07-01,EUR/USD,4h,supply,2022-03-17T15:00:00Z,1.1083,1.1138,1.108,1.11,1.108,1.1109,1.1109,1.1138,1.1051000000000002,0.0028999999999999027,2022-03-29T11:00:00Z,2022-03-29T12:26:00Z,,S2_CLOSE,,,HTF_UNAMBIGUOUS,,2022-03-30T11:00:00Z,2022-03-30T11:00:00Z,1.1162,-1.8275862068966415,0.05517241379310531,-1.8827586206897469,false,2,PRODUCTION_WOULD_PICK_ANOTHER_ZONE,,false
V2_STRICT,EUR/USD_2022-07-01,EUR/USD,1h,demand,2022-03-30T17:00:00Z,1.1157,1.1157,1.1149,1.1149,1.1153,1.1157,1.1153,1.1149,1.1160999999999999,0.00039999999999995595,2022-03-31T06:00:00Z,2022-03-31T06:36:00Z,,TARGET,,,ONE_MINUTE_RESOLVED,2022-03-31T06:39:00Z,,2022-03-31T06:00:00Z,1.1160999999999999,2,0.4000000000000441,1.599999999999956,false,1,,,false
V2_STRICT,EUR/USD_2022-07-01,EUR/USD,1h,demand,2022-03-30T19:00:00Z,1.1161,1.1163,1.1152,1.1152,1.11575,1.1163,1.11575,1.1152,1.1168500000000001,0.0005500000000000504,2022-03-31T07:00:00Z,2022-03-31T07:29:00Z,,S2_CLOSE,,,ONE_MINUTE_RESOLVED,,2022-03-31T07:00:00Z,2022-03-31T07:00:00Z,1.115,-1.3636363636362903,0.29090909090906425,-1.6545454545453544,true,1,TOUCH_BAR_CLOSED_BEYOND_S2,,false
V2_STRICT,EUR/USD_2022-07-01,EUR/USD,1h,demand,2022-03-30T10:00:00Z,1.1146,1.1146,1.11165,1.1129,1.1131250000000001,1.1146,1.1131250000000001,1.11165,1.1160750000000004,0.001475000000000115,2022-03-31T08:00:00Z,2022-03-31T08:32:00Z,,S2_CLOSE,,,HTF_UNAMBIGUOUS,,2022-03-31T09:00:00Z,2022-03-31T09:00:00Z,1.111,-1.4406779661016873,0.10847457627117799,-1.5491525423728654,false,4,PRODUCTION_WOULD_PICK_ANOTHER_ZONE,,false
V2_STRICT,EUR/USD_2022-07-01,EUR/USD,1h,demand,2022-03-30T06:00:00Z,1.1113,1.1121,1.1106,1.1112,1.11135,1.1121,1.11135,1.1106,1.1128500000000001,0.0007500000000000284,2022-03-31T10:00:00Z,2022-03-31T10:00:00Z,,S2_CLOSE,,,ONE_MINUTE_RESOLVED,,2022-03-31T10:00:00Z,2022-03-31T10:00:00Z,1.1094,-2.600000000000059,0.21333333333332527,-2.8133333333333845,true,4,TOUCH_BAR_CLOSED_BEYOND_S2;PRODUCTION_WOULD_PICK_ANOTHER_ZONE,,false
V2_STRICT,EUR/USD_2022-07-01,EUR/USD,1h,demand,2022-03-29T17:00:00Z,1.108,1.1083,1.1072,1.1078,1.10775,1.1083,1.10775,1.1072,1.1088500000000001,0.0005500000000000504,2022-03-31T13:00:00Z,2022-03-31T13:13:00Z,,TARGET,,,ONE_MINUTE_RESOLVED,2022-03-31T13:30:00Z,,2022-03-31T13:00:00Z,1.1088500000000001,2,0.29090909090906425,1.7090909090909356,false,2,,,false
V2_STRICT,EUR/USD_2022-07-01,EUR/USD,1h,demand,2022-03-29T23:00:00Z,1.1093,1.1095,1.109,1.1092,1.1092499999999998,1.1095,1.1092499999999998,1.109,1.1097499999999996,0.00024999999999986144,2022-03-31T14:00:00Z,2022-03-31T14:00:00Z,,TARGET,,,ONE_MINUTE_RESOLVED,2022-03-31T14:54:00Z,,2022-03-31T14:00:00Z,1.1097499999999996,2,0.6400000000003547,1.3599999999996453,false,1,,,false
V2_STRICT,EUR/USD_2022-07-01,EUR/USD,4h,demand,2022-03-29T15:00:00Z,1.10995,1.1117,1.1072,1.1089,1.1094499999999998,1.1117,1.1094499999999998,1.1072,1.1139499999999996,0.0022499999999998632,2022-03-31T15:00:00Z,2022-03-31T15:59:00Z,,S2_CLOSE,,,ONE_MINUTE_RESOLVED,,2022-03-31T15:00:00Z,2022-03-31T15:00:00Z,1.1069,-1.1333333333333269,0.07111111111111544,-1.2044444444444422,true,1,TOUCH_BAR_CLOSED_BEYOND_S2,,false
V2_STRICT,EUR/USD_2022-07-01,EUR/USD,4h,demand,2022-04-03T16:00:00Z,1.1039,1.104,1.10365,1.10375,1.103825,1.104,1.103825,1.10365,1.1041750000000001,0.00017500000000003624,2022-04-04T04:00:00Z,2022-04-04T06:16:00Z,,TARGET,,,ONE_MINUTE_RESOLVED,2022-04-04T06:17:00Z,,2022-04-04T04:00:00Z,1.1041750000000001,2,0.9142857142855251,1.085714285714475,false,1,TOUCH_BAR_CLOSED_BEYOND_S2,,false
V2_STRICT,EUR/USD_2022-07-01,EUR/USD,1h,demand,2022-03-29T00:00:00Z,1.09925,1.0997,1.097,1.0974,1.09835,1.0997,1.09835,1.097,1.1010499999999999,0.0013499999999999623,2022-04-04T13:00:00Z,2022-04-04T13:27:00Z,,S2_CLOSE,,,HTF_UNAMBIGUOUS,,2022-04-04T17:00:00Z,2022-04-04T17:00:00Z,1.0964,-1.444444444444408,0.11851851851852184,-1.5629629629629298,false,2,,,false
V2_STRICT,EUR/USD_2022-07-01,EUR/USD,4h,demand,2022-03-27T23:00:00Z,1.0981,1.0985,1.0951,1.0954,1.0968,1.0985,1.0968,1.0951,1.1002,0.0017000000000000348,2022-04-05T04:00:00Z,2022-04-05T04:16:00Z,,S2_CLOSE,,,HTF_UNAMBIGUOUS,,2022-04-05T12:00:00Z,2022-04-05T12:00:00Z,1.092,-2.823529411764598,0.09411764705882161,-2.9176470588234196,false,2,,,false
V2_STRICT,EUR/USD_2022-07-01,EUR/USD,1h,demand,2022-03-14T05:00:00Z,1.0917,1.0918,1.0909,1.09115,1.09135,1.0918,1.09135,1.0909,1.0922500000000002,0.00045000000000006146,2022-04-05T16:00:00Z,2022-04-05T16:46:00Z,,S2_CLOSE,,,HTF_UNAMBIGUOUS,,2022-04-05T18:00:00Z,2022-04-05T18:00:00Z,1.0904,-2.111111111110837,0.355555555555507,-2.4666666666663444,false,2,PRODUCTION_WOULD_PICK_ANOTHER_ZONE,,false
V2_STRICT,EUR/USD_2022-07-01,EUR/USD,1h,demand,2022-03-08T09:00:00Z,1.0897,1.0904,1.0867,1.0888,1.0885500000000001,1.0904,1.0885500000000001,1.0867,1.0922500000000004,0.0018500000000001293,2022-04-06T06:00:00Z,2022-04-06T06:33:00Z,,TARGET,,,HTF_UNAMBIGUOUS,2022-04-06T08:48:00Z,,2022-04-06T08:00:00Z,1.0922500000000004,2,0.08648648648648045,1.9135135135135195,false,1,,,false
V2_STRICT,EUR/USD_2022-07-01,EUR/USD,4h,supply,2022-04-06T08:00:00Z,1.0894,1.09255,1.0891,1.0916,1.0891,1.090825,1.090825,1.09255,1.087375,0.0017249999999999766,2022-04-07T04:00:00Z,2022-04-07T04:00:00Z,,TARGET,,,HTF_UNAMBIGUOUS,2022-04-07T09:19:00Z,,2022-04-07T08:00:00Z,1.087375,2,0.09275362318840706,1.907246376811593,false,1,,,false
V2_STRICT,EUR/USD_2022-07-01,EUR/USD,4h,supply,2022-04-06T08:00:00Z,1.0894,1.09255,1.0891,1.0916,1.0891,1.090825,1.090825,1.09255,1.087375,0.0017249999999999766,2022-04-07T09:00:00Z,2022-04-07T11:08:00Z,,TARGET,,,HTF_UNAMBIGUOUS,2022-04-07T19:18:00Z,,2022-04-07T16:00:00Z,1.087375,2,0.09275362318840706,1.907246376811593,false,1,,,false
V2_STRICT,EUR/USD_2022-07-01,EUR/USD,1h,demand,2022-03-07T19:00:00Z,1.088,1.089,1.0847,1.08475,1.08685,1.089,1.08685,1.0847,1.0911500000000003,0.0021500000000000963,2022-04-08T06:00:00Z,2022-04-08T06:21:00Z,,S2_CLOSE,,,HTF_UNAMBIGUOUS,,2022-04-08T13:00:00Z,2022-04-08T13:00:00Z,1.084,-1.3255813953487867,0.07441860465115946,-1.3999999999999462,false,2,PRODUCTION_WOULD_PICK_ANOTHER_ZONE,,false
V2_STRICT,EUR/USD_2022-07-01,EUR/USD,1h,supply,2022-04-07T17:00:00Z,1.0877,1.0893,1.0877,1.0883,1.0877,1.0884999999999998,1.0884999999999998,1.0893,1.0868999999999995,0.0008000000000001339,2022-04-08T18:00:00Z,2022-04-08T18:57:00Z,,S2_CLOSE,,,HTF_UNAMBIGUOUS,,2022-04-10T19:00:00Z,2022-04-10T19:00:00Z,1.09385,-6.687499999999115,0.19999999999996654,-6.887499999999082,false,2,,,false
V2_STRICT,EUR/USD_2022-07-01,EUR/USD,1h,supply,2022-04-07T13:00:00Z,1.0914,1.09385,1.0907,1.0914,1.0907,1.0922749999999999,1.0922749999999999,1.09385,1.0891249999999997,0.001575000000000104,2022-04-10T20:00:00Z,2022-04-10T20:58:00Z,,TARGET,,,HTF_UNAMBIGUOUS,2022-04-10T22:47:00Z,,2022-04-10T22:00:00Z,1.0891249999999997,2,0.10158730158729488,1.8984126984127052,false,1,,,false
V2_STRICT,EUR/USD_2022-07-01,EUR/USD,1h,demand,2022-04-08T19:00:00Z,1.0885,1.0885,1.0875,1.0878,1.088,1.0885,1.088,1.0875,1.0890000000000004,0.000500000000000167,2022-04-11T02:00:00Z,2022-04-11T02:24:00Z,,TARGET,,,HTF_UNAMBIGUOUS,2022-04-11T05:52:00Z,,2022-04-11T05:00:00Z,1.0890000000000004,2,0.31999999999989315,1.6800000000001067,false,2,PRODUCTION_WOULD_PICK_ANOTHER_ZONE,,false
V2_STRICT,EUR/USD_2022-07-01,EUR/USD,1h,demand,2022-04-08T19:00:00Z,1.0885,1.0885,1.0875,1.0878,1.088,1.0885,1.088,1.0875,1.0890000000000004,0.000500000000000167,2022-04-11T06:00:00Z,2022-04-11T06:27:00Z,,TARGET,,,HTF_UNAMBIGUOUS,2022-04-11T07:26:00Z,,2022-04-11T07:00:00Z,1.0890000000000004,2,0.31999999999989315,1.6800000000001067,false,2,PRODUCTION_WOULD_PICK_ANOTHER_ZONE,,false
V2_STRICT,EUR/USD_2022-07-01,EUR/USD,1h,supply,2022-04-07T13:00:00Z,1.0914,1.09385,1.0907,1.0914,1.0907,1.0922749999999999,1.0922749999999999,1.09385,1.0891249999999997,0.001575000000000104,2022-04-11T09:00:00Z,2022-04-11T09:34:00Z,,TARGET,,,HTF_UNAMBIGUOUS,2022-04-11T13:28:00Z,,2022-04-11T13:00:00Z,1.0891249999999997,2,0.10158730158729488,1.8984126984127052,false,1,,,false
V2_STRICT,EUR/USD_2022-07-01,EUR/USD,1h,demand,2022-04-08T19:00:00Z,1.0885,1.0885,1.0875,1.0878,1.088,1.0885,1.088,1.0875,1.0890000000000004,0.000500000000000167,2022-04-11T15:00:00Z,2022-04-11T15:49:00Z,,TARGET,,,HTF_UNAMBIGUOUS,2022-04-11T18:25:00Z,,2022-04-11T18:00:00Z,1.0890000000000004,2,0.31999999999989315,1.6800000000001067,false,2,PRODUCTION_WOULD_PICK_ANOTHER_ZONE,,false
V2_STRICT,EUR/USD_2022-07-01,EUR/USD,1h,demand,2022-04-08T19:00:00Z,1.0885,1.0885,1.0875,1.0878,1.088,1.0885,1.088,1.0875,1.0890000000000004,0.000500000000000167,2022-04-11T23:00:00Z,2022-04-11T23:02:00Z,,S2_CLOSE,,,HTF_UNAMBIGUOUS,,2022-04-12T01:00:00Z,2022-04-12T01:00:00Z,1.0872,-1.5999999999997336,0.31999999999989315,-1.919999999999627,false,1,,,false
V2_STRICT,EUR/USD_2022-07-01,EUR/USD,1h,demand,2022-04-08T17:00:00Z,1.0874,1.0875,1.08655,1.0872,1.087025,1.0875,1.087025,1.08655,1.087975,0.0004750000000000032,2022-04-12T02:00:00Z,2022-04-12T02:00:00Z,,TARGET,,,HTF_UNAMBIGUOUS,2022-04-12T04:24:00Z,,2022-04-12T04:00:00Z,1.087975,2,0.33684210526315567,1.6631578947368444,false,1,,,false
V2_STRICT,EUR/USD_2022-07-01,EUR/USD,1h,demand,2022-04-08T17:00:00Z,1.0874,1.0875,1.08655,1.0872,1.087025,1.0875,1.087025,1.08655,1.087975,0.0004750000000000032,2022-04-12T06:00:00Z,2022-04-12T06:00:00Z,,S2_CLOSE,,,ONE_MINUTE_RESOLVED,,2022-04-12T06:00:00Z,2022-04-12T06:00:00Z,1.0861,-1.947368421052287,0.33684210526315567,-2.2842105263154426,true,2,TOUCH_BAR_CLOSED_BEYOND_S2;PRODUCTION_WOULD_PICK_ANOTHER_ZONE,,false
V2_STRICT,EUR/USD_2022-07-01,EUR/USD,4h,demand,2022-04-08T09:00:00Z,1.0867,1.0891,1.0838,1.0838,1.0864500000000001,1.0891,1.0864500000000001,1.0838,1.0917500000000002,0.002650000000000041,2022-04-12T09:00:00Z,2022-04-12T09:02:00Z,,S2_CLOSE,,,HTF_UNAMBIGUOUS,,2022-04-12T16:00:00Z,2022-04-12T16:00:00Z,1.0831,-1.264150943396277,0.0603773584905651,-1.3245283018868421,false,1,,,false
V2_STRICT,EUR/USD_2022-07-01,EUR/USD,1h,demand,2022-03-07T10:00:00Z,1.0859,1.0859,1.0807,1.08325,1.0833,1.0859,1.0833,1.0807,1.0884999999999998,0.0025999999999999357,2022-04-13T02:00:00Z,2022-04-13T02:00:00Z,,TARGET,,,HTF_UNAMBIGUOUS,2022-04-13T16:14:00Z,,2022-04-13T16:00:00Z,1.0884999999999998,2,0.06153846153846307,1.938461538461537,false,1,,,false
V2_STRICT,EUR/USD_2022-07-01,EUR/USD,1h,supply,2022-04-12T14:00:00Z,1.0871,1.0889,1.0871,1.0873,1.0871,1.088,1.088,1.0889,1.0862000000000003,0.0008999999999999009,2022-04-13T17:00:00Z,2022-04-13T17:02:00Z,,S2_CLOSE,,,HTF_UNAMBIGUOUS,,2022-04-13T21:00:00Z,2022-04-13T21:00:00Z,1.089,-1.1111111111111112,0.17777777777779738,-1.2888888888889085,false,2,PRODUCTION_WOULD_PICK_ANOTHER_ZONE,,false
V2_STRICT,EUR/USD_2022-07-01,EUR/USD,1h,supply,2022-04-11T14:00:00Z,1.0881,1.08985,1.0879,1.0897,1.0879,1.088875,1.088875,1.08985,1.0869250000000001,0.0009749999999999481,2022-04-13T22:00:00Z,2022-04-13T22:12:00Z,,S2_CLOSE,,,HTF_UNAMBIGUOUS,,2022-04-14T01:00:00Z,2022-04-14T01:00:00Z,1.0906,-1.7692307692308393,0.16410256410257285,-1.9333333333334122,false,1,,,false
V2_STRICT,EUR/USD_2022-07-01,EUR/USD,4h,demand,2022-04-13T08:00:00Z,1.0837,1.0848,1.0823,1.0829,1.08355,1.0848,1.08355,1.0823,1.08605,0.0012499999999999734,2022-04-14T12:00:00Z,2022-04-14T13:03:00Z,,S2_CLOSE,,,ONE_MINUTE_RESOLVED,,2022-04-14T12:00:00Z,2022-04-14T12:00:00Z,1.0797,-3.079999999999993,0.12800000000000275,-3.2079999999999957,true,2,TOUCH_BAR_CLOSED_BEYOND_S2,,false
V2_STRICT,EUR/USD_2022-07-01,EUR/USD,1h,supply,2022-04-15T18:00:00Z,1.081,1.08115,1.0806,1.081,1.0806,1.080875,1.080875,1.08115,1.080325,0.0002750000000000252,2022-04-17T22:00:00Z,2022-04-17T22:03:00Z,,S2_CLOSE,,,ONE_MINUTE_RESOLVED,,2022-04-17T22:00:00Z,2022-04-17T22:00:00Z,1.08215,-4.636363636362902,0.5818181818181285,-5.218181818181031,true,1,TOUCH_BAR_CLOSED_BEYOND_S2,,false
V2_STRICT,EUR/USD_2022-07-01,EUR/USD,1h,supply,2022-04-17T22:00:00Z,1.0808,1.08215,1.0804,1.08215,1.0804,1.081275,1.081275,1.08215,1.079525,0.0008749999999999591,2022-04-18T11:00:00Z,2022-04-18T11:54:00Z,,TARGET,,,HTF_UNAMBIGUOUS,2022-04-18T14:53:00Z,,2022-04-18T14:00:00Z,1.079525,2,0.1828571428571514,1.8171428571428485,false,1,,,false
V2_STRICT,EUR/USD_2022-07-01,EUR/USD,1h,supply,2022-04-18T19:00:00Z,1.0784,1.0785,1.0778,1.0784,1.0778,1.07815,1.07815,1.0785,1.0774499999999998,0.0003500000000000725,2022-04-19T04:00:00Z,2022-04-19T04:17:00Z,,TARGET,,,ONE_MINUTE_RESOLVED,2022-04-19T04:41:00Z,,2022-04-19T04:00:00Z,1.0774499999999998,2,0.45714285714276254,1.5428571428572375,false,2,,,false
V2_STRICT,EUR/USD_2022-07-01,EUR/USD,1h,supply,2022-04-18T19:00:00Z,1.0784,1.0785,1.0778,1.0784,1.0778,1.07815,1.07815,1.0785,1.0774499999999998,0.0003500000000000725,2022-04-19T06:00:00Z,2022-04-19T06:31:00Z,,S2_CLOSE,,,HTF_UNAMBIGUOUS,,2022-04-19T07:00:00Z,2022-04-19T07:00:00Z,1.0801,-5.571428571427756,0.45714285714276254,-6.028571428570518,false,2,,,false
V2_STRICT,EUR/USD_2022-07-01,EUR/USD,1h,supply,2022-04-17T22:00:00Z,1.0808,1.08215,1.0804,1.08215,1.0804,1.081275,1.081275,1.08215,1.079525,0.0008749999999999591,2022-04-19T08:00:00Z,2022-04-19T08:32:00Z,,TARGET,,,ONE_MINUTE_RESOLVED,2022-04-19T08:49:00Z,,2022-04-19T08:00:00Z,1.079525,2,0.1828571428571514,1.8171428571428485,false,1,,,false
V2_STRICT,EUR/USD_2022-07-01,EUR/USD,1h,supply,2022-04-18T11:00:00Z,1.0801,1.0814,1.08005,1.081,1.08005,1.080725,1.080725,1.0814,1.079375,0.0006749999999999812,2022-04-19T09:00:00Z,2022-04-19T09:03:00Z,,TARGET,,,HTF_UNAMBIGUOUS,2022-04-19T10:03:00Z,,2022-04-19T10:00:00Z,1.079375,2,0.23703703703704368,1.7629629629629564,false,1,,,false
V2_STRICT,EUR/USD_2022-07-01,EUR/USD,1h,supply,2022-04-18T11:00:00Z,1.0801,1.0814,1.08005,1.081,1.08005,1.080725,1.080725,1.0814,1.079375,0.0006749999999999812,2022-04-20T03:00:00Z,2022-04-20T03:00:00Z,,S2_CLOSE,,,ONE_MINUTE_RESOLVED,,2022-04-20T03:00:00Z,2022-04-20T03:00:00Z,1.0819,-1.7407407407410087,0.23703703703704368,-1.9777777777780523,true,1,TOUCH_BAR_CLOSED_BEYOND_S2,,false
V2_STRICT,EUR/USD_2022-07-01,EUR/USD,1h,supply,2022-04-17T22:00:00Z,1.0808,1.08215,1.0804,1.08215,1.0804,1.081275,1.081275,1.08215,1.079525,0.0008749999999999591,2022-04-20T06:00:00Z,2022-04-20T06:07:00Z,,S2_CLOSE,,,HTF_UNAMBIGUOUS,,2022-04-20T08:00:00Z,2022-04-20T08:00:00Z,1.084,-3.114285714285961,0.1828571428571514,-3.297142857143112,false,1,,,false
V2_STRICT,EUR/USD_2022-07-01,EUR/USD,1h,demand,2022-04-20T11:00:00Z,1.0859,1.0859,1.0825,1.0828,1.0842,1.0859,1.0842,1.0825,1.0876000000000001,0.0017000000000000348,2022-04-20T17:00:00Z,2022-04-20T17:00:00Z,,TARGET,,,HTF_UNAMBIGUOUS,2022-04-21T06:30:00Z,,2022-04-21T06:00:00Z,1.0876000000000001,2,0.09411764705882161,1.9058823529411784,false,1,,,false
V2_STRICT,EUR/USD_2022-07-01,EUR/USD,4h,supply,2022-04-14T04:00:00Z,1.0907,1.0923,1.0903,1.0909,1.0903,1.0913,1.0913,1.0923,1.0892999999999997,0.001000000000000112,2022-04-21T04:00:00Z,2022-04-21T07:25:00Z,,S2_CLOSE,,,ONE_MINUTE_RESOLVED,,2022-04-21T04:00:00Z,2022-04-21T04:00:00Z,1.0927,-1.399999999999911,0.1599999999999821,-1.5599999999998932,true,2,TOUCH_BAR_CLOSED_BEYOND_S2;PRODUCTION_WOULD_PICK_ANOTHER_ZONE,,false
V2_STRICT,EUR/USD_2022-07-01,EUR/USD,1h,supply,2022-04-07T13:00:00Z,1.0914,1.09385,1.0907,1.0914,1.0907,1.0922749999999999,1.0922749999999999,1.09385,1.0891249999999997,0.001575000000000104,2022-04-21T09:00:00Z,2022-04-21T09:02:00Z,,TARGET,,,HTF_UNAMBIGUOUS,2022-04-21T11:11:00Z,,2022-04-21T11:00:00Z,1.0891249999999997,2,0.10158730158729488,1.8984126984127052,false,1,,,false
V2_STRICT,EUR/USD_2022-07-01,EUR/USD,1h,demand,2022-04-20T11:00:00Z,1.0859,1.0859,1.0825,1.0828,1.0842,1.0859,1.0842,1.0825,1.0876000000000001,0.0017000000000000348,2022-04-21T14:00:00Z,2022-04-21T14:55:00Z,,S2_CLOSE,,,HTF_UNAMBIGUOUS,,2022-04-22T07:00:00Z,2022-04-22T07:00:00Z,1.0806,-2.117647058823514,0.09411764705882161,-2.2117647058823353,false,1,,,false
V2_STRICT,EUR/USD_2022-07-01,EUR/USD,4h,demand,2022-04-19T16:00:00Z,1.07895,1.08035,1.0782,1.0789,1.079275,1.08035,1.079275,1.0782,1.0814249999999999,0.0010749999999999371,2022-04-22T12:00:00Z,2022-04-22T14:32:00Z,,TARGET,,,HTF_UNAMBIGUOUS,2022-04-24T19:09:00Z,,2022-04-24T16:00:00Z,1.0814249999999999,2,0.1488372093023343,1.8511627906976658,false,2,PRODUCTION_WOULD_PICK_ANOTHER_ZONE,,false
V2_STRICT,EUR/USD_2022-07-01,EUR/USD,1h,demand,2022-04-19T02:00:00Z,1.0777,1.0778,1.0761,1.0769,1.07695,1.0778,1.07695,1.0761,1.07865,0.0008500000000000174,2022-04-25T06:00:00Z,2022-04-25T06:08:00Z,,S2_CLOSE,,,ONE_MINUTE_RESOLVED,,2022-04-25T06:00:00Z,2022-04-25T06:00:00Z,1.0714,-6.5294117647059435,0.18823529411764323,-6.717647058823586,true,2,TOUCH_BAR_CLOSED_BEYOND_S2,,false
V2_STRICT,EUR/USD_2022-07-01,EUR/USD,4h,supply,2022-04-25T08:00:00Z,1.0739,1.07545,1.072,1.0751,1.072,1.073725,1.073725,1.07545,1.070275,0.0017249999999999766,2022-04-26T00:00:00Z,2022-04-26T03:31:00Z,,TARGET,,,HTF_UNAMBIGUOUS,2022-04-26T06:57:00Z,,2022-04-26T04:00:00Z,1.070275,2,0.09275362318840706,1.907246376811593,false,1,,,false
V2_STRICT,EUR/USD_2022-07-01,EUR/USD,1h,supply,2022-04-28T01:00:00Z,1.0539,1.0553,1.0535,1.0546,1.0535,1.0544,1.0544,1.0553,1.0526000000000002,0.0008999999999999009,2022-04-28T07:00:00Z,2022-04-28T07:30:00Z,,S2_CLOSE,,,ONE_MINUTE_RESOLVED,,2022-04-28T07:00:00Z,2022-04-28T07:00:00Z,1.0555,-1.222222222222469,0.17777777777779738,-1.4000000000002664,true,3,TOUCH_BAR_CLOSED_BEYOND_S2;PRODUCTION_WOULD_PICK_ANOTHER_ZONE,,false
V2_STRICT,EUR/USD_2022-07-01,EUR/USD,1h,supply,2022-04-28T14:00:00Z,1.0508,1.052,1.0482,1.0515,1.0482,1.0501,1.0501,1.052,1.0463,0.0019000000000000128,2022-04-28T22:00:00Z,2022-04-28T22:07:00Z,,S2_CLOSE,,,HTF_UNAMBIGUOUS,,2022-04-29T05:00:00Z,2022-04-29T05:00:00Z,1.05375,-1.921052631578898,0.08421052631578892,-2.005263157894687,false,2,,,false
V2_STRICT,EUR/USD_2022-07-01,EUR/USD,1h,supply,2022-04-28T07:00:00Z,1.0522,1.0564,1.0515,1.0555,1.0515,1.05395,1.05395,1.0564,1.0490499999999998,0.0024500000000000632,2022-04-29T06:00:00Z,2022-04-29T06:15:00Z,,S2_CLOSE,,,HTF_UNAMBIGUOUS,,2022-04-29T08:00:00Z,2022-04-29T08:00:00Z,1.05695,-1.2244897959183823,0.0653061224489779,-1.2897959183673602,false,1,,,false
V2_STRICT,EUR/USD_2022-07-01,EUR/USD,1h,supply,2022-04-29T09:00:00Z,1.0569,1.058,1.0566,1.0578,1.0566,1.0573000000000001,1.0573000000000001,1.058,1.0559000000000003,0.0006999999999999229,2022-04-29T17:00:00Z,2022-04-29T17:22:00Z,,TARGET,,,HTF_UNAMBIGUOUS,2022-04-29T19:25:00Z,,2022-04-29T19:00:00Z,1.0559000000000003,2,0.22857142857145377,1.7714285714285463,false,1,,,false
V2_STRICT,EUR/USD_2022-07-01,EUR/USD,1h,supply,2022-05-02T10:00:00Z,1.0527,1.0529,1.052,1.0527,1.052,1.0524499999999999,1.0524499999999999,1.0529,1.0515499999999998,0.00045000000000006146,2022-05-03T00:00:00Z,2022-05-03T00:53:00Z,,TARGET,,,HTF_UNAMBIGUOUS,2022-05-03T01:36:00Z,,2022-05-03T01:00:00Z,1.0515499999999998,2,0.355555555555507,1.644444444444493,false,1,,,false
V2_STRICT,EUR/USD_2022-07-01,EUR/USD,1h,supply,2022-05-02T10:00:00Z,1.0527,1.0529,1.052,1.0527,1.052,1.0524499999999999,1.0524499999999999,1.0529,1.0515499999999998,0.00045000000000006146,2022-05-03T02:00:00Z,2022-05-03T02:04:00Z,,TARGET,,,ONE_MINUTE_RESOLVED,2022-05-03T02:42:00Z,,2022-05-03T02:00:00Z,1.0515499999999998,2,0.355555555555507,1.644444444444493,false,1,,,false
V2_STRICT,EUR/USD_2022-07-01,EUR/USD,1h,supply,2022-05-02T13:00:00Z,1.0511,1.0528,1.05035,1.0525,1.05035,1.051575,1.051575,1.0528,1.0491249999999999,0.0012250000000000316,2022-05-03T03:00:00Z,2022-05-03T03:16:00Z,,S2_CLOSE,,,HTF_UNAMBIGUOUS,,2022-05-03T11:00:00Z,2022-05-03T11:00:00Z,1.0539,-1.8979591836735286,0.1306122448979558,-2.0285714285714844,false,1,,,false
V2_STRICT,EUR/USD_2022-07-01,EUR/USD,1h,supply,2022-04-29T17:00:00Z,1.0549,1.0579,1.05485,1.0573,1.05485,1.056375,1.056375,1.0579,1.053325,0.0015249999999999986,2022-05-03T12:00:00Z,2022-05-03T12:30:00Z,,TARGET,,,HTF_UNAMBIGUOUS,2022-05-03T15:42:00Z,,2022-05-03T15:00:00Z,1.053325,2,0.10491803278688536,1.8950819672131147,false,2,PRODUCTION_WOULD_PICK_ANOTHER_ZONE,,false
V2_STRICT,EUR/USD_2022-07-01,EUR/USD,1h,supply,2022-04-29T09:00:00Z,1.0569,1.058,1.0566,1.0578,1.0566,1.0573000000000001,1.0573000000000001,1.058,1.0559000000000003,0.0006999999999999229,2022-05-04T18:00:00Z,2022-05-04T18:43:00Z,,AMBIGUOUS,CLOSED_AT_TARGET,S2_CLOSE,HTF_UNAMBIGUOUS,,2022-05-04T19:00:00Z,2022-05-04T19:00:00Z,1.0608,-5.000000000000317,0.22857142857145377,,false,4,TOUCH_BAR_CLOSED_BEYOND_S2;PRODUCTION_WOULD_PICK_ANOTHER_ZONE,,true
V2_STRICT,EUR/USD_2022-07-01,EUR/USD,1h,supply,2022-04-27T07:00:00Z,1.0621,1.0629,1.05885,1.0624,1.05885,1.060875,1.060875,1.0629,1.0568250000000001,0.0020249999999999435,2022-05-04T20:00:00Z,2022-05-04T20:00:00Z,,TARGET,,,HTF_UNAMBIGUOUS,2022-05-05T11:23:00Z,,2022-05-05T11:00:00Z,1.0568250000000001,2,0.07901234567901455,1.9209876543209854,false,1,,,false
V2_STRICT,EUR/USD_2022-07-01,EUR/USD,1h,demand,2022-05-04T13:00:00Z,1.0552,1.0556,1.0532,1.0533,1.0544,1.0556,1.0544,1.0532,1.0568000000000002,0.0012000000000000899,2022-05-05T13:00:00Z,2022-05-05T13:50:00Z,,S2_CLOSE,,,HTF_UNAMBIGUOUS,,2022-05-05T15:00:00Z,2022-05-05T15:00:00Z,1.0507,-3.0833333333331328,0.13333333333332337,-3.2166666666664563,false,3,,,false
V2_STRICT,EUR/USD_2022-07-01,EUR/USD,1h,demand,2022-05-02T18:00:00Z,1.0494,1.05,1.0491,1.0492,1.04955,1.05,1.04955,1.0491,1.05045,0.00045000000000006146,2022-05-05T16:00:00Z,2022-05-05T16:11:00Z,,TARGET,,,ONE_MINUTE_RESOLVED,2022-05-05T16:20:00Z,,2022-05-05T16:00:00Z,1.05045,2,0.355555555555507,1.644444444444493,false,1,,,false
V2_STRICT,EUR/USD_2022-07-01,EUR/USD,1h,demand,2022-05-03T06:00:00Z,1.0506,1.05125,1.0497,1.0498,1.050475,1.05125,1.050475,1.0497,1.052025,0.0007749999999999702,2022-05-05T17:00:00Z,2022-05-05T17:55:00Z,,TARGET,,,HTF_UNAMBIGUOUS,2022-05-05T18:54:00Z,,2022-05-05T18:00:00Z,1.052025,2,0.20645161290323377,1.7935483870967661,false,1,,,false
V2_STRICT,EUR/USD_2022-07-01,EUR/USD,1h,demand,2022-05-02T18:00:00Z,1.0494,1.05,1.0491,1.0492,1.04955,1.05,1.04955,1.0491,1.05045,0.00045000000000006146,2022-05-06T06:00:00Z,2022-05-06T06:56:00Z,,S2_CLOSE,,,ONE_MINUTE_RESOLVED,,2022-05-06T06:00:00Z,2022-05-06T06:00:00Z,1.04865,-1.9999999999995066,0.355555555555507,-2.3555555555550134,true,2,TOUCH_BAR_CLOSED_BEYOND_S2,,false
V2_STRICT,EUR/USD_2022-07-01,EUR/USD,1h,supply,2022-05-05T19:00:00Z,1.0518,1.0551,1.0518,1.055,1.0518,1.05345,1.05345,1.0551,1.0501500000000001,0.0016499999999999293,2022-05-06T07:00:00Z,2022-05-06T07:54:00Z,,S2_CLOSE,,,HTF_UNAMBIGUOUS,,2022-05-06T08:00:00Z,2022-05-06T08:00:00Z,1.0557,-1.3636363636364737,0.09696969696970113,-1.4606060606061748,false,4,,,false
V2_STRICT,EUR/USD_2022-07-01,EUR/USD,4h,demand,2022-05-05T12:00:00Z,1.0548,1.0573,1.05035,1.0507,1.0538249999999998,1.0573,1.0538249999999998,1.05035,1.0607749999999996,0.003474999999999895,2022-05-06T16:00:00Z,2022-05-06T19:21:00Z,,S2_CLOSE,,,HTF_UNAMBIGUOUS,,2022-05-12T04:00:00Z,2022-05-12T04:00:00Z,1.046,-2.251798561151075,0.046043165467627295,-2.297841726618702,false,2,,,false
V2_STRICT,EUR/USD_2022-07-01,EUR/USD,1h,supply,2022-05-13T10:00:00Z,1.0374,1.0389,1.0372,1.0388,1.0372,1.03805,1.03805,1.0389,1.0363499999999999,0.0008500000000000174,2022-05-13T14:00:00Z,2022-05-13T14:20:00Z,,S2_CLOSE,,,ONE_MINUTE_RESOLVED,,2022-05-13T14:00:00Z,2022-05-13T14:00:00Z,1.0394,-1.5882352941178315,0.18823529411764323,-1.7764705882354748,true,2,TOUCH_BAR_CLOSED_BEYOND_S2;PRODUCTION_WOULD_PICK_ANOTHER_ZONE,,false
V2_STRICT,EUR/USD_2022-07-01,EUR/USD,1h,supply,2022-05-13T07:00:00Z,1.0393,1.04195,1.039,1.0416,1.039,1.0404749999999998,1.0404749999999998,1.04195,1.0375249999999996,0.001475000000000115,2022-05-13T17:00:00Z,2022-05-13T17:52:00Z,,S2_CLOSE,,,HTF_UNAMBIGUOUS,,2022-05-16T08:00:00Z,2022-05-16T08:00:00Z,1.0432,-1.8474576271185599,0.10847457627117799,-1.955932203389738,false,1,,,false
V2_STRICT,EUR/USD_2022-07-01,EUR/USD,1h,supply,2022-05-12T06:00:00Z,1.0503,1.0515,1.04905,1.0504,1.04905,1.050275,1.050275,1.0515,1.047825,0.0012250000000000316,2022-05-17T10:00:00Z,2022-05-17T10:19:00Z,,S2_CLOSE,,,HTF_UNAMBIGUOUS,,2022-05-17T11:00:00Z,2022-05-17T11:00:00Z,1.0539,-2.959183673469303,0.1306122448979558,-3.0897959183672588,false,3,PRODUCTION_WOULD_PICK_ANOTHER_ZONE,,false
V2_STRICT,EUR/USD_2022-07-01,EUR/USD,1h,supply,2022-05-11T13:00:00Z,1.052,1.0577,1.0519,1.056,1.0519,1.0548000000000002,1.0548000000000002,1.0577,1.0490000000000004,0.0028999999999999027,2022-05-17T12:00:00Z,2022-05-17T12:47:00Z,,TARGET,,,HTF_UNAMBIGUOUS,2022-05-18T15:27:00Z,,2022-05-18T15:00:00Z,1.0490000000000004,2,0.05517241379310531,1.9448275862068947,false,1,,,false
V2_STRICT,EUR/USD_2022-07-01,EUR/USD,1h,demand,2022-05-17T09:00:00Z,1.049,1.0491,1.0469,1.0475,1.048,1.0491,1.048,1.0469,1.0502000000000002,0.001100000000000101,2022-05-18T17:00:00Z,2022-05-18T17:16:00Z,,S2_CLOSE,,,HTF_UNAMBIGUOUS,,2022-05-18T19:00:00Z,2022-05-18T19:00:00Z,1.0465,-1.3636363636362903,0.14545454545453212,-1.5090909090908224,false,1,,,false
V2_STRICT,EUR/USD_2022-07-01,EUR/USD,1h,supply,2022-05-19T03:00:00Z,1.0497,1.0507,1.0496,1.05005,1.0496,1.05015,1.05015,1.0507,1.0490499999999998,0.0005500000000000504,2022-05-19T08:00:00Z,2022-05-19T08:45:00Z,,TARGET,,,HTF_UNAMBIGUOUS,2022-05-19T09:19:00Z,,2022-05-19T09:00:00Z,1.0490499999999998,2,0.29090909090906425,1.7090909090909356,false,1,,,false
V2_STRICT,EUR/USD_2022-07-01,EUR/USD,1h,supply,2022-05-19T03:00:00Z,1.0497,1.0507,1.0496,1.05005,1.0496,1.05015,1.05015,1.0507,1.0490499999999998,0.0005500000000000504,2022-05-19T10:00:00Z,2022-05-19T10:01:00Z,,S2_CLOSE,,,ONE_MINUTE_RESOLVED,,2022-05-19T10:00:00Z,2022-05-19T10:00:00Z,1.0528,-4.8181818181814515,0.29090909090906425,-5.109090909090516,true,3,TOUCH_BAR_CLOSED_BEYOND_S2;PRODUCTION_WOULD_PICK_ANOTHER_ZONE,,false
V2_STRICT,EUR/USD_2022-07-01,EUR/USD,1h,supply,2022-05-06T10:00:00Z,1.0571,1.0599,1.0569,1.059,1.0569,1.0584,1.0584,1.0599,1.0554,0.0015000000000000568,2022-05-19T15:00:00Z,2022-05-19T15:03:00Z,,S2_CLOSE,,,HTF_UNAMBIGUOUS,,2022-05-19T17:00:00Z,2022-05-19T17:00:00Z,1.0605,-1.3999999999999408,0.10666666666666264,-1.5066666666666035,false,1,,,false
V2_STRICT,EUR/USD_2022-07-01,EUR/USD,1h,demand,2022-05-20T02:00:00Z,1.0573,1.0574,1.0556,1.0559,1.0565,1.0574,1.0565,1.0556,1.0582999999999998,0.0008999999999999009,2022-05-20T13:00:00Z,2022-05-20T13:00:00Z,,S2_CLOSE,,,HTF_UNAMBIGUOUS,,2022-05-20T16:00:00Z,2022-05-20T16:00:00Z,1.0549,-1.7777777777780246,0.17777777777779738,-1.955555555555822,false,1,,,false
V2_STRICT,EUR/USD_2022-07-01,EUR/USD,1h,supply,2022-04-27T07:00:00Z,1.0621,1.0629,1.05885,1.0624,1.05885,1.060875,1.060875,1.0629,1.0568250000000001,0.0020249999999999435,2022-05-23T06:00:00Z,2022-05-23T06:38:00Z,,S2_CLOSE,,,HTF_UNAMBIGUOUS,,2022-05-23T08:00:00Z,2022-05-23T08:00:00Z,1.0647,-1.8888888888889255,0.07901234567901455,-1.96790123456794,false,2,,,false
V2_STRICT,EUR/USD_2022-07-01,EUR/USD,1h,supply,2022-04-26T12:00:00Z,1.0671,1.0684,1.067,1.068,1.067,1.0676999999999999,1.0676999999999999,1.0684,1.0662999999999996,0.000700000000000145,2022-05-23T11:00:00Z,2022-05-23T11:00:00Z,,TARGET,,,ONE_MINUTE_RESOLVED,2022-05-23T11:42:00Z,,2022-05-23T11:00:00Z,1.0662999999999996,2,0.22857142857138127,1.7714285714286186,false,2,PRODUCTION_WOULD_PICK_ANOTHER_ZONE,,false
V2_STRICT,EUR/USD_2022-07-01,EUR/USD,1h,supply,2022-04-26T12:00:00Z,1.0671,1.0684,1.067,1.068,1.067,1.0676999999999999,1.0676999999999999,1.0684,1.0662999999999996,0.000700000000000145,2022-05-23T14:00:00Z,2022-05-23T14:52:00Z,,S2_CLOSE,,,HTF_UNAMBIGUOUS,,2022-05-23T18:00:00Z,2022-05-23T18:00:00Z,1.0694,-2.4285714285709754,0.22857142857138127,-2.6571428571423565,false,1,,,false
V2_STRICT,EUR/USD_2022-07-01,EUR/USD,1h,supply,2022-04-26T10:00:00Z,1.0686,1.0698,1.0679,1.0691,1.0679,1.06885,1.06885,1.0698,1.06695,0.0009500000000000064,2022-05-23T19:00:00Z,2022-05-23T19:07:00Z,,TARGET,,,HTF_UNAMBIGUOUS,2022-05-24T00:57:00Z,,2022-05-24T00:00:00Z,1.06695,2,0.16842105263157783,1.831578947368422,false,1,,,false
V2_STRICT,EUR/USD_2022-07-01,EUR/USD,1h,supply,2022-04-26T10:00:00Z,1.0686,1.0698,1.0679,1.0691,1.0679,1.06885,1.06885,1.0698,1.06695,0.0009500000000000064,2022-05-24T06:00:00Z,2022-05-24T06:54:00Z,,S2_CLOSE,,,HTF_UNAMBIGUOUS,,2022-05-24T07:00:00Z,2022-05-24T07:00:00Z,1.0731,-4.473684210526144,0.16842105263157783,-4.642105263157721,false,1,,,false
V2_STRICT,EUR/USD_2022-07-01,EUR/USD,1h,supply,2022-04-26T05:00:00Z,1.0728,1.0734,1.0723,1.0732,1.0723,1.0728499999999999,1.0728499999999999,1.0734,1.0717499999999998,0.0005500000000000504,2022-05-24T13:00:00Z,2022-05-24T13:47:00Z,,S2_CLOSE,,,HTF_UNAMBIGUOUS,,2022-05-24T15:00:00Z,2022-05-24T15:00:00Z,1.0743,-2.63636363636371,0.29090909090906425,-2.9272727272727743,false,2,PRODUCTION_WOULD_PICK_ANOTHER_ZONE,,false
V2_STRICT,EUR/USD_2022-07-01,EUR/USD,1h,supply,2022-04-25T11:00:00Z,1.0724,1.0752,1.072,1.0751,1.072,1.0735999999999999,1.0735999999999999,1.0752,1.0703999999999998,0.0016000000000000458,2022-05-24T16:00:00Z,2022-05-24T16:31:00Z,,TARGET,,,HTF_UNAMBIGUOUS,2022-05-25T02:49:00Z,,2022-05-25T02:00:00Z,1.0703999999999998,2,0.09999999999999715,1.9000000000000028,false,1,,,false
V2_STRICT,EUR/USD_2022-07-01,EUR/USD,1h,demand,2022-05-24T02:00:00Z,1.0668,1.0668,1.0661,1.0665,1.0664500000000001,1.0668,1.0664500000000001,1.0661,1.0671500000000003,0.0003500000000000725,2022-05-25T10:00:00Z,2022-05-25T10:34:00Z,,TARGET,,,ONE_MINUTE_RESOLVED,2022-05-25T11:32:00Z,,2022-05-25T11:00:00Z,1.0671500000000003,2,0.45714285714276254,1.5428571428572375,false,2,,,false
V2_STRICT,EUR/USD_2022-07-01,EUR/USD,1h,supply,2022-04-25T11:00:00Z,1.0724,1.0752,1.072,1.0751,1.072,1.0735999999999999,1.0735999999999999,1.0752,1.0703999999999998,0.0016000000000000458,2022-05-27T00:00:00Z,2022-05-27T00:10:00Z,,S2_CLOSE,,,HTF_UNAMBIGUOUS,,2022-05-27T01:00:00Z,2022-05-27T01:00:00Z,1.07625,-1.6562499999999782,0.09999999999999715,-1.7562499999999754,false,1,,,false
V2_STRICT,EUR/USD_2022-07-01,EUR/USD,4h,demand,2022-05-26T16:00:00Z,1.0726,1.0729,1.0702,1.0724,1.07155,1.0729,1.07155,1.0702,1.07425,0.0013499999999999623,2022-05-27T08:00:00Z,2022-05-27T09:59:00Z,,TARGET,,,HTF_UNAMBIGUOUS,2022-05-27T13:51:00Z,,2022-05-27T12:00:00Z,1.07425,2,0.11851851851852184,1.8814814814814782,false,2,PRODUCTION_WOULD_PICK_ANOTHER_ZONE,,false
V2_STRICT,EUR/USD_2022-07-01,EUR/USD,4h,demand,2022-05-26T16:00:00Z,1.0726,1.0729,1.0702,1.0724,1.07155,1.0729,1.07155,1.0702,1.07425,0.0013499999999999623,2022-05-27T16:00:00Z,2022-05-27T16:35:00Z,,TARGET,,,HTF_UNAMBIGUOUS,2022-05-30T01:36:00Z,,2022-05-30T00:00:00Z,1.07425,2,0.11851851851852184,1.8814814814814782,false,1,,,false
V2_STRICT,EUR/USD_2022-07-01,EUR/USD,1h,demand,2022-05-30T03:00:00Z,1.07455,1.0748,1.0738,1.0745,1.0743,1.0748,1.0743,1.0738,1.0753,0.0004999999999999449,2022-05-30T07:00:00Z,2022-05-30T07:59:00Z,,TARGET,,,HTF_UNAMBIGUOUS,2022-05-30T08:36:00Z,,2022-05-30T08:00:00Z,1.0753,2,0.32000000000003526,1.6799999999999646,false,1,,,false
V2_STRICT,EUR/USD_2022-07-01,EUR/USD,1h,demand,2022-05-30T07:00:00Z,1.0755,1.076,1.07405,1.0743,1.0750250000000001,1.076,1.0750250000000001,1.07405,1.0769750000000005,0.0009750000000001702,2022-05-30T12:00:00Z,2022-05-30T12:38:00Z,,TARGET,,,HTF_UNAMBIGUOUS,2022-05-30T13:59:00Z,,2022-05-30T13:00:00Z,1.0769750000000005,2,0.1641025641025355,1.8358974358974645,false,2,PRODUCTION_WOULD_PICK_ANOTHER_ZONE,,false
V2_STRICT,EUR/USD_2022-07-01,EUR/USD,1h,supply,2022-04-25T03:00:00Z,1.0781,1.07885,1.078,1.07815,1.078,1.0784250000000002,1.0784250000000002,1.07885,1.0775750000000004,0.0004249999999998977,2022-05-30T16:00:00Z,2022-05-30T16:31:00Z,,TARGET,,,HTF_UNAMBIGUOUS,2022-05-30T21:04:00Z,,2022-05-30T21:00:00Z,1.0775750000000004,2,0.37647058823538476,1.6235294117646153,false,1,,,false
V2_STRICT,EUR/USD_2022-07-01,EUR/USD,1h,demand,2022-05-30T07:00:00Z,1.0755,1.076,1.07405,1.0743,1.0750250000000001,1.076,1.0750250000000001,1.07405,1.0769750000000005,0.0009750000000001702,2022-05-31T00:00:00Z,2022-05-31T00:43:00Z,,S2_CLOSE,,,HTF_UNAMBIGUOUS,,2022-05-31T06:00:00Z,2022-05-31T06:00:00Z,1.0734,-1.6666666666665908,0.1641025641025355,-1.8307692307691263,false,2,PRODUCTION_WOULD_PICK_ANOTHER_ZONE,,false
V2_STRICT,EUR/USD_2022-07-01,EUR/USD,1h,demand,2022-05-30T00:00:00Z,1.073,1.0735,1.07285,1.0729,1.073175,1.0735,1.073175,1.07285,1.0738249999999998,0.0003249999999999087,2022-05-31T08:00:00Z,2022-05-31T08:48:00Z,,S2_CLOSE,,,ONE_MINUTE_RESOLVED,,2022-05-31T08:00:00Z,2022-05-31T08:00:00Z,1.07275,-1.3076923076923603,0.49230769230783067,-1.800000000000191,true,1,TOUCH_BAR_CLOSED_BEYOND_S2,,false
V2_STRICT,EUR/USD_2022-07-01,EUR/USD,1h,demand,2022-05-26T12:00:00Z,1.0707,1.07085,1.06895,1.0698,1.0699,1.07085,1.0699,1.06895,1.0718,0.0009500000000000064,2022-05-31T10:00:00Z,2022-05-31T10:56:00Z,,S2_CLOSE,,,HTF_UNAMBIGUOUS,,2022-05-31T12:00:00Z,2022-05-31T12:00:00Z,1.0681,-1.8947368421052755,0.16842105263157783,-2.0631578947368534,false,3,PRODUCTION_WOULD_PICK_ANOTHER_ZONE,,false
V2_STRICT,EUR/USD_2022-07-01,EUR/USD,4h,demand,2022-05-27T12:00:00Z,1.0708,1.07505,1.07015,1.0707,1.0726,1.07505,1.0726,1.07015,1.0775000000000001,0.0024500000000000632,2022-05-31T16:00:00Z,2022-05-31T16:23:00Z,,S2_CLOSE,,,HTF_UNAMBIGUOUS,,2022-06-01T12:00:00Z,2022-06-01T12:00:00Z,1.0645,-3.306122448979505,0.0653061224489779,-3.3714285714284826,false,1,,,false
V2_STRICT,EUR/USD_2022-07-01,EUR/USD,4h,demand,2022-05-25T12:00:00Z,1.066,1.0687,1.0643,1.0657,1.0665,1.0687,1.0665,1.0643,1.0709,0.0021999999999999797,2022-06-02T04:00:00Z,2022-06-02T05:54:00Z,,TARGET,,,HTF_UNAMBIGUOUS,2022-06-02T12:51:00Z,,2022-06-02T12:00:00Z,1.0709,2,0.0727272727272734,1.9272727272727266,false,1,,,false
V2_STRICT,EUR/USD_2022-07-01,EUR/USD,1h,supply,2022-05-31T17:00:00Z,1.0731,1.0739,1.0726,1.0739,1.0726,1.07325,1.07325,1.0739,1.07195,0.0006500000000000394,2022-06-02T15:00:00Z,2022-06-02T15:23:00Z,,S2_CLOSE,,,HTF_UNAMBIGUOUS,,2022-06-02T16:00:00Z,2022-06-02T16:00:00Z,1.0744,-1.769230769230638,0.24615384615383124,-2.0153846153844692,false,3,PRODUCTION_WOULD_PICK_ANOTHER_ZONE,,false
V2_STRICT,EUR/USD_2022-07-01,EUR/USD,1h,supply,2022-05-31T07:00:00Z,1.0735,1.0748,1.0735,1.0737,1.0735,1.07415,1.07415,1.0748,1.0728499999999999,0.0006500000000000394,2022-06-02T17:00:00Z,2022-06-02T17:10:00Z,,S2_CLOSE,,,HTF_UNAMBIGUOUS,,2022-06-02T23:00:00Z,2022-06-02T23:00:00Z,1.0751,-1.4615384615383826,0.24615384615383124,-1.707692307692214,false,1,,,false
V2_STRICT,EUR/USD_2022-07-01,EUR/USD,1h,supply,2022-05-31T03:00:00Z,1.0751,1.0754,1.0745,1.07515,1.0745,1.0749499999999999,1.0749499999999999,1.0754,1.0740499999999997,0.00045000000000006146,2022-06-03T00:00:00Z,2022-06-03T00:00:00Z,,S2_CLOSE,,,ONE_MINUTE_RESOLVED,,2022-06-03T00:00:00Z,2022-06-03T00:00:00Z,1.07595,-2.2222222222221673,0.355555555555507,-2.5777777777776745,true,2,TOUCH_BAR_CLOSED_BEYOND_S2,,false
V2_STRICT,EUR/USD_2022-07-01,EUR/USD,1h,demand,2022-06-02T18:00:00Z,1.0745,1.0749,1.0739,1.0739,1.0744,1.0749,1.0744,1.0739,1.0754,0.0004999999999999449,2022-06-03T09:00:00Z,2022-06-03T09:45:00Z,,S2_CLOSE,,,HTF_UNAMBIGUOUS,,2022-06-03T11:00:00Z,2022-06-03T11:00:00Z,1.07285,-3.100000000000222,0.32000000000003526,-3.4200000000002575,false,2,,,false
V2_STRICT,EUR/USD_2022-07-01,EUR/USD,1h,demand,2022-06-06T06:00:00Z,1.0727,1.0734,1.07185,1.0724,1.072625,1.0734,1.072625,1.07185,1.0741749999999999,0.0007749999999999702,2022-06-06T10:00:00Z,2022-06-06T10:39:00Z,,S2_CLOSE,,,HTF_UNAMBIGUOUS,,2022-06-06T13:00:00Z,2022-06-06T13:00:00Z,1.0714,-1.5806451612904242,0.20645161290323377,-1.787096774193658,false,1,,,false
V2_STRICT,EUR/USD_2022-07-01,EUR/USD,1h,demand,2022-06-06T01:00:00Z,1.07165,1.0722,1.071,1.0715,1.0716,1.0722,1.0716,1.071,1.0728000000000004,0.000600000000000156,2022-06-06T14:00:00Z,2022-06-06T14:01:00Z,,S2_CLOSE,,,HTF_UNAMBIGUOUS,,2022-06-06T15:00:00Z,2022-06-06T15:00:00Z,1.0698,-2.9999999999992597,0.2666666666665974,-3.266666666665857,false,1,,,false
V2_STRICT,EUR/USD_2022-07-01,EUR/USD,4h,demand,2022-05-25T12:00:00Z,1.066,1.0687,1.0643,1.0657,1.0665,1.0687,1.0665,1.0643,1.0709,0.0021999999999999797,2022-06-07T12:00:00Z,2022-06-07T12:23:00Z,,TARGET,,,ONE_MINUTE_RESOLVED,2022-06-07T14:49:00Z,,2022-06-07T12:00:00Z,1.0709,2,0.0727272727272734,1.9272727272727266,false,2,,,false
V2_STRICT,EUR/USD_2022-07-01,EUR/USD,4h,demand,2022-06-01T12:00:00Z,1.0709,1.073,1.0627,1.0645,1.06785,1.073,1.06785,1.0627,1.07815,0.005149999999999988,2022-06-08T04:00:00Z,2022-06-08T04:13:00Z,,S2_CLOSE,,,HTF_UNAMBIGUOUS,,2022-06-09T16:00:00Z,2022-06-09T16:00:00Z,1.06135,-1.2621359223300903,0.03106796116504862,-1.293203883495139,false,1,,,false
V2_STRICT,EUR/USD_2022-07-01,EUR/USD,1h,demand,2022-05-23T04:00:00Z,1.05925,1.0595,1.059,1.05905,1.05925,1.0595,1.05925,1.059,1.0597500000000002,0.0002500000000000835,2022-06-10T09:00:00Z,2022-06-10T09:26:00Z,,TARGET,,,ONE_MINUTE_RESOLVED,2022-06-10T09:32:00Z,,2022-06-10T09:00:00Z,1.0597500000000002,2,0.6399999999997863,1.3600000000002137,false,1,,,false
V2_STRICT,EUR/USD_2022-07-01,EUR/USD,1h,demand,2022-05-23T07:00:00Z,1.0606,1.061,1.05925,1.0601,1.060125,1.061,1.060125,1.05925,1.061875,0.0008749999999999591,2022-06-10T10:00:00Z,2022-06-10T10:08:00Z,,S2_CLOSE,,,HTF_UNAMBIGUOUS,,2022-06-10T11:00:00Z,2022-06-10T11:00:00Z,1.0575,-3,0.1828571428571514,-3.1828571428571513,false,1,,,false
V2_STRICT,EUR/USD_2022-07-01,EUR/USD,1h,demand,2022-05-20T14:00:00Z,1.0563,1.05655,1.054,1.0557,1.055275,1.05655,1.055275,1.054,1.0578249999999998,0.001274999999999915,2022-06-10T12:00:00Z,2022-06-10T12:30:00Z,,S2_CLOSE,,,ONE_MINUTE_RESOLVED,,2022-06-10T12:00:00Z,2022-06-10T12:00:00Z,1.0523,-2.3333333333334494,0.12549019607843975,-2.458823529411889,true,3,TOUCH_BAR_CLOSED_BEYOND_S2,,false
V2_STRICT,EUR/USD_2022-07-01,EUR/USD,1h,demand,2022-05-19T01:00:00Z,1.0488,1.0491,1.0479,1.0487,1.0485,1.0491,1.0485,1.0479,1.0496999999999999,0.0005999999999999339,2022-06-13T01:00:00Z,2022-06-13T01:00:00Z,,S2_CLOSE,,,HTF_UNAMBIGUOUS,,2022-06-13T06:00:00Z,2022-06-13T06:00:00Z,1.047,-2.50000000000037,0.2666666666666961,-2.766666666667066,false,2,,,false
V2_STRICT,EUR/USD_2022-07-01,EUR/USD,1h,demand,2022-05-18T21:00:00Z,1.04675,1.047,1.04605,1.0463,1.046525,1.047,1.046525,1.04605,1.047475,0.0004750000000000032,2022-06-13T08:00:00Z,2022-06-13T08:00:00Z,,TARGET,,,ONE_MINUTE_RESOLVED,2022-06-13T08:24:00Z,,2022-06-13T08:00:00Z,1.047475,2,0.33684210526315567,1.6631578947368444,false,1,,,false
V2_STRICT,EUR/USD_2022-07-01,EUR/USD,1h,demand,2022-05-18T21:00:00Z,1.04675,1.047,1.04605,1.0463,1.046525,1.047,1.046525,1.04605,1.047475,0.0004750000000000032,2022-06-13T10:00:00Z,2022-06-13T10:07:00Z,,S2_CLOSE,,,HTF_UNAMBIGUOUS,,2022-06-13T11:00:00Z,2022-06-13T11:00:00Z,1.0446,-4.052631578947246,0.33684210526315567,-4.389473684210401,false,1,,,false
V2_STRICT,EUR/USD_2022-07-01,EUR/USD,1h,demand,2022-05-16T19:00:00Z,1.0437,1.0443,1.0431,1.04325,1.0436999999999999,1.0443,1.0436999999999999,1.0431,1.0448999999999997,0.0005999999999999339,2022-06-13T13:00:00Z,2022-06-13T13:57:00Z,,S2_CLOSE,,,HTF_UNAMBIGUOUS,,2022-06-13T14:00:00Z,2022-06-13T14:00:00Z,1.0421,-2.6666666666666665,0.2666666666666961,-2.9333333333333624,false,2,,,false
V2_STRICT,EUR/USD_2022-07-01,EUR/USD,4h,demand,2022-05-13T16:00:00Z,1.0412,1.0416,1.0394,1.04015,1.0405000000000002,1.0416,1.0405000000000002,1.0394,1.0427000000000004,0.001100000000000101,2022-06-13T16:00:00Z,2022-06-13T19:32:00Z,,TARGET,,,HTF_UNAMBIGUOUS,2022-06-14T03:48:00Z,,2022-06-14T00:00:00Z,1.0427000000000004,2,0.14545454545453212,1.8545454545454678,false,2,,,false
V2_STRICT,EUR/USD_2022-07-01,EUR/USD,1h,supply,2022-06-13T08:00:00Z,1.0466,1.0486,1.0456,1.0475,1.0456,1.0471,1.0471,1.0486,1.0440999999999998,0.0015000000000000568,2022-06-14T07:00:00Z,2022-06-14T07:45:00Z,,TARGET,,,HTF_UNAMBIGUOUS,2022-06-14T09:53:00Z,,2022-06-14T09:00:00Z,1.0440999999999998,2,0.10666666666666264,1.8933333333333373,false,2,,,false
V2_STRICT,EUR/USD_2022-07-01,EUR/USD,1h,supply,2022-06-13T08:00:00Z,1.0466,1.0486,1.0456,1.0475,1.0456,1.0471,1.0471,1.0486,1.0440999999999998,0.0015000000000000568,2022-06-15T05:00:00Z,2022-06-15T05:52:00Z,,S2_CLOSE,,,HTF_UNAMBIGUOUS,,2022-06-15T08:00:00Z,2022-06-15T08:00:00Z,1.0493,-1.4666666666665975,0.10666666666666264,-1.5733333333332602,false,5,,,false
V2_STRICT,EUR/USD_2022-07-01,EUR/USD,1h,demand,2022-05-16T14:00:00Z,1.0404,1.0422,1.039,1.0403,1.0406,1.0422,1.0406,1.039,1.0438,0.0016000000000000458,2022-06-15T12:00:00Z,2022-06-15T12:56:00Z,,S2_CLOSE,,,HTF_UNAMBIGUOUS,,2022-06-15T15:00:00Z,2022-06-15T15:00:00Z,1.0387,-1.187499999999974,0.09999999999999715,-1.2874999999999712,false,1,,,false
V2_STRICT,EUR/USD_2022-07-01,EUR/USD,1h,demand,2022-05-13T13:00:00Z,1.0378,1.03795,1.035,1.0364,1.0364749999999998,1.03795,1.0364749999999998,1.035,1.0394249999999996,0.001474999999999893,2022-06-15T18:00:00Z,2022-06-15T18:06:00Z,,TARGET,,,ONE_MINUTE_RESOLVED,2022-06-15T18:17:00Z,,2022-06-15T18:00:00Z,1.0394249999999996,2,0.10847457627119432,1.8915254237288057,false,1,,,false
V2_STRICT,EUR/USD_2022-07-01,EUR/USD,1h,supply,2022-06-15T13:00:00Z,1.0414,1.0429,1.0404,1.0428,1.0404,1.04165,1.04165,1.0429,1.03915,0.0012499999999999734,2022-06-15T19:00:00Z,2022-06-15T19:00:00Z,,S2_CLOSE,,,ONE_MINUTE_RESOLVED,,2022-06-15T19:00:00Z,2022-06-15T19:00:00Z,1.0454,-3.0000000000001776,0.12800000000000275,-3.1280000000001804,true,1,TOUCH_BAR_CLOSED_BEYOND_S2,,false
V2_STRICT,EUR/USD_2022-07-01,EUR/USD,1h,supply,2022-06-15T23:00:00Z,1.0444,1.0459,1.0443,1.0457,1.0443,1.0451000000000001,1.0451000000000001,1.0459,1.0435000000000003,0.0007999999999999119,2022-06-16T03:00:00Z,2022-06-16T03:15:00Z,,TARGET,,,HTF_UNAMBIGUOUS,2022-06-16T05:37:00Z,,2022-06-16T05:00:00Z,1.0435000000000003,2,0.20000000000002205,1.799999999999978,false,1,,,false
V2_STRICT,EUR/USD_2022-07-01,EUR/USD,1h,supply,2022-06-15T19:00:00Z,1.0422,1.0465,1.0416,1.0454,1.0416,1.04405,1.04405,1.0465,1.0391499999999998,0.0024500000000000632,2022-06-16T13:00:00Z,2022-06-16T13:02:00Z,,S2_CLOSE,,,HTF_UNAMBIGUOUS,,2022-06-16T14:00:00Z,2022-06-16T14:00:00Z,1.0495,-2.224489795918382,0.0653061224489779,-2.2897959183673597,false,2,,,false
V2_STRICT,EUR/USD_2022-07-01,EUR/USD,1h,supply,2022-06-10T14:00:00Z,1.0526,1.0535,1.0506,1.053,1.0506,1.05205,1.05205,1.0535,1.0491499999999996,0.0014500000000001734,2022-06-16T15:00:00Z,2022-06-16T15:51:00Z,,S2_CLOSE,,,HTF_UNAMBIGUOUS,,2022-06-16T16:00:00Z,2022-06-16T16:00:00Z,1.0559,-2.6551724137928763,0.11034482758619371,-2.76551724137907,false,2,,,false
V2_STRICT,EUR/USD_2022-07-01,EUR/USD,1h,demand,2022-06-20T23:00:00Z,1.05185,1.0521,1.0514,1.0518,1.05175,1.0521,1.05175,1.0514,1.05245,0.0003500000000000725,2022-06-21T06:00:00Z,2022-06-21T06:00:00Z,,TARGET,,,ONE_MINUTE_RESOLVED,2022-06-21T06:36:00Z,,2022-06-21T06:00:00Z,1.05245,2,0.45714285714276254,1.5428571428572375,false,1,,,false
V2_STRICT,EUR/USD_2022-07-01,EUR/USD,4h,demand,2022-06-20T04:00:00Z,1.0528,1.05425,1.0511,1.0517,1.0526749999999998,1.05425,1.0526749999999998,1.0511,1.0558249999999996,0.001574999999999882,2022-06-21T16:00:00Z,2022-06-21T18:48:00Z,,S2_CLOSE,,,HTF_UNAMBIGUOUS,,2022-06-22T04:00:00Z,2022-06-22T04:00:00Z,1.0505,-1.3809523809523676,0.1015873015873092,-1.4825396825396768,false,1,,,false
V2_STRICT,EUR/USD_2022-07-01,EUR/USD,1h,supply,2022-06-22T03:00:00Z,1.05095,1.0515,1.0507,1.0511,1.0507,1.0511,1.0511,1.0515,1.0502999999999996,0.000400000000000178,2022-06-22T08:00:00Z,2022-06-22T08:21:00Z,,TARGET,,,ONE_MINUTE_RESOLVED,2022-06-22T08:44:00Z,,2022-06-22T08:00:00Z,1.0502999999999996,2,0.39999999999982205,1.600000000000178,false,1,,,false
V2_STRICT,EUR/USD_2022-07-01,EUR/USD,1h,demand,2022-06-22T11:00:00Z,1.05195,1.0529,1.051,1.0512,1.05195,1.0529,1.05195,1.051,1.05385,0.0009500000000000064,2022-06-23T07:00:00Z,2022-06-23T07:30:00Z,,S2_CLOSE,,,ONE_MINUTE_RESOLVED,,2022-06-23T07:00:00Z,2022-06-23T07:00:00Z,1.0508,-1.210526315789449,0.16842105263157783,-1.378947368421027,true,1,TOUCH_BAR_CLOSED_BEYOND_S2,,false
V2_STRICT,EUR/USD_2022-07-01,EUR/USD,1h,demand,2022-06-22T05:00:00Z,1.0497,1.0498,1.0486,1.0489,1.0492,1.0498,1.0492,1.0486,1.0503999999999998,0.0005999999999999339,2022-06-23T08:00:00Z,2022-06-23T08:46:00Z,,TARGET,,,HTF_UNAMBIGUOUS,2022-06-23T09:12:00Z,,2022-06-23T09:00:00Z,1.0503999999999998,2,0.2666666666666961,1.7333333333333039,false,2,PRODUCTION_WOULD_PICK_ANOTHER_ZONE,,false
V2_STRICT,EUR/USD_2022-07-01,EUR/USD,1h,supply,2022-06-23T06:00:00Z,1.057,1.0579,1.0558,1.05775,1.0558,1.05685,1.05685,1.0579,1.05475,0.0010499999999999954,2022-06-24T14:00:00Z,2022-06-24T14:03:00Z,,TARGET,,,ONE_MINUTE_RESOLVED,2022-06-24T14:44:00Z,,2022-06-24T14:00:00Z,1.05475,2,0.15238095238095306,1.8476190476190468,false,1,,,false
V2_STRICT,EUR/USD_2022-07-01,EUR/USD,1h,supply,2022-06-23T06:00:00Z,1.057,1.0579,1.0558,1.05775,1.0558,1.05685,1.05685,1.0579,1.05475,0.0010499999999999954,2022-06-26T23:00:00Z,2022-06-26T23:06:00Z,,S2_CLOSE,,,HTF_UNAMBIGUOUS,,2022-06-27T07:00:00Z,2022-06-27T07:00:00Z,1.05885,-1.9047619047619149,0.15238095238095306,-2.057142857142868,false,1,,,false
V2_STRICT,EUR/USD_2022-07-01,EUR/USD,1h,demand,2022-06-27T11:00:00Z,1.05855,1.0586,1.05645,1.0567,1.057525,1.0586,1.057525,1.05645,1.0596750000000004,0.0010750000000001592,2022-06-28T01:00:00Z,2022-06-28T01:57:00Z,,TARGET,,,HTF_UNAMBIGUOUS,2022-06-28T06:36:00Z,,2022-06-28T06:00:00Z,1.0596750000000004,2,0.14883720930230357,1.8511627906976964,false,1,,,false
V2_STRICT,EUR/USD_2022-07-01,EUR/USD,1h,demand,2022-06-27T11:00:00Z,1.05855,1.0586,1.05645,1.0567,1.057525,1.0586,1.057525,1.05645,1.0596750000000004,0.0010750000000001592,2022-06-28T11:00:00Z,2022-06-28T11:37:00Z,,S2_CLOSE,,,HTF_UNAMBIGUOUS,,2022-06-28T12:00:00Z,2022-06-28T12:00:00Z,1.05375,-3.5116279069763023,0.14883720930230357,-3.6604651162786057,false,3,PRODUCTION_WOULD_PICK_ANOTHER_ZONE,,false
V2_STRICT,EUR/USD_2022-07-01,EUR/USD,1h,demand,2022-06-24T11:00:00Z,1.0537,1.05405,1.0514,1.0516,1.052725,1.05405,1.052725,1.0514,1.055375,0.0013250000000000206,2022-06-28T14:00:00Z,2022-06-28T14:03:00Z,,S2_CLOSE,,,HTF_UNAMBIGUOUS,,2022-06-29T04:00:00Z,2022-06-29T04:00:00Z,1.0505,-1.6792452830187825,0.1207547169811302,-1.7999999999999128,false,1,,,false
V2_STRICT,EUR/USD_2022-07-01,EUR/USD,1h,demand,2022-06-22T05:00:00Z,1.0497,1.0498,1.0486,1.0489,1.0492,1.0498,1.0492,1.0486,1.0503999999999998,0.0005999999999999339,2022-06-29T06:00:00Z,2022-06-29T06:15:00Z,,TARGET,,,HTF_UNAMBIGUOUS,2022-06-29T07:00:00Z,,2022-06-29T07:00:00Z,1.0503999999999998,2,0.2666666666666961,1.7333333333333039,false,2,PRODUCTION_WOULD_PICK_ANOTHER_ZONE,,false
V2_STRICT,EUR/USD_2022-07-01,EUR/USD,1h,supply,2022-06-29T01:00:00Z,1.0521,1.0533,1.0517,1.0529,1.0517,1.0525,1.0525,1.0533,1.0509000000000002,0.0007999999999999119,2022-06-29T09:00:00Z,2022-06-29T09:11:00Z,,TARGET,,,ONE_MINUTE_RESOLVED,2022-06-29T09:59:00Z,,2022-06-29T09:00:00Z,1.0509000000000002,2,0.20000000000002205,1.799999999999978,false,2,,,false
V2_STRICT,EUR/USD_2022-07-01,EUR/USD,1h,supply,2022-06-29T01:00:00Z,1.0521,1.0533,1.0517,1.0529,1.0517,1.0525,1.0525,1.0533,1.0509000000000002,0.0007999999999999119,2022-06-29T11:00:00Z,2022-06-29T11:00:00Z,,TARGET,,,HTF_UNAMBIGUOUS,2022-06-29T12:24:00Z,,2022-06-29T12:00:00Z,1.0509000000000002,2,0.20000000000002205,1.799999999999978,false,2,,,false
V2_STRICT,EUR/USD_2022-07-01,EUR/USD,1h,supply,2022-06-29T01:00:00Z,1.0521,1.0533,1.0517,1.0529,1.0517,1.0525,1.0525,1.0533,1.0509000000000002,0.0007999999999999119,2022-06-29T13:00:00Z,2022-06-29T13:11:00Z,,TARGET,,,ONE_MINUTE_RESOLVED,2022-06-29T13:17:00Z,,2022-06-29T13:00:00Z,1.0509000000000002,2,0.20000000000002205,1.799999999999978,false,5,PRODUCTION_WOULD_PICK_ANOTHER_ZONE,,false
V2_STRICT,EUR/USD_2022-07-01,EUR/USD,4h,demand,2022-06-17T12:00:00Z,1.0488,1.0508,1.0445,1.0474,1.04765,1.0508,1.04765,1.0445,1.05395,0.003149999999999986,2022-06-29T12:00:00Z,2022-06-29T13:47:00Z,,S2_CLOSE,,,HTF_UNAMBIGUOUS,,2022-06-29T16:00:00Z,2022-06-29T16:00:00Z,1.0441,-1.1269841269841137,0.05079365079365102,-1.1777777777777647,false,2,,,false
V2_STRICT,EUR/USD_2022-07-01,EUR/USD,4h,demand,2022-06-15T12:00:00Z,1.04575,1.0461,1.0385,1.0387,1.0423,1.0461,1.0423,1.0385,1.0499,0.0038000000000000256,2022-06-30T08:00:00Z,2022-06-30T10:05:00Z,,OPEN_AT_DATA_END,,,DATA_END,,,,,,0.04210526315789446,,false,3,PRODUCTION_WOULD_PICK_ANOTHER_ZONE,,true
V2_STRICT,EUR/USD_2025-04-01,EUR/USD,1h,demand,2024-12-10T01:00:00Z,1.05533,1.05541,1.05449,1.055308,1.0549499999999998,1.05541,1.0549499999999998,1.05449,1.0558699999999996,0.00045999999999990493,2024-12-10T07:00:00Z,2024-12-10T07:56:00Z,,S2_CLOSE,,,HTF_UNAMBIGUOUS,,2024-12-10T08:00:00Z,2024-12-10T08:00:00Z,1.05383,-2.434782608695694,0.34782608695659367,-2.7826086956522875,false,1,,M1_OPEN_CLOSE_CORRUPT_IN_WINDOW:1,false
V2_STRICT,EUR/USD_2025-04-01,EUR/USD,1h,demand,2024-12-05T10:00:00Z,1.052818,1.05356,1.05249,1.052623,1.0530249999999999,1.05356,1.0530249999999999,1.05249,1.0540949999999998,0.0005349999999999522,2024-12-10T09:00:00Z,2024-12-10T09:11:00Z,,S2_CLOSE,,,HTF_UNAMBIGUOUS,,2024-12-10T13:00:00Z,2024-12-10T13:00:00Z,1.05227,-1.4112149532708536,0.2990654205607744,-1.710280373831628,false,2,PRODUCTION_WOULD_PICK_ANOTHER_ZONE,HTF_OHLC_VIOLATION_IN_LIFE:2024-12-05T19:00:00Z;M1_OPEN_CLOSE_CORRUPT_IN_WINDOW:2,false
V2_STRICT,EUR/USD_2025-04-01,EUR/USD,1h,demand,2024-12-05T04:00:00Z,1.05229,1.0526,1.05173,1.051845,1.052165,1.0526,1.052165,1.05173,1.053035,0.0004349999999999632,2024-12-10T15:00:00Z,2024-12-10T15:00:00Z,,S2_CLOSE,,,ONE_MINUTE_RESOLVED,,2024-12-10T15:00:00Z,2024-12-10T15:00:00Z,1.05039,-4.080459770115477,0.3678160919540541,-4.448275862069531,true,3,TOUCH_BAR_CLOSED_BEYOND_S2,HTF_OHLC_VIOLATION_IN_LIFE:2024-12-05T19:00:00Z;M1_OPEN_CLOSE_CORRUPT_IN_WINDOW:4,false
V2_STRICT,EUR/USD_2025-04-01,EUR/USD,1h,supply,2024-12-10T11:00:00Z,1.052808,1.05334,1.05238,1.05315,1.05238,1.05286,1.05286,1.05334,1.0518999999999998,0.00048000000000003595,2024-12-10T20:00:00Z,2024-12-10T20:11:00Z,,S2_CLOSE,,,HTF_UNAMBIGUOUS,,2024-12-11T01:00:00Z,2024-12-11T01:00:00Z,1.05348,-1.2916666666667052,0.3333333333333084,-1.6250000000000135,false,1,,M1_OPEN_CLOSE_CORRUPT_IN_WINDOW:5,false
V2_STRICT,EUR/USD_2025-04-01,EUR/USD,1h,supply,2024-12-11T02:00:00Z,1.05347,1.05397,1.05328,1.05369,1.05328,1.053625,1.053625,1.05397,1.052935,0.0003450000000000397,2024-12-11T13:00:00Z,2024-12-11T13:30:00Z,,AMBIGUOUS,CLOSED_AT_TARGET,TARGET,HTF_UNAMBIGUOUS,2024-12-11T14:00:00Z,,2024-12-11T14:00:00Z,1.052935,2,0.46376811594197564,,false,1,,,true
V2_STRICT,EUR/USD_2025-04-01,EUR/USD,4h,demand,2024-11-25T20:00:00Z,1.05055,1.05099,1.04424,1.044388,1.047615,1.05099,1.047615,1.04424,1.0543649999999998,0.003374999999999906,2024-12-12T12:00:00Z,2024-12-12T13:17:00Z,,S2_CLOSE,,,HTF_UNAMBIGUOUS,,2024-12-18T16:00:00Z,2024-12-18T16:00:00Z,1.03774,-2.925925925925965,0.04740740740740873,-2.973333333333374,false,4,,HTF_OHLC_VIOLATION_IN_LIFE:2024-11-28T08:00:00Z+2024-11-28T12:00:00Z;M1_OPEN_CLOSE_CORRUPT_IN_WINDOW:59,false
V2_STRICT,EUR/USD_2025-04-01,EUR/USD,1h,demand,2024-11-22T09:00:00Z,1.04439,1.04457,1.03284,1.040268,1.038705,1.04457,1.038705,1.03284,1.050435,0.005865000000000009,2024-12-19T02:00:00Z,2024-12-19T02:57:00Z,,S2_CLOSE,,,HTF_UNAMBIGUOUS,,2025-01-02T10:00:00Z,2025-01-02T10:00:00Z,1.03168,-1.1977834612105793,0.027280477408354604,-1.225063938618934,false,1,,HTF_OHLC_VIOLATION_IN_LIFE:2024-11-28T11:00:00Z+2024-11-28T12:00:00Z+2024-12-05T19:00:00Z;M1_OPEN_CLOSE_CORRUPT_IN_WINDOW:76,false
V2_STRICT,EUR/USD_2025-04-01,EUR/USD,4h,supply,2025-01-02T00:00:00Z,1.035098,1.03747,1.03433,1.03717,1.03433,1.0358999999999998,1.0358999999999998,1.03747,1.0327599999999997,0.0015700000000000713,2025-01-06T08:00:00Z,2025-01-06T09:08:00Z,,S2_CLOSE,,,ONE_MINUTE_RESOLVED,,2025-01-06T08:00:00Z,2025-01-06T08:00:00Z,1.04218,-4,0.10191082802547309,-4.101910828025473,true,3,TOUCH_BAR_CLOSED_BEYOND_S2;PRODUCTION_WOULD_PICK_ANOTHER_ZONE,M1_OPEN_CLOSE_CORRUPT_IN_WINDOW:7,false
V2_STRICT,EUR/USD_2025-04-01,EUR/USD,1h,supply,2024-12-31T09:00:00Z,1.04184,1.04249,1.04114,1.041898,1.04114,1.041815,1.041815,1.04249,1.040465,0.0006749999999999812,2025-01-06T13:00:00Z,2025-01-06T13:01:00Z,,TARGET,,,ONE_MINUTE_RESOLVED,2025-01-06T13:45:00Z,,2025-01-06T13:00:00Z,1.040465,2,0.23703703703704368,1.7629629629629564,false,1,,,false
V2_STRICT,EUR/USD_2025-04-01,EUR/USD,1h,supply,2024-12-31T09:00:00Z,1.04184,1.04249,1.04114,1.041898,1.04114,1.041815,1.041815,1.04249,1.040465,0.0006749999999999812,2025-01-07T07:00:00Z,2025-01-07T07:39:00Z,,TARGET,,,ONE_MINUTE_RESOLVED,2025-01-07T08:20:00Z,,2025-01-07T08:00:00Z,1.040465,2,0.23703703703704368,1.7629629629629564,false,1,,,false
V2_STRICT,EUR/USD_2025-04-01,EUR/USD,1h,demand,2025-01-07T04:00:00Z,1.03927,1.03948,1.03902,1.03919,1.03925,1.03948,1.03925,1.03902,1.03971,0.00022999999999995246,2025-01-07T12:00:00Z,2025-01-07T12:43:00Z,,TARGET,,,ONE_MINUTE_RESOLVED,2025-01-07T12:44:00Z,,2025-01-07T12:00:00Z,1.03971,2,0.6956521739131873,1.3043478260868127,false,2,TOUCH_BAR_CLOSED_BEYOND_S2;PRODUCTION_WOULD_PICK_ANOTHER_ZONE,M1_OPEN_CLOSE_CORRUPT_IN_WINDOW:1,false
V2_STRICT,EUR/USD_2025-04-01,EUR/USD,1h,demand,2025-01-06T10:00:00Z,1.03558,1.03586,1.03348,1.033527,1.03467,1.03586,1.03467,1.03348,1.03705,0.0011900000000000244,2025-01-07T22:00:00Z,2025-01-07T22:05:00Z,,S2_CLOSE,,,HTF_UNAMBIGUOUS,,2025-01-08T07:00:00Z,2025-01-08T07:00:00Z,1.03324,-1.2016806722689186,0.1344537815126023,-1.336134453781521,false,1,,M1_OPEN_CLOSE_CORRUPT_IN_WINDOW:6,false
V2_STRICT,EUR/USD_2025-04-01,EUR/USD,1h,demand,2025-01-06T05:00:00Z,1.031528,1.03187,1.03083,1.0309,1.03135,1.03187,1.03135,1.03083,1.0323900000000001,0.000520000000000076,2025-01-08T10:00:00Z,2025-01-08T10:08:00Z,,S2_CLOSE,,,HTF_UNAMBIGUOUS,,2025-01-08T11:00:00Z,2025-01-08T11:00:00Z,1.02973,-3.1153846153840736,0.30769230769226275,-3.4230769230763363,false,1,,M1_OPEN_CLOSE_CORRUPT_IN_WINDOW:2,false
V2_STRICT,EUR/USD_2025-04-01,EUR/USD,1h,supply,2025-01-08T09:00:00Z,1.031872,1.03268,1.03152,1.03195,1.03152,1.0321,1.0321,1.03268,1.03094,0.0005800000000000249,2025-01-08T22:00:00Z,2025-01-08T22:16:00Z,,TARGET,,,HTF_UNAMBIGUOUS,2025-01-09T00:32:00Z,,2025-01-09T00:00:00Z,1.03094,2,0.2758620689655054,1.7241379310344946,false,1,,,false
V2_STRICT,EUR/USD_2025-04-01,EUR/USD,1h,supply,2025-01-09T08:00:00Z,1.029115,1.03083,1.02834,1.030777,1.02834,1.029585,1.029585,1.03083,1.027095,0.0012449999999999406,2025-01-09T17:00:00Z,2025-01-09T17:24:00Z,,TARGET,,,HTF_UNAMBIGUOUS,2025-01-10T13:30:00Z,,2025-01-10T13:00:00Z,1.027095,2,0.12851405622490575,1.8714859437750944,false,1,,M1_OPEN_CLOSE_CORRUPT_IN_WINDOW:14,false
V2_STRICT,EUR/USD_2025-04-01,EUR/USD,1h,demand,2025-01-02T19:00:00Z,1.02566,1.02603,1.02476,1.02511,1.025395,1.02603,1.025395,1.02476,1.0266650000000004,0.0006350000000001632,2025-01-10T15:00:00Z,2025-01-10T15:00:00Z,,TARGET,,,ONE_MINUTE_RESOLVED,2025-01-10T15:19:00Z,,2025-01-10T15:00:00Z,1.0266650000000004,2,0.25196850393694314,1.748031496063057,false,1,,M1_OPEN_CLOSE_CORRUPT_IN_WINDOW:6,false
V2_STRICT,EUR/USD_2025-04-01,EUR/USD,4h,supply,2025-01-12T20:00:00Z,1.02423,1.02474,1.0239,1.024313,1.0239,1.02432,1.02432,1.02474,1.0234799999999997,0.00042000000000008697,2025-01-13T20:00:00Z,2025-01-13T21:55:00Z,,S2_CLOSE,,,ONE_MINUTE_RESOLVED,,2025-01-13T20:00:00Z,2025-01-13T20:00:00Z,1.026388,-4.923809523808934,0.3809523809523021,-5.304761904761237,true,1,TOUCH_BAR_CLOSED_BEYOND_S2,M1_OPEN_CLOSE_CORRUPT_IN_WINDOW:2,false
V2_STRICT,EUR/USD_2025-04-01,EUR/USD,1h,supply,2025-01-09T08:00:00Z,1.029115,1.03083,1.02834,1.030777,1.02834,1.029585,1.029585,1.03083,1.027095,0.0012449999999999406,2025-01-14T15:00:00Z,2025-01-14T15:59:00Z,,S2_CLOSE,,,HTF_UNAMBIGUOUS,,2025-01-15T09:00:00Z,2025-01-15T09:00:00Z,1.03099,-1.1285140562250342,0.12851405622490575,-1.25702811244994,false,2,,HTF_OHLC_VIOLATION_IN_LIFE:2025-01-14T15:00:00Z+2025-01-15T04:00:00Z;M1_OPEN_CLOSE_CORRUPT_IN_WINDOW:16,false
V2_STRICT,EUR/USD_2025-04-01,EUR/USD,1h,supply,2025-01-09T13:00:00Z,1.03034,1.03196,1.03006,1.03079,1.03006,1.03101,1.03101,1.03196,1.02911,0.0009500000000000064,2025-01-15T11:00:00Z,2025-01-15T11:04:00Z,,S2_CLOSE,,,HTF_UNAMBIGUOUS,,2025-01-15T13:00:00Z,2025-01-15T13:00:00Z,1.03446,-3.631578947368347,0.16842105263157783,-3.7999999999999248,false,1,,HTF_OHLC_VIOLATION_IN_LIFE:2025-01-14T15:00:00Z+2025-01-15T04:00:00Z,false
V2_STRICT,EUR/USD_2025-04-01,EUR/USD,1h,demand,2025-01-14T17:00:00Z,1.029143,1.02919,1.02787,1.02883,1.02853,1.02919,1.02853,1.02787,1.0298499999999997,0.0006599999999998829,2025-01-15T16:00:00Z,2025-01-15T16:30:00Z,,TARGET,,,HTF_UNAMBIGUOUS,2025-01-15T20:31:00Z,,2025-01-15T20:00:00Z,1.0298499999999997,2,0.24242424242428545,1.7575757575757145,false,1,,HTF_OHLC_VIOLATION_IN_LIFE:2025-01-15T04:00:00Z,false
V2_STRICT,EUR/USD_2025-04-01,EUR/USD,1h,demand,2025-01-14T17:00:00Z,1.029143,1.02919,1.02787,1.02883,1.02853,1.02919,1.02853,1.02787,1.0298499999999997,0.0006599999999998829,2025-01-15T22:00:00Z,2025-01-15T22:06:00Z,,TARGET,,,HTF_UNAMBIGUOUS,2025-01-16T00:30:00Z,,2025-01-16T00:00:00Z,1.0298499999999997,2,0.24242424242428545,1.7575757575757145,false,1,,HTF_OHLC_VIOLATION_IN_LIFE:2025-01-15T04:00:00Z,false
V2_STRICT,EUR/USD_2025-04-01,EUR/USD,1h,demand,2025-01-14T17:00:00Z,1.029143,1.02919,1.02787,1.02883,1.02853,1.02919,1.02853,1.02787,1.0298499999999997,0.0006599999999998829,2025-01-16T02:00:00Z,2025-01-16T02:22:00Z,,TARGET,,,HTF_UNAMBIGUOUS,2025-01-16T07:14:00Z,,2025-01-16T07:00:00Z,1.0298499999999997,2,0.24242424242428545,1.7575757575757145,false,1,,HTF_OHLC_VIOLATION_IN_LIFE:2025-01-15T04:00:00Z,false
V2_STRICT,EUR/USD_2025-04-01,EUR/USD,4h,supply,2025-01-09T08:00:00Z,1.029115,1.03181,1.02834,1.030117,1.02834,1.030075,1.030075,1.03181,1.0266050000000004,0.00173499999999982,2025-01-16T04:00:00Z,2025-01-16T07:37:00Z,,TARGET,,,HTF_UNAMBIGUOUS,2025-01-16T12:43:00Z,,2025-01-16T12:00:00Z,1.0266050000000004,2,0.09221902017292023,1.9077809798270797,false,2,,HTF_OHLC_VIOLATION_IN_LIFE:2025-01-14T12:00:00Z,false
V2_STRICT,EUR/USD_2025-04-01,EUR/USD,4h,supply,2025-01-09T08:00:00Z,1.029115,1.03181,1.02834,1.030117,1.02834,1.030075,1.030075,1.03181,1.0266050000000004,0.00173499999999982,2025-01-16T20:00:00Z,2025-01-16T20:00:00Z,,TARGET,,,HTF_UNAMBIGUOUS,2025-01-17T14:21:00Z,,2025-01-17T12:00:00Z,1.0266050000000004,2,0.09221902017292023,1.9077809798270797,false,2,,HTF_OHLC_VIOLATION_IN_LIFE:2025-01-14T12:00:00Z,false
V2_STRICT,EUR/USD_2025-04-01,EUR/USD,1h,demand,2025-01-16T12:00:00Z,1.02902,1.02906,1.02639,1.02719,1.027725,1.02906,1.027725,1.02639,1.0303950000000002,0.0013350000000000861,2025-01-17T20:00:00Z,2025-01-17T20:01:00Z,,TARGET,,,HTF_UNAMBIGUOUS,2025-01-20T03:58:00Z,,2025-01-20T03:00:00Z,1.0303950000000002,2,0.11985018726590989,1.88014981273409,false,1,,,false
V2_STRICT,EUR/USD_2025-04-01,EUR/USD,4h,supply,2025-01-08T20:00:00Z,1.03093,1.03236,1.03076,1.031332,1.03076,1.0315599999999998,1.0315599999999998,1.03236,1.0299599999999995,0.0008000000000001339,2025-01-20T04:00:00Z,2025-01-20T06:55:00Z,,S2_CLOSE,,,HTF_UNAMBIGUOUS,,2025-01-20T08:00:00Z,2025-01-20T08:00:00Z,1.0326,-1.2999999999999723,0.19999999999996654,-1.4999999999999387,false,1,,HTF_OHLC_VIOLATION_IN_LIFE:2025-01-14T12:00:00Z,false
V2_STRICT,EUR/USD_2025-04-01,EUR/USD,4h,supply,2025-01-08T00:00:00Z,1.03418,1.03552,1.03415,1.03479,1.03415,1.034835,1.034835,1.03552,1.0334649999999999,0.0006850000000000467,2025-01-20T12:00:00Z,2025-01-20T13:30:00Z,,AMBIGUOUS,CLOSED_AT_TARGET,S2_CLOSE,HTF_UNAMBIGUOUS,,2025-01-20T16:00:00Z,2025-01-20T16:00:00Z,1.04208,-10.576642335765623,0.2335766423357505,,false,3,TOUCH_BAR_CLOSED_BEYOND_S2;PRODUCTION_WOULD_PICK_ANOTHER_ZONE,HTF_OHLC_VIOLATION_IN_LIFE:2025-01-14T12:00:00Z,true
V2_STRICT,EUR/USD_2025-04-01,EUR/USD,1h,supply,2025-01-07T09:00:00Z,1.042503,1.04347,1.04239,1.042872,1.04239,1.04293,1.04293,1.04347,1.04185,0.0005399999999999849,2025-01-20T20:00:00Z,2025-01-20T20:12:00Z,,TARGET,,,ONE_MINUTE_RESOLVED,2025-01-20T20:18:00Z,,2025-01-20T20:00:00Z,1.04185,2,0.2962962962963046,1.7037037037036953,false,1,,HTF_OHLC_VIOLATION_IN_LIFE:2025-01-14T15:00:00Z+2025-01-15T04:00:00Z,false
V2_STRICT,EUR/USD_2025-04-01,EUR/USD,1h,supply,2025-01-06T13:00:00Z,1.041087,1.04373,1.04041,1.04168,1.04041,1.04207,1.04207,1.04373,1.03875,0.0016599999999999948,2025-01-20T23:00:00Z,2025-01-20T23:06:00Z,,TARGET,,,HTF_UNAMBIGUOUS,2025-01-21T00:50:00Z,,2025-01-21T00:00:00Z,1.03875,2,0.09638554216867501,1.903614457831325,false,2,,HTF_OHLC_VIOLATION_IN_LIFE:2025-01-14T15:00:00Z+2025-01-15T04:00:00Z,false
V2_STRICT,EUR/USD_2025-04-01,EUR/USD,1h,supply,2025-01-06T11:00:00Z,1.033517,1.04333,1.03285,1.04218,1.03285,1.03809,1.03809,1.04333,1.0276099999999997,0.0052400000000001334,2025-01-21T02:00:00Z,2025-01-21T02:03:00Z,,S2_CLOSE,,,HTF_UNAMBIGUOUS,,2025-01-22T09:00:00Z,2025-01-22T09:00:00Z,1.04467,-1.2557251908396685,0.030534351145037393,-1.2862595419847058,false,2,,HTF_OHLC_VIOLATION_IN_LIFE:2025-01-14T15:00:00Z+2025-01-15T04:00:00Z,false
V2_STRICT,EUR/USD_2025-04-01,EUR/USD,1h,supply,2024-12-30T12:00:00Z,1.044817,1.04591,1.04388,1.04495,1.04388,1.044895,1.044895,1.04591,1.042865,0.0010149999999999881,2025-01-22T11:00:00Z,2025-01-22T11:00:00Z,,TARGET,,,HTF_UNAMBIGUOUS,2025-01-22T13:38:00Z,,2025-01-22T13:00:00Z,1.042865,2,0.15763546798029743,1.8423645320197026,false,1,,HTF_OHLC_VIOLATION_IN_LIFE:2025-01-14T15:00:00Z+2025-01-15T04:00:00Z,false
V2_STRICT,EUR/USD_2025-04-01,EUR/USD,1h,demand,2025-01-21T23:00:00Z,1.04273,1.04294,1.03922,1.04059,1.04108,1.04294,1.04108,1.03922,1.0448,0.0018599999999999728,2025-01-22T21:00:00Z,2025-01-22T21:01:00Z,,TARGET,,,HTF_UNAMBIGUOUS,2025-01-24T02:44:00Z,,2025-01-24T02:00:00Z,1.0448,2,0.08602150537634536,1.9139784946236547,false,1,,,false
V2_STRICT,EUR/USD_2025-04-01,EUR/USD,1h,supply,2024-12-30T12:00:00Z,1.044817,1.04591,1.04388,1.04495,1.04388,1.044895,1.044895,1.04591,1.042865,0.0010149999999999881,2025-01-24T04:00:00Z,2025-01-24T04:09:00Z,,S2_CLOSE,,,HTF_UNAMBIGUOUS,,2025-01-24T07:00:00Z,2025-01-24T07:00:00Z,1.04611,-1.1970443349755688,0.15763546798029743,-1.3546798029558662,false,1,,HTF_OHLC_VIOLATION_IN_LIFE:2025-01-14T15:00:00Z+2025-01-15T04:00:00Z,false
V2_STRICT,EUR/USD_2025-04-01,EUR/USD,1h,supply,2024-12-18T18:00:00Z,1.0475,1.04929,1.04734,1.04874,1.04734,1.048315,1.048315,1.04929,1.0463650000000002,0.0009749999999999481,2025-01-24T08:00:00Z,2025-01-24T08:13:00Z,,S2_CLOSE,,,ONE_MINUTE_RESOLVED,,2025-01-24T08:00:00Z,2025-01-24T08:00:00Z,1.04937,-1.0820512820511408,0.16410256410257285,-1.2461538461537136,true,3,TOUCH_BAR_CLOSED_BEYOND_S2;PRODUCTION_WOULD_PICK_ANOTHER_ZONE,HTF_OHLC_VIOLATION_IN_LIFE:2025-01-14T15:00:00Z+2025-01-15T04:00:00Z,false
V2_STRICT,EUR/USD_2025-04-01,EUR/USD,4h,supply,2024-12-18T00:00:00Z,1.049447,1.05041,1.04924,1.04992,1.04924,1.049825,1.049825,1.05041,1.048655,0.0005850000000000577,2025-01-24T08:00:00Z,2025-01-24T09:01:00Z,,TARGET,,,ONE_MINUTE_RESOLVED,2025-01-24T10:23:00Z,,2025-01-24T08:00:00Z,1.048655,2,0.27350427350424655,1.7264957264957534,false,2,PRODUCTION_WOULD_PICK_ANOTHER_ZONE,HTF_OHLC_VIOLATION_IN_LIFE:2025-01-14T12:00:00Z,false
V2_STRICT,EUR/USD_2025-04-01,EUR/USD,1h,supply,2024-12-17T14:00:00Z,1.0505,1.0512,1.04974,1.050512,1.04974,1.0504699999999998,1.0504699999999998,1.0512,1.0490099999999996,0.0007300000000001194,2025-01-24T15:00:00Z,2025-01-24T15:08:00Z,,S2_CLOSE,,,ONE_MINUTE_RESOLVED,,2025-01-24T15:00:00Z,2025-01-24T15:00:00Z,1.05165,-1.616438356164367,0.21917808219174498,-1.835616438356112,true,3,TOUCH_BAR_CLOSED_BEYOND_S2;PRODUCTION_WOULD_PICK_ANOTHER_ZONE,HTF_OHLC_VIOLATION_IN_LIFE:2025-01-14T15:00:00Z+2025-01-15T04:00:00Z,false
V2_STRICT,EUR/USD_2025-04-01,EUR/USD,4h,supply,2024-12-16T00:00:00Z,1.050943,1.05234,1.05089,1.051192,1.05089,1.051615,1.051615,1.05234,1.0501649999999998,0.0007250000000000867,2025-01-24T16:00:00Z,2025-01-24T16:00:00Z,,TARGET,,,ONE_MINUTE_RESOLVED,2025-01-24T18:22:00Z,,2025-01-24T16:00:00Z,1.0501649999999998,2,0.22068965517238742,1.7793103448276126,false,1,,HTF_OHLC_VIOLATION_IN_LIFE:2025-01-14T12:00:00Z,false
V2_STRICT,EUR/USD_2025-04-01,EUR/USD,1h,demand,2025-01-24T13:00:00Z,1.0474,1.04803,1.04635,1.04688,1.04719,1.04803,1.04719,1.04635,1.0488700000000004,0.0008400000000001739,2025-01-26T23:00:00Z,2025-01-26T23:25:00Z,,S2_CLOSE,,,HTF_UNAMBIGUOUS,,2025-01-27T01:00:00Z,2025-01-27T01:00:00Z,1.04628,-1.083333333333069,0.19047619047615105,-1.27380952380922,false,1,,,false
V2_STRICT,EUR/USD_2025-04-01,EUR/USD,4h,supply,2024-12-16T00:00:00Z,1.050943,1.05234,1.05089,1.051192,1.05089,1.051615,1.051615,1.05234,1.0501649999999998,0.0007250000000000867,2025-01-27T08:00:00Z,2025-01-27T11:13:00Z,,TARGET,,,HTF_UNAMBIGUOUS,2025-01-27T15:30:00Z,,2025-01-27T12:00:00Z,1.0501649999999998,2,0.22068965517238742,1.7793103448276126,false,1,,HTF_OHLC_VIOLATION_IN_LIFE:2025-01-14T12:00:00Z,false
V2_STRICT,EUR/USD_2025-04-01,EUR/USD,1h,demand,2025-01-27T07:00:00Z,1.04594,1.04716,1.04537,1.04572,1.046265,1.04716,1.046265,1.04537,1.0480550000000002,0.0008950000000000902,2025-01-27T23:00:00Z,2025-01-27T23:18:00Z,,S2_CLOSE,,,ONE_MINUTE_RESOLVED,,2025-01-27T23:00:00Z,2025-01-27T23:00:00Z,1.043778,-2.7787709497202853,0.17877094972065238,-2.9575418994409377,true,3,TOUCH_BAR_CLOSED_BEYOND_S2;PRODUCTION_WOULD_PICK_ANOTHER_ZONE,,false
V2_STRICT,EUR/USD_2025-04-01,EUR/USD,1h,demand,2025-01-24T03:00:00Z,1.04487,1.04543,1.04363,1.04462,1.04453,1.04543,1.04453,1.04363,1.0463299999999998,0.0008999999999999009,2025-01-28T01:00:00Z,2025-01-28T01:00:00Z,,S2_CLOSE,,,HTF_UNAMBIGUOUS,,2025-01-28T02:00:00Z,2025-01-28T02:00:00Z,1.04339,-1.266666666666716,0.17777777777779738,-1.4444444444445133,false,2,PRODUCTION_WOULD_PICK_ANOTHER_ZONE,,false
V2_STRICT,EUR/USD_2025-04-01,EUR/USD,4h,demand,2025-01-23T20:00:00Z,1.04228,1.04295,1.04122,1.04159,1.0420850000000002,1.04295,1.0420850000000002,1.04122,1.0438150000000004,0.0008650000000001157,2025-01-28T12:00:00Z,2025-01-28T12:03:00Z,,TARGET,,,ONE_MINUTE_RESOLVED,2025-01-28T14:36:00Z,,2025-01-28T12:00:00Z,1.0438150000000004,2,0.18497109826587124,1.8150289017341288,false,2,PRODUCTION_WOULD_PICK_ANOTHER_ZONE,M1_OPEN_CLOSE_CORRUPT_IN_WINDOW:7,false
V2_STRICT,EUR/USD_2025-04-01,EUR/USD,1h,demand,2025-01-21T23:00:00Z,1.04273,1.04294,1.03922,1.04059,1.04108,1.04294,1.04108,1.03922,1.0448,0.0018599999999999728,2025-01-29T09:00:00Z,2025-01-29T09:05:00Z,,S2_CLOSE,,,HTF_UNAMBIGUOUS,,2025-01-29T13:00:00Z,2025-01-29T13:00:00Z,1.03876,-1.2473118279570612,0.08602150537634536,-1.3333333333334065,false,4,,M1_OPEN_CLOSE_CORRUPT_IN_WINDOW:4,false
V2_STRICT,EUR/USD_2025-04-01,EUR/USD,1h,supply,2025-01-29T08:00:00Z,1.04164,1.0431,1.04158,1.04243,1.04158,1.0423399999999998,1.0423399999999998,1.0431,1.0408199999999996,0.0007600000000000939,2025-01-29T15:00:00Z,2025-01-29T15:44:00Z,,TARGET,,,HTF_UNAMBIGUOUS,2025-01-29T19:00:00Z,,2025-01-29T19:00:00Z,1.0408199999999996,2,0.2105263157894477,1.7894736842105523,false,1,,M1_OPEN_CLOSE_CORRUPT_IN_WINDOW:4,false
V2_STRICT,EUR/USD_2025-04-01,EUR/USD,1h,supply,2025-01-29T08:00:00Z,1.04164,1.0431,1.04158,1.04243,1.04158,1.0423399999999998,1.0423399999999998,1.0431,1.0408199999999996,0.0007600000000000939,2025-01-29T23:00:00Z,2025-01-29T23:00:00Z,,TARGET,,,HTF_UNAMBIGUOUS,2025-01-30T09:03:00Z,,2025-01-30T09:00:00Z,1.0408199999999996,2,0.2105263157894477,1.7894736842105523,false,1,,M1_OPEN_CLOSE_CORRUPT_IN_WINDOW:7,false
V2_STRICT,EUR/USD_2025-04-01,EUR/USD,4h,demand,2025-01-23T04:00:00Z,1.04089,1.04131,1.03899,1.04002,1.0401500000000001,1.04131,1.0401500000000001,1.03899,1.0424700000000002,0.0011600000000000499,2025-01-30T12:00:00Z,2025-01-30T12:29:00Z,,TARGET,,,ONE_MINUTE_RESOLVED,2025-01-30T13:49:00Z,,2025-01-30T12:00:00Z,1.0424700000000002,2,0.1379310344827527,1.8620689655172473,false,2,,M1_OPEN_CLOSE_CORRUPT_IN_WINDOW:5,false
V2_STRICT,EUR/USD_2025-04-01,EUR/USD,1h,supply,2025-01-30T13:00:00Z,1.040355,1.04608,1.04012,1.045772,1.04012,1.0431,1.0431,1.04608,1.03714,0.0029799999999999827,2025-01-30T20:00:00Z,2025-01-30T20:23:00Z,,TARGET,,,HTF_UNAMBIGUOUS,2025-01-31T09:01:00Z,,2025-01-31T09:00:00Z,1.03714,2,0.05369127516778555,1.9463087248322144,false,1,,M1_OPEN_CLOSE_CORRUPT_IN_WINDOW:9,false
V2_STRICT,EUR/USD_2025-04-01,EUR/USD,1h,supply,2025-01-30T13:00:00Z,1.040355,1.04608,1.04012,1.045772,1.04012,1.0431,1.0431,1.04608,1.03714,0.0029799999999999827,2025-01-31T17:00:00Z,2025-01-31T17:12:00Z,,TARGET,,,HTF_UNAMBIGUOUS,2025-01-31T18:33:00Z,,2025-01-31T18:00:00Z,1.03714,2,0.05369127516778555,1.9463087248322144,false,4,,,false
V2_STRICT,EUR/USD_2025-04-01,EUR/USD,1h,demand,2025-01-31T14:00:00Z,1.038245,1.0383,1.0366,1.03688,1.03745,1.0383,1.03745,1.0366,1.03915,0.0008500000000000174,2025-01-31T20:00:00Z,2025-01-31T20:00:00Z,,S2_CLOSE,,,HTF_UNAMBIGUOUS,,2025-01-31T21:00:00Z,2025-01-31T21:00:00Z,1.03612,-1.5647058823529718,0.18823529411764323,-1.752941176470615,false,1,,,false
V2_STRICT,EUR/USD_2025-04-01,EUR/USD,1h,demand,2025-01-14T05:00:00Z,1.02503,1.02521,1.02419,1.024482,1.0247,1.02521,1.0247,1.02419,1.02572,0.0005100000000000104,2025-02-02T22:00:00Z,2025-02-02T22:32:00Z,,TARGET,,,ONE_MINUTE_RESOLVED,2025-02-02T22:45:00Z,,2025-02-02T22:00:00Z,1.02572,2,0.31372549019607204,1.686274509803928,false,2,,HTF_OHLC_VIOLATION_IN_LIFE:2025-01-14T15:00:00Z+2025-01-15T04:00:00Z,false
V2_STRICT,EUR/USD_2025-04-01,EUR/USD,1h,demand,2025-01-14T05:00:00Z,1.02503,1.02521,1.02419,1.024482,1.0247,1.02521,1.0247,1.02419,1.02572,0.0005100000000000104,2025-02-03T00:00:00Z,2025-02-03T00:00:00Z,,TARGET,,,ONE_MINUTE_RESOLVED,2025-02-03T00:02:00Z,,2025-02-03T00:00:00Z,1.02572,2,0.31372549019607204,1.686274509803928,false,2,TOUCH_BAR_CLOSED_BEYOND_S2,HTF_OHLC_VIOLATION_IN_LIFE:2025-01-14T15:00:00Z+2025-01-15T04:00:00Z,false
V2_STRICT,EUR/USD_2025-04-01,EUR/USD,1h,supply,2025-02-03T21:00:00Z,1.029537,1.03508,1.02925,1.03442,1.02925,1.032165,1.032165,1.03508,1.026335,0.002915000000000001,2025-02-04T02:00:00Z,2025-02-04T02:00:00Z,,S2_CLOSE,,,HTF_UNAMBIGUOUS,,2025-02-04T14:00:00Z,2025-02-04T14:00:00Z,1.036002,-1.3162950257290185,0.05488850771869638,-1.371183533447715,false,1,,M1_OPEN_CLOSE_CORRUPT_IN_WINDOW:7,false
V2_STRICT,EUR/USD_2025-04-01,EUR/USD,4h,supply,2025-01-31T12:00:00Z,1.037602,1.04014,1.03601,1.03964,1.03601,1.038075,1.038075,1.04014,1.0339450000000001,0.0020649999999999835,2025-02-04T12:00:00Z,2025-02-04T15:35:00Z,,S2_CLOSE,,,HTF_UNAMBIGUOUS,,2025-02-05T04:00:00Z,2025-02-05T04:00:00Z,1.04027,-1.0629539951573679,0.07748184019370523,-1.140435835351073,false,2,PRODUCTION_WOULD_PICK_ANOTHER_ZONE,M1_OPEN_CLOSE_CORRUPT_IN_WINDOW:9,false
V2_STRICT,EUR/USD_2025-04-01,EUR/USD,1h,supply,2025-01-31T17:00:00Z,1.03998,1.04349,1.03899,1.04201,1.03899,1.0412400000000002,1.0412400000000002,1.04349,1.0367400000000004,0.0022499999999998632,2025-02-05T10:00:00Z,2025-02-05T10:16:00Z,,TARGET,,,HTF_UNAMBIGUOUS,2025-02-06T08:20:00Z,,2025-02-06T08:00:00Z,1.0367400000000004,2,0.07111111111111544,1.9288888888888847,false,3,PRODUCTION_WOULD_PICK_ANOTHER_ZONE,HTF_OHLC_VIOLATION_IN_LIFE:2025-02-03T20:00:00Z;M1_OPEN_CLOSE_CORRUPT_IN_WINDOW:16,false
V2_STRICT,EUR/USD_2025-04-01,EUR/USD,1h,demand,2025-02-07T05:00:00Z,1.03811,1.0382,1.03737,1.03752,1.037785,1.0382,1.037785,1.03737,1.038615,0.0004150000000000542,2025-02-07T12:00:00Z,2025-02-07T12:02:00Z,,TARGET,,,ONE_MINUTE_RESOLVED,2025-02-07T13:30:00Z,,2025-02-07T13:00:00Z,1.038615,2,0.38554216867464847,1.6144578313253515,false,1,,M1_OPEN_CLOSE_CORRUPT_IN_WINDOW:3,false
V2_STRICT,EUR/USD_2025-04-01,EUR/USD,1h,demand,2025-02-03T16:00:00Z,1.031648,1.03221,1.02721,1.0276,1.0297100000000001,1.03221,1.0297100000000001,1.02721,1.0347100000000005,0.0025000000000001688,2025-02-09T22:00:00Z,2025-02-09T22:31:00Z,,TARGET,,,HTF_UNAMBIGUOUS,2025-02-11T16:07:00Z,,2025-02-11T16:00:00Z,1.0347100000000005,2,0.06399999999999569,1.9360000000000044,false,3,,HTF_OHLC_VIOLATION_IN_LIFE:2025-02-03T20:00:00Z;M1_OPEN_CLOSE_CORRUPT_IN_WINDOW:34,false
V2_STRICT,EUR/USD_2025-04-01,EUR/USD,1h,supply,2025-02-07T14:00:00Z,1.03637,1.03891,1.03606,1.03859,1.03606,1.037485,1.037485,1.03891,1.034635,0.0014250000000000096,2025-02-11T19:00:00Z,2025-02-11T19:40:00Z,,TARGET,,,HTF_UNAMBIGUOUS,2025-02-12T13:30:00Z,,2025-02-12T13:00:00Z,1.034635,2,0.11228070175438522,1.8877192982456148,false,1,,M1_OPEN_CLOSE_CORRUPT_IN_WINDOW:19,false
V2_STRICT,EUR/USD_2025-04-01,EUR/USD,1h,supply,2025-02-07T14:00:00Z,1.03637,1.03891,1.03606,1.03859,1.03606,1.037485,1.037485,1.03891,1.034635,0.0014250000000000096,2025-02-12T15:00:00Z,2025-02-12T15:38:00Z,,S2_CLOSE,,,HTF_UNAMBIGUOUS,,2025-02-12T16:00:00Z,2025-02-12T16:00:00Z,1.039143,-1.1635087719297728,0.11228070175438522,-1.275789473684158,false,1,,M1_OPEN_CLOSE_CORRUPT_IN_WINDOW:1,false
V2_STRICT,EUR/USD_2025-04-01,EUR/USD,4h,supply,2025-01-30T12:00:00Z,1.039195,1.04684,1.03901,1.04313,1.03901,1.0429249999999999,1.0429249999999999,1.04684,1.0350949999999997,0.003915000000000113,2025-02-12T16:00:00Z,2025-02-12T18:00:00Z,,S2_CLOSE,,,HTF_UNAMBIGUOUS,,2025-02-14T12:00:00Z,2025-02-14T12:00:00Z,1.05085,-2.024265644955288,0.04086845466155693,-2.065134099616845,false,2,,M1_OPEN_CLOSE_CORRUPT_IN_WINDOW:52,false
V2_STRICT,EUR/USD_2025-04-01,EUR/USD,4h,supply,2025-01-24T12:00:00Z,1.04861,1.0521,1.04635,1.05165,1.04635,1.0492249999999999,1.0492249999999999,1.0521,1.0434749999999995,0.002875000000000183,2025-02-14T20:00:00Z,2025-02-14T20:58:00Z,,TARGET,,,HTF_UNAMBIGUOUS,2025-02-19T09:01:00Z,,2025-02-19T08:00:00Z,1.0434749999999995,2,0.05565217391303994,1.94434782608696,false,1,,M1_OPEN_CLOSE_CORRUPT_IN_WINDOW:43,false
V2_STRICT,EUR/USD_2025-04-01,EUR/USD,4h,demand,2025-02-13T08:00:00Z,1.042593,1.04295,1.03922,1.04031,1.041085,1.04295,1.041085,1.03922,1.044815,0.0018650000000000055,2025-02-19T16:00:00Z,2025-02-19T16:18:00Z,,TARGET,,,HTF_UNAMBIGUOUS,2025-02-20T13:17:00Z,,2025-02-20T12:00:00Z,1.044815,2,0.08579088471849841,1.9142091152815015,false,1,,M1_OPEN_CLOSE_CORRUPT_IN_WINDOW:14,false
V2_STRICT,EUR/USD_2025-04-01,EUR/USD,1h,supply,2025-02-18T15:00:00Z,1.0453,1.04674,1.04512,1.0467,1.04512,1.04593,1.04593,1.04674,1.04431,0.0008099999999999774,2025-02-20T15:00:00Z,2025-02-20T15:24:00Z,,S2_CLOSE,,,ONE_MINUTE_RESOLVED,,2025-02-20T15:00:00Z,2025-02-20T15:00:00Z,1.04742,-1.8395061728395468,0.1975308641975364,-2.0370370370370834,true,3,TOUCH_BAR_CLOSED_BEYOND_S2;PRODUCTION_WOULD_PICK_ANOTHER_ZONE,M1_OPEN_CLOSE_CORRUPT_IN_WINDOW:1,false
V2_STRICT,EUR/USD_2025-04-01,EUR/USD,1h,supply,2025-02-17T10:00:00Z,1.04742,1.04898,1.04731,1.048907,1.04731,1.0481449999999999,1.0481449999999999,1.04898,1.0464749999999996,0.0008350000000001412,2025-02-20T17:00:00Z,2025-02-20T17:10:00Z,,S2_CLOSE,,,HTF_UNAMBIGUOUS,,2025-02-20T18:00:00Z,2025-02-20T18:00:00Z,1.04981,-1.9940119760476,0.1916167664670335,-2.1856287425146337,false,2,,M1_OPEN_CLOSE_CORRUPT_IN_WINDOW:1,false
V2_STRICT,EUR/USD_2025-04-01,EUR/USD,4h,supply,2025-02-17T00:00:00Z,1.04888,1.05069,1.04852,1.04946,1.04852,1.049605,1.049605,1.05069,1.047435,0.0010850000000000026,2025-02-21T00:00:00Z,2025-02-21T00:19:00Z,,TARGET,,,HTF_UNAMBIGUOUS,2025-02-21T08:15:00Z,,2025-02-21T08:00:00Z,1.047435,2,0.1474654377880181,1.852534562211982,false,4,PRODUCTION_WOULD_PICK_ANOTHER_ZONE,M1_OPEN_CLOSE_CORRUPT_IN_WINDOW:7,false
V2_STRICT,EUR/USD_2025-04-01,EUR/USD,1h,supply,2025-02-21T14:00:00Z,1.047532,1.04933,1.047,1.048132,1.047,1.048165,1.048165,1.04933,1.0458349999999998,0.0011650000000000826,2025-02-23T22:00:00Z,2025-02-23T22:47:00Z,,S2_CLOSE,,,HTF_UNAMBIGUOUS,,2025-02-24T00:00:00Z,2025-02-24T00:00:00Z,1.050402,-1.9201716738196446,0.13733905579398167,-2.057510729613626,false,1,,,false
V2_STRICT,EUR/USD_2025-04-01,EUR/USD,4h,supply,2024-12-16T00:00:00Z,1.050943,1.05234,1.05089,1.051192,1.05089,1.051615,1.051615,1.05234,1.0501649999999998,0.0007250000000000867,2025-02-24T00:00:00Z,2025-02-24T01:43:00Z,,TARGET,,,HTF_UNAMBIGUOUS,2025-02-24T06:46:00Z,,2025-02-24T04:00:00Z,1.0501649999999998,2,0.22068965517238742,1.7793103448276126,false,2,PRODUCTION_WOULD_PICK_ANOTHER_ZONE,HTF_OHLC_VIOLATION_IN_LIFE:2025-01-14T12:00:00Z;M1_OPEN_CLOSE_CORRUPT_IN_WINDOW:4,false
V2_STRICT,EUR/USD_2025-04-01,EUR/USD,1h,demand,2025-02-23T23:00:00Z,1.04744,1.04854,1.04685,1.047397,1.047695,1.04854,1.047695,1.04685,1.049385,0.0008449999999999847,2025-02-24T08:00:00Z,2025-02-24T08:18:00Z,,S2_CLOSE,,,HTF_UNAMBIGUOUS,,2025-02-24T13:00:00Z,2025-02-24T13:00:00Z,1.046728,-1.144378698224802,0.18934911242603897,-1.333727810650841,false,1,,M1_OPEN_CLOSE_CORRUPT_IN_WINDOW:1,false
V2_STRICT,EUR/USD_2025-04-01,EUR/USD,1h,demand,2025-02-21T20:00:00Z,1.046202,1.04649,1.04573,1.04608,1.04611,1.04649,1.04611,1.04573,1.0468700000000002,0.00038000000000004697,2025-02-24T15:00:00Z,2025-02-24T15:00:00Z,,TARGET,,,ONE_MINUTE_RESOLVED,2025-02-24T15:09:00Z,,2025-02-24T15:00:00Z,1.0468700000000002,2,0.4210526315788954,1.5789473684211046,false,2,PRODUCTION_WOULD_PICK_ANOTHER_ZONE,,false
V2_STRICT,EUR/USD_2025-04-01,EUR/USD,1h,demand,2025-02-21T15:00:00Z,1.04806,1.04866,1.04523,1.045432,1.046945,1.04866,1.046945,1.04523,1.0503749999999998,0.001714999999999911,2025-02-24T17:00:00Z,2025-02-24T17:07:00Z,,TARGET,,,HTF_UNAMBIGUOUS,2025-02-25T13:31:00Z,,2025-02-25T13:00:00Z,1.0503749999999998,2,0.09329446064140426,1.9067055393585957,false,1,,M1_OPEN_CLOSE_CORRUPT_IN_WINDOW:9,false
V2_STRICT,EUR/USD_2025-04-01,EUR/USD,4h,supply,2024-12-16T00:00:00Z,1.050943,1.05234,1.05089,1.051192,1.05089,1.051615,1.051615,1.05234,1.0501649999999998,0.0007250000000000867,2025-02-25T20:00:00Z,2025-02-25T20:25:00Z,,TARGET,,,HTF_UNAMBIGUOUS,2025-02-26T03:25:00Z,,2025-02-26T00:00:00Z,1.0501649999999998,2,0.22068965517238742,1.7793103448276126,false,2,PRODUCTION_WOULD_PICK_ANOTHER_ZONE,HTF_OHLC_VIOLATION_IN_LIFE:2025-01-14T12:00:00Z;M1_OPEN_CLOSE_CORRUPT_IN_WINDOW:7,false
V2_STRICT,EUR/USD_2025-04-01,EUR/USD,1h,demand,2025-02-25T16:00:00Z,1.04984,1.05065,1.04944,1.0497,1.050045,1.05065,1.050045,1.04944,1.0512549999999998,0.0006049999999999667,2025-02-26T04:00:00Z,2025-02-26T04:16:00Z,,S2_CLOSE,,,HTF_UNAMBIGUOUS,,2025-02-26T05:00:00Z,2025-02-26T05:00:00Z,1.049157,-1.467768595041403,0.26446280991737,-1.732231404958773,false,1,,M1_OPEN_CLOSE_CORRUPT_IN_WINDOW:4,false
V2_STRICT,EUR/USD_2025-04-01,EUR/USD,4h,supply,2025-01-24T12:00:00Z,1.04861,1.0521,1.04635,1.05165,1.04635,1.0492249999999999,1.0492249999999999,1.0521,1.0434749999999995,0.002875000000000183,2025-02-26T12:00:00Z,2025-02-26T12:00:00Z,,TARGET,,,HTF_UNAMBIGUOUS,2025-02-27T13:53:00Z,,2025-02-27T12:00:00Z,1.0434749999999995,2,0.05565217391303994,1.94434782608696,false,4,,M1_OPEN_CLOSE_CORRUPT_IN_WINDOW:19,false
V2_STRICT,EUR/USD_2025-04-01,EUR/USD,1h,demand,2025-02-13T18:00:00Z,1.04255,1.04322,1.03725,1.040938,1.040235,1.04322,1.040235,1.03725,1.046205,0.0029850000000000154,2025-02-27T17:00:00Z,2025-02-27T17:44:00Z,,S2_CLOSE,,,HTF_UNAMBIGUOUS,,2025-02-28T18:00:00Z,2025-02-28T18:00:00Z,1.036338,-1.3055276381909613,0.05360134003350057,-1.3591289782244618,false,2,,M1_OPEN_CLOSE_CORRUPT_IN_WINDOW:29,false
V2_STRICT,EUR/USD_2025-04-01,EUR/USD,4h,demand,2025-02-12T00:00:00Z,1.036377,1.03682,1.03537,1.036185,1.036095,1.03682,1.036095,1.03537,1.0375450000000002,0.0007250000000000867,2025-02-28T16:00:00Z,2025-02-28T19:03:00Z,,TARGET,,,HTF_UNAMBIGUOUS,2025-02-28T20:56:00Z,,2025-02-28T20:00:00Z,1.0375450000000002,2,0.22068965517238742,1.7793103448276126,false,2,,M1_OPEN_CLOSE_CORRUPT_IN_WINDOW:2,false
V2_STRICT,EUR/USD_2025-04-01,EUR/USD,4h,supply,2025-02-28T12:00:00Z,1.03987,1.04205,1.0393,1.040002,1.0393,1.0406749999999998,1.0406749999999998,1.04205,1.0379249999999995,0.0013750000000001261,2025-03-02T20:00:00Z,2025-03-02T22:00:00Z,,S2_CLOSE,,,HTF_UNAMBIGUOUS,,2025-03-03T08:00:00Z,2025-03-03T08:00:00Z,1.04527,-3.3418181818179673,0.1163636363636257,-3.458181818181593,false,1,,M1_OPEN_CLOSE_CORRUPT_IN_WINDOW:11,false
V2_STRICT,EUR/USD_2025-04-01,EUR/USD,1h,supply,2025-02-26T19:00:00Z,1.04881,1.04939,1.04816,1.04914,1.04816,1.048775,1.048775,1.04939,1.047545,0.0006150000000000322,2025-03-03T14:00:00Z,2025-03-03T14:46:00Z,,TARGET,,,HTF_UNAMBIGUOUS,2025-03-03T15:00:00Z,,2025-03-03T15:00:00Z,1.047545,2,0.2601626016260027,1.7398373983739974,false,4,,M1_OPEN_CLOSE_CORRUPT_IN_WINDOW:1,false
V2_STRICT,EUR/USD_2025-04-01,EUR/USD,1h,supply,2025-02-26T19:00:00Z,1.04881,1.04939,1.04816,1.04914,1.04816,1.048775,1.048775,1.04939,1.047545,0.0006150000000000322,2025-03-03T16:00:00Z,2025-03-03T16:00:00Z,,S2_CLOSE,,,ONE_MINUTE_RESOLVED,,2025-03-03T16:00:00Z,2025-03-03T16:00:00Z,1.04962,-1.3739837398373016,0.2601626016260027,-1.6341463414633042,true,2,TOUCH_BAR_CLOSED_BEYOND_S2,,false
V2_STRICT,EUR/USD_2025-04-01,EUR/USD,4h,supply,2025-01-24T12:00:00Z,1.04861,1.0521,1.04635,1.05165,1.04635,1.0492249999999999,1.0492249999999999,1.0521,1.0434749999999995,0.002875000000000183,2025-03-03T20:00:00Z,2025-03-03T21:30:00Z,,S2_CLOSE,,,HTF_UNAMBIGUOUS,,2025-03-04T08:00:00Z,2025-03-04T08:00:00Z,1.054428,-1.8097391304346913,0.05565217391303994,-1.8653913043477313,false,3,,M1_OPEN_CLOSE_CORRUPT_IN_WINDOW:18,false
V2_STRICT,EUR/USD_2025-04-01,EUR/USD,1h,demand,2025-03-04T10:00:00Z,1.05122,1.05198,1.05022,1.05114,1.0511,1.05198,1.0511,1.05022,1.05286,0.0008799999999999919,2025-03-04T15:00:00Z,2025-03-04T15:17:00Z,,TARGET,,,HTF_UNAMBIGUOUS,2025-03-04T16:01:00Z,,2025-03-04T16:00:00Z,1.05286,2,0.18181818181818352,1.8181818181818166,false,1,,,false
V2_STRICT,EUR/USD_2025-04-01,EUR/USD,1h,supply,2024-12-10T06:00:00Z,1.05621,1.05685,1.05607,1.056668,1.05607,1.05646,1.05646,1.05685,1.0556799999999997,0.0003900000000001125,2025-03-04T18:00:00Z,2025-03-04T18:11:00Z,,S2_CLOSE,,,ONE_MINUTE_RESOLVED,,2025-03-04T18:00:00Z,2025-03-04T18:00:00Z,1.059068,-6.687179487177414,0.41025641025629195,-7.097435897433706,true,3,TOUCH_BAR_CLOSED_BEYOND_S2;PRODUCTION_WOULD_PICK_ANOTHER_ZONE,HTF_OHLC_VIOLATION_IN_LIFE:2025-01-14T15:00:00Z+2025-01-15T04:00:00Z+2025-02-03T20:00:00Z;M1_OPEN_CLOSE_CORRUPT_IN_WINDOW:6,false
V2_STRICT,EUR/USD_2025-04-01,EUR/USD,1h,supply,2024-11-20T01:00:00Z,1.059957,1.06044,1.05955,1.060013,1.05955,1.059995,1.059995,1.06044,1.059105,0.0004450000000000287,2025-03-04T19:00:00Z,2025-03-04T19:09:00Z,,TARGET,,,ONE_MINUTE_RESOLVED,2025-03-04T19:10:00Z,,2025-03-04T19:00:00Z,1.059105,2,0.35955056179772965,1.6404494382022703,false,1,,HTF_OHLC_VIOLATION_IN_LIFE:2024-11-28T11:00:00Z+2024-11-28T12:00:00Z+2024-12-05T19:00:00Z+2025-01-14T15:00:00Z+2025-01-15T04:00:00Z+2025-02-03T20:00:00Z,false
V2_STRICT,EUR/USD_2025-04-01,EUR/USD,4h,supply,2024-11-13T08:00:00Z,1.060293,1.06386,1.05929,1.063762,1.05929,1.061575,1.061575,1.06386,1.0570049999999998,0.0022850000000000925,2025-03-05T00:00:00Z,2025-03-05T00:05:00Z,,S2_CLOSE,,,HTF_UNAMBIGUOUS,,2025-03-05T04:00:00Z,2025-03-05T04:00:00Z,1.06746,-2.575492341356631,0.07002188183807156,-2.6455142231947026,false,1,,HTF_OHLC_VIOLATION_IN_LIFE:2024-11-28T08:00:00Z+2024-11-28T12:00:00Z+2025-01-14T12:00:00Z;M1_OPEN_CLOSE_CORRUPT_IN_WINDOW:15,false
V2_STRICT,EUR/USD_2025-04-01,EUR/USD,4h,supply,2024-11-11T00:00:00Z,1.071318,1.07283,1.07082,1.071687,1.07082,1.071825,1.071825,1.07283,1.0698150000000002,0.0010049999999999226,2025-03-05T08:00:00Z,2025-03-05T09:31:00Z,,TARGET,,,ONE_MINUTE_RESOLVED,2025-03-05T10:22:00Z,,2025-03-05T08:00:00Z,1.0698150000000002,2,0.15920398009951475,1.8407960199004854,false,1,,HTF_OHLC_VIOLATION_IN_LIFE:2024-11-28T08:00:00Z+2024-11-28T12:00:00Z+2025-01-14T12:00:00Z;M1_OPEN_CLOSE_CORRUPT_IN_WINDOW:3,false
V2_STRICT,EUR/USD_2025-04-01,EUR/USD,4h,supply,2024-11-07T12:00:00Z,1.07592,1.08256,1.07563,1.081107,1.07563,1.0790950000000001,1.0790950000000001,1.08256,1.0721650000000005,0.0034649999999998293,2025-03-05T20:00:00Z,2025-03-05T20:00:00Z,,S2_CLOSE,,,HTF_UNAMBIGUOUS,,2025-03-07T04:00:00Z,2025-03-07T04:00:00Z,1.082993,-1.124963924963968,0.04617604617604845,-1.1711399711400166,false,1,,HTF_OHLC_VIOLATION_IN_LIFE:2024-11-28T08:00:00Z+2024-11-28T12:00:00Z+2025-01-14T12:00:00Z;M1_OPEN_CLOSE_CORRUPT_IN_WINDOW:16,false
V2_STRICT,EUR/USD_2025-04-01,EUR/USD,1h,demand,2025-03-10T08:00:00Z,1.08228,1.08248,1.0805,1.081,1.08149,1.08248,1.08149,1.0805,1.0834700000000002,0.0009900000000000464,2025-03-10T11:00:00Z,2025-03-10T11:05:00Z,,TARGET,,,ONE_MINUTE_RESOLVED,2025-03-10T11:07:00Z,,2025-03-10T11:00:00Z,1.0834700000000002,2,0.16161616161615405,1.838383838383846,false,1,,,false
V2_STRICT,EUR/USD_2025-04-01,EUR/USD,1h,demand,2025-03-11T10:00:00Z,1.0909,1.09092,1.0882,1.08908,1.08956,1.09092,1.08956,1.0882,1.0922800000000001,0.0013600000000000279,2025-03-11T14:00:00Z,2025-03-11T14:28:00Z,,TARGET,,,HTF_UNAMBIGUOUS,2025-03-11T15:05:00Z,,2025-03-11T15:00:00Z,1.0922800000000001,2,0.11764705882352701,1.882352941176473,false,1,,,false
V2_STRICT,EUR/USD_2025-04-01,EUR/USD,4h,supply,2024-11-05T20:00:00Z,1.09312,1.09378,1.09118,1.093408,1.09118,1.0924800000000001,1.0924800000000001,1.09378,1.0898800000000004,0.0012999999999998568,2025-03-11T16:00:00Z,2025-03-11T16:00:00Z,,TARGET,,,HTF_UNAMBIGUOUS,2025-03-12T03:21:00Z,,2025-03-12T00:00:00Z,1.0898800000000004,2,0.12307692307693664,1.8769230769230634,false,3,PRODUCTION_WOULD_PICK_ANOTHER_ZONE,HTF_OHLC_VIOLATION_IN_LIFE:2024-11-28T08:00:00Z+2024-11-28T12:00:00Z+2025-01-14T12:00:00Z;M1_OPEN_CLOSE_CORRUPT_IN_WINDOW:12,false
V2_STRICT,EUR/USD_2025-04-01,EUR/USD,1h,demand,2025-03-11T10:00:00Z,1.0909,1.09092,1.0882,1.08908,1.08956,1.09092,1.08956,1.0882,1.0922800000000001,0.0013600000000000279,2025-03-12T06:00:00Z,2025-03-12T06:53:00Z,,TARGET,,,HTF_UNAMBIGUOUS,2025-03-12T09:00:00Z,,2025-03-12T09:00:00Z,1.0922800000000001,2,0.11764705882352701,1.882352941176473,false,1,,M1_OPEN_CLOSE_CORRUPT_IN_WINDOW:2,false
V2_STRICT,EUR/USD_2025-04-01,EUR/USD,4h,supply,2024-11-05T20:00:00Z,1.09312,1.09378,1.09118,1.093408,1.09118,1.0924800000000001,1.0924800000000001,1.09378,1.0898800000000004,0.0012999999999998568,2025-03-12T08:00:00Z,2025-03-12T09:08:00Z,,TARGET,,,HTF_UNAMBIGUOUS,2025-03-12T12:00:00Z,,2025-03-12T12:00:00Z,1.0898800000000004,2,0.12307692307693664,1.8769230769230634,false,2,PRODUCTION_WOULD_PICK_ANOTHER_ZONE,HTF_OHLC_VIOLATION_IN_LIFE:2024-11-28T08:00:00Z+2024-11-28T12:00:00Z+2025-01-14T12:00:00Z;M1_OPEN_CLOSE_CORRUPT_IN_WINDOW:1,false
V2_STRICT,EUR/USD_2025-04-01,EUR/USD,1h,demand,2025-03-11T10:00:00Z,1.0909,1.09092,1.0882,1.08908,1.08956,1.09092,1.08956,1.0882,1.0922800000000001,0.0013600000000000279,2025-03-12T12:00:00Z,2025-03-12T12:08:00Z,,TARGET,,,ONE_MINUTE_RESOLVED,2025-03-12T12:30:00Z,,2025-03-12T12:00:00Z,1.0922800000000001,2,0.11764705882352701,1.882352941176473,false,2,TOUCH_BAR_CLOSED_BEYOND_S2,,false
V2_STRICT,EUR/USD_2025-04-01,EUR/USD,4h,supply,2024-11-05T20:00:00Z,1.09312,1.09378,1.09118,1.093408,1.09118,1.0924800000000001,1.0924800000000001,1.09378,1.0898800000000004,0.0012999999999998568,2025-03-12T16:00:00Z,2025-03-12T16:08:00Z,,TARGET,,,ONE_MINUTE_RESOLVED,2025-03-12T18:21:00Z,,2025-03-12T16:00:00Z,1.0898800000000004,2,0.12307692307693664,1.8769230769230634,false,2,PRODUCTION_WOULD_PICK_ANOTHER_ZONE,HTF_OHLC_VIOLATION_IN_LIFE:2024-11-28T08:00:00Z+2024-11-28T12:00:00Z+2025-01-14T12:00:00Z;M1_OPEN_CLOSE_CORRUPT_IN_WINDOW:3,false
V2_STRICT,EUR/USD_2025-04-01,EUR/USD,1h,demand,2025-03-11T05:00:00Z,1.085447,1.08561,1.08354,1.08384,1.084575,1.08561,1.084575,1.08354,1.0866450000000003,0.0010350000000001192,2025-03-13T11:00:00Z,2025-03-13T11:59:00Z,,TARGET,,,ONE_MINUTE_RESOLVED,2025-03-13T12:30:00Z,,2025-03-13T12:00:00Z,1.0866450000000003,2,0.15458937198065853,1.8454106280193414,false,1,,M1_OPEN_CLOSE_CORRUPT_IN_WINDOW:1,false
V2_STRICT,EUR/USD_2025-04-01,EUR/USD,1h,supply,2025-03-13T21:00:00Z,1.085245,1.08591,1.08441,1.08531,1.08441,1.0851600000000001,1.0851600000000001,1.08591,1.0836600000000005,0.0007499999999998064,2025-03-14T05:00:00Z,2025-03-14T05:58:00Z,,TARGET,,,HTF_UNAMBIGUOUS,2025-03-14T06:29:00Z,,2025-03-14T06:00:00Z,1.0836600000000005,2,0.21333333333338841,1.7866666666666116,false,1,,M1_OPEN_CLOSE_CORRUPT_IN_WINDOW:1,false
V2_STRICT,EUR/USD_2025-04-01,EUR/USD,1h,supply,2025-03-13T21:00:00Z,1.085245,1.08591,1.08441,1.08531,1.08441,1.0851600000000001,1.0851600000000001,1.08591,1.0836600000000005,0.0007499999999998064,2025-03-14T09:00:00Z,2025-03-14T09:02:00Z,,S2_CLOSE,,,HTF_UNAMBIGUOUS,,2025-03-14T10:00:00Z,2025-03-14T10:00:00Z,1.089573,-5.884000000001223,0.21333333333338841,-6.097333333334611,false,1,,M1_OPEN_CLOSE_CORRUPT_IN_WINDOW:5,false
V2_STRICT,EUR/USD_2025-04-01,EUR/USD,4h,supply,2024-11-05T20:00:00Z,1.09312,1.09378,1.09118,1.093408,1.09118,1.0924800000000001,1.0924800000000001,1.09378,1.0898800000000004,0.0012999999999998568,2025-03-17T16:00:00Z,2025-03-17T16:35:00Z,,TARGET,,,HTF_UNAMBIGUOUS,2025-03-18T12:37:00Z,,2025-03-18T12:00:00Z,1.0898800000000004,2,0.12307692307693664,1.8769230769230634,false,1,,HTF_OHLC_VIOLATION_IN_LIFE:2024-11-28T08:00:00Z+2024-11-28T12:00:00Z+2025-01-14T12:00:00Z;M1_OPEN_CLOSE_CORRUPT_IN_WINDOW:19,false
V2_STRICT,EUR/USD_2025-04-01,EUR/USD,1h,demand,2025-03-18T02:00:00Z,1.09136,1.09166,1.09077,1.09088,1.091215,1.09166,1.091215,1.09077,1.092105,0.0004450000000000287,2025-03-18T13:00:00Z,2025-03-18T13:00:00Z,,TARGET,,,ONE_MINUTE_RESOLVED,2025-03-18T13:21:00Z,,2025-03-18T13:00:00Z,1.092105,2,0.35955056179772965,1.6404494382022703,false,1,,,false
V2_STRICT,EUR/USD_2025-04-01,EUR/USD,1h,demand,2025-03-18T02:00:00Z,1.09136,1.09166,1.09077,1.09088,1.091215,1.09166,1.091215,1.09077,1.092105,0.0004450000000000287,2025-03-18T15:00:00Z,2025-03-18T15:00:00Z,,AMBIGUOUS,CLOSED_AT_TARGET,TARGET,HTF_UNAMBIGUOUS,2025-03-18T16:00:00Z,,2025-03-18T16:00:00Z,1.092105,2,0.35955056179772965,,false,1,,M1_OPEN_CLOSE_CORRUPT_IN_WINDOW:2,true
V2_STRICT,EUR/USD_2025-04-01,EUR/USD,4h,supply,2024-11-05T20:00:00Z,1.09312,1.09378,1.09118,1.093408,1.09118,1.0924800000000001,1.0924800000000001,1.09378,1.0898800000000004,0.0012999999999998568,2025-03-18T16:00:00Z,2025-03-18T16:01:00Z,,S2_CLOSE,,,ONE_MINUTE_RESOLVED,,2025-03-18T16:00:00Z,2025-03-18T16:00:00Z,1.094658,-1.6753846153846392,0.12307692307693664,-1.7984615384615759,true,1,TOUCH_BAR_CLOSED_BEYOND_S2,HTF_OHLC_VIOLATION_IN_LIFE:2024-11-28T08:00:00Z+2024-11-28T12:00:00Z+2025-01-14T12:00:00Z;M1_OPEN_CLOSE_CORRUPT_IN_WINDOW:16,false
V2_STRICT,EUR/USD_2025-04-01,EUR/USD,4h,supply,2024-10-11T12:00:00Z,1.0931,1.09528,1.09258,1.094137,1.09258,1.09393,1.09393,1.09528,1.0912300000000001,0.0013499999999999623,2025-03-18T20:00:00Z,2025-03-18T23:55:00Z,,TARGET,,,HTF_UNAMBIGUOUS,2025-03-19T07:09:00Z,,2025-03-19T04:00:00Z,1.0912300000000001,2,0.11851851851852184,1.8814814814814782,false,1,,HTF_OHLC_VIOLATION_IN_LIFE:2024-11-28T08:00:00Z+2024-11-28T12:00:00Z+2025-01-14T12:00:00Z;M1_OPEN_CLOSE_CORRUPT_IN_WINDOW:9,false
V2_STRICT,EUR/USD_2025-04-01,EUR/USD,1h,demand,2025-03-17T12:00:00Z,1.09023,1.09115,1.08866,1.09018,1.089905,1.09115,1.089905,1.08866,1.0923949999999998,0.0012449999999999406,2025-03-19T07:00:00Z,2025-03-19T07:35:00Z,,S2_CLOSE,,,HTF_UNAMBIGUOUS,,2025-03-19T14:00:00Z,2025-03-19T14:00:00Z,1.088405,-1.2048192771083586,0.12851405622490575,-1.3333333333332642,false,5,PRODUCTION_WOULD_PICK_ANOTHER_ZONE,HTF_OHLC_VIOLATION_IN_LIFE:2025-03-17T13:00:00Z;M1_OPEN_CLOSE_CORRUPT_IN_WINDOW:2,false
V2_STRICT,EUR/USD_2025-04-01,EUR/USD,4h,demand,2025-03-17T04:00:00Z,1.08835,1.08944,1.08684,1.08765,1.08814,1.08944,1.08814,1.08684,1.0907400000000003,0.0013000000000000789,2025-03-19T12:00:00Z,2025-03-19T15:35:00Z,,TARGET,,,HTF_UNAMBIGUOUS,2025-03-19T18:42:00Z,,2025-03-19T16:00:00Z,1.0907400000000003,2,0.12307692307691562,1.8769230769230845,false,1,,M1_OPEN_CLOSE_CORRUPT_IN_WINDOW:5,false
V2_STRICT,EUR/USD_2025-04-01,EUR/USD,1h,supply,2025-03-19T08:00:00Z,1.08927,1.09111,1.08918,1.090728,1.08918,1.0901450000000001,1.0901450000000001,1.09111,1.0882150000000004,0.0009649999999998826,2025-03-19T20:00:00Z,2025-03-19T20:12:00Z,,S2_CLOSE,,,HTF_UNAMBIGUOUS,,2025-03-19T23:00:00Z,2025-03-19T23:00:00Z,1.09118,-1.0725388601036507,0.16580310880831034,-1.238341968911961,false,2,,M1_OPEN_CLOSE_CORRUPT_IN_WINDOW:3,false
V2_STRICT,EUR/USD_2025-04-01,EUR/USD,1h,supply,2025-03-19T11:00:00Z,1.09001,1.09136,1.08935,1.0909,1.08935,1.0903550000000002,1.0903550000000002,1.09136,1.0883450000000003,0.0010049999999999226,2025-03-20T00:00:00Z,2025-03-20T00:30:00Z,,TARGET,,,HTF_UNAMBIGUOUS,2025-03-20T07:21:00Z,,2025-03-20T07:00:00Z,1.0883450000000003,2,0.15920398009951475,1.8407960199004854,false,1,,M1_OPEN_CLOSE_CORRUPT_IN_WINDOW:6,false
V2_STRICT,EUR/USD_2025-04-01,EUR/USD,4h,demand,2025-03-17T04:00:00Z,1.08835,1.08944,1.08684,1.08765,1.08814,1.08944,1.08814,1.08684,1.0907400000000003,0.0013000000000000789,2025-03-20T04:00:00Z,2025-03-20T07:29:00Z,,S2_CLOSE,,,HTF_UNAMBIGUOUS,,2025-03-20T08:00:00Z,2025-03-20T08:00:00Z,1.08499,-2.4230769230769362,0.12307692307691562,-2.5461538461538518,false,1,,M1_OPEN_CLOSE_CORRUPT_IN_WINDOW:5,false
V2_STRICT,EUR/USD_2025-04-01,EUR/USD,1h,demand,2025-03-10T08:00:00Z,1.08228,1.08248,1.0805,1.081,1.08149,1.08248,1.08149,1.0805,1.0834700000000002,0.0009900000000000464,2025-03-20T13:00:00Z,2025-03-20T13:33:00Z,,TARGET,,,HTF_UNAMBIGUOUS,2025-03-20T14:04:00Z,,2025-03-20T14:00:00Z,1.0834700000000002,2,0.16161616161615405,1.838383838383846,false,1,,HTF_OHLC_VIOLATION_IN_LIFE:2025-03-17T13:00:00Z,false
V2_STRICT,EUR/USD_2025-04-01,EUR/USD,4h,demand,2025-03-10T04:00:00Z,1.08317,1.08452,1.08105,1.0823,1.0827849999999999,1.08452,1.0827849999999999,1.08105,1.0862549999999995,0.00173499999999982,2025-03-21T08:00:00Z,2025-03-21T08:19:00Z,,S2_CLOSE,,,HTF_UNAMBIGUOUS,,2025-03-21T12:00:00Z,2025-03-21T12:00:00Z,1.08068,-1.2132564841498674,0.09221902017292023,-1.3054755043227877,false,3,,M1_OPEN_CLOSE_CORRUPT_IN_WINDOW:14,false
V2_STRICT,EUR/USD_2025-04-01,EUR/USD,1h,demand,2025-03-10T08:00:00Z,1.08228,1.08248,1.0805,1.081,1.08149,1.08248,1.08149,1.0805,1.0834700000000002,0.0009900000000000464,2025-03-21T16:00:00Z,2025-03-21T16:16:00Z,,TARGET,,,HTF_UNAMBIGUOUS,2025-03-23T23:54:00Z,,2025-03-23T23:00:00Z,1.0834700000000002,2,0.16161616161615405,1.838383838383846,false,1,,HTF_OHLC_VIOLATION_IN_LIFE:2025-03-17T13:00:00Z;M1_OPEN_CLOSE_CORRUPT_IN_WINDOW:6,false
V2_STRICT,EUR/USD_2025-04-01,EUR/USD,1h,supply,2025-03-20T22:00:00Z,1.08556,1.08595,1.0851,1.085738,1.0851,1.085525,1.085525,1.08595,1.0846750000000003,0.0004249999999998977,2025-03-24T08:00:00Z,2025-03-24T08:23:00Z,,TARGET,,,ONE_MINUTE_RESOLVED,2025-03-24T08:30:00Z,,2025-03-24T08:00:00Z,1.0846750000000003,2,0.37647058823538476,1.6235294117646153,false,1,,M1_OPEN_CLOSE_CORRUPT_IN_WINDOW:1,false
V2_STRICT,EUR/USD_2025-04-01,EUR/USD,1h,supply,2025-03-20T22:00:00Z,1.08556,1.08595,1.0851,1.085738,1.0851,1.085525,1.085525,1.08595,1.0846750000000003,0.0004249999999998977,2025-03-24T10:00:00Z,2025-03-24T10:38:00Z,,TARGET,,,ONE_MINUTE_RESOLVED,2025-03-24T10:49:00Z,,2025-03-24T10:00:00Z,1.0846750000000003,2,0.37647058823538476,1.6235294117646153,false,1,,,false
V2_STRICT,EUR/USD_2025-04-01,EUR/USD,4h,demand,2025-03-06T00:00:00Z,1.079417,1.08206,1.07869,1.079012,1.080375,1.08206,1.080375,1.07869,1.0837450000000004,0.0016850000000001586,2025-03-24T12:00:00Z,2025-03-24T13:51:00Z,,S2_CLOSE,,,HTF_UNAMBIGUOUS,,2025-03-26T00:00:00Z,2025-03-26T00:00:00Z,1.07861,-1.047477744807033,0.09495548961423439,-1.1424332344212673,false,2,,M1_OPEN_CLOSE_CORRUPT_IN_WINDOW:30,false
V2_STRICT,EUR/USD_2025-04-01,EUR/USD,1h,demand,2025-03-06T21:00:00Z,1.07868,1.07909,1.07748,1.07851,1.0782850000000002,1.07909,1.0782850000000002,1.07748,1.0798950000000005,0.0008050000000001667,2025-03-26T05:00:00Z,2025-03-26T05:00:00Z,,TARGET,,,HTF_UNAMBIGUOUS,2025-03-26T08:57:00Z,,2025-03-26T08:00:00Z,1.0798950000000005,2,0.19875776397511413,1.8012422360248859,false,1,,HTF_OHLC_VIOLATION_IN_LIFE:2025-03-17T13:00:00Z;M1_OPEN_CLOSE_CORRUPT_IN_WINDOW:7,false
V2_STRICT,EUR/USD_2025-04-01,EUR/USD,1h,supply,2025-03-25T21:00:00Z,1.07918,1.08027,1.07888,1.079322,1.07888,1.0795750000000002,1.0795750000000002,1.08027,1.0781850000000004,0.0006949999999998902,2025-03-26T10:00:00Z,2025-03-26T10:00:00Z,,TARGET,,,HTF_UNAMBIGUOUS,2025-03-26T12:50:00Z,,2025-03-26T12:00:00Z,1.0781850000000004,2,0.2302158273381659,1.7697841726618342,false,2,PRODUCTION_WOULD_PICK_ANOTHER_ZONE,M1_OPEN_CLOSE_CORRUPT_IN_WINDOW:4,false
V2_STRICT,EUR/USD_2025-04-01,EUR/USD,1h,demand,2025-03-06T21:00:00Z,1.07868,1.07909,1.07748,1.07851,1.0782850000000002,1.07909,1.0782850000000002,1.07748,1.0798950000000005,0.0008050000000001667,2025-03-26T14:00:00Z,2025-03-26T14:06:00Z,,S2_CLOSE,,,HTF_UNAMBIGUOUS,,2025-03-26T17:00:00Z,2025-03-26T17:00:00Z,1.07568,-3.2360248447200632,0.19875776397511413,-3.434782608695177,false,2,,HTF_OHLC_VIOLATION_IN_LIFE:2025-03-17T13:00:00Z;M1_OPEN_CLOSE_CORRUPT_IN_WINDOW:2,false
V2_STRICT,EUR/USD_2025-04-01,EUR/USD,1h,supply,2025-03-26T20:00:00Z,1.075147,1.07572,1.07501,1.075373,1.07501,1.0753650000000001,1.0753650000000001,1.07572,1.0746550000000004,0.0003549999999998832,2025-03-27T00:00:00Z,2025-03-27T00:47:00Z,,S2_CLOSE,,,HTF_UNAMBIGUOUS,,2025-03-27T01:00:00Z,2025-03-27T01:00:00Z,1.076538,-3.3042253521133933,0.450704225352261,-3.754929577465654,false,1,,M1_OPEN_CLOSE_CORRUPT_IN_WINDOW:1,false
V2_STRICT,EUR/USD_2025-04-01,EUR/USD,1h,supply,2025-03-26T14:00:00Z,1.07748,1.07958,1.07729,1.07908,1.07729,1.078435,1.078435,1.07958,1.0761450000000001,0.0011449999999999516,2025-03-27T04:00:00Z,2025-03-27T04:06:00Z,,TARGET,,,HTF_UNAMBIGUOUS,2025-03-27T07:30:00Z,,2025-03-27T07:00:00Z,1.0761450000000001,2,0.13973799126638145,1.8602620087336186,false,3,PRODUCTION_WOULD_PICK_ANOTHER_ZONE,M1_OPEN_CLOSE_CORRUPT_IN_WINDOW:11,false
V2_STRICT,EUR/USD_2025-04-01,EUR/USD,1h,supply,2025-03-25T21:00:00Z,1.07918,1.08027,1.07888,1.079322,1.07888,1.0795750000000002,1.0795750000000002,1.08027,1.0781850000000004,0.0006949999999998902,2025-03-27T11:00:00Z,2025-03-27T11:07:00Z,,TARGET,,,ONE_MINUTE_RESOLVED,2025-03-27T11:42:00Z,,2025-03-27T11:00:00Z,1.0781850000000004,2,0.2302158273381659,1.7697841726618342,false,3,,,false
V2_STRICT,EUR/USD_2025-04-01,EUR/USD,1h,supply,2025-03-26T14:00:00Z,1.07748,1.07958,1.07729,1.07908,1.07729,1.078435,1.078435,1.07958,1.0761450000000001,0.0011449999999999516,2025-03-27T12:00:00Z,2025-03-27T12:06:00Z,,S2_CLOSE,,,HTF_UNAMBIGUOUS,,2025-03-27T15:00:00Z,2025-03-27T15:00:00Z,1.07992,-1.2969432314410667,0.13973799126638145,-1.4366812227074481,false,2,,M1_OPEN_CLOSE_CORRUPT_IN_WINDOW:1,false
V2_STRICT,EUR/USD_2025-04-01,EUR/USD,4h,supply,2025-03-25T08:00:00Z,1.07876,1.08281,1.07767,1.0818,1.07767,1.0802399999999999,1.0802399999999999,1.08281,1.0750999999999995,0.0025700000000001832,2025-03-27T16:00:00Z,2025-03-27T17:07:00Z,,S2_CLOSE,,,HTF_UNAMBIGUOUS,,2025-03-31T00:00:00Z,2025-03-31T00:00:00Z,1.08332,-1.198443579766527,0.06225680933851697,-1.260700389105044,false,1,,M1_OPEN_CLOSE_CORRUPT_IN_WINDOW:26,false
V2_STRICT,EUR/USD_2025-04-01,EUR/USD,1h,demand,2025-03-28T17:00:00Z,1.08218,1.08291,1.08118,1.08197,1.082045,1.08291,1.082045,1.08118,1.0837749999999997,0.0008649999999998936,2025-03-31T08:00:00Z,2025-03-31T08:10:00Z,,S2_CLOSE,,,HTF_UNAMBIGUOUS,,2025-03-31T12:00:00Z,2025-03-31T12:00:00Z,1.08035,-1.9595375722545787,0.1849710982659187,-2.1445086705204974,false,1,,,false
V2_STRICT,EUR/USD_2025-07-01,EUR/USD,1h,demand,2025-03-11T10:00:00Z,1.0909,1.09092,1.0882,1.08908,1.08956,1.09092,1.08956,1.0882,1.0922800000000001,0.0013600000000000279,2025-03-12T06:00:00Z,2025-03-12T06:53:00Z,,TARGET,,,HTF_UNAMBIGUOUS,2025-03-12T09:00:00Z,,2025-03-12T09:00:00Z,1.0922800000000001,2,0.11764705882352701,1.882352941176473,false,1,,M1_OPEN_CLOSE_CORRUPT_IN_WINDOW:2,false
V2_STRICT,EUR/USD_2025-07-01,EUR/USD,1h,demand,2025-03-11T10:00:00Z,1.0909,1.09092,1.0882,1.08908,1.08956,1.09092,1.08956,1.0882,1.0922800000000001,0.0013600000000000279,2025-03-12T12:00:00Z,2025-03-12T12:08:00Z,,TARGET,,,ONE_MINUTE_RESOLVED,2025-03-12T12:30:00Z,,2025-03-12T12:00:00Z,1.0922800000000001,2,0.11764705882352701,1.882352941176473,false,2,TOUCH_BAR_CLOSED_BEYOND_S2,,false
V2_STRICT,EUR/USD_2025-07-01,EUR/USD,1h,demand,2025-03-12T12:00:00Z,1.09009,1.09354,1.08758,1.08778,1.09056,1.09354,1.09056,1.08758,1.09652,0.0029799999999999827,2025-03-12T16:00:00Z,2025-03-12T16:59:00Z,,S2_CLOSE,,,HTF_UNAMBIGUOUS,,2025-03-13T06:00:00Z,2025-03-13T06:00:00Z,1.087427,-1.0513422818792184,0.05369127516778555,-1.105033557047004,false,1,,M1_OPEN_CLOSE_CORRUPT_IN_WINDOW:8,false
V2_STRICT,EUR/USD_2025-07-01,EUR/USD,1h,demand,2025-03-11T05:00:00Z,1.085447,1.08561,1.08354,1.08384,1.084575,1.08561,1.084575,1.08354,1.0866450000000003,0.0010350000000001192,2025-03-13T11:00:00Z,2025-03-13T11:59:00Z,,TARGET,,,ONE_MINUTE_RESOLVED,2025-03-13T12:30:00Z,,2025-03-13T12:00:00Z,1.0866450000000003,2,0.15458937198065853,1.8454106280193414,false,1,,M1_OPEN_CLOSE_CORRUPT_IN_WINDOW:1,false
V2_STRICT,EUR/USD_2025-07-01,EUR/USD,1h,supply,2025-03-13T21:00:00Z,1.085245,1.08591,1.08441,1.08531,1.08441,1.0851600000000001,1.0851600000000001,1.08591,1.0836600000000005,0.0007499999999998064,2025-03-14T05:00:00Z,2025-03-14T05:58:00Z,,TARGET,,,HTF_UNAMBIGUOUS,2025-03-14T06:29:00Z,,2025-03-14T06:00:00Z,1.0836600000000005,2,0.21333333333338841,1.7866666666666116,false,1,,M1_OPEN_CLOSE_CORRUPT_IN_WINDOW:1,false
V2_STRICT,EUR/USD_2025-07-01,EUR/USD,1h,supply,2025-03-13T21:00:00Z,1.085245,1.08591,1.08441,1.08531,1.08441,1.0851600000000001,1.0851600000000001,1.08591,1.0836600000000005,0.0007499999999998064,2025-03-14T09:00:00Z,2025-03-14T09:02:00Z,,S2_CLOSE,,,HTF_UNAMBIGUOUS,,2025-03-14T10:00:00Z,2025-03-14T10:00:00Z,1.089573,-5.884000000001223,0.21333333333338841,-6.097333333334611,false,1,,M1_OPEN_CLOSE_CORRUPT_IN_WINDOW:5,false
V2_STRICT,EUR/USD_2025-07-01,EUR/USD,1h,demand,2025-03-17T12:00:00Z,1.09023,1.09115,1.08866,1.09018,1.089905,1.09115,1.089905,1.08866,1.0923949999999998,0.0012449999999999406,2025-03-18T12:00:00Z,2025-03-18T12:37:00Z,,TARGET,,,HTF_UNAMBIGUOUS,2025-03-18T15:00:00Z,,2025-03-18T15:00:00Z,1.0923949999999998,2,0.12851405622490575,1.8714859437750944,false,2,,HTF_OHLC_VIOLATION_IN_LIFE:2025-03-17T13:00:00Z;M1_OPEN_CLOSE_CORRUPT_IN_WINDOW:2,false
V2_STRICT,EUR/USD_2025-07-01,EUR/USD,4h,demand,2025-03-18T08:00:00Z,1.093507,1.0955,1.09141,1.09164,1.093455,1.0955,1.093455,1.09141,1.0975450000000002,0.0020450000000000745,2025-03-19T00:00:00Z,2025-03-19T00:07:00Z,,S2_CLOSE,,,HTF_UNAMBIGUOUS,,2025-03-19T04:00:00Z,2025-03-19T04:00:00Z,1.08924,-2.061124694376492,0.07823960880195314,-2.139364303178445,false,1,,M1_OPEN_CLOSE_CORRUPT_IN_WINDOW:10,false
V2_STRICT,EUR/USD_2025-07-01,EUR/USD,1h,demand,2025-03-18T12:00:00Z,1.0917,1.09242,1.08922,1.0911,1.09082,1.09242,1.09082,1.08922,1.0940199999999995,0.0015999999999998238,2025-03-19T08:00:00Z,2025-03-19T08:30:00Z,,S2_CLOSE,,,HTF_UNAMBIGUOUS,,2025-03-19T14:00:00Z,2025-03-19T14:00:00Z,1.088405,-1.5093750000000625,0.10000000000001102,-1.6093750000000735,false,1,,M1_OPEN_CLOSE_CORRUPT_IN_WINDOW:2,false
V2_STRICT,EUR/USD_2025-07-01,EUR/USD,4h,demand,2025-03-17T04:00:00Z,1.08835,1.08944,1.08684,1.08765,1.08814,1.08944,1.08814,1.08684,1.0907400000000003,0.0013000000000000789,2025-03-19T12:00:00Z,2025-03-19T15:35:00Z,,TARGET,,,HTF_UNAMBIGUOUS,2025-03-19T18:42:00Z,,2025-03-19T16:00:00Z,1.0907400000000003,2,0.12307692307691562,1.8769230769230845,false,1,,M1_OPEN_CLOSE_CORRUPT_IN_WINDOW:5,false
V2_STRICT,EUR/USD_2025-07-01,EUR/USD,1h,supply,2025-03-19T08:00:00Z,1.08927,1.09111,1.08918,1.090728,1.08918,1.0901450000000001,1.0901450000000001,1.09111,1.0882150000000004,0.0009649999999998826,2025-03-19T20:00:00Z,2025-03-19T20:12:00Z,,S2_CLOSE,,,HTF_UNAMBIGUOUS,,2025-03-19T23:00:00Z,2025-03-19T23:00:00Z,1.09118,-1.0725388601036507,0.16580310880831034,-1.238341968911961,false,2,,M1_OPEN_CLOSE_CORRUPT_IN_WINDOW:3,false
V2_STRICT,EUR/USD_2025-07-01,EUR/USD,1h,supply,2025-03-19T11:00:00Z,1.09001,1.09136,1.08935,1.0909,1.08935,1.0903550000000002,1.0903550000000002,1.09136,1.0883450000000003,0.0010049999999999226,2025-03-20T00:00:00Z,2025-03-20T00:30:00Z,,TARGET,,,HTF_UNAMBIGUOUS,2025-03-20T07:21:00Z,,2025-03-20T07:00:00Z,1.0883450000000003,2,0.15920398009951475,1.8407960199004854,false,1,,M1_OPEN_CLOSE_CORRUPT_IN_WINDOW:6,false
V2_STRICT,EUR/USD_2025-07-01,EUR/USD,4h,demand,2025-03-17T04:00:00Z,1.08835,1.08944,1.08684,1.08765,1.08814,1.08944,1.08814,1.08684,1.0907400000000003,0.0013000000000000789,2025-03-20T04:00:00Z,2025-03-20T07:29:00Z,,S2_CLOSE,,,HTF_UNAMBIGUOUS,,2025-03-20T08:00:00Z,2025-03-20T08:00:00Z,1.08499,-2.4230769230769362,0.12307692307691562,-2.5461538461538518,false,1,,M1_OPEN_CLOSE_CORRUPT_IN_WINDOW:5,false
V2_STRICT,EUR/USD_2025-07-01,EUR/USD,1h,demand,2025-03-10T08:00:00Z,1.08228,1.08248,1.0805,1.081,1.08149,1.08248,1.08149,1.0805,1.0834700000000002,0.0009900000000000464,2025-03-20T13:00:00Z,2025-03-20T13:33:00Z,,TARGET,,,HTF_UNAMBIGUOUS,2025-03-20T14:04:00Z,,2025-03-20T14:00:00Z,1.0834700000000002,2,0.16161616161615405,1.838383838383846,false,1,,HTF_OHLC_VIOLATION_IN_LIFE:2025-03-17T13:00:00Z,false
V2_STRICT,EUR/USD_2025-07-01,EUR/USD,4h,demand,2025-03-10T04:00:00Z,1.08317,1.08452,1.08105,1.0823,1.0827849999999999,1.08452,1.0827849999999999,1.08105,1.0862549999999995,0.00173499999999982,2025-03-21T08:00:00Z,2025-03-21T08:19:00Z,,S2_CLOSE,,,HTF_UNAMBIGUOUS,,2025-03-21T12:00:00Z,2025-03-21T12:00:00Z,1.08068,-1.2132564841498674,0.09221902017292023,-1.3054755043227877,false,3,,M1_OPEN_CLOSE_CORRUPT_IN_WINDOW:14,false
V2_STRICT,EUR/USD_2025-07-01,EUR/USD,1h,demand,2025-03-10T08:00:00Z,1.08228,1.08248,1.0805,1.081,1.08149,1.08248,1.08149,1.0805,1.0834700000000002,0.0009900000000000464,2025-03-21T16:00:00Z,2025-03-21T16:16:00Z,,TARGET,,,HTF_UNAMBIGUOUS,2025-03-23T23:54:00Z,,2025-03-23T23:00:00Z,1.0834700000000002,2,0.16161616161615405,1.838383838383846,false,1,,HTF_OHLC_VIOLATION_IN_LIFE:2025-03-17T13:00:00Z;M1_OPEN_CLOSE_CORRUPT_IN_WINDOW:6,false
V2_STRICT,EUR/USD_2025-07-01,EUR/USD,1h,supply,2025-03-20T22:00:00Z,1.08556,1.08595,1.0851,1.085738,1.0851,1.085525,1.085525,1.08595,1.0846750000000003,0.0004249999999998977,2025-03-24T08:00:00Z,2025-03-24T08:23:00Z,,TARGET,,,ONE_MINUTE_RESOLVED,2025-03-24T08:30:00Z,,2025-03-24T08:00:00Z,1.0846750000000003,2,0.37647058823538476,1.6235294117646153,false,1,,M1_OPEN_CLOSE_CORRUPT_IN_WINDOW:1,false
V2_STRICT,EUR/USD_2025-07-01,EUR/USD,1h,supply,2025-03-20T22:00:00Z,1.08556,1.08595,1.0851,1.085738,1.0851,1.085525,1.085525,1.08595,1.0846750000000003,0.0004249999999998977,2025-03-24T10:00:00Z,2025-03-24T10:38:00Z,,TARGET,,,ONE_MINUTE_RESOLVED,2025-03-24T10:49:00Z,,2025-03-24T10:00:00Z,1.0846750000000003,2,0.37647058823538476,1.6235294117646153,false,1,,,false
V2_STRICT,EUR/USD_2025-07-01,EUR/USD,4h,demand,2025-03-06T00:00:00Z,1.079417,1.08206,1.07869,1.079012,1.080375,1.08206,1.080375,1.07869,1.0837450000000004,0.0016850000000001586,2025-03-24T12:00:00Z,2025-03-24T13:51:00Z,,S2_CLOSE,,,HTF_UNAMBIGUOUS,,2025-03-26T00:00:00Z,2025-03-26T00:00:00Z,1.07861,-1.047477744807033,0.09495548961423439,-1.1424332344212673,false,2,,M1_OPEN_CLOSE_CORRUPT_IN_WINDOW:30,false
V2_STRICT,EUR/USD_2025-07-01,EUR/USD,1h,demand,2025-03-06T21:00:00Z,1.07868,1.07909,1.07748,1.07851,1.0782850000000002,1.07909,1.0782850000000002,1.07748,1.0798950000000005,0.0008050000000001667,2025-03-26T05:00:00Z,2025-03-26T05:00:00Z,,TARGET,,,HTF_UNAMBIGUOUS,2025-03-26T08:57:00Z,,2025-03-26T08:00:00Z,1.0798950000000005,2,0.19875776397511413,1.8012422360248859,false,1,,HTF_OHLC_VIOLATION_IN_LIFE:2025-03-17T13:00:00Z;M1_OPEN_CLOSE_CORRUPT_IN_WINDOW:7,false
V2_STRICT,EUR/USD_2025-07-01,EUR/USD,1h,supply,2025-03-25T21:00:00Z,1.07918,1.08027,1.07888,1.079322,1.07888,1.0795750000000002,1.0795750000000002,1.08027,1.0781850000000004,0.0006949999999998902,2025-03-26T10:00:00Z,2025-03-26T10:00:00Z,,TARGET,,,HTF_UNAMBIGUOUS,2025-03-26T12:50:00Z,,2025-03-26T12:00:00Z,1.0781850000000004,2,0.2302158273381659,1.7697841726618342,false,2,PRODUCTION_WOULD_PICK_ANOTHER_ZONE,M1_OPEN_CLOSE_CORRUPT_IN_WINDOW:4,false
V2_STRICT,EUR/USD_2025-07-01,EUR/USD,1h,demand,2025-03-06T21:00:00Z,1.07868,1.07909,1.07748,1.07851,1.0782850000000002,1.07909,1.0782850000000002,1.07748,1.0798950000000005,0.0008050000000001667,2025-03-26T14:00:00Z,2025-03-26T14:06:00Z,,S2_CLOSE,,,HTF_UNAMBIGUOUS,,2025-03-26T17:00:00Z,2025-03-26T17:00:00Z,1.07568,-3.2360248447200632,0.19875776397511413,-3.434782608695177,false,2,,HTF_OHLC_VIOLATION_IN_LIFE:2025-03-17T13:00:00Z;M1_OPEN_CLOSE_CORRUPT_IN_WINDOW:2,false
V2_STRICT,EUR/USD_2025-07-01,EUR/USD,1h,supply,2025-03-26T20:00:00Z,1.075147,1.07572,1.07501,1.075373,1.07501,1.0753650000000001,1.0753650000000001,1.07572,1.0746550000000004,0.0003549999999998832,2025-03-27T00:00:00Z,2025-03-27T00:47:00Z,,S2_CLOSE,,,HTF_UNAMBIGUOUS,,2025-03-27T01:00:00Z,2025-03-27T01:00:00Z,1.076538,-3.3042253521133933,0.450704225352261,-3.754929577465654,false,1,,M1_OPEN_CLOSE_CORRUPT_IN_WINDOW:1,false
V2_STRICT,EUR/USD_2025-07-01,EUR/USD,1h,supply,2025-03-26T14:00:00Z,1.07748,1.07958,1.07729,1.07908,1.07729,1.078435,1.078435,1.07958,1.0761450000000001,0.0011449999999999516,2025-03-27T04:00:00Z,2025-03-27T04:06:00Z,,TARGET,,,HTF_UNAMBIGUOUS,2025-03-27T07:30:00Z,,2025-03-27T07:00:00Z,1.0761450000000001,2,0.13973799126638145,1.8602620087336186,false,3,PRODUCTION_WOULD_PICK_ANOTHER_ZONE,M1_OPEN_CLOSE_CORRUPT_IN_WINDOW:11,false
V2_STRICT,EUR/USD_2025-07-01,EUR/USD,1h,supply,2025-03-25T21:00:00Z,1.07918,1.08027,1.07888,1.079322,1.07888,1.0795750000000002,1.0795750000000002,1.08027,1.0781850000000004,0.0006949999999998902,2025-03-27T11:00:00Z,2025-03-27T11:07:00Z,,TARGET,,,ONE_MINUTE_RESOLVED,2025-03-27T11:42:00Z,,2025-03-27T11:00:00Z,1.0781850000000004,2,0.2302158273381659,1.7697841726618342,false,3,,,false
V2_STRICT,EUR/USD_2025-07-01,EUR/USD,1h,supply,2025-03-26T14:00:00Z,1.07748,1.07958,1.07729,1.07908,1.07729,1.078435,1.078435,1.07958,1.0761450000000001,0.0011449999999999516,2025-03-27T12:00:00Z,2025-03-27T12:06:00Z,,S2_CLOSE,,,HTF_UNAMBIGUOUS,,2025-03-27T15:00:00Z,2025-03-27T15:00:00Z,1.07992,-1.2969432314410667,0.13973799126638145,-1.4366812227074481,false,2,,M1_OPEN_CLOSE_CORRUPT_IN_WINDOW:1,false
V2_STRICT,EUR/USD_2025-07-01,EUR/USD,4h,supply,2025-03-25T08:00:00Z,1.07876,1.08281,1.07767,1.0818,1.07767,1.0802399999999999,1.0802399999999999,1.08281,1.0750999999999995,0.0025700000000001832,2025-03-27T16:00:00Z,2025-03-27T17:07:00Z,,S2_CLOSE,,,HTF_UNAMBIGUOUS,,2025-03-31T00:00:00Z,2025-03-31T00:00:00Z,1.08332,-1.198443579766527,0.06225680933851697,-1.260700389105044,false,1,,M1_OPEN_CLOSE_CORRUPT_IN_WINDOW:26,false
V2_STRICT,EUR/USD_2025-07-01,EUR/USD,1h,demand,2025-03-28T17:00:00Z,1.08218,1.08291,1.08118,1.08197,1.082045,1.08291,1.082045,1.08118,1.0837749999999997,0.0008649999999998936,2025-03-31T08:00:00Z,2025-03-31T08:10:00Z,,S2_CLOSE,,,HTF_UNAMBIGUOUS,,2025-03-31T12:00:00Z,2025-03-31T12:00:00Z,1.08035,-1.9595375722545787,0.1849710982659187,-2.1445086705204974,false,1,,,false
V2_STRICT,EUR/USD_2025-07-01,EUR/USD,1h,supply,2025-04-01T03:00:00Z,1.0824,1.08285,1.08211,1.08269,1.08211,1.0824799999999999,1.0824799999999999,1.08285,1.0817399999999995,0.0003700000000002035,2025-04-01T09:00:00Z,2025-04-01T09:04:00Z,,TARGET,,,ONE_MINUTE_RESOLVED,2025-04-01T09:17:00Z,,2025-04-01T09:00:00Z,1.0817399999999995,2,0.43243243243219465,1.5675675675678054,false,1,,,false
V2_STRICT,EUR/USD_2025-07-01,EUR/USD,4h,demand,2025-03-28T08:00:00Z,1.078702,1.0797,1.07643,1.07721,1.078065,1.0797,1.078065,1.07643,1.0813350000000002,0.001635000000000053,2025-04-01T08:00:00Z,2025-04-01T11:42:00Z,,TARGET,,,HTF_UNAMBIGUOUS,2025-04-02T12:41:00Z,,2025-04-02T12:00:00Z,1.0813350000000002,2,0.09785932721712222,1.9021406727828778,false,1,,,false
V2_STRICT,EUR/USD_2025-07-01,EUR/USD,1h,supply,2025-03-20T22:00:00Z,1.08556,1.08595,1.0851,1.085738,1.0851,1.085525,1.085525,1.08595,1.0846750000000003,0.0004249999999998977,2025-04-02T14:00:00Z,2025-04-02T14:51:00Z,,S2_CLOSE,,,ONE_MINUTE_RESOLVED,,2025-04-02T14:00:00Z,2025-04-02T14:00:00Z,1.086012,-1.145882352941227,0.37647058823538476,-1.5223529411766117,true,1,TOUCH_BAR_CLOSED_BEYOND_S2,,false
V2_STRICT,EUR/USD_2025-07-01,EUR/USD,1h,supply,2025-03-19T11:00:00Z,1.09001,1.09136,1.08935,1.0909,1.08935,1.0903550000000002,1.0903550000000002,1.09136,1.0883450000000003,0.0010049999999999226,2025-04-02T20:00:00Z,2025-04-02T20:17:00Z,,TARGET,,,ONE_MINUTE_RESOLVED,2025-04-02T20:25:00Z,,2025-04-02T20:00:00Z,1.0883450000000003,2,0.15920398009951475,1.8407960199004854,false,4,,,false
V2_STRICT,EUR/USD_2025-07-01,EUR/USD,1h,supply,2025-03-19T18:00:00Z,1.08682,1.09138,1.08631,1.090847,1.08631,1.088845,1.088845,1.09138,1.0837750000000002,0.002534999999999954,2025-04-02T23:00:00Z,2025-04-02T23:30:00Z,,S2_CLOSE,,,HTF_UNAMBIGUOUS,,2025-04-03T01:00:00Z,2025-04-03T01:00:00Z,1.091822,-1.1743589743589986,0.06311637080867966,-1.2374753451676783,false,4,PRODUCTION_WOULD_PICK_ANOTHER_ZONE,,false
V2_STRICT,EUR/USD_2025-07-01,EUR/USD,1h,supply,2025-03-18T08:00:00Z,1.093507,1.0955,1.09324,1.09518,1.09324,1.09437,1.09437,1.0955,1.0921100000000004,0.0011299999999998533,2025-04-03T05:00:00Z,2025-04-03T05:29:00Z,,S2_CLOSE,,,HTF_UNAMBIGUOUS,,2025-04-03T06:00:00Z,2025-04-03T06:00:00Z,1.099264,-4.330973451327955,0.1415929203540007,-4.472566371681955,false,3,,,false
V2_STRICT,EUR/USD_2025-07-01,EUR/USD,1h,demand,2025-04-03T23:00:00Z,1.10668,1.10668,1.10461,1.10473,1.105645,1.10668,1.105645,1.10461,1.1077149999999998,0.0010349999999998971,2025-04-04T06:00:00Z,2025-04-04T06:59:00Z,,S2_CLOSE,,,HTF_UNAMBIGUOUS,,2025-04-04T07:00:00Z,2025-04-04T07:00:00Z,1.10023,-5.231884057971484,0.1545893719806917,-5.386473429952176,false,1,,,false
V2_STRICT,EUR/USD_2025-07-01,EUR/USD,1h,demand,2025-04-03T07:00:00Z,1.099022,1.099384,1.09505,1.097213,1.097217,1.099384,1.097217,1.09505,1.1015510000000002,0.00216700000000003,2025-04-04T14:00:00Z,2025-04-04T14:47:00Z,,TARGET,,,HTF_UNAMBIGUOUS,2025-04-04T15:59:00Z,,2025-04-04T15:00:00Z,1.1015510000000002,2,0.07383479464697637,1.9261652053530236,false,2,,,false
V2_STRICT,EUR/USD_2025-07-01,EUR/USD,1h,demand,2025-04-03T07:00:00Z,1.099022,1.099384,1.09505,1.097213,1.097217,1.099384,1.097217,1.09505,1.1015510000000002,0.00216700000000003,2025-04-04T16:00:00Z,2025-04-04T16:44:00Z,,S2_CLOSE,,,HTF_UNAMBIGUOUS,,2025-04-04T18:00:00Z,2025-04-04T18:00:00Z,1.094451,-1.2764190124596253,0.07383479464697637,-1.3502538071066017,false,2,,,false
V2_STRICT,EUR/USD_2025-07-01,EUR/USD,1h,demand,2025-04-07T02:00:00Z,1.096611,1.096611,1.092538,1.093733,1.0945745,1.096611,1.0945745,1.092538,1.0986475,0.0020364999999999966,2025-04-07T11:00:00Z,2025-04-07T11:22:00Z,,TARGET,,,HTF_UNAMBIGUOUS,2025-04-07T12:50:00Z,,2025-04-07T12:00:00Z,1.0986475,2,0.0785661674441445,1.9214338325558555,false,1,,,false
V2_STRICT,EUR/USD_2025-07-01,EUR/USD,1h,demand,2025-04-07T02:00:00Z,1.096611,1.096611,1.092538,1.093733,1.0945745,1.096611,1.0945745,1.092538,1.0986475,0.0020364999999999966,2025-04-07T13:00:00Z,2025-04-07T13:50:00Z,,S2_CLOSE,,,HTF_UNAMBIGUOUS,,2025-04-07T15:00:00Z,2025-04-07T15:00:00Z,1.091703,-1.4100171863490893,0.0785661674441445,-1.4885833537932338,false,1,,,false
V2_STRICT,EUR/USD_2025-07-01,EUR/USD,1h,demand,2025-04-03T04:00:00Z,1.091703,1.091822,1.090988,1.091107,1.091405,1.091822,1.091405,1.090988,1.0922389999999997,0.0004169999999998897,2025-04-07T20:00:00Z,2025-04-07T20:16:00Z,,S2_CLOSE,,,ONE_MINUTE_RESOLVED,,2025-04-07T20:00:00Z,2025-04-07T20:00:00Z,1.090631,-1.856115107914286,0.3836930455636507,-2.2398081534779366,true,2,TOUCH_BAR_CLOSED_BEYOND_S2;PRODUCTION_WOULD_PICK_ANOTHER_ZONE,,false
V2_STRICT,EUR/USD_2025-07-01,EUR/USD,1h,demand,2025-04-07T15:00:00Z,1.092061,1.093853,1.090631,1.091703,1.092242,1.093853,1.092242,1.090631,1.095464,0.001611000000000029,2025-04-08T09:00:00Z,2025-04-08T09:12:00Z,,TARGET,,,HTF_UNAMBIGUOUS,2025-04-08T12:14:00Z,,2025-04-08T12:00:00Z,1.095464,2,0.09931719428925954,1.9006828057107406,false,3,,,false
V2_STRICT,EUR/USD_2025-07-01,EUR/USD,1h,demand,2025-04-07T20:00:00Z,1.091941,1.092299,1.090513,1.090631,1.091406,1.092299,1.091406,1.090513,1.0931920000000002,0.0008930000000000327,2025-04-08T14:00:00Z,2025-04-08T14:22:00Z,,TARGET,,,HTF_UNAMBIGUOUS,2025-04-08T16:51:00Z,,2025-04-08T16:00:00Z,1.0931920000000002,2,0.17917133258677959,1.8208286674132204,false,3,PRODUCTION_WOULD_PICK_ANOTHER_ZONE,,false
V2_STRICT,EUR/USD_2025-07-01,EUR/USD,1h,supply,2025-04-08T12:00:00Z,1.094092,1.097093,1.094092,1.09505,1.094092,1.0955925,1.0955925,1.097093,1.0925914999999997,0.0015005000000001267,2025-04-08T19:00:00Z,2025-04-08T19:50:00Z,,S2_CLOSE,,,HTF_UNAMBIGUOUS,,2025-04-08T23:00:00Z,2025-04-08T23:00:00Z,1.097936,-1.5618127290902073,0.10663112295900466,-1.668443852049212,false,1,,,false
V2_STRICT,EUR/USD_2025-07-01,EUR/USD,4h,demand,2025-04-07T17:00:00Z,1.093853,1.09517,1.090513,1.090631,1.0928415,1.09517,1.0928415,1.090513,1.0974985,0.0023284999999999556,2025-04-09T17:00:00Z,2025-04-09T18:07:00Z,,TARGET,,,ONE_MINUTE_RESOLVED,2025-04-09T18:43:00Z,,2025-04-09T17:00:00Z,1.0974985,2,0.06871376422589781,1.931286235774102,false,3,,,false
V2_STRICT,EUR/USD_2025-07-01,EUR/USD,1h,supply,2025-04-09T06:00:00Z,1.10644,1.10914,1.10473,1.10779,1.10473,1.106935,1.106935,1.10914,1.102525,0.0022050000000000125,2025-04-10T10:00:00Z,2025-04-10T10:02:00Z,,S2_CLOSE,,,HTF_UNAMBIGUOUS,,2025-04-10T12:00:00Z,2025-04-10T12:00:00Z,1.11025,-1.5034013605441896,0.07256235827664359,-1.5759637188208333,false,2,,,false
V2_STRICT,EUR/USD_2025-07-01,EUR/USD,1h,demand,2025-04-11T05:00:00Z,1.13225,1.13225,1.12752,1.12867,1.129885,1.13225,1.129885,1.12752,1.134615,0.0023649999999999505,2025-04-11T17:00:00Z,2025-04-11T17:57:00Z,,TARGET,,,HTF_UNAMBIGUOUS,2025-04-11T20:05:00Z,,2025-04-11T20:00:00Z,1.134615,2,0.06765327695560396,1.932346723044396,false,1,,,false
V2_STRICT,EUR/USD_2025-07-01,EUR/USD,1h,demand,2025-04-14T13:00:00Z,1.13417,1.13417,1.13007,1.13314,1.13212,1.13417,1.13212,1.13007,1.1362200000000002,0.0020500000000001073,2025-04-15T01:00:00Z,2025-04-15T01:39:00Z,,TARGET,,,HTF_UNAMBIGUOUS,2025-04-15T04:43:00Z,,2025-04-15T04:00:00Z,1.1362200000000002,2,0.0780487804878008,1.9219512195121993,false,1,,,false
V2_STRICT,EUR/USD_2025-07-01,EUR/USD,1h,demand,2025-04-11T05:00:00Z,1.13225,1.13225,1.12752,1.12867,1.129885,1.13225,1.129885,1.12752,1.134615,0.0023649999999999505,2025-04-15T15:00:00Z,2025-04-15T15:47:00Z,,TARGET,,,HTF_UNAMBIGUOUS,2025-04-16T04:00:00Z,,2025-04-16T04:00:00Z,1.134615,2,0.06765327695560396,1.932346723044396,false,3,,,false
V2_STRICT,EUR/USD_2025-07-01,EUR/USD,1h,demand,2025-04-21T06:00:00Z,1.15311,1.15351,1.15047,1.15161,1.15199,1.15351,1.15199,1.15047,1.15503,0.0015199999999999658,2025-04-21T14:00:00Z,2025-04-21T14:00:00Z,,S2_CLOSE,,,ONE_MINUTE_RESOLVED,,2025-04-21T14:00:00Z,2025-04-21T14:00:00Z,1.14977,-1.4605263157895794,0.10526315789473922,-1.5657894736843185,true,1,TOUCH_BAR_CLOSED_BEYOND_S2,,false
V2_STRICT,EUR/USD_2025-07-01,EUR/USD,1h,demand,2025-04-22T00:00:00Z,1.15141,1.15146,1.14817,1.14901,1.1498149999999998,1.15146,1.1498149999999998,1.14817,1.1531049999999996,0.0016449999999998965,2025-04-22T06:00:00Z,2025-04-22T06:57:00Z,,S2_CLOSE,,,HTF_UNAMBIGUOUS,,2025-04-22T12:00:00Z,2025-04-22T12:00:00Z,1.14702,-1.699088145896691,0.09726443768997572,-1.7963525835866667,false,1,,,false
V2_STRICT,EUR/USD_2025-07-01,EUR/USD,1h,demand,2025-04-18T15:00:00Z,1.13962,1.13975,1.13858,1.13923,1.139165,1.13975,1.139165,1.13858,1.140335,0.0005850000000000577,2025-04-22T21:00:00Z,2025-04-22T21:32:00Z,,S2_CLOSE,,,ONE_MINUTE_RESOLVED,,2025-04-22T21:00:00Z,2025-04-22T21:00:00Z,1.1362,-5.068376068375371,0.27350427350424655,-5.341880341879618,true,6,TOUCH_BAR_CLOSED_BEYOND_S2;PRODUCTION_WOULD_PICK_ANOTHER_ZONE,,false
V2_STRICT,EUR/USD_2025-07-01,EUR/USD,4h,demand,2025-04-18T17:00:00Z,1.13941,1.13992,1.13864,1.13864,1.13928,1.13992,1.13928,1.13864,1.14056,0.0006399999999999739,2025-04-23T05:00:00Z,2025-04-23T05:07:00Z,,TARGET,,,ONE_MINUTE_RESOLVED,2025-04-23T07:27:00Z,,2025-04-23T05:00:00Z,1.14056,2,0.2500000000000102,1.7499999999999898,false,3,PRODUCTION_WOULD_PICK_ANOTHER_ZONE,,false
V2_STRICT,EUR/USD_2025-07-01,EUR/USD,4h,demand,2025-04-17T13:00:00Z,1.13567,1.13861,1.1338,1.13513,1.136205,1.13861,1.136205,1.1338,1.141015,0.0024049999999999905,2025-04-23T13:00:00Z,2025-04-23T13:47:00Z,,S2_CLOSE,,,HTF_UNAMBIGUOUS,,2025-04-23T17:00:00Z,2025-04-23T17:00:00Z,1.13147,-1.968814968814949,0.0665280665280668,-2.0353430353430157,false,4,PRODUCTION_WOULD_PICK_ANOTHER_ZONE,,false
V2_STRICT,EUR/USD_2025-07-01,EUR/USD,1h,supply,2025-04-23T14:00:00Z,1.13353,1.1383,1.13267,1.13512,1.13267,1.135485,1.135485,1.1383,1.129855,0.002815000000000012,2025-04-24T02:00:00Z,2025-04-24T02:13:00Z,,S2_CLOSE,,,HTF_UNAMBIGUOUS,,2025-04-24T09:00:00Z,2025-04-24T09:00:00Z,1.13844,-1.0497335701597892,0.05683836589698023,-1.1065719360567694,false,1,,,false
V2_STRICT,EUR/USD_2025-07-01,EUR/USD,1h,supply,2025-04-25T02:00:00Z,1.13438,1.13521,1.13408,1.13488,1.13408,1.134645,1.134645,1.13521,1.1335149999999996,0.0005650000000001487,2025-04-25T07:00:00Z,2025-04-25T07:01:00Z,,S2_CLOSE,,,ONE_MINUTE_RESOLVED,,2025-04-25T07:00:00Z,2025-04-25T07:00:00Z,1.13599,-2.3805309734509694,0.2831858407078901,-2.6637168141588594,true,1,TOUCH_BAR_CLOSED_BEYOND_S2,,false
V2_STRICT,EUR/USD_2025-07-01,EUR/USD,1h,supply,2025-04-23T11:00:00Z,1.1402,1.14162,1.13858,1.14102,1.13858,1.1401,1.1401,1.14162,1.1370599999999995,0.0015200000000001879,2025-04-29T08:00:00Z,2025-04-29T08:05:00Z,,TARGET,,,HTF_UNAMBIGUOUS,2025-04-29T12:18:00Z,,2025-04-29T12:00:00Z,1.1370599999999995,2,0.10526315789472385,1.8947368421052762,false,1,,,false
V2_STRICT,EUR/USD_2025-07-01,EUR/USD,1h,supply,2025-04-23T11:00:00Z,1.1402,1.14162,1.13858,1.14102,1.13858,1.1401,1.1401,1.14162,1.1370599999999995,0.0015200000000001879,2025-04-29T13:00:00Z,2025-04-29T13:08:00Z,,TARGET,,,HTF_UNAMBIGUOUS,2025-04-30T01:53:00Z,,2025-04-30T01:00:00Z,1.1370599999999995,2,0.10526315789472385,1.8947368421052762,false,2,PRODUCTION_WOULD_PICK_ANOTHER_ZONE,,false
V2_STRICT,EUR/USD_2025-07-01,EUR/USD,4h,demand,2025-04-15T13:00:00Z,1.13135,1.13314,1.12689,1.1279,1.130015,1.13314,1.130015,1.12689,1.136265,0.0031250000000000444,2025-05-01T05:00:00Z,2025-05-01T05:01:00Z,,TARGET,,,HTF_UNAMBIGUOUS,2025-05-02T13:38:00Z,,2025-05-02T13:00:00Z,1.136265,2,0.051199999999999274,1.9488000000000008,false,1,,,false
V2_STRICT,EUR/USD_2025-07-01,EUR/USD,1h,supply,2025-04-30T11:00:00Z,1.13619,1.13811,1.13557,1.13742,1.13557,1.1368399999999999,1.1368399999999999,1.13811,1.1342999999999996,0.0012700000000001044,2025-05-02T13:00:00Z,2025-05-02T13:39:00Z,,TARGET,,,HTF_UNAMBIGUOUS,2025-05-02T15:23:00Z,,2025-05-02T15:00:00Z,1.1342999999999996,2,0.12598425196849358,1.8740157480315065,false,5,PRODUCTION_WOULD_PICK_ANOTHER_ZONE,,false
V2_STRICT,EUR/USD_2025-07-01,EUR/USD,1h,demand,2025-04-11T05:00:00Z,1.13225,1.13225,1.12752,1.12867,1.129885,1.13225,1.129885,1.12752,1.134615,0.0023649999999999505,2025-05-02T17:00:00Z,2025-05-02T17:43:00Z,,TARGET,,,HTF_UNAMBIGUOUS,2025-05-05T02:35:00Z,,2025-05-05T02:00:00Z,1.134615,2,0.06765327695560396,1.932346723044396,false,1,,,false
V2_STRICT,EUR/USD_2025-07-01,EUR/USD,4h,demand,2025-04-15T13:00:00Z,1.13135,1.13314,1.12689,1.1279,1.130015,1.13314,1.130015,1.12689,1.136265,0.0031250000000000444,2025-05-05T13:00:00Z,2025-05-05T16:09:00Z,,TARGET,,,HTF_UNAMBIGUOUS,2025-05-06T14:16:00Z,,2025-05-06T13:00:00Z,1.136265,2,0.051199999999999274,1.9488000000000008,false,1,,,false
V2_STRICT,EUR/USD_2025-07-01,EUR/USD,1h,supply,2025-04-30T11:00:00Z,1.13619,1.13811,1.13557,1.13742,1.13557,1.1368399999999999,1.1368399999999999,1.13811,1.1342999999999996,0.0012700000000001044,2025-05-06T18:00:00Z,2025-05-06T18:56:00Z,,TARGET,,,HTF_UNAMBIGUOUS,2025-05-06T22:08:00Z,,2025-05-06T22:00:00Z,1.1342999999999996,2,0.12598425196849358,1.8740157480315065,false,1,,,false
V2_STRICT,EUR/USD_2025-07-01,EUR/USD,4h,supply,2025-04-30T09:00:00Z,1.13718,1.13893,1.13557,1.13726,1.13557,1.1372499999999999,1.1372499999999999,1.13893,1.1338899999999996,0.0016800000000001258,2025-05-07T05:00:00Z,2025-05-07T06:22:00Z,,TARGET,,,HTF_UNAMBIGUOUS,2025-05-07T16:04:00Z,,2025-05-07T13:00:00Z,1.1338899999999996,2,0.09523809523808811,1.904761904761912,false,1,,,false
V2_STRICT,EUR/USD_2025-07-01,EUR/USD,1h,demand,2025-05-06T23:00:00Z,1.1343,1.13459,1.13329,1.13401,1.13394,1.13459,1.13394,1.13329,1.13524,0.0006500000000000394,2025-05-07T17:00:00Z,2025-05-07T17:19:00Z,,TARGET,,,HTF_UNAMBIGUOUS,2025-05-07T18:06:00Z,,2025-05-07T18:00:00Z,1.13524,2,0.24615384615383124,1.7538461538461687,false,3,,,false
V2_STRICT,EUR/USD_2025-07-01,EUR/USD,4h,demand,2025-04-15T13:00:00Z,1.13135,1.13314,1.12689,1.1279,1.130015,1.13314,1.130015,1.12689,1.136265,0.0031250000000000444,2025-05-07T17:00:00Z,2025-05-07T20:03:00Z,,S2_CLOSE,,,HTF_UNAMBIGUOUS,,2025-05-08T13:00:00Z,2025-05-08T13:00:00Z,1.12269,-2.343999999999975,0.051199999999999274,-2.3951999999999742,false,1,,,false
V2_STRICT,EUR/USD_2025-07-01,EUR/USD,1h,demand,2025-04-10T19:00:00Z,1.12171,1.12208,1.11632,1.12082,1.1192,1.12208,1.1192,1.11632,1.12496,0.0028799999999999937,2025-05-12T07:00:00Z,2025-05-12T07:00:00Z,,S2_CLOSE,,,ONE_MINUTE_RESOLVED,,2025-05-12T07:00:00Z,2025-05-12T07:00:00Z,1.11057,-2.996527777777755,0.055555555555555684,-3.052083333333311,true,2,TOUCH_BAR_CLOSED_BEYOND_S2,,false
V2_STRICT,EUR/USD_2025-07-01,EUR/USD,1h,demand,2025-04-10T11:00:00Z,1.10828,1.10902,1.10717,1.10754,1.108095,1.10902,1.108095,1.10717,1.1099450000000002,0.0009250000000000647,2025-05-12T10:00:00Z,2025-05-12T10:40:00Z,,TARGET,,,HTF_UNAMBIGUOUS,2025-05-12T11:16:00Z,,2025-05-12T11:00:00Z,1.1099450000000002,2,0.1729729729729609,1.827027027027039,false,1,,,false
V2_STRICT,EUR/USD_2025-07-01,EUR/USD,1h,demand,2025-04-10T11:00:00Z,1.10828,1.10902,1.10717,1.10754,1.108095,1.10902,1.108095,1.10717,1.1099450000000002,0.0009250000000000647,2025-05-12T18:00:00Z,2025-05-12T18:01:00Z,,TARGET,,,HTF_UNAMBIGUOUS,2025-05-12T23:45:00Z,,2025-05-12T23:00:00Z,1.1099450000000002,2,0.1729729729729609,1.827027027027039,false,2,,,false
V2_STRICT,EUR/USD_2025-07-01,EUR/USD,1h,supply,2025-05-12T08:00:00Z,1.11051,1.11457,1.10818,1.11377,1.10818,1.111375,1.111375,1.11457,1.1049849999999999,0.003195000000000059,2025-05-13T04:00:00Z,2025-05-13T04:11:00Z,,S2_CLOSE,,,HTF_UNAMBIGUOUS,,2025-05-13T14:00:00Z,2025-05-13T14:00:00Z,1.11626,-1.5289514866979461,0.05007824726134493,-1.5790297339592911,false,2,,,false
V2_STRICT,EUR/USD_2025-07-01,EUR/USD,1h,supply,2025-05-12T00:00:00Z,1.12287,1.12396,1.12248,1.12383,1.12248,1.1232199999999999,1.1232199999999999,1.12396,1.1217399999999995,0.000740000000000185,2025-05-14T08:00:00Z,2025-05-14T08:04:00Z,,S2_CLOSE,,,HTF_UNAMBIGUOUS,,2025-05-14T09:00:00Z,2025-05-14T09:00:00Z,1.12521,-2.689189189188731,0.2162162162161622,-2.9054054054048932,false,2,,,false
V2_STRICT,EUR/USD_2025-07-01,EUR/USD,1h,supply,2025-05-14T12:00:00Z,1.12174,1.12361,1.12101,1.12253,1.12101,1.1223100000000001,1.1223100000000001,1.12361,1.1197100000000004,0.0012999999999998568,2025-05-15T06:00:00Z,2025-05-15T06:54:00Z,,TARGET,,,HTF_UNAMBIGUOUS,2025-05-15T07:46:00Z,,2025-05-15T07:00:00Z,1.1197100000000004,2,0.12307692307693664,1.8769230769230634,false,1,,,false
V2_STRICT,EUR/USD_2025-07-01,EUR/USD,1h,demand,2025-05-16T03:00:00Z,1.12021,1.12062,1.11985,1.12004,1.120235,1.12062,1.120235,1.11985,1.1210050000000003,0.0003850000000000797,2025-05-16T09:00:00Z,2025-05-16T09:14:00Z,,S2_CLOSE,,,ONE_MINUTE_RESOLVED,,2025-05-16T09:00:00Z,2025-05-16T09:00:00Z,1.11942,-2.116883116882705,0.41558441558432957,-2.5324675324670345,true,2,TOUCH_BAR_CLOSED_BEYOND_S2;PRODUCTION_WOULD_PICK_ANOTHER_ZONE,,false
V2_STRICT,EUR/USD_2025-07-01,EUR/USD,1h,demand,2025-05-15T23:00:00Z,1.11925,1.11944,1.11894,1.11921,1.1191900000000001,1.11944,1.1191900000000001,1.11894,1.1196900000000003,0.0002500000000000835,2025-05-16T11:00:00Z,2025-05-16T11:53:00Z,,TARGET,,,HTF_UNAMBIGUOUS,2025-05-16T12:05:00Z,,2025-05-16T12:00:00Z,1.1196900000000003,2,0.6399999999997863,1.3600000000002137,false,1,,,false
V2_STRICT,EUR/USD_2025-07-01,EUR/USD,1h,demand,2025-05-15T23:00:00Z,1.11925,1.11944,1.11894,1.11921,1.1191900000000001,1.11944,1.1191900000000001,1.11894,1.1196900000000003,0.0002500000000000835,2025-05-16T13:00:00Z,2025-05-16T13:28:00Z,,TARGET,,,ONE_MINUTE_RESOLVED,2025-05-16T13:41:00Z,,2025-05-16T13:00:00Z,1.1196900000000003,2,0.6399999999997863,1.3600000000002137,false,3,PRODUCTION_WOULD_PICK_ANOTHER_ZONE,,false
V2_STRICT,EUR/USD_2025-07-01,EUR/USD,4h,supply,2025-05-09T05:00:00Z,1.12279,1.12597,1.12181,1.12564,1.12181,1.1238899999999998,1.1238899999999998,1.12597,1.1197299999999997,0.002080000000000082,2025-05-19T05:00:00Z,2025-05-19T07:34:00Z,,S2_CLOSE,,,HTF_UNAMBIGUOUS,,2025-05-20T17:00:00Z,2025-05-20T17:00:00Z,1.12839,-2.163461538461535,0.0769230769230739,-2.240384615384609,false,6,,,false
V2_STRICT,EUR/USD_2025-07-01,EUR/USD,4h,supply,2025-05-08T09:00:00Z,1.12881,1.13207,1.12747,1.12999,1.12747,1.12977,1.12977,1.13207,1.12517,0.0022999999999999687,2025-05-21T01:00:00Z,2025-05-21T01:00:00Z,,S2_CLOSE,,,ONE_MINUTE_RESOLVED,,2025-05-21T01:00:00Z,2025-05-21T01:00:00Z,1.1329,-1.3608695652174434,0.06956521739130529,-1.4304347826087487,true,2,TOUCH_BAR_CLOSED_BEYOND_S2;PRODUCTION_WOULD_PICK_ANOTHER_ZONE,,false
V2_STRICT,EUR/USD_2025-07-01,EUR/USD,1h,supply,2025-05-02T13:00:00Z,1.13189,1.13802,1.13145,1.13728,1.13145,1.134735,1.134735,1.13802,1.128165,0.0032849999999999824,2025-05-21T06:00:00Z,2025-05-21T06:17:00Z,,TARGET,,,HTF_UNAMBIGUOUS,2025-05-22T13:59:00Z,,2025-05-22T13:00:00Z,1.128165,2,0.04870624048706267,1.9512937595129374,false,2,,,false
V2_STRICT,EUR/USD_2025-07-01,EUR/USD,1h,demand,2025-05-20T22:00:00Z,1.12824,1.12876,1.12779,1.12813,1.128275,1.12876,1.128275,1.12779,1.1292449999999996,0.00048499999999984666,2025-05-22T14:00:00Z,2025-05-22T14:00:00Z,,TARGET,,,ONE_MINUTE_RESOLVED,2025-05-22T14:03:00Z,,2025-05-22T14:00:00Z,1.1292449999999996,2,0.32989690721659914,1.6701030927834009,false,2,TOUCH_BAR_CLOSED_BEYOND_S2;PRODUCTION_WOULD_PICK_ANOTHER_ZONE,,false
V2_STRICT,EUR/USD_2025-07-01,EUR/USD,1h,demand,2025-05-20T18:00:00Z,1.12742,1.12807,1.12711,1.12723,1.12759,1.12807,1.12759,1.12711,1.1285500000000002,0.00048000000000003595,2025-05-22T16:00:00Z,2025-05-22T16:55:00Z,,S2_CLOSE,,,ONE_MINUTE_RESOLVED,,2025-05-22T16:00:00Z,2025-05-22T16:00:00Z,1.12689,-1.458333333333526,0.3333333333333084,-1.7916666666668344,true,1,TOUCH_BAR_CLOSED_BEYOND_S2,,false
V2_STRICT,EUR/USD_2025-07-01,EUR/USD,1h,demand,2025-05-20T15:00:00Z,1.12688,1.12703,1.12493,1.12532,1.12598,1.12703,1.12598,1.12493,1.12808,0.0010499999999999954,2025-05-22T17:00:00Z,2025-05-22T17:20:00Z,,TARGET,,,HTF_UNAMBIGUOUS,2025-05-22T18:54:00Z,,2025-05-22T18:00:00Z,1.12808,2,0.15238095238095306,1.8476190476190468,false,1,,,false
V2_STRICT,EUR/USD_2025-07-01,EUR/USD,1h,supply,2025-05-02T13:00:00Z,1.13189,1.13802,1.13145,1.13728,1.13145,1.134735,1.134735,1.13802,1.128165,0.0032849999999999824,2025-05-23T09:00:00Z,2025-05-23T09:04:00Z,,S2_CLOSE,,,HTF_UNAMBIGUOUS,,2025-05-26T00:00:00Z,2025-05-26T00:00:00Z,1.13969,-1.508371385083735,0.04870624048706267,-1.5570776255707977,false,3,,,false
V2_STRICT,EUR/USD_2025-07-01,EUR/USD,1h,supply,2025-04-29T12:00:00Z,1.13748,1.14151,1.13698,1.14115,1.13698,1.139245,1.139245,1.14151,1.1347150000000001,0.0022649999999999615,2025-05-26T01:00:00Z,2025-05-26T01:07:00Z,,S2_CLOSE,,,HTF_UNAMBIGUOUS,,2025-05-26T05:00:00Z,2025-05-26T05:00:00Z,1.14172,-1.0927152317881001,0.07064017660044271,-1.163355408388543,false,2,PRODUCTION_WOULD_PICK_ANOTHER_ZONE,,false
V2_STRICT,EUR/USD_2025-07-01,EUR/USD,1h,demand,2025-05-23T20:00:00Z,1.13631,1.13687,1.1351,1.1351,1.135985,1.13687,1.135985,1.1351,1.137755,0.0008850000000000247,2025-05-27T07:00:00Z,2025-05-27T07:20:00Z,,S2_CLOSE,,,ONE_MINUTE_RESOLVED,,2025-05-27T07:00:00Z,2025-05-27T07:00:00Z,1.13389,-2.367231638417966,0.18079096045197238,-2.548022598869938,true,1,TOUCH_BAR_CLOSED_BEYOND_S2,,false
V2_STRICT,EUR/USD_2025-07-01,EUR/USD,4h,demand,2025-05-23T09:00:00Z,1.13419,1.13767,1.12971,1.13335,1.13369,1.13767,1.13369,1.12971,1.1416500000000003,0.003980000000000095,2025-05-27T13:00:00Z,2025-05-27T15:04:00Z,,S2_CLOSE,,,HTF_UNAMBIGUOUS,,2025-05-28T13:00:00Z,2025-05-28T13:00:00Z,1.12937,-1.0854271356783918,0.04020100502512468,-1.1256281407035165,false,1,,,false
V2_STRICT,EUR/USD_2025-07-01,EUR/USD,4h,demand,2025-05-22T13:00:00Z,1.12951,1.13094,1.12656,1.12689,1.1287500000000001,1.13094,1.1287500000000001,1.12656,1.1331300000000004,0.0021900000000001363,2025-05-28T17:00:00Z,2025-05-28T18:21:00Z,,S2_CLOSE,,,HTF_UNAMBIGUOUS,,2025-05-28T21:00:00Z,2025-05-28T21:00:00Z,1.1236,-2.3515981735159315,0.07305936073058907,-2.4246575342465206,false,1,,,false
V2_STRICT,EUR/USD_2025-07-01,EUR/USD,1h,demand,2025-05-20T12:00:00Z,1.12458,1.12476,1.12233,1.12344,1.123545,1.12476,1.123545,1.12233,1.125975,0.001214999999999966,2025-05-29T01:00:00Z,2025-05-29T01:00:00Z,,TARGET,,,HTF_UNAMBIGUOUS,2025-05-29T06:19:00Z,,2025-05-29T06:00:00Z,1.125975,2,0.13168724279835758,1.8683127572016425,false,1,,,false
V2_STRICT,EUR/USD_2025-07-01,EUR/USD,1h,supply,2025-05-28T16:00:00Z,1.12847,1.1297,1.12841,1.12937,1.12841,1.129055,1.129055,1.1297,1.127765,0.0006450000000000067,2025-05-29T11:00:00Z,2025-05-29T11:03:00Z,,TARGET,,,ONE_MINUTE_RESOLVED,2025-05-29T11:40:00Z,,2025-05-29T11:00:00Z,1.127765,2,0.2480620155038734,1.7519379844961267,false,2,,,false
V2_STRICT,EUR/USD_2025-07-01,EUR/USD,1h,supply,2025-05-28T21:00:00Z,1.12946,1.12986,1.12908,1.1295,1.12908,1.12947,1.12947,1.12986,1.1286899999999997,0.0003900000000001125,2025-05-29T12:00:00Z,2025-05-29T12:17:00Z,,S2_CLOSE,,,ONE_MINUTE_RESOLVED,,2025-05-29T12:00:00Z,2025-05-29T12:00:00Z,1.13495,-14.051282051277818,0.41025641025629195,-14.46153846153411,true,4,TOUCH_BAR_CLOSED_BEYOND_S2;PRODUCTION_WOULD_PICK_ANOTHER_ZONE,,false
V2_STRICT,EUR/USD_2025-07-01,EUR/USD,1h,supply,2025-05-27T12:00:00Z,1.13515,1.13682,1.13507,1.13668,1.13507,1.135945,1.135945,1.13682,1.134195,0.0008749999999999591,2025-05-29T13:00:00Z,2025-05-29T13:01:00Z,,TARGET,,,ONE_MINUTE_RESOLVED,2025-05-29T13:16:00Z,,2025-05-29T13:00:00Z,1.134195,2,0.1828571428571514,1.8171428571428485,false,1,,,false
V2_STRICT,EUR/USD_2025-07-01,EUR/USD,1h,supply,2025-05-27T12:00:00Z,1.13515,1.13682,1.13507,1.13668,1.13507,1.135945,1.135945,1.13682,1.134195,0.0008749999999999591,2025-05-29T15:00:00Z,2025-05-29T15:07:00Z,,S2_CLOSE,,,HTF_UNAMBIGUOUS,,2025-05-29T16:00:00Z,2025-05-29T16:00:00Z,1.13714,-1.3657142857144147,0.1828571428571514,-1.5485714285715662,false,1,,,false
V2_STRICT,EUR/USD_2025-07-01,EUR/USD,1h,demand,2025-06-01T23:00:00Z,1.13556,1.1361,1.13506,1.13532,1.13558,1.1361,1.13558,1.13506,1.1366200000000002,0.000520000000000076,2025-06-02T03:00:00Z,2025-06-02T03:31:00Z,,TARGET,,,HTF_UNAMBIGUOUS,2025-06-02T04:53:00Z,,2025-06-02T04:00:00Z,1.1366200000000002,2,0.30769230769226275,1.6923076923077374,false,1,,,false
V2_STRICT,EUR/USD_2025-07-01,EUR/USD,1h,supply,2025-04-29T16:00:00Z,1.13959,1.14193,1.1395,1.14034,1.1395,1.140715,1.140715,1.14193,1.138285,0.001214999999999966,2025-06-02T06:00:00Z,2025-06-02T06:47:00Z,,S2_CLOSE,,,HTF_UNAMBIGUOUS,,2025-06-02T07:00:00Z,2025-06-02T07:00:00Z,1.14238,-1.3703703703704313,0.13168724279835758,-1.5020576131687888,false,4,,,false
V2_STRICT,EUR/USD_2025-07-01,EUR/USD,1h,supply,2025-04-22T20:00:00Z,1.14211,1.1431,1.1417,1.14215,1.1417,1.1423999999999999,1.1423999999999999,1.1431,1.1409999999999996,0.000700000000000145,2025-06-02T09:00:00Z,2025-06-02T09:03:00Z,,TARGET,,,HTF_UNAMBIGUOUS,2025-06-02T11:52:00Z,,2025-06-02T11:00:00Z,1.1409999999999996,2,0.22857142857138127,1.7714285714286186,false,3,PRODUCTION_WOULD_PICK_ANOTHER_ZONE,,false
V2_STRICT,EUR/USD_2025-07-01,EUR/USD,1h,supply,2025-04-22T17:00:00Z,1.14342,1.14545,1.14307,1.14511,1.14307,1.14426,1.14426,1.14545,1.14188,0.0011900000000000244,2025-06-02T14:00:00Z,2025-06-02T14:06:00Z,,TARGET,,,HTF_UNAMBIGUOUS,2025-06-02T16:31:00Z,,2025-06-02T16:00:00Z,1.14188,2,0.1344537815126023,1.8655462184873977,false,1,,,false
V2_STRICT,EUR/USD_2025-07-01,EUR/USD,1h,supply,2025-04-23T09:00:00Z,1.14129,1.14404,1.14124,1.14193,1.14124,1.14264,1.14264,1.14404,1.1398400000000004,0.0013999999999998458,2025-06-02T17:00:00Z,2025-06-02T17:09:00Z,,S2_CLOSE,,,HTF_UNAMBIGUOUS,,2025-06-02T18:00:00Z,2025-06-02T18:00:00Z,1.14416,-1.0857142857143809,0.11428571428572688,-1.2000000000001079,false,2,,,false
V2_STRICT,EUR/USD_2025-07-01,EUR/USD,1h,supply,2025-04-22T17:00:00Z,1.14342,1.14545,1.14307,1.14511,1.14307,1.14426,1.14426,1.14545,1.14188,0.0011900000000000244,2025-06-02T20:00:00Z,2025-06-02T20:04:00Z,,TARGET,,,HTF_UNAMBIGUOUS,2025-06-03T02:41:00Z,,2025-06-03T02:00:00Z,1.14188,2,0.1344537815126023,1.8655462184873977,false,1,,,false
V2_STRICT,EUR/USD_2025-07-01,EUR/USD,1h,demand,2025-06-02T08:00:00Z,1.14239,1.1428,1.14125,1.14201,1.142025,1.1428,1.142025,1.14125,1.143575,0.0007749999999999702,2025-06-03T03:00:00Z,2025-06-03T03:27:00Z,,S2_CLOSE,,,HTF_UNAMBIGUOUS,,2025-06-03T09:00:00Z,2025-06-03T09:00:00Z,1.14123,-1.0258064516130734,0.20645161290323377,-1.2322580645163073,false,3,,,false
V2_STRICT,EUR/USD_2025-07-01,EUR/USD,1h,demand,2025-06-01T23:00:00Z,1.13556,1.1361,1.13506,1.13532,1.13558,1.1361,1.13558,1.13506,1.1366200000000002,0.000520000000000076,2025-06-04T05:00:00Z,2025-06-04T05:34:00Z,,TARGET,,,ONE_MINUTE_RESOLVED,2025-06-04T05:44:00Z,,2025-06-04T05:00:00Z,1.1366200000000002,2,0.30769230769226275,1.6923076923077374,false,2,,,false
V2_STRICT,EUR/USD_2025-07-01,EUR/USD,1h,supply,2025-04-22T17:00:00Z,1.14342,1.14545,1.14307,1.14511,1.14307,1.14426,1.14426,1.14545,1.14188,0.0011900000000000244,2025-06-05T12:00:00Z,2025-06-05T12:30:00Z,,TARGET,,,ONE_MINUTE_RESOLVED,2025-06-05T13:04:00Z,,2025-06-05T13:00:00Z,1.14188,2,0.1344537815126023,1.8655462184873977,false,1,,,false
V2_STRICT,EUR/USD_2025-07-01,EUR/USD,1h,supply,2025-06-06T10:00:00Z,1.14198,1.14248,1.14172,1.14228,1.14172,1.1421000000000001,1.1421000000000001,1.14248,1.1413400000000005,0.0003799999999998249,2025-06-09T03:00:00Z,2025-06-09T03:15:00Z,,TARGET,,,ONE_MINUTE_RESOLVED,2025-06-09T03:37:00Z,,2025-06-09T03:00:00Z,1.1413400000000005,2,0.4210526315791414,1.5789473684208586,false,1,,,false
V2_STRICT,EUR/USD_2025-07-01,EUR/USD,1h,supply,2025-06-06T10:00:00Z,1.14198,1.14248,1.14172,1.14228,1.14172,1.1421000000000001,1.1421000000000001,1.14248,1.1413400000000005,0.0003799999999998249,2025-06-09T05:00:00Z,2025-06-09T05:50:00Z,,S2_CLOSE,,,HTF_UNAMBIGUOUS,,2025-06-09T06:00:00Z,2025-06-09T06:00:00Z,1.14275,-1.7105263157897812,0.4210526315791414,-2.1315789473689226,false,1,,,false
V2_STRICT,EUR/USD_2025-07-01,EUR/USD,1h,supply,2025-06-09T06:00:00Z,1.14223,1.14299,1.14174,1.14275,1.14174,1.1423649999999999,1.1423649999999999,1.14299,1.1411149999999997,0.0006250000000000977,2025-06-09T15:00:00Z,2025-06-09T15:41:00Z,,TARGET,,,HTF_UNAMBIGUOUS,2025-06-10T01:36:00Z,,2025-06-10T01:00:00Z,1.1411149999999997,2,0.25599999999996,1.74400000000004,false,2,,,false
V2_STRICT,EUR/USD_2025-07-01,EUR/USD,1h,supply,2025-06-09T23:00:00Z,1.14231,1.14288,1.14197,1.14263,1.14197,1.1424249999999998,1.1424249999999998,1.14288,1.1415149999999996,0.0004550000000000942,2025-06-10T10:00:00Z,2025-06-10T10:43:00Z,,S2_CLOSE,,,HTF_UNAMBIGUOUS,,2025-06-10T11:00:00Z,2025-06-10T11:00:00Z,1.14291,-1.0659340659344843,0.35164835164827885,-1.4175824175827632,false,1,,,false
V2_STRICT,EUR/USD_2025-07-01,EUR/USD,1h,supply,2025-06-10T23:00:00Z,1.14289,1.144,1.14217,1.14375,1.14217,1.143085,1.143085,1.144,1.141255,0.0009149999999999991,2025-06-11T09:00:00Z,2025-06-11T09:00:00Z,,S2_CLOSE,,,HTF_UNAMBIGUOUS,,2025-06-11T12:00:00Z,2025-06-11T12:00:00Z,1.14607,-3.262295081967233,0.17486338797814224,-3.437158469945375,false,1,,,false
V2_STRICT,EUR/USD_2025-07-01,EUR/USD,1h,supply,2025-04-22T14:00:00Z,1.14741,1.14925,1.1461,1.14778,1.1461,1.147675,1.147675,1.14925,1.1445249999999998,0.001575000000000104,2025-06-11T14:00:00Z,2025-06-11T14:04:00Z,,S2_CLOSE,,,HTF_UNAMBIGUOUS,,2025-06-11T17:00:00Z,2025-06-11T17:00:00Z,1.14969,-1.2793650793650584,0.10158730158729488,-1.3809523809523532,false,2,PRODUCTION_WOULD_PICK_ANOTHER_ZONE,,false
V2_STRICT,EUR/USD_2025-07-01,EUR/USD,1h,supply,2025-04-22T07:00:00Z,1.15011,1.15097,1.1483,1.15057,1.1483,1.149635,1.149635,1.15097,1.1469649999999998,0.0013350000000000861,2025-06-11T18:00:00Z,2025-06-11T18:10:00Z,,S2_CLOSE,,,HTF_UNAMBIGUOUS,,2025-06-11T23:00:00Z,2025-06-11T23:00:00Z,1.15102,-1.0374531835205096,0.11985018726590989,-1.1573033707864195,false,1,,,false
V2_STRICT,EUR/USD_2025-07-01,EUR/USD,4h,supply,2025-04-22T01:00:00Z,1.14907,1.15411,1.14856,1.15314,1.14856,1.151335,1.151335,1.15411,1.145785,0.002774999999999972,2025-06-12T01:00:00Z,2025-06-12T02:03:00Z,,S2_CLOSE,,,HTF_UNAMBIGUOUS,,2025-06-12T05:00:00Z,2025-06-12T05:00:00Z,1.15452,-1.147747747747757,0.05765765765765825,-1.205405405405415,false,1,,,false
V2_STRICT,EUR/USD_2025-07-01,EUR/USD,4h,demand,2025-06-12T01:00:00Z,1.15213,1.15295,1.15063,1.15155,1.15179,1.15295,1.15179,1.15063,1.1541100000000002,0.0011600000000000499,2025-06-13T01:00:00Z,2025-06-13T04:27:00Z,,TARGET,,,HTF_UNAMBIGUOUS,2025-06-13T06:05:00Z,,2025-06-13T05:00:00Z,1.1541100000000002,2,0.1379310344827527,1.8620689655172473,false,1,,,false
V2_STRICT,EUR/USD_2025-07-01,EUR/USD,1h,demand,2025-06-12T06:00:00Z,1.15279,1.1532,1.15111,1.15219,1.152155,1.1532,1.152155,1.15111,1.154245,0.0010449999999999626,2025-06-13T10:00:00Z,2025-06-13T10:00:00Z,,S2_CLOSE,,,ONE_MINUTE_RESOLVED,,2025-06-13T10:00:00Z,2025-06-13T10:00:00Z,1.15044,-1.6411483253590378,0.15311004784689544,-1.7942583732059332,true,1,TOUCH_BAR_CLOSED_BEYOND_S2,,false
V2_STRICT,EUR/USD_2025-07-01,EUR/USD,1h,demand,2025-06-16T11:00:00Z,1.15753,1.15841,1.15693,1.1573,1.15767,1.15841,1.15767,1.15693,1.15915,0.0007399999999999629,2025-06-16T17:00:00Z,2025-06-16T17:08:00Z,,S2_CLOSE,,,HTF_UNAMBIGUOUS,,2025-06-16T19:00:00Z,2025-06-16T19:00:00Z,1.15556,-2.8513513513515703,0.21621621621622708,-3.067567567567797,false,1,,,false
V2_STRICT,EUR/USD_2025-07-01,EUR/USD,4h,demand,2025-06-12T01:00:00Z,1.15213,1.15295,1.15063,1.15155,1.15179,1.15295,1.15179,1.15063,1.1541100000000002,0.0011600000000000499,2025-06-17T13:00:00Z,2025-06-17T14:36:00Z,,S2_CLOSE,,,ONE_MINUTE_RESOLVED,,2025-06-17T13:00:00Z,2025-06-17T13:00:00Z,1.14997,-1.5689655172414454,0.1379310344827527,-1.706896551724198,true,3,TOUCH_BAR_CLOSED_BEYOND_S2;PRODUCTION_WOULD_PICK_ANOTHER_ZONE,,false
V2_STRICT,EUR/USD_2025-07-01,EUR/USD,1h,demand,2025-06-11T19:00:00Z,1.14862,1.14872,1.14791,1.14828,1.148315,1.14872,1.148315,1.14791,1.149125,0.0004049999999999887,2025-06-17T17:00:00Z,2025-06-17T17:45:00Z,,AMBIGUOUS,CLOSED_AT_TARGET,TARGET,HTF_UNAMBIGUOUS,2025-06-17T21:05:00Z,,2025-06-17T21:00:00Z,1.149125,2,0.3950617283950728,,false,1,,,true
V2_STRICT,EUR/USD_2025-07-01,EUR/USD,4h,demand,2025-06-11T17:00:00Z,1.14899,1.15,1.14791,1.14876,1.148955,1.15,1.148955,1.14791,1.1510449999999999,0.0010449999999999626,2025-06-18T13:00:00Z,2025-06-18T13:42:00Z,,TARGET,,,ONE_MINUTE_RESOLVED,2025-06-18T14:04:00Z,,2025-06-18T13:00:00Z,1.1510449999999999,2,0.15311004784689544,1.8468899521531046,false,1,,,false
V2_STRICT,EUR/USD_2025-07-01,EUR/USD,1h,supply,2025-06-17T15:00:00Z,1.15268,1.15359,1.15183,1.15336,1.15183,1.15271,1.15271,1.15359,1.15095,0.0008799999999999919,2025-06-18T18:00:00Z,2025-06-18T18:00:00Z,,AMBIGUOUS,CLOSED_AT_TARGET,TARGET,HTF_UNAMBIGUOUS,2025-06-18T19:00:00Z,,2025-06-18T19:00:00Z,1.15095,2,0.18181818181818352,,false,1,,,true
V2_STRICT,EUR/USD_2025-07-01,EUR/USD,1h,supply,2025-06-18T20:00:00Z,1.14734,1.14854,1.14716,1.148,1.14716,1.14785,1.14785,1.14854,1.1464700000000003,0.0006899999999998574,2025-06-19T09:00:00Z,2025-06-19T09:01:00Z,,TARGET,,,HTF_UNAMBIGUOUS,2025-06-19T14:48:00Z,,2025-06-19T14:00:00Z,1.1464700000000003,2,0.23188405797106243,1.7681159420289376,false,2,,,false
V2_STRICT,EUR/USD_2025-07-01,EUR/USD,1h,supply,2025-06-18T20:00:00Z,1.14734,1.14854,1.14716,1.148,1.14716,1.14785,1.14785,1.14854,1.1464700000000003,0.0006899999999998574,2025-06-19T17:00:00Z,2025-06-19T17:49:00Z,,S2_CLOSE,,,HTF_UNAMBIGUOUS,,2025-06-19T19:00:00Z,2025-06-19T19:00:00Z,1.14983,-2.86956521739171,0.23188405797106243,-3.1014492753627727,false,2,,,false
V2_STRICT,EUR/USD_2025-07-01,EUR/USD,1h,supply,2025-06-18T15:00:00Z,1.15074,1.15309,1.15053,1.15206,1.15053,1.15181,1.15181,1.15309,1.14925,0.0012799999999999478,2025-06-20T01:00:00Z,2025-06-20T01:04:00Z,,S2_CLOSE,,,HTF_UNAMBIGUOUS,,2025-06-20T16:00:00Z,2025-06-20T16:00:00Z,1.1536,-1.3984375000000244,0.1250000000000051,-1.5234375000000295,false,1,,,false
V2_STRICT,EUR/USD_2025-07-01,EUR/USD,1h,demand,2025-06-20T01:00:00Z,1.15227,1.15233,1.15123,1.15135,1.15178,1.15233,1.15178,1.15123,1.1528800000000001,0.0005500000000000504,2025-06-20T19:00:00Z,2025-06-20T19:52:00Z,,S2_CLOSE,,,HTF_UNAMBIGUOUS,,2025-06-22T23:00:00Z,2025-06-22T23:00:00Z,1.14996,-3.309090909090483,0.29090909090906425,-3.5999999999995476,false,2,,,false
V2_STRICT,EUR/USD_2025-07-01,EUR/USD,4h,supply,2025-06-20T13:00:00Z,1.15128,1.15375,1.14948,1.1536,1.14948,1.151615,1.151615,1.15375,1.147345,0.002134999999999998,2025-06-23T05:00:00Z,2025-06-23T06:00:00Z,,TARGET,,,HTF_UNAMBIGUOUS,2025-06-23T09:04:00Z,,2025-06-23T09:00:00Z,1.147345,2,0.07494145199063239,1.9250585480093676,false,1,,,false
V2_STRICT,EUR/USD_2025-07-01,EUR/USD,1h,demand,2025-06-19T16:00:00Z,1.14597,1.14618,1.14543,1.14566,1.145805,1.14618,1.145805,1.14543,1.146555,0.0003750000000000142,2025-06-23T09:00:00Z,2025-06-23T09:10:00Z,,TARGET,,,ONE_MINUTE_RESOLVED,2025-06-23T09:14:00Z,,2025-06-23T09:00:00Z,1.146555,2,0.42666666666665054,1.5733333333333495,false,1,,,false
V2_STRICT,EUR/USD_2025-07-01,EUR/USD,1h,demand,2025-06-19T01:00:00Z,1.14813,1.14825,1.14514,1.14531,1.146695,1.14825,1.146695,1.14514,1.149805,0.001554999999999973,2025-06-23T10:00:00Z,2025-06-23T10:30:00Z,,TARGET,,,HTF_UNAMBIGUOUS,2025-06-23T14:00:00Z,,2025-06-23T14:00:00Z,1.149805,2,0.10289389067524295,1.897106109324757,false,1,,,false
V2_STRICT,EUR/USD_2025-07-01,EUR/USD,4h,supply,2025-06-20T13:00:00Z,1.15128,1.15375,1.14948,1.1536,1.14948,1.151615,1.151615,1.15375,1.147345,0.002134999999999998,2025-06-23T13:00:00Z,2025-06-23T14:08:00Z,,S2_CLOSE,,,ONE_MINUTE_RESOLVED,,2025-06-23T13:00:00Z,2025-06-23T13:00:00Z,1.15448,-1.3419203747072121,0.07494145199063239,-1.4168618266978446,true,2,TOUCH_BAR_CLOSED_BEYOND_S2;PRODUCTION_WOULD_PICK_ANOTHER_ZONE,,false
V2_STRICT,EUR/USD_2025-07-01,EUR/USD,1h,supply,2025-06-17T06:00:00Z,1.15579,1.15729,1.15524,1.15623,1.15524,1.1562649999999999,1.1562649999999999,1.15729,1.1542149999999998,0.0010250000000000536,2025-06-23T17:00:00Z,2025-06-23T17:28:00Z,,S2_CLOSE,,,HTF_UNAMBIGUOUS,,2025-06-23T18:00:00Z,2025-06-23T18:00:00Z,1.15743,-1.1365853658536798,0.1560975609756016,-1.2926829268292814,false,3,PRODUCTION_WOULD_PICK_ANOTHER_ZONE,,false
V2_STRICT,EUR/USD_2025-07-01,EUR/USD,1h,supply,2025-06-16T18:00:00Z,1.15779,1.1582,1.15734,1.158,1.15734,1.15777,1.15777,1.1582,1.15691,0.00042999999999993044,2025-06-23T19:00:00Z,2025-06-23T19:03:00Z,,S2_CLOSE,,,HTF_UNAMBIGUOUS,,2025-06-23T22:00:00Z,2025-06-23T22:00:00Z,1.15918,-3.279069767442701,0.3720930232558742,-3.6511627906985753,false,1,,,false
V2_STRICT,EUR/USD_2025-07-01,EUR/USD,1h,supply,2025-06-16T13:00:00Z,1.1584,1.16055,1.15837,1.16021,1.15837,1.15946,1.15946,1.16055,1.1572799999999999,0.0010900000000000354,2025-06-24T00:00:00Z,2025-06-24T00:03:00Z,,S2_CLOSE,,,HTF_UNAMBIGUOUS,,2025-06-24T03:00:00Z,2025-06-24T03:00:00Z,1.16058,-1.0275229357797921,0.1467889908256833,-1.1743119266054753,false,1,,,false
V2_STRICT,EUR/USD_2025-07-01,EUR/USD,4h,supply,2025-06-16T13:00:00Z,1.1584,1.16153,1.15781,1.15843,1.15781,1.15967,1.15967,1.16153,1.15595,0.0018599999999999728,2025-06-24T09:00:00Z,2025-06-24T09:09:00Z,,S2_CLOSE,,,HTF_UNAMBIGUOUS,,2025-06-24T13:00:00Z,2025-06-24T13:00:00Z,1.16241,-1.473118279569895,0.08602150537634536,-1.5591397849462403,false,1,,,false
V2_STRICT,EUR/USD_2025-07-01,EUR/USD,1h,demand,2025-06-24T15:00:00Z,1.16167,1.16369,1.1607,1.16076,1.162195,1.16369,1.162195,1.1607,1.1651850000000001,0.001495000000000024,2025-06-25T02:00:00Z,2025-06-25T02:18:00Z,,S2_CLOSE,,,HTF_UNAMBIGUOUS,,2025-06-25T07:00:00Z,2025-06-25T07:00:00Z,1.15987,-1.555183946488358,0.10702341137123575,-1.6622073578595937,false,1,,,false
V2_STRICT,EUR/USD_2025-07-01,EUR/USD,1h,demand,2025-06-24T07:00:00Z,1.16053,1.16109,1.15796,1.15924,1.159525,1.16109,1.159525,1.15796,1.1626549999999995,0.0015649999999998165,2025-06-25T09:00:00Z,2025-06-25T09:27:00Z,,TARGET,,,HTF_UNAMBIGUOUS,2025-06-25T15:02:00Z,,2025-06-25T15:00:00Z,1.1626549999999995,2,0.10223642172525162,1.8977635782747484,false,2,,,false
V2_STRICT,EUR/USD_2025-07-01,EUR/USD,1h,supply,2025-06-24T17:00:00Z,1.1624,1.1633,1.1622,1.16256,1.1622,1.16275,1.16275,1.1633,1.1616499999999998,0.0005500000000000504,2025-06-25T16:00:00Z,2025-06-25T16:01:00Z,,S2_CLOSE,,,HTF_UNAMBIGUOUS,,2025-06-25T17:00:00Z,2025-06-25T17:00:00Z,1.16422,-2.6727272727271774,0.29090909090906425,-2.9636363636362417,false,1,,,false
V2_STRICT,EUR/USD_2025-07-01,EUR/USD,1h,demand,2025-06-26T00:00:00Z,1.1683,1.1689,1.16795,1.16828,1.168425,1.1689,1.168425,1.16795,1.169375,0.0004750000000000032,2025-06-26T05:00:00Z,2025-06-26T05:29:00Z,,TARGET,,,HTF_UNAMBIGUOUS,2025-06-26T06:53:00Z,,2025-06-26T06:00:00Z,1.169375,2,0.33684210526315567,1.6631578947368444,false,1,,,false
V2_STRICT,EUR/USD_2025-07-01,EUR/USD,1h,demand,2025-06-26T11:00:00Z,1.17153,1.17161,1.16935,1.16948,1.17048,1.17161,1.17048,1.16935,1.1727400000000001,0.0011300000000000754,2025-06-26T19:00:00Z,2025-06-26T19:19:00Z,,S2_CLOSE,,,HTF_UNAMBIGUOUS,,2025-06-26T22:00:00Z,2025-06-26T22:00:00Z,1.1683,-1.9292035398229428,0.14159292035397286,-2.0707964601769158,false,1,,,false
V2_STRICT,EUR/USD_2025-07-01,EUR/USD,1h,demand,2025-06-26T00:00:00Z,1.1683,1.1689,1.16795,1.16828,1.168425,1.1689,1.168425,1.16795,1.169375,0.0004750000000000032,2025-06-26T23:00:00Z,2025-06-26T23:00:00Z,,TARGET,,,ONE_MINUTE_RESOLVED,2025-06-26T23:15:00Z,,2025-06-26T23:00:00Z,1.169375,2,0.33684210526315567,1.6631578947368444,false,1,,,false
V2_STRICT,EUR/USD_2025-07-01,EUR/USD,1h,demand,2025-06-26T04:00:00Z,1.16945,1.16949,1.16782,1.168,1.168655,1.16949,1.168655,1.16782,1.1703249999999998,0.0008349999999999191,2025-06-27T02:00:00Z,2025-06-27T02:40:00Z,,TARGET,,,HTF_UNAMBIGUOUS,2025-06-27T03:04:00Z,,2025-06-27T03:00:00Z,1.1703249999999998,2,0.19161676646708445,1.8083832335329155,false,1,,,false
V2_STRICT,EUR/USD_2025-07-01,EUR/USD,1h,demand,2025-06-26T00:00:00Z,1.1683,1.1689,1.16795,1.16828,1.168425,1.1689,1.168425,1.16795,1.169375,0.0004750000000000032,2025-06-27T06:00:00Z,2025-06-27T06:06:00Z,,TARGET,,,ONE_MINUTE_RESOLVED,2025-06-27T06:15:00Z,,2025-06-27T06:00:00Z,1.169375,2,0.33684210526315567,1.6631578947368444,false,2,,,false
V2_STRICT,EUR/USD_2025-07-01,EUR/USD,1h,demand,2025-06-30T03:00:00Z,1.17188,1.17227,1.17114,1.17126,1.171705,1.17227,1.171705,1.17114,1.1728349999999998,0.0005649999999999267,2025-06-30T08:00:00Z,2025-06-30T08:27:00Z,,TARGET,,,ONE_MINUTE_RESOLVED,2025-06-30T08:57:00Z,,2025-06-30T08:00:00Z,1.1728349999999998,2,0.2831858407080014,1.7168141592919985,false,1,,,false
V2_STRICT,EUR/USD_2025-07-01,EUR/USD,1h,demand,2025-06-30T03:00:00Z,1.17188,1.17227,1.17114,1.17126,1.171705,1.17227,1.171705,1.17114,1.1728349999999998,0.0005649999999999267,2025-06-30T10:00:00Z,2025-06-30T10:05:00Z,,TARGET,,,HTF_UNAMBIGUOUS,2025-06-30T11:02:00Z,,2025-06-30T11:00:00Z,1.1728349999999998,2,0.2831858407080014,1.7168141592919985,false,1,,,false
V2_STRICT,EUR/USD_2025-07-01,EUR/USD,1h,demand,2025-06-30T03:00:00Z,1.17188,1.17227,1.17114,1.17126,1.171705,1.17227,1.171705,1.17114,1.1728349999999998,0.0005649999999999267,2025-06-30T12:00:00Z,2025-06-30T12:10:00Z,,TARGET,,,HTF_UNAMBIGUOUS,2025-06-30T14:17:00Z,,2025-06-30T14:00:00Z,1.1728349999999998,2,0.2831858407080014,1.7168141592919985,false,1,,,false
V2_STRICT,EUR/USD_2025-11-01,EUR/USD,1h,demand,2025-07-17T23:00:00Z,1.16179,1.16203,1.1614,1.1615,1.161715,1.16203,1.161715,1.1614,1.1623450000000002,0.00031500000000006523,2025-07-21T02:00:00Z,2025-07-21T02:00:00Z,,TARGET,,,ONE_MINUTE_RESOLVED,2025-07-21T02:16:00Z,,2025-07-21T02:00:00Z,1.1623450000000002,2,0.5079365079364028,1.4920634920635973,false,2,,,false
V2_STRICT,EUR/USD_2025-11-01,EUR/USD,4h,supply,2025-07-16T13:00:00Z,1.15986,1.17227,1.15621,1.16391,1.15621,1.16424,1.16424,1.17227,1.14818,0.008029999999999982,2025-07-21T05:00:00Z,2025-07-21T06:49:00Z,,S2_CLOSE,,,HTF_UNAMBIGUOUS,,2025-07-22T13:00:00Z,2025-07-22T13:00:00Z,1.1755,-1.402241594022425,0.01992528019925285,-1.422166874221678,false,1,,,false
V2_STRICT,EUR/USD_2025-11-01,EUR/USD,4h,supply,2025-07-08T05:00:00Z,1.17413,1.17651,1.17319,1.17487,1.17319,1.17485,1.17485,1.17651,1.17153,0.0016599999999999948,2025-07-22T21:00:00Z,2025-07-22T21:59:00Z,,TARGET,,,HTF_UNAMBIGUOUS,2025-07-23T13:05:00Z,,2025-07-23T13:00:00Z,1.17153,2,0.09638554216867501,1.903614457831325,false,2,PRODUCTION_WOULD_PICK_ANOTHER_ZONE,,false
V2_STRICT,EUR/USD_2025-11-01,EUR/USD,1h,supply,2025-07-04T13:00:00Z,1.1767,1.17811,1.17664,1.17796,1.17664,1.177375,1.177375,1.17811,1.1759050000000002,0.0007349999999999302,2025-07-23T18:00:00Z,2025-07-23T18:48:00Z,,TARGET,,,HTF_UNAMBIGUOUS,2025-07-24T06:57:00Z,,2025-07-24T06:00:00Z,1.1759050000000002,2,0.21768707482995267,1.7823129251700474,false,3,,,false
V2_STRICT,EUR/USD_2025-11-01,EUR/USD,1h,supply,2025-07-24T07:00:00Z,1.17572,1.17695,1.17551,1.17614,1.17551,1.1762299999999999,1.1762299999999999,1.17695,1.1747899999999998,0.0007200000000000539,2025-07-24T13:00:00Z,2025-07-24T13:13:00Z,,S2_CLOSE,,,ONE_MINUTE_RESOLVED,,2025-07-24T13:00:00Z,2025-07-24T13:00:00Z,1.17718,-1.3194444444443545,0.22222222222220558,-1.5416666666665602,true,4,TOUCH_BAR_CLOSED_BEYOND_S2;PRODUCTION_WOULD_PICK_ANOTHER_ZONE,,false
V2_STRICT,EUR/USD_2025-11-01,EUR/USD,1h,supply,2025-07-04T05:00:00Z,1.17803,1.17857,1.17796,1.17843,1.17796,1.178265,1.178265,1.17857,1.177655,0.0003049999999999997,2025-07-24T14:00:00Z,2025-07-24T14:03:00Z,,TARGET,,,ONE_MINUTE_RESOLVED,2025-07-24T14:21:00Z,,2025-07-24T14:00:00Z,1.177655,2,0.5245901639344268,1.4754098360655732,false,2,PRODUCTION_WOULD_PICK_ANOTHER_ZONE,,false
V2_STRICT,EUR/USD_2025-11-01,EUR/USD,1h,supply,2025-07-04T13:00:00Z,1.1767,1.17811,1.17664,1.17796,1.17664,1.177375,1.177375,1.17811,1.1759050000000002,0.0007349999999999302,2025-07-24T15:00:00Z,2025-07-24T15:25:00Z,,TARGET,,,HTF_UNAMBIGUOUS,2025-07-24T16:26:00Z,,2025-07-24T16:00:00Z,1.1759050000000002,2,0.21768707482995267,1.7823129251700474,false,3,,,false
V2_STRICT,EUR/USD_2025-11-01,EUR/USD,1h,supply,2025-07-04T13:00:00Z,1.1767,1.17811,1.17664,1.17796,1.17664,1.177375,1.177375,1.17811,1.1759050000000002,0.0007349999999999302,2025-07-24T17:00:00Z,2025-07-24T17:41:00Z,,TARGET,,,HTF_UNAMBIGUOUS,2025-07-24T19:58:00Z,,2025-07-24T19:00:00Z,1.1759050000000002,2,0.21768707482995267,1.7823129251700474,false,3,,,false
V2_STRICT,EUR/USD_2025-11-01,EUR/USD,1h,supply,2025-07-24T13:00:00Z,1.17363,1.17768,1.17308,1.17718,1.17308,1.17538,1.17538,1.17768,1.1707800000000002,0.0022999999999999687,2025-07-25T00:00:00Z,2025-07-25T00:02:00Z,,TARGET,,,HTF_UNAMBIGUOUS,2025-07-25T13:05:00Z,,2025-07-25T13:00:00Z,1.1707800000000002,2,0.06956521739130529,1.9304347826086947,false,1,,,false
V2_STRICT,EUR/USD_2025-11-01,EUR/USD,1h,supply,2025-07-24T13:00:00Z,1.17363,1.17768,1.17308,1.17718,1.17308,1.17538,1.17538,1.17768,1.1707800000000002,0.0022999999999999687,2025-07-27T23:00:00Z,2025-07-27T23:11:00Z,,TARGET,,,HTF_UNAMBIGUOUS,2025-07-28T07:30:00Z,,2025-07-28T07:00:00Z,1.1707800000000002,2,0.06956521739130529,1.9304347826086947,false,2,,,false
V2_STRICT,EUR/USD_2025-11-01,EUR/USD,1h,demand,2025-07-21T13:00:00Z,1.16653,1.16662,1.16575,1.16651,1.166185,1.16662,1.166185,1.16575,1.167055,0.0004349999999999632,2025-07-28T09:00:00Z,2025-07-28T09:36:00Z,,TARGET,,,ONE_MINUTE_RESOLVED,2025-07-28T09:49:00Z,,2025-07-28T09:00:00Z,1.167055,2,0.3678160919540541,1.632183908045946,false,1,,,false
V2_STRICT,EUR/USD_2025-11-01,EUR/USD,1h,demand,2025-07-21T08:00:00Z,1.16434,1.16528,1.16361,1.16424,1.1644450000000002,1.16528,1.1644450000000002,1.16361,1.1661150000000005,0.0008350000000001412,2025-07-28T11:00:00Z,2025-07-28T11:33:00Z,,TARGET,,,HTF_UNAMBIGUOUS,2025-07-28T12:01:00Z,,2025-07-28T12:00:00Z,1.1661150000000005,2,0.1916167664670335,1.8083832335329666,false,1,,,false
V2_STRICT,EUR/USD_2025-11-01,EUR/USD,1h,demand,2025-07-21T08:00:00Z,1.16434,1.16528,1.16361,1.16424,1.1644450000000002,1.16528,1.1644450000000002,1.16361,1.1661150000000005,0.0008350000000001412,2025-07-28T13:00:00Z,2025-07-28T13:19:00Z,,S2_CLOSE,,,ONE_MINUTE_RESOLVED,,2025-07-28T13:00:00Z,2025-07-28T13:00:00Z,1.1634,-1.2514970059880335,0.1916167664670335,-1.443113772455067,true,1,TOUCH_BAR_CLOSED_BEYOND_S2,,false
V2_STRICT,EUR/USD_2025-11-01,EUR/USD,1h,demand,2025-07-17T23:00:00Z,1.16179,1.16203,1.1614,1.1615,1.161715,1.16203,1.161715,1.1614,1.1623450000000002,0.00031500000000006523,2025-07-28T15:00:00Z,2025-07-28T15:40:00Z,,S2_CLOSE,,,ONE_MINUTE_RESOLVED,,2025-07-28T15:00:00Z,2025-07-28T15:00:00Z,1.1609,-2.587301587301084,0.5079365079364028,-3.0952380952374865,true,2,TOUCH_BAR_CLOSED_BEYOND_S2,,false
V2_STRICT,EUR/USD_2025-11-01,EUR/USD,4h,demand,2025-07-17T13:00:00Z,1.15872,1.16028,1.15777,1.15863,1.159025,1.16028,1.159025,1.15777,1.161535,0.0012550000000000061,2025-07-28T21:00:00Z,2025-07-28T22:05:00Z,,S2_CLOSE,,,HTF_UNAMBIGUOUS,,2025-07-29T05:00:00Z,2025-07-29T05:00:00Z,1.15692,-1.677290836653397,0.12749003984063684,-1.8047808764940338,false,1,,,false
V2_STRICT,EUR/USD_2025-11-01,EUR/USD,1h,supply,2025-07-29T04:00:00Z,1.15828,1.15887,1.15746,1.15886,1.15746,1.158165,1.158165,1.15887,1.1567549999999995,0.0007050000000001777,2025-07-29T09:00:00Z,2025-07-29T09:29:00Z,,TARGET,,,HTF_UNAMBIGUOUS,2025-07-29T11:06:00Z,,2025-07-29T11:00:00Z,1.1567549999999995,2,0.2269503546098719,1.773049645390128,false,1,,,false
V2_STRICT,EUR/USD_2025-11-01,EUR/USD,4h,demand,2025-06-19T01:00:00Z,1.14813,1.14825,1.14503,1.14692,1.14664,1.14825,1.14664,1.14503,1.1498600000000003,0.0016100000000001113,2025-07-30T17:00:00Z,2025-07-30T18:41:00Z,,S2_CLOSE,,,ONE_MINUTE_RESOLVED,,2025-07-30T17:00:00Z,2025-07-30T17:00:00Z,1.14046,-3.838509316769967,0.09937888198757078,-3.9378881987575376,true,6,TOUCH_BAR_CLOSED_BEYOND_S2;PRODUCTION_WOULD_PICK_ANOTHER_ZONE,,false
V2_STRICT,EUR/USD_2025-11-01,EUR/USD,1h,supply,2025-07-31T11:00:00Z,1.14397,1.14516,1.14356,1.14488,1.14356,1.1443599999999998,1.1443599999999998,1.14516,1.1427599999999996,0.0008000000000001339,2025-07-31T14:00:00Z,2025-07-31T14:44:00Z,,TARGET,,,HTF_UNAMBIGUOUS,2025-07-31T15:50:00Z,,2025-07-31T15:00:00Z,1.1427599999999996,2,0.19999999999996654,1.8000000000000336,false,1,,,false
V2_STRICT,EUR/USD_2025-11-01,EUR/USD,1h,supply,2025-07-31T14:00:00Z,1.14114,1.14502,1.14069,1.14456,1.14069,1.142855,1.142855,1.14502,1.138525,0.0021649999999999725,2025-08-01T01:00:00Z,2025-08-01T01:14:00Z,,S2_CLOSE,,,HTF_UNAMBIGUOUS,,2025-08-01T12:00:00Z,2025-08-01T12:00:00Z,1.1545,-5.378752886836155,0.07390300230946976,-5.452655889145625,false,1,,,false
V2_STRICT,EUR/USD_2025-11-01,EUR/USD,1h,supply,2025-07-29T04:00:00Z,1.15828,1.15887,1.15746,1.15886,1.15746,1.158165,1.158165,1.15887,1.1567549999999995,0.0007050000000001777,2025-08-01T13:00:00Z,2025-08-01T13:35:00Z,,TARGET,,,ONE_MINUTE_RESOLVED,2025-08-01T13:38:00Z,,2025-08-01T13:00:00Z,1.1567549999999995,2,0.2269503546098719,1.773049645390128,false,2,,,false
V2_STRICT,EUR/USD_2025-11-01,EUR/USD,4h,supply,2025-07-29T01:00:00Z,1.15848,1.1599,1.15746,1.15886,1.15746,1.15868,1.15868,1.1599,1.15624,0.0012199999999999989,2025-08-01T13:00:00Z,2025-08-01T14:00:00Z,,TARGET,,,ONE_MINUTE_RESOLVED,2025-08-01T14:05:00Z,,2025-08-01T13:00:00Z,1.15624,2,0.1311475409836067,1.8688524590163933,false,1,,,false
V2_STRICT,EUR/USD_2025-11-01,EUR/USD,1h,supply,2025-07-30T00:00:00Z,1.15514,1.15676,1.15508,1.15671,1.15508,1.15592,1.15592,1.15676,1.1542400000000002,0.0008399999999999519,2025-08-01T14:00:00Z,2025-08-01T14:06:00Z,,TARGET,,,HTF_UNAMBIGUOUS,2025-08-01T15:26:00Z,,2025-08-01T15:00:00Z,1.1542400000000002,2,0.1904761904762014,1.8095238095237987,false,1,,,false
V2_STRICT,EUR/USD_2025-11-01,EUR/USD,1h,supply,2025-07-30T00:00:00Z,1.15514,1.15676,1.15508,1.15671,1.15508,1.15592,1.15592,1.15676,1.1542400000000002,0.0008399999999999519,2025-08-01T16:00:00Z,2025-08-01T16:13:00Z,,TARGET,,,ONE_MINUTE_RESOLVED,2025-08-01T16:37:00Z,,2025-08-01T16:00:00Z,1.1542400000000002,2,0.1904761904762014,1.8095238095237987,false,1,,,false
V2_STRICT,EUR/USD_2025-11-01,EUR/USD,4h,supply,2025-07-29T21:00:00Z,1.15458,1.15676,1.15453,1.15671,1.15453,1.155645,1.155645,1.15676,1.153415,0.0011149999999999771,2025-08-01T17:00:00Z,2025-08-01T19:30:00Z,,S2_CLOSE,,,ONE_MINUTE_RESOLVED,,2025-08-01T17:00:00Z,2025-08-01T17:00:00Z,1.15839,-2.461883408071797,0.1434977578475366,-2.6053811659193338,true,2,TOUCH_BAR_CLOSED_BEYOND_S2,,false
V2_STRICT,EUR/USD_2025-11-01,EUR/USD,4h,supply,2025-07-29T01:00:00Z,1.15848,1.1599,1.15746,1.15886,1.15746,1.15868,1.15868,1.1599,1.15624,0.0012199999999999989,2025-08-01T21:00:00Z,2025-08-01T21:23:00Z,,TARGET,,,HTF_UNAMBIGUOUS,2025-08-04T00:30:00Z,,2025-08-03T21:00:00Z,1.15624,2,0.1311475409836067,1.8688524590163933,false,1,,,false
V2_STRICT,EUR/USD_2025-11-01,EUR/USD,1h,demand,2025-08-04T00:00:00Z,1.15877,1.1589,1.15558,1.15581,1.15724,1.1589,1.15724,1.15558,1.16056,0.0016599999999999948,2025-08-04T05:00:00Z,2025-08-04T05:00:00Z,,S2_CLOSE,,,HTF_UNAMBIGUOUS,,2025-08-05T05:00:00Z,2025-08-05T05:00:00Z,1.15471,-1.5240963855422598,0.09638554216867501,-1.6204819277109348,false,1,,,false
V2_STRICT,EUR/USD_2025-11-01,EUR/USD,1h,demand,2025-08-01T18:00:00Z,1.15268,1.15481,1.15216,1.15261,1.1534849999999999,1.15481,1.1534849999999999,1.15216,1.1561349999999995,0.0013249999999997986,2025-08-05T07:00:00Z,2025-08-05T07:51:00Z,,TARGET,,,HTF_UNAMBIGUOUS,2025-08-05T14:54:00Z,,2025-08-05T14:00:00Z,1.1561349999999995,2,0.12075471698115044,1.8792452830188495,false,1,,,false
V2_STRICT,EUR/USD_2025-11-01,EUR/USD,1h,supply,2025-08-04T23:00:00Z,1.15802,1.1586,1.15779,1.15839,1.15779,1.158195,1.158195,1.1586,1.157385,0.0004049999999999887,2025-08-05T15:00:00Z,2025-08-05T15:21:00Z,,TARGET,,,HTF_UNAMBIGUOUS,2025-08-05T18:13:00Z,,2025-08-05T18:00:00Z,1.157385,2,0.3950617283950728,1.6049382716049272,false,1,,,false
V2_STRICT,EUR/USD_2025-11-01,EUR/USD,1h,supply,2025-08-04T23:00:00Z,1.15802,1.1586,1.15779,1.15839,1.15779,1.158195,1.158195,1.1586,1.157385,0.0004049999999999887,2025-08-06T00:00:00Z,2025-08-06T00:03:00Z,,TARGET,,,ONE_MINUTE_RESOLVED,2025-08-06T00:34:00Z,,2025-08-06T00:00:00Z,1.157385,2,0.3950617283950728,1.6049382716049272,false,1,,,false
V2_STRICT,EUR/USD_2025-11-01,EUR/USD,1h,supply,2025-08-04T23:00:00Z,1.15802,1.1586,1.15779,1.15839,1.15779,1.158195,1.158195,1.1586,1.157385,0.0004049999999999887,2025-08-06T03:00:00Z,2025-08-06T03:57:00Z,,TARGET,,,HTF_UNAMBIGUOUS,2025-08-06T07:15:00Z,,2025-08-06T07:00:00Z,1.157385,2,0.3950617283950728,1.6049382716049272,false,1,,,false
V2_STRICT,EUR/USD_2025-11-01,EUR/USD,1h,supply,2025-08-04T23:00:00Z,1.15802,1.1586,1.15779,1.15839,1.15779,1.158195,1.158195,1.1586,1.157385,0.0004049999999999887,2025-08-06T09:00:00Z,2025-08-06T09:19:00Z,,S2_CLOSE,,,HTF_UNAMBIGUOUS,,2025-08-06T10:00:00Z,2025-08-06T10:00:00Z,1.16069,-6.160493827160453,0.3950617283950728,-6.555555555555525,false,2,,,false
V2_STRICT,EUR/USD_2025-11-01,EUR/USD,1h,supply,2025-07-28T14:00:00Z,1.16331,1.16476,1.16305,1.16378,1.16305,1.163905,1.163905,1.16476,1.1621949999999999,0.0008550000000000502,2025-08-06T15:00:00Z,2025-08-06T15:09:00Z,,S2_CLOSE,,,HTF_UNAMBIGUOUS,,2025-08-06T17:00:00Z,2025-08-06T17:00:00Z,1.1649,-1.1637426900585037,0.18713450292396563,-1.3508771929824694,false,1,,,false
V2_STRICT,EUR/USD_2025-11-01,EUR/USD,1h,supply,2025-07-28T12:00:00Z,1.16513,1.1665,1.1648,1.16577,1.1648,1.16565,1.16565,1.1665,1.16395,0.0008500000000000174,2025-08-06T18:00:00Z,2025-08-06T18:09:00Z,,S2_CLOSE,,,HTF_UNAMBIGUOUS,,2025-08-07T04:00:00Z,2025-08-07T04:00:00Z,1.16712,-1.7294117647056826,0.18823529411764323,-1.9176470588233259,false,1,,,false
V2_STRICT,EUR/USD_2025-11-01,EUR/USD,1h,supply,2025-07-28T08:00:00Z,1.16747,1.16901,1.1671,1.1679,1.1671,1.168055,1.168055,1.16901,1.166145,0.0009550000000000392,2025-08-07T08:00:00Z,2025-08-07T08:08:00Z,,TARGET,,,HTF_UNAMBIGUOUS,2025-08-07T11:08:00Z,,2025-08-07T11:00:00Z,1.166145,2,0.16753926701569996,1.8324607329843001,false,1,,,false
V2_STRICT,EUR/USD_2025-11-01,EUR/USD,4h,demand,2025-08-06T21:00:00Z,1.16593,1.16664,1.1651,1.16521,1.16587,1.16664,1.16587,1.1651,1.1674099999999998,0.0007699999999999374,2025-08-07T09:00:00Z,2025-08-07T11:10:00Z,,S2_CLOSE,,,HTF_UNAMBIGUOUS,,2025-08-07T13:00:00Z,2025-08-07T13:00:00Z,1.16383,-2.649350649350919,0.2077922077922247,-2.8571428571431436,false,1,,,false
V2_STRICT,EUR/USD_2025-11-01,EUR/USD,1h,demand,2025-08-07T14:00:00Z,1.16429,1.16503,1.1614,1.16235,1.163215,1.16503,1.163215,1.1614,1.1668450000000004,0.001815000000000122,2025-08-08T09:00:00Z,2025-08-08T09:21:00Z,,TARGET,,,HTF_UNAMBIGUOUS,2025-08-11T02:53:00Z,,2025-08-11T02:00:00Z,1.1668450000000004,2,0.08815426997244587,1.9118457300275542,false,1,,,false
V2_STRICT,EUR/USD_2025-11-01,EUR/USD,1h,demand,2025-08-07T14:00:00Z,1.16429,1.16503,1.1614,1.16235,1.163215,1.16503,1.163215,1.1614,1.1668450000000004,0.001815000000000122,2025-08-11T11:00:00Z,2025-08-11T11:36:00Z,,S2_CLOSE,,,HTF_UNAMBIGUOUS,,2025-08-11T14:00:00Z,2025-08-11T14:00:00Z,1.15971,-1.9311294765839424,0.08815426997244587,-2.0192837465563884,false,1,,,false
V2_STRICT,EUR/USD_2025-11-01,EUR/USD,1h,supply,2025-08-11T08:00:00Z,1.16473,1.16607,1.16439,1.16555,1.16439,1.16523,1.16523,1.16607,1.16355,0.0008399999999999519,2025-08-12T12:00:00Z,2025-08-12T12:41:00Z,,TARGET,,,ONE_MINUTE_RESOLVED,2025-08-12T12:53:00Z,,2025-08-12T12:00:00Z,1.16355,2,0.1904761904762014,1.8095238095237987,false,2,,,false
V2_STRICT,EUR/USD_2025-11-01,EUR/USD,1h,supply,2025-08-11T08:00:00Z,1.16473,1.16607,1.16439,1.16555,1.16439,1.16523,1.16523,1.16607,1.16355,0.0008399999999999519,2025-08-12T14:00:00Z,2025-08-12T14:00:00Z,,S2_CLOSE,,,HTF_UNAMBIGUOUS,,2025-08-12T15:00:00Z,2025-08-12T15:00:00Z,1.16738,-2.559523809524071,0.1904761904762014,-2.7500000000002722,false,1,,,false
V2_STRICT,EUR/USD_2025-11-01,EUR/USD,1h,supply,2025-07-28T08:00:00Z,1.16747,1.16901,1.1671,1.1679,1.1671,1.168055,1.168055,1.16901,1.166145,0.0009550000000000392,2025-08-12T17:00:00Z,2025-08-12T17:46:00Z,,S2_CLOSE,,,HTF_UNAMBIGUOUS,,2025-08-13T06:00:00Z,2025-08-13T06:00:00Z,1.16928,-1.2827225130889857,0.16753926701569996,-1.4502617801046855,false,1,,,false
V2_STRICT,EUR/USD_2025-11-01,EUR/USD,1h,demand,2025-08-13T12:00:00Z,1.17196,1.17222,1.16973,1.16989,1.1709749999999999,1.17222,1.1709749999999999,1.16973,1.1734649999999998,0.0012449999999999406,2025-08-13T16:00:00Z,2025-08-13T16:19:00Z,,S2_CLOSE,,,HTF_UNAMBIGUOUS,,2025-08-14T06:00:00Z,2025-08-14T06:00:00Z,1.16863,-1.8835341365461296,0.12851405622490575,-2.012048192771035,false,1,,,false
V2_STRICT,EUR/USD_2025-11-01,EUR/USD,1h,demand,2025-08-13T01:00:00Z,1.16803,1.16869,1.16763,1.16775,1.1681599999999999,1.16869,1.1681599999999999,1.16763,1.1692199999999997,0.0005299999999999194,2025-08-14T08:00:00Z,2025-08-14T08:02:00Z,,S2_CLOSE,,,ONE_MINUTE_RESOLVED,,2025-08-14T08:00:00Z,2025-08-14T08:00:00Z,1.16691,-2.358490566038044,0.3018867924528761,-2.66037735849092,true,2,TOUCH_BAR_CLOSED_BEYOND_S2,,false
V2_STRICT,EUR/USD_2025-11-01,EUR/USD,1h,demand,2025-08-12T21:00:00Z,1.1676,1.16809,1.16664,1.16745,1.167365,1.16809,1.167365,1.16664,1.1688150000000002,0.0007250000000000867,2025-08-14T09:00:00Z,2025-08-14T09:01:00Z,,TARGET,,,HTF_UNAMBIGUOUS,2025-08-14T10:21:00Z,,2025-08-14T10:00:00Z,1.1688150000000002,2,0.22068965517238742,1.7793103448276126,false,1,,,false
V2_STRICT,EUR/USD_2025-11-01,EUR/USD,1h,demand,2025-08-12T21:00:00Z,1.1676,1.16809,1.16664,1.16745,1.167365,1.16809,1.167365,1.16664,1.1688150000000002,0.0007250000000000867,2025-08-14T12:00:00Z,2025-08-14T12:30:00Z,,S2_CLOSE,,,ONE_MINUTE_RESOLVED,,2025-08-14T12:00:00Z,2025-08-14T12:00:00Z,1.16628,-1.4965517241377557,0.22068965517238742,-1.717241379310143,true,1,TOUCH_BAR_CLOSED_BEYOND_S2,,false
V2_STRICT,EUR/USD_2025-11-01,EUR/USD,4h,demand,2025-08-14T13:00:00Z,1.16637,1.1672,1.16304,1.1634,1.16512,1.1672,1.16512,1.16304,1.1692799999999997,0.0020799999999998597,2025-08-19T05:00:00Z,2025-08-19T06:01:00Z,,TARGET,,,HTF_UNAMBIGUOUS,2025-08-19T11:06:00Z,,2025-08-19T09:00:00Z,1.1692799999999997,2,0.07692307692308212,1.9230769230769178,false,1,,,false
V2_STRICT,EUR/USD_2025-11-01,EUR/USD,1h,demand,2025-08-14T20:00:00Z,1.16484,1.16512,1.16449,1.16482,1.1648049999999999,1.16512,1.1648049999999999,1.16449,1.1654349999999996,0.0003149999999998432,2025-08-19T18:00:00Z,2025-08-19T18:35:00Z,,TARGET,,,HTF_UNAMBIGUOUS,2025-08-19T21:15:00Z,,2025-08-19T21:00:00Z,1.1654349999999996,2,0.5079365079367608,1.4920634920632392,false,3,PRODUCTION_WOULD_PICK_ANOTHER_ZONE,,false
V2_STRICT,EUR/USD_2025-11-01,EUR/USD,1h,demand,2025-08-14T16:00:00Z,1.16434,1.1646,1.16304,1.1634,1.16382,1.1646,1.16382,1.16304,1.16538,0.0007800000000000029,2025-08-20T00:00:00Z,2025-08-20T00:04:00Z,,S2_CLOSE,,,HTF_UNAMBIGUOUS,,2025-08-20T01:00:00Z,2025-08-20T01:00:00Z,1.16278,-1.333333333333523,0.20512820512820437,-1.5384615384617275,false,1,,,false
V2_STRICT,EUR/USD_2025-11-01,EUR/USD,1h,supply,2025-08-19T22:00:00Z,1.16479,1.1652,1.16428,1.16491,1.16428,1.16474,1.16474,1.1652,1.1638200000000003,0.00045999999999990493,2025-08-20T08:00:00Z,2025-08-20T08:01:00Z,,TARGET,,,ONE_MINUTE_RESOLVED,2025-08-20T08:27:00Z,,2025-08-20T08:00:00Z,1.1638200000000003,2,0.34782608695659367,1.6521739130434063,false,1,,,false
V2_STRICT,EUR/USD_2025-11-01,EUR/USD,1h,supply,2025-08-19T22:00:00Z,1.16479,1.1652,1.16428,1.16491,1.16428,1.16474,1.16474,1.1652,1.1638200000000003,0.00045999999999990493,2025-08-20T10:00:00Z,2025-08-20T10:02:00Z,,S2_CLOSE,,,HTF_UNAMBIGUOUS,,2025-08-20T12:00:00Z,2025-08-20T12:00:00Z,1.16708,-5.086956521739718,0.34782608695659367,-5.434782608696311,false,1,,,false
V2_STRICT,EUR/USD_2025-11-01,EUR/USD,4h,demand,2025-08-14T13:00:00Z,1.16637,1.1672,1.16304,1.1634,1.16512,1.1672,1.16512,1.16304,1.1692799999999997,0.0020799999999998597,2025-08-20T17:00:00Z,2025-08-20T20:01:00Z,,S2_CLOSE,,,HTF_UNAMBIGUOUS,,2025-08-21T13:00:00Z,2025-08-21T13:00:00Z,1.16118,-1.8942307692308165,0.07692307692308212,-1.9711538461538987,false,2,,,false
V2_STRICT,EUR/USD_2025-11-01,EUR/USD,1h,demand,2025-08-12T09:00:00Z,1.16154,1.16188,1.16005,1.16066,1.160965,1.16188,1.160965,1.16005,1.162795,0.0009149999999999991,2025-08-21T19:00:00Z,2025-08-21T19:00:00Z,,S2_CLOSE,,,HTF_UNAMBIGUOUS,,2025-08-22T03:00:00Z,2025-08-22T03:00:00Z,1.15899,-2.1584699453552587,0.17486338797814224,-2.333333333333401,false,1,,,false
V2_STRICT,EUR/USD_2025-11-01,EUR/USD,4h,supply,2025-08-21T21:00:00Z,1.1606,1.16171,1.16022,1.1615,1.16022,1.160965,1.160965,1.16171,1.159475,0.0007449999999999957,2025-08-22T09:00:00Z,2025-08-22T12:08:00Z,,S2_CLOSE,,,HTF_UNAMBIGUOUS,,2025-08-22T13:00:00Z,2025-08-22T13:00:00Z,1.1721,-14.94630872483216,0.2147651006711422,-15.161073825503303,false,1,,,false
V2_STRICT,EUR/USD_2025-11-01,EUR/USD,4h,supply,2025-08-13T13:00:00Z,1.16988,1.17238,1.16937,1.17076,1.16937,1.170875,1.170875,1.17238,1.1678650000000004,0.0015049999999998676,2025-08-24T21:00:00Z,2025-08-24T23:26:00Z,,TARGET,,,HTF_UNAMBIGUOUS,2025-08-25T15:36:00Z,,2025-08-25T13:00:00Z,1.1678650000000004,2,0.10631229235881336,1.8936877076411867,false,2,PRODUCTION_WOULD_PICK_ANOTHER_ZONE,,false
V2_STRICT,EUR/USD_2025-11-01,EUR/USD,1h,demand,2025-08-22T13:00:00Z,1.16089,1.16196,1.15974,1.15993,1.16085,1.16196,1.16085,1.15974,1.1630699999999998,0.0011099999999999444,2025-08-26T08:00:00Z,2025-08-26T08:22:00Z,,TARGET,,,HTF_UNAMBIGUOUS,2025-08-26T09:15:00Z,,2025-08-26T09:00:00Z,1.1630699999999998,2,0.1441441441441514,1.8558558558558487,false,4,,,false
V2_STRICT,EUR/USD_2025-11-01,EUR/USD,1h,demand,2025-08-25T21:00:00Z,1.16255,1.16288,1.16131,1.16204,1.1620949999999999,1.16288,1.1620949999999999,1.16131,1.1636649999999995,0.0007849999999998136,2025-08-27T04:00:00Z,2025-08-27T04:12:00Z,,S2_CLOSE,,,HTF_UNAMBIGUOUS,,2025-08-27T07:00:00Z,2025-08-27T07:00:00Z,1.1604,-2.1592356687900414,0.20382165605100383,-2.363057324841045,false,3,PRODUCTION_WOULD_PICK_ANOTHER_ZONE,,false
V2_STRICT,EUR/USD_2025-11-01,EUR/USD,1h,demand,2025-08-22T04:00:00Z,1.15901,1.15952,1.15823,1.15847,1.158875,1.15952,1.158875,1.15823,1.1601650000000001,0.0006450000000000067,2025-08-27T08:00:00Z,2025-08-27T08:14:00Z,,S2_CLOSE,,,HTF_UNAMBIGUOUS,,2025-08-27T10:00:00Z,2025-08-27T10:00:00Z,1.15799,-1.372093023255838,0.2480620155038734,-1.6201550387597115,false,2,PRODUCTION_WOULD_PICK_ANOTHER_ZONE,,false
V2_STRICT,EUR/USD_2025-11-01,EUR/USD,1h,supply,2025-08-27T06:00:00Z,1.16206,1.16247,1.1614,1.16206,1.1614,1.161935,1.161935,1.16247,1.160865,0.0005349999999999522,2025-08-27T16:00:00Z,2025-08-27T16:29:00Z,,S2_CLOSE,,,ONE_MINUTE_RESOLVED,,2025-08-27T16:00:00Z,2025-08-27T16:00:00Z,1.16385,-3.579439252336976,0.2990654205607744,-3.8785046728977504,true,3,TOUCH_BAR_CLOSED_BEYOND_S2;PRODUCTION_WOULD_PICK_ANOTHER_ZONE,,false
V2_STRICT,EUR/USD_2025-11-01,EUR/USD,1h,supply,2025-08-26T18:00:00Z,1.16381,1.16477,1.1633,1.16435,1.1633,1.1640350000000002,1.1640350000000002,1.16477,1.1625650000000003,0.0007349999999999302,2025-08-27T20:00:00Z,2025-08-27T20:59:00Z,,S2_CLOSE,,,HTF_UNAMBIGUOUS,,2025-08-28T02:00:00Z,2025-08-28T02:00:00Z,1.16531,-1.7346938775510696,0.21768707482995267,-1.9523809523810223,false,1,,,false
V2_STRICT,EUR/USD_2025-11-01,EUR/USD,1h,supply,2025-08-26T11:00:00Z,1.16449,1.16612,1.16413,1.16546,1.16413,1.1651250000000002,1.1651250000000002,1.16612,1.1631350000000005,0.0009949999999998571,2025-08-28T03:00:00Z,2025-08-28T03:03:00Z,,TARGET,,,HTF_UNAMBIGUOUS,2025-08-28T08:10:00Z,,2025-08-28T08:00:00Z,1.1631350000000005,2,0.1608040201005256,1.8391959798994744,false,1,,,false
V2_STRICT,EUR/USD_2025-11-01,EUR/USD,1h,supply,2025-08-26T11:00:00Z,1.16449,1.16612,1.16413,1.16546,1.16413,1.1651250000000002,1.1651250000000002,1.16612,1.1631350000000005,0.0009949999999998571,2025-08-28T09:00:00Z,2025-08-28T09:35:00Z,,S2_CLOSE,,,HTF_UNAMBIGUOUS,,2025-08-28T10:00:00Z,2025-08-28T10:00:00Z,1.1671,-1.9849246231157,0.1608040201005256,-2.1457286432162257,false,2,,,false
V2_STRICT,EUR/USD_2025-11-01,EUR/USD,4h,supply,2025-08-22T13:00:00Z,1.16089,1.17323,1.15974,1.1721,1.15974,1.166485,1.166485,1.17323,1.152995,0.006745000000000001,2025-08-28T13:00:00Z,2025-08-28T13:02:00Z,,S2_CLOSE,,,HTF_UNAMBIGUOUS,,2025-09-01T05:00:00Z,2025-09-01T05:00:00Z,1.17352,-1.0429948109710752,0.023721275018532245,-1.0667160859896074,false,1,,,false
V2_STRICT,EUR/USD_2025-11-01,EUR/USD,1h,demand,2025-09-01T03:00:00Z,1.17121,1.17149,1.17046,1.17085,1.1709749999999999,1.17149,1.1709749999999999,1.17046,1.1720049999999995,0.0005149999999998212,2025-09-01T13:00:00Z,2025-09-01T13:06:00Z,,S2_CLOSE,,,HTF_UNAMBIGUOUS,,2025-09-01T15:00:00Z,2025-09-01T15:00:00Z,1.17005,-1.796116504854687,0.3106796116505934,-2.10679611650528,false,1,,,false
V2_STRICT,EUR/USD_2025-11-01,EUR/USD,1h,demand,2025-09-01T15:00:00Z,1.17107,1.17116,1.16996,1.17005,1.17056,1.17116,1.17056,1.16996,1.17176,0.0005999999999999339,2025-09-01T21:00:00Z,2025-09-01T21:00:00Z,,TARGET,,,HTF_UNAMBIGUOUS,2025-09-01T23:49:00Z,,2025-09-01T23:00:00Z,1.17176,2,0.2666666666666961,1.7333333333333039,false,2,,,false
V2_STRICT,EUR/USD_2025-11-01,EUR/USD,1h,demand,2025-09-01T17:00:00Z,1.1705,1.17059,1.17007,1.17043,1.1703299999999999,1.17059,1.1703299999999999,1.17007,1.1708499999999997,0.00025999999999992696,2025-09-02T00:00:00Z,2025-09-02T00:49:00Z,,S2_CLOSE,,,HTF_UNAMBIGUOUS,,2025-09-02T02:00:00Z,2025-09-02T02:00:00Z,1.16983,-1.9230769230772515,0.6153846153847883,-2.5384615384620397,false,1,,,false
V2_STRICT,EUR/USD_2025-11-01,EUR/USD,1h,demand,2025-09-01T01:00:00Z,1.16972,1.16975,1.16879,1.16947,1.16927,1.16975,1.16927,1.16879,1.17023,0.00048000000000003595,2025-09-02T04:00:00Z,2025-09-02T04:05:00Z,,TARGET,,,HTF_UNAMBIGUOUS,2025-09-02T06:31:00Z,,2025-09-02T06:00:00Z,1.17023,2,0.3333333333333084,1.6666666666666916,false,1,,,false
V2_STRICT,EUR/USD_2025-11-01,EUR/USD,1h,demand,2025-08-29T20:00:00Z,1.16985,1.17012,1.16791,1.1683,1.169015,1.17012,1.169015,1.16791,1.1712249999999997,0.0011049999999999116,2025-09-02T07:00:00Z,2025-09-02T07:14:00Z,,S2_CLOSE,,,ONE_MINUTE_RESOLVED,,2025-09-02T07:00:00Z,2025-09-02T07:00:00Z,1.16479,-3.8235294117649423,0.14479638009050932,-3.9683257918554515,true,2,TOUCH_BAR_CLOSED_BEYOND_S2;PRODUCTION_WOULD_PICK_ANOTHER_ZONE,,false
V2_STRICT,EUR/USD_2025-11-01,EUR/USD,1h,demand,2025-08-28T05:00:00Z,1.16393,1.16414,1.16357,1.16373,1.1638549999999999,1.16414,1.1638549999999999,1.16357,1.1644249999999996,0.0002849999999998687,2025-09-02T08:00:00Z,2025-09-02T08:07:00Z,,AMBIGUOUS,CLOSED_AT_TARGET,TARGET,HTF_UNAMBIGUOUS,2025-09-02T09:00:00Z,,2025-09-02T09:00:00Z,1.1644249999999996,2,0.5614035087721885,,false,1,,,true
V2_STRICT,EUR/USD_2025-11-01,EUR/USD,1h,demand,2025-08-28T05:00:00Z,1.16393,1.16414,1.16357,1.16373,1.1638549999999999,1.16414,1.1638549999999999,1.16357,1.1644249999999996,0.0002849999999998687,2025-09-02T10:00:00Z,2025-09-02T10:00:00Z,,S2_CLOSE,,,ONE_MINUTE_RESOLVED,,2025-09-02T10:00:00Z,2025-09-02T10:00:00Z,1.16326,-2.087719298246229,0.5614035087721885,-2.6491228070184176,true,1,TOUCH_BAR_CLOSED_BEYOND_S2,,false
V2_STRICT,EUR/USD_2025-11-01,EUR/USD,1h,demand,2025-08-28T08:00:00Z,1.16433,1.16459,1.16283,1.16421,1.16371,1.16459,1.16371,1.16283,1.16547,0.0008799999999999919,2025-09-02T11:00:00Z,2025-09-02T11:03:00Z,,S2_CLOSE,,,HTF_UNAMBIGUOUS,,2025-09-02T12:00:00Z,2025-09-02T12:00:00Z,1.16175,-2.2272727272727044,0.18181818181818352,-2.409090909090888,false,1,,,false
V2_STRICT,EUR/USD_2025-11-01,EUR/USD,1h,supply,2025-09-02T06:00:00Z,1.16949,1.17068,1.16946,1.17037,1.16946,1.17007,1.17007,1.17068,1.16885,0.0006099999999999994,2025-09-05T12:00:00Z,2025-09-05T12:08:00Z,,S2_CLOSE,,,ONE_MINUTE_RESOLVED,,2025-09-05T12:00:00Z,2025-09-05T12:00:00Z,1.17329,-5.27868852459017,0.2622950819672134,-5.540983606557384,true,5,TOUCH_BAR_CLOSED_BEYOND_S2;PRODUCTION_WOULD_PICK_ANOTHER_ZONE,,false
V2_STRICT,EUR/USD_2025-11-01,EUR/USD,1h,supply,2025-07-24T13:00:00Z,1.17363,1.17768,1.17308,1.17718,1.17308,1.17538,1.17538,1.17768,1.1707800000000002,0.0022999999999999687,2025-09-05T14:00:00Z,2025-09-05T14:02:00Z,,TARGET,,,HTF_UNAMBIGUOUS,2025-09-07T23:00:00Z,,2025-09-07T23:00:00Z,1.1707800000000002,2,0.06956521739130529,1.9304347826086947,false,2,,,false
V2_STRICT,EUR/USD_2025-11-01,EUR/USD,1h,supply,2025-07-24T13:00:00Z,1.17363,1.17768,1.17308,1.17718,1.17308,1.17538,1.17538,1.17768,1.1707800000000002,0.0022999999999999687,2025-09-08T13:00:00Z,2025-09-08T13:14:00Z,,S2_CLOSE,,,HTF_UNAMBIGUOUS,,2025-09-09T05:00:00Z,2025-09-09T05:00:00Z,1.17785,-1.0739130434782633,0.06956521739130529,-1.1434782608695686,false,2,,,false
V2_STRICT,EUR/USD_2025-11-01,EUR/USD,1h,supply,2025-07-04T18:00:00Z,1.17759,1.17805,1.17736,1.17793,1.17736,1.177705,1.177705,1.17805,1.177015,0.0003450000000000397,2025-09-09T06:00:00Z,2025-09-09T06:01:00Z,,TARGET,,,ONE_MINUTE_RESOLVED,2025-09-09T06:27:00Z,,2025-09-09T06:00:00Z,1.177015,2,0.46376811594197564,1.5362318840580245,false,4,PRODUCTION_WOULD_PICK_ANOTHER_ZONE,,false
V2_STRICT,EUR/USD_2025-11-01,EUR/USD,1h,demand,2025-09-08T17:00:00Z,1.17404,1.17477,1.17348,1.17389,1.174125,1.17477,1.174125,1.17348,1.175415,0.0006450000000000067,2025-09-09T11:00:00Z,2025-09-09T11:58:00Z,,TARGET,,,ONE_MINUTE_RESOLVED,2025-09-09T14:00:00Z,,2025-09-09T14:00:00Z,1.175415,2,0.2480620155038734,1.7519379844961267,false,1,,,false
V2_STRICT,EUR/USD_2025-11-01,EUR/USD,1h,demand,2025-09-08T09:00:00Z,1.17313,1.17313,1.17208,1.17237,1.172605,1.17313,1.172605,1.17208,1.1736549999999997,0.0005249999999998867,2025-09-09T16:00:00Z,2025-09-09T16:12:00Z,,S2_CLOSE,,,ONE_MINUTE_RESOLVED,,2025-09-09T16:00:00Z,2025-09-09T16:00:00Z,1.1719,-1.3428571428573484,0.30476190476197057,-1.6476190476193189,true,1,TOUCH_BAR_CLOSED_BEYOND_S2,,false
V2_STRICT,EUR/USD_2025-11-01,EUR/USD,1h,supply,2025-09-09T22:00:00Z,1.17114,1.17165,1.17074,1.17119,1.17074,1.171195,1.171195,1.17165,1.1702849999999998,0.0004550000000000942,2025-09-10T04:00:00Z,2025-09-10T04:10:00Z,,S2_CLOSE,,,ONE_MINUTE_RESOLVED,,2025-09-10T04:00:00Z,2025-09-10T04:00:00Z,1.17192,-1.593406593406454,0.35164835164827885,-1.945054945054733,true,1,TOUCH_BAR_CLOSED_BEYOND_S2,,false
V2_STRICT,EUR/USD_2025-11-01,EUR/USD,1h,supply,2025-09-10T04:00:00Z,1.17123,1.17192,1.17103,1.17192,1.17103,1.171475,1.171475,1.17192,1.170585,0.0004450000000000287,2025-09-10T09:00:00Z,2025-09-10T09:48:00Z,,TARGET,,,HTF_UNAMBIGUOUS,2025-09-10T10:18:00Z,,2025-09-10T10:00:00Z,1.170585,2,0.35955056179772965,1.6404494382022703,false,1,,,false
V2_STRICT,EUR/USD_2025-11-01,EUR/USD,1h,demand,2025-09-05T11:00:00Z,1.16913,1.1692,1.16778,1.16874,1.16849,1.1692,1.16849,1.16778,1.16991,0.0007099999999999884,2025-09-11T09:00:00Z,2025-09-11T09:40:00Z,,TARGET,,,HTF_UNAMBIGUOUS,2025-09-11T12:30:00Z,,2025-09-11T12:00:00Z,1.16991,2,0.22535211267606003,1.77464788732394,false,2,PRODUCTION_WOULD_PICK_ANOTHER_ZONE,,false
V2_STRICT,EUR/USD_2025-11-01,EUR/USD,1h,supply,2025-09-09T13:00:00Z,1.17376,1.17496,1.17334,1.17418,1.17334,1.17415,1.17415,1.17496,1.17253,0.0008099999999999774,2025-09-11T15:00:00Z,2025-09-11T15:20:00Z,,TARGET,,,HTF_UNAMBIGUOUS,2025-09-12T01:59:00Z,,2025-09-12T01:00:00Z,1.17253,2,0.1975308641975364,1.8024691358024636,false,1,,,false
V2_STRICT,EUR/USD_2025-11-01,EUR/USD,4h,demand,2025-09-10T05:00:00Z,1.17178,1.1722,1.1691,1.16997,1.17065,1.1722,1.17065,1.1691,1.1737499999999998,0.0015499999999999403,2025-09-12T09:00:00Z,2025-09-12T12:31:00Z,,TARGET,,,HTF_UNAMBIGUOUS,2025-09-12T17:51:00Z,,2025-09-12T17:00:00Z,1.1737499999999998,2,0.10322580645161689,1.896774193548383,false,1,,,false
V2_STRICT,EUR/USD_2025-11-01,EUR/USD,1h,supply,2025-09-09T13:00:00Z,1.17376,1.17496,1.17334,1.17418,1.17334,1.17415,1.17415,1.17496,1.17253,0.0008099999999999774,2025-09-15T07:00:00Z,2025-09-15T07:33:00Z,,S2_CLOSE,,,HTF_UNAMBIGUOUS,,2025-09-15T10:00:00Z,2025-09-15T10:00:00Z,1.17525,-1.358024691357913,0.1975308641975364,-1.5555555555554494,false,1,,,false
V2_STRICT,EUR/USD_2025-11-01,EUR/USD,1h,supply,2025-09-09T09:00:00Z,1.17593,1.17731,1.1759,1.17679,1.1759,1.176605,1.176605,1.17731,1.1751949999999995,0.0007050000000001777,2025-09-16T01:00:00Z,2025-09-16T01:45:00Z,,S2_CLOSE,,,HTF_UNAMBIGUOUS,,2025-09-16T02:00:00Z,2025-09-16T02:00:00Z,1.17765,-1.4822695035459876,0.2269503546098719,-1.7092198581558595,false,2,PRODUCTION_WOULD_PICK_ANOTHER_ZONE,,false
V2_STRICT,EUR/USD_2025-11-01,EUR/USD,1h,supply,2025-07-04T05:00:00Z,1.17803,1.17857,1.17796,1.17843,1.17796,1.178265,1.178265,1.17857,1.177655,0.0003049999999999997,2025-09-16T03:00:00Z,2025-09-16T03:32:00Z,,TARGET,,,HTF_UNAMBIGUOUS,2025-09-16T04:02:00Z,,2025-09-16T04:00:00Z,1.177655,2,0.5245901639344268,1.4754098360655732,false,1,,,false
V2_STRICT,EUR/USD_2025-11-01,EUR/USD,1h,supply,2025-07-04T15:00:00Z,1.17784,1.17849,1.17758,1.17792,1.17758,1.178035,1.178035,1.17849,1.1771249999999998,0.0004550000000000942,2025-09-16T06:00:00Z,2025-09-16T06:00:00Z,,S2_CLOSE,,,ONE_MINUTE_RESOLVED,,2025-09-16T06:00:00Z,2025-09-16T06:00:00Z,1.17873,-1.5274725274724577,0.35164835164827885,-1.8791208791207366,true,4,TOUCH_BAR_CLOSED_BEYOND_S2;PRODUCTION_WOULD_PICK_ANOTHER_ZONE,,false
V2_STRICT,EUR/USD_2025-11-01,EUR/USD,1h,supply,2025-07-01T20:00:00Z,1.17905,1.18076,1.17902,1.1806,1.17902,1.1798899999999999,1.1798899999999999,1.18076,1.1781499999999996,0.0008700000000001484,2025-09-16T08:00:00Z,2025-09-16T08:16:00Z,,S2_CLOSE,,,HTF_UNAMBIGUOUS,,2025-09-16T09:00:00Z,2025-09-16T09:00:00Z,1.18139,-1.724137931034254,0.18390804597698013,-1.9080459770112341,false,3,,,false
V2_STRICT,EUR/USD_2025-11-01,EUR/USD,4h,supply,2025-07-01T05:00:00Z,1.17863,1.18176,1.17673,1.18067,1.17673,1.1792449999999999,1.1792449999999999,1.18176,1.1742149999999998,0.002515000000000045,2025-09-16T09:00:00Z,2025-09-16T12:30:00Z,,S2_CLOSE,,,HTF_UNAMBIGUOUS,,2025-09-16T13:00:00Z,2025-09-16T13:00:00Z,1.18647,-2.8727634194830647,0.06361829025844817,-2.936381709741513,false,1,,,false
V2_STRICT,EUR/USD_2025-11-01,EUR/USD,1h,demand,2025-09-16T15:00:00Z,1.18516,1.18531,1.1835,1.18472,1.184405,1.18531,1.184405,1.1835,1.1862149999999998,0.0009049999999999336,2025-09-17T08:00:00Z,2025-09-17T08:27:00Z,,TARGET,,,ONE_MINUTE_RESOLVED,2025-09-17T18:00:00Z,,2025-09-17T18:00:00Z,1.1862149999999998,2,0.17679558011051022,1.82320441988949,false,1,,,false
V2_STRICT,EUR/USD_2025-11-01,EUR/USD,1h,demand,2025-09-17T20:00:00Z,1.18249,1.18274,1.18078,1.18128,1.18176,1.18274,1.18176,1.18078,1.1837199999999999,0.0009799999999999809,2025-09-18T00:00:00Z,2025-09-18T00:07:00Z,,S2_CLOSE,,,HTF_UNAMBIGUOUS,,2025-09-18T04:00:00Z,2025-09-18T04:00:00Z,1.1795,-2.306122448979564,0.1632653061224522,-2.4693877551020162,false,2,PRODUCTION_WOULD_PICK_ANOTHER_ZONE,,false
V2_STRICT,EUR/USD_2025-11-01,EUR/USD,1h,demand,2025-09-16T04:00:00Z,1.17803,1.17803,1.1774,1.17768,1.177715,1.17803,1.177715,1.1774,1.1783450000000002,0.00031500000000006523,2025-09-18T13:00:00Z,2025-09-18T13:33:00Z,,S2_CLOSE,,,ONE_MINUTE_RESOLVED,,2025-09-18T13:00:00Z,2025-09-18T13:00:00Z,1.17671,-3.190476190475989,0.5079365079364028,-3.6984126984123917,true,5,TOUCH_BAR_CLOSED_BEYOND_S2;PRODUCTION_WOULD_PICK_ANOTHER_ZONE,,false
V2_STRICT,EUR/USD_2025-11-01,EUR/USD,1h,demand,2025-09-15T16:00:00Z,1.17715,1.17744,1.17563,1.17585,1.1765349999999999,1.17744,1.1765349999999999,1.17563,1.1783449999999998,0.0009049999999999336,2025-09-19T06:00:00Z,2025-09-19T06:33:00Z,,S2_CLOSE,,,HTF_UNAMBIGUOUS,,2025-09-19T11:00:00Z,2025-09-19T11:00:00Z,1.17367,-3.1657458563537078,0.17679558011051022,-3.342541436464218,false,4,,,false
V2_STRICT,EUR/USD_2025-11-01,EUR/USD,1h,supply,2025-09-19T13:00:00Z,1.1736,1.17637,1.17355,1.17582,1.17355,1.17496,1.17496,1.17637,1.1721400000000002,0.0014099999999999113,2025-09-19T17:00:00Z,2025-09-19T17:14:00Z,,S2_CLOSE,,,HTF_UNAMBIGUOUS,,2025-09-22T09:00:00Z,2025-09-22T09:00:00Z,1.17759,-1.8652482269504083,0.11347517730497168,-1.9787234042553798,false,1,,,false
V2_STRICT,EUR/USD_2025-11-01,EUR/USD,1h,supply,2025-09-19T03:00:00Z,1.17802,1.17924,1.17802,1.17819,1.17802,1.17863,1.17863,1.17924,1.17741,0.0006099999999999994,2025-09-22T12:00:00Z,2025-09-22T12:45:00Z,,TARGET,,,HTF_UNAMBIGUOUS,2025-09-22T13:45:00Z,,2025-09-22T13:00:00Z,1.17741,2,0.2622950819672134,1.7377049180327866,false,1,,,false
V2_STRICT,EUR/USD_2025-11-01,EUR/USD,1h,supply,2025-09-19T03:00:00Z,1.17802,1.17924,1.17802,1.17819,1.17802,1.17863,1.17863,1.17924,1.17741,0.0006099999999999994,2025-09-22T16:00:00Z,2025-09-22T16:16:00Z,,S2_CLOSE,,,HTF_UNAMBIGUOUS,,2025-09-22T17:00:00Z,2025-09-22T17:00:00Z,1.17966,-1.6885245901637136,0.2622950819672134,-1.950819672130927,false,1,,,false
V2_STRICT,EUR/USD_2025-11-01,EUR/USD,1h,demand,2025-09-22T21:00:00Z,1.18027,1.18027,1.1789,1.1798,1.1795849999999999,1.18027,1.1795849999999999,1.1789,1.1809549999999995,0.0006849999999998246,2025-09-23T06:00:00Z,2025-09-23T06:04:00Z,,TARGET,,,HTF_UNAMBIGUOUS,2025-09-23T09:21:00Z,,2025-09-23T09:00:00Z,1.1809549999999995,2,0.23357664233582623,1.7664233576641737,false,1,,,false
V2_STRICT,EUR/USD_2025-11-01,EUR/USD,1h,demand,2025-09-22T21:00:00Z,1.18027,1.18027,1.1789,1.1798,1.1795849999999999,1.18027,1.1795849999999999,1.1789,1.1809549999999995,0.0006849999999998246,2025-09-23T10:00:00Z,2025-09-23T10:25:00Z,,TARGET,,,HTF_UNAMBIGUOUS,2025-09-23T17:26:00Z,,2025-09-23T17:00:00Z,1.1809549999999995,2,0.23357664233582623,1.7664233576641737,false,2,,,false
V2_STRICT,EUR/USD_2025-11-01,EUR/USD,1h,demand,2025-09-23T14:00:00Z,1.17996,1.18053,1.17926,1.17953,1.1798950000000001,1.18053,1.1798950000000001,1.17926,1.1811650000000005,0.0006350000000001632,2025-09-24T02:00:00Z,2025-09-24T02:00:00Z,,S2_CLOSE,,,HTF_UNAMBIGUOUS,,2025-09-24T06:00:00Z,2025-09-24T06:00:00Z,1.17873,-1.8346456692909971,0.25196850393694314,-2.0866141732279404,false,1,,,false
V2_STRICT,EUR/USD_2025-11-01,EUR/USD,1h,demand,2025-09-23T07:00:00Z,1.1795,1.17998,1.17785,1.17904,1.178915,1.17998,1.178915,1.17785,1.1810449999999997,0.0010649999999998716,2025-09-24T07:00:00Z,2025-09-24T07:00:00Z,,S2_CLOSE,,,HTF_UNAMBIGUOUS,,2025-09-24T08:00:00Z,2025-09-24T08:00:00Z,1.17718,-1.6291079812208933,0.1502347417840557,-1.779342723004949,false,1,,,false
V2_STRICT,EUR/USD_2025-11-01,EUR/USD,1h,demand,2025-09-22T02:00:00Z,1.17325,1.17336,1.17273,1.17279,1.1730450000000001,1.17336,1.1730450000000001,1.17273,1.1736750000000002,0.00031500000000006523,2025-09-24T13:00:00Z,2025-09-24T13:44:00Z,,TARGET,,,ONE_MINUTE_RESOLVED,2025-09-24T13:48:00Z,,2025-09-24T13:00:00Z,1.1736750000000002,2,0.5079365079364028,1.4920634920635973,false,2,,,false
V2_STRICT,EUR/USD_2025-11-01,EUR/USD,1h,demand,2025-09-22T02:00:00Z,1.17325,1.17336,1.17273,1.17279,1.1730450000000001,1.17336,1.1730450000000001,1.17273,1.1736750000000002,0.00031500000000006523,2025-09-24T16:00:00Z,2025-09-24T16:57:00Z,,TARGET,,,HTF_UNAMBIGUOUS,2025-09-24T17:06:00Z,,2025-09-24T17:00:00Z,1.1736750000000002,2,0.5079365079364028,1.4920634920635973,false,2,,,false
V2_STRICT,EUR/USD_2025-11-01,EUR/USD,4h,demand,2025-09-19T09:00:00Z,1.17609,1.17687,1.17288,1.1736,1.1748750000000001,1.17687,1.1748750000000001,1.17288,1.1788650000000005,0.001995000000000191,2025-09-25T01:00:00Z,2025-09-25T01:00:00Z,,S2_CLOSE,,,HTF_UNAMBIGUOUS,,2025-09-25T09:00:00Z,2025-09-25T09:00:00Z,1.16981,-2.5388471177942917,0.08020050125312515,-2.619047619047417,false,2,,,false
V2_STRICT,EUR/USD_2025-11-01,EUR/USD,1h,demand,2025-09-05T11:00:00Z,1.16913,1.1692,1.16778,1.16874,1.16849,1.1692,1.16849,1.16778,1.16991,0.0007099999999999884,2025-09-25T14:00:00Z,2025-09-25T14:00:00Z,,S2_CLOSE,,,ONE_MINUTE_RESOLVED,,2025-09-25T14:00:00Z,2025-09-25T14:00:00Z,1.16761,-1.2394366197183186,0.22535211267606003,-1.4647887323943787,true,3,TOUCH_BAR_CLOSED_BEYOND_S2;PRODUCTION_WOULD_PICK_ANOTHER_ZONE,,false
V2_STRICT,EUR/USD_2025-11-01,EUR/USD,1h,demand,2025-09-05T04:00:00Z,1.16715,1.16721,1.16644,1.16669,1.166825,1.16721,1.166825,1.16644,1.1675950000000002,0.0003850000000000797,2025-09-25T15:00:00Z,2025-09-25T15:10:00Z,,TARGET,,,ONE_MINUTE_RESOLVED,2025-09-25T15:16:00Z,,2025-09-25T15:00:00Z,1.1675950000000002,2,0.41558441558432957,1.5844155844156704,false,1,,,false
V2_STRICT,EUR/USD_2025-11-01,EUR/USD,1h,demand,2025-09-05T06:00:00Z,1.16768,1.1678,1.16658,1.16707,1.16719,1.1678,1.16719,1.16658,1.16841,0.0006099999999999994,2025-09-25T16:00:00Z,2025-09-25T16:00:00Z,,S2_CLOSE,,,HTF_UNAMBIGUOUS,,2025-09-25T17:00:00Z,2025-09-25T17:00:00Z,1.16575,-2.3606557377047332,0.2622950819672134,-2.6229508196719467,false,1,,,false
V2_STRICT,EUR/USD_2025-11-01,EUR/USD,1h,supply,2025-09-25T06:00:00Z,1.17422,1.17523,1.17383,1.17458,1.17383,1.1745299999999999,1.1745299999999999,1.17523,1.1731299999999996,0.000700000000000145,2025-09-29T12:00:00Z,2025-09-29T12:53:00Z,,TARGET,,,HTF_UNAMBIGUOUS,2025-09-29T14:35:00Z,,2025-09-29T14:00:00Z,1.1731299999999996,2,0.22857142857138127,1.7714285714286186,false,3,PRODUCTION_WOULD_PICK_ANOTHER_ZONE,,false
V2_STRICT,EUR/USD_2025-11-01,EUR/USD,1h,supply,2025-09-29T16:00:00Z,1.1729,1.17331,1.17253,1.17292,1.17253,1.17292,1.17292,1.17331,1.1721399999999997,0.0003900000000001125,2025-09-30T05:00:00Z,2025-09-30T05:00:00Z,,S2_CLOSE,,,ONE_MINUTE_RESOLVED,,2025-09-30T05:00:00Z,2025-09-30T05:00:00Z,1.17335,-1.1025641025636062,0.41025641025629195,-1.5128205128198982,true,1,TOUCH_BAR_CLOSED_BEYOND_S2,,false
V2_STRICT,EUR/USD_2025-11-01,EUR/USD,1h,supply,2025-09-29T12:00:00Z,1.1729,1.17513,1.17185,1.175,1.17185,1.1734900000000001,1.1734900000000001,1.17513,1.1702100000000004,0.0016399999999998638,2025-09-30T06:00:00Z,2025-09-30T06:13:00Z,,S2_CLOSE,,,HTF_UNAMBIGUOUS,,2025-09-30T08:00:00Z,2025-09-30T08:00:00Z,1.17556,-1.2621951219511989,0.0975609756097642,-1.359756097560963,false,2,PRODUCTION_WOULD_PICK_ANOTHER_ZONE,,false
V2_STRICT,EUR/USD_2025-11-01,EUR/USD,1h,supply,2025-09-30T08:00:00Z,1.17441,1.17611,1.17432,1.17556,1.17432,1.1752150000000001,1.1752150000000001,1.17611,1.1734250000000004,0.0008949999999998681,2025-10-01T04:00:00Z,2025-10-01T04:48:00Z,,S2_CLOSE,,,HTF_UNAMBIGUOUS,,2025-10-01T06:00:00Z,2025-10-01T06:00:00Z,1.17677,-1.7374301675979913,0.17877094972069674,-1.9162011173186881,false,2,,,false
V2_STRICT,EUR/USD_2025-11-01,EUR/USD,1h,supply,2025-10-01T06:00:00Z,1.17525,1.17746,1.17507,1.17677,1.17507,1.176265,1.176265,1.17746,1.1738749999999998,0.0011950000000000571,2025-10-01T12:00:00Z,2025-10-01T12:18:00Z,,TARGET,,,HTF_UNAMBIGUOUS,2025-10-01T14:21:00Z,,2025-10-01T14:00:00Z,1.1738749999999998,2,0.13389121338911494,1.866108786610885,false,1,,,false
V2_STRICT,EUR/USD_2025-11-01,EUR/USD,1h,demand,2025-10-01T10:00:00Z,1.17328,1.17335,1.17159,1.17253,1.17247,1.17335,1.17247,1.17159,1.1742299999999999,0.0008799999999999919,2025-10-01T16:00:00Z,2025-10-01T16:08:00Z,,TARGET,,,HTF_UNAMBIGUOUS,2025-10-02T06:06:00Z,,2025-10-02T06:00:00Z,1.1742299999999999,2,0.18181818181818352,1.8181818181818166,false,1,,,false
V2_STRICT,EUR/USD_2025-11-01,EUR/USD,1h,demand,2025-10-01T15:00:00Z,1.17461,1.17493,1.17212,1.17229,1.1735250000000002,1.17493,1.1735250000000002,1.17212,1.1763350000000004,0.0014050000000001006,2025-10-02T12:00:00Z,2025-10-02T12:57:00Z,,S2_CLOSE,,,HTF_UNAMBIGUOUS,,2025-10-02T14:00:00Z,2025-10-02T14:00:00Z,1.17135,-1.5480427046264087,0.11387900355871071,-1.6619217081851194,false,3,,,false
V2_STRICT,EUR/USD_2025-11-01,EUR/USD,1h,demand,2025-10-02T17:00:00Z,1.17149,1.17204,1.17123,1.17136,1.171635,1.17204,1.171635,1.17123,1.172445,0.0004049999999999887,2025-10-05T22:00:00Z,2025-10-05T22:10:00Z,,TARGET,,,HTF_UNAMBIGUOUS,2025-10-06T01:53:00Z,,2025-10-06T01:00:00Z,1.172445,2,0.3950617283950728,1.6049382716049272,false,2,,,false
V2_STRICT,EUR/USD_2025-11-01,EUR/USD,1h,demand,2025-10-02T20:00:00Z,1.17188,1.17242,1.17145,1.17153,1.171935,1.17242,1.171935,1.17145,1.1729049999999996,0.00048499999999984666,2025-10-06T05:00:00Z,2025-10-06T05:14:00Z,,S2_CLOSE,,,HTF_UNAMBIGUOUS,,2025-10-06T06:00:00Z,2025-10-06T06:00:00Z,1.16936,-5.30927835051713,0.32989690721659914,-5.639175257733729,false,1,,,false
V2_STRICT,EUR/USD_2025-11-01,EUR/USD,4h,supply,2025-10-06T00:00:00Z,1.17123,1.17307,1.17101,1.17237,1.17101,1.17204,1.17204,1.17307,1.1699799999999998,0.0010300000000000864,2025-10-06T12:00:00Z,2025-10-06T15:04:00Z,,TARGET,,,HTF_UNAMBIGUOUS,2025-10-07T01:39:00Z,,2025-10-07T00:00:00Z,1.1699799999999998,2,0.1553398058252297,1.8446601941747702,false,1,,,false
V2_STRICT,EUR/USD_2025-11-01,EUR/USD,1h,supply,2025-10-06T14:00:00Z,1.16994,1.17177,1.16951,1.17165,1.16951,1.1706400000000001,1.1706400000000001,1.17177,1.1683800000000004,0.0011299999999998533,2025-10-07T04:00:00Z,2025-10-07T04:17:00Z,,TARGET,,,HTF_UNAMBIGUOUS,2025-10-07T06:08:00Z,,2025-10-07T06:00:00Z,1.1683800000000004,2,0.1415929203540007,1.8584070796459993,false,1,,,false
V2_STRICT,EUR/USD_2025-11-01,EUR/USD,1h,demand,2025-09-04T17:00:00Z,1.16395,1.16408,1.16345,1.16376,1.1637650000000002,1.16408,1.1637650000000002,1.16345,1.1643950000000003,0.00031500000000006523,2025-10-08T01:00:00Z,2025-10-08T01:00:00Z,,AMBIGUOUS,CLOSED_AT_TARGET,S2_CLOSE,HTF_UNAMBIGUOUS,,2025-10-08T02:00:00Z,2025-10-08T02:00:00Z,1.16238,-4.396825396825094,0.5079365079364028,,false,3,TOUCH_BAR_CLOSED_BEYOND_S2;PRODUCTION_WOULD_PICK_ANOTHER_ZONE,,true
V2_STRICT,EUR/USD_2025-11-01,EUR/USD,4h,demand,2025-09-02T09:00:00Z,1.16454,1.16535,1.16103,1.16175,1.1631900000000002,1.16535,1.1631900000000002,1.16103,1.1675100000000005,0.002160000000000162,2025-10-08T08:00:00Z,2025-10-08T08:04:00Z,,S2_CLOSE,,,HTF_UNAMBIGUOUS,,2025-10-08T12:00:00Z,2025-10-08T12:00:00Z,1.16059,-1.2037037037036866,0.07407407407406853,-1.2777777777777553,false,1,,,false
V2_STRICT,EUR/USD_2025-11-01,EUR/USD,1h,supply,2025-10-08T10:00:00Z,1.16111,1.16361,1.16092,1.16336,1.16092,1.162265,1.162265,1.16361,1.1595750000000002,0.0013449999999999296,2025-10-08T19:00:00Z,2025-10-08T19:00:00Z,,S2_CLOSE,,,HTF_UNAMBIGUOUS,,2025-10-08T22:00:00Z,2025-10-08T22:00:00Z,1.16374,-1.0966542750929147,0.11895910780669769,-1.2156133828996123,false,2,,,false
V2_STRICT,EUR/USD_2025-11-01,EUR/USD,1h,supply,2025-10-08T13:00:00Z,1.16325,1.16445,1.16274,1.16325,1.16274,1.163595,1.163595,1.16445,1.1618849999999998,0.0008550000000000502,2025-10-08T23:00:00Z,2025-10-08T23:04:00Z,,S2_CLOSE,,,HTF_UNAMBIGUOUS,,2025-10-09T03:00:00Z,2025-10-09T03:00:00Z,1.16448,-1.0350877192982137,0.18713450292396563,-1.2222222222221795,false,1,,,false
V2_STRICT,EUR/USD_2025-11-01,EUR/USD,4h,demand,2025-08-22T01:00:00Z,1.16151,1.16163,1.15823,1.15847,1.1599300000000001,1.16163,1.1599300000000001,1.15823,1.1633300000000002,0.0017000000000000348,2025-10-09T12:00:00Z,2025-10-09T13:42:00Z,,S2_CLOSE,,,ONE_MINUTE_RESOLVED,,2025-10-09T12:00:00Z,2025-10-09T12:00:00Z,1.15588,-2.382352941176486,0.09411764705882161,-2.4764705882353075,true,5,TOUCH_BAR_CLOSED_BEYOND_S2;PRODUCTION_WOULD_PICK_ANOTHER_ZONE,,false
V2_STRICT,EUR/USD_2025-11-01,EUR/USD,4h,supply,2025-10-09T08:00:00Z,1.1611,1.16272,1.1603,1.1612,1.1603,1.16151,1.16151,1.16272,1.1590900000000002,0.0012099999999999334,2025-10-10T12:00:00Z,2025-10-10T15:09:00Z,,TARGET,,,HTF_UNAMBIGUOUS,2025-10-13T08:27:00Z,,2025-10-13T08:00:00Z,1.1590900000000002,2,0.132231404958685,1.867768595041315,false,2,PRODUCTION_WOULD_PICK_ANOTHER_ZONE,,false
V2_STRICT,EUR/USD_2025-11-01,EUR/USD,1h,demand,2025-10-10T11:00:00Z,1.15716,1.15747,1.15606,1.15609,1.156765,1.15747,1.156765,1.15606,1.158175,0.0007049999999999557,2025-10-13T11:00:00Z,2025-10-13T11:57:00Z,,TARGET,,,HTF_UNAMBIGUOUS,2025-10-14T03:50:00Z,,2025-10-14T03:00:00Z,1.158175,2,0.22695035460994337,1.7730496453900566,false,2,,,false
V2_STRICT,EUR/USD_2025-11-01,EUR/USD,1h,supply,2025-10-13T09:00:00Z,1.15853,1.1598,1.15845,1.15941,1.15845,1.159125,1.159125,1.1598,1.157775,0.0006749999999999812,2025-10-14T04:00:00Z,2025-10-14T04:50:00Z,,TARGET,,,HTF_UNAMBIGUOUS,2025-10-14T06:23:00Z,,2025-10-14T06:00:00Z,1.157775,2,0.23703703703704368,1.7629629629629564,false,1,,,false
V2_STRICT,EUR/USD_2025-11-01,EUR/USD,1h,supply,2025-10-13T09:00:00Z,1.15853,1.1598,1.15845,1.15941,1.15845,1.159125,1.159125,1.1598,1.157775,0.0006749999999999812,2025-10-14T14:00:00Z,2025-10-14T14:40:00Z,,S2_CLOSE,,,HTF_UNAMBIGUOUS,,2025-10-14T15:00:00Z,2025-10-14T15:00:00Z,1.16072,-2.3629629629630484,0.23703703703704368,-2.600000000000092,false,1,,,false
V2_STRICT,EUR/USD_2025-11-01,EUR/USD,4h,supply,2025-10-09T08:00:00Z,1.1611,1.16272,1.1603,1.1612,1.1603,1.16151,1.16151,1.16272,1.1590900000000002,0.0012099999999999334,2025-10-14T20:00:00Z,2025-10-14T21:12:00Z,,S2_CLOSE,,,HTF_UNAMBIGUOUS,,2025-10-15T04:00:00Z,2025-10-15T04:00:00Z,1.16356,-1.6942148760330564,0.132231404958685,-1.8264462809917414,false,1,,,false
V2_STRICT,EUR/USD_2025-11-01,EUR/USD,1h,demand,2025-10-15T04:00:00Z,1.16226,1.16242,1.16169,1.16182,1.162055,1.16242,1.162055,1.16169,1.1627850000000004,0.00036500000000017074,2025-10-15T12:00:00Z,2025-10-15T12:02:00Z,,TARGET,,,HTF_UNAMBIGUOUS,2025-10-15T13:39:00Z,,2025-10-15T13:00:00Z,1.1627850000000004,2,0.4383561643833566,1.5616438356166433,false,1,,,false
V2_STRICT,EUR/USD_2025-11-01,EUR/USD,1h,demand,2025-10-15T04:00:00Z,1.16226,1.16242,1.16169,1.16182,1.162055,1.16242,1.162055,1.16169,1.1627850000000004,0.00036500000000017074,2025-10-15T14:00:00Z,2025-10-15T14:38:00Z,,TARGET,,,HTF_UNAMBIGUOUS,2025-10-15T15:17:00Z,,2025-10-15T15:00:00Z,1.1627850000000004,2,0.4383561643833566,1.5616438356166433,false,1,,,false
V2_STRICT,EUR/USD_2025-11-01,EUR/USD,4h,supply,2025-10-09T00:00:00Z,1.16289,1.16475,1.1628,1.16448,1.1628,1.163775,1.163775,1.16475,1.161825,0.0009749999999999481,2025-10-15T12:00:00Z,2025-10-15T15:40:00Z,,S2_CLOSE,,,HTF_UNAMBIGUOUS,,2025-10-15T20:00:00Z,2025-10-15T20:00:00Z,1.16496,-1.2153846153846715,0.16410256410257285,-1.3794871794872443,false,2,,,false
V2_STRICT,EUR/USD_2025-11-01,EUR/USD,1h,supply,2025-10-07T15:00:00Z,1.1663,1.16798,1.16615,1.16731,1.16615,1.167065,1.167065,1.16798,1.165235,0.0009149999999999991,2025-10-16T02:00:00Z,2025-10-16T02:00:00Z,,TARGET,,,HTF_UNAMBIGUOUS,2025-10-16T06:52:00Z,,2025-10-16T06:00:00Z,1.165235,2,0.17486338797814224,1.8251366120218577,false,2,PRODUCTION_WOULD_PICK_ANOTHER_ZONE,,false
V2_STRICT,EUR/USD_2025-11-01,EUR/USD,1h,demand,2025-10-15T21:00:00Z,1.1647,1.1647,1.16417,1.16436,1.164435,1.1647,1.164435,1.16417,1.1649650000000005,0.00026500000000018176,2025-10-16T07:00:00Z,2025-10-16T07:30:00Z,,TARGET,,,ONE_MINUTE_RESOLVED,2025-10-16T07:36:00Z,,2025-10-16T07:00:00Z,1.1649650000000005,2,0.6037735849052464,1.3962264150947536,false,1,,,false
V2_STRICT,EUR/USD_2025-11-01,EUR/USD,1h,demand,2025-10-15T23:00:00Z,1.16509,1.16523,1.16469,1.16496,1.16496,1.16523,1.16496,1.16469,1.1655,0.00026999999999999247,2025-10-16T08:00:00Z,2025-10-16T08:00:00Z,,TARGET,,,ONE_MINUTE_RESOLVED,2025-10-16T08:04:00Z,,2025-10-16T08:00:00Z,1.1655,2,0.5925925925926092,1.4074074074073908,false,1,,,false
V2_STRICT,EUR/USD_2025-11-01,EUR/USD,1h,demand,2025-10-15T23:00:00Z,1.16509,1.16523,1.16469,1.16496,1.16496,1.16523,1.16496,1.16469,1.1655,0.00026999999999999247,2025-10-16T11:00:00Z,2025-10-16T11:16:00Z,,TARGET,,,ONE_MINUTE_RESOLVED,2025-10-16T11:46:00Z,,2025-10-16T11:00:00Z,1.1655,2,0.5925925925926092,1.4074074074073908,false,2,PRODUCTION_WOULD_PICK_ANOTHER_ZONE,,false
V2_STRICT,EUR/USD_2025-11-01,EUR/USD,4h,supply,2025-10-07T12:00:00Z,1.16621,1.16798,1.16542,1.16731,1.16542,1.1667,1.1667,1.16798,1.1641400000000002,0.0012799999999999478,2025-10-16T12:00:00Z,2025-10-16T14:17:00Z,,S2_CLOSE,,,HTF_UNAMBIGUOUS,,2025-10-16T16:00:00Z,2025-10-16T16:00:00Z,1.16889,-1.7109375000000027,0.1250000000000051,-1.8359375000000078,false,2,,,false
V2_STRICT,EUR/USD_2025-11-01,EUR/USD,1h,supply,2025-10-06T14:00:00Z,1.16994,1.17177,1.16951,1.17165,1.16951,1.1706400000000001,1.1706400000000001,1.17177,1.1683800000000004,0.0011299999999998533,2025-10-17T00:00:00Z,2025-10-17T00:50:00Z,,S2_CLOSE,,,HTF_UNAMBIGUOUS,,2025-10-17T05:00:00Z,2025-10-17T05:00:00Z,1.17228,-1.4513274336283863,0.1415929203540007,-1.592920353982387,false,3,,,false
V2_STRICT,EUR/USD_2025-11-01,EUR/USD,1h,demand,2025-10-16T20:00:00Z,1.16888,1.16914,1.16849,1.1687,1.168815,1.16914,1.168815,1.16849,1.1694649999999998,0.0003249999999999087,2025-10-17T10:00:00Z,2025-10-17T10:58:00Z,,TARGET,,,HTF_UNAMBIGUOUS,2025-10-17T11:06:00Z,,2025-10-17T11:00:00Z,1.1694649999999998,2,0.49230769230783067,1.5076923076921693,false,1,,,false
V2_STRICT,EUR/USD_2025-11-01,EUR/USD,1h,demand,2025-10-16T15:00:00Z,1.16769,1.16779,1.16611,1.16644,1.16695,1.16779,1.16695,1.16611,1.1686299999999998,0.0008399999999999519,2025-10-17T12:00:00Z,2025-10-17T12:38:00Z,,S2_CLOSE,,,HTF_UNAMBIGUOUS,,2025-10-17T20:00:00Z,2025-10-17T20:00:00Z,1.16508,-2.2261904761906495,0.1904761904762014,-2.416666666666851,false,1,,,false
V2_STRICT,EUR/USD_2025-11-01,EUR/USD,1h,demand,2025-10-16T13:00:00Z,1.1661,1.16642,1.16501,1.16576,1.165715,1.16642,1.165715,1.16501,1.167125,0.0007049999999999557,2025-10-20T06:00:00Z,2025-10-20T06:57:00Z,,S2_CLOSE,,,HTF_UNAMBIGUOUS,,2025-10-20T13:00:00Z,2025-10-20T13:00:00Z,1.16489,-1.1702127659576278,0.22695035460994337,-1.3971631205675712,false,1,,,false
V2_STRICT,EUR/USD_2025-11-01,EUR/USD,1h,demand,2025-10-15T23:00:00Z,1.16509,1.16523,1.16469,1.16496,1.16496,1.16523,1.16496,1.16469,1.1655,0.00026999999999999247,2025-10-20T14:00:00Z,2025-10-20T14:02:00Z,,TARGET,,,ONE_MINUTE_RESOLVED,2025-10-20T14:15:00Z,,2025-10-20T14:00:00Z,1.1655,2,0.5925925925926092,1.4074074074073908,false,2,,,false
V2_STRICT,EUR/USD_2025-11-01,EUR/USD,4h,demand,2025-10-16T04:00:00Z,1.16621,1.16676,1.16432,1.16521,1.16554,1.16676,1.16554,1.16432,1.16798,0.0012199999999999989,2025-10-20T16:00:00Z,2025-10-20T16:00:00Z,,S2_CLOSE,,,ONE_MINUTE_RESOLVED,,2025-10-20T16:00:00Z,2025-10-20T16:00:00Z,1.16409,-1.1885245901638957,0.1311475409836067,-1.3196721311475024,true,2,TOUCH_BAR_CLOSED_BEYOND_S2;PRODUCTION_WOULD_PICK_ANOTHER_ZONE,,false
V2_STRICT,EUR/USD_2025-11-01,EUR/USD,1h,supply,2025-10-20T11:00:00Z,1.16531,1.16565,1.16444,1.16565,1.16444,1.165045,1.165045,1.16565,1.1638350000000002,0.0006049999999999667,2025-10-20T21:00:00Z,2025-10-20T21:14:00Z,,TARGET,,,HTF_UNAMBIGUOUS,2025-10-21T02:38:00Z,,2025-10-21T02:00:00Z,1.1638350000000002,2,0.26446280991737,1.73553719008263,false,1,,,false
V2_STRICT,EUR/USD_2025-11-01,EUR/USD,1h,demand,2025-10-15T17:00:00Z,1.16399,1.16401,1.16269,1.16294,1.1633499999999999,1.16401,1.1633499999999999,1.16269,1.1646699999999996,0.0006599999999998829,2025-10-21T04:00:00Z,2025-10-21T04:04:00Z,,S2_CLOSE,,,HTF_UNAMBIGUOUS,,2025-10-21T05:00:00Z,2025-10-21T05:00:00Z,1.16256,-1.1969696969696766,0.24242424242428545,-1.439393939393962,false,1,,,false
V2_STRICT,EUR/USD_2025-11-01,EUR/USD,1h,demand,2025-10-15T04:00:00Z,1.16226,1.16242,1.16169,1.16182,1.162055,1.16242,1.162055,1.16169,1.1627850000000004,0.00036500000000017074,2025-10-21T06:00:00Z,2025-10-21T06:07:00Z,,TARGET,,,ONE_MINUTE_RESOLVED,2025-10-21T06:38:00Z,,2025-10-21T06:00:00Z,1.1627850000000004,2,0.4383561643833566,1.5616438356166433,false,1,,,false
V2_STRICT,EUR/USD_2025-11-01,EUR/USD,1h,demand,2025-10-15T04:00:00Z,1.16226,1.16242,1.16169,1.16182,1.162055,1.16242,1.162055,1.16169,1.1627850000000004,0.00036500000000017074,2025-10-21T08:00:00Z,2025-10-21T08:05:00Z,,S2_CLOSE,,,HTF_UNAMBIGUOUS,,2025-10-21T11:00:00Z,2025-10-21T11:00:00Z,1.16128,-2.1232876712318016,0.4383561643833566,-2.561643835615158,false,1,,,false
V2_STRICT,EUR/USD_2025-11-01,EUR/USD,1h,demand,2025-10-14T18:00:00Z,1.16094,1.16118,1.16034,1.1605,1.16076,1.16118,1.16076,1.16034,1.1616000000000002,0.00042000000000008697,2025-10-21T12:00:00Z,2025-10-21T12:09:00Z,,TARGET,,,HTF_UNAMBIGUOUS,2025-10-21T13:38:00Z,,2025-10-21T13:00:00Z,1.1616000000000002,2,0.3809523809523021,1.619047619047698,false,1,,,false
V2_STRICT,EUR/USD_2025-11-01,EUR/USD,1h,demand,2025-10-14T18:00:00Z,1.16094,1.16118,1.16034,1.1605,1.16076,1.16118,1.16076,1.16034,1.1616000000000002,0.00042000000000008697,2025-10-21T14:00:00Z,2025-10-21T14:03:00Z,,TARGET,,,ONE_MINUTE_RESOLVED,2025-10-21T14:23:00Z,,2025-10-21T14:00:00Z,1.1616000000000002,2,0.3809523809523021,1.619047619047698,false,1,,,false
V2_STRICT,EUR/USD_2025-11-01,EUR/USD,4h,demand,2025-10-14T16:00:00Z,1.16076,1.16147,1.16013,1.16055,1.1608,1.16147,1.1608,1.16013,1.16214,0.0006699999999999484,2025-10-21T16:00:00Z,2025-10-21T16:52:00Z,,S2_CLOSE,,,ONE_MINUTE_RESOLVED,,2025-10-21T16:00:00Z,2025-10-21T16:00:00Z,1.16006,-1.1044776119403281,0.23880597014927213,-1.3432835820896003,true,1,TOUCH_BAR_CLOSED_BEYOND_S2,,false
V2_STRICT,EUR/USD_2025-11-01,EUR/USD,1h,supply,2025-10-21T13:00:00Z,1.16114,1.16169,1.1603,1.16126,1.1603,1.160995,1.160995,1.16169,1.1596050000000002,0.0006949999999998902,2025-10-21T21:00:00Z,2025-10-21T21:18:00Z,,TARGET,,,HTF_UNAMBIGUOUS,2025-10-22T08:03:00Z,,2025-10-22T08:00:00Z,1.1596050000000002,2,0.2302158273381659,1.7697841726618342,false,3,,,false
V2_STRICT,EUR/USD_2025-11-01,EUR/USD,1h,supply,2025-10-21T13:00:00Z,1.16114,1.16169,1.1603,1.16126,1.1603,1.160995,1.160995,1.16169,1.1596050000000002,0.0006949999999998902,2025-10-22T14:00:00Z,2025-10-22T14:54:00Z,,S2_CLOSE,,,HTF_UNAMBIGUOUS,,2025-10-22T16:00:00Z,2025-10-22T16:00:00Z,1.16195,-1.3741007194247339,0.2302158273381659,-1.6043165467628997,false,3,,,false
V2_STRICT,EUR/USD_2025-11-01,EUR/USD,1h,demand,2025-10-22T11:00:00Z,1.15861,1.15889,1.15825,1.15825,1.15857,1.15889,1.15857,1.15825,1.1592100000000003,0.000320000000000098,2025-10-23T10:00:00Z,2025-10-23T10:58:00Z,,TARGET,,,HTF_UNAMBIGUOUS,2025-10-23T11:35:00Z,,2025-10-23T11:00:00Z,1.1592100000000003,2,0.49999999999984696,1.500000000000153,false,1,,,false
V2_STRICT,EUR/USD_2025-11-01,EUR/USD,1h,supply,2025-10-22T16:00:00Z,1.16158,1.16222,1.16135,1.16195,1.16135,1.161785,1.161785,1.16222,1.1609150000000001,0.0004349999999999632,2025-10-23T14:00:00Z,2025-10-23T14:30:00Z,,TARGET,,,HTF_UNAMBIGUOUS,2025-10-23T15:13:00Z,,2025-10-23T15:00:00Z,1.1609150000000001,2,0.3678160919540541,1.632183908045946,false,2,,,false
V2_STRICT,EUR/USD_2025-11-01,EUR/USD,1h,supply,2025-10-22T16:00:00Z,1.16158,1.16222,1.16135,1.16195,1.16135,1.161785,1.161785,1.16222,1.1609150000000001,0.0004349999999999632,2025-10-23T16:00:00Z,2025-10-23T16:02:00Z,,TARGET,,,ONE_MINUTE_RESOLVED,2025-10-23T16:46:00Z,,2025-10-23T16:00:00Z,1.1609150000000001,2,0.3678160919540541,1.632183908045946,false,2,,,false
V2_STRICT,EUR/USD_2025-11-01,EUR/USD,1h,supply,2025-10-22T16:00:00Z,1.16158,1.16222,1.16135,1.16195,1.16135,1.161785,1.161785,1.16222,1.1609150000000001,0.0004349999999999632,2025-10-23T20:00:00Z,2025-10-23T20:48:00Z,,TARGET,,,HTF_UNAMBIGUOUS,2025-10-24T02:26:00Z,,2025-10-24T02:00:00Z,1.1609150000000001,2,0.3678160919540541,1.632183908045946,false,2,,,false
V2_STRICT,EUR/USD_2025-11-01,EUR/USD,1h,supply,2025-10-22T16:00:00Z,1.16158,1.16222,1.16135,1.16195,1.16135,1.161785,1.161785,1.16222,1.1609150000000001,0.0004349999999999632,2025-10-24T07:00:00Z,2025-10-24T07:30:00Z,,AMBIGUOUS,CLOSED_AT_TARGET,TARGET,HTF_UNAMBIGUOUS,2025-10-24T08:24:00Z,,2025-10-24T08:00:00Z,1.1609150000000001,2,0.3678160919540541,,false,5,,,true
V2_STRICT,EUR/USD_2025-11-01,EUR/USD,1h,supply,2025-10-22T16:00:00Z,1.16158,1.16222,1.16135,1.16195,1.16135,1.161785,1.161785,1.16222,1.1609150000000001,0.0004349999999999632,2025-10-24T12:00:00Z,2025-10-24T12:30:00Z,,S2_CLOSE,,,ONE_MINUTE_RESOLVED,,2025-10-24T12:00:00Z,2025-10-24T12:00:00Z,1.16342,-3.758620689655102,0.3678160919540541,-4.126436781609156,true,6,TOUCH_BAR_CLOSED_BEYOND_S2;PRODUCTION_WOULD_PICK_ANOTHER_ZONE,,false
V2_STRICT,EUR/USD_2025-11-01,EUR/USD,1h,demand,2025-10-26T22:00:00Z,1.16308,1.16356,1.16266,1.16296,1.16311,1.16356,1.16311,1.16266,1.1640100000000002,0.00045000000000006146,2025-10-27T03:00:00Z,2025-10-27T03:00:00Z,,S2_CLOSE,,,HTF_UNAMBIGUOUS,,2025-10-27T04:00:00Z,2025-10-27T04:00:00Z,1.16243,-1.5111111111109357,0.355555555555507,-1.8666666666664427,false,1,,,false
V2_STRICT,EUR/USD_2025-11-01,EUR/USD,1h,demand,2025-10-24T15:00:00Z,1.16257,1.16357,1.16219,1.16256,1.16288,1.16357,1.16288,1.16219,1.1642599999999996,0.0006899999999998574,2025-10-27T06:00:00Z,2025-10-27T06:02:00Z,,S2_CLOSE,,,HTF_UNAMBIGUOUS,,2025-10-27T07:00:00Z,2025-10-27T07:00:00Z,1.16206,-1.1884057971014352,0.23188405797106243,-1.4202898550724976,false,2,,,false
V2_STRICT,EUR/USD_2025-11-01,EUR/USD,1h,supply,2025-10-21T00:00:00Z,1.16438,1.16551,1.16432,1.16531,1.16432,1.1649150000000001,1.1649150000000001,1.16551,1.1637250000000003,0.0005949999999999012,2025-10-27T12:00:00Z,2025-10-27T12:04:00Z,,TARGET,,,HTF_UNAMBIGUOUS,2025-10-27T13:38:00Z,,2025-10-27T13:00:00Z,1.1637250000000003,2,0.26890756302525476,1.7310924369747451,false,1,,,false
V2_STRICT,EUR/USD_2025-11-01,EUR/USD,1h,supply,2025-10-20T11:00:00Z,1.16531,1.16565,1.16444,1.16565,1.16444,1.165045,1.165045,1.16565,1.1638350000000002,0.0006049999999999667,2025-10-27T18:00:00Z,2025-10-27T18:55:00Z,,S2_CLOSE,,,HTF_UNAMBIGUOUS,,2025-10-28T01:00:00Z,2025-10-28T01:00:00Z,1.1658,-1.2479338842973235,0.26446280991737,-1.5123966942146936,false,2,,,false
V2_STRICT,EUR/USD_2025-11-01,EUR/USD,1h,supply,2025-10-20T08:00:00Z,1.16623,1.16663,1.16579,1.16635,1.16579,1.16621,1.16621,1.16663,1.1653699999999998,0.00042000000000008697,2025-10-28T02:00:00Z,2025-10-28T02:06:00Z,,S2_CLOSE,,,HTF_UNAMBIGUOUS,,2025-10-28T04:00:00Z,2025-10-28T04:00:00Z,1.16667,-1.0952380952381708,0.3809523809523021,-1.476190476190473,false,1,,,false
V2_STRICT,EUR/USD_2025-11-01,EUR/USD,1h,demand,2025-10-27T21:00:00Z,1.16454,1.16458,1.16444,1.16453,1.16451,1.16458,1.16451,1.16444,1.16465,0.0000700000000000145,2025-10-28T12:00:00Z,2025-10-28T12:42:00Z,,S2_CLOSE,,,ONE_MINUTE_RESOLVED,,2025-10-28T12:00:00Z,2025-10-28T12:00:00Z,1.16406,-6.428571428567803,2.2857142857138126,-8.714285714281615,true,2,TOUCH_BAR_CLOSED_BEYOND_S2;PRODUCTION_WOULD_PICK_ANOTHER_ZONE,,false
V2_STRICT,EUR/USD_2025-11-01,EUR/USD,4h,demand,2025-10-27T04:00:00Z,1.16282,1.16322,1.16204,1.16206,1.16263,1.16322,1.16263,1.16204,1.1638100000000002,0.0005900000000000905,2025-10-28T12:00:00Z,2025-10-28T13:20:00Z,,TARGET,,,ONE_MINUTE_RESOLVED,2025-10-28T13:55:00Z,,2025-10-28T12:00:00Z,1.1638100000000002,2,0.2711864406779245,1.7288135593220755,false,1,,,false
V2_STRICT,EUR/USD_2025-11-01,EUR/USD,1h,demand,2025-10-27T17:00:00Z,1.16385,1.16413,1.16358,1.16383,1.163855,1.16413,1.163855,1.16358,1.1644050000000001,0.0002750000000000252,2025-10-28T14:00:00Z,2025-10-28T14:00:00Z,,TARGET,,,ONE_MINUTE_RESOLVED,2025-10-28T14:05:00Z,,2025-10-28T14:00:00Z,1.1644050000000001,2,0.5818181818181285,1.4181818181818715,false,2,PRODUCTION_WOULD_PICK_ANOTHER_ZONE,,false
V2_STRICT,EUR/USD_2025-11-01,EUR/USD,1h,demand,2025-10-27T17:00:00Z,1.16385,1.16413,1.16358,1.16383,1.163855,1.16413,1.163855,1.16358,1.1644050000000001,0.0002750000000000252,2025-10-29T03:00:00Z,2025-10-29T03:41:00Z,,S2_CLOSE,,,HTF_UNAMBIGUOUS,,2025-10-29T04:00:00Z,2025-10-29T04:00:00Z,1.16338,-1.7272727272725805,0.5818181818181285,-2.309090909090709,false,2,,,false
V2_STRICT,EUR/USD_2025-11-01,EUR/USD,1h,demand,2025-10-28T13:00:00Z,1.16406,1.16406,1.1626,1.16399,1.1633300000000002,1.16406,1.1633300000000002,1.1626,1.1647900000000004,0.0007300000000001194,2025-10-29T05:00:00Z,2025-10-29T05:09:00Z,,S2_CLOSE,,,HTF_UNAMBIGUOUS,,2025-10-29T08:00:00Z,2025-10-29T08:00:00Z,1.16256,-1.054794520547991,0.21917808219174498,-1.273972602739736,false,1,,,false
V2_STRICT,EUR/USD_2025-11-01,EUR/USD,1h,demand,2025-10-24T05:00:00Z,1.16077,1.1608,1.16023,1.16047,1.1605150000000002,1.1608,1.1605150000000002,1.16023,1.1610850000000004,0.00028500000000009074,2025-10-29T18:00:00Z,2025-10-29T18:38:00Z,,S2_CLOSE,,,ONE_MINUTE_RESOLVED,,2025-10-29T18:00:00Z,2025-10-29T18:00:00Z,1.15956,-3.350877192982306,0.5614035087717512,-3.912280701754057,true,5,TOUCH_BAR_CLOSED_BEYOND_S2;PRODUCTION_WOULD_PICK_ANOTHER_ZONE,,false
V2_STRICT,EUR/USD_2025-11-01,EUR/USD,1h,demand,2025-10-22T11:00:00Z,1.15861,1.15889,1.15825,1.15825,1.15857,1.15889,1.15857,1.15825,1.1592100000000003,0.000320000000000098,2025-10-30T12:00:00Z,2025-10-30T12:25:00Z,,S2_CLOSE,,,ONE_MINUTE_RESOLVED,,2025-10-30T12:00:00Z,2025-10-30T12:00:00Z,1.15549,-9.624999999997659,0.49999999999984696,-10.124999999997506,true,4,TOUCH_BAR_CLOSED_BEYOND_S2;PRODUCTION_WOULD_PICK_ANOTHER_ZONE,,false
V2_STRICT,EUR/USD_2025-11-01,EUR/USD,4h,demand,2025-10-14T04:00:00Z,1.15787,1.15935,1.15427,1.15495,1.1568100000000001,1.15935,1.1568100000000001,1.15427,1.1618900000000005,0.0025400000000002088,2025-10-30T20:00:00Z,2025-10-30T20:21:00Z,,S2_CLOSE,,,HTF_UNAMBIGUOUS,,2025-10-31T12:00:00Z,2025-10-31T12:00:00Z,1.15403,-1.0944881889763773,0.06299212598424679,-1.157480314960624,false,1,,,false
V2_STRICT,EUR/USD_2025-11-01,EUR/USD,1h,supply,2025-10-31T15:00:00Z,1.15345,1.15423,1.15246,1.15403,1.15246,1.153345,1.153345,1.15423,1.151575,0.0008850000000000247,2025-10-31T20:00:00Z,2025-10-31T20:32:00Z,,OPEN_AT_DATA_END,,,DATA_END,,,,,,0.18079096045197238,,false,2,PRODUCTION_WOULD_PICK_ANOTHER_ZONE,,true
V2_STRICT,BTC/USD_2022-07-01,BTC/USD,1h,supply,2022-04-18T03:00:00Z,39796.89844,39864.67188,39772.35156,39813.17969,39772.35156,39818.51172,39818.51172,39864.67188,39726.1914,46.16015999999945,2022-04-18T17:00:00Z,2022-04-18T17:10:00Z,,S2_CLOSE,,,ONE_MINUTE_RESOLVED,,2022-04-18T17:00:00Z,2022-04-18T17:00:00Z,40231.91016,-8.955741054623774,2.587849244023449,-11.543590298647223,true,2,TOUCH_BAR_CLOSED_BEYOND_S2;PRODUCTION_WOULD_PICK_ANOTHER_ZONE,,false
V2_STRICT,BTC/USD_2022-07-01,BTC/USD,1h,supply,2022-04-15T23:00:00Z,40457.26953,40585.80859,40420.67969,40554.46094,40420.67969,40503.244139999995,40503.244139999995,40585.80859,40338.115239999985,82.56445000000531,2022-04-18T18:00:00Z,2022-04-18T18:15:00Z,,S2_CLOSE,,,ONE_MINUTE_RESOLVED,,2022-04-18T18:00:00Z,2022-04-18T18:00:00Z,40643,-1.6926880758001268,1.471695535063725,-3.164383610863852,true,7,TOUCH_BAR_CLOSED_BEYOND_S2;PRODUCTION_WOULD_PICK_ANOTHER_ZONE,,false
V2_STRICT,BTC/USD_2022-07-01,BTC/USD,1h,demand,2022-04-21T05:00:00Z,41601.92188,41698.98828,41439.66016,41462.76172,41569.324219999995,41698.98828,41569.324219999995,41439.66016,41828.652339999986,129.66405999999552,2022-04-21T17:00:00Z,2022-04-21T17:39:00Z,,S2_CLOSE,,,HTF_UNAMBIGUOUS,,2022-04-21T19:00:00Z,2022-04-21T19:00:00Z,41229.12109,-2.6237272687590236,0.9617774783544824,-3.585504747113506,false,1,,,false
V2_STRICT,BTC/USD_2022-07-01,BTC/USD,1h,demand,2022-04-19T05:00:00Z,40860.011719,40860.011719,40660.96875,40660.96875,40760.4902345,40860.011719,40760.4902345,40660.96875,40959.5332035,99.52148450000095,2022-04-21T20:00:00Z,2022-04-21T20:41:00Z,,S2_CLOSE,,,ONE_MINUTE_RESOLVED,,2022-04-21T20:00:00Z,2022-04-21T20:00:00Z,40612.42969,-1.4877244370284923,1.228694199225885,-2.716418636254377,true,3,TOUCH_BAR_CLOSED_BEYOND_S2;PRODUCTION_WOULD_PICK_ANOTHER_ZONE,,false
V2_STRICT,BTC/USD_2022-07-01,BTC/USD,1h,demand,2022-04-19T07:00:00Z,40705.28906,40741.85156,40581.44141,40697.53125,40661.646485000005,40741.85156,40661.646485000005,40581.44141,40822.056635000015,80.20507500000531,2022-04-21T22:00:00Z,2022-04-21T22:01:00Z,,S2_CLOSE,,,ONE_MINUTE_RESOLVED,,2022-04-21T22:00:00Z,2022-04-21T22:00:00Z,40398.82031,-3.276926989968959,1.520912977825804,-4.797839967794763,true,2,TOUCH_BAR_CLOSED_BEYOND_S2,,false
V2_STRICT,BTC/USD_2022-07-01,BTC/USD,1h,supply,2022-04-21T21:00:00Z,40575.62109,40828.23828,40575.62109,40726.46875,40575.62109,40701.929684999996,40701.929684999996,40828.23828,40449.31249499999,126.30859500000224,2022-04-22T06:00:00Z,2022-04-22T06:05:00Z,,TARGET,,,HTF_UNAMBIGUOUS,2022-04-22T07:27:00Z,,2022-04-22T07:00:00Z,40449.31249499999,2,0.9667258911002677,1.0332741088997324,false,1,,,false
V2_STRICT,BTC/USD_2022-07-01,BTC/USD,1h,supply,2022-04-21T21:00:00Z,40575.62109,40828.23828,40575.62109,40726.46875,40575.62109,40701.929684999996,40701.929684999996,40828.23828,40449.31249499999,126.30859500000224,2022-04-22T08:00:00Z,2022-04-22T08:01:00Z,,TARGET,,,ONE_MINUTE_RESOLVED,2022-04-22T08:31:00Z,,2022-04-22T08:00:00Z,40449.31249499999,2,0.9667258911002677,1.0332741088997324,false,1,,,false
V2_STRICT,BTC/USD_2022-07-01,BTC/USD,1h,demand,2022-04-18T04:00:00Z,39818.10938,39847.23047,38763.76172,38819.070312,39305.496095,39847.23047,39305.496095,38763.76172,40388.964845,541.734375,2022-04-22T16:00:00Z,2022-04-22T16:04:00Z,,S2_CLOSE,,,HTF_UNAMBIGUOUS,,2022-04-25T06:00:00Z,2022-04-25T06:00:00Z,38636.75,-1.2344538686510382,0.2176647702760232,-1.4521186389270615,false,1,,,false
V2_STRICT,BTC/USD_2022-07-01,BTC/USD,1h,supply,2022-04-25T03:00:00Z,39090.011719,39270.60156,39090.011719,39254.62891,39090.011719,39180.306639500006,39180.306639500006,39270.60156,38999.71679850001,90.2949204999968,2022-04-25T13:00:00Z,2022-04-25T13:37:00Z,,TARGET,,,ONE_MINUTE_RESOLVED,2022-04-25T13:44:00Z,,2022-04-25T13:00:00Z,38999.71679850001,2,1.3017445418594082,0.6982554581405918,false,1,,,false
V2_STRICT,BTC/USD_2022-07-01,BTC/USD,1h,supply,2022-04-25T03:00:00Z,39090.011719,39270.60156,39090.011719,39254.62891,39090.011719,39180.306639500006,39180.306639500006,39270.60156,38999.71679850001,90.2949204999968,2022-04-25T15:00:00Z,2022-04-25T15:12:00Z,,TARGET,,,ONE_MINUTE_RESOLVED,2022-04-25T15:47:00Z,,2022-04-25T15:00:00Z,38999.71679850001,2,1.3017445418594082,0.6982554581405918,false,1,,,false
V2_STRICT,BTC/USD_2022-07-01,BTC/USD,1h,supply,2022-04-24T14:00:00Z,39581.89062,39919.33984,39372.60938,39734.089844,39372.60938,39645.974610000005,39645.974610000005,39919.33984,39099.24415000001,273.3652299999958,2022-04-25T16:00:00Z,2022-04-25T16:49:00Z,,S2_CLOSE,,,HTF_UNAMBIGUOUS,,2022-04-25T18:00:00Z,2022-04-25T18:00:00Z,39965.76172,-1.1698163296041797,0.4350879730754414,-1.604904302679621,false,1,,,false
V2_STRICT,BTC/USD_2022-07-01,BTC/USD,1h,supply,2022-04-22T07:00:00Z,40690.98047,40761.48047,40323.48828,40706.53906,40323.48828,40542.484375,40542.484375,40761.48047,40104.492184999996,218.99609500000224,2022-04-26T02:00:00Z,2022-04-26T02:25:00Z,,TARGET,,,HTF_UNAMBIGUOUS,2022-04-26T13:24:00Z,,2022-04-26T13:00:00Z,40104.492184999996,2,0.5553864014104852,1.4446135985895148,false,3,PRODUCTION_WOULD_PICK_ANOTHER_ZONE,,false
V2_STRICT,BTC/USD_2022-07-01,BTC/USD,1h,demand,2022-04-25T10:00:00Z,38588.19922,38633.21875,38418.67188,38418.67188,38525.945315000004,38633.21875,38525.945315000004,38418.67188,38740.49218500001,107.27343500000279,2022-04-26T17:00:00Z,2022-04-26T17:04:00Z,,S2_CLOSE,,,ONE_MINUTE_RESOLVED,,2022-04-26T17:00:00Z,2022-04-26T17:00:00Z,38403.89844,-1.1377175998885847,1.0774133963827766,-2.2151309962713612,true,1,TOUCH_BAR_CLOSED_BEYOND_S2,,false
V2_STRICT,BTC/USD_2022-07-01,BTC/USD,1h,demand,2022-04-25T08:00:00Z,38434.011719,38561.44141,38401.37891,38404.28125,38481.41016,38561.44141,38481.41016,38401.37891,38641.47266,80.03125,2022-04-26T19:00:00Z,2022-04-26T19:13:00Z,,S2_CLOSE,,,ONE_MINUTE_RESOLVED,,2022-04-26T19:00:00Z,2022-04-26T19:00:00Z,38307.69922,-2.170538883248696,1.4424894085747755,-3.6130282918234715,true,1,TOUCH_BAR_CLOSED_BEYOND_S2,,false
V2_STRICT,BTC/USD_2022-07-01,BTC/USD,4h,demand,2022-03-13T20:00:00Z,38848.85156,38848.85156,37607.30078,37793.60156,38228.07617,38848.85156,38228.07617,37607.30078,39469.626950000005,620.7753900000025,2022-04-26T20:00:00Z,2022-04-26T20:01:00Z,,TARGET,,,HTF_UNAMBIGUOUS,2022-04-28T01:06:00Z,,2022-04-28T00:00:00Z,39469.626950000005,2,0.18474351650763657,1.8152564834923635,false,2,PRODUCTION_WOULD_PICK_ANOTHER_ZONE,,false
V2_STRICT,BTC/USD_2022-07-01,BTC/USD,1h,supply,2022-05-02T13:00:00Z,38498.67969,39092.53125,38332.12891,38950.76172,38332.12891,38712.33008,38712.33008,39092.53125,37951.92774,380.2011700000003,2022-05-02T22:00:00Z,2022-05-02T22:11:00Z,,TARGET,,,HTF_UNAMBIGUOUS,2022-05-03T18:03:00Z,,2022-05-03T18:00:00Z,37951.92774,2,0.3054619485784326,1.6945380514215673,false,4,PRODUCTION_WOULD_PICK_ANOTHER_ZONE,,false
V2_STRICT,BTC/USD_2022-07-01,BTC/USD,1h,supply,2022-04-28T21:00:00Z,39832.12109,39987.98047,39761.53125,39832.64062,39761.53125,39874.755860000005,39874.755860000005,39987.98047,39648.30664000001,113.22460999999748,2022-05-04T20:00:00Z,2022-05-04T20:01:00Z,,TARGET,,,HTF_UNAMBIGUOUS,2022-05-04T23:15:00Z,,2022-05-04T23:00:00Z,39648.30664000001,2,1.0565217895650307,0.9434782104349693,false,1,,,false
V2_STRICT,BTC/USD_2022-07-01,BTC/USD,1h,supply,2022-05-06T09:00:00Z,36229.17969,36406.53906,36169.39062,36406.53906,36169.39062,36287.96484,36287.96484,36406.53906,36050.816399999996,118.57422000000224,2022-05-06T12:00:00Z,2022-05-06T12:37:00Z,,TARGET,,,ONE_MINUTE_RESOLVED,2022-05-06T12:46:00Z,,2022-05-06T12:00:00Z,36050.816399999996,2,0.9181076166471763,1.0818923833528236,false,1,,,false
V2_STRICT,BTC/USD_2022-07-01,BTC/USD,4h,demand,2022-02-24T00:00:00Z,37248.51953,37406.98828,34754.82031,34890.17188,36080.904295,37406.98828,36080.904295,34754.82031,38733.072264999995,1326.0839849999975,2022-05-06T20:00:00Z,2022-05-06T20:53:00Z,,S2_CLOSE,,,HTF_UNAMBIGUOUS,,2022-05-08T00:00:00Z,2022-05-08T00:00:00Z,34493.44141,-1.1971058416786504,0.08162583524828573,-1.2787316769269361,false,1,,,false
V2_STRICT,BTC/USD_2022-07-01,BTC/USD,1h,supply,2022-05-10T17:00:00Z,31211.35938,31784.82031,31211.35938,31655.42969,31211.35938,31498.089845000002,31498.089845000002,31784.82031,30924.62891500001,286.7304649999969,2022-05-11T02:00:00Z,2022-05-11T02:27:00Z,,TARGET,,,HTF_UNAMBIGUOUS,2022-05-11T06:45:00Z,,2022-05-11T06:00:00Z,30924.62891500001,2,0.32955782893527213,1.670442171064728,false,1,,,false
V2_STRICT,BTC/USD_2022-07-01,BTC/USD,1h,supply,2022-05-10T12:00:00Z,31652.90039,32234.099609,31526.59961,32150.019531,31526.59961,31880.3496095,31880.3496095,32234.099609,31172.8496105,353.74999949999983,2022-05-11T11:00:00Z,2022-05-11T11:14:00Z,,TARGET,,,HTF_UNAMBIGUOUS,2022-05-11T12:30:00Z,,2022-05-11T12:00:00Z,31172.8496105,2,0.27036338929662684,1.7296366107033732,false,1,,,false
V2_STRICT,BTC/USD_2022-07-01,BTC/USD,1h,supply,2022-05-10T12:00:00Z,31652.90039,32234.099609,31526.59961,32150.019531,31526.59961,31880.3496095,31880.3496095,32234.099609,31172.8496105,353.74999949999983,2022-05-11T14:00:00Z,2022-05-11T14:45:00Z,,TARGET,,,HTF_UNAMBIGUOUS,2022-05-11T15:27:00Z,,2022-05-11T15:00:00Z,31172.8496105,2,0.27036338929662684,1.7296366107033732,false,2,,,false
V2_STRICT,BTC/USD_2022-07-01,BTC/USD,1h,supply,2022-05-11T18:00:00Z,29876.33984,30206.5293,29767.86914,29898.39062,29767.86914,29987.19922,29987.19922,30206.5293,29548.53906,219.33007999999973,2022-05-12T00:00:00Z,2022-05-12T00:42:00Z,,TARGET,,,HTF_UNAMBIGUOUS,2022-05-12T01:23:00Z,,2022-05-12T01:00:00Z,29548.53906,2,0.4101653437595067,1.5898346562404932,false,1,,,false
V2_STRICT,BTC/USD_2022-07-01,BTC/USD,1h,supply,2022-05-12T00:00:00Z,29174.23047,30149.92969,28981.64062,29882.21094,28981.64062,29565.785154999998,29565.785154999998,30149.92969,28397.49608499999,584.1445350000031,2022-05-12T14:00:00Z,2022-05-12T14:58:00Z,,TARGET,,,HTF_UNAMBIGUOUS,2022-05-12T18:26:00Z,,2022-05-12T18:00:00Z,28397.49608499999,2,0.15184145387065812,1.848158546129342,false,1,,,false
V2_STRICT,BTC/USD_2022-07-01,BTC/USD,1h,supply,2022-05-12T00:00:00Z,29174.23047,30149.92969,28981.64062,29882.21094,28981.64062,29565.785154999998,29565.785154999998,30149.92969,28397.49608499999,584.1445350000031,2022-05-13T01:00:00Z,2022-05-13T01:00:00Z,,S2_CLOSE,,,HTF_UNAMBIGUOUS,,2022-05-13T03:00:00Z,2022-05-13T03:00:00Z,30567.90039,-1.7155261668244415,0.15184145387065812,-1.8673676206950995,false,2,,,false
V2_STRICT,BTC/USD_2022-07-01,BTC/USD,1h,supply,2022-05-14T01:00:00Z,29457.63086,29801.88086,29375.81055,29705.36914,29375.81055,29588.845705,29588.845705,29801.88086,29162.775394999997,213.0351550000014,2022-05-14T16:00:00Z,2022-05-14T16:51:00Z,,S2_CLOSE,,,HTF_UNAMBIGUOUS,,2022-05-14T22:00:00Z,2022-05-14T22:00:00Z,30248.68945,-3.097346750117358,0.416675534678769,-3.514022284796127,false,4,,,false
V2_STRICT,BTC/USD_2022-07-01,BTC/USD,4h,supply,2022-05-13T00:00:00Z,29017.76953,30720.30078,28763.76953,30567.90039,28763.76953,29742.035155,29742.035155,30720.30078,27785.503905,978.265625,2022-05-15T08:00:00Z,2022-05-15T08:13:00Z,,S2_CLOSE,,,HTF_UNAMBIGUOUS,,2022-05-15T20:00:00Z,2022-05-15T20:00:00Z,31316.74023,-1.6096906962257802,0.09120846443418679,-1.700899160659967,false,2,,,false
V2_STRICT,BTC/USD_2022-07-01,BTC/USD,1h,demand,2022-05-15T14:00:00Z,30188.83008,30203.26953,29813.2207,29978.73047,30008.245115,30203.26953,30008.245115,29813.2207,30398.293945,195.02441499999986,2022-05-16T06:00:00Z,2022-05-16T06:07:00Z,,S2_CLOSE,,,ONE_MINUTE_RESOLVED,,2022-05-16T06:00:00Z,2022-05-16T06:00:00Z,29574.19922,-2.225597728366488,0.46160751383358883,-2.687205242200077,true,4,TOUCH_BAR_CLOSED_BEYOND_S2;PRODUCTION_WOULD_PICK_ANOTHER_ZONE,,false
V2_STRICT,BTC/USD_2022-07-01,BTC/USD,1h,demand,2022-05-15T04:00:00Z,29707.83984,29794.58008,29526.089844,29617.67969,29660.334962,29794.58008,29660.334962,29526.089844,29928.825198000006,134.24511800000255,2022-05-16T10:00:00Z,2022-05-16T10:04:00Z,,TARGET,,,ONE_MINUTE_RESOLVED,2022-05-16T10:37:00Z,,2022-05-16T10:00:00Z,29928.825198000006,2,0.6628248848944981,1.3371751151055018,false,3,PRODUCTION_WOULD_PICK_ANOTHER_ZONE,,false
V2_STRICT,BTC/USD_2022-07-01,BTC/USD,1h,demand,2022-05-14T19:00:00Z,29537.57031,29602.41992,29299.14062,29342.19922,29450.78027,29602.41992,29450.78027,29299.14062,29754.05957,151.63965000000098,2022-05-16T16:00:00Z,2022-05-16T16:12:00Z,,TARGET,,,HTF_UNAMBIGUOUS,2022-05-16T17:31:00Z,,2022-05-16T17:00:00Z,29754.05957,2,0.5826466943836881,1.417353305616312,false,2,PRODUCTION_WOULD_PICK_ANOTHER_ZONE,,false
V2_STRICT,BTC/USD_2022-07-01,BTC/USD,1h,supply,2022-05-16T04:00:00Z,30316.40039,30429.96094,30179.99023,30360.69922,30179.99023,30304.975585,30304.975585,30429.96094,30055.004875,124.98535500000071,2022-05-17T03:00:00Z,2022-05-17T03:34:00Z,,S2_CLOSE,,,HTF_UNAMBIGUOUS,,2022-05-17T05:00:00Z,2022-05-17T05:00:00Z,30500.0097656,-1.5604562678563305,0.7274046367672395,-2.28786090462357,false,1,,,false
V2_STRICT,BTC/USD_2022-07-01,BTC/USD,1h,demand,2022-05-16T23:00:00Z,30034.51953,30083.15039,29843.029297,29864.66016,29963.089843499998,30083.15039,29963.089843499998,29843.029297,30203.210936499992,120.06054649999714,2022-05-18T03:00:00Z,2022-05-18T03:13:00Z,,S2_CLOSE,,,ONE_MINUTE_RESOLVED,,2022-05-18T03:00:00Z,2022-05-18T03:00:00Z,29833.69922,-1.0777114320398546,0.7486994866419514,-1.826410918681806,true,4,TOUCH_BAR_CLOSED_BEYOND_S2;PRODUCTION_WOULD_PICK_ANOTHER_ZONE,,false
V2_STRICT,BTC/USD_2022-07-01,BTC/USD,1h,demand,2022-05-16T19:00:00Z,29910.11914,29957.53906,29553,29592.46094,29755.269529999998,29957.53906,29755.269529999998,29553,30159.808589999993,202.26952999999776,2022-05-18T07:00:00Z,2022-05-18T07:02:00Z,,S2_CLOSE,,,HTF_UNAMBIGUOUS,,2022-05-18T12:00:00Z,2022-05-18T12:00:00Z,29534.11914,-1.0933450530092266,0.4413210857315038,-1.5346661387407303,false,3,PRODUCTION_WOULD_PICK_ANOTHER_ZONE,,false
V2_STRICT,BTC/USD_2022-07-01,BTC/USD,1h,demand,2022-05-16T16:00:00Z,29666.75977,29727.90039,29141.16992,29320.84961,29434.535154999998,29727.90039,29434.535154999998,29141.16992,30021.265624999993,293.3652349999975,2022-05-18T14:00:00Z,2022-05-18T14:06:00Z,,S2_CLOSE,,,HTF_UNAMBIGUOUS,,2022-05-18T15:00:00Z,2022-05-18T15:00:00Z,28994.18945,-1.5010152958308092,0.30100228292217635,-1.8020175787529855,false,3,PRODUCTION_WOULD_PICK_ANOTHER_ZONE,,false
V2_STRICT,BTC/USD_2022-07-01,BTC/USD,1h,demand,2022-05-14T13:00:00Z,29138.39062,29160.99023,28810.21094,28835.0097656,28985.600585,29160.99023,28985.600585,28810.21094,29336.379875,175.3896449999993,2022-05-18T16:00:00Z,2022-05-18T16:18:00Z,,TARGET,,,HTF_UNAMBIGUOUS,2022-05-18T19:04:00Z,,2022-05-18T19:00:00Z,29336.379875,2,0.49579210765265164,1.5042078923473483,false,1,,,false
V2_STRICT,BTC/USD_2022-07-01,BTC/USD,1h,demand,2022-05-14T13:00:00Z,29138.39062,29160.99023,28810.21094,28835.0097656,28985.600585,29160.99023,28985.600585,28810.21094,29336.379875,175.3896449999993,2022-05-18T22:00:00Z,2022-05-18T22:40:00Z,,S2_CLOSE,,,HTF_UNAMBIGUOUS,,2022-05-18T23:00:00Z,2022-05-18T23:00:00Z,28719.11914,-1.519368175926249,0.49579210765265164,-2.0151602835789006,false,2,,,false
V2_STRICT,BTC/USD_2022-07-01,BTC/USD,1h,supply,2022-05-18T19:00:00Z,29219.46094,29491.69922,29194.34961,29310.5,29194.34961,29343.024415,29343.024415,29491.69922,29045.674805000002,148.67480499999874,2022-05-19T06:00:00Z,2022-05-19T06:56:00Z,,TARGET,,,HTF_UNAMBIGUOUS,2022-05-19T08:53:00Z,,2022-05-19T08:00:00Z,29045.674805000002,2,0.5920913987074055,1.4079086012925945,false,1,,,false
V2_STRICT,BTC/USD_2022-07-01,BTC/USD,1h,supply,2022-05-17T12:00:00Z,30319.25,30625.10938,30294.2793,30596.33984,30294.2793,30459.694340000002,30459.694340000002,30625.10938,30128.864260000002,165.41503999999986,2022-05-19T15:00:00Z,2022-05-19T15:37:00Z,,TARGET,,,HTF_UNAMBIGUOUS,2022-05-19T16:44:00Z,,2022-05-19T16:00:00Z,30128.864260000002,2,0.5524230627396401,1.4475769372603597,false,4,,,false
V2_STRICT,BTC/USD_2022-07-01,BTC/USD,1h,supply,2022-05-17T12:00:00Z,30319.25,30625.10938,30294.2793,30596.33984,30294.2793,30459.694340000002,30459.694340000002,30625.10938,30128.864260000002,165.41503999999986,2022-05-19T21:00:00Z,2022-05-19T21:15:00Z,,TARGET,,,HTF_UNAMBIGUOUS,2022-05-19T22:31:00Z,,2022-05-19T22:00:00Z,30128.864260000002,2,0.5524230627396401,1.4475769372603597,false,3,,,false
V2_STRICT,BTC/USD_2022-07-01,BTC/USD,1h,supply,2022-05-17T12:00:00Z,30319.25,30625.10938,30294.2793,30596.33984,30294.2793,30459.694340000002,30459.694340000002,30625.10938,30128.864260000002,165.41503999999986,2022-05-20T01:00:00Z,2022-05-20T01:33:00Z,,TARGET,,,HTF_UNAMBIGUOUS,2022-05-20T04:24:00Z,,2022-05-20T04:00:00Z,30128.864260000002,2,0.5524230627396401,1.4475769372603597,false,4,PRODUCTION_WOULD_PICK_ANOTHER_ZONE,,false
V2_STRICT,BTC/USD_2022-07-01,BTC/USD,1h,demand,2022-05-19T08:00:00Z,29187.58984,29235.64062,28989.99023,28990.5,29112.815425,29235.64062,29112.815425,28989.99023,29358.465815000003,122.82519500000126,2022-05-20T15:00:00Z,2022-05-20T15:50:00Z,,S2_CLOSE,,,HTF_UNAMBIGUOUS,,2022-05-20T16:00:00Z,2022-05-20T16:00:00Z,28884.83984,-1.8560978877338465,0.7110792396869317,-2.567177127420778,false,1,,,false
V2_STRICT,BTC/USD_2022-07-01,BTC/USD,1h,demand,2022-05-18T23:00:00Z,28976.14062,29097.40039,28667.080078,28719.11914,28882.240233999997,29097.40039,28882.240233999997,28667.080078,29312.560545999993,215.1601559999981,2022-05-20T18:00:00Z,2022-05-20T18:01:00Z,,TARGET,,,HTF_UNAMBIGUOUS,2022-05-20T19:54:00Z,,2022-05-20T19:00:00Z,29312.560545999993,2,0.4027080213773444,1.5972919786226556,false,2,,,false
V2_STRICT,BTC/USD_2022-07-01,BTC/USD,1h,supply,2022-05-23T20:00:00Z,29058.58008,29447.94922,29058.58008,29325.14062,29058.58008,29253.264649999997,29253.264649999997,29447.94922,28863.895509999995,194.68457000000126,2022-05-24T02:00:00Z,2022-05-24T02:24:00Z,,TARGET,,,HTF_UNAMBIGUOUS,2022-05-24T14:07:00Z,,2022-05-24T14:00:00Z,28863.895509999995,2,0.45077940152113455,1.5492205984788654,false,1,,,false
V2_STRICT,BTC/USD_2022-07-01,BTC/USD,1h,demand,2022-05-18T23:00:00Z,28976.14062,29097.40039,28667.080078,28719.11914,28882.240233999997,29097.40039,28882.240233999997,28667.080078,29312.560545999993,215.1601559999981,2022-05-26T13:00:00Z,2022-05-26T13:06:00Z,,TARGET,,,HTF_UNAMBIGUOUS,2022-05-26T14:50:00Z,,2022-05-26T14:00:00Z,29312.560545999993,2,0.4027080213773444,1.5972919786226556,false,2,,,false
V2_STRICT,BTC/USD_2022-07-01,BTC/USD,1h,supply,2022-05-26T00:00:00Z,29549.42969,29871.029297,29527.24023,29785.33008,29527.24023,29699.1347635,29699.1347635,29871.029297,29355.345696499993,171.89453350000258,2022-05-26T16:00:00Z,2022-05-26T16:19:00Z,,TARGET,,,HTF_UNAMBIGUOUS,2022-05-26T20:04:00Z,,2022-05-26T20:00:00Z,29355.345696499993,2,0.5183259902241083,1.4816740097758916,false,2,PRODUCTION_WOULD_PICK_ANOTHER_ZONE,,false
V2_STRICT,BTC/USD_2022-07-01,BTC/USD,1h,demand,2022-05-18T23:00:00Z,28976.14062,29097.40039,28667.080078,28719.11914,28882.240233999997,29097.40039,28882.240233999997,28667.080078,29312.560545999993,215.1601559999981,2022-05-27T02:00:00Z,2022-05-27T02:02:00Z,,TARGET,,,HTF_UNAMBIGUOUS,2022-05-27T13:53:00Z,,2022-05-27T13:00:00Z,29312.560545999993,2,0.4027080213773444,1.5972919786226556,false,1,,,false
V2_STRICT,BTC/USD_2022-07-01,BTC/USD,1h,demand,2022-05-18T23:00:00Z,28976.14062,29097.40039,28667.080078,28719.11914,28882.240233999997,29097.40039,28882.240233999997,28667.080078,29312.560545999993,215.1601559999981,2022-05-27T14:00:00Z,2022-05-27T14:46:00Z,,S2_CLOSE,,,HTF_UNAMBIGUOUS,,2022-05-27T17:00:00Z,2022-05-27T17:00:00Z,28351.83008,-2.4651876251660747,0.4027080213773444,-2.867895646543419,false,2,,,false
V2_STRICT,BTC/USD_2022-07-01,BTC/USD,1h,supply,2022-05-27T15:00:00Z,28811.94922,28927.33984,28652.85938,28850.19922,28652.85938,28790.09961,28790.09961,28927.33984,28515.619150000002,137.24022999999943,2022-05-27T21:00:00Z,2022-05-27T21:02:00Z,,S2_CLOSE,,,HTF_UNAMBIGUOUS,,2022-05-28T12:00:00Z,2022-05-28T12:00:00Z,28979.85938,-1.3826832700586509,0.6293365934318266,-2.0120198634904773,false,1,,,false
V2_STRICT,BTC/USD_2022-07-01,BTC/USD,1h,demand,2022-05-31T01:00:00Z,31575.28906,31603.19922,31449.92969,31558.69922,31526.564455,31603.19922,31526.564455,31449.92969,31679.833984999997,76.63476499999888,2022-05-31T06:00:00Z,2022-05-31T06:37:00Z,,TARGET,,,HTF_UNAMBIGUOUS,2022-05-31T08:29:00Z,,2022-05-31T08:00:00Z,31679.833984999997,2,1.2341617197495338,0.7658382802504662,false,1,,,false
V2_STRICT,BTC/USD_2022-07-01,BTC/USD,1h,demand,2022-05-31T01:00:00Z,31575.28906,31603.19922,31449.92969,31558.69922,31526.564455,31603.19922,31526.564455,31449.92969,31679.833984999997,76.63476499999888,2022-05-31T10:00:00Z,2022-05-31T10:05:00Z,,TARGET,,,ONE_MINUTE_RESOLVED,2022-05-31T10:45:00Z,,2022-05-31T10:00:00Z,31679.833984999997,2,1.2341617197495338,0.7658382802504662,false,2,VOL_BUCKET_WITH_BAR_NOT_HIGH;PRODUCTION_WOULD_PICK_ANOTHER_ZONE,,false
V2_STRICT,BTC/USD_2022-07-01,BTC/USD,1h,supply,2022-05-10T12:00:00Z,31652.90039,32234.099609,31526.59961,32150.019531,31526.59961,31880.3496095,31880.3496095,32234.099609,31172.8496105,353.74999949999983,2022-05-31T22:00:00Z,2022-05-31T22:56:00Z,,TARGET,,,HTF_UNAMBIGUOUS,2022-06-01T14:35:00Z,,2022-06-01T14:00:00Z,31172.8496105,2,0.27036338929662684,1.7296366107033732,false,2,,,false
V2_STRICT,BTC/USD_2022-07-01,BTC/USD,1h,demand,2022-06-05T23:00:00Z,30033.050781,30037.74023,29899.43945,29913.099609,29968.58984,30037.74023,29968.58984,29899.43945,30106.89062,69.15038999999888,2022-06-07T01:00:00Z,2022-06-07T01:21:00Z,,S2_CLOSE,,,ONE_MINUTE_RESOLVED,,2022-06-07T01:00:00Z,2022-06-07T01:00:00Z,29577.43945,-5.656517483126346,1.3001484087074775,-6.956665891833824,true,4,TOUCH_BAR_CLOSED_BEYOND_S2;PRODUCTION_WOULD_PICK_ANOTHER_ZONE,,false
V2_STRICT,BTC/USD_2022-07-01,BTC/USD,1h,demand,2022-05-30T00:00:00Z,29454.060547,29464.50977,29311.75977,29322.38086,29388.13477,29464.50977,29388.13477,29311.75977,29540.88477,76.375,2022-06-07T03:00:00Z,2022-06-07T03:00:00Z,,TARGET,,,ONE_MINUTE_RESOLVED,2022-06-07T03:25:00Z,,2022-06-07T03:00:00Z,29540.88477,2,1.1543620858919805,0.8456379141080195,false,2,,,false
V2_STRICT,BTC/USD_2022-07-01,BTC/USD,1h,demand,2022-06-03T14:00:00Z,29699.76953,29743.41016,29341.17969,29488.65039,29542.294925000002,29743.41016,29542.294925000002,29341.17969,29944.525395000004,201.11523500000112,2022-06-07T07:00:00Z,2022-06-07T07:02:00Z,,TARGET,,,HTF_UNAMBIGUOUS,2022-06-07T14:47:00Z,,2022-06-07T14:00:00Z,29944.525395000004,2,0.44067713107363304,1.559322868926367,false,1,,,false
V2_STRICT,BTC/USD_2022-07-01,BTC/USD,1h,supply,2022-06-06T15:00:00Z,31524.98047,31542.40039,31199.91016,31542,31199.91016,31371.155274999997,31371.155274999997,31542.40039,31028.665044999994,171.24511500000153,2022-06-07T21:00:00Z,2022-06-07T21:04:00Z,,TARGET,,,HTF_UNAMBIGUOUS,2022-06-07T22:47:00Z,,2022-06-07T22:00:00Z,31028.665044999994,2,0.5495833608158641,1.450416639184136,false,1,,,false
V2_STRICT,BTC/USD_2022-07-01,BTC/USD,4h,demand,2022-06-07T00:00:00Z,31373.099609,31373.099609,29241.55078,29570.080078,30307.3251945,31373.099609,30307.3251945,29241.55078,32438.8740235,1065.7744144999997,2022-06-08T16:00:00Z,2022-06-08T16:33:00Z,,S2_CLOSE,,,HTF_UNAMBIGUOUS,,2022-06-10T16:00:00Z,2022-06-10T16:00:00Z,28988.93945,-1.237021387043252,0.08531071336156572,-1.3223321004048179,false,1,,,false
V2_STRICT,BTC/USD_2022-07-01,BTC/USD,1h,demand,2022-05-12T13:00:00Z,28486.69922,28878.56055,27920,28205.84961,28399.280274999997,28878.56055,28399.280274999997,27920,29357.840824999992,479.28027499999735,2022-06-11T21:00:00Z,2022-06-11T21:00:00Z,,S2_CLOSE,,,HTF_UNAMBIGUOUS,,2022-06-12T02:00:00Z,2022-06-12T02:00:00Z,27374.83008,-2.137476229331581,0.17776204294032436,-2.3152382722719054,false,2,,,false
V2_STRICT,BTC/USD_2022-07-01,BTC/USD,1h,demand,2022-05-12T06:00:00Z,27157.85938,27913.75,27009.55078,27137.56055,27461.650390000003,27913.75,27461.650390000003,27009.55078,28365.849610000005,452.0996100000011,2022-06-12T04:00:00Z,2022-06-12T04:55:00Z,,S2_CLOSE,,,HTF_UNAMBIGUOUS,,2022-06-12T23:00:00Z,2022-06-12T23:00:00Z,26602.90039,-1.8994707825560866,0.1822274325120515,-2.0816982150681382,false,1,,,false
V2_STRICT,BTC/USD_2022-07-01,BTC/USD,1h,supply,2022-06-15T06:00:00Z,21233.98047,21387.86914,20988.24023,21346.16992,20988.24023,21188.054685,21188.054685,21387.86914,20788.425775,199.81445499999973,2022-06-15T11:00:00Z,2022-06-15T11:35:00Z,,S2_CLOSE,,,HTF_UNAMBIGUOUS,,2022-06-15T13:00:00Z,2022-06-15T13:00:00Z,21546,-1.7913884908877156,0.3181159443895092,-2.1095044352772248,false,1,,,false
V2_STRICT,BTC/USD_2022-07-01,BTC/USD,1h,supply,2022-06-14T23:00:00Z,21591.58008,22255.029297,21591.58008,22161.44922,21591.58008,21923.3046885,21923.3046885,22255.029297,21259.8554715,331.7246085000006,2022-06-15T18:00:00Z,2022-06-15T18:44:00Z,,S2_CLOSE,,,HTF_UNAMBIGUOUS,,2022-06-15T22:00:00Z,2022-06-15T22:00:00Z,22492.34961,-1.7154136501151367,0.1982666114609338,-1.9136802615760704,false,3,PRODUCTION_WOULD_PICK_ANOTHER_ZONE,,false
V2_STRICT,BTC/USD_2022-07-01,BTC/USD,1h,supply,2022-06-14T15:00:00Z,22469.099609,22746.18945,22288.48047,22725.56055,22288.48047,22517.33496,22517.33496,22746.18945,22059.625979999997,228.85449000000153,2022-06-15T23:00:00Z,2022-06-15T23:09:00Z,,TARGET,,,HTF_UNAMBIGUOUS,2022-06-16T05:08:00Z,,2022-06-16T05:00:00Z,22059.625979999997,2,0.2951744791198964,1.7048255208801035,false,1,,,false
V2_STRICT,BTC/USD_2022-07-01,BTC/USD,1h,supply,2022-06-16T12:00:00Z,21068.80078,21497.080078,20936.83008,21161.4707,20936.83008,21216.955079,21216.955079,21497.080078,20656.705081,280.12499899999966,2022-06-17T07:00:00Z,2022-06-17T07:54:00Z,,TARGET,,,HTF_UNAMBIGUOUS,2022-06-17T12:50:00Z,,2022-06-17T12:00:00Z,20656.705081,2,0.22722308063979707,1.772776919360203,false,2,,,false
V2_STRICT,BTC/USD_2022-07-01,BTC/USD,1h,supply,2022-06-18T10:00:00Z,19160.11914,19517.070312,19160.11914,19409.98047,19160.11914,19338.594726,19338.594726,19517.070312,18981.643554,178.47558600000048,2022-06-18T22:00:00Z,2022-06-18T22:31:00Z,,TARGET,,,HTF_UNAMBIGUOUS,2022-06-18T23:16:00Z,,2022-06-18T23:00:00Z,18981.643554,2,0.32506285861417394,1.674937141385826,false,2,,,false
V2_STRICT,BTC/USD_2022-07-01,BTC/USD,1h,supply,2022-06-19T10:00:00Z,19014.71094,19945.56055,18938.42969,19920.42969,18938.42969,19441.99512,19441.99512,19945.56055,18434.864260000002,503.56542999999874,2022-06-19T14:00:00Z,2022-06-19T14:46:00Z,,S2_CLOSE,,,HTF_UNAMBIGUOUS,,2022-06-19T18:00:00Z,2022-06-19T18:00:00Z,20219.7793,-1.5445543591028492,0.11582603150498266,-1.6603803906078318,false,1,,,false
V2_STRICT,BTC/USD_2022-07-01,BTC/USD,1h,supply,2022-06-17T20:00:00Z,20535.96094,20707.26953,20525.060547,20645.089844,20525.060547,20616.165038500003,20616.165038500003,20707.26953,20433.956055500006,91.1044914999984,2022-06-19T20:00:00Z,2022-06-19T20:33:00Z,,TARGET,,,ONE_MINUTE_RESOLVED,2022-06-19T20:41:00Z,,2022-06-19T20:00:00Z,20433.956055500006,2,0.6788742695029596,1.3211257304970405,false,3,,,false
V2_STRICT,BTC/USD_2022-07-01,BTC/USD,1h,supply,2022-06-17T20:00:00Z,20535.96094,20707.26953,20525.060547,20645.089844,20525.060547,20616.165038500003,20616.165038500003,20707.26953,20433.956055500006,91.1044914999984,2022-06-19T22:00:00Z,2022-06-19T22:17:00Z,,TARGET,,,HTF_UNAMBIGUOUS,2022-06-19T23:44:00Z,,2022-06-19T23:00:00Z,20433.956055500006,2,0.6788742695029596,1.3211257304970405,false,2,,,false
V2_STRICT,BTC/USD_2022-07-01,BTC/USD,4h,supply,2022-06-18T00:00:00Z,20454.5,20762.78906,20327.25,20456.68945,20327.25,20545.019529999998,20545.019529999998,20762.78906,20109.480469999995,217.7695300000014,2022-06-20T08:00:00Z,2022-06-20T08:36:00Z,,S2_CLOSE,,,ONE_MINUTE_RESOLVED,,2022-06-20T08:00:00Z,2022-06-20T08:00:00Z,20823.7793,-1.2800678313444438,0.2830288451740682,-1.563096676518512,true,1,TOUCH_BAR_CLOSED_BEYOND_S2,,false
V2_STRICT,BTC/USD_2022-07-01,BTC/USD,1h,demand,2022-06-20T01:00:00Z,20098.56055,20146.46094,19666.16016,19809.33984,19906.310550000002,20146.46094,19906.310550000002,19666.16016,20386.611330000007,240.15039000000252,2022-06-20T19:00:00Z,2022-06-20T19:08:00Z,,TARGET,,,HTF_UNAMBIGUOUS,2022-06-20T20:53:00Z,,2022-06-20T20:00:00Z,20386.611330000007,2,0.24867305712057924,1.7513269428794207,false,3,,,false
V2_STRICT,BTC/USD_2022-07-01,BTC/USD,1h,supply,2022-06-16T12:00:00Z,21068.80078,21497.080078,20936.83008,21161.4707,20936.83008,21216.955079,21216.955079,21497.080078,20656.705081,280.12499899999966,2022-06-21T07:00:00Z,2022-06-21T07:37:00Z,,S2_CLOSE,,,HTF_UNAMBIGUOUS,,2022-06-21T13:00:00Z,2022-06-21T13:00:00Z,21622.64062,-1.4482304058839084,0.22722308063979707,-1.6754534865237054,false,2,,,false
V2_STRICT,BTC/USD_2022-07-01,BTC/USD,1h,demand,2022-06-20T21:00:00Z,20445.53906,20633.86914,20338.96094,20411.83008,20486.41504,20633.86914,20486.41504,20338.96094,20781.323239999998,147.45409999999902,2022-06-22T01:00:00Z,2022-06-22T01:52:00Z,,S2_CLOSE,,,HTF_UNAMBIGUOUS,,2022-06-22T03:00:00Z,2022-06-22T03:00:00Z,20319.69922,-1.130628582046904,0.4168025515736789,-1.5474311336205828,false,3,PRODUCTION_WOULD_PICK_ANOTHER_ZONE,,false
V2_STRICT,BTC/USD_2022-07-01,BTC/USD,4h,demand,2022-06-20T00:00:00Z,20569.81055,20608.64062,19666.16016,19997.13086,20137.40039,20608.64062,20137.40039,19666.16016,21079.880849999998,471.2402299999994,2022-06-22T04:00:00Z,2022-06-22T06:20:00Z,,TARGET,,,HTF_UNAMBIGUOUS,2022-06-23T22:32:00Z,,2022-06-23T20:00:00Z,21079.880849999998,2,0.12819831016974095,1.871801689830259,false,2,,,false
V2_STRICT,BTC/USD_2022-07-01,BTC/USD,4h,supply,2022-06-21T12:00:00Z,20977.31055,21691.56055,20865.33984,21407.40039,20865.33984,21278.450194999998,21278.450194999998,21691.56055,20452.229484999996,413.1103550000007,2022-06-24T00:00:00Z,2022-06-24T02:36:00Z,,S2_CLOSE,,,HTF_UNAMBIGUOUS,,2022-06-26T08:00:00Z,2022-06-26T08:00:00Z,21697.57031,-1.0145475898322636,0.1545237242600706,-1.1690713140923341,false,1,,,false
V2_STRICT,BTC/USD_2022-07-01,BTC/USD,1h,supply,2022-06-30T16:00:00Z,19132.73047,19274.5,19072.23047,19137.49023,19072.23047,19173.365234999997,19173.365234999997,19274.5,18971.095704999992,101.13476500000252,2022-06-30T23:00:00Z,2022-06-30T23:47:00Z,,S2_CLOSE,,,ONE_MINUTE_RESOLVED,,2022-06-30T23:00:00Z,2022-06-30T23:00:00Z,19921.36914,-7.3961105758240775,0.5687470149853867,-7.964857590809464,true,2,TOUCH_BAR_CLOSED_BEYOND_S2,,false
V2_STRICT,BTC/USD_2022-07-01,BTC/USD,4h,supply,2022-06-29T16:00:00Z,20080,20229.060547,19936.26953,20216.71094,19936.26953,20082.665038500003,20082.665038500003,20229.060547,19789.874021500007,146.39550849999796,2022-07-01T00:00:00Z,2022-07-01T00:28:00Z,,TARGET,,,ONE_MINUTE_RESOLVED,2022-07-01T03:55:00Z,,2022-07-01T00:00:00Z,19789.874021500007,2,0.4115426472629852,1.5884573527370147,false,2,PRODUCTION_WOULD_PICK_ANOTHER_ZONE,,false
V2_STRICT,BTC/USD_2025-04-01,BTC/USD,1h,demand,2025-01-17T13:00:00Z,102745.68,102980,102422.45,102474.14,102701.225,102980,102701.225,102422.45,103258.77500000002,278.77500000000873,2025-01-18T04:00:00Z,2025-01-18T04:25:00Z,,TARGET,,,ONE_MINUTE_RESOLVED,2025-01-18T04:32:00Z,,2025-01-18T04:00:00Z,103258.77500000002,2,1.1052055421038125,0.8947944578961875,false,1,,,false
V2_STRICT,BTC/USD_2025-04-01,BTC/USD,1h,demand,2025-01-17T13:00:00Z,102745.68,102980,102422.45,102474.14,102701.225,102980,102701.225,102422.45,103258.77500000002,278.77500000000873,2025-01-18T08:00:00Z,2025-01-18T08:02:00Z,,TARGET,,,ONE_MINUTE_RESOLVED,2025-01-18T08:48:00Z,,2025-01-18T08:00:00Z,103258.77500000002,2,1.1052055421038125,0.8947944578961875,false,3,PRODUCTION_WOULD_PICK_ANOTHER_ZONE,,false
V2_STRICT,BTC/USD_2025-04-01,BTC/USD,1h,demand,2025-01-18T05:00:00Z,103599.27,103771.21,102818,102829.27,103294.60500000001,103771.21,103294.60500000001,102818,104247.81500000003,476.6050000000105,2025-01-18T17:00:00Z,2025-01-18T17:00:00Z,,TARGET,,,HTF_UNAMBIGUOUS,2025-01-18T18:32:00Z,,2025-01-18T18:00:00Z,104247.81500000003,2,0.6501900210866298,1.3498099789133702,false,1,,,false
V2_STRICT,BTC/USD_2025-04-01,BTC/USD,1h,demand,2025-01-19T15:00:00Z,105159.99,105247.4,104500.01,104936.35,104873.70499999999,105247.4,104873.70499999999,104500.01,105621.09499999997,373.69499999999243,2025-01-19T21:00:00Z,2025-01-19T21:26:00Z,,S2_CLOSE,,,ONE_MINUTE_RESOLVED,,2025-01-19T21:00:00Z,2025-01-19T21:00:00Z,103684.44,-3.1824482532546834,0.8419195199293711,-4.024367773184054,true,5,TOUCH_BAR_CLOSED_BEYOND_S2;PRODUCTION_WOULD_PICK_ANOTHER_ZONE,,false
V2_STRICT,BTC/USD_2025-04-01,BTC/USD,1h,demand,2025-01-18T07:00:00Z,103440.39,103488.9,102602.48,102821.75,103045.69,103488.9,103045.69,102602.48,103932.11000000002,443.2100000000064,2025-01-19T22:00:00Z,2025-01-19T22:04:00Z,,TARGET,,,ONE_MINUTE_RESOLVED,2025-01-19T22:14:00Z,,2025-01-19T22:00:00Z,103932.11000000002,2,0.6974957018117721,1.3025042981882278,false,6,PRODUCTION_WOULD_PICK_ANOTHER_ZONE,,false
V2_STRICT,BTC/USD_2025-04-01,BTC/USD,1h,demand,2025-01-18T05:00:00Z,103599.27,103771.21,102818,102829.27,103294.60500000001,103771.21,103294.60500000001,102818,104247.81500000003,476.6050000000105,2025-01-19T23:00:00Z,2025-01-19T23:00:00Z,,S2_CLOSE,,,ONE_MINUTE_RESOLVED,,2025-01-19T23:00:00Z,2025-01-19T23:00:00Z,101331.57,-4.118788094963251,0.6501900210866298,-4.7689781160498805,true,3,TOUCH_BAR_CLOSED_BEYOND_S2;PRODUCTION_WOULD_PICK_ANOTHER_ZONE,,false
V2_STRICT,BTC/USD_2025-04-01,BTC/USD,1h,demand,2025-01-17T03:00:00Z,101100,101271.74,100943.77,101051.73,101107.755,101271.74,101107.755,100943.77,101435.725,163.98500000000058,2025-01-20T00:00:00Z,2025-01-20T00:00:00Z,,TARGET,,,ONE_MINUTE_RESOLVED,2025-01-20T00:05:00Z,,2025-01-20T00:00:00Z,101435.725,2,1.8497012836539861,0.15029871634601388,false,2,TOUCH_BAR_CLOSED_BEYOND_S2,,false
V2_STRICT,BTC/USD_2025-04-01,BTC/USD,1h,demand,2025-01-16T18:00:00Z,99838.55,100070.8,99260.45,99584.24,99665.625,100070.8,99665.625,99260.45,100475.975,405.1750000000029,2025-01-20T01:00:00Z,2025-01-20T01:01:00Z,,TARGET,,,ONE_MINUTE_RESOLVED,2025-01-20T01:08:00Z,,2025-01-20T01:00:00Z,100475.975,2,0.7379450237551622,1.2620549762448379,false,2,,,false
V2_STRICT,BTC/USD_2025-04-01,BTC/USD,1h,supply,2025-01-19T20:00:00Z,106200,106422.43,105486,106275.49,105486,105954.215,105954.215,106422.43,105017.785,468.2149999999965,2025-01-20T06:00:00Z,2025-01-20T06:48:00Z,,S2_CLOSE,,,ONE_MINUTE_RESOLVED,,2025-01-20T06:00:00Z,2025-01-20T06:00:00Z,107486.5,-3.272609805324509,0.6788818064350829,-3.9514916117595917,true,1,TOUCH_BAR_CLOSED_BEYOND_S2,,false
V2_STRICT,BTC/USD_2025-04-01,BTC/USD,1h,demand,2025-01-20T00:00:00Z,101331.57,101677.71,99550,99794.51,100613.85500000001,101677.71,100613.85500000001,99550,102741.56500000003,1063.8550000000105,2025-01-20T17:00:00Z,2025-01-20T17:42:00Z,,TARGET,,,ONE_MINUTE_RESOLVED,2025-01-20T17:50:00Z,,2025-01-20T17:00:00Z,102741.56500000003,2,0.2837243468329773,1.7162756531670227,false,2,,,false
V2_STRICT,BTC/USD_2025-04-01,BTC/USD,4h,demand,2025-01-19T20:00:00Z,106200,106422.43,99651.6,101331.57,103037.015,106422.43,103037.015,99651.6,109807.84499999999,3385.4149999999936,2025-01-20T20:00:00Z,2025-01-20T21:47:00Z,,S2_CLOSE,,,HTF_UNAMBIGUOUS,,2025-01-27T04:00:00Z,2025-01-27T04:00:00Z,99048.02,-1.1782883339265653,0.09130669208944858,-1.2695950260160138,false,1,,,false
V2_STRICT,BTC/USD_2025-04-01,BTC/USD,1h,demand,2025-01-16T14:00:00Z,99084.05,99424.96,97489.74,97618.89,98457.35,99424.96,98457.35,97489.74,100392.57,967.6100000000006,2025-01-27T10:00:00Z,2025-01-27T10:52:00Z,,TARGET,,,HTF_UNAMBIGUOUS,2025-01-27T12:55:00Z,,2025-01-27T12:00:00Z,100392.57,2,0.3052594020318102,1.6947405979681898,false,1,,,false
V2_STRICT,BTC/USD_2025-04-01,BTC/USD,1h,supply,2025-01-27T03:00:00Z,100999.99,101858.19,100720.53,101395.64,100720.53,101289.36,101289.36,101858.19,100151.7,568.8300000000017,2025-01-27T14:00:00Z,2025-01-27T14:32:00Z,,S2_CLOSE,,,ONE_MINUTE_RESOLVED,,2025-01-27T14:00:00Z,2025-01-27T14:00:00Z,101920.89,-1.1102262538895573,0.5341984072569996,-1.644424661146557,true,2,TOUCH_BAR_CLOSED_BEYOND_S2;PRODUCTION_WOULD_PICK_ANOTHER_ZONE,,false
V2_STRICT,BTC/USD_2025-04-01,BTC/USD,1h,supply,2025-01-27T14:00:00Z,100483.98,102317.94,100105.54,101920.89,100105.54,101211.73999999999,101211.73999999999,102317.94,98999.33999999997,1106.2000000000116,2025-01-27T20:00:00Z,2025-01-27T20:47:00Z,,S2_CLOSE,,,HTF_UNAMBIGUOUS,,2025-01-28T02:00:00Z,2025-01-28T02:00:00Z,102402.01,-1.0759989152051994,0.2744849213523746,-1.350483836557574,false,1,,,false
V2_STRICT,BTC/USD_2025-04-01,BTC/USD,1h,demand,2025-01-15T02:00:00Z,97349.61,97464.8,96746.71,96824.06,97105.755,97464.8,97105.755,96746.71,97823.845,359.04499999999825,2025-02-02T17:00:00Z,2025-02-02T17:57:00Z,,TARGET,,,HTF_UNAMBIGUOUS,2025-02-02T18:25:00Z,,2025-02-02T18:00:00Z,97823.845,2,0.8113670013508096,1.1886329986491904,false,2,,,false
V2_STRICT,BTC/USD_2025-04-01,BTC/USD,1h,demand,2025-01-15T05:00:00Z,97189.71,97242.29,96750,97029.97,96996.14499999999,97242.29,96996.14499999999,96750,97488.43499999997,246.14499999998952,2025-02-02T19:00:00Z,2025-02-02T19:00:00Z,,TARGET,,,ONE_MINUTE_RESOLVED,2025-02-02T19:10:00Z,,2025-02-02T19:00:00Z,97488.43499999997,2,1.1821830018891806,0.8178169981108194,false,2,PRODUCTION_WOULD_PICK_ANOTHER_ZONE,,false
V2_STRICT,BTC/USD_2025-04-01,BTC/USD,1h,demand,2025-01-15T02:00:00Z,97349.61,97464.8,96746.71,96824.06,97105.755,97464.8,97105.755,96746.71,97823.845,359.04499999999825,2025-02-02T21:00:00Z,2025-02-02T21:28:00Z,,TARGET,,,HTF_UNAMBIGUOUS,2025-02-02T22:58:00Z,,2025-02-02T22:00:00Z,97823.845,2,0.8113670013508096,1.1886329986491904,false,5,PRODUCTION_WOULD_PICK_ANOTHER_ZONE,,false
V2_STRICT,BTC/USD_2025-04-01,BTC/USD,1h,demand,2025-01-15T02:00:00Z,97349.61,97464.8,96746.71,96824.06,97105.755,97464.8,97105.755,96746.71,97823.845,359.04499999999825,2025-02-02T23:00:00Z,2025-02-02T23:24:00Z,,S2_CLOSE,,,HTF_UNAMBIGUOUS,,2025-02-03T00:00:00Z,2025-02-03T00:00:00Z,96511.33,-1.6555724212842562,0.8113670013508096,-2.4669394226350656,false,5,PRODUCTION_WOULD_PICK_ANOTHER_ZONE,,false
V2_STRICT,BTC/USD_2025-04-01,BTC/USD,1h,demand,2025-01-14T21:00:00Z,96505.98,96678.18,96315.38,96486.09,96496.78,96678.18,96496.78,96315.38,96859.57999999999,181.39999999999418,2025-02-03T01:00:00Z,2025-02-03T01:04:00Z,,S2_CLOSE,,,ONE_MINUTE_RESOLVED,,2025-02-03T01:00:00Z,2025-02-03T01:00:00Z,93435.82,-16.874090407938755,1.5958673649394117,-18.469957772878168,true,6,TOUCH_BAR_CLOSED_BEYOND_S2,,false
V2_STRICT,BTC/USD_2025-04-01,BTC/USD,4h,demand,2024-12-05T20:00:00Z,99028.01,99479.72,90500,96945.63,94989.86,99479.72,94989.86,90500,103969.58,4489.860000000001,2025-02-03T08:00:00Z,2025-02-03T08:04:00Z,,S2_CLOSE,,,HTF_UNAMBIGUOUS,,2025-02-25T04:00:00Z,2025-02-25T04:00:00Z,89320.01,-1.2628122034985512,0.06346959147946706,-1.3262817949780181,false,1,,,false
V2_STRICT,BTC/USD_2025-04-01,BTC/USD,4h,demand,2024-11-15T12:00:00Z,89741.24,90709.74,87754.45,88445.41,89232.095,90709.74,89232.095,87754.45,92187.38500000001,1477.645000000004,2025-02-25T12:00:00Z,2025-02-25T12:00:00Z,,S2_CLOSE,,,ONE_MINUTE_RESOLVED,,2025-02-25T12:00:00Z,2025-02-25T12:00:00Z,87231.26,-1.3540701589353334,0.18116413955990732,-1.5352342984952407,true,2,TOUCH_BAR_CLOSED_BEYOND_S2,,false
V2_STRICT,BTC/USD_2025-04-01,BTC/USD,1h,supply,2025-02-26T14:00:00Z,87191.99,87741.33,85418.72,87621.22,85418.72,86580.025,86580.025,87741.33,84257.41499999998,1161.3050000000076,2025-02-27T07:00:00Z,2025-02-27T07:37:00Z,,TARGET,,,HTF_UNAMBIGUOUS,2025-02-27T19:06:00Z,,2025-02-27T19:00:00Z,84257.41499999998,2,0.22366223774116042,1.7763377622588397,false,1,,,false
V2_STRICT,BTC/USD_2025-04-01,BTC/USD,4h,supply,2025-02-27T20:00:00Z,84113.98,84927.84,82716.49,84708.58,82716.49,83822.16500000001,83822.16500000001,84927.84,81610.81500000003,1105.6749999999884,2025-02-28T12:00:00Z,2025-02-28T15:23:00Z,,S2_CLOSE,,,HTF_UNAMBIGUOUS,,2025-03-01T00:00:00Z,2025-03-01T00:00:00Z,85330.84,-1.364483234223442,0.22743255929635986,-1.591915793519802,false,1,,,false
V2_STRICT,BTC/USD_2025-04-01,BTC/USD,4h,supply,2025-02-27T08:00:00Z,86272.01,87078.46,85846.87,86698.6,85846.87,86462.66500000001,86462.66500000001,87078.46,85231.07500000001,615.7949999999983,2025-03-01T04:00:00Z,2025-03-01T04:38:00Z,,TARGET,,,ONE_MINUTE_RESOLVED,2025-03-01T06:20:00Z,,2025-03-01T04:00:00Z,85231.07500000001,2,0.4212245877280601,1.57877541227194,false,1,,,false
V2_STRICT,BTC/USD_2025-04-01,BTC/USD,4h,supply,2025-02-27T08:00:00Z,86272.01,87078.46,85846.87,86698.6,85846.87,86462.66500000001,86462.66500000001,87078.46,85231.07500000001,615.7949999999983,2025-03-02T04:00:00Z,2025-03-02T06:46:00Z,,TARGET,,,ONE_MINUTE_RESOLVED,2025-03-02T14:18:00Z,,2025-03-02T12:00:00Z,85231.07500000001,2,0.4212245877280601,1.57877541227194,false,1,,,false
V2_STRICT,BTC/USD_2025-04-01,BTC/USD,4h,supply,2025-02-25T00:00:00Z,91552.88,92540.69,90912.01,92153.93,90912.01,91726.35,91726.35,92540.69,90097.67000000001,814.3399999999965,2025-03-02T16:00:00Z,2025-03-02T16:43:00Z,,S2_CLOSE,,,ONE_MINUTE_RESOLVED,,2025-03-02T16:00:00Z,2025-03-02T16:00:00Z,93522,-2.205037208045782,0.3379166564334322,-2.5429538644792142,true,1,TOUCH_BAR_CLOSED_BEYOND_S2,,false
V2_STRICT,BTC/USD_2025-04-01,BTC/USD,1h,supply,2025-02-24T20:00:00Z,93943.52,94571.43,93830.66,94020,93830.66,94201.045,94201.045,94571.43,93460.27500000001,370.38499999999476,2025-03-02T20:00:00Z,2025-03-02T20:44:00Z,,TARGET,,,HTF_UNAMBIGUOUS,2025-03-03T00:35:00Z,,2025-03-03T00:00:00Z,93460.27500000001,2,0.7629983260661312,1.237001673933869,false,2,PRODUCTION_WOULD_PICK_ANOTHER_ZONE,,false
V2_STRICT,BTC/USD_2025-04-01,BTC/USD,1h,demand,2025-03-02T18:00:00Z,94093.74,94399.8,92364.39,92794.19,93382.095,94399.8,93382.095,92364.39,95417.505,1017.7050000000017,2025-03-03T01:00:00Z,2025-03-03T01:01:00Z,,S2_CLOSE,,,HTF_UNAMBIGUOUS,,2025-03-03T06:00:00Z,2025-03-03T06:00:00Z,91645.99,-1.7059020050014424,0.27527258390201437,-1.9811745889034569,false,1,,,false
V2_STRICT,BTC/USD_2025-04-01,BTC/USD,1h,demand,2025-03-02T14:00:00Z,85710.81,85911.84,85050.6,85107.45,85481.22,85911.84,85481.22,85050.6,86342.45999999999,430.61999999999534,2025-03-03T21:00:00Z,2025-03-03T21:57:00Z,,TARGET,,,HTF_UNAMBIGUOUS,2025-03-03T22:06:00Z,,2025-03-03T22:00:00Z,86342.45999999999,2,0.595521945102417,1.404478054897583,false,1,,,false
V2_STRICT,BTC/USD_2025-04-01,BTC/USD,1h,demand,2025-02-28T17:00:00Z,84363.68,84400,83584.9,83605.12,83992.45,84400,83992.45,83584.9,84807.55,407.5500000000029,2025-03-04T01:00:00Z,2025-03-04T01:41:00Z,,S2_CLOSE,,,ONE_MINUTE_RESOLVED,,2025-03-04T01:00:00Z,2025-03-04T01:00:00Z,83380.55,-1.5014108698318975,0.6182734633787221,-2.1196843332106194,true,6,TOUCH_BAR_CLOSED_BEYOND_S2,,false
V2_STRICT,BTC/USD_2025-04-01,BTC/USD,4h,supply,2025-03-03T20:00:00Z,85606.01,87038.46,85117.11,86220.61,85117.11,86077.785,86077.785,87038.46,84156.435,960.6750000000029,2025-03-04T16:00:00Z,2025-03-04T18:51:00Z,,S2_CLOSE,,,ONE_MINUTE_RESOLVED,,2025-03-04T16:00:00Z,2025-03-04T16:00:00Z,88206.19,-2.2155307466104484,0.26880407525958233,-2.4843348218700307,true,1,TOUCH_BAR_CLOSED_BEYOND_S2,,false
V2_STRICT,BTC/USD_2025-04-01,BTC/USD,1h,demand,2025-03-04T20:00:00Z,88206.19,88840.03,86692.9,86825.27,87766.465,88840.03,87766.465,86692.9,89913.595,1073.5650000000023,2025-03-05T08:00:00Z,2025-03-05T08:18:00Z,,TARGET,,,HTF_UNAMBIGUOUS,2025-03-05T10:31:00Z,,2025-03-05T10:00:00Z,89913.595,2,0.245257059423509,1.754742940576491,false,2,,,false
V2_STRICT,BTC/USD_2025-04-01,BTC/USD,1h,supply,2025-03-03T17:00:00Z,90154,91000,89912,90300.01,89912,90456,90456,91000,89368,544,2025-03-05T12:00:00Z,2025-03-05T12:11:00Z,,TARGET,,,HTF_UNAMBIGUOUS,2025-03-05T13:43:00Z,,2025-03-05T13:00:00Z,89368,2,0.49883823529411764,1.5011617647058824,false,1,,,false
V2_STRICT,BTC/USD_2025-04-01,BTC/USD,1h,demand,2025-03-04T20:00:00Z,88206.19,88840.03,86692.9,86825.27,87766.465,88840.03,87766.465,86692.9,89913.595,1073.5650000000023,2025-03-05T16:00:00Z,2025-03-05T16:11:00Z,,TARGET,,,HTF_UNAMBIGUOUS,2025-03-05T17:26:00Z,,2025-03-05T17:00:00Z,89913.595,2,0.245257059423509,1.754742940576491,false,2,,,false
V2_STRICT,BTC/USD_2025-04-01,BTC/USD,1h,supply,2025-03-03T17:00:00Z,90154,91000,89912,90300.01,89912,90456,90456,91000,89368,544,2025-03-05T21:00:00Z,2025-03-05T21:00:00Z,,S2_CLOSE,,,HTF_UNAMBIGUOUS,,2025-03-06T01:00:00Z,2025-03-06T01:00:00Z,91057.19,-1.1051286764705925,0.49883823529411764,-1.6039669117647102,false,1,,,false
V2_STRICT,BTC/USD_2025-04-01,BTC/USD,1h,demand,2025-03-05T21:00:00Z,90499.64,90700,89932.13,90377.54,90316.065,90700,90316.065,89932.13,91083.935,383.9349999999977,2025-03-06T12:00:00Z,2025-03-06T12:39:00Z,,S2_CLOSE,,,HTF_UNAMBIGUOUS,,2025-03-06T13:00:00Z,2025-03-06T13:00:00Z,89569.13,-1.9454725409249018,0.7057137145610628,-2.651186255485965,false,2,,,false
V2_STRICT,BTC/USD_2025-04-01,BTC/USD,1h,demand,2025-03-05T15:00:00Z,88519.94,89550.72,87926.06,88344.25,88738.39,89550.72,88738.39,87926.06,90363.05,812.3300000000017,2025-03-06T18:00:00Z,2025-03-06T18:01:00Z,,TARGET,,,HTF_UNAMBIGUOUS,2025-03-06T22:00:00Z,,2025-03-06T22:00:00Z,90363.05,2,0.3277180086910485,1.6722819913089515,false,1,,,false
V2_STRICT,BTC/USD_2025-04-01,BTC/USD,1h,demand,2025-03-04T20:00:00Z,88206.19,88840.03,86692.9,86825.27,87766.465,88840.03,87766.465,86692.9,89913.595,1073.5650000000023,2025-03-07T00:00:00Z,2025-03-07T00:20:00Z,,S2_CLOSE,,,ONE_MINUTE_RESOLVED,,2025-03-07T00:00:00Z,2025-03-07T00:00:00Z,85529.22,-2.083939957058949,0.245257059423509,-2.329197016482458,true,5,TOUCH_BAR_CLOSED_BEYOND_S2,,false
V2_STRICT,BTC/USD_2025-04-01,BTC/USD,1h,demand,2025-03-07T03:00:00Z,87235.01,87694,86778.57,86991.25,87236.285,87694,87236.285,86778.57,88151.715,457.7149999999965,2025-03-07T16:00:00Z,2025-03-07T16:37:00Z,,TARGET,,,HTF_UNAMBIGUOUS,2025-03-07T17:45:00Z,,2025-03-07T17:00:00Z,88151.715,2,0.571772511278857,1.428227488721143,false,1,,,false
V2_STRICT,BTC/USD_2025-04-01,BTC/USD,1h,demand,2025-03-07T00:00:00Z,89931.88,91283.02,84667.03,85529.22,87975.025,91283.02,87975.025,84667.03,94591.01499999998,3307.9949999999953,2025-03-07T19:00:00Z,2025-03-07T19:36:00Z,,S2_CLOSE,,,HTF_UNAMBIGUOUS,,2025-03-09T12:00:00Z,2025-03-09T12:00:00Z,84599.99,-1.0202660523972962,0.07978400058041211,-1.1000500529777082,false,1,,,false
V2_STRICT,BTC/USD_2025-04-01,BTC/USD,1h,demand,2025-03-04T13:00:00Z,83763.73,83764.56,82300,82804,83032.28,83764.56,83032.28,82300,84496.84,732.2799999999988,2025-03-09T20:00:00Z,2025-03-09T20:11:00Z,,S2_CLOSE,,,HTF_UNAMBIGUOUS,,2025-03-09T21:00:00Z,2025-03-09T21:00:00Z,81845.11,-1.6211968099634022,0.340166111323538,-1.9613629212869403,false,2,,,false
V2_STRICT,BTC/USD_2025-04-01,BTC/USD,1h,supply,2025-03-09T14:00:00Z,83489.96,83817.25,83000,83602.57,83000,83408.625,83408.625,83817.25,82591.375,408.625,2025-03-10T09:00:00Z,2025-03-10T09:22:00Z,,TARGET,,,ONE_MINUTE_RESOLVED,2025-03-10T09:39:00Z,,2025-03-10T09:00:00Z,82591.375,2,0.6123606607525237,1.3876393392474764,false,2,,,false
V2_STRICT,BTC/USD_2025-04-01,BTC/USD,1h,supply,2025-03-09T14:00:00Z,83489.96,83817.25,83000,83602.57,83000,83408.625,83408.625,83817.25,82591.375,408.625,2025-03-10T11:00:00Z,2025-03-10T11:55:00Z,,TARGET,,,HTF_UNAMBIGUOUS,2025-03-10T13:18:00Z,,2025-03-10T13:00:00Z,82591.375,2,0.6123606607525237,1.3876393392474764,false,2,,,false
V2_STRICT,BTC/USD_2025-04-01,BTC/USD,1h,demand,2025-02-28T10:00:00Z,80343.11,80467.43,79544.71,80011.02,80006.07,80467.43,80006.07,79544.71,80928.79000000001,461.3600000000006,2025-03-10T14:00:00Z,2025-03-10T14:16:00Z,,TARGET,,,HTF_UNAMBIGUOUS,2025-03-10T15:34:00Z,,2025-03-10T15:00:00Z,80928.79000000001,2,0.5202406147043518,1.4797593852956483,false,2,PRODUCTION_WOULD_PICK_ANOTHER_ZONE,,false
V2_STRICT,BTC/USD_2025-04-01,BTC/USD,1h,demand,2025-02-28T10:00:00Z,80343.11,80467.43,79544.71,80011.02,80006.07,80467.43,80006.07,79544.71,80928.79000000001,461.3600000000006,2025-03-10T16:00:00Z,2025-03-10T16:00:00Z,,S2_CLOSE,,,ONE_MINUTE_RESOLVED,,2025-03-10T16:00:00Z,2025-03-10T16:00:00Z,79009.98,-2.159029824865636,0.5202406147043518,-2.679270439569988,true,2,TOUCH_BAR_CLOSED_BEYOND_S2;PRODUCTION_WOULD_PICK_ANOTHER_ZONE,,false
V2_STRICT,BTC/USD_2025-04-01,BTC/USD,1h,demand,2025-02-28T08:00:00Z,79204.6,79438.33,78258.52,78975.99,78848.425,79438.33,78848.425,78258.52,80028.235,589.9049999999988,2025-03-10T18:00:00Z,2025-03-10T18:11:00Z,,S2_CLOSE,,,ONE_MINUTE_RESOLVED,,2025-03-10T18:00:00Z,2025-03-10T18:00:00Z,77655.26,-2.022639238521475,0.40098876090217994,-2.4236279994236547,true,1,TOUCH_BAR_CLOSED_BEYOND_S2,,false
V2_STRICT,BTC/USD_2025-04-01,BTC/USD,1h,supply,2025-03-10T15:00:00Z,79847.09,81118.32,79570.57,80043.85,79570.57,80344.445,80344.445,81118.32,78796.695,773.875,2025-03-11T06:00:00Z,2025-03-11T06:07:00Z,,S2_CLOSE,,,HTF_UNAMBIGUOUS,,2025-03-11T08:00:00Z,2025-03-11T08:00:00Z,81131.16,-1.0165918268454162,0.3114628783718301,-1.3280547052172462,false,1,,,false
V2_STRICT,BTC/USD_2025-04-01,BTC/USD,4h,supply,2025-03-10T08:00:00Z,82318.78,84123.46,81151,83582,81151,82637.23000000001,82637.23000000001,84123.46,79664.77000000002,1486.229999999996,2025-03-11T16:00:00Z,2025-03-11T18:21:00Z,,S2_CLOSE,,,HTF_UNAMBIGUOUS,,2025-03-14T12:00:00Z,2025-03-14T12:00:00Z,84724.58,-1.4044596058483525,0.16680573666256282,-1.5712653425109153,false,1,,,false
V2_STRICT,BTC/USD_2025-04-01,BTC/USD,1h,demand,2025-03-19T20:00:00Z,85433.38,85854.99,85200.1,85353.99,85527.54500000001,85854.99,85527.54500000001,85200.1,86182.43500000003,327.445000000007,2025-03-20T05:00:00Z,2025-03-20T05:18:00Z,,TARGET,,,HTF_UNAMBIGUOUS,2025-03-20T08:46:00Z,,2025-03-20T08:00:00Z,86182.43500000003,2,0.7835900227518959,1.216409977248104,false,1,,,false
V2_STRICT,BTC/USD_2025-04-01,BTC/USD,1h,supply,2025-03-30T09:00:00Z,83378.1,83517.78,83255.83,83502.32,83255.83,83386.805,83386.805,83517.78,83124.85499999998,130.97500000000582,2025-03-31T18:00:00Z,2025-03-31T18:30:00Z,,TARGET,,,HTF_UNAMBIGUOUS,2025-03-31T19:25:00Z,,2025-03-31T19:00:00Z,83124.85499999998,2,1.9099859896926044,0.09001401030739564,false,1,,,false
V2_STRICT,BTC/USD_2025-07-01,BTC/USD,1h,demand,2025-05-09T03:00:00Z,102595.5,102800.69,102364,102451.04,102582.345,102800.69,102582.345,102364,103019.035,218.34500000000116,2025-05-09T16:00:00Z,2025-05-09T16:07:00Z,,TARGET,,,HTF_UNAMBIGUOUS,2025-05-09T17:20:00Z,,2025-05-09T17:00:00Z,103019.035,2,1.4094530902928775,0.5905469097071225,false,1,,,false
V2_STRICT,BTC/USD_2025-07-01,BTC/USD,1h,demand,2025-05-09T03:00:00Z,102595.5,102800.69,102364,102451.04,102582.345,102800.69,102582.345,102364,103019.035,218.34500000000116,2025-05-12T16:00:00Z,2025-05-12T16:01:00Z,,TARGET,,,ONE_MINUTE_RESOLVED,2025-05-12T16:28:00Z,,2025-05-12T16:00:00Z,103019.035,2,1.4094530902928775,0.5905469097071225,false,2,,,false
V2_STRICT,BTC/USD_2025-07-01,BTC/USD,1h,demand,2025-05-09T03:00:00Z,102595.5,102800.69,102364,102451.04,102582.345,102800.69,102582.345,102364,103019.035,218.34500000000116,2025-05-12T18:00:00Z,2025-05-12T18:00:00Z,,S2_CLOSE,,,ONE_MINUTE_RESOLVED,,2025-05-12T18:00:00Z,2025-05-12T18:00:00Z,101630.59,-4.358950285099268,1.4094530902928775,-5.768403375392145,true,3,TOUCH_BAR_CLOSED_BEYOND_S2;PRODUCTION_WOULD_PICK_ANOTHER_ZONE,,false
V2_STRICT,BTC/USD_2025-07-01,BTC/USD,1h,supply,2025-05-12T16:00:00Z,102527.27,103075.09,102421.83,102856.06,102421.83,102748.45999999999,102748.45999999999,103075.09,102095.19999999998,326.63000000000466,2025-05-12T20:00:00Z,2025-05-12T20:53:00Z,,TARGET,,,HTF_UNAMBIGUOUS,2025-05-13T01:41:00Z,,2025-05-13T01:00:00Z,102095.19999999998,2,0.943714233230247,1.056285766769753,false,1,,,false
V2_STRICT,BTC/USD_2025-07-01,BTC/USD,1h,supply,2025-05-12T16:00:00Z,102527.27,103075.09,102421.83,102856.06,102421.83,102748.45999999999,102748.45999999999,103075.09,102095.19999999998,326.63000000000466,2025-05-13T08:00:00Z,2025-05-13T08:00:00Z,,S2_CLOSE,,,HTF_UNAMBIGUOUS,,2025-05-13T09:00:00Z,2025-05-13T09:00:00Z,103457.03,-2.169335333557839,0.943714233230247,-3.113049566788086,false,2,VOL_BUCKET_WITH_BAR_NOT_HIGH,,false
V2_STRICT,BTC/USD_2025-07-01,BTC/USD,1h,supply,2025-05-10T23:00:00Z,103597.53,104984.57,103571.42,104809.53,103571.42,104277.995,104277.995,104984.57,102864.84499999997,706.5750000000116,2025-05-16T02:00:00Z,2025-05-16T02:00:00Z,,TARGET,,,HTF_UNAMBIGUOUS,2025-05-17T01:19:00Z,,2025-05-17T01:00:00Z,102864.84499999997,2,0.44274703322364195,1.5572529667763582,false,1,,,false
V2_STRICT,BTC/USD_2025-07-01,BTC/USD,1h,demand,2025-05-18T19:00:00Z,104498.01,104761.9,103851.01,103883.97,104306.45499999999,104761.9,104306.45499999999,103851.01,105217.34499999997,455.44499999999243,2025-05-19T03:00:00Z,2025-05-19T03:10:00Z,,S2_CLOSE,,,ONE_MINUTE_RESOLVED,,2025-05-19T03:00:00Z,2025-05-19T03:00:00Z,103605.88,-1.538220860916234,0.687062905510007,-2.225283766426241,true,3,TOUCH_BAR_CLOSED_BEYOND_S2;PRODUCTION_WOULD_PICK_ANOTHER_ZONE,,false
V2_STRICT,BTC/USD_2025-07-01,BTC/USD,1h,demand,2025-05-17T01:00:00Z,103360,103360.01,102612.5,102829.57,102986.255,103360.01,102986.255,102612.5,103733.76500000001,373.75500000000466,2025-05-19T04:00:00Z,2025-05-19T04:07:00Z,,TARGET,,,ONE_MINUTE_RESOLVED,2025-05-19T04:13:00Z,,2025-05-19T04:00:00Z,103733.76500000001,2,0.8266344664285326,1.1733655335714674,false,4,,,false
V2_STRICT,BTC/USD_2025-07-01,BTC/USD,1h,demand,2025-05-17T01:00:00Z,103360,103360.01,102612.5,102829.57,102986.255,103360.01,102986.255,102612.5,103733.76500000001,373.75500000000466,2025-05-19T06:00:00Z,2025-05-19T06:00:00Z,,S2_CLOSE,,,ONE_MINUTE_RESOLVED,,2025-05-19T06:00:00Z,2025-05-19T06:00:00Z,102208,-2.0822597691000655,0.8266344664285326,-2.908894235528598,true,5,TOUCH_BAR_CLOSED_BEYOND_S2;PRODUCTION_WOULD_PICK_ANOTHER_ZONE,,false
V2_STRICT,BTC/USD_2025-07-01,BTC/USD,1h,demand,2025-05-20T21:00:00Z,106909.09,107225.68,106132.09,106619,106678.885,107225.68,106678.885,106132.09,107772.47499999999,546.7949999999983,2025-05-21T07:00:00Z,2025-05-21T07:31:00Z,,TARGET,,,HTF_UNAMBIGUOUS,2025-05-21T14:42:00Z,,2025-05-21T14:00:00Z,107772.47499999999,2,0.5852955037994148,1.4147044962005852,false,3,,,false
V2_STRICT,BTC/USD_2025-07-01,BTC/USD,1h,demand,2025-05-20T21:00:00Z,106909.09,107225.68,106132.09,106619,106678.885,107225.68,106678.885,106132.09,107772.47499999999,546.7949999999983,2025-05-21T17:00:00Z,2025-05-21T17:30:00Z,,TARGET,,,HTF_UNAMBIGUOUS,2025-05-21T19:36:00Z,,2025-05-21T19:00:00Z,107772.47499999999,2,0.5852955037994148,1.4147044962005852,false,2,,,false
V2_STRICT,BTC/USD_2025-07-01,BTC/USD,1h,supply,2025-05-23T14:00:00Z,109634.99,109992.75,109505,109672.01,109505,109748.875,109748.875,109992.75,109261.125,243.875,2025-05-23T17:00:00Z,2025-05-23T17:23:00Z,,TARGET,,,HTF_UNAMBIGUOUS,2025-05-23T18:04:00Z,,2025-05-23T18:00:00Z,109261.125,2,1.3500630445925166,0.6499369554074834,false,1,,,false
V2_STRICT,BTC/USD_2025-07-01,BTC/USD,1h,supply,2025-05-23T21:00:00Z,108236.53,108664.65,108055,108282.89,108055,108359.825,108359.825,108664.65,107750.175,304.8249999999971,2025-05-24T03:00:00Z,2025-05-24T03:30:00Z,,TARGET,,,HTF_UNAMBIGUOUS,2025-05-24T06:34:00Z,,2025-05-24T06:00:00Z,107750.175,2,1.0664462396457086,0.9335537603542914,false,1,VOL_BUCKET_WITH_BAR_NOT_HIGH,,false
V2_STRICT,BTC/USD_2025-07-01,BTC/USD,1h,demand,2025-05-12T18:00:00Z,102556.2,102660.54,100718.37,101630.59,101689.45499999999,102660.54,101689.45499999999,100718.37,103631.62499999997,971.0849999999919,2025-06-05T20:00:00Z,2025-06-05T20:10:00Z,,S2_CLOSE,,,ONE_MINUTE_RESOLVED,,2025-06-05T20:00:00Z,2025-06-05T20:00:00Z,100483.91,-1.2414412744507368,0.31415207216670277,-1.5555933466174396,true,2,TOUCH_BAR_CLOSED_BEYOND_S2,,false
V2_STRICT,BTC/USD_2025-07-01,BTC/USD,1h,supply,2025-05-27T13:00:00Z,109603.03,110718,109581.46,109837.26,109581.46,110149.73000000001,110149.73000000001,110718,109013.19000000003,568.2699999999895,2025-06-09T23:00:00Z,2025-06-09T23:00:00Z,,TARGET,,,HTF_UNAMBIGUOUS,2025-06-10T13:44:00Z,,2025-06-10T13:00:00Z,109013.19000000003,2,0.5815003255494855,1.4184996744505145,false,3,VOL_BUCKET_WITH_BAR_NOT_HIGH;PRODUCTION_WOULD_PICK_ANOTHER_ZONE,,false
V2_STRICT,BTC/USD_2025-07-01,BTC/USD,1h,demand,2025-06-08T09:00:00Z,105373.82,105405.8,105075.51,105140.01,105240.655,105405.8,105240.655,105075.51,105570.945,165.14500000000407,2025-06-13T00:00:00Z,2025-06-13T00:01:00Z,,AMBIGUOUS,CLOSED_AT_TARGET,S2_CLOSE,HTF_UNAMBIGUOUS,,2025-06-13T01:00:00Z,2025-06-13T01:00:00Z,103773.65,-8.883133004329338,1.911786399830405,,false,8,TOUCH_BAR_CLOSED_BEYOND_S2;PRODUCTION_WOULD_PICK_ANOTHER_ZONE,,true
V2_STRICT,BTC/USD_2025-07-01,BTC/USD,1h,demand,2025-06-06T12:00:00Z,103927.99,104300,103513.7,103753.27,103906.85,104300,103906.85,103513.7,104693.15000000002,393.15000000000873,2025-06-13T02:00:00Z,2025-06-13T02:19:00Z,,TARGET,,,HTF_UNAMBIGUOUS,2025-06-13T06:59:00Z,,2025-06-13T06:00:00Z,104693.15000000002,2,0.7928794353300092,1.207120564669991,false,2,PRODUCTION_WOULD_PICK_ANOTHER_ZONE,,false
V2_STRICT,BTC/USD_2025-07-01,BTC/USD,1h,demand,2025-06-16T12:00:00Z,106884,106900,106600,106690.47,106750,106900,106750,106600,107050,150,2025-06-17T02:00:00Z,2025-06-17T02:27:00Z,,TARGET,,,ONE_MINUTE_RESOLVED,2025-06-17T02:51:00Z,,2025-06-17T02:00:00Z,107050,2,2.135,-0.1349999999999998,false,1,,,false
V2_STRICT,BTC/USD_2025-07-01,BTC/USD,1h,demand,2025-06-16T12:00:00Z,106884,106900,106600,106690.47,106750,106900,106750,106600,107050,150,2025-06-17T06:00:00Z,2025-06-17T06:47:00Z,,S2_CLOSE,,,HTF_UNAMBIGUOUS,,2025-06-17T08:00:00Z,2025-06-17T08:00:00Z,106568.06,-1.212933333333349,2.135,-3.3479333333333487,false,1,,,false
V2_STRICT,BTC/USD_2025-07-01,BTC/USD,1h,demand,2025-06-06T07:00:00Z,103160,103468.66,103050.9,103150.44,103259.78,103468.66,103259.78,103050.9,103677.54000000001,208.88000000000466,2025-06-20T19:00:00Z,2025-06-20T19:30:00Z,,TARGET,,,HTF_UNAMBIGUOUS,2025-06-20T20:16:00Z,,2025-06-20T20:00:00Z,103677.54000000001,2,1.483049310608929,0.5169506893910709,false,1,,,false
V2_STRICT,BTC/USD_2025-07-01,BTC/USD,1h,supply,2025-06-21T20:00:00Z,102245.11,102888.88,102206,102782.08,102206,102547.44,102547.44,102888.88,101864.56,341.4400000000023,2025-06-22T01:00:00Z,2025-06-22T01:19:00Z,,TARGET,,,HTF_UNAMBIGUOUS,2025-06-22T13:21:00Z,,2025-06-22T13:00:00Z,101864.56,2,0.9010142924086163,1.0989857075913836,false,1,,,false
V2_STRICT,BTC/USD_2025-07-01,BTC/USD,1h,demand,2025-05-08T12:00:00Z,99409.15,99544.98,99250.37,99287.97,99397.67499999999,99544.98,99397.67499999999,99250.37,99692.28499999997,147.30499999999302,2025-06-22T14:00:00Z,2025-06-22T14:42:00Z,,TARGET,,,ONE_MINUTE_RESOLVED,2025-06-22T15:03:00Z,,2025-06-22T15:00:00Z,99692.28499999997,2,2.024323851872062,-0.024323851872062097,false,2,PRODUCTION_WOULD_PICK_ANOTHER_ZONE,,false
V2_STRICT,BTC/USD_2025-07-01,BTC/USD,1h,demand,2025-05-08T05:00:00Z,98954.32,99120,98738.09,98740.61,98929.045,99120,98929.045,98738.09,99310.955,190.95500000000175,2025-06-22T16:00:00Z,2025-06-22T16:00:00Z,,TARGET,,,ONE_MINUTE_RESOLVED,2025-06-22T16:09:00Z,,2025-06-22T16:00:00Z,99310.955,2,1.5542255243381806,0.4457744756618194,false,1,,,false
V2_STRICT,BTC/USD_2025-07-01,BTC/USD,1h,demand,2025-05-08T05:00:00Z,98954.32,99120,98738.09,98740.61,98929.045,99120,98929.045,98738.09,99310.955,190.95500000000175,2025-06-22T19:00:00Z,2025-06-22T19:45:00Z,,TARGET,,,HTF_UNAMBIGUOUS,2025-06-22T20:48:00Z,,2025-06-22T20:00:00Z,99310.955,2,1.5542255243381806,0.4457744756618194,false,1,,,false
V2_STRICT,BTC/USD_2025-07-01,BTC/USD,4h,supply,2025-06-22T08:00:00Z,102424.61,102804.05,102080,102739.48,102080,102442.025,102442.025,102804.05,101717.97499999998,362.02500000000873,2025-06-23T12:00:00Z,2025-06-23T13:59:00Z,,TARGET,,,ONE_MINUTE_RESOLVED,2025-06-23T14:30:00Z,,2025-06-23T12:00:00Z,101717.97499999998,2,0.8489084317381191,1.1510915682618807,false,1,,,false
V2_STRICT,BTC/USD_2025-07-01,BTC/USD,1h,supply,2025-06-21T20:00:00Z,102245.11,102888.88,102206,102782.08,102206,102547.44,102547.44,102888.88,101864.56,341.4400000000023,2025-06-23T17:00:00Z,2025-06-23T17:37:00Z,,S2_CLOSE,,,HTF_UNAMBIGUOUS,,2025-06-23T18:00:00Z,2025-06-23T18:00:00Z,102933.78,-1.1315018744142276,0.9010142924086163,-2.0325161668228438,false,3,,,false
V2_STRICT,BTC/USD_2025-07-01,BTC/USD,4h,supply,2025-06-21T08:00:00Z,103458.5,103982.64,103458.49,103874.64,103458.49,103720.565,103720.565,103982.64,103196.41500000001,262.0749999999971,2025-06-23T20:00:00Z,2025-06-23T20:20:00Z,,S2_CLOSE,,,ONE_MINUTE_RESOLVED,,2025-06-23T20:00:00Z,2025-06-23T20:00:00Z,105333.93,-6.156119431460493,1.1873001812458397,-7.343419612706333,true,2,TOUCH_BAR_CLOSED_BEYOND_S2;PRODUCTION_WOULD_PICK_ANOTHER_ZONE,,false
V2_STRICT,BTC/USD_2025-07-01,BTC/USD,1h,demand,2025-06-24T02:00:00Z,105450.75,105450.75,104729.69,104753.8,105090.22,105450.75,105090.22,104729.69,105811.28,360.52999999999884,2025-06-24T07:00:00Z,2025-06-24T07:37:00Z,,TARGET,,,HTF_UNAMBIGUOUS,2025-06-24T16:43:00Z,,2025-06-24T16:00:00Z,105811.28,2,0.8744644273708181,1.125535572629182,false,2,,,false
V2_STRICT,BTC/USD_2025-11-01,BTC/USD,1h,supply,2025-08-18T05:00:00Z,115469.52,115688,115000,115687.99,115000,115344,115344,115688,114656,344,2025-08-18T12:00:00Z,2025-08-18T12:43:00Z,,S2_CLOSE,,,HTF_UNAMBIGUOUS,,2025-08-18T15:00:00Z,2025-08-18T15:00:00Z,116145.34,-2.3294767441860365,1.005906976744186,-3.3353837209302224,false,1,,,false
V2_STRICT,BTC/USD_2025-11-01,BTC/USD,1h,demand,2025-08-07T04:00:00Z,114546.03,114648,114259,114349.58,114453.5,114648,114453.5,114259,114842.5,194.5,2025-08-19T04:00:00Z,2025-08-19T04:08:00Z,,TARGET,,,ONE_MINUTE_RESOLVED,2025-08-19T04:12:00Z,,2025-08-19T04:00:00Z,114842.5,2,1.765349614395887,0.2346503856041131,false,1,,,false
V2_STRICT,BTC/USD_2025-11-01,BTC/USD,1h,demand,2025-08-06T12:00:00Z,114226.68,114333.59,113809.02,113914.31,114071.305,114333.59,114071.305,113809.02,114595.87499999997,262.28499999998894,2025-08-19T14:00:00Z,2025-08-19T14:31:00Z,,S2_CLOSE,,,HTF_UNAMBIGUOUS,,2025-08-19T15:00:00Z,2025-08-19T15:00:00Z,113786.38,-1.0863183178603442,1.3047407019082846,-2.391059019768629,false,2,,,false
V2_STRICT,BTC/USD_2025-11-01,BTC/USD,1h,demand,2025-08-05T15:00:00Z,113037.12,113249.11,112692.3,112934,112970.705,113249.11,112970.705,112692.3,113527.515,278.40499999999884,2025-08-20T00:00:00Z,2025-08-20T00:01:00Z,,TARGET,,,HTF_UNAMBIGUOUS,2025-08-20T03:20:00Z,,2025-08-20T03:00:00Z,113527.515,2,1.2173348718593469,0.7826651281406531,false,3,,,false
V2_STRICT,BTC/USD_2025-11-01,BTC/USD,4h,demand,2025-08-05T12:00:00Z,114827.07,114893.13,112650,112934,113771.565,114893.13,113771.565,112650,116014.695,1121.5650000000023,2025-08-20T04:00:00Z,2025-08-20T07:16:00Z,,S2_CLOSE,,,HTF_UNAMBIGUOUS,,2025-08-21T16:00:00Z,2025-08-21T16:00:00Z,112193.71,-1.4068333088140168,0.304320030493105,-1.7111533393071219,false,1,VOL_BUCKET_WITH_BAR_NOT_HIGH,,false
V2_STRICT,BTC/USD_2025-11-01,BTC/USD,1h,demand,2025-08-02T19:00:00Z,112327.65,112945.62,112003,112229.42,112474.31,112945.62,112474.31,112003,113416.93,471.3099999999977,2025-08-21T22:00:00Z,2025-08-21T22:39:00Z,,TARGET,,,HTF_UNAMBIGUOUS,2025-08-22T02:24:00Z,,2025-08-22T02:00:00Z,113416.93,2,0.7159256752455956,1.2840743247544044,false,1,,,false
V2_STRICT,BTC/USD_2025-11-01,BTC/USD,1h,supply,2025-08-18T21:00:00Z,116407.99,116675.67,116403.76,116648.99,116403.76,116539.715,116539.715,116675.67,116267.805,135.95500000000175,2025-08-22T15:00:00Z,2025-08-22T15:05:00Z,,TARGET,,,HTF_UNAMBIGUOUS,2025-08-22T16:19:00Z,,2025-08-22T16:00:00Z,116267.805,2,2.5715798977602553,-0.5715798977602553,false,1,,,false
V2_STRICT,BTC/USD_2025-11-01,BTC/USD,1h,supply,2025-08-18T21:00:00Z,116407.99,116675.67,116403.76,116648.99,116403.76,116539.715,116539.715,116675.67,116267.805,135.95500000000175,2025-08-22T17:00:00Z,2025-08-22T17:05:00Z,,S2_CLOSE,,,ONE_MINUTE_RESOLVED,,2025-08-22T17:00:00Z,2025-08-22T17:00:00Z,117024,-3.5620977529329356,2.5715798977602553,-6.1336776506931905,true,1,TOUCH_BAR_CLOSED_BEYOND_S2,,false
V2_STRICT,BTC/USD_2025-11-01,BTC/USD,1h,demand,2025-08-02T19:00:00Z,112327.65,112945.62,112003,112229.42,112474.31,112945.62,112474.31,112003,113416.93,471.3099999999977,2025-08-24T21:00:00Z,2025-08-24T21:02:00Z,,TARGET,,,HTF_UNAMBIGUOUS,2025-08-24T22:53:00Z,,2025-08-24T22:00:00Z,113416.93,2,0.7159256752455956,1.2840743247544044,false,2,,,false
V2_STRICT,BTC/USD_2025-11-01,BTC/USD,1h,demand,2025-08-02T19:00:00Z,112327.65,112945.62,112003,112229.42,112474.31,112945.62,112474.31,112003,113416.93,471.3099999999977,2025-08-25T00:00:00Z,2025-08-25T00:40:00Z,,TARGET,,,HTF_UNAMBIGUOUS,2025-08-25T02:17:00Z,,2025-08-25T02:00:00Z,113416.93,2,0.7159256752455956,1.2840743247544044,false,2,,,false
V2_STRICT,BTC/USD_2025-11-01,BTC/USD,1h,demand,2025-08-02T19:00:00Z,112327.65,112945.62,112003,112229.42,112474.31,112945.62,112474.31,112003,113416.93,471.3099999999977,2025-08-25T05:00:00Z,2025-08-25T05:39:00Z,,S2_CLOSE,,,HTF_UNAMBIGUOUS,,2025-08-25T06:00:00Z,2025-08-25T06:00:00Z,111929.87,-1.1551632683371984,0.7159256752455956,-1.871088943582794,false,1,,,false
V2_STRICT,BTC/USD_2025-11-01,BTC/USD,4h,supply,2025-08-24T20:00:00Z,112600,113692.97,111632.85,113493.59,111632.85,112662.91,112662.91,113692.97,110602.79000000001,1030.0599999999977,2025-08-25T16:00:00Z,2025-08-25T16:16:00Z,,TARGET,,,HTF_UNAMBIGUOUS,2025-08-25T20:00:00Z,,2025-08-25T20:00:00Z,110602.79000000001,2,0.3281252839640417,1.6718747160359584,false,1,,,false
V2_STRICT,BTC/USD_2025-11-01,BTC/USD,4h,demand,2025-07-08T12:00:00Z,108756.37,109216.56,108217.07,108268.35,108716.815,109216.56,108716.815,108217.07,109716.305,499.74499999999534,2025-08-26T00:00:00Z,2025-08-26T01:01:00Z,,TARGET,,,ONE_MINUTE_RESOLVED,2025-08-26T01:21:00Z,,2025-08-26T00:00:00Z,109716.305,2,0.65263373320394,1.34736626679606,false,2,,,false
V2_STRICT,BTC/USD_2025-11-01,BTC/USD,4h,supply,2025-08-25T12:00:00Z,111214.97,112580,110588,112200.64,110588,111584,111584,112580,109592,996,2025-08-26T20:00:00Z,2025-08-26T21:58:00Z,,S2_CLOSE,,,HTF_UNAMBIGUOUS,,2025-08-28T04:00:00Z,2025-08-28T04:00:00Z,113114.11,-1.5362550200803218,0.3360963855421687,-1.8723514056224904,false,2,PRODUCTION_WOULD_PICK_ANOTHER_ZONE,,false
V2_STRICT,BTC/USD_2025-11-01,BTC/USD,1h,demand,2025-08-26T15:00:00Z,110358.13,110561.76,109550,109666.33,110055.88,110561.76,110055.88,109550,111067.64000000001,505.88000000000466,2025-08-29T13:00:00Z,2025-08-29T13:35:00Z,,S2_CLOSE,,,ONE_MINUTE_RESOLVED,,2025-08-29T13:00:00Z,2025-08-29T13:00:00Z,109106.14,-1.8774017553569948,0.6526599984185913,-2.5300617537755863,true,2,TOUCH_BAR_CLOSED_BEYOND_S2,,false
V2_STRICT,BTC/USD_2025-11-01,BTC/USD,4h,demand,2025-07-08T00:00:00Z,108262.94,108525,107429.57,107901.52,107977.285,108525,107977.285,107429.57,109072.715,547.7149999999965,2025-08-29T20:00:00Z,2025-08-29T20:06:00Z,,TARGET,,,HTF_UNAMBIGUOUS,2025-08-31T00:42:00Z,,2025-08-31T00:00:00Z,109072.715,2,0.5914241074281371,1.408575892571863,false,1,,,false
V2_STRICT,BTC/USD_2025-11-01,BTC/USD,1h,demand,2025-09-01T04:00:00Z,107660,107759.99,107279.51,107409.1,107519.75,107759.99,107519.75,107279.51,108000.23000000001,240.24000000000524,2025-09-01T21:00:00Z,2025-09-01T21:41:00Z,,TARGET,,,HTF_UNAMBIGUOUS,2025-09-01T22:18:00Z,,2025-09-01T22:00:00Z,108000.23000000001,2,1.3426542207791916,0.6573457792208084,false,1,,,false
V2_STRICT,BTC/USD_2025-11-01,BTC/USD,1h,supply,2025-08-29T12:00:00Z,110098.81,111517.07,110070.73,110728,110070.73,110793.9,110793.9,111517.07,109347.55999999997,723.1700000000128,2025-09-02T13:00:00Z,2025-09-02T13:45:00Z,,S2_CLOSE,,,HTF_UNAMBIGUOUS,,2025-09-03T14:00:00Z,2025-09-03T14:00:00Z,112261.37,-2.029218579310501,0.45961765559964335,-2.4888362349101443,false,1,,,false
V2_STRICT,BTC/USD_2025-11-01,BTC/USD,1h,supply,2025-08-22T15:00:00Z,115808.24,117296.12,115808.23,116370.75,115808.23,116552.17499999999,116552.17499999999,117296.12,115064.28499999997,743.945000000007,2025-09-17T23:00:00Z,2025-09-17T23:29:00Z,,S2_CLOSE,,,HTF_UNAMBIGUOUS,,2025-09-18T03:00:00Z,2025-09-18T03:00:00Z,117581.66,-1.3838186962745975,0.4700031924402969,-1.8538218887148945,false,1,,,false
V2_STRICT,BTC/USD_2025-11-01,BTC/USD,1h,demand,2025-09-10T10:00:00Z,112274.29,112422.63,112199.19,112270.01,112310.91,112422.63,112310.91,112199.19,112534.35,111.72000000000116,2025-09-22T09:00:00Z,2025-09-22T09:31:00Z,,TARGET,,,HTF_UNAMBIGUOUS,2025-09-22T10:15:00Z,,2025-09-22T10:00:00Z,112534.35,2,3.015867615467208,-1.015867615467208,false,1,,,false
V2_STRICT,BTC/USD_2025-11-01,BTC/USD,1h,demand,2025-09-10T10:00:00Z,112274.29,112422.63,112199.19,112270.01,112310.91,112422.63,112310.91,112199.19,112534.35,111.72000000000116,2025-09-22T17:00:00Z,2025-09-22T17:10:00Z,,TARGET,,,ONE_MINUTE_RESOLVED,2025-09-22T17:49:00Z,,2025-09-22T17:00:00Z,112534.35,2,3.015867615467208,-1.015867615467208,false,1,,,false
V2_STRICT,BTC/USD_2025-11-01,BTC/USD,1h,demand,2025-09-10T10:00:00Z,112274.29,112422.63,112199.19,112270.01,112310.91,112422.63,112310.91,112199.19,112534.35,111.72000000000116,2025-09-22T19:00:00Z,2025-09-22T19:35:00Z,,S2_CLOSE,,,ONE_MINUTE_RESOLVED,,2025-09-22T19:00:00Z,2025-09-22T19:00:00Z,112122.9,-1.6828678839957694,3.015867615467208,-4.698735499462977,true,1,TOUCH_BAR_CLOSED_BEYOND_S2,,false
V2_STRICT,BTC/USD_2025-11-01,BTC/USD,1h,demand,2025-09-08T00:00:00Z,111137.35,111293.26,110733.71,110837.96,111013.485,111293.26,111013.485,110733.71,111573.03499999999,279.7749999999942,2025-09-25T13:00:00Z,2025-09-25T13:01:00Z,,TARGET,,,ONE_MINUTE_RESOLVED,2025-09-25T13:18:00Z,,2025-09-25T13:00:00Z,111573.03499999999,2,1.1903867572156446,0.8096132427843554,false,3,PRODUCTION_WOULD_PICK_ANOTHER_ZONE,,false
V2_STRICT,BTC/USD_2025-11-01,BTC/USD,1h,demand,2025-09-10T01:00:00Z,111010.47,111224.53,110917.45,111005.64,111070.98999999999,111224.53,111070.98999999999,110917.45,111378.06999999998,153.5399999999936,2025-09-25T14:00:00Z,2025-09-25T14:00:00Z,,TARGET,,,ONE_MINUTE_RESOLVED,2025-09-25T14:15:00Z,,2025-09-25T14:00:00Z,111378.06999999998,2,2.1702030089879765,-0.17020300898797647,false,1,,,false
V2_STRICT,BTC/USD_2025-11-01,BTC/USD,1h,demand,2025-09-08T00:00:00Z,111137.35,111293.26,110733.71,110837.96,111013.485,111293.26,111013.485,110733.71,111573.03499999999,279.7749999999942,2025-09-25T15:00:00Z,2025-09-25T15:24:00Z,,TARGET,,,ONE_MINUTE_RESOLVED,2025-09-25T15:59:00Z,,2025-09-25T15:00:00Z,111573.03499999999,2,1.1903867572156446,0.8096132427843554,false,1,,,false
V2_STRICT,BTC/USD_2025-11-01,BTC/USD,1h,demand,2025-09-10T01:00:00Z,111010.47,111224.53,110917.45,111005.64,111070.98999999999,111224.53,111070.98999999999,110917.45,111378.06999999998,153.5399999999936,2025-09-25T16:00:00Z,2025-09-25T16:40:00Z,,S2_CLOSE,,,HTF_UNAMBIGUOUS,,2025-09-25T17:00:00Z,2025-09-25T17:00:00Z,108833.63,-14.571837957536012,2.1702030089879765,-16.742040966523987,false,1,,,false
V2_STRICT,BTC/USD_2025-11-01,BTC/USD,1h,demand,2025-09-02T12:00:00Z,109733.33,109836.34,108393.39,108795.99,109114.86499999999,109836.34,109114.86499999999,108393.39,110557.81499999997,721.4749999999913,2025-09-25T21:00:00Z,2025-09-25T21:33:00Z,,TARGET,,,HTF_UNAMBIGUOUS,2025-09-28T20:21:00Z,,2025-09-28T20:00:00Z,110557.81499999997,2,0.4537157836376921,1.5462842163623078,false,1,,,false
V2_STRICT,BTC/USD_2025-11-01,BTC/USD,1h,supply,2025-09-22T03:00:00Z,114187.8,114654.36,114187.8,114649.89,114187.8,114421.08,114421.08,114654.36,113954.52,233.27999999999884,2025-09-30T21:00:00Z,2025-09-30T21:14:00Z,,TARGET,,,HTF_UNAMBIGUOUS,2025-09-30T22:33:00Z,,2025-09-30T22:00:00Z,113954.52,2,1.4714645061728469,0.5285354938271531,false,1,,,false
V2_STRICT,BTC/USD_2025-11-01,BTC/USD,1h,supply,2025-08-17T22:00:00Z,117700.01,117995.37,117688.5,117954.99,117688.5,117841.935,117841.935,117995.37,117535.065,153.43499999999767,2025-10-01T16:00:00Z,2025-10-01T16:27:00Z,,TARGET,,,HTF_UNAMBIGUOUS,2025-10-01T17:01:00Z,,2025-10-01T17:00:00Z,117535.065,2,2.304075373936881,-0.3040753739368811,false,3,,,false
V2_STRICT,BTC/USD_2025-11-01,BTC/USD,1h,supply,2025-09-18T14:00:00Z,117432.04,117843.83,117400.54,117640.54,117400.54,117622.185,117622.185,117843.83,117178.89499999999,221.64500000000407,2025-10-01T19:00:00Z,2025-10-01T19:42:00Z,,TARGET,,,HTF_UNAMBIGUOUS,2025-10-01T20:13:00Z,,2025-10-01T20:00:00Z,117178.89499999999,2,1.5920348079135263,0.40796519208647375,false,2,,,false
V2_STRICT,BTC/USD_2025-11-01,BTC/USD,1h,supply,2025-08-17T22:00:00Z,117700.01,117995.37,117688.5,117954.99,117688.5,117841.935,117841.935,117995.37,117535.065,153.43499999999767,2025-10-01T22:00:00Z,2025-10-01T22:06:00Z,,S2_CLOSE,,,HTF_UNAMBIGUOUS,,2025-10-01T23:00:00Z,2025-10-01T23:00:00Z,118594.99,-4.907974060677284,2.304075373936881,-7.2120494346141655,false,1,VOL_BUCKET_WITH_BAR_NOT_HIGH,,false
V2_STRICT,BTC/USD_2025-11-01,BTC/USD,1h,supply,2025-08-15T06:00:00Z,118984.29,119216.82,118866.01,119082.82,118866.01,119041.41500000001,119041.41500000001,119216.82,118690.60500000001,175.40499999999884,2025-10-02T03:00:00Z,2025-10-02T03:25:00Z,,TARGET,,,ONE_MINUTE_RESOLVED,2025-10-02T03:54:00Z,,2025-10-02T03:00:00Z,118690.60500000001,2,2.0359980901342745,-0.03599809013427446,false,2,,,false
V2_STRICT,BTC/USD_2025-11-01,BTC/USD,1h,supply,2025-08-14T11:00:00Z,120932.99,121031.31,120694,120949.67,120694,120862.655,120862.655,121031.31,120525.345,168.65499999999884,2025-10-02T19:00:00Z,2025-10-02T19:07:00Z,,TARGET,,,HTF_UNAMBIGUOUS,2025-10-02T20:25:00Z,,2025-10-02T20:00:00Z,120525.345,2,2.1498797248821706,-0.1498797248821706,false,1,,,false
V2_STRICT,BTC/USD_2025-11-01,BTC/USD,1h,demand,2025-10-02T16:00:00Z,119910.78,120300,119607.82,119731.4,119953.91,120300,119953.91,119607.82,120646.09,346.0899999999965,2025-10-03T01:00:00Z,2025-10-03T01:53:00Z,,TARGET,,,HTF_UNAMBIGUOUS,2025-10-03T13:32:00Z,,2025-10-03T13:00:00Z,120646.09,2,1.0397923372533262,0.9602076627466738,false,1,,,false
V2_STRICT,BTC/USD_2025-11-01,BTC/USD,4h,supply,2025-08-14T00:00:00Z,123306.44,124474,123250.5,123337.14,123250.5,123862.25,123862.25,124474,122638.75,611.75,2025-10-03T16:00:00Z,2025-10-03T16:33:00Z,,TARGET,,,ONE_MINUTE_RESOLVED,2025-10-03T16:59:00Z,,2025-10-03T16:00:00Z,122638.75,2,0.6074160196158561,1.3925839803841438,false,1,,,false
V2_STRICT,BTC/USD_2025-11-01,BTC/USD,1h,demand,2025-10-04T20:00:00Z,121959.25,122079.65,121891.49,121892.89,121985.57,122079.65,121985.57,121891.49,122173.73000000001,94.08000000000175,2025-10-07T15:00:00Z,2025-10-07T15:07:00Z,,AMBIGUOUS,CLOSED_AT_TARGET,S2_CLOSE,HTF_UNAMBIGUOUS,,2025-10-07T16:00:00Z,2025-10-07T16:00:00Z,121684.17,-3.203656462585067,3.8898459821427855,,false,3,TOUCH_BAR_CLOSED_BEYOND_S2;PRODUCTION_WOULD_PICK_ANOTHER_ZONE,,true
V2_STRICT,BTC/USD_2025-11-01,BTC/USD,1h,demand,2025-10-04T18:00:00Z,121747.36,121829.69,121510,121574.66,121669.845,121829.69,121669.845,121510,121989.535,159.84500000000116,2025-10-07T17:00:00Z,2025-10-07T17:00:00Z,,S2_CLOSE,,,ONE_MINUTE_RESOLVED,,2025-10-07T17:00:00Z,2025-10-07T17:00:00Z,121130.02,-3.377177891081943,2.2835217554505762,-5.660699646532519,true,1,TOUCH_BAR_CLOSED_BEYOND_S2,,false
V2_STRICT,BTC/USD_2025-11-01,BTC/USD,1h,demand,2025-10-02T16:00:00Z,119910.78,120300,119607.82,119731.4,119953.91,120300,119953.91,119607.82,120646.09,346.0899999999965,2025-10-09T16:00:00Z,2025-10-09T16:58:00Z,,TARGET,,,HTF_UNAMBIGUOUS,2025-10-09T17:50:00Z,,2025-10-09T17:00:00Z,120646.09,2,1.0397923372533262,0.9602076627466738,false,3,PRODUCTION_WOULD_PICK_ANOTHER_ZONE,,false
V2_STRICT,BTC/USD_2025-11-01,BTC/USD,1h,demand,2025-10-02T16:00:00Z,119910.78,120300,119607.82,119731.4,119953.91,120300,119953.91,119607.82,120646.09,346.0899999999965,2025-10-10T15:00:00Z,2025-10-10T15:04:00Z,,S2_CLOSE,,,ONE_MINUTE_RESOLVED,,2025-10-10T15:00:00Z,2025-10-10T15:00:00Z,119018.98,-2.7014071484296482,1.0397923372533262,-3.7411994856829747,true,6,TOUCH_BAR_CLOSED_BEYOND_S2;PRODUCTION_WOULD_PICK_ANOTHER_ZONE,,false
V2_STRICT,BTC/USD_2025-11-01,BTC/USD,1h,demand,2025-10-01T17:00:00Z,117535.79,117681.27,116724.56,116768.07,117202.91500000001,117681.27,117202.91500000001,116724.56,118159.62500000003,478.3550000000105,2025-10-10T19:00:00Z,2025-10-10T19:05:00Z,,S2_CLOSE,,,ONE_MINUTE_RESOLVED,,2025-10-10T19:00:00Z,2025-10-10T19:00:00Z,116661.5,-1.1318267813652962,0.7350372526679816,-1.8668640340332778,true,3,TOUCH_BAR_CLOSED_BEYOND_S2;PRODUCTION_WOULD_PICK_ANOTHER_ZONE,,false
V2_STRICT,BTC/USD_2025-11-01,BTC/USD,1h,demand,2025-09-30T09:00:00Z,113451.89,113451.89,112731.41,112781.97,113091.65,113451.89,113091.65,112731.41,113812.12999999998,360.2399999999907,2025-10-10T20:00:00Z,2025-10-10T20:56:00Z,,AMBIGUOUS,CLOSED_AT_TARGET,TARGET,HTF_UNAMBIGUOUS,2025-10-10T21:00:00Z,,2025-10-10T21:00:00Z,113812.12999999998,2,0.941802548301157,,false,4,,,true
V2_STRICT,BTC/USD_2025-11-01,BTC/USD,1h,demand,2025-09-30T09:00:00Z,113451.89,113451.89,112731.41,112781.97,113091.65,113451.89,113091.65,112731.41,113812.12999999998,360.2399999999907,2025-10-10T22:00:00Z,2025-10-10T22:02:00Z,,TARGET,,,ONE_MINUTE_RESOLVED,2025-10-10T22:48:00Z,,2025-10-10T22:00:00Z,113812.12999999998,2,0.941802548301157,1.058197451698843,false,1,,,false
V2_STRICT,BTC/USD_2025-11-01,BTC/USD,1h,demand,2025-09-29T02:00:00Z,111855.3,112022.27,111632.72,111750.02,111827.495,112022.27,111827.495,111632.72,112217.04499999998,194.77499999999418,2025-10-11T00:00:00Z,2025-10-11T00:16:00Z,,AMBIGUOUS,CLOSED_AT_TARGET,TARGET,ONE_MINUTE_RESOLVED,2025-10-11T01:00:00Z,,2025-10-11T01:00:00Z,112217.04499999998,2,1.7224103966115263,,false,5,,,true
V2_STRICT,BTC/USD_2025-11-01,BTC/USD,1h,supply,2025-10-10T22:00:00Z,113451.87,114109.03,110879.69,113700,110879.69,112494.36,112494.36,114109.03,109265.02,1614.6699999999983,2025-10-11T02:00:00Z,2025-10-11T02:39:00Z,,S2_CLOSE,,,HTF_UNAMBIGUOUS,,2025-10-12T19:00:00Z,2025-10-12T19:00:00Z,114342.28,-1.1444567620628365,0.20901055943319713,-1.3534673214960335,false,1,,,false
V2_STRICT,BTC/USD_2025-11-01,BTC/USD,1h,demand,2025-10-12T21:00:00Z,114927.97,115600,114217.75,114882.06,114908.875,115600,114908.875,114217.75,116291.125,691.125,2025-10-13T10:00:00Z,2025-10-13T10:15:00Z,,S2_CLOSE,,,HTF_UNAMBIGUOUS,,2025-10-13T11:00:00Z,2025-10-13T11:00:00Z,114180,-1.0546210888044854,0.49879055887140533,-1.5534116476758908,false,1,,,false
V2_STRICT,BTC/USD_2025-11-01,BTC/USD,1h,demand,2025-10-12T17:00:00Z,114069.35,114466.94,113516.38,113799.99,113991.66,114466.94,113991.66,113516.38,114942.22,475.27999999999884,2025-10-13T15:00:00Z,2025-10-13T15:00:00Z,,TARGET,,,HTF_UNAMBIGUOUS,2025-10-13T16:08:00Z,,2025-10-13T16:00:00Z,114942.22,2,0.7195231863322691,1.280476813667731,false,1,,,false
V2_STRICT,BTC/USD_2025-11-01,BTC/USD,1h,demand,2025-10-12T13:00:00Z,111789.61,111934.51,111265.99,111297.52,111600.25,111934.51,111600.25,111265.99,112268.76999999999,334.25999999999476,2025-10-14T06:00:00Z,2025-10-14T06:47:00Z,,S2_CLOSE,,,HTF_UNAMBIGUOUS,,2025-10-14T10:00:00Z,2025-10-14T10:00:00Z,110623.58,-2.9218871537127193,1.0016177526476553,-3.9235049063603746,false,1,,,false
V2_STRICT,BTC/USD_2025-11-01,BTC/USD,1h,supply,2025-10-14T08:00:00Z,111724.41,112140,111513.63,111803.33,111513.63,111826.815,111826.815,112140,111200.445,313.1849999999977,2025-10-14T14:00:00Z,2025-10-14T14:16:00Z,,TARGET,,,ONE_MINUTE_RESOLVED,2025-10-14T15:12:00Z,,2025-10-14T15:00:00Z,111200.445,2,1.0711893768858742,0.9288106231141258,false,1,,,false
V2_STRICT,BTC/USD_2025-11-01,BTC/USD,4h,demand,2025-09-27T08:00:00Z,109411.19,109477.69,109064.4,109310.21,109271.045,109477.69,109271.045,109064.4,109684.335,206.64500000000407,2025-10-16T12:00:00Z,2025-10-16T15:41:00Z,,AMBIGUOUS,CLOSED_AT_TARGET,S2_CLOSE,HTF_UNAMBIGUOUS,,2025-10-16T16:00:00Z,2025-10-16T16:00:00Z,108197.66,-5.194342955309703,1.5863589005298628,,false,4,TOUCH_BAR_CLOSED_BEYOND_S2;PRODUCTION_WOULD_PICK_ANOTHER_ZONE,,true
V2_STRICT,BTC/USD_2025-11-01,BTC/USD,4h,demand,2025-07-08T00:00:00Z,108262.94,108525,107429.57,107901.52,107977.285,108525,107977.285,107429.57,109072.715,547.7149999999965,2025-10-16T20:00:00Z,2025-10-16T20:25:00Z,,TARGET,,,HTF_UNAMBIGUOUS,2025-10-17T01:06:00Z,,2025-10-17T00:00:00Z,109072.715,2,0.5914241074281371,1.408575892571863,false,2,,,false
V2_STRICT,BTC/USD_2025-11-01,BTC/USD,4h,demand,2025-07-08T00:00:00Z,108262.94,108525,107429.57,107901.52,107977.285,108525,107977.285,107429.57,109072.715,547.7149999999965,2025-10-17T04:00:00Z,2025-10-17T06:19:00Z,,S2_CLOSE,,,ONE_MINUTE_RESOLVED,,2025-10-17T04:00:00Z,2025-10-17T04:00:00Z,105633.75,-4.278748984417112,0.5914241074281371,-4.870173091845249,true,3,TOUCH_BAR_CLOSED_BEYOND_S2;PRODUCTION_WOULD_PICK_ANOTHER_ZONE,,false
V2_STRICT,BTC/USD_2025-11-01,BTC/USD,4h,demand,2025-07-01T16:00:00Z,105955.19,106287.95,105387.68,105398.53,105837.815,106287.95,105837.815,105387.68,106738.08500000002,450.1350000000093,2025-10-17T12:00:00Z,2025-10-17T12:03:00Z,,TARGET,,,ONE_MINUTE_RESOLVED,2025-10-17T15:57:00Z,,2025-10-17T12:00:00Z,106738.08500000002,2,0.7053738211869627,1.2946261788130373,false,1,,,false
V2_STRICT,BTC/USD_2025-11-01,BTC/USD,4h,supply,2025-10-17T00:00:00Z,108194.27,109240,107934.4,109176.74,107934.4,108587.2,108587.2,109240,107281.59999999999,652.8000000000029,2025-10-19T16:00:00Z,2025-10-19T16:41:00Z,,S2_CLOSE,,,HTF_UNAMBIGUOUS,,2025-10-20T00:00:00Z,2025-10-20T00:00:00Z,110145.44,-2.387009803921566,0.4990220588235272,-2.886031862745093,false,1,VOL_BUCKET_WITH_BAR_NOT_HIGH,,false
V2_STRICT,BTC/USD_2025-11-01,BTC/USD,1h,supply,2025-10-16T06:00:00Z,110951.13,111716.86,110922.17,111666.83,110922.17,111319.515,111319.515,111716.86,110524.825,397.34500000000116,2025-10-20T07:00:00Z,2025-10-20T07:15:00Z,,TARGET,,,HTF_UNAMBIGUOUS,2025-10-20T16:43:00Z,,2025-10-20T16:00:00Z,110524.825,2,0.8404750154148134,1.1595249845851865,false,2,,,false
V2_STRICT,BTC/USD_2025-11-01,BTC/USD,1h,demand,2025-10-20T00:00:00Z,108642.77,108642.77,107402.52,108047.46,108022.645,108642.77,108022.645,107402.52,109262.895,620.125,2025-10-21T04:00:00Z,2025-10-21T04:11:00Z,,TARGET,,,HTF_UNAMBIGUOUS,2025-10-21T12:21:00Z,,2025-10-21T12:00:00Z,109262.895,2,0.5225848578915542,1.4774151421084458,false,2,PRODUCTION_WOULD_PICK_ANOTHER_ZONE,,false
V2_STRICT,BTC/USD_2025-11-01,BTC/USD,4h,supply,2025-10-15T16:00:00Z,110798.01,111557.7,110164,111271.73,110164,110860.85,110860.85,111557.7,109467.15000000002,696.8499999999913,2025-10-21T12:00:00Z,2025-10-21T14:50:00Z,,S2_CLOSE,,,ONE_MINUTE_RESOLVED,,2025-10-21T12:00:00Z,2025-10-21T12:00:00Z,113422.61,-3.6762000430509105,0.47726562387888954,-4.1534656669298,true,3,TOUCH_BAR_CLOSED_BEYOND_S2;PRODUCTION_WOULD_PICK_ANOTHER_ZONE,,false
V2_STRICT,BTC/USD_2025-11-01,BTC/USD,4h,demand,2025-10-21T04:00:00Z,109059.23,109059.23,107473.72,108086.37,108266.475,109059.23,108266.475,107473.72,109851.98500000002,792.7550000000047,2025-10-21T20:00:00Z,2025-10-21T23:40:00Z,,TARGET,,,HTF_UNAMBIGUOUS,2025-10-23T06:16:00Z,,2025-10-23T04:00:00Z,109851.98500000002,2,0.40970971485515467,1.5902902851448453,false,1,,,false
V2_STRICT,BTC/USD_2025-11-01,BTC/USD,1h,supply,2025-10-23T06:00:00Z,108940.58,110298.29,108849.07,110246.94,108849.07,109573.68,109573.68,110298.29,108124.45999999999,724.6100000000006,2025-10-23T13:00:00Z,2025-10-23T13:39:00Z,,S2_CLOSE,,,HTF_UNAMBIGUOUS,,2025-10-23T17:00:00Z,2025-10-23T17:00:00Z,111241.71,-2.3019693352286223,0.4536523647203319,-2.7556216999489545,false,1,,,false
V2_STRICT,BTC/USD_2025-11-01,BTC/USD,1h,demand,2025-10-23T20:00:00Z,110200.01,110200.01,109341.28,109524.81,109770.64499999999,110200.01,109770.64499999999,109341.28,110629.37499999997,429.3649999999907,2025-10-24T14:00:00Z,2025-10-24T14:27:00Z,,TARGET,,,HTF_UNAMBIGUOUS,2025-10-24T18:25:00Z,,2025-10-24T18:00:00Z,110629.37499999997,2,0.7669743341912059,1.2330256658087941,false,1,,,false
V2_STRICT,BTC/USD_2025-11-01,BTC/USD,1h,demand,2025-10-27T02:00:00Z,115284.01,115445.39,114815.6,114883.39,115130.495,115445.39,115130.495,114815.6,115760.28499999997,314.8949999999895,2025-10-27T08:00:00Z,2025-10-27T08:29:00Z,,S2_CLOSE,,,HTF_UNAMBIGUOUS,,2025-10-27T14:00:00Z,2025-10-27T14:00:00Z,114810.05,-1.0176249225932552,1.0968465202686974,-2.1144714428619524,false,2,PRODUCTION_WOULD_PICK_ANOTHER_ZONE,,false
V2_STRICT,BTC/USD_2025-11-01,BTC/USD,1h,demand,2025-10-28T05:00:00Z,113964.6,113981.73,113483.3,113605.31,113732.515,113981.73,113732.515,113483.3,114230.94499999999,249.2149999999965,2025-10-28T19:00:00Z,2025-10-28T19:29:00Z,,S2_CLOSE,,,HTF_UNAMBIGUOUS,,2025-10-28T20:00:00Z,2025-10-28T20:00:00Z,112808.05,-3.709507854663682,1.369089119836305,-5.0785969744999875,false,1,,,false
V2_STRICT,BTC/USD_2025-11-01,BTC/USD,4h,demand,2025-10-24T12:00:00Z,111066.29,112104.98,109700.01,110046.91,110902.495,112104.98,110902.495,109700.01,113307.465,1202.4850000000006,2025-10-29T20:00:00Z,2025-10-29T20:22:00Z,,S2_CLOSE,,,HTF_UNAMBIGUOUS,,2025-10-30T12:00:00Z,2025-10-30T12:00:00Z,107711.56,-2.653617300839508,0.2766832725564143,-2.930300573395922,false,1,,,false
V2_STRICT,BTC/USD_2025-11-01,BTC/USD,1h,demand,2025-10-22T22:00:00Z,107207.98,107683.25,106917.57,107196.82,107300.41,107683.25,107300.41,106917.57,108066.09,382.8399999999965,2025-10-30T17:00:00Z,2025-10-30T17:17:00Z,,S2_CLOSE,,,HTF_UNAMBIGUOUS,,2025-10-30T18:00:00Z,2025-10-30T18:00:00Z,106837.09,-1.2102183679866556,0.8408244436318121,-2.051042811618468,false,2,PRODUCTION_WOULD_PICK_ANOTHER_ZONE,,false
V2_STRICT,BTC/USD_2025-11-01,BTC/USD,1h,demand,2025-10-19T08:00:00Z,106786,107132.83,106278.74,106443.95,106705.785,107132.83,106705.785,106278.74,107559.875,427.04499999999825,2025-10-30T19:00:00Z,2025-10-30T19:22:00Z,,TARGET,,,HTF_UNAMBIGUOUS,2025-10-30T20:52:00Z,,2025-10-30T20:00:00Z,107559.875,2,0.74961035722231,1.25038964277769,false,1,,,false
V2_STRICT,BTC/USD_2025-11-01,BTC/USD,4h,supply,2025-10-30T04:00:00Z,110751.48,111592,107925.06,111366.72,107925.06,109758.53,109758.53,111592,106091.59,1833.4700000000012,2025-10-31T00:00:00Z,2025-10-31T01:07:00Z,,OPEN_AT_DATA_END,,,DATA_END,,,,,,0.17959147954425206,,false,1,,,true
V2_STRICT,USD/JPY_2022-11-01,USD/JPY,1h,demand,2022-09-07T07:00:00Z,144.105,144.19501,143.855,143.905,144.025005,144.19501,144.025005,143.855,144.365015,0.1700050000000033,2022-09-07T18:00:00Z,2022-09-07T18:08:00Z,,S2_CLOSE,,,HTF_UNAMBIGUOUS,,2022-09-07T19:00:00Z,2022-09-07T19:00:00Z,143.715,-1.8235051910236972,0.094114878974146,-1.9176200699978432,false,2,PRODUCTION_WOULD_PICK_ANOTHER_ZONE,,false
V2_STRICT,USD/JPY_2022-11-01,USD/JPY,1h,demand,2022-09-07T20:00:00Z,143.765,143.855,143.72501,143.735,143.790005,143.855,143.790005,143.72501,143.91999500000003,0.06499500000001035,2022-09-08T04:00:00Z,2022-09-08T04:04:00Z,,TARGET,,,ONE_MINUTE_RESOLVED,2022-09-08T04:32:00Z,,2022-09-08T04:00:00Z,143.91999500000003,2,0.24617278252169325,1.7538272174783067,false,1,,,false
V2_STRICT,USD/JPY_2022-11-01,USD/JPY,1h,demand,2022-09-07T20:00:00Z,143.765,143.855,143.72501,143.735,143.790005,143.855,143.790005,143.72501,143.91999500000003,0.06499500000001035,2022-09-08T06:00:00Z,2022-09-08T06:00:00Z,,S2_CLOSE,,,ONE_MINUTE_RESOLVED,,2022-09-08T06:00:00Z,2022-09-08T06:00:00Z,143.67,-1.8463727979075504,0.24617278252169325,-2.0925455804292437,true,1,TOUCH_BAR_CLOSED_BEYOND_S2,,false
V2_STRICT,USD/JPY_2022-11-01,USD/JPY,1h,supply,2022-09-08T08:00:00Z,143.825,144.13499,143.47501,144.044998,143.47501,143.805,143.805,144.13499,143.14502000000005,0.3299899999999809,2022-09-08T12:00:00Z,2022-09-08T12:20:00Z,,S2_CLOSE,,,ONE_MINUTE_RESOLVED,,2022-09-08T12:00:00Z,2022-09-08T12:00:00Z,144.145,-1.0303342525531776,0.048486317767207875,-1.0788205703203855,true,1,TOUCH_BAR_CLOSED_BEYOND_S2,,false
V2_STRICT,USD/JPY_2022-11-01,USD/JPY,1h,demand,2022-09-07T00:00:00Z,143.145,143.33501,142.955,143.095001,143.14500500000003,143.33501,143.14500500000003,142.955,143.52501500000005,0.19000500000001352,2022-09-09T03:00:00Z,2022-09-09T03:26:00Z,,S2_CLOSE,,,HTF_UNAMBIGUOUS,,2022-09-09T04:00:00Z,2022-09-09T04:00:00Z,142.825,-1.6841925212495177,0.0842083103076175,-1.7684008315571351,false,2,,,false
V2_STRICT,USD/JPY_2022-11-01,USD/JPY,1h,demand,2022-09-06T19:00:00Z,142.88499,142.88499,142.765,142.795,142.824995,142.88499,142.824995,142.765,142.94498500000003,0.0599950000000149,2022-09-09T06:00:00Z,2022-09-09T06:39:00Z,,S2_CLOSE,,,ONE_MINUTE_RESOLVED,,2022-09-09T06:00:00Z,2022-09-09T06:00:00Z,142.675,-2.5001250104167454,0.26668889074082885,-2.7668139011575743,true,2,TOUCH_BAR_CLOSED_BEYOND_S2,,false
V2_STRICT,USD/JPY_2022-11-01,USD/JPY,1h,demand,2022-09-06T09:00:00Z,141.69501,141.80499,141.595,141.675,141.699995,141.80499,141.699995,141.595,141.909985,0.10499500000000239,2022-09-09T10:00:00Z,2022-09-09T10:08:00Z,,TARGET,,,HTF_UNAMBIGUOUS,2022-09-09T11:11:00Z,,2022-09-09T11:00:00Z,141.909985,2,0.15238820896232808,1.847611791037672,false,1,,,false
V2_STRICT,USD/JPY_2022-11-01,USD/JPY,1h,supply,2022-09-09T17:00:00Z,142.565,142.69501,142.535,142.69501,142.535,142.615005,142.615005,142.69501,142.454995,0.08000499999999988,2022-09-11T22:00:00Z,2022-09-11T22:36:00Z,,S2_CLOSE,,,HTF_UNAMBIGUOUS,,2022-09-12T00:00:00Z,2022-09-12T00:00:00Z,142.80499,-2.3746640834948747,0.19998750078120148,-2.574651584276076,false,1,,,false
V2_STRICT,USD/JPY_2022-11-01,USD/JPY,1h,supply,2022-09-09T05:00:00Z,142.815,142.965,142.715,142.965,142.715,142.84,142.84,142.965,142.59,0.125,2022-09-12T03:00:00Z,2022-09-12T03:00:00Z,,S2_CLOSE,,,HTF_UNAMBIGUOUS,,2022-09-12T04:00:00Z,2022-09-12T04:00:00Z,143.175,-2.6800000000000637,0.128,-2.808000000000064,false,1,,,false
V2_STRICT,USD/JPY_2022-11-01,USD/JPY,1h,supply,2022-09-12T09:00:00Z,142.685,142.785,142.52499,142.72501,142.52499,142.65499499999999,142.65499499999999,142.785,142.39498499999996,0.13000500000001125,2022-09-12T18:00:00Z,2022-09-12T18:20:00Z,,S2_CLOSE,,,HTF_UNAMBIGUOUS,,2022-09-12T19:00:00Z,2022-09-12T19:00:00Z,142.815,-1.230760355370936,0.12307218953116122,-1.3538325449020974,false,1,,,false
V2_STRICT,USD/JPY_2022-11-01,USD/JPY,1h,supply,2022-09-12T05:00:00Z,143.17999,143.30499,142.995,143.25999,142.995,143.149995,143.149995,143.30499,142.84000499999996,0.15499500000001376,2022-09-13T12:00:00Z,2022-09-13T12:31:00Z,,S2_CLOSE,,,ONE_MINUTE_RESOLVED,,2022-09-13T12:00:00Z,2022-09-13T12:00:00Z,144.41499,-8.161521339397314,0.10322913642374644,-8.26475047582106,true,8,TOUCH_BAR_CLOSED_BEYOND_S2;PRODUCTION_WOULD_PICK_ANOTHER_ZONE,,false
V2_STRICT,USD/JPY_2022-11-01,USD/JPY,1h,demand,2022-09-13T18:00:00Z,144.425,144.495,144.295,144.405,144.39499999999998,144.495,144.39499999999998,144.295,144.59499999999997,0.09999999999999432,2022-09-13T23:00:00Z,2022-09-13T23:41:00Z,,TARGET,,,HTF_UNAMBIGUOUS,2022-09-14T00:17:00Z,,2022-09-14T00:00:00Z,144.59499999999997,2,0.1600000000000091,1.839999999999991,false,1,,,false
V2_STRICT,USD/JPY_2022-11-01,USD/JPY,1h,demand,2022-09-13T18:00:00Z,144.425,144.495,144.295,144.405,144.39499999999998,144.495,144.39499999999998,144.295,144.59499999999997,0.09999999999999432,2022-09-14T03:00:00Z,2022-09-14T03:00:00Z,,S2_CLOSE,,,HTF_UNAMBIGUOUS,,2022-09-14T04:00:00Z,2022-09-14T04:00:00Z,143.87,-5.250000000000071,0.1600000000000091,-5.41000000000008,false,1,,,false
V2_STRICT,USD/JPY_2022-11-01,USD/JPY,1h,supply,2022-09-15T15:00:00Z,143.465,143.595,143.355,143.575,143.355,143.475,143.475,143.595,143.23499999999999,0.12000000000000455,2022-09-16T02:00:00Z,2022-09-16T02:48:00Z,,TARGET,,,HTF_UNAMBIGUOUS,2022-09-16T04:47:00Z,,2022-09-16T04:00:00Z,143.23499999999999,2,0.13333333333332828,1.8666666666666718,false,2,,,false
V2_STRICT,USD/JPY_2022-11-01,USD/JPY,1h,supply,2022-09-15T20:00:00Z,143.465,143.53,143.435,143.485,143.435,143.48250000000002,143.48250000000002,143.53,143.38750000000005,0.04749999999998522,2022-09-16T05:00:00Z,2022-09-16T05:52:00Z,,S2_CLOSE,,,ONE_MINUTE_RESOLVED,,2022-09-16T05:00:00Z,2022-09-16T05:00:00Z,143.545,-1.3157894736840217,0.3368421052632627,-1.6526315789472843,true,1,TOUCH_BAR_CLOSED_BEYOND_S2,,false
V2_STRICT,USD/JPY_2022-11-01,USD/JPY,1h,supply,2022-09-15T15:00:00Z,143.465,143.595,143.355,143.575,143.355,143.475,143.475,143.595,143.23499999999999,0.12000000000000455,2022-09-16T06:00:00Z,2022-09-16T06:22:00Z,,TARGET,,,HTF_UNAMBIGUOUS,2022-09-16T07:24:00Z,,2022-09-16T07:00:00Z,143.23499999999999,2,0.13333333333332828,1.8666666666666718,false,1,,,false
V2_STRICT,USD/JPY_2022-11-01,USD/JPY,1h,supply,2022-09-15T15:00:00Z,143.465,143.595,143.355,143.575,143.355,143.475,143.475,143.595,143.23499999999999,0.12000000000000455,2022-09-16T08:00:00Z,2022-09-16T08:15:00Z,,TARGET,,,HTF_UNAMBIGUOUS,2022-09-16T09:16:00Z,,2022-09-16T09:00:00Z,143.23499999999999,2,0.13333333333332828,1.8666666666666718,false,1,,,false
V2_STRICT,USD/JPY_2022-11-01,USD/JPY,4h,demand,2022-09-14T21:00:00Z,143.16499,143.27499,142.795,143.125,143.03499499999998,143.27499,143.03499499999998,142.795,143.51498499999997,0.2399949999999933,2022-09-16T13:00:00Z,2022-09-16T14:11:00Z,,TARGET,,,HTF_UNAMBIGUOUS,2022-09-19T07:49:00Z,,2022-09-19T05:00:00Z,143.51498499999997,2,0.06666805558449321,1.9333319444155068,false,2,PRODUCTION_WOULD_PICK_ANOTHER_ZONE,,false
V2_STRICT,USD/JPY_2022-11-01,USD/JPY,1h,supply,2022-09-15T15:00:00Z,143.465,143.595,143.355,143.575,143.355,143.475,143.475,143.595,143.23499999999999,0.12000000000000455,2022-09-19T08:00:00Z,2022-09-19T08:09:00Z,,S2_CLOSE,,,HTF_UNAMBIGUOUS,,2022-09-19T11:00:00Z,2022-09-19T11:00:00Z,143.63499,-1.3332499999998946,0.13333333333332828,-1.4665833333332228,false,1,,,false
V2_STRICT,USD/JPY_2022-11-01,USD/JPY,1h,demand,2022-09-21T06:00:00Z,143.965,143.965,143.44501,143.625,143.705005,143.965,143.705005,143.44501,144.224995,0.25999500000000353,2022-09-21T18:00:00Z,2022-09-21T18:43:00Z,,TARGET,,,HTF_UNAMBIGUOUS,2022-09-21T22:36:00Z,,2022-09-21T22:00:00Z,144.224995,2,0.06153964499317211,1.9384603550068278,false,2,,,false
V2_STRICT,USD/JPY_2022-11-01,USD/JPY,1h,supply,2022-09-21T16:00:00Z,144.145,144.405,144.145,144.395,144.145,144.275,144.275,144.405,144.01500000000001,0.12999999999999545,2022-09-22T00:00:00Z,2022-09-22T00:00:00Z,,S2_CLOSE,,,ONE_MINUTE_RESOLVED,,2022-09-22T00:00:00Z,2022-09-22T00:00:00Z,144.425,-1.153846153846238,0.12307692307692739,-1.2769230769231652,true,2,TOUCH_BAR_CLOSED_BEYOND_S2;PRODUCTION_WOULD_PICK_ANOTHER_ZONE,,false
V2_STRICT,USD/JPY_2022-11-01,USD/JPY,1h,demand,2022-09-21T06:00:00Z,143.965,143.965,143.44501,143.625,143.705005,143.965,143.705005,143.44501,144.224995,0.25999500000000353,2022-09-22T08:00:00Z,2022-09-22T08:15:00Z,,S2_CLOSE,,,ONE_MINUTE_RESOLVED,,2022-09-22T08:00:00Z,2022-09-22T08:00:00Z,142.085007,-6.230881363103089,0.06153964499317211,-6.2924210080962615,true,12,TOUCH_BAR_CLOSED_BEYOND_S2;PRODUCTION_WOULD_PICK_ANOTHER_ZONE,,false
V2_STRICT,USD/JPY_2022-11-01,USD/JPY,1h,demand,2022-09-06T09:00:00Z,141.69501,141.80499,141.595,141.675,141.699995,141.80499,141.699995,141.595,141.909985,0.10499500000000239,2022-09-22T11:00:00Z,2022-09-22T11:42:00Z,,TARGET,,,ONE_MINUTE_RESOLVED,2022-09-22T11:48:00Z,,2022-09-22T11:00:00Z,141.909985,2,0.15238820896232808,1.847611791037672,false,3,TOUCH_BAR_CLOSED_BEYOND_S2,,false
V2_STRICT,USD/JPY_2022-11-01,USD/JPY,4h,demand,2022-09-05T21:00:00Z,140.61501,140.61501,140.255,140.285,140.435005,140.61501,140.435005,140.255,140.79501499999998,0.1800049999999942,2022-09-22T09:00:00Z,2022-09-22T12:48:00Z,,TARGET,,,HTF_UNAMBIGUOUS,2022-09-22T13:00:00Z,,2022-09-22T13:00:00Z,140.79501499999998,2,0.08888641982167449,1.9111135801783254,false,1,,,false
V2_STRICT,USD/JPY_2022-11-01,USD/JPY,1h,supply,2022-09-22T18:00:00Z,142.295,142.495,142.27499,142.495,142.27499,142.384995,142.384995,142.495,142.164985,0.11000500000000102,2022-09-23T08:00:00Z,2022-09-23T08:11:00Z,,S2_CLOSE,,,ONE_MINUTE_RESOLVED,,2022-09-23T08:00:00Z,2022-09-23T08:00:00Z,142.875,-4.454388436889159,0.14544793418480845,-4.599836371073968,true,1,TOUCH_BAR_CLOSED_BEYOND_S2,,false
V2_STRICT,USD/JPY_2022-11-01,USD/JPY,1h,supply,2022-09-22T09:00:00Z,142.074997,143.38499,141.875,143.205,141.875,142.629995,142.629995,143.38499,141.12000500000005,0.7549949999999797,2022-09-23T09:00:00Z,2022-09-23T09:56:00Z,,S2_CLOSE,,,HTF_UNAMBIGUOUS,,2022-09-25T21:00:00Z,2022-09-25T21:00:00Z,143.52499,-1.185431691600631,0.021192193325784186,-1.2066238849264153,false,1,,,false
V2_STRICT,USD/JPY_2022-11-01,USD/JPY,1h,demand,2022-09-26T01:00:00Z,143.83501,144.0050049,143.67999,143.77499,143.84249745,144.0050049,143.84249745,143.67999,144.16751234999998,0.16250744999999256,2022-09-26T12:00:00Z,2022-09-26T12:48:00Z,,TARGET,,,HTF_UNAMBIGUOUS,2022-09-26T13:58:00Z,,2022-09-26T13:00:00Z,144.16751234999998,2,0.09845702458564658,1.9015429754143534,false,2,,,false
V2_STRICT,USD/JPY_2022-11-01,USD/JPY,4h,supply,2022-09-22T01:00:00Z,144.42999,145.33,144.265,144.825,144.265,144.7975,144.7975,145.33,143.73250000000002,0.5324999999999989,2022-09-27T17:00:00Z,2022-09-27T17:05:00Z,,TARGET,,,HTF_UNAMBIGUOUS,2022-10-05T00:08:00Z,,2022-10-05T00:00:00Z,143.73250000000002,2,0.030046948356807577,1.9699530516431925,false,1,,,false
V2_STRICT,USD/JPY_2022-11-01,USD/JPY,1h,demand,2022-09-25T21:00:00Z,143.63499,143.64,143.47,143.52499,143.555,143.64,143.555,143.47,143.72500000000002,0.08500000000000796,2022-10-05T00:00:00Z,2022-10-05T00:12:00Z,,TARGET,,,ONE_MINUTE_RESOLVED,2022-10-05T00:23:00Z,,2022-10-05T00:00:00Z,143.72500000000002,2,0.18823529411762943,1.8117647058823705,false,2,,,false
V2_STRICT,USD/JPY_2022-11-01,USD/JPY,4h,demand,2022-09-26T05:00:00Z,144.17,144.245,143.56,143.83501,143.9025,144.245,143.9025,143.56,144.5875,0.34250000000000114,2022-10-05T00:00:00Z,2022-10-05T00:49:00Z,,TARGET,,,HTF_UNAMBIGUOUS,2022-10-05T13:08:00Z,,2022-10-05T12:00:00Z,144.5875,2,0.04671532846715313,1.953284671532847,false,2,PRODUCTION_WOULD_PICK_ANOTHER_ZONE,,false
V2_STRICT,USD/JPY_2022-11-01,USD/JPY,1h,demand,2022-10-05T08:00:00Z,144.44501,144.535,144.285,144.355,144.41,144.535,144.41,144.285,144.66,0.125,2022-10-06T00:00:00Z,2022-10-06T00:01:00Z,,TARGET,,,HTF_UNAMBIGUOUS,2022-10-06T01:25:00Z,,2022-10-06T01:00:00Z,144.66,2,0.128,1.8719999999999999,false,3,,,false
V2_STRICT,USD/JPY_2022-11-01,USD/JPY,4h,supply,2022-10-04T08:00:00Z,144.66499,144.845,144.595,144.815,144.595,144.72,144.72,144.845,144.47,0.125,2022-10-06T12:00:00Z,2022-10-06T12:18:00Z,,S2_CLOSE,,,ONE_MINUTE_RESOLVED,,2022-10-06T12:00:00Z,2022-10-06T12:00:00Z,144.955,-1.8800000000001091,0.128,-2.0080000000001093,true,1,TOUCH_BAR_CLOSED_BEYOND_S2,,false
V2_STRICT,USD/JPY_2022-11-01,USD/JPY,1h,supply,2022-10-03T04:00:00Z,144.845,145.19,144.7,144.935,144.7,144.945,144.945,145.19,144.45499999999998,0.24500000000000455,2022-10-06T16:00:00Z,2022-10-06T16:01:00Z,,S2_CLOSE,,,HTF_UNAMBIGUOUS,,2022-10-07T16:00:00Z,2022-10-07T16:00:00Z,145.27499,-1.3468979591836865,0.06530612244897838,-1.4122040816326649,false,2,,,false
V2_STRICT,USD/JPY_2022-11-01,USD/JPY,1h,supply,2022-09-22T07:00:00Z,145.625,145.905,145.605,145.77499,145.605,145.755,145.755,145.905,145.45499999999998,0.15000000000000568,2022-10-10T15:00:00Z,2022-10-10T15:01:00Z,,TARGET,,,HTF_UNAMBIGUOUS,2022-10-11T16:46:00Z,,2022-10-11T16:00:00Z,145.45499999999998,2,0.10666666666666262,1.8933333333333373,false,1,,,false
V2_STRICT,USD/JPY_2022-11-01,USD/JPY,1h,supply,2022-10-11T09:00:00Z,145.685,145.785,145.645,145.73,145.645,145.715,145.715,145.785,145.57500000000002,0.06999999999999318,2022-10-11T18:00:00Z,2022-10-11T18:13:00Z,,S2_CLOSE,,,ONE_MINUTE_RESOLVED,,2022-10-11T18:00:00Z,2022-10-11T18:00:00Z,145.825,-1.5714285714285134,0.22857142857145085,-1.7999999999999643,true,1,TOUCH_BAR_CLOSED_BEYOND_S2,,false
V2_STRICT,USD/JPY_2022-11-01,USD/JPY,1h,supply,2022-09-22T07:00:00Z,145.625,145.905,145.605,145.77499,145.605,145.755,145.755,145.905,145.45499999999998,0.15000000000000568,2022-10-11T22:00:00Z,2022-10-11T22:02:00Z,,S2_CLOSE,,,HTF_UNAMBIGUOUS,,2022-10-12T00:00:00Z,2022-10-12T00:00:00Z,146.13,-2.4999999999999054,0.10666666666666262,-2.606666666666568,false,2,,,false
V2_STRICT,USD/JPY_2022-11-01,USD/JPY,1h,demand,2022-10-17T12:00:00Z,148.845,148.895,148.625,148.675,148.76,148.895,148.76,148.625,149.02999999999997,0.1349999999999909,2022-10-18T00:00:00Z,2022-10-18T00:59:00Z,,TARGET,,,HTF_UNAMBIGUOUS,2022-10-18T07:20:00Z,,2022-10-18T07:00:00Z,149.02999999999997,2,0.1185185185185265,1.8814814814814735,false,2,,,false
V2_STRICT,USD/JPY_2022-11-01,USD/JPY,4h,demand,2022-10-17T04:00:00Z,148.655,148.80499,148.58501,148.645,148.695,148.80499,148.695,148.58501,148.91497999999996,0.10998999999998205,2022-10-18T08:00:00Z,2022-10-18T09:04:00Z,,AMBIGUOUS,CLOSED_AT_TARGET,TARGET,HTF_UNAMBIGUOUS,2022-10-18T12:00:00Z,,2022-10-18T12:00:00Z,148.91497999999996,2,0.14546776979727805,,false,2,,,true
V2_STRICT,USD/JPY_2022-11-01,USD/JPY,1h,demand,2022-10-19T22:00:00Z,149.855,149.87,149.78,149.83501,149.825,149.87,149.825,149.78,149.91499999999996,0.044999999999987494,2022-10-20T07:00:00Z,2022-10-20T07:45:00Z,,TARGET,,,HTF_UNAMBIGUOUS,2022-10-20T08:09:00Z,,2022-10-20T08:00:00Z,149.91499999999996,2,0.3555555555556544,1.6444444444443456,false,2,PRODUCTION_WOULD_PICK_ANOTHER_ZONE,,false
V2_STRICT,USD/JPY_2022-11-01,USD/JPY,1h,demand,2022-10-19T22:00:00Z,149.855,149.87,149.78,149.83501,149.825,149.87,149.825,149.78,149.91499999999996,0.044999999999987494,2022-10-20T09:00:00Z,2022-10-20T09:35:00Z,,S2_CLOSE,,,HTF_UNAMBIGUOUS,,2022-10-20T10:00:00Z,2022-10-20T10:00:00Z,149.735,-2,0.3555555555556544,-2.355555555555654,false,1,,,false
V2_STRICT,USD/JPY_2022-11-01,USD/JPY,1h,demand,2022-10-19T14:00:00Z,149.765,149.765,149.625,149.72501,149.695,149.765,149.695,149.625,149.83499999999998,0.06999999999999318,2022-10-20T14:00:00Z,2022-10-20T14:54:00Z,,S2_CLOSE,,,ONE_MINUTE_RESOLVED,,2022-10-20T14:00:00Z,2022-10-20T14:00:00Z,149.58501,-1.571285714285611,0.22857142857145085,-1.7998571428570618,true,1,TOUCH_BAR_CLOSED_BEYOND_S2,,false
V2_STRICT,USD/JPY_2022-11-01,USD/JPY,1h,demand,2022-10-21T05:00:00Z,150.38499,150.405,150.35001,150.355,150.37750499999999,150.405,150.37750499999999,150.35001,150.43249499999996,0.027494999999987613,2022-10-21T14:00:00Z,2022-10-21T14:44:00Z,,AMBIGUOUS,CLOSED_AT_TARGET,S2_CLOSE,HTF_UNAMBIGUOUS,,2022-10-21T15:00:00Z,2022-10-21T15:00:00Z,146.325,-147.39061647578913,0.5819239861795675,,false,5,TOUCH_BAR_CLOSED_BEYOND_S2;PRODUCTION_WOULD_PICK_ANOTHER_ZONE,,true
V2_STRICT,USD/JPY_2022-11-01,USD/JPY,4h,demand,2022-10-11T12:00:00Z,145.575,145.81,145.535,145.55499,145.6725,145.81,145.6725,145.535,145.94750000000005,0.13750000000001705,2022-10-23T20:00:00Z,2022-10-23T23:44:00Z,,TARGET,,,ONE_MINUTE_RESOLVED,2022-10-23T23:45:00Z,,2022-10-23T20:00:00Z,145.94750000000005,2,0.11636363636362193,1.883636363636378,false,1,,,false
V2_STRICT,USD/JPY_2022-11-01,USD/JPY,1h,demand,2022-10-21T15:00:00Z,149.83501,150.105,146.325,146.325,148.21499999999997,150.105,148.21499999999997,146.325,151.99499999999995,1.8899999999999864,2022-10-24T00:00:00Z,2022-10-24T00:04:00Z,,S2_CLOSE,,,HTF_UNAMBIGUOUS,,2022-10-26T18:00:00Z,2022-10-26T18:00:00Z,146.255,-1.0370370370370336,0.008465608465608527,-1.0455026455026422,false,1,,,false
V2_STRICT,USD/JPY_2022-11-01,USD/JPY,1h,demand,2022-10-12T02:00:00Z,146.265,146.38499,146.185,146.185,146.28499499999998,146.38499,146.28499499999998,146.185,146.48498499999994,0.09999499999997852,2022-10-26T22:00:00Z,2022-10-26T22:17:00Z,,S2_CLOSE,,,HTF_UNAMBIGUOUS,,2022-10-26T23:00:00Z,2022-10-26T23:00:00Z,146.085007,-1.9999799990002847,0.1600080004000544,-2.159987999400339,false,1,,,false
V2_STRICT,USD/JPY_2022-11-01,USD/JPY,4h,demand,2022-10-12T04:00:00Z,146.215,146.30499,146.024994,146.185,146.16499199999998,146.30499,146.16499199999998,146.024994,146.44498799999997,0.1399979999999914,2022-10-27T00:00:00Z,2022-10-27T00:00:00Z,,S2_CLOSE,,,HTF_UNAMBIGUOUS,,2022-10-27T04:00:00Z,2022-10-27T04:00:00Z,145.715,-3.2142744896356237,0.11428734696210648,-3.3285618365977303,false,1,,,false
V2_STRICT,USD/JPY_2022-11-01,USD/JPY,1h,supply,2022-10-27T02:00:00Z,146.085007,146.395,146.085007,146.265,146.085007,146.2400035,146.2400035,146.395,145.93001049999998,0.15499650000000997,2022-10-27T09:00:00Z,2022-10-27T09:12:00Z,,S2_CLOSE,,,ONE_MINUTE_RESOLVED,,2022-10-27T09:00:00Z,2022-10-27T09:00:00Z,146.435,-1.258070343523818,0.10322813740954777,-1.361298480933366,true,2,TOUCH_BAR_CLOSED_BEYOND_S2,,false
V2_STRICT,USD/JPY_2022-11-01,USD/JPY,1h,supply,2022-10-27T11:00:00Z,146.315,146.715,146.285,146.66499,146.285,146.5,146.5,146.715,146.07,0.2150000000000034,2022-10-28T00:00:00Z,2022-10-28T00:50:00Z,,TARGET,,,HTF_UNAMBIGUOUS,2022-10-28T04:03:00Z,,2022-10-28T04:00:00Z,146.07,2,0.07441860465116161,1.9255813953488383,false,1,,,false
V2_STRICT,USD/JPY_2022-11-01,USD/JPY,1h,supply,2022-10-27T11:00:00Z,146.315,146.715,146.285,146.66499,146.285,146.5,146.5,146.715,146.07,0.2150000000000034,2022-10-28T06:00:00Z,2022-10-28T06:13:00Z,,S2_CLOSE,,,HTF_UNAMBIGUOUS,,2022-10-28T07:00:00Z,2022-10-28T07:00:00Z,147.095001,-2.767446511627846,0.07441860465116161,-2.8418651162790076,false,1,,,false
V2_STRICT,USD/JPY_2022-11-01,USD/JPY,4h,supply,2022-10-26T00:00:00Z,147.985,148.41,147.88499,148.235,147.88499,148.147495,148.147495,148.41,147.62248499999998,0.26250500000000443,2022-10-31T00:00:00Z,2022-10-31T00:51:00Z,,S2_CLOSE,,,HTF_UNAMBIGUOUS,,2022-10-31T08:00:00Z,2022-10-31T08:00:00Z,148.675,-2.0095045808651655,0.06095121997676132,-2.070455800841927,false,1,,,false
V2_STRICT,USD/JPY_2022-11-01,USD/JPY,1h,demand,2022-10-31T16:00:00Z,148.63499,148.675,148.545,148.605,148.61,148.675,148.61,148.545,148.74000000000007,0.06500000000002615,2022-10-31T23:00:00Z,2022-10-31T23:06:00Z,,TARGET,,,ONE_MINUTE_RESOLVED,2022-10-31T23:40:00Z,,2022-10-31T23:00:00Z,148.74000000000007,2,0.24615384615374714,1.7538461538462529,false,1,,,false
V2_STRICT,USD/JPY_2025-04-01,USD/JPY,4h,demand,2024-12-10T00:00:00Z,151.39,151.55,151.029999,151.070007,151.28999950000002,151.55,151.28999950000002,151.029999,151.81000050000006,0.26000050000001806,2025-02-06T16:00:00Z,2025-02-06T19:07:00Z,,TARGET,,,HTF_UNAMBIGUOUS,2025-02-07T06:55:00Z,,2025-02-07T04:00:00Z,151.81000050000006,2,0.06153834319548958,1.9384616568045103,false,1,,,false
V2_STRICT,USD/JPY_2025-04-01,USD/JPY,4h,demand,2024-12-10T00:00:00Z,151.39,151.55,151.029999,151.070007,151.28999950000002,151.55,151.28999950000002,151.029999,151.81000050000006,0.26000050000001806,2025-02-07T12:00:00Z,2025-02-07T15:04:00Z,,TARGET,,,HTF_UNAMBIGUOUS,2025-02-07T17:16:00Z,,2025-02-07T16:00:00Z,151.81000050000006,2,0.06153834319548958,1.9384616568045103,false,1,,,false
V2_STRICT,USD/JPY_2025-04-01,USD/JPY,4h,demand,2024-12-10T00:00:00Z,151.39,151.55,151.029999,151.070007,151.28999950000002,151.55,151.28999950000002,151.029999,151.81000050000006,0.26000050000001806,2025-02-07T20:00:00Z,2025-02-07T20:11:00Z,,TARGET,,,HTF_UNAMBIGUOUS,2025-02-09T23:56:00Z,,2025-02-09T20:00:00Z,151.81000050000006,2,0.06153834319548958,1.9384616568045103,false,1,,,false
V2_STRICT,USD/JPY_2025-04-01,USD/JPY,1h,supply,2025-02-10T11:00:00Z,152.089996,152.2,152.020004,152.12,152.020004,152.110002,152.110002,152.2,151.93000600000005,0.08999799999998004,2025-02-11T10:00:00Z,2025-02-11T10:32:00Z,,S2_CLOSE,,,HTF_UNAMBIGUOUS,,2025-02-11T11:00:00Z,2025-02-11T11:00:00Z,152.34,-2.555590124225492,0.1777817284828946,-2.7333718527083866,false,1,,,false
V2_STRICT,USD/JPY_2025-04-01,USD/JPY,1h,supply,2025-02-05T23:00:00Z,152.56,152.75,152.47,152.64999,152.47,152.61,152.61,152.75,152.33000000000004,0.13999999999998636,2025-02-11T20:00:00Z,2025-02-11T20:33:00Z,,S2_CLOSE,,,HTF_UNAMBIGUOUS,,2025-02-11T23:00:00Z,2025-02-11T23:00:00Z,152.77,-1.1428571428572298,0.11428571428572543,-1.2571428571429553,false,1,,,false
V2_STRICT,USD/JPY_2025-04-01,USD/JPY,1h,supply,2025-02-05T07:00:00Z,153.19,153.37,153.080002,153.3,153.080002,153.22500100000002,153.22500100000002,153.37,152.93500300000005,0.14499899999998433,2025-02-12T00:00:00Z,2025-02-12T00:54:00Z,,S2_CLOSE,,,HTF_UNAMBIGUOUS,,2025-02-12T01:00:00Z,2025-02-12T01:00:00Z,153.47,-1.6896599286891987,0.11034558859027806,-1.8000055172794767,false,1,,,false
V2_STRICT,USD/JPY_2025-04-01,USD/JPY,1h,supply,2025-02-05T05:00:00Z,153.36,153.57001,153.35001,153.42999,153.35001,153.46001,153.46001,153.57001,153.24001000000004,0.10999999999998522,2025-02-12T03:00:00Z,2025-02-12T03:00:00Z,,S2_CLOSE,,,ONE_MINUTE_RESOLVED,,2025-02-12T03:00:00Z,2025-02-12T03:00:00Z,153.63,-1.5453636363637016,0.145454545454565,-1.6908181818182666,true,1,TOUCH_BAR_CLOSED_BEYOND_S2,,false
V2_STRICT,USD/JPY_2025-04-01,USD/JPY,1h,demand,2025-02-12T02:00:00Z,153.47,153.53,153.36,153.46001,153.445,153.53,153.445,153.36,153.61499999999995,0.08499999999997954,2025-02-12T07:00:00Z,2025-02-12T07:38:00Z,,TARGET,,,ONE_MINUTE_RESOLVED,2025-02-12T07:55:00Z,,2025-02-12T07:00:00Z,153.61499999999995,2,0.18823529411769238,1.8117647058823076,false,1,,,false
V2_STRICT,USD/JPY_2025-04-01,USD/JPY,1h,demand,2025-02-12T02:00:00Z,153.47,153.53,153.36,153.46001,153.445,153.53,153.445,153.36,153.61499999999995,0.08499999999997954,2025-02-12T09:00:00Z,2025-02-12T09:15:00Z,,TARGET,,,HTF_UNAMBIGUOUS,2025-02-12T10:12:00Z,,2025-02-12T10:00:00Z,153.61499999999995,2,0.18823529411769238,1.8117647058823076,false,1,,,false
V2_STRICT,USD/JPY_2025-04-01,USD/JPY,1h,supply,2025-02-04T22:00:00Z,154.34,154.41,154.32001,154.38,154.32001,154.365005,154.365005,154.41,154.275015,0.04499500000000012,2025-02-12T13:00:00Z,2025-02-12T13:32:00Z,,TARGET,,,ONE_MINUTE_RESOLVED,2025-02-12T13:34:00Z,,2025-02-12T13:00:00Z,154.275015,2,0.3555950661184567,1.6444049338815434,false,2,,,false
V2_STRICT,USD/JPY_2025-04-01,USD/JPY,1h,demand,2025-02-12T02:00:00Z,153.47,153.53,153.36,153.46001,153.445,153.53,153.445,153.36,153.61499999999995,0.08499999999997954,2025-02-13T13:00:00Z,2025-02-13T13:50:00Z,,TARGET,,,ONE_MINUTE_RESOLVED,2025-02-13T15:12:00Z,,2025-02-13T15:00:00Z,153.61499999999995,2,0.18823529411769238,1.8117647058823076,false,4,,,false
V2_STRICT,USD/JPY_2025-04-01,USD/JPY,1h,demand,2025-02-11T14:00:00Z,152.31,152.46001,152.23,152.3,152.34500500000001,152.46001,152.34500500000001,152.23,152.57501500000006,0.11500500000002489,2025-02-14T13:00:00Z,2025-02-14T13:30:00Z,,S2_CLOSE,,,ONE_MINUTE_RESOLVED,,2025-02-14T13:00:00Z,2025-02-14T13:00:00Z,152.17999,-1.4348506586667997,0.13912438589623527,-1.573975044563035,true,5,TOUCH_BAR_CLOSED_BEYOND_S2;PRODUCTION_WOULD_PICK_ANOTHER_ZONE,,false
V2_STRICT,USD/JPY_2025-04-01,USD/JPY,1h,demand,2025-02-10T23:00:00Z,151.89999,151.96001,151.75,151.78999,151.855005,151.96001,151.855005,151.75,152.06501500000002,0.10500500000000557,2025-02-17T00:00:00Z,2025-02-17T00:49:00Z,,S2_CLOSE,,,HTF_UNAMBIGUOUS,,2025-02-17T02:00:00Z,2025-02-17T02:00:00Z,151.55,-2.904671206132832,0.15237369649063523,-3.0570449026234674,false,1,,,false
V2_STRICT,USD/JPY_2025-04-01,USD/JPY,1h,supply,2025-02-17T01:00:00Z,151.87,151.91,151.74001,151.89999,151.74001,151.825005,151.825005,151.91,151.65501500000002,0.08499499999999216,2025-02-17T08:00:00Z,2025-02-17T08:42:00Z,,TARGET,,,HTF_UNAMBIGUOUS,2025-02-17T10:45:00Z,,2025-02-17T10:00:00Z,151.65501500000002,2,0.1882463674333958,1.8117536325666042,false,1,,,false
V2_STRICT,USD/JPY_2025-04-01,USD/JPY,1h,demand,2025-02-07T16:00:00Z,151.39,151.56,150.92999,151.31,151.24499500000002,151.56,151.24499500000002,150.92999,151.87500500000004,0.3150050000000135,2025-02-17T23:00:00Z,2025-02-17T23:42:00Z,,TARGET,,,HTF_UNAMBIGUOUS,2025-02-18T03:06:00Z,,2025-02-18T03:00:00Z,151.87500500000004,2,0.05079284455802071,1.9492071554419792,false,3,,,false
V2_STRICT,USD/JPY_2025-04-01,USD/JPY,4h,supply,2025-02-14T20:00:00Z,152.22,152.35001,152.22,152.31,152.22,152.285005,152.285005,152.35001,152.15499500000004,0.0650049999999851,2025-02-19T00:00:00Z,2025-02-19T02:09:00Z,,TARGET,,,ONE_MINUTE_RESOLVED,2025-02-19T02:20:00Z,,2025-02-19T00:00:00Z,152.15499500000004,2,0.24613491269907956,1.7538650873009205,false,1,,,false
V2_STRICT,USD/JPY_2025-04-01,USD/JPY,1h,demand,2025-02-18T19:00:00Z,151.98,151.99001,151.87,151.92999,151.930005,151.99001,151.930005,151.87,152.05001499999997,0.06000499999998965,2025-02-19T03:00:00Z,2025-02-19T03:05:00Z,,S2_CLOSE,,,HTF_UNAMBIGUOUS,,2025-02-19T04:00:00Z,2025-02-19T04:00:00Z,151.75999,-2.833347221065508,0.266644446296188,-3.099991667361696,false,1,,,false
V2_STRICT,USD/JPY_2025-04-01,USD/JPY,1h,demand,2025-02-18T13:00:00Z,151.73,151.75999,151.63,151.7,151.694995,151.75999,151.694995,151.63,151.82498500000003,0.06499500000001035,2025-02-19T06:00:00Z,2025-02-19T06:03:00Z,,TARGET,,,HTF_UNAMBIGUOUS,2025-02-19T08:25:00Z,,2025-02-19T08:00:00Z,151.82498500000003,2,0.24617278252169325,1.7538272174783067,false,3,,,false
V2_STRICT,USD/JPY_2025-04-01,USD/JPY,1h,demand,2025-02-18T15:00:00Z,151.8,151.8,151.53,151.66,151.66500000000002,151.8,151.66500000000002,151.53,151.93500000000006,0.13500000000001933,2025-02-19T10:00:00Z,2025-02-19T10:00:00Z,,TARGET,,,HTF_UNAMBIGUOUS,2025-02-19T11:38:00Z,,2025-02-19T11:00:00Z,151.93500000000006,2,0.11851851851850155,1.8814814814814984,false,3,PRODUCTION_WOULD_PICK_ANOTHER_ZONE,,false
V2_STRICT,USD/JPY_2025-04-01,USD/JPY,1h,demand,2025-02-18T13:00:00Z,151.73,151.75999,151.63,151.7,151.694995,151.75999,151.694995,151.63,151.82498500000003,0.06499500000001035,2025-02-19T14:00:00Z,2025-02-19T14:00:00Z,,S2_CLOSE,,,ONE_MINUTE_RESOLVED,,2025-02-19T14:00:00Z,2025-02-19T14:00:00Z,151.33,-5.615739672281486,0.24617278252169325,-5.861912454803179,true,5,TOUCH_BAR_CLOSED_BEYOND_S2;PRODUCTION_WOULD_PICK_ANOTHER_ZONE,,false
V2_STRICT,USD/JPY_2025-04-01,USD/JPY,1h,demand,2025-02-07T16:00:00Z,151.39,151.56,150.92999,151.31,151.24499500000002,151.56,151.24499500000002,150.92999,151.87500500000004,0.3150050000000135,2025-02-19T23:00:00Z,2025-02-19T23:43:00Z,,S2_CLOSE,,,HTF_UNAMBIGUOUS,,2025-02-20T01:00:00Z,2025-02-20T01:00:00Z,150.64,-1.9205885620863314,0.05079284455802071,-1.9713814066443522,false,1,,,false
V2_STRICT,USD/JPY_2025-04-01,USD/JPY,4h,demand,2024-12-06T00:00:00Z,150.12,150.28,149.77,149.88,150.025,150.28,150.025,149.77,150.535,0.25499999999999545,2025-02-20T04:00:00Z,2025-02-20T06:50:00Z,,S2_CLOSE,,,HTF_UNAMBIGUOUS,,2025-02-20T12:00:00Z,2025-02-20T12:00:00Z,149.50999,-2.0196470588236357,0.06274509803921681,-2.0823921568628525,false,3,PRODUCTION_WOULD_PICK_ANOTHER_ZONE,,false
V2_STRICT,USD/JPY_2025-04-01,USD/JPY,4h,demand,2024-12-02T16:00:00Z,149.875,149.955,149.080002,149.53,149.517501,149.955,149.517501,149.080002,150.39249900000002,0.4374990000000025,2025-02-20T20:00:00Z,2025-02-20T23:03:00Z,,TARGET,,,HTF_UNAMBIGUOUS,2025-02-21T01:41:00Z,,2025-02-21T00:00:00Z,150.39249900000002,2,0.036571512163456166,1.9634284878365438,false,2,,,false
V2_STRICT,USD/JPY_2025-04-01,USD/JPY,4h,demand,2024-12-02T16:00:00Z,149.875,149.955,149.080002,149.53,149.517501,149.955,149.517501,149.080002,150.39249900000002,0.4374990000000025,2025-02-21T12:00:00Z,2025-02-21T15:57:00Z,,S2_CLOSE,,,HTF_UNAMBIGUOUS,,2025-02-21T16:00:00Z,2025-02-21T16:00:00Z,149.070007,-1.0228457665046171,0.036571512163456166,-1.0594172786680733,false,2,,,false
V2_STRICT,USD/JPY_2025-04-01,USD/JPY,4h,demand,2024-12-03T12:00:00Z,149.73,149.88,148.64,149.14999,149.26,149.88,149.26,148.64,150.5,0.6200000000000045,2025-02-21T20:00:00Z,2025-02-21T21:46:00Z,,TARGET,,,HTF_UNAMBIGUOUS,2025-02-28T07:53:00Z,,2025-02-28T04:00:00Z,150.5,2,0.02580645161290304,1.974193548387097,false,1,,,false
V2_STRICT,USD/JPY_2025-04-01,USD/JPY,1h,supply,2025-02-21T07:00:00Z,150.53,150.64999,150.36,150.55,150.36,150.504995,150.504995,150.64999,150.21500500000002,0.14499499999999443,2025-02-28T07:00:00Z,2025-02-28T07:54:00Z,,TARGET,,,HTF_UNAMBIGUOUS,2025-02-28T09:58:00Z,,2025-02-28T09:00:00Z,150.21500500000002,2,0.11034863271147705,1.889651367288523,false,3,,,false
V2_STRICT,USD/JPY_2025-04-01,USD/JPY,1h,demand,2025-02-28T09:00:00Z,150.57001,150.63,150.19,150.24001,150.41,150.63,150.41,150.19,150.85,0.21999999999999886,2025-02-28T17:00:00Z,2025-02-28T17:47:00Z,,TARGET,,,HTF_UNAMBIGUOUS,2025-03-02T23:07:00Z,,2025-03-02T23:00:00Z,150.85,2,0.0727272727272731,1.9272727272727268,false,1,,,false
V2_STRICT,USD/JPY_2025-04-01,USD/JPY,1h,demand,2025-02-28T09:00:00Z,150.57001,150.63,150.19,150.24001,150.41,150.63,150.41,150.19,150.85,0.21999999999999886,2025-03-03T02:00:00Z,2025-03-03T02:00:00Z,,S2_CLOSE,,,HTF_UNAMBIGUOUS,,2025-03-03T07:00:00Z,2025-03-03T07:00:00Z,150.17,-1.090909090909138,0.0727272727272731,-1.163636363636411,false,2,,,false
V2_STRICT,USD/JPY_2025-04-01,USD/JPY,1h,demand,2025-03-03T08:00:00Z,150.17999,150.24001,150.029999,150.12,150.1350045,150.24001,150.1350045,150.029999,150.34501550000002,0.1050055000000043,2025-03-03T15:00:00Z,2025-03-03T15:15:00Z,,TARGET,,,HTF_UNAMBIGUOUS,2025-03-03T16:01:00Z,,2025-03-03T16:00:00Z,150.34501550000002,2,0.15237297093961122,1.847627029060389,false,1,,,false
V2_STRICT,USD/JPY_2025-04-01,USD/JPY,1h,demand,2025-03-03T08:00:00Z,150.17999,150.24001,150.029999,150.12,150.1350045,150.24001,150.1350045,150.029999,150.34501550000002,0.1050055000000043,2025-03-03T17:00:00Z,2025-03-03T17:54:00Z,,S2_CLOSE,,,HTF_UNAMBIGUOUS,,2025-03-03T20:00:00Z,2025-03-03T20:00:00Z,149.42,-6.809209993762147,0.15237297093961122,-6.961582964701758,false,1,,,false
V2_STRICT,USD/JPY_2025-04-01,USD/JPY,1h,demand,2025-02-27T06:00:00Z,149.34,149.42,149.2,149.25999,149.31,149.42,149.31,149.2,149.53000000000003,0.11000000000001364,2025-03-03T23:00:00Z,2025-03-03T23:22:00Z,,TARGET,,,ONE_MINUTE_RESOLVED,2025-03-04T00:00:00Z,,2025-03-04T00:00:00Z,149.53000000000003,2,0.1454545454545274,1.8545454545454727,false,2,PRODUCTION_WOULD_PICK_ANOTHER_ZONE,,false
V2_STRICT,USD/JPY_2025-04-01,USD/JPY,1h,demand,2025-02-27T04:00:00Z,149.22,149.27,149.080002,149.089996,149.175001,149.27,149.175001,149.080002,149.364999,0.09499900000000139,2025-03-04T01:00:00Z,2025-03-04T01:00:00Z,,S2_CLOSE,,,ONE_MINUTE_RESOLVED,,2025-03-04T01:00:00Z,2025-03-04T01:00:00Z,148.94,-2.4737207760082494,0.16842282550342388,-2.6421436015116733,true,2,TOUCH_BAR_CLOSED_BEYOND_S2;PRODUCTION_WOULD_PICK_ANOTHER_ZONE,,false
V2_STRICT,USD/JPY_2025-04-01,USD/JPY,1h,demand,2025-02-26T00:00:00Z,149.050003,149.089996,148.62,148.89999,148.85499800000002,149.089996,148.85499800000002,148.62,149.32499400000006,0.2349980000000187,2025-03-04T02:00:00Z,2025-03-04T02:05:00Z,,TARGET,,,ONE_MINUTE_RESOLVED,2025-03-04T02:39:00Z,,2025-03-04T02:00:00Z,149.32499400000006,2,0.06808568583561872,1.9319143141643813,false,2,,,false
V2_STRICT,USD/JPY_2025-04-01,USD/JPY,4h,demand,2024-12-03T12:00:00Z,149.73,149.88,148.64,149.14999,149.26,149.88,149.26,148.64,150.5,0.6200000000000045,2025-03-04T04:00:00Z,2025-03-04T05:03:00Z,,S2_CLOSE,,,HTF_UNAMBIGUOUS,,2025-03-04T08:00:00Z,2025-03-04T08:00:00Z,148.36,-1.4516129032257592,0.02580645161290304,-1.4774193548386623,false,1,,,false
V2_STRICT,USD/JPY_2025-04-01,USD/JPY,4h,supply,2025-03-04T04:00:00Z,149.17,149.57001,148.92999,149.35001,148.92999,149.25,149.25,149.57001,148.60998,0.32000999999999635,2025-03-04T16:00:00Z,2025-03-04T19:07:00Z,,S2_CLOSE,,,HTF_UNAMBIGUOUS,,2025-03-04T20:00:00Z,2025-03-04T20:00:00Z,149.84,-1.8436923846130124,0.04999843754882717,-1.8936908221618396,false,1,,,false
V2_STRICT,USD/JPY_2025-04-01,USD/JPY,1h,demand,2025-03-04T20:00:00Z,149.31,149.50999,149.0099945,149.10001,149.25999224999998,149.50999,149.25999224999998,149.0099945,149.75998774999994,0.24999774999997726,2025-03-05T09:00:00Z,2025-03-05T09:11:00Z,,S2_CLOSE,,,HTF_UNAMBIGUOUS,,2025-03-05T14:00:00Z,2025-03-05T14:00:00Z,148.42999,-3.320038880350139,0.06400057600518987,-3.3840394563553287,false,1,,,false
V2_STRICT,USD/JPY_2025-04-01,USD/JPY,1h,supply,2025-03-06T23:00:00Z,147.95,148.14999,147.88,148.14999,147.88,148.014995,148.014995,148.14999,147.745005,0.13499500000000353,2025-03-07T18:00:00Z,2025-03-07T18:38:00Z,,TARGET,,,HTF_UNAMBIGUOUS,2025-03-09T22:00:00Z,,2025-03-09T22:00:00Z,147.745005,2,0.11852290825585823,1.8814770917441417,false,1,,,false
V2_STRICT,USD/JPY_2025-04-01,USD/JPY,1h,supply,2025-03-10T09:00:00Z,147.19,147.36,147.14999,147.23,147.14999,147.254995,147.254995,147.36,147.044985,0.10500500000000557,2025-03-10T15:00:00Z,2025-03-10T15:36:00Z,,TARGET,,,HTF_UNAMBIGUOUS,2025-03-10T17:37:00Z,,2025-03-10T17:00:00Z,147.044985,2,0.15237369649063523,1.8476263035093647,false,1,,,false
V2_STRICT,USD/JPY_2025-04-01,USD/JPY,1h,supply,2025-03-10T09:00:00Z,147.19,147.36,147.14999,147.23,147.14999,147.254995,147.254995,147.36,147.044985,0.10500500000000557,2025-03-10T19:00:00Z,2025-03-10T19:15:00Z,,TARGET,,,HTF_UNAMBIGUOUS,2025-03-10T22:08:00Z,,2025-03-10T22:00:00Z,147.044985,2,0.15237369649063523,1.8476263035093647,false,1,,,false
V2_STRICT,USD/JPY_2025-04-01,USD/JPY,1h,supply,2025-03-10T09:00:00Z,147.19,147.36,147.14999,147.23,147.14999,147.254995,147.254995,147.36,147.044985,0.10500500000000557,2025-03-11T06:00:00Z,2025-03-11T06:00:00Z,,TARGET,,,HTF_UNAMBIGUOUS,2025-03-11T07:36:00Z,,2025-03-11T07:00:00Z,147.044985,2,0.15237369649063523,1.8476263035093647,false,2,,,false
V2_STRICT,USD/JPY_2025-04-01,USD/JPY,1h,supply,2025-03-10T09:00:00Z,147.19,147.36,147.14999,147.23,147.14999,147.254995,147.254995,147.36,147.044985,0.10500500000000557,2025-03-11T08:00:00Z,2025-03-11T08:46:00Z,,S2_CLOSE,,,HTF_UNAMBIGUOUS,,2025-03-11T09:00:00Z,2025-03-11T09:00:00Z,147.38,-1.1904671206131208,0.15237369649063523,-1.342840817103756,false,2,,,false
V2_STRICT,USD/JPY_2025-04-01,USD/JPY,1h,supply,2025-03-10T06:00:00Z,147.52,147.75999,147.50999,147.7,147.50999,147.63499,147.63499,147.75999,147.38499,0.125,2025-03-11T11:00:00Z,2025-03-11T11:30:00Z,,TARGET,,,HTF_UNAMBIGUOUS,2025-03-11T12:31:00Z,,2025-03-11T12:00:00Z,147.38499,2,0.128,1.8719999999999999,false,1,,,false
V2_STRICT,USD/JPY_2025-04-01,USD/JPY,4h,supply,2025-03-06T12:00:00Z,147.83,148.32001,147.32001,148.24001,147.32001,147.82001,147.82001,148.32001,146.82001,0.5,2025-03-11T12:00:00Z,2025-03-11T12:57:00Z,,S2_CLOSE,,,HTF_UNAMBIGUOUS,,2025-03-12T04:00:00Z,2025-03-12T04:00:00Z,148.59,-1.5399800000000141,0.032,-1.5719800000000141,false,2,,,false
V2_STRICT,USD/JPY_2025-04-01,USD/JPY,4h,supply,2025-03-06T00:00:00Z,148.88,149.33,148.86,149.24001,148.86,149.09500000000003,149.09500000000003,149.33,148.62500000000006,0.23499999999998522,2025-03-12T12:00:00Z,2025-03-12T12:56:00Z,,TARGET,,,ONE_MINUTE_RESOLVED,2025-03-12T13:57:00Z,,2025-03-12T12:00:00Z,148.62500000000006,2,0.06808510638298301,1.931914893617017,false,1,,,false
V2_STRICT,USD/JPY_2025-04-01,USD/JPY,1h,supply,2025-03-13T02:00:00Z,148.12,148.24001,148.10001,148.17999,148.10001,148.17001,148.17001,148.24001,148.03000999999995,0.0700000000000216,2025-03-13T09:00:00Z,2025-03-13T09:48:00Z,,TARGET,,,HTF_UNAMBIGUOUS,2025-03-13T11:19:00Z,,2025-03-13T11:00:00Z,148.03000999999995,2,0.22857142857135804,1.771428571428642,false,1,,,false
V2_STRICT,USD/JPY_2025-04-01,USD/JPY,1h,supply,2025-03-13T02:00:00Z,148.12,148.24001,148.10001,148.17999,148.10001,148.17001,148.17001,148.24001,148.03000999999995,0.0700000000000216,2025-03-13T13:00:00Z,2025-03-13T13:00:00Z,,TARGET,,,ONE_MINUTE_RESOLVED,2025-03-13T13:58:00Z,,2025-03-13T13:00:00Z,148.03000999999995,2,0.22857142857135804,1.771428571428642,false,1,,,false
V2_STRICT,USD/JPY_2025-04-01,USD/JPY,1h,supply,2025-03-13T12:00:00Z,147.99001,148.25,147.82001,148.21001,147.82001,148.035005,148.035005,148.25,147.60501500000004,0.2149949999999876,2025-03-14T00:00:00Z,2025-03-14T00:25:00Z,,S2_CLOSE,,,ONE_MINUTE_RESOLVED,,2025-03-14T00:00:00Z,2025-03-14T00:00:00Z,148.3,-1.2325635479895545,0.07442033535664049,-1.3069838833461949,true,3,TOUCH_BAR_CLOSED_BEYOND_S2,,false
V2_STRICT,USD/JPY_2025-04-01,USD/JPY,1h,demand,2025-03-14T01:00:00Z,148.3,148.42999,148.16,148.17999,148.294995,148.42999,148.294995,148.16,148.564985,0.13499500000000353,2025-03-14T16:00:00Z,2025-03-14T16:14:00Z,,TARGET,,,HTF_UNAMBIGUOUS,2025-03-14T18:39:00Z,,2025-03-14T18:00:00Z,148.564985,2,0.11852290825585823,1.8814770917441417,false,1,,,false
V2_STRICT,USD/JPY_2025-04-01,USD/JPY,1h,demand,2025-03-16T22:00:00Z,148.75999,148.8,148.57001,148.57001,148.685005,148.8,148.685005,148.57001,148.91499499999998,0.1149949999999933,2025-03-17T08:00:00Z,2025-03-17T08:06:00Z,,TARGET,,,ONE_MINUTE_RESOLVED,2025-03-17T08:21:00Z,,2025-03-17T08:00:00Z,148.91499499999998,2,0.1391364841949731,1.8608635158050268,false,1,,,false
V2_STRICT,USD/JPY_2025-04-01,USD/JPY,1h,demand,2025-03-17T01:00:00Z,148.78999,148.89999,148.56,148.62,148.729995,148.89999,148.729995,148.56,149.069985,0.16999500000000012,2025-03-17T09:00:00Z,2025-03-17T09:39:00Z,,S2_CLOSE,,,HTF_UNAMBIGUOUS,,2025-03-17T10:00:00Z,2025-03-17T10:00:00Z,148.5,-1.35295155739876,0.09412041530633247,-1.4470719727050925,false,1,,,false
V2_STRICT,USD/JPY_2025-04-01,USD/JPY,1h,demand,2025-03-14T16:00:00Z,148.52,148.53,148.25999,148.36,148.394995,148.53,148.394995,148.25999,148.665005,0.1350050000000067,2025-03-17T12:00:00Z,2025-03-17T12:30:00Z,,AMBIGUOUS,CLOSED_AT_TARGET,TARGET,HTF_UNAMBIGUOUS,2025-03-17T13:00:00Z,,2025-03-17T13:00:00Z,148.665005,2,0.11851412910632352,,false,1,,,true
V2_STRICT,USD/JPY_2025-04-01,USD/JPY,4h,supply,2025-03-06T00:00:00Z,148.88,149.33,148.86,149.24001,148.86,149.09500000000003,149.09500000000003,149.33,148.62500000000006,0.23499999999998522,2025-03-17T16:00:00Z,2025-03-17T18:45:00Z,,S2_CLOSE,,,HTF_UNAMBIGUOUS,,2025-03-17T20:00:00Z,2025-03-17T20:00:00Z,149.39999,-1.2978297872340188,0.06808510638298301,-1.3659148936170018,false,1,,,false
V2_STRICT,USD/JPY_2025-04-01,USD/JPY,1h,supply,2025-03-05T12:00:00Z,149.41,149.50999,149.16,149.50999,149.16,149.334995,149.334995,149.50999,148.985005,0.17499499999999557,2025-03-18T00:00:00Z,2025-03-18T00:08:00Z,,S2_CLOSE,,,HTF_UNAMBIGUOUS,,2025-03-18T02:00:00Z,2025-03-18T02:00:00Z,149.67,-1.9143689819709353,0.09143118374810941,-2.0058001657190445,false,2,,,false
V2_STRICT,USD/JPY_2025-04-01,USD/JPY,4h,supply,2025-03-05T00:00:00Z,149.83,150.17999,149.58,149.97,149.58,149.879995,149.879995,150.17999,149.28000500000002,0.29999499999999557,2025-03-18T08:00:00Z,2025-03-18T08:05:00Z,,TARGET,,,HTF_UNAMBIGUOUS,2025-03-18T17:06:00Z,,2025-03-18T16:00:00Z,149.28000500000002,2,0.05333422223703807,1.946665777762962,false,1,,,false
V2_STRICT,USD/JPY_2025-04-01,USD/JPY,1h,demand,2025-03-17T19:00:00Z,149.17999,149.28,149.14,149.16,149.20999999999998,149.28,149.20999999999998,149.14,149.34999999999997,0.06999999999999318,2025-03-18T19:00:00Z,2025-03-18T19:01:00Z,,TARGET,,,HTF_UNAMBIGUOUS,2025-03-18T20:01:00Z,,2025-03-18T20:00:00Z,149.34999999999997,2,0.22857142857145085,1.7714285714285491,false,2,,,false
V2_STRICT,USD/JPY_2025-04-01,USD/JPY,1h,demand,2025-03-19T03:00:00Z,149.42,149.52,149.3,149.32001,149.41000000000003,149.52,149.41000000000003,149.3,149.63000000000005,0.11000000000001364,2025-03-19T07:00:00Z,2025-03-19T07:02:00Z,,TARGET,,,ONE_MINUTE_RESOLVED,2025-03-19T07:16:00Z,,2025-03-19T07:00:00Z,149.63000000000005,2,0.1454545454545274,1.8545454545454727,false,5,TOUCH_BAR_CLOSED_BEYOND_S2;PRODUCTION_WOULD_PICK_ANOTHER_ZONE,,false
V2_STRICT,USD/JPY_2025-04-01,USD/JPY,4h,supply,2025-03-05T00:00:00Z,149.83,150.17999,149.58,149.97,149.58,149.879995,149.879995,150.17999,149.28000500000002,0.29999499999999557,2025-03-19T08:00:00Z,2025-03-19T11:14:00Z,,TARGET,,,HTF_UNAMBIGUOUS,2025-03-19T18:23:00Z,,2025-03-19T16:00:00Z,149.28000500000002,2,0.05333422223703807,1.946665777762962,false,1,,,false
V2_STRICT,USD/JPY_2025-04-01,USD/JPY,1h,demand,2025-03-17T19:00:00Z,149.17999,149.28,149.14,149.16,149.20999999999998,149.28,149.20999999999998,149.14,149.34999999999997,0.06999999999999318,2025-03-19T18:00:00Z,2025-03-19T18:36:00Z,,S2_CLOSE,,,ONE_MINUTE_RESOLVED,,2025-03-19T18:00:00Z,2025-03-19T18:00:00Z,148.83,-5.428571428571487,0.22857142857145085,-5.657142857142937,true,4,TOUCH_BAR_CLOSED_BEYOND_S2,,false
V2_STRICT,USD/JPY_2025-04-01,USD/JPY,1h,demand,2025-03-14T01:00:00Z,148.3,148.42999,148.16,148.17999,148.294995,148.42999,148.294995,148.16,148.564985,0.13499500000000353,2025-03-20T00:00:00Z,2025-03-20T00:54:00Z,,TARGET,,,HTF_UNAMBIGUOUS,2025-03-20T07:37:00Z,,2025-03-20T07:00:00Z,148.564985,2,0.11852290825585823,1.8814770917441417,false,2,,,false
V2_STRICT,USD/JPY_2025-04-01,USD/JPY,1h,supply,2025-03-19T19:00:00Z,148.84,149.14,148.77,148.85001,148.77,148.95499999999998,148.95499999999998,149.14,148.58499999999998,0.18500000000000227,2025-03-20T15:00:00Z,2025-03-20T15:47:00Z,,S2_CLOSE,,,HTF_UNAMBIGUOUS,,2025-03-21T03:00:00Z,2025-03-21T03:00:00Z,149.21001,-1.3784324324325616,0.08648648648648542,-1.464918918919047,false,2,,,false
V2_STRICT,USD/JPY_2025-04-01,USD/JPY,1h,demand,2025-03-21T02:00:00Z,149.089996,149.10001,148.92999,149.070007,149.015,149.10001,149.015,148.92999,149.18501999999995,0.08500999999998271,2025-03-21T11:00:00Z,2025-03-21T11:28:00Z,,S2_CLOSE,,,ONE_MINUTE_RESOLVED,,2025-03-21T11:00:00Z,2025-03-21T11:00:00Z,148.89,-1.4704152452655619,0.18821315139399195,-1.6586283966595539,true,1,TOUCH_BAR_CLOSED_BEYOND_S2,,false
V2_STRICT,USD/JPY_2025-04-01,USD/JPY,1h,demand,2025-03-20T23:00:00Z,148.72,148.77,148.59,148.62,148.68,148.77,148.68,148.59,148.86,0.09000000000000341,2025-03-21T12:00:00Z,2025-03-21T12:41:00Z,,TARGET,,,HTF_UNAMBIGUOUS,2025-03-21T13:30:00Z,,2025-03-21T13:00:00Z,148.86,2,0.17777777777777104,1.822222222222229,false,1,,,false
V2_STRICT,USD/JPY_2025-04-01,USD/JPY,4h,supply,2025-03-05T00:00:00Z,149.83,150.17999,149.58,149.97,149.58,149.879995,149.879995,150.17999,149.28000500000002,0.29999499999999557,2025-03-24T12:00:00Z,2025-03-24T13:40:00Z,,S2_CLOSE,,,ONE_MINUTE_RESOLVED,,2025-03-24T12:00:00Z,2025-03-24T12:00:00Z,150.74001,-2.8667644460741575,0.05333422223703807,-2.9200986683111956,true,4,TOUCH_BAR_CLOSED_BEYOND_S2;PRODUCTION_WOULD_PICK_ANOTHER_ZONE,,false
V2_STRICT,USD/JPY_2025-04-01,USD/JPY,1h,demand,2025-03-24T16:00:00Z,150.73,150.75999,150.53,150.57001,150.644995,150.75999,150.644995,150.53,150.87498499999998,0.1149949999999933,2025-03-24T21:00:00Z,2025-03-24T21:02:00Z,,TARGET,,,HTF_UNAMBIGUOUS,2025-03-25T00:01:00Z,,2025-03-25T00:00:00Z,150.87498499999998,2,0.1391364841949731,1.8608635158050268,false,1,,,false
V2_STRICT,USD/JPY_2025-04-01,USD/JPY,1h,demand,2025-03-24T16:00:00Z,150.73,150.75999,150.53,150.57001,150.644995,150.75999,150.644995,150.53,150.87498499999998,0.1149949999999933,2025-03-25T01:00:00Z,2025-03-25T01:47:00Z,,S2_CLOSE,,,HTF_UNAMBIGUOUS,,2025-03-25T05:00:00Z,2025-03-25T05:00:00Z,150.42999,-1.869689986521182,0.1391364841949731,-2.008826470716155,false,2,,,false
V2_STRICT,USD/JPY_2025-04-01,USD/JPY,1h,demand,2025-03-24T09:00:00Z,149.62,149.72,149.52,149.57001,149.62,149.72,149.62,149.52,149.82,0.09999999999999432,2025-03-25T15:00:00Z,2025-03-25T15:20:00Z,,TARGET,,,HTF_UNAMBIGUOUS,2025-03-25T16:05:00Z,,2025-03-25T16:00:00Z,149.82,2,0.1600000000000091,1.839999999999991,false,1,,,false
V2_STRICT,USD/JPY_2025-04-01,USD/JPY,4h,supply,2025-03-03T08:00:00Z,150.17999,151.23,149.95,151.2,149.95,150.58999999999997,150.58999999999997,151.23,149.30999999999995,0.6400000000000148,2025-03-26T04:00:00Z,2025-03-26T05:04:00Z,,TARGET,,,HTF_UNAMBIGUOUS,2025-03-30T23:34:00Z,,2025-03-30T20:00:00Z,149.30999999999995,2,0.024999999999999422,1.9750000000000005,false,1,,,false
V2_STRICT,USD/JPY_2025-04-01,USD/JPY,1h,demand,2025-03-21T18:00:00Z,149.23,149.32001,149.17999,149.22,149.25,149.32001,149.25,149.17999,149.39002,0.07000999999999635,2025-03-31T01:00:00Z,2025-03-31T01:00:00Z,,S2_CLOSE,,,ONE_MINUTE_RESOLVED,,2025-03-31T01:00:00Z,2025-03-31T01:00:00Z,149.16,-1.2855306384803329,0.22853878017427273,-1.5140694186546055,true,2,TOUCH_BAR_CLOSED_BEYOND_S2,,false
V2_STRICT,USD/JPY_2025-04-01,USD/JPY,1h,supply,2025-03-30T23:00:00Z,149.48,149.63,149.3,149.62,149.3,149.465,149.465,149.63,149.13500000000002,0.16499999999999204,2025-03-31T12:00:00Z,2025-03-31T12:20:00Z,,S2_CLOSE,,,HTF_UNAMBIGUOUS,,2025-03-31T13:00:00Z,2025-03-31T13:00:00Z,149.67,-1.2424242424242058,0.09696969696970165,-1.3393939393939074,false,1,,,false
V2_STRICT,USD/JPY_2025-04-01,USD/JPY,1h,supply,2025-03-28T20:00:00Z,149.75,149.89,149.69,149.81,149.69,149.79,149.79,149.89,149.59,0.09999999999999432,2025-03-31T15:00:00Z,2025-03-31T15:25:00Z,,S2_CLOSE,,,ONE_MINUTE_RESOLVED,,2025-03-31T15:00:00Z,2025-03-31T15:00:00Z,149.91,-1.2000000000001136,0.1600000000000091,-1.3600000000001227,true,1,TOUCH_BAR_CLOSED_BEYOND_S2,,false
V2_STRICT,USD/JPY_2025-07-01,USD/JPY,1h,supply,2025-05-06T09:00:00Z,143.129,143.35201,143.063004,143.302,143.063004,143.20750700000002,143.20750700000002,143.35201,142.91850100000005,0.14450299999998606,2025-05-07T04:00:00Z,2025-05-07T04:46:00Z,,TARGET,,,HTF_UNAMBIGUOUS,2025-05-07T06:27:00Z,,2025-05-07T06:00:00Z,142.91850100000005,2,0.11072434482330155,1.8892756551766985,false,1,,,false
V2_STRICT,USD/JPY_2025-07-01,USD/JPY,1h,supply,2025-05-06T09:00:00Z,143.129,143.35201,143.063004,143.302,143.063004,143.20750700000002,143.20750700000002,143.35201,142.91850100000005,0.14450299999998606,2025-05-07T08:00:00Z,2025-05-07T08:01:00Z,,S2_CLOSE,,,HTF_UNAMBIGUOUS,,2025-05-07T11:00:00Z,2025-05-07T11:00:00Z,143.39101,-1.2698905905067095,0.11072434482330155,-1.380614935330011,false,1,,,false
V2_STRICT,USD/JPY_2025-07-01,USD/JPY,1h,supply,2025-05-06T05:00:00Z,143.711,143.832,143.69099,143.79601,143.69099,143.761495,143.761495,143.832,143.620485,0.07050499999999715,2025-05-07T18:00:00Z,2025-05-07T18:46:00Z,,TARGET,,,ONE_MINUTE_RESOLVED,2025-05-07T18:48:00Z,,2025-05-07T18:00:00Z,143.620485,2,0.22693425998157077,1.7730657400184293,false,1,,,false
V2_STRICT,USD/JPY_2025-07-01,USD/JPY,1h,supply,2025-05-06T05:00:00Z,143.711,143.832,143.69099,143.79601,143.69099,143.761495,143.761495,143.832,143.620485,0.07050499999999715,2025-05-07T21:00:00Z,2025-05-07T21:03:00Z,,S2_CLOSE,,,HTF_UNAMBIGUOUS,,2025-05-07T22:00:00Z,2025-05-07T22:00:00Z,143.895,-1.8935536486776703,0.22693425998157077,-2.120487908659241,false,1,,,false
V2_STRICT,USD/JPY_2025-07-01,USD/JPY,4h,supply,2025-04-07T13:00:00Z,146.98,148.11,146.50999,147.94,146.50999,147.30999500000001,147.30999500000001,148.11,145.70998500000002,0.8000049999999987,2025-05-12T05:00:00Z,2025-05-12T07:24:00Z,,S2_CLOSE,,,HTF_UNAMBIGUOUS,,2025-05-12T13:00:00Z,2025-05-12T13:00:00Z,148.511,-1.5012468672070582,0.019999875000781278,-1.5212467422078395,false,3,,,false
V2_STRICT,USD/JPY_2025-07-01,USD/JPY,1h,demand,2025-05-12T11:00:00Z,148.40199,148.41499,147.862,147.87801,148.13849499999998,148.41499,148.13849499999998,147.862,148.69148499999994,0.27649499999998284,2025-05-13T00:00:00Z,2025-05-13T00:04:00Z,,S2_CLOSE,,,ONE_MINUTE_RESOLVED,,2025-05-13T00:00:00Z,2025-05-13T00:00:00Z,147.814,-1.1736016926165205,0.057867230872171264,-1.2314689234886917,true,1,TOUCH_BAR_CLOSED_BEYOND_S2,,false
V2_STRICT,USD/JPY_2025-07-01,USD/JPY,1h,demand,2025-05-12T08:00:00Z,147.91499,148.228,147.621,147.755,147.92450000000002,148.228,147.92450000000002,147.621,148.53150000000005,0.30350000000001387,2025-05-13T01:00:00Z,2025-05-13T01:10:00Z,,S2_CLOSE,,,HTF_UNAMBIGUOUS,,2025-05-13T16:00:00Z,2025-05-13T16:00:00Z,147.60699,-1.0461614497529244,0.05271828665568128,-1.0988797364086056,false,1,,,false
V2_STRICT,USD/JPY_2025-07-01,USD/JPY,1h,demand,2025-05-12T03:00:00Z,145.84801,145.91499,145.71899,145.72701,145.81698999999998,145.91499,145.81698999999998,145.71899,146.01298999999995,0.09799999999998477,2025-05-14T09:00:00Z,2025-05-14T09:24:00Z,,TARGET,,,HTF_UNAMBIGUOUS,2025-05-14T10:36:00Z,,2025-05-14T10:00:00Z,146.01298999999995,2,0.16326530612247436,1.8367346938775255,false,1,,,false
V2_STRICT,USD/JPY_2025-07-01,USD/JPY,1h,demand,2025-05-12T03:00:00Z,145.84801,145.91499,145.71899,145.72701,145.81698999999998,145.91499,145.81698999999998,145.71899,146.01298999999995,0.09799999999998477,2025-05-14T13:00:00Z,2025-05-14T13:50:00Z,,TARGET,,,ONE_MINUTE_RESOLVED,2025-05-14T13:58:00Z,,2025-05-14T13:00:00Z,146.01298999999995,2,0.16326530612247436,1.8367346938775255,false,1,,,false
V2_STRICT,USD/JPY_2025-07-01,USD/JPY,1h,supply,2025-05-14T06:00:00Z,147.063995,147.215,146.95599,147.15601,146.95599,147.085495,147.085495,147.215,146.82648500000002,0.12950499999999465,2025-05-14T16:00:00Z,2025-05-14T16:41:00Z,,AMBIGUOUS,CLOSED_AT_TARGET,TARGET,HTF_UNAMBIGUOUS,2025-05-14T17:00:00Z,,2025-05-14T17:00:00Z,146.82648500000002,2,0.12354735338404434,,false,1,,,true
V2_STRICT,USD/JPY_2025-07-01,USD/JPY,4h,demand,2025-05-14T09:00:00Z,146.25,146.394,145.601,146.19099,145.9975,146.394,145.9975,145.601,146.7905,0.3965000000000032,2025-05-15T05:00:00Z,2025-05-15T05:09:00Z,,S2_CLOSE,,,HTF_UNAMBIGUOUS,,2025-05-15T21:00:00Z,2025-05-15T21:00:00Z,145.087006,-2.2963278688524404,0.040353089533417076,-2.3366809583858577,false,1,,,false
V2_STRICT,USD/JPY_2025-07-01,USD/JPY,1h,demand,2025-05-09T11:00:00Z,145.289,145.33,144.927,145.12601,145.1285,145.33,145.1285,144.927,145.53150000000002,0.20150000000001,2025-05-16T02:00:00Z,2025-05-16T02:02:00Z,,TARGET,,,HTF_UNAMBIGUOUS,2025-05-16T09:47:00Z,,2025-05-16T09:00:00Z,145.53150000000002,2,0.07940446650123675,1.9205955334987632,false,4,,,false
V2_STRICT,USD/JPY_2025-07-01,USD/JPY,1h,supply,2025-05-15T17:00:00Z,145.614,145.767,145.554,145.752,145.554,145.6605,145.6605,145.767,145.44750000000005,0.10649999999998272,2025-05-16T11:00:00Z,2025-05-16T11:53:00Z,,TARGET,,,HTF_UNAMBIGUOUS,2025-05-16T13:07:00Z,,2025-05-16T13:00:00Z,145.44750000000005,2,0.15023474178406193,1.849765258215938,false,3,,,false
V2_STRICT,USD/JPY_2025-07-01,USD/JPY,1h,supply,2025-05-15T14:00:00Z,145.79601,146.041,145.409,145.85899,145.409,145.725,145.725,146.041,145.093,0.3160000000000025,2025-05-16T14:00:00Z,2025-05-16T14:13:00Z,,TARGET,,,HTF_UNAMBIGUOUS,2025-05-19T00:33:00Z,,2025-05-19T00:00:00Z,145.093,2,0.05063291139240467,1.9493670886075953,false,2,PRODUCTION_WOULD_PICK_ANOTHER_ZONE,,false
V2_STRICT,USD/JPY_2025-07-01,USD/JPY,1h,demand,2025-05-09T14:00:00Z,145.15401,145.27,144.82001,145.0010071,145.045005,145.27,145.045005,144.82001,145.49499500000002,0.22499500000000694,2025-05-19T01:00:00Z,2025-05-19T01:15:00Z,,S2_CLOSE,,,HTF_UNAMBIGUOUS,,2025-05-19T10:00:00Z,2025-05-19T10:00:00Z,144.799,-1.0933798528855714,0.07111269139313987,-1.1644925442787113,false,1,,,false
V2_STRICT,USD/JPY_2025-07-01,USD/JPY,1h,supply,2025-05-19T04:00:00Z,145.23801,145.345,145.216,145.313,145.216,145.28050000000002,145.28050000000002,145.345,145.15150000000006,0.06449999999998113,2025-05-20T00:00:00Z,2025-05-20T00:19:00Z,,TARGET,,,HTF_UNAMBIGUOUS,2025-05-20T01:01:00Z,,2025-05-20T01:00:00Z,145.15150000000006,2,0.24806201550394855,1.7519379844960514,false,2,PRODUCTION_WOULD_PICK_ANOTHER_ZONE,,false
V2_STRICT,USD/JPY_2025-07-01,USD/JPY,1h,supply,2025-05-19T04:00:00Z,145.23801,145.345,145.216,145.313,145.216,145.28050000000002,145.28050000000002,145.345,145.15150000000006,0.06449999999998113,2025-05-20T02:00:00Z,2025-05-20T02:57:00Z,,AMBIGUOUS,CLOSED_AT_TARGET,TARGET,HTF_UNAMBIGUOUS,2025-05-20T03:00:00Z,,2025-05-20T03:00:00Z,145.15150000000006,2,0.24806201550394855,,false,1,,,true
V2_STRICT,USD/JPY_2025-07-01,USD/JPY,4h,demand,2025-05-08T09:00:00Z,144.80701,145.0050049,144.508,144.685,144.75650245,145.0050049,144.75650245,144.508,145.25350734999998,0.2485024499999895,2025-05-20T05:00:00Z,2025-05-20T05:00:00Z,,S2_CLOSE,,,ONE_MINUTE_RESOLVED,,2025-05-20T05:00:00Z,2025-05-20T05:00:00Z,144.48199,-1.1046669761204155,0.06438568311902228,-1.169052659239438,true,1,TOUCH_BAR_CLOSED_BEYOND_S2,,false
V2_STRICT,USD/JPY_2025-07-01,USD/JPY,1h,demand,2025-05-08T01:00:00Z,143.85201,143.897,143.44,143.504,143.6685,143.897,143.6685,143.44,144.1255,0.22849999999999682,2025-05-21T04:00:00Z,2025-05-21T04:46:00Z,,TARGET,,,HTF_UNAMBIGUOUS,2025-05-21T08:27:00Z,,2025-05-21T08:00:00Z,144.1255,2,0.07002188183807538,1.9299781181619247,false,2,,,false
V2_STRICT,USD/JPY_2025-07-01,USD/JPY,1h,demand,2025-05-08T01:00:00Z,143.85201,143.897,143.44,143.504,143.6685,143.897,143.6685,143.44,144.1255,0.22849999999999682,2025-05-21T10:00:00Z,2025-05-21T10:23:00Z,,TARGET,,,HTF_UNAMBIGUOUS,2025-05-21T22:11:00Z,,2025-05-21T22:00:00Z,144.1255,2,0.07002188183807538,1.9299781181619247,false,2,,,false
V2_STRICT,USD/JPY_2025-07-01,USD/JPY,1h,demand,2025-05-08T01:00:00Z,143.85201,143.897,143.44,143.504,143.6685,143.897,143.6685,143.44,144.1255,0.22849999999999682,2025-05-22T00:00:00Z,2025-05-22T00:00:00Z,,S2_CLOSE,,,HTF_UNAMBIGUOUS,,2025-05-22T01:00:00Z,2025-05-22T01:00:00Z,143.34599,-1.4114223194748297,0.07002188183807538,-1.481444201312905,false,2,PRODUCTION_WOULD_PICK_ANOTHER_ZONE,,false
V2_STRICT,USD/JPY_2025-07-01,USD/JPY,1h,demand,2025-05-07T13:00:00Z,143.35201,143.36,143.112,143.209,143.236,143.36,143.236,143.112,143.48399999999998,0.12399999999999523,2025-05-22T02:00:00Z,2025-05-22T02:17:00Z,,S2_CLOSE,,,HTF_UNAMBIGUOUS,,2025-05-22T07:00:00Z,2025-05-22T07:00:00Z,143.048996,-1.5080967741936204,0.1290322580645211,-1.6371290322581415,false,1,,,false
V2_STRICT,USD/JPY_2025-07-01,USD/JPY,1h,supply,2025-05-21T01:00:00Z,144.17,144.351,144.035004,144.209,144.035004,144.19300199999998,144.19300199999998,144.351,143.87700599999994,0.1579980000000205,2025-05-22T17:00:00Z,2025-05-22T17:19:00Z,,TARGET,,,HTF_UNAMBIGUOUS,2025-05-22T22:08:00Z,,2025-05-22T22:00:00Z,143.87700599999994,2,0.10126710464688111,1.8987328953531188,false,2,,,false
V2_STRICT,USD/JPY_2025-07-01,USD/JPY,1h,demand,2025-05-06T13:00:00Z,142.511,142.752,142.349,142.463,142.5505,142.752,142.5505,142.349,142.95350000000002,0.20150000000001,2025-05-23T11:00:00Z,2025-05-23T11:50:00Z,,S2_CLOSE,,,HTF_UNAMBIGUOUS,,2025-05-26T02:00:00Z,2025-05-26T02:00:00Z,142.342,-1.0347394540941748,0.07940446650123675,-1.1141439205954116,false,2,,,false
V2_STRICT,USD/JPY_2025-07-01,USD/JPY,4h,demand,2025-05-06T17:00:00Z,142.724,142.737,142.347,142.414,142.542,142.737,142.542,142.347,142.932,0.19499999999999318,2025-05-26T05:00:00Z,2025-05-26T05:00:00Z,,TARGET,,,HTF_UNAMBIGUOUS,2025-05-26T09:04:00Z,,2025-05-26T09:00:00Z,142.932,2,0.08205128205128492,1.9179487179487151,false,1,,,false
V2_STRICT,USD/JPY_2025-07-01,USD/JPY,1h,supply,2025-05-25T23:00:00Z,142.785,142.935,142.748,142.827,142.748,142.8415,142.8415,142.935,142.65449999999998,0.09350000000000591,2025-05-26T10:00:00Z,2025-05-26T10:01:00Z,,S2_CLOSE,,,HTF_UNAMBIGUOUS,,2025-05-26T12:00:00Z,2025-05-26T12:00:00Z,142.97501,-1.4279144385025955,0.1711229946523956,-1.599037433154991,false,1,,,false
V2_STRICT,USD/JPY_2025-07-01,USD/JPY,1h,supply,2025-05-26T12:00:00Z,142.93201,143.033997,142.862,142.97501,142.862,142.94799849999998,142.94799849999998,143.033997,142.77600149999995,0.08599850000001652,2025-05-26T21:00:00Z,2025-05-26T21:06:00Z,,TARGET,,,ONE_MINUTE_RESOLVED,2025-05-26T21:18:00Z,,2025-05-26T21:00:00Z,142.77600149999995,2,0.18604975668176685,1.813950243318233,false,1,,,false
V2_STRICT,USD/JPY_2025-07-01,USD/JPY,4h,demand,2025-05-06T17:00:00Z,142.724,142.737,142.347,142.414,142.542,142.737,142.542,142.347,142.932,0.19499999999999318,2025-05-26T21:00:00Z,2025-05-27T00:03:00Z,,S2_CLOSE,,,ONE_MINUTE_RESOLVED,,2025-05-26T21:00:00Z,2025-05-26T21:00:00Z,142.27699,-1.359025641025635,0.08205128205128492,-1.4410769230769198,true,3,TOUCH_BAR_CLOSED_BEYOND_S2;PRODUCTION_WOULD_PICK_ANOTHER_ZONE,,false
V2_STRICT,USD/JPY_2025-07-01,USD/JPY,1h,demand,2025-04-29T21:00:00Z,142.265,142.30499,142.14799,142.26401,142.22649,142.30499,142.22649,142.14799,142.38349000000005,0.07850000000001955,2025-05-27T02:00:00Z,2025-05-27T02:12:00Z,,TARGET,,,ONE_MINUTE_RESOLVED,2025-05-27T02:53:00Z,,2025-05-27T02:00:00Z,142.38349000000005,2,0.20382165605090466,1.7961783439490953,false,1,,,false
V2_STRICT,USD/JPY_2025-07-01,USD/JPY,1h,supply,2025-05-26T20:00:00Z,142.771,142.84399,142.754,142.828,142.754,142.798995,142.798995,142.84399,142.709005,0.04499500000000012,2025-05-27T04:00:00Z,2025-05-27T04:48:00Z,,S2_CLOSE,,,ONE_MINUTE_RESOLVED,,2025-05-27T04:00:00Z,2025-05-27T04:00:00Z,142.855,-1.2446938548727375,0.3555950661184567,-1.6002889209911944,true,1,TOUCH_BAR_CLOSED_BEYOND_S2,,false
V2_STRICT,USD/JPY_2025-07-01,USD/JPY,1h,supply,2025-05-26T12:00:00Z,142.93201,143.033997,142.862,142.97501,142.862,142.94799849999998,142.94799849999998,143.033997,142.77600149999995,0.08599850000001652,2025-05-27T05:00:00Z,2025-05-27T05:01:00Z,,S2_CLOSE,,,ONE_MINUTE_RESOLVED,,2025-05-27T05:00:00Z,2025-05-27T05:00:00Z,143.256,-3.5814752582889025,0.18604975668176685,-3.767525014970669,true,5,TOUCH_BAR_CLOSED_BEYOND_S2;PRODUCTION_WOULD_PICK_ANOTHER_ZONE,,false
V2_STRICT,USD/JPY_2025-07-01,USD/JPY,1h,supply,2025-05-23T06:00:00Z,143.424,143.564,143.33,143.42799,143.33,143.447,143.447,143.564,143.21300000000002,0.11699999999999022,2025-05-27T07:00:00Z,2025-05-27T07:00:00Z,,S2_CLOSE,,,ONE_MINUTE_RESOLVED,,2025-05-27T07:00:00Z,2025-05-27T07:00:00Z,143.742,-2.521367521367625,0.13675213675214817,-2.6581196581197735,true,3,TOUCH_BAR_CLOSED_BEYOND_S2;PRODUCTION_WOULD_PICK_ANOTHER_ZONE,,false
V2_STRICT,USD/JPY_2025-07-01,USD/JPY,1h,supply,2025-05-23T00:00:00Z,143.854,144.014008,143.748,143.86301,143.748,143.881004,143.881004,144.014008,143.614996,0.13300399999999968,2025-05-27T09:00:00Z,2025-05-27T09:01:00Z,,S2_CLOSE,,,HTF_UNAMBIGUOUS,,2025-05-27T10:00:00Z,2025-05-27T10:00:00Z,144.142,-1.9623169227993624,0.12029713392078463,-2.082614056720147,false,4,PRODUCTION_WOULD_PICK_ANOTHER_ZONE,,false
V2_STRICT,USD/JPY_2025-07-01,USD/JPY,1h,demand,2025-05-27T12:00:00Z,144.091995,144.188,144.0050049,144.024002,144.09650245,144.188,144.09650245,144.0050049,144.27949755000003,0.09149755000001392,2025-05-28T00:00:00Z,2025-05-28T00:00:00Z,,TARGET,,,HTF_UNAMBIGUOUS,2025-05-28T01:05:00Z,,2025-05-28T01:00:00Z,144.27949755000003,2,0.17486807023791967,1.8251319297620803,false,1,,,false
V2_STRICT,USD/JPY_2025-07-01,USD/JPY,4h,supply,2025-05-20T13:00:00Z,144.80901,144.97701,144.509,144.811,144.509,144.74300499999998,144.74300499999998,144.97701,144.27499499999993,0.23400500000002467,2025-05-28T01:00:00Z,2025-05-28T01:09:00Z,,TARGET,,,ONE_MINUTE_RESOLVED,2025-05-28T01:20:00Z,,2025-05-28T01:00:00Z,144.27499499999993,2,0.06837460738017698,1.931625392619823,false,1,,,false
V2_STRICT,USD/JPY_2025-07-01,USD/JPY,1h,demand,2025-05-27T12:00:00Z,144.091995,144.188,144.0050049,144.024002,144.09650245,144.188,144.09650245,144.0050049,144.27949755000003,0.09149755000001392,2025-05-28T07:00:00Z,2025-05-28T07:52:00Z,,TARGET,,,HTF_UNAMBIGUOUS,2025-05-28T10:58:00Z,,2025-05-28T10:00:00Z,144.27949755000003,2,0.17486807023791967,1.8251319297620803,false,1,,,false
V2_STRICT,USD/JPY_2025-07-01,USD/JPY,4h,supply,2025-05-19T21:00:00Z,144.839,145.51401,144.789,145.271,144.789,145.151505,145.151505,145.51401,144.42649499999993,0.36250500000002717,2025-05-28T21:00:00Z,2025-05-28T23:06:00Z,,S2_CLOSE,,,ONE_MINUTE_RESOLVED,,2025-05-28T21:00:00Z,2025-05-28T21:00:00Z,146.091995,-2.594419387318632,0.04413732224382781,-2.63855670956246,true,3,TOUCH_BAR_CLOSED_BEYOND_S2;PRODUCTION_WOULD_PICK_ANOTHER_ZONE,,false
V2_STRICT,USD/JPY_2025-07-01,USD/JPY,4h,supply,2025-05-15T09:00:00Z,145.74899,146.254,145.62801,145.8,145.62801,145.941005,145.941005,146.254,145.315015,0.3129950000000008,2025-05-29T05:00:00Z,2025-05-29T05:46:00Z,,TARGET,,,ONE_MINUTE_RESOLVED,2025-05-29T07:44:00Z,,2025-05-29T05:00:00Z,145.315015,2,0.05111902746050243,1.9488809725394975,false,1,,,false
V2_STRICT,USD/JPY_2025-07-01,USD/JPY,1h,demand,2025-05-28T18:00:00Z,144.88499,145.0079956,144.75,144.83701,144.87899779999998,145.0079956,144.87899779999998,144.75,145.13699339999994,0.12899779999997918,2025-05-29T12:00:00Z,2025-05-29T12:05:00Z,,S2_CLOSE,,,ONE_MINUTE_RESOLVED,,2025-05-29T12:00:00Z,2025-05-29T12:00:00Z,144.433,-3.457406250339606,0.12403312304552933,-3.5814393733851353,true,2,TOUCH_BAR_CLOSED_BEYOND_S2,,false
V2_STRICT,USD/JPY_2025-07-01,USD/JPY,1h,demand,2025-05-27T12:00:00Z,144.091995,144.188,144.0050049,144.024002,144.09650245,144.188,144.09650245,144.0050049,144.27949755000003,0.09149755000001392,2025-05-29T16:00:00Z,2025-05-29T16:00:00Z,,S2_CLOSE,,,HTF_UNAMBIGUOUS,,2025-05-29T18:00:00Z,2025-05-29T18:00:00Z,143.998,-1.0765583340755818,0.17486807023791967,-1.2514264043135015,false,2,,,false
V2_STRICT,USD/JPY_2025-07-01,USD/JPY,1h,demand,2025-05-28T08:00:00Z,144.14999,144.20399,143.991,144.037994,144.097495,144.20399,144.097495,143.991,144.310485,0.10649499999999534,2025-05-29T19:00:00Z,2025-05-29T19:18:00Z,,S2_CLOSE,,,HTF_UNAMBIGUOUS,,2025-05-29T23:00:00Z,2025-05-29T23:00:00Z,143.756,-3.2066763697828433,0.15024179538946147,-3.3569181651723046,false,1,,,false
V2_STRICT,USD/JPY_2025-07-01,USD/JPY,1h,supply,2025-05-29T14:00:00Z,144.36099,144.464,144.14999,144.403,144.14999,144.306995,144.306995,144.464,143.992985,0.15700499999999806,2025-05-30T14:00:00Z,2025-05-30T14:48:00Z,,TARGET,,,HTF_UNAMBIGUOUS,2025-05-30T16:28:00Z,,2025-05-30T16:00:00Z,143.992985,2,0.10190758256106619,1.8980924174389338,false,1,,,false
V2_STRICT,USD/JPY_2025-07-01,USD/JPY,1h,supply,2025-06-02T13:00:00Z,142.83,143.072006,142.823,142.89999,142.823,142.94750299999998,142.94750299999998,143.072006,142.69849699999997,0.12450300000000425,2025-06-03T01:00:00Z,2025-06-03T01:21:00Z,,S2_CLOSE,,,ONE_MINUTE_RESOLVED,,2025-06-03T01:00:00Z,2025-06-03T01:00:00Z,143.129,-1.4577721018770724,0.1285109595752669,-1.5862830614523393,true,2,TOUCH_BAR_CLOSED_BEYOND_S2,,false
V2_STRICT,USD/JPY_2025-07-01,USD/JPY,1h,supply,2025-05-30T20:00:00Z,143.875,144.087997,143.867,144.020996,143.867,143.9774985,143.9774985,144.087997,143.75650149999998,0.1104985000000056,2025-06-03T16:00:00Z,2025-06-03T16:17:00Z,,TARGET,,,HTF_UNAMBIGUOUS,2025-06-03T21:01:00Z,,2025-06-03T21:00:00Z,143.75650149999998,2,0.14479834567889327,1.8552016543211067,false,1,,,false
V2_STRICT,USD/JPY_2025-07-01,USD/JPY,1h,supply,2025-05-30T20:00:00Z,143.875,144.087997,143.867,144.020996,143.867,143.9774985,143.9774985,144.087997,143.75650149999998,0.1104985000000056,2025-06-03T22:00:00Z,2025-06-03T22:00:00Z,,TARGET,,,HTF_UNAMBIGUOUS,2025-06-04T01:32:00Z,,2025-06-04T01:00:00Z,143.75650149999998,2,0.14479834567889327,1.8552016543211067,false,1,,,false
V2_STRICT,USD/JPY_2025-07-01,USD/JPY,1h,supply,2025-05-29T14:00:00Z,144.36099,144.464,144.14999,144.403,144.14999,144.306995,144.306995,144.464,143.992985,0.15700499999999806,2025-06-04T06:00:00Z,2025-06-04T06:07:00Z,,TARGET,,,ONE_MINUTE_RESOLVED,2025-06-04T06:22:00Z,,2025-06-04T06:00:00Z,143.992985,2,0.10190758256106619,1.8980924174389338,false,2,,,false
V2_STRICT,USD/JPY_2025-07-01,USD/JPY,1h,demand,2025-06-04T01:00:00Z,143.99001,144.298,143.662,143.755,143.98000000000002,144.298,143.98000000000002,143.662,144.61600000000004,0.31800000000001205,2025-06-04T07:00:00Z,2025-06-04T07:53:00Z,,S2_CLOSE,,,HTF_UNAMBIGUOUS,,2025-06-04T12:00:00Z,2025-06-04T12:00:00Z,143.554,-1.3396226415094339,0.050314465408803126,-1.389937106918237,false,1,,,false
V2_STRICT,USD/JPY_2025-07-01,USD/JPY,1h,demand,2025-06-03T08:00:00Z,142.827,142.90401,142.67,142.798,142.787005,142.90401,142.787005,142.67,143.021015,0.11700500000000602,2025-06-04T16:00:00Z,2025-06-04T16:09:00Z,,S2_CLOSE,,,ONE_MINUTE_RESOLVED,,2025-06-04T16:00:00Z,2025-06-04T16:00:00Z,142.63499,-1.299217982137498,0.13674629289345905,-1.4359642750309571,true,2,TOUCH_BAR_CLOSED_BEYOND_S2;PRODUCTION_WOULD_PICK_ANOTHER_ZONE,,false
V2_STRICT,USD/JPY_2025-07-01,USD/JPY,1h,supply,2025-05-29T11:00:00Z,145.011002,145.11501,144.87601,145.084,144.87601,144.99551000000002,144.99551000000002,145.11501,144.75651000000005,0.11949999999998795,2025-06-06T15:00:00Z,2025-06-06T15:08:00Z,,TARGET,,,HTF_UNAMBIGUOUS,2025-06-08T23:00:00Z,,2025-06-08T23:00:00Z,144.75651000000005,2,0.13389121338913484,1.8661087866108652,false,1,,,false
V2_STRICT,USD/JPY_2025-07-01,USD/JPY,1h,supply,2025-05-29T11:00:00Z,145.011002,145.11501,144.87601,145.084,144.87601,144.99551000000002,144.99551000000002,145.11501,144.75651000000005,0.11949999999998795,2025-06-10T01:00:00Z,2025-06-10T01:51:00Z,,TARGET,,,HTF_UNAMBIGUOUS,2025-06-10T05:18:00Z,,2025-06-10T05:00:00Z,144.75651000000005,2,0.13389121338913484,1.8661087866108652,false,1,,,false
V2_STRICT,USD/JPY_2025-07-01,USD/JPY,1h,demand,2025-06-09T15:00:00Z,144.612,144.62199,144.34399,144.371,144.48299,144.62199,144.48299,144.34399,144.76099000000002,0.13900000000001,2025-06-10T11:00:00Z,2025-06-10T11:15:00Z,,TARGET,,,HTF_UNAMBIGUOUS,2025-06-10T14:33:00Z,,2025-06-10T14:00:00Z,144.76099000000002,2,0.11510791366905647,1.8848920863309435,false,1,,,false
V2_STRICT,USD/JPY_2025-07-01,USD/JPY,1h,supply,2025-05-29T11:00:00Z,145.011002,145.11501,144.87601,145.084,144.87601,144.99551000000002,144.99551000000002,145.11501,144.75651000000005,0.11949999999998795,2025-06-10T17:00:00Z,2025-06-10T17:02:00Z,,TARGET,,,HTF_UNAMBIGUOUS,2025-06-11T00:16:00Z,,2025-06-11T00:00:00Z,144.75651000000005,2,0.13389121338913484,1.8661087866108652,false,1,,,false
V2_STRICT,USD/JPY_2025-07-01,USD/JPY,1h,supply,2025-05-29T11:00:00Z,145.011002,145.11501,144.87601,145.084,144.87601,144.99551000000002,144.99551000000002,145.11501,144.75651000000005,0.11949999999998795,2025-06-11T01:00:00Z,2025-06-11T01:53:00Z,,S2_CLOSE,,,HTF_UNAMBIGUOUS,,2025-06-11T06:00:00Z,2025-06-11T06:00:00Z,145.127,-1.10033472803346,0.13389121338913484,-1.234225941422595,false,1,,,false
V2_STRICT,USD/JPY_2025-07-01,USD/JPY,4h,supply,2025-05-28T21:00:00Z,144.825,146.10201,144.724,146.091995,144.724,145.413005,145.413005,146.10201,144.03499499999998,0.6890050000000087,2025-06-11T09:00:00Z,2025-06-11T12:04:00Z,,TARGET,,,HTF_UNAMBIGUOUS,2025-06-12T00:46:00Z,,2025-06-11T21:00:00Z,144.03499499999998,2,0.023221892439096663,1.9767781075609034,false,1,,,false
V2_STRICT,USD/JPY_2025-07-01,USD/JPY,1h,demand,2025-06-06T07:00:00Z,144.022003,144.13699,143.798,143.90601,143.96749499999999,144.13699,143.96749499999999,143.798,144.30648499999995,0.16949499999998352,2025-06-12T01:00:00Z,2025-06-12T01:05:00Z,,S2_CLOSE,,,HTF_UNAMBIGUOUS,,2025-06-12T05:00:00Z,2025-06-12T05:00:00Z,143.73199,-1.3894510162542382,0.09439806483967997,-1.4838490810939182,false,3,PRODUCTION_WOULD_PICK_ANOTHER_ZONE,,false
V2_STRICT,USD/JPY_2025-07-01,USD/JPY,1h,demand,2025-06-06T03:00:00Z,143.841,143.85001,143.71201,143.759,143.78100999999998,143.85001,143.78100999999998,143.71201,143.91900999999996,0.0689999999999884,2025-06-12T07:00:00Z,2025-06-12T07:00:00Z,,TARGET,,,ONE_MINUTE_RESOLVED,2025-06-12T07:13:00Z,,2025-06-12T07:00:00Z,143.91900999999996,2,0.23188405797105346,1.7681159420289465,false,1,,,false
V2_STRICT,USD/JPY_2025-07-01,USD/JPY,1h,demand,2025-06-06T03:00:00Z,143.841,143.85001,143.71201,143.759,143.78100999999998,143.85001,143.78100999999998,143.71201,143.91900999999996,0.0689999999999884,2025-06-12T09:00:00Z,2025-06-12T09:11:00Z,,S2_CLOSE,,,ONE_MINUTE_RESOLVED,,2025-06-12T09:00:00Z,2025-06-12T09:00:00Z,143.698,-1.2030434782606827,0.23188405797105346,-1.4349275362317362,true,1,TOUCH_BAR_CLOSED_BEYOND_S2,,false
V2_STRICT,USD/JPY_2025-07-01,USD/JPY,1h,demand,2025-06-05T22:00:00Z,143.519,143.558,143.44299,143.51401,143.500495,143.558,143.500495,143.44299,143.61550499999998,0.057504999999991924,2025-06-12T10:00:00Z,2025-06-12T10:30:00Z,,TARGET,,,HTF_UNAMBIGUOUS,2025-06-12T11:34:00Z,,2025-06-12T11:00:00Z,143.61550499999998,2,0.27823667507177197,1.721763324928228,false,1,,,false
V2_STRICT,USD/JPY_2025-07-01,USD/JPY,1h,demand,2025-06-05T22:00:00Z,143.519,143.558,143.44299,143.51401,143.500495,143.558,143.500495,143.44299,143.61550499999998,0.057504999999991924,2025-06-12T12:00:00Z,2025-06-12T12:30:00Z,,AMBIGUOUS,CLOSED_AT_TARGET,TARGET,HTF_UNAMBIGUOUS,2025-06-12T14:18:00Z,,2025-06-12T14:00:00Z,143.61550499999998,2,0.27823667507177197,,false,1,TOUCH_BAR_CLOSED_BEYOND_S2,,true
V2_STRICT,USD/JPY_2025-07-01,USD/JPY,1h,demand,2025-06-05T02:00:00Z,142.92,142.97301,142.812,142.88901,142.892505,142.97301,142.892505,142.812,143.05351499999998,0.08050499999998806,2025-06-13T00:00:00Z,2025-06-13T00:04:00Z,,AMBIGUOUS,CLOSED_AT_TARGET,TARGET,HTF_UNAMBIGUOUS,2025-06-13T01:00:00Z,,2025-06-13T01:00:00Z,143.05351499999998,2,0.19874541953918853,,false,2,PRODUCTION_WOULD_PICK_ANOTHER_ZONE,,true
V2_STRICT,USD/JPY_2025-07-01,USD/JPY,1h,supply,2025-06-12T14:00:00Z,143.463,143.75301,143.423,143.735,143.423,143.588005,143.588005,143.75301,143.25799500000005,0.16500499999997942,2025-06-13T03:00:00Z,2025-06-13T03:32:00Z,,S2_CLOSE,,,HTF_UNAMBIGUOUS,,2025-06-13T07:00:00Z,2025-06-13T07:00:00Z,143.795,-1.254477137056475,0.09696675858308534,-1.3514438956395602,false,3,,,false
V2_STRICT,USD/JPY_2025-07-01,USD/JPY,1h,supply,2025-06-16T03:00:00Z,144.41299,144.48801,144.33299,144.47701,144.33299,144.4105,144.4105,144.48801,144.25548000000003,0.07750999999998953,2025-06-16T17:00:00Z,2025-06-16T17:46:00Z,,S2_CLOSE,,,HTF_UNAMBIGUOUS,,2025-06-16T18:00:00Z,2025-06-16T18:00:00Z,144.599,-2.4319442652561194,0.20642497742229599,-2.6383692426784155,false,1,,,false
V2_STRICT,USD/JPY_2025-07-01,USD/JPY,4h,supply,2025-06-11T05:00:00Z,145.031998,145.246,144.964,145.065994,144.964,145.10500000000002,145.10500000000002,145.246,144.82300000000004,0.14099999999999113,2025-06-16T21:00:00Z,2025-06-17T00:57:00Z,,TARGET,,,HTF_UNAMBIGUOUS,2025-06-17T01:41:00Z,,2025-06-17T01:00:00Z,144.82300000000004,2,0.11347517730497168,1.8865248226950284,false,1,,,false
V2_STRICT,USD/JPY_2025-07-01,USD/JPY,1h,supply,2025-06-11T13:00:00Z,144.728,145.18401,144.608,145.046005,144.608,144.896005,144.896005,145.18401,144.319995,0.2880049999999983,2025-06-17T03:00:00Z,2025-06-17T03:03:00Z,,S2_CLOSE,,,HTF_UNAMBIGUOUS,,2025-06-17T16:00:00Z,2025-06-17T16:00:00Z,145.22301,-1.135414315723642,0.05555459106612765,-1.1909689067897697,false,1,,,false
V2_STRICT,USD/JPY_2025-07-01,USD/JPY,1h,supply,2025-06-11T11:00:00Z,145.14101,145.336,145.10899,145.28101,145.10899,145.222495,145.222495,145.336,144.995485,0.11350500000000352,2025-06-17T18:00:00Z,2025-06-17T18:01:00Z,,S2_CLOSE,,,ONE_MINUTE_RESOLVED,,2025-06-17T18:00:00Z,2025-06-17T18:00:00Z,145.367,-1.2731157217741644,0.14096295317386462,-1.414078674948029,true,1,TOUCH_BAR_CLOSED_BEYOND_S2,,false
V2_STRICT,USD/JPY_2025-07-01,USD/JPY,1h,demand,2025-06-17T19:00:00Z,145.366,145.383,145.2,145.218,145.29149999999998,145.383,145.29149999999998,145.2,145.47449999999998,0.09149999999999636,2025-06-18T00:00:00Z,2025-06-18T00:06:00Z,,S2_CLOSE,,,HTF_UNAMBIGUOUS,,2025-06-18T01:00:00Z,2025-06-18T01:00:00Z,145.16,-1.4371584699452855,0.17486338797814904,-1.6120218579234344,false,3,PRODUCTION_WOULD_PICK_ANOTHER_ZONE,,false
V2_STRICT,USD/JPY_2025-07-01,USD/JPY,1h,demand,2025-06-17T15:00:00Z,145.185,145.207,145.0099945,145.039001,145.10849725,145.207,145.10849725,145.0099945,145.30550275,0.09850274999999442,2025-06-18T02:00:00Z,2025-06-18T02:21:00Z,,S2_CLOSE,,,HTF_UNAMBIGUOUS,,2025-06-18T06:00:00Z,2025-06-18T06:00:00Z,144.89999,-2.11676577557488,0.1624320133194343,-2.2791977888943142,false,1,,,false
V2_STRICT,USD/JPY_2025-07-01,USD/JPY,1h,demand,2025-06-17T04:00:00Z,144.657,144.67101,144.39799,144.588,144.53449999999998,144.67101,144.53449999999998,144.39799,144.80751999999995,0.13650999999998703,2025-06-18T16:00:00Z,2025-06-18T16:04:00Z,,TARGET,,,HTF_UNAMBIGUOUS,2025-06-18T17:41:00Z,,2025-06-18T17:00:00Z,144.80751999999995,2,0.11720753058385115,1.8827924694161489,false,2,,,false
V2_STRICT,USD/JPY_2025-07-01,USD/JPY,1h,demand,2025-06-17T04:00:00Z,144.657,144.67101,144.39799,144.588,144.53449999999998,144.67101,144.53449999999998,144.39799,144.80751999999995,0.13650999999998703,2025-06-18T18:00:00Z,2025-06-18T18:00:00Z,,TARGET,,,ONE_MINUTE_RESOLVED,2025-06-18T18:40:00Z,,2025-06-18T18:00:00Z,144.80751999999995,2,0.11720753058385115,1.8827924694161489,false,2,,,false
V2_STRICT,USD/JPY_2025-07-01,USD/JPY,4h,supply,2025-05-28T21:00:00Z,144.825,146.10201,144.724,146.091995,144.724,145.413005,145.413005,146.10201,144.03499499999998,0.6890050000000087,2025-06-19T09:00:00Z,2025-06-19T09:50:00Z,,S2_CLOSE,,,HTF_UNAMBIGUOUS,,2025-06-22T21:00:00Z,2025-06-22T21:00:00Z,146.451,-1.5065130151450017,0.023221892439096663,-1.5297349075840982,false,2,PRODUCTION_WOULD_PICK_ANOTHER_ZONE,,false
V2_STRICT,USD/JPY_2025-07-01,USD/JPY,1h,supply,2025-05-14T23:00:00Z,146.61301,146.661,146.422,146.63499,146.422,146.54149999999998,146.54149999999998,146.661,146.30249999999995,0.11950000000001637,2025-06-23T01:00:00Z,2025-06-23T01:07:00Z,,S2_CLOSE,,,ONE_MINUTE_RESOLVED,,2025-06-23T01:00:00Z,2025-06-23T01:00:00Z,146.666,-1.0418410041840567,0.133891213389103,-1.1757322175731597,true,2,TOUCH_BAR_CLOSED_BEYOND_S2;PRODUCTION_WOULD_PICK_ANOTHER_ZONE,,false
V2_STRICT,USD/JPY_2025-07-01,USD/JPY,1h,supply,2025-05-14T06:00:00Z,147.063995,147.215,146.95599,147.15601,146.95599,147.085495,147.085495,147.215,146.82648500000002,0.12950499999999465,2025-06-23T06:00:00Z,2025-06-23T06:02:00Z,,S2_CLOSE,,,HTF_UNAMBIGUOUS,,2025-06-23T07:00:00Z,2025-06-23T07:00:00Z,147.34,-1.9652136983128463,0.12354735338404434,-2.0887610516968906,false,2,PRODUCTION_WOULD_PICK_ANOTHER_ZONE,,false
V2_STRICT,USD/JPY_2025-07-01,USD/JPY,1h,supply,2025-05-13T23:00:00Z,147.34801,147.54601,147.33701,147.52,147.33701,147.44151,147.44151,147.54601,147.23251,0.10450000000000159,2025-06-23T08:00:00Z,2025-06-23T08:08:00Z,,S2_CLOSE,,,ONE_MINUTE_RESOLVED,,2025-06-23T08:00:00Z,2025-06-23T08:00:00Z,147.604,-1.5549282296652354,0.15311004784688761,-1.708038277512123,true,1,TOUCH_BAR_CLOSED_BEYOND_S2,,false
V2_STRICT,USD/JPY_2025-07-01,USD/JPY,1h,demand,2025-06-23T02:00:00Z,146.668,146.701,146.368,146.563,146.53449999999998,146.701,146.53449999999998,146.368,146.86749999999995,0.166499999999985,2025-06-23T14:00:00Z,2025-06-23T14:55:00Z,,S2_CLOSE,,,HTF_UNAMBIGUOUS,,2025-06-23T16:00:00Z,2025-06-23T16:00:00Z,146.362,-1.0360360360360406,0.09609609609610476,-1.1321321321321454,false,1,,,false
V2_STRICT,USD/JPY_2025-07-01,USD/JPY,1h,demand,2025-06-22T23:00:00Z,146.362,146.424,146.201,146.21201,146.3125,146.424,146.3125,146.201,146.5355,0.1115000000000066,2025-06-23T17:00:00Z,2025-06-23T17:30:00Z,,S2_CLOSE,,,HTF_UNAMBIGUOUS,,2025-06-23T18:00:00Z,2025-06-23T18:00:00Z,146.155,-1.4125560538115656,0.14349775784752514,-1.5560538116590907,false,1,,,false
V2_STRICT,USD/JPY_2025-07-01,USD/JPY,1h,demand,2025-06-20T16:00:00Z,145.92599,145.946,145.784,145.839,145.865,145.946,145.865,145.784,146.02700000000004,0.08100000000001728,2025-06-23T22:00:00Z,2025-06-23T22:06:00Z,,TARGET,,,HTF_UNAMBIGUOUS,2025-06-23T23:12:00Z,,2025-06-23T23:00:00Z,146.02700000000004,2,0.19753086419748872,1.8024691358025113,false,1,,,false
V2_STRICT,USD/JPY_2025-07-01,USD/JPY,1h,demand,2025-06-20T16:00:00Z,145.92599,145.946,145.784,145.839,145.865,145.946,145.865,145.784,146.02700000000004,0.08100000000001728,2025-06-24T00:00:00Z,2025-06-24T00:00:00Z,,S2_CLOSE,,,ONE_MINUTE_RESOLVED,,2025-06-24T00:00:00Z,2025-06-24T00:00:00Z,145.59801,-3.2961728395057306,0.19753086419748872,-3.4937037037032193,true,1,TOUCH_BAR_CLOSED_BEYOND_S2,,false
V2_STRICT,USD/JPY_2025-07-01,USD/JPY,1h,demand,2025-06-20T12:00:00Z,145.593,145.716,145.442,145.592,145.579,145.716,145.579,145.442,145.853,0.13700000000000045,2025-06-24T01:00:00Z,2025-06-24T01:01:00Z,,S2_CLOSE,,,HTF_UNAMBIGUOUS,,2025-06-24T03:00:00Z,2025-06-24T03:00:00Z,145.412,-1.2189781021897885,0.11678832116788283,-1.3357664233576714,false,2,PRODUCTION_WOULD_PICK_ANOTHER_ZONE,,false
V2_STRICT,USD/JPY_2025-07-01,USD/JPY,1h,demand,2025-06-20T06:00:00Z,145.439,145.47701,145.28,145.381,145.37850500000002,145.47701,145.37850500000002,145.28,145.57551500000005,0.09850500000001716,2025-06-24T05:00:00Z,2025-06-24T05:51:00Z,,S2_CLOSE,,,HTF_UNAMBIGUOUS,,2025-06-24T06:00:00Z,2025-06-24T06:00:00Z,145.196,-1.8527485914419426,0.16242830313179243,-2.015176894573735,false,3,PRODUCTION_WOULD_PICK_ANOTHER_ZONE,,false
V2_STRICT,USD/JPY_2025-07-01,USD/JPY,1h,demand,2025-06-19T04:00:00Z,145.070007,145.10899,145.016006,145.035995,145.062498,145.10899,145.062498,145.016006,145.155482,0.046492000000000644,2025-06-24T08:00:00Z,2025-06-24T08:15:00Z,,S2_CLOSE,,,HTF_UNAMBIGUOUS,,2025-06-24T09:00:00Z,2025-06-24T09:00:00Z,144.967,-2.0540738191514833,0.34414522928675423,-2.3982190484382375,false,2,PRODUCTION_WOULD_PICK_ANOTHER_ZONE,,false
V2_STRICT,USD/JPY_2025-07-01,USD/JPY,1h,demand,2025-06-19T00:00:00Z,144.95399,144.98199,144.836,144.884,144.908995,144.98199,144.908995,144.836,145.054985,0.0729949999999917,2025-06-24T14:00:00Z,2025-06-24T14:05:00Z,,S2_CLOSE,,,ONE_MINUTE_RESOLVED,,2025-06-24T14:00:00Z,2025-06-24T14:00:00Z,144.73801,-2.342420713747807,0.21919309541751927,-2.561613809165326,true,4,TOUCH_BAR_CLOSED_BEYOND_S2;PRODUCTION_WOULD_PICK_ANOTHER_ZONE,,false
V2_STRICT,USD/JPY_2025-07-01,USD/JPY,1h,demand,2025-06-18T15:00:00Z,144.802,144.815,144.564,144.573,144.6895,144.815,144.6895,144.564,144.94050000000004,0.1255000000000166,2025-06-25T02:00:00Z,2025-06-25T02:08:00Z,,TARGET,,,HTF_UNAMBIGUOUS,2025-06-25T03:49:00Z,,2025-06-25T03:00:00Z,144.94050000000004,2,0.1274900398406206,1.8725099601593793,false,1,,,false
V2_STRICT,USD/JPY_2025-07-01,USD/JPY,1h,supply,2025-06-24T04:00:00Z,145.414,145.51401,145.33,145.41901,145.33,145.422005,145.422005,145.51401,145.237995,0.09200500000000034,2025-06-25T08:00:00Z,2025-06-25T08:19:00Z,,S2_CLOSE,,,HTF_UNAMBIGUOUS,,2025-06-25T09:00:00Z,2025-06-25T09:00:00Z,145.623,-2.1846095320903958,0.17390359219607568,-2.3585131242864716,false,2,PRODUCTION_WOULD_PICK_ANOTHER_ZONE,,false
V2_STRICT,USD/JPY_2025-07-01,USD/JPY,1h,supply,2025-06-24T01:00:00Z,145.603,145.733,145.472,145.677,145.472,145.60250000000002,145.60250000000002,145.733,145.34150000000005,0.13049999999998363,2025-06-25T10:00:00Z,2025-06-25T10:17:00Z,,S2_CLOSE,,,HTF_UNAMBIGUOUS,,2025-06-25T11:00:00Z,2025-06-25T11:00:00Z,145.74899,-1.122528735632107,0.12260536398468971,-1.2451340996167968,false,1,,,false
V2_STRICT,USD/JPY_2025-07-01,USD/JPY,4h,demand,2025-06-17T01:00:00Z,145.061996,145.063995,144.39799,144.588,144.7309925,145.063995,144.7309925,144.39799,145.39699750000005,0.3330025000000205,2025-06-25T21:00:00Z,2025-06-26T00:50:00Z,,S2_CLOSE,,,HTF_UNAMBIGUOUS,,2025-06-26T05:00:00Z,2025-06-26T05:00:00Z,143.92599,-2.4174067762252562,0.04804768732967174,-2.465454463554928,false,3,,,false
V2_STRICT,USD/JPY_2025-07-01,USD/JPY,1h,demand,2025-06-16T13:00:00Z,144.098007,144.112,143.76801,143.808,143.94000499999999,144.112,143.94000499999999,143.76801,144.28399499999995,0.17199499999998125,2025-06-26T09:00:00Z,2025-06-26T09:00:00Z,,TARGET,,,HTF_UNAMBIGUOUS,2025-06-26T11:14:00Z,,2025-06-26T11:00:00Z,144.28399499999995,2,0.09302596005698854,1.9069740399430115,false,1,,,false
V2_STRICT,USD/JPY_2025-07-01,USD/JPY,1h,supply,2025-06-26T11:00:00Z,144.2,144.444,144.19099,144.383,144.19099,144.317495,144.317495,144.444,144.06448500000005,0.12650499999998033,2025-06-26T21:00:00Z,2025-06-26T21:13:00Z,,S2_CLOSE,,,HTF_UNAMBIGUOUS,,2025-06-26T22:00:00Z,2025-06-26T22:00:00Z,144.59801,-2.2174222362754317,0.12647721433937384,-2.3438994506148054,false,2,,,false
V2_STRICT,USD/JPY_2025-07-01,USD/JPY,1h,supply,2025-06-26T03:00:00Z,144.688,144.81799,144.567,144.785,144.567,144.692495,144.692495,144.81799,144.441505,0.1254950000000008,2025-06-27T00:00:00Z,2025-06-27T00:01:00Z,,TARGET,,,HTF_UNAMBIGUOUS,2025-06-27T01:48:00Z,,2025-06-27T01:00:00Z,144.441505,2,0.12749511932746244,1.8725048806725375,false,1,,,false
V2_STRICT,USD/JPY_2025-07-01,USD/JPY,4h,supply,2025-06-26T01:00:00Z,144.688,144.965,144.567,144.77901,144.567,144.76600000000002,144.76600000000002,144.965,144.36800000000005,0.19899999999998386,2025-06-27T13:00:00Z,2025-06-27T13:30:00Z,,TARGET,,,HTF_UNAMBIGUOUS,2025-06-30T01:29:00Z,,2025-06-30T01:00:00Z,144.36800000000005,2,0.08040201005025778,1.9195979899497422,false,1,,,false
V2_STRICT,USD/JPY_2025-07-01,USD/JPY,1h,demand,2025-06-16T13:00:00Z,144.098007,144.112,143.76801,143.808,143.94000499999999,144.112,143.94000499999999,143.76801,144.28399499999995,0.17199499999998125,2025-06-30T04:00:00Z,2025-06-30T04:52:00Z,,TARGET,,,HTF_UNAMBIGUOUS,2025-06-30T10:00:00Z,,2025-06-30T10:00:00Z,144.28399499999995,2,0.09302596005698854,1.9069740399430115,false,1,,,false
V2_STRICT,USD/JPY_2025-07-01,USD/JPY,1h,demand,2025-06-13T05:00:00Z,143.649,143.873,143.505,143.53799,143.689,143.873,143.689,143.505,144.057,0.1839999999999975,2025-07-01T00:00:00Z,2025-07-01T00:02:00Z,,OPEN_AT_DATA_END,,,DATA_END,,,,,,0.08695652173913161,,false,2,,,true
V2_STRICT,USD/JPY_2025-11-01,USD/JPY,1h,supply,2025-09-16T15:00:00Z,146.521,146.68201,146.494,146.55299,146.494,146.588005,146.588005,146.68201,146.39999500000005,0.09400499999998146,2025-09-17T01:00:00Z,2025-09-17T01:33:00Z,,TARGET,,,HTF_UNAMBIGUOUS,2025-09-17T05:04:00Z,,2025-09-17T05:00:00Z,146.39999500000005,2,0.17020371256851397,1.8297962874314861,false,1,,,false
V2_STRICT,USD/JPY_2025-11-01,USD/JPY,1h,supply,2025-09-16T15:00:00Z,146.521,146.68201,146.494,146.55299,146.494,146.588005,146.588005,146.68201,146.39999500000005,0.09400499999998146,2025-09-17T07:00:00Z,2025-09-17T07:11:00Z,,TARGET,,,HTF_UNAMBIGUOUS,2025-09-17T08:50:00Z,,2025-09-17T08:00:00Z,146.39999500000005,2,0.17020371256851397,1.8297962874314861,false,1,,,false
V2_STRICT,USD/JPY_2025-11-01,USD/JPY,1h,supply,2025-09-16T15:00:00Z,146.521,146.68201,146.494,146.55299,146.494,146.588005,146.588005,146.68201,146.39999500000005,0.09400499999998146,2025-09-17T18:00:00Z,2025-09-17T18:42:00Z,,S2_CLOSE,,,ONE_MINUTE_RESOLVED,,2025-09-17T18:00:00Z,2025-09-17T18:00:00Z,146.711,-1.308387851710306,0.17020371256851397,-1.4785915642788199,true,1,TOUCH_BAR_CLOSED_BEYOND_S2,,false
V2_STRICT,USD/JPY_2025-11-01,USD/JPY,4h,supply,2025-09-16T09:00:00Z,146.993,147.256,146.86,147.098007,146.86,147.058,147.058,147.256,146.66199999999998,0.1980000000000075,2025-09-18T01:00:00Z,2025-09-18T01:09:00Z,,S2_CLOSE,,,HTF_UNAMBIGUOUS,,2025-09-18T05:00:00Z,2025-09-18T05:00:00Z,147.42999,-1.8787373737373576,0.08080808080807775,-1.9595454545454354,false,1,,,false
V2_STRICT,USD/JPY_2025-11-01,USD/JPY,1h,supply,2025-09-16T00:00:00Z,147.399,147.502,147.34399,147.437,147.34399,147.42299500000001,147.42299500000001,147.502,147.26498500000002,0.0790049999999951,2025-09-18T09:00:00Z,2025-09-18T09:01:00Z,,TARGET,,,ONE_MINUTE_RESOLVED,2025-09-18T09:14:00Z,,2025-09-18T09:00:00Z,147.26498500000002,2,0.20251882792229595,1.797481172077704,false,1,,,false
V2_STRICT,USD/JPY_2025-11-01,USD/JPY,1h,supply,2025-09-16T00:00:00Z,147.399,147.502,147.34399,147.437,147.34399,147.42299500000001,147.42299500000001,147.502,147.26498500000002,0.0790049999999951,2025-09-18T11:00:00Z,2025-09-18T11:49:00Z,,S2_CLOSE,,,HTF_UNAMBIGUOUS,,2025-09-18T12:00:00Z,2025-09-18T12:00:00Z,147.784,-4.569394342130241,0.20251882792229595,-4.771913170052537,false,1,,,false
V2_STRICT,USD/JPY_2025-11-01,USD/JPY,1h,supply,2025-09-11T10:00:00Z,147.95599,147.98801,147.89101,147.96899,147.89101,147.93950999999998,147.93950999999998,147.98801,147.84250999999995,0.04850000000001842,2025-09-18T13:00:00Z,2025-09-18T13:06:00Z,,TARGET,,,ONE_MINUTE_RESOLVED,2025-09-18T13:09:00Z,,2025-09-18T13:00:00Z,147.84250999999995,2,0.32989690721636955,1.6701030927836304,false,4,TOUCH_BAR_CLOSED_BEYOND_S2;PRODUCTION_WOULD_PICK_ANOTHER_ZONE,,false
V2_STRICT,USD/JPY_2025-11-01,USD/JPY,1h,supply,2025-09-12T12:00:00Z,147.83501,148.072006,147.802,147.84399,147.802,147.937003,147.937003,148.072006,147.66699700000004,0.13500299999998333,2025-09-18T19:00:00Z,2025-09-18T19:58:00Z,,TARGET,,,HTF_UNAMBIGUOUS,2025-09-19T03:47:00Z,,2025-09-19T03:00:00Z,147.66699700000004,2,0.11851588483220354,1.8814841151677966,false,1,,,false
V2_STRICT,USD/JPY_2025-11-01,USD/JPY,1h,supply,2025-09-12T12:00:00Z,147.83501,148.072006,147.802,147.84399,147.802,147.937003,147.937003,148.072006,147.66699700000004,0.13500299999998333,2025-09-19T06:00:00Z,2025-09-19T06:50:00Z,,TARGET,,,HTF_UNAMBIGUOUS,2025-09-19T07:37:00Z,,2025-09-19T07:00:00Z,147.66699700000004,2,0.11851588483220354,1.8814841151677966,false,1,,,false
V2_STRICT,USD/JPY_2025-11-01,USD/JPY,1h,supply,2025-09-12T12:00:00Z,147.83501,148.072006,147.802,147.84399,147.802,147.937003,147.937003,148.072006,147.66699700000004,0.13500299999998333,2025-09-19T08:00:00Z,2025-09-19T08:01:00Z,,S2_CLOSE,,,HTF_UNAMBIGUOUS,,2025-09-19T11:00:00Z,2025-09-19T11:00:00Z,148.164,-1.681421894328356,0.11851588483220354,-1.7999377791605595,false,2,PRODUCTION_WOULD_PICK_ANOTHER_ZONE,,false
V2_STRICT,USD/JPY_2025-11-01,USD/JPY,1h,supply,2025-09-08T03:00:00Z,148.074997,148.22301,148.0090027,148.19701,148.0090027,148.11600635,148.11600635,148.22301,147.90199905,0.10700364999999579,2025-09-19T13:00:00Z,2025-09-19T13:02:00Z,,TARGET,,,ONE_MINUTE_RESOLVED,2025-09-19T13:17:00Z,,2025-09-19T13:00:00Z,147.90199905,2,0.14952760957220274,1.8504723904277973,false,3,,,false
V2_STRICT,USD/JPY_2025-11-01,USD/JPY,1h,demand,2025-09-19T08:00:00Z,147.929,148.033005,147.806,147.854,147.91950250000002,148.033005,147.91950250000002,147.806,148.14650750000004,0.11350250000000983,2025-09-19T15:00:00Z,2025-09-19T15:07:00Z,,TARGET,,,HTF_UNAMBIGUOUS,2025-09-22T00:02:00Z,,2025-09-22T00:00:00Z,148.14650750000004,2,0.14096605801633105,1.859033941983669,false,1,,,false
V2_STRICT,USD/JPY_2025-11-01,USD/JPY,1h,supply,2025-09-08T03:00:00Z,148.074997,148.22301,148.0090027,148.19701,148.0090027,148.11600635,148.11600635,148.22301,147.90199905,0.10700364999999579,2025-09-22T01:00:00Z,2025-09-22T01:00:00Z,,S2_CLOSE,,,HTF_UNAMBIGUOUS,,2025-09-22T02:00:00Z,2025-09-22T02:00:00Z,148.342,-2.1120181414375088,0.14952760957220274,-2.2615457510097117,false,2,,,false
V2_STRICT,USD/JPY_2025-11-01,USD/JPY,4h,demand,2025-09-19T13:00:00Z,148.15199,148.159,147.785,147.84399,147.97199999999998,148.159,147.97199999999998,147.785,148.34599999999995,0.1869999999999834,2025-09-22T05:00:00Z,2025-09-22T07:25:00Z,,S2_CLOSE,,,HTF_UNAMBIGUOUS,,2025-09-22T13:00:00Z,2025-09-22T13:00:00Z,147.741,-1.2352941176469874,0.08556149732621081,-1.3208556149731983,false,1,,,false
V2_STRICT,USD/JPY_2025-11-01,USD/JPY,1h,supply,2025-09-23T02:00:00Z,147.62,147.814,147.601,147.78799,147.601,147.70749999999998,147.70749999999998,147.814,147.49449999999996,0.10650000000001114,2025-09-23T13:00:00Z,2025-09-23T13:00:00Z,,S2_CLOSE,,,HTF_UNAMBIGUOUS,,2025-09-23T15:00:00Z,2025-09-23T15:00:00Z,147.83501,-1.1972769953053144,0.15023474178402185,-1.3475117370893361,false,1,,,false
V2_STRICT,USD/JPY_2025-11-01,USD/JPY,1h,demand,2025-09-19T05:00:00Z,147.517,147.582,147.411,147.508,147.4965,147.582,147.4965,147.411,147.6675,0.08549999999999613,2025-09-23T17:00:00Z,2025-09-23T17:51:00Z,,TARGET,,,HTF_UNAMBIGUOUS,2025-09-23T20:32:00Z,,2025-09-23T20:00:00Z,147.6675,2,0.18713450292398506,1.812865497076015,false,1,,,false
V2_STRICT,USD/JPY_2025-11-01,USD/JPY,4h,supply,2025-09-02T09:00:00Z,148.435,148.94501,148.367,148.82401,148.367,148.656005,148.656005,148.94501,148.077995,0.28900500000000306,2025-09-24T09:00:00Z,2025-09-24T12:48:00Z,,S2_CLOSE,,,HTF_UNAMBIGUOUS,,2025-09-25T09:00:00Z,2025-09-25T09:00:00Z,149.242,-2.0276292797702142,0.05536236397294106,-2.0829916437431555,false,3,,,false
V2_STRICT,USD/JPY_2025-11-01,USD/JPY,1h,demand,2025-09-25T00:00:00Z,148.778,148.79201,148.55701,148.569,148.67451,148.79201,148.67451,148.55701,148.90951,0.11750000000000682,2025-09-29T07:00:00Z,2025-09-29T07:14:00Z,,S2_CLOSE,,,HTF_UNAMBIGUOUS,,2025-09-29T08:00:00Z,2025-09-29T08:00:00Z,148.522,-1.2979574468084913,0.13617021276594954,-1.434127659574441,false,2,,,false
V2_STRICT,USD/JPY_2025-11-01,USD/JPY,1h,supply,2025-09-29T06:00:00Z,148.77299,148.853,148.705,148.817,148.705,148.779,148.779,148.853,148.63099999999997,0.07400000000001228,2025-09-29T11:00:00Z,2025-09-29T11:27:00Z,,TARGET,,,ONE_MINUTE_RESOLVED,2025-09-29T11:58:00Z,,2025-09-29T11:00:00Z,148.63099999999997,2,0.21621621621618034,1.7837837837838197,false,1,,,false
V2_STRICT,USD/JPY_2025-11-01,USD/JPY,1h,supply,2025-09-29T06:00:00Z,148.77299,148.853,148.705,148.817,148.705,148.779,148.779,148.853,148.63099999999997,0.07400000000001228,2025-09-30T00:00:00Z,2025-09-30T00:50:00Z,,TARGET,,,HTF_UNAMBIGUOUS,2025-09-30T01:29:00Z,,2025-09-30T01:00:00Z,148.63099999999997,2,0.21621621621618034,1.7837837837838197,false,1,,,false
V2_STRICT,USD/JPY_2025-11-01,USD/JPY,1h,supply,2025-09-29T06:00:00Z,148.77299,148.853,148.705,148.817,148.705,148.779,148.779,148.853,148.63099999999997,0.07400000000001228,2025-09-30T02:00:00Z,2025-09-30T02:01:00Z,,TARGET,,,ONE_MINUTE_RESOLVED,2025-09-30T02:31:00Z,,2025-09-30T02:00:00Z,148.63099999999997,2,0.21621621621618034,1.7837837837838197,false,1,,,false
V2_STRICT,USD/JPY_2025-11-01,USD/JPY,1h,demand,2025-09-24T07:00:00Z,148.052994,148.10001,147.99899,148.039001,148.0495,148.10001,148.0495,147.99899,148.15052,0.05051000000000272,2025-09-30T06:00:00Z,2025-09-30T06:51:00Z,,TARGET,,,HTF_UNAMBIGUOUS,2025-09-30T07:41:00Z,,2025-09-30T07:00:00Z,148.15052,2,0.31676895664223204,1.683231043357768,false,1,,,false
V2_STRICT,USD/JPY_2025-11-01,USD/JPY,1h,demand,2025-09-24T07:00:00Z,148.052994,148.10001,147.99899,148.039001,148.0495,148.10001,148.0495,147.99899,148.15052,0.05051000000000272,2025-09-30T08:00:00Z,2025-09-30T08:00:00Z,,S2_CLOSE,,,ONE_MINUTE_RESOLVED,,2025-09-30T08:00:00Z,2025-09-30T08:00:00Z,147.853,-3.8903187487621373,0.31676895664223204,-4.207087705404369,true,1,TOUCH_BAR_CLOSED_BEYOND_S2,,false
V2_STRICT,USD/JPY_2025-11-01,USD/JPY,1h,demand,2025-09-24T05:00:00Z,147.895,147.94,147.80499,147.871,147.87249500000001,147.94,147.87249500000001,147.80499,148.00750500000004,0.06750500000001125,2025-09-30T09:00:00Z,2025-09-30T09:00:00Z,,TARGET,,,HTF_UNAMBIGUOUS,2025-09-30T10:48:00Z,,2025-09-30T10:00:00Z,148.00750500000004,2,0.23701948003847617,1.7629805199615238,false,1,,,false
V2_STRICT,USD/JPY_2025-11-01,USD/JPY,1h,demand,2025-09-24T05:00:00Z,147.895,147.94,147.80499,147.871,147.87249500000001,147.94,147.87249500000001,147.80499,148.00750500000004,0.06750500000001125,2025-09-30T14:00:00Z,2025-09-30T14:00:00Z,,S2_CLOSE,,,ONE_MINUTE_RESOLVED,,2025-09-30T14:00:00Z,2025-09-30T14:00:00Z,147.681,-2.8367528331230485,0.23701948003847617,-3.0737723131615247,true,4,TOUCH_BAR_CLOSED_BEYOND_S2;PRODUCTION_WOULD_PICK_ANOTHER_ZONE,,false
V2_STRICT,USD/JPY_2025-11-01,USD/JPY,1h,demand,2025-09-23T17:00:00Z,147.767,147.774,147.485,147.573,147.6295,147.774,147.6295,147.485,147.9185,0.14449999999999363,2025-10-01T04:00:00Z,2025-10-01T04:51:00Z,,S2_CLOSE,,,HTF_UNAMBIGUOUS,,2025-10-01T06:00:00Z,2025-10-01T06:00:00Z,147.226,-2.792387543252775,0.11072664359862079,-2.9031141868513957,false,4,PRODUCTION_WOULD_PICK_ANOTHER_ZONE,,false
V2_STRICT,USD/JPY_2025-11-01,USD/JPY,4h,demand,2025-09-17T21:00:00Z,146.94099,147.028,146.76199,146.912,146.894995,147.028,146.894995,146.76199,147.161005,0.13300499999999715,2025-10-01T05:00:00Z,2025-10-01T08:39:00Z,,TARGET,,,HTF_UNAMBIGUOUS,2025-10-01T09:19:00Z,,2025-10-01T09:00:00Z,147.161005,2,0.12029622946506029,1.8797037705349398,false,1,,,false
V2_STRICT,USD/JPY_2025-11-01,USD/JPY,1h,demand,2025-09-17T22:00:00Z,146.91901,146.983,146.78799,146.838,146.885495,146.983,146.885495,146.78799,147.08050499999996,0.09750499999998397,2025-10-01T12:00:00Z,2025-10-01T12:15:00Z,,AMBIGUOUS,CLOSED_AT_TARGET,S2_CLOSE,HTF_UNAMBIGUOUS,,2025-10-01T13:00:00Z,2025-10-01T13:00:00Z,146.715,-1.748576996051652,0.16409414901802608,,false,1,,,true
V2_STRICT,USD/JPY_2025-11-01,USD/JPY,4h,demand,2025-09-17T21:00:00Z,146.94099,147.028,146.76199,146.912,146.894995,147.028,146.894995,146.76199,147.161005,0.13300499999999715,2025-10-01T13:00:00Z,2025-10-01T14:09:00Z,,TARGET,,,ONE_MINUTE_RESOLVED,2025-10-01T15:17:00Z,,2025-10-01T13:00:00Z,147.161005,2,0.12029622946506029,1.8797037705349398,false,1,,,false
V2_STRICT,USD/JPY_2025-11-01,USD/JPY,1h,supply,2025-10-01T09:00:00Z,147.144,147.22701,147.065002,147.203,147.065002,147.146006,147.146006,147.22701,146.98399799999999,0.08100400000000718,2025-10-01T17:00:00Z,2025-10-01T17:06:00Z,,TARGET,,,HTF_UNAMBIGUOUS,2025-10-02T01:38:00Z,,2025-10-02T01:00:00Z,146.98399799999999,2,0.19752111006862108,1.8024788899313788,false,1,,,false
V2_STRICT,USD/JPY_2025-11-01,USD/JPY,1h,supply,2025-10-01T09:00:00Z,147.144,147.22701,147.065002,147.203,147.065002,147.146006,147.146006,147.22701,146.98399799999999,0.08100400000000718,2025-10-02T02:00:00Z,2025-10-02T02:46:00Z,,TARGET,,,HTF_UNAMBIGUOUS,2025-10-02T06:37:00Z,,2025-10-02T06:00:00Z,146.98399799999999,2,0.19752111006862108,1.8024788899313788,false,1,,,false
V2_STRICT,USD/JPY_2025-11-01,USD/JPY,1h,supply,2025-10-01T09:00:00Z,147.144,147.22701,147.065002,147.203,147.065002,147.146006,147.146006,147.22701,146.98399799999999,0.08100400000000718,2025-10-02T12:00:00Z,2025-10-02T12:49:00Z,,S2_CLOSE,,,HTF_UNAMBIGUOUS,,2025-10-02T14:00:00Z,2025-10-02T14:00:00Z,147.32899,-2.258950175299843,0.19752111006862108,-2.456471285368464,false,2,,,false
V2_STRICT,USD/JPY_2025-11-01,USD/JPY,4h,supply,2025-09-25T13:00:00Z,149.237,149.866,149.132,149.806,149.132,149.49900000000002,149.49900000000002,149.866,148.76500000000004,0.3669999999999902,2025-10-05T20:00:00Z,2025-10-05T23:37:00Z,,S2_CLOSE,,,HTF_UNAMBIGUOUS,,2025-10-06T00:00:00Z,2025-10-06T00:00:00Z,150.057007,-1.520455040871907,0.04359673024523277,-1.5640517711171398,false,2,,,false
V2_STRICT,USD/JPY_2025-11-01,USD/JPY,4h,supply,2025-08-01T05:00:00Z,150.60201,150.66,150.41,150.61,150.41,150.535,150.535,150.66,150.285,0.125,2025-10-07T00:00:00Z,2025-10-07T00:11:00Z,,TARGET,,,HTF_UNAMBIGUOUS,2025-10-07T04:29:00Z,,2025-10-07T04:00:00Z,150.285,2,0.128,1.8719999999999999,false,2,PRODUCTION_WOULD_PICK_ANOTHER_ZONE,,false
V2_STRICT,USD/JPY_2025-11-01,USD/JPY,4h,supply,2025-07-31T21:00:00Z,150.72099,150.894,150.59,150.737,150.59,150.74200000000002,150.74200000000002,150.894,150.43800000000005,0.1519999999999868,2025-10-07T08:00:00Z,2025-10-07T08:39:00Z,,S2_CLOSE,,,HTF_UNAMBIGUOUS,,2025-10-07T12:00:00Z,2025-10-07T12:00:00Z,151.175,-2.848684210526515,0.10526315789474598,-2.953947368421261,false,2,,,false
V2_STRICT,USD/JPY_2025-11-01,USD/JPY,1h,demand,2025-10-08T12:00:00Z,152.687,152.74699,152.43201,152.502,152.5895,152.74699,152.5895,152.43201,152.90447999999998,0.1574899999999957,2025-10-08T21:00:00Z,2025-10-08T21:06:00Z,,TARGET,,,HTF_UNAMBIGUOUS,2025-10-09T06:14:00Z,,2025-10-09T06:00:00Z,152.90447999999998,2,0.10159375198425576,1.8984062480157442,false,1,,,false
V2_STRICT,USD/JPY_2025-11-01,USD/JPY,1h,demand,2025-10-08T04:00:00Z,152.407,152.493,152.304,152.36301,152.3985,152.493,152.3985,152.304,152.58750000000003,0.09450000000001069,2025-10-09T13:00:00Z,2025-10-09T13:07:00Z,,AMBIGUOUS,CLOSED_AT_TARGET,TARGET,HTF_UNAMBIGUOUS,2025-10-09T14:00:00Z,,2025-10-09T14:00:00Z,152.58750000000003,2,0.16931216931215018,,false,6,,,true
V2_STRICT,USD/JPY_2025-11-01,USD/JPY,1h,demand,2025-10-08T04:00:00Z,152.407,152.493,152.304,152.36301,152.3985,152.493,152.3985,152.304,152.58750000000003,0.09450000000001069,2025-10-10T06:00:00Z,2025-10-10T06:37:00Z,,TARGET,,,ONE_MINUTE_RESOLVED,2025-10-10T06:38:00Z,,2025-10-10T06:00:00Z,152.58750000000003,2,0.16931216931215018,1.8306878306878498,false,5,,,false
V2_STRICT,USD/JPY_2025-11-01,USD/JPY,1h,demand,2025-10-08T12:00:00Z,152.687,152.74699,152.43201,152.502,152.5895,152.74699,152.5895,152.43201,152.90447999999998,0.1574899999999957,2025-10-10T07:00:00Z,2025-10-10T07:00:00Z,,TARGET,,,ONE_MINUTE_RESOLVED,2025-10-10T07:26:00Z,,2025-10-10T07:00:00Z,152.90447999999998,2,0.10159375198425576,1.8984062480157442,false,3,,,false
V2_STRICT,USD/JPY_2025-11-01,USD/JPY,1h,demand,2025-10-08T12:00:00Z,152.687,152.74699,152.43201,152.502,152.5895,152.74699,152.5895,152.43201,152.90447999999998,0.1574899999999957,2025-10-10T11:00:00Z,2025-10-10T11:41:00Z,,S2_CLOSE,,,HTF_UNAMBIGUOUS,,2025-10-10T15:00:00Z,2025-10-10T15:00:00Z,151.942,-4.11137215061272,0.10159375198425576,-4.2129659025969755,false,4,,,false
V2_STRICT,USD/JPY_2025-11-01,USD/JPY,1h,demand,2025-10-07T21:00:00Z,151.89101,151.951,151.82001,151.87199,151.885505,151.951,151.885505,151.82001,152.016495,0.06549499999999853,2025-10-10T17:00:00Z,2025-10-10T17:00:00Z,,S2_CLOSE,,,HTF_UNAMBIGUOUS,,2025-10-10T18:00:00Z,2025-10-10T18:00:00Z,151.717,-2.572791816168955,0.2442934575158464,-2.8170852736848015,false,1,,,false
V2_STRICT,USD/JPY_2025-11-01,USD/JPY,1h,supply,2025-10-10T13:00:00Z,152.55299,152.692,152.52499,152.644,152.52499,152.608495,152.608495,152.692,152.441485,0.08350500000000238,2025-10-14T00:00:00Z,2025-10-14T00:33:00Z,,TARGET,,,ONE_MINUTE_RESOLVED,2025-10-14T00:56:00Z,,2025-10-14T00:00:00Z,152.441485,2,0.19160529309621632,1.8083947069037838,false,1,,,false
V2_STRICT,USD/JPY_2025-11-01,USD/JPY,1h,demand,2025-10-13T17:00:00Z,152.27499,152.347,152.228,152.25999,152.28750000000002,152.347,152.28750000000002,152.228,152.40650000000005,0.0595000000000141,2025-10-14T03:00:00Z,2025-10-14T03:33:00Z,,S2_CLOSE,,,ONE_MINUTE_RESOLVED,,2025-10-14T03:00:00Z,2025-10-14T03:00:00Z,152.14301,-2.4284033613442797,0.2689075630251464,-2.697310924369426,true,3,TOUCH_BAR_CLOSED_BEYOND_S2;PRODUCTION_WOULD_PICK_ANOTHER_ZONE,,false
V2_STRICT,USD/JPY_2025-11-01,USD/JPY,4h,demand,2025-10-10T20:00:00Z,151.591,151.728,151.119,151.119,151.4235,151.728,151.4235,151.119,152.03249999999997,0.3044999999999902,2025-10-15T00:00:00Z,2025-10-15T01:09:00Z,,S2_CLOSE,,,HTF_UNAMBIGUOUS,,2025-10-15T20:00:00Z,2025-10-15T20:00:00Z,150.983,-1.446633825944171,0.05254515599343355,-1.4991789819376045,false,1,,,false
V2_STRICT,USD/JPY_2025-11-01,USD/JPY,1h,demand,2025-10-07T12:00:00Z,150.897,151.039001,150.80099,150.827,150.91999550000003,151.039001,150.91999550000003,150.80099,151.15800650000006,0.11900550000001431,2025-10-16T00:00:00Z,2025-10-16T00:08:00Z,,S2_CLOSE,,,ONE_MINUTE_RESOLVED,,2025-10-16T00:00:00Z,2025-10-16T00:00:00Z,150.707,-1.789795429623068,0.1344475675493828,-1.9242429971724508,true,4,TOUCH_BAR_CLOSED_BEYOND_S2;PRODUCTION_WOULD_PICK_ANOTHER_ZONE,,false
V2_STRICT,USD/JPY_2025-11-01,USD/JPY,1h,demand,2025-10-07T07:00:00Z,150.62,150.711,150.532,150.619,150.62150000000003,150.711,150.62150000000003,150.532,150.80050000000006,0.08950000000001523,2025-10-16T02:00:00Z,2025-10-16T02:05:00Z,,TARGET,,,HTF_UNAMBIGUOUS,2025-10-16T03:00:00Z,,2025-10-16T03:00:00Z,150.80050000000006,2,0.17877094972063998,1.82122905027936,false,1,,,false
V2_STRICT,USD/JPY_2025-11-01,USD/JPY,1h,supply,2025-10-15T21:00:00Z,151.033997,151.202,150.99899,151.054993,150.99899,151.100495,151.100495,151.202,150.897485,0.10150500000000306,2025-10-16T04:00:00Z,2025-10-16T04:49:00Z,,S2_CLOSE,,,HTF_UNAMBIGUOUS,,2025-10-16T07:00:00Z,2025-10-16T07:00:00Z,151.23399,-1.3151568888232752,0.15762770306880958,-1.4727845918920848,false,1,,,false
V2_STRICT,USD/JPY_2025-11-01,USD/JPY,1h,demand,2025-10-07T07:00:00Z,150.62,150.711,150.532,150.619,150.62150000000003,150.711,150.62150000000003,150.532,150.80050000000006,0.08950000000001523,2025-10-16T16:00:00Z,2025-10-16T16:22:00Z,,S2_CLOSE,,,ONE_MINUTE_RESOLVED,,2025-10-16T16:00:00Z,2025-10-16T16:00:00Z,150.39799,-2.497318435754133,0.17877094972063998,-2.676089385474773,true,2,TOUCH_BAR_CLOSED_BEYOND_S2;PRODUCTION_WOULD_PICK_ANOTHER_ZONE,,false
V2_STRICT,USD/JPY_2025-11-01,USD/JPY,4h,demand,2025-10-06T04:00:00Z,150.057007,150.436,149.84,150.024994,150.138,150.436,150.138,149.84,150.734,0.2980000000000018,2025-10-17T00:00:00Z,2025-10-17T00:00:00Z,,S2_CLOSE,,,HTF_UNAMBIGUOUS,,2025-10-17T04:00:00Z,2025-10-17T04:00:00Z,149.702,-1.4630872483221624,0.05369127516778491,-1.5167785234899474,false,2,,,false
V2_STRICT,USD/JPY_2025-11-01,USD/JPY,1h,supply,2025-10-16T20:00:00Z,150.397,150.45,150.34,150.41901,150.34,150.39499999999998,150.39499999999998,150.45,150.28499999999997,0.05500000000000682,2025-10-17T12:00:00Z,2025-10-17T12:06:00Z,,TARGET,,,HTF_UNAMBIGUOUS,2025-10-17T13:15:00Z,,2025-10-17T13:00:00Z,150.28499999999997,2,0.2909090909090548,1.7090909090909452,false,1,,,false
V2_STRICT,USD/JPY_2025-11-01,USD/JPY,1h,supply,2025-10-16T20:00:00Z,150.397,150.45,150.34,150.41901,150.34,150.39499999999998,150.39499999999998,150.45,150.28499999999997,0.05500000000000682,2025-10-17T14:00:00Z,2025-10-17T14:01:00Z,,TARGET,,,HTF_UNAMBIGUOUS,2025-10-17T15:21:00Z,,2025-10-17T15:00:00Z,150.28499999999997,2,0.2909090909090548,1.7090909090909452,false,1,,,false
V2_STRICT,USD/JPY_2025-11-01,USD/JPY,1h,supply,2025-10-16T20:00:00Z,150.397,150.45,150.34,150.41901,150.34,150.39499999999998,150.39499999999998,150.45,150.28499999999997,0.05500000000000682,2025-10-17T16:00:00Z,2025-10-17T16:02:00Z,,S2_CLOSE,,,HTF_UNAMBIGUOUS,,2025-10-17T17:00:00Z,2025-10-17T17:00:00Z,150.468,-1.3272727272726992,0.2909090909090548,-1.618181818181754,false,1,,,false
V2_STRICT,USD/JPY_2025-11-01,USD/JPY,1h,supply,2025-10-16T07:00:00Z,151.198,151.382,150.936,151.23399,150.936,151.159,151.159,151.382,150.71299999999997,0.2230000000000132,2025-10-20T01:00:00Z,2025-10-20T01:20:00Z,,TARGET,,,HTF_UNAMBIGUOUS,2025-10-20T03:52:00Z,,2025-10-20T03:00:00Z,150.71299999999997,2,0.07174887892376257,1.9282511210762374,false,3,,,false
V2_STRICT,USD/JPY_2025-11-01,USD/JPY,1h,demand,2025-10-20T08:00:00Z,150.737,150.79601,150.571,150.57899,150.683505,150.79601,150.683505,150.571,150.908515,0.11250499999999874,2025-10-20T18:00:00Z,2025-10-20T18:57:00Z,,TARGET,,,HTF_UNAMBIGUOUS,2025-10-21T01:46:00Z,,2025-10-21T01:00:00Z,150.908515,2,0.1422159015154898,1.8577840984845102,false,1,,,false
V2_STRICT,USD/JPY_2025-11-01,USD/JPY,1h,supply,2025-10-16T07:00:00Z,151.198,151.382,150.936,151.23399,150.936,151.159,151.159,151.382,150.71299999999997,0.2230000000000132,2025-10-21T05:00:00Z,2025-10-21T05:07:00Z,,S2_CLOSE,,,ONE_MINUTE_RESOLVED,,2025-10-21T05:00:00Z,2025-10-21T05:00:00Z,151.49899,-1.5246188340806284,0.07174887892376257,-1.596367713004391,true,2,TOUCH_BAR_CLOSED_BEYOND_S2;PRODUCTION_WOULD_PICK_ANOTHER_ZONE,,false
V2_STRICT,USD/JPY_2025-11-01,USD/JPY,4h,supply,2025-10-15T08:00:00Z,151.246,151.511,151.12,151.49899,151.12,151.3155,151.3155,151.511,150.92449999999997,0.19550000000000978,2025-10-21T08:00:00Z,2025-10-21T08:26:00Z,,S2_CLOSE,,,ONE_MINUTE_RESOLVED,,2025-10-21T08:00:00Z,2025-10-21T08:00:00Z,151.944,-3.2148337595906447,0.08184143222505985,-3.2966751918157047,true,3,TOUCH_BAR_CLOSED_BEYOND_S2,,false
V2_STRICT,USD/JPY_2025-11-01,USD/JPY,1h,supply,2025-10-22T13:00:00Z,151.925,152.044998,151.864,151.967,151.864,151.954499,151.954499,152.044998,151.773501,0.09049899999999411,2025-10-22T20:00:00Z,2025-10-22T20:05:00Z,,S2_CLOSE,,,HTF_UNAMBIGUOUS,,2025-10-23T00:00:00Z,2025-10-23T00:00:00Z,152.13699,-2.0164974198611114,0.17679753367441675,-2.193294953535528,false,1,,,false
V2_STRICT,USD/JPY_2025-11-01,USD/JPY,1h,supply,2025-10-10T13:00:00Z,152.55299,152.692,152.52499,152.644,152.52499,152.608495,152.608495,152.692,152.441485,0.08350500000000238,2025-10-23T06:00:00Z,2025-10-23T06:58:00Z,,TARGET,,,HTF_UNAMBIGUOUS,2025-10-23T07:18:00Z,,2025-10-23T07:00:00Z,152.441485,2,0.19160529309621632,1.8083947069037838,false,1,,,false
V2_STRICT,USD/JPY_2025-11-01,USD/JPY,1h,supply,2025-10-10T13:00:00Z,152.55299,152.692,152.52499,152.644,152.52499,152.608495,152.608495,152.692,152.441485,0.08350500000000238,2025-10-23T08:00:00Z,2025-10-23T08:44:00Z,,S2_CLOSE,,,HTF_UNAMBIGUOUS,,2025-10-23T10:00:00Z,2025-10-23T10:00:00Z,152.759,-1.8023471648401526,0.19160529309621632,-1.993952457936369,false,1,,,false
V2_STRICT,USD/JPY_2025-11-01,USD/JPY,1h,supply,2025-10-10T05:00:00Z,152.745,152.849,152.681,152.825,152.681,152.765,152.765,152.849,152.59699999999998,0.08400000000000318,2025-10-23T16:00:00Z,2025-10-23T16:10:00Z,,TARGET,,,HTF_UNAMBIGUOUS,2025-10-23T18:02:00Z,,2025-10-23T18:00:00Z,152.59699999999998,2,0.19047619047618325,1.8095238095238169,false,1,,,false
V2_STRICT,USD/JPY_2025-11-01,USD/JPY,1h,supply,2025-10-10T05:00:00Z,152.745,152.849,152.681,152.825,152.681,152.765,152.765,152.849,152.59699999999998,0.08400000000000318,2025-10-24T01:00:00Z,2025-10-24T01:20:00Z,,S2_CLOSE,,,ONE_MINUTE_RESOLVED,,2025-10-24T01:00:00Z,2025-10-24T01:00:00Z,152.89301,-1.523928571428722,0.19047619047618325,-1.7144047619049054,true,3,TOUCH_BAR_CLOSED_BEYOND_S2;PRODUCTION_WOULD_PICK_ANOTHER_ZONE,,false
V2_STRICT,USD/JPY_2025-11-01,USD/JPY,1h,supply,2025-10-09T07:00:00Z,152.979,153.217,152.849,153.063995,152.849,153.03300000000002,153.03300000000002,153.217,152.66500000000002,0.1839999999999975,2025-10-24T05:00:00Z,2025-10-24T05:29:00Z,,TARGET,,,HTF_UNAMBIGUOUS,2025-10-24T12:30:00Z,,2025-10-24T12:00:00Z,152.66500000000002,2,0.08695652173913161,1.9130434782608683,false,2,,,false
V2_STRICT,USD/JPY_2025-11-01,USD/JPY,1h,supply,2025-10-10T01:00:00Z,152.95,153.048996,152.83501,153.016006,152.83501,152.942003,152.942003,153.048996,152.72801700000002,0.10699299999998857,2025-10-27T00:00:00Z,2025-10-27T00:02:00Z,,TARGET,,,HTF_UNAMBIGUOUS,2025-10-27T01:13:00Z,,2025-10-27T01:00:00Z,152.72801700000002,2,0.14954249343416587,1.8504575065658342,false,1,,,false
V2_STRICT,USD/JPY_2025-11-01,USD/JPY,1h,supply,2025-10-10T01:00:00Z,152.95,153.048996,152.83501,153.016006,152.83501,152.942003,152.942003,153.048996,152.72801700000002,0.10699299999998857,2025-10-27T02:00:00Z,2025-10-27T02:08:00Z,,S2_CLOSE,,,HTF_UNAMBIGUOUS,,2025-10-27T04:00:00Z,2025-10-27T04:00:00Z,153.13,-1.7570962586338903,0.14954249343416587,-1.906638752068056,false,1,,,false
V2_STRICT,USD/JPY_2025-11-01,USD/JPY,1h,supply,2025-10-09T07:00:00Z,152.979,153.217,152.849,153.063995,152.849,153.03300000000002,153.03300000000002,153.217,152.66500000000002,0.1839999999999975,2025-10-27T06:00:00Z,2025-10-27T06:10:00Z,,TARGET,,,HTF_UNAMBIGUOUS,2025-10-27T11:23:00Z,,2025-10-27T11:00:00Z,152.66500000000002,2,0.08695652173913161,1.9130434782608683,false,3,,,false
V2_STRICT,USD/JPY_2025-11-01,USD/JPY,1h,supply,2025-10-09T07:00:00Z,152.979,153.217,152.849,153.063995,152.849,153.03300000000002,153.03300000000002,153.217,152.66500000000002,0.1839999999999975,2025-10-27T14:00:00Z,2025-10-27T14:15:00Z,,TARGET,,,HTF_UNAMBIGUOUS,2025-10-27T23:45:00Z,,2025-10-27T23:00:00Z,152.66500000000002,2,0.08695652173913161,1.9130434782608683,false,1,,,false
V2_STRICT,USD/JPY_2025-11-01,USD/JPY,1h,demand,2025-10-27T11:00:00Z,152.767,152.80701,152.59,152.63499,152.698505,152.80701,152.698505,152.59,152.91551500000003,0.10850500000000807,2025-10-28T00:00:00Z,2025-10-28T00:00:00Z,,S2_CLOSE,,,ONE_MINUTE_RESOLVED,,2025-10-28T00:00:00Z,2025-10-28T00:00:00Z,152.493,-1.8939680199069278,0.1474586424588619,-2.0414266623657897,true,2,TOUCH_BAR_CLOSED_BEYOND_S2,,false
V2_STRICT,USD/JPY_2025-11-01,USD/JPY,1h,demand,2025-10-22T21:00:00Z,151.967,151.967,151.856,151.881,151.9115,151.967,151.9115,151.856,152.02249999999998,0.055499999999995,2025-10-28T08:00:00Z,2025-10-28T08:37:00Z,,TARGET,,,HTF_UNAMBIGUOUS,2025-10-28T09:12:00Z,,2025-10-28T09:00:00Z,152.02249999999998,2,0.28828828828831427,1.7117117117116858,false,2,PRODUCTION_WOULD_PICK_ANOTHER_ZONE,,false
V2_STRICT,USD/JPY_2025-11-01,USD/JPY,4h,demand,2025-10-21T12:00:00Z,151.94501,152.174,151.44901,151.722,151.811505,152.174,151.811505,151.44901,152.53649500000006,0.362495000000024,2025-10-29T00:00:00Z,2025-10-29T00:16:00Z,,TARGET,,,HTF_UNAMBIGUOUS,2025-10-29T05:40:00Z,,2025-10-29T04:00:00Z,152.53649500000006,2,0.044138539841925936,1.9558614601580742,false,1,,,false
V2_STRICT,USD/JPY_2025-11-01,USD/JPY,1h,supply,2025-10-09T07:00:00Z,152.979,153.217,152.849,153.063995,152.849,153.03300000000002,153.03300000000002,153.217,152.66500000000002,0.1839999999999975,2025-10-29T18:00:00Z,2025-10-29T18:40:00Z,,TARGET,,,HTF_UNAMBIGUOUS,2025-10-29T20:35:00Z,,2025-10-29T20:00:00Z,152.66500000000002,2,0.08695652173913161,1.9130434782608683,false,4,,,false
V2_STRICT,USD/JPY_2025-11-01,USD/JPY,1h,supply,2025-10-09T07:00:00Z,152.979,153.217,152.849,153.063995,152.849,153.03300000000002,153.03300000000002,153.217,152.66500000000002,0.1839999999999975,2025-10-30T03:00:00Z,2025-10-30T03:32:00Z,,TARGET,,,HTF_UNAMBIGUOUS,2025-10-30T04:11:00Z,,2025-10-30T04:00:00Z,152.66500000000002,2,0.08695652173913161,1.9130434782608683,false,5,,,false
V2_STRICT,USD/JPY_2025-11-01,USD/JPY,1h,supply,2025-10-09T07:00:00Z,152.979,153.217,152.849,153.063995,152.849,153.03300000000002,153.03300000000002,153.217,152.66500000000002,0.1839999999999975,2025-10-30T05:00:00Z,2025-10-30T05:58:00Z,,S2_CLOSE,,,HTF_UNAMBIGUOUS,,2025-10-30T06:00:00Z,2025-10-30T06:00:00Z,153.332,-1.6249999999999034,0.08695652173913161,-1.7119565217390351,false,3,,,false
V2_STRICT,USD/JPY_2025-11-01,USD/JPY,1h,demand,2025-10-31T05:00:00Z,153.931,154.054993,153.826,153.911,153.9404965,154.054993,153.9404965,153.826,154.1694895,0.11449650000000133,2025-10-31T15:00:00Z,2025-10-31T15:00:00Z,,TARGET,,,HTF_UNAMBIGUOUS,2025-10-31T16:25:00Z,,2025-10-31T16:00:00Z,154.1694895,2,0.1397422628639287,1.8602577371360713,false,1,,,false
V2_STRICT,USD/JPY_2025-11-01,USD/JPY,1h,demand,2025-10-31T05:00:00Z,153.931,154.054993,153.826,153.911,153.9404965,154.054993,153.9404965,153.826,154.1694895,0.11449650000000133,2025-10-31T20:00:00Z,2025-10-31T20:57:00Z,,OPEN_AT_DATA_END,,,DATA_END,,,,,,0.1397422628639287,,false,1,,,true
