classification,arm,instrument,window,strategy_timeframe,direction,ipo_kind,ipo_origin_timestamp,ipo_open,ipo_high,ipo_low,ipo_close,ipo_zone_high,ipo_zone_low,ipo_midpoint,ipo_extent_invalidation,ipo_touch_timestamp,entry_timestamp,entry_price,s2_price,target_price,risk_price,bos_required,bos_confirmed_before_entry,bos_timestamp,bos_structural_level,bos_direction,bars_origin_to_bos,bars_bos_to_entry,one_minute_ordering_used,one_minute_entry_timestamp,one_minute_target_timestamp,one_minute_s2_ordering,exit_timestamp,exit_price,exit_reason,realized_r,cost_r,mae_r,mfe_r,excluded_from_stats,ambiguity
BOS_REMOVED,CONTROL,EUR/USD,EURUSD_2022-04-01,1h,supply,bearish_IPO_supply,2022-03-23T10:00:00Z,1.0996,1.1007,1.0996,1.1002,1.10015,1.0996,1.10015,1.1007,2022-03-23T15:00:00Z,2022-03-23T15:00:00Z,1.10015,1.1007,1.0990499999999999,0.0005500000000000504,false,false,,,,,,NO,,,,2022-03-23T15:00:00Z,1.0990499999999999,TARGET,1.7090909090909356,0.29090909090906425,0.6363636363637097,4.454545454545161,false,SAME_BAR_ENTRY_AND_EXIT
BOS_REMOVED,CONTROL,EUR/USD,EURUSD_2022-04-01,1h,supply,bearish_IPO_supply,2022-03-23T10:00:00Z,1.0996,1.1007,1.0996,1.1002,1.10015,1.0996,1.10015,1.1007,2022-03-23T17:00:00Z,2022-03-23T17:00:00Z,1.10015,1.1007,1.0990499999999999,0.0005500000000000504,false,false,,,,,,NO,,,,2022-03-23T18:00:00Z,1.10085,S2_CLOSE_INVALIDATION,-1.5636363636364838,0.29090909090906425,1.7272727272725805,0.8181818181818549,false,
BOS_REMOVED,CONTROL,EUR/USD,EURUSD_2022-04-01,1h,supply,bearish_IPO_supply,2022-03-23T05:00:00Z,1.10275,1.104,1.1027,1.1037,1.10335,1.1027,1.10335,1.104,2022-03-25T01:00:00Z,2022-03-25T01:00:00Z,1.10335,1.104,1.10205,0.0006500000000000394,false,false,,,,,,NO,,,,2022-03-25T01:00:00Z,1.10205,TARGET,1.7538461538461687,0.24615384615383124,0.23076923076902056,3.9230769230767653,false,SAME_BAR_ENTRY_AND_EXIT
BOS_REMOVED,CONTROL,EUR/USD,EURUSD_2022-04-01,1h,supply,bearish_IPO_supply,2022-03-23T05:00:00Z,1.10275,1.104,1.1027,1.1037,1.10335,1.1027,1.10335,1.104,2022-03-25T03:00:00Z,2022-03-25T03:00:00Z,1.10335,1.104,1.10205,0.0006500000000000394,false,false,,,,,,NO,,,,2022-03-25T06:00:00Z,1.10205,TARGET,1.7538461538461687,0.24615384615383124,0.6923076923074033,2.1538461538461275,false,
BOS_REMOVED,CONTROL,EUR/USD,EURUSD_2022-04-01,1h,supply,bearish_IPO_supply,2022-03-25T01:00:00Z,1.1009,1.1035,1.1008,1.1033,1.10215,1.1008,1.10215,1.1035,2022-03-25T11:00:00Z,2022-03-25T11:00:00Z,1.10215,1.1035,1.09945,0.0013499999999999623,false,false,,,,,,NO,,,,2022-03-25T13:00:00Z,1.09945,TARGET,1.8814814814814782,0.11851851851852184,0.03703703703711623,2.111111111111184,false,
BOS_REMOVED,CONTROL,EUR/USD,EURUSD_2022-04-01,1h,supply,bearish_IPO_supply,2022-03-25T01:00:00Z,1.1009,1.1035,1.1008,1.1033,1.10215,1.1008,1.10215,1.1035,2022-03-25T15:00:00Z,2022-03-25T15:00:00Z,1.10215,1.1035,1.09945,0.0013499999999999623,false,false,,,,,,NO,,,,2022-03-25T15:00:00Z,1.09945,TARGET,1.8814814814814782,0.11851851851852184,0,2.925925925925932,false,SAME_BAR_ENTRY_AND_EXIT
BOS_REMOVED,CONTROL,EUR/USD,EURUSD_2022-04-01,1h,supply,bearish_IPO_supply,2022-03-28T08:00:00Z,1.0952,1.0998,1.0945,1.0991,1.09715,1.0945,1.09715,1.0998,2022-03-28T13:00:00Z,2022-03-28T13:00:00Z,1.09715,1.0998,1.09185,0.002650000000000041,false,false,,,,,,NO,,,,2022-03-29T06:00:00Z,1.1005,S2_CLOSE_INVALIDATION,-1.3245283018867584,0.0603773584905651,1.4339622641509306,0.9245283018868019,false,
BOS_REMOVED,CONTROL,EUR/USD,EURUSD_2022-04-01,1h,demand,bullish_IPO_demand,2022-03-29T00:00:00Z,1.09925,1.0997,1.097,1.0974,1.0997,1.09835,1.09835,1.097,2022-03-29T08:00:00Z,2022-03-29T08:00:00Z,1.09835,1.097,1.1010499999999999,0.0013499999999999623,false,false,,,,,,NO,,,,2022-03-29T09:00:00Z,1.1010499999999999,TARGET,1.8814814814814782,0.11851851851852184,0.6296296296296601,4.629629629629824,false,
BOS_REMOVED,CONTROL,EUR/USD,EURUSD_2022-04-01,1h,demand,bullish_IPO_demand,2022-03-30T04:00:00Z,1.1115,1.1121,1.1109,1.1111,1.1121,1.1115,1.1115,1.1109,2022-03-30T12:00:00Z,2022-03-30T12:00:00Z,1.1115,1.1109,1.1126999999999998,0.0005999999999999339,false,false,,,,,,NO,,,,2022-03-30T12:00:00Z,1.1126999999999998,TARGET,1.7333333333333039,0.2666666666666961,0.4166666666664816,4.250000000000555,false,SAME_BAR_ENTRY_AND_EXIT
BOS_REMOVED,CONTROL,EUR/USD,EURUSD_2022-04-01,1h,supply,bearish_IPO_supply,2022-04-06T03:00:00Z,1.0896,1.0903,1.0896,1.0901,1.08995,1.0896,1.08995,1.0903,2022-04-06T07:00:00Z,2022-04-06T07:00:00Z,1.08995,1.0903,1.0892499999999998,0.0003500000000000725,false,false,,,,,,NO,,,,2022-04-06T07:00:00Z,1.0892499999999998,TARGET,1.5428571428572375,0.45714285714276254,0.7142857142858049,4.428571428570341,false,SAME_BAR_ENTRY_AND_EXIT
BOS_REMOVED,CONTROL,EUR/USD,EURUSD_2022-04-01,1h,supply,bearish_IPO_supply,2022-04-07T05:00:00Z,1.0914,1.092,1.091,1.0919,1.0915,1.091,1.0915,1.092,2022-04-07T11:00:00Z,2022-04-07T11:00:00Z,1.0915,1.092,1.0904999999999996,0.000500000000000167,false,false,,,,,,NO,,,,2022-04-07T11:00:00Z,1.0904999999999996,TARGET,1.6800000000001067,0.31999999999989315,1.3999999999998223,4.799999999998312,false,SAME_BAR_ENTRY_AND_EXIT
BOS_REMOVED,CONTROL,EUR/USD,EURUSD_2022-04-01,1h,supply,bearish_IPO_supply,2022-04-07T05:00:00Z,1.0914,1.092,1.091,1.0919,1.0915,1.091,1.0915,1.092,2022-04-07T13:00:00Z,2022-04-07T13:00:00Z,1.0915,1.092,1.0904999999999996,0.000500000000000167,false,false,,,,,,NO,,,,2022-04-07T14:00:00Z,1.0904999999999996,TARGET,1.6800000000001067,0.31999999999989315,4.699999999998579,3.39999999999849,false,
BOS_REMOVED,CONTROL,EUR/USD,EURUSD_2022-04-01,1h,supply,bearish_IPO_supply,2022-04-07T05:00:00Z,1.0914,1.092,1.091,1.0919,1.0915,1.091,1.0915,1.092,2022-04-07T15:00:00Z,2022-04-07T15:00:00Z,1.0915,1.092,1.0904999999999996,0.000500000000000167,false,false,,,,,,NO,,,,2022-04-07T15:00:00Z,1.0904999999999996,TARGET,1.6800000000001067,0.31999999999989315,0.10000000000017764,3.7999999999987564,false,SAME_BAR_ENTRY_AND_EXIT
BOS_REMOVED,CONTROL,EUR/USD,EURUSD_2022-04-01,1h,supply,bearish_IPO_supply,2022-04-07T17:00:00Z,1.0877,1.0893,1.0877,1.0883,1.0884999999999998,1.0877,1.0884999999999998,1.0893,2022-04-08T10:00:00Z,2022-04-08T10:00:00Z,1.0884999999999998,1.0893,1.0868999999999995,0.0008000000000001339,false,false,,,,,,NO,,,,2022-04-08T10:00:00Z,1.0868999999999995,TARGET,1.8000000000000336,0.19999999999996654,0.7500000000000694,2.6249999999992712,false,SAME_BAR_ENTRY_AND_EXIT
BOS_REMOVED,CONTROL,EUR/USD,EURUSD_2022-04-01,1h,supply,bearish_IPO_supply,2022-04-07T17:00:00Z,1.0877,1.0893,1.0877,1.0883,1.0884999999999998,1.0877,1.0884999999999998,1.0893,2022-04-08T18:00:00Z,2022-04-08T18:00:00Z,1.0884999999999998,1.0893,1.0868999999999995,0.0008000000000001339,false,false,,,,,,NO,,,,2022-04-10T19:00:00Z,1.09385,S2_CLOSE_INVALIDATION,-6.887499999999082,0.19999999999996654,8.24999999999882,1.8749999999994795,false,
BOS_REMOVED,CONTROL,EUR/USD,EURUSD_2022-04-01,1h,supply,bearish_IPO_supply,2022-04-07T13:00:00Z,1.0914,1.09385,1.0907,1.0914,1.0922749999999999,1.0907,1.0922749999999999,1.09385,2022-04-10T20:00:00Z,2022-04-10T20:00:00Z,1.0922749999999999,1.09385,1.0891249999999997,0.001575000000000104,false,false,,,,,,NO,,,,2022-04-10T22:00:00Z,1.0891249999999997,TARGET,1.8984126984127052,0.10158730158729488,0.20634920634927573,2.3333333333330986,false,
BOS_REMOVED,CONTROL,EUR/USD,EURUSD_2022-04-01,1h,demand,bullish_IPO_demand,2022-04-08T19:00:00Z,1.0885,1.0885,1.0875,1.0878,1.0885,1.088,1.088,1.0875,2022-04-11T04:00:00Z,2022-04-11T04:00:00Z,1.088,1.0875,1.0890000000000004,0.000500000000000167,false,false,,,,,,NO,,,,2022-04-11T05:00:00Z,1.0890000000000004,TARGET,1.6800000000001067,0.31999999999989315,0,2.5999999999988455,false,
BOS_REMOVED,CONTROL,EUR/USD,EURUSD_2022-04-01,1h,supply,bearish_IPO_supply,2022-04-07T13:00:00Z,1.0914,1.09385,1.0907,1.0914,1.0922749999999999,1.0907,1.0922749999999999,1.09385,2022-04-11T09:00:00Z,2022-04-11T09:00:00Z,1.0922749999999999,1.09385,1.0891249999999997,0.001575000000000104,false,false,,,,,,NO,,,,2022-04-11T13:00:00Z,1.0891249999999997,TARGET,1.8984126984127052,0.10158730158729488,0.6825396825397385,2.714285714285412,false,
BOS_REMOVED,CONTROL,EUR/USD,EURUSD_2022-04-01,1h,demand,bullish_IPO_demand,2022-04-08T19:00:00Z,1.0885,1.0885,1.0875,1.0878,1.0885,1.088,1.088,1.0875,2022-04-11T17:00:00Z,2022-04-11T17:00:00Z,1.088,1.0875,1.0890000000000004,0.000500000000000167,false,false,,,,,,NO,,,,2022-04-11T18:00:00Z,1.0890000000000004,TARGET,1.6800000000001067,0.31999999999989315,0.6000000000001776,2.9999999999986677,false,
BOS_REMOVED,CONTROL,EUR/USD,EURUSD_2022-04-01,1h,demand,bullish_IPO_demand,2022-04-08T19:00:00Z,1.0885,1.0885,1.0875,1.0878,1.0885,1.088,1.088,1.0875,2022-04-11T23:00:00Z,2022-04-11T23:00:00Z,1.088,1.0875,1.0890000000000004,0.000500000000000167,false,false,,,,,,NO,,,,2022-04-12T01:00:00Z,1.0872,S2_CLOSE_INVALIDATION,-1.919999999999627,0.31999999999989315,2.6999999999994673,1.3999999999993782,false,
BOS_REMOVED,CONTROL,EUR/USD,EURUSD_2022-04-01,1h,demand,bullish_IPO_demand,2022-04-08T17:00:00Z,1.0874,1.0875,1.08655,1.0872,1.0875,1.087025,1.087025,1.08655,2022-04-12T02:00:00Z,2022-04-12T02:00:00Z,1.087025,1.08655,1.087975,0.0004750000000000032,false,false,,,,,,NO,,,,2022-04-12T04:00:00Z,1.087975,TARGET,1.6631578947368444,0.33684210526315567,0.6842105263155926,2.6842105263160603,false,
BOS_REMOVED,CONTROL,EUR/USD,EURUSD_2022-04-01,1h,supply,bearish_IPO_supply,2022-04-11T14:00:00Z,1.0881,1.08985,1.0879,1.0897,1.088875,1.0879,1.088875,1.08985,2022-04-12T12:00:00Z,2022-04-12T12:00:00Z,1.088875,1.08985,1.0869250000000001,0.0009749999999999481,false,false,,,,,,NO,,,,2022-04-12T12:00:00Z,1.0869250000000001,TARGET,1.8358974358974272,0.16410256410257285,1.4615384615385492,3.769230769231067,false,SAME_BAR_ENTRY_AND_EXIT
BOS_REMOVED,CONTROL,EUR/USD,EURUSD_2022-04-01,1h,supply,bearish_IPO_supply,2022-04-11T14:00:00Z,1.0881,1.08985,1.0879,1.0897,1.088875,1.0879,1.088875,1.08985,2022-04-12T14:00:00Z,2022-04-12T14:00:00Z,1.088875,1.08985,1.0869250000000001,0.0009749999999999481,false,false,,,,,,NO,,,,2022-04-12T15:00:00Z,1.0869250000000001,TARGET,1.8358974358974272,0.16410256410257285,0.025641025640967246,3.8717948717951636,false,
BOS_REMOVED,CONTROL,EUR/USD,EURUSD_2022-04-01,1h,supply,bearish_IPO_supply,2022-04-17T22:00:00Z,1.0808,1.08215,1.0804,1.08215,1.081275,1.0804,1.081275,1.08215,2022-04-18T11:00:00Z,2022-04-18T11:00:00Z,1.081275,1.08215,1.079525,0.0008749999999999591,false,false,,,,,,NO,,,,2022-04-18T14:00:00Z,1.079525,TARGET,1.8171428571428485,0.1828571428571514,0.2571428571427774,2.428571428571465,false,
BOS_REMOVED,CONTROL,EUR/USD,EURUSD_2022-04-01,1h,supply,bearish_IPO_supply,2022-04-18T19:00:00Z,1.0784,1.0785,1.0778,1.0784,1.07815,1.0778,1.07815,1.0785,2022-04-19T04:00:00Z,2022-04-19T04:00:00Z,1.07815,1.0785,1.0774499999999998,0.0003500000000000725,false,false,,,,,,NO,,,,2022-04-19T04:00:00Z,1.0774499999999998,TARGET,1.5428571428572375,0.45714285714276254,0.14285714285741474,3.857142857141951,false,SAME_BAR_ENTRY_AND_EXIT
BOS_REMOVED,CONTROL,EUR/USD,EURUSD_2022-04-01,1h,demand,bullish_IPO_demand,2022-04-20T11:00:00Z,1.0859,1.0859,1.0825,1.0828,1.0859,1.0842,1.0842,1.0825,2022-04-20T17:00:00Z,2022-04-20T17:00:00Z,1.0842,1.0825,1.0876000000000001,0.0017000000000000348,false,false,,,,,,NO,,,,2022-04-21T06:00:00Z,1.0876000000000001,TARGET,1.9058823529411784,0.09411764705882161,1.058823529411757,3.5882352941175704,false,
BOS_REMOVED,CONTROL,EUR/USD,EURUSD_2022-04-01,1h,supply,bearish_IPO_supply,2022-04-28T14:00:00Z,1.0508,1.052,1.0482,1.0515,1.0501,1.0482,1.0501,1.052,2022-04-28T22:00:00Z,2022-04-28T22:00:00Z,1.0501,1.052,1.0463,0.0019000000000000128,false,false,,,,,,NO,,,,2022-04-29T05:00:00Z,1.05375,S2_CLOSE_INVALIDATION,-2.005263157894687,0.08421052631578892,2.131578947368347,0.4736842105263773,false,
BOS_REMOVED,CONTROL,EUR/USD,EURUSD_2022-04-01,1h,supply,bearish_IPO_supply,2022-04-28T07:00:00Z,1.0522,1.0564,1.0515,1.0555,1.05395,1.0515,1.05395,1.0564,2022-04-29T06:00:00Z,2022-04-29T06:00:00Z,1.05395,1.0564,1.0490499999999998,0.0024500000000000632,false,false,,,,,,NO,,,,2022-04-29T08:00:00Z,1.05695,S2_CLOSE_INVALIDATION,-1.2897959183673602,0.0653061224489779,2.142857142857078,0.30612244897959556,false,
BOS_REMOVED,CONTROL,EUR/USD,EURUSD_2022-04-01,1h,supply,bearish_IPO_supply,2022-04-29T09:00:00Z,1.0569,1.058,1.0566,1.0578,1.0573000000000001,1.0566,1.0573000000000001,1.058,2022-04-29T17:00:00Z,2022-04-29T17:00:00Z,1.0573000000000001,1.058,1.0559000000000003,0.0006999999999999229,false,false,,,,,,NO,,,,2022-04-29T17:00:00Z,1.0559000000000003,TARGET,1.7714285714285463,0.22857142857145377,0.8571428571428571,3.5000000000004756,false,SAME_BAR_ENTRY_AND_EXIT
BOS_REMOVED,CONTROL,EUR/USD,EURUSD_2022-04-01,1h,supply,bearish_IPO_supply,2022-05-02T10:00:00Z,1.0527,1.0529,1.052,1.0527,1.0524499999999999,1.052,1.0524499999999999,1.0529,2022-05-03T00:00:00Z,2022-05-03T00:00:00Z,1.0524499999999999,1.0529,1.0515499999999998,0.00045000000000006146,false,false,,,,,,NO,,,,2022-05-03T00:00:00Z,1.0515499999999998,TARGET,1.644444444444493,0.355555555555507,0.3333333333334978,3.5555555555546783,false,SAME_BAR_ENTRY_AND_EXIT
BOS_REMOVED,CONTROL,EUR/USD,EURUSD_2022-04-01,1h,supply,bearish_IPO_supply,2022-05-02T13:00:00Z,1.0511,1.0528,1.05035,1.0525,1.051575,1.05035,1.051575,1.0528,2022-05-03T01:00:00Z,2022-05-03T01:00:00Z,1.051575,1.0528,1.0491249999999999,0.0012250000000000316,false,false,,,,,,NO,,,,2022-05-03T11:00:00Z,1.0539,S2_CLOSE_INVALIDATION,-2.0285714285714844,0.1306122448979558,2.1428571428571686,1.7755102040814366,false,
BOS_REMOVED,CONTROL,EUR/USD,EURUSD_2022-04-01,1h,supply,bearish_IPO_supply,2022-04-29T09:00:00Z,1.0569,1.058,1.0566,1.0578,1.0573000000000001,1.0566,1.0573000000000001,1.058,2022-05-03T12:00:00Z,2022-05-03T12:00:00Z,1.0573000000000001,1.058,1.0559000000000003,0.0006999999999999229,false,false,,,,,,NO,,,,2022-05-03T12:00:00Z,1.0559000000000003,TARGET,1.7714285714285463,0.22857142857145377,0.6428571428569843,4.928571428572222,false,SAME_BAR_ENTRY_AND_EXIT
BOS_REMOVED,CONTROL,EUR/USD,EURUSD_2022-04-01,1h,supply,bearish_IPO_supply,2022-04-29T17:00:00Z,1.0549,1.0579,1.05485,1.0573,1.056375,1.05485,1.056375,1.0579,2022-05-03T14:00:00Z,2022-05-03T14:00:00Z,1.056375,1.0579,1.053325,0.0015249999999999986,false,false,,,,,,NO,,,,2022-05-03T15:00:00Z,1.053325,TARGET,1.8950819672131147,0.10491803278688536,0.01639344262291263,2.1147540983606796,false,
BOS_REMOVED,CONTROL,EUR/USD,EURUSD_2022-04-01,1h,supply,bearish_IPO_supply,2022-05-05T19:00:00Z,1.0518,1.0551,1.0518,1.055,1.05345,1.0518,1.05345,1.0551,2022-05-06T07:00:00Z,2022-05-06T07:00:00Z,1.05345,1.0551,1.0501500000000001,0.0016499999999999293,false,false,,,,,,NO,,,,2022-05-06T07:00:00Z,1.0501500000000001,TARGET,1.9030303030302989,0.09696969696970113,0.5757575757576043,2.8787878787880214,false,SAME_BAR_ENTRY_AND_EXIT
BOS_REMOVED,CONTROL,EUR/USD,EURUSD_2022-04-01,1h,supply,bearish_IPO_supply,2022-05-09T01:00:00Z,1.0519,1.0527,1.0514,1.0524,1.05205,1.0514,1.05205,1.0527,2022-05-09T08:00:00Z,2022-05-09T08:00:00Z,1.05205,1.0527,1.0507499999999999,0.0006500000000000394,false,false,,,,,,NO,,,,2022-05-09T08:00:00Z,1.0507499999999999,TARGET,1.7538461538461687,0.24615384615383124,0,2.9230769230767653,false,SAME_BAR_ENTRY_AND_EXIT
BOS_REMOVED,CONTROL,EUR/USD,EURUSD_2022-04-01,1h,supply,bearish_IPO_supply,2022-05-06T19:00:00Z,1.0547,1.0556,1.0537,1.0548,1.05465,1.0537,1.05465,1.0556,2022-05-09T10:00:00Z,2022-05-09T10:00:00Z,1.05465,1.0556,1.05275,0.0009500000000000064,false,false,,,,,,NO,,,,2022-05-09T10:00:00Z,1.05275,TARGET,1.831578947368422,0.16842105263157783,0.368421052631419,2.157894736842204,false,SAME_BAR_ENTRY_AND_EXIT
BOS_REMOVED,CONTROL,EUR/USD,EURUSD_2022-04-01,1h,supply,bearish_IPO_supply,2022-05-06T14:00:00Z,1.0574,1.0587,1.0557,1.05815,1.0572,1.0557,1.0572,1.0587,2022-05-09T17:00:00Z,2022-05-09T17:00:00Z,1.0572,1.0587,1.0541999999999998,0.0015000000000000568,false,false,,,,,,NO,,,,2022-05-10T09:00:00Z,1.0541999999999998,TARGET,1.8933333333333373,0.10666666666666264,0.9000000000000888,2.333333333333136,false,
BOS_REMOVED,CONTROL,EUR/USD,EURUSD_2022-04-01,1h,supply,bearish_IPO_supply,2022-05-06T14:00:00Z,1.0574,1.0587,1.0557,1.05815,1.0572,1.0557,1.0572,1.0587,2022-05-11T09:00:00Z,2022-05-11T09:00:00Z,1.0572,1.0587,1.0541999999999998,0.0015000000000000568,false,false,,,,,,NO,,,,2022-05-11T12:00:00Z,1.0541999999999998,TARGET,1.8933333333333373,0.10666666666666264,0.26666666666677524,4.599999999999763,false,
BOS_REMOVED,CONTROL,EUR/USD,EURUSD_2022-04-01,1h,demand,bullish_IPO_demand,2022-05-09T14:00:00Z,1.0532,1.0534,1.0517,1.0527,1.0534,1.05255,1.05255,1.0517,2022-05-11T17:00:00Z,2022-05-11T17:00:00Z,1.05255,1.0517,1.0542500000000001,0.0008500000000000174,false,false,,,,,,NO,,,,2022-05-11T19:00:00Z,1.0516,S2_CLOSE_INVALIDATION,-1.3058823529411574,0.18823529411764323,1.3529411764708035,1.235294117647028,false,
BOS_REMOVED,CONTROL,EUR/USD,EURUSD_2022-04-01,1h,supply,bearish_IPO_supply,2022-05-19T03:00:00Z,1.0497,1.0507,1.0496,1.05005,1.05015,1.0496,1.05015,1.0507,2022-05-19T08:00:00Z,2022-05-19T08:00:00Z,1.05015,1.0507,1.0490499999999998,0.0005500000000000504,false,false,,,,,,NO,,,,2022-05-19T08:00:00Z,1.0490499999999998,TARGET,1.7090909090909356,0.29090909090906425,1.3636363636362903,3.909090909090322,false,SAME_BAR_ENTRY_AND_EXIT
BOS_REMOVED,CONTROL,EUR/USD,EURUSD_2022-04-01,1h,demand,bullish_IPO_demand,2022-05-20T02:00:00Z,1.0573,1.0574,1.0556,1.0559,1.0574,1.0565,1.0565,1.0556,2022-05-20T13:00:00Z,2022-05-20T13:00:00Z,1.0565,1.0556,1.0582999999999998,0.0008999999999999009,false,false,,,,,,NO,,,,2022-05-20T16:00:00Z,1.0549,S2_CLOSE_INVALIDATION,-1.955555555555822,0.17777777777779738,2.8333333333337034,0.6666666666666666,false,
BOS_REMOVED,CONTROL,EUR/USD,EURUSD_2022-04-01,1h,demand,bullish_IPO_demand,2022-05-30T03:00:00Z,1.07455,1.0748,1.0738,1.0745,1.0748,1.0743,1.0743,1.0738,2022-05-30T07:00:00Z,2022-05-30T07:00:00Z,1.0743,1.0738,1.0753,0.0004999999999999449,false,false,,,,,,NO,,,,2022-05-30T07:00:00Z,1.0753,TARGET,1.6799999999999646,0.32000000000003526,0.500000000000222,3.400000000000444,false,SAME_BAR_ENTRY_AND_EXIT
BOS_REMOVED,CONTROL,EUR/USD,EURUSD_2022-04-01,1h,demand,bullish_IPO_demand,2022-05-30T03:00:00Z,1.07455,1.0748,1.0738,1.0745,1.0748,1.0743,1.0743,1.0738,2022-05-31T02:00:00Z,2022-05-31T02:00:00Z,1.0743,1.0738,1.0753,0.0004999999999999449,false,false,,,,,,NO,,,,2022-05-31T02:00:00Z,1.0753,TARGET,1.6799999999999646,0.32000000000003526,0.2,3.000000000000444,false,SAME_BAR_ENTRY_AND_EXIT
BOS_REMOVED,CONTROL,EUR/USD,EURUSD_2022-04-01,1h,demand,bullish_IPO_demand,2022-05-30T00:00:00Z,1.073,1.0735,1.07285,1.0729,1.0735,1.073175,1.073175,1.07285,2022-05-31T06:00:00Z,2022-05-31T06:00:00Z,1.073175,1.07285,1.0738249999999998,0.0003249999999999087,false,false,,,,,,NO,,,,2022-05-31T06:00:00Z,1.0738249999999998,TARGET,1.5076923076921693,0.49230769230783067,1.1538461538465217,6.230769230770807,false,SAME_BAR_ENTRY_AND_EXIT
BOS_REMOVED,CONTROL,EUR/USD,EURUSD_2022-04-01,1h,demand,bullish_IPO_demand,2022-06-02T18:00:00Z,1.0745,1.0749,1.0739,1.0739,1.0749,1.0744,1.0744,1.0739,2022-06-03T09:00:00Z,2022-06-03T09:00:00Z,1.0744,1.0739,1.0754,0.0004999999999999449,false,false,,,,,,NO,,,,2022-06-03T09:00:00Z,1.0754,TARGET,1.6799999999999646,0.32000000000003526,0.10000000000022205,2.4,false,SAME_BAR_ENTRY_AND_EXIT
BOS_REMOVED,CONTROL,EUR/USD,EURUSD_2022-04-01,1h,demand,bullish_IPO_demand,2022-06-06T06:00:00Z,1.0727,1.0734,1.07185,1.0724,1.0734,1.072625,1.072625,1.07185,2022-06-06T10:00:00Z,2022-06-06T10:00:00Z,1.072625,1.07185,1.0741749999999999,0.0007749999999999702,false,false,,,,,,NO,,,,2022-06-06T10:00:00Z,1.0741749999999999,TARGET,1.7935483870967661,0.20645161290323377,0.22580645161295868,2.612903225806766,false,SAME_BAR_ENTRY_AND_EXIT
BOS_REMOVED,CONTROL,EUR/USD,EURUSD_2022-04-01,1h,demand,bullish_IPO_demand,2022-06-09T00:00:00Z,1.0717,1.0718,1.07095,1.0712,1.0718,1.0713750000000002,1.0713750000000002,1.07095,2022-06-09T06:00:00Z,2022-06-09T06:00:00Z,1.0713750000000002,1.07095,1.0722250000000004,0.0004250000000001197,false,false,,,,,,NO,,,,2022-06-09T07:00:00Z,1.0702,S2_CLOSE_INVALIDATION,-3.1411764705876988,0.3764705882351881,2.764705882352511,1.4705882352934108,false,
BOS_REMOVED,CONTROL,EUR/USD,EURUSD_2022-04-01,1h,supply,bearish_IPO_supply,2022-06-15T23:00:00Z,1.0444,1.0459,1.0443,1.0457,1.0451000000000001,1.0443,1.0451000000000001,1.0459,2022-06-16T03:00:00Z,2022-06-16T03:00:00Z,1.0451000000000001,1.0459,1.0435000000000003,0.0007999999999999119,false,false,,,,,,NO,,,,2022-06-16T05:00:00Z,1.0435000000000003,TARGET,1.799999999999978,0.20000000000002205,0.12499999999972244,3.250000000000555,false,
BOS_REMOVED,CONTROL,EUR/USD,EURUSD_2022-04-01,1h,demand,bullish_IPO_demand,2022-06-20T23:00:00Z,1.05185,1.0521,1.0514,1.0518,1.0521,1.05175,1.05175,1.0514,2022-06-21T06:00:00Z,2022-06-21T06:00:00Z,1.05175,1.0514,1.05245,0.0003500000000000725,false,false,,,,,,NO,,,,2022-06-21T06:00:00Z,1.05245,TARGET,1.5428571428572375,0.45714285714276254,0.8571428571425852,4.142857142856146,false,SAME_BAR_ENTRY_AND_EXIT
BOS_REMOVED,CONTROL,EUR/USD,EURUSD_2022-04-01,1h,supply,bearish_IPO_supply,2022-06-22T03:00:00Z,1.05095,1.0515,1.0507,1.0511,1.0511,1.0507,1.0511,1.0515,2022-06-22T08:00:00Z,2022-06-22T08:00:00Z,1.0511,1.0515,1.0502999999999996,0.000400000000000178,false,false,,,,,,NO,,,,2022-06-22T08:00:00Z,1.0502999999999996,TARGET,1.600000000000178,0.39999999999982205,0.8749999999997918,4.249999999997641,false,SAME_BAR_ENTRY_AND_EXIT
BOS_REMOVED,CONTROL,EUR/USD,EURUSD_2022-04-01,1h,supply,bearish_IPO_supply,2022-06-23T06:00:00Z,1.057,1.0579,1.0558,1.05775,1.05685,1.0558,1.05685,1.0579,2022-06-24T14:00:00Z,2022-06-24T14:00:00Z,1.05685,1.0579,1.05475,0.0010499999999999954,false,false,,,,,,NO,,,,2022-06-24T14:00:00Z,1.05475,TARGET,1.8476190476190468,0.15238095238095306,0.33333333333319237,3.2380952380953185,false,SAME_BAR_ENTRY_AND_EXIT
BOS_REMOVED,CONTROL,EUR/USD,EURUSD_2022-04-01,1h,supply,bearish_IPO_supply,2022-06-23T06:00:00Z,1.057,1.0579,1.0558,1.05775,1.05685,1.0558,1.05685,1.0579,2022-06-26T23:00:00Z,2022-06-26T23:00:00Z,1.05685,1.0579,1.05475,0.0010499999999999954,false,false,,,,,,NO,,,,2022-06-27T07:00:00Z,1.05885,S2_CLOSE_INVALIDATION,-2.057142857142868,0.15238095238095306,2.047619047618937,1.7619047619048929,false,
BOS_REMOVED,CONTROL,EUR/USD,EURUSD_2022-04-01,1h,demand,bullish_IPO_demand,2022-06-28T05:00:00Z,1.05755,1.0578,1.0571,1.0571,1.0578,1.05745,1.05745,1.0571,2022-06-28T08:00:00Z,2022-06-28T08:00:00Z,1.05745,1.0571,1.0581500000000001,0.0003500000000000725,false,false,,,,,,NO,,,,2022-06-28T08:00:00Z,1.0581500000000001,TARGET,1.5428571428572375,0.45714285714276254,0,6.571428571427122,false,SAME_BAR_ENTRY_AND_EXIT
BOS_REMOVED,CONTROL,EUR/USD,EURUSD_2022-04-01,1h,supply,bearish_IPO_supply,2022-06-29T01:00:00Z,1.0521,1.0533,1.0517,1.0529,1.0525,1.0517,1.0525,1.0533,2022-06-29T09:00:00Z,2022-06-29T09:00:00Z,1.0525,1.0533,1.0509000000000002,0.0007999999999999119,false,false,,,,,,NO,,,,2022-06-29T09:00:00Z,1.0509000000000002,TARGET,1.799999999999978,0.20000000000002205,0.5,2.0000000000002776,false,SAME_BAR_ENTRY_AND_EXIT
BOS_REMOVED,CONTROL,BTC/USD,BTCUSD_2022-04-01,1h,demand,bullish_IPO_demand,2022-04-25T08:00:00Z,38434.011719,38561.44141,38401.37891,38404.28125,38561.44141,38481.41016,38481.41016,38401.37891,2022-04-26T16:00:00Z,2022-04-26T16:00:00Z,38481.41016,38401.37891,38641.47266,80.03125,false,false,,,,,,NO,,,,2022-04-26T16:00:00Z,38641.47266,TARGET,0.5507009957235454,1.4492990042764546,1.1449141429129177,4.688061226083603,false,SAME_BAR_ENTRY_AND_EXIT
BOS_REMOVED,CONTROL,BTC/USD,BTCUSD_2022-04-01,1h,supply,bearish_IPO_supply,2022-04-27T13:00:00Z,38911.60156,39446.87109,38795.53125,39337.58984,39121.20117,38795.53125,39121.20117,39446.87109,2022-04-27T20:00:00Z,2022-04-27T20:00:00Z,39121.20117,39446.87109,38469.86133,325.6699200000003,false,false,,,,,,NO,,,,2022-04-28T08:00:00Z,39614.60156,S2_CLOSE_INVALIDATION,-1.8750404003538368,0.3600082782591647,1.7680802359640742,0.8662132812265783,false,
BOS_REMOVED,CONTROL,BTC/USD,BTCUSD_2022-04-01,1h,supply,bearish_IPO_supply,2022-05-06T09:00:00Z,36229.17969,36406.53906,36169.39062,36406.53906,36287.96484,36169.39062,36287.96484,36406.53906,2022-05-06T12:00:00Z,2022-05-06T12:00:00Z,36287.96484,36406.53906,36050.816399999996,118.57422000000224,false,false,,,,,,NO,,,,2022-05-06T12:00:00Z,36050.816399999996,TARGET,1.0922235311352,0.9077764688648001,0.1415582577730567,4.95862287772156,false,SAME_BAR_ENTRY_AND_EXIT
BOS_REMOVED,CONTROL,BTC/USD,BTCUSD_2022-04-01,1h,supply,bearish_IPO_supply,2022-05-11T18:00:00Z,29876.33984,30206.5293,29767.86914,29898.39062,29987.19922,29767.86914,29987.19922,30206.5293,2022-05-12T00:00:00Z,2022-05-12T00:00:00Z,29987.19922,30206.5293,29548.53906,219.33007999999973,false,false,,,,,,NO,,,,2022-05-12T00:00:00Z,29548.53906,TARGET,1.59127068744971,0.40872931255029005,0.7419432391580875,4.5846816816006335,false,SAME_BAR_ENTRY_AND_EXIT
BOS_REMOVED,CONTROL,BTC/USD,BTCUSD_2022-04-01,1h,supply,bearish_IPO_supply,2022-05-12T00:00:00Z,29174.23047,30149.92969,28981.64062,29882.21094,29565.785154999998,28981.64062,29565.785154999998,30149.92969,2022-05-12T14:00:00Z,2022-05-12T14:00:00Z,29565.785154999998,30149.92969,28397.49608499999,584.1445350000031,false,false,,,,,,NO,,,,2022-05-12T14:00:00Z,28397.49608499999,TARGET,1.8479224837736443,0.15207751622635574,0.07868745189921532,2.654883923548118,false,SAME_BAR_ENTRY_AND_EXIT
BOS_REMOVED,CONTROL,BTC/USD,BTCUSD_2022-04-01,1h,supply,bearish_IPO_supply,2022-05-12T00:00:00Z,29174.23047,30149.92969,28981.64062,29882.21094,29565.785154999998,28981.64062,29565.785154999998,30149.92969,2022-05-12T16:00:00Z,2022-05-12T16:00:00Z,29565.785154999998,30149.92969,28397.49608499999,584.1445350000031,false,false,,,,,,NO,,,,2022-05-12T18:00:00Z,28397.49608499999,TARGET,1.847476137939047,0.15252386206095297,0.5515845063927542,2.333881656532128,false,
BOS_REMOVED,CONTROL,BTC/USD,BTCUSD_2022-04-01,1h,supply,bearish_IPO_supply,2022-05-12T00:00:00Z,29174.23047,30149.92969,28981.64062,29882.21094,29565.785154999998,28981.64062,29565.785154999998,30149.92969,2022-05-13T01:00:00Z,2022-05-13T01:00:00Z,29565.785154999998,30149.92969,28397.49608499999,584.1445350000031,false,false,,,,,,NO,,,,2022-05-13T03:00:00Z,30567.90039,S2_CLOSE_INVALIDATION,-1.8669781489267812,0.15145198210233968,1.9764211694627898,0.4793267388866304,false,
BOS_REMOVED,CONTROL,BTC/USD,BTCUSD_2022-04-01,1h,supply,bearish_IPO_supply,2022-05-14T01:00:00Z,29457.63086,29801.88086,29375.81055,29705.36914,29588.845705,29375.81055,29588.845705,29801.88086,2022-05-14T16:00:00Z,2022-05-14T16:00:00Z,29588.845705,29801.88086,29162.775394999997,213.0351550000014,false,false,,,,,,NO,,,,2022-05-14T16:00:00Z,29162.775394999997,TARGET,1.5865193606191457,0.41348063938085444,0.29461651528829386,4.175486412090036,false,SAME_BAR_ENTRY_AND_EXIT
BOS_REMOVED,CONTROL,BTC/USD,BTCUSD_2022-04-01,1h,supply,bearish_IPO_supply,2022-05-16T04:00:00Z,30316.40039,30429.96094,30179.99023,30360.69922,30304.975585,30179.99023,30304.975585,30429.96094,2022-05-17T03:00:00Z,2022-05-17T03:00:00Z,30304.975585,30429.96094,30055.004875,124.98535500000071,false,false,,,,,,NO,,,,2022-05-17T03:00:00Z,30055.004875,TARGET,1.2710055284477169,0.728994471552283,1.529733903624141,2.2336601356214665,false,SAME_BAR_ENTRY_AND_EXIT
BOS_REMOVED,CONTROL,BTC/USD,BTCUSD_2022-04-01,1h,demand,bullish_IPO_demand,2022-05-19T08:00:00Z,29187.58984,29235.64062,28989.99023,28990.5,29235.64062,29112.815425,29112.815425,28989.99023,2022-05-20T15:00:00Z,2022-05-20T15:00:00Z,29112.815425,28989.99023,29358.465815000003,122.82519500000126,false,false,,,,,,NO,,,,2022-05-20T15:00:00Z,29358.465815000003,TARGET,1.28822944331577,0.7117705566842301,0.07307608996672096,3.0858054408136306,false,SAME_BAR_ENTRY_AND_EXIT
BOS_REMOVED,CONTROL,BTC/USD,BTCUSD_2022-04-01,1h,demand,bullish_IPO_demand,2022-05-18T23:00:00Z,28976.14062,29097.40039,28667.080078,28719.11914,29097.40039,28882.240233999997,28882.240233999997,28667.080078,2022-05-20T16:00:00Z,2022-05-20T16:00:00Z,28882.240233999997,28667.080078,29312.560545999993,215.1601559999981,false,false,,,,,,NO,,,,2022-05-20T19:00:00Z,29312.560545999993,TARGET,1.5972557320510552,0.40274426794894486,0.5839854196796441,2.168243157436675,false,
BOS_REMOVED,CONTROL,BTC/USD,BTCUSD_2022-04-01,1h,supply,bearish_IPO_supply,2022-05-27T15:00:00Z,28811.94922,28927.33984,28652.85938,28850.19922,28790.09961,28652.85938,28790.09961,28927.33984,2022-05-27T19:00:00Z,2022-05-27T19:00:00Z,28790.09961,28927.33984,28515.619150000002,137.24022999999943,false,false,,,,,,NO,,,,2022-05-27T19:00:00Z,28515.619150000002,TARGET,1.3689666499393045,0.6310333500606955,1.6570936962143041,2.6588442033360336,false,SAME_BAR_ENTRY_AND_EXIT
BOS_REMOVED,CONTROL,BTC/USD,BTCUSD_2022-04-01,1h,supply,bearish_IPO_supply,2022-05-27T15:00:00Z,28811.94922,28927.33984,28652.85938,28850.19922,28790.09961,28652.85938,28790.09961,28927.33984,2022-05-27T21:00:00Z,2022-05-27T21:00:00Z,28790.09961,28927.33984,28515.619150000002,137.24022999999943,false,false,,,,,,NO,,,,2022-05-28T12:00:00Z,28979.85938,S2_CLOSE_INVALIDATION,-2.010356365622542,0.6276730955638908,1.6667141260255858,1.8122163595907983,false,
BOS_REMOVED,CONTROL,BTC/USD,BTCUSD_2022-04-01,1h,demand,bullish_IPO_demand,2022-06-03T14:00:00Z,29699.76953,29743.41016,29341.17969,29488.65039,29743.41016,29542.294925000002,29542.294925000002,29341.17969,2022-06-07T07:00:00Z,2022-06-07T07:00:00Z,29542.294925000002,29341.17969,29944.525395000004,201.11523500000112,false,false,,,,,,NO,,,,2022-06-07T14:00:00Z,29944.525395000004,TARGET,1.5586838929432696,0.44131610705673047,0.7862408086587812,2.2310358785101236,false,
BOS_REMOVED,CONTROL,BTC/USD,BTCUSD_2022-04-01,1h,supply,bearish_IPO_supply,2022-06-06T15:00:00Z,31524.98047,31542.40039,31199.91016,31542,31371.155274999997,31199.91016,31371.155274999997,31542.40039,2022-06-07T21:00:00Z,2022-06-07T21:00:00Z,31371.155274999997,31542.40039,31028.665044999994,171.24511500000153,false,false,,,,,,NO,,,,2022-06-07T22:00:00Z,31028.665044999994,TARGET,1.4497571370722069,0.5502428629277931,0.9524621768042947,5.963063585200596,false,
BOS_REMOVED,CONTROL,BTC/USD,BTCUSD_2022-04-01,1h,supply,bearish_IPO_supply,2022-06-15T06:00:00Z,21233.98047,21387.86914,20988.24023,21346.16992,21188.054685,20988.24023,21188.054685,21387.86914,2022-06-15T11:00:00Z,2022-06-15T11:00:00Z,21188.054685,21387.86914,20788.425775,199.81445499999973,false,false,,,,,,NO,,,,2022-06-15T11:00:00Z,20788.425775,TARGET,1.6821009363912132,0.31789906360878695,0.23549194676632682,3.6998582259726844,false,SAME_BAR_ENTRY_AND_EXIT
BOS_REMOVED,CONTROL,BTC/USD,BTCUSD_2022-04-01,1h,supply,bearish_IPO_supply,2022-06-18T10:00:00Z,19160.11914,19517.070312,19160.11914,19409.98047,19338.594726,19160.11914,19338.594726,19517.070312,2022-06-18T22:00:00Z,2022-06-18T22:00:00Z,19338.594726,19517.070312,18981.643554,178.47558600000048,false,false,,,,,,NO,,,,2022-06-18T22:00:00Z,18981.643554,TARGET,1.6782272610663966,0.32177273893360325,0.3276938505191379,5.07803720560412,false,SAME_BAR_ENTRY_AND_EXIT
BOS_REMOVED,CONTROL,BTC/USD,BTCUSD_2022-04-01,1h,supply,bearish_IPO_supply,2022-06-19T10:00:00Z,19014.71094,19945.56055,18938.42969,19920.42969,19441.99512,18938.42969,19441.99512,19945.56055,2022-06-19T14:00:00Z,2022-06-19T14:00:00Z,19441.99512,19945.56055,18434.864260000002,503.56542999999874,false,false,,,,,,NO,,,,2022-06-19T18:00:00Z,20219.7793,S2_CLOSE_INVALIDATION,-1.6605736782804983,0.11601931917764918,1.5445543591028492,0.5256404118130167,false,
BOS_REMOVED,CONTROL,BTC/USD,BTCUSD_2022-04-01,1h,demand,bullish_IPO_demand,2022-06-20T01:00:00Z,20098.56055,20146.46094,19666.16016,19809.33984,20146.46094,19906.310550000002,19906.310550000002,19666.16016,2022-06-20T19:00:00Z,2022-06-20T19:00:00Z,19906.310550000002,19666.16016,20386.611330000007,240.15039000000252,false,false,,,,,,NO,,,,2022-06-20T20:00:00Z,20386.611330000007,TARGET,1.7487581912733958,0.25124180872660407,0.04097369985532896,2.4379661011584908,false,
BOS_REMOVED,CONTROL,BTC/USD,BTCUSD_2022-04-01,1h,supply,bearish_IPO_supply,2022-06-22T13:00:00Z,20363.81055,20758.94922,20245.85938,20722.64062,20502.404300000002,20245.85938,20502.404300000002,20758.94922,2022-06-23T06:00:00Z,2022-06-23T06:00:00Z,20502.404300000002,20758.94922,19989.31446000001,256.54491999999664,false,false,,,,,,NO,,,,2022-06-23T19:00:00Z,20910,S2_CLOSE_INVALIDATION,-1.8292147768624856,0.24042595968378877,1.7050269792908117,1.113581200516479,false,
BOS_REMOVED,CONTROL,BTC/USD,BTCUSD_2022-04-01,1h,demand,bullish_IPO_demand,2022-06-24T09:00:00Z,21058.89062,21072.71094,20749.91992,20827.36914,21072.71094,20911.315430000002,20911.315430000002,20749.91992,2022-06-24T16:00:00Z,2022-06-24T16:00:00Z,20911.315430000002,20749.91992,21234.106450000007,161.3955100000021,false,false,,,,,,NO,,,,2022-06-24T19:00:00Z,21234.106450000007,TARGET,1.6088322364730023,0.3911677635269976,0.605878874821256,2.0538697142194025,false,
BOS_REMOVED,CONTROL,EUR/USD,EURUSD_2025-01-01,1h,supply,bearish_IPO_supply,2024-12-19T09:00:00Z,1.040882,1.04227,1.04077,1.041257,1.04152,1.04077,1.04152,1.04227,2024-12-20T13:00:00Z,2024-12-20T13:00:00Z,1.04152,1.04227,1.04002,0.0007500000000000284,false,false,,,,,,NO,,,,2024-12-20T13:00:00Z,1.04002,TARGET,1.7866666666666746,0.21333333333332527,0.6000000000000593,3.7199999999999527,false,SAME_BAR_ENTRY_AND_EXIT
BOS_REMOVED,CONTROL,EUR/USD,EURUSD_2025-01-01,1h,supply,bearish_IPO_supply,2024-12-23T02:00:00Z,1.043607,1.04435,1.04354,1.044068,1.043945,1.04354,1.043945,1.04435,2024-12-27T11:00:00Z,2024-12-27T11:00:00Z,1.043945,1.04435,1.043135,0.0004049999999999887,false,false,,,,,,NO,,,,2024-12-27T11:00:00Z,1.043135,TARGET,1.6049382716049272,0.3950617283950728,0.43209876543220027,5.222222222222039,false,SAME_BAR_ENTRY_AND_EXIT
BOS_REMOVED,CONTROL,EUR/USD,EURUSD_2025-01-01,1h,supply,bearish_IPO_supply,2024-12-23T02:00:00Z,1.043607,1.04435,1.04354,1.044068,1.043945,1.04354,1.043945,1.04435,2024-12-30T09:00:00Z,2024-12-30T09:00:00Z,1.043945,1.04435,1.043135,0.0004049999999999887,false,false,,,,,,NO,,,,2024-12-30T09:00:00Z,1.043135,TARGET,1.6049382716049272,0.3950617283950728,0.08641975308644007,7.074074074074013,false,SAME_BAR_ENTRY_AND_EXIT
BOS_REMOVED,CONTROL,EUR/USD,EURUSD_2025-01-01,1h,supply,bearish_IPO_supply,2025-01-09T08:00:00Z,1.029115,1.03083,1.02834,1.030777,1.029585,1.02834,1.029585,1.03083,2025-01-09T17:00:00Z,2025-01-09T17:00:00Z,1.029585,1.03083,1.027095,0.0012449999999999406,false,false,,,,,,NO,,,,2025-01-10T13:00:00Z,1.027095,TARGET,1.8714859437750944,0.12851405622490575,1.3212851405624073,6.847389558233173,false,
BOS_REMOVED,CONTROL,EUR/USD,EURUSD_2025-01-01,1h,demand,bullish_IPO_demand,2025-01-16T12:00:00Z,1.02902,1.02906,1.02639,1.02719,1.02906,1.027725,1.027725,1.02639,2025-01-17T14:00:00Z,2025-01-17T14:00:00Z,1.027725,1.02639,1.0303950000000002,0.0013350000000000861,false,false,,,,,,NO,,,,2025-01-17T15:00:00Z,1.0303950000000002,TARGET,1.88014981273409,0.11985018726590989,0.9176029962546461,4.02621722846409,false,
BOS_REMOVED,CONTROL,EUR/USD,EURUSD_2025-01-01,1h,demand,bullish_IPO_demand,2025-01-16T12:00:00Z,1.02902,1.02906,1.02639,1.02719,1.02906,1.027725,1.027725,1.02639,2025-01-17T20:00:00Z,2025-01-17T20:00:00Z,1.027725,1.02639,1.0303950000000002,0.0013350000000000861,false,false,,,,,,NO,,,,2025-01-20T03:00:00Z,1.0303950000000002,TARGET,1.88014981273409,0.11985018726590989,0.8277153558051238,2.2134831460673037,false,
BOS_REMOVED,CONTROL,EUR/USD,EURUSD_2025-01-01,1h,demand,bullish_IPO_demand,2025-01-24T13:00:00Z,1.0474,1.04803,1.04635,1.04688,1.04803,1.04719,1.04719,1.04635,2025-01-26T23:00:00Z,2025-01-26T23:00:00Z,1.04719,1.04635,1.0488700000000004,0.0008400000000001739,false,false,,,,,,NO,,,,2025-01-27T01:00:00Z,1.04628,S2_CLOSE_INVALIDATION,-1.27380952380922,0.19047619047615105,1.2857142857139836,0.8809523809521543,false,
BOS_REMOVED,CONTROL,EUR/USD,EURUSD_2025-01-01,1h,supply,bearish_IPO_supply,2025-01-29T08:00:00Z,1.04164,1.0431,1.04158,1.04243,1.0423399999999998,1.04158,1.0423399999999998,1.0431,2025-01-29T15:00:00Z,2025-01-29T15:00:00Z,1.0423399999999998,1.0431,1.0408199999999996,0.0007600000000000939,false,false,,,,,,NO,,,,2025-01-29T15:00:00Z,1.0408199999999996,TARGET,1.7894736842105523,0.2105263157894477,0.53947368421078,3.8157894736836107,false,SAME_BAR_ENTRY_AND_EXIT
BOS_REMOVED,CONTROL,EUR/USD,EURUSD_2025-01-01,1h,supply,bearish_IPO_supply,2025-01-30T13:00:00Z,1.040355,1.04608,1.04012,1.045772,1.0431,1.04012,1.0431,1.04608,2025-01-30T20:00:00Z,2025-01-30T20:00:00Z,1.0431,1.04608,1.03714,0.0029799999999999827,false,false,,,,,,NO,,,,2025-01-31T09:00:00Z,1.03714,TARGET,1.9463087248322144,0.05369127516778555,0.060402684563781894,2.2114093959731247,false,
BOS_REMOVED,CONTROL,EUR/USD,EURUSD_2025-01-01,1h,demand,bullish_IPO_demand,2025-01-31T14:00:00Z,1.038245,1.0383,1.0366,1.03688,1.0383,1.03745,1.03745,1.0366,2025-01-31T20:00:00Z,2025-01-31T20:00:00Z,1.03745,1.0366,1.03915,0.0008500000000000174,false,false,,,,,,NO,,,,2025-01-31T21:00:00Z,1.03612,S2_CLOSE_INVALIDATION,-1.752941176470615,0.18823529411764323,2.952941176470542,1.6,false,
BOS_REMOVED,CONTROL,EUR/USD,EURUSD_2025-01-01,1h,supply,bearish_IPO_supply,2025-02-03T21:00:00Z,1.029537,1.03508,1.02925,1.03442,1.032165,1.02925,1.032165,1.03508,2025-02-04T02:00:00Z,2025-02-04T02:00:00Z,1.032165,1.03508,1.026335,0.002915000000000001,false,false,,,,,,NO,,,,2025-02-04T14:00:00Z,1.036002,S2_CLOSE_INVALIDATION,-1.371183533447715,0.05488850771869638,1.5454545454545385,1.713550600343081,false,
BOS_REMOVED,CONTROL,EUR/USD,EURUSD_2025-01-01,1h,supply,bearish_IPO_supply,2025-01-31T17:00:00Z,1.03998,1.04349,1.03899,1.04201,1.0412400000000002,1.03899,1.0412400000000002,1.04349,2025-02-05T12:00:00Z,2025-02-05T12:00:00Z,1.0412400000000002,1.04349,1.0367400000000004,0.0022499999999998632,false,false,,,,,,NO,,,,2025-02-06T08:00:00Z,1.0367400000000004,TARGET,1.9288888888888847,0.07111111111111544,1.4311111111110997,2.5155555555558062,false,
BOS_REMOVED,CONTROL,EUR/USD,EURUSD_2025-01-01,1h,demand,bullish_IPO_demand,2025-02-07T05:00:00Z,1.03811,1.0382,1.03737,1.03752,1.0382,1.037785,1.037785,1.03737,2025-02-07T12:00:00Z,2025-02-07T12:00:00Z,1.037785,1.03737,1.038615,0.0004150000000000542,false,false,,,,,,NO,,,,2025-02-07T13:00:00Z,1.03637,S2_CLOSE_INVALIDATION,-3.7951807228909358,0.38554216867464847,6.951807228914818,9.192771084336448,false,SAME_BAR_TARGET_AND_S2_RESOLVED_AS_S2
BOS_REMOVED,CONTROL,EUR/USD,EURUSD_2025-01-01,1h,demand,bullish_IPO_demand,2025-02-14T21:00:00Z,1.04924,1.04953,1.04867,1.04912,1.04953,1.0491000000000001,1.0491000000000001,1.04867,2025-02-17T05:00:00Z,2025-02-17T05:00:00Z,1.0491000000000001,1.04867,1.0499600000000004,0.0004300000000001525,false,false,,,,,,NO,,,,2025-02-17T07:00:00Z,1.048237,S2_CLOSE_INVALIDATION,-2.379069767441152,0.37209302325568205,2.534883720929416,1.7674418604641915,false,
BOS_REMOVED,CONTROL,EUR/USD,EURUSD_2025-01-01,1h,supply,bearish_IPO_supply,2025-02-18T07:00:00Z,1.046107,1.04699,1.04583,1.04636,1.04641,1.04583,1.04641,1.04699,2025-02-18T15:00:00Z,2025-02-18T15:00:00Z,1.04641,1.04699,1.04525,0.0005800000000000249,false,false,,,,,,NO,,,,2025-02-18T15:00:00Z,1.04525,TARGET,1.7241379310344946,0.2758620689655054,0.5689655172412539,2.2241379310344103,false,SAME_BAR_ENTRY_AND_EXIT
BOS_REMOVED,CONTROL,EUR/USD,EURUSD_2025-01-01,1h,demand,bullish_IPO_demand,2025-02-21T01:00:00Z,1.049018,1.04936,1.04843,1.04869,1.04936,1.048895,1.048895,1.04843,2025-02-21T07:00:00Z,2025-02-21T07:00:00Z,1.048895,1.04843,1.0498249999999998,0.0004649999999999377,false,false,,,,,,NO,,,,2025-02-21T07:00:00Z,1.0498249999999998,TARGET,1.6559139784945776,0.3440860215054225,0.05376344086009696,2.397849462366341,false,SAME_BAR_ENTRY_AND_EXIT
BOS_REMOVED,CONTROL,EUR/USD,EURUSD_2025-01-01,1h,supply,bearish_IPO_supply,2025-02-21T14:00:00Z,1.047532,1.04933,1.047,1.048132,1.048165,1.047,1.048165,1.04933,2025-02-23T22:00:00Z,2025-02-23T22:00:00Z,1.048165,1.04933,1.0458349999999998,0.0011650000000000826,false,false,,,,,,NO,,,,2025-02-24T00:00:00Z,1.050402,S2_CLOSE_INVALIDATION,-2.057510729613626,0.13733905579398167,2.2618025751070867,1.6094420600857837,false,
BOS_REMOVED,CONTROL,EUR/USD,EURUSD_2025-01-01,1h,demand,bullish_IPO_demand,2025-02-23T23:00:00Z,1.04744,1.04854,1.04685,1.047397,1.04854,1.047695,1.047695,1.04685,2025-02-24T08:00:00Z,2025-02-24T08:00:00Z,1.047695,1.04685,1.049385,0.0008449999999999847,false,false,,,,,,NO,,,,2025-02-24T13:00:00Z,1.046728,S2_CLOSE_INVALIDATION,-1.333727810650841,0.18934911242603897,2.0059171597633525,1.8994082840235333,false,
BOS_REMOVED,CONTROL,EUR/USD,EURUSD_2025-01-01,1h,demand,bullish_IPO_demand,2025-02-21T15:00:00Z,1.04806,1.04866,1.04523,1.045432,1.04866,1.046945,1.046945,1.04523,2025-02-24T15:00:00Z,2025-02-24T15:00:00Z,1.046945,1.04523,1.0503749999999998,0.001714999999999911,false,false,,,,,,NO,,,,2025-02-25T13:00:00Z,1.0503749999999998,TARGET,1.9067055393585957,0.09329446064140426,0.7900874635568894,2.387755102040917,false,
BOS_REMOVED,CONTROL,EUR/USD,EURUSD_2025-01-01,1h,demand,bullish_IPO_demand,2025-03-04T10:00:00Z,1.05122,1.05198,1.05022,1.05114,1.05198,1.0511,1.0511,1.05022,2025-03-04T15:00:00Z,2025-03-04T15:00:00Z,1.0511,1.05022,1.05286,0.0008799999999999919,false,false,,,,,,NO,,,,2025-03-04T16:00:00Z,1.05286,TARGET,1.8181818181818166,0.18181818181818352,1.693181818181824,3.3522727272727675,false,
BOS_REMOVED,CONTROL,EUR/USD,EURUSD_2025-01-01,1h,demand,bullish_IPO_demand,2025-03-06T03:00:00Z,1.080528,1.0806,1.0788,1.079012,1.0806,1.0796999999999999,1.0796999999999999,1.0788,2025-03-06T17:00:00Z,2025-03-06T17:00:00Z,1.0796999999999999,1.0788,1.0814999999999997,0.0008999999999999009,false,false,,,,,,NO,,,,2025-03-06T17:00:00Z,1.0814999999999997,TARGET,1.8222222222222026,0.17777777777779738,0.6444444444442964,2.855555555556074,false,SAME_BAR_ENTRY_AND_EXIT
BOS_REMOVED,CONTROL,EUR/USD,EURUSD_2025-01-01,1h,demand,bullish_IPO_demand,2025-03-10T08:00:00Z,1.08228,1.08248,1.0805,1.081,1.08248,1.08149,1.08149,1.0805,2025-03-10T11:00:00Z,2025-03-10T11:00:00Z,1.08149,1.0805,1.0834700000000002,0.0009900000000000464,false,false,,,,,,NO,,,,2025-03-10T11:00:00Z,1.0834700000000002,TARGET,1.838383838383846,0.16161616161615405,0.31313131313133125,5.060606060605782,false,SAME_BAR_ENTRY_AND_EXIT
BOS_REMOVED,CONTROL,EUR/USD,EURUSD_2025-01-01,1h,demand,bullish_IPO_demand,2025-03-11T10:00:00Z,1.0909,1.09092,1.0882,1.08908,1.09092,1.08956,1.08956,1.0882,2025-03-11T14:00:00Z,2025-03-11T14:00:00Z,1.08956,1.0882,1.0922800000000001,0.0013600000000000279,false,false,,,,,,NO,,,,2025-03-11T15:00:00Z,1.0922800000000001,TARGET,1.882352941176473,0.11764705882352701,0.05147058823530372,2.477941176470444,false,
BOS_REMOVED,CONTROL,EUR/USD,EURUSD_2025-01-01,1h,demand,bullish_IPO_demand,2025-03-12T12:00:00Z,1.09009,1.09354,1.08758,1.08778,1.09354,1.09056,1.09056,1.08758,2025-03-12T16:00:00Z,2025-03-12T16:00:00Z,1.09056,1.08758,1.09652,0.0029799999999999827,false,false,,,,,,NO,,,,2025-03-13T06:00:00Z,1.087427,S2_CLOSE_INVALIDATION,-1.105033557047004,0.05369127516778555,1.2281879194630934,0.7617449664429555,false,
BOS_REMOVED,CONTROL,EUR/USD,EURUSD_2025-01-01,1h,supply,bearish_IPO_supply,2025-03-13T21:00:00Z,1.085245,1.08591,1.08441,1.08531,1.0851600000000001,1.08441,1.0851600000000001,1.08591,2025-03-14T05:00:00Z,2025-03-14T05:00:00Z,1.0851600000000001,1.08591,1.0836600000000005,0.0007499999999998064,false,false,,,,,,NO,,,,2025-03-14T06:00:00Z,1.0836600000000005,TARGET,1.7866666666666116,0.21333333333338841,0.03999999999997632,2.25333333333417,false,
BOS_REMOVED,CONTROL,EUR/USD,EURUSD_2025-01-01,1h,demand,bullish_IPO_demand,2025-03-18T12:00:00Z,1.0917,1.09242,1.08922,1.0911,1.09242,1.09082,1.09082,1.08922,2025-03-19T08:00:00Z,2025-03-19T08:00:00Z,1.09082,1.08922,1.0940199999999995,0.0015999999999998238,false,false,,,,,,NO,,,,2025-03-19T14:00:00Z,1.088405,S2_CLOSE_INVALIDATION,-1.6093750000000735,0.10000000000001102,1.6562500000000695,0.6125000000001943,false,
BOS_REMOVED,CONTROL,EUR/USD,EURUSD_2025-01-01,1h,supply,bearish_IPO_supply,2025-03-19T08:00:00Z,1.08927,1.09111,1.08918,1.090728,1.0901450000000001,1.08918,1.0901450000000001,1.09111,2025-03-19T20:00:00Z,2025-03-19T20:00:00Z,1.0901450000000001,1.09111,1.0882150000000004,0.0009649999999998826,false,false,,,,,,NO,,,,2025-03-19T23:00:00Z,1.09118,S2_CLOSE_INVALIDATION,-1.238341968911961,0.16580310880831034,1.3005181347149604,0.6062176165804444,false,
BOS_REMOVED,CONTROL,EUR/USD,EURUSD_2025-01-01,1h,supply,bearish_IPO_supply,2025-03-26T20:00:00Z,1.075147,1.07572,1.07501,1.075373,1.0753650000000001,1.07501,1.0753650000000001,1.07572,2025-03-27T00:00:00Z,2025-03-27T00:00:00Z,1.0753650000000001,1.07572,1.0746550000000004,0.0003549999999998832,false,false,,,,,,NO,,,,2025-03-27T00:00:00Z,1.0746550000000004,TARGET,1.549295774647739,0.450704225352261,1.2253521126763558,3.676056338029693,false,SAME_BAR_ENTRY_AND_EXIT
BOS_REMOVED,CONTROL,EUR/USD,EURUSD_2025-01-01,1h,supply,bearish_IPO_supply,2025-03-25T21:00:00Z,1.07918,1.08027,1.07888,1.079322,1.0795750000000002,1.07888,1.0795750000000002,1.08027,2025-03-27T11:00:00Z,2025-03-27T11:00:00Z,1.0795750000000002,1.08027,1.0781850000000004,0.0006949999999998902,false,false,,,,,,NO,,,,2025-03-27T11:00:00Z,1.0781850000000004,TARGET,1.7697841726618342,0.2302158273381659,0.6115107913668559,2.482014388489887,false,SAME_BAR_ENTRY_AND_EXIT
BOS_REMOVED,CONTROL,EUR/USD,EURUSD_2025-01-01,1h,supply,bearish_IPO_supply,2025-03-26T14:00:00Z,1.07748,1.07958,1.07729,1.07908,1.078435,1.07729,1.078435,1.07958,2025-03-27T12:00:00Z,2025-03-27T12:00:00Z,1.078435,1.07958,1.0761450000000001,0.0011449999999999516,false,false,,,,,,NO,,,,2025-03-27T15:00:00Z,1.07992,S2_CLOSE_INVALIDATION,-1.4366812227074481,0.13973799126638145,3.253275109170424,0.7205240174673454,false,
BOS_REMOVED,CONTROL,EUR/USD,EURUSD_2025-01-01,1h,supply,bearish_IPO_supply,2025-03-25T21:00:00Z,1.07918,1.08027,1.07888,1.079322,1.0795750000000002,1.07888,1.0795750000000002,1.08027,2025-03-27T19:00:00Z,2025-03-27T19:00:00Z,1.0795750000000002,1.08027,1.0781850000000004,0.0006949999999998902,false,false,,,,,,NO,,,,2025-03-28T07:00:00Z,1.0781850000000004,TARGET,1.7697841726618342,0.2302158273381659,1.1294964028776082,2.0647482014392833,false,
BOS_REMOVED,CONTROL,EUR/USD,EURUSD_2025-01-01,1h,supply,bearish_IPO_supply,2025-03-25T12:00:00Z,1.08183,1.08306,1.08154,1.08254,1.0823,1.08154,1.0823,1.08306,2025-03-28T15:00:00Z,2025-03-28T15:00:00Z,1.0823,1.08306,1.0807800000000003,0.0007599999999998719,false,false,,,,,,NO,,,,2025-03-30T22:00:00Z,1.0807800000000003,TARGET,1.7894736842104908,0.2105263157895092,2.907894736842655,2.486842105263508,false,
BOS_REMOVED,CONTROL,BTC/USD,BTCUSD_2025-01-01,1h,supply,bearish_IPO_supply,2025-01-27T14:00:00Z,100483.98,102317.94,100105.54,101920.89,101211.73999999999,100105.54,101211.73999999999,102317.94,2025-01-27T20:00:00Z,2025-01-27T20:00:00Z,101211.73999999999,102317.94,98999.33999999997,1106.2000000000116,false,false,,,,,,NO,,,,2025-01-28T02:00:00Z,102402.01,S2_CLOSE_INVALIDATION,-1.3509577834026292,0.27495886819742976,1.518947749050797,1.4511661544024295,false,
BOS_REMOVED,CONTROL,BTC/USD,BTCUSD_2025-01-01,1h,demand,bullish_IPO_demand,2025-02-06T19:00:00Z,96316.83,96945.85,95676.64,95983,96945.85,96311.245,96311.245,95676.64,2025-02-07T23:00:00Z,2025-02-07T23:00:00Z,96311.245,95676.64,97580.45499999999,634.6049999999959,false,false,,,,,,NO,,,,2025-02-09T21:00:00Z,95173.78,S2_CLOSE_INVALIDATION,-2.2486198501430112,0.4562214290779333,2.518487878286502,1.5944485152181398,false,
BOS_REMOVED,CONTROL,BTC/USD,BTCUSD_2025-01-01,1h,supply,bearish_IPO_supply,2025-02-07T18:00:00Z,97434.79,98353.1,97300.01,97751.99,97826.555,97300.01,97826.555,98353.1,2025-02-10T09:00:00Z,2025-02-10T09:00:00Z,97826.555,98353.1,96773.46499999997,526.5450000000128,false,false,,,,,,NO,,,,2025-02-11T05:00:00Z,98412.24,S2_CLOSE_INVALIDATION,-1.668763999278297,0.5564469133692143,1.2380043491059443,1.8235193573198307,false,
BOS_REMOVED,CONTROL,BTC/USD,BTCUSD_2025-01-01,1h,supply,bearish_IPO_supply,2025-02-25T08:00:00Z,89320.01,90000,89012.03,89400.53,89506.015,89012.03,89506.015,90000,2025-02-25T13:00:00Z,2025-02-25T13:00:00Z,89506.015,90000,88518.045,493.9850000000006,false,false,,,,,,NO,,,,2025-02-25T14:00:00Z,88518.045,TARGET,1.4605538022409594,0.5394461977590407,0.07770478860693081,4.917183720153439,false,
BOS_REMOVED,CONTROL,BTC/USD,BTCUSD_2025-01-01,1h,supply,bearish_IPO_supply,2025-02-27T22:00:00Z,84409.18,84758.63,83881.08,84716.34,84319.85500000001,83881.08,84319.85500000001,84758.63,2025-02-28T15:00:00Z,2025-02-28T15:00:00Z,84319.85500000001,84758.63,83442.30500000002,438.7749999999942,false,false,,,,,,NO,,,,2025-02-28T15:00:00Z,83442.30500000002,TARGET,1.425639222836298,0.574360777163702,0.2416614437923545,5.291083129166536,false,SAME_BAR_ENTRY_AND_EXIT
BOS_REMOVED,CONTROL,BTC/USD,BTCUSD_2025-01-01,1h,supply,bearish_IPO_supply,2025-02-27T22:00:00Z,84409.18,84758.63,83881.08,84716.34,84319.85500000001,83881.08,84319.85500000001,84758.63,2025-02-28T17:00:00Z,2025-02-28T17:00:00Z,84319.85500000001,84758.63,83442.30500000002,438.7749999999942,false,false,,,,,,NO,,,,2025-02-28T18:00:00Z,83442.30500000002,TARGET,1.4283736311321218,0.5716263688678783,1.823588399521395,2.5597287903823576,false,
BOS_REMOVED,CONTROL,BTC/USD,BTCUSD_2025-01-01,1h,supply,bearish_IPO_supply,2025-02-27T22:00:00Z,84409.18,84758.63,83881.08,84716.34,84319.85500000001,83881.08,84319.85500000001,84758.63,2025-02-28T19:00:00Z,2025-02-28T19:00:00Z,84319.85500000001,84758.63,83442.30500000002,438.7749999999942,false,false,,,,,,NO,,,,2025-03-01T02:00:00Z,85240.46,S2_CLOSE_INVALIDATION,-2.6755283915446677,0.5774029286080642,3.0955615064668867,1.6406016751182726,false,
BOS_REMOVED,CONTROL,BTC/USD,BTCUSD_2025-01-01,1h,supply,bearish_IPO_supply,2025-02-27T15:00:00Z,84969.99,86145.52,84640.75,85500.84,85393.13500000001,84640.75,85393.13500000001,86145.52,2025-03-01T03:00:00Z,2025-03-01T03:00:00Z,85393.13500000001,86145.52,83888.36500000002,752.3849999999948,false,false,,,,,,NO,,,,2025-03-01T04:00:00Z,86190.01,S2_CLOSE_INVALIDATION,-1.3993733527382828,0.3402413923722586,1.548229962054,0.5737687487124411,false,
BOS_REMOVED,CONTROL,BTC/USD,BTCUSD_2025-01-01,1h,demand,bullish_IPO_demand,2025-03-02T18:00:00Z,94093.74,94399.8,92364.39,92794.19,94399.8,93382.095,93382.095,92364.39,2025-03-03T01:00:00Z,2025-03-03T01:00:00Z,93382.095,92364.39,95417.505,1017.7050000000017,false,false,,,,,,NO,,,,2025-03-03T06:00:00Z,91645.99,S2_CLOSE_INVALIDATION,-1.980297748365187,0.2743957433637444,2.0049572322038296,0.05967839403363497,false,
BOS_REMOVED,CONTROL,BTC/USD,BTCUSD_2025-01-01,1h,demand,bullish_IPO_demand,2025-03-02T14:00:00Z,85710.81,85911.84,85050.6,85107.45,85911.84,85481.22,85481.22,85050.6,2025-03-03T21:00:00Z,2025-03-03T21:00:00Z,85481.22,85050.6,86342.45999999999,430.61999999999534,false,false,,,,,,NO,,,,2025-03-03T21:00:00Z,86342.45999999999,TARGET,1.4052227253727119,0.594777274627288,0.8455482792253135,2.5565463749942086,false,SAME_BAR_ENTRY_AND_EXIT
BOS_REMOVED,CONTROL,BTC/USD,BTCUSD_2025-01-01,1h,demand,bullish_IPO_demand,2025-03-04T20:00:00Z,88206.19,88840.03,86692.9,86825.27,88840.03,87766.465,87766.465,86692.9,2025-03-05T08:00:00Z,2025-03-05T08:00:00Z,87766.465,86692.9,89913.595,1073.5650000000023,false,false,,,,,,NO,,,,2025-03-05T10:00:00Z,89913.595,TARGET,1.754761006552934,0.24523899344706604,0.15505814738743917,2.6952583215734465,false,
BOS_REMOVED,CONTROL,BTC/USD,BTCUSD_2025-01-01,1h,demand,bullish_IPO_demand,2025-03-07T03:00:00Z,87235.01,87694,86778.57,86991.25,87694,87236.285,87236.285,86778.57,2025-03-07T16:00:00Z,2025-03-07T16:00:00Z,87236.285,86778.57,88151.715,457.7149999999965,false,false,,,,,,NO,,,,2025-03-07T16:00:00Z,88151.715,TARGET,1.4282203773090199,0.5717796226909801,1.338944539724534,3.816883868783002,false,SAME_BAR_ENTRY_AND_EXIT
BOS_REMOVED,CONTROL,BTC/USD,BTCUSD_2025-01-01,1h,demand,bullish_IPO_demand,2025-03-07T00:00:00Z,89931.88,91283.02,84667.03,85529.22,91283.02,87975.025,87975.025,84667.03,2025-03-07T17:00:00Z,2025-03-07T17:00:00Z,87975.025,84667.03,94591.01499999998,3307.9949999999953,false,false,,,,,,NO,,,,2025-03-09T12:00:00Z,84599.99,S2_CLOSE_INVALIDATION,-1.0997879289418497,0.07952187654455353,1.128981452511264,0.31692460236487985,false,
BOS_REMOVED,CONTROL,BTC/USD,BTCUSD_2025-01-01,1h,demand,bullish_IPO_demand,2025-03-12T10:00:00Z,82680.06,82771.05,82106.09,82492.67,82771.05,82438.57,82438.57,82106.09,2025-03-12T13:00:00Z,2025-03-12T13:00:00Z,82438.57,82106.09,83103.53000000003,332.4800000000105,false,false,,,,,,NO,,,,2025-03-12T13:00:00Z,83103.53000000003,TARGET,1.253913588787319,0.746086411212681,0.24401467757459727,5.349344321462741,false,SAME_BAR_ENTRY_AND_EXIT
BOS_REMOVED,CONTROL,BTC/USD,BTCUSD_2025-01-01,1h,demand,bullish_IPO_demand,2025-03-12T06:00:00Z,81987.44,81987.44,81296,81425.98,81987.44,81641.72,81641.72,81296,2025-03-12T14:00:00Z,2025-03-12T14:00:00Z,81641.72,81296,82333.16,345.72000000000116,false,false,,,,,,NO,,,,2025-03-12T14:00:00Z,82333.16,TARGET,1.2924703228045842,0.7075296771954159,0.3272590535693597,3.6984553974314482,false,SAME_BAR_ENTRY_AND_EXIT
BOS_REMOVED,CONTROL,BTC/USD,BTCUSD_2025-01-01,1h,supply,bearish_IPO_supply,2025-03-13T14:00:00Z,81777.15,82524.46,81546.52,82009.5,82035.49,81546.52,82035.49,82524.46,2025-03-14T02:00:00Z,2025-03-14T02:00:00Z,82035.49,82524.46,81057.55,488.97000000000116,false,false,,,,,,NO,,,,2025-03-14T08:00:00Z,82593.44,S2_CLOSE_INVALIDATION,-1.6455629997750274,0.5044909503650519,1.2510378959854382,0.9141256109781979,false,
BOS_REMOVED,CONTROL,BTC/USD,BTCUSD_2025-01-01,1h,demand,bullish_IPO_demand,2025-03-19T20:00:00Z,85433.38,85854.99,85200.1,85353.99,85854.99,85527.54500000001,85527.54500000001,85200.1,2025-03-20T05:00:00Z,2025-03-20T05:00:00Z,85527.54500000001,85200.1,86182.43500000003,327.445000000007,false,false,,,,,,NO,,,,2025-03-20T08:00:00Z,86182.43500000003,TARGET,1.2136638519446183,0.7863361480553818,0.17955687214650262,2.3590373955930635,false,
BOS_REMOVED,CONTROL,EUR/USD,EURUSD_2025-04-01,1h,supply,bearish_IPO_supply,2025-03-19T08:00:00Z,1.08927,1.09111,1.08918,1.090728,1.0901450000000001,1.08918,1.0901450000000001,1.09111,2025-03-19T18:00:00Z,2025-03-19T18:00:00Z,1.0901450000000001,1.09111,1.0882150000000004,0.0009649999999998826,false,false,,,,,,NO,,,,2025-03-19T18:00:00Z,1.0882150000000004,TARGET,1.8341968911916897,0.16580310880831034,1.279792746114016,3.974093264249222,false,SAME_BAR_ENTRY_AND_EXIT
BOS_REMOVED,CONTROL,EUR/USD,EURUSD_2025-04-01,1h,supply,bearish_IPO_supply,2025-03-19T08:00:00Z,1.08927,1.09111,1.08918,1.090728,1.0901450000000001,1.08918,1.0901450000000001,1.09111,2025-03-19T20:00:00Z,2025-03-19T20:00:00Z,1.0901450000000001,1.09111,1.0882150000000004,0.0009649999999998826,false,false,,,,,,NO,,,,2025-03-19T23:00:00Z,1.09118,S2_CLOSE_INVALIDATION,-1.238341968911961,0.16580310880831034,1.3005181347149604,0.6062176165804444,false,
BOS_REMOVED,CONTROL,EUR/USD,EURUSD_2025-04-01,1h,demand,bullish_IPO_demand,2025-03-25T07:00:00Z,1.079477,1.08025,1.07849,1.0787,1.08025,1.07937,1.07937,1.07849,2025-03-25T20:00:00Z,2025-03-25T20:00:00Z,1.07937,1.07849,1.08113,0.0008799999999999919,false,false,,,,,,NO,,,,2025-03-26T00:00:00Z,1.078448,S2_CLOSE_INVALIDATION,-1.229545454545315,0.18181818181818352,1.1704545454544022,1.022727272727422,false,
BOS_REMOVED,CONTROL,EUR/USD,EURUSD_2025-04-01,1h,supply,bearish_IPO_supply,2025-03-25T21:00:00Z,1.07918,1.08027,1.07888,1.079322,1.0795750000000002,1.07888,1.0795750000000002,1.08027,2025-03-26T08:00:00Z,2025-03-26T08:00:00Z,1.0795750000000002,1.08027,1.0781850000000004,0.0006949999999998902,false,false,,,,,,NO,,,,2025-03-26T12:00:00Z,1.0781850000000004,TARGET,1.7697841726618342,0.2302158273381659,1.057553956834599,2.0359712230221434,false,
BOS_REMOVED,CONTROL,EUR/USD,EURUSD_2025-04-01,1h,supply,bearish_IPO_supply,2025-03-25T21:00:00Z,1.07918,1.08027,1.07888,1.079322,1.0795750000000002,1.07888,1.0795750000000002,1.08027,2025-03-26T14:00:00Z,2025-03-26T14:00:00Z,1.0795750000000002,1.08027,1.0781850000000004,0.0006949999999998902,false,false,,,,,,NO,,,,2025-03-26T14:00:00Z,1.0781850000000004,TARGET,1.7697841726618342,0.2302158273381659,0.007194244604045327,3.2877697841733147,false,SAME_BAR_ENTRY_AND_EXIT
BOS_REMOVED,CONTROL,EUR/USD,EURUSD_2025-04-01,1h,supply,bearish_IPO_supply,2025-03-26T20:00:00Z,1.075147,1.07572,1.07501,1.075373,1.0753650000000001,1.07501,1.0753650000000001,1.07572,2025-03-27T00:00:00Z,2025-03-27T00:00:00Z,1.0753650000000001,1.07572,1.0746550000000004,0.0003549999999998832,false,false,,,,,,NO,,,,2025-03-27T00:00:00Z,1.0746550000000004,TARGET,1.549295774647739,0.450704225352261,1.2253521126763558,3.676056338029693,false,SAME_BAR_ENTRY_AND_EXIT
BOS_REMOVED,CONTROL,EUR/USD,EURUSD_2025-04-01,1h,supply,bearish_IPO_supply,2025-03-25T21:00:00Z,1.07918,1.08027,1.07888,1.079322,1.0795750000000002,1.07888,1.0795750000000002,1.08027,2025-03-27T11:00:00Z,2025-03-27T11:00:00Z,1.0795750000000002,1.08027,1.0781850000000004,0.0006949999999998902,false,false,,,,,,NO,,,,2025-03-27T11:00:00Z,1.0781850000000004,TARGET,1.7697841726618342,0.2302158273381659,0.6115107913668559,2.482014388489887,false,SAME_BAR_ENTRY_AND_EXIT
BOS_REMOVED,CONTROL,EUR/USD,EURUSD_2025-04-01,1h,supply,bearish_IPO_supply,2025-03-26T14:00:00Z,1.07748,1.07958,1.07729,1.07908,1.078435,1.07729,1.078435,1.07958,2025-03-27T12:00:00Z,2025-03-27T12:00:00Z,1.078435,1.07958,1.0761450000000001,0.0011449999999999516,false,false,,,,,,NO,,,,2025-03-27T15:00:00Z,1.07992,S2_CLOSE_INVALIDATION,-1.4366812227074481,0.13973799126638145,3.253275109170424,0.7205240174673454,false,
BOS_REMOVED,CONTROL,EUR/USD,EURUSD_2025-04-01,1h,supply,bearish_IPO_supply,2025-03-25T21:00:00Z,1.07918,1.08027,1.07888,1.079322,1.0795750000000002,1.07888,1.0795750000000002,1.08027,2025-03-27T19:00:00Z,2025-03-27T19:00:00Z,1.0795750000000002,1.08027,1.0781850000000004,0.0006949999999998902,false,false,,,,,,NO,,,,2025-03-28T07:00:00Z,1.0781850000000004,TARGET,1.7697841726618342,0.2302158273381659,1.1294964028776082,2.0647482014392833,false,
BOS_REMOVED,CONTROL,EUR/USD,EURUSD_2025-04-01,1h,supply,bearish_IPO_supply,2025-03-25T12:00:00Z,1.08183,1.08306,1.08154,1.08254,1.0823,1.08154,1.0823,1.08306,2025-03-28T15:00:00Z,2025-03-28T15:00:00Z,1.0823,1.08306,1.0807800000000003,0.0007599999999998719,false,false,,,,,,NO,,,,2025-03-30T22:00:00Z,1.0807800000000003,TARGET,1.7894736842104908,0.2105263157895092,2.907894736842655,2.486842105263508,false,
BOS_REMOVED,CONTROL,EUR/USD,EURUSD_2025-04-01,1h,supply,bearish_IPO_supply,2025-04-01T03:00:00Z,1.0824,1.08285,1.08211,1.08269,1.0824799999999999,1.08211,1.0824799999999999,1.08285,2025-04-01T09:00:00Z,2025-04-01T09:00:00Z,1.0824799999999999,1.08285,1.0817399999999995,0.0003700000000002035,false,false,,,,,,NO,,,,2025-04-01T09:00:00Z,1.0817399999999995,TARGET,1.5675675675678054,0.43243243243219465,1.297297297296681,2.8648648648628536,false,SAME_BAR_ENTRY_AND_EXIT
BOS_REMOVED,CONTROL,EUR/USD,EURUSD_2025-04-01,1h,supply,bearish_IPO_supply,2025-04-01T22:00:00Z,1.079435,1.08088,1.07902,1.079855,1.0799500000000002,1.07902,1.0799500000000002,1.08088,2025-04-02T09:00:00Z,2025-04-02T09:00:00Z,1.0799500000000002,1.08088,1.0780900000000004,0.0009299999999998754,false,false,,,,,,NO,,,,2025-04-02T12:00:00Z,1.082134,S2_CLOSE_INVALIDATION,-2.5204301075269417,0.17204301075271125,2.4741935483873063,0.9161290322585066,false,
BOS_REMOVED,CONTROL,EUR/USD,EURUSD_2025-04-01,1h,demand,bullish_IPO_demand,2025-04-03T23:00:00Z,1.10668,1.10668,1.10461,1.10473,1.10668,1.105645,1.105645,1.10461,2025-04-04T06:00:00Z,2025-04-04T06:00:00Z,1.105645,1.10461,1.1077149999999998,0.0010349999999998971,false,false,,,,,,NO,,,,2025-04-04T06:00:00Z,1.1077149999999998,TARGET,1.8454106280193083,0.1545893719806917,0.29468599033819326,3.1352657004833477,false,SAME_BAR_ENTRY_AND_EXIT
BOS_REMOVED,CONTROL,EUR/USD,EURUSD_2025-04-01,1h,demand,bullish_IPO_demand,2025-04-07T02:00:00Z,1.096611,1.096611,1.092538,1.093733,1.096611,1.0945745,1.0945745,1.092538,2025-04-07T11:00:00Z,2025-04-07T11:00:00Z,1.0945745,1.092538,1.0986475,0.0020364999999999966,false,false,,,,,,NO,,,,2025-04-07T12:00:00Z,1.0986475,TARGET,1.9214338325558555,0.0785661674441445,0.29585072428188675,2.1244782715442705,false,
BOS_REMOVED,CONTROL,EUR/USD,EURUSD_2025-04-01,1h,demand,bullish_IPO_demand,2025-04-07T02:00:00Z,1.096611,1.096611,1.092538,1.093733,1.096611,1.0945745,1.0945745,1.092538,2025-04-07T13:00:00Z,2025-04-07T13:00:00Z,1.0945745,1.092538,1.0986475,0.0020364999999999966,false,false,,,,,,NO,,,,2025-04-07T15:00:00Z,1.091703,S2_CLOSE_INVALIDATION,-1.4885833537932338,0.0785661674441445,1.9364105082249479,1.5912104100171789,false,
BOS_REMOVED,CONTROL,EUR/USD,EURUSD_2025-04-01,1h,demand,bullish_IPO_demand,2025-04-07T15:00:00Z,1.092061,1.093853,1.090631,1.091703,1.093853,1.092242,1.092242,1.090631,2025-04-08T09:00:00Z,2025-04-08T09:00:00Z,1.092242,1.090631,1.095464,0.001611000000000029,false,false,,,,,,NO,,,,2025-04-08T12:00:00Z,1.095464,TARGET,1.9006828057107406,0.09931719428925954,0.4823091247672338,3.0111731843575873,false,
BOS_REMOVED,CONTROL,EUR/USD,EURUSD_2025-04-01,1h,supply,bearish_IPO_supply,2025-04-08T12:00:00Z,1.094092,1.097093,1.094092,1.09505,1.0955925,1.094092,1.0955925,1.097093,2025-04-08T19:00:00Z,2025-04-08T19:00:00Z,1.0955925,1.097093,1.0925914999999997,0.0015005000000001267,false,false,,,,,,NO,,,,2025-04-08T23:00:00Z,1.097936,S2_CLOSE_INVALIDATION,-1.668443852049212,0.10663112295900466,2.1242919026990013,0.84071976007992,false,
BOS_REMOVED,CONTROL,EUR/USD,EURUSD_2025-04-01,1h,supply,bearish_IPO_supply,2025-04-09T06:00:00Z,1.10644,1.10914,1.10473,1.10779,1.106935,1.10473,1.106935,1.10914,2025-04-10T10:00:00Z,2025-04-10T10:00:00Z,1.106935,1.10914,1.102525,0.0022050000000000125,false,false,,,,,,NO,,,,2025-04-10T12:00:00Z,1.11025,S2_CLOSE_INVALIDATION,-1.5759637188208333,0.07256235827664359,2.9047619047618856,0.44671201814059325,false,
BOS_REMOVED,CONTROL,EUR/USD,EURUSD_2025-04-01,1h,demand,bullish_IPO_demand,2025-04-14T13:00:00Z,1.13417,1.13417,1.13007,1.13314,1.13417,1.13212,1.13212,1.13007,2025-04-15T01:00:00Z,2025-04-15T01:00:00Z,1.13212,1.13007,1.1362200000000002,0.0020500000000001073,false,false,,,,,,NO,,,,2025-04-15T04:00:00Z,1.1362200000000002,TARGET,1.9219512195121993,0.0780487804878008,0.12682926829264066,2.195121951219372,false,
BOS_REMOVED,CONTROL,EUR/USD,EURUSD_2025-04-01,1h,demand,bullish_IPO_demand,2025-04-22T00:00:00Z,1.15141,1.15146,1.14817,1.14901,1.15146,1.1498149999999998,1.1498149999999998,1.14817,2025-04-22T06:00:00Z,2025-04-22T06:00:00Z,1.1498149999999998,1.14817,1.1531049999999996,0.0016449999999998965,false,false,,,,,,NO,,,,2025-04-22T06:00:00Z,1.1531049999999996,TARGET,1.9027355623100242,0.09726443768997572,0.13677811550147956,2.9270516717328503,false,SAME_BAR_ENTRY_AND_EXIT
BOS_REMOVED,CONTROL,EUR/USD,EURUSD_2025-04-01,1h,demand,bullish_IPO_demand,2025-04-22T00:00:00Z,1.15141,1.15146,1.14817,1.14901,1.15146,1.1498149999999998,1.1498149999999998,1.14817,2025-04-22T08:00:00Z,2025-04-22T08:00:00Z,1.1498149999999998,1.14817,1.1531049999999996,0.0016449999999998965,false,false,,,,,,NO,,,,2025-04-22T12:00:00Z,1.14702,S2_CLOSE_INVALIDATION,-1.7963525835866667,0.09726443768997572,2.2340425531915526,1.0547112462008348,false,
BOS_REMOVED,CONTROL,EUR/USD,EURUSD_2025-04-01,1h,supply,bearish_IPO_supply,2025-04-23T14:00:00Z,1.13353,1.1383,1.13267,1.13512,1.135485,1.13267,1.135485,1.1383,2025-04-24T02:00:00Z,2025-04-24T02:00:00Z,1.135485,1.1383,1.129855,0.002815000000000012,false,false,,,,,,NO,,,,2025-04-24T09:00:00Z,1.13844,S2_CLOSE_INVALIDATION,-1.1065719360567694,0.05683836589698023,1.3801065719360213,0.8650088809947342,false,
BOS_REMOVED,CONTROL,EUR/USD,EURUSD_2025-04-01,1h,demand,bullish_IPO_demand,2025-05-06T23:00:00Z,1.1343,1.13459,1.13329,1.13401,1.13459,1.13394,1.13394,1.13329,2025-05-07T17:00:00Z,2025-05-07T17:00:00Z,1.13394,1.13329,1.13524,0.0006500000000000394,false,false,,,,,,NO,,,,2025-05-07T18:00:00Z,1.13524,TARGET,1.7538461538461687,0.24615384615383124,2.9846153846152847,4.0307692307690886,false,
BOS_REMOVED,CONTROL,EUR/USD,EURUSD_2025-04-01,1h,supply,bearish_IPO_supply,2025-05-12T08:00:00Z,1.11051,1.11457,1.10818,1.11377,1.111375,1.10818,1.111375,1.11457,2025-05-13T04:00:00Z,2025-05-13T04:00:00Z,1.111375,1.11457,1.1049849999999999,0.003195000000000059,false,false,,,,,,NO,,,,2025-05-13T14:00:00Z,1.11626,S2_CLOSE_INVALIDATION,-1.5790297339592911,0.05007824726134493,1.5915492957746205,0.5336463223787281,false,
BOS_REMOVED,CONTROL,EUR/USD,EURUSD_2025-04-01,1h,supply,bearish_IPO_supply,2025-05-12T00:00:00Z,1.12287,1.12396,1.12248,1.12383,1.1232199999999999,1.12248,1.1232199999999999,1.12396,2025-05-14T08:00:00Z,2025-05-14T08:00:00Z,1.1232199999999999,1.12396,1.1217399999999995,0.000740000000000185,false,false,,,,,,NO,,,,2025-05-14T08:00:00Z,1.1217399999999995,TARGET,1.7837837837838377,0.2162162162161622,2.756756756756124,2.6621621621612337,false,SAME_BAR_ENTRY_AND_EXIT
BOS_REMOVED,CONTROL,EUR/USD,EURUSD_2025-04-01,1h,supply,bearish_IPO_supply,2025-05-14T12:00:00Z,1.12174,1.12361,1.12101,1.12253,1.1223100000000001,1.12101,1.1223100000000001,1.12361,2025-05-15T06:00:00Z,2025-05-15T06:00:00Z,1.1223100000000001,1.12361,1.1197100000000004,0.0012999999999998568,false,false,,,,,,NO,,,,2025-05-15T06:00:00Z,1.1197100000000004,TARGET,1.8769230769230634,0.12307692307693664,0.44615384615374365,2.615384615384957,false,SAME_BAR_ENTRY_AND_EXIT
BOS_REMOVED,CONTROL,EUR/USD,EURUSD_2025-04-01,1h,demand,bullish_IPO_demand,2025-05-15T17:00:00Z,1.11808,1.11895,1.11702,1.11723,1.11895,1.117985,1.117985,1.11702,2025-05-15T21:00:00Z,2025-05-15T21:00:00Z,1.117985,1.11702,1.1199150000000002,0.0009650000000001047,false,false,,,,,,NO,,,,2025-05-16T00:00:00Z,1.1199150000000002,TARGET,1.834196891191728,0.16580310880827218,0.25388601036271935,2.989637305699185,false,
BOS_REMOVED,CONTROL,EUR/USD,EURUSD_2025-04-01,1h,demand,bullish_IPO_demand,2025-05-15T23:00:00Z,1.11925,1.11944,1.11894,1.11921,1.11944,1.1191900000000001,1.1191900000000001,1.11894,2025-05-16T09:00:00Z,2025-05-16T09:00:00Z,1.1191900000000001,1.11894,1.1196900000000003,0.0002500000000000835,false,false,,,,,,NO,,,,2025-05-16T09:00:00Z,1.1196900000000003,TARGET,1.3600000000002137,0.6399999999997863,0.20000000000035528,6.8799999999974775,false,SAME_BAR_ENTRY_AND_EXIT
BOS_REMOVED,CONTROL,EUR/USD,EURUSD_2025-04-01,1h,demand,bullish_IPO_demand,2025-05-15T23:00:00Z,1.11925,1.11944,1.11894,1.11921,1.11944,1.1191900000000001,1.1191900000000001,1.11894,2025-05-16T11:00:00Z,2025-05-16T11:00:00Z,1.1191900000000001,1.11894,1.1196900000000003,0.0002500000000000835,false,false,,,,,,NO,,,,2025-05-16T11:00:00Z,1.1196900000000003,TARGET,1.3600000000002137,0.6399999999997863,0.7200000000000355,6.7599999999976195,false,SAME_BAR_ENTRY_AND_EXIT
BOS_REMOVED,CONTROL,EUR/USD,EURUSD_2025-04-01,1h,demand,bullish_IPO_demand,2025-06-01T23:00:00Z,1.13556,1.1361,1.13506,1.13532,1.1361,1.13558,1.13558,1.13506,2025-06-02T03:00:00Z,2025-06-02T03:00:00Z,1.13558,1.13506,1.1366200000000002,0.000520000000000076,false,false,,,,,,NO,,,,2025-06-02T03:00:00Z,1.1366200000000002,TARGET,1.6923076923077374,0.30769230769226275,0.32692307692303585,2.038461538461358,false,SAME_BAR_ENTRY_AND_EXIT
BOS_REMOVED,CONTROL,EUR/USD,EURUSD_2025-04-01,1h,supply,bearish_IPO_supply,2025-06-06T10:00:00Z,1.14198,1.14248,1.14172,1.14228,1.1421000000000001,1.14172,1.1421000000000001,1.14248,2025-06-09T03:00:00Z,2025-06-09T03:00:00Z,1.1421000000000001,1.14248,1.1413400000000005,0.0003799999999998249,false,false,,,,,,NO,,,,2025-06-09T03:00:00Z,1.1413400000000005,TARGET,1.5789473684208586,0.4210526315791414,0.13157894736817502,2.4736842105278845,false,SAME_BAR_ENTRY_AND_EXIT
BOS_REMOVED,CONTROL,EUR/USD,EURUSD_2025-04-01,1h,supply,bearish_IPO_supply,2025-06-06T10:00:00Z,1.14198,1.14248,1.14172,1.14228,1.1421000000000001,1.14172,1.1421000000000001,1.14248,2025-06-09T05:00:00Z,2025-06-09T05:00:00Z,1.1421000000000001,1.14248,1.1413400000000005,0.0003799999999998249,false,false,,,,,,NO,,,,2025-06-09T05:00:00Z,1.1413400000000005,TARGET,1.5789473684208586,0.4210526315791414,0.9736842105267156,2.421052631580147,false,SAME_BAR_ENTRY_AND_EXIT
BOS_REMOVED,CONTROL,EUR/USD,EURUSD_2025-04-01,1h,supply,bearish_IPO_supply,2025-06-09T06:00:00Z,1.14223,1.14299,1.14174,1.14275,1.1423649999999999,1.14174,1.1423649999999999,1.14299,2025-06-09T15:00:00Z,2025-06-09T15:00:00Z,1.1423649999999999,1.14299,1.1411149999999997,0.0006250000000000977,false,false,,,,,,NO,,,,2025-06-09T15:00:00Z,1.1411149999999997,TARGET,1.74400000000004,0.25599999999996,0.3600000000001705,2.583999999999471,false,SAME_BAR_ENTRY_AND_EXIT
BOS_REMOVED,CONTROL,EUR/USD,EURUSD_2025-04-01,1h,supply,bearish_IPO_supply,2025-06-09T06:00:00Z,1.14223,1.14299,1.14174,1.14275,1.1423649999999999,1.14174,1.1423649999999999,1.14299,2025-06-09T17:00:00Z,2025-06-09T17:00:00Z,1.1423649999999999,1.14299,1.1411149999999997,0.0006250000000000977,false,false,,,,,,NO,,,,2025-06-10T01:00:00Z,1.1411149999999997,TARGET,1.74400000000004,0.25599999999996,1.991999999999949,4.567999999999014,false,
BOS_REMOVED,CONTROL,EUR/USD,EURUSD_2025-04-01,1h,supply,bearish_IPO_supply,2025-06-09T23:00:00Z,1.14231,1.14288,1.14197,1.14263,1.1424249999999998,1.14197,1.1424249999999998,1.14288,2025-06-10T10:00:00Z,2025-06-10T10:00:00Z,1.1424249999999998,1.14288,1.1415149999999996,0.0004550000000000942,false,false,,,,,,NO,,,,2025-06-10T10:00:00Z,1.1415149999999996,TARGET,1.648351648351721,0.35164835164827885,0.16483516483572255,2.9120879120868666,false,SAME_BAR_ENTRY_AND_EXIT
BOS_REMOVED,CONTROL,EUR/USD,EURUSD_2025-04-01,1h,supply,bearish_IPO_supply,2025-06-09T06:00:00Z,1.14223,1.14299,1.14174,1.14275,1.1423649999999999,1.14174,1.1423649999999999,1.14299,2025-06-10T11:00:00Z,2025-06-10T11:00:00Z,1.1423649999999999,1.14299,1.1411149999999997,0.0006250000000000977,false,false,,,,,,NO,,,,2025-06-10T12:00:00Z,1.14323,S2_CLOSE_INVALIDATION,-1.6399999999999288,0.25599999999996,2.743999999999784,0.7279999999996817,false,
BOS_REMOVED,CONTROL,EUR/USD,EURUSD_2025-04-01,1h,supply,bearish_IPO_supply,2025-06-10T23:00:00Z,1.14289,1.144,1.14217,1.14375,1.143085,1.14217,1.143085,1.144,2025-06-11T09:00:00Z,2025-06-11T09:00:00Z,1.143085,1.144,1.141255,0.0009149999999999991,false,false,,,,,,NO,,,,2025-06-11T12:00:00Z,1.14607,S2_CLOSE_INVALIDATION,-3.437158469945375,0.17486338797814224,6.44262295081966,0.4972677595627023,false,
BOS_REMOVED,CONTROL,EUR/USD,EURUSD_2025-04-01,1h,demand,bullish_IPO_demand,2025-06-16T11:00:00Z,1.15753,1.15841,1.15693,1.1573,1.15841,1.15767,1.15767,1.15693,2025-06-16T17:00:00Z,2025-06-16T17:00:00Z,1.15767,1.15693,1.15915,0.0007399999999999629,false,false,,,,,,NO,,,,2025-06-16T19:00:00Z,1.15556,S2_CLOSE_INVALIDATION,-3.067567567567797,0.21621621621622708,3,1.175675675675635,false,
BOS_REMOVED,CONTROL,EUR/USD,EURUSD_2025-04-01,1h,demand,bullish_IPO_demand,2025-06-20T01:00:00Z,1.15227,1.15233,1.15123,1.15135,1.15233,1.15178,1.15178,1.15123,2025-06-20T19:00:00Z,2025-06-20T19:00:00Z,1.15178,1.15123,1.1528800000000001,0.0005500000000000504,false,false,,,,,,NO,,,,2025-06-20T19:00:00Z,1.1528800000000001,TARGET,1.7090909090909356,0.29090909090906425,0.4727272727270966,2.6181818181813705,false,SAME_BAR_ENTRY_AND_EXIT
BOS_REMOVED,CONTROL,EUR/USD,EURUSD_2025-04-01,1h,demand,bullish_IPO_demand,2025-06-20T12:00:00Z,1.15211,1.15272,1.15057,1.15125,1.15272,1.151645,1.151645,1.15057,2025-06-20T20:00:00Z,2025-06-20T20:00:00Z,1.151645,1.15057,1.153795,0.0010749999999999371,false,false,,,,,,NO,,,,2025-06-22T23:00:00Z,1.14996,S2_CLOSE_INVALIDATION,-1.7162790697674832,0.1488372093023343,2.86046511627918,0.6372093023256621,false,
BOS_REMOVED,CONTROL,EUR/USD,EURUSD_2025-04-01,1h,demand,bullish_IPO_demand,2025-06-19T16:00:00Z,1.14597,1.14618,1.14543,1.14566,1.14618,1.145805,1.145805,1.14543,2025-06-23T09:00:00Z,2025-06-23T09:00:00Z,1.145805,1.14543,1.146555,0.0003750000000000142,false,false,,,,,,NO,,,,2025-06-23T09:00:00Z,1.146555,TARGET,1.5733333333333495,0.42666666666665054,1.266666666666627,6.759999999999621,false,SAME_BAR_ENTRY_AND_EXIT
BOS_REMOVED,CONTROL,EUR/USD,EURUSD_2025-04-01,1h,demand,bullish_IPO_demand,2025-06-19T01:00:00Z,1.14813,1.14825,1.14514,1.14531,1.14825,1.146695,1.146695,1.14514,2025-06-23T10:00:00Z,2025-06-23T10:00:00Z,1.146695,1.14514,1.149805,0.001554999999999973,false,false,,,,,,NO,,,,2025-06-23T14:00:00Z,1.149805,TARGET,1.897106109324757,0.10289389067524295,0.64630225080382,4.768488745980758,false,
BOS_REMOVED,CONTROL,EUR/USD,EURUSD_2025-04-01,1h,demand,bullish_IPO_demand,2025-06-24T15:00:00Z,1.16167,1.16369,1.1607,1.16076,1.16369,1.162195,1.162195,1.1607,2025-06-25T02:00:00Z,2025-06-25T02:00:00Z,1.162195,1.1607,1.1651850000000001,0.001495000000000024,false,false,,,,,,NO,,,,2025-06-25T07:00:00Z,1.15987,S2_CLOSE_INVALIDATION,-1.6622073578595937,0.10702341137123575,2.1571906354514927,0.5384615384614928,false,
BOS_REMOVED,CONTROL,EUR/USD,EURUSD_2025-04-01,1h,demand,bullish_IPO_demand,2025-06-24T07:00:00Z,1.16053,1.16109,1.15796,1.15924,1.16109,1.159525,1.159525,1.15796,2025-06-25T09:00:00Z,2025-06-25T09:00:00Z,1.159525,1.15796,1.1626549999999995,0.0015649999999998165,false,false,,,,,,NO,,,,2025-06-25T15:00:00Z,1.1626549999999995,TARGET,1.8977635782747484,0.10223642172525162,0.3354632587859094,2.220447284345383,false,
BOS_REMOVED,CONTROL,EUR/USD,EURUSD_2025-04-01,1h,supply,bearish_IPO_supply,2025-06-24T17:00:00Z,1.1624,1.1633,1.1622,1.16256,1.16275,1.1622,1.16275,1.1633,2025-06-25T16:00:00Z,2025-06-25T16:00:00Z,1.16275,1.1633,1.1616499999999998,0.0005500000000000504,false,false,,,,,,NO,,,,2025-06-25T17:00:00Z,1.16422,S2_CLOSE_INVALIDATION,-2.9636363636362417,0.29090909090906425,3.054545454545403,1.4909090909090321,false,
BOS_REMOVED,CONTROL,EUR/USD,EURUSD_2025-04-01,1h,demand,bullish_IPO_demand,2025-06-26T00:00:00Z,1.1683,1.1689,1.16795,1.16828,1.1689,1.168425,1.168425,1.16795,2025-06-26T05:00:00Z,2025-06-26T05:00:00Z,1.168425,1.16795,1.169375,0.0004750000000000032,false,false,,,,,,NO,,,,2025-06-26T06:00:00Z,1.169375,TARGET,1.6631578947368444,0.33684210526315567,2.768421052631466,3.378947368420728,false,
BOS_REMOVED,CONTROL,EUR/USD,EURUSD_2025-04-01,1h,demand,bullish_IPO_demand,2025-06-26T11:00:00Z,1.17153,1.17161,1.16935,1.16948,1.17161,1.17048,1.17048,1.16935,2025-06-26T19:00:00Z,2025-06-26T19:00:00Z,1.17048,1.16935,1.1727400000000001,0.0011300000000000754,false,false,,,,,,NO,,,,2025-06-26T22:00:00Z,1.1683,S2_CLOSE_INVALIDATION,-2.0707964601769158,0.14159292035397286,2.1238938053095553,1.415929203539769,false,
BOS_REMOVED,CONTROL,EUR/USD,EURUSD_2025-04-01,1h,demand,bullish_IPO_demand,2025-06-26T00:00:00Z,1.1683,1.1689,1.16795,1.16828,1.1689,1.168425,1.168425,1.16795,2025-06-26T23:00:00Z,2025-06-26T23:00:00Z,1.168425,1.16795,1.169375,0.0004750000000000032,false,true,2025-06-26T08:00:00Z,1.17288,bullish,8,15,NO,,,,2025-06-26T23:00:00Z,1.169375,TARGET,1.6631578947368444,0.33684210526315567,0.3263157894739499,3.042105263157703,false,SAME_BAR_ENTRY_AND_EXIT
BOS_REMOVED,CONTROL,EUR/USD,EURUSD_2025-04-01,1h,demand,bullish_IPO_demand,2025-06-30T03:00:00Z,1.17188,1.17227,1.17114,1.17126,1.17227,1.171705,1.171705,1.17114,2025-06-30T08:00:00Z,2025-06-30T08:00:00Z,1.171705,1.17114,1.1728349999999998,0.0005649999999999267,false,false,,,,,,NO,,,,2025-06-30T08:00:00Z,1.1728349999999998,TARGET,1.7168141592919985,0.2831858407080014,0.6283185840710642,2.3982300884958776,false,SAME_BAR_ENTRY_AND_EXIT
BOS_REMOVED,CONTROL,EUR/USD,EURUSD_2025-04-01,1h,demand,bullish_IPO_demand,2025-06-30T03:00:00Z,1.17188,1.17227,1.17114,1.17126,1.17227,1.171705,1.171705,1.17114,2025-06-30T10:00:00Z,2025-06-30T10:00:00Z,1.171705,1.17114,1.1728349999999998,0.0005649999999999267,false,false,,,,,,NO,,,,2025-06-30T11:00:00Z,1.1728349999999998,TARGET,1.7168141592919985,0.2831858407080014,0.18584070796466437,2.628318584071064,false,
BOS_REMOVED,CONTROL,EUR/USD,EURUSD_2025-04-01,1h,demand,bullish_IPO_demand,2025-06-30T03:00:00Z,1.17188,1.17227,1.17114,1.17126,1.17227,1.171705,1.171705,1.17114,2025-06-30T12:00:00Z,2025-06-30T12:00:00Z,1.171705,1.17114,1.1728349999999998,0.0005649999999999267,false,false,,,,,,NO,,,,2025-06-30T14:00:00Z,1.1728349999999998,TARGET,1.7168141592919985,0.2831858407080014,1.7787610619469965,6.008849557522969,false,
BOS_REMOVED,CONTROL,BTC/USD,BTCUSD_2025-04-01,1h,supply,bearish_IPO_supply,2025-04-30T20:00:00Z,94152.01,94739.14,94109.46,94555.99,94424.3,94109.46,94424.3,94739.14,2025-05-01T01:00:00Z,2025-05-01T01:00:00Z,94424.3,94739.14,93794.62000000001,314.8399999999965,false,false,,,,,,NO,,,,2025-05-01T02:00:00Z,94867.46,S2_CLOSE_INVALIDATION,-2.3093302312285973,0.9017581311142268,1.7412018803201728,0.08191462330075097,false,
BOS_REMOVED,CONTROL,BTC/USD,BTCUSD_2025-04-01,1h,demand,bullish_IPO_demand,2025-05-01T13:00:00Z,96373.2,96734.89,95769.66,95809.52,96734.89,96252.275,96252.275,95769.66,2025-05-01T23:00:00Z,2025-05-01T23:00:00Z,96252.275,95769.66,97217.50499999998,482.6149999999907,false,false,,,,,,NO,,,,2025-05-02T03:00:00Z,97217.50499999998,TARGET,1.4002056919076167,0.5997943080923834,0.14107518415298564,2.0323135418501925,false,
BOS_REMOVED,CONTROL,BTC/USD,BTCUSD_2025-04-01,1h,demand,bullish_IPO_demand,2025-05-09T03:00:00Z,102595.5,102800.69,102364,102451.04,102800.69,102582.345,102582.345,102364,2025-05-09T14:00:00Z,2025-05-09T14:00:00Z,102582.345,102364,103019.035,218.34500000000116,false,false,,,,,,NO,,,,2025-05-09T14:00:00Z,103019.035,TARGET,0.5826651858297722,1.4173348141702278,0.7802102177745999,5.4022991137877945,false,SAME_BAR_ENTRY_AND_EXIT
BOS_REMOVED,CONTROL,BTC/USD,BTCUSD_2025-04-01,1h,demand,bullish_IPO_demand,2025-05-09T03:00:00Z,102595.5,102800.69,102364,102451.04,102800.69,102582.345,102582.345,102364,2025-05-09T16:00:00Z,2025-05-09T16:00:00Z,102582.345,102364,103019.035,218.34500000000116,false,false,,,,,,NO,,,,2025-05-09T17:00:00Z,103019.035,TARGET,0.5919416977718821,1.408058302228118,1.2237743021365286,2.9562160800568016,false,
BOS_REMOVED,CONTROL,BTC/USD,BTCUSD_2025-04-01,1h,demand,bullish_IPO_demand,2025-05-09T09:00:00Z,102968.25,103285.72,102421,102915.58,103285.72,102853.36,102853.36,102421,2025-05-09T22:00:00Z,2025-05-09T22:00:00Z,102853.36,102421,103718.08,432.3600000000006,false,false,,,,,,NO,,,,2025-05-10T06:00:00Z,103718.08,TARGET,1.2868119622536782,0.7131880377463217,0.2916782311037108,2.530298825053193,false,
BOS_REMOVED,CONTROL,BTC/USD,BTCUSD_2025-04-01,1h,demand,bullish_IPO_demand,2025-05-11T16:00:00Z,104150,104176,103750,103984.13,104176,103963,103963,103750,2025-05-12T02:00:00Z,2025-05-12T02:00:00Z,103963,103750,104389,213,false,false,,,,,,NO,,,,2025-05-12T06:00:00Z,104389,TARGET,0.5368208450704224,1.4631791549295776,1.224647887323971,2.1060093896713696,false,
BOS_REMOVED,CONTROL,BTC/USD,BTCUSD_2025-04-01,1h,demand,bullish_IPO_demand,2025-05-11T16:00:00Z,104150,104176,103750,103984.13,104176,103963,103963,103750,2025-05-12T12:00:00Z,2025-05-12T12:00:00Z,103963,103750,104389,213,false,false,,,,,,NO,,,,2025-05-12T13:00:00Z,104389,TARGET,0.5368852112676057,1.4631147887323943,1.349436619718277,3.1312676056338327,false,
BOS_REMOVED,CONTROL,BTC/USD,BTCUSD_2025-04-01,1h,supply,bearish_IPO_supply,2025-05-12T16:00:00Z,102527.27,103075.09,102421.83,102856.06,102748.45999999999,102421.83,102748.45999999999,103075.09,2025-05-12T20:00:00Z,2025-05-12T20:00:00Z,102748.45999999999,103075.09,102095.19999999998,326.63000000000466,false,false,,,,,,NO,,,,2025-05-12T20:00:00Z,102095.19999999998,TARGET,1.0569282368429245,0.9430717631570756,0.40697425221200034,2.995009643939567,false,SAME_BAR_ENTRY_AND_EXIT
BOS_REMOVED,CONTROL,BTC/USD,BTCUSD_2025-04-01,1h,demand,bullish_IPO_demand,2025-05-20T21:00:00Z,106909.09,107225.68,106132.09,106619,107225.68,106678.885,106678.885,106132.09,2025-05-21T07:00:00Z,2025-05-21T07:00:00Z,106678.885,106132.09,107772.47499999999,546.7949999999983,false,false,,,,,,NO,,,,2025-05-21T07:00:00Z,107772.47499999999,TARGET,1.4155369379749247,0.5844630620250753,0.41029087683684357,2.1518210663960247,false,SAME_BAR_ENTRY_AND_EXIT
BOS_REMOVED,CONTROL,BTC/USD,BTCUSD_2025-04-01,1h,supply,bearish_IPO_supply,2025-05-23T14:00:00Z,109634.99,109992.75,109505,109672.01,109748.875,109505,109748.875,109992.75,2025-05-23T17:00:00Z,2025-05-23T17:00:00Z,109748.875,109992.75,109261.125,243.875,false,false,,,,,,NO,,,,2025-05-23T17:00:00Z,109261.125,TARGET,0.6540683136852896,1.3459316863147104,0.2487134802665252,2.977160430548408,false,SAME_BAR_ENTRY_AND_EXIT
BOS_REMOVED,CONTROL,BTC/USD,BTCUSD_2025-04-01,1h,supply,bearish_IPO_supply,2025-05-23T21:00:00Z,108236.53,108664.65,108055,108282.89,108359.825,108055,108359.825,108664.65,2025-05-24T03:00:00Z,2025-05-24T03:00:00Z,108359.825,108664.65,107750.175,304.8249999999971,false,false,,,,,,NO,,,,2025-05-24T06:00:00Z,107750.175,TARGET,0.9334900352661262,1.0665099647338738,0.7299434101533889,2.217222996801434,false,
BOS_REMOVED,CONTROL,BTC/USD,BTCUSD_2025-04-01,1h,supply,bearish_IPO_supply,2025-05-23T14:00:00Z,109634.99,109992.75,109505,109672.01,109748.875,109505,109748.875,109992.75,2025-05-26T02:00:00Z,2025-05-26T02:00:00Z,109748.875,109992.75,109261.125,243.875,false,false,,,,,,NO,,,,2025-05-26T02:00:00Z,109261.125,TARGET,0.6543796617119426,1.3456203382880574,0.09777549974372594,2.3639774474628372,false,SAME_BAR_ENTRY_AND_EXIT
BOS_REMOVED,CONTROL,BTC/USD,BTCUSD_2025-04-01,1h,demand,bullish_IPO_demand,2025-05-27T06:00:00Z,108923.36,109290.03,108826.08,108828.19,109290.03,109058.055,109058.055,108826.08,2025-05-27T15:00:00Z,2025-05-27T15:00:00Z,109058.055,108826.08,109522.00499999998,231.97499999999127,false,false,,,,,,NO,,,,2025-05-27T15:00:00Z,109522.00499999998,TARGET,0.5756209505334089,1.424379049466591,0.20573337644139697,5.098717534217279,false,SAME_BAR_ENTRY_AND_EXIT
BOS_REMOVED,CONTROL,BTC/USD,BTCUSD_2025-04-01,1h,demand,bullish_IPO_demand,2025-06-16T12:00:00Z,106884,106900,106600,106690.47,106900,106750,106750,106600,2025-06-16T23:00:00Z,2025-06-16T23:00:00Z,106750,106600,107050,150,false,false,,,,,,NO,,,,2025-06-16T23:00:00Z,107050,TARGET,-0.1358906000000002,2.1358906,0.3333333333333333,8.217533333333364,false,SAME_BAR_ENTRY_AND_EXIT
BOS_REMOVED,CONTROL,BTC/USD,BTCUSD_2025-04-01,1h,supply,bearish_IPO_supply,2025-06-21T20:00:00Z,102245.11,102888.88,102206,102782.08,102547.44,102206,102547.44,102888.88,2025-06-22T01:00:00Z,2025-06-22T01:00:00Z,102547.44,102888.88,101864.56,341.4400000000023,false,false,,,,,,NO,,,,2025-06-22T13:00:00Z,101864.56,TARGET,1.1003953842549263,0.8996046157450736,1.3411726804123416,6.673764058106803,false,
BOS_REMOVED,CONTROL,BTC/USD,BTCUSD_2025-04-01,1h,demand,bullish_IPO_demand,2025-06-24T02:00:00Z,105450.75,105450.75,104729.69,104753.8,105450.75,105090.22,105090.22,104729.69,2025-06-24T07:00:00Z,2025-06-24T07:00:00Z,105090.22,104729.69,105811.28,360.52999999999884,false,false,,,,,,NO,,,,2025-06-24T16:00:00Z,105811.28,TARGET,1.1268376556735888,0.8731623443264112,1.2986436634954057,3.2668016531218003,false,
BOS_REMOVED,CONTROL,EUR/USD,EURUSD_2025-08-01,1h,supply,bearish_IPO_supply,2025-07-24T13:00:00Z,1.17363,1.17768,1.17308,1.17718,1.17538,1.17308,1.17538,1.17768,2025-07-24T20:00:00Z,2025-07-24T20:00:00Z,1.17538,1.17768,1.1707800000000002,0.0022999999999999687,false,false,,,,,,NO,,,,2025-07-25T13:00:00Z,1.1707800000000002,TARGET,1.9304347826086947,0.06956521739130529,0.3043478260869271,2.200000000000058,false,
BOS_REMOVED,CONTROL,EUR/USD,EURUSD_2025-08-01,1h,supply,bearish_IPO_supply,2025-07-29T04:00:00Z,1.15828,1.15887,1.15746,1.15886,1.158165,1.15746,1.158165,1.15887,2025-07-29T09:00:00Z,2025-07-29T09:00:00Z,1.158165,1.15887,1.1567549999999995,0.0007050000000001777,false,false,,,,,,NO,,,,2025-07-29T09:00:00Z,1.1567549999999995,TARGET,1.773049645390128,0.2269503546098719,0.4184397163121729,2.631205673758117,false,SAME_BAR_ENTRY_AND_EXIT
BOS_REMOVED,CONTROL,EUR/USD,EURUSD_2025-08-01,1h,supply,bearish_IPO_supply,2025-07-31T11:00:00Z,1.14397,1.14516,1.14356,1.14488,1.1443599999999998,1.14356,1.1443599999999998,1.14516,2025-07-31T14:00:00Z,2025-07-31T14:00:00Z,1.1443599999999998,1.14516,1.1427599999999996,0.0008000000000001339,false,false,,,,,,NO,,,,2025-07-31T14:00:00Z,1.1427599999999996,TARGET,1.8000000000000336,0.19999999999996654,0.8249999999999931,4.587499999999032,false,SAME_BAR_ENTRY_AND_EXIT
BOS_REMOVED,CONTROL,EUR/USD,EURUSD_2025-08-01,1h,supply,bearish_IPO_supply,2025-07-31T14:00:00Z,1.14114,1.14502,1.14069,1.14456,1.142855,1.14069,1.142855,1.14502,2025-07-31T19:00:00Z,2025-07-31T19:00:00Z,1.142855,1.14502,1.138525,0.0021649999999999725,false,false,,,,,,NO,,,,2025-08-01T12:00:00Z,1.1545,S2_CLOSE_INVALIDATION,-5.452655889145625,0.07390300230946976,6.0207852193996745,1.7159353348729607,false,
BOS_REMOVED,CONTROL,EUR/USD,EURUSD_2025-08-01,1h,demand,bullish_IPO_demand,2025-08-04T00:00:00Z,1.15877,1.1589,1.15558,1.15581,1.1589,1.15724,1.15724,1.15558,2025-08-04T05:00:00Z,2025-08-04T05:00:00Z,1.15724,1.15558,1.16056,0.0016599999999999948,false,false,,,,,,NO,,,,2025-08-05T05:00:00Z,1.15471,S2_CLOSE_INVALIDATION,-1.6204819277109348,0.09638554216867501,1.716867469879535,1.0180722891566112,false,
BOS_REMOVED,CONTROL,EUR/USD,EURUSD_2025-08-01,1h,demand,bullish_IPO_demand,2025-08-01T18:00:00Z,1.15268,1.15481,1.15216,1.15261,1.15481,1.1534849999999999,1.1534849999999999,1.15216,2025-08-05T07:00:00Z,2025-08-05T07:00:00Z,1.1534849999999999,1.15216,1.1561349999999995,0.0013249999999997986,false,false,,,,,,NO,,,,2025-08-05T07:00:00Z,1.1561349999999995,TARGET,1.8792452830188495,0.12075471698115044,0.1698113207546822,2.1320754716984958,false,SAME_BAR_ENTRY_AND_EXIT
BOS_REMOVED,CONTROL,EUR/USD,EURUSD_2025-08-01,1h,demand,bullish_IPO_demand,2025-08-01T18:00:00Z,1.15268,1.15481,1.15216,1.15261,1.15481,1.1534849999999999,1.1534849999999999,1.15216,2025-08-05T09:00:00Z,2025-08-05T09:00:00Z,1.1534849999999999,1.15216,1.1561349999999995,0.0013249999999997986,false,false,,,,,,NO,,,,2025-08-05T14:00:00Z,1.1561349999999995,TARGET,1.8792452830188495,0.12075471698115044,0.5471698113207357,2.411320754717392,false,
BOS_REMOVED,CONTROL,EUR/USD,EURUSD_2025-08-01,1h,supply,bearish_IPO_supply,2025-08-04T23:00:00Z,1.15802,1.1586,1.15779,1.15839,1.158195,1.15779,1.158195,1.1586,2025-08-05T15:00:00Z,2025-08-05T15:00:00Z,1.158195,1.1586,1.157385,0.0004049999999999887,false,false,,,,,,NO,,,,2025-08-05T15:00:00Z,1.157385,TARGET,1.6049382716049272,0.3950617283950728,0.8024691358022661,4.7037037037039475,false,SAME_BAR_ENTRY_AND_EXIT
BOS_REMOVED,CONTROL,EUR/USD,EURUSD_2025-08-01,1h,supply,bearish_IPO_supply,2025-08-04T23:00:00Z,1.15802,1.1586,1.15779,1.15839,1.158195,1.15779,1.158195,1.1586,2025-08-05T17:00:00Z,2025-08-05T17:00:00Z,1.158195,1.1586,1.157385,0.0004049999999999887,false,false,,,,,,NO,,,,2025-08-05T18:00:00Z,1.157385,TARGET,1.6049382716049272,0.3950617283950728,0.5061728395062135,2.9753086419756944,false,
BOS_REMOVED,CONTROL,EUR/USD,EURUSD_2025-08-01,1h,supply,bearish_IPO_supply,2025-08-04T23:00:00Z,1.15802,1.1586,1.15779,1.15839,1.158195,1.15779,1.158195,1.1586,2025-08-06T00:00:00Z,2025-08-06T00:00:00Z,1.158195,1.1586,1.157385,0.0004049999999999887,false,false,,,,,,NO,,,,2025-08-06T00:00:00Z,1.157385,TARGET,1.6049382716049272,0.3950617283950728,0.8765432098762792,2.283950617284174,false,SAME_BAR_ENTRY_AND_EXIT
BOS_REMOVED,CONTROL,EUR/USD,EURUSD_2025-08-01,1h,supply,bearish_IPO_supply,2025-08-04T23:00:00Z,1.15802,1.1586,1.15779,1.15839,1.158195,1.15779,1.158195,1.1586,2025-08-06T03:00:00Z,2025-08-06T03:00:00Z,1.158195,1.1586,1.157385,0.0004049999999999887,false,false,,,,,,NO,,,,2025-08-06T03:00:00Z,1.157385,TARGET,1.6049382716049272,0.3950617283950728,0.061728395061586255,3.1234567901237207,false,SAME_BAR_ENTRY_AND_EXIT
BOS_REMOVED,CONTROL,EUR/USD,EURUSD_2025-08-01,1h,supply,bearish_IPO_supply,2025-08-04T23:00:00Z,1.15802,1.1586,1.15779,1.15839,1.158195,1.15779,1.158195,1.1586,2025-08-06T05:00:00Z,2025-08-06T05:00:00Z,1.158195,1.1586,1.157385,0.0004049999999999887,false,false,,,,,,NO,,,,2025-08-06T07:00:00Z,1.157385,TARGET,1.6049382716049272,0.3950617283950728,1.716049382715826,2.6296296296299344,false,
BOS_REMOVED,CONTROL,EUR/USD,EURUSD_2025-08-01,1h,supply,bearish_IPO_supply,2025-08-04T23:00:00Z,1.15802,1.1586,1.15779,1.15839,1.158195,1.15779,1.158195,1.1586,2025-08-06T09:00:00Z,2025-08-06T09:00:00Z,1.158195,1.1586,1.157385,0.0004049999999999887,false,false,,,,,,NO,,,,2025-08-06T10:00:00Z,1.16069,S2_CLOSE_INVALIDATION,-6.555555555555525,0.3950617283950728,7.3456790123457605,1.913580246914108,false,
BOS_REMOVED,CONTROL,EUR/USD,EURUSD_2025-08-01,1h,demand,bullish_IPO_demand,2025-08-07T14:00:00Z,1.16429,1.16503,1.1614,1.16235,1.16503,1.163215,1.163215,1.1614,2025-08-08T09:00:00Z,2025-08-08T09:00:00Z,1.163215,1.1614,1.1668450000000004,0.001815000000000122,false,false,,,,,,NO,,,,2025-08-11T02:00:00Z,1.1668450000000004,TARGET,1.9118457300275542,0.08815426997244587,0.22865013774106133,2.0303030303028597,false,
BOS_REMOVED,CONTROL,EUR/USD,EURUSD_2025-08-01,1h,demand,bullish_IPO_demand,2025-08-07T14:00:00Z,1.16429,1.16503,1.1614,1.16235,1.16503,1.163215,1.163215,1.1614,2025-08-11T11:00:00Z,2025-08-11T11:00:00Z,1.163215,1.1614,1.1668450000000004,0.001815000000000122,false,false,,,,,,NO,,,,2025-08-11T14:00:00Z,1.15971,S2_CLOSE_INVALIDATION,-2.0192837465563884,0.08815426997244587,2.344352617079798,0.8457300275480655,false,
BOS_REMOVED,CONTROL,EUR/USD,EURUSD_2025-08-01,1h,supply,bearish_IPO_supply,2025-08-11T08:00:00Z,1.16473,1.16607,1.16439,1.16555,1.16523,1.16439,1.16523,1.16607,2025-08-12T12:00:00Z,2025-08-12T12:00:00Z,1.16523,1.16607,1.16355,0.0008399999999999519,false,false,,,,,,NO,,,,2025-08-12T12:00:00Z,1.16355,TARGET,1.8095238095237987,0.1904761904762014,0.5357142857143896,6.178571428571816,false,SAME_BAR_ENTRY_AND_EXIT
BOS_REMOVED,CONTROL,EUR/USD,EURUSD_2025-08-01,1h,supply,bearish_IPO_supply,2025-08-11T08:00:00Z,1.16473,1.16607,1.16439,1.16555,1.16523,1.16439,1.16523,1.16607,2025-08-12T14:00:00Z,2025-08-12T14:00:00Z,1.16523,1.16607,1.16355,0.0008399999999999519,false,false,,,,,,NO,,,,2025-08-12T15:00:00Z,1.16738,S2_CLOSE_INVALIDATION,-2.7500000000002722,0.1904761904762014,5.380952380952784,1.2857142857143236,false,
BOS_REMOVED,CONTROL,EUR/USD,EURUSD_2025-08-01,1h,demand,bullish_IPO_demand,2025-08-13T12:00:00Z,1.17196,1.17222,1.16973,1.16989,1.17222,1.1709749999999999,1.1709749999999999,1.16973,2025-08-13T16:00:00Z,2025-08-13T16:00:00Z,1.1709749999999999,1.16973,1.1734649999999998,0.0012449999999999406,false,false,,,,,,NO,,,,2025-08-14T06:00:00Z,1.16863,S2_CLOSE_INVALIDATION,-2.012048192771035,0.12851405622490575,1.9799196787149054,0.5261044176707658,false,
BOS_REMOVED,CONTROL,EUR/USD,EURUSD_2025-08-01,1h,demand,bullish_IPO_demand,2025-08-14T16:00:00Z,1.16434,1.1646,1.16304,1.1634,1.1646,1.16382,1.16382,1.16304,2025-08-20T00:00:00Z,2025-08-20T00:00:00Z,1.16382,1.16304,1.16538,0.0007800000000000029,false,false,,,,,,NO,,,,2025-08-20T01:00:00Z,1.16278,S2_CLOSE_INVALIDATION,-1.5384615384617275,0.20512820512820437,1.4230769230771312,0.6153846153843745,false,
BOS_REMOVED,CONTROL,EUR/USD,EURUSD_2025-08-01,1h,supply,bearish_IPO_supply,2025-08-19T22:00:00Z,1.16479,1.1652,1.16428,1.16491,1.16474,1.16428,1.16474,1.1652,2025-08-20T08:00:00Z,2025-08-20T08:00:00Z,1.16474,1.1652,1.1638200000000003,0.00045999999999990493,false,false,,,,,,NO,,,,2025-08-20T08:00:00Z,1.1638200000000003,TARGET,1.6521739130434063,0.34782608695659367,0,3.521739130435895,false,SAME_BAR_ENTRY_AND_EXIT
BOS_REMOVED,CONTROL,EUR/USD,EURUSD_2025-08-01,1h,supply,bearish_IPO_supply,2025-08-19T22:00:00Z,1.16479,1.1652,1.16428,1.16491,1.16474,1.16428,1.16474,1.1652,2025-08-20T10:00:00Z,2025-08-20T10:00:00Z,1.16474,1.1652,1.1638200000000003,0.00045999999999990493,false,false,,,,,,NO,,,,2025-08-20T12:00:00Z,1.16708,S2_CLOSE_INVALIDATION,-5.434782608696311,0.34782608695659367,5.847826086957424,1.5869565217397181,false,
BOS_REMOVED,CONTROL,EUR/USD,EURUSD_2025-08-01,1h,demand,bullish_IPO_demand,2025-08-20T11:00:00Z,1.16474,1.16501,1.16401,1.16419,1.16501,1.16451,1.16451,1.16401,2025-08-21T01:00:00Z,2025-08-21T01:00:00Z,1.16451,1.16401,1.1655099999999998,0.0004999999999999449,false,false,,,,,,NO,,,,2025-08-21T06:00:00Z,1.16304,S2_CLOSE_INVALIDATION,-3.2600000000000797,0.32000000000003526,3.8400000000002663,1.0800000000000889,false,
BOS_REMOVED,CONTROL,EUR/USD,EURUSD_2025-08-01,1h,demand,bullish_IPO_demand,2025-08-25T01:00:00Z,1.16977,1.17037,1.16931,1.16965,1.17037,1.16984,1.16984,1.16931,2025-08-25T08:00:00Z,2025-08-25T08:00:00Z,1.16984,1.16931,1.1708999999999998,0.0005299999999999194,false,false,,,,,,NO,,,,2025-08-25T08:00:00Z,1.1708999999999998,TARGET,1.698113207547124,0.3018867924528761,0.30188679245275907,2.3962264150949006,false,SAME_BAR_ENTRY_AND_EXIT
BOS_REMOVED,CONTROL,EUR/USD,EURUSD_2025-08-01,1h,demand,bullish_IPO_demand,2025-08-22T13:00:00Z,1.16089,1.16196,1.15974,1.15993,1.16196,1.16085,1.16085,1.15974,2025-08-26T08:00:00Z,2025-08-26T08:00:00Z,1.16085,1.15974,1.1630699999999998,0.0011099999999999444,false,false,,,,,,NO,,,,2025-08-26T09:00:00Z,1.1630699999999998,TARGET,1.8558558558558487,0.1441441441441514,0.23423423423418016,3.23423423423438,false,
BOS_REMOVED,CONTROL,EUR/USD,EURUSD_2025-08-01,1h,demand,bullish_IPO_demand,2025-08-22T10:00:00Z,1.15967,1.16003,1.1593,1.15959,1.16003,1.159665,1.159665,1.1593,2025-08-27T07:00:00Z,2025-08-27T07:00:00Z,1.159665,1.1593,1.1603949999999998,0.0003649999999999487,false,false,,,,,,NO,,,,2025-08-27T07:00:00Z,1.1603949999999998,TARGET,1.5616438356163767,0.4383561643836233,0.12328767123248505,7.109589041097232,false,SAME_BAR_ENTRY_AND_EXIT
BOS_REMOVED,CONTROL,EUR/USD,EURUSD_2025-08-01,1h,demand,bullish_IPO_demand,2025-09-01T15:00:00Z,1.17107,1.17116,1.16996,1.17005,1.17116,1.17056,1.17056,1.16996,2025-09-01T21:00:00Z,2025-09-01T21:00:00Z,1.17056,1.16996,1.17176,0.0005999999999999339,false,false,,,,,,NO,,,,2025-09-01T23:00:00Z,1.17176,TARGET,1.7333333333333039,0.2666666666666961,0.26666666666659267,2.2000000000002222,false,
BOS_REMOVED,CONTROL,EUR/USD,EURUSD_2025-08-01,1h,demand,bullish_IPO_demand,2025-09-01T17:00:00Z,1.1705,1.17059,1.17007,1.17043,1.17059,1.1703299999999999,1.1703299999999999,1.17007,2025-09-02T00:00:00Z,2025-09-02T00:00:00Z,1.1703299999999999,1.17007,1.1708499999999997,0.00025999999999992696,false,false,,,,,,NO,,,,2025-09-02T00:00:00Z,1.1708499999999997,TARGET,1.3846153846152118,0.6153846153847883,0.19230769230729813,5.192307692309861,false,SAME_BAR_ENTRY_AND_EXIT
BOS_REMOVED,CONTROL,EUR/USD,EURUSD_2025-08-01,1h,supply,bearish_IPO_supply,2025-09-10T04:00:00Z,1.17123,1.17192,1.17103,1.17192,1.171475,1.17103,1.171475,1.17192,2025-09-10T09:00:00Z,2025-09-10T09:00:00Z,1.171475,1.17192,1.170585,0.0004450000000000287,false,false,,,,,,NO,,,,2025-09-10T09:00:00Z,1.170585,TARGET,1.6404494382022703,0.35955056179772965,0.5056179775278768,3.7191011235951805,false,SAME_BAR_ENTRY_AND_EXIT
BOS_REMOVED,CONTROL,EUR/USD,EURUSD_2025-08-01,1h,supply,bearish_IPO_supply,2025-09-19T13:00:00Z,1.1736,1.17637,1.17355,1.17582,1.17496,1.17355,1.17496,1.17637,2025-09-19T17:00:00Z,2025-09-19T17:00:00Z,1.17496,1.17637,1.1721400000000002,0.0014099999999999113,false,false,,,,,,NO,,,,2025-09-22T09:00:00Z,1.17759,S2_CLOSE_INVALIDATION,-1.9787234042553798,0.11347517730497168,1.8723404255320155,1.6666666666668242,false,
BOS_REMOVED,CONTROL,EUR/USD,EURUSD_2025-08-01,1h,supply,bearish_IPO_supply,2025-09-30T08:00:00Z,1.17441,1.17611,1.17432,1.17556,1.1752150000000001,1.17432,1.1752150000000001,1.17611,2025-10-01T04:00:00Z,2025-10-01T04:00:00Z,1.1752150000000001,1.17611,1.1734250000000004,0.0008949999999998681,false,false,,,,,,NO,,,,2025-10-01T06:00:00Z,1.17677,S2_CLOSE_INVALIDATION,-1.9162011173186881,0.17877094972069674,2.508379888268337,1.592178770950214,false,
BOS_REMOVED,CONTROL,EUR/USD,EURUSD_2025-08-01,1h,supply,bearish_IPO_supply,2025-10-01T06:00:00Z,1.17525,1.17746,1.17507,1.17677,1.176265,1.17507,1.176265,1.17746,2025-10-01T12:00:00Z,2025-10-01T12:00:00Z,1.176265,1.17746,1.1738749999999998,0.0011950000000000571,false,false,,,,,,NO,,,,2025-10-01T12:00:00Z,1.1738749999999998,TARGET,1.866108786610885,0.13389121338911494,0.48953974895399976,3.3933054393303146,false,SAME_BAR_ENTRY_AND_EXIT
BOS_REMOVED,CONTROL,EUR/USD,EURUSD_2025-08-01,1h,supply,bearish_IPO_supply,2025-10-01T06:00:00Z,1.17525,1.17746,1.17507,1.17677,1.176265,1.17507,1.176265,1.17746,2025-10-01T14:00:00Z,2025-10-01T14:00:00Z,1.176265,1.17746,1.1738749999999998,0.0011950000000000571,false,false,,,,,,NO,,,,2025-10-01T14:00:00Z,1.1738749999999998,TARGET,1.866108786610885,0.13389121338911494,0.020920502092186263,2.5397489539746894,false,SAME_BAR_ENTRY_AND_EXIT
BOS_REMOVED,CONTROL,EUR/USD,EURUSD_2025-08-01,1h,demand,bullish_IPO_demand,2025-10-01T10:00:00Z,1.17328,1.17335,1.17159,1.17253,1.17335,1.17247,1.17247,1.17159,2025-10-01T16:00:00Z,2025-10-01T16:00:00Z,1.17247,1.17159,1.1742299999999999,0.0008799999999999919,false,false,,,,,,NO,,,,2025-10-02T06:00:00Z,1.1742299999999999,TARGET,1.8181818181818166,0.18181818181818352,1.045454545454339,2.2840909090910064,false,
BOS_REMOVED,CONTROL,EUR/USD,EURUSD_2025-08-01,1h,demand,bullish_IPO_demand,2025-10-01T15:00:00Z,1.17461,1.17493,1.17212,1.17229,1.17493,1.1735250000000002,1.1735250000000002,1.17212,2025-10-02T12:00:00Z,2025-10-02T12:00:00Z,1.1735250000000002,1.17212,1.1763350000000004,0.0014050000000001006,false,false,,,,,,NO,,,,2025-10-02T14:00:00Z,1.17135,S2_CLOSE_INVALIDATION,-1.6619217081851194,0.11387900355871071,2.1530249110319137,1.633451957295211,false,
BOS_REMOVED,CONTROL,EUR/USD,EURUSD_2025-08-01,1h,demand,bullish_IPO_demand,2025-10-02T17:00:00Z,1.17149,1.17204,1.17123,1.17136,1.17204,1.171635,1.171635,1.17123,2025-10-05T22:00:00Z,2025-10-05T22:00:00Z,1.171635,1.17123,1.172445,0.0004049999999999887,false,false,,,,,,NO,,,,2025-10-05T22:00:00Z,1.172445,TARGET,1.6049382716049272,0.3950617283950728,0.1358024691355994,2.382716049383041,false,SAME_BAR_ENTRY_AND_EXIT
BOS_REMOVED,CONTROL,EUR/USD,EURUSD_2025-08-01,1h,demand,bullish_IPO_demand,2025-10-02T17:00:00Z,1.17149,1.17204,1.17123,1.17136,1.17204,1.171635,1.171635,1.17123,2025-10-06T00:00:00Z,2025-10-06T00:00:00Z,1.171635,1.17123,1.172445,0.0004049999999999887,false,false,,,,,,NO,,,,2025-10-06T01:00:00Z,1.172445,TARGET,1.6049382716049272,0.3950617283950728,1.5432098765429458,2.0370370370372806,false,
BOS_REMOVED,CONTROL,EUR/USD,EURUSD_2025-08-01,1h,demand,bullish_IPO_demand,2025-10-02T20:00:00Z,1.17188,1.17242,1.17145,1.17153,1.17242,1.171935,1.171935,1.17145,2025-10-06T05:00:00Z,2025-10-06T05:00:00Z,1.171935,1.17145,1.1729049999999996,0.00048499999999984666,false,false,,,,,,NO,,,,2025-10-06T06:00:00Z,1.16936,S2_CLOSE_INVALIDATION,-5.639175257733729,0.32989690721659914,6.010309278352418,1.2061855670108095,false,
BOS_REMOVED,CONTROL,EUR/USD,EURUSD_2025-08-01,1h,supply,bearish_IPO_supply,2025-10-06T14:00:00Z,1.16994,1.17177,1.16951,1.17165,1.1706400000000001,1.16951,1.1706400000000001,1.17177,2025-10-07T00:00:00Z,2025-10-07T00:00:00Z,1.1706400000000001,1.17177,1.1683800000000004,0.0011299999999998533,false,false,,,,,,NO,,,,2025-10-07T06:00:00Z,1.1683800000000004,TARGET,1.8584070796459993,0.1415929203540007,0.40707964601766783,2.070796460177464,false,
BOS_REMOVED,CONTROL,EUR/USD,EURUSD_2025-08-01,1h,supply,bearish_IPO_supply,2025-10-08T10:00:00Z,1.16111,1.16361,1.16092,1.16336,1.162265,1.16092,1.162265,1.16361,2025-10-08T19:00:00Z,2025-10-08T19:00:00Z,1.162265,1.16361,1.1595750000000002,0.0013449999999999296,false,false,,,,,,NO,,,,2025-10-08T22:00:00Z,1.16374,S2_CLOSE_INVALIDATION,-1.2156133828996123,0.11895910780669769,1.0966542750929147,0.15241635687733937,false,
BOS_REMOVED,CONTROL,EUR/USD,EURUSD_2025-08-01,1h,supply,bearish_IPO_supply,2025-10-08T13:00:00Z,1.16325,1.16445,1.16274,1.16325,1.163595,1.16274,1.163595,1.16445,2025-10-08T23:00:00Z,2025-10-08T23:00:00Z,1.163595,1.16445,1.1618849999999998,0.0008550000000000502,false,true,2025-10-08T16:00:00Z,1.16052,bearish,3,7,NO,,,,2025-10-09T03:00:00Z,1.16448,S2_CLOSE_INVALIDATION,-1.2222222222221795,0.18713450292396563,1.3508771929823968,0.9298245614033128,false,
BOS_REMOVED,CONTROL,EUR/USD,EURUSD_2025-08-01,1h,demand,bullish_IPO_demand,2025-10-10T11:00:00Z,1.15716,1.15747,1.15606,1.15609,1.15747,1.156765,1.156765,1.15606,2025-10-13T11:00:00Z,2025-10-13T11:00:00Z,1.156765,1.15606,1.158175,0.0007049999999999557,false,false,,,,,,NO,,,,2025-10-13T11:00:00Z,1.158175,TARGET,1.7730496453900566,0.22695035460994337,0.27659574468079073,3.751773049645638,false,SAME_BAR_ENTRY_AND_EXIT
BOS_REMOVED,CONTROL,EUR/USD,EURUSD_2025-08-01,1h,demand,bullish_IPO_demand,2025-10-10T11:00:00Z,1.15716,1.15747,1.15606,1.15609,1.15747,1.156765,1.156765,1.15606,2025-10-13T13:00:00Z,2025-10-13T13:00:00Z,1.156765,1.15606,1.158175,0.0007049999999999557,false,false,,,,,,NO,,,,2025-10-14T03:00:00Z,1.158175,TARGET,1.7730496453900566,0.22695035460994337,1.7943262411349663,2.0070921985816073,false,
BOS_REMOVED,CONTROL,EUR/USD,EURUSD_2025-08-01,1h,supply,bearish_IPO_supply,2025-10-13T09:00:00Z,1.15853,1.1598,1.15845,1.15941,1.159125,1.15845,1.159125,1.1598,2025-10-14T04:00:00Z,2025-10-14T04:00:00Z,1.159125,1.1598,1.157775,0.0006749999999999812,false,false,,,,,,NO,,,,2025-10-14T06:00:00Z,1.157775,TARGET,1.7629629629629564,0.23703703703704368,0.33333333333355264,4.2,false,
BOS_REMOVED,CONTROL,EUR/USD,EURUSD_2025-08-01,1h,supply,bearish_IPO_supply,2025-10-13T09:00:00Z,1.15853,1.1598,1.15845,1.15941,1.159125,1.15845,1.159125,1.1598,2025-10-14T14:00:00Z,2025-10-14T14:00:00Z,1.159125,1.1598,1.157775,0.0006749999999999812,false,false,,,,,,NO,,,,2025-10-14T14:00:00Z,1.157775,TARGET,1.7629629629629564,0.23703703703704368,0.8962962962962719,3.296296296296272,false,SAME_BAR_ENTRY_AND_EXIT
BOS_REMOVED,CONTROL,EUR/USD,EURUSD_2025-08-01,1h,supply,bearish_IPO_supply,2025-10-13T01:00:00Z,1.16176,1.1621,1.16097,1.16198,1.161535,1.16097,1.161535,1.1621,2025-10-14T21:00:00Z,2025-10-14T21:00:00Z,1.161535,1.1621,1.1604050000000001,0.0005649999999999267,false,false,,,,,,NO,,,,2025-10-15T00:00:00Z,1.1604050000000001,TARGET,1.7168141592919985,0.2831858407080014,0.07964601769925415,2.415929203540244,false,
BOS_REMOVED,CONTROL,EUR/USD,EURUSD_2025-08-01,1h,supply,bearish_IPO_supply,2025-10-13T03:00:00Z,1.16196,1.16216,1.16161,1.16208,1.161885,1.16161,1.161885,1.16216,2025-10-15T01:00:00Z,2025-10-15T01:00:00Z,1.161885,1.16216,1.161335,0.0002750000000000252,false,false,,,,,,NO,,,,2025-10-15T01:00:00Z,1.161335,TARGET,1.4181818181818715,0.5818181818181285,1.4363636363632253,4.309090909090483,false,SAME_BAR_ENTRY_AND_EXIT
BOS_REMOVED,CONTROL,EUR/USD,EURUSD_2025-08-01,1h,supply,bearish_IPO_supply,2025-10-20T11:00:00Z,1.16531,1.16565,1.16444,1.16565,1.165045,1.16444,1.165045,1.16565,2025-10-20T21:00:00Z,2025-10-20T21:00:00Z,1.165045,1.16565,1.1638350000000002,0.0006049999999999667,false,false,,,,,,NO,,,,2025-10-21T02:00:00Z,1.1638350000000002,TARGET,1.73553719008263,0.26446280991737,0.7685950413222534,2.9338842975209585,false,
BOS_REMOVED,CONTROL,EUR/USD,EURUSD_2025-08-01,1h,demand,bullish_IPO_demand,2025-10-15T17:00:00Z,1.16399,1.16401,1.16269,1.16294,1.16401,1.1633499999999999,1.1633499999999999,1.16269,2025-10-21T04:00:00Z,2025-10-21T04:00:00Z,1.1633499999999999,1.16269,1.1646699999999996,0.0006599999999998829,false,true,2025-10-17T05:00:00Z,1.17228,bullish,36,47,NO,,,,2025-10-21T05:00:00Z,1.16256,S2_CLOSE_INVALIDATION,-1.439393939393962,0.24242424242428545,1.3939393939393532,0.5454545454548513,false,
BOS_REMOVED,CONTROL,EUR/USD,EURUSD_2025-08-01,1h,demand,bullish_IPO_demand,2025-10-22T11:00:00Z,1.15861,1.15889,1.15825,1.15825,1.15889,1.15857,1.15857,1.15825,2025-10-23T10:00:00Z,2025-10-23T10:00:00Z,1.15857,1.15825,1.1592100000000003,0.000320000000000098,false,false,,,,,,NO,,,,2025-10-23T10:00:00Z,1.1592100000000003,TARGET,1.500000000000153,0.49999999999984696,0.06250000000039031,2.812499999998829,false,SAME_BAR_ENTRY_AND_EXIT
BOS_REMOVED,CONTROL,EUR/USD,EURUSD_2025-08-01,1h,supply,bearish_IPO_supply,2025-10-22T16:00:00Z,1.16158,1.16222,1.16135,1.16195,1.161785,1.16135,1.161785,1.16222,2025-10-23T14:00:00Z,2025-10-23T14:00:00Z,1.161785,1.16222,1.1609150000000001,0.0004349999999999632,false,false,,,,,,NO,,,,2025-10-23T14:00:00Z,1.1609150000000001,TARGET,1.632183908045946,0.3678160919540541,1.0689655172413266,2.770114942529252,false,SAME_BAR_ENTRY_AND_EXIT
BOS_REMOVED,CONTROL,EUR/USD,EURUSD_2025-08-01,1h,supply,bearish_IPO_supply,2025-10-22T16:00:00Z,1.16158,1.16222,1.16135,1.16195,1.161785,1.16135,1.161785,1.16222,2025-10-23T16:00:00Z,2025-10-23T16:00:00Z,1.161785,1.16222,1.1609150000000001,0.0004349999999999632,false,false,,,,,,NO,,,,2025-10-23T16:00:00Z,1.1609150000000001,TARGET,1.632183908045946,0.3678160919540541,0.12643678160901353,2.563218390804762,false,SAME_BAR_ENTRY_AND_EXIT
BOS_REMOVED,CONTROL,EUR/USD,EURUSD_2025-08-01,1h,supply,bearish_IPO_supply,2025-10-22T16:00:00Z,1.16158,1.16222,1.16135,1.16195,1.161785,1.16135,1.161785,1.16222,2025-10-23T20:00:00Z,2025-10-23T20:00:00Z,1.161785,1.16222,1.1609150000000001,0.0004349999999999632,false,false,,,,,,NO,,,,2025-10-24T02:00:00Z,1.1609150000000001,TARGET,1.632183908045946,0.3678160919540541,0.9310344827586735,2.3333333333335036,false,
BOS_REMOVED,CONTROL,EUR/USD,EURUSD_2025-08-01,1h,supply,bearish_IPO_supply,2025-10-22T16:00:00Z,1.16158,1.16222,1.16135,1.16195,1.161785,1.16135,1.161785,1.16222,2025-10-24T07:00:00Z,2025-10-24T07:00:00Z,1.161785,1.16222,1.1609150000000001,0.0004349999999999632,false,false,,,,,,NO,,,,2025-10-24T07:00:00Z,1.1609150000000001,TARGET,1.632183908045946,0.3678160919540541,2.1954022988508504,3.505747126437075,false,SAME_BAR_ENTRY_AND_EXIT
BOS_REMOVED,CONTROL,EUR/USD,EURUSD_2025-08-01,1h,demand,bullish_IPO_demand,2025-10-26T22:00:00Z,1.16308,1.16356,1.16266,1.16296,1.16356,1.16311,1.16311,1.16266,2025-10-27T03:00:00Z,2025-10-27T03:00:00Z,1.16311,1.16266,1.1640100000000002,0.00045000000000006146,false,false,,,,,,NO,,,,2025-10-27T04:00:00Z,1.16243,S2_CLOSE_INVALIDATION,-1.8666666666664427,0.355555555555507,2.1999999999998026,0.35555555555536916,false,
BOS_REMOVED,CONTROL,EUR/USD,EURUSD_2025-08-01,1h,demand,bullish_IPO_demand,2025-10-24T15:00:00Z,1.16257,1.16357,1.16219,1.16256,1.16357,1.16288,1.16288,1.16219,2025-10-27T06:00:00Z,2025-10-27T06:00:00Z,1.16288,1.16219,1.1642599999999996,0.0006899999999998574,false,false,,,,,,NO,,,,2025-10-27T07:00:00Z,1.16206,S2_CLOSE_INVALIDATION,-1.4202898550724976,0.23188405797106243,1.217391304348008,0.49275362318851773,false,
BOS_REMOVED,CONTROL,EUR/USD,EURUSD_2025-08-01,1h,demand,bullish_IPO_demand,2025-10-28T13:00:00Z,1.16406,1.16406,1.1626,1.16399,1.16406,1.1633300000000002,1.1633300000000002,1.1626,2025-10-29T05:00:00Z,2025-10-29T05:00:00Z,1.1633300000000002,1.1626,1.1647900000000004,0.0007300000000001194,false,false,,,,,,NO,,,,2025-10-29T08:00:00Z,1.16256,S2_CLOSE_INVALIDATION,-1.273972602739736,0.21917808219174498,1.1506849315068992,0.5342465753422283,false,
BOS_REMOVED,CONTROL,EUR/USD,EURUSD_2025-08-01,1h,demand,bullish_IPO_demand,2025-10-31T06:00:00Z,1.15682,1.15735,1.15613,1.15618,1.15735,1.15674,1.15674,1.15613,2025-10-31T09:00:00Z,2025-10-31T09:00:00Z,1.15674,1.15613,1.15796,0.0006099999999999994,false,false,,,,,,NO,,,,2025-10-31T12:00:00Z,1.15549,S2_CLOSE_INVALIDATION,-2.311475409836388,0.2622950819672134,2.1475409836067962,1.491803278688471,false,
BOS_REMOVED,CONTROL,BTC/USD,BTCUSD_2025-08-01,1h,demand,bullish_IPO_demand,2025-09-01T04:00:00Z,107660,107759.99,107279.51,107409.1,107759.99,107519.75,107519.75,107279.51,2025-09-01T21:00:00Z,2025-09-01T21:00:00Z,107519.75,107279.51,108000.23000000001,240.24000000000524,false,false,,,,,,NO,,,,2025-09-01T21:00:00Z,108000.23000000001,TARGET,0.6538361638361931,1.3461638361638069,0.25083250083247355,5.909382284382148,false,SAME_BAR_ENTRY_AND_EXIT
BOS_REMOVED,CONTROL,BTC/USD,BTCUSD_2025-08-01,1h,demand,bullish_IPO_demand,2025-10-03T17:00:00Z,122553.3,123113.97,121603.42,122073.25,123113.97,122358.695,122358.695,121603.42,2025-10-04T04:00:00Z,2025-10-04T04:00:00Z,122358.695,121603.42,123869.24500000002,755.2750000000087,false,false,,,,,,NO,,,,2025-10-04T18:00:00Z,121574.66,S2_CLOSE_INVALIDATION,-1.5246367217238626,0.48655787627022706,1.1236900466717383,0.5842971103240382,false,
BOS_REMOVED,CONTROL,BTC/USD,BTCUSD_2025-08-01,1h,supply,bearish_IPO_supply,2025-10-10T22:00:00Z,113451.87,114109.03,110879.69,113700,112494.36,110879.69,112494.36,114109.03,2025-10-11T02:00:00Z,2025-10-11T02:00:00Z,112494.36,114109.03,109265.02,1614.6699999999983,false,false,,,,,,NO,,,,2025-10-12T19:00:00Z,114342.28,S2_CLOSE_INVALIDATION,-1.3547718357311405,0.21031507366830396,1.3660004830708452,1.816327794533872,false,
BOS_REMOVED,CONTROL,BTC/USD,BTCUSD_2025-08-01,1h,supply,bearish_IPO_supply,2025-10-14T08:00:00Z,111724.41,112140,111513.63,111803.33,111826.815,111513.63,111826.815,112140,2025-10-14T14:00:00Z,2025-10-14T14:00:00Z,111826.815,112140,111200.445,313.1849999999977,false,false,,,,,,NO,,,,2025-10-14T14:00:00Z,111200.445,TARGET,0.9325618085157255,1.0674381914842745,1.191580056516118,2.9410252726024977,false,SAME_BAR_ENTRY_AND_EXIT
BOS_REMOVED,CONTROL,BTC/USD,BTCUSD_2025-08-01,1h,demand,bullish_IPO_demand,2025-10-19T12:00:00Z,107783.47,107859.42,107421.9,107631.43,107859.42,107640.66,107640.66,107421.9,2025-10-20T00:00:00Z,2025-10-20T00:00:00Z,107640.66,107421.9,108078.18000000002,218.7600000000093,false,false,,,,,,NO,,,,2025-10-20T00:00:00Z,108078.18000000002,TARGET,0.5182739989029703,1.4817260010970297,1.0885902358748825,4.58086487474839,false,SAME_BAR_ENTRY_AND_EXIT
BOS_REMOVED,CONTROL,BTC/USD,BTCUSD_2025-08-01,1h,supply,bearish_IPO_supply,2025-10-23T06:00:00Z,108940.58,110298.29,108849.07,110246.94,109573.68,108849.07,109573.68,110298.29,2025-10-23T13:00:00Z,2025-10-23T13:00:00Z,109573.68,110298.29,108124.45999999999,724.6100000000006,false,false,,,,,,NO,,,,2025-10-23T17:00:00Z,111241.71,S2_CLOSE_INVALIDATION,-2.75531921999422,0.4533498847655976,2.373594071293532,1.1738038393066446,false,
BOS_REMOVED,CONTROL,BTC/USD,BTCUSD_2025-08-01,1h,demand,bullish_IPO_demand,2025-10-24T03:00:00Z,110570.13,110630.81,110274.85,110441.46,110630.81,110452.83,110452.83,110274.85,2025-10-24T13:00:00Z,2025-10-24T13:00:00Z,110452.83,110274.85,110808.79,177.97999999999593,false,false,,,,,,NO,,,,2025-10-24T13:00:00Z,110808.79,TARGET,0.130049331385506,1.869950668614494,0.41195639959550884,5.610967524441073,false,SAME_BAR_ENTRY_AND_EXIT
BOS_REMOVED,CONTROL,BTC/USD,BTCUSD_2025-08-01,1h,demand,bullish_IPO_demand,2025-10-23T20:00:00Z,110200.01,110200.01,109341.28,109524.81,110200.01,109770.64499999999,109770.64499999999,109341.28,2025-10-24T14:00:00Z,2025-10-24T14:00:00Z,109770.64499999999,109341.28,110629.37499999997,429.3649999999907,false,false,,,,,,NO,,,,2025-10-24T14:00:00Z,110629.37499999997,TARGET,1.229891793695324,0.7701082063046759,0.16451038161004342,2.71867758201072,false,SAME_BAR_ENTRY_AND_EXIT
BOS_REMOVED,CONTROL,BTC/USD,BTCUSD_2025-08-01,1h,demand,bullish_IPO_demand,2025-10-27T02:00:00Z,115284.01,115445.39,114815.6,114883.39,115445.39,115130.495,115130.495,114815.6,2025-10-27T10:00:00Z,2025-10-27T10:00:00Z,115130.495,114815.6,115760.28499999997,314.8949999999895,false,false,,,,,,NO,,,,2025-10-27T14:00:00Z,114810.05,S2_CLOSE_INVALIDATION,-2.117495736674176,1.0998708140809206,1.9895679512218707,1.3322694866543536,false,
BOS_REMOVED,CONTROL,BTC/USD,BTCUSD_2025-08-01,1h,demand,bullish_IPO_demand,2025-10-28T05:00:00Z,113964.6,113981.73,113483.3,113605.31,113981.73,113732.515,113732.515,113483.3,2025-10-28T19:00:00Z,2025-10-28T19:00:00Z,113732.515,113483.3,114230.94499999999,249.2149999999965,false,false,,,,,,NO,,,,2025-10-28T19:00:00Z,114230.94499999999,TARGET,0.6314227875528968,1.3685772124471032,0.6663924723632182,5.38717573179793,false,SAME_BAR_ENTRY_AND_EXIT
BOS_REMOVED,CONTROL,BTC/USD,BTCUSD_2025-08-01,1h,supply,bearish_IPO_supply,2025-10-30T02:00:00Z,110460.75,111011.99,110331.04,110985.92,110671.515,110331.04,110671.515,111011.99,2025-10-30T06:00:00Z,2025-10-30T06:00:00Z,110671.515,111011.99,109990.56499999999,340.4750000000058,false,false,,,,,,NO,,,,2025-10-30T06:00:00Z,109990.56499999999,TARGET,1.023998737058538,0.9760012629414622,0.8593141934062474,2.03687495410821,false,SAME_BAR_ENTRY_AND_EXIT
BOS_REMOVED,CONTROL,BTC/USD,BTCUSD_2025-08-01,1h,supply,bearish_IPO_supply,2025-10-29T21:00:00Z,111433.45,111800,111368.02,111617.26,111584.01000000001,111368.02,111584.01000000001,111800,2025-10-30T07:00:00Z,2025-10-30T07:00:00Z,111584.01000000001,111800,111152.03000000003,215.9899999999907,false,false,,,,,,NO,,,,2025-10-30T07:00:00Z,111152.03000000003,TARGET,0.453168387425277,1.546831612574723,0.03699245335428043,4.374091393120284,false,SAME_BAR_ENTRY_AND_EXIT
BOS_REMOVED,CONTROL,USD/JPY,USDJPY_2022-08-01,30min,demand,bullish_IPO_demand,2022-09-12T16:30:00Z,142.41499,142.41499,142.16499,142.215,142.41499,142.28999,142.28999,142.16499,2022-09-13T06:30:00Z,2022-09-13T06:30:00Z,142.28999,142.16499,142.53999,0.125,false,false,,,,,,NO,,,,2022-09-13T10:30:00Z,142.074997,S2_CLOSE_INVALIDATION,-1.8479439999999414,0.128,2.039888000000019,1.4000800000001163,false,
BOS_REMOVED,CONTROL,USD/JPY,USDJPY_2022-08-01,30min,demand,bullish_IPO_demand,2022-09-13T18:00:00Z,144.425,144.495,144.295,144.295,144.495,144.39499999999998,144.39499999999998,144.295,2022-09-13T23:30:00Z,2022-09-13T23:30:00Z,144.39499999999998,144.295,144.59499999999997,0.09999999999999432,false,false,,,,,,NO,,,,2022-09-13T23:30:00Z,144.59499999999997,TARGET,1.839999999999991,0.1600000000000091,0.6999999999999715,4.000000000000284,false,SAME_BAR_ENTRY_AND_EXIT
BOS_REMOVED,CONTROL,USD/JPY,USDJPY_2022-08-01,30min,demand,bullish_IPO_demand,2022-09-14T23:00:00Z,143.059998,143.085007,142.795,142.845,143.085007,142.9400035,142.9400035,142.795,2022-09-16T14:30:00Z,2022-09-16T14:30:00Z,142.9400035,142.795,143.2300105,0.1450035000000014,false,false,,,,,,NO,,,,2022-09-18T23:30:00Z,142.755,S2_CLOSE_INVALIDATION,-1.3861975745412456,0.11034216415465728,1.9654939363531572,1.2758071356898926,false,
BOS_REMOVED,CONTROL,USD/JPY,USDJPY_2022-08-01,30min,demand,bullish_IPO_demand,2022-09-14T13:00:00Z,143.035004,143.065002,142.605,142.855,143.065002,142.83500099999998,142.83500099999998,142.605,2022-09-19T00:00:00Z,2022-09-19T00:00:00Z,142.83500099999998,142.605,143.29500299999995,0.23000099999998724,false,false,,,,,,NO,,,,2022-09-19T06:00:00Z,143.29500299999995,TARGET,1.9304350850648437,0.06956491493515632,0.6521754253241641,2.304376937491857,false,
BOS_REMOVED,CONTROL,USD/JPY,USDJPY_2022-08-01,30min,supply,bearish_IPO_supply,2022-09-19T20:00:00Z,143.16499,143.27499,143.16499,143.255,143.21999,143.16499,143.21999,143.27499,2022-09-20T00:30:00Z,2022-09-20T00:30:00Z,143.21999,143.27499,143.10998999999998,0.05500000000000682,false,false,,,,,,NO,,,,2022-09-20T00:30:00Z,143.10998999999998,TARGET,1.7090909090909452,0.2909090909090548,1,4.181454545453725,false,SAME_BAR_ENTRY_AND_EXIT
BOS_REMOVED,CONTROL,USD/JPY,USDJPY_2022-08-01,30min,supply,bearish_IPO_supply,2022-09-19T20:00:00Z,143.16499,143.27499,143.16499,143.255,143.21999,143.16499,143.21999,143.27499,2022-09-20T01:30:00Z,2022-09-20T01:30:00Z,143.21999,143.27499,143.10998999999998,0.05500000000000682,false,false,,,,,,NO,,,,2022-09-20T01:30:00Z,143.10998999999998,TARGET,1.7090909090909452,0.2909090909090548,0.3640000000002563,3.1816727272723897,false,SAME_BAR_ENTRY_AND_EXIT
BOS_REMOVED,CONTROL,USD/JPY,USDJPY_2022-08-01,30min,supply,bearish_IPO_supply,2022-09-19T20:00:00Z,143.16499,143.27499,143.16499,143.255,143.21999,143.16499,143.21999,143.27499,2022-09-20T02:30:00Z,2022-09-20T02:30:00Z,143.21999,143.27499,143.10998999999998,0.05500000000000682,false,false,,,,,,NO,,,,2022-09-20T02:30:00Z,143.10998999999998,TARGET,1.7090909090909452,0.2909090909090548,0.4547272727273774,2.3635272727266554,false,SAME_BAR_ENTRY_AND_EXIT
BOS_REMOVED,CONTROL,USD/JPY,USDJPY_2022-08-01,30min,supply,bearish_IPO_supply,2022-09-19T20:00:00Z,143.16499,143.27499,143.16499,143.255,143.21999,143.16499,143.21999,143.27499,2022-09-20T03:30:00Z,2022-09-20T03:30:00Z,143.21999,143.27499,143.10998999999998,0.05500000000000682,false,false,,,,,,NO,,,,2022-09-20T04:00:00Z,143.345,S2_CLOSE_INVALIDATION,-2.563818181817922,0.2909090909090548,2.727454545454368,1.9998181818176073,false,
BOS_REMOVED,CONTROL,USD/JPY,USDJPY_2022-08-01,30min,demand,bullish_IPO_demand,2022-09-21T00:00:00Z,143.575,143.655,143.485,143.535,143.655,143.57,143.57,143.485,2022-09-21T07:00:00Z,2022-09-21T07:00:00Z,143.57,143.485,143.73999999999995,0.08499999999997954,false,false,,,,,,NO,,,,2022-09-21T07:30:00Z,143.73999999999995,TARGET,1.8117647058823076,0.18823529411769238,2.5294117647065315,2.058823529412394,false,
BOS_REMOVED,CONTROL,USD/JPY,USDJPY_2022-08-01,30min,supply,bearish_IPO_supply,2022-09-21T04:30:00Z,143.86,144.054993,143.85001,144.024994,143.95250149999998,143.85001,143.95250149999998,144.054993,2022-09-21T10:00:00Z,2022-09-21T10:00:00Z,143.95250149999998,144.054993,143.74751849999996,0.1024915000000135,false,false,,,,,,NO,,,,2022-09-21T11:00:00Z,144.155,S2_CLOSE_INVALIDATION,-2.131869472102465,0.15611050672492735,2.4636042988930464,1.0976666357694476,false,
BOS_REMOVED,CONTROL,USD/JPY,USDJPY_2022-08-01,30min,supply,bearish_IPO_supply,2022-09-21T16:30:00Z,144.30499,144.405,144.285,144.395,144.345,144.285,144.345,144.405,2022-09-21T22:30:00Z,2022-09-21T22:30:00Z,144.345,144.405,144.225,0.060000000000002274,false,false,,,,,,NO,,,,2022-09-21T22:30:00Z,144.225,TARGET,1.7333333333333434,0.26666666666665656,1.6668333333332284,3.0001666666667197,false,SAME_BAR_ENTRY_AND_EXIT
BOS_REMOVED,CONTROL,USD/JPY,USDJPY_2022-08-01,30min,supply,bearish_IPO_supply,2022-09-21T18:00:00Z,144.25,144.705,144.25,144.36501,144.47750000000002,144.25,144.47750000000002,144.705,2022-09-21T23:30:00Z,2022-09-21T23:30:00Z,144.47750000000002,144.705,144.02250000000004,0.22749999999999204,false,false,,,,,,NO,,,,2022-09-22T03:00:00Z,144.845,S2_CLOSE_INVALIDATION,-1.6857142857142497,0.07032967032967279,3.747252747252843,1.4175824175825522,false,
BOS_REMOVED,CONTROL,USD/JPY,USDJPY_2022-08-01,30min,supply,bearish_IPO_supply,2022-09-23T00:00:00Z,142.265,142.435,142.175,142.345,142.305,142.175,142.305,142.435,2022-09-23T06:30:00Z,2022-09-23T06:30:00Z,142.305,142.435,142.04500000000002,0.12999999999999545,false,false,,,,,,NO,,,,2022-09-23T08:30:00Z,142.875,S2_CLOSE_INVALIDATION,-4.5076923076924125,0.12307692307692739,4.384615384615485,1.6153769230770603,false,
BOS_REMOVED,CONTROL,USD/JPY,USDJPY_2022-08-01,30min,demand,bullish_IPO_demand,2022-09-26T01:30:00Z,143.86501,143.895,143.71001,143.77499,143.895,143.802505,143.802505,143.71001,2022-09-26T05:30:00Z,2022-09-26T05:30:00Z,143.802505,143.71001,143.98749499999997,0.09249499999998534,false,false,,,,,,NO,,,,2022-09-26T05:30:00Z,143.98749499999997,TARGET,1.827017676631142,0.17298232336885816,2.4596464673770897,4.783988323694018,false,SAME_BAR_ENTRY_AND_EXIT
BOS_REMOVED,CONTROL,USD/JPY,USDJPY_2022-08-01,30min,demand,bullish_IPO_demand,2022-09-26T01:30:00Z,143.86501,143.895,143.71001,143.77499,143.895,143.802505,143.802505,143.71001,2022-09-26T06:30:00Z,2022-09-26T06:30:00Z,143.802505,143.71001,143.98749499999997,0.09249499999998534,false,false,,,,,,NO,,,,2022-09-26T06:30:00Z,143.98749499999997,TARGET,1.827017676631142,0.17298232336885816,0.18925347316074012,2.405416509000824,false,SAME_BAR_ENTRY_AND_EXIT
BOS_REMOVED,CONTROL,USD/JPY,USDJPY_2022-08-01,30min,demand,bullish_IPO_demand,2022-09-26T05:30:00Z,144.235,144.245,143.575,143.83501,144.245,143.91,143.91,143.575,2022-09-26T12:30:00Z,2022-09-26T12:30:00Z,143.91,143.575,144.58,0.33500000000000796,false,false,,,,,,NO,,,,2022-09-26T16:00:00Z,144.58,TARGET,1.9522388059701503,0.047761194029849616,0.3432835820895712,2.1940298507462574,false,
BOS_REMOVED,CONTROL,USD/JPY,USDJPY_2022-08-01,30min,demand,bullish_IPO_demand,2022-09-26T16:30:00Z,144.575,144.625,144.47501,144.545,144.625,144.550005,144.550005,144.47501,2022-09-26T18:30:00Z,2022-09-26T18:30:00Z,144.550005,144.47501,144.699995,0.07499500000000126,false,false,,,,,,NO,,,,2022-09-26T18:30:00Z,144.699995,TARGET,1.7866524434962368,0.21334755650376336,0.2000800053337143,3.133475565037588,false,SAME_BAR_ENTRY_AND_EXIT
BOS_REMOVED,CONTROL,USD/JPY,USDJPY_2022-08-01,30min,demand,bullish_IPO_demand,2022-09-26T16:30:00Z,144.575,144.625,144.47501,144.545,144.625,144.550005,144.550005,144.47501,2022-09-26T19:30:00Z,2022-09-26T19:30:00Z,144.550005,144.47501,144.699995,0.07499500000000126,false,false,,,,,,NO,,,,2022-09-26T20:30:00Z,144.699995,TARGET,1.7866524434962368,0.21334755650376336,0.4667644509635549,2.600106673778286,false,
BOS_REMOVED,CONTROL,USD/JPY,USDJPY_2022-08-01,30min,supply,bearish_IPO_supply,2022-09-30T06:00:00Z,144.495,144.535,144.44501,144.5,144.490005,144.44501,144.490005,144.535,2022-09-30T10:30:00Z,2022-09-30T10:30:00Z,144.490005,144.535,144.400015,0.04499500000000012,false,false,,,,,,NO,,,,2022-09-30T11:00:00Z,144.575,S2_CLOSE_INVALIDATION,-2.2445827314144213,0.3555950661184567,2.5557284142680965,1.2224691632402278,false,
BOS_REMOVED,CONTROL,USD/JPY,USDJPY_2022-08-01,30min,supply,bearish_IPO_supply,2022-09-30T03:30:00Z,144.72501,144.755,144.69501,144.745,144.725005,144.69501,144.725005,144.755,2022-09-30T12:30:00Z,2022-09-30T12:30:00Z,144.725005,144.755,144.66501500000004,0.02999499999998534,false,false,,,,,,NO,,,,2022-09-30T12:30:00Z,144.66501500000004,TARGET,1.4665777629602328,0.5334222370397673,0.16652775462517405,9.334722453747311,false,SAME_BAR_ENTRY_AND_EXIT
BOS_REMOVED,CONTROL,USD/JPY,USDJPY_2022-08-01,30min,supply,bearish_IPO_supply,2022-09-30T02:00:00Z,144.675,144.765,144.655,144.705,144.70999999999998,144.655,144.70999999999998,144.765,2022-09-30T15:30:00Z,2022-09-30T15:30:00Z,144.70999999999998,144.765,144.59999999999997,0.05500000000000682,false,false,,,,,,NO,,,,2022-09-30T18:30:00Z,144.785,S2_CLOSE_INVALIDATION,-1.6545454545455593,0.2909090909090548,1.3636363636365045,1.3638181818178636,false,
BOS_REMOVED,CONTROL,USD/JPY,USDJPY_2022-08-01,30min,supply,bearish_IPO_supply,2022-10-03T13:30:00Z,144.855,144.97,144.855,144.91499,144.9125,144.855,144.9125,144.97,2022-10-04T02:00:00Z,2022-10-04T02:00:00Z,144.9125,144.97,144.79749999999999,0.05750000000000455,false,false,,,,,,NO,,,,2022-10-04T02:30:00Z,144.79749999999999,TARGET,1.7217391304348046,0.2782608695651954,0.043304347825988784,2.0434782608695223,false,
BOS_REMOVED,CONTROL,USD/JPY,USDJPY_2022-08-01,30min,supply,bearish_IPO_supply,2022-10-03T12:30:00Z,144.925,144.94501,144.785,144.935,144.865005,144.785,144.865005,144.94501,2022-10-04T03:30:00Z,2022-10-04T03:30:00Z,144.865005,144.94501,144.704995,0.08000499999999988,false,false,,,,,,NO,,,,2022-10-04T03:30:00Z,144.704995,TARGET,1.8000124992187985,0.19998750078120148,0.24979688769441022,2.3749140678705754,false,SAME_BAR_ENTRY_AND_EXIT
BOS_REMOVED,CONTROL,USD/JPY,USDJPY_2022-08-01,30min,supply,bearish_IPO_supply,2022-10-03T12:30:00Z,144.925,144.94501,144.785,144.935,144.865005,144.785,144.865005,144.94501,2022-10-04T05:30:00Z,2022-10-04T05:30:00Z,144.865005,144.94501,144.704995,0.08000499999999988,false,false,,,,,,NO,,,,2022-10-04T06:30:00Z,144.704995,TARGET,1.8000124992187985,0.19998750078120148,0.1249296918943009,2.9998750078119722,false,
BOS_REMOVED,CONTROL,USD/JPY,USDJPY_2022-08-01,30min,supply,bearish_IPO_supply,2022-10-03T12:30:00Z,144.925,144.94501,144.785,144.935,144.865005,144.785,144.865005,144.94501,2022-10-04T12:00:00Z,2022-10-04T12:00:00Z,144.865005,144.94501,144.704995,0.08000499999999988,false,false,,,,,,NO,,,,2022-10-04T12:30:00Z,144.704995,TARGET,1.8000124992187985,0.19998750078120148,0.8748828198238349,2.5000312480470956,false,
BOS_REMOVED,CONTROL,USD/JPY,USDJPY_2022-08-01,30min,demand,bullish_IPO_demand,2022-10-10T01:30:00Z,145.485,145.505,145.33501,145.355,145.505,145.420005,145.420005,145.33501,2022-10-10T04:00:00Z,2022-10-10T04:00:00Z,145.420005,145.33501,145.589995,0.08499499999999216,false,false,,,,,,NO,,,,2022-10-10T07:00:00Z,145.30499,S2_CLOSE_INVALIDATION,-1.5414436143303927,0.1882463674333958,2.059003470792575,0.7646920407084693,false,
BOS_REMOVED,CONTROL,USD/JPY,USDJPY_2022-08-01,30min,demand,bullish_IPO_demand,2022-10-16T21:30:00Z,148.62,148.62,148.44501,148.465,148.62,148.53250500000001,148.53250500000001,148.44501,2022-10-16T23:00:00Z,2022-10-16T23:00:00Z,148.53250500000001,148.44501,148.70749500000005,0.08749500000001831,false,false,,,,,,NO,,,,2022-10-17T04:00:00Z,148.70749500000005,TARGET,1.817132407566185,0.1828675924338151,1.0572604148808227,2.6572375564309167,false,
BOS_REMOVED,CONTROL,USD/JPY,USDJPY_2022-08-01,30min,demand,bullish_IPO_demand,2022-10-18T01:00:00Z,148.77499,148.88499,148.685,148.735,148.88499,148.78499499999998,148.78499499999998,148.685,2022-10-18T05:00:00Z,2022-10-18T05:00:00Z,148.78499499999998,148.685,148.98498499999994,0.09999499999997852,false,false,,,,,,NO,,,,2022-10-18T07:00:00Z,148.98498499999994,TARGET,1.8399919995999456,0.1600080004000544,0.19995999799988728,2.8002100105012455,false,
BOS_REMOVED,CONTROL,USD/JPY,USDJPY_2022-08-01,30min,demand,bullish_IPO_demand,2022-10-18T09:00:00Z,149.27499,149.295,148.69,148.935,149.295,148.9925,148.9925,148.69,2022-10-18T13:30:00Z,2022-10-18T13:30:00Z,148.9925,148.69,149.59750000000003,0.3025000000000091,false,false,,,,,,NO,,,,2022-10-19T10:30:00Z,149.59750000000003,TARGET,1.9471074380165305,0.052892561983469484,0.12396694214873781,2.057884297520617,false,
BOS_REMOVED,CONTROL,USD/JPY,USDJPY_2022-08-01,30min,demand,bullish_IPO_demand,2022-10-24T11:30:00Z,149.355,149.38499,148.38499,149.0050049,149.38499,148.88499,148.88499,148.38499,2022-10-24T17:30:00Z,2022-10-24T17:30:00Z,148.88499,148.38499,149.88499,0.5,false,false,,,,,,NO,,,,2022-10-25T13:00:00Z,148.155,S2_CLOSE_INVALIDATION,-1.4919799999999732,0.032,1.5299799999999664,0.4300400000000195,false,
BOS_REMOVED,CONTROL,USD/JPY,USDJPY_2022-08-01,30min,demand,bullish_IPO_demand,2022-10-23T23:30:00Z,149.55,149.67999,145.645,147.63,149.67999,147.662495,147.662495,145.645,2022-10-25T14:00:00Z,2022-10-25T14:00:00Z,147.662495,145.645,151.697485,2.0174949999999967,false,false,,,,,,NO,,,,2022-10-27T05:00:00Z,145.36501,S2_CLOSE_INVALIDATION,-1.1467116399297141,0.007930626841702223,1.1784391039383069,0.3705114510816586,false,
BOS_REMOVED,CONTROL,USD/JPY,USDJPY_2022-08-01,30min,demand,bullish_IPO_demand,2022-10-27T10:30:00Z,146.395,146.395,146.255,146.315,146.395,146.325,146.325,146.255,2022-10-27T13:00:00Z,2022-10-27T13:00:00Z,146.325,146.255,146.46499999999997,0.06999999999999318,false,false,,,,,,NO,,,,2022-10-27T13:00:00Z,146.46499999999997,TARGET,1.7714285714285491,0.22857142857145085,4.428585714286142,4.857000000000476,false,SAME_BAR_ENTRY_AND_EXIT
BOS_REMOVED,CONTROL,USD/JPY,USDJPY_2022-08-01,30min,supply,bearish_IPO_supply,2022-10-27T12:00:00Z,146.675,146.935,146.645,146.745,146.79000000000002,146.645,146.79000000000002,146.935,2022-10-28T02:30:00Z,2022-10-28T02:30:00Z,146.79000000000002,146.935,146.50000000000006,0.1449999999999818,false,false,,,,,,NO,,,,2022-10-28T02:30:00Z,146.50000000000006,TARGET,1.8896551724137793,0.11034482758622075,0.3448275862068222,4.931055172414579,false,SAME_BAR_ENTRY_AND_EXIT
BOS_REMOVED,CONTROL,USD/JPY,USDJPY_2025-01-01,30min,supply,bearish_IPO_supply,2025-02-11T01:30:00Z,152.0099945,152.020004,151.92999,152.020004,151.974997,151.92999,151.974997,152.020004,2025-02-11T06:30:00Z,2025-02-11T06:30:00Z,151.974997,152.020004,151.884983,0.04500699999999824,false,false,,,,,,NO,,,,2025-02-11T07:00:00Z,151.884983,TARGET,1.6444997444841776,0.35550025551582254,0.55553580554134,2.332903770524617,false,
BOS_REMOVED,CONTROL,USD/JPY,USDJPY_2025-01-01,30min,supply,bearish_IPO_supply,2025-02-11T01:30:00Z,152.0099945,152.020004,151.92999,152.020004,151.974997,151.92999,151.974997,152.020004,2025-02-11T07:30:00Z,2025-02-11T07:30:00Z,151.974997,152.020004,151.884983,0.04500699999999824,false,false,,,,,,NO,,,,2025-02-11T08:00:00Z,151.884983,TARGET,1.6444997444841776,0.35550025551582254,2.555135867754263,4.110627235763776,false,
BOS_REMOVED,CONTROL,USD/JPY,USDJPY_2025-01-01,30min,supply,bearish_IPO_supply,2025-02-11T01:30:00Z,152.0099945,152.020004,151.92999,152.020004,151.974997,151.92999,151.974997,152.020004,2025-02-11T09:00:00Z,2025-02-11T09:00:00Z,151.974997,152.020004,151.884983,0.04500699999999824,false,false,,,,,,NO,,,,2025-02-11T09:00:00Z,151.884983,TARGET,1.6444997444841776,0.35550025551582254,0.55553580554134,3.2216544093139965,false,SAME_BAR_ENTRY_AND_EXIT
BOS_REMOVED,CONTROL,USD/JPY,USDJPY_2025-01-01,30min,demand,bullish_IPO_demand,2025-02-11T12:00:00Z,152.35001,152.35001,152.22,152.32001,152.35001,152.285005,152.285005,152.22,2025-02-11T16:00:00Z,2025-02-11T16:00:00Z,152.285005,152.22,152.41501500000004,0.06500500000001352,false,false,,,,,,NO,,,,2025-02-11T16:00:00Z,152.41501500000004,TARGET,1.753865087301028,0.24613491269897195,0.5384970386894101,3.9225444196588484,false,SAME_BAR_ENTRY_AND_EXIT
BOS_REMOVED,CONTROL,USD/JPY,USDJPY_2025-01-01,30min,demand,bullish_IPO_demand,2025-02-12T23:30:00Z,154.42,154.47,154.19,154.24001,154.47,154.32999999999998,154.32999999999998,154.19,2025-02-13T01:30:00Z,2025-02-13T01:30:00Z,154.32999999999998,154.19,154.60999999999996,0.13999999999998636,false,false,,,,,,NO,,,,2025-02-13T05:30:00Z,154.17,S2_CLOSE_INVALIDATION,-1.2571428571429553,0.11428571428572543,1.3571428571429731,1.1429285714288842,false,
BOS_REMOVED,CONTROL,USD/JPY,USDJPY_2025-01-01,30min,supply,bearish_IPO_supply,2025-02-14T08:30:00Z,152.66,152.78999,152.61,152.75,152.699995,152.61,152.699995,152.78999,2025-02-14T12:00:00Z,2025-02-14T12:00:00Z,152.699995,152.78999,152.52000500000003,0.08999499999998761,false,false,,,,,,NO,,,,2025-02-14T13:30:00Z,152.52000500000003,TARGET,1.8222123451302605,0.17778765486973946,1.4445802544589048,6.555864214679358,false,
BOS_REMOVED,CONTROL,USD/JPY,USDJPY_2025-01-01,30min,supply,bearish_IPO_supply,2025-02-14T15:00:00Z,152.25,152.38,152.24001,152.31,152.310005,152.24001,152.310005,152.38,2025-02-14T17:30:00Z,2025-02-14T17:30:00Z,152.310005,152.38,152.17001499999998,0.0699950000000058,false,false,,,,,,NO,,,,2025-02-16T23:30:00Z,152.17001499999998,TARGET,1.7714122437317141,0.22858775626828592,1.1428673476675488,4.857561254374779,false,
BOS_REMOVED,CONTROL,USD/JPY,USDJPY_2025-01-01,30min,supply,bearish_IPO_supply,2025-02-18T07:30:00Z,151.86,152.070007,151.85001,152.059998,151.96000850000001,151.85001,151.96000850000001,152.070007,2025-02-18T17:30:00Z,2025-02-18T17:30:00Z,151.96000850000001,152.070007,151.74001150000004,0.10999849999998901,false,false,,,,,,NO,,,,2025-02-18T21:00:00Z,152.12,S2_CLOSE_INVALIDATION,-1.5999445446984024,0.14545652895268207,1.5453983463410639,0.9091805797352807,false,
BOS_REMOVED,CONTROL,USD/JPY,USDJPY_2025-01-01,30min,demand,bullish_IPO_demand,2025-02-18T19:00:00Z,151.98,151.99001,151.89999,151.92,151.99001,151.945,151.945,151.89999,2025-02-18T23:30:00Z,2025-02-18T23:30:00Z,151.945,151.89999,152.03501999999997,0.04500999999999067,false,false,,,,,,NO,,,,2025-02-18T23:30:00Z,152.03501999999997,TARGET,1.6445234392356518,0.3554765607643483,0.5554321261944205,2.777316151967044,false,SAME_BAR_ENTRY_AND_EXIT
BOS_REMOVED,CONTROL,USD/JPY,USDJPY_2025-01-01,30min,supply,bearish_IPO_supply,2025-02-18T04:30:00Z,152.050003,152.2,152.039993,152.14999,152.1199965,152.039993,152.1199965,152.2,2025-02-19T01:30:00Z,2025-02-19T01:30:00Z,152.1199965,152.2,151.95998950000006,0.08000349999997525,false,false,,,,,,NO,,,,2025-02-19T01:30:00Z,151.95998950000006,TARGET,1.8000087496171424,0.19999125038285764,0.5000218740429554,4.6247539170177285,false,SAME_BAR_ENTRY_AND_EXIT
BOS_REMOVED,CONTROL,USD/JPY,USDJPY_2025-01-01,30min,demand,bullish_IPO_demand,2025-02-18T15:00:00Z,151.8,151.8,151.59,151.59,151.8,151.695,151.695,151.59,2025-02-19T07:00:00Z,2025-02-19T07:00:00Z,151.695,151.59,151.90499999999997,0.10499999999998977,false,false,,,,,,NO,,,,2025-02-19T11:30:00Z,151.90499999999997,TARGET,1.8476190476190328,0.15238095238096724,1.3809523809523423,2.428571428571622,false,
BOS_REMOVED,CONTROL,USD/JPY,USDJPY_2025-01-01,30min,demand,bullish_IPO_demand,2025-02-18T15:00:00Z,151.8,151.8,151.59,151.59,151.8,151.695,151.695,151.59,2025-02-19T14:00:00Z,2025-02-19T14:00:00Z,151.695,151.59,151.90499999999997,0.10499999999998977,false,false,,,,,,NO,,,,2025-02-19T14:30:00Z,151.33,S2_CLOSE_INVALIDATION,-3.628571428571598,0.15238095238096724,3.476190476190631,0.23809523809531544,false,
BOS_REMOVED,CONTROL,USD/JPY,USDJPY_2025-01-01,30min,supply,bearish_IPO_supply,2025-02-20T05:30:00Z,150.25,150.41,150.25,150.39999,150.32999999999998,150.25,150.32999999999998,150.41,2025-02-20T08:00:00Z,2025-02-20T08:00:00Z,150.32999999999998,150.41,150.16999999999996,0.0800000000000125,false,false,,,,,,NO,,,,2025-02-20T08:00:00Z,150.16999999999996,TARGET,1.8000000000000314,0.19999999999996873,0.7499999999999112,2.1249999999995115,false,SAME_BAR_ENTRY_AND_EXIT
BOS_REMOVED,CONTROL,USD/JPY,USDJPY_2025-01-01,30min,supply,bearish_IPO_supply,2025-02-21T02:00:00Z,150.35001,150.59,150.16,150.57001,150.375,150.16,150.375,150.59,2025-02-21T05:00:00Z,2025-02-21T05:00:00Z,150.375,150.59,149.945,0.2150000000000034,false,false,,,,,,NO,,,,2025-02-21T14:30:00Z,149.945,TARGET,1.9255813953488383,0.07441860465116161,1.279023255813945,2.9069767441860006,false,
BOS_REMOVED,CONTROL,USD/JPY,USDJPY_2025-01-01,30min,supply,bearish_IPO_supply,2025-02-21T16:30:00Z,149.46001,149.57001,149.39999,149.5,149.485,149.39999,149.485,149.57001,2025-02-24T02:00:00Z,2025-02-24T02:00:00Z,149.485,149.57001,149.31498000000005,0.08500999999998271,false,false,,,,,,NO,,,,2025-02-24T02:00:00Z,149.31498000000005,TARGET,1.811786848606008,0.18821315139399195,0.17644982943170695,2.999647100342027,false,SAME_BAR_ENTRY_AND_EXIT
BOS_REMOVED,CONTROL,USD/JPY,USDJPY_2025-01-01,30min,supply,bearish_IPO_supply,2025-02-21T16:30:00Z,149.46001,149.57001,149.39999,149.5,149.485,149.39999,149.485,149.57001,2025-02-24T06:30:00Z,2025-02-24T06:30:00Z,149.485,149.57001,149.31498000000005,0.08500999999998271,false,false,,,,,,NO,,,,2025-02-24T08:00:00Z,149.31498000000005,TARGET,1.811786848606008,0.18821315139399195,1,2.1762145629930583,false,
BOS_REMOVED,CONTROL,USD/JPY,USDJPY_2025-01-01,30min,supply,bearish_IPO_supply,2025-02-21T16:30:00Z,149.46001,149.57001,149.39999,149.5,149.485,149.39999,149.485,149.57001,2025-02-24T09:30:00Z,2025-02-24T09:30:00Z,149.485,149.57001,149.31498000000005,0.08500999999998271,false,false,,,,,,NO,,,,2025-02-24T10:00:00Z,149.62,S2_CLOSE_INVALIDATION,-1.776261616280692,0.18821315139399195,2.058581343371586,0.058816609810903316,false,
BOS_REMOVED,CONTROL,USD/JPY,USDJPY_2025-01-01,30min,demand,bullish_IPO_demand,2025-02-24T08:00:00Z,149.45,149.57001,149.3,149.3,149.57001,149.435005,149.435005,149.3,2025-02-24T14:30:00Z,2025-02-24T14:30:00Z,149.435005,149.3,149.70501499999995,0.13500499999997828,false,false,,,,,,NO,,,,2025-02-24T14:30:00Z,149.70501499999995,TARGET,1.8814858708936515,0.11851412910634847,1,2.4072071404766517,false,SAME_BAR_ENTRY_AND_EXIT
BOS_REMOVED,CONTROL,USD/JPY,USDJPY_2025-01-01,30min,demand,bullish_IPO_demand,2025-02-24T08:00:00Z,149.45,149.57001,149.3,149.3,149.57001,149.435005,149.435005,149.3,2025-02-24T16:00:00Z,2025-02-24T16:00:00Z,149.435005,149.3,149.70501499999995,0.13500499999997828,false,false,,,,,,NO,,,,2025-02-24T16:30:00Z,149.70501499999995,TARGET,1.8814858708936515,0.11851412910634847,1,2.4072071404766517,false,
BOS_REMOVED,CONTROL,USD/JPY,USDJPY_2025-01-01,30min,demand,bullish_IPO_demand,2025-02-24T08:00:00Z,149.45,149.57001,149.3,149.3,149.57001,149.435005,149.435005,149.3,2025-02-24T18:00:00Z,2025-02-24T18:00:00Z,149.435005,149.3,149.70501499999995,0.13500499999997828,false,false,,,,,,NO,,,,2025-02-24T19:30:00Z,149.70501499999995,TARGET,1.8814858708936515,0.11851412910634847,0.33335802377697515,2.7035665345733895,false,
BOS_REMOVED,CONTROL,USD/JPY,USDJPY_2025-01-01,30min,demand,bullish_IPO_demand,2025-02-26T08:30:00Z,149.42,149.42999,149.25,149.28999,149.42999,149.339995,149.339995,149.25,2025-02-26T14:30:00Z,2025-02-26T14:30:00Z,149.339995,149.25,149.51998499999996,0.08999499999998761,false,false,,,,,,NO,,,,2025-02-26T14:30:00Z,149.51998499999996,TARGET,1.8222123451302605,0.17778765486973946,0.44441357853193786,4.33362964609207,false,SAME_BAR_ENTRY_AND_EXIT
BOS_REMOVED,CONTROL,USD/JPY,USDJPY_2025-01-01,30min,demand,bullish_IPO_demand,2025-02-26T10:00:00Z,149.36,149.38,149.23,149.34,149.38,149.305,149.305,149.23,2025-02-26T16:00:00Z,2025-02-26T16:00:00Z,149.305,149.23,149.45500000000004,0.07500000000001705,false,false,,,,,,NO,,,,2025-02-26T16:00:00Z,149.45500000000004,TARGET,1.7866666666667153,0.21333333333328483,0.3333333333333333,2.999999999999242,false,SAME_BAR_ENTRY_AND_EXIT
BOS_REMOVED,CONTROL,USD/JPY,USDJPY_2025-01-01,30min,supply,bearish_IPO_supply,2025-02-26T21:00:00Z,149.029999,149.23,148.99001,149.13,149.110005,148.99001,149.110005,149.23,2025-02-27T01:00:00Z,2025-02-27T01:00:00Z,149.110005,149.23,148.87001500000002,0.11999499999998875,false,false,,,,,,NO,,,,2025-02-27T01:30:00Z,149.36,S2_CLOSE_INVALIDATION,-2.216717363223781,0.13333888912039252,2.4166423600985762,0.333330555439817,false,
BOS_REMOVED,CONTROL,USD/JPY,USDJPY_2025-01-01,30min,supply,bearish_IPO_supply,2025-02-26T14:30:00Z,149.52,149.73,149.3,149.67,149.515,149.3,149.515,149.73,2025-02-27T08:00:00Z,2025-02-27T08:00:00Z,149.515,149.73,149.08499999999998,0.2150000000000034,false,false,,,,,,NO,,,,2025-02-27T09:00:00Z,149.74001,S2_CLOSE_INVALIDATION,-1.1209767441861493,0.07441860465116161,1.232558139534933,1.6511627906976007,false,
BOS_REMOVED,CONTROL,USD/JPY,USDJPY_2025-01-01,30min,demand,bullish_IPO_demand,2025-02-28T18:30:00Z,150.48,150.55,150.32001,150.33,150.55,150.435005,150.435005,150.32001,2025-03-03T02:00:00Z,2025-03-03T02:00:00Z,150.435005,150.32001,150.66499499999998,0.1149949999999933,false,false,,,,,,NO,,,,2025-03-03T03:00:00Z,150.28,S2_CLOSE_INVALIDATION,-1.4870646549849862,0.1391364841949731,1.6088090786555975,0.39127788164705196,false,
BOS_REMOVED,CONTROL,USD/JPY,USDJPY_2025-01-01,30min,supply,bearish_IPO_supply,2025-03-02T23:00:00Z,150.71001,150.99001,150.71001,150.95,150.85001,150.71001,150.85001,150.99001,2025-03-03T10:30:00Z,2025-03-03T10:30:00Z,150.85001,150.99001,150.57000999999997,0.14000000000001478,false,false,,,,,,NO,,,,2025-03-03T11:30:00Z,151.2,S2_CLOSE_INVALIDATION,-2.6142142857139468,0.11428571428570222,2.714214285713944,1.999999999999797,false,
BOS_REMOVED,CONTROL,USD/JPY,USDJPY_2025-01-01,30min,demand,bullish_IPO_demand,2025-03-03T08:00:00Z,150.17999,150.24001,150.029999,150.050003,150.24001,150.1350045,150.1350045,150.029999,2025-03-03T15:00:00Z,2025-03-03T15:00:00Z,150.1350045,150.029999,150.34501550000002,0.1050055000000043,false,false,,,,,,NO,,,,2025-03-03T15:00:00Z,150.34501550000002,TARGET,1.847627029060389,0.15237297093961122,0.14289251515399481,5.285394574569589,false,SAME_BAR_ENTRY_AND_EXIT
BOS_REMOVED,CONTROL,USD/JPY,USDJPY_2025-01-01,30min,demand,bullish_IPO_demand,2025-03-03T08:00:00Z,150.17999,150.24001,150.029999,150.050003,150.24001,150.1350045,150.1350045,150.029999,2025-03-03T18:00:00Z,2025-03-03T18:00:00Z,150.1350045,150.029999,150.34501550000002,0.1050055000000043,false,false,,,,,,NO,,,,2025-03-03T20:00:00Z,149.44,S2_CLOSE_INVALIDATION,-6.771116751027147,0.15237297093961122,7.571074848460052,1.571303407916696,false,
BOS_REMOVED,CONTROL,USD/JPY,USDJPY_2025-01-01,30min,demand,bullish_IPO_demand,2025-03-04T20:30:00Z,149.42,149.42,149.0099945,149.10001,149.42,149.21499725,149.21499725,149.0099945,2025-03-05T08:30:00Z,2025-03-05T08:30:00Z,149.21499725,149.0099945,149.62500275000002,0.20500275000000556,false,false,,,,,,NO,,,,2025-03-05T13:00:00Z,149.62500275000002,TARGET,1.921952266493988,0.07804773350601182,0.5609058902868852,2.56100344995366,false,
BOS_REMOVED,CONTROL,USD/JPY,USDJPY_2025-01-01,30min,demand,bullish_IPO_demand,2025-03-04T17:30:00Z,148.89,148.89,148.69,148.75,148.89,148.79,148.79,148.69,2025-03-05T14:00:00Z,2025-03-05T14:00:00Z,148.79,148.69,148.98999999999998,0.09999999999999432,false,false,,,,,,NO,,,,2025-03-05T14:00:00Z,148.98999999999998,TARGET,1.839999999999991,0.1600000000000091,1,2.3999900000002525,false,SAME_BAR_ENTRY_AND_EXIT
BOS_REMOVED,CONTROL,USD/JPY,USDJPY_2025-01-01,30min,supply,bearish_IPO_supply,2025-03-05T15:30:00Z,148.47,149.10001,148.42999,148.92,148.765,148.42999,148.765,149.10001,2025-03-05T20:00:00Z,2025-03-05T20:00:00Z,148.765,149.10001,148.09497999999996,0.33501000000001113,false,false,,,,,,NO,,,,2025-03-06T00:00:00Z,149.16,S2_CLOSE_INVALIDATION,-1.226829049879098,0.047759768365121844,1.477537983940733,0.10447449329869385,false,
BOS_REMOVED,CONTROL,USD/JPY,USDJPY_2025-01-01,30min,demand,bullish_IPO_demand,2025-03-04T12:00:00Z,148.35001,148.35001,148.10001,148.10001,148.35001,148.22501,148.22501,148.10001,2025-03-06T08:30:00Z,2025-03-06T08:30:00Z,148.22501,148.10001,148.47501,0.125,false,false,,,,,,NO,,,,2025-03-06T09:00:00Z,147.83,S2_CLOSE_INVALIDATION,-3.28807999999988,0.128,3.480160000000069,0.7599999999999909,false,
BOS_REMOVED,CONTROL,USD/JPY,USDJPY_2025-01-01,30min,supply,bearish_IPO_supply,2025-03-09T23:30:00Z,147.52,147.64,147.48,147.59,147.56,147.48,147.56,147.64,2025-03-10T03:00:00Z,2025-03-10T03:00:00Z,147.56,147.64,147.40000000000003,0.07999999999998408,false,false,,,,,,NO,,,,2025-03-10T03:30:00Z,147.66,S2_CLOSE_INVALIDATION,-1.4500000000002173,0.20000000000003978,2.4998750000003156,0.12499999999991118,false,
BOS_REMOVED,CONTROL,USD/JPY,USDJPY_2025-01-01,30min,supply,bearish_IPO_supply,2025-03-10T09:00:00Z,147.19,147.31,147.14999,147.24001,147.229995,147.14999,147.229995,147.31,2025-03-10T15:30:00Z,2025-03-10T15:30:00Z,147.229995,147.31,147.069985,0.08000499999999988,false,false,,,,,,NO,,,,2025-03-10T16:00:00Z,147.069985,TARGET,1.8000124992187985,0.19998750078120148,0.8750078120118627,2.2497593900381085,false,
BOS_REMOVED,CONTROL,USD/JPY,USDJPY_2025-01-01,30min,supply,bearish_IPO_supply,2025-03-10T09:00:00Z,147.19,147.31,147.14999,147.24001,147.229995,147.14999,147.229995,147.31,2025-03-10T16:30:00Z,2025-03-10T16:30:00Z,147.229995,147.31,147.069985,0.08000499999999988,false,false,,,,,,NO,,,,2025-03-10T17:30:00Z,147.069985,TARGET,1.8000124992187985,0.19998750078120148,1.1251171801761652,2.3748765702142736,false,
BOS_REMOVED,CONTROL,USD/JPY,USDJPY_2025-01-01,30min,demand,bullish_IPO_demand,2025-03-10T17:30:00Z,147.2,147.22,147.039993,147.19,147.22,147.1299965,147.1299965,147.039993,2025-03-10T19:00:00Z,2025-03-10T19:00:00Z,147.1299965,147.039993,147.3100035,0.09000349999999457,false,false,,,,,,NO,,,,2025-03-10T19:00:00Z,147.3100035,TARGET,1.8222291355336073,0.1777708644663926,0.44443271650539357,2.777708644663888,false,SAME_BAR_ENTRY_AND_EXIT
BOS_REMOVED,CONTROL,USD/JPY,USDJPY_2025-01-01,30min,demand,bullish_IPO_demand,2025-03-10T17:30:00Z,147.2,147.22,147.039993,147.19,147.22,147.1299965,147.1299965,147.039993,2025-03-10T22:00:00Z,2025-03-10T22:00:00Z,147.1299965,147.039993,147.3100035,0.09000349999999457,false,false,,,,,,NO,,,,2025-03-10T22:30:00Z,146.99001,S2_CLOSE_INVALIDATION,-1.7331159343803455,0.1777708644663926,1.8886654407884516,0.5554617320437802,false,
BOS_REMOVED,CONTROL,USD/JPY,USDJPY_2025-01-01,30min,supply,bearish_IPO_supply,2025-03-10T20:00:00Z,147.3,147.37,147.23,147.35001,147.3,147.23,147.3,147.37,2025-03-11T06:30:00Z,2025-03-11T06:30:00Z,147.3,147.37,147.16000000000003,0.06999999999999318,false,false,,,,,,NO,,,,2025-03-11T07:00:00Z,147.16000000000003,TARGET,1.7714285714285491,0.22857142857145085,0.8571428571429731,3.428600000000392,false,
BOS_REMOVED,CONTROL,USD/JPY,USDJPY_2025-01-01,30min,supply,bearish_IPO_supply,2025-03-10T20:00:00Z,147.3,147.37,147.23,147.35001,147.3,147.23,147.3,147.37,2025-03-11T08:30:00Z,2025-03-11T08:30:00Z,147.3,147.37,147.16000000000003,0.06999999999999318,false,false,,,,,,NO,,,,2025-03-11T08:30:00Z,147.16000000000003,TARGET,1.7714285714285491,0.22857142857145085,0,2.4285714285718925,false,SAME_BAR_ENTRY_AND_EXIT
BOS_REMOVED,CONTROL,USD/JPY,USDJPY_2025-01-01,30min,supply,bearish_IPO_supply,2025-03-10T05:00:00Z,147.64,147.78999,147.64,147.78,147.714995,147.64,147.714995,147.78999,2025-03-11T11:30:00Z,2025-03-11T11:30:00Z,147.714995,147.78999,147.56500499999999,0.07499500000000126,false,false,,,,,,NO,,,,2025-03-11T12:00:00Z,147.56500499999999,TARGET,1.7866524434962368,0.21334755650376336,0.06673778251898349,3.933528901926731,false,
BOS_REMOVED,CONTROL,USD/JPY,USDJPY_2025-01-01,30min,demand,bullish_IPO_demand,2025-03-11T09:30:00Z,147.48,147.52,147.32001,147.38,147.52,147.420005,147.420005,147.32001,2025-03-11T15:00:00Z,2025-03-11T15:00:00Z,147.420005,147.32001,147.61999500000002,0.09999500000000694,false,false,,,,,,NO,,,,2025-03-11T15:00:00Z,147.61999500000002,TARGET,1.8399919995999912,0.1600080004000089,1.3002150107505916,2.9001950097503646,false,SAME_BAR_ENTRY_AND_EXIT
BOS_REMOVED,CONTROL,USD/JPY,USDJPY_2025-01-01,30min,demand,bullish_IPO_demand,2025-03-11T23:00:00Z,147.92,147.92999,147.82001,147.87,147.92999,147.875,147.875,147.82001,2025-03-12T02:00:00Z,2025-03-12T02:00:00Z,147.875,147.82001,147.98498,0.05499000000000365,false,false,,,,,,NO,,,,2025-03-12T02:00:00Z,147.98498,TARGET,1.7090380069103666,0.2909619930896334,0.09092562284042773,3.546226586651955,false,SAME_BAR_ENTRY_AND_EXIT
BOS_REMOVED,CONTROL,USD/JPY,USDJPY_2025-01-01,30min,demand,bullish_IPO_demand,2025-03-12T08:30:00Z,148.39,148.45,148.25999,148.34,148.45,148.35499499999997,148.35499499999997,148.25999,2025-03-12T14:30:00Z,2025-03-12T14:30:00Z,148.35499499999997,148.25999,148.54500499999995,0.09500499999998624,false,false,,,,,,NO,,,,2025-03-12T14:30:00Z,148.54500499999995,TARGET,1.8315878111678088,0.1684121888321911,0.6842271459396296,2.894637124362521,false,SAME_BAR_ENTRY_AND_EXIT
BOS_REMOVED,CONTROL,USD/JPY,USDJPY_2025-01-01,30min,demand,bullish_IPO_demand,2025-03-12T08:30:00Z,148.39,148.45,148.25999,148.34,148.45,148.35499499999997,148.35499499999997,148.25999,2025-03-12T15:30:00Z,2025-03-12T15:30:00Z,148.35499499999997,148.25999,148.54500499999995,0.09500499999998624,false,false,,,,,,NO,,,,2025-03-12T17:30:00Z,148.13,S2_CLOSE_INVALIDATION,-2.5366559654756426,0.1684121888321911,2.473501394663475,0.8947423819802754,false,
BOS_REMOVED,CONTROL,USD/JPY,USDJPY_2025-01-01,30min,demand,bullish_IPO_demand,2025-03-12T05:30:00Z,148.24001,148.27,148.029999,148.059998,148.27,148.1499995,148.1499995,148.029999,2025-03-12T18:00:00Z,2025-03-12T18:00:00Z,148.1499995,148.029999,148.3900005,0.12000050000000329,false,false,,,,,,NO,,,,2025-03-12T18:30:00Z,148.3900005,TARGET,1.866667222219911,0.13333277778008892,0.3333277778008609,2.2499947916881444,false,
BOS_REMOVED,CONTROL,USD/JPY,USDJPY_2025-01-01,30min,demand,bullish_IPO_demand,2025-03-11T23:00:00Z,147.92,147.92999,147.82001,147.87,147.92999,147.875,147.875,147.82001,2025-03-13T05:00:00Z,2025-03-13T05:00:00Z,147.875,147.82001,147.98498,0.05499000000000365,false,false,,,,,,NO,,,,2025-03-13T05:30:00Z,147.71001,S2_CLOSE_INVALIDATION,-3.291325695580594,0.2909619930896334,3.1823967994180715,1,false,
BOS_REMOVED,CONTROL,USD/JPY,USDJPY_2025-01-01,30min,demand,bullish_IPO_demand,2025-03-11T19:00:00Z,147.83,147.86,147.64999,147.72,147.86,147.754995,147.754995,147.64999,2025-03-13T06:30:00Z,2025-03-13T06:30:00Z,147.754995,147.64999,147.96500500000002,0.10500500000000557,false,false,,,,,,NO,,,,2025-03-13T09:00:00Z,147.96500500000002,TARGET,1.8476263035093647,0.15237369649063523,1.3808390076661754,2.7141374220273944,false,
BOS_REMOVED,CONTROL,USD/JPY,USDJPY_2025-01-01,30min,supply,bearish_IPO_supply,2025-03-12T18:30:00Z,148.28,148.42,148.27,148.35001,148.345,148.27,148.345,148.42,2025-03-13T13:00:00Z,2025-03-13T13:00:00Z,148.345,148.42,148.19500000000002,0.07499999999998863,false,false,,,,,,NO,,,,2025-03-13T13:00:00Z,148.19500000000002,TARGET,1.7866666666666342,0.21333333333336568,0.06679999999999181,2.600133333333679,false,SAME_BAR_ENTRY_AND_EXIT
BOS_REMOVED,CONTROL,USD/JPY,USDJPY_2025-01-01,30min,demand,bullish_IPO_demand,2025-03-11T19:00:00Z,147.83,147.86,147.64999,147.72,147.86,147.754995,147.754995,147.64999,2025-03-13T15:30:00Z,2025-03-13T15:30:00Z,147.754995,147.64999,147.96500500000002,0.10500500000000557,false,false,,,,,,NO,,,,2025-03-13T16:30:00Z,147.59,S2_CLOSE_INVALIDATION,-1.723679824770202,0.15237369649063523,2.047569163373247,1.0952335603065604,false,
BOS_REMOVED,CONTROL,USD/JPY,USDJPY_2025-01-01,30min,demand,bullish_IPO_demand,2025-03-19T00:00:00Z,149.44,149.46001,149.3,149.34,149.46001,149.380005,149.380005,149.3,2025-03-19T03:30:00Z,2025-03-19T03:30:00Z,149.380005,149.3,149.540015,0.08000499999999988,false,false,,,,,,NO,,,,2025-03-19T04:30:00Z,149.540015,TARGET,1.8000124992187985,0.19998750078120148,1,2.3749140678705754,false,
BOS_REMOVED,CONTROL,USD/JPY,USDJPY_2025-01-01,30min,demand,bullish_IPO_demand,2025-03-18T18:00:00Z,149.25,149.25,149.11,149.12,149.25,149.18,149.18,149.11,2025-03-19T07:30:00Z,2025-03-19T07:30:00Z,149.18,149.11,149.32,0.06999999999999318,false,false,,,,,,NO,,,,2025-03-19T07:30:00Z,149.32,TARGET,1.7714285714285491,0.22857142857145085,0.4287142857143891,3.7142857142859462,false,SAME_BAR_ENTRY_AND_EXIT
BOS_REMOVED,CONTROL,USD/JPY,USDJPY_2025-01-01,30min,demand,bullish_IPO_demand,2025-03-19T02:30:00Z,149.47,149.47,149.21001,149.42,149.47,149.34000500000002,149.34000500000002,149.21001,2025-03-19T08:00:00Z,2025-03-19T08:00:00Z,149.34000500000002,149.21001,149.59999500000004,0.12999500000000808,false,false,,,,,,NO,,,,2025-03-19T08:30:00Z,149.59999500000004,TARGET,1.8769183430132004,0.12308165698679954,0.3847455671374071,2.6923727835682665,false,
BOS_REMOVED,CONTROL,USD/JPY,USDJPY_2025-01-01,30min,demand,bullish_IPO_demand,2025-03-23T22:30:00Z,149.61,149.64,149.55,149.58,149.64,149.595,149.595,149.55,2025-03-24T06:00:00Z,2025-03-24T06:00:00Z,149.595,149.55,149.68499999999997,0.044999999999987494,false,false,,,,,,NO,,,,2025-03-24T06:00:00Z,149.68499999999997,TARGET,1.6444444444443456,0.3555555555556544,0.5553333333335434,4.111111111112304,false,SAME_BAR_ENTRY_AND_EXIT
BOS_REMOVED,CONTROL,USD/JPY,USDJPY_2025-01-01,30min,demand,bullish_IPO_demand,2025-03-24T00:00:00Z,149.66,149.71001,149.46001,149.62,149.71001,149.58501,149.58501,149.46001,2025-03-24T06:30:00Z,2025-03-24T06:30:00Z,149.58501,149.46001,149.83501,0.125,false,false,,,,,,NO,,,,2025-03-24T07:00:00Z,149.83501,TARGET,1.8719999999999999,0.128,0.3601600000001781,2.119999999999891,false,
BOS_REMOVED,CONTROL,USD/JPY,USDJPY_2025-01-01,30min,demand,bullish_IPO_demand,2025-03-24T00:00:00Z,149.66,149.71001,149.46001,149.62,149.71001,149.58501,149.58501,149.46001,2025-03-24T08:30:00Z,2025-03-24T08:30:00Z,149.58501,149.46001,149.83501,0.125,false,false,,,,,,NO,,,,2025-03-24T12:00:00Z,149.83501,TARGET,1.8719999999999999,0.128,0.7599999999999909,2.0399199999999382,false,
BOS_REMOVED,CONTROL,USD/JPY,USDJPY_2025-01-01,30min,demand,bullish_IPO_demand,2025-03-24T17:00:00Z,150.58,150.60001,150.49001,150.53999,150.60001,150.54501,150.54501,150.49001,2025-03-25T04:30:00Z,2025-03-25T04:30:00Z,150.54501,150.49001,150.65500999999995,0.0549999999999784,false,false,,,,,,NO,,,,2025-03-25T05:00:00Z,150.47,S2_CLOSE_INVALIDATION,-1.6547272727277735,0.2909090909092052,2.0912727272733127,0.818000000000553,false,
BOS_REMOVED,CONTROL,USD/JPY,USDJPY_2025-01-01,30min,demand,bullish_IPO_demand,2025-03-25T05:30:00Z,150.46001,150.48,150.42999,150.42999,150.48,150.454995,150.454995,150.42999,2025-03-25T09:30:00Z,2025-03-25T09:30:00Z,150.454995,150.42999,150.50500499999998,0.02500499999999306,false,false,,,,,,NO,,,,2025-03-25T09:30:00Z,150.50500499999998,TARGET,1.3601279744049415,0.6398720255950586,1.7994401119781085,6.998800239953901,false,SAME_BAR_ENTRY_AND_EXIT
BOS_REMOVED,CONTROL,USD/JPY,USDJPY_2025-01-01,30min,demand,bullish_IPO_demand,2025-03-24T13:00:00Z,149.83,149.83,149.75,149.8,149.83,149.79000000000002,149.79000000000002,149.75,2025-03-25T13:00:00Z,2025-03-25T13:00:00Z,149.79000000000002,149.75,149.87000000000006,0.040000000000020464,false,false,,,,,,NO,,,,2025-03-25T13:00:00Z,149.87000000000006,TARGET,1.6000000000002046,0.39999999999979535,0.25000000000035527,4.749999999996803,false,SAME_BAR_ENTRY_AND_EXIT
BOS_REMOVED,CONTROL,USD/JPY,USDJPY_2025-01-01,30min,demand,bullish_IPO_demand,2025-03-24T00:00:00Z,149.66,149.71001,149.46001,149.62,149.71001,149.58501,149.58501,149.46001,2025-03-25T15:00:00Z,2025-03-25T15:00:00Z,149.58501,149.46001,149.83501,0.125,false,false,,,,,,NO,,,,2025-03-25T17:00:00Z,149.83501,TARGET,1.8719999999999999,0.128,0.2800799999999981,2.119999999999891,false,
BOS_REMOVED,CONTROL,USD/JPY,USDJPY_2025-01-01,30min,demand,bullish_IPO_demand,2025-03-26T01:30:00Z,150.24001,150.28,150.050003,150.080002,150.28,150.16500150000002,150.16500150000002,150.050003,2025-03-26T08:00:00Z,2025-03-26T08:00:00Z,150.16500150000002,150.050003,150.39499850000004,0.11499850000001288,false,false,,,,,,NO,,,,2025-03-26T08:00:00Z,150.39499850000004,TARGET,1.8608677504489344,0.1391322495510655,0.13053648525861195,2.1304495276021207,false,SAME_BAR_ENTRY_AND_EXIT
BOS_REMOVED,CONTROL,USD/JPY,USDJPY_2025-01-01,30min,demand,bullish_IPO_demand,2025-03-26T01:30:00Z,150.24001,150.28,150.050003,150.080002,150.28,150.16500150000002,150.16500150000002,150.050003,2025-03-26T09:30:00Z,2025-03-26T09:30:00Z,150.16500150000002,150.050003,150.39499850000004,0.11499850000001288,false,false,,,,,,NO,,,,2025-03-26T12:30:00Z,150.39499850000004,TARGET,1.8608677504489344,0.1391322495510655,1.2608642721426828,2.3913224955103782,false,
BOS_REMOVED,CONTROL,USD/JPY,USDJPY_2025-01-01,30min,demand,bullish_IPO_demand,2025-03-26T13:30:00Z,150.46001,150.55,150.35001,150.39999,150.55,150.450005,150.450005,150.35001,2025-03-26T16:00:00Z,2025-03-26T16:00:00Z,150.450005,150.35001,150.64999500000002,0.09999500000000694,false,false,,,,,,NO,,,,2025-03-26T16:00:00Z,150.64999500000002,TARGET,1.8399919995999912,0.1600080004000089,0.40007000350022565,2.200060002999828,false,SAME_BAR_ENTRY_AND_EXIT
BOS_REMOVED,CONTROL,USD/JPY,USDJPY_2025-01-01,30min,demand,bullish_IPO_demand,2025-03-26T13:30:00Z,150.46001,150.55,150.35001,150.39999,150.55,150.450005,150.450005,150.35001,2025-03-26T18:00:00Z,2025-03-26T18:00:00Z,150.450005,150.35001,150.64999500000002,0.09999500000000694,false,false,,,,,,NO,,,,2025-03-26T22:30:00Z,150.31,S2_CLOSE_INVALIDATION,-1.5601280064002332,0.1600080004000089,1.4001200060002243,1.6000300015000561,false,
BOS_REMOVED,CONTROL,USD/JPY,USDJPY_2025-01-01,30min,supply,bearish_IPO_supply,2025-03-26T19:30:00Z,150.55,150.60001,150.50999,150.58,150.555,150.50999,150.555,150.60001,2025-03-27T00:00:00Z,2025-03-27T00:00:00Z,150.555,150.60001,150.46498000000003,0.04500999999999067,false,false,,,,,,NO,,,,2025-03-27T00:00:00Z,150.46498000000003,TARGET,1.6445234392356518,0.3554765607643483,1.4441235281051146,3.4439013552551976,false,SAME_BAR_ENTRY_AND_EXIT
BOS_REMOVED,CONTROL,USD/JPY,USDJPY_2025-01-01,30min,demand,bullish_IPO_demand,2025-03-26T09:00:00Z,150.13,150.14,150.050003,150.10001,150.14,150.0950015,150.0950015,150.050003,2025-03-27T01:30:00Z,2025-03-27T01:30:00Z,150.0950015,150.050003,150.18499849999998,0.04499849999999128,false,false,,,,,,NO,,,,2025-03-27T01:30:00Z,150.18499849999998,TARGET,1.6444325921974488,0.3555674078025512,0.11123704123431973,2.5558296387665886,false,SAME_BAR_ENTRY_AND_EXIT
BOS_REMOVED,CONTROL,USD/JPY,USDJPY_2025-01-01,30min,demand,bullish_IPO_demand,2025-03-26T01:30:00Z,150.24001,150.28,150.050003,150.080002,150.28,150.16500150000002,150.16500150000002,150.050003,2025-03-27T02:00:00Z,2025-03-27T02:00:00Z,150.16500150000002,150.050003,150.39499850000004,0.11499850000001288,false,false,,,,,,NO,,,,2025-03-27T06:30:00Z,150.39499850000004,TARGET,1.8608677504489344,0.1391322495510655,0.9130858228585381,2.4782801514797153,false,
BOS_REMOVED,CONTROL,USD/JPY,USDJPY_2025-01-01,30min,demand,bullish_IPO_demand,2025-03-25T21:30:00Z,149.92,149.92,149.88,149.89999,149.92,149.89999999999998,149.89999999999998,149.88,2025-03-28T17:30:00Z,2025-03-28T17:30:00Z,149.89999999999998,149.88,149.93999999999994,0.01999999999998181,false,false,,,,,,NO,,,,2025-03-28T17:30:00Z,149.93999999999994,TARGET,1.1999999999992723,0.8000000000007276,2,4.500500000005844,false,SAME_BAR_ENTRY_AND_EXIT
BOS_REMOVED,CONTROL,USD/JPY,USDJPY_2025-01-01,30min,demand,bullish_IPO_demand,2025-03-24T00:00:00Z,149.66,149.71001,149.46001,149.62,149.71001,149.58501,149.58501,149.46001,2025-03-30T22:00:00Z,2025-03-30T22:00:00Z,149.58501,149.46001,149.83501,0.125,false,false,,,,,,NO,,,,2025-03-30T23:00:00Z,149.39,S2_CLOSE_INVALIDATION,-1.6880800000001983,0.128,2.1200000000001182,1.319919999999911,false,
BOS_REMOVED,CONTROL,USD/JPY,USDJPY_2025-01-01,30min,demand,bullish_IPO_demand,2025-03-21T18:30:00Z,149.25,149.28999,149.17999,149.22,149.28999,149.23498999999998,149.23498999999998,149.17999,2025-03-31T00:00:00Z,2025-03-31T00:00:00Z,149.23498999999998,149.17999,149.34498999999994,0.0549999999999784,false,false,,,,,,NO,,,,2025-03-31T00:00:00Z,149.34498999999994,TARGET,1.7090909090907949,0.2909090909092052,2.9996909090916892,7.363818181821152,false,SAME_BAR_ENTRY_AND_EXIT
BOS_REMOVED,CONTROL,USD/JPY,USDJPY_2025-01-01,30min,demand,bullish_IPO_demand,2025-03-21T17:00:00Z,149.24001,149.31,149.16,149.21001,149.31,149.235,149.235,149.16,2025-03-31T00:30:00Z,2025-03-31T00:30:00Z,149.235,149.16,149.38500000000005,0.07500000000001705,false,false,,,,,,NO,,,,2025-03-31T00:30:00Z,149.38500000000005,TARGET,1.7866666666667153,0.21333333333328483,2.199906666666296,3.666533333332154,false,SAME_BAR_ENTRY_AND_EXIT
BOS_REMOVED,CONTROL,USD/JPY,USDJPY_2025-01-01,30min,demand,bullish_IPO_demand,2025-03-21T12:30:00Z,148.83,148.89999,148.64,148.67,148.89999,148.769995,148.769995,148.64,2025-03-31T03:00:00Z,2025-03-31T03:00:00Z,148.769995,148.64,149.029985,0.12999500000000808,false,false,,,,,,NO,,,,2025-03-31T04:30:00Z,149.029985,TARGET,1.8769183430132004,0.12308165698679954,0.30766567944922635,2.923150890418743,false,
BOS_REMOVED,CONTROL,USD/JPY,USDJPY_2025-04-01,30min,supply,bearish_IPO_supply,2025-05-13T20:30:00Z,147.424,147.49001,147.41701,147.46899,147.45351,147.41701,147.45351,147.49001,2025-05-13T23:00:00Z,2025-05-13T23:00:00Z,147.45351,147.49001,147.38050999999996,0.03650000000001796,false,false,,,,,,NO,,,,2025-05-13T23:00:00Z,147.38050999999996,TARGET,1.5616438356166542,0.4383561643833459,1,3.1917808219162938,false,SAME_BAR_ENTRY_AND_EXIT
BOS_REMOVED,CONTROL,USD/JPY,USDJPY_2025-04-01,30min,supply,bearish_IPO_supply,2025-05-15T11:30:00Z,145.955,146.10001,145.942,146.082001,146.021005,145.942,146.021005,146.10001,2025-05-15T14:30:00Z,2025-05-15T14:30:00Z,146.021005,146.10001,145.862995,0.0790049999999951,false,false,,,,,,NO,,,,2025-05-15T14:30:00Z,145.862995,TARGET,1.797481172077704,0.20251882792229595,0.25308524776907376,3.443009936080339,false,SAME_BAR_ENTRY_AND_EXIT
BOS_REMOVED,CONTROL,USD/JPY,USDJPY_2025-04-01,30min,supply,bearish_IPO_supply,2025-05-20T00:00:00Z,144.974,145.51401,144.972,145.42599,145.243005,144.972,145.243005,145.51401,2025-05-20T02:30:00Z,2025-05-20T02:30:00Z,145.243005,145.51401,144.700995,0.2710050000000024,false,false,,,,,,NO,,,,2025-05-20T05:00:00Z,144.700995,TARGET,1.940960498883785,0.05903950111621505,0.19558679729150452,2.741665282928375,false,
BOS_REMOVED,CONTROL,USD/JPY,USDJPY_2025-04-01,30min,supply,bearish_IPO_supply,2025-05-20T06:30:00Z,144.47701,144.53,144.358,144.49899,144.44400000000002,144.358,144.44400000000002,144.53,2025-05-20T08:30:00Z,2025-05-20T08:30:00Z,144.44400000000002,144.53,144.27200000000005,0.08599999999998431,false,false,,,,,,NO,,,,2025-05-20T08:30:00Z,144.27200000000005,TARGET,1.8139534883720592,0.18604651162794092,0.511744186046441,2.7908139534890237,false,SAME_BAR_ENTRY_AND_EXIT
BOS_REMOVED,CONTROL,USD/JPY,USDJPY_2025-04-01,30min,demand,bullish_IPO_demand,2025-05-21T17:00:00Z,143.64799,143.687,143.278,143.32201,143.687,143.48250000000002,143.48250000000002,143.278,2025-05-22T00:30:00Z,2025-05-22T00:30:00Z,143.48250000000002,143.278,143.89150000000006,0.20450000000002433,false,false,,,,,,NO,,,,2025-05-22T01:00:00Z,143.252,S2_CLOSE_INVALIDATION,-1.2053789731050222,0.07823960880194668,1.4009779951099457,0.7946210268947432,false,
BOS_REMOVED,CONTROL,USD/JPY,USDJPY_2025-04-01,30min,supply,bearish_IPO_supply,2025-05-23T06:00:00Z,143.424,143.49001,143.33,143.48199,143.410005,143.33,143.410005,143.49001,2025-05-23T08:00:00Z,2025-05-23T08:00:00Z,143.410005,143.49001,143.249995,0.08000499999999988,false,false,,,,,,NO,,,,2025-05-23T09:00:00Z,143.249995,TARGET,1.8000124992187985,0.19998750078120148,0.13755390288085836,2.9998750078123275,false,
BOS_REMOVED,CONTROL,USD/JPY,USDJPY_2025-04-01,30min,supply,bearish_IPO_supply,2025-05-23T06:00:00Z,143.424,143.49001,143.33,143.48199,143.410005,143.33,143.410005,143.49001,2025-05-23T11:00:00Z,2025-05-23T11:00:00Z,143.410005,143.49001,143.249995,0.08000499999999988,false,false,,,,,,NO,,,,2025-05-23T11:00:00Z,143.249995,TARGET,1.8000124992187985,0.19998750078120148,0.2624210986813229,6.124679707518601,false,SAME_BAR_ENTRY_AND_EXIT
BOS_REMOVED,CONTROL,USD/JPY,USDJPY_2025-04-01,30min,demand,bullish_IPO_demand,2025-05-28T02:00:00Z,144.339,144.384,144.21001,144.278,144.384,144.297005,144.297005,144.21001,2025-05-28T03:30:00Z,2025-05-28T03:30:00Z,144.297005,144.21001,144.47099500000002,0.08699500000000171,false,false,,,,,,NO,,,,2025-05-28T03:30:00Z,144.47099500000002,TARGET,1.8160813839875891,0.18391861601241088,0.034427265935132935,5.391171906431085,false,SAME_BAR_ENTRY_AND_EXIT
BOS_REMOVED,CONTROL,USD/JPY,USDJPY_2025-04-01,30min,demand,bullish_IPO_demand,2025-05-28T02:00:00Z,144.339,144.384,144.21001,144.278,144.384,144.297005,144.297005,144.21001,2025-05-28T05:30:00Z,2025-05-28T05:30:00Z,144.297005,144.21001,144.47099500000002,0.08699500000000171,false,false,,,,,,NO,,,,2025-05-28T05:30:00Z,144.47099500000002,TARGET,1.8160813839875891,0.18391861601241088,0.5633082361057696,3.9313178918327907,false,SAME_BAR_ENTRY_AND_EXIT
BOS_REMOVED,CONTROL,USD/JPY,USDJPY_2025-04-01,30min,demand,bullish_IPO_demand,2025-05-28T02:00:00Z,144.339,144.384,144.21001,144.278,144.384,144.297005,144.297005,144.21001,2025-05-28T06:30:00Z,2025-05-28T06:30:00Z,144.297005,144.21001,144.47099500000002,0.08699500000000171,false,false,,,,,,NO,,,,2025-05-28T06:30:00Z,144.47099500000002,TARGET,1.8160813839875891,0.18391861601241088,0.45985401459862124,2.643657681475886,false,SAME_BAR_ENTRY_AND_EXIT
BOS_REMOVED,CONTROL,USD/JPY,USDJPY_2025-04-01,30min,demand,bullish_IPO_demand,2025-05-28T14:00:00Z,144.888,144.91901,144.58099,144.59,144.91901,144.75,144.75,144.58099,2025-05-28T18:30:00Z,2025-05-28T18:30:00Z,144.75,144.58099,145.08801999999997,0.1690099999999859,false,false,,,,,,NO,,,,2025-05-28T23:00:00Z,145.08801999999997,TARGET,1.9053310455002583,0.09466895449974165,0.15383705106214207,4.360688716644319,false,
BOS_REMOVED,CONTROL,USD/JPY,USDJPY_2025-04-01,30min,supply,bearish_IPO_supply,2025-05-15T11:30:00Z,145.955,146.10001,145.942,146.082001,146.021005,145.942,146.021005,146.10001,2025-05-28T23:30:00Z,2025-05-28T23:30:00Z,146.021005,146.10001,145.862995,0.0790049999999951,false,true,2025-05-27T01:00:00Z,142.15199,bearish,356,93,NO,,,,2025-05-28T23:30:00Z,145.862995,TARGET,1.797481172077704,0.20251882792229595,0.06323650401880718,8.113473830770795,false,SAME_BAR_ENTRY_AND_EXIT
BOS_REMOVED,CONTROL,USD/JPY,USDJPY_2025-04-01,30min,supply,bearish_IPO_supply,2025-05-29T22:30:00Z,143.918,144.020996,143.911,144.018997,143.965998,143.911,143.965998,144.020996,2025-05-30T00:30:00Z,2025-05-30T00:30:00Z,143.965998,144.020996,143.85600200000005,0.05499799999998345,false,false,,,,,,NO,,,,2025-05-30T00:30:00Z,143.85600200000005,TARGET,1.7090803301937376,0.2909196698062623,1.2910469471618367,5.381977526457595,false,SAME_BAR_ENTRY_AND_EXIT
BOS_REMOVED,CONTROL,USD/JPY,USDJPY_2025-04-01,30min,supply,bearish_IPO_supply,2025-05-29T22:30:00Z,143.918,144.020996,143.911,144.018997,143.965998,143.911,143.965998,144.020996,2025-05-30T02:30:00Z,2025-05-30T02:30:00Z,143.965998,144.020996,143.85600200000005,0.05499799999998345,false,false,,,,,,NO,,,,2025-05-30T02:30:00Z,143.85600200000005,TARGET,1.7090803301937376,0.2909196698062623,0.0000363649586339701,2.672788101386761,false,SAME_BAR_ENTRY_AND_EXIT
BOS_REMOVED,CONTROL,USD/JPY,USDJPY_2025-04-01,30min,demand,bullish_IPO_demand,2025-05-30T14:00:00Z,143.996,144.069,143.804,143.89301,144.069,143.9365,143.9365,143.804,2025-05-30T19:00:00Z,2025-05-30T19:00:00Z,143.9365,143.804,144.20149999999998,0.13249999999999318,false,false,,,,,,NO,,,,2025-06-01T23:30:00Z,143.78999,S2_CLOSE_INVALIDATION,-1.226490566037847,0.1207547169811383,1.6415849056604943,1.143373584905766,false,
BOS_REMOVED,CONTROL,USD/JPY,USDJPY_2025-04-01,30min,demand,bullish_IPO_demand,2025-05-30T12:00:00Z,143.84599,143.86301,143.466,143.576,143.86301,143.66450500000002,143.66450500000002,143.466,2025-06-02T00:00:00Z,2025-06-02T00:00:00Z,143.66450500000002,143.466,144.06151500000004,0.19850500000001148,false,false,,,,,,NO,,,,2025-06-02T01:00:00Z,143.37199,S2_CLOSE_INVALIDATION,-1.5541925896072688,0.08060250371526699,1.5793304954535274,0.6775396085739863,false,
BOS_REMOVED,CONTROL,USD/JPY,USDJPY_2025-04-01,30min,supply,bearish_IPO_supply,2025-06-02T13:00:00Z,142.83,142.985,142.823,142.972,142.904,142.823,142.904,142.985,2025-06-02T16:30:00Z,2025-06-02T16:30:00Z,142.904,142.985,142.74199999999996,0.08100000000001728,false,false,,,,,,NO,,,,2025-06-02T17:00:00Z,142.98801,S2_CLOSE_INVALIDATION,-1.2346913580245065,0.19753086419748872,1.1111111111109162,0.5556790123454453,false,
BOS_REMOVED,CONTROL,USD/JPY,USDJPY_2025-04-01,30min,supply,bearish_IPO_supply,2025-06-02T20:00:00Z,142.707,142.743,142.679,142.715,142.711,142.679,142.711,142.743,2025-06-03T00:00:00Z,2025-06-03T00:00:00Z,142.711,142.743,142.64700000000005,0.031999999999982265,false,false,,,,,,NO,,,,2025-06-03T00:00:00Z,142.64700000000005,TARGET,1.4999999999997229,0.5000000000002771,0.9687499999998335,9.156250000005274,false,SAME_BAR_ENTRY_AND_EXIT
BOS_REMOVED,CONTROL,USD/JPY,USDJPY_2025-04-01,30min,supply,bearish_IPO_supply,2025-06-03T01:30:00Z,143.037003,143.22701,143.026993,143.129,143.1270015,143.026993,143.1270015,143.22701,2025-06-03T11:30:00Z,2025-06-03T11:30:00Z,143.1270015,143.22701,142.9269845,0.10000850000000128,false,false,,,,,,NO,,,,2025-06-03T12:00:00Z,143.25,S2_CLOSE_INVALIDATION,-1.3898668613167129,0.1599864011558997,1.5498532624727193,0.819965302949371,false,
BOS_REMOVED,CONTROL,USD/JPY,USDJPY_2025-04-01,30min,supply,bearish_IPO_supply,2025-06-09T02:30:00Z,144.38699,144.507,144.369,144.496,144.438,144.369,144.438,144.507,2025-06-09T11:30:00Z,2025-06-09T11:30:00Z,144.438,144.507,144.29999999999995,0.06900000000001683,false,false,,,,,,NO,,,,2025-06-09T11:30:00Z,144.29999999999995,TARGET,1.768115942029042,0.23188405797095796,1.3189855072462198,2.0434782608689384,false,SAME_BAR_ENTRY_AND_EXIT
BOS_REMOVED,CONTROL,USD/JPY,USDJPY_2025-04-01,30min,demand,bullish_IPO_demand,2025-06-09T20:30:00Z,144.575,144.63499,144.522,144.53999,144.63499,144.57849499999998,144.57849499999998,144.522,2025-06-09T23:00:00Z,2025-06-09T23:00:00Z,144.57849499999998,144.522,144.69148499999994,0.056494999999983975,false,false,,,,,,NO,,,,2025-06-10T00:00:00Z,144.40199,S2_CLOSE_INVALIDATION,-3.4074696875832884,0.2832109036198697,3.195061509868724,1.3187892733876871,false,
BOS_REMOVED,CONTROL,USD/JPY,USDJPY_2025-04-01,30min,supply,bearish_IPO_supply,2025-06-10T04:00:00Z,144.825,144.94901,144.80099,144.93201,144.875,144.80099,144.875,144.94901,2025-06-10T15:30:00Z,2025-06-10T15:30:00Z,144.875,144.94901,144.72698000000003,0.07400999999998703,false,false,,,,,,NO,,,,2025-06-10T16:00:00Z,144.99001,S2_CLOSE_INVALIDATION,-1.7701661937580764,0.21618700175655728,1.7295770841781057,1.1486285637079587,false,
BOS_REMOVED,CONTROL,USD/JPY,USDJPY_2025-04-01,30min,supply,bearish_IPO_supply,2025-06-10T02:00:00Z,145.0090027,145.28999,145.0090027,145.16701,145.14949635,145.0090027,145.14949635,145.28999,2025-06-10T23:00:00Z,2025-06-10T23:00:00Z,145.14949635,145.28999,144.86850905,0.14049364999999625,false,false,,,,,,NO,,,,2025-06-10T23:00:00Z,144.86850905,TARGET,1.8861158493640073,0.11388415063599264,0.09604455432694277,2.3738179625912075,false,SAME_BAR_ENTRY_AND_EXIT
BOS_REMOVED,CONTROL,USD/JPY,USDJPY_2025-04-01,30min,supply,bearish_IPO_supply,2025-06-10T02:00:00Z,145.0090027,145.28999,145.0090027,145.16701,145.14949635,145.0090027,145.14949635,145.28999,2025-06-11T06:30:00Z,2025-06-11T06:30:00Z,145.14949635,145.28999,144.86850905,0.14049364999999625,false,false,,,,,,NO,,,,2025-06-11T12:30:00Z,144.86850905,TARGET,1.8861158493640073,0.11388415063599264,2.252796834590204,5.897037695298092,false,
BOS_REMOVED,CONTROL,USD/JPY,USDJPY_2025-04-01,30min,supply,bearish_IPO_supply,2025-06-10T02:00:00Z,145.0090027,145.28999,145.0090027,145.16701,145.14949635,145.0090027,145.14949635,145.28999,2025-06-11T13:30:00Z,2025-06-11T13:30:00Z,145.14949635,145.28999,144.86850905,0.14049364999999625,false,false,,,,,,NO,,,,2025-06-11T14:00:00Z,144.86850905,TARGET,1.8861158493640073,0.11388415063599264,0.2456598572249278,2.4733954168036023,false,
BOS_REMOVED,CONTROL,USD/JPY,USDJPY_2025-04-01,30min,supply,bearish_IPO_supply,2025-06-12T04:00:00Z,143.894,144.046005,143.88499,144.016006,143.9654975,143.88499,143.9654975,144.046005,2025-06-12T07:00:00Z,2025-06-12T07:00:00Z,143.9654975,144.046005,143.80448249999998,0.08050750000001017,false,false,,,,,,NO,,,,2025-06-12T07:00:00Z,143.80448249999998,TARGET,1.8012607521038664,0.19873924789613365,1.2731174114211776,2.875601652019538,false,SAME_BAR_ENTRY_AND_EXIT
BOS_REMOVED,CONTROL,USD/JPY,USDJPY_2025-04-01,30min,supply,bearish_IPO_supply,2025-06-12T11:30:00Z,143.604,143.787,143.54201,143.619,143.66450500000002,143.54201,143.66450500000002,143.787,2025-06-12T14:00:00Z,2025-06-12T14:00:00Z,143.66450500000002,143.787,143.41951500000005,0.12249499999998648,false,false,,,,,,NO,,,,2025-06-12T21:00:00Z,143.41951500000005,TARGET,1.8693824237723844,0.13061757622761555,1.955222662149527,2.1430670639620932,false,
BOS_REMOVED,CONTROL,USD/JPY,USDJPY_2025-04-01,30min,demand,bullish_IPO_demand,2025-06-13T11:30:00Z,144.317,144.33299,144.098007,144.12399,144.33299,144.2154985,144.2154985,144.098007,2025-06-13T13:30:00Z,2025-06-13T13:30:00Z,144.2154985,144.098007,144.4504815,0.11749149999999986,false,false,,,,,,NO,,,,2025-06-13T13:30:00Z,144.4504815,TARGET,1.8638199359102572,0.1361800640897428,1.4085742372851804,2.285199354847037,false,SAME_BAR_ENTRY_AND_EXIT
BOS_REMOVED,CONTROL,USD/JPY,USDJPY_2025-04-01,30min,supply,bearish_IPO_supply,2025-06-16T12:00:00Z,144.11099,144.282,144.098007,144.241,144.1900035,144.098007,144.1900035,144.282,2025-06-16T15:30:00Z,2025-06-16T15:30:00Z,144.1900035,144.282,144.00601049999995,0.0919965000000218,false,false,,,,,,NO,,,,2025-06-16T17:00:00Z,144.306,S2_CLOSE_INVALIDATION,-1.4347991499675685,0.17391965998702352,1.6087188099543994,1.6306109471549857,false,
BOS_REMOVED,CONTROL,USD/JPY,USDJPY_2025-04-01,30min,demand,bullish_IPO_demand,2025-06-17T04:00:00Z,144.657,144.67101,144.44501,144.47501,144.67101,144.55801,144.55801,144.44501,2025-06-17T07:30:00Z,2025-06-17T07:30:00Z,144.55801,144.44501,144.78401,0.11299999999999955,false,false,,,,,,NO,,,,2025-06-17T07:30:00Z,144.78401,TARGET,1.858407079646017,0.14159292035398288,1.3807079646016325,2.2742477876106446,false,SAME_BAR_ENTRY_AND_EXIT
BOS_REMOVED,CONTROL,USD/JPY,USDJPY_2025-04-01,30min,demand,bullish_IPO_demand,2025-06-17T04:00:00Z,144.657,144.67101,144.44501,144.47501,144.67101,144.55801,144.55801,144.44501,2025-06-17T11:30:00Z,2025-06-17T11:30:00Z,144.55801,144.44501,144.78401,0.11299999999999955,false,false,,,,,,NO,,,,2025-06-17T12:30:00Z,144.78401,TARGET,1.858407079646017,0.14159292035398288,1.7256637168141058,3.1591150442477383,false,
BOS_REMOVED,CONTROL,USD/JPY,USDJPY_2025-04-01,30min,demand,bullish_IPO_demand,2025-06-17T21:30:00Z,145.25301,145.285,145.17999,145.213,145.285,145.232495,145.232495,145.17999,2025-06-18T00:00:00Z,2025-06-18T00:00:00Z,145.232495,145.17999,145.337505,0.05250499999999647,false,false,,,,,,NO,,,,2025-06-18T00:00:00Z,145.337505,TARGET,1.6952671174173684,0.30473288258263165,0.9234358632511704,3.952099800019266,false,SAME_BAR_ENTRY_AND_EXIT
BOS_REMOVED,CONTROL,USD/JPY,USDJPY_2025-04-01,30min,demand,bullish_IPO_demand,2025-06-17T19:30:00Z,145.30299,145.35699,145.2,145.218,145.35699,145.278495,145.278495,145.2,2025-06-18T00:30:00Z,2025-06-18T00:30:00Z,145.278495,145.2,145.435485,0.07849500000000376,false,false,,,,,,NO,,,,2025-06-18T01:30:00Z,145.16,S2_CLOSE_INVALIDATION,-1.7134212370213309,0.20383463914898065,1.6625899738836,1.178482705904994,false,
BOS_REMOVED,CONTROL,USD/JPY,USDJPY_2025-04-01,30min,demand,bullish_IPO_demand,2025-06-19T13:30:00Z,145.45799,145.53101,145.341,145.422,145.53101,145.43600500000002,145.43600500000002,145.341,2025-06-19T18:30:00Z,2025-06-19T18:30:00Z,145.43600500000002,145.341,145.62601500000005,0.09500500000001466,false,false,,,,,,NO,,,,2025-06-19T23:00:00Z,145.293,S2_CLOSE_INVALIDATION,-1.6736487553285821,0.16841218883214074,1.9578443239828867,1.3472448818478011,false,
BOS_REMOVED,CONTROL,USD/JPY,USDJPY_2025-04-01,30min,demand,bullish_IPO_demand,2025-06-25T10:00:00Z,145.625,145.66,145.543,145.61099,145.66,145.6015,145.6015,145.543,2025-06-25T14:00:00Z,2025-06-25T14:00:00Z,145.6015,145.543,145.71849999999995,0.0584999999999809,false,false,,,,,,NO,,,,2025-06-25T14:00:00Z,145.71849999999995,TARGET,1.7264957264956373,0.2735042735043628,0.40170940170926467,4.692478632480518,false,SAME_BAR_ENTRY_AND_EXIT
BOS_REMOVED,CONTROL,USD/JPY,USDJPY_2025-04-01,30min,demand,bullish_IPO_demand,2025-06-25T10:00:00Z,145.625,145.66,145.543,145.61099,145.66,145.6015,145.6015,145.543,2025-06-25T15:00:00Z,2025-06-25T15:00:00Z,145.6015,145.543,145.71849999999995,0.0584999999999809,false,false,,,,,,NO,,,,2025-06-25T15:00:00Z,145.71849999999995,TARGET,1.7264957264956373,0.2735042735043628,0.05965811965812763,2.282051282052478,false,SAME_BAR_ENTRY_AND_EXIT
BOS_REMOVED,CONTROL,USD/JPY,USDJPY_2025-04-01,30min,demand,bullish_IPO_demand,2025-06-25T05:30:00Z,145.131,145.16299,144.983,145.031006,145.16299,145.072995,145.072995,144.983,2025-06-25T23:00:00Z,2025-06-25T23:00:00Z,145.072995,144.983,145.25298499999997,0.08999499999998761,false,false,,,,,,NO,,,,2025-06-25T23:30:00Z,144.91299,S2_CLOSE_INVALIDATION,-1.9557197622091027,0.17778765486973946,2.2445135840881183,1.711372854047853,false,
BOS_REMOVED,CONTROL,USD/JPY,USDJPY_2025-04-01,30min,supply,bearish_IPO_supply,2025-06-26T12:30:00Z,144.181,144.49699,144.12199,144.306,144.30949,144.12199,144.30949,144.49699,2025-06-26T19:00:00Z,2025-06-26T19:00:00Z,144.30949,144.49699,143.93449,0.1875,false,false,,,,,,NO,,,,2025-06-26T22:30:00Z,144.59801,S2_CLOSE_INVALIDATION,-1.624106666666544,0.08533333333333333,1.8693866666665901,0.6213333333333443,false,
BOS_REMOVED,CONTROL,USD/JPY,USDJPY_2025-04-01,30min,demand,bullish_IPO_demand,2025-06-26T18:30:00Z,144.235,144.263,144.18201,144.19901,144.263,144.222505,144.222505,144.18201,2025-06-27T02:00:00Z,2025-06-27T02:00:00Z,144.222505,144.18201,144.30349500000005,0.040495000000021264,false,false,,,,,,NO,,,,2025-06-27T02:00:00Z,144.30349500000005,TARGET,1.6048894925301496,0.39511050746985055,0.7782442276823438,3.938634399306306,false,SAME_BAR_ENTRY_AND_EXIT
BOS_REMOVED,CONTROL,USD/JPY,USDJPY_2025-04-01,30min,demand,bullish_IPO_demand,2025-06-27T01:30:00Z,144.57001,144.62199,144.272,144.28,144.62199,144.44699500000002,144.44699500000002,144.272,2025-06-27T04:00:00Z,2025-06-27T04:00:00Z,144.44699500000002,144.272,144.79698500000006,0.174995000000024,false,false,,,,,,NO,,,,2025-06-27T06:30:00Z,144.24001,S2_CLOSE_INVALIDATION,-1.2742364067543217,0.09143118374809456,1.411440326866441,0.8229092259777313,false,
BOS_REMOVED,CONTROL,USD/JPY,USDJPY_2025-08-01,30min,supply,bearish_IPO_supply,2025-09-11T14:30:00Z,147.157,147.245,146.98801,147.183,147.11650500000002,146.98801,147.11650500000002,147.245,2025-09-11T17:00:00Z,2025-09-11T17:00:00Z,147.11650500000002,147.245,146.85951500000004,0.1284949999999867,false,false,,,,,,NO,,,,2025-09-11T17:30:00Z,147.286,S2_CLOSE_INVALIDATION,-1.4435970271216991,0.12451846375346633,1.4591618350908877,0.5564963617263917,false,
BOS_REMOVED,CONTROL,USD/JPY,USDJPY_2025-08-01,30min,supply,bearish_IPO_supply,2025-09-11T17:30:00Z,147.138,147.304,147.089996,147.286,147.196998,147.089996,147.196998,147.304,2025-09-11T20:30:00Z,2025-09-11T20:30:00Z,147.196998,147.304,146.98299400000002,0.10700199999999427,false,false,,,,,,NO,,,,2025-09-12T01:30:00Z,147.411,S2_CLOSE_INVALIDATION,-2.1495112240893244,0.14952991532869345,2.3365170744473143,0.8130502233602998,false,
BOS_REMOVED,CONTROL,USD/JPY,USDJPY_2025-08-01,30min,supply,bearish_IPO_supply,2025-09-11T10:30:00Z,147.965,147.98801,147.95,147.96899,147.96900499999998,147.95,147.96900499999998,147.98801,2025-09-12T09:30:00Z,2025-09-12T09:30:00Z,147.96900499999998,147.98801,147.93099499999994,0.019005000000021255,false,false,,,,,,NO,,,,2025-09-12T09:30:00Z,147.93099499999994,TARGET,1.1581162851890499,0.84188371481095,0.683241252302034,5.314654038404289,false,SAME_BAR_ENTRY_AND_EXIT
BOS_REMOVED,CONTROL,USD/JPY,USDJPY_2025-08-01,30min,supply,bearish_IPO_supply,2025-09-11T10:30:00Z,147.965,147.98801,147.95,147.96899,147.96900499999998,147.95,147.96900499999998,147.98801,2025-09-12T12:30:00Z,2025-09-12T12:30:00Z,147.96900499999998,147.98801,147.93099499999994,0.019005000000021255,false,false,,,,,,NO,,,,2025-09-12T12:30:00Z,147.93099499999994,TARGET,1.1581162851890499,0.84188371481095,5.419679031827989,6.9452775585288915,false,SAME_BAR_ENTRY_AND_EXIT
BOS_REMOVED,CONTROL,USD/JPY,USDJPY_2025-08-01,30min,demand,bullish_IPO_demand,2025-09-12T14:00:00Z,147.72,147.761,147.584,147.664,147.761,147.6725,147.6725,147.584,2025-09-12T16:30:00Z,2025-09-12T16:30:00Z,147.6725,147.584,147.84950000000003,0.08850000000001046,false,false,,,,,,NO,,,,2025-09-12T17:00:00Z,147.547,S2_CLOSE_INVALIDATION,-1.5988700564971736,0.18079096045195603,1.4632768361581014,1.2485875706210208,false,
BOS_REMOVED,CONTROL,USD/JPY,USDJPY_2025-08-01,30min,supply,bearish_IPO_supply,2025-09-16T15:00:00Z,146.521,146.636,146.494,146.58701,146.565,146.494,146.565,146.636,2025-09-17T00:30:00Z,2025-09-17T00:30:00Z,146.565,146.636,146.423,0.07099999999999795,false,false,,,,,,NO,,,,2025-09-17T00:30:00Z,146.423,TARGET,1.774647887323937,0.22535211267606284,0.056338028168884405,4.281690140845223,false,SAME_BAR_ENTRY_AND_EXIT
BOS_REMOVED,CONTROL,USD/JPY,USDJPY_2025-08-01,30min,supply,bearish_IPO_supply,2025-09-16T15:00:00Z,146.521,146.636,146.494,146.58701,146.565,146.494,146.565,146.636,2025-09-17T01:30:00Z,2025-09-17T01:30:00Z,146.565,146.636,146.423,0.07099999999999795,false,false,,,,,,NO,,,,2025-09-17T05:00:00Z,146.423,TARGET,1.774647887323937,0.22535211267606284,0.5492957746481242,2.8449295774648005,false,
BOS_REMOVED,CONTROL,USD/JPY,USDJPY_2025-08-01,30min,supply,bearish_IPO_supply,2025-09-19T00:00:00Z,147.959,148.11301,147.88901,148.097,148.00101,147.88901,148.00101,148.11301,2025-09-19T08:30:00Z,2025-09-19T08:30:00Z,148.00101,148.11301,147.77701000000002,0.11199999999999477,false,false,,,,,,NO,,,,2025-09-19T09:00:00Z,147.77701000000002,TARGET,1.8571428571428505,0.14285714285714954,0.28566964285711055,2.2590178571431188,false,
BOS_REMOVED,CONTROL,USD/JPY,USDJPY_2025-08-01,30min,supply,bearish_IPO_supply,2025-09-22T12:00:00Z,147.838,147.92999,147.758,147.888,147.843995,147.758,147.843995,147.92999,2025-09-22T16:00:00Z,2025-09-22T16:00:00Z,147.843995,147.92999,147.672005,0.08599499999999694,false,false,,,,,,NO,,,,2025-09-22T17:30:00Z,147.672005,TARGET,1.8139426710855215,0.1860573289144784,0.49997092854226527,2.2442583871155666,false,
BOS_REMOVED,CONTROL,USD/JPY,USDJPY_2025-08-01,30min,supply,bearish_IPO_supply,2025-09-23T07:00:00Z,147.70799,147.82201,147.64,147.73399,147.73100499999998,147.64,147.73100499999998,147.82201,2025-09-23T11:00:00Z,2025-09-23T11:00:00Z,147.73100499999998,147.82201,147.54899499999993,0.09100500000002398,false,false,,,,,,NO,,,,2025-09-23T15:00:00Z,147.877,S2_CLOSE_INVALIDATION,-1.7800670292839398,0.175814515685905,1.703148178671204,1.318773693752689,false,
BOS_REMOVED,CONTROL,USD/JPY,USDJPY_2025-08-01,30min,demand,bullish_IPO_demand,2025-09-23T09:00:00Z,147.55901,147.578,147.50301,147.536,147.578,147.540505,147.540505,147.50301,2025-09-23T22:00:00Z,2025-09-23T22:00:00Z,147.540505,147.50301,147.615495,0.03749500000000694,false,false,,,,,,NO,,,,2025-09-23T22:00:00Z,147.615495,TARGET,1.5732764368583267,0.42672356314167326,0.14681957594341669,2.3601813575137562,false,SAME_BAR_ENTRY_AND_EXIT
BOS_REMOVED,CONTROL,USD/JPY,USDJPY_2025-08-01,30min,demand,bullish_IPO_demand,2025-09-23T09:00:00Z,147.55901,147.578,147.50301,147.536,147.578,147.540505,147.540505,147.50301,2025-09-24T00:00:00Z,2025-09-24T00:00:00Z,147.540505,147.50301,147.615495,0.03749500000000694,false,false,,,,,,NO,,,,2025-09-24T00:00:00Z,147.615495,TARGET,1.5732764368583267,0.42672356314167326,0.7869049206559509,5.080544072542026,false,SAME_BAR_ENTRY_AND_EXIT
BOS_REMOVED,CONTROL,USD/JPY,USDJPY_2025-08-01,30min,demand,bullish_IPO_demand,2025-09-24T14:00:00Z,148.709,148.78,148.62199,148.64301,148.78,148.700995,148.700995,148.62199,2025-09-24T21:00:00Z,2025-09-24T21:00:00Z,148.700995,148.62199,148.859005,0.0790049999999951,false,false,,,,,,NO,,,,2025-09-24T21:00:00Z,148.859005,TARGET,1.797481172077704,0.20251882792229595,0.36700208847554944,2.4176317954560056,false,SAME_BAR_ENTRY_AND_EXIT
BOS_REMOVED,CONTROL,USD/JPY,USDJPY_2025-08-01,30min,demand,bullish_IPO_demand,2025-09-25T00:30:00Z,148.65199,148.683,148.55701,148.569,148.683,148.620005,148.620005,148.55701,2025-09-25T02:00:00Z,2025-09-25T02:00:00Z,148.620005,148.55701,148.745995,0.0629950000000008,false,false,,,,,,NO,,,,2025-09-25T02:00:00Z,148.745995,TARGET,1.7460115882212905,0.2539884117787094,0.17485514723368664,2.174696404476726,false,SAME_BAR_ENTRY_AND_EXIT
BOS_REMOVED,CONTROL,USD/JPY,USDJPY_2025-08-01,30min,demand,bullish_IPO_demand,2025-09-25T00:30:00Z,148.65199,148.683,148.55701,148.569,148.683,148.620005,148.620005,148.55701,2025-09-25T05:00:00Z,2025-09-25T05:00:00Z,148.620005,148.55701,148.745995,0.0629950000000008,false,false,,,,,,NO,,,,2025-09-25T05:00:00Z,148.745995,TARGET,1.7460115882212905,0.2539884117787094,0.42868481625529437,2.1270735772679905,false,SAME_BAR_ENTRY_AND_EXIT
BOS_REMOVED,CONTROL,USD/JPY,USDJPY_2025-08-01,30min,supply,bearish_IPO_supply,2025-09-30T15:00:00Z,147.68401,147.991,147.655,147.98599,147.823,147.655,147.823,147.991,2025-09-30T16:30:00Z,2025-09-30T16:30:00Z,147.823,147.991,147.487,0.16800000000000637,false,false,,,,,,NO,,,,2025-09-30T23:30:00Z,148.020996,S2_CLOSE_INVALIDATION,-1.2737857142856015,0.09523809523809162,1.2202380952379543,1.0595238095237531,false,
BOS_REMOVED,CONTROL,USD/JPY,USDJPY_2025-08-01,30min,supply,bearish_IPO_supply,2025-10-01T10:00:00Z,147.20599,147.245,147.116,147.229,147.1805,147.116,147.1805,147.245,2025-10-01T16:00:00Z,2025-10-01T16:00:00Z,147.1805,147.245,147.05149999999998,0.06450000000000955,false,false,,,,,,NO,,,,2025-10-01T18:00:00Z,147.05149999999998,TARGET,1.7519379844961607,0.24806201550383924,1.1395348837206944,2.2713643410848667,false,
BOS_REMOVED,CONTROL,USD/JPY,USDJPY_2025-08-01,30min,supply,bearish_IPO_supply,2025-10-01T15:00:00Z,146.86,147.211,146.83701,147.175,147.024005,146.83701,147.024005,147.211,2025-10-01T18:30:00Z,2025-10-01T18:30:00Z,147.024005,147.211,146.65001499999994,0.18699500000002445,false,false,,,,,,NO,,,,2025-10-02T00:00:00Z,147.26601,S2_CLOSE_INVALIDATION,-1.379742773870811,0.08556378512793342,1.572154335677329,0.16580657236818758,false,
BOS_REMOVED,CONTROL,USD/JPY,USDJPY_2025-08-01,30min,supply,bearish_IPO_supply,2025-10-02T05:00:00Z,147.168,147.267,147.112,147.186,147.1895,147.112,147.1895,147.267,2025-10-02T13:30:00Z,2025-10-02T13:30:00Z,147.1895,147.267,147.03450000000004,0.07749999999998636,false,false,,,,,,NO,,,,2025-10-02T14:30:00Z,147.32899,S2_CLOSE_INVALIDATION,-2.00632258064545,0.20645161290326217,1.9806451612904101,1.761367741935757,false,
BOS_REMOVED,CONTROL,USD/JPY,USDJPY_2025-08-01,30min,demand,bullish_IPO_demand,2025-10-06T19:00:00Z,150.29401,150.319,150.226,150.235,150.319,150.27249999999998,150.27249999999998,150.226,2025-10-06T23:00:00Z,2025-10-06T23:00:00Z,150.27249999999998,150.226,150.36549999999994,0.046499999999980446,false,false,,,,,,NO,,,,2025-10-06T23:00:00Z,150.36549999999994,TARGET,1.655913978494479,0.34408602150552103,0.3548387096771236,2.569892473119712,false,SAME_BAR_ENTRY_AND_EXIT
BOS_REMOVED,CONTROL,USD/JPY,USDJPY_2025-08-01,30min,demand,bullish_IPO_demand,2025-10-08T14:30:00Z,152.562,152.58,152.42599,152.5,152.58,152.502995,152.502995,152.42599,2025-10-08T23:00:00Z,2025-10-08T23:00:00Z,152.502995,152.42599,152.65700499999997,0.07700499999998556,false,false,,,,,,NO,,,,2025-10-08T23:00:00Z,152.65700499999997,TARGET,1.7922212843321472,0.20777871566785275,0.5844425686645248,2.8309200701258725,false,SAME_BAR_ENTRY_AND_EXIT
BOS_REMOVED,CONTROL,USD/JPY,USDJPY_2025-08-01,30min,demand,bullish_IPO_demand,2025-10-09T17:00:00Z,152.99899,153.078003,152.905,152.912,153.078003,152.9915015,152.9915015,152.905,2025-10-09T23:30:00Z,2025-10-09T23:30:00Z,152.9915015,152.905,153.1645045,0.08650149999999712,false,false,,,,,,NO,,,,2025-10-10T00:00:00Z,153.1645045,TARGET,1.8150321092697752,0.1849678907302247,0.39885435512685646,2.005612619434303,false,
BOS_REMOVED,CONTROL,USD/JPY,USDJPY_2025-08-01,30min,demand,bullish_IPO_demand,2025-10-09T17:00:00Z,152.99899,153.078003,152.905,152.912,153.078003,152.9915015,152.9915015,152.905,2025-10-10T00:30:00Z,2025-10-10T00:30:00Z,152.9915015,152.905,153.1645045,0.08650149999999712,false,false,,,,,,NO,,,,2025-10-10T02:00:00Z,152.87801,S2_CLOSE_INVALIDATION,-1.496985601405912,0.1849678907302247,1.8091189170129112,1.6819188106565073,false,
BOS_REMOVED,CONTROL,USD/JPY,USDJPY_2025-08-01,30min,demand,bullish_IPO_demand,2025-10-08T12:30:00Z,152.616,152.69901,152.43201,152.502,152.69901,152.56551,152.56551,152.43201,2025-10-10T12:00:00Z,2025-10-10T12:00:00Z,152.56551,152.43201,152.83250999999998,0.13349999999999795,false,false,,,,,,NO,,,,2025-10-10T15:00:00Z,151.608,S2_CLOSE_INVALIDATION,-7.292209737827715,0.11985018726591944,7.187340823970107,1.1047940074906895,false,
BOS_REMOVED,CONTROL,USD/JPY,USDJPY_2025-08-01,30min,supply,bearish_IPO_supply,2025-10-10T16:00:00Z,151.937,152.187,151.83701,152.085007,152.012005,151.83701,152.012005,152.187,2025-10-13T00:00:00Z,2025-10-13T00:00:00Z,152.012005,152.187,151.66201499999994,0.174995000000024,false,false,,,,,,NO,,,,2025-10-13T07:00:00Z,152.274,S2_CLOSE_INVALIDATION,-1.5885882453782962,0.09143118374809456,1.7200205720161095,1.7143061230318264,false,
BOS_REMOVED,CONTROL,USD/JPY,USDJPY_2025-08-01,30min,supply,bearish_IPO_supply,2025-10-17T14:00:00Z,150.34599,150.58701,150.341,150.558,150.464005,150.341,150.464005,150.58701,2025-10-17T17:30:00Z,2025-10-17T17:30:00Z,150.464005,150.58701,150.21799499999997,0.12300500000000625,false,false,,,,,,NO,,,,2025-10-19T23:00:00Z,150.83299,S2_CLOSE_INVALIDATION,-3.129832120645418,0.13007601317018974,4.072964513637592,0.8700052843379085,false,
BOS_REMOVED,CONTROL,USD/JPY,USDJPY_2025-08-01,30min,demand,bullish_IPO_demand,2025-10-21T03:30:00Z,151.105,151.125,150.995,151.042999,151.125,151.06,151.06,150.995,2025-10-21T07:00:00Z,2025-10-21T07:00:00Z,151.06,150.995,151.19,0.06499999999999773,false,false,,,,,,NO,,,,2025-10-21T07:00:00Z,151.19,TARGET,1.7538461538461452,0.24615384615385477,0.046046153846210476,3.1230769230770776,false,SAME_BAR_ENTRY_AND_EXIT
BOS_REMOVED,CONTROL,USD/JPY,USDJPY_2025-08-01,30min,demand,bullish_IPO_demand,2025-10-21T04:30:00Z,151.11501,151.239,150.87601,151.076004,151.239,151.057505,151.057505,150.87601,2025-10-21T07:30:00Z,2025-10-21T07:30:00Z,151.057505,150.87601,151.42049499999996,0.18149499999998397,false,false,,,,,,NO,,,,2025-10-21T08:30:00Z,151.42049499999996,TARGET,1.9118433014683522,0.08815669853164777,0.008292239455524727,3.413289622303949,false,
BOS_REMOVED,CONTROL,USD/JPY,USDJPY_2025-08-01,30min,demand,bullish_IPO_demand,2025-10-21T11:00:00Z,151.92599,151.94701,151.80299,151.911,151.94701,151.875,151.875,151.80299,2025-10-21T13:00:00Z,2025-10-21T13:00:00Z,151.875,151.80299,152.01902,0.0720100000000059,false,false,,,,,,NO,,,,2025-10-21T13:00:00Z,152.01902,TARGET,1.777808637689228,0.22219136231077197,3.0688793223161,2.999625052075863,false,SAME_BAR_ENTRY_AND_EXIT
BOS_REMOVED,CONTROL,USD/JPY,USDJPY_2025-08-01,30min,supply,bearish_IPO_supply,2025-10-21T23:00:00Z,151.931,151.955,151.895,151.94701,151.925,151.895,151.925,151.955,2025-10-22T06:00:00Z,2025-10-22T06:00:00Z,151.925,151.955,151.865,0.030000000000001137,false,false,,,,,,NO,,,,2025-10-22T06:00:00Z,151.865,TARGET,1.4666666666666868,0.5333333333333131,0.8003333333324917,4.900000000000474,false,SAME_BAR_ENTRY_AND_EXIT
BOS_REMOVED,CONTROL,USD/JPY,USDJPY_2025-08-01,30min,supply,bearish_IPO_supply,2025-10-21T23:00:00Z,151.931,151.955,151.895,151.94701,151.925,151.895,151.925,151.955,2025-10-22T12:30:00Z,2025-10-22T12:30:00Z,151.925,151.955,151.865,0.030000000000001137,false,false,,,,,,NO,,,,2025-10-22T12:30:00Z,151.865,TARGET,1.4666666666666868,0.5333333333333131,1.4333333333325438,5.233000000000052,false,SAME_BAR_ENTRY_AND_EXIT
BOS_REMOVED,CONTROL,USD/JPY,USDJPY_2025-08-01,30min,demand,bullish_IPO_demand,2025-10-22T00:30:00Z,151.631,151.705,151.59801,151.62801,151.705,151.651505,151.651505,151.59801,2025-10-22T16:30:00Z,2025-10-22T16:30:00Z,151.651505,151.59801,151.75849499999998,0.05349499999999807,false,false,,,,,,NO,,,,2025-10-22T16:30:00Z,151.75849499999998,TARGET,1.7009066267875395,0.29909337321246054,2.8884007851197433,2.8132535751006995,false,SAME_BAR_ENTRY_AND_EXIT
BOS_REMOVED,CONTROL,USD/JPY,USDJPY_2025-08-01,30min,demand,bullish_IPO_demand,2025-10-22T00:30:00Z,151.631,151.705,151.59801,151.62801,151.705,151.651505,151.651505,151.59801,2025-10-22T17:30:00Z,2025-10-22T17:30:00Z,151.651505,151.59801,151.75849499999998,0.05349499999999807,false,false,,,,,,NO,,,,2025-10-22T18:00:00Z,151.75849499999998,TARGET,1.7009066267875395,0.29909337321246054,1.1123469483124628,2.6638938218526036,false,
BOS_REMOVED,CONTROL,USD/JPY,USDJPY_2025-08-01,30min,demand,bullish_IPO_demand,2025-10-24T03:30:00Z,152.847,152.849,152.70399,152.76199,152.849,152.776495,152.776495,152.70399,2025-10-24T07:00:00Z,2025-10-24T07:00:00Z,152.776495,152.70399,152.92150500000002,0.0725050000000067,false,false,,,,,,NO,,,,2025-10-24T07:00:00Z,152.92150500000002,TARGET,1.7793255637542442,0.22067443624575575,0.3102544652095511,2.4343838355972056,false,SAME_BAR_ENTRY_AND_EXIT
BOS_REMOVED,CONTROL,USD/JPY,USDJPY_2025-08-01,30min,demand,bullish_IPO_demand,2025-10-27T01:00:00Z,152.886,152.99001,152.64101,152.724,152.99001,152.81551000000002,152.81551000000002,152.64101,2025-10-27T09:00:00Z,2025-10-27T09:00:00Z,152.81551000000002,152.64101,153.16451000000006,0.1745000000000232,false,false,,,,,,NO,,,,2025-10-27T11:30:00Z,152.63499,S2_CLOSE_INVALIDATION,-1.126189111747872,0.09169054441259526,1.2923209169053531,0.19191977077345324,false,
BOS_REMOVED,CONTROL,USD/JPY,USDJPY_2025-08-01,30min,supply,bearish_IPO_supply,2025-10-27T05:00:00Z,153.13,153.255,153.12,153.226,153.1875,153.12,153.1875,153.255,2025-10-27T13:30:00Z,2025-10-27T13:30:00Z,153.1875,153.255,153.0525,0.06749999999999545,false,false,,,,,,NO,,,,2025-10-27T13:30:00Z,153.0525,TARGET,1.762962962962947,0.237037037037053,0.1259259259259041,3.6962962962967203,false,SAME_BAR_ENTRY_AND_EXIT
BOS_REMOVED,CONTROL,USD/JPY,USDJPY_2025-08-01,30min,supply,bearish_IPO_supply,2025-10-28T07:00:00Z,152.018997,152.353,152.011993,152.149,152.1824965,152.011993,152.1824965,152.353,2025-10-28T12:30:00Z,2025-10-28T12:30:00Z,152.1824965,152.353,151.84148950000002,0.17050349999999526,false,false,,,,,,NO,,,,2025-10-28T23:30:00Z,151.84148950000002,TARGET,1.9061602840997374,0.09383971590026273,1.1055696803877995,2.348904861190614,false,
BOS_REMOVED,CONTROL,USD/JPY,USDJPY_2025-08-01,30min,demand,bullish_IPO_demand,2025-10-29T04:00:00Z,152.048996,152.089996,151.95399,152.033005,152.089996,152.021993,152.021993,151.95399,2025-10-29T07:00:00Z,2025-10-29T07:00:00Z,152.021993,151.95399,152.15799900000002,0.06800300000000448,false,false,,,,,,NO,,,,2025-10-29T07:00:00Z,152.15799900000002,TARGET,1.7647162625178456,0.23528373748215442,0.13224416569861935,2.308824610678686,false,SAME_BAR_ENTRY_AND_EXIT
BOS_REMOVED,CONTROL,USD/JPY,USDJPY_2025-08-01,30min,demand,bullish_IPO_demand,2025-10-29T02:30:00Z,152.093002,152.142,151.967,151.981,152.142,152.05450000000002,152.05450000000002,151.967,2025-10-29T07:30:00Z,2025-10-29T07:30:00Z,152.05450000000002,151.967,152.22950000000003,0.08750000000000568,false,false,,,,,,NO,,,,2025-10-29T08:00:00Z,152.22950000000003,TARGET,1.817142857142869,0.18285714285713098,0.6685714285714917,2.714399999999665,false,
BOS_REMOVED,CONTROL,USD/JPY,USDJPY_2025-08-01,30min,supply,bearish_IPO_supply,2025-10-29T05:00:00Z,152.067993,152.455,152.057007,152.442,152.25600350000002,152.057007,152.25600350000002,152.455,2025-10-29T09:30:00Z,2025-10-29T09:30:00Z,152.25600350000002,152.455,151.85801050000003,0.1989964999999927,false,false,,,,,,NO,,,,2025-10-29T18:30:00Z,152.81,S2_CLOSE_INVALIDATION,-2.8643543981929502,0.08040342418083025,4.0150932302829725,1.9950778028760743,false,
BOS_REMOVED,CONTROL,USD/JPY,USDJPY_2025-08-01,30min,demand,bullish_IPO_demand,2025-10-31T04:30:00Z,153.952,153.99899,153.90401,153.936,153.99899,153.9515,153.9515,153.90401,2025-10-31T20:30:00Z,2025-10-31T20:30:00Z,153.9515,153.90401,154.04648000000003,0.04749000000001047,false,false,,,,,,NO,,,,2025-10-31T20:30:00Z,154.04648000000003,TARGET,1.6630869656770588,0.3369130343229411,0.38955569593626455,3.0217098336482353,false,SAME_BAR_ENTRY_AND_EXIT
