instrument,tf,window,direction,entry_time,m1_entry_time,exit_time,exit_reason,net_r,ttm_length,ttm_bb_mult,ttm_kc_mult,ttm_timeframe,ttm_decision_bar_index,ttm_squeeze_on,ttm_release_detected,ttm_release_bars_ago,ttm_momentum,ttm_momentum_direction,ttm_momentum_slope,ttm_direction_alignment,ttm_phase
EUR/USD,4h,EUR/USD_2022-07-01,supply,2022-03-16T15:00:00Z,2022-03-16T15:00:00Z,2022-03-17T07:00:00Z,S2_CLOSE_INVALIDATION,-1.1623188405796891,20,2,1.5,4h,3445,false,false,4,0.002755071428571441,bullish,rising,opposed,NO_RECENT_SQUEEZE
EUR/USD,1h,EUR/USD_2022-07-01,supply,2022-03-17T14:00:00Z,2022-03-17T14:14:00Z,2022-03-17T16:00:00Z,S2_CLOSE_INVALIDATION,-1.2797687861271578,20,2,1.5,1h,3178,true,false,95,0.0031164285714286514,bullish,falling,opposed,SQUEEZE_ON
EUR/USD,4h,EUR/USD_2022-07-01,supply,2022-03-17T15:00:00Z,2022-03-17T16:56:00Z,2022-03-17T18:48:00Z,TARGET,1.866666666666652,20,2,1.5,4h,3451,false,false,10,0.007694392857142881,bullish,rising,opposed,NO_RECENT_SQUEEZE
EUR/USD,1h,EUR/USD_2022-07-01,supply,2022-03-17T18:00:00Z,2022-03-17T18:00:00Z,2022-03-17T18:29:00Z,TARGET,1.8117647058823567,20,2,1.5,1h,3182,false,true,2,0.005028125000000006,bullish,rising,opposed,RELEASED_2_TO_3_BARS_AGO
EUR/USD,1h,EUR/USD_2022-07-01,demand,2022-03-18T12:00:00Z,2022-03-18T12:12:00Z,2022-03-18T15:53:00Z,TARGET,1.8745098039215602,20,2,1.5,1h,3200,false,false,20,-0.0044186607142856745,bearish,falling,opposed,NO_RECENT_SQUEEZE
EUR/USD,1h,EUR/USD_2022-07-01,supply,2022-03-21T08:00:00Z,2022-03-21T08:00:00Z,2022-03-21T11:02:00Z,TARGET,1.7090909090908184,20,2,1.5,1h,3220,false,false,40,0.0011835357142857075,bullish,falling,opposed,NO_RECENT_SQUEEZE
EUR/USD,1h,EUR/USD_2022-07-01,demand,2022-03-21T18:00:00Z,2022-03-21T18:06:00Z,2022-03-22T00:00:00Z,S2_CLOSE_INVALIDATION,-2.8509803921569703,20,2,1.5,1h,3230,true,false,50,-0.0005463928571429426,bearish,falling,opposed,SQUEEZE_ON
EUR/USD,1h,EUR/USD_2022-07-01,demand,2022-03-22T04:00:00Z,2022-03-22T04:16:00Z,2022-03-22T06:00:00Z,S2_CLOSE_INVALIDATION,-2.145454545454532,20,2,1.5,1h,3240,false,false,8,-0.0031169285714285947,bearish,rising,opposed,NO_RECENT_SQUEEZE
EUR/USD,1h,EUR/USD_2022-07-01,supply,2022-03-22T12:00:00Z,2022-03-22T12:16:00Z,2022-03-22T12:16:00Z,TARGET,1.600000000000178,20,2,1.5,1h,3248,false,false,16,-0.00200367857142851,bearish,rising,aligned,NO_RECENT_SQUEEZE
EUR/USD,1h,EUR/USD_2022-07-01,supply,2022-03-22T17:00:00Z,2022-03-22T17:19:00Z,2022-03-23T09:41:00Z,TARGET,1.8719999999999972,20,2,1.5,1h,3253,false,false,21,0.0017315892857143137,bullish,rising,opposed,NO_RECENT_SQUEEZE
EUR/USD,1h,EUR/USD_2022-07-01,supply,2022-03-23T15:00:00Z,2022-03-23T15:40:00Z,2022-03-23T18:00:00Z,S2_CLOSE_INVALIDATION,-1.5636363636364838,20,2,1.5,1h,3275,false,false,5,-0.003448410714285645,bearish,falling,aligned,NO_RECENT_SQUEEZE
EUR/USD,1h,EUR/USD_2022-07-01,supply,2022-03-23T17:00:00Z,2022-03-23T17:00:00Z,2022-03-23T18:00:00Z,S2_CLOSE_INVALIDATION,-1.5636363636364838,20,2,1.5,1h,3277,false,false,7,-0.0031737142857141704,bearish,rising,aligned,NO_RECENT_SQUEEZE
EUR/USD,1h,EUR/USD_2022-07-01,supply,2022-03-25T01:00:00Z,2022-03-25T01:44:00Z,2022-03-25T09:10:00Z,TARGET,1.8719999999999972,20,2,1.5,1h,3309,false,true,3,0.0017466607142856733,bullish,rising,opposed,RELEASED_2_TO_3_BARS_AGO
EUR/USD,4h,EUR/USD_2022-07-01,supply,2022-03-25T07:00:00Z,2022-03-25T07:00:00Z,2022-03-28T01:20:00Z,TARGET,1.9401869158878502,20,2,1.5,4h,3486,true,false,6,0.0007075178571427461,bullish,rising,opposed,SQUEEZE_ON
EUR/USD,1h,EUR/USD_2022-07-01,supply,2022-03-28T15:00:00Z,2022-03-28T15:00:00Z,2022-03-29T06:00:00Z,S2_CLOSE_INVALIDATION,-1.3245283018867584,20,2,1.5,1h,3349,false,false,43,-0.0002580535714285595,bearish,rising,aligned,NO_RECENT_SQUEEZE
EUR/USD,1h,EUR/USD_2022-07-01,demand,2022-03-29T08:00:00Z,2022-03-29T08:52:00Z,2022-03-29T09:08:00Z,TARGET,1.8814814814814782,20,2,1.5,1h,3366,false,false,60,0.00185471428571417,bullish,falling,aligned,NO_RECENT_SQUEEZE
EUR/USD,1h,EUR/USD_2022-07-01,supply,2022-03-29T12:00:00Z,2022-03-29T12:48:00Z,2022-03-29T13:03:00Z,TARGET,1.8117647058823567,20,2,1.5,1h,3370,false,true,2,0.0029828928571427717,bullish,rising,opposed,RELEASED_2_TO_3_BARS_AGO
EUR/USD,1h,EUR/USD_2022-07-01,supply,2022-03-29T13:00:00Z,2022-03-29T13:00:00Z,2022-03-30T08:00:00Z,S2_CLOSE_INVALIDATION,-1.3111111111110898,20,2,1.5,1h,3371,false,true,3,0.004234803571428428,bullish,rising,opposed,RELEASED_2_TO_3_BARS_AGO
EUR/USD,1h,EUR/USD_2022-07-01,demand,2022-03-30T12:00:00Z,2022-03-30T12:29:00Z,2022-03-30T12:37:00Z,TARGET,1.7333333333333039,20,2,1.5,1h,3394,false,false,26,0.0028345892857142255,bullish,rising,aligned,NO_RECENT_SQUEEZE
EUR/USD,1h,EUR/USD_2022-07-01,demand,2022-03-31T06:00:00Z,2022-03-31T06:36:00Z,2022-03-31T06:39:00Z,TARGET,1.599999999999956,20,2,1.5,1h,3412,false,false,44,0.001496071428571276,bullish,falling,aligned,NO_RECENT_SQUEEZE
EUR/USD,1h,EUR/USD_2022-07-01,demand,2022-03-31T08:00:00Z,2022-03-31T08:43:00Z,2022-03-31T08:56:00Z,TARGET,1.7333333333333039,20,2,1.5,1h,3414,false,false,46,0.000789482142857012,bullish,falling,aligned,NO_RECENT_SQUEEZE
EUR/USD,1h,EUR/USD_2022-07-01,demand,2022-03-31T13:00:00Z,2022-03-31T13:13:00Z,2022-03-31T13:30:00Z,TARGET,1.7090909090909356,20,2,1.5,1h,3419,false,false,51,-0.0033414464285714536,bearish,falling,opposed,NO_RECENT_SQUEEZE
EUR/USD,1h,EUR/USD_2022-07-01,demand,2022-03-31T14:00:00Z,2022-03-31T14:00:00Z,2022-03-31T14:54:00Z,TARGET,1.3599999999996453,20,2,1.5,1h,3420,false,false,52,-0.004048017857142857,bearish,falling,opposed,NO_RECENT_SQUEEZE
EUR/USD,1h,EUR/USD_2022-07-01,demand,2022-03-31T16:00:00Z,2022-03-31T16:36:00Z,2022-03-31T17:11:00Z,TARGET,1.7090909090909356,20,2,1.5,1h,3422,false,false,54,-0.004468232142857098,bearish,falling,opposed,NO_RECENT_SQUEEZE
EUR/USD,4h,EUR/USD_2022-07-01,demand,2022-04-04T00:00:00Z,2022-04-04T00:00:00Z,2022-04-04T08:00:00Z,S2_CLOSE_INVALIDATION,-2.745454545454634,20,2,1.5,4h,3523,false,false,22,-0.00787700000000001,bearish,falling,opposed,NO_RECENT_SQUEEZE
EUR/USD,1h,EUR/USD_2022-07-01,demand,2022-04-04T13:00:00Z,2022-04-04T13:27:00Z,2022-04-04T17:00:00Z,S2_CLOSE_INVALIDATION,-1.5629629629629298,20,2,1.5,1h,3469,false,true,3,-0.0019961964285715233,bearish,falling,opposed,RELEASED_2_TO_3_BARS_AGO
EUR/USD,4h,EUR/USD_2022-07-01,demand,2022-04-05T04:00:00Z,2022-04-05T04:16:00Z,2022-04-05T12:00:00Z,S2_CLOSE_INVALIDATION,-2.9176470588234196,20,2,1.5,4h,3530,false,false,29,-0.01131137500000013,bearish,rising,opposed,NO_RECENT_SQUEEZE
EUR/USD,1h,EUR/USD_2022-07-01,demand,2022-04-05T17:00:00Z,2022-04-05T17:49:00Z,2022-04-06T00:00:00Z,S2_CLOSE_INVALIDATION,-1.8820512820514776,20,2,1.5,1h,3497,false,true,1,-0.0014649642857143049,bearish,falling,opposed,RELEASED_1_BAR_AGO
EUR/USD,1h,EUR/USD_2022-07-01,demand,2022-04-06T06:00:00Z,2022-04-06T06:00:00Z,2022-04-06T08:48:00Z,TARGET,1.9135135135135195,20,2,1.5,1h,3510,false,false,14,-0.0047584285714286426,bearish,rising,opposed,NO_RECENT_SQUEEZE
EUR/USD,4h,EUR/USD_2022-07-01,supply,2022-04-07T04:00:00Z,2022-04-07T04:00:00Z,2022-04-07T09:19:00Z,TARGET,1.907246376811593,20,2,1.5,4h,3542,false,false,41,-0.007150410714285596,bearish,rising,aligned,NO_RECENT_SQUEEZE
EUR/USD,4h,EUR/USD_2022-07-01,supply,2022-04-07T09:00:00Z,2022-04-07T11:08:00Z,2022-04-07T19:18:00Z,TARGET,1.907246376811593,20,2,1.5,4h,3544,false,false,43,-0.005616107142857049,bearish,rising,aligned,NO_RECENT_SQUEEZE
EUR/USD,1h,EUR/USD_2022-07-01,supply,2022-04-07T13:00:00Z,2022-04-07T13:00:00Z,2022-04-07T14:03:00Z,TARGET,1.6800000000001067,20,2,1.5,1h,3541,true,false,6,0.00010523214285708285,bullish,rising,opposed,SQUEEZE_ON
EUR/USD,4h,EUR/USD_2022-07-01,supply,2022-04-07T13:00:00Z,2022-04-07T13:00:00Z,2022-04-07T19:18:00Z,TARGET,1.907246376811593,20,2,1.5,4h,3546,false,false,45,-0.003999285714285625,bearish,rising,aligned,NO_RECENT_SQUEEZE
EUR/USD,1h,EUR/USD_2022-07-01,supply,2022-04-07T15:00:00Z,2022-04-07T15:01:00Z,2022-04-07T15:24:00Z,TARGET,1.6800000000001067,20,2,1.5,1h,3543,true,false,8,0.0004629642857142529,bullish,rising,opposed,SQUEEZE_ON
EUR/USD,1h,EUR/USD_2022-07-01,demand,2022-04-08T08:00:00Z,2022-04-08T08:00:00Z,2022-04-08T13:00:00Z,S2_CLOSE_INVALIDATION,-1.3999999999999462,20,2,1.5,1h,3560,false,false,14,-0.003548767857142865,bearish,rising,opposed,NO_RECENT_SQUEEZE
EUR/USD,1h,EUR/USD_2022-07-01,supply,2022-04-08T18:00:00Z,2022-04-08T18:57:00Z,2022-04-10T19:00:00Z,S2_CLOSE_INVALIDATION,-6.887499999999082,20,2,1.5,1h,3570,true,false,24,0.0005210535714285634,bullish,rising,opposed,SQUEEZE_ON
EUR/USD,1h,EUR/USD_2022-07-01,supply,2022-04-10T20:00:00Z,2022-04-10T20:22:00Z,2022-04-10T22:47:00Z,TARGET,1.8984126984127052,20,2,1.5,1h,3574,false,true,3,0.002630071428571491,bullish,rising,opposed,RELEASED_2_TO_3_BARS_AGO
EUR/USD,1h,EUR/USD_2022-07-01,demand,2022-04-11T04:00:00Z,2022-04-11T04:04:00Z,2022-04-11T05:52:00Z,TARGET,1.6800000000001067,20,2,1.5,1h,3582,false,false,11,0.0011133392857143637,bullish,falling,aligned,NO_RECENT_SQUEEZE
EUR/USD,1h,EUR/USD_2022-07-01,supply,2022-04-11T09:00:00Z,2022-04-11T09:34:00Z,2022-04-11T13:28:00Z,TARGET,1.8984126984127052,20,2,1.5,1h,3587,false,false,16,0.000005625000000120117,bullish,falling,opposed,NO_RECENT_SQUEEZE
EUR/USD,1h,EUR/USD_2022-07-01,demand,2022-04-11T17:00:00Z,2022-04-11T17:00:00Z,2022-04-11T18:25:00Z,TARGET,1.6800000000001067,20,2,1.5,1h,3595,false,false,24,-0.001102732142857093,bearish,falling,opposed,NO_RECENT_SQUEEZE
EUR/USD,1h,EUR/USD_2022-07-01,demand,2022-04-11T23:00:00Z,2022-04-11T23:02:00Z,2022-04-12T01:00:00Z,S2_CLOSE_INVALIDATION,-1.919999999999627,20,2,1.5,1h,3601,false,false,30,-0.0018215714285714731,bearish,falling,opposed,NO_RECENT_SQUEEZE
EUR/USD,1h,EUR/USD_2022-07-01,demand,2022-04-12T02:00:00Z,2022-04-12T02:00:00Z,2022-04-12T04:24:00Z,TARGET,1.6631578947368444,20,2,1.5,1h,3604,false,false,33,-0.0025081071428571565,bearish,falling,opposed,NO_RECENT_SQUEEZE
EUR/USD,4h,EUR/USD_2022-07-01,demand,2022-04-12T05:00:00Z,2022-04-12T06:22:00Z,2022-04-12T16:00:00Z,S2_CLOSE_INVALIDATION,-1.3245283018868421,20,2,1.5,4h,3581,true,false,18,-0.002316750000000045,bearish,falling,opposed,SQUEEZE_ON
EUR/USD,1h,EUR/USD_2022-07-01,demand,2022-04-13T02:00:00Z,2022-04-13T02:00:00Z,2022-04-13T16:14:00Z,TARGET,1.938461538461537,20,2,1.5,1h,3628,false,false,8,-0.0035750892857141277,bearish,falling,opposed,NO_RECENT_SQUEEZE
EUR/USD,1h,EUR/USD_2022-07-01,supply,2022-04-13T17:00:00Z,2022-04-13T17:00:00Z,2022-04-14T01:00:00Z,S2_CLOSE_INVALIDATION,-1.1803921568627285,20,2,1.5,1h,3643,false,true,1,0.0016500535714284704,bullish,rising,opposed,RELEASED_1_BAR_AGO
EUR/USD,1h,EUR/USD_2022-07-01,supply,2022-04-18T11:00:00Z,2022-04-18T11:54:00Z,2022-04-18T14:53:00Z,TARGET,1.8171428571428485,20,2,1.5,1h,3711,false,true,1,-0.0011056428571429287,bearish,rising,aligned,RELEASED_1_BAR_AGO
BTC/USD,1h,BTC/USD_2022-07-01,supply,2022-04-18T17:00:00Z,2022-04-18T17:11:00Z,2022-04-18T17:24:00Z,TARGET,1.2369311499770796,20,2,1.5,1h,3240,false,false,18,-358.96019682714564,bearish,rising,aligned,NO_RECENT_SQUEEZE
EUR/USD,1h,EUR/USD_2022-07-01,supply,2022-04-19T04:00:00Z,2022-04-19T04:17:00Z,2022-04-19T04:41:00Z,TARGET,1.5428571428572375,20,2,1.5,1h,3728,false,false,11,-0.001617464285714181,bearish,falling,aligned,NO_RECENT_SQUEEZE
EUR/USD,1h,EUR/USD_2022-07-01,supply,2022-04-19T06:00:00Z,2022-04-19T06:31:00Z,2022-04-19T07:00:00Z,S2_CLOSE_INVALIDATION,-6.028571428570518,20,2,1.5,1h,3730,false,false,13,-0.0017463571428571454,bearish,falling,aligned,NO_RECENT_SQUEEZE
EUR/USD,1h,EUR/USD_2022-07-01,supply,2022-04-19T08:00:00Z,2022-04-19T08:32:00Z,2022-04-19T08:49:00Z,TARGET,1.8171428571428485,20,2,1.5,1h,3732,false,false,15,-0.0008398035714286005,bearish,rising,aligned,NO_RECENT_SQUEEZE
EUR/USD,1h,EUR/USD_2022-07-01,supply,2022-04-19T09:00:00Z,2022-04-19T09:00:00Z,2022-04-19T10:03:00Z,TARGET,1.7629629629629564,20,2,1.5,1h,3733,false,false,16,-0.00004826785714289188,bearish,rising,aligned,NO_RECENT_SQUEEZE
EUR/USD,1h,EUR/USD_2022-07-01,supply,2022-04-20T06:00:00Z,2022-04-20T06:00:00Z,2022-04-20T08:00:00Z,S2_CLOSE_INVALIDATION,-3.297142857143112,20,2,1.5,1h,3754,false,true,1,0.001042500000000032,bullish,rising,opposed,RELEASED_1_BAR_AGO
EUR/USD,1h,EUR/USD_2022-07-01,demand,2022-04-20T17:00:00Z,2022-04-20T17:00:00Z,2022-04-21T06:30:00Z,TARGET,1.9058823529411784,20,2,1.5,1h,3765,false,false,12,0.003292482142857191,bullish,falling,aligned,NO_RECENT_SQUEEZE
EUR/USD,1h,EUR/USD_2022-07-01,supply,2022-04-21T07:00:00Z,2022-04-21T07:43:00Z,2022-04-21T11:11:00Z,TARGET,1.8984126984127052,20,2,1.5,1h,3779,false,false,26,0.0002621428571427252,bullish,rising,opposed,NO_RECENT_SQUEEZE
EUR/USD,1h,EUR/USD_2022-07-01,supply,2022-04-21T09:00:00Z,2022-04-21T09:02:00Z,2022-04-21T11:11:00Z,TARGET,1.8984126984127052,20,2,1.5,1h,3781,false,false,28,0.0017564464285712773,bullish,rising,opposed,NO_RECENT_SQUEEZE
EUR/USD,1h,EUR/USD_2022-07-01,demand,2022-04-21T14:00:00Z,2022-04-21T14:55:00Z,2022-04-22T07:00:00Z,S2_CLOSE_INVALIDATION,-2.2117647058823353,20,2,1.5,1h,3786,false,false,33,0.00232957142857134,bullish,falling,aligned,NO_RECENT_SQUEEZE
BTC/USD,1h,BTC/USD_2022-07-01,demand,2022-04-21T16:00:00Z,2022-04-21T16:59:00Z,2022-04-21T17:00:00Z,S2_CLOSE_INVALIDATION,-4.668985652818488,20,2,1.5,1h,3311,false,false,28,695.0710291642838,bullish,falling,aligned,NO_RECENT_SQUEEZE
BTC/USD,1h,BTC/USD_2022-07-01,demand,2022-04-21T17:00:00Z,2022-04-21T17:39:00Z,2022-04-21T19:00:00Z,S2_CLOSE_INVALIDATION,-3.585504747113506,20,2,1.5,1h,3312,false,false,29,577.2355864110708,bullish,falling,aligned,NO_RECENT_SQUEEZE
BTC/USD,1h,BTC/USD_2022-07-01,demand,2022-04-21T20:00:00Z,2022-04-21T20:45:00Z,2022-04-21T21:08:00Z,TARGET,0.4790870221741961,20,2,1.5,1h,3315,false,false,32,23.461694460003343,bullish,falling,aligned,NO_RECENT_SQUEEZE
BTC/USD,1h,BTC/USD_2022-07-01,supply,2022-04-22T06:00:00Z,2022-04-22T06:05:00Z,2022-04-22T07:27:00Z,TARGET,1.0332741088997324,20,2,1.5,1h,3325,false,false,42,-1412.9951109132098,bearish,rising,aligned,NO_RECENT_SQUEEZE
BTC/USD,1h,BTC/USD_2022-07-01,supply,2022-04-22T08:00:00Z,2022-04-22T08:00:00Z,2022-04-22T08:31:00Z,TARGET,1.0332741088997324,20,2,1.5,1h,3327,false,false,44,-1260.7770127260646,bearish,rising,aligned,NO_RECENT_SQUEEZE
EUR/USD,4h,EUR/USD_2022-07-01,demand,2022-04-22T12:00:00Z,2022-04-22T15:02:00Z,2022-04-22T19:40:00Z,TARGET,1.8769230769230634,20,2,1.5,4h,3634,false,false,11,0.0016438571428572285,bullish,falling,aligned,NO_RECENT_SQUEEZE
BTC/USD,1h,BTC/USD_2022-07-01,demand,2022-04-22T16:00:00Z,2022-04-22T16:04:00Z,2022-04-25T06:00:00Z,S2_CLOSE_INVALIDATION,-1.4521186389270615,20,2,1.5,1h,3335,false,false,52,-477.9325476092828,bearish,falling,opposed,NO_RECENT_SQUEEZE
EUR/USD,4h,EUR/USD_2022-07-01,demand,2022-04-22T20:00:00Z,2022-04-22T20:09:00Z,2022-04-24T19:09:00Z,TARGET,1.8511627906976658,20,2,1.5,4h,3636,false,false,13,-0.0013003214285713842,bearish,falling,opposed,NO_RECENT_SQUEEZE
BTC/USD,1h,BTC/USD_2022-07-01,supply,2022-04-25T13:00:00Z,2022-04-25T13:37:00Z,2022-04-25T13:44:00Z,TARGET,0.6982554581405918,20,2,1.5,1h,3404,false,false,12,-618.6944868485691,bearish,rising,aligned,NO_RECENT_SQUEEZE
BTC/USD,1h,BTC/USD_2022-07-01,supply,2022-04-25T15:00:00Z,2022-04-25T15:12:00Z,2022-04-25T15:47:00Z,TARGET,0.6982554581405918,20,2,1.5,1h,3406,false,false,14,-491.53732043571335,bearish,rising,aligned,NO_RECENT_SQUEEZE
BTC/USD,1h,BTC/USD_2022-07-01,supply,2022-04-25T16:00:00Z,2022-04-25T16:49:00Z,2022-04-25T18:00:00Z,S2_CLOSE_INVALIDATION,-1.604904302679621,20,2,1.5,1h,3407,false,false,15,-393.62746745999976,bearish,rising,aligned,NO_RECENT_SQUEEZE
EUR/USD,4h,EUR/USD_2022-07-01,supply,2022-04-26T00:00:00Z,2022-04-26T03:31:00Z,2022-04-26T06:57:00Z,TARGET,1.907246376811593,20,2,1.5,4h,3645,false,false,22,-0.010662428571428602,bearish,falling,aligned,NO_RECENT_SQUEEZE
BTC/USD,1h,BTC/USD_2022-07-01,demand,2022-04-26T16:00:00Z,2022-04-26T16:03:00Z,2022-04-26T16:06:00Z,TARGET,0.5575105914252245,20,2,1.5,1h,3431,false,false,39,-419.9490959596442,bearish,falling,opposed,NO_RECENT_SQUEEZE
BTC/USD,4h,BTC/USD_2022-07-01,demand,2022-04-26T20:00:00Z,2022-04-26T20:00:00Z,2022-05-05T12:00:00Z,S2_CLOSE_INVALIDATION,-1.38854741188941,20,2,1.5,4h,4607,false,false,5,319.2013081989283,bullish,falling,aligned,NO_RECENT_SQUEEZE
EUR/USD,1h,EUR/USD_2022-07-01,supply,2022-04-28T22:00:00Z,2022-04-28T22:07:00Z,2022-04-29T05:00:00Z,S2_CLOSE_INVALIDATION,-2.005263157894687,20,2,1.5,1h,3916,false,false,163,-0.0010166607142857538,bearish,rising,aligned,NO_RECENT_SQUEEZE
EUR/USD,1h,EUR/USD_2022-07-01,supply,2022-04-29T06:00:00Z,2022-04-29T06:15:00Z,2022-04-29T08:00:00Z,S2_CLOSE_INVALIDATION,-1.2897959183673602,20,2,1.5,1h,3924,false,true,0,0.0013486428571428044,bullish,rising,opposed,RELEASED_SAME_BAR
EUR/USD,1h,EUR/USD_2022-07-01,supply,2022-04-29T17:00:00Z,2022-04-29T17:22:00Z,2022-04-29T19:25:00Z,TARGET,1.7714285714285463,20,2,1.5,1h,3935,false,false,11,0.0023358392857142744,bullish,falling,opposed,NO_RECENT_SQUEEZE
EUR/USD,1h,EUR/USD_2022-07-01,supply,2022-05-03T00:00:00Z,2022-05-03T00:53:00Z,2022-05-03T01:36:00Z,TARGET,1.644444444444493,20,2,1.5,1h,3966,false,true,2,-0.0019646785714283782,bearish,rising,aligned,RELEASED_2_TO_3_BARS_AGO
EUR/USD,1h,EUR/USD_2022-07-01,supply,2022-05-03T01:00:00Z,2022-05-03T01:00:00Z,2022-05-03T11:00:00Z,S2_CLOSE_INVALIDATION,-2.0285714285714844,20,2,1.5,1h,3967,false,true,3,-0.0016812678571426433,bearish,rising,aligned,RELEASED_2_TO_3_BARS_AGO
EUR/USD,1h,EUR/USD_2022-07-01,supply,2022-05-03T12:00:00Z,2022-05-03T12:36:00Z,2022-05-03T13:20:00Z,TARGET,1.7714285714285463,20,2,1.5,1h,3978,true,false,14,0.0006315357142857485,bullish,rising,opposed,SQUEEZE_ON
EUR/USD,1h,EUR/USD_2022-07-01,supply,2022-05-03T14:00:00Z,2022-05-03T14:32:00Z,2022-05-03T15:42:00Z,TARGET,1.8950819672131147,20,2,1.5,1h,3980,false,true,1,0.0019486250000000436,bullish,rising,opposed,RELEASED_1_BAR_AGO
EUR/USD,1h,EUR/USD_2022-07-01,supply,2022-05-04T18:00:00Z,2022-05-04T18:48:00Z,2022-05-05T11:23:00Z,TARGET,1.9209876543209854,20,2,1.5,1h,4008,false,true,0,0.0013534999999998776,bullish,rising,opposed,RELEASED_SAME_BAR
EUR/USD,1h,EUR/USD_2022-07-01,supply,2022-05-04T20:00:00Z,2022-05-04T20:00:00Z,2022-05-05T11:23:00Z,TARGET,1.9209876543209854,20,2,1.5,1h,4010,false,true,2,0.003494553571428512,bullish,rising,opposed,RELEASED_2_TO_3_BARS_AGO
EUR/USD,1h,EUR/USD_2022-07-01,demand,2022-05-05T13:00:00Z,2022-05-05T13:50:00Z,2022-05-05T15:00:00Z,S2_CLOSE_INVALIDATION,-3.2166666666664563,20,2,1.5,1h,4027,false,false,19,-0.0009650535714285056,bearish,falling,opposed,NO_RECENT_SQUEEZE
EUR/USD,4h,EUR/USD_2022-07-01,demand,2022-05-05T12:00:00Z,2022-05-05T15:08:00Z,2022-05-05T19:35:00Z,TARGET,1.908571428571436,20,2,1.5,4h,3691,false,true,3,0.00386794642857147,bullish,falling,aligned,RELEASED_2_TO_3_BARS_AGO
EUR/USD,1h,EUR/USD_2022-07-01,demand,2022-05-05T16:00:00Z,2022-05-05T16:11:00Z,2022-05-05T16:20:00Z,TARGET,1.644444444444493,20,2,1.5,1h,4030,false,false,22,-0.005017857142857007,bearish,falling,opposed,NO_RECENT_SQUEEZE
EUR/USD,1h,EUR/USD_2022-07-01,demand,2022-05-05T17:00:00Z,2022-05-05T17:55:00Z,2022-05-05T18:54:00Z,TARGET,1.7935483870967661,20,2,1.5,1h,4031,false,false,23,-0.006044232142857009,bearish,falling,opposed,NO_RECENT_SQUEEZE
BTC/USD,4h,BTC/USD_2022-07-01,demand,2022-05-06T04:00:00Z,2022-05-06T07:40:00Z,2022-05-08T00:00:00Z,S2_CLOSE_INVALIDATION,-1.2787316769269361,20,2,1.5,4h,4663,false,false,9,-674.396642306787,bearish,falling,opposed,NO_RECENT_SQUEEZE
EUR/USD,1h,EUR/USD_2022-07-01,supply,2022-05-06T07:00:00Z,2022-05-06T07:54:00Z,2022-05-06T08:00:00Z,S2_CLOSE_INVALIDATION,-1.4606060606061748,20,2,1.5,1h,4045,false,false,37,-0.0016624642857143643,bearish,rising,aligned,NO_RECENT_SQUEEZE
EUR/USD,4h,EUR/USD_2022-07-01,demand,2022-05-06T16:00:00Z,2022-05-06T19:21:00Z,2022-05-12T04:00:00Z,S2_CLOSE_INVALIDATION,-2.297841726618702,20,2,1.5,4h,3698,false,false,10,0.00004983928571419122,bullish,rising,aligned,NO_RECENT_SQUEEZE
BTC/USD,1h,BTC/USD_2022-07-01,supply,2022-05-11T02:00:00Z,2022-05-11T02:27:00Z,2022-05-11T06:45:00Z,TARGET,1.670442171064728,20,2,1.5,1h,3776,false,false,4,-557.7436007359298,bearish,falling,aligned,NO_RECENT_SQUEEZE
BTC/USD,1h,BTC/USD_2022-07-01,supply,2022-05-11T06:00:00Z,2022-05-11T06:05:00Z,2022-05-11T06:45:00Z,TARGET,1.670442171064728,20,2,1.5,1h,3780,true,false,8,-374.0009863795729,bearish,rising,aligned,SQUEEZE_ON
BTC/USD,1h,BTC/USD_2022-07-01,supply,2022-05-11T11:00:00Z,2022-05-11T11:14:00Z,2022-05-11T12:30:00Z,TARGET,1.7296366107033732,20,2,1.5,1h,3785,false,true,0,-16.521696019930786,bearish,rising,aligned,RELEASED_SAME_BAR
BTC/USD,1h,BTC/USD_2022-07-01,supply,2022-05-11T14:00:00Z,2022-05-11T14:45:00Z,2022-05-11T15:27:00Z,TARGET,1.7296366107033732,20,2,1.5,1h,3788,false,true,3,-3.667321051144114,bearish,rising,aligned,RELEASED_2_TO_3_BARS_AGO
BTC/USD,1h,BTC/USD_2022-07-01,supply,2022-05-12T00:00:00Z,2022-05-12T00:42:00Z,2022-05-12T01:23:00Z,TARGET,1.5898346562404932,20,2,1.5,1h,3798,false,false,13,-1243.177177407929,bearish,falling,aligned,NO_RECENT_SQUEEZE
BTC/USD,1h,BTC/USD_2022-07-01,supply,2022-05-12T14:00:00Z,2022-05-12T14:58:00Z,2022-05-12T18:26:00Z,TARGET,1.848158546129342,20,2,1.5,1h,3812,false,false,27,-781.5954521964293,bearish,rising,aligned,NO_RECENT_SQUEEZE
BTC/USD,1h,BTC/USD_2022-07-01,supply,2022-05-12T16:00:00Z,2022-05-12T16:23:00Z,2022-05-12T18:26:00Z,TARGET,1.848158546129342,20,2,1.5,1h,3814,false,false,29,-62.15964297785672,bearish,rising,aligned,NO_RECENT_SQUEEZE
BTC/USD,1h,BTC/USD_2022-07-01,supply,2022-05-13T01:00:00Z,2022-05-13T01:00:00Z,2022-05-13T03:00:00Z,S2_CLOSE_INVALIDATION,-1.8673676206950995,20,2,1.5,1h,3823,false,false,38,1099.0826357957167,bullish,rising,opposed,NO_RECENT_SQUEEZE
EUR/USD,1h,EUR/USD_2022-07-01,supply,2022-05-13T17:00:00Z,2022-05-13T17:00:00Z,2022-05-16T08:00:00Z,S2_CLOSE_INVALIDATION,-1.955932203389738,20,2,1.5,1h,4175,false,false,45,0.0021687857142855937,bullish,rising,opposed,NO_RECENT_SQUEEZE
BTC/USD,1h,BTC/USD_2022-07-01,supply,2022-05-14T16:00:00Z,2022-05-14T16:51:00Z,2022-05-14T22:00:00Z,S2_CLOSE_INVALIDATION,-3.514022284796127,20,2,1.5,1h,3862,false,true,2,-567.9003868361431,bearish,rising,aligned,RELEASED_2_TO_3_BARS_AGO
BTC/USD,1h,BTC/USD_2022-07-01,supply,2022-05-14T18:00:00Z,2022-05-14T18:00:00Z,2022-05-14T22:00:00Z,S2_CLOSE_INVALIDATION,-3.514022284796127,20,2,1.5,1h,3864,true,false,4,-297.5909767149985,bearish,rising,aligned,SQUEEZE_ON
BTC/USD,4h,BTC/USD_2022-07-01,supply,2022-05-15T00:00:00Z,2022-05-15T00:00:00Z,2022-05-15T20:00:00Z,S2_CLOSE_INVALIDATION,-1.700899160659967,20,2,1.5,4h,4716,false,false,62,778.6181583714259,bullish,rising,opposed,NO_RECENT_SQUEEZE
BTC/USD,1h,BTC/USD_2022-07-01,demand,2022-05-16T06:00:00Z,2022-05-16T06:27:00Z,2022-05-16T08:15:00Z,TARGET,1.417353305616312,20,2,1.5,1h,3900,false,false,9,258.84055932142803,bullish,falling,aligned,NO_RECENT_SQUEEZE
BTC/USD,1h,BTC/USD_2022-07-01,supply,2022-05-17T03:00:00Z,2022-05-17T03:34:00Z,2022-05-17T05:00:00Z,S2_CLOSE_INVALIDATION,-2.28786090462357,20,2,1.5,1h,3921,false,false,30,234.06831817964036,bullish,rising,opposed,NO_RECENT_SQUEEZE
EUR/USD,4h,EUR/USD_2022-07-01,supply,2022-05-17T08:00:00Z,2022-05-17T11:39:00Z,2022-05-18T06:43:00Z,TARGET,1.8814814814814977,20,2,1.5,4h,3740,false,false,19,0.0013088928571428626,bullish,rising,opposed,NO_RECENT_SQUEEZE
EUR/USD,1h,EUR/USD_2022-07-01,supply,2022-05-17T12:00:00Z,2022-05-17T12:47:00Z,2022-05-18T15:27:00Z,TARGET,1.9448275862068947,20,2,1.5,1h,4218,false,false,16,0.004521428571428663,bullish,rising,opposed,NO_RECENT_SQUEEZE
BTC/USD,1h,BTC/USD_2022-07-01,demand,2022-05-18T15:00:00Z,2022-05-18T15:24:00Z,2022-05-18T16:35:00Z,TARGET,1.3656392380451665,20,2,1.5,1h,3957,false,false,22,-510.70194716549986,bearish,falling,opposed,NO_RECENT_SQUEEZE
BTC/USD,1h,BTC/USD_2022-07-01,demand,2022-05-18T16:00:00Z,2022-05-18T16:00:00Z,2022-05-18T19:04:00Z,TARGET,1.5042078923473483,20,2,1.5,1h,3958,false,false,23,-636.5922896449999,bearish,falling,opposed,NO_RECENT_SQUEEZE
EUR/USD,1h,EUR/USD_2022-07-01,demand,2022-05-18T17:00:00Z,2022-05-18T17:16:00Z,2022-05-18T19:00:00Z,S2_CLOSE_INVALIDATION,-1.5090909090908224,20,2,1.5,1h,4247,false,false,45,-0.004056249999999964,bearish,falling,opposed,NO_RECENT_SQUEEZE
BTC/USD,1h,BTC/USD_2022-07-01,demand,2022-05-18T22:00:00Z,2022-05-18T22:40:00Z,2022-05-18T23:00:00Z,S2_CLOSE_INVALIDATION,-2.0151602835789006,20,2,1.5,1h,3964,false,false,29,-611.2208483699992,bearish,rising,opposed,NO_RECENT_SQUEEZE
BTC/USD,1h,BTC/USD_2022-07-01,supply,2022-05-19T06:00:00Z,2022-05-19T06:56:00Z,2022-05-19T08:53:00Z,TARGET,1.4079086012925945,20,2,1.5,1h,3972,false,false,37,-333.7727672742864,bearish,rising,aligned,NO_RECENT_SQUEEZE
EUR/USD,1h,EUR/USD_2022-07-01,supply,2022-05-19T08:00:00Z,2022-05-19T08:45:00Z,2022-05-19T09:19:00Z,TARGET,1.7090909090909356,20,2,1.5,1h,4262,false,false,60,-0.0006634642857143926,bearish,rising,aligned,NO_RECENT_SQUEEZE
EUR/USD,1h,EUR/USD_2022-07-01,supply,2022-05-19T15:00:00Z,2022-05-19T15:00:00Z,2022-05-19T17:00:00Z,S2_CLOSE_INVALIDATION,-1.5066666666666035,20,2,1.5,1h,4269,false,false,67,0.004981482142857141,bullish,rising,opposed,NO_RECENT_SQUEEZE
BTC/USD,1h,BTC/USD_2022-07-01,supply,2022-05-19T15:00:00Z,2022-05-19T15:37:00Z,2022-05-19T16:44:00Z,TARGET,1.4475769372603597,20,2,1.5,1h,3981,false,true,3,386.5664839555716,bullish,rising,opposed,RELEASED_2_TO_3_BARS_AGO
BTC/USD,1h,BTC/USD_2022-07-01,supply,2022-05-19T21:00:00Z,2022-05-19T21:15:00Z,2022-05-19T22:31:00Z,TARGET,1.4475769372603597,20,2,1.5,1h,3987,false,false,9,838.3615128492872,bullish,rising,opposed,NO_RECENT_SQUEEZE
BTC/USD,1h,BTC/USD_2022-07-01,supply,2022-05-20T01:00:00Z,2022-05-20T01:39:00Z,2022-05-20T01:50:00Z,TARGET,0.7986746897440846,20,2,1.5,1h,3991,false,false,13,815.2428234602864,bullish,falling,opposed,NO_RECENT_SQUEEZE
EUR/USD,1h,EUR/USD_2022-07-01,demand,2022-05-20T13:00:00Z,2022-05-20T13:00:00Z,2022-05-20T16:00:00Z,S2_CLOSE_INVALIDATION,-1.955555555555822,20,2,1.5,1h,4291,false,false,89,-0.00140537499999995,bearish,falling,opposed,NO_RECENT_SQUEEZE
BTC/USD,1h,BTC/USD_2022-07-01,demand,2022-05-20T15:00:00Z,2022-05-20T15:50:00Z,2022-05-20T16:00:00Z,S2_CLOSE_INVALIDATION,-2.567177127420778,20,2,1.5,1h,4005,false,true,0,-178.63690082928804,bearish,falling,opposed,RELEASED_SAME_BAR
BTC/USD,1h,BTC/USD_2022-07-01,demand,2022-05-20T16:00:00Z,2022-05-20T16:40:00Z,2022-05-20T19:54:00Z,TARGET,1.5972919786226556,20,2,1.5,1h,4006,false,true,1,-379.7961678986452,bearish,falling,opposed,RELEASED_1_BAR_AGO
EUR/USD,1h,EUR/USD_2022-07-01,supply,2022-05-23T06:00:00Z,2022-05-23T06:38:00Z,2022-05-23T08:00:00Z,S2_CLOSE_INVALIDATION,-1.96790123456794,20,2,1.5,1h,4308,false,false,106,0.002213875000000019,bullish,rising,opposed,NO_RECENT_SQUEEZE
EUR/USD,1h,EUR/USD_2022-07-01,supply,2022-05-23T14:00:00Z,2022-05-23T14:52:00Z,2022-05-23T18:00:00Z,S2_CLOSE_INVALIDATION,-2.6571428571423565,20,2,1.5,1h,4316,false,false,114,0.006951339285714304,bullish,rising,opposed,NO_RECENT_SQUEEZE
EUR/USD,1h,EUR/USD_2022-07-01,supply,2022-05-23T15:00:00Z,2022-05-23T15:16:00Z,2022-05-23T15:52:00Z,TARGET,1.831578947368422,20,2,1.5,1h,4317,false,false,115,0.007011857142857118,bullish,rising,opposed,NO_RECENT_SQUEEZE
EUR/USD,1h,EUR/USD_2022-07-01,supply,2022-05-23T16:00:00Z,2022-05-23T16:42:00Z,2022-05-23T18:00:00Z,S2_CLOSE_INVALIDATION,-2.6571428571423565,20,2,1.5,1h,4318,false,false,116,0.007009660714285687,bullish,falling,opposed,NO_RECENT_SQUEEZE
EUR/USD,1h,EUR/USD_2022-07-01,supply,2022-05-23T19:00:00Z,2022-05-23T19:00:00Z,2022-05-24T00:57:00Z,TARGET,1.831578947368422,20,2,1.5,1h,4321,false,false,119,0.006979285714285657,bullish,rising,opposed,NO_RECENT_SQUEEZE
BTC/USD,1h,BTC/USD_2022-07-01,supply,2022-05-24T02:00:00Z,2022-05-24T02:24:00Z,2022-05-24T14:07:00Z,TARGET,1.5492205984788654,20,2,1.5,1h,4088,false,false,7,-876.3980144721434,bearish,falling,aligned,NO_RECENT_SQUEEZE
EUR/USD,1h,EUR/USD_2022-07-01,supply,2022-05-24T06:00:00Z,2022-05-24T06:54:00Z,2022-05-24T07:00:00Z,S2_CLOSE_INVALIDATION,-4.642105263157721,20,2,1.5,1h,4332,false,false,130,0.00026926785714281734,bullish,falling,opposed,NO_RECENT_SQUEEZE
EUR/USD,1h,EUR/USD_2022-07-01,supply,2022-05-24T14:00:00Z,2022-05-24T14:00:00Z,2022-05-25T02:49:00Z,TARGET,1.9000000000000028,20,2,1.5,1h,4340,false,false,138,0.0010766785714285563,bullish,rising,opposed,NO_RECENT_SQUEEZE
BTC/USD,1h,BTC/USD_2022-07-01,supply,2022-05-24T19:00:00Z,2022-05-24T19:05:00Z,2022-05-24T20:00:00Z,S2_CLOSE_INVALIDATION,-1.466499936538374,20,2,1.5,1h,4105,true,false,24,66.90068602606948,bullish,rising,opposed,SQUEEZE_ON
EUR/USD,1h,EUR/USD_2022-07-01,demand,2022-05-25T10:00:00Z,2022-05-25T10:34:00Z,2022-05-25T11:32:00Z,TARGET,1.5428571428572375,20,2,1.5,1h,4360,false,false,158,-0.0035835357142855635,bearish,falling,opposed,NO_RECENT_SQUEEZE
BTC/USD,1h,BTC/USD_2022-07-01,demand,2022-05-26T13:00:00Z,2022-05-26T13:06:00Z,2022-05-26T14:50:00Z,TARGET,1.5972919786226556,20,2,1.5,1h,4147,false,false,4,-348.9681348960017,bearish,falling,opposed,NO_RECENT_SQUEEZE
EUR/USD,1h,EUR/USD_2022-07-01,supply,2022-05-27T00:00:00Z,2022-05-27T00:10:00Z,2022-05-27T01:00:00Z,S2_CLOSE_INVALIDATION,-1.7562499999999754,20,2,1.5,1h,4398,false,false,196,0.003018000000000044,bullish,rising,opposed,NO_RECENT_SQUEEZE
BTC/USD,1h,BTC/USD_2022-07-01,demand,2022-05-27T02:00:00Z,2022-05-27T02:02:00Z,2022-05-27T13:53:00Z,TARGET,1.5972919786226556,20,2,1.5,1h,4160,false,false,17,251.2804692005726,bullish,falling,aligned,NO_RECENT_SQUEEZE
EUR/USD,1h,EUR/USD_2022-07-01,demand,2022-05-27T10:00:00Z,2022-05-27T10:55:00Z,2022-05-27T11:49:00Z,TARGET,1.831578947368422,20,2,1.5,1h,4408,false,false,206,0.0012995535714284137,bullish,falling,aligned,NO_RECENT_SQUEEZE
BTC/USD,1h,BTC/USD_2022-07-01,demand,2022-05-27T14:00:00Z,2022-05-27T14:46:00Z,2022-05-27T17:00:00Z,S2_CLOSE_INVALIDATION,-2.867895646543419,20,2,1.5,1h,4172,false,false,29,-217.2640629564288,bearish,rising,opposed,NO_RECENT_SQUEEZE
EUR/USD,4h,EUR/USD_2022-07-01,demand,2022-05-27T16:00:00Z,2022-05-27T16:00:00Z,2022-05-30T01:36:00Z,TARGET,1.8814814814814782,20,2,1.5,4h,3791,false,false,70,0.00016130357142864551,bullish,falling,aligned,NO_RECENT_SQUEEZE
BTC/USD,1h,BTC/USD_2022-07-01,demand,2022-05-27T16:00:00Z,2022-05-27T16:00:00Z,2022-05-27T17:00:00Z,S2_CLOSE_INVALIDATION,-2.867895646543419,20,2,1.5,1h,4174,false,false,31,-258.13502639999945,bearish,falling,opposed,NO_RECENT_SQUEEZE
BTC/USD,1h,BTC/USD_2022-07-01,supply,2022-05-27T19:00:00Z,2022-05-27T19:50:00Z,2022-05-28T12:00:00Z,S2_CLOSE_INVALIDATION,-2.0120198634904773,20,2,1.5,1h,4177,false,false,34,-350.0479420599978,bearish,falling,aligned,NO_RECENT_SQUEEZE
BTC/USD,1h,BTC/USD_2022-07-01,supply,2022-05-27T21:00:00Z,2022-05-27T21:02:00Z,2022-05-28T12:00:00Z,S2_CLOSE_INVALIDATION,-2.0120198634904773,20,2,1.5,1h,4179,true,false,36,-270.0209794314271,bearish,rising,aligned,SQUEEZE_ON
EUR/USD,1h,EUR/USD_2022-07-01,demand,2022-05-30T07:00:00Z,2022-05-30T07:59:00Z,2022-05-30T08:36:00Z,TARGET,1.6799999999999646,20,2,1.5,1h,4429,false,false,227,0.0025770535714285986,bullish,rising,aligned,NO_RECENT_SQUEEZE
EUR/USD,1h,EUR/USD_2022-07-01,supply,2022-05-30T16:00:00Z,2022-05-30T16:31:00Z,2022-05-30T21:04:00Z,TARGET,1.6235294117646153,20,2,1.5,1h,4438,false,false,236,0.0029348214285714437,bullish,falling,opposed,NO_RECENT_SQUEEZE
BTC/USD,1h,BTC/USD_2022-07-01,supply,2022-05-30T21:00:00Z,2022-05-30T21:20:00Z,2022-06-01T14:35:00Z,TARGET,1.7296366107033732,20,2,1.5,1h,4251,false,false,32,494.10725408785487,bullish,falling,opposed,NO_RECENT_SQUEEZE
EUR/USD,1h,EUR/USD_2022-07-01,demand,2022-05-31T02:00:00Z,2022-05-31T02:50:00Z,2022-05-31T03:06:00Z,TARGET,1.6799999999999646,20,2,1.5,1h,4448,false,false,246,0.0003021071428571027,bullish,falling,aligned,NO_RECENT_SQUEEZE
EUR/USD,1h,EUR/USD_2022-07-01,demand,2022-05-31T06:00:00Z,2022-05-31T06:48:00Z,2022-05-31T07:04:00Z,TARGET,1.5076923076921693,20,2,1.5,1h,4452,false,false,250,-0.0017382142857142468,bearish,falling,opposed,NO_RECENT_SQUEEZE
EUR/USD,4h,EUR/USD_2022-07-01,demand,2022-05-31T16:00:00Z,2022-05-31T16:23:00Z,2022-06-01T12:00:00Z,S2_CLOSE_INVALIDATION,-3.3714285714284826,20,2,1.5,4h,3804,true,false,83,0.0018329464285713947,bullish,falling,aligned,SQUEEZE_ON
EUR/USD,4h,EUR/USD_2022-07-01,demand,2022-06-02T04:00:00Z,2022-06-02T04:00:00Z,2022-06-02T12:51:00Z,TARGET,1.9272727272727266,20,2,1.5,4h,3813,false,false,7,-0.006414053571428589,bearish,falling,opposed,NO_RECENT_SQUEEZE
EUR/USD,1h,EUR/USD_2022-07-01,supply,2022-06-02T17:00:00Z,2022-06-02T17:00:00Z,2022-06-02T23:00:00Z,S2_CLOSE_INVALIDATION,-1.707692307692214,20,2,1.5,1h,4511,false,false,26,0.005261714285714319,bullish,rising,opposed,NO_RECENT_SQUEEZE
EUR/USD,1h,EUR/USD_2022-07-01,demand,2022-06-03T09:00:00Z,2022-06-03T09:45:00Z,2022-06-03T11:00:00Z,S2_CLOSE_INVALIDATION,-3.4200000000002575,20,2,1.5,1h,4527,false,false,42,0.002395678571428674,bullish,falling,aligned,NO_RECENT_SQUEEZE
EUR/USD,1h,EUR/USD_2022-07-01,demand,2022-06-06T10:00:00Z,2022-06-06T10:39:00Z,2022-06-06T13:00:00Z,S2_CLOSE_INVALIDATION,-1.787096774193658,20,2,1.5,1h,4552,false,true,2,0.0011069821428571444,bullish,rising,aligned,RELEASED_2_TO_3_BARS_AGO
EUR/USD,1h,EUR/USD_2022-07-01,demand,2022-06-06T12:00:00Z,2022-06-06T12:24:00Z,2022-06-06T15:00:00Z,S2_CLOSE_INVALIDATION,-3.266666666665857,20,2,1.5,1h,4554,false,false,4,0.0010772142857142437,bullish,falling,aligned,NO_RECENT_SQUEEZE
EUR/USD,1h,EUR/USD_2022-07-01,demand,2022-06-06T14:00:00Z,2022-06-06T14:00:00Z,2022-06-06T15:00:00Z,S2_CLOSE_INVALIDATION,-3.266666666665857,20,2,1.5,1h,4556,false,false,6,0.0007017678571428115,bullish,falling,aligned,NO_RECENT_SQUEEZE
BTC/USD,1h,BTC/USD_2022-07-01,demand,2022-06-07T03:00:00Z,2022-06-07T03:00:00Z,2022-06-07T03:25:00Z,TARGET,0.8456379141080195,20,2,1.5,1h,4425,false,false,32,-737.1990628464257,bearish,falling,opposed,NO_RECENT_SQUEEZE
BTC/USD,1h,BTC/USD_2022-07-01,demand,2022-06-07T07:00:00Z,2022-06-07T07:00:00Z,2022-06-07T14:47:00Z,TARGET,1.559322868926367,20,2,1.5,1h,4429,false,false,36,-1379.384921518571,bearish,falling,opposed,NO_RECENT_SQUEEZE
EUR/USD,4h,EUR/USD_2022-07-01,demand,2022-06-07T12:00:00Z,2022-06-07T12:00:00Z,2022-06-07T14:49:00Z,TARGET,1.9272727272727266,20,2,1.5,4h,3834,false,false,28,-0.0019045892857142547,bearish,falling,opposed,NO_RECENT_SQUEEZE
EUR/USD,1h,EUR/USD_2022-07-01,demand,2022-06-07T13:00:00Z,2022-06-07T13:13:00Z,2022-06-07T13:15:00Z,TARGET,1.2888888888886352,20,2,1.5,1h,4579,false,true,0,-0.001809732142857201,bearish,falling,opposed,RELEASED_SAME_BAR
BTC/USD,1h,BTC/USD_2022-07-01,supply,2022-06-07T21:00:00Z,2022-06-07T21:00:00Z,2022-06-07T22:47:00Z,TARGET,1.450416639184136,20,2,1.5,1h,4443,false,false,50,447.85685597142617,bullish,rising,opposed,NO_RECENT_SQUEEZE
EUR/USD,4h,EUR/USD_2022-07-01,demand,2022-06-08T04:00:00Z,2022-06-08T04:13:00Z,2022-06-09T16:00:00Z,S2_CLOSE_INVALIDATION,-1.293203883495139,20,2,1.5,4h,3838,false,false,32,-0.003278374999999929,bearish,falling,opposed,NO_RECENT_SQUEEZE
BTC/USD,4h,BTC/USD_2022-07-01,demand,2022-06-08T16:00:00Z,2022-06-08T16:33:00Z,2022-06-10T16:00:00Z,S2_CLOSE_INVALIDATION,-1.3223321004048179,20,2,1.5,4h,4864,false,false,57,-66.3310473617885,bearish,falling,opposed,NO_RECENT_SQUEEZE
EUR/USD,1h,EUR/USD_2022-07-01,demand,2022-06-10T09:00:00Z,2022-06-10T09:26:00Z,2022-06-10T09:32:00Z,TARGET,1.3600000000002137,20,2,1.5,1h,4647,false,false,18,-0.004239482142857022,bearish,rising,opposed,NO_RECENT_SQUEEZE
EUR/USD,1h,EUR/USD_2022-07-01,demand,2022-06-10T10:00:00Z,2022-06-10T10:00:00Z,2022-06-10T11:00:00Z,S2_CLOSE_INVALIDATION,-3.1828571428571513,20,2,1.5,1h,4648,false,false,19,-0.003712071428571322,bearish,rising,opposed,NO_RECENT_SQUEEZE
BTC/USD,1h,BTC/USD_2022-07-01,demand,2022-06-10T20:00:00Z,2022-06-10T20:00:00Z,2022-06-10T20:11:00Z,TARGET,0.4843153471855346,20,2,1.5,1h,4514,false,false,6,-535.6266817330013,bearish,falling,opposed,NO_RECENT_SQUEEZE
BTC/USD,1h,BTC/USD_2022-07-01,demand,2022-06-11T21:00:00Z,2022-06-11T21:00:00Z,2022-06-12T02:00:00Z,S2_CLOSE_INVALIDATION,-2.3152382722719054,20,2,1.5,1h,4539,false,false,31,-433.11476749385815,bearish,falling,opposed,NO_RECENT_SQUEEZE
BTC/USD,1h,BTC/USD_2022-07-01,demand,2022-06-12T04:00:00Z,2022-06-12T04:55:00Z,2022-06-12T23:00:00Z,S2_CLOSE_INVALIDATION,-2.0816982150681382,20,2,1.5,1h,4546,false,false,38,-579.9863177554294,bearish,falling,opposed,NO_RECENT_SQUEEZE
EUR/USD,1h,EUR/USD_2022-07-01,demand,2022-06-13T01:00:00Z,2022-06-13T01:00:00Z,2022-06-13T06:00:00Z,S2_CLOSE_INVALIDATION,-2.766666666667066,20,2,1.5,1h,4663,false,false,34,-0.007036249999999922,bearish,falling,opposed,NO_RECENT_SQUEEZE
EUR/USD,4h,EUR/USD_2022-07-01,demand,2022-06-13T04:00:00Z,2022-06-13T04:43:00Z,2022-06-13T08:00:00Z,S2_CLOSE_INVALIDATION,-2.2000000000000104,20,2,1.5,4h,3857,false,false,9,-0.014254607142857183,bearish,falling,opposed,NO_RECENT_SQUEEZE
EUR/USD,1h,EUR/USD_2022-07-01,demand,2022-06-13T13:00:00Z,2022-06-13T13:57:00Z,2022-06-13T14:00:00Z,S2_CLOSE_INVALIDATION,-2.9333333333333624,20,2,1.5,1h,4675,false,false,46,-0.003218339285714346,bearish,rising,opposed,NO_RECENT_SQUEEZE
EUR/USD,4h,EUR/USD_2022-07-01,demand,2022-06-13T16:00:00Z,2022-06-13T19:32:00Z,2022-06-14T03:48:00Z,TARGET,1.8545454545454678,20,2,1.5,4h,3860,false,false,12,-0.01839248214285718,bearish,falling,opposed,NO_RECENT_SQUEEZE
EUR/USD,1h,EUR/USD_2022-07-01,demand,2022-06-13T20:00:00Z,2022-06-13T20:06:00Z,2022-06-14T05:56:00Z,TARGET,1.9000000000000028,20,2,1.5,1h,4682,false,false,53,-0.0030234107142856808,bearish,falling,opposed,NO_RECENT_SQUEEZE
EUR/USD,1h,EUR/USD_2022-07-01,supply,2022-06-14T07:00:00Z,2022-06-14T07:45:00Z,2022-06-14T09:53:00Z,TARGET,1.8933333333333373,20,2,1.5,1h,4693,false,false,64,-0.0009146785714286717,bearish,rising,aligned,NO_RECENT_SQUEEZE
EUR/USD,1h,EUR/USD_2022-07-01,supply,2022-06-15T05:00:00Z,2022-06-15T05:52:00Z,2022-06-15T08:00:00Z,S2_CLOSE_INVALIDATION,-1.5733333333332602,20,2,1.5,1h,4715,false,false,86,-0.0006111428571428513,bearish,rising,aligned,NO_RECENT_SQUEEZE
EUR/USD,1h,EUR/USD_2022-07-01,supply,2022-06-15T06:00:00Z,2022-06-15T06:26:00Z,2022-06-15T06:48:00Z,TARGET,1.6799999999999646,20,2,1.5,1h,4716,false,false,87,0.0001565000000000038,bullish,rising,opposed,NO_RECENT_SQUEEZE
EUR/USD,1h,EUR/USD_2022-07-01,supply,2022-06-15T07:00:00Z,2022-06-15T07:00:00Z,2022-06-15T08:00:00Z,S2_CLOSE_INVALIDATION,-1.5733333333332602,20,2,1.5,1h,4717,false,false,88,0.0009389285714286196,bullish,rising,opposed,NO_RECENT_SQUEEZE
BTC/USD,1h,BTC/USD_2022-07-01,supply,2022-06-15T11:00:00Z,2022-06-15T11:35:00Z,2022-06-15T13:00:00Z,S2_CLOSE_INVALIDATION,-2.1095044352772248,20,2,1.5,1h,4625,false,false,6,-1203.0277171171433,bearish,falling,aligned,NO_RECENT_SQUEEZE
EUR/USD,1h,EUR/USD_2022-07-01,demand,2022-06-15T12:00:00Z,2022-06-15T12:56:00Z,2022-06-15T15:00:00Z,S2_CLOSE_INVALIDATION,-1.2874999999999712,20,2,1.5,1h,4722,false,false,93,0.003806875000000041,bullish,falling,aligned,NO_RECENT_SQUEEZE
EUR/USD,1h,EUR/USD_2022-07-01,demand,2022-06-15T18:00:00Z,2022-06-15T18:06:00Z,2022-06-15T18:17:00Z,TARGET,1.8915254237288057,20,2,1.5,1h,4728,false,false,99,-0.0025826607142856494,bearish,falling,opposed,NO_RECENT_SQUEEZE
BTC/USD,1h,BTC/USD_2022-07-01,supply,2022-06-15T23:00:00Z,2022-06-15T23:09:00Z,2022-06-16T05:08:00Z,TARGET,1.7048255208801035,20,2,1.5,1h,4637,false,false,18,693.2441216948577,bullish,rising,opposed,NO_RECENT_SQUEEZE
EUR/USD,1h,EUR/USD_2022-07-01,supply,2022-06-16T03:00:00Z,2022-06-16T03:15:00Z,2022-06-16T05:37:00Z,TARGET,1.799999999999978,20,2,1.5,1h,4737,false,false,108,-0.0007861071428569717,bearish,rising,aligned,NO_RECENT_SQUEEZE
EUR/USD,1h,EUR/USD_2022-07-01,supply,2022-06-16T13:00:00Z,2022-06-16T13:02:00Z,2022-06-16T14:00:00Z,S2_CLOSE_INVALIDATION,-2.2897959183673597,20,2,1.5,1h,4747,false,false,118,-0.0010159464285713871,bearish,falling,aligned,NO_RECENT_SQUEEZE
EUR/USD,1h,EUR/USD_2022-07-01,supply,2022-06-16T15:00:00Z,2022-06-16T15:51:00Z,2022-06-16T16:00:00Z,S2_CLOSE_INVALIDATION,-2.76551724137907,20,2,1.5,1h,4749,false,false,120,0.00012866071428573153,bullish,rising,opposed,NO_RECENT_SQUEEZE
BTC/USD,1h,BTC/USD_2022-07-01,supply,2022-06-17T07:00:00Z,2022-06-17T07:54:00Z,2022-06-17T12:50:00Z,TARGET,1.772776919360203,20,2,1.5,1h,4669,true,false,50,-340.4108658247146,bearish,rising,aligned,SQUEEZE_ON
BTC/USD,1h,BTC/USD_2022-07-01,supply,2022-06-18T22:00:00Z,2022-06-18T22:31:00Z,2022-06-18T23:16:00Z,TARGET,1.674937141385826,20,2,1.5,1h,4708,false,false,15,-1176.9762959414293,bearish,rising,aligned,NO_RECENT_SQUEEZE
BTC/USD,1h,BTC/USD_2022-07-01,supply,2022-06-19T14:00:00Z,2022-06-19T14:46:00Z,2022-06-19T18:00:00Z,S2_CLOSE_INVALIDATION,-1.6603803906078318,20,2,1.5,1h,4724,false,false,31,758.1640822174999,bullish,rising,opposed,NO_RECENT_SQUEEZE
BTC/USD,1h,BTC/USD_2022-07-01,supply,2022-06-19T20:00:00Z,2022-06-19T20:33:00Z,2022-06-19T20:41:00Z,TARGET,1.3211257304970405,20,2,1.5,1h,4730,false,false,37,1102.8198836371428,bullish,rising,opposed,NO_RECENT_SQUEEZE
BTC/USD,4h,BTC/USD_2022-07-01,supply,2022-06-19T20:00:00Z,2022-06-19T20:33:00Z,2022-06-20T00:52:00Z,TARGET,1.7169711548259319,20,2,1.5,4h,4931,false,false,124,-1018.1345390221447,bearish,rising,aligned,NO_RECENT_SQUEEZE
BTC/USD,1h,BTC/USD_2022-07-01,supply,2022-06-19T22:00:00Z,2022-06-19T22:17:00Z,2022-06-19T23:44:00Z,TARGET,1.3211257304970405,20,2,1.5,1h,4732,false,false,39,1311.6407708439283,bullish,rising,opposed,NO_RECENT_SQUEEZE
BTC/USD,1h,BTC/USD_2022-07-01,demand,2022-06-20T19:00:00Z,2022-06-20T19:08:00Z,2022-06-20T20:53:00Z,TARGET,1.7513269428794207,20,2,1.5,1h,4753,false,false,60,48.548659411784456,bullish,falling,aligned,NO_RECENT_SQUEEZE
EUR/USD,1h,EUR/USD_2022-07-01,demand,2022-06-21T06:00:00Z,2022-06-21T06:00:00Z,2022-06-21T06:36:00Z,TARGET,1.5428571428572375,20,2,1.5,1h,4812,true,false,183,-0.0002833392857143442,bearish,rising,opposed,SQUEEZE_ON
BTC/USD,1h,BTC/USD_2022-07-01,supply,2022-06-21T07:00:00Z,2022-06-21T07:00:00Z,2022-06-21T13:00:00Z,S2_CLOSE_INVALIDATION,-1.6754534865237054,20,2,1.5,1h,4765,false,false,72,174.13796210464525,bullish,rising,opposed,NO_RECENT_SQUEEZE
EUR/USD,4h,EUR/USD_2022-07-01,demand,2022-06-21T16:00:00Z,2022-06-21T18:48:00Z,2022-06-22T04:00:00Z,S2_CLOSE_INVALIDATION,-1.4825396825396768,20,2,1.5,4h,3897,true,false,49,0.0028868928571427104,bullish,falling,aligned,SQUEEZE_ON
BTC/USD,1h,BTC/USD_2022-07-01,demand,2022-06-22T07:00:00Z,2022-06-22T07:00:00Z,2022-06-22T13:55:00Z,TARGET,1.7194669092622696,20,2,1.5,1h,4789,false,false,96,-845.8793817757133,bearish,falling,opposed,NO_RECENT_SQUEEZE
EUR/USD,1h,EUR/USD_2022-07-01,supply,2022-06-22T08:00:00Z,2022-06-22T08:21:00Z,2022-06-22T08:44:00Z,TARGET,1.600000000000178,20,2,1.5,1h,4838,false,false,24,-0.004234821428571513,bearish,rising,aligned,NO_RECENT_SQUEEZE
BTC/USD,4h,BTC/USD_2022-07-01,demand,2022-06-22T12:00:00Z,2022-06-22T12:50:00Z,2022-06-23T22:32:00Z,TARGET,1.871801689830259,20,2,1.5,4h,4947,false,false,140,1192.1687283132153,bullish,falling,aligned,NO_RECENT_SQUEEZE
BTC/USD,4h,BTC/USD_2022-07-01,supply,2022-06-24T00:00:00Z,2022-06-24T02:36:00Z,2022-06-26T08:00:00Z,S2_CLOSE_INVALIDATION,-1.1690713140923341,20,2,1.5,4h,4956,true,false,149,-328.9171592445001,bearish,rising,aligned,SQUEEZE_ON
EUR/USD,1h,EUR/USD_2022-07-01,supply,2022-06-24T14:00:00Z,2022-06-24T14:03:00Z,2022-06-24T14:44:00Z,TARGET,1.8476190476190468,20,2,1.5,1h,4892,true,false,78,0.0012042499999999924,bullish,falling,opposed,SQUEEZE_ON
EUR/USD,1h,EUR/USD_2022-07-01,supply,2022-06-26T23:00:00Z,2022-06-26T23:06:00Z,2022-06-27T07:00:00Z,S2_CLOSE_INVALIDATION,-2.057142857142868,20,2,1.5,1h,4901,true,false,87,0.0009410357142856604,bullish,rising,opposed,SQUEEZE_ON
EUR/USD,1h,EUR/USD_2022-07-01,demand,2022-06-28T01:00:00Z,2022-06-28T01:57:00Z,2022-06-28T06:36:00Z,TARGET,1.8511627906976964,20,2,1.5,1h,4927,false,false,9,-0.00007698214285707054,bearish,falling,opposed,NO_RECENT_SQUEEZE
EUR/USD,1h,EUR/USD_2022-07-01,demand,2022-06-28T08:00:00Z,2022-06-28T08:03:00Z,2022-06-28T08:08:00Z,TARGET,1.5428571428572375,20,2,1.5,1h,4934,true,false,16,-0.001021232142857184,bearish,falling,opposed,SQUEEZE_ON
EUR/USD,1h,EUR/USD_2022-07-01,demand,2022-06-28T14:00:00Z,2022-06-28T14:03:00Z,2022-06-29T04:00:00Z,S2_CLOSE_INVALIDATION,-1.7999999999999128,20,2,1.5,1h,4940,false,true,1,-0.0019054821428572911,bearish,falling,opposed,RELEASED_1_BAR_AGO
EUR/USD,1h,EUR/USD_2022-07-01,supply,2022-06-29T09:00:00Z,2022-06-29T09:11:00Z,2022-06-29T09:59:00Z,TARGET,1.799999999999978,20,2,1.5,1h,4959,false,false,20,-0.0019057678571428927,bearish,rising,aligned,NO_RECENT_SQUEEZE
EUR/USD,1h,EUR/USD_2022-07-01,supply,2022-06-29T11:00:00Z,2022-06-29T11:00:00Z,2022-06-29T12:24:00Z,TARGET,1.799999999999978,20,2,1.5,1h,4961,false,false,22,-0.001214017857142819,bearish,rising,aligned,NO_RECENT_SQUEEZE
EUR/USD,4h,EUR/USD_2022-07-01,demand,2022-06-29T12:00:00Z,2022-06-29T13:47:00Z,2022-06-29T16:00:00Z,S2_CLOSE_INVALIDATION,-1.1777777777777647,20,2,1.5,4h,3933,false,true,3,-0.0016068750000000837,bearish,falling,opposed,RELEASED_2_TO_3_BARS_AGO
EUR/USD,1h,EUR/USD_2022-07-01,demand,2022-06-30T12:00:00Z,2022-06-30T12:00:00Z,2022-06-30T14:53:00Z,TARGET,1.9111111111111123,20,2,1.5,1h,4986,false,false,22,-0.0022488392857143765,bearish,falling,opposed,NO_RECENT_SQUEEZE
BTC/USD,4h,BTC/USD_2022-07-01,supply,2022-07-01T00:00:00Z,2022-07-01T00:29:00Z,2022-07-01T03:51:00Z,TARGET,1.4013255971714251,20,2,1.5,4h,4998,false,false,17,-922.501685146071,bearish,rising,aligned,NO_RECENT_SQUEEZE
BTC/USD,1h,BTC/USD_2022-07-01,supply,2022-07-01T00:00:00Z,2022-07-01T00:31:00Z,2022-07-01T00:38:00Z,TARGET,1.3787002134076958,20,2,1.5,1h,4998,false,false,17,-365.39174249771565,bearish,rising,aligned,NO_RECENT_SQUEEZE
USD/JPY,1h,USD/JPY_2022-11-01,demand,2022-09-07T18:00:00Z,2022-09-07T18:00:00Z,2022-09-07T19:00:00Z,S2_CLOSE_INVALIDATION,-1.588690352648114,20,2,1.5,1h,4081,false,false,37,0.568448073928574,bullish,falling,aligned,NO_RECENT_SQUEEZE
USD/JPY,1h,USD/JPY_2022-11-01,demand,2022-09-08T04:00:00Z,2022-09-08T04:04:00Z,2022-09-08T04:32:00Z,TARGET,1.7538272174783067,20,2,1.5,1h,4091,false,false,47,-0.470501035000003,bearish,falling,opposed,NO_RECENT_SQUEEZE
USD/JPY,1h,USD/JPY_2022-11-01,supply,2022-09-09T01:00:00Z,2022-09-09T01:00:00Z,2022-09-09T04:06:00Z,TARGET,1.957894182818196,20,2,1.5,1h,4112,true,false,68,0.204452062178566,bullish,falling,opposed,SQUEEZE_ON
USD/JPY,4h,USD/JPY_2022-11-01,demand,2022-09-09T01:00:00Z,2022-09-09T04:08:00Z,2022-09-09T06:05:00Z,TARGET,1.8476263035093647,20,2,1.5,4h,4251,false,false,35,1.748297018571418,bullish,falling,aligned,NO_RECENT_SQUEEZE
USD/JPY,1h,USD/JPY_2022-11-01,demand,2022-09-09T10:00:00Z,2022-09-09T10:08:00Z,2022-09-09T11:11:00Z,TARGET,1.847611791037672,20,2,1.5,1h,4121,false,false,6,-1.0974113363214286,bearish,falling,opposed,NO_RECENT_SQUEEZE
USD/JPY,1h,USD/JPY_2022-11-01,supply,2022-09-11T22:00:00Z,2022-09-11T22:36:00Z,2022-09-12T00:00:00Z,S2_CLOSE_INVALIDATION,-2.574651584276076,20,2,1.5,1h,4133,false,false,18,-0.16062263089285933,bearish,rising,aligned,NO_RECENT_SQUEEZE
USD/JPY,1h,USD/JPY_2022-11-01,supply,2022-09-12T03:00:00Z,2022-09-12T03:00:00Z,2022-09-12T04:00:00Z,S2_CLOSE_INVALIDATION,-2.808000000000064,20,2,1.5,1h,4138,false,false,23,0.49125776107142743,bullish,rising,opposed,NO_RECENT_SQUEEZE
USD/JPY,1h,USD/JPY_2022-11-01,supply,2022-09-12T18:00:00Z,2022-09-12T18:20:00Z,2022-09-12T19:00:00Z,S2_CLOSE_INVALIDATION,-1.3538325449020974,20,2,1.5,1h,4153,false,true,1,-0.3986924953928435,bearish,falling,aligned,RELEASED_1_BAR_AGO
USD/JPY,1h,USD/JPY_2022-11-01,supply,2022-09-13T07:00:00Z,2022-09-13T07:11:00Z,2022-09-13T09:30:00Z,TARGET,1.8792452830188617,20,2,1.5,1h,4166,true,false,14,-0.0658179999999967,bearish,rising,aligned,SQUEEZE_ON
USD/JPY,1h,USD/JPY_2022-11-01,demand,2022-09-13T23:00:00Z,2022-09-13T23:41:00Z,2022-09-14T00:17:00Z,TARGET,1.839999999999991,20,2,1.5,1h,4182,false,false,13,1.659335643928577,bullish,rising,aligned,NO_RECENT_SQUEEZE
USD/JPY,1h,USD/JPY_2022-11-01,demand,2022-09-14T00:00:00Z,2022-09-14T00:44:00Z,2022-09-14T06:00:00Z,S2_CLOSE_INVALIDATION,-1.4404269662920577,20,2,1.5,1h,4183,false,false,14,1.6569812175000012,bullish,falling,aligned,NO_RECENT_SQUEEZE
USD/JPY,1h,USD/JPY_2022-11-01,supply,2022-09-16T02:00:00Z,2022-09-16T02:48:00Z,2022-09-16T04:47:00Z,TARGET,1.8666666666666718,20,2,1.5,1h,4233,true,false,10,-0.16487064410714214,bearish,falling,aligned,SQUEEZE_ON
USD/JPY,1h,USD/JPY_2022-11-01,supply,2022-09-16T06:00:00Z,2022-09-16T06:00:00Z,2022-09-16T07:24:00Z,TARGET,1.8666666666666718,20,2,1.5,1h,4237,true,false,14,-0.06994897524999714,bearish,rising,aligned,SQUEEZE_ON
USD/JPY,1h,USD/JPY_2022-11-01,supply,2022-09-16T08:00:00Z,2022-09-16T08:15:00Z,2022-09-16T09:16:00Z,TARGET,1.8666666666666718,20,2,1.5,1h,4239,true,false,16,0.012312309500006374,bullish,rising,opposed,SQUEEZE_ON
USD/JPY,1h,USD/JPY_2022-11-01,supply,2022-09-19T08:00:00Z,2022-09-19T08:00:00Z,2022-09-19T11:00:00Z,S2_CLOSE_INVALIDATION,-1.4665833333332228,20,2,1.5,1h,4263,false,true,3,0.159506541428563,bullish,rising,opposed,RELEASED_2_TO_3_BARS_AGO
USD/JPY,1h,USD/JPY_2022-11-01,demand,2022-09-21T18:00:00Z,2022-09-21T18:43:00Z,2022-09-21T22:36:00Z,TARGET,1.9384603550068278,20,2,1.5,1h,4321,false,false,4,0.3324046942857093,bullish,rising,aligned,NO_RECENT_SQUEEZE
USD/JPY,1h,USD/JPY_2022-11-01,supply,2022-09-21T22:00:00Z,2022-09-21T22:44:00Z,2022-09-22T00:00:00Z,S2_CLOSE_INVALIDATION,-1.2769230769231652,20,2,1.5,1h,4325,false,false,8,0.10668845821428112,bullish,falling,opposed,NO_RECENT_SQUEEZE
USD/JPY,1h,USD/JPY_2022-11-01,demand,2022-09-22T08:00:00Z,2022-09-22T08:41:00Z,2022-09-22T08:52:00Z,TARGET,1.847611791037672,20,2,1.5,1h,4335,false,false,18,0.7664745492857272,bullish,rising,aligned,NO_RECENT_SQUEEZE
USD/JPY,4h,USD/JPY_2022-11-01,demand,2022-09-22T09:00:00Z,2022-09-22T12:48:00Z,2022-09-22T13:00:00Z,TARGET,1.9111135801783254,20,2,1.5,4h,4307,true,false,4,0.4599606939285662,bullish,falling,aligned,SQUEEZE_ON
USD/JPY,1h,USD/JPY_2022-11-01,supply,2022-09-23T09:00:00Z,2022-09-23T09:00:00Z,2022-09-25T21:00:00Z,S2_CLOSE_INVALIDATION,-1.2066238849264153,20,2,1.5,1h,4360,true,false,43,0.40087568285714015,bullish,rising,opposed,SQUEEZE_ON
USD/JPY,1h,USD/JPY_2022-11-01,demand,2022-09-26T12:00:00Z,2022-09-26T12:48:00Z,2022-09-26T13:58:00Z,TARGET,1.9015429754143534,20,2,1.5,1h,4387,false,false,23,0.4654171388928404,bullish,falling,aligned,NO_RECENT_SQUEEZE
USD/JPY,1h,USD/JPY_2022-11-01,demand,2022-09-26T13:00:00Z,2022-09-26T13:00:00Z,2022-09-26T16:06:00Z,TARGET,1.9522388059701503,20,2,1.5,1h,4388,false,false,24,0.37818086642855964,bullish,falling,aligned,NO_RECENT_SQUEEZE
USD/JPY,4h,USD/JPY_2022-11-01,supply,2022-09-27T17:00:00Z,2022-09-27T17:00:00Z,2022-10-05T00:08:00Z,TARGET,1.9699530516431925,20,2,1.5,4h,4327,false,false,19,2.0151332153571566,bullish,rising,opposed,NO_RECENT_SQUEEZE
USD/JPY,1h,USD/JPY_2022-11-01,demand,2022-10-06T00:00:00Z,2022-10-06T00:01:00Z,2022-10-06T01:25:00Z,TARGET,1.8719999999999999,20,2,1.5,1h,4568,false,false,31,0.3108407764285711,bullish,falling,aligned,NO_RECENT_SQUEEZE
USD/JPY,1h,USD/JPY_2022-11-01,supply,2022-10-06T15:00:00Z,2022-10-06T15:00:00Z,2022-10-06T17:00:00Z,S2_CLOSE_INVALIDATION,-1.3058823529410408,20,2,1.5,1h,4583,true,false,46,0.07311189500003164,bullish,rising,opposed,SQUEEZE_ON
USD/JPY,4h,USD/JPY_2022-11-01,supply,2022-10-06T16:00:00Z,2022-10-06T16:00:00Z,2022-10-07T16:00:00Z,S2_CLOSE_INVALIDATION,-1.7387755102040354,20,2,1.5,4h,4369,true,false,61,0.11678219000000475,bullish,rising,opposed,SQUEEZE_ON
USD/JPY,1h,USD/JPY_2022-11-01,supply,2022-10-10T15:00:00Z,2022-10-10T15:01:00Z,2022-10-11T16:46:00Z,TARGET,1.8933333333333373,20,2,1.5,1h,4630,true,false,20,0.11512550625000902,bullish,rising,opposed,SQUEEZE_ON
USD/JPY,1h,USD/JPY_2022-11-01,supply,2022-10-11T22:00:00Z,2022-10-11T22:00:00Z,2022-10-12T00:00:00Z,S2_CLOSE_INVALIDATION,-2.606666666666568,20,2,1.5,1h,4661,true,false,29,0.0432486464285481,bullish,rising,opposed,SQUEEZE_ON
USD/JPY,1h,USD/JPY_2022-11-01,demand,2022-10-18T00:00:00Z,2022-10-18T00:59:00Z,2022-10-18T07:20:00Z,TARGET,1.8814814814814735,20,2,1.5,1h,4759,false,false,4,0.11956342178571981,bullish,rising,aligned,NO_RECENT_SQUEEZE
USD/JPY,4h,USD/JPY_2022-11-01,demand,2022-10-18T08:00:00Z,2022-10-18T09:04:00Z,2022-10-18T09:04:00Z,TARGET,1.854532230202722,20,2,1.5,4h,4415,false,false,45,1.3703254832142902,bullish,falling,aligned,NO_RECENT_SQUEEZE
USD/JPY,1h,USD/JPY_2022-11-01,demand,2022-10-20T09:00:00Z,2022-10-20T09:35:00Z,2022-10-20T10:00:00Z,S2_CLOSE_INVALIDATION,-2.355555555555654,20,2,1.5,1h,4816,true,false,22,0.09612414642856895,bullish,falling,aligned,SQUEEZE_ON
USD/JPY,1h,USD/JPY_2022-11-01,demand,2022-10-21T14:00:00Z,2022-10-21T14:52:00Z,2022-10-21T14:52:00Z,TARGET,1.8476190476190328,20,2,1.5,1h,4845,false,false,23,0.7716933317857305,bullish,rising,aligned,NO_RECENT_SQUEEZE
USD/JPY,1h,USD/JPY_2022-11-01,demand,2022-10-23T22:00:00Z,2022-10-23T22:00:00Z,2022-10-26T18:00:00Z,S2_CLOSE_INVALIDATION,-1.0455026455026422,20,2,1.5,1h,4853,false,false,31,-1.8951840774999829,bearish,falling,opposed,NO_RECENT_SQUEEZE
USD/JPY,1h,USD/JPY_2022-11-01,demand,2022-10-26T22:00:00Z,2022-10-26T22:17:00Z,2022-10-26T23:00:00Z,S2_CLOSE_INVALIDATION,-2.159987999400339,20,2,1.5,1h,4925,false,false,32,-1.1353655496071422,bearish,rising,opposed,NO_RECENT_SQUEEZE
USD/JPY,4h,USD/JPY_2022-11-01,demand,2022-10-27T00:00:00Z,2022-10-27T00:00:00Z,2022-10-27T04:00:00Z,S2_CLOSE_INVALIDATION,-3.3285618365977303,20,2,1.5,4h,4455,false,false,85,-1.5000888322142873,bearish,falling,opposed,NO_RECENT_SQUEEZE
USD/JPY,1h,USD/JPY_2022-11-01,supply,2022-10-28T00:00:00Z,2022-10-28T00:50:00Z,2022-10-28T04:03:00Z,TARGET,1.9255813953488383,20,2,1.5,1h,4951,false,false,58,0.3865527553571334,bullish,rising,opposed,NO_RECENT_SQUEEZE
USD/JPY,1h,USD/JPY_2022-11-01,supply,2022-10-28T06:00:00Z,2022-10-28T06:13:00Z,2022-10-28T07:00:00Z,S2_CLOSE_INVALIDATION,-2.8418651162790076,20,2,1.5,1h,4957,true,false,64,0.057430777142855466,bullish,rising,opposed,SQUEEZE_ON
USD/JPY,4h,USD/JPY_2022-11-01,supply,2022-10-31T00:00:00Z,2022-10-31T00:51:00Z,2022-10-31T08:00:00Z,S2_CLOSE_INVALIDATION,-2.070455800841927,20,2,1.5,4h,4467,false,false,97,0.13285946621428113,bullish,rising,opposed,NO_RECENT_SQUEEZE
USD/JPY,1h,USD/JPY_2022-11-01,supply,2022-10-31T00:00:00Z,2022-10-31T00:52:00Z,2022-10-31T04:04:00Z,TARGET,1.907247989890034,20,2,1.5,1h,4974,false,false,15,0.8126747967857073,bullish,falling,opposed,NO_RECENT_SQUEEZE
USD/JPY,1h,USD/JPY_2022-11-01,demand,2022-10-31T23:00:00Z,2022-10-31T23:06:00Z,2022-10-31T23:40:00Z,TARGET,1.7538461538462529,20,2,1.5,1h,4997,false,false,38,0.4760579135714189,bullish,falling,aligned,NO_RECENT_SQUEEZE
EUR/USD,1h,EUR/USD_2025-04-01,demand,2024-12-10T07:00:00Z,2024-12-10T07:56:00Z,2024-12-10T08:00:00Z,S2_CLOSE_INVALIDATION,-2.7826086956522875,20,2,1.5,1h,3155,false,false,36,-0.001428662142857094,bearish,rising,opposed,NO_RECENT_SQUEEZE
EUR/USD,1h,EUR/USD_2025-04-01,supply,2024-12-10T20:00:00Z,2024-12-10T20:11:00Z,2024-12-11T01:00:00Z,S2_CLOSE_INVALIDATION,-1.6250000000000135,20,2,1.5,1h,3168,false,false,49,-0.0024372071428571907,bearish,rising,aligned,NO_RECENT_SQUEEZE
EUR/USD,1h,EUR/USD_2025-04-01,supply,2024-12-11T13:00:00Z,2024-12-11T13:30:00Z,2024-12-11T13:30:00Z,TARGET,1.5362318840580245,20,2,1.5,1h,3185,false,false,66,-0.0009814260714286626,bearish,falling,aligned,NO_RECENT_SQUEEZE
EUR/USD,4h,EUR/USD_2025-04-01,demand,2024-12-12T12:00:00Z,2024-12-12T13:17:00Z,2024-12-18T16:00:00Z,S2_CLOSE_INVALIDATION,-2.973333333333374,20,2,1.5,4h,4531,false,false,11,-0.005200192857143,bearish,rising,opposed,NO_RECENT_SQUEEZE
EUR/USD,1h,EUR/USD_2025-04-01,demand,2024-12-19T02:00:00Z,2024-12-19T02:00:00Z,2025-01-02T10:00:00Z,S2_CLOSE_INVALIDATION,-1.225063938618934,20,2,1.5,1h,3318,false,false,9,-0.008674612857142869,bearish,falling,opposed,NO_RECENT_SQUEEZE
EUR/USD,1h,EUR/USD_2025-04-01,supply,2025-01-06T11:00:00Z,2025-01-06T11:30:00Z,2025-01-06T12:23:00Z,TARGET,1.7629629629629564,20,2,1.5,1h,3549,false,true,3,0.0025895967857143512,bullish,rising,opposed,RELEASED_2_TO_3_BARS_AGO
EUR/USD,4h,EUR/USD_2025-04-01,supply,2025-01-06T08:00:00Z,2025-01-06T11:33:00Z,2025-01-06T14:15:00Z,TARGET,1.9266055045871584,20,2,1.5,4h,4622,false,false,15,-0.004868297142857144,bearish,rising,aligned,NO_RECENT_SQUEEZE
EUR/USD,1h,EUR/USD_2025-04-01,supply,2025-01-06T13:00:00Z,2025-01-06T13:01:00Z,2025-01-06T13:45:00Z,TARGET,1.7629629629629564,20,2,1.5,1h,3551,false,false,5,0.0044295885714286205,bullish,rising,opposed,NO_RECENT_SQUEEZE
EUR/USD,1h,EUR/USD_2025-04-01,supply,2025-01-07T07:00:00Z,2025-01-07T07:39:00Z,2025-01-07T08:20:00Z,TARGET,1.7629629629629564,20,2,1.5,1h,3569,false,false,23,-0.000583927142857126,bearish,falling,aligned,NO_RECENT_SQUEEZE
EUR/USD,1h,EUR/USD_2025-04-01,demand,2025-01-07T22:00:00Z,2025-01-07T22:02:00Z,2025-01-08T07:00:00Z,S2_CLOSE_INVALIDATION,-1.336134453781521,20,2,1.5,1h,3584,false,false,38,-0.003873361071428629,bearish,falling,opposed,NO_RECENT_SQUEEZE
EUR/USD,1h,EUR/USD_2025-04-01,demand,2025-01-08T10:00:00Z,2025-01-08T10:08:00Z,2025-01-08T11:00:00Z,S2_CLOSE_INVALIDATION,-3.4230769230763363,20,2,1.5,1h,3596,false,false,50,-0.0033545525000000078,bearish,rising,opposed,NO_RECENT_SQUEEZE
EUR/USD,1h,EUR/USD_2025-04-01,supply,2025-01-08T22:00:00Z,2025-01-08T22:16:00Z,2025-01-09T00:32:00Z,TARGET,1.7241379310344946,20,2,1.5,1h,3608,false,false,62,-0.0010313032142857945,bearish,rising,aligned,NO_RECENT_SQUEEZE
EUR/USD,1h,EUR/USD_2025-04-01,supply,2025-01-09T17:00:00Z,2025-01-09T17:00:00Z,2025-01-10T13:30:00Z,TARGET,1.8714859437750944,20,2,1.5,1h,3627,true,false,81,-0.00044814892857149486,bearish,falling,aligned,SQUEEZE_ON
EUR/USD,1h,EUR/USD_2025-04-01,demand,2025-01-10T15:00:00Z,2025-01-10T15:00:00Z,2025-01-10T15:19:00Z,TARGET,1.748031496063057,20,2,1.5,1h,3649,false,true,0,-0.0006867703571428884,bearish,falling,opposed,RELEASED_SAME_BAR
EUR/USD,1h,EUR/USD_2025-04-01,supply,2025-01-14T15:00:00Z,2025-01-14T15:59:00Z,2025-01-15T09:00:00Z,S2_CLOSE_INVALIDATION,-1.25702811244994,20,2,1.5,1h,3697,false,false,48,0.0018373153571428276,bullish,falling,opposed,NO_RECENT_SQUEEZE
EUR/USD,1h,EUR/USD_2025-04-01,supply,2025-01-14T22:00:00Z,2025-01-14T22:01:00Z,2025-01-15T07:01:00Z,TARGET,1.831578947368422,20,2,1.5,1h,3704,false,false,55,0.00307653392857139,bullish,rising,opposed,NO_RECENT_SQUEEZE
EUR/USD,1h,EUR/USD_2025-04-01,supply,2025-01-15T09:00:00Z,2025-01-15T09:33:00Z,2025-01-15T13:00:00Z,S2_CLOSE_INVALIDATION,-3.7999999999999248,20,2,1.5,1h,3715,false,false,66,0.0017149382142856357,bullish,falling,opposed,NO_RECENT_SQUEEZE
EUR/USD,1h,EUR/USD_2025-04-01,demand,2025-01-15T16:00:00Z,2025-01-15T16:30:00Z,2025-01-15T20:31:00Z,TARGET,1.7575757575757145,20,2,1.5,1h,3722,true,false,73,0.00048543999999981825,bullish,falling,aligned,SQUEEZE_ON
EUR/USD,1h,EUR/USD_2025-04-01,demand,2025-01-15T18:00:00Z,2025-01-15T18:07:00Z,2025-01-15T20:31:00Z,TARGET,1.7575757575757145,20,2,1.5,1h,3724,false,true,0,-0.0006281807142858589,bearish,falling,opposed,RELEASED_SAME_BAR
EUR/USD,1h,EUR/USD_2025-04-01,demand,2025-01-15T22:00:00Z,2025-01-15T22:06:00Z,2025-01-16T00:30:00Z,TARGET,1.7575757575757145,20,2,1.5,1h,3728,false,false,4,-0.001471019285714242,bearish,falling,opposed,NO_RECENT_SQUEEZE
EUR/USD,1h,EUR/USD_2025-04-01,demand,2025-01-16T02:00:00Z,2025-01-16T02:22:00Z,2025-01-16T07:14:00Z,TARGET,1.7575757575757145,20,2,1.5,1h,3732,false,false,8,-0.001782384285714219,bearish,falling,opposed,NO_RECENT_SQUEEZE
EUR/USD,4h,EUR/USD_2025-04-01,supply,2025-01-16T04:00:00Z,2025-01-16T07:37:00Z,2025-01-16T12:43:00Z,TARGET,1.9077809798270797,20,2,1.5,4h,4670,false,false,63,0.006810248571428541,bullish,falling,opposed,NO_RECENT_SQUEEZE
EUR/USD,4h,EUR/USD_2025-04-01,supply,2025-01-16T20:00:00Z,2025-01-16T20:00:00Z,2025-01-17T14:21:00Z,TARGET,1.9077809798270797,20,2,1.5,4h,4674,false,false,67,0.005146587142857076,bullish,falling,opposed,NO_RECENT_SQUEEZE
EUR/USD,1h,EUR/USD_2025-04-01,demand,2025-01-17T20:00:00Z,2025-01-17T20:00:00Z,2025-01-20T03:58:00Z,TARGET,1.88014981273409,20,2,1.5,1h,3774,true,false,19,-0.0013107857142856767,bearish,falling,opposed,SQUEEZE_ON
BTC/USD,1h,BTC/USD_2025-04-01,demand,2025-01-18T04:00:00Z,2025-01-18T04:25:00Z,2025-01-18T04:32:00Z,TARGET,0.8947944578961875,20,2,1.5,1h,3250,false,false,31,935.1897464285847,bullish,falling,aligned,NO_RECENT_SQUEEZE
BTC/USD,1h,BTC/USD_2025-04-01,demand,2025-01-18T17:00:00Z,2025-01-18T17:00:00Z,2025-01-18T18:32:00Z,TARGET,1.3498099789133702,20,2,1.5,1h,3263,false,false,44,-728.4678142857244,bearish,rising,opposed,NO_RECENT_SQUEEZE
BTC/USD,4h,BTC/USD_2025-04-01,supply,2025-01-19T20:00:00Z,2025-01-19T20:04:00Z,2025-01-19T21:26:00Z,TARGET,1.5248446963490396,20,2,1.5,4h,4571,false,false,32,2712.2724357142806,bullish,rising,opposed,NO_RECENT_SQUEEZE
BTC/USD,1h,BTC/USD_2025-04-01,demand,2025-01-19T22:00:00Z,2025-01-19T22:49:00Z,2025-01-19T22:49:00Z,TARGET,0.15029871634601388,20,2,1.5,1h,3292,true,false,22,143.0597392857125,bullish,falling,aligned,SQUEEZE_ON
BTC/USD,1h,BTC/USD_2025-04-01,demand,2025-01-19T23:00:00Z,2025-01-19T23:39:00Z,2025-01-19T23:43:00Z,TARGET,1.2620549762448379,20,2,1.5,1h,3293,true,false,23,-90.08695714285886,bearish,falling,opposed,SQUEEZE_ON
BTC/USD,1h,BTC/USD_2025-04-01,demand,2025-01-20T01:00:00Z,2025-01-20T01:01:00Z,2025-01-20T01:08:00Z,TARGET,1.2620549762448379,20,2,1.5,1h,3295,false,true,1,-1313.119217857143,bearish,falling,opposed,RELEASED_1_BAR_AGO
EUR/USD,4h,EUR/USD_2025-04-01,supply,2025-01-20T00:00:00Z,2025-01-20T03:31:00Z,2025-01-20T08:00:00Z,S2_CLOSE_INVALIDATION,-1.5475504322767533,20,2,1.5,4h,4682,true,false,75,-0.001813909642857138,bearish,falling,aligned,SQUEEZE_ON
BTC/USD,4h,BTC/USD_2025-04-01,supply,2025-01-20T04:00:00Z,2025-01-20T06:51:00Z,2025-01-20T08:00:00Z,S2_CLOSE_INVALIDATION,-1.7681726546606076,20,2,1.5,4h,4573,false,false,34,1095.117160714279,bullish,falling,opposed,NO_RECENT_SQUEEZE
EUR/USD,1h,EUR/USD_2025-04-01,supply,2025-01-20T13:00:00Z,2025-01-20T13:32:00Z,2025-01-22T09:00:00Z,S2_CLOSE_INVALIDATION,-1.2862595419847058,20,2,1.5,1h,3790,false,false,8,0.002636996428571505,bullish,rising,opposed,NO_RECENT_SQUEEZE
BTC/USD,1h,BTC/USD_2025-04-01,demand,2025-01-20T17:00:00Z,2025-01-20T17:42:00Z,2025-01-20T17:50:00Z,TARGET,1.7162756531670227,20,2,1.5,1h,3311,false,false,17,3859.4882714285686,bullish,rising,aligned,NO_RECENT_SQUEEZE
BTC/USD,4h,BTC/USD_2025-04-01,demand,2025-01-20T20:00:00Z,2025-01-20T21:47:00Z,2025-01-27T04:00:00Z,S2_CLOSE_INVALIDATION,-1.2695950260160138,20,2,1.5,4h,4577,false,false,38,497.5810821428545,bullish,falling,aligned,NO_RECENT_SQUEEZE
EUR/USD,1h,EUR/USD_2025-04-01,supply,2025-01-22T11:00:00Z,2025-01-22T11:00:00Z,2025-01-22T13:38:00Z,TARGET,1.8423645320197026,20,2,1.5,1h,3836,false,false,54,0.0018406857142857249,bullish,falling,opposed,NO_RECENT_SQUEEZE
EUR/USD,4h,EUR/USD_2025-04-01,supply,2025-01-22T12:00:00Z,2025-01-22T12:00:00Z,2025-01-23T15:23:00Z,TARGET,1.9266055045871584,20,2,1.5,4h,4697,false,false,11,0.008298164285714168,bullish,rising,opposed,NO_RECENT_SQUEEZE
EUR/USD,1h,EUR/USD_2025-04-01,demand,2025-01-23T16:00:00Z,2025-01-23T16:00:00Z,2025-01-24T02:44:00Z,TARGET,1.9139784946236547,20,2,1.5,1h,3865,true,false,24,-0.00018977857142862104,bearish,rising,opposed,SQUEEZE_ON
EUR/USD,1h,EUR/USD_2025-04-01,supply,2025-01-24T04:00:00Z,2025-01-24T04:09:00Z,2025-01-24T07:00:00Z,S2_CLOSE_INVALIDATION,-1.3546798029558662,20,2,1.5,1h,3877,false,false,4,0.0023777428571428666,bullish,rising,opposed,NO_RECENT_SQUEEZE
EUR/USD,1h,EUR/USD_2025-04-01,supply,2025-01-24T08:00:00Z,2025-01-24T08:48:00Z,2025-01-24T11:33:00Z,TARGET,1.73553719008263,20,2,1.5,1h,3881,false,false,8,0.003370139285714375,bullish,rising,opposed,NO_RECENT_SQUEEZE
EUR/USD,1h,EUR/USD_2025-04-01,supply,2025-01-24T10:00:00Z,2025-01-24T10:00:00Z,2025-01-24T11:33:00Z,TARGET,1.73553719008263,20,2,1.5,1h,3883,false,false,10,0.004496792857143043,bullish,rising,opposed,NO_RECENT_SQUEEZE
EUR/USD,4h,EUR/USD_2025-04-01,supply,2025-01-24T16:00:00Z,2025-01-24T16:00:00Z,2025-01-24T18:22:00Z,TARGET,1.7793103448276126,20,2,1.5,4h,4710,false,true,2,0.004067489285714225,bullish,rising,opposed,RELEASED_2_TO_3_BARS_AGO
EUR/USD,1h,EUR/USD_2025-04-01,demand,2025-01-26T23:00:00Z,2025-01-26T23:25:00Z,2025-01-27T01:00:00Z,S2_CLOSE_INVALIDATION,-1.27380952380922,20,2,1.5,1h,3895,false,false,22,0.003109203571428413,bullish,falling,aligned,NO_RECENT_SQUEEZE
BTC/USD,1h,BTC/USD_2025-04-01,demand,2025-01-27T10:00:00Z,2025-01-27T10:52:00Z,2025-01-27T12:55:00Z,TARGET,1.6947405979681898,20,2,1.5,1h,3472,false,false,10,-3571.3679142857145,bearish,falling,opposed,NO_RECENT_SQUEEZE
EUR/USD,4h,EUR/USD_2025-04-01,supply,2025-01-27T08:00:00Z,2025-01-27T11:13:00Z,2025-01-27T15:30:00Z,TARGET,1.7793103448276126,20,2,1.5,4h,4715,false,false,7,0.00351021785714299,bullish,falling,opposed,NO_RECENT_SQUEEZE
EUR/USD,4h,EUR/USD_2025-04-01,supply,2025-01-27T12:00:00Z,2025-01-27T12:54:00Z,2025-01-27T12:54:00Z,TARGET,1.6404494382022703,20,2,1.5,4h,4716,false,false,8,0.004147739285714445,bullish,rising,opposed,NO_RECENT_SQUEEZE
BTC/USD,1h,BTC/USD_2025-04-01,supply,2025-01-27T20:00:00Z,2025-01-27T20:47:00Z,2025-01-28T02:00:00Z,S2_CLOSE_INVALIDATION,-1.350483836557574,20,2,1.5,1h,3482,false,false,20,-866.1953785714347,bearish,rising,aligned,NO_RECENT_SQUEEZE
EUR/USD,1h,EUR/USD_2025-04-01,demand,2025-01-28T12:00:00Z,2025-01-28T12:04:00Z,2025-01-28T12:35:00Z,TARGET,1.529411764705892,20,2,1.5,1h,3932,false,false,59,-0.005178015357142878,bearish,rising,opposed,NO_RECENT_SQUEEZE
BTC/USD,4h,BTC/USD_2025-04-01,supply,2025-01-28T12:00:00Z,2025-01-28T15:31:00Z,2025-02-02T11:44:00Z,TARGET,1.8695814343585146,20,2,1.5,4h,4623,false,false,8,-1873.7078214285773,bearish,rising,aligned,NO_RECENT_SQUEEZE
EUR/USD,1h,EUR/USD_2025-04-01,demand,2025-01-29T09:00:00Z,2025-01-29T09:05:00Z,2025-01-29T13:00:00Z,S2_CLOSE_INVALIDATION,-1.3333333333334065,20,2,1.5,1h,3953,true,false,80,0.0008868853571428082,bullish,falling,aligned,SQUEEZE_ON
EUR/USD,4h,EUR/USD_2025-04-01,demand,2025-01-29T12:00:00Z,2025-01-29T12:00:00Z,2025-01-29T15:44:00Z,TARGET,1.8620689655172473,20,2,1.5,4h,4728,false,false,20,-0.005917605357142836,bearish,falling,opposed,NO_RECENT_SQUEEZE
EUR/USD,1h,EUR/USD_2025-04-01,supply,2025-01-29T15:00:00Z,2025-01-29T15:44:00Z,2025-01-29T19:00:00Z,TARGET,1.7894736842105523,20,2,1.5,1h,3959,false,true,3,-0.0019097728571428982,bearish,falling,aligned,RELEASED_2_TO_3_BARS_AGO
EUR/USD,1h,EUR/USD_2025-04-01,supply,2025-01-29T17:00:00Z,2025-01-29T17:01:00Z,2025-01-29T19:00:00Z,TARGET,1.7894736842105523,20,2,1.5,1h,3961,false,false,5,-0.0015710082142857775,bearish,rising,aligned,NO_RECENT_SQUEEZE
EUR/USD,1h,EUR/USD_2025-04-01,supply,2025-01-29T23:00:00Z,2025-01-29T23:00:00Z,2025-01-30T09:03:00Z,TARGET,1.7894736842105523,20,2,1.5,1h,3967,false,false,11,-0.0003884303571429928,bearish,rising,aligned,NO_RECENT_SQUEEZE
EUR/USD,4h,EUR/USD_2025-04-01,demand,2025-01-30T12:00:00Z,2025-01-30T12:00:00Z,2025-01-30T13:49:00Z,TARGET,1.8620689655172473,20,2,1.5,4h,4734,false,false,26,-0.005785550714285593,bearish,falling,opposed,NO_RECENT_SQUEEZE
EUR/USD,1h,EUR/USD_2025-04-01,supply,2025-01-30T20:00:00Z,2025-01-30T20:23:00Z,2025-01-31T09:01:00Z,TARGET,1.9463087248322144,20,2,1.5,1h,3988,false,true,1,-0.00021227857142856879,bearish,rising,aligned,RELEASED_1_BAR_AGO
EUR/USD,1h,EUR/USD_2025-04-01,supply,2025-01-31T17:00:00Z,2025-01-31T17:12:00Z,2025-01-31T18:33:00Z,TARGET,1.9463087248322144,20,2,1.5,1h,4009,true,false,19,-0.0007485121428571985,bearish,rising,aligned,SQUEEZE_ON
EUR/USD,1h,EUR/USD_2025-04-01,demand,2025-01-31T20:00:00Z,2025-01-31T20:00:00Z,2025-01-31T21:00:00Z,S2_CLOSE_INVALIDATION,-1.752941176470615,20,2,1.5,1h,4012,true,false,22,-0.00020826250000008113,bearish,falling,opposed,SQUEEZE_ON
BTC/USD,1h,BTC/USD_2025-04-01,demand,2025-02-02T16:00:00Z,2025-02-02T16:46:00Z,2025-02-02T17:00:00Z,S2_CLOSE_INVALIDATION,-1.5748824939800117,20,2,1.5,1h,3622,false,false,17,-1334.455032142865,bearish,rising,opposed,NO_RECENT_SQUEEZE
BTC/USD,1h,BTC/USD_2025-04-01,demand,2025-02-02T19:00:00Z,2025-02-02T19:00:00Z,2025-02-02T19:32:00Z,TARGET,1.1886329986491904,20,2,1.5,1h,3625,false,false,20,-1728.2444785714385,bearish,falling,opposed,NO_RECENT_SQUEEZE
EUR/USD,4h,EUR/USD_2025-04-01,demand,2025-02-02T20:00:00Z,2025-02-02T22:31:00Z,2025-02-03T00:00:00Z,S2_CLOSE_INVALIDATION,-2.3779467680610424,20,2,1.5,4h,4743,true,false,35,-0.0031816717857143127,bearish,falling,opposed,SQUEEZE_ON
EUR/USD,1h,EUR/USD_2025-04-01,demand,2025-02-02T22:00:00Z,2025-02-02T22:32:00Z,2025-02-02T22:45:00Z,TARGET,1.686274509803928,20,2,1.5,1h,4014,true,false,24,-0.0006916132142857911,bearish,falling,opposed,SQUEEZE_ON
BTC/USD,4h,BTC/USD_2025-04-01,demand,2025-02-03T08:00:00Z,2025-02-03T08:04:00Z,2025-02-25T04:00:00Z,S2_CLOSE_INVALIDATION,-1.3262817949780181,20,2,1.5,4h,4658,false,false,43,-5191.379585714296,bearish,falling,opposed,NO_RECENT_SQUEEZE
EUR/USD,1h,EUR/USD_2025-04-01,supply,2025-02-04T02:00:00Z,2025-02-04T02:00:00Z,2025-02-04T14:00:00Z,S2_CLOSE_INVALIDATION,-1.371183533447715,20,2,1.5,1h,4042,false,false,27,0.007323687857142864,bullish,rising,opposed,NO_RECENT_SQUEEZE
EUR/USD,1h,EUR/USD_2025-04-01,supply,2025-02-05T12:00:00Z,2025-02-05T12:00:00Z,2025-02-06T08:20:00Z,TARGET,1.9288888888888847,20,2,1.5,1h,4076,false,true,1,0.002012413214285574,bullish,falling,opposed,RELEASED_1_BAR_AGO
USD/JPY,4h,USD/JPY_2025-04-01,demand,2025-02-06T16:00:00Z,2025-02-06T19:07:00Z,2025-02-07T06:55:00Z,TARGET,1.9384616568045103,20,2,1.5,4h,4766,false,false,50,-2.0758503716071424,bearish,falling,opposed,NO_RECENT_SQUEEZE
USD/JPY,4h,USD/JPY_2025-04-01,demand,2025-02-07T00:00:00Z,2025-02-07T00:00:00Z,2025-02-07T06:55:00Z,TARGET,1.9384616568045103,20,2,1.5,4h,4768,false,false,52,-2.403946707142869,bearish,falling,opposed,NO_RECENT_SQUEEZE
EUR/USD,1h,EUR/USD_2025-04-01,demand,2025-02-07T12:00:00Z,2025-02-07T12:02:00Z,2025-02-07T13:30:00Z,TARGET,1.6144578313253515,20,2,1.5,1h,4124,true,false,49,0.0008122985714286441,bullish,falling,aligned,SQUEEZE_ON
USD/JPY,4h,USD/JPY_2025-04-01,demand,2025-02-07T12:00:00Z,2025-02-07T15:04:00Z,2025-02-07T17:16:00Z,TARGET,1.9384616568045103,20,2,1.5,4h,4771,false,false,55,-2.0813971357142935,bearish,rising,opposed,NO_RECENT_SQUEEZE
USD/JPY,4h,USD/JPY_2025-04-01,demand,2025-02-07T20:00:00Z,2025-02-07T20:11:00Z,2025-02-09T23:56:00Z,TARGET,1.9384616568045103,20,2,1.5,4h,4773,false,false,57,-1.8022061571428627,bearish,rising,opposed,NO_RECENT_SQUEEZE
EUR/USD,1h,EUR/USD_2025-04-01,demand,2025-02-09T22:00:00Z,2025-02-09T22:31:00Z,2025-02-11T16:07:00Z,TARGET,1.9360000000000044,20,2,1.5,1h,4134,false,false,5,-0.003984760000000035,bearish,falling,opposed,NO_RECENT_SQUEEZE
USD/JPY,1h,USD/JPY_2025-04-01,supply,2025-02-11T10:00:00Z,2025-02-11T10:32:00Z,2025-02-11T11:00:00Z,S2_CLOSE_INVALIDATION,-2.7333718527083866,20,2,1.5,1h,4171,true,false,114,0.0575355919642878,bullish,rising,opposed,SQUEEZE_ON
EUR/USD,1h,EUR/USD_2025-04-01,supply,2025-02-11T19:00:00Z,2025-02-11T19:40:00Z,2025-02-12T13:30:00Z,TARGET,1.8877192982456148,20,2,1.5,1h,4179,false,false,6,0.0029775778571428635,bullish,rising,opposed,NO_RECENT_SQUEEZE
USD/JPY,1h,USD/JPY_2025-04-01,supply,2025-02-11T20:00:00Z,2025-02-11T20:33:00Z,2025-02-11T23:00:00Z,S2_CLOSE_INVALIDATION,-1.2571428571429553,20,2,1.5,1h,4181,false,false,6,0.4011444824999923,bullish,rising,opposed,NO_RECENT_SQUEEZE
USD/JPY,1h,USD/JPY_2025-04-01,supply,2025-02-12T00:00:00Z,2025-02-12T00:54:00Z,2025-02-12T01:00:00Z,S2_CLOSE_INVALIDATION,-1.8000055172794767,20,2,1.5,1h,4185,false,false,10,0.4437247503571484,bullish,rising,opposed,NO_RECENT_SQUEEZE
USD/JPY,1h,USD/JPY_2025-04-01,supply,2025-02-12T01:00:00Z,2025-02-12T01:55:00Z,2025-02-12T03:00:00Z,S2_CLOSE_INVALIDATION,-1.6908181818182666,20,2,1.5,1h,4186,false,false,11,0.5266252746428624,bullish,rising,opposed,NO_RECENT_SQUEEZE
USD/JPY,1h,USD/JPY_2025-04-01,demand,2025-02-12T07:00:00Z,2025-02-12T07:38:00Z,2025-02-12T07:55:00Z,TARGET,1.8117647058823076,20,2,1.5,1h,4192,false,false,17,0.8825567482142962,bullish,rising,aligned,NO_RECENT_SQUEEZE
EUR/USD,1h,EUR/USD_2025-04-01,supply,2025-02-12T07:00:00Z,2025-02-12T07:52:00Z,2025-02-12T13:30:00Z,TARGET,1.8877192982456148,20,2,1.5,1h,4191,false,false,18,0.00187578321428572,bullish,falling,opposed,NO_RECENT_SQUEEZE
USD/JPY,1h,USD/JPY_2025-04-01,demand,2025-02-12T09:00:00Z,2025-02-12T09:15:00Z,2025-02-12T10:12:00Z,TARGET,1.8117647058823076,20,2,1.5,1h,4194,false,false,19,0.8944005528571515,bullish,falling,aligned,NO_RECENT_SQUEEZE
USD/JPY,1h,USD/JPY_2025-04-01,supply,2025-02-12T13:00:00Z,2025-02-12T13:32:00Z,2025-02-12T13:34:00Z,TARGET,1.6444049338815434,20,2,1.5,1h,4198,false,false,23,0.714716811428568,bullish,falling,opposed,NO_RECENT_SQUEEZE
EUR/USD,1h,EUR/USD_2025-04-01,supply,2025-02-12T15:00:00Z,2025-02-12T15:38:00Z,2025-02-12T16:00:00Z,S2_CLOSE_INVALIDATION,-1.275789473684158,20,2,1.5,1h,4199,false,false,26,0.00004896535714287516,bullish,falling,opposed,NO_RECENT_SQUEEZE
EUR/USD,1h,EUR/USD_2025-04-01,supply,2025-02-12T18:00:00Z,2025-02-12T18:00:00Z,2025-02-13T05:00:00Z,S2_CLOSE_INVALIDATION,-1.0835555555555236,20,2,1.5,1h,4202,false,false,29,0.0015182439285715008,bullish,rising,opposed,NO_RECENT_SQUEEZE
EUR/USD,1h,EUR/USD_2025-04-01,supply,2025-02-13T06:00:00Z,2025-02-13T06:00:00Z,2025-02-13T08:07:00Z,TARGET,1.8024691358024636,20,2,1.5,1h,4214,false,false,41,0.0036684996428570354,bullish,rising,opposed,NO_RECENT_SQUEEZE
EUR/USD,4h,EUR/USD_2025-04-01,supply,2025-02-13T08:00:00Z,2025-02-13T10:17:00Z,2025-02-14T12:00:00Z,S2_CLOSE_INVALIDATION,-2.065134099616845,20,2,1.5,4h,4795,false,false,21,0.006705699642856961,bullish,rising,opposed,NO_RECENT_SQUEEZE
USD/JPY,1h,USD/JPY_2025-04-01,demand,2025-02-13T13:00:00Z,2025-02-13T13:50:00Z,2025-02-13T15:12:00Z,TARGET,1.8117647058823076,20,2,1.5,1h,4222,false,false,47,-0.4449525500000183,bearish,falling,opposed,NO_RECENT_SQUEEZE
EUR/USD,4h,EUR/USD_2025-04-01,supply,2025-02-14T20:00:00Z,2025-02-14T20:00:00Z,2025-02-19T09:01:00Z,TARGET,1.94434782608696,20,2,1.5,4h,4804,false,false,30,0.0096583432142857,bullish,falling,opposed,NO_RECENT_SQUEEZE
USD/JPY,1h,USD/JPY_2025-04-01,demand,2025-02-17T00:00:00Z,2025-02-17T00:49:00Z,2025-02-17T02:00:00Z,S2_CLOSE_INVALIDATION,-3.0570449026234674,20,2,1.5,1h,4257,false,false,82,-0.2296200048214246,bearish,falling,opposed,NO_RECENT_SQUEEZE
USD/JPY,1h,USD/JPY_2025-04-01,demand,2025-02-17T01:00:00Z,2025-02-17T01:00:00Z,2025-02-17T02:00:00Z,S2_CLOSE_INVALIDATION,-1.527220083362412,20,2,1.5,1h,4258,false,false,83,-0.27158386517857513,bearish,falling,opposed,NO_RECENT_SQUEEZE
USD/JPY,1h,USD/JPY_2025-04-01,supply,2025-02-17T08:00:00Z,2025-02-17T08:00:00Z,2025-02-17T10:45:00Z,TARGET,1.8117536325666042,20,2,1.5,1h,4265,false,false,90,-0.4692847105357227,bearish,rising,aligned,NO_RECENT_SQUEEZE
USD/JPY,1h,USD/JPY_2025-04-01,demand,2025-02-17T23:00:00Z,2025-02-17T23:42:00Z,2025-02-18T03:06:00Z,TARGET,1.9492071554419792,20,2,1.5,1h,4280,false,false,105,-0.1923135885714272,bearish,rising,opposed,NO_RECENT_SQUEEZE
USD/JPY,4h,USD/JPY_2025-04-01,supply,2025-02-19T00:00:00Z,2025-02-19T02:09:00Z,2025-02-19T02:20:00Z,TARGET,1.7538650873009205,20,2,1.5,4h,4818,false,false,102,-0.8823512991071323,bearish,rising,aligned,NO_RECENT_SQUEEZE
USD/JPY,1h,USD/JPY_2025-04-01,demand,2025-02-19T03:00:00Z,2025-02-19T03:05:00Z,2025-02-19T04:00:00Z,S2_CLOSE_INVALIDATION,-3.099991667361696,20,2,1.5,1h,4308,false,true,1,0.12381071357142405,bullish,rising,aligned,RELEASED_1_BAR_AGO
USD/JPY,1h,USD/JPY_2025-04-01,demand,2025-02-19T06:00:00Z,2025-02-19T06:03:00Z,2025-02-19T08:25:00Z,TARGET,1.7538272174783067,20,2,1.5,1h,4311,true,false,4,0.05831633500000148,bullish,falling,aligned,SQUEEZE_ON
USD/JPY,1h,USD/JPY_2025-04-01,demand,2025-02-19T10:00:00Z,2025-02-19T10:00:00Z,2025-02-19T10:19:00Z,TARGET,1.7538272174783067,20,2,1.5,1h,4315,false,true,3,-0.15432797785713723,bearish,falling,opposed,RELEASED_2_TO_3_BARS_AGO
EUR/USD,1h,EUR/USD_2025-04-01,demand,2025-02-19T17:00:00Z,2025-02-19T17:04:00Z,2025-02-20T15:25:00Z,TARGET,1.9463986599664995,20,2,1.5,1h,4321,false,false,6,-0.001792241428571471,bearish,falling,opposed,NO_RECENT_SQUEEZE
USD/JPY,1h,USD/JPY_2025-04-01,demand,2025-02-19T23:00:00Z,2025-02-19T23:43:00Z,2025-02-20T01:00:00Z,S2_CLOSE_INVALIDATION,-1.9713814066443522,20,2,1.5,1h,4328,false,false,16,-0.2518555150000164,bearish,rising,opposed,NO_RECENT_SQUEEZE
USD/JPY,4h,USD/JPY_2025-04-01,demand,2025-02-20T08:00:00Z,2025-02-20T11:13:00Z,2025-02-21T16:00:00Z,S2_CLOSE_INVALIDATION,-1.4899116279069915,20,2,1.5,4h,4826,false,true,1,-0.2893688716071503,bearish,falling,opposed,RELEASED_1_BAR_AGO
EUR/USD,1h,EUR/USD_2025-04-01,supply,2025-02-20T17:00:00Z,2025-02-20T17:10:00Z,2025-02-20T18:00:00Z,S2_CLOSE_INVALIDATION,-2.1856287425146337,20,2,1.5,1h,4345,false,false,30,0.002517398571428596,bullish,rising,opposed,NO_RECENT_SQUEEZE
EUR/USD,4h,EUR/USD_2025-04-01,supply,2025-02-20T16:00:00Z,2025-02-20T18:15:00Z,2025-02-21T08:15:00Z,TARGET,1.852534562211982,20,2,1.5,4h,4828,false,false,54,-0.0037404557142858164,bearish,rising,aligned,NO_RECENT_SQUEEZE
EUR/USD,4h,EUR/USD_2025-04-01,supply,2025-02-21T00:00:00Z,2025-02-21T00:00:00Z,2025-02-27T13:53:00Z,TARGET,1.94434782608696,20,2,1.5,4h,4830,false,false,56,-0.0007624978571429077,bearish,rising,aligned,NO_RECENT_SQUEEZE
USD/JPY,4h,USD/JPY_2025-04-01,demand,2025-02-21T20:00:00Z,2025-02-21T20:00:00Z,2025-02-28T07:53:00Z,TARGET,1.974193548387097,20,2,1.5,4h,4835,false,false,10,-1.2913656312500073,bearish,falling,opposed,NO_RECENT_SQUEEZE
BTC/USD,1h,BTC/USD_2025-04-01,supply,2025-02-25T13:00:00Z,2025-02-25T13:10:00Z,2025-02-25T14:38:00Z,TARGET,1.456424699130541,20,2,1.5,1h,4171,false,false,22,-3004.8198607142945,bearish,rising,aligned,NO_RECENT_SQUEEZE
BTC/USD,1h,BTC/USD_2025-04-01,supply,2025-02-27T07:00:00Z,2025-02-27T07:37:00Z,2025-02-27T19:06:00Z,TARGET,1.7763377622588397,20,2,1.5,1h,4213,false,false,13,-1255.2588785714229,bearish,rising,aligned,NO_RECENT_SQUEEZE
EUR/USD,1h,EUR/USD_2025-04-01,demand,2025-02-27T17:00:00Z,2025-02-27T17:44:00Z,2025-02-28T18:00:00Z,S2_CLOSE_INVALIDATION,-1.3591289782244618,20,2,1.5,1h,4465,false,true,3,-0.0031699971428570525,bearish,falling,opposed,RELEASED_2_TO_3_BARS_AGO
USD/JPY,4h,USD/JPY_2025-04-01,supply,2025-02-28T08:00:00Z,2025-02-28T08:00:00Z,2025-02-28T12:00:00Z,S2_CLOSE_INVALIDATION,-1.135889356402895,20,2,1.5,4h,4863,false,true,0,0.46003081071429913,bullish,rising,opposed,RELEASED_SAME_BAR
USD/JPY,1h,USD/JPY_2025-04-01,supply,2025-02-28T09:00:00Z,2025-02-28T09:00:00Z,2025-02-28T09:58:00Z,TARGET,1.889651367288523,20,2,1.5,1h,4482,false,false,38,0.1254449896428578,bullish,rising,opposed,NO_RECENT_SQUEEZE
BTC/USD,4h,BTC/USD_2025-04-01,supply,2025-02-28T12:00:00Z,2025-02-28T15:23:00Z,2025-03-01T00:00:00Z,S2_CLOSE_INVALIDATION,-1.591915793519802,20,2,1.5,4h,4809,false,false,49,-4911.748735714303,bearish,rising,aligned,NO_RECENT_SQUEEZE
BTC/USD,1h,BTC/USD_2025-04-01,supply,2025-02-28T15:00:00Z,2025-02-28T15:29:00Z,2025-02-28T16:16:00Z,TARGET,1.4234868326591,20,2,1.5,1h,4245,false,false,45,-1991.3087107142837,bearish,rising,aligned,NO_RECENT_SQUEEZE
BTC/USD,1h,BTC/USD_2025-04-01,supply,2025-02-28T17:00:00Z,2025-02-28T17:00:00Z,2025-02-28T18:19:00Z,TARGET,1.4234868326591,20,2,1.5,1h,4247,false,false,47,-234.60090357142622,bearish,rising,aligned,NO_RECENT_SQUEEZE
USD/JPY,1h,USD/JPY_2025-04-01,demand,2025-02-28T17:00:00Z,2025-02-28T17:47:00Z,2025-03-02T23:07:00Z,TARGET,1.9272727272727268,20,2,1.5,1h,4490,false,false,46,0.710705078571419,bullish,rising,aligned,NO_RECENT_SQUEEZE
BTC/USD,1h,BTC/USD_2025-04-01,supply,2025-02-28T19:00:00Z,2025-02-28T19:00:00Z,2025-03-01T02:00:00Z,S2_CLOSE_INVALIDATION,-2.6746386302775034,20,2,1.5,1h,4249,false,false,49,1415.6449107142857,bullish,rising,opposed,NO_RECENT_SQUEEZE
EUR/USD,4h,EUR/USD_2025-04-01,demand,2025-02-28T16:00:00Z,2025-02-28T19:03:00Z,2025-02-28T20:56:00Z,TARGET,1.7793103448276126,20,2,1.5,4h,4865,false,false,6,-0.007407785357142815,bearish,falling,opposed,NO_RECENT_SQUEEZE
BTC/USD,1h,BTC/USD_2025-04-01,supply,2025-03-01T03:00:00Z,2025-03-01T03:38:00Z,2025-03-01T04:00:00Z,S2_CLOSE_INVALIDATION,-1.399621742857703,20,2,1.5,1h,4257,false,false,57,4103.666774999994,bullish,rising,opposed,NO_RECENT_SQUEEZE
BTC/USD,4h,BTC/USD_2025-04-01,supply,2025-03-01T04:00:00Z,2025-03-01T04:38:00Z,2025-03-01T06:20:00Z,TARGET,1.57877541227194,20,2,1.5,4h,4813,false,false,53,-2104.5300607142963,bearish,rising,aligned,NO_RECENT_SQUEEZE
BTC/USD,4h,BTC/USD_2025-04-01,supply,2025-03-02T04:00:00Z,2025-03-02T06:46:00Z,2025-03-02T14:18:00Z,TARGET,1.57877541227194,20,2,1.5,4h,4819,false,false,59,2094.905242857146,bullish,rising,opposed,NO_RECENT_SQUEEZE
BTC/USD,1h,BTC/USD_2025-04-01,supply,2025-03-02T17:00:00Z,2025-03-02T17:46:00Z,2025-03-02T17:48:00Z,TARGET,1.3438946202312665,20,2,1.5,1h,4295,false,true,0,734.2808750000038,bullish,rising,opposed,RELEASED_SAME_BAR
EUR/USD,4h,EUR/USD_2025-04-01,supply,2025-03-02T20:00:00Z,2025-03-02T22:00:00Z,2025-03-03T08:00:00Z,S2_CLOSE_INVALIDATION,-3.458181818181593,20,2,1.5,4h,4867,false,false,8,-0.008728532499999919,bearish,falling,aligned,NO_RECENT_SQUEEZE
BTC/USD,1h,BTC/USD_2025-04-01,demand,2025-03-03T01:00:00Z,2025-03-03T01:00:00Z,2025-03-03T06:00:00Z,S2_CLOSE_INVALIDATION,-1.9811745889034569,20,2,1.5,1h,4303,false,false,8,5288.809146428572,bullish,rising,aligned,NO_RECENT_SQUEEZE
USD/JPY,1h,USD/JPY_2025-04-01,demand,2025-03-03T02:00:00Z,2025-03-03T02:00:00Z,2025-03-03T07:00:00Z,S2_CLOSE_INVALIDATION,-1.163636363636411,20,2,1.5,1h,4499,true,false,55,0.26282903214286724,bullish,falling,aligned,SQUEEZE_ON
EUR/USD,1h,EUR/USD_2025-04-01,supply,2025-03-03T14:00:00Z,2025-03-03T14:46:00Z,2025-03-03T15:00:00Z,TARGET,1.7398373983739974,20,2,1.5,1h,4510,false,false,48,0.004850757857142858,bullish,rising,opposed,NO_RECENT_SQUEEZE
EUR/USD,4h,EUR/USD_2025-04-01,supply,2025-03-03T12:00:00Z,2025-03-03T15:00:00Z,2025-03-04T08:00:00Z,S2_CLOSE_INVALIDATION,-1.8653913043477313,20,2,1.5,4h,4871,false,false,12,-0.005636436071428478,bearish,rising,aligned,NO_RECENT_SQUEEZE
USD/JPY,1h,USD/JPY_2025-04-01,demand,2025-03-03T15:00:00Z,2025-03-03T15:15:00Z,2025-03-03T16:01:00Z,TARGET,1.847627029060389,20,2,1.5,1h,4512,false,true,3,0.06978282607143453,bullish,falling,aligned,RELEASED_2_TO_3_BARS_AGO
USD/JPY,1h,USD/JPY_2025-04-01,demand,2025-03-03T17:00:00Z,2025-03-03T17:54:00Z,2025-03-03T20:00:00Z,S2_CLOSE_INVALIDATION,-6.961582964701758,20,2,1.5,1h,4514,false,false,5,-0.06196217142857237,bearish,falling,opposed,NO_RECENT_SQUEEZE
USD/JPY,4h,USD/JPY_2025-04-01,demand,2025-03-03T20:00:00Z,2025-03-03T20:38:00Z,2025-03-04T08:00:00Z,S2_CLOSE_INVALIDATION,-1.4774193548386623,20,2,1.5,4h,4873,false,false,10,0.9068071114285741,bullish,falling,aligned,NO_RECENT_SQUEEZE
BTC/USD,1h,BTC/USD_2025-04-01,demand,2025-03-03T21:00:00Z,2025-03-03T21:57:00Z,2025-03-03T22:06:00Z,TARGET,1.404478054897583,20,2,1.5,1h,4323,false,false,28,-4131.452671428582,bearish,falling,opposed,NO_RECENT_SQUEEZE
USD/JPY,1h,USD/JPY_2025-04-01,demand,2025-03-03T23:00:00Z,2025-03-03T23:48:00Z,2025-03-04T00:00:00Z,TARGET,1.831577174496576,20,2,1.5,1h,4520,false,false,11,-0.47901736785716154,bearish,falling,opposed,NO_RECENT_SQUEEZE
EUR/USD,1h,EUR/USD_2025-04-01,demand,2025-03-04T15:00:00Z,2025-03-04T15:17:00Z,2025-03-04T16:01:00Z,TARGET,1.8181818181818166,20,2,1.5,1h,4535,false,false,6,0.0023975607142857278,bullish,falling,aligned,NO_RECENT_SQUEEZE
EUR/USD,1h,EUR/USD_2025-04-01,supply,2025-03-04T18:00:00Z,2025-03-04T18:44:00Z,2025-03-04T19:00:00Z,S2_CLOSE_INVALIDATION,-1.8577981651375595,20,2,1.5,1h,4538,false,false,9,0.002509441071428469,bullish,rising,opposed,NO_RECENT_SQUEEZE
USD/JPY,4h,USD/JPY_2025-04-01,supply,2025-03-04T16:00:00Z,2025-03-04T19:07:00Z,2025-03-04T20:00:00Z,S2_CLOSE_INVALIDATION,-1.8936908221618396,20,2,1.5,4h,4878,false,false,15,-0.7443901892857188,bearish,falling,aligned,NO_RECENT_SQUEEZE
EUR/USD,1h,EUR/USD_2025-04-01,supply,2025-03-04T19:00:00Z,2025-03-04T19:09:00Z,2025-03-04T19:10:00Z,TARGET,1.6404494382022703,20,2,1.5,1h,4539,false,false,10,0.0034304103571427295,bullish,rising,opposed,NO_RECENT_SQUEEZE
EUR/USD,4h,EUR/USD_2025-04-01,supply,2025-03-05T00:00:00Z,2025-03-05T00:00:00Z,2025-03-05T04:00:00Z,S2_CLOSE_INVALIDATION,-2.6455142231947026,20,2,1.5,4h,4880,false,false,21,0.012202357142857067,bullish,rising,opposed,NO_RECENT_SQUEEZE
BTC/USD,1h,BTC/USD_2025-04-01,demand,2025-03-05T08:00:00Z,2025-03-05T08:00:00Z,2025-03-05T10:31:00Z,TARGET,1.754742940576491,20,2,1.5,1h,4358,false,false,63,3006.6099464285708,bullish,falling,aligned,NO_RECENT_SQUEEZE
USD/JPY,1h,USD/JPY_2025-04-01,demand,2025-03-05T09:00:00Z,2025-03-05T09:00:00Z,2025-03-05T14:00:00Z,S2_CLOSE_INVALIDATION,-3.3840394563553287,20,2,1.5,1h,4554,false,false,45,0.8688624528571475,bullish,falling,aligned,NO_RECENT_SQUEEZE
EUR/USD,4h,EUR/USD_2025-04-01,supply,2025-03-05T08:00:00Z,2025-03-05T09:31:00Z,2025-03-05T10:22:00Z,TARGET,1.8407960199004854,20,2,1.5,4h,4882,false,false,23,0.015737384999999906,bullish,rising,opposed,NO_RECENT_SQUEEZE
BTC/USD,1h,BTC/USD_2025-04-01,supply,2025-03-05T12:00:00Z,2025-03-05T12:11:00Z,2025-03-05T13:43:00Z,TARGET,1.5011617647058824,20,2,1.5,1h,4362,false,false,67,2532.362707142855,bullish,falling,opposed,NO_RECENT_SQUEEZE
BTC/USD,1h,BTC/USD_2025-04-01,demand,2025-03-05T16:00:00Z,2025-03-05T16:11:00Z,2025-03-05T17:26:00Z,TARGET,1.754742940576491,20,2,1.5,1h,4366,false,false,71,1563.5126321428525,bullish,falling,aligned,NO_RECENT_SQUEEZE
EUR/USD,4h,EUR/USD_2025-04-01,supply,2025-03-05T20:00:00Z,2025-03-05T20:00:00Z,2025-03-07T04:00:00Z,S2_CLOSE_INVALIDATION,-1.1711399711400166,20,2,1.5,4h,4885,false,false,26,0.021740334285714237,bullish,rising,opposed,NO_RECENT_SQUEEZE
BTC/USD,1h,BTC/USD_2025-04-01,supply,2025-03-05T21:00:00Z,2025-03-05T21:00:00Z,2025-03-06T01:00:00Z,S2_CLOSE_INVALIDATION,-1.6039669117647102,20,2,1.5,1h,4371,false,false,76,1184.55831785715,bullish,rising,opposed,NO_RECENT_SQUEEZE
BTC/USD,1h,BTC/USD_2025-04-01,demand,2025-03-06T12:00:00Z,2025-03-06T12:39:00Z,2025-03-06T13:00:00Z,S2_CLOSE_INVALIDATION,-2.651186255485965,20,2,1.5,1h,4386,false,false,91,1248.8684535714265,bullish,falling,aligned,NO_RECENT_SQUEEZE
BTC/USD,1h,BTC/USD_2025-04-01,demand,2025-03-06T18:00:00Z,2025-03-06T18:00:00Z,2025-03-06T22:00:00Z,TARGET,1.6722819913089515,20,2,1.5,1h,4392,false,false,97,-1205.5965928571336,bearish,falling,opposed,NO_RECENT_SQUEEZE
BTC/USD,1h,BTC/USD_2025-04-01,demand,2025-03-07T16:00:00Z,2025-03-07T16:37:00Z,2025-03-07T17:45:00Z,TARGET,1.428227488721143,20,2,1.5,1h,4414,false,false,119,1123.5232714285817,bullish,falling,aligned,NO_RECENT_SQUEEZE
BTC/USD,1h,BTC/USD_2025-04-01,demand,2025-03-07T17:00:00Z,2025-03-07T17:00:00Z,2025-03-09T12:00:00Z,S2_CLOSE_INVALIDATION,-1.1000500529777082,20,2,1.5,1h,4415,false,false,120,883.5107035714373,bullish,falling,aligned,NO_RECENT_SQUEEZE
USD/JPY,1h,USD/JPY_2025-04-01,supply,2025-03-07T18:00:00Z,2025-03-07T18:38:00Z,2025-03-09T22:00:00Z,TARGET,1.8814770917441417,20,2,1.5,1h,4611,true,false,102,-0.21936503571428312,bearish,rising,aligned,SQUEEZE_ON
USD/JPY,1h,USD/JPY_2025-04-01,supply,2025-03-07T20:00:00Z,2025-03-07T20:00:00Z,2025-03-09T22:00:00Z,TARGET,1.8814770917441417,20,2,1.5,1h,4613,true,false,104,0.022872381428570066,bullish,rising,opposed,SQUEEZE_ON
BTC/USD,1h,BTC/USD_2025-04-01,demand,2025-03-09T20:00:00Z,2025-03-09T20:00:00Z,2025-03-09T21:00:00Z,S2_CLOSE_INVALIDATION,-1.9613629212869403,20,2,1.5,1h,4466,false,false,7,-2265.137917857147,bearish,falling,opposed,NO_RECENT_SQUEEZE
BTC/USD,1h,BTC/USD_2025-04-01,supply,2025-03-10T09:00:00Z,2025-03-10T09:22:00Z,2025-03-10T09:39:00Z,TARGET,1.3876393392474764,20,2,1.5,1h,4479,false,false,20,-591.6797249999985,bearish,rising,aligned,NO_RECENT_SQUEEZE
EUR/USD,1h,EUR/USD_2025-04-01,demand,2025-03-10T11:00:00Z,2025-03-10T11:05:00Z,2025-03-10T11:07:00Z,TARGET,1.838383838383846,20,2,1.5,1h,4627,true,true,2,-0.0019874664285713627,bearish,rising,opposed,SQUEEZE_ON
BTC/USD,1h,BTC/USD_2025-04-01,supply,2025-03-10T11:00:00Z,2025-03-10T11:55:00Z,2025-03-10T13:18:00Z,TARGET,1.3876393392474764,20,2,1.5,1h,4481,false,false,22,24.93142857142834,bullish,rising,opposed,NO_RECENT_SQUEEZE
USD/JPY,1h,USD/JPY_2025-04-01,supply,2025-03-10T15:00:00Z,2025-03-10T15:36:00Z,2025-03-10T17:37:00Z,TARGET,1.8476263035093647,20,2,1.5,1h,4632,false,false,5,-0.5593586435714262,bearish,falling,aligned,NO_RECENT_SQUEEZE
USD/JPY,1h,USD/JPY_2025-04-01,supply,2025-03-10T17:00:00Z,2025-03-10T17:00:00Z,2025-03-10T17:37:00Z,TARGET,1.8476263035093647,20,2,1.5,1h,4634,false,false,7,-0.45731581499999263,bearish,rising,aligned,NO_RECENT_SQUEEZE
USD/JPY,1h,USD/JPY_2025-04-01,supply,2025-03-10T19:00:00Z,2025-03-10T19:15:00Z,2025-03-10T22:08:00Z,TARGET,1.8476263035093647,20,2,1.5,1h,4636,false,false,9,-0.3348066828571295,bearish,rising,aligned,NO_RECENT_SQUEEZE
USD/JPY,1h,USD/JPY_2025-04-01,supply,2025-03-11T06:00:00Z,2025-03-11T06:00:00Z,2025-03-11T07:36:00Z,TARGET,1.8476263035093647,20,2,1.5,1h,4647,true,false,8,0.01975740500000303,bullish,rising,opposed,SQUEEZE_ON
BTC/USD,1h,BTC/USD_2025-04-01,supply,2025-03-11T06:00:00Z,2025-03-11T06:07:00Z,2025-03-11T08:00:00Z,S2_CLOSE_INVALIDATION,-1.3280547052172462,20,2,1.5,1h,4500,false,false,41,-1578.0497357142945,bearish,rising,aligned,NO_RECENT_SQUEEZE
USD/JPY,1h,USD/JPY_2025-04-01,supply,2025-03-11T08:00:00Z,2025-03-11T08:46:00Z,2025-03-11T09:00:00Z,S2_CLOSE_INVALIDATION,-1.342840817103756,20,2,1.5,1h,4649,true,false,10,0.04225820214285492,bullish,falling,opposed,SQUEEZE_ON
USD/JPY,1h,USD/JPY_2025-04-01,supply,2025-03-11T11:00:00Z,2025-03-11T11:30:00Z,2025-03-11T12:31:00Z,TARGET,1.8719999999999999,20,2,1.5,1h,4652,true,false,13,0.1749204257142862,bullish,rising,opposed,SQUEEZE_ON
USD/JPY,4h,USD/JPY_2025-04-01,supply,2025-03-11T12:00:00Z,2025-03-11T12:57:00Z,2025-03-12T04:00:00Z,S2_CLOSE_INVALIDATION,-1.5719800000000141,20,2,1.5,4h,4908,true,false,45,-0.5041518414285735,bearish,rising,aligned,SQUEEZE_ON
USD/JPY,1h,USD/JPY_2025-04-01,supply,2025-03-11T14:00:00Z,2025-03-11T14:00:00Z,2025-03-11T14:02:00Z,TARGET,1.8814770917441417,20,2,1.5,1h,4655,false,true,2,0.4115801453571378,bullish,rising,opposed,RELEASED_2_TO_3_BARS_AGO
EUR/USD,1h,EUR/USD_2025-04-01,demand,2025-03-11T14:00:00Z,2025-03-11T14:28:00Z,2025-03-11T15:05:00Z,TARGET,1.882352941176473,20,2,1.5,1h,4654,false,false,6,0.005052649642857178,bullish,rising,aligned,NO_RECENT_SQUEEZE
EUR/USD,4h,EUR/USD_2025-04-01,supply,2025-03-11T16:00:00Z,2025-03-11T18:00:00Z,2025-03-11T19:51:00Z,TARGET,1.7697841726618342,20,2,1.5,4h,4909,false,false,50,0.0019387057142857787,bullish,rising,opposed,NO_RECENT_SQUEEZE
BTC/USD,4h,BTC/USD_2025-04-01,supply,2025-03-11T16:00:00Z,2025-03-11T18:21:00Z,2025-03-14T12:00:00Z,S2_CLOSE_INVALIDATION,-1.5712653425109153,20,2,1.5,4h,4876,false,false,21,-3175.862796428582,bearish,rising,aligned,NO_RECENT_SQUEEZE
BTC/USD,1h,BTC/USD_2025-04-01,supply,2025-03-11T18:00:00Z,2025-03-11T18:52:00Z,2025-03-11T20:25:00Z,TARGET,1.3876393392474764,20,2,1.5,1h,4512,false,false,53,2325.408367857142,bullish,rising,opposed,NO_RECENT_SQUEEZE
EUR/USD,1h,EUR/USD_2025-04-01,demand,2025-03-12T06:00:00Z,2025-03-12T06:53:00Z,2025-03-12T09:00:00Z,TARGET,1.882352941176473,20,2,1.5,1h,4670,false,false,22,-0.001016005714285697,bearish,falling,opposed,NO_RECENT_SQUEEZE
EUR/USD,1h,EUR/USD_2025-07-01,demand,2025-03-12T06:00:00Z,2025-03-12T06:53:00Z,2025-03-12T09:00:00Z,TARGET,1.882352941176473,20,2,1.5,1h,3142,false,false,22,-0.001016005714285697,bearish,falling,opposed,NO_RECENT_SQUEEZE
USD/JPY,4h,USD/JPY_2025-04-01,supply,2025-03-12T12:00:00Z,2025-03-12T12:56:00Z,2025-03-12T13:57:00Z,TARGET,1.931914893617017,20,2,1.5,4h,4914,false,true,1,0.6034154560714339,bullish,rising,opposed,RELEASED_1_BAR_AGO
EUR/USD,1h,EUR/USD_2025-04-01,demand,2025-03-12T16:00:00Z,2025-03-12T16:59:00Z,2025-03-13T06:00:00Z,S2_CLOSE_INVALIDATION,-1.105033557047004,20,2,1.5,1h,4680,true,false,32,-0.0015367892857142888,bearish,rising,opposed,SQUEEZE_ON
EUR/USD,1h,EUR/USD_2025-07-01,demand,2025-03-12T16:00:00Z,2025-03-12T16:59:00Z,2025-03-13T06:00:00Z,S2_CLOSE_INVALIDATION,-1.105033557047004,20,2,1.5,1h,3152,true,false,32,-0.0015367892857142888,bearish,rising,opposed,SQUEEZE_ON
USD/JPY,1h,USD/JPY_2025-04-01,supply,2025-03-13T09:00:00Z,2025-03-13T09:48:00Z,2025-03-13T11:19:00Z,TARGET,1.771428571428642,20,2,1.5,1h,4698,false,false,45,-0.6031522692857187,bearish,rising,aligned,NO_RECENT_SQUEEZE
USD/JPY,1h,USD/JPY_2025-04-01,supply,2025-03-13T11:00:00Z,2025-03-13T11:00:00Z,2025-03-13T11:19:00Z,TARGET,1.771428571428642,20,2,1.5,1h,4700,false,false,47,-0.37946438142858196,bearish,rising,aligned,NO_RECENT_SQUEEZE
EUR/USD,1h,EUR/USD_2025-04-01,demand,2025-03-13T11:00:00Z,2025-03-13T11:59:00Z,2025-03-13T12:30:00Z,TARGET,1.8454106280193414,20,2,1.5,1h,4699,false,false,4,-0.00220863392857131,bearish,falling,opposed,NO_RECENT_SQUEEZE
EUR/USD,1h,EUR/USD_2025-07-01,demand,2025-03-13T11:00:00Z,2025-03-13T11:59:00Z,2025-03-13T12:30:00Z,TARGET,1.8454106280193414,20,2,1.5,1h,3171,false,false,4,-0.00220863392857131,bearish,falling,opposed,NO_RECENT_SQUEEZE
USD/JPY,1h,USD/JPY_2025-04-01,supply,2025-03-13T13:00:00Z,2025-03-13T13:00:00Z,2025-03-13T13:58:00Z,TARGET,1.771428571428642,20,2,1.5,1h,4702,true,false,49,-0.21440286500000444,bearish,rising,aligned,SQUEEZE_ON
EUR/USD,1h,EUR/USD_2025-04-01,supply,2025-03-14T05:00:00Z,2025-03-14T05:58:00Z,2025-03-14T06:29:00Z,TARGET,1.7866666666666116,20,2,1.5,1h,4717,true,false,16,-0.0007722953571427953,bearish,falling,aligned,SQUEEZE_ON
EUR/USD,1h,EUR/USD_2025-07-01,supply,2025-03-14T05:00:00Z,2025-03-14T05:58:00Z,2025-03-14T06:29:00Z,TARGET,1.7866666666666116,20,2,1.5,1h,3189,true,false,16,-0.0007722953571427953,bearish,falling,aligned,SQUEEZE_ON
EUR/USD,1h,EUR/USD_2025-04-01,supply,2025-03-14T09:00:00Z,2025-03-14T09:00:00Z,2025-03-14T10:00:00Z,S2_CLOSE_INVALIDATION,-6.097333333334611,20,2,1.5,1h,4721,true,false,20,-0.0007647807142856353,bearish,falling,aligned,SQUEEZE_ON
EUR/USD,1h,EUR/USD_2025-07-01,supply,2025-03-14T09:00:00Z,2025-03-14T09:00:00Z,2025-03-14T10:00:00Z,S2_CLOSE_INVALIDATION,-6.097333333334611,20,2,1.5,1h,3193,true,false,20,-0.0007647807142856353,bearish,falling,aligned,SQUEEZE_ON
USD/JPY,1h,USD/JPY_2025-04-01,demand,2025-03-14T16:00:00Z,2025-03-14T16:14:00Z,2025-03-14T18:39:00Z,TARGET,1.8814770917441417,20,2,1.5,1h,4729,false,false,16,0.5414864053571583,bullish,falling,aligned,NO_RECENT_SQUEEZE
USD/JPY,1h,USD/JPY_2025-04-01,demand,2025-03-17T08:00:00Z,2025-03-17T08:06:00Z,2025-03-17T08:21:00Z,TARGET,1.8608635158050268,20,2,1.5,1h,4744,false,true,0,0.11297021142857651,bullish,rising,aligned,RELEASED_SAME_BAR
USD/JPY,1h,USD/JPY_2025-04-01,demand,2025-03-17T09:00:00Z,2025-03-17T09:39:00Z,2025-03-17T10:00:00Z,S2_CLOSE_INVALIDATION,-1.4470719727050925,20,2,1.5,1h,4745,false,true,1,0.16506851607143216,bullish,rising,aligned,RELEASED_1_BAR_AGO
USD/JPY,1h,USD/JPY_2025-04-01,demand,2025-03-17T12:00:00Z,2025-03-17T12:30:00Z,2025-03-17T12:30:00Z,TARGET,1.8814858708936766,20,2,1.5,1h,4748,false,false,4,0.0766279971428596,bullish,falling,aligned,NO_RECENT_SQUEEZE
EUR/USD,4h,EUR/USD_2025-04-01,supply,2025-03-17T16:00:00Z,2025-03-17T16:35:00Z,2025-03-18T12:37:00Z,TARGET,1.8769230769230634,20,2,1.5,4h,4934,true,false,75,0.00012391357142861495,bullish,rising,opposed,SQUEEZE_ON
USD/JPY,4h,USD/JPY_2025-04-01,supply,2025-03-17T16:00:00Z,2025-03-17T18:45:00Z,2025-03-17T20:00:00Z,S2_CLOSE_INVALIDATION,-1.3659148936170018,20,2,1.5,4h,4934,true,false,21,0.3767249957142764,bullish,rising,opposed,SQUEEZE_ON
USD/JPY,1h,USD/JPY_2025-04-01,supply,2025-03-18T00:00:00Z,2025-03-18T00:00:00Z,2025-03-18T02:00:00Z,S2_CLOSE_INVALIDATION,-2.0058001657190445,20,2,1.5,1h,4760,false,false,4,0.3085113500000046,bullish,rising,opposed,NO_RECENT_SQUEEZE
USD/JPY,4h,USD/JPY_2025-04-01,supply,2025-03-18T08:00:00Z,2025-03-18T08:05:00Z,2025-03-18T17:06:00Z,TARGET,1.946665777762962,20,2,1.5,4h,4938,false,true,3,0.9008247567857126,bullish,rising,opposed,RELEASED_2_TO_3_BARS_AGO
EUR/USD,1h,EUR/USD_2025-07-01,demand,2025-03-18T12:00:00Z,2025-03-18T12:37:00Z,2025-03-18T15:00:00Z,TARGET,1.8714859437750944,20,2,1.5,1h,3243,false,true,3,0.0005836646428572368,bullish,falling,aligned,RELEASED_2_TO_3_BARS_AGO
EUR/USD,1h,EUR/USD_2025-07-01,demand,2025-03-18T13:00:00Z,2025-03-18T13:00:00Z,2025-03-18T13:21:00Z,TARGET,1.6404494382022703,20,2,1.5,1h,3244,false,false,4,0.00021973071428581996,bullish,falling,aligned,NO_RECENT_SQUEEZE
EUR/USD,1h,EUR/USD_2025-07-01,demand,2025-03-18T15:00:00Z,2025-03-18T15:00:00Z,2025-03-18T15:00:00Z,TARGET,1.6404494382022703,20,2,1.5,1h,3246,false,false,6,-0.00027451499999988954,bearish,falling,opposed,NO_RECENT_SQUEEZE
EUR/USD,4h,EUR/USD_2025-04-01,supply,2025-03-18T20:00:00Z,2025-03-18T20:00:00Z,2025-03-19T07:09:00Z,TARGET,1.8814814814814782,20,2,1.5,4h,4941,false,false,6,0.005654719642857315,bullish,rising,opposed,NO_RECENT_SQUEEZE
EUR/USD,4h,EUR/USD_2025-07-01,demand,2025-03-19T00:00:00Z,2025-03-19T00:07:00Z,2025-03-19T04:00:00Z,S2_CLOSE_INVALIDATION,-2.139364303178445,20,2,1.5,4h,4546,false,false,7,0.005824842142857319,bullish,rising,aligned,NO_RECENT_SQUEEZE
USD/JPY,1h,USD/JPY_2025-04-01,demand,2025-03-19T07:00:00Z,2025-03-19T07:40:00Z,2025-03-19T07:54:00Z,TARGET,1.7714285714285491,20,2,1.5,1h,4791,false,false,35,-0.09415918571427336,bearish,rising,opposed,NO_RECENT_SQUEEZE
EUR/USD,1h,EUR/USD_2025-04-01,demand,2025-03-19T08:00:00Z,2025-03-19T08:00:00Z,2025-03-19T14:00:00Z,S2_CLOSE_INVALIDATION,-1.6093750000000735,20,2,1.5,1h,4791,false,false,23,0.00019218357142851997,bullish,falling,aligned,NO_RECENT_SQUEEZE
EUR/USD,1h,EUR/USD_2025-07-01,demand,2025-03-19T08:00:00Z,2025-03-19T08:00:00Z,2025-03-19T14:00:00Z,S2_CLOSE_INVALIDATION,-1.6093750000000735,20,2,1.5,1h,3263,false,false,23,0.00019218357142851997,bullish,falling,aligned,NO_RECENT_SQUEEZE
USD/JPY,4h,USD/JPY_2025-04-01,supply,2025-03-19T08:00:00Z,2025-03-19T11:14:00Z,2025-03-19T18:23:00Z,TARGET,1.946665777762962,20,2,1.5,4h,4944,false,false,9,0.6482367032142888,bullish,falling,opposed,NO_RECENT_SQUEEZE
EUR/USD,4h,EUR/USD_2025-04-01,demand,2025-03-19T12:00:00Z,2025-03-19T15:35:00Z,2025-03-19T18:42:00Z,TARGET,1.8769230769230845,20,2,1.5,4h,4945,true,false,10,0.004021716071428722,bullish,falling,aligned,SQUEEZE_ON
EUR/USD,4h,EUR/USD_2025-07-01,demand,2025-03-19T12:00:00Z,2025-03-19T15:35:00Z,2025-03-19T18:42:00Z,TARGET,1.8769230769230845,20,2,1.5,4h,4549,true,false,10,0.004021716071428722,bullish,falling,aligned,SQUEEZE_ON
EUR/USD,1h,EUR/USD_2025-04-01,demand,2025-03-19T18:00:00Z,2025-03-19T18:00:00Z,2025-03-19T18:04:00Z,TARGET,1.804878048780498,20,2,1.5,1h,4801,false,false,33,-0.003776858928571551,bearish,falling,opposed,NO_RECENT_SQUEEZE
EUR/USD,1h,EUR/USD_2025-07-01,demand,2025-03-19T18:00:00Z,2025-03-19T18:00:00Z,2025-03-19T18:04:00Z,TARGET,1.804878048780498,20,2,1.5,1h,3273,false,false,33,-0.003776858928571551,bearish,falling,opposed,NO_RECENT_SQUEEZE
EUR/USD,1h,EUR/USD_2025-04-01,supply,2025-03-19T20:00:00Z,2025-03-19T20:12:00Z,2025-03-19T23:00:00Z,S2_CLOSE_INVALIDATION,-1.238341968911961,20,2,1.5,1h,4803,false,false,35,-0.0029589364285715555,bearish,rising,aligned,NO_RECENT_SQUEEZE
EUR/USD,1h,EUR/USD_2025-07-01,supply,2025-03-19T20:00:00Z,2025-03-19T20:12:00Z,2025-03-19T23:00:00Z,S2_CLOSE_INVALIDATION,-1.238341968911961,20,2,1.5,1h,3275,false,false,35,-0.0029589364285715555,bearish,rising,aligned,NO_RECENT_SQUEEZE
EUR/USD,1h,EUR/USD_2025-04-01,supply,2025-03-20T00:00:00Z,2025-03-20T00:00:00Z,2025-03-20T07:21:00Z,TARGET,1.8407960199004854,20,2,1.5,1h,4807,false,false,39,-0.0008133378571429294,bearish,rising,aligned,NO_RECENT_SQUEEZE
EUR/USD,1h,EUR/USD_2025-07-01,supply,2025-03-20T00:00:00Z,2025-03-20T00:00:00Z,2025-03-20T07:21:00Z,TARGET,1.8407960199004854,20,2,1.5,1h,3279,false,false,39,-0.0008133378571429294,bearish,rising,aligned,NO_RECENT_SQUEEZE
USD/JPY,1h,USD/JPY_2025-04-01,demand,2025-03-20T00:00:00Z,2025-03-20T00:54:00Z,2025-03-20T07:37:00Z,TARGET,1.8814770917441417,20,2,1.5,1h,4808,false,false,14,-0.589721958928575,bearish,falling,opposed,NO_RECENT_SQUEEZE
BTC/USD,1h,BTC/USD_2025-04-01,demand,2025-03-20T05:00:00Z,2025-03-20T05:18:00Z,2025-03-20T08:46:00Z,TARGET,1.216409977248104,20,2,1.5,1h,4715,false,false,59,1186.9787035714282,bullish,falling,aligned,NO_RECENT_SQUEEZE
EUR/USD,4h,EUR/USD_2025-04-01,demand,2025-03-20T04:00:00Z,2025-03-20T07:29:00Z,2025-03-20T08:00:00Z,S2_CLOSE_INVALIDATION,-2.5461538461538518,20,2,1.5,4h,4949,true,true,3,0.000913829285714285,bullish,falling,aligned,SQUEEZE_ON
EUR/USD,4h,EUR/USD_2025-07-01,demand,2025-03-20T04:00:00Z,2025-03-20T07:29:00Z,2025-03-20T08:00:00Z,S2_CLOSE_INVALIDATION,-2.5461538461538518,20,2,1.5,4h,4553,true,true,3,0.000913829285714285,bullish,falling,aligned,SQUEEZE_ON
EUR/USD,1h,EUR/USD_2025-04-01,demand,2025-03-20T09:00:00Z,2025-03-20T09:26:00Z,2025-03-20T09:37:00Z,TARGET,1.6666666666666916,20,2,1.5,1h,4816,false,false,48,0.0008201903571428122,bullish,falling,aligned,NO_RECENT_SQUEEZE
EUR/USD,1h,EUR/USD_2025-07-01,demand,2025-03-20T09:00:00Z,2025-03-20T09:26:00Z,2025-03-20T09:37:00Z,TARGET,1.6666666666666916,20,2,1.5,1h,3288,false,false,48,0.0008201903571428122,bullish,falling,aligned,NO_RECENT_SQUEEZE
EUR/USD,1h,EUR/USD_2025-04-01,demand,2025-03-20T13:00:00Z,2025-03-20T13:33:00Z,2025-03-20T14:04:00Z,TARGET,1.838383838383846,20,2,1.5,1h,4820,false,false,52,-0.0024286432142857687,bearish,falling,opposed,NO_RECENT_SQUEEZE
EUR/USD,1h,EUR/USD_2025-07-01,demand,2025-03-20T13:00:00Z,2025-03-20T13:33:00Z,2025-03-20T14:04:00Z,TARGET,1.838383838383846,20,2,1.5,1h,3292,false,false,52,-0.0024286432142857687,bearish,falling,opposed,NO_RECENT_SQUEEZE
USD/JPY,1h,USD/JPY_2025-04-01,supply,2025-03-20T15:00:00Z,2025-03-20T15:47:00Z,2025-03-21T03:00:00Z,S2_CLOSE_INVALIDATION,-1.464918918919047,20,2,1.5,1h,4823,false,false,29,-0.18942132499999498,bearish,rising,aligned,NO_RECENT_SQUEEZE
EUR/USD,4h,EUR/USD_2025-04-01,demand,2025-03-21T08:00:00Z,2025-03-21T08:19:00Z,2025-03-21T12:00:00Z,S2_CLOSE_INVALIDATION,-1.3054755043227877,20,2,1.5,4h,4956,false,false,6,-0.005970872500000029,bearish,falling,opposed,NO_RECENT_SQUEEZE
EUR/USD,4h,EUR/USD_2025-07-01,demand,2025-03-21T08:00:00Z,2025-03-21T08:19:00Z,2025-03-21T12:00:00Z,S2_CLOSE_INVALIDATION,-1.3054755043227877,20,2,1.5,4h,4560,false,false,6,-0.005970872500000029,bearish,falling,opposed,NO_RECENT_SQUEEZE
USD/JPY,1h,USD/JPY_2025-04-01,demand,2025-03-21T12:00:00Z,2025-03-21T12:41:00Z,2025-03-21T13:30:00Z,TARGET,1.822222222222229,20,2,1.5,1h,4844,false,false,50,0.3227753346428638,bullish,falling,aligned,NO_RECENT_SQUEEZE
EUR/USD,1h,EUR/USD_2025-04-01,demand,2025-03-21T16:00:00Z,2025-03-21T16:00:00Z,2025-03-23T23:54:00Z,TARGET,1.838383838383846,20,2,1.5,1h,4847,false,true,0,-0.0011254021428571395,bearish,falling,opposed,RELEASED_SAME_BAR
EUR/USD,1h,EUR/USD_2025-07-01,demand,2025-03-21T16:00:00Z,2025-03-21T16:00:00Z,2025-03-23T23:54:00Z,TARGET,1.838383838383846,20,2,1.5,1h,3319,false,true,0,-0.0011254021428571395,bearish,falling,opposed,RELEASED_SAME_BAR
EUR/USD,1h,EUR/USD_2025-04-01,supply,2025-03-24T08:00:00Z,2025-03-24T08:23:00Z,2025-03-24T08:30:00Z,TARGET,1.6235294117646153,20,2,1.5,1h,4862,false,true,1,0.0003889078571428316,bullish,rising,opposed,RELEASED_1_BAR_AGO
EUR/USD,1h,EUR/USD_2025-07-01,supply,2025-03-24T08:00:00Z,2025-03-24T08:23:00Z,2025-03-24T08:30:00Z,TARGET,1.6235294117646153,20,2,1.5,1h,3334,false,true,1,0.0003889078571428316,bullish,rising,opposed,RELEASED_1_BAR_AGO
EUR/USD,1h,EUR/USD_2025-04-01,supply,2025-03-24T10:00:00Z,2025-03-24T10:38:00Z,2025-03-24T10:49:00Z,TARGET,1.6235294117646153,20,2,1.5,1h,4864,false,true,3,0.0011851096428571438,bullish,rising,opposed,RELEASED_2_TO_3_BARS_AGO
EUR/USD,1h,EUR/USD_2025-07-01,supply,2025-03-24T10:00:00Z,2025-03-24T10:38:00Z,2025-03-24T10:49:00Z,TARGET,1.6235294117646153,20,2,1.5,1h,3336,false,true,3,0.0011851096428571438,bullish,rising,opposed,RELEASED_2_TO_3_BARS_AGO
EUR/USD,4h,EUR/USD_2025-04-01,demand,2025-03-24T12:00:00Z,2025-03-24T13:51:00Z,2025-03-26T00:00:00Z,S2_CLOSE_INVALIDATION,-1.1424332344212673,20,2,1.5,4h,4964,false,false,14,-0.005342100357142837,bearish,rising,opposed,NO_RECENT_SQUEEZE
EUR/USD,4h,EUR/USD_2025-07-01,demand,2025-03-24T12:00:00Z,2025-03-24T13:51:00Z,2025-03-26T00:00:00Z,S2_CLOSE_INVALIDATION,-1.1424332344212673,20,2,1.5,4h,4568,false,false,14,-0.005342100357142837,bearish,rising,opposed,NO_RECENT_SQUEEZE
USD/JPY,1h,USD/JPY_2025-04-01,supply,2025-03-24T13:00:00Z,2025-03-24T13:58:00Z,2025-03-24T14:00:00Z,S2_CLOSE_INVALIDATION,-3.32499999999948,20,2,1.5,1h,4868,false,false,74,0.365452723928578,bullish,falling,opposed,NO_RECENT_SQUEEZE
USD/JPY,4h,USD/JPY_2025-04-01,supply,2025-03-24T12:00:00Z,2025-03-24T15:15:00Z,2025-03-30T23:34:00Z,TARGET,1.9750000000000005,20,2,1.5,4h,4964,false,false,29,0.3263947057142823,bullish,rising,opposed,NO_RECENT_SQUEEZE
EUR/USD,1h,EUR/USD_2025-04-01,demand,2025-03-24T15:00:00Z,2025-03-24T15:56:00Z,2025-03-24T16:06:00Z,TARGET,1.7419354838709946,20,2,1.5,1h,4869,false,true,1,-0.000025062499999942584,bearish,falling,opposed,RELEASED_1_BAR_AGO
EUR/USD,1h,EUR/USD_2025-07-01,demand,2025-03-24T15:00:00Z,2025-03-24T15:56:00Z,2025-03-24T16:06:00Z,TARGET,1.7419354838709946,20,2,1.5,1h,3341,false,true,1,-0.000025062499999942584,bearish,falling,opposed,RELEASED_1_BAR_AGO
EUR/USD,1h,EUR/USD_2025-04-01,demand,2025-03-26T05:00:00Z,2025-03-26T05:00:00Z,2025-03-26T08:57:00Z,TARGET,1.8012422360248859,20,2,1.5,1h,4907,false,false,6,-0.0020211189285714607,bearish,falling,opposed,NO_RECENT_SQUEEZE
EUR/USD,1h,EUR/USD_2025-07-01,demand,2025-03-26T05:00:00Z,2025-03-26T05:00:00Z,2025-03-26T08:57:00Z,TARGET,1.8012422360248859,20,2,1.5,1h,3379,false,false,6,-0.0020211189285714607,bearish,falling,opposed,NO_RECENT_SQUEEZE
EUR/USD,1h,EUR/USD_2025-04-01,demand,2025-03-26T12:00:00Z,2025-03-26T12:10:00Z,2025-03-26T17:00:00Z,S2_CLOSE_INVALIDATION,-3.434782608695177,20,2,1.5,1h,4914,true,false,13,-0.0010018149999999615,bearish,rising,opposed,SQUEEZE_ON
EUR/USD,1h,EUR/USD_2025-07-01,demand,2025-03-26T12:00:00Z,2025-03-26T12:10:00Z,2025-03-26T17:00:00Z,S2_CLOSE_INVALIDATION,-3.434782608695177,20,2,1.5,1h,3386,true,false,13,-0.0010018149999999615,bearish,rising,opposed,SQUEEZE_ON
EUR/USD,1h,EUR/USD_2025-04-01,supply,2025-03-27T00:00:00Z,2025-03-27T00:47:00Z,2025-03-27T01:00:00Z,S2_CLOSE_INVALIDATION,-3.754929577465654,20,2,1.5,1h,4926,false,false,5,-0.002621959999999939,bearish,falling,aligned,NO_RECENT_SQUEEZE
EUR/USD,1h,EUR/USD_2025-07-01,supply,2025-03-27T00:00:00Z,2025-03-27T00:47:00Z,2025-03-27T01:00:00Z,S2_CLOSE_INVALIDATION,-3.754929577465654,20,2,1.5,1h,3398,false,false,5,-0.002621959999999939,bearish,falling,aligned,NO_RECENT_SQUEEZE
EUR/USD,1h,EUR/USD_2025-04-01,supply,2025-03-27T11:00:00Z,2025-03-27T11:07:00Z,2025-03-27T11:42:00Z,TARGET,1.7697841726618342,20,2,1.5,1h,4937,false,false,16,0.0011294310714285328,bullish,rising,opposed,NO_RECENT_SQUEEZE
EUR/USD,1h,EUR/USD_2025-07-01,supply,2025-03-27T11:00:00Z,2025-03-27T11:07:00Z,2025-03-27T11:42:00Z,TARGET,1.7697841726618342,20,2,1.5,1h,3409,false,false,16,0.0011294310714285328,bullish,rising,opposed,NO_RECENT_SQUEEZE
EUR/USD,1h,EUR/USD_2025-04-01,supply,2025-03-27T12:00:00Z,2025-03-27T12:00:00Z,2025-03-27T15:00:00Z,S2_CLOSE_INVALIDATION,-1.4366812227074481,20,2,1.5,1h,4938,false,false,17,0.0016875535714284907,bullish,rising,opposed,NO_RECENT_SQUEEZE
EUR/USD,1h,EUR/USD_2025-07-01,supply,2025-03-27T12:00:00Z,2025-03-27T12:00:00Z,2025-03-27T15:00:00Z,S2_CLOSE_INVALIDATION,-1.4366812227074481,20,2,1.5,1h,3410,false,false,17,0.0016875535714284907,bullish,rising,opposed,NO_RECENT_SQUEEZE
EUR/USD,4h,EUR/USD_2025-04-01,supply,2025-03-27T12:00:00Z,2025-03-27T12:14:00Z,2025-03-27T13:55:00Z,TARGET,1.8222222222222026,20,2,1.5,4h,4982,false,true,3,-0.002658581428571411,bearish,rising,aligned,RELEASED_2_TO_3_BARS_AGO
EUR/USD,4h,EUR/USD_2025-07-01,supply,2025-03-27T12:00:00Z,2025-03-27T12:14:00Z,2025-03-27T13:55:00Z,TARGET,1.8222222222222026,20,2,1.5,4h,4586,false,true,3,-0.002658581428571411,bearish,rising,aligned,RELEASED_2_TO_3_BARS_AGO
EUR/USD,1h,EUR/USD_2025-04-01,supply,2025-03-27T19:00:00Z,2025-03-27T19:11:00Z,2025-03-28T07:56:00Z,TARGET,1.7697841726618342,20,2,1.5,1h,4945,false,false,24,0.0025730721428570058,bullish,falling,opposed,NO_RECENT_SQUEEZE
EUR/USD,1h,EUR/USD_2025-07-01,supply,2025-03-27T19:00:00Z,2025-03-27T19:11:00Z,2025-03-28T07:56:00Z,TARGET,1.7697841726618342,20,2,1.5,1h,3417,false,false,24,0.0025730721428570058,bullish,falling,opposed,NO_RECENT_SQUEEZE
EUR/USD,4h,EUR/USD_2025-04-01,supply,2025-03-28T04:00:00Z,2025-03-28T07:19:00Z,2025-03-28T08:30:00Z,TARGET,1.8222222222222026,20,2,1.5,4h,4986,true,false,7,-0.00013018142857152293,bearish,rising,aligned,SQUEEZE_ON
EUR/USD,4h,EUR/USD_2025-07-01,supply,2025-03-28T04:00:00Z,2025-03-28T07:19:00Z,2025-03-28T08:30:00Z,TARGET,1.8222222222222026,20,2,1.5,4h,4590,true,false,7,-0.00013018142857152293,bearish,rising,aligned,SQUEEZE_ON
EUR/USD,1h,EUR/USD_2025-04-01,supply,2025-03-28T15:00:00Z,2025-03-28T15:00:00Z,2025-03-30T22:04:00Z,TARGET,1.7894736842104908,20,2,1.5,1h,4965,false,false,4,-0.0005794560714286224,bearish,rising,aligned,NO_RECENT_SQUEEZE
EUR/USD,1h,EUR/USD_2025-07-01,supply,2025-03-28T15:00:00Z,2025-03-28T15:00:00Z,2025-03-30T22:04:00Z,TARGET,1.7894736842104908,20,2,1.5,1h,3437,false,false,4,-0.0005794560714286224,bearish,rising,aligned,NO_RECENT_SQUEEZE
EUR/USD,1h,EUR/USD_2025-04-01,demand,2025-03-31T08:00:00Z,2025-03-31T08:10:00Z,2025-03-31T12:00:00Z,S2_CLOSE_INVALIDATION,-2.1445086705204974,20,2,1.5,1h,4982,false,false,21,0.0025189896428572233,bullish,falling,aligned,NO_RECENT_SQUEEZE
EUR/USD,1h,EUR/USD_2025-07-01,demand,2025-03-31T08:00:00Z,2025-03-31T08:10:00Z,2025-03-31T12:00:00Z,S2_CLOSE_INVALIDATION,-2.1445086705204974,20,2,1.5,1h,3454,false,false,21,0.0025189896428572233,bullish,falling,aligned,NO_RECENT_SQUEEZE
USD/JPY,1h,USD/JPY_2025-04-01,supply,2025-03-31T12:00:00Z,2025-03-31T12:20:00Z,2025-03-31T13:00:00Z,S2_CLOSE_INVALIDATION,-1.3393939393939074,20,2,1.5,1h,4986,false,false,192,-0.5688205292857069,bearish,rising,aligned,NO_RECENT_SQUEEZE
BTC/USD,1h,BTC/USD_2025-04-01,supply,2025-03-31T18:00:00Z,2025-03-31T18:30:00Z,2025-03-31T19:25:00Z,TARGET,0.09001401030739564,20,2,1.5,1h,4992,false,true,3,684.8853071428574,bullish,rising,opposed,RELEASED_2_TO_3_BARS_AGO
EUR/USD,1h,EUR/USD_2025-07-01,supply,2025-04-01T09:00:00Z,2025-04-01T09:04:00Z,2025-04-01T09:17:00Z,TARGET,1.5675675675678054,20,2,1.5,1h,3479,true,false,19,0.0008837428571427854,bullish,rising,opposed,SQUEEZE_ON
EUR/USD,4h,EUR/USD_2025-07-01,demand,2025-04-01T08:00:00Z,2025-04-01T11:42:00Z,2025-04-02T12:41:00Z,TARGET,1.9021406727828778,20,2,1.5,4h,4604,true,false,10,0.002961168571428544,bullish,falling,aligned,SQUEEZE_ON
EUR/USD,1h,EUR/USD_2025-07-01,supply,2025-04-02T09:00:00Z,2025-04-02T09:00:00Z,2025-04-02T12:00:00Z,S2_CLOSE_INVALIDATION,-2.5204301075269417,20,2,1.5,1h,3503,true,false,21,-0.00006100535714285624,bearish,rising,aligned,SQUEEZE_ON
EUR/USD,1h,EUR/USD_2025-07-01,supply,2025-04-02T20:00:00Z,2025-04-02T20:17:00Z,2025-04-02T20:25:00Z,TARGET,1.8407960199004854,20,2,1.5,1h,3514,false,false,6,0.004185629285714294,bullish,rising,opposed,NO_RECENT_SQUEEZE
EUR/USD,4h,EUR/USD_2025-07-01,supply,2025-04-02T20:00:00Z,2025-04-02T20:17:00Z,2025-04-02T20:25:00Z,TARGET,1.8571428571428583,20,2,1.5,4h,4613,false,true,3,-0.0003107517857142753,bearish,rising,aligned,RELEASED_2_TO_3_BARS_AGO
EUR/USD,1h,EUR/USD_2025-07-01,supply,2025-04-02T23:00:00Z,2025-04-02T23:42:00Z,2025-04-03T01:00:00Z,S2_CLOSE_INVALIDATION,-1.6189054726368264,20,2,1.5,1h,3517,false,false,9,0.003062265000000137,bullish,falling,opposed,NO_RECENT_SQUEEZE
EUR/USD,1h,EUR/USD_2025-07-01,supply,2025-04-03T05:00:00Z,2025-04-03T05:29:00Z,2025-04-03T06:00:00Z,S2_CLOSE_INVALIDATION,-4.472566371681955,20,2,1.5,1h,3523,false,false,15,0.00557550178571443,bullish,rising,opposed,NO_RECENT_SQUEEZE
EUR/USD,1h,EUR/USD_2025-07-01,demand,2025-04-04T06:00:00Z,2025-04-04T06:59:00Z,2025-04-04T07:00:00Z,S2_CLOSE_INVALIDATION,-5.386473429952176,20,2,1.5,1h,3548,false,false,40,-0.000347797142857249,bearish,falling,opposed,NO_RECENT_SQUEEZE
EUR/USD,1h,EUR/USD_2025-07-01,demand,2025-04-04T14:00:00Z,2025-04-04T14:47:00Z,2025-04-04T15:59:00Z,TARGET,1.9261652053530236,20,2,1.5,1h,3556,false,false,48,-0.003792484285714297,bearish,falling,opposed,NO_RECENT_SQUEEZE
EUR/USD,1h,EUR/USD_2025-07-01,demand,2025-04-04T16:00:00Z,2025-04-04T16:44:00Z,2025-04-04T18:00:00Z,S2_CLOSE_INVALIDATION,-1.3502538071066017,20,2,1.5,1h,3558,false,false,50,-0.004595009285714298,bearish,falling,opposed,NO_RECENT_SQUEEZE
EUR/USD,1h,EUR/USD_2025-07-01,demand,2025-04-07T11:00:00Z,2025-04-07T11:22:00Z,2025-04-07T12:50:00Z,TARGET,1.9214338325558555,20,2,1.5,1h,3576,false,false,68,0.00007576749999986185,bullish,rising,aligned,NO_RECENT_SQUEEZE
EUR/USD,1h,EUR/USD_2025-07-01,demand,2025-04-07T13:00:00Z,2025-04-07T13:50:00Z,2025-04-07T15:00:00Z,S2_CLOSE_INVALIDATION,-1.4885833537932338,20,2,1.5,1h,3578,true,false,70,0.0010511221428570403,bullish,rising,aligned,SQUEEZE_ON
EUR/USD,1h,EUR/USD_2025-07-01,demand,2025-04-08T09:00:00Z,2025-04-08T09:12:00Z,2025-04-08T12:14:00Z,TARGET,1.9006828057107406,20,2,1.5,1h,3598,false,false,16,0.001436476071428462,bullish,rising,aligned,NO_RECENT_SQUEEZE
EUR/USD,1h,EUR/USD_2025-07-01,demand,2025-04-08T14:00:00Z,2025-04-08T14:35:00Z,2025-04-08T16:41:00Z,TARGET,1.8774885145482416,20,2,1.5,1h,3603,false,false,21,0.0011690742857142567,bullish,rising,aligned,NO_RECENT_SQUEEZE
EUR/USD,1h,EUR/USD_2025-07-01,supply,2025-04-08T19:00:00Z,2025-04-08T19:00:00Z,2025-04-08T23:00:00Z,S2_CLOSE_INVALIDATION,-1.668443852049212,20,2,1.5,1h,3608,false,false,26,-0.0008314217857143308,bearish,falling,aligned,NO_RECENT_SQUEEZE
EUR/USD,4h,EUR/USD_2025-07-01,demand,2025-04-09T17:00:00Z,2025-04-09T18:07:00Z,2025-04-09T18:43:00Z,TARGET,1.931286235774102,20,2,1.5,4h,4643,false,false,33,0.0006398589285712925,bullish,rising,aligned,NO_RECENT_SQUEEZE
EUR/USD,1h,EUR/USD_2025-07-01,supply,2025-04-10T10:00:00Z,2025-04-10T10:02:00Z,2025-04-10T12:00:00Z,S2_CLOSE_INVALIDATION,-1.5759637188208333,20,2,1.5,1h,3647,false,false,65,0.0007082432142857943,bullish,rising,opposed,NO_RECENT_SQUEEZE
EUR/USD,1h,EUR/USD_2025-07-01,demand,2025-04-11T17:00:00Z,2025-04-11T17:57:00Z,2025-04-11T20:05:00Z,TARGET,1.932346723044396,20,2,1.5,1h,3678,false,false,96,0.0023901835714287686,bullish,falling,aligned,NO_RECENT_SQUEEZE
EUR/USD,1h,EUR/USD_2025-07-01,demand,2025-04-15T01:00:00Z,2025-04-15T01:39:00Z,2025-04-15T04:43:00Z,TARGET,1.9219512195121993,20,2,1.5,1h,3710,false,false,8,-0.0035214357142857714,bearish,falling,opposed,NO_RECENT_SQUEEZE
EUR/USD,1h,EUR/USD_2025-07-01,demand,2025-04-15T15:00:00Z,2025-04-15T15:47:00Z,2025-04-16T04:00:00Z,TARGET,1.932346723044396,20,2,1.5,1h,3724,true,false,22,-0.0011276285714285374,bearish,rising,opposed,SQUEEZE_ON
EUR/USD,1h,EUR/USD_2025-07-01,demand,2025-04-22T06:00:00Z,2025-04-22T06:57:00Z,2025-04-22T12:00:00Z,S2_CLOSE_INVALIDATION,-1.7963525835866667,20,2,1.5,1h,3834,false,false,31,-0.0017581821428570249,bearish,rising,opposed,NO_RECENT_SQUEEZE
EUR/USD,1h,EUR/USD_2025-07-01,demand,2025-04-22T08:00:00Z,2025-04-22T08:03:00Z,2025-04-22T12:00:00Z,S2_CLOSE_INVALIDATION,-1.7963525835866667,20,2,1.5,1h,3836,true,false,33,-0.0016380749999999312,bearish,rising,opposed,SQUEEZE_ON
EUR/USD,1h,EUR/USD_2025-07-01,demand,2025-04-22T21:00:00Z,2025-04-22T21:56:00Z,2025-04-22T22:00:00Z,S2_CLOSE_INVALIDATION,-4.542857142857676,20,2,1.5,1h,3849,false,false,9,-0.005907346428571447,bearish,falling,opposed,NO_RECENT_SQUEEZE
EUR/USD,1h,EUR/USD_2025-07-01,supply,2025-04-24T02:00:00Z,2025-04-24T02:13:00Z,2025-04-24T09:00:00Z,S2_CLOSE_INVALIDATION,-1.1065719360567694,20,2,1.5,1h,3878,false,false,38,-0.0047989107142857755,bearish,rising,aligned,NO_RECENT_SQUEEZE
EUR/USD,1h,EUR/USD_2025-07-01,supply,2025-04-29T08:00:00Z,2025-04-29T08:00:00Z,2025-04-29T12:18:00Z,TARGET,1.8947368421052762,20,2,1.5,1h,3937,false,true,1,0.0006784392857142591,bullish,rising,opposed,RELEASED_1_BAR_AGO
EUR/USD,1h,EUR/USD_2025-07-01,supply,2025-04-29T15:00:00Z,2025-04-29T15:10:00Z,2025-04-30T01:53:00Z,TARGET,1.8947368421052762,20,2,1.5,1h,3944,false,false,8,0.002480696428571386,bullish,rising,opposed,NO_RECENT_SQUEEZE
EUR/USD,1h,EUR/USD_2025-07-01,demand,2025-05-01T05:00:00Z,2025-05-01T05:29:00Z,2025-05-01T05:43:00Z,TARGET,1.686274509803928,20,2,1.5,1h,3982,false,false,8,-0.0039642000000001095,bearish,falling,opposed,NO_RECENT_SQUEEZE
EUR/USD,1h,EUR/USD_2025-07-01,demand,2025-05-01T06:00:00Z,2025-05-01T06:00:00Z,2025-05-02T09:39:00Z,TARGET,1.932346723044396,20,2,1.5,1h,3983,false,false,9,-0.004154653571428676,bearish,falling,opposed,NO_RECENT_SQUEEZE
EUR/USD,4h,EUR/USD_2025-07-01,supply,2025-05-02T13:00:00Z,2025-05-02T13:48:00Z,2025-05-02T15:24:00Z,TARGET,1.904761904761912,20,2,1.5,4h,4744,false,false,7,-0.006006667857142843,bearish,rising,aligned,NO_RECENT_SQUEEZE
EUR/USD,1h,EUR/USD_2025-07-01,demand,2025-05-02T17:00:00Z,2025-05-02T17:43:00Z,2025-05-05T02:35:00Z,TARGET,1.932346723044396,20,2,1.5,1h,4018,false,false,23,0.003520428571428526,bullish,falling,aligned,NO_RECENT_SQUEEZE
EUR/USD,4h,EUR/USD_2025-07-01,demand,2025-05-05T13:00:00Z,2025-05-05T16:09:00Z,2025-05-06T14:16:00Z,TARGET,1.9488000000000008,20,2,1.5,4h,4751,false,true,0,-0.0008559142857141719,bearish,rising,opposed,RELEASED_SAME_BAR
EUR/USD,1h,EUR/USD_2025-07-01,demand,2025-05-05T17:00:00Z,2025-05-05T17:59:00Z,2025-05-06T07:40:00Z,TARGET,1.932346723044396,20,2,1.5,1h,4041,false,false,46,0.0011645428571429167,bullish,falling,aligned,NO_RECENT_SQUEEZE
EUR/USD,1h,EUR/USD_2025-07-01,supply,2025-05-06T18:00:00Z,2025-05-06T18:56:00Z,2025-05-06T22:08:00Z,TARGET,1.8740157480315065,20,2,1.5,1h,4066,false,false,71,0.003414589285714323,bullish,rising,opposed,NO_RECENT_SQUEEZE
USD/JPY,1h,USD/JPY_2025-07-01,supply,2025-05-07T04:00:00Z,2025-05-07T04:46:00Z,2025-05-07T06:27:00Z,TARGET,1.8892756551766985,20,2,1.5,1h,4079,false,false,19,-0.02220990035713477,bearish,rising,aligned,NO_RECENT_SQUEEZE
EUR/USD,1h,EUR/USD_2025-07-01,supply,2025-05-07T07:00:00Z,2025-05-07T07:00:00Z,2025-05-07T15:29:00Z,TARGET,1.8740157480315065,20,2,1.5,1h,4079,false,false,84,0.0005572250000000578,bullish,rising,opposed,NO_RECENT_SQUEEZE
USD/JPY,1h,USD/JPY_2025-07-01,supply,2025-05-07T08:00:00Z,2025-05-07T08:01:00Z,2025-05-07T11:00:00Z,S2_CLOSE_INVALIDATION,-1.380614935330011,20,2,1.5,1h,4083,false,false,23,0.4042943889285608,bullish,rising,opposed,NO_RECENT_SQUEEZE
EUR/USD,1h,EUR/USD_2025-07-01,demand,2025-05-07T17:00:00Z,2025-05-07T17:19:00Z,2025-05-07T18:06:00Z,TARGET,1.7538461538461687,20,2,1.5,1h,4089,true,false,94,0.00033616785714282027,bullish,rising,aligned,SQUEEZE_ON
USD/JPY,1h,USD/JPY_2025-07-01,supply,2025-05-07T18:00:00Z,2025-05-07T18:46:00Z,2025-05-07T18:48:00Z,TARGET,1.7730657400184293,20,2,1.5,1h,4093,true,false,33,0.42998110892856484,bullish,falling,opposed,SQUEEZE_ON
EUR/USD,1h,EUR/USD_2025-07-01,demand,2025-05-07T20:00:00Z,2025-05-07T20:04:00Z,2025-05-08T15:00:00Z,S2_CLOSE_INVALIDATION,-2.188160676532812,20,2,1.5,1h,4092,false,true,0,-0.0009048821428571489,bearish,falling,opposed,RELEASED_SAME_BAR
USD/JPY,1h,USD/JPY_2025-07-01,supply,2025-05-07T21:00:00Z,2025-05-07T21:00:00Z,2025-05-07T22:00:00Z,S2_CLOSE_INVALIDATION,-2.120487908659241,20,2,1.5,1h,4096,false,true,0,0.43972391821427914,bullish,falling,opposed,RELEASED_SAME_BAR
BTC/USD,1h,BTC/USD_2025-07-01,demand,2025-05-09T16:00:00Z,2025-05-09T16:07:00Z,2025-05-09T17:20:00Z,TARGET,0.5905469097071225,20,2,1.5,1h,3742,true,false,39,240.15496785713185,bullish,falling,aligned,SQUEEZE_ON
EUR/USD,4h,EUR/USD_2025-07-01,supply,2025-05-11T21:00:00Z,2025-05-12T00:49:00Z,2025-05-12T07:00:00Z,TARGET,1.923076923076926,20,2,1.5,4h,4777,false,false,7,-0.007578182142857161,bearish,falling,aligned,NO_RECENT_SQUEEZE
USD/JPY,4h,USD/JPY_2025-07-01,supply,2025-05-12T05:00:00Z,2025-05-12T07:24:00Z,2025-05-12T13:00:00Z,S2_CLOSE_INVALIDATION,-1.5212467422078395,20,2,1.5,4h,4781,false,false,91,1.9146001367857275,bullish,falling,opposed,NO_RECENT_SQUEEZE
EUR/USD,1h,EUR/USD_2025-07-01,demand,2025-05-12T10:00:00Z,2025-05-12T10:40:00Z,2025-05-12T11:16:00Z,TARGET,1.827027027027039,20,2,1.5,1h,4152,false,false,40,-0.007158221428571365,bearish,falling,opposed,NO_RECENT_SQUEEZE
BTC/USD,1h,BTC/USD_2025-07-01,demand,2025-05-12T14:00:00Z,2025-05-12T14:30:00Z,2025-05-12T14:32:00Z,TARGET,0.5905469097071225,20,2,1.5,1h,3812,true,false,38,-300.82991071428944,bearish,falling,opposed,SQUEEZE_ON
BTC/USD,1h,BTC/USD_2025-07-01,demand,2025-05-12T16:00:00Z,2025-05-12T16:00:00Z,2025-05-12T16:28:00Z,TARGET,0.5905469097071225,20,2,1.5,1h,3814,false,true,0,-720.2395071428604,bearish,falling,opposed,RELEASED_SAME_BAR
EUR/USD,1h,EUR/USD_2025-07-01,demand,2025-05-12T18:00:00Z,2025-05-12T18:00:00Z,2025-05-12T23:45:00Z,TARGET,1.827027027027039,20,2,1.5,1h,4160,false,false,48,-0.009790503571428598,bearish,falling,opposed,NO_RECENT_SQUEEZE
BTC/USD,1h,BTC/USD_2025-07-01,demand,2025-05-12T18:00:00Z,2025-05-12T18:34:00Z,2025-05-12T20:26:00Z,TARGET,1.3452413986375853,20,2,1.5,1h,3816,false,true,2,-1018.1994571428594,bearish,falling,opposed,RELEASED_2_TO_3_BARS_AGO
BTC/USD,1h,BTC/USD_2025-07-01,supply,2025-05-12T20:00:00Z,2025-05-12T20:53:00Z,2025-05-13T01:41:00Z,TARGET,1.056285766769753,20,2,1.5,1h,3818,false,false,4,-1462.3723285714295,bearish,falling,aligned,NO_RECENT_SQUEEZE
BTC/USD,1h,BTC/USD_2025-07-01,supply,2025-05-12T22:00:00Z,2025-05-12T22:24:00Z,2025-05-13T01:41:00Z,TARGET,1.056285766769753,20,2,1.5,1h,3820,false,false,6,-1413.5542607142831,bearish,falling,aligned,NO_RECENT_SQUEEZE
USD/JPY,1h,USD/JPY_2025-07-01,demand,2025-05-13T01:00:00Z,2025-05-13T01:00:00Z,2025-05-13T16:00:00Z,S2_CLOSE_INVALIDATION,-1.0988797364086056,20,2,1.5,1h,4170,false,false,24,0.9037097282499953,bullish,falling,aligned,NO_RECENT_SQUEEZE
EUR/USD,1h,EUR/USD_2025-07-01,supply,2025-05-13T04:00:00Z,2025-05-13T04:00:00Z,2025-05-13T14:00:00Z,S2_CLOSE_INVALIDATION,-1.5790297339592911,20,2,1.5,1h,4170,false,false,58,-0.0017551821428571325,bearish,rising,aligned,NO_RECENT_SQUEEZE
EUR/USD,1h,EUR/USD_2025-07-01,supply,2025-05-14T08:00:00Z,2025-05-14T08:04:00Z,2025-05-14T09:00:00Z,S2_CLOSE_INVALIDATION,-2.9054054054048932,20,2,1.5,1h,4198,false,false,86,0.003483114285714322,bullish,falling,opposed,NO_RECENT_SQUEEZE
EUR/USD,4h,EUR/USD_2025-07-01,supply,2025-05-14T05:00:00Z,2025-05-14T08:08:00Z,2025-05-14T16:40:00Z,TARGET,1.923076923076926,20,2,1.5,4h,4791,false,false,21,-0.004532260714285687,bearish,rising,aligned,NO_RECENT_SQUEEZE
USD/JPY,1h,USD/JPY_2025-07-01,demand,2025-05-14T09:00:00Z,2025-05-14T09:24:00Z,2025-05-14T10:36:00Z,TARGET,1.8367346938775255,20,2,1.5,1h,4202,false,false,12,-0.6147904228571401,bearish,falling,opposed,NO_RECENT_SQUEEZE
USD/JPY,1h,USD/JPY_2025-07-01,demand,2025-05-14T13:00:00Z,2025-05-14T13:50:00Z,2025-05-14T13:58:00Z,TARGET,1.8367346938775255,20,2,1.5,1h,4206,false,false,16,-0.8285458378571433,bearish,falling,opposed,NO_RECENT_SQUEEZE
USD/JPY,1h,USD/JPY_2025-07-01,supply,2025-05-14T16:00:00Z,2025-05-14T16:41:00Z,2025-05-14T16:41:00Z,TARGET,1.8764526466159557,20,2,1.5,1h,4209,false,false,19,-0.720455510571423,bearish,rising,aligned,NO_RECENT_SQUEEZE
USD/JPY,4h,USD/JPY_2025-07-01,demand,2025-05-15T05:00:00Z,2025-05-15T05:09:00Z,2025-05-15T21:00:00Z,S2_CLOSE_INVALIDATION,-2.3366809583858577,20,2,1.5,4h,4799,false,false,109,-0.8284693903571405,bearish,falling,opposed,NO_RECENT_SQUEEZE
EUR/USD,1h,EUR/USD_2025-07-01,supply,2025-05-15T06:00:00Z,2025-05-15T06:54:00Z,2025-05-15T07:46:00Z,TARGET,1.8769230769230634,20,2,1.5,1h,4220,false,false,108,-0.002816853571428554,bearish,rising,aligned,NO_RECENT_SQUEEZE
EUR/USD,1h,EUR/USD_2025-07-01,demand,2025-05-15T21:00:00Z,2025-05-15T21:22:00Z,2025-05-16T00:04:00Z,TARGET,1.834196891191728,20,2,1.5,1h,4235,false,true,0,-0.0009979428571428688,bearish,falling,opposed,RELEASED_SAME_BAR
BTC/USD,1h,BTC/USD_2025-07-01,supply,2025-05-16T02:00:00Z,2025-05-16T02:00:00Z,2025-05-17T01:19:00Z,TARGET,1.5572529667763582,20,2,1.5,1h,3896,false,false,21,1304.3519642857002,bullish,rising,opposed,NO_RECENT_SQUEEZE
USD/JPY,1h,USD/JPY_2025-07-01,demand,2025-05-16T02:00:00Z,2025-05-16T02:02:00Z,2025-05-16T09:47:00Z,TARGET,1.9205955334987632,20,2,1.5,1h,4243,false,true,1,-0.31905624339285743,bearish,falling,opposed,RELEASED_1_BAR_AGO
EUR/USD,1h,EUR/USD_2025-07-01,demand,2025-05-16T09:00:00Z,2025-05-16T09:58:00Z,2025-05-16T09:58:00Z,TARGET,1.3600000000002137,20,2,1.5,1h,4247,false,true,3,0.001332725000000092,bullish,rising,aligned,RELEASED_2_TO_3_BARS_AGO
EUR/USD,1h,EUR/USD_2025-07-01,demand,2025-05-16T11:00:00Z,2025-05-16T11:53:00Z,2025-05-16T12:05:00Z,TARGET,1.3600000000002137,20,2,1.5,1h,4249,false,false,5,0.0014604892857142757,bullish,rising,aligned,NO_RECENT_SQUEEZE
USD/JPY,1h,USD/JPY_2025-07-01,supply,2025-05-16T11:00:00Z,2025-05-16T11:53:00Z,2025-05-16T13:07:00Z,TARGET,1.849765258215938,20,2,1.5,1h,4252,false,false,10,-0.16397891928572178,bearish,rising,aligned,NO_RECENT_SQUEEZE
USD/JPY,1h,USD/JPY_2025-07-01,supply,2025-05-16T20:00:00Z,2025-05-16T20:00:00Z,2025-05-19T00:33:00Z,TARGET,1.9493670886075953,20,2,1.5,1h,4261,false,false,19,0.5720969728571359,bullish,rising,opposed,NO_RECENT_SQUEEZE
USD/JPY,1h,USD/JPY_2025-07-01,demand,2025-05-19T01:00:00Z,2025-05-19T01:00:00Z,2025-05-19T10:00:00Z,S2_CLOSE_INVALIDATION,-1.1644925442787113,20,2,1.5,1h,4264,false,false,22,0.2627980064285708,bullish,falling,aligned,NO_RECENT_SQUEEZE
BTC/USD,1h,BTC/USD_2025-07-01,demand,2025-05-19T04:00:00Z,2025-05-19T04:07:00Z,2025-05-19T04:13:00Z,TARGET,1.1733655335714674,20,2,1.5,1h,3970,false,false,22,59.1855607142831,bullish,falling,aligned,NO_RECENT_SQUEEZE
EUR/USD,4h,EUR/USD_2025-07-01,supply,2025-05-19T05:00:00Z,2025-05-19T07:34:00Z,2025-05-20T17:00:00Z,S2_CLOSE_INVALIDATION,-2.240384615384609,20,2,1.5,4h,4809,true,false,39,-0.0006555464285714976,bearish,falling,aligned,SQUEEZE_ON
EUR/USD,4h,EUR/USD_2025-07-01,supply,2025-05-19T13:00:00Z,2025-05-19T13:00:00Z,2025-05-20T17:00:00Z,S2_CLOSE_INVALIDATION,-2.240384615384609,20,2,1.5,4h,4811,true,false,41,0.0006738107142856403,bullish,rising,opposed,SQUEEZE_ON
USD/JPY,1h,USD/JPY_2025-07-01,supply,2025-05-20T02:00:00Z,2025-05-20T02:57:00Z,2025-05-20T02:57:00Z,TARGET,1.7519379844960514,20,2,1.5,1h,4289,true,false,47,0.07208960428571104,bullish,rising,opposed,SQUEEZE_ON
USD/JPY,1h,USD/JPY_2025-07-01,demand,2025-05-20T05:00:00Z,2025-05-20T05:45:00Z,2025-05-20T07:00:00Z,S2_CLOSE_INVALIDATION,-2.9047664396932533,20,2,1.5,1h,4292,true,false,50,0.04388944035713235,bullish,falling,aligned,SQUEEZE_ON
EUR/USD,4h,EUR/USD_2025-07-01,supply,2025-05-21T01:00:00Z,2025-05-21T02:13:00Z,2025-05-21T13:00:00Z,S2_CLOSE_INVALIDATION,-1.3623693379790727,20,2,1.5,4h,4820,false,false,8,0.005339996428571452,bullish,rising,opposed,NO_RECENT_SQUEEZE
USD/JPY,1h,USD/JPY_2025-07-01,demand,2025-05-21T04:00:00Z,2025-05-21T04:46:00Z,2025-05-21T08:27:00Z,TARGET,1.9299781181619247,20,2,1.5,1h,4315,false,false,20,-0.3558288178571489,bearish,falling,opposed,NO_RECENT_SQUEEZE
EUR/USD,1h,EUR/USD_2025-07-01,supply,2025-05-21T06:00:00Z,2025-05-21T06:17:00Z,2025-05-22T13:59:00Z,TARGET,1.9512937595129374,20,2,1.5,1h,4314,false,false,12,0.005229021428571408,bullish,rising,opposed,NO_RECENT_SQUEEZE
BTC/USD,1h,BTC/USD_2025-07-01,demand,2025-05-21T07:00:00Z,2025-05-21T07:31:00Z,2025-05-21T14:42:00Z,TARGET,1.4147044962005852,20,2,1.5,1h,4021,false,false,73,1761.8365035714162,bullish,rising,aligned,NO_RECENT_SQUEEZE
USD/JPY,1h,USD/JPY_2025-07-01,demand,2025-05-21T10:00:00Z,2025-05-21T10:23:00Z,2025-05-21T22:11:00Z,TARGET,1.9299781181619247,20,2,1.5,1h,4321,false,false,26,-0.507277578571419,bearish,rising,opposed,NO_RECENT_SQUEEZE
BTC/USD,1h,BTC/USD_2025-07-01,demand,2025-05-21T17:00:00Z,2025-05-21T17:30:00Z,2025-05-21T19:36:00Z,TARGET,1.4147044962005852,20,2,1.5,1h,4031,false,false,83,797.3135249999982,bullish,rising,aligned,NO_RECENT_SQUEEZE
BTC/USD,1h,BTC/USD_2025-07-01,demand,2025-05-21T19:00:00Z,2025-05-21T19:09:00Z,2025-05-21T19:36:00Z,TARGET,1.4147044962005852,20,2,1.5,1h,4033,false,false,85,247.7748178571407,bullish,falling,aligned,NO_RECENT_SQUEEZE
USD/JPY,1h,USD/JPY_2025-07-01,demand,2025-05-22T02:00:00Z,2025-05-22T02:17:00Z,2025-05-22T07:00:00Z,S2_CLOSE_INVALIDATION,-1.6371290322581415,20,2,1.5,1h,4337,true,false,42,-0.11869784785713522,bearish,falling,opposed,SQUEEZE_ON
EUR/USD,1h,EUR/USD_2025-07-01,demand,2025-05-22T14:00:00Z,2025-05-22T14:51:00Z,2025-05-22T15:27:00Z,TARGET,1.6666666666666916,20,2,1.5,1h,4346,false,false,4,-0.0027737571428571983,bearish,falling,opposed,NO_RECENT_SQUEEZE
USD/JPY,1h,USD/JPY_2025-07-01,supply,2025-05-22T17:00:00Z,2025-05-22T17:19:00Z,2025-05-22T22:08:00Z,TARGET,1.8987328953531188,20,2,1.5,1h,4352,false,true,3,0.15205091607140275,bullish,rising,opposed,RELEASED_2_TO_3_BARS_AGO
EUR/USD,1h,EUR/USD_2025-07-01,demand,2025-05-22T17:00:00Z,2025-05-22T17:20:00Z,2025-05-22T18:54:00Z,TARGET,1.8476190476190468,20,2,1.5,1h,4349,false,false,7,-0.0035894178571428403,bearish,falling,opposed,NO_RECENT_SQUEEZE
EUR/USD,1h,EUR/USD_2025-07-01,supply,2025-05-23T09:00:00Z,2025-05-23T09:04:00Z,2025-05-26T00:00:00Z,S2_CLOSE_INVALIDATION,-1.5570776255707977,20,2,1.5,1h,4365,false,false,23,0.004086353571428595,bullish,rising,opposed,NO_RECENT_SQUEEZE
USD/JPY,1h,USD/JPY_2025-07-01,demand,2025-05-23T11:00:00Z,2025-05-23T11:50:00Z,2025-05-26T02:00:00Z,S2_CLOSE_INVALIDATION,-1.1141439205954116,20,2,1.5,1h,4370,false,false,21,-0.5467772207142969,bearish,falling,opposed,NO_RECENT_SQUEEZE
USD/JPY,4h,USD/JPY_2025-07-01,demand,2025-05-23T09:00:00Z,2025-05-23T11:51:00Z,2025-05-25T23:53:00Z,TARGET,1.9179487179487151,20,2,1.5,4h,4836,false,false,14,-0.6173193782142679,bearish,rising,opposed,NO_RECENT_SQUEEZE
USD/JPY,1h,USD/JPY_2025-07-01,demand,2025-05-23T13:00:00Z,2025-05-23T13:00:00Z,2025-05-26T02:00:00Z,S2_CLOSE_INVALIDATION,-1.1141439205954116,20,2,1.5,1h,4372,false,false,23,-0.803536089642868,bearish,falling,opposed,NO_RECENT_SQUEEZE
BTC/USD,1h,BTC/USD_2025-07-01,supply,2025-05-23T17:00:00Z,2025-05-23T17:23:00Z,2025-05-23T18:04:00Z,TARGET,0.6499369554074834,20,2,1.5,1h,4079,false,false,5,-1089.2012785714242,bearish,falling,aligned,NO_RECENT_SQUEEZE
USD/JPY,4h,USD/JPY_2025-07-01,demand,2025-05-26T05:00:00Z,2025-05-26T05:00:00Z,2025-05-26T09:04:00Z,TARGET,1.9179487179487151,20,2,1.5,4h,4842,false,false,20,-0.7663469767857082,bearish,rising,opposed,NO_RECENT_SQUEEZE
USD/JPY,1h,USD/JPY_2025-07-01,supply,2025-05-26T05:00:00Z,2025-05-26T05:18:00Z,2025-05-26T07:00:00Z,S2_CLOSE_INVALIDATION,-1.091889408394231,20,2,1.5,1h,4387,false,false,38,-0.37793678142857184,bearish,rising,aligned,NO_RECENT_SQUEEZE
USD/JPY,1h,USD/JPY_2025-07-01,supply,2025-05-26T21:00:00Z,2025-05-26T21:06:00Z,2025-05-26T21:18:00Z,TARGET,1.813950243318233,20,2,1.5,1h,4403,false,false,54,0.30316389285714984,bullish,falling,opposed,NO_RECENT_SQUEEZE
USD/JPY,1h,USD/JPY_2025-07-01,demand,2025-05-27T02:00:00Z,2025-05-27T02:12:00Z,2025-05-27T02:53:00Z,TARGET,1.7961783439490953,20,2,1.5,1h,4408,false,true,1,-0.16149990714283635,bearish,falling,opposed,RELEASED_1_BAR_AGO
USD/JPY,1h,USD/JPY_2025-07-01,supply,2025-05-27T05:00:00Z,2025-05-27T05:34:00Z,2025-05-27T05:38:00Z,TARGET,1.753827217478199,20,2,1.5,1h,4411,false,false,4,-0.21651879642855318,bearish,rising,aligned,NO_RECENT_SQUEEZE
USD/JPY,4h,USD/JPY_2025-07-01,supply,2025-05-27T05:00:00Z,2025-05-27T07:47:00Z,2025-05-27T13:00:00Z,S2_CLOSE_INVALIDATION,-1.7965116279070188,20,2,1.5,4h,4848,false,false,26,-0.5936420653571483,bearish,rising,aligned,NO_RECENT_SQUEEZE
EUR/USD,4h,EUR/USD_2025-07-01,demand,2025-05-27T13:00:00Z,2025-05-27T15:04:00Z,2025-05-28T13:00:00Z,S2_CLOSE_INVALIDATION,-1.1256281407035165,20,2,1.5,4h,4848,false,false,36,0.0050313500000001106,bullish,falling,aligned,NO_RECENT_SQUEEZE
USD/JPY,1h,USD/JPY_2025-07-01,demand,2025-05-28T00:00:00Z,2025-05-28T00:00:00Z,2025-05-28T01:05:00Z,TARGET,1.8251319297620803,20,2,1.5,1h,4430,false,false,23,0.8276554214285832,bullish,falling,aligned,NO_RECENT_SQUEEZE
USD/JPY,4h,USD/JPY_2025-07-01,supply,2025-05-28T01:00:00Z,2025-05-28T01:09:00Z,2025-05-28T01:20:00Z,TARGET,1.931625392619823,20,2,1.5,4h,4853,false,false,31,0.692138953928553,bullish,rising,opposed,NO_RECENT_SQUEEZE
USD/JPY,1h,USD/JPY_2025-07-01,demand,2025-05-28T07:00:00Z,2025-05-28T07:52:00Z,2025-05-28T10:58:00Z,TARGET,1.8251319297620803,20,2,1.5,1h,4437,true,false,30,0.08818428500000475,bullish,falling,aligned,SQUEEZE_ON
USD/JPY,1h,USD/JPY_2025-07-01,demand,2025-05-28T09:00:00Z,2025-05-28T09:00:00Z,2025-05-28T10:58:00Z,TARGET,1.8251319297620803,20,2,1.5,1h,4439,true,false,32,-0.14724391285713845,bearish,falling,opposed,SQUEEZE_ON
EUR/USD,4h,EUR/USD_2025-07-01,demand,2025-05-28T17:00:00Z,2025-05-28T18:21:00Z,2025-05-28T21:00:00Z,S2_CLOSE_INVALIDATION,-2.4246575342465206,20,2,1.5,4h,4855,false,false,43,-0.004337257142857197,bearish,falling,opposed,NO_RECENT_SQUEEZE
EUR/USD,1h,EUR/USD_2025-07-01,demand,2025-05-28T18:00:00Z,2025-05-28T18:31:00Z,2025-05-28T18:52:00Z,TARGET,1.632183908045946,20,2,1.5,1h,4445,false,false,34,-0.0013498357142855996,bearish,falling,opposed,NO_RECENT_SQUEEZE
USD/JPY,1h,USD/JPY_2025-07-01,supply,2025-05-28T23:00:00Z,2025-05-28T23:37:00Z,2025-05-29T00:00:00Z,S2_CLOSE_INVALIDATION,-1.2120094936708854,20,2,1.5,1h,4453,false,false,8,0.44668105857142765,bullish,rising,opposed,NO_RECENT_SQUEEZE
USD/JPY,4h,USD/JPY_2025-07-01,supply,2025-05-28T21:00:00Z,2025-05-28T23:43:00Z,2025-05-29T07:44:00Z,TARGET,1.9488809725394975,20,2,1.5,4h,4858,false,false,36,1.541580364999988,bullish,rising,opposed,NO_RECENT_SQUEEZE
EUR/USD,1h,EUR/USD_2025-07-01,demand,2025-05-29T01:00:00Z,2025-05-29T01:00:00Z,2025-05-29T06:19:00Z,TARGET,1.8683127572016425,20,2,1.5,1h,4452,false,false,41,-0.003450196428571641,bearish,falling,opposed,NO_RECENT_SQUEEZE
EUR/USD,4h,EUR/USD_2025-07-01,demand,2025-05-29T05:00:00Z,2025-05-29T05:14:00Z,2025-05-29T10:19:00Z,TARGET,1.9272727272727266,20,2,1.5,4h,4858,false,false,46,-0.008332957142857257,bearish,falling,opposed,NO_RECENT_SQUEEZE
USD/JPY,4h,USD/JPY_2025-07-01,supply,2025-05-29T05:00:00Z,2025-05-29T05:46:00Z,2025-05-29T07:44:00Z,TARGET,1.9488809725394975,20,2,1.5,4h,4860,false,false,38,1.8989513249999908,bullish,rising,opposed,NO_RECENT_SQUEEZE
EUR/USD,1h,EUR/USD_2025-07-01,supply,2025-05-29T13:00:00Z,2025-05-29T13:01:00Z,2025-05-29T13:16:00Z,TARGET,1.8171428571428485,20,2,1.5,1h,4464,false,false,53,0.001559221428571408,bullish,rising,opposed,NO_RECENT_SQUEEZE
EUR/USD,1h,EUR/USD_2025-07-01,supply,2025-05-29T15:00:00Z,2025-05-29T15:07:00Z,2025-05-29T16:00:00Z,S2_CLOSE_INVALIDATION,-1.5485714285715662,20,2,1.5,1h,4466,false,false,55,0.004350499999999968,bullish,rising,opposed,NO_RECENT_SQUEEZE
USD/JPY,1h,USD/JPY_2025-07-01,demand,2025-05-29T16:00:00Z,2025-05-29T16:00:00Z,2025-05-29T18:00:00Z,S2_CLOSE_INVALIDATION,-1.2514264043135015,20,2,1.5,1h,4470,false,false,25,-0.7771084128571414,bearish,falling,opposed,NO_RECENT_SQUEEZE
USD/JPY,1h,USD/JPY_2025-07-01,demand,2025-05-29T19:00:00Z,2025-05-29T19:00:00Z,2025-05-29T23:00:00Z,S2_CLOSE_INVALIDATION,-3.3569181651723046,20,2,1.5,1h,4473,false,false,28,-1.3326093932142935,bearish,falling,opposed,NO_RECENT_SQUEEZE
USD/JPY,1h,USD/JPY_2025-07-01,supply,2025-05-30T14:00:00Z,2025-05-30T14:48:00Z,2025-05-30T16:28:00Z,TARGET,1.8980924174389338,20,2,1.5,1h,4492,true,false,47,0.12793501464286183,bullish,rising,opposed,SQUEEZE_ON
EUR/USD,1h,EUR/USD_2025-07-01,demand,2025-06-02T03:00:00Z,2025-06-02T03:31:00Z,2025-06-02T04:53:00Z,TARGET,1.6923076923077374,20,2,1.5,1h,4500,false,true,2,0.0016316285714287212,bullish,rising,aligned,RELEASED_2_TO_3_BARS_AGO
EUR/USD,1h,EUR/USD_2025-07-01,supply,2025-06-02T06:00:00Z,2025-06-02T06:47:00Z,2025-06-02T07:00:00Z,S2_CLOSE_INVALIDATION,-1.5020576131687888,20,2,1.5,1h,4503,false,false,5,0.0029899285714287773,bullish,rising,opposed,NO_RECENT_SQUEEZE
EUR/USD,1h,EUR/USD_2025-07-01,supply,2025-06-02T11:00:00Z,2025-06-02T11:21:00Z,2025-06-02T11:52:00Z,TARGET,1.7714285714286186,20,2,1.5,1h,4508,false,false,10,0.005123128571428629,bullish,rising,opposed,NO_RECENT_SQUEEZE
EUR/USD,1h,EUR/USD_2025-07-01,supply,2025-06-02T14:00:00Z,2025-06-02T14:06:00Z,2025-06-02T16:31:00Z,TARGET,1.8655462184873977,20,2,1.5,1h,4511,false,false,13,0.004866578571428683,bullish,falling,opposed,NO_RECENT_SQUEEZE
EUR/USD,1h,EUR/USD_2025-07-01,supply,2025-06-02T17:00:00Z,2025-06-02T17:09:00Z,2025-06-02T18:00:00Z,S2_CLOSE_INVALIDATION,-1.2000000000001079,20,2,1.5,1h,4514,false,false,16,0.004605660714285856,bullish,falling,opposed,NO_RECENT_SQUEEZE
EUR/USD,1h,EUR/USD_2025-07-01,supply,2025-06-02T20:00:00Z,2025-06-02T20:00:00Z,2025-06-03T02:41:00Z,TARGET,1.8655462184873977,20,2,1.5,1h,4517,false,false,19,0.0040823678571429356,bullish,falling,opposed,NO_RECENT_SQUEEZE
EUR/USD,1h,EUR/USD_2025-07-01,demand,2025-06-03T03:00:00Z,2025-06-03T03:27:00Z,2025-06-03T09:00:00Z,S2_CLOSE_INVALIDATION,-1.2322580645163073,20,2,1.5,1h,4524,false,false,26,0.0016968535714286647,bullish,falling,aligned,NO_RECENT_SQUEEZE
USD/JPY,1h,USD/JPY_2025-07-01,supply,2025-06-03T16:00:00Z,2025-06-03T16:17:00Z,2025-06-03T21:01:00Z,TARGET,1.8552016543211067,20,2,1.5,1h,4540,false,false,37,0.6287868767857127,bullish,rising,opposed,NO_RECENT_SQUEEZE
USD/JPY,1h,USD/JPY_2025-07-01,supply,2025-06-03T22:00:00Z,2025-06-03T22:00:00Z,2025-06-04T01:32:00Z,TARGET,1.8552016543211067,20,2,1.5,1h,4546,false,false,43,0.7764893149999985,bullish,rising,opposed,NO_RECENT_SQUEEZE
EUR/USD,1h,EUR/USD_2025-07-01,demand,2025-06-04T05:00:00Z,2025-06-04T05:34:00Z,2025-06-04T05:44:00Z,TARGET,1.6923076923077374,20,2,1.5,1h,4550,false,false,52,-0.0015907107142857434,bearish,rising,opposed,NO_RECENT_SQUEEZE
USD/JPY,1h,USD/JPY_2025-07-01,supply,2025-06-04T06:00:00Z,2025-06-04T06:07:00Z,2025-06-04T06:22:00Z,TARGET,1.8980924174389338,20,2,1.5,1h,4554,false,false,51,0.5197976585714279,bullish,falling,opposed,NO_RECENT_SQUEEZE
USD/JPY,1h,USD/JPY_2025-07-01,demand,2025-06-04T07:00:00Z,2025-06-04T07:00:00Z,2025-06-04T12:00:00Z,S2_CLOSE_INVALIDATION,-1.389937106918237,20,2,1.5,1h,4555,false,false,52,0.41907059571428695,bullish,falling,aligned,NO_RECENT_SQUEEZE
EUR/USD,1h,EUR/USD_2025-07-01,supply,2025-06-05T12:00:00Z,2025-06-05T12:30:00Z,2025-06-05T13:04:00Z,TARGET,1.8655462184873977,20,2,1.5,1h,4581,true,false,23,-0.0004915464285715084,bearish,rising,aligned,SQUEEZE_ON
USD/JPY,1h,USD/JPY_2025-07-01,supply,2025-06-06T15:00:00Z,2025-06-06T15:08:00Z,2025-06-08T23:00:00Z,TARGET,1.8661087866108652,20,2,1.5,1h,4611,false,false,4,0.6499264689285553,bullish,rising,opposed,NO_RECENT_SQUEEZE
EUR/USD,1h,EUR/USD_2025-07-01,supply,2025-06-09T03:00:00Z,2025-06-09T03:15:00Z,2025-06-09T03:37:00Z,TARGET,1.5789473684208586,20,2,1.5,1h,4619,false,false,36,-0.0006471607142857186,bearish,rising,aligned,NO_RECENT_SQUEEZE
EUR/USD,1h,EUR/USD_2025-07-01,supply,2025-06-09T05:00:00Z,2025-06-09T05:50:00Z,2025-06-09T06:00:00Z,S2_CLOSE_INVALIDATION,-2.1315789473689226,20,2,1.5,1h,4621,false,false,38,0.0004706750000000046,bullish,rising,opposed,NO_RECENT_SQUEEZE
EUR/USD,1h,EUR/USD_2025-07-01,supply,2025-06-09T15:00:00Z,2025-06-09T15:41:00Z,2025-06-10T01:36:00Z,TARGET,1.74400000000004,20,2,1.5,1h,4631,false,false,48,0.0014080035714285274,bullish,falling,opposed,NO_RECENT_SQUEEZE
EUR/USD,1h,EUR/USD_2025-07-01,supply,2025-06-09T17:00:00Z,2025-06-09T17:00:00Z,2025-06-10T01:36:00Z,TARGET,1.74400000000004,20,2,1.5,1h,4633,false,false,50,0.0012395214285714183,bullish,falling,opposed,NO_RECENT_SQUEEZE
USD/JPY,1h,USD/JPY_2025-07-01,supply,2025-06-10T01:00:00Z,2025-06-10T01:51:00Z,2025-06-10T05:18:00Z,TARGET,1.8661087866108652,20,2,1.5,1h,4644,false,false,37,0.24439847749999366,bullish,rising,opposed,NO_RECENT_SQUEEZE
EUR/USD,1h,EUR/USD_2025-07-01,supply,2025-06-10T10:00:00Z,2025-06-10T10:43:00Z,2025-06-10T11:00:00Z,S2_CLOSE_INVALIDATION,-1.4175824175827632,20,2,1.5,1h,4650,false,false,6,-0.0010981499999999438,bearish,rising,aligned,NO_RECENT_SQUEEZE
EUR/USD,1h,EUR/USD_2025-07-01,supply,2025-06-10T11:00:00Z,2025-06-10T11:00:00Z,2025-06-10T12:00:00Z,S2_CLOSE_INVALIDATION,-1.6399999999999288,20,2,1.5,1h,4651,false,false,7,-0.0008612071428571375,bearish,rising,aligned,NO_RECENT_SQUEEZE
USD/JPY,1h,USD/JPY_2025-07-01,demand,2025-06-10T11:00:00Z,2025-06-10T11:15:00Z,2025-06-10T14:33:00Z,TARGET,1.8848920863309435,20,2,1.5,1h,4654,false,true,0,0.06934219910713954,bullish,falling,aligned,RELEASED_SAME_BAR
USD/JPY,1h,USD/JPY_2025-07-01,supply,2025-06-10T17:00:00Z,2025-06-10T17:02:00Z,2025-06-11T00:16:00Z,TARGET,1.8661087866108652,20,2,1.5,1h,4660,false,true,0,-0.07485536285714921,bearish,rising,aligned,RELEASED_SAME_BAR
USD/JPY,1h,USD/JPY_2025-07-01,supply,2025-06-11T01:00:00Z,2025-06-11T01:53:00Z,2025-06-11T06:00:00Z,S2_CLOSE_INVALIDATION,-1.234225941422595,20,2,1.5,1h,4668,false,true,2,0.1506052114285686,bullish,rising,opposed,RELEASED_2_TO_3_BARS_AGO
EUR/USD,1h,EUR/USD_2025-07-01,supply,2025-06-11T09:00:00Z,2025-06-11T09:00:00Z,2025-06-11T12:00:00Z,S2_CLOSE_INVALIDATION,-3.437158469945375,20,2,1.5,1h,4673,true,false,29,-0.0007315928571428658,bearish,rising,aligned,SQUEEZE_ON
USD/JPY,4h,USD/JPY_2025-07-01,supply,2025-06-11T09:00:00Z,2025-06-11T12:04:00Z,2025-06-12T00:46:00Z,TARGET,1.9767781075609034,20,2,1.5,4h,4916,true,false,94,0.414279751071425,bullish,falling,opposed,SQUEEZE_ON
USD/JPY,1h,USD/JPY_2025-07-01,demand,2025-06-11T12:00:00Z,2025-06-11T12:33:00Z,2025-06-11T13:02:00Z,TARGET,1.8848920863309435,20,2,1.5,1h,4679,true,false,8,0.21543794464284727,bullish,rising,aligned,SQUEEZE_ON
EUR/USD,1h,EUR/USD_2025-07-01,supply,2025-06-11T16:00:00Z,2025-06-11T16:39:00Z,2025-06-11T23:00:00Z,S2_CLOSE_INVALIDATION,-1.1573033707864195,20,2,1.5,1h,4680,false,true,2,0.0023839964285714142,bullish,rising,opposed,RELEASED_2_TO_3_BARS_AGO
EUR/USD,4h,EUR/USD_2025-07-01,supply,2025-06-12T01:00:00Z,2025-06-12T01:00:00Z,2025-06-12T05:00:00Z,S2_CLOSE_INVALIDATION,-1.205405405405415,20,2,1.5,4h,4918,false,true,2,0.004788582142857105,bullish,rising,opposed,RELEASED_2_TO_3_BARS_AGO
USD/JPY,1h,USD/JPY_2025-07-01,demand,2025-06-12T01:00:00Z,2025-06-12T01:22:00Z,2025-06-12T01:32:00Z,TARGET,1.7681159420289465,20,2,1.5,1h,4692,false,false,8,-0.6338979466428802,bearish,falling,opposed,NO_RECENT_SQUEEZE
USD/JPY,1h,USD/JPY_2025-07-01,demand,2025-06-12T05:00:00Z,2025-06-12T05:43:00Z,2025-06-12T06:18:00Z,TARGET,1.7681159420289465,20,2,1.5,1h,4696,false,false,12,-0.77791582685715,bearish,falling,opposed,NO_RECENT_SQUEEZE
USD/JPY,1h,USD/JPY_2025-07-01,demand,2025-06-12T07:00:00Z,2025-06-12T07:00:00Z,2025-06-12T07:13:00Z,TARGET,1.7681159420289465,20,2,1.5,1h,4698,false,false,14,-0.8212122856071371,bearish,falling,opposed,NO_RECENT_SQUEEZE
USD/JPY,1h,USD/JPY_2025-07-01,demand,2025-06-12T10:00:00Z,2025-06-12T10:30:00Z,2025-06-12T11:34:00Z,TARGET,1.721763324928228,20,2,1.5,1h,4701,false,false,17,-0.7180836631071388,bearish,rising,opposed,NO_RECENT_SQUEEZE
BTC/USD,1h,BTC/USD_2025-07-01,demand,2025-06-13T00:00:00Z,2025-06-13T00:36:00Z,2025-06-13T00:39:00Z,TARGET,0.5169506893910709,20,2,1.5,1h,4566,false,false,26,-853.4233892857137,bearish,falling,opposed,NO_RECENT_SQUEEZE
BTC/USD,1h,BTC/USD_2025-07-01,demand,2025-06-13T02:00:00Z,2025-06-13T02:43:00Z,2025-06-13T02:49:00Z,TARGET,0.5169506893910709,20,2,1.5,1h,4568,false,false,28,-1451.9972642857197,bearish,falling,opposed,NO_RECENT_SQUEEZE
USD/JPY,1h,USD/JPY_2025-07-01,supply,2025-06-13T03:00:00Z,2025-06-13T03:32:00Z,2025-06-13T07:00:00Z,S2_CLOSE_INVALIDATION,-1.3514438956395602,20,2,1.5,1h,4718,false,false,34,-0.2368924421428529,bearish,falling,aligned,NO_RECENT_SQUEEZE
BTC/USD,1h,BTC/USD_2025-07-01,demand,2025-06-13T04:00:00Z,2025-06-13T04:07:00Z,2025-06-13T06:59:00Z,TARGET,1.207120564669991,20,2,1.5,1h,4570,false,false,30,-1790.0019750000047,bearish,falling,opposed,NO_RECENT_SQUEEZE
EUR/USD,4h,EUR/USD_2025-07-01,demand,2025-06-13T01:00:00Z,2025-06-13T04:27:00Z,2025-06-13T06:05:00Z,TARGET,1.8620689655172473,20,2,1.5,4h,4924,false,false,8,0.010625778571428553,bullish,rising,aligned,NO_RECENT_SQUEEZE
USD/JPY,1h,USD/JPY_2025-07-01,supply,2025-06-13T05:00:00Z,2025-06-13T05:00:00Z,2025-06-13T07:00:00Z,S2_CLOSE_INVALIDATION,-1.3514438956395602,20,2,1.5,1h,4720,false,false,36,-0.08203809749998925,bearish,rising,aligned,NO_RECENT_SQUEEZE
EUR/USD,1h,EUR/USD_2025-07-01,demand,2025-06-13T05:00:00Z,2025-06-13T05:23:00Z,2025-06-13T06:06:00Z,TARGET,1.8468899521531046,20,2,1.5,1h,4717,false,false,39,-0.002953646428571379,bearish,falling,opposed,NO_RECENT_SQUEEZE
EUR/USD,4h,EUR/USD_2025-07-01,demand,2025-06-13T09:00:00Z,2025-06-13T10:49:00Z,2025-06-13T11:46:00Z,TARGET,1.8468899521531046,20,2,1.5,4h,4926,false,false,10,0.009473949999999995,bullish,falling,aligned,NO_RECENT_SQUEEZE
EUR/USD,1h,EUR/USD_2025-07-01,demand,2025-06-16T17:00:00Z,2025-06-16T17:08:00Z,2025-06-16T19:00:00Z,S2_CLOSE_INVALIDATION,-3.067567567567797,20,2,1.5,1h,4752,false,false,74,0.0032718214285715167,bullish,falling,aligned,NO_RECENT_SQUEEZE
USD/JPY,1h,USD/JPY_2025-07-01,supply,2025-06-16T17:00:00Z,2025-06-16T17:46:00Z,2025-06-16T18:00:00Z,S2_CLOSE_INVALIDATION,-2.6383692426784155,20,2,1.5,1h,4754,false,false,4,-0.269631731428577,bearish,falling,aligned,NO_RECENT_SQUEEZE
USD/JPY,1h,USD/JPY_2025-07-01,supply,2025-06-16T18:00:00Z,2025-06-16T18:50:00Z,2025-06-16T19:00:00Z,S2_CLOSE_INVALIDATION,-3.909409701928309,20,2,1.5,1h,4755,false,false,5,-0.23781148892857157,bearish,rising,aligned,NO_RECENT_SQUEEZE
USD/JPY,4h,USD/JPY_2025-07-01,supply,2025-06-16T21:00:00Z,2025-06-17T00:57:00Z,2025-06-17T01:41:00Z,TARGET,1.8865248226950284,20,2,1.5,4h,4937,false,false,15,0.23919189392858387,bullish,rising,opposed,NO_RECENT_SQUEEZE
USD/JPY,1h,USD/JPY_2025-07-01,supply,2025-06-17T01:00:00Z,2025-06-17T01:00:00Z,2025-06-17T16:00:00Z,S2_CLOSE_INVALIDATION,-1.1909689067897697,20,2,1.5,1h,4762,false,false,12,0.4875514785714164,bullish,rising,opposed,NO_RECENT_SQUEEZE
BTC/USD,1h,BTC/USD_2025-07-01,demand,2025-06-17T02:00:00Z,2025-06-17T02:27:00Z,2025-06-17T02:51:00Z,TARGET,-0.1349999999999998,20,2,1.5,1h,4664,false,false,23,467.5610214285745,bullish,falling,aligned,NO_RECENT_SQUEEZE
BTC/USD,1h,BTC/USD_2025-07-01,demand,2025-06-17T06:00:00Z,2025-06-17T06:47:00Z,2025-06-17T08:00:00Z,S2_CLOSE_INVALIDATION,-3.3479333333333487,20,2,1.5,1h,4668,false,false,27,-168.59112857143032,bearish,falling,opposed,NO_RECENT_SQUEEZE
USD/JPY,4h,USD/JPY_2025-07-01,supply,2025-06-17T13:00:00Z,2025-06-17T14:31:00Z,2025-06-17T17:00:00Z,S2_CLOSE_INVALIDATION,-1.1631914893615687,20,2,1.5,4h,4941,false,false,19,0.9641271160714374,bullish,rising,opposed,NO_RECENT_SQUEEZE
EUR/USD,1h,EUR/USD_2025-07-01,demand,2025-06-17T16:00:00Z,2025-06-17T16:49:00Z,2025-06-17T17:00:00Z,S2_CLOSE_INVALIDATION,-1.1747572815533915,20,2,1.5,1h,4775,true,false,97,-0.0011851214285714148,bearish,falling,opposed,SQUEEZE_ON
EUR/USD,1h,EUR/USD_2025-07-01,demand,2025-06-17T19:00:00Z,2025-06-17T19:00:00Z,2025-06-17T21:05:00Z,TARGET,1.6049382716049272,20,2,1.5,1h,4778,false,true,2,-0.0030570321428570984,bearish,falling,opposed,RELEASED_2_TO_3_BARS_AGO
EUR/USD,4h,EUR/USD_2025-07-01,demand,2025-06-17T21:00:00Z,2025-06-17T21:00:00Z,2025-06-18T06:16:00Z,TARGET,1.8468899521531046,20,2,1.5,4h,4942,false,false,26,-0.002884007142857056,bearish,falling,opposed,NO_RECENT_SQUEEZE
USD/JPY,1h,USD/JPY_2025-07-01,demand,2025-06-18T02:00:00Z,2025-06-18T02:21:00Z,2025-06-18T06:00:00Z,S2_CLOSE_INVALIDATION,-2.2791977888943142,20,2,1.5,1h,4787,false,false,7,0.37612835964284075,bullish,falling,aligned,NO_RECENT_SQUEEZE
EUR/USD,4h,EUR/USD_2025-07-01,demand,2025-06-18T13:00:00Z,2025-06-18T13:42:00Z,2025-06-18T14:04:00Z,TARGET,1.8468899521531046,20,2,1.5,4h,4946,false,false,30,-0.004768982142857018,bearish,falling,opposed,NO_RECENT_SQUEEZE
USD/JPY,1h,USD/JPY_2025-07-01,demand,2025-06-18T16:00:00Z,2025-06-18T16:04:00Z,2025-06-18T17:41:00Z,TARGET,1.8827924694161489,20,2,1.5,1h,4801,false,false,21,-0.41072187642855823,bearish,falling,opposed,NO_RECENT_SQUEEZE
EUR/USD,1h,EUR/USD_2025-07-01,supply,2025-06-18T18:00:00Z,2025-06-18T18:00:00Z,2025-06-18T18:00:00Z,TARGET,1.8181818181818166,20,2,1.5,1h,4801,true,false,25,0.0015006857142859052,bullish,falling,opposed,SQUEEZE_ON
USD/JPY,1h,USD/JPY_2025-07-01,demand,2025-06-18T18:00:00Z,2025-06-18T18:00:00Z,2025-06-18T18:40:00Z,TARGET,1.8827924694161489,20,2,1.5,1h,4803,false,false,23,-0.4369855114285603,bearish,falling,opposed,NO_RECENT_SQUEEZE
BTC/USD,1h,BTC/USD_2025-07-01,demand,2025-06-18T19:00:00Z,2025-06-18T19:00:00Z,2025-06-18T20:44:00Z,TARGET,1.207120564669991,20,2,1.5,1h,4705,true,false,64,-168.3962000000014,bearish,falling,opposed,SQUEEZE_ON
EUR/USD,1h,EUR/USD_2025-07-01,supply,2025-06-19T09:00:00Z,2025-06-19T09:01:00Z,2025-06-19T14:48:00Z,TARGET,1.7681159420289376,20,2,1.5,1h,4816,false,false,9,-0.002869078571428663,bearish,rising,aligned,NO_RECENT_SQUEEZE
EUR/USD,1h,EUR/USD_2025-07-01,supply,2025-06-19T17:00:00Z,2025-06-19T17:49:00Z,2025-06-19T19:00:00Z,S2_CLOSE_INVALIDATION,-3.1014492753627727,20,2,1.5,1h,4824,true,false,17,-0.00043227142857151803,bearish,rising,aligned,SQUEEZE_ON
USD/JPY,1h,USD/JPY_2025-07-01,demand,2025-06-19T19:00:00Z,2025-06-19T19:09:00Z,2025-06-19T23:00:00Z,S2_CLOSE_INVALIDATION,-2.089361702127552,20,2,1.5,1h,4828,false,false,16,0.42587585825000884,bullish,falling,aligned,NO_RECENT_SQUEEZE
EUR/USD,1h,EUR/USD_2025-07-01,supply,2025-06-20T01:00:00Z,2025-06-20T01:00:00Z,2025-06-20T16:00:00Z,S2_CLOSE_INVALIDATION,-1.5234375000000295,20,2,1.5,1h,4832,false,false,5,0.0032411249999999363,bullish,rising,opposed,NO_RECENT_SQUEEZE
USD/JPY,1h,USD/JPY_2025-07-01,supply,2025-06-20T14:00:00Z,2025-06-20T14:20:00Z,2025-06-20T19:00:00Z,S2_CLOSE_INVALIDATION,-1.489898785834053,20,2,1.5,1h,4847,true,false,35,0.031190144642854585,bullish,rising,opposed,SQUEEZE_ON
BTC/USD,1h,BTC/USD_2025-07-01,demand,2025-06-20T17:00:00Z,2025-06-20T17:19:00Z,2025-06-20T20:16:00Z,TARGET,0.5169506893910709,20,2,1.5,1h,4751,false,false,9,47.005100000006365,bullish,falling,aligned,NO_RECENT_SQUEEZE
USD/JPY,4h,USD/JPY_2025-07-01,supply,2025-06-20T17:00:00Z,2025-06-20T18:38:00Z,2025-06-22T21:00:00Z,S2_CLOSE_INVALIDATION,-1.6805220530679474,20,2,1.5,4h,4960,true,false,7,0.32762785857143184,bullish,rising,opposed,SQUEEZE_ON
BTC/USD,1h,BTC/USD_2025-07-01,demand,2025-06-20T19:00:00Z,2025-06-20T19:00:00Z,2025-06-20T20:16:00Z,TARGET,0.5169506893910709,20,2,1.5,1h,4753,false,false,11,-594.756889285713,bearish,falling,opposed,NO_RECENT_SQUEEZE
EUR/USD,1h,EUR/USD_2025-07-01,demand,2025-06-20T19:00:00Z,2025-06-20T19:52:00Z,2025-06-22T23:00:00Z,S2_CLOSE_INVALIDATION,-3.5999999999995476,20,2,1.5,1h,4850,true,false,23,0.0006173785714284382,bullish,falling,aligned,SQUEEZE_ON
EUR/USD,1h,EUR/USD_2025-07-01,demand,2025-06-20T20:00:00Z,2025-06-20T20:00:00Z,2025-06-22T23:00:00Z,S2_CLOSE_INVALIDATION,-1.7162790697674832,20,2,1.5,1h,4851,true,false,24,0.00022290357142841694,bullish,falling,aligned,SQUEEZE_ON
BTC/USD,1h,BTC/USD_2025-07-01,supply,2025-06-22T01:00:00Z,2025-06-22T01:00:00Z,2025-06-22T13:21:00Z,TARGET,1.0989857075913836,20,2,1.5,1h,4783,false,false,6,-636.9712964285677,bearish,rising,aligned,NO_RECENT_SQUEEZE
BTC/USD,1h,BTC/USD_2025-07-01,demand,2025-06-22T16:00:00Z,2025-06-22T16:00:00Z,2025-06-22T16:09:00Z,TARGET,0.4457744756618194,20,2,1.5,1h,4798,false,false,21,-705.6107821428543,bearish,falling,opposed,NO_RECENT_SQUEEZE
BTC/USD,1h,BTC/USD_2025-07-01,demand,2025-06-22T19:00:00Z,2025-06-22T19:45:00Z,2025-06-22T20:48:00Z,TARGET,0.4457744756618194,20,2,1.5,1h,4801,false,false,24,-1596.8987464285658,bearish,falling,opposed,NO_RECENT_SQUEEZE
EUR/USD,4h,EUR/USD_2025-07-01,supply,2025-06-23T05:00:00Z,2025-06-23T06:00:00Z,2025-06-23T09:04:00Z,TARGET,1.9250585480093676,20,2,1.5,4h,4963,true,false,47,0.001640064285714333,bullish,rising,opposed,SQUEEZE_ON
BTC/USD,4h,BTC/USD_2025-07-01,supply,2025-06-23T12:00:00Z,2025-06-23T13:59:00Z,2025-06-23T14:30:00Z,TARGET,1.1510915682618807,20,2,1.5,4h,4953,false,false,10,-2309.878928571426,bearish,rising,aligned,NO_RECENT_SQUEEZE
EUR/USD,1h,EUR/USD_2025-07-01,supply,2025-06-23T14:00:00Z,2025-06-23T14:20:00Z,2025-06-23T16:00:00Z,S2_CLOSE_INVALIDATION,-1.956989247311846,20,2,1.5,1h,4869,false,false,13,-0.002709382142857021,bearish,rising,aligned,NO_RECENT_SQUEEZE
USD/JPY,1h,USD/JPY_2025-07-01,demand,2025-06-23T14:00:00Z,2025-06-23T14:55:00Z,2025-06-23T16:00:00Z,S2_CLOSE_INVALIDATION,-1.1321321321321454,20,2,1.5,1h,4869,false,false,21,1.0262385507142942,bullish,falling,aligned,NO_RECENT_SQUEEZE
EUR/USD,4h,EUR/USD_2025-07-01,supply,2025-06-23T13:00:00Z,2025-06-23T16:46:00Z,2025-06-23T17:00:00Z,S2_CLOSE_INVALIDATION,-2.0313901345288063,20,2,1.5,4h,4965,true,false,49,0.0011931285714286157,bullish,falling,opposed,SQUEEZE_ON
USD/JPY,1h,USD/JPY_2025-07-01,demand,2025-06-23T17:00:00Z,2025-06-23T17:30:00Z,2025-06-23T18:00:00Z,S2_CLOSE_INVALIDATION,-1.5560538116590907,20,2,1.5,1h,4872,false,false,24,0.2826506014285871,bullish,falling,aligned,NO_RECENT_SQUEEZE
BTC/USD,1h,BTC/USD_2025-07-01,supply,2025-06-23T17:00:00Z,2025-06-23T17:37:00Z,2025-06-23T18:00:00Z,S2_CLOSE_INVALIDATION,-2.0325161668228438,20,2,1.5,1h,4823,false,false,46,1234.7258571428627,bullish,falling,opposed,NO_RECENT_SQUEEZE
EUR/USD,1h,EUR/USD_2025-07-01,supply,2025-06-23T19:00:00Z,2025-06-23T19:03:00Z,2025-06-23T22:00:00Z,S2_CLOSE_INVALIDATION,-3.6511627906985753,20,2,1.5,1h,4874,false,false,18,0.0032523178571429246,bullish,rising,opposed,NO_RECENT_SQUEEZE
USD/JPY,1h,USD/JPY_2025-07-01,demand,2025-06-23T22:00:00Z,2025-06-23T22:06:00Z,2025-06-23T23:12:00Z,TARGET,1.8024691358025113,20,2,1.5,1h,4877,false,false,29,-0.8722241635714123,bearish,falling,opposed,NO_RECENT_SQUEEZE
EUR/USD,1h,EUR/USD_2025-07-01,supply,2025-06-24T00:00:00Z,2025-06-24T00:00:00Z,2025-06-24T03:00:00Z,S2_CLOSE_INVALIDATION,-1.1743119266054753,20,2,1.5,1h,4879,false,false,23,0.00747130000000003,bullish,rising,opposed,NO_RECENT_SQUEEZE
EUR/USD,4h,EUR/USD_2025-07-01,supply,2025-06-24T01:00:00Z,2025-06-24T01:00:00Z,2025-06-24T13:00:00Z,S2_CLOSE_INVALIDATION,-1.5591397849462403,20,2,1.5,4h,4968,false,true,2,0.004774846428571514,bullish,rising,opposed,RELEASED_2_TO_3_BARS_AGO
USD/JPY,4h,USD/JPY_2025-07-01,demand,2025-06-24T01:00:00Z,2025-06-24T03:32:00Z,2025-06-24T05:00:00Z,S2_CLOSE_INVALIDATION,-2.6680417918479904,20,2,1.5,4h,4968,false,false,6,0.7577437107142935,bullish,falling,aligned,NO_RECENT_SQUEEZE
USD/JPY,1h,USD/JPY_2025-07-01,demand,2025-06-24T03:00:00Z,2025-06-24T03:50:00Z,2025-06-24T04:02:00Z,TARGET,1.768115942029042,20,2,1.5,1h,4882,false,false,34,-1.5534346475000091,bearish,falling,opposed,NO_RECENT_SQUEEZE
USD/JPY,1h,USD/JPY_2025-07-01,demand,2025-06-24T05:00:00Z,2025-06-24T05:57:00Z,2025-06-24T06:00:00Z,S2_CLOSE_INVALIDATION,-1.6666666666665206,20,2,1.5,1h,4884,false,false,36,-1.6072726014285887,bearish,rising,opposed,NO_RECENT_SQUEEZE
USD/JPY,1h,USD/JPY_2025-07-01,demand,2025-06-24T06:00:00Z,2025-06-24T06:23:00Z,2025-06-24T06:32:00Z,TARGET,1.6558547707132458,20,2,1.5,1h,4885,false,false,37,-1.5713270057143025,bearish,rising,opposed,NO_RECENT_SQUEEZE
BTC/USD,1h,BTC/USD_2025-07-01,demand,2025-06-24T07:00:00Z,2025-06-24T07:37:00Z,2025-06-24T16:43:00Z,TARGET,1.125535572629182,20,2,1.5,1h,4837,false,false,11,2595.0582392857164,bullish,rising,aligned,NO_RECENT_SQUEEZE
USD/JPY,4h,USD/JPY_2025-07-01,demand,2025-06-24T13:00:00Z,2025-06-24T14:16:00Z,2025-06-25T08:15:00Z,TARGET,1.9519523126703282,20,2,1.5,4h,4971,false,false,9,-0.1564400989285653,bearish,falling,opposed,NO_RECENT_SQUEEZE
USD/JPY,1h,USD/JPY_2025-07-01,demand,2025-06-24T14:00:00Z,2025-06-24T14:25:00Z,2025-06-24T15:32:00Z,TARGET,1.8827924694161489,20,2,1.5,1h,4893,false,false,45,-0.804036667500003,bearish,rising,opposed,NO_RECENT_SQUEEZE
EUR/USD,1h,EUR/USD_2025-07-01,demand,2025-06-25T02:00:00Z,2025-06-25T02:18:00Z,2025-06-25T07:00:00Z,S2_CLOSE_INVALIDATION,-1.6622073578595937,20,2,1.5,1h,4905,true,false,49,0.000045982142856991395,bullish,rising,aligned,SQUEEZE_ON
EUR/USD,1h,EUR/USD_2025-07-01,demand,2025-06-25T09:00:00Z,2025-06-25T09:27:00Z,2025-06-25T15:02:00Z,TARGET,1.8977635782747484,20,2,1.5,1h,4912,true,false,56,-0.00015683928571428283,bearish,falling,opposed,SQUEEZE_ON
USD/JPY,1h,USD/JPY_2025-07-01,supply,2025-06-25T10:00:00Z,2025-06-25T10:00:00Z,2025-06-25T11:00:00Z,S2_CLOSE_INVALIDATION,-1.2451340996167968,20,2,1.5,1h,4913,false,true,3,0.4774699646428413,bullish,rising,opposed,RELEASED_2_TO_3_BARS_AGO
EUR/USD,1h,EUR/USD_2025-07-01,supply,2025-06-25T16:00:00Z,2025-06-25T16:01:00Z,2025-06-25T17:00:00Z,S2_CLOSE_INVALIDATION,-2.9636363636362417,20,2,1.5,1h,4919,true,false,63,-0.0007643178571428724,bearish,rising,aligned,SQUEEZE_ON
USD/JPY,4h,USD/JPY_2025-07-01,demand,2025-06-25T21:00:00Z,2025-06-26T00:50:00Z,2025-06-26T05:00:00Z,S2_CLOSE_INVALIDATION,-2.465454463554928,20,2,1.5,4h,4979,false,false,17,-1.3363176457142996,bearish,falling,opposed,NO_RECENT_SQUEEZE
EUR/USD,1h,EUR/USD_2025-07-01,demand,2025-06-26T05:00:00Z,2025-06-26T05:00:00Z,2025-06-26T06:53:00Z,TARGET,1.6631578947368444,20,2,1.5,1h,4932,false,false,10,0.005770253571428599,bullish,falling,aligned,NO_RECENT_SQUEEZE
USD/JPY,1h,USD/JPY_2025-07-01,demand,2025-06-26T09:00:00Z,2025-06-26T09:00:00Z,2025-06-26T11:14:00Z,TARGET,1.9069740399430115,20,2,1.5,1h,4936,false,false,26,-0.9987195925000123,bearish,falling,opposed,NO_RECENT_SQUEEZE
EUR/USD,1h,EUR/USD_2025-07-01,demand,2025-06-26T19:00:00Z,2025-06-26T19:19:00Z,2025-06-26T22:00:00Z,S2_CLOSE_INVALIDATION,-2.0707964601769158,20,2,1.5,1h,4946,false,false,24,0.0018988821428571803,bullish,falling,aligned,NO_RECENT_SQUEEZE
USD/JPY,1h,USD/JPY_2025-07-01,supply,2025-06-26T21:00:00Z,2025-06-26T21:00:00Z,2025-06-26T22:00:00Z,S2_CLOSE_INVALIDATION,-2.3438994506148054,20,2,1.5,1h,4948,false,false,38,-0.1160354839285791,bearish,rising,aligned,NO_RECENT_SQUEEZE
EUR/USD,1h,EUR/USD_2025-07-01,demand,2025-06-26T23:00:00Z,2025-06-26T23:00:00Z,2025-06-26T23:15:00Z,TARGET,1.6631578947368444,20,2,1.5,1h,4950,false,false,28,-0.0005594749999999413,bearish,falling,opposed,NO_RECENT_SQUEEZE
USD/JPY,1h,USD/JPY_2025-07-01,supply,2025-06-27T00:00:00Z,2025-06-27T00:01:00Z,2025-06-27T01:48:00Z,TARGET,1.8725048806725375,20,2,1.5,1h,4951,false,false,41,0.18300470892855408,bullish,rising,opposed,NO_RECENT_SQUEEZE
EUR/USD,1h,EUR/USD_2025-07-01,demand,2025-06-27T02:00:00Z,2025-06-27T02:40:00Z,2025-06-27T03:04:00Z,TARGET,1.8083832335329155,20,2,1.5,1h,4953,false,false,31,-0.00200510000000002,bearish,falling,opposed,NO_RECENT_SQUEEZE
EUR/USD,1h,EUR/USD_2025-07-01,demand,2025-06-27T06:00:00Z,2025-06-27T06:06:00Z,2025-06-27T06:15:00Z,TARGET,1.6631578947368444,20,2,1.5,1h,4957,false,false,35,-0.0025055035714286497,bearish,falling,opposed,NO_RECENT_SQUEEZE
USD/JPY,4h,USD/JPY_2025-07-01,supply,2025-06-27T13:00:00Z,2025-06-27T13:30:00Z,2025-06-30T01:29:00Z,TARGET,1.9195979899497422,20,2,1.5,4h,4989,false,false,27,-0.6900157103571396,bearish,rising,aligned,NO_RECENT_SQUEEZE
USD/JPY,1h,USD/JPY_2025-07-01,supply,2025-06-27T13:00:00Z,2025-06-27T13:31:00Z,2025-06-27T16:41:00Z,TARGET,1.876438335006568,20,2,1.5,1h,4964,true,false,54,0.10236434678570844,bullish,falling,opposed,SQUEEZE_ON
USD/JPY,1h,USD/JPY_2025-07-01,supply,2025-06-27T15:00:00Z,2025-06-27T15:00:00Z,2025-06-27T16:41:00Z,TARGET,1.876438335006568,20,2,1.5,1h,4966,true,false,56,0.12763680357142154,bullish,rising,opposed,SQUEEZE_ON
USD/JPY,1h,USD/JPY_2025-07-01,demand,2025-06-30T06:00:00Z,2025-06-30T06:00:00Z,2025-06-30T10:00:00Z,TARGET,1.9069740399430115,20,2,1.5,1h,4980,false,true,2,-0.30541933928570675,bearish,falling,opposed,RELEASED_2_TO_3_BARS_AGO
EUR/USD,1h,EUR/USD_2025-07-01,demand,2025-06-30T08:00:00Z,2025-06-30T08:27:00Z,2025-06-30T08:57:00Z,TARGET,1.7168141592919985,20,2,1.5,1h,4982,true,false,60,0.00023279285714273987,bullish,falling,aligned,SQUEEZE_ON
EUR/USD,1h,EUR/USD_2025-07-01,demand,2025-06-30T10:00:00Z,2025-06-30T10:05:00Z,2025-06-30T11:02:00Z,TARGET,1.7168141592919985,20,2,1.5,1h,4984,true,false,62,0.0005087857142855772,bullish,rising,aligned,SQUEEZE_ON
EUR/USD,1h,EUR/USD_2025-07-01,demand,2025-06-30T12:00:00Z,2025-06-30T12:10:00Z,2025-06-30T14:17:00Z,TARGET,1.7168141592919985,20,2,1.5,1h,4986,true,false,64,0.000747174999999865,bullish,rising,aligned,SQUEEZE_ON
EUR/USD,4h,EUR/USD_2025-11-01,supply,2025-07-23T05:00:00Z,2025-07-23T07:16:00Z,2025-07-23T13:05:00Z,TARGET,1.903614457831325,20,2,1.5,4h,4548,false,false,11,0.008310639285714301,bullish,rising,opposed,NO_RECENT_SQUEEZE
EUR/USD,1h,EUR/USD_2025-11-01,supply,2025-07-23T18:00:00Z,2025-07-23T18:48:00Z,2025-07-24T06:57:00Z,TARGET,1.7823129251700474,20,2,1.5,1h,3267,true,false,26,-0.00027286785714276506,bearish,rising,aligned,SQUEEZE_ON
EUR/USD,4h,EUR/USD_2025-11-01,supply,2025-07-24T05:00:00Z,2025-07-24T05:00:00Z,2025-07-24T10:36:00Z,TARGET,1.8699186991869987,20,2,1.5,4h,4554,false,false,17,0.007965082142857119,bullish,falling,opposed,NO_RECENT_SQUEEZE
EUR/USD,4h,EUR/USD_2025-11-01,supply,2025-07-24T13:00:00Z,2025-07-24T13:26:00Z,2025-07-24T21:15:00Z,TARGET,1.8699186991869987,20,2,1.5,4h,4556,false,false,19,0.006121467857142829,bullish,falling,opposed,NO_RECENT_SQUEEZE
EUR/USD,1h,EUR/USD_2025-11-01,supply,2025-07-24T13:00:00Z,2025-07-24T13:52:00Z,2025-07-24T15:13:00Z,TARGET,1.7823129251700474,20,2,1.5,1h,3286,false,false,18,-0.0007202285714284827,bearish,falling,aligned,NO_RECENT_SQUEEZE
EUR/USD,1h,EUR/USD_2025-11-01,supply,2025-07-24T15:00:00Z,2025-07-24T15:25:00Z,2025-07-24T16:26:00Z,TARGET,1.7823129251700474,20,2,1.5,1h,3288,false,false,20,-0.0007763142857142372,bearish,falling,aligned,NO_RECENT_SQUEEZE
EUR/USD,1h,EUR/USD_2025-11-01,supply,2025-07-24T17:00:00Z,2025-07-24T17:41:00Z,2025-07-24T19:58:00Z,TARGET,1.7823129251700474,20,2,1.5,1h,3290,false,false,22,-0.0008637714285713439,bearish,falling,aligned,NO_RECENT_SQUEEZE
EUR/USD,1h,EUR/USD_2025-11-01,supply,2025-07-24T20:00:00Z,2025-07-24T20:00:00Z,2025-07-25T13:05:00Z,TARGET,1.9304347826086947,20,2,1.5,1h,3293,true,false,25,-0.0007172428571428114,bearish,falling,aligned,SQUEEZE_ON
EUR/USD,1h,EUR/USD_2025-11-01,supply,2025-07-27T23:00:00Z,2025-07-27T23:00:00Z,2025-07-28T07:30:00Z,TARGET,1.9304347826086947,20,2,1.5,1h,3320,false,false,19,0.0004588071428571571,bullish,rising,opposed,NO_RECENT_SQUEEZE
EUR/USD,1h,EUR/USD_2025-11-01,demand,2025-07-28T09:00:00Z,2025-07-28T09:36:00Z,2025-07-28T09:49:00Z,TARGET,1.632183908045946,20,2,1.5,1h,3330,false,false,29,-0.0008124928571427801,bearish,falling,opposed,NO_RECENT_SQUEEZE
EUR/USD,1h,EUR/USD_2025-11-01,demand,2025-07-28T11:00:00Z,2025-07-28T11:33:00Z,2025-07-28T12:01:00Z,TARGET,1.8083832335329666,20,2,1.5,1h,3332,false,false,31,-0.003209382142857074,bearish,falling,opposed,NO_RECENT_SQUEEZE
EUR/USD,4h,EUR/USD_2025-11-01,demand,2025-07-28T13:00:00Z,2025-07-28T16:37:00Z,2025-07-29T05:00:00Z,S2_CLOSE_INVALIDATION,-1.5555555555556415,20,2,1.5,4h,4569,false,true,1,-0.0038729035714284653,bearish,falling,opposed,RELEASED_1_BAR_AGO
EUR/USD,4h,EUR/USD_2025-11-01,demand,2025-07-28T21:00:00Z,2025-07-28T21:00:00Z,2025-07-29T05:00:00Z,S2_CLOSE_INVALIDATION,-1.8047808764940338,20,2,1.5,4h,4571,false,true,3,-0.007912985714285574,bearish,falling,opposed,RELEASED_2_TO_3_BARS_AGO
EUR/USD,1h,EUR/USD_2025-11-01,supply,2025-07-29T09:00:00Z,2025-07-29T09:29:00Z,2025-07-29T11:06:00Z,TARGET,1.773049645390128,20,2,1.5,1h,3354,false,false,53,-0.0034487964285714796,bearish,rising,aligned,NO_RECENT_SQUEEZE
EUR/USD,1h,EUR/USD_2025-11-01,supply,2025-07-31T14:00:00Z,2025-07-31T14:44:00Z,2025-07-31T15:50:00Z,TARGET,1.8000000000000336,20,2,1.5,1h,3407,false,false,25,0.0006859714285712137,bullish,rising,opposed,NO_RECENT_SQUEEZE
EUR/USD,1h,EUR/USD_2025-11-01,supply,2025-07-31T19:00:00Z,2025-07-31T19:00:00Z,2025-08-01T12:00:00Z,S2_CLOSE_INVALIDATION,-5.452655889145625,20,2,1.5,1h,3412,true,false,30,0.0005913607142856968,bullish,falling,opposed,SQUEEZE_ON
EUR/USD,4h,EUR/USD_2025-11-01,supply,2025-08-01T09:00:00Z,2025-08-01T12:53:00Z,2025-08-01T17:02:00Z,TARGET,1.8565022421524633,20,2,1.5,4h,4592,false,false,24,-0.010487328571428601,bearish,rising,aligned,NO_RECENT_SQUEEZE
EUR/USD,1h,EUR/USD_2025-11-01,supply,2025-08-01T13:00:00Z,2025-08-01T13:35:00Z,2025-08-01T13:38:00Z,TARGET,1.773049645390128,20,2,1.5,1h,3430,false,true,0,0.0011322250000000565,bullish,rising,opposed,RELEASED_SAME_BAR
EUR/USD,1h,EUR/USD_2025-11-01,supply,2025-08-01T14:00:00Z,2025-08-01T14:00:00Z,2025-08-01T15:26:00Z,TARGET,1.8095238095237987,20,2,1.5,1h,3431,false,true,1,0.00311031785714293,bullish,rising,opposed,RELEASED_1_BAR_AGO
EUR/USD,4h,EUR/USD_2025-11-01,supply,2025-08-01T13:00:00Z,2025-08-01T14:00:00Z,2025-08-01T14:05:00Z,TARGET,1.8688524590163933,20,2,1.5,4h,4593,false,false,25,-0.007145175000000012,bearish,rising,aligned,NO_RECENT_SQUEEZE
EUR/USD,1h,EUR/USD_2025-11-01,supply,2025-08-01T16:00:00Z,2025-08-01T16:13:00Z,2025-08-01T16:37:00Z,TARGET,1.8095238095237987,20,2,1.5,1h,3433,false,true,3,0.006053089285714361,bullish,rising,opposed,RELEASED_2_TO_3_BARS_AGO
EUR/USD,1h,EUR/USD_2025-11-01,supply,2025-08-01T19:00:00Z,2025-08-01T19:45:00Z,2025-08-01T21:00:00Z,S2_CLOSE_INVALIDATION,-1.4680851063828657,20,2,1.5,1h,3436,false,false,6,0.007602910714285675,bullish,rising,opposed,NO_RECENT_SQUEEZE
EUR/USD,1h,EUR/USD_2025-11-01,supply,2025-08-01T20:00:00Z,2025-08-01T20:34:00Z,2025-08-01T20:41:00Z,TARGET,1.5844155844156704,20,2,1.5,1h,3437,false,false,7,0.008557292857142846,bullish,rising,opposed,NO_RECENT_SQUEEZE
EUR/USD,4h,EUR/USD_2025-11-01,supply,2025-08-01T21:00:00Z,2025-08-01T21:23:00Z,2025-08-04T00:30:00Z,TARGET,1.8688524590163933,20,2,1.5,4h,4595,false,false,27,-0.0009888571428571784,bearish,rising,aligned,NO_RECENT_SQUEEZE
EUR/USD,1h,EUR/USD_2025-11-01,demand,2025-08-04T05:00:00Z,2025-08-04T05:00:00Z,2025-08-05T05:00:00Z,S2_CLOSE_INVALIDATION,-1.6204819277109348,20,2,1.5,1h,3445,false,false,15,0.009588192857142684,bullish,falling,aligned,NO_RECENT_SQUEEZE
EUR/USD,1h,EUR/USD_2025-11-01,demand,2025-08-05T07:00:00Z,2025-08-05T07:51:00Z,2025-08-05T14:54:00Z,TARGET,1.8792452830188495,20,2,1.5,1h,3471,true,false,41,-0.0011811035714285863,bearish,falling,opposed,SQUEEZE_ON
EUR/USD,1h,EUR/USD_2025-11-01,demand,2025-08-05T09:00:00Z,2025-08-05T09:00:00Z,2025-08-05T14:54:00Z,TARGET,1.8792452830188495,20,2,1.5,1h,3473,false,true,0,-0.0017067428571428925,bearish,falling,opposed,RELEASED_SAME_BAR
EUR/USD,1h,EUR/USD_2025-11-01,supply,2025-08-05T15:00:00Z,2025-08-05T15:21:00Z,2025-08-05T18:13:00Z,TARGET,1.6049382716049272,20,2,1.5,1h,3479,false,false,6,-0.0021128071428571727,bearish,rising,aligned,NO_RECENT_SQUEEZE
EUR/USD,1h,EUR/USD_2025-11-01,supply,2025-08-05T17:00:00Z,2025-08-05T17:00:00Z,2025-08-05T18:13:00Z,TARGET,1.6049382716049272,20,2,1.5,1h,3481,false,false,8,-0.0007549321428571723,bearish,rising,aligned,NO_RECENT_SQUEEZE
EUR/USD,1h,EUR/USD_2025-11-01,supply,2025-08-06T00:00:00Z,2025-08-06T00:03:00Z,2025-08-06T00:34:00Z,TARGET,1.6049382716049272,20,2,1.5,1h,3488,false,false,15,0.0025350035714287156,bullish,rising,opposed,NO_RECENT_SQUEEZE
EUR/USD,1h,EUR/USD_2025-11-01,supply,2025-08-06T03:00:00Z,2025-08-06T03:57:00Z,2025-08-06T07:15:00Z,TARGET,1.6049382716049272,20,2,1.5,1h,3491,false,false,18,0.0025942785714287192,bullish,falling,opposed,NO_RECENT_SQUEEZE
EUR/USD,1h,EUR/USD_2025-11-01,supply,2025-08-06T05:00:00Z,2025-08-06T05:00:00Z,2025-08-06T07:15:00Z,TARGET,1.6049382716049272,20,2,1.5,1h,3493,false,false,20,0.00266295357142872,bullish,falling,opposed,NO_RECENT_SQUEEZE
EUR/USD,4h,EUR/USD_2025-11-01,supply,2025-08-06T05:00:00Z,2025-08-06T06:34:00Z,2025-08-06T09:00:00Z,S2_CLOSE_INVALIDATION,-3.1803278688525993,20,2,1.5,4h,4610,false,false,42,0.007919714285714186,bullish,falling,opposed,NO_RECENT_SQUEEZE
EUR/USD,1h,EUR/USD_2025-11-01,supply,2025-08-06T15:00:00Z,2025-08-06T15:09:00Z,2025-08-06T17:00:00Z,S2_CLOSE_INVALIDATION,-1.3508771929824694,20,2,1.5,1h,3503,false,true,2,0.0027226178571428507,bullish,rising,opposed,RELEASED_2_TO_3_BARS_AGO
EUR/USD,1h,EUR/USD_2025-11-01,supply,2025-08-06T18:00:00Z,2025-08-06T18:09:00Z,2025-08-07T04:00:00Z,S2_CLOSE_INVALIDATION,-1.9176470588233259,20,2,1.5,1h,3506,false,false,5,0.003822003571428586,bullish,rising,opposed,NO_RECENT_SQUEEZE
EUR/USD,1h,EUR/USD_2025-11-01,supply,2025-08-07T08:00:00Z,2025-08-07T08:00:00Z,2025-08-07T11:08:00Z,TARGET,1.8324607329843001,20,2,1.5,1h,3520,false,false,19,0.0034711785714285474,bullish,falling,opposed,NO_RECENT_SQUEEZE
EUR/USD,4h,EUR/USD_2025-11-01,demand,2025-08-07T09:00:00Z,2025-08-07T11:10:00Z,2025-08-07T13:00:00Z,S2_CLOSE_INVALIDATION,-2.8571428571431436,20,2,1.5,4h,4617,false,false,4,0.0063046571428571375,bullish,rising,aligned,NO_RECENT_SQUEEZE
EUR/USD,1h,EUR/USD_2025-11-01,demand,2025-08-08T09:00:00Z,2025-08-08T09:21:00Z,2025-08-11T02:53:00Z,TARGET,1.9118457300275542,20,2,1.5,1h,3545,false,false,44,0.0011104500000000868,bullish,falling,aligned,NO_RECENT_SQUEEZE
EUR/USD,1h,EUR/USD_2025-11-01,demand,2025-08-11T11:00:00Z,2025-08-11T11:36:00Z,2025-08-11T14:00:00Z,S2_CLOSE_INVALIDATION,-2.0192837465563884,20,2,1.5,1h,3571,false,false,7,0.00032553928571440625,bullish,falling,aligned,NO_RECENT_SQUEEZE
EUR/USD,1h,EUR/USD_2025-11-01,supply,2025-08-12T12:00:00Z,2025-08-12T12:41:00Z,2025-08-12T12:53:00Z,TARGET,1.8095238095237987,20,2,1.5,1h,3596,true,false,32,0.0004785500000000014,bullish,falling,opposed,SQUEEZE_ON
EUR/USD,1h,EUR/USD_2025-11-01,supply,2025-08-12T14:00:00Z,2025-08-12T14:00:00Z,2025-08-12T15:00:00Z,S2_CLOSE_INVALIDATION,-2.7500000000002722,20,2,1.5,1h,3598,false,true,0,0.0012901928571430214,bullish,rising,opposed,RELEASED_SAME_BAR
EUR/USD,1h,EUR/USD_2025-11-01,supply,2025-08-12T17:00:00Z,2025-08-12T17:46:00Z,2025-08-13T06:00:00Z,S2_CLOSE_INVALIDATION,-1.4502617801046855,20,2,1.5,1h,3601,false,true,3,0.002892646428571591,bullish,rising,opposed,RELEASED_2_TO_3_BARS_AGO
EUR/USD,1h,EUR/USD_2025-11-01,demand,2025-08-13T16:00:00Z,2025-08-13T16:19:00Z,2025-08-14T06:00:00Z,S2_CLOSE_INVALIDATION,-2.012048192771035,20,2,1.5,1h,3624,false,false,26,0.00218462500000007,bullish,falling,aligned,NO_RECENT_SQUEEZE
EUR/USD,1h,EUR/USD_2025-11-01,demand,2025-08-14T09:00:00Z,2025-08-14T09:00:00Z,2025-08-14T10:21:00Z,TARGET,1.7793103448276126,20,2,1.5,1h,3641,false,true,2,-0.0018365821428571445,bearish,falling,opposed,RELEASED_2_TO_3_BARS_AGO
BTC/USD,1h,BTC/USD_2025-11-01,supply,2025-08-18T12:00:00Z,2025-08-18T12:43:00Z,2025-08-18T15:00:00Z,S2_CLOSE_INVALIDATION,-3.3353837209302224,20,2,1.5,1h,3210,false,false,27,-1970.1335321428596,bearish,rising,aligned,NO_RECENT_SQUEEZE
BTC/USD,1h,BTC/USD_2025-11-01,demand,2025-08-19T04:00:00Z,2025-08-19T04:08:00Z,2025-08-19T04:12:00Z,TARGET,0.2346503856041131,20,2,1.5,1h,3226,false,false,43,702.8898535714242,bullish,falling,aligned,NO_RECENT_SQUEEZE
EUR/USD,4h,EUR/USD_2025-11-01,demand,2025-08-19T05:00:00Z,2025-08-19T06:01:00Z,2025-08-19T11:06:00Z,TARGET,1.9230769230769178,20,2,1.5,4h,4666,false,false,27,-0.0006414535714284471,bearish,rising,opposed,NO_RECENT_SQUEEZE
BTC/USD,1h,BTC/USD_2025-11-01,demand,2025-08-19T14:00:00Z,2025-08-19T14:31:00Z,2025-08-19T15:00:00Z,S2_CLOSE_INVALIDATION,-2.391059019768629,20,2,1.5,1h,3236,false,false,53,-743.1310214285701,bearish,falling,opposed,NO_RECENT_SQUEEZE
BTC/USD,1h,BTC/USD_2025-11-01,demand,2025-08-19T19:00:00Z,2025-08-19T19:00:00Z,2025-08-19T19:38:00Z,TARGET,0.7826651281406531,20,2,1.5,1h,3241,false,false,58,-1565.9944071428436,bearish,falling,opposed,NO_RECENT_SQUEEZE
BTC/USD,1h,BTC/USD_2025-11-01,demand,2025-08-20T00:00:00Z,2025-08-20T00:00:00Z,2025-08-20T03:20:00Z,TARGET,0.7826651281406531,20,2,1.5,1h,3246,false,false,63,-1573.2214249999902,bearish,falling,opposed,NO_RECENT_SQUEEZE
EUR/USD,1h,EUR/USD_2025-11-01,demand,2025-08-20T00:00:00Z,2025-08-20T00:04:00Z,2025-08-20T01:00:00Z,S2_CLOSE_INVALIDATION,-1.5384615384617275,20,2,1.5,1h,3728,false,false,16,-0.002008885714285743,bearish,falling,opposed,NO_RECENT_SQUEEZE
BTC/USD,4h,BTC/USD_2025-11-01,demand,2025-08-20T00:00:00Z,2025-08-20T01:38:00Z,2025-08-20T15:16:00Z,TARGET,1.5227459421312632,20,2,1.5,4h,4560,false,false,11,-1920.797228571422,bearish,falling,opposed,NO_RECENT_SQUEEZE
EUR/USD,1h,EUR/USD_2025-11-01,supply,2025-08-20T08:00:00Z,2025-08-20T08:01:00Z,2025-08-20T08:27:00Z,TARGET,1.6521739130434063,20,2,1.5,1h,3736,false,false,24,-0.0027165928571429568,bearish,rising,aligned,NO_RECENT_SQUEEZE
EUR/USD,4h,EUR/USD_2025-11-01,demand,2025-08-20T09:00:00Z,2025-08-20T09:00:00Z,2025-08-21T13:00:00Z,S2_CLOSE_INVALIDATION,-1.9711538461538987,20,2,1.5,4h,4673,false,false,34,-0.0033637249999999893,bearish,falling,opposed,NO_RECENT_SQUEEZE
EUR/USD,1h,EUR/USD_2025-11-01,supply,2025-08-20T10:00:00Z,2025-08-20T10:02:00Z,2025-08-20T12:00:00Z,S2_CLOSE_INVALIDATION,-5.434782608696311,20,2,1.5,1h,3738,false,false,26,-0.0018577857142857963,bearish,rising,aligned,NO_RECENT_SQUEEZE
EUR/USD,1h,EUR/USD_2025-11-01,demand,2025-08-21T19:00:00Z,2025-08-21T19:00:00Z,2025-08-22T03:00:00Z,S2_CLOSE_INVALIDATION,-2.333333333333401,20,2,1.5,1h,3771,false,false,4,-0.0022350142857141255,bearish,falling,opposed,NO_RECENT_SQUEEZE
BTC/USD,1h,BTC/USD_2025-11-01,demand,2025-08-21T22:00:00Z,2025-08-21T22:39:00Z,2025-08-22T02:24:00Z,TARGET,1.2840743247544044,20,2,1.5,1h,3292,false,false,23,-1233.2580785714297,bearish,rising,opposed,NO_RECENT_SQUEEZE
EUR/USD,4h,EUR/USD_2025-11-01,supply,2025-08-22T09:00:00Z,2025-08-22T12:08:00Z,2025-08-22T13:00:00Z,S2_CLOSE_INVALIDATION,-15.161073825503303,20,2,1.5,4h,4685,false,true,2,-0.003750082142857239,bearish,falling,aligned,RELEASED_2_TO_3_BARS_AGO
BTC/USD,1h,BTC/USD_2025-11-01,supply,2025-08-22T14:00:00Z,2025-08-22T14:40:00Z,2025-08-22T17:00:00Z,S2_CLOSE_INVALIDATION,-2.5449457930889325,20,2,1.5,1h,3308,true,false,39,169.3174250000044,bullish,falling,opposed,SQUEEZE_ON
BTC/USD,4h,BTC/USD_2025-11-01,supply,2025-08-22T12:00:00Z,2025-08-22T15:01:00Z,2025-08-22T20:00:00Z,S2_CLOSE_INVALIDATION,-1.988479299590269,20,2,1.5,4h,4575,false,false,26,-1157.2510499999914,bearish,rising,aligned,NO_RECENT_SQUEEZE
BTC/USD,1h,BTC/USD_2025-11-01,supply,2025-08-22T15:00:00Z,2025-08-22T15:05:00Z,2025-08-22T16:19:00Z,TARGET,-0.5715798977602553,20,2,1.5,1h,3309,false,true,0,608.4496607142842,bullish,rising,opposed,RELEASED_SAME_BAR
EUR/USD,1h,EUR/USD_2025-11-01,supply,2025-08-22T16:00:00Z,2025-08-22T16:11:00Z,2025-08-22T17:00:00Z,S2_CLOSE_INVALIDATION,-1.8654970760231107,20,2,1.5,1h,3792,false,false,25,0.0028856892857141454,bullish,rising,opposed,NO_RECENT_SQUEEZE
BTC/USD,1h,BTC/USD_2025-11-01,demand,2025-08-24T19:00:00Z,2025-08-24T19:37:00Z,2025-08-24T22:53:00Z,TARGET,1.2840743247544044,20,2,1.5,1h,3361,false,false,5,-585.4184607142805,bearish,rising,opposed,NO_RECENT_SQUEEZE
BTC/USD,4h,BTC/USD_2025-11-01,demand,2025-08-24T16:00:00Z,2025-08-24T19:37:00Z,2025-08-24T19:37:00Z,TARGET,1.0479557774607704,20,2,1.5,4h,4588,false,false,39,1376.8525999999954,bullish,falling,aligned,NO_RECENT_SQUEEZE
BTC/USD,1h,BTC/USD_2025-11-01,demand,2025-08-24T21:00:00Z,2025-08-24T21:02:00Z,2025-08-24T22:53:00Z,TARGET,1.2840743247544044,20,2,1.5,1h,3363,false,false,7,-847.8439928571388,bearish,falling,opposed,NO_RECENT_SQUEEZE
EUR/USD,4h,EUR/USD_2025-11-01,supply,2025-08-24T21:00:00Z,2025-08-24T23:00:00Z,2025-08-25T16:51:00Z,TARGET,1.9284116331096193,20,2,1.5,4h,4689,false,false,6,0.0014342357142855305,bullish,rising,opposed,NO_RECENT_SQUEEZE
BTC/USD,1h,BTC/USD_2025-11-01,demand,2025-08-25T00:00:00Z,2025-08-25T00:40:00Z,2025-08-25T02:17:00Z,TARGET,1.2840743247544044,20,2,1.5,1h,3366,false,false,10,-724.4872142857116,bearish,rising,opposed,NO_RECENT_SQUEEZE
BTC/USD,1h,BTC/USD_2025-11-01,supply,2025-08-25T02:00:00Z,2025-08-25T02:21:00Z,2025-08-25T03:54:00Z,TARGET,-0.08643218573890854,20,2,1.5,1h,3368,false,false,12,-721.3836749999931,bearish,rising,aligned,NO_RECENT_SQUEEZE
BTC/USD,1h,BTC/USD_2025-11-01,demand,2025-08-25T05:00:00Z,2025-08-25T05:39:00Z,2025-08-25T06:00:00Z,S2_CLOSE_INVALIDATION,-1.871088943582794,20,2,1.5,1h,3371,false,false,15,-564.7980892857107,bearish,rising,opposed,NO_RECENT_SQUEEZE
BTC/USD,4h,BTC/USD_2025-11-01,demand,2025-08-25T12:00:00Z,2025-08-25T12:00:00Z,2025-08-25T14:16:00Z,TARGET,1.0479557774607704,20,2,1.5,4h,4593,false,false,44,-1552.6659857142827,bearish,falling,opposed,NO_RECENT_SQUEEZE
BTC/USD,4h,BTC/USD_2025-11-01,supply,2025-08-25T16:00:00Z,2025-08-25T16:16:00Z,2025-08-25T20:00:00Z,TARGET,1.6718747160359584,20,2,1.5,4h,4594,false,false,45,-2050.6277249999994,bearish,falling,aligned,NO_RECENT_SQUEEZE
BTC/USD,4h,BTC/USD_2025-11-01,demand,2025-08-26T00:00:00Z,2025-08-26T01:01:00Z,2025-08-26T01:21:00Z,TARGET,1.34736626679606,20,2,1.5,4h,4596,false,false,47,-3270.5610107142843,bearish,falling,opposed,NO_RECENT_SQUEEZE
EUR/USD,1h,EUR/USD_2025-11-01,demand,2025-08-26T08:00:00Z,2025-08-26T08:22:00Z,2025-08-26T09:15:00Z,TARGET,1.8558558558558487,20,2,1.5,1h,3832,false,false,65,-0.0030522285714286866,bearish,rising,opposed,NO_RECENT_SQUEEZE
EUR/USD,1h,EUR/USD_2025-11-01,demand,2025-08-27T07:00:00Z,2025-08-27T07:43:00Z,2025-08-27T07:47:00Z,TARGET,1.5616438356163767,20,2,1.5,1h,3855,false,true,2,-0.0018170321428569686,bearish,falling,opposed,RELEASED_2_TO_3_BARS_AGO
EUR/USD,1h,EUR/USD_2025-11-01,supply,2025-08-27T20:00:00Z,2025-08-27T20:59:00Z,2025-08-28T02:00:00Z,S2_CLOSE_INVALIDATION,-1.9523809523810223,20,2,1.5,1h,3868,false,false,15,0.00020497142857140663,bullish,rising,opposed,NO_RECENT_SQUEEZE
EUR/USD,1h,EUR/USD_2025-11-01,supply,2025-08-28T03:00:00Z,2025-08-28T03:00:00Z,2025-08-28T08:10:00Z,TARGET,1.8391959798994744,20,2,1.5,1h,3875,false,false,22,0.004715403571428586,bullish,rising,opposed,NO_RECENT_SQUEEZE
BTC/USD,4h,BTC/USD_2025-11-01,supply,2025-08-28T04:00:00Z,2025-08-28T04:38:00Z,2025-08-29T07:14:00Z,TARGET,1.6718747160359584,20,2,1.5,4h,4609,false,false,60,-71.01027142857242,bearish,rising,aligned,NO_RECENT_SQUEEZE
EUR/USD,1h,EUR/USD_2025-11-01,supply,2025-08-28T09:00:00Z,2025-08-28T09:35:00Z,2025-08-28T10:00:00Z,S2_CLOSE_INVALIDATION,-2.1457286432162257,20,2,1.5,1h,3881,false,false,28,0.003133017857142868,bullish,falling,opposed,NO_RECENT_SQUEEZE
EUR/USD,4h,EUR/USD_2025-11-01,supply,2025-08-28T13:00:00Z,2025-08-28T13:00:00Z,2025-09-01T05:00:00Z,S2_CLOSE_INVALIDATION,-1.0667160859896074,20,2,1.5,4h,4711,false,false,28,-0.002417482142857111,bearish,rising,aligned,NO_RECENT_SQUEEZE
BTC/USD,4h,BTC/USD_2025-11-01,demand,2025-08-29T20:00:00Z,2025-08-29T20:06:00Z,2025-08-31T00:42:00Z,TARGET,1.408575892571863,20,2,1.5,4h,4619,false,false,70,-248.4532749999995,bearish,falling,opposed,NO_RECENT_SQUEEZE
EUR/USD,1h,EUR/USD_2025-11-01,demand,2025-09-01T13:00:00Z,2025-09-01T13:00:00Z,2025-09-01T15:00:00Z,S2_CLOSE_INVALIDATION,-2.10679611650528,20,2,1.5,1h,3933,false,false,48,0.0020031464285713407,bullish,falling,aligned,NO_RECENT_SQUEEZE
EUR/USD,1h,EUR/USD_2025-11-01,demand,2025-09-01T21:00:00Z,2025-09-01T21:00:00Z,2025-09-01T23:49:00Z,TARGET,1.7333333333333039,20,2,1.5,1h,3941,false,false,56,-0.0007114999999999537,bearish,falling,opposed,NO_RECENT_SQUEEZE
BTC/USD,1h,BTC/USD_2025-11-01,demand,2025-09-01T21:00:00Z,2025-09-01T21:41:00Z,2025-09-01T22:18:00Z,TARGET,0.6573457792208084,20,2,1.5,1h,3555,false,false,33,720.4561107142835,bullish,falling,aligned,NO_RECENT_SQUEEZE
EUR/USD,1h,EUR/USD_2025-11-01,demand,2025-09-02T00:00:00Z,2025-09-02T00:49:00Z,2025-09-02T02:00:00Z,S2_CLOSE_INVALIDATION,-2.5384615384620397,20,2,1.5,1h,3944,false,false,59,-0.0011410999999998854,bearish,falling,opposed,NO_RECENT_SQUEEZE
EUR/USD,1h,EUR/USD_2025-11-01,demand,2025-09-02T02:00:00Z,2025-09-02T02:15:00Z,2025-09-02T06:31:00Z,TARGET,1.6666666666666916,20,2,1.5,1h,3946,false,false,61,-0.0014507178571427502,bearish,falling,opposed,NO_RECENT_SQUEEZE
EUR/USD,1h,EUR/USD_2025-11-01,demand,2025-09-02T04:00:00Z,2025-09-02T04:05:00Z,2025-09-02T06:31:00Z,TARGET,1.6666666666666916,20,2,1.5,1h,3948,false,false,63,-0.001584164285714275,bearish,falling,opposed,NO_RECENT_SQUEEZE
EUR/USD,4h,EUR/USD_2025-11-01,demand,2025-09-02T05:00:00Z,2025-09-02T07:57:00Z,2025-09-02T09:00:00Z,S2_CLOSE_INVALIDATION,-3.7228915662646935,20,2,1.5,4h,4728,false,false,45,0.004296085714285696,bullish,falling,aligned,NO_RECENT_SQUEEZE
EUR/USD,1h,EUR/USD_2025-11-01,demand,2025-09-02T08:00:00Z,2025-09-02T08:07:00Z,2025-09-02T08:07:00Z,TARGET,1.4385964912278115,20,2,1.5,1h,3952,false,true,0,-0.0019150285714286262,bearish,falling,opposed,RELEASED_SAME_BAR
EUR/USD,1h,EUR/USD_2025-11-01,demand,2025-09-02T09:00:00Z,2025-09-02T09:09:00Z,2025-09-02T12:00:00Z,S2_CLOSE_INVALIDATION,-2.409090909090888,20,2,1.5,1h,3953,false,true,1,-0.002479285714285801,bearish,falling,opposed,RELEASED_1_BAR_AGO
BTC/USD,1h,BTC/USD_2025-11-01,supply,2025-09-02T13:00:00Z,2025-09-02T13:45:00Z,2025-09-03T14:00:00Z,S2_CLOSE_INVALIDATION,-2.4888362349101443,20,2,1.5,1h,3571,false,false,49,907.4563499999919,bullish,falling,opposed,NO_RECENT_SQUEEZE
BTC/USD,1h,BTC/USD_2025-11-01,supply,2025-09-02T15:00:00Z,2025-09-02T15:00:00Z,2025-09-03T14:00:00Z,S2_CLOSE_INVALIDATION,-2.4888362349101443,20,2,1.5,1h,3573,false,false,51,1243.2565249999889,bullish,rising,opposed,NO_RECENT_SQUEEZE
BTC/USD,4h,BTC/USD_2025-11-01,supply,2025-09-05T12:00:00Z,2025-09-05T12:20:00Z,2025-09-05T14:37:00Z,TARGET,1.6718747160359584,20,2,1.5,4h,4659,false,false,16,733.4787571428537,bullish,rising,opposed,NO_RECENT_SQUEEZE
BTC/USD,1h,BTC/USD_2025-11-01,supply,2025-09-05T14:00:00Z,2025-09-05T14:00:00Z,2025-09-05T14:11:00Z,TARGET,0.7850105314061298,20,2,1.5,1h,3644,false,false,44,1900.018089285716,bullish,rising,opposed,NO_RECENT_SQUEEZE
EUR/USD,1h,EUR/USD_2025-11-01,supply,2025-09-05T14:00:00Z,2025-09-05T14:02:00Z,2025-09-07T23:00:00Z,TARGET,1.9304347826086947,20,2,1.5,1h,4030,false,false,11,0.0042594857142856865,bullish,rising,opposed,NO_RECENT_SQUEEZE
EUR/USD,1h,EUR/USD_2025-11-01,supply,2025-09-08T13:00:00Z,2025-09-08T13:14:00Z,2025-09-09T05:00:00Z,S2_CLOSE_INVALIDATION,-1.1434782608695686,20,2,1.5,1h,4053,true,false,34,0.00000967499999993441,bullish,rising,opposed,SQUEEZE_ON
EUR/USD,1h,EUR/USD_2025-11-01,supply,2025-09-09T06:00:00Z,2025-09-09T06:00:00Z,2025-09-09T06:45:00Z,TARGET,1.7823129251700474,20,2,1.5,1h,4070,false,false,16,0.0027020892857142834,bullish,falling,opposed,NO_RECENT_SQUEEZE
EUR/USD,1h,EUR/USD_2025-11-01,demand,2025-09-09T11:00:00Z,2025-09-09T11:58:00Z,2025-09-09T14:00:00Z,TARGET,1.7519379844961267,20,2,1.5,1h,4075,false,false,21,0.0006807678571428388,bullish,falling,aligned,NO_RECENT_SQUEEZE
EUR/USD,1h,EUR/USD_2025-11-01,demand,2025-09-09T13:00:00Z,2025-09-09T13:00:00Z,2025-09-09T14:00:00Z,TARGET,1.7519379844961267,20,2,1.5,1h,4077,false,false,23,-0.0006119357142857973,bearish,falling,opposed,NO_RECENT_SQUEEZE
EUR/USD,1h,EUR/USD_2025-11-01,supply,2025-09-10T09:00:00Z,2025-09-10T09:48:00Z,2025-09-10T10:18:00Z,TARGET,1.6404494382022703,20,2,1.5,1h,4097,false,false,43,-0.0019114250000000176,bearish,rising,aligned,NO_RECENT_SQUEEZE
EUR/USD,1h,EUR/USD_2025-11-01,demand,2025-09-11T11:00:00Z,2025-09-11T11:00:00Z,2025-09-11T12:30:00Z,TARGET,1.77464788732394,20,2,1.5,1h,4123,true,false,7,-0.0016600250000001092,bearish,rising,opposed,SQUEEZE_ON
EUR/USD,1h,EUR/USD_2025-11-01,supply,2025-09-11T15:00:00Z,2025-09-11T15:20:00Z,2025-09-12T01:59:00Z,TARGET,1.8024691358024636,20,2,1.5,1h,4127,false,true,1,0.0007412142857143517,bullish,rising,opposed,RELEASED_1_BAR_AGO
EUR/USD,4h,EUR/USD_2025-11-01,demand,2025-09-12T09:00:00Z,2025-09-12T12:31:00Z,2025-09-12T17:51:00Z,TARGET,1.896774193548383,20,2,1.5,4h,4778,false,false,95,-0.0019288142857141802,bearish,rising,opposed,NO_RECENT_SQUEEZE
EUR/USD,1h,EUR/USD_2025-11-01,supply,2025-09-15T07:00:00Z,2025-09-15T07:33:00Z,2025-09-15T10:00:00Z,S2_CLOSE_INVALIDATION,-1.5555555555554494,20,2,1.5,1h,4167,false,false,9,0.000838689285714232,bullish,falling,opposed,NO_RECENT_SQUEEZE
EUR/USD,1h,EUR/USD_2025-11-01,supply,2025-09-15T09:00:00Z,2025-09-15T09:09:00Z,2025-09-15T10:00:00Z,S2_CLOSE_INVALIDATION,-1.5555555555554494,20,2,1.5,1h,4169,true,false,11,0.0008459607142856272,bullish,falling,opposed,SQUEEZE_ON
EUR/USD,1h,EUR/USD_2025-11-01,supply,2025-09-16T03:00:00Z,2025-09-16T03:32:00Z,2025-09-16T04:02:00Z,TARGET,1.4754098360655732,20,2,1.5,1h,4187,false,false,16,0.0017486749999999424,bullish,falling,opposed,NO_RECENT_SQUEEZE
EUR/USD,1h,EUR/USD_2025-11-01,supply,2025-09-16T08:00:00Z,2025-09-16T08:16:00Z,2025-09-16T09:00:00Z,S2_CLOSE_INVALIDATION,-1.9080459770112341,20,2,1.5,1h,4192,false,false,21,0.0014596357142857626,bullish,rising,opposed,NO_RECENT_SQUEEZE
EUR/USD,4h,EUR/USD_2025-11-01,supply,2025-09-16T09:00:00Z,2025-09-16T09:00:00Z,2025-09-16T13:00:00Z,S2_CLOSE_INVALIDATION,-2.936381709741513,20,2,1.5,4h,4791,false,false,8,0.005181899999999898,bullish,rising,opposed,NO_RECENT_SQUEEZE
USD/JPY,1h,USD/JPY_2025-11-01,supply,2025-09-17T01:00:00Z,2025-09-17T01:33:00Z,2025-09-17T05:04:00Z,TARGET,1.8297962874314861,20,2,1.5,1h,4223,false,false,19,-0.4050932806785884,bearish,rising,aligned,NO_RECENT_SQUEEZE
USD/JPY,1h,USD/JPY_2025-11-01,supply,2025-09-17T07:00:00Z,2025-09-17T07:11:00Z,2025-09-17T08:50:00Z,TARGET,1.8297962874314861,20,2,1.5,1h,4229,false,false,25,-0.17633319892857174,bearish,rising,aligned,NO_RECENT_SQUEEZE
EUR/USD,1h,EUR/USD_2025-11-01,demand,2025-09-17T08:00:00Z,2025-09-17T08:00:00Z,2025-09-17T18:00:00Z,TARGET,1.82320441988949,20,2,1.5,1h,4216,false,false,45,0.001095885714285678,bullish,falling,aligned,NO_RECENT_SQUEEZE
BTC/USD,1h,BTC/USD_2025-11-01,supply,2025-09-17T23:00:00Z,2025-09-17T23:00:00Z,2025-09-18T03:00:00Z,S2_CLOSE_INVALIDATION,-1.8538218887148945,20,2,1.5,1h,3941,false,false,29,-736.6473749999884,bearish,rising,aligned,NO_RECENT_SQUEEZE
USD/JPY,1h,USD/JPY_2025-11-01,supply,2025-09-18T04:00:00Z,2025-09-18T04:02:00Z,2025-09-18T05:00:00Z,S2_CLOSE_INVALIDATION,-1.627100929352343,20,2,1.5,1h,4250,false,false,7,0.6517805825000038,bullish,rising,opposed,NO_RECENT_SQUEEZE
EUR/USD,1h,EUR/USD_2025-11-01,demand,2025-09-18T04:00:00Z,2025-09-18T04:34:00Z,2025-09-18T05:00:00Z,S2_CLOSE_INVALIDATION,-1.1563786008230286,20,2,1.5,1h,4236,false,false,7,-0.003665728571428462,bearish,falling,opposed,NO_RECENT_SQUEEZE
USD/JPY,4h,USD/JPY_2025-11-01,supply,2025-09-18T05:00:00Z,2025-09-18T06:13:00Z,2025-09-18T07:10:00Z,TARGET,1.8661031842336506,20,2,1.5,4h,4806,false,false,11,-0.412200567035714,bearish,rising,aligned,NO_RECENT_SQUEEZE
USD/JPY,1h,USD/JPY_2025-11-01,supply,2025-09-18T07:00:00Z,2025-09-18T07:01:00Z,2025-09-18T07:09:00Z,TARGET,1.797481172077704,20,2,1.5,1h,4253,false,false,10,0.8238057242857117,bullish,rising,opposed,NO_RECENT_SQUEEZE
USD/JPY,1h,USD/JPY_2025-11-01,supply,2025-09-18T09:00:00Z,2025-09-18T09:00:00Z,2025-09-18T09:14:00Z,TARGET,1.797481172077704,20,2,1.5,1h,4255,false,false,12,0.8382083860714171,bullish,rising,opposed,NO_RECENT_SQUEEZE
USD/JPY,1h,USD/JPY_2025-11-01,supply,2025-09-18T11:00:00Z,2025-09-18T11:49:00Z,2025-09-18T12:00:00Z,S2_CLOSE_INVALIDATION,-4.771913170052537,20,2,1.5,1h,4257,false,false,14,0.7861962892856911,bullish,falling,opposed,NO_RECENT_SQUEEZE
USD/JPY,1h,USD/JPY_2025-11-01,supply,2025-09-18T12:00:00Z,2025-09-18T12:57:00Z,2025-09-18T13:00:00Z,S2_CLOSE_INVALIDATION,-2.9265963302749896,20,2,1.5,1h,4258,false,false,15,0.7632292582142639,bullish,falling,opposed,NO_RECENT_SQUEEZE
EUR/USD,1h,EUR/USD_2025-11-01,demand,2025-09-18T13:00:00Z,2025-09-18T13:38:00Z,2025-09-18T15:03:00Z,TARGET,1.82320441988949,20,2,1.5,1h,4245,false,false,16,-0.002006632142857247,bearish,falling,opposed,NO_RECENT_SQUEEZE
USD/JPY,1h,USD/JPY_2025-11-01,supply,2025-09-18T13:00:00Z,2025-09-18T13:38:00Z,2025-09-18T14:49:00Z,TARGET,1.8504723904277973,20,2,1.5,1h,4259,false,false,16,0.7791499803571165,bullish,rising,opposed,NO_RECENT_SQUEEZE
EUR/USD,4h,EUR/USD_2025-11-01,demand,2025-09-18T13:00:00Z,2025-09-18T13:39:00Z,2025-09-18T15:20:00Z,TARGET,1.8649789029535855,20,2,1.5,4h,4804,false,false,21,0.002452628571428526,bullish,falling,aligned,NO_RECENT_SQUEEZE
USD/JPY,1h,USD/JPY_2025-11-01,supply,2025-09-18T19:00:00Z,2025-09-18T19:58:00Z,2025-09-19T03:47:00Z,TARGET,1.8814841151677966,20,2,1.5,1h,4265,false,false,22,0.6350865792856817,bullish,falling,opposed,NO_RECENT_SQUEEZE
EUR/USD,1h,EUR/USD_2025-11-01,demand,2025-09-19T06:00:00Z,2025-09-19T06:33:00Z,2025-09-19T11:00:00Z,S2_CLOSE_INVALIDATION,-3.342541436464218,20,2,1.5,1h,4262,false,false,33,-0.001445553571428523,bearish,rising,opposed,NO_RECENT_SQUEEZE
USD/JPY,1h,USD/JPY_2025-11-01,supply,2025-09-19T06:00:00Z,2025-09-19T06:50:00Z,2025-09-19T07:37:00Z,TARGET,1.8814841151677966,20,2,1.5,1h,4276,false,false,33,-0.06309806014284697,bearish,falling,aligned,NO_RECENT_SQUEEZE
USD/JPY,1h,USD/JPY_2025-11-01,supply,2025-09-19T10:00:00Z,2025-09-19T10:00:00Z,2025-09-19T11:00:00Z,S2_CLOSE_INVALIDATION,-1.7999377791605595,20,2,1.5,1h,4280,false,false,37,-0.07994410428568693,bearish,rising,aligned,NO_RECENT_SQUEEZE
USD/JPY,1h,USD/JPY_2025-11-01,supply,2025-09-19T13:00:00Z,2025-09-19T13:00:00Z,2025-09-19T13:17:00Z,TARGET,1.8504723904277973,20,2,1.5,1h,4283,false,false,40,0.05980118221430844,bullish,rising,opposed,NO_RECENT_SQUEEZE
USD/JPY,1h,USD/JPY_2025-11-01,demand,2025-09-19T15:00:00Z,2025-09-19T15:00:00Z,2025-09-22T00:02:00Z,TARGET,1.859033941983669,20,2,1.5,1h,4285,false,false,42,0.040289935000014265,bullish,falling,aligned,NO_RECENT_SQUEEZE
EUR/USD,1h,EUR/USD_2025-11-01,supply,2025-09-19T17:00:00Z,2025-09-19T17:00:00Z,2025-09-22T09:00:00Z,S2_CLOSE_INVALIDATION,-1.9787234042553798,20,2,1.5,1h,4273,false,false,5,-0.0017088142857142362,bearish,rising,aligned,NO_RECENT_SQUEEZE
USD/JPY,1h,USD/JPY_2025-11-01,supply,2025-09-22T01:00:00Z,2025-09-22T01:00:00Z,2025-09-22T02:00:00Z,S2_CLOSE_INVALIDATION,-2.2615457510097117,20,2,1.5,1h,4293,false,false,50,0.25426328314284813,bullish,rising,opposed,NO_RECENT_SQUEEZE
USD/JPY,1h,USD/JPY_2025-11-01,demand,2025-09-22T07:00:00Z,2025-09-22T07:26:00Z,2025-09-22T07:32:00Z,TARGET,1.7519187533917118,20,2,1.5,1h,4299,false,false,56,0.24414396599999982,bullish,falling,aligned,NO_RECENT_SQUEEZE
USD/JPY,1h,USD/JPY_2025-11-01,demand,2025-09-22T08:00:00Z,2025-09-22T08:09:00Z,2025-09-22T16:00:00Z,S2_CLOSE_INVALIDATION,-1.7136406687076557,20,2,1.5,1h,4300,false,false,57,0.2133575160714352,bullish,falling,aligned,NO_RECENT_SQUEEZE
BTC/USD,1h,BTC/USD_2025-11-01,demand,2025-09-22T09:00:00Z,2025-09-22T09:31:00Z,2025-09-22T10:15:00Z,TARGET,-1.015867615467208,20,2,1.5,1h,4047,false,false,8,-1404.285174999995,bearish,falling,opposed,NO_RECENT_SQUEEZE
EUR/USD,1h,EUR/USD_2025-11-01,supply,2025-09-22T12:00:00Z,2025-09-22T12:45:00Z,2025-09-22T13:45:00Z,TARGET,1.7377049180327866,20,2,1.5,1h,4292,false,false,24,0.001384364285714299,bullish,rising,opposed,NO_RECENT_SQUEEZE
EUR/USD,1h,EUR/USD_2025-11-01,supply,2025-09-22T16:00:00Z,2025-09-22T16:16:00Z,2025-09-22T17:00:00Z,S2_CLOSE_INVALIDATION,-1.950819672130927,20,2,1.5,1h,4296,false,false,28,0.00283196785714277,bullish,rising,opposed,NO_RECENT_SQUEEZE
BTC/USD,1h,BTC/USD_2025-11-01,demand,2025-09-22T17:00:00Z,2025-09-22T17:10:00Z,2025-09-22T17:49:00Z,TARGET,-1.015867615467208,20,2,1.5,1h,4055,false,false,16,-1363.7377178571453,bearish,rising,opposed,NO_RECENT_SQUEEZE
EUR/USD,1h,EUR/USD_2025-11-01,demand,2025-09-23T06:00:00Z,2025-09-23T06:04:00Z,2025-09-23T09:21:00Z,TARGET,1.7664233576641737,20,2,1.5,1h,4310,false,false,42,0.0021863249999998446,bullish,falling,aligned,NO_RECENT_SQUEEZE
EUR/USD,1h,EUR/USD_2025-11-01,demand,2025-09-23T10:00:00Z,2025-09-23T10:25:00Z,2025-09-23T17:26:00Z,TARGET,1.7664233576641737,20,2,1.5,1h,4314,false,false,46,0.000734335714285542,bullish,falling,aligned,NO_RECENT_SQUEEZE
USD/JPY,1h,USD/JPY_2025-11-01,supply,2025-09-23T13:00:00Z,2025-09-23T13:00:00Z,2025-09-23T15:00:00Z,S2_CLOSE_INVALIDATION,-1.3475117370893361,20,2,1.5,1h,4329,true,false,86,0.04298943142858974,bullish,rising,opposed,SQUEEZE_ON
USD/JPY,1h,USD/JPY_2025-11-01,demand,2025-09-23T17:00:00Z,2025-09-23T17:51:00Z,2025-09-23T20:32:00Z,TARGET,1.812865497076015,20,2,1.5,1h,4333,true,false,90,0.09051123214286702,bullish,rising,aligned,SQUEEZE_ON
EUR/USD,1h,EUR/USD_2025-11-01,demand,2025-09-24T02:00:00Z,2025-09-24T02:00:00Z,2025-09-24T06:00:00Z,S2_CLOSE_INVALIDATION,-2.0866141732279404,20,2,1.5,1h,4330,false,true,2,0.0010536500000000743,bullish,falling,aligned,RELEASED_2_TO_3_BARS_AGO
EUR/USD,1h,EUR/USD_2025-11-01,demand,2025-09-24T07:00:00Z,2025-09-24T07:00:00Z,2025-09-24T08:00:00Z,S2_CLOSE_INVALIDATION,-1.779342723004949,20,2,1.5,1h,4335,false,false,7,0.000010735714285812841,bullish,falling,aligned,NO_RECENT_SQUEEZE
USD/JPY,4h,USD/JPY_2025-11-01,supply,2025-09-24T09:00:00Z,2025-09-24T12:48:00Z,2025-09-25T09:00:00Z,S2_CLOSE_INVALIDATION,-2.0829916437431555,20,2,1.5,4h,4831,true,false,36,-0.10153293246427286,bearish,rising,aligned,SQUEEZE_ON
EUR/USD,1h,EUR/USD_2025-11-01,demand,2025-09-24T13:00:00Z,2025-09-24T13:44:00Z,2025-09-24T13:48:00Z,TARGET,1.4920634920635973,20,2,1.5,1h,4341,false,false,13,-0.003641396428571442,bearish,falling,opposed,NO_RECENT_SQUEEZE
EUR/USD,1h,EUR/USD_2025-11-01,demand,2025-09-24T16:00:00Z,2025-09-24T16:57:00Z,2025-09-24T17:06:00Z,TARGET,1.4920634920635973,20,2,1.5,1h,4344,false,false,16,-0.004653035714285712,bearish,falling,opposed,NO_RECENT_SQUEEZE
EUR/USD,4h,EUR/USD_2025-11-01,demand,2025-09-24T17:00:00Z,2025-09-24T17:00:00Z,2025-09-25T00:59:00Z,TARGET,1.7808219178081883,20,2,1.5,4h,4830,false,false,47,0.0027211892857143365,bullish,falling,aligned,NO_RECENT_SQUEEZE
EUR/USD,4h,EUR/USD_2025-11-01,demand,2025-09-25T01:00:00Z,2025-09-25T01:00:00Z,2025-09-25T09:00:00Z,S2_CLOSE_INVALIDATION,-2.619047619047417,20,2,1.5,4h,4832,false,false,49,0.0009756928571429528,bullish,falling,aligned,NO_RECENT_SQUEEZE
BTC/USD,1h,BTC/USD_2025-11-01,demand,2025-09-25T12:00:00Z,2025-09-25T12:30:00Z,2025-09-25T12:30:00Z,TARGET,-0.17020300898797647,20,2,1.5,1h,4122,false,false,83,-1639.1972214285709,bearish,falling,opposed,NO_RECENT_SQUEEZE
BTC/USD,1h,BTC/USD_2025-11-01,demand,2025-09-25T14:00:00Z,2025-09-25T14:00:00Z,2025-09-25T14:15:00Z,TARGET,-0.17020300898797647,20,2,1.5,1h,4124,false,false,85,-1743.6081964285706,bearish,falling,opposed,NO_RECENT_SQUEEZE
EUR/USD,1h,EUR/USD_2025-11-01,demand,2025-09-25T15:00:00Z,2025-09-25T15:10:00Z,2025-09-25T15:16:00Z,TARGET,1.5844155844156704,20,2,1.5,1h,4367,false,false,39,-0.0013903035714283784,bearish,falling,opposed,NO_RECENT_SQUEEZE
BTC/USD,1h,BTC/USD_2025-11-01,demand,2025-09-25T15:00:00Z,2025-09-25T15:24:00Z,2025-09-25T15:59:00Z,TARGET,0.8096132427843554,20,2,1.5,1h,4125,false,false,86,-1635.0924892857142,bearish,rising,opposed,NO_RECENT_SQUEEZE
EUR/USD,1h,EUR/USD_2025-11-01,demand,2025-09-25T16:00:00Z,2025-09-25T16:00:00Z,2025-09-25T17:00:00Z,S2_CLOSE_INVALIDATION,-2.6229508196719467,20,2,1.5,1h,4368,false,false,40,-0.002222317857142632,bearish,falling,opposed,NO_RECENT_SQUEEZE
BTC/USD,1h,BTC/USD_2025-11-01,demand,2025-09-25T16:00:00Z,2025-09-25T16:40:00Z,2025-09-25T17:00:00Z,S2_CLOSE_INVALIDATION,-16.742040966523987,20,2,1.5,1h,4126,false,false,87,-1510.7267499999996,bearish,rising,opposed,NO_RECENT_SQUEEZE
BTC/USD,4h,BTC/USD_2025-11-01,demand,2025-09-25T16:00:00Z,2025-09-25T17:55:00Z,2025-09-28T20:30:00Z,TARGET,1.6209152834025669,20,2,1.5,4h,4780,false,false,45,-381.2931928571386,bearish,falling,opposed,NO_RECENT_SQUEEZE
BTC/USD,1h,BTC/USD_2025-11-01,demand,2025-09-25T21:00:00Z,2025-09-25T21:33:00Z,2025-09-28T20:21:00Z,TARGET,1.5462842163623078,20,2,1.5,1h,4131,false,false,92,-1760.6659107142837,bearish,falling,opposed,NO_RECENT_SQUEEZE
USD/JPY,1h,USD/JPY_2025-11-01,demand,2025-09-29T07:00:00Z,2025-09-29T07:14:00Z,2025-09-29T08:00:00Z,S2_CLOSE_INVALIDATION,-1.434127659574441,20,2,1.5,1h,4417,false,false,13,-0.5845800560714103,bearish,falling,opposed,NO_RECENT_SQUEEZE
USD/JPY,1h,USD/JPY_2025-11-01,supply,2025-09-29T11:00:00Z,2025-09-29T11:27:00Z,2025-09-29T11:58:00Z,TARGET,1.7837837837838197,20,2,1.5,1h,4421,false,false,17,-0.6723853339285569,bearish,rising,aligned,NO_RECENT_SQUEEZE
EUR/USD,4h,EUR/USD_2025-11-01,supply,2025-09-29T09:00:00Z,2025-09-29T12:56:00Z,2025-09-29T14:22:00Z,TARGET,1.7538461538460846,20,2,1.5,4h,4847,false,false,64,-0.0029519500000000044,bearish,rising,aligned,NO_RECENT_SQUEEZE
EUR/USD,1h,EUR/USD_2025-11-01,supply,2025-09-29T12:00:00Z,2025-09-29T12:57:00Z,2025-09-29T13:02:00Z,TARGET,1.4666666666666077,20,2,1.5,1h,4412,false,false,84,0.0018932214285714392,bullish,falling,opposed,NO_RECENT_SQUEEZE
USD/JPY,1h,USD/JPY_2025-11-01,supply,2025-09-30T00:00:00Z,2025-09-30T00:50:00Z,2025-09-30T01:29:00Z,TARGET,1.7837837837838197,20,2,1.5,1h,4434,false,false,30,-0.10561799857142334,bearish,rising,aligned,NO_RECENT_SQUEEZE
USD/JPY,1h,USD/JPY_2025-11-01,supply,2025-09-30T02:00:00Z,2025-09-30T02:01:00Z,2025-09-30T02:31:00Z,TARGET,1.7837837837838197,20,2,1.5,1h,4436,false,false,32,0.03673996964286591,bullish,rising,opposed,NO_RECENT_SQUEEZE
USD/JPY,1h,USD/JPY_2025-11-01,demand,2025-09-30T06:00:00Z,2025-09-30T06:51:00Z,2025-09-30T07:41:00Z,TARGET,1.683231043357768,20,2,1.5,1h,4440,true,false,36,0.0038923210714317813,bullish,falling,aligned,SQUEEZE_ON
USD/JPY,1h,USD/JPY_2025-11-01,demand,2025-09-30T09:00:00Z,2025-09-30T09:00:00Z,2025-09-30T10:48:00Z,TARGET,1.7629805199615238,20,2,1.5,1h,4443,false,true,2,-0.2056693753571425,bearish,falling,opposed,RELEASED_2_TO_3_BARS_AGO
USD/JPY,4h,USD/JPY_2025-11-01,demand,2025-09-30T13:00:00Z,2025-09-30T14:57:00Z,2025-09-30T15:31:00Z,TARGET,1.8964367778892501,20,2,1.5,4h,4856,false,false,24,-0.9760135392857301,bearish,falling,opposed,NO_RECENT_SQUEEZE
BTC/USD,1h,BTC/USD_2025-11-01,supply,2025-09-30T21:00:00Z,2025-09-30T21:00:00Z,2025-09-30T22:33:00Z,TARGET,0.5285354938271531,20,2,1.5,1h,4251,false,false,53,-460.84506071428683,bearish,rising,aligned,NO_RECENT_SQUEEZE
BTC/USD,1h,BTC/USD_2025-11-01,supply,2025-10-01T02:00:00Z,2025-10-01T02:00:00Z,2025-10-01T08:00:00Z,S2_CLOSE_INVALIDATION,-8.716834876543242,20,2,1.5,1h,4256,false,false,58,559.5274499999881,bullish,rising,opposed,NO_RECENT_SQUEEZE
EUR/USD,1h,EUR/USD_2025-11-01,supply,2025-10-01T04:00:00Z,2025-10-01T04:48:00Z,2025-10-01T06:00:00Z,S2_CLOSE_INVALIDATION,-1.9162011173186881,20,2,1.5,1h,4452,false,false,31,-0.000603810714285759,bearish,falling,aligned,NO_RECENT_SQUEEZE
USD/JPY,4h,USD/JPY_2025-11-01,demand,2025-10-01T01:00:00Z,2025-10-01T04:52:00Z,2025-10-01T05:00:00Z,S2_CLOSE_INVALIDATION,-3.031319769818545,20,2,1.5,4h,4859,false,false,27,-1.343734571428589,bearish,falling,opposed,NO_RECENT_SQUEEZE
USD/JPY,1h,USD/JPY_2025-11-01,demand,2025-10-01T06:00:00Z,2025-10-01T06:43:00Z,2025-10-01T11:00:00Z,S2_CLOSE_INVALIDATION,-1.2030411869689077,20,2,1.5,1h,4464,false,false,23,-0.0661530650000137,bearish,falling,opposed,NO_RECENT_SQUEEZE
USD/JPY,1h,USD/JPY_2025-11-01,demand,2025-10-01T12:00:00Z,2025-10-01T12:15:00Z,2025-10-01T12:15:00Z,TARGET,1.835905850981974,20,2,1.5,1h,4470,false,false,29,-0.42290656892858625,bearish,falling,opposed,NO_RECENT_SQUEEZE
EUR/USD,1h,EUR/USD_2025-11-01,supply,2025-10-01T12:00:00Z,2025-10-01T12:18:00Z,2025-10-01T14:21:00Z,TARGET,1.866108786610885,20,2,1.5,1h,4460,false,true,0,-0.0004233500000000319,bearish,falling,aligned,RELEASED_SAME_BAR
USD/JPY,4h,USD/JPY_2025-11-01,demand,2025-10-01T13:00:00Z,2025-10-01T13:00:00Z,2025-10-01T15:17:00Z,TARGET,1.8797037705349398,20,2,1.5,4h,4862,false,false,30,-1.6252138785714343,bearish,falling,opposed,NO_RECENT_SQUEEZE
EUR/USD,1h,EUR/USD_2025-11-01,supply,2025-10-01T14:00:00Z,2025-10-01T14:04:00Z,2025-10-01T14:21:00Z,TARGET,1.866108786610885,20,2,1.5,1h,4462,true,true,2,0.00011149999999993745,bullish,rising,opposed,SQUEEZE_ON
USD/JPY,1h,USD/JPY_2025-11-01,supply,2025-10-01T15:00:00Z,2025-10-01T15:17:00Z,2025-10-02T01:38:00Z,TARGET,1.8024788899313788,20,2,1.5,1h,4473,false,false,32,-0.6569409285714458,bearish,falling,aligned,NO_RECENT_SQUEEZE
EUR/USD,1h,EUR/USD_2025-11-01,demand,2025-10-01T16:00:00Z,2025-10-01T16:00:00Z,2025-10-02T06:06:00Z,TARGET,1.8181818181818166,20,2,1.5,1h,4464,true,false,4,-0.0002144107142857336,bearish,falling,opposed,SQUEEZE_ON
BTC/USD,1h,BTC/USD_2025-11-01,supply,2025-10-01T16:00:00Z,2025-10-01T16:27:00Z,2025-10-01T17:01:00Z,TARGET,-0.3040753739368811,20,2,1.5,1h,4270,false,false,72,1974.5043178571468,bullish,rising,opposed,NO_RECENT_SQUEEZE
USD/JPY,1h,USD/JPY_2025-11-01,supply,2025-10-01T17:00:00Z,2025-10-01T17:00:00Z,2025-10-02T01:38:00Z,TARGET,1.8024788899313788,20,2,1.5,1h,4475,false,false,34,-0.6159813832142991,bearish,rising,aligned,NO_RECENT_SQUEEZE
BTC/USD,1h,BTC/USD_2025-11-01,supply,2025-10-01T19:00:00Z,2025-10-01T19:42:00Z,2025-10-01T20:13:00Z,TARGET,0.40796519208647375,20,2,1.5,1h,4273,false,false,75,1958.7819821428643,bullish,falling,opposed,NO_RECENT_SQUEEZE
BTC/USD,1h,BTC/USD_2025-11-01,supply,2025-10-02T00:00:00Z,2025-10-02T00:03:00Z,2025-10-02T00:41:00Z,TARGET,-0.03599809013427446,20,2,1.5,1h,4278,false,false,80,1844.092210714286,bullish,rising,opposed,NO_RECENT_SQUEEZE
USD/JPY,1h,USD/JPY_2025-11-01,supply,2025-10-02T02:00:00Z,2025-10-02T02:46:00Z,2025-10-02T06:37:00Z,TARGET,1.8024788899313788,20,2,1.5,1h,4484,false,false,43,-0.06023858014287303,bearish,rising,aligned,NO_RECENT_SQUEEZE
BTC/USD,1h,BTC/USD_2025-11-01,supply,2025-10-02T03:00:00Z,2025-10-02T03:25:00Z,2025-10-02T03:54:00Z,TARGET,-0.03599809013427446,20,2,1.5,1h,4281,false,false,83,1657.8531499999945,bullish,falling,opposed,NO_RECENT_SQUEEZE
USD/JPY,1h,USD/JPY_2025-11-01,supply,2025-10-02T04:00:00Z,2025-10-02T04:11:00Z,2025-10-02T06:37:00Z,TARGET,1.8024788899313788,20,2,1.5,1h,4486,false,false,45,0.07041681796426918,bullish,rising,opposed,NO_RECENT_SQUEEZE
USD/JPY,4h,USD/JPY_2025-11-01,demand,2025-10-02T05:00:00Z,2025-10-02T06:37:00Z,2025-10-02T06:40:00Z,TARGET,1.8797037705349398,20,2,1.5,4h,4866,false,false,34,-1.3699826607142862,bearish,rising,opposed,NO_RECENT_SQUEEZE
USD/JPY,1h,USD/JPY_2025-11-01,supply,2025-10-02T12:00:00Z,2025-10-02T12:49:00Z,2025-10-02T14:00:00Z,S2_CLOSE_INVALIDATION,-2.456471285368464,20,2,1.5,1h,4494,false,true,1,-0.059900689607125315,bearish,falling,aligned,RELEASED_1_BAR_AGO
EUR/USD,1h,EUR/USD_2025-11-01,demand,2025-10-02T12:00:00Z,2025-10-02T12:57:00Z,2025-10-02T14:00:00Z,S2_CLOSE_INVALIDATION,-1.6619217081851194,20,2,1.5,1h,4484,false,false,4,0.0015523642857142932,bullish,rising,aligned,NO_RECENT_SQUEEZE
BTC/USD,1h,BTC/USD_2025-11-01,supply,2025-10-02T19:00:00Z,2025-10-02T19:07:00Z,2025-10-02T20:25:00Z,TARGET,-0.1498797248821706,20,2,1.5,1h,4297,false,false,99,750.8180821428627,bullish,rising,opposed,NO_RECENT_SQUEEZE
BTC/USD,1h,BTC/USD_2025-11-01,demand,2025-10-03T01:00:00Z,2025-10-03T01:53:00Z,2025-10-03T13:32:00Z,TARGET,0.9602076627466738,20,2,1.5,1h,4303,false,false,105,1029.9511892857176,bullish,falling,aligned,NO_RECENT_SQUEEZE
BTC/USD,1h,BTC/USD_2025-11-01,supply,2025-10-03T16:00:00Z,2025-10-03T16:33:00Z,2025-10-03T16:59:00Z,TARGET,1.3918847066524864,20,2,1.5,1h,4318,false,true,0,366.6752357142911,bullish,rising,opposed,RELEASED_SAME_BAR
BTC/USD,4h,BTC/USD_2025-11-01,supply,2025-10-03T16:00:00Z,2025-10-03T16:33:00Z,2025-10-03T16:59:00Z,TARGET,1.3925839803841438,20,2,1.5,4h,4828,false,false,93,4381.2536857142795,bullish,rising,opposed,NO_RECENT_SQUEEZE
BTC/USD,1h,BTC/USD_2025-11-01,demand,2025-10-04T04:00:00Z,2025-10-04T04:00:00Z,2025-10-04T18:00:00Z,S2_CLOSE_INVALIDATION,-1.5240953096554106,20,2,1.5,1h,4330,false,false,12,1003.7967285714303,bullish,falling,aligned,NO_RECENT_SQUEEZE
EUR/USD,1h,EUR/USD_2025-11-01,demand,2025-10-05T22:00:00Z,2025-10-05T22:10:00Z,2025-10-06T01:53:00Z,TARGET,1.6049382716049272,20,2,1.5,1h,4519,false,false,32,0.0007664285714286757,bullish,falling,aligned,NO_RECENT_SQUEEZE
USD/JPY,4h,USD/JPY_2025-11-01,supply,2025-10-05T20:00:00Z,2025-10-05T23:37:00Z,2025-10-06T00:00:00Z,S2_CLOSE_INVALIDATION,-1.5640517711171398,20,2,1.5,4h,4876,false,false,44,-0.0050270660714542,bearish,rising,aligned,NO_RECENT_SQUEEZE
USD/JPY,1h,USD/JPY_2025-11-01,supply,2025-10-05T23:00:00Z,2025-10-05T23:47:00Z,2025-10-06T02:00:00Z,S2_CLOSE_INVALIDATION,-1.7482014388491802,20,2,1.5,1h,4527,false,false,34,-0.1438926978571381,bearish,falling,aligned,NO_RECENT_SQUEEZE
EUR/USD,1h,EUR/USD_2025-11-01,demand,2025-10-06T00:00:00Z,2025-10-06T00:00:00Z,2025-10-06T01:53:00Z,TARGET,1.6049382716049272,20,2,1.5,1h,4521,false,false,34,-0.00032649285714276513,bearish,falling,opposed,NO_RECENT_SQUEEZE
EUR/USD,1h,EUR/USD_2025-11-01,demand,2025-10-06T05:00:00Z,2025-10-06T05:14:00Z,2025-10-06T06:00:00Z,S2_CLOSE_INVALIDATION,-5.639175257733729,20,2,1.5,1h,4526,false,false,39,-0.0015758285714285378,bearish,falling,opposed,NO_RECENT_SQUEEZE
EUR/USD,4h,EUR/USD_2025-11-01,supply,2025-10-06T12:00:00Z,2025-10-06T15:04:00Z,2025-10-07T01:39:00Z,TARGET,1.8446601941747702,20,2,1.5,4h,4879,false,true,1,-0.0021777642857143038,bearish,falling,aligned,RELEASED_1_BAR_AGO
EUR/USD,4h,EUR/USD_2025-11-01,supply,2025-10-06T20:00:00Z,2025-10-06T21:20:00Z,2025-10-07T01:39:00Z,TARGET,1.8446601941747702,20,2,1.5,4h,4881,false,true,3,-0.001738585714285734,bearish,rising,aligned,RELEASED_2_TO_3_BARS_AGO
EUR/USD,1h,EUR/USD_2025-11-01,supply,2025-10-07T04:00:00Z,2025-10-07T04:17:00Z,2025-10-07T06:08:00Z,TARGET,1.8584070796459993,20,2,1.5,1h,4549,false,false,62,0.0029184821428570725,bullish,falling,opposed,NO_RECENT_SQUEEZE
USD/JPY,4h,USD/JPY_2025-11-01,supply,2025-10-07T08:00:00Z,2025-10-07T08:39:00Z,2025-10-07T12:00:00Z,S2_CLOSE_INVALIDATION,-2.953947368421261,20,2,1.5,4h,4885,false,false,53,2.495041426071439,bullish,rising,opposed,NO_RECENT_SQUEEZE
BTC/USD,1h,BTC/USD_2025-11-01,demand,2025-10-07T14:00:00Z,2025-10-07T14:14:00Z,2025-10-07T14:22:00Z,TARGET,0.5996615969581749,20,2,1.5,1h,4412,false,false,59,-956.3147178571393,bearish,falling,opposed,NO_RECENT_SQUEEZE
BTC/USD,4h,BTC/USD_2025-11-01,demand,2025-10-07T12:00:00Z,2025-10-07T15:07:00Z,2025-10-07T16:00:00Z,S2_CLOSE_INVALIDATION,-2.056011546432446,20,2,1.5,4h,4851,false,false,116,744.4602999999904,bullish,falling,aligned,NO_RECENT_SQUEEZE
BTC/USD,1h,BTC/USD_2025-11-01,demand,2025-10-07T15:00:00Z,2025-10-07T15:37:00Z,2025-10-07T16:46:00Z,TARGET,-0.28352175545057623,20,2,1.5,1h,4413,false,false,60,-1070.849375,bearish,falling,opposed,NO_RECENT_SQUEEZE
EUR/USD,4h,EUR/USD_2025-11-01,demand,2025-10-08T00:00:00Z,2025-10-08T01:27:00Z,2025-10-08T12:00:00Z,S2_CLOSE_INVALIDATION,-1.2777777777777553,20,2,1.5,4h,4888,false,false,10,-0.0040945750000000785,bearish,falling,opposed,NO_RECENT_SQUEEZE
EUR/USD,1h,EUR/USD_2025-11-01,demand,2025-10-08T01:00:00Z,2025-10-08T01:30:00Z,2025-10-08T04:00:00Z,S2_CLOSE_INVALIDATION,-2.3250000000000997,20,2,1.5,1h,4570,false,false,83,-0.002031285714285575,bearish,rising,opposed,NO_RECENT_SQUEEZE
EUR/USD,1h,EUR/USD_2025-11-01,supply,2025-10-08T19:00:00Z,2025-10-08T19:00:00Z,2025-10-08T22:00:00Z,S2_CLOSE_INVALIDATION,-1.2156133828996123,20,2,1.5,1h,4588,false,false,101,-0.0013722571428573136,bearish,rising,aligned,NO_RECENT_SQUEEZE
USD/JPY,1h,USD/JPY_2025-11-01,demand,2025-10-08T21:00:00Z,2025-10-08T21:06:00Z,2025-10-09T06:14:00Z,TARGET,1.8984062480157442,20,2,1.5,1h,4597,false,false,104,0.1002022125000166,bullish,falling,aligned,NO_RECENT_SQUEEZE
EUR/USD,1h,EUR/USD_2025-11-01,supply,2025-10-08T23:00:00Z,2025-10-08T23:00:00Z,2025-10-09T03:00:00Z,S2_CLOSE_INVALIDATION,-1.2222222222221795,20,2,1.5,1h,4592,false,false,105,0.0004942142857141418,bullish,rising,opposed,NO_RECENT_SQUEEZE
USD/JPY,1h,USD/JPY_2025-11-01,demand,2025-10-09T13:00:00Z,2025-10-09T13:07:00Z,2025-10-09T13:07:00Z,TARGET,1.8306878306878498,20,2,1.5,1h,4613,true,false,120,-0.059194115000004134,bearish,rising,opposed,SQUEEZE_ON
BTC/USD,4h,BTC/USD_2025-11-01,demand,2025-10-09T16:00:00Z,2025-10-09T16:58:00Z,2025-10-09T17:50:00Z,TARGET,0.9917845197075419,20,2,1.5,4h,4864,false,false,129,-1908.3653999999958,bearish,falling,opposed,NO_RECENT_SQUEEZE
USD/JPY,1h,USD/JPY_2025-11-01,demand,2025-10-10T06:00:00Z,2025-10-10T06:37:00Z,2025-10-10T06:38:00Z,TARGET,1.8306878306878498,20,2,1.5,1h,4630,true,true,1,0.12316222321429231,bullish,falling,aligned,SQUEEZE_ON
USD/JPY,1h,USD/JPY_2025-11-01,demand,2025-10-10T07:00:00Z,2025-10-10T07:00:00Z,2025-10-10T07:26:00Z,TARGET,1.8984062480157442,20,2,1.5,1h,4631,false,true,0,0.0107638392857268,bullish,falling,aligned,RELEASED_SAME_BAR
USD/JPY,1h,USD/JPY_2025-11-01,demand,2025-10-10T11:00:00Z,2025-10-10T11:41:00Z,2025-10-10T15:00:00Z,S2_CLOSE_INVALIDATION,-4.2129659025969755,20,2,1.5,1h,4635,false,false,4,-0.18607851142856063,bearish,falling,opposed,NO_RECENT_SQUEEZE
BTC/USD,4h,BTC/USD_2025-11-01,demand,2025-10-10T12:00:00Z,2025-10-10T15:34:00Z,2025-10-10T15:38:00Z,TARGET,0.9068346185750402,20,2,1.5,4h,4869,false,false,134,-1310.9253928571368,bearish,rising,opposed,NO_RECENT_SQUEEZE
USD/JPY,1h,USD/JPY_2025-11-01,demand,2025-10-10T17:00:00Z,2025-10-10T17:00:00Z,2025-10-10T18:00:00Z,S2_CLOSE_INVALIDATION,-2.8170852736848015,20,2,1.5,1h,4641,false,false,10,-0.48903576964285506,bearish,falling,opposed,NO_RECENT_SQUEEZE
BTC/USD,1h,BTC/USD_2025-11-01,demand,2025-10-10T19:00:00Z,2025-10-10T19:20:00Z,2025-10-10T19:25:00Z,TARGET,-0.009391366906474907,20,2,1.5,1h,4489,false,true,3,-1645.089371428574,bearish,falling,opposed,RELEASED_2_TO_3_BARS_AGO
BTC/USD,1h,BTC/USD_2025-11-01,demand,2025-10-10T20:00:00Z,2025-10-10T20:56:00Z,2025-10-10T20:56:00Z,TARGET,1.058197451698843,20,2,1.5,1h,4490,false,false,4,-2075.432496428575,bearish,falling,opposed,NO_RECENT_SQUEEZE
BTC/USD,1h,BTC/USD_2025-11-01,demand,2025-10-10T21:00:00Z,2025-10-10T21:17:00Z,2025-10-10T21:17:00Z,TARGET,1.352834983498346,20,2,1.5,1h,4491,false,false,5,-2725.8077000000003,bearish,falling,opposed,NO_RECENT_SQUEEZE
BTC/USD,1h,BTC/USD_2025-11-01,demand,2025-10-10T22:00:00Z,2025-10-10T22:02:00Z,2025-10-10T22:48:00Z,TARGET,1.058197451698843,20,2,1.5,1h,4492,false,false,6,-2920.1241964285728,bearish,falling,opposed,NO_RECENT_SQUEEZE
BTC/USD,1h,BTC/USD_2025-11-01,demand,2025-10-11T00:00:00Z,2025-10-11T00:16:00Z,2025-10-11T00:16:00Z,TARGET,0.2775896033884737,20,2,1.5,1h,4494,false,false,8,-3298.4179107142872,bearish,falling,opposed,NO_RECENT_SQUEEZE
BTC/USD,1h,BTC/USD_2025-11-01,supply,2025-10-11T02:00:00Z,2025-10-11T02:39:00Z,2025-10-12T19:00:00Z,S2_CLOSE_INVALIDATION,-1.3534673214960335,20,2,1.5,1h,4496,false,false,10,-3843.8307285714322,bearish,falling,aligned,NO_RECENT_SQUEEZE
EUR/USD,4h,EUR/USD_2025-11-01,supply,2025-10-13T00:00:00Z,2025-10-13T00:59:00Z,2025-10-13T08:27:00Z,TARGET,1.867768595041315,20,2,1.5,4h,4907,false,false,29,-0.002026842857142709,bearish,rising,aligned,NO_RECENT_SQUEEZE
BTC/USD,1h,BTC/USD_2025-11-01,demand,2025-10-13T10:00:00Z,2025-10-13T10:15:00Z,2025-10-13T11:00:00Z,S2_CLOSE_INVALIDATION,-1.5534116476758908,20,2,1.5,1h,4552,false,false,66,1277.1642428571422,bullish,falling,aligned,NO_RECENT_SQUEEZE
EUR/USD,1h,EUR/USD_2025-11-01,demand,2025-10-13T13:00:00Z,2025-10-13T13:01:00Z,2025-10-14T03:50:00Z,TARGET,1.7730496453900566,20,2,1.5,1h,4654,false,false,21,-0.0016231892857144167,bearish,falling,opposed,NO_RECENT_SQUEEZE
BTC/USD,1h,BTC/USD_2025-11-01,demand,2025-10-13T15:00:00Z,2025-10-13T15:00:00Z,2025-10-13T16:08:00Z,TARGET,1.280476813667731,20,2,1.5,1h,4557,true,false,71,-234.68787142856786,bearish,falling,opposed,SQUEEZE_ON
USD/JPY,1h,USD/JPY_2025-11-01,demand,2025-10-13T23:00:00Z,2025-10-13T23:36:00Z,2025-10-13T23:54:00Z,TARGET,1.7310924369748535,20,2,1.5,1h,4669,false,false,38,0.34756158571428314,bullish,falling,aligned,NO_RECENT_SQUEEZE
USD/JPY,1h,USD/JPY_2025-11-01,supply,2025-10-14T00:00:00Z,2025-10-14T00:33:00Z,2025-10-14T00:56:00Z,TARGET,1.8083947069037838,20,2,1.5,1h,4670,false,false,39,0.3326959196428561,bullish,falling,opposed,NO_RECENT_SQUEEZE
USD/JPY,1h,USD/JPY_2025-11-01,demand,2025-10-14T03:00:00Z,2025-10-14T03:39:00Z,2025-10-14T04:00:00Z,S2_CLOSE_INVALIDATION,-4.1324992018121725,20,2,1.5,1h,4673,true,false,42,0.20188862857143672,bullish,falling,aligned,SQUEEZE_ON
EUR/USD,1h,EUR/USD_2025-11-01,supply,2025-10-14T04:00:00Z,2025-10-14T04:50:00Z,2025-10-14T06:23:00Z,TARGET,1.7629629629629564,20,2,1.5,1h,4669,false,false,36,-0.0013843071428570439,bearish,rising,aligned,NO_RECENT_SQUEEZE
BTC/USD,1h,BTC/USD_2025-11-01,demand,2025-10-14T06:00:00Z,2025-10-14T06:47:00Z,2025-10-14T10:00:00Z,S2_CLOSE_INVALIDATION,-3.9235049063603746,20,2,1.5,1h,4572,false,true,3,-756.5672857142798,bearish,falling,opposed,RELEASED_2_TO_3_BARS_AGO
BTC/USD,1h,BTC/USD_2025-11-01,demand,2025-10-14T08:00:00Z,2025-10-14T08:01:00Z,2025-10-14T10:00:00Z,S2_CLOSE_INVALIDATION,-3.9235049063603746,20,2,1.5,1h,4574,false,false,5,-1421.0342071428556,bearish,falling,opposed,NO_RECENT_SQUEEZE
BTC/USD,1h,BTC/USD_2025-11-01,supply,2025-10-14T14:00:00Z,2025-10-14T14:16:00Z,2025-10-14T15:12:00Z,TARGET,0.9288106231141258,20,2,1.5,1h,4580,false,false,11,-2968.878253571428,bearish,falling,aligned,NO_RECENT_SQUEEZE
EUR/USD,1h,EUR/USD_2025-11-01,supply,2025-10-14T14:00:00Z,2025-10-14T14:40:00Z,2025-10-14T15:00:00Z,S2_CLOSE_INVALIDATION,-2.600000000000092,20,2,1.5,1h,4679,false,false,4,-0.0002330535714285542,bearish,rising,aligned,NO_RECENT_SQUEEZE
EUR/USD,1h,EUR/USD_2025-11-01,supply,2025-10-14T21:00:00Z,2025-10-14T21:12:00Z,2025-10-15T00:00:00Z,TARGET,1.7168141592919985,20,2,1.5,1h,4686,false,false,11,0.002747078571428558,bullish,rising,opposed,NO_RECENT_SQUEEZE
USD/JPY,4h,USD/JPY_2025-11-01,demand,2025-10-15T00:00:00Z,2025-10-15T01:09:00Z,2025-10-15T20:00:00Z,S2_CLOSE_INVALIDATION,-1.4991789819376045,20,2,1.5,4h,4920,false,false,88,-0.5564177378571494,bearish,rising,opposed,NO_RECENT_SQUEEZE
EUR/USD,1h,EUR/USD_2025-11-01,supply,2025-10-15T01:00:00Z,2025-10-15T01:21:00Z,2025-10-15T02:00:00Z,S2_CLOSE_INVALIDATION,-2.054545454545225,20,2,1.5,1h,4690,false,false,15,0.003688746428571304,bullish,rising,opposed,NO_RECENT_SQUEEZE
EUR/USD,4h,EUR/USD_2025-11-01,supply,2025-10-15T04:00:00Z,2025-10-15T06:55:00Z,2025-10-15T12:01:00Z,TARGET,1.8358974358974272,20,2,1.5,4h,4920,false,false,42,0.001152346428571449,bullish,rising,opposed,NO_RECENT_SQUEEZE
EUR/USD,1h,EUR/USD_2025-11-01,demand,2025-10-15T12:00:00Z,2025-10-15T12:00:00Z,2025-10-15T13:39:00Z,TARGET,1.5616438356166433,20,2,1.5,1h,4701,false,false,26,0.0019669071428571596,bullish,falling,aligned,NO_RECENT_SQUEEZE
EUR/USD,1h,EUR/USD_2025-11-01,demand,2025-10-15T14:00:00Z,2025-10-15T14:38:00Z,2025-10-15T15:17:00Z,TARGET,1.5616438356166433,20,2,1.5,1h,4703,false,false,28,0.0012200035714285582,bullish,falling,aligned,NO_RECENT_SQUEEZE
EUR/USD,4h,EUR/USD_2025-11-01,supply,2025-10-15T12:00:00Z,2025-10-15T15:40:00Z,2025-10-15T20:00:00Z,S2_CLOSE_INVALIDATION,-1.3794871794872443,20,2,1.5,4h,4922,false,false,44,0.001903614285714274,bullish,rising,opposed,NO_RECENT_SQUEEZE
EUR/USD,1h,EUR/USD_2025-11-01,supply,2025-10-15T15:00:00Z,2025-10-15T15:43:00Z,2025-10-15T15:49:00Z,TARGET,1.3600000000002137,20,2,1.5,1h,4704,false,false,29,0.0008801178571428495,bullish,falling,opposed,NO_RECENT_SQUEEZE
EUR/USD,1h,EUR/USD_2025-11-01,supply,2025-10-15T19:00:00Z,2025-10-15T19:59:00Z,2025-10-15T20:00:00Z,S2_CLOSE_INVALIDATION,-1.680000000000035,20,2,1.5,1h,4708,true,false,33,0.00036264285714286974,bullish,falling,opposed,SQUEEZE_ON
EUR/USD,1h,EUR/USD_2025-11-01,supply,2025-10-16T02:00:00Z,2025-10-16T02:00:00Z,2025-10-16T04:44:00Z,TARGET,1.7500000000000766,20,2,1.5,1h,4715,false,false,4,0.0015169821428572387,bullish,rising,opposed,NO_RECENT_SQUEEZE
USD/JPY,1h,USD/JPY_2025-11-01,demand,2025-10-16T02:00:00Z,2025-10-16T02:00:00Z,2025-10-16T03:00:00Z,TARGET,1.82122905027936,20,2,1.5,1h,4720,false,false,24,-0.27001068749999807,bearish,falling,opposed,NO_RECENT_SQUEEZE
USD/JPY,1h,USD/JPY_2025-11-01,supply,2025-10-16T04:00:00Z,2025-10-16T04:49:00Z,2025-10-16T07:00:00Z,S2_CLOSE_INVALIDATION,-1.4727845918920848,20,2,1.5,1h,4722,false,false,26,-0.36985836142857603,bearish,falling,aligned,NO_RECENT_SQUEEZE
USD/JPY,1h,USD/JPY_2025-11-01,supply,2025-10-16T06:00:00Z,2025-10-16T06:04:00Z,2025-10-16T07:00:00Z,S2_CLOSE_INVALIDATION,-1.4727845918920848,20,2,1.5,1h,4724,false,false,28,-0.34874951214285976,bearish,rising,aligned,NO_RECENT_SQUEEZE
EUR/USD,4h,EUR/USD_2025-11-01,supply,2025-10-16T04:00:00Z,2025-10-16T06:15:00Z,2025-10-16T16:00:00Z,S2_CLOSE_INVALIDATION,-1.8359375000000078,20,2,1.5,4h,4926,false,false,48,0.00464743928571432,bullish,rising,opposed,NO_RECENT_SQUEEZE
EUR/USD,1h,EUR/USD_2025-11-01,demand,2025-10-16T07:00:00Z,2025-10-16T07:30:00Z,2025-10-16T07:36:00Z,TARGET,1.3962264150947536,20,2,1.5,1h,4720,false,false,9,0.002284685714285804,bullish,falling,aligned,NO_RECENT_SQUEEZE
BTC/USD,1h,BTC/USD_2025-11-01,demand,2025-10-16T16:00:00Z,2025-10-16T16:30:00Z,2025-10-16T16:55:00Z,TARGET,1.352834983498346,20,2,1.5,1h,4630,true,false,25,-25.223632142853376,bearish,falling,opposed,SQUEEZE_ON
USD/JPY,1h,USD/JPY_2025-11-01,demand,2025-10-16T16:00:00Z,2025-10-16T16:32:00Z,2025-10-16T17:00:00Z,S2_CLOSE_INVALIDATION,-1.46938547486009,20,2,1.5,1h,4734,false,false,38,0.12362637642855734,bullish,falling,aligned,NO_RECENT_SQUEEZE
BTC/USD,1h,BTC/USD_2025-11-01,demand,2025-10-16T18:00:00Z,2025-10-16T18:06:00Z,2025-10-17T01:02:00Z,TARGET,1.352834983498346,20,2,1.5,1h,4632,false,true,1,-536.5233857142889,bearish,falling,opposed,RELEASED_1_BAR_AGO
BTC/USD,4h,BTC/USD_2025-11-01,demand,2025-10-17T00:00:00Z,2025-10-17T00:00:00Z,2025-10-17T04:00:00Z,S2_CLOSE_INVALIDATION,-4.3369929315929046,20,2,1.5,4h,4908,false,false,173,-3690.227403571421,bearish,falling,opposed,NO_RECENT_SQUEEZE
USD/JPY,4h,USD/JPY_2025-11-01,demand,2025-10-17T00:00:00Z,2025-10-17T00:00:00Z,2025-10-17T04:00:00Z,S2_CLOSE_INVALIDATION,-1.5167785234899474,20,2,1.5,4h,4932,false,false,100,-0.9573433985714428,bearish,falling,opposed,NO_RECENT_SQUEEZE
EUR/USD,1h,EUR/USD_2025-11-01,supply,2025-10-17T00:00:00Z,2025-10-17T00:50:00Z,2025-10-17T05:00:00Z,S2_CLOSE_INVALIDATION,-1.592920353982387,20,2,1.5,1h,4737,false,false,6,0.002408124999999904,bullish,rising,opposed,NO_RECENT_SQUEEZE
EUR/USD,1h,EUR/USD_2025-11-01,demand,2025-10-17T10:00:00Z,2025-10-17T10:58:00Z,2025-10-17T11:06:00Z,TARGET,1.5076923076921693,20,2,1.5,1h,4747,false,false,16,0.002250046428571406,bullish,falling,aligned,NO_RECENT_SQUEEZE
BTC/USD,4h,BTC/USD_2025-11-01,demand,2025-10-17T12:00:00Z,2025-10-17T12:00:00Z,2025-10-17T15:57:00Z,TARGET,1.2946261788130373,20,2,1.5,4h,4911,false,false,176,-3830.288914285705,bearish,falling,opposed,NO_RECENT_SQUEEZE
USD/JPY,1h,USD/JPY_2025-11-01,supply,2025-10-17T12:00:00Z,2025-10-17T12:06:00Z,2025-10-17T13:15:00Z,TARGET,1.7090909090909452,20,2,1.5,1h,4754,false,false,58,-0.43193285249999586,bearish,rising,aligned,NO_RECENT_SQUEEZE
EUR/USD,1h,EUR/USD_2025-11-01,demand,2025-10-17T12:00:00Z,2025-10-17T12:38:00Z,2025-10-17T20:00:00Z,S2_CLOSE_INVALIDATION,-2.416666666666851,20,2,1.5,1h,4749,false,false,18,0.000941385714285719,bullish,falling,aligned,NO_RECENT_SQUEEZE
USD/JPY,1h,USD/JPY_2025-11-01,supply,2025-10-17T14:00:00Z,2025-10-17T14:01:00Z,2025-10-17T15:21:00Z,TARGET,1.7090909090909452,20,2,1.5,1h,4756,false,false,60,-0.13591113750001071,bearish,rising,aligned,NO_RECENT_SQUEEZE
USD/JPY,1h,USD/JPY_2025-11-01,supply,2025-10-17T16:00:00Z,2025-10-17T16:02:00Z,2025-10-17T17:00:00Z,S2_CLOSE_INVALIDATION,-1.618181818181754,20,2,1.5,1h,4758,false,false,62,0.11282914178569164,bullish,rising,opposed,NO_RECENT_SQUEEZE
EUR/USD,4h,EUR/USD_2025-11-01,demand,2025-10-17T20:00:00Z,2025-10-17T20:40:00Z,2025-10-20T16:00:00Z,S2_CLOSE_INVALIDATION,-1.3196721311475024,20,2,1.5,4h,4936,false,false,58,0.006130810714285765,bullish,falling,aligned,NO_RECENT_SQUEEZE
BTC/USD,1h,BTC/USD_2025-11-01,demand,2025-10-20T00:00:00Z,2025-10-20T00:23:00Z,2025-10-20T00:40:00Z,TARGET,0.5238527153045061,20,2,1.5,1h,4710,false,false,9,1476.2782678571516,bullish,falling,aligned,NO_RECENT_SQUEEZE
USD/JPY,1h,USD/JPY_2025-11-01,supply,2025-10-20T01:00:00Z,2025-10-20T01:20:00Z,2025-10-20T03:52:00Z,TARGET,1.9282511210762374,20,2,1.5,1h,4765,false,false,69,0.8280620714285669,bullish,rising,opposed,NO_RECENT_SQUEEZE
BTC/USD,1h,BTC/USD_2025-11-01,supply,2025-10-20T07:00:00Z,2025-10-20T07:15:00Z,2025-10-20T16:43:00Z,TARGET,1.1595249845851865,20,2,1.5,1h,4717,false,false,16,1501.08531428571,bullish,rising,opposed,NO_RECENT_SQUEEZE
USD/JPY,1h,USD/JPY_2025-11-01,demand,2025-10-20T18:00:00Z,2025-10-20T18:57:00Z,2025-10-21T01:46:00Z,TARGET,1.8577840984845102,20,2,1.5,1h,4782,true,false,86,-0.18369186964285245,bearish,falling,opposed,SQUEEZE_ON
EUR/USD,1h,EUR/USD_2025-11-01,supply,2025-10-20T21:00:00Z,2025-10-20T21:14:00Z,2025-10-21T02:38:00Z,TARGET,1.73553719008263,20,2,1.5,1h,4782,false,true,2,-0.0011223035714285384,bearish,falling,aligned,RELEASED_2_TO_3_BARS_AGO
EUR/USD,1h,EUR/USD_2025-11-01,demand,2025-10-21T04:00:00Z,2025-10-21T04:04:00Z,2025-10-21T05:00:00Z,S2_CLOSE_INVALIDATION,-1.439393939393962,20,2,1.5,1h,4789,false,true,0,-0.0012564035714285834,bearish,falling,opposed,RELEASED_SAME_BAR
BTC/USD,1h,BTC/USD_2025-11-01,demand,2025-10-21T06:00:00Z,2025-10-21T06:00:00Z,2025-10-21T06:22:00Z,TARGET,0.5238527153045061,20,2,1.5,1h,4740,false,false,4,-1638.106053571429,bearish,falling,opposed,NO_RECENT_SQUEEZE
EUR/USD,1h,EUR/USD_2025-11-01,demand,2025-10-21T06:00:00Z,2025-10-21T06:07:00Z,2025-10-21T06:38:00Z,TARGET,1.5616438356166433,20,2,1.5,1h,4791,false,true,2,-0.0013443892857143457,bearish,falling,opposed,RELEASED_2_TO_3_BARS_AGO
EUR/USD,1h,EUR/USD_2025-11-01,demand,2025-10-21T08:00:00Z,2025-10-21T08:05:00Z,2025-10-21T11:00:00Z,S2_CLOSE_INVALIDATION,-2.561643835615158,20,2,1.5,1h,4793,false,false,4,-0.0014250321428572552,bearish,falling,opposed,NO_RECENT_SQUEEZE
BTC/USD,1h,BTC/USD_2025-11-01,demand,2025-10-21T08:00:00Z,2025-10-21T08:37:00Z,2025-10-21T10:35:00Z,TARGET,0.5238527153045061,20,2,1.5,1h,4742,false,false,6,-2118.6366928571447,bearish,falling,opposed,NO_RECENT_SQUEEZE
USD/JPY,1h,USD/JPY_2025-11-01,supply,2025-10-21T08:00:00Z,2025-10-21T08:46:00Z,2025-10-21T09:00:00Z,S2_CLOSE_INVALIDATION,-2.0041350210967543,20,2,1.5,1h,4796,false,true,2,0.3888776074999949,bullish,rising,opposed,RELEASED_2_TO_3_BARS_AGO
USD/JPY,1h,USD/JPY_2025-11-01,supply,2025-10-21T09:00:00Z,2025-10-21T09:14:00Z,2025-10-21T10:00:00Z,S2_CLOSE_INVALIDATION,-2.2775483870970197,20,2,1.5,1h,4797,false,true,3,0.4692913474999987,bullish,rising,opposed,RELEASED_2_TO_3_BARS_AGO
EUR/USD,4h,EUR/USD_2025-11-01,demand,2025-10-21T08:00:00Z,2025-10-21T10:19:00Z,2025-10-21T11:05:00Z,TARGET,1.7611940298507278,20,2,1.5,4h,4946,false,false,68,-0.004196657142857097,bearish,falling,opposed,NO_RECENT_SQUEEZE
BTC/USD,1h,BTC/USD_2025-11-01,demand,2025-10-21T10:00:00Z,2025-10-21T10:22:00Z,2025-10-21T10:35:00Z,TARGET,0.5238527153045061,20,2,1.5,1h,4744,false,false,8,-2459.6741571428547,bearish,falling,opposed,NO_RECENT_SQUEEZE
EUR/USD,1h,EUR/USD_2025-11-01,demand,2025-10-21T12:00:00Z,2025-10-21T12:09:00Z,2025-10-21T13:38:00Z,TARGET,1.619047619047698,20,2,1.5,1h,4797,false,false,8,-0.0018040321428571084,bearish,falling,opposed,NO_RECENT_SQUEEZE
EUR/USD,1h,EUR/USD_2025-11-01,demand,2025-10-21T14:00:00Z,2025-10-21T14:03:00Z,2025-10-21T14:23:00Z,TARGET,1.619047619047698,20,2,1.5,1h,4799,false,false,10,-0.001971157142857075,bearish,falling,opposed,NO_RECENT_SQUEEZE
BTC/USD,4h,BTC/USD_2025-11-01,supply,2025-10-21T12:00:00Z,2025-10-21T15:07:00Z,2025-10-21T18:37:00Z,TARGET,1.4969162594501384,20,2,1.5,4h,4935,false,false,200,2395.636621428583,bullish,falling,opposed,NO_RECENT_SQUEEZE
BTC/USD,1h,BTC/USD_2025-11-01,supply,2025-10-21T15:00:00Z,2025-10-21T15:28:00Z,2025-10-21T17:17:00Z,TARGET,1.1383775022863518,20,2,1.5,1h,4749,false,false,13,-1156.197767857139,bearish,rising,aligned,NO_RECENT_SQUEEZE
EUR/USD,1h,EUR/USD_2025-11-01,demand,2025-10-21T18:00:00Z,2025-10-21T18:00:00Z,2025-10-21T19:00:00Z,S2_CLOSE_INVALIDATION,-2.04761904761844,20,2,1.5,1h,4803,false,false,14,-0.0022263678571427794,bearish,falling,opposed,NO_RECENT_SQUEEZE
EUR/USD,1h,EUR/USD_2025-11-01,supply,2025-10-21T21:00:00Z,2025-10-21T21:18:00Z,2025-10-22T08:03:00Z,TARGET,1.7697841726618342,20,2,1.5,1h,4806,false,false,17,-0.0022347999999999145,bearish,rising,aligned,NO_RECENT_SQUEEZE
BTC/USD,4h,BTC/USD_2025-11-01,demand,2025-10-21T20:00:00Z,2025-10-21T23:40:00Z,2025-10-23T06:16:00Z,TARGET,1.5902902851448453,20,2,1.5,4h,4937,false,false,202,2714.653917857154,bullish,falling,aligned,NO_RECENT_SQUEEZE
BTC/USD,1h,BTC/USD_2025-11-01,demand,2025-10-22T06:00:00Z,2025-10-22T06:39:00Z,2025-10-22T21:00:00Z,S2_CLOSE_INVALIDATION,-1.836295803265484,20,2,1.5,1h,4764,false,false,28,-1773.3526249999957,bearish,falling,opposed,NO_RECENT_SQUEEZE
EUR/USD,1h,EUR/USD_2025-11-01,supply,2025-10-22T14:00:00Z,2025-10-22T14:54:00Z,2025-10-22T16:00:00Z,S2_CLOSE_INVALIDATION,-1.6043165467628997,20,2,1.5,1h,4823,false,true,2,-0.00071952142857133,bearish,rising,aligned,RELEASED_2_TO_3_BARS_AGO
USD/JPY,1h,USD/JPY_2025-11-01,supply,2025-10-22T20:00:00Z,2025-10-22T20:00:00Z,2025-10-23T00:00:00Z,S2_CLOSE_INVALIDATION,-2.193294953535528,20,2,1.5,1h,4832,true,false,38,0.07012272499998298,bullish,rising,opposed,SQUEEZE_ON
BTC/USD,4h,BTC/USD_2025-11-01,demand,2025-10-22T20:00:00Z,2025-10-22T21:11:00Z,2025-10-23T01:10:00Z,TARGET,1.4156553505534994,20,2,1.5,4h,4943,false,false,208,-1455.6432178571408,bearish,falling,opposed,NO_RECENT_SQUEEZE
BTC/USD,4h,BTC/USD_2025-11-01,demand,2025-10-23T00:00:00Z,2025-10-23T00:00:00Z,2025-10-23T06:16:00Z,TARGET,1.5902902851448453,20,2,1.5,4h,4944,false,false,209,-2051.933335714286,bearish,falling,opposed,NO_RECENT_SQUEEZE
USD/JPY,1h,USD/JPY_2025-11-01,supply,2025-10-23T06:00:00Z,2025-10-23T06:58:00Z,2025-10-23T07:18:00Z,TARGET,1.8083947069037838,20,2,1.5,1h,4842,false,false,4,0.401407707142846,bullish,rising,opposed,NO_RECENT_SQUEEZE
USD/JPY,1h,USD/JPY_2025-11-01,supply,2025-10-23T08:00:00Z,2025-10-23T08:44:00Z,2025-10-23T10:00:00Z,S2_CLOSE_INVALIDATION,-1.993952457936369,20,2,1.5,1h,4844,false,false,6,0.4780527749999968,bullish,rising,opposed,NO_RECENT_SQUEEZE
EUR/USD,1h,EUR/USD_2025-11-01,demand,2025-10-23T10:00:00Z,2025-10-23T10:58:00Z,2025-10-23T11:35:00Z,TARGET,1.500000000000153,20,2,1.5,1h,4843,false,false,22,-0.0010004821428571506,bearish,falling,opposed,NO_RECENT_SQUEEZE
BTC/USD,1h,BTC/USD_2025-11-01,supply,2025-10-23T13:00:00Z,2025-10-23T13:39:00Z,2025-10-23T17:00:00Z,S2_CLOSE_INVALIDATION,-2.7556216999489545,20,2,1.5,1h,4795,false,false,7,1295.793057142863,bullish,rising,opposed,NO_RECENT_SQUEEZE
EUR/USD,1h,EUR/USD_2025-11-01,supply,2025-10-23T14:00:00Z,2025-10-23T14:30:00Z,2025-10-23T15:13:00Z,TARGET,1.632183908045946,20,2,1.5,1h,4847,false,false,26,-0.0010723214285714101,bearish,rising,aligned,NO_RECENT_SQUEEZE
EUR/USD,4h,EUR/USD_2025-11-01,supply,2025-10-23T16:00:00Z,2025-10-23T16:00:00Z,2025-10-24T04:00:00Z,S2_CLOSE_INVALIDATION,-1.2277227722769821,20,2,1.5,4h,4960,false,false,82,-0.003184667857142871,bearish,rising,aligned,NO_RECENT_SQUEEZE
EUR/USD,1h,EUR/USD_2025-11-01,supply,2025-10-23T16:00:00Z,2025-10-23T16:02:00Z,2025-10-23T16:46:00Z,TARGET,1.632183908045946,20,2,1.5,1h,4849,false,false,28,-0.0004542928571428174,bearish,rising,aligned,NO_RECENT_SQUEEZE
USD/JPY,1h,USD/JPY_2025-11-01,supply,2025-10-23T16:00:00Z,2025-10-23T16:10:00Z,2025-10-23T18:02:00Z,TARGET,1.8095238095238169,20,2,1.5,1h,4852,false,false,14,0.4802008678571302,bullish,falling,opposed,NO_RECENT_SQUEEZE
USD/JPY,1h,USD/JPY_2025-11-01,supply,2025-10-24T05:00:00Z,2025-10-24T05:29:00Z,2025-10-24T12:30:00Z,TARGET,1.9130434782608683,20,2,1.5,1h,4865,true,false,27,0.033509124999994394,bullish,rising,opposed,SQUEEZE_ON
USD/JPY,4h,USD/JPY_2025-11-01,demand,2025-10-24T12:00:00Z,2025-10-24T12:30:00Z,2025-10-24T13:48:00Z,TARGET,1.8964367778892501,20,2,1.5,4h,4966,false,false,134,0.8988707964285441,bullish,falling,aligned,NO_RECENT_SQUEEZE
BTC/USD,1h,BTC/USD_2025-11-01,demand,2025-10-24T13:00:00Z,2025-10-24T13:48:00Z,2025-10-24T13:53:00Z,TARGET,0.13822626137764016,20,2,1.5,1h,4819,false,false,31,702.6012142856978,bullish,rising,aligned,NO_RECENT_SQUEEZE
BTC/USD,1h,BTC/USD_2025-11-01,demand,2025-10-24T14:00:00Z,2025-10-24T14:27:00Z,2025-10-24T18:25:00Z,TARGET,1.2330256658087941,20,2,1.5,1h,4820,false,false,32,745.1104464285582,bullish,rising,aligned,NO_RECENT_SQUEEZE
USD/JPY,1h,USD/JPY_2025-11-01,supply,2025-10-27T00:00:00Z,2025-10-27T00:00:00Z,2025-10-27T01:13:00Z,TARGET,1.8504575065658342,20,2,1.5,1h,4881,true,false,15,0.05689293571428168,bullish,falling,opposed,SQUEEZE_ON
USD/JPY,1h,USD/JPY_2025-11-01,supply,2025-10-27T02:00:00Z,2025-10-27T02:08:00Z,2025-10-27T04:00:00Z,S2_CLOSE_INVALIDATION,-1.906638752068056,20,2,1.5,1h,4883,true,false,17,0.06456156428571172,bullish,falling,opposed,SQUEEZE_ON
EUR/USD,1h,EUR/USD_2025-11-01,demand,2025-10-27T03:00:00Z,2025-10-27T03:00:00Z,2025-10-27T04:00:00Z,S2_CLOSE_INVALIDATION,-1.8666666666664427,20,2,1.5,1h,4884,false,false,9,0.0009665142857143324,bullish,falling,aligned,NO_RECENT_SQUEEZE
EUR/USD,1h,EUR/USD_2025-11-01,demand,2025-10-27T06:00:00Z,2025-10-27T06:00:00Z,2025-10-27T07:00:00Z,S2_CLOSE_INVALIDATION,-1.4202898550724976,20,2,1.5,1h,4887,true,false,12,0.00047299642857140866,bullish,falling,aligned,SQUEEZE_ON
USD/JPY,1h,USD/JPY_2025-11-01,supply,2025-10-27T06:00:00Z,2025-10-27T06:00:00Z,2025-10-27T11:23:00Z,TARGET,1.9130434782608683,20,2,1.5,1h,4887,true,false,21,0.19416283571429907,bullish,rising,opposed,SQUEEZE_ON
BTC/USD,1h,BTC/USD_2025-11-01,demand,2025-10-27T10:00:00Z,2025-10-27T10:02:00Z,2025-10-27T14:00:00Z,S2_CLOSE_INVALIDATION,-2.1144714428619524,20,2,1.5,1h,4888,false,false,24,1229.958967857148,bullish,falling,aligned,NO_RECENT_SQUEEZE
USD/JPY,4h,USD/JPY_2025-11-01,demand,2025-10-27T08:00:00Z,2025-10-27T11:23:00Z,2025-10-27T13:28:00Z,TARGET,1.8964367778892501,20,2,1.5,4h,4971,false,false,139,0.6770143342857065,bullish,falling,aligned,NO_RECENT_SQUEEZE
EUR/USD,1h,EUR/USD_2025-11-01,supply,2025-10-27T12:00:00Z,2025-10-27T12:04:00Z,2025-10-27T13:38:00Z,TARGET,1.7310924369747451,20,2,1.5,1h,4893,true,false,18,0.00035988571428585215,bullish,rising,opposed,SQUEEZE_ON
USD/JPY,1h,USD/JPY_2025-11-01,supply,2025-10-27T14:00:00Z,2025-10-27T14:00:00Z,2025-10-27T23:45:00Z,TARGET,1.9130434782608683,20,2,1.5,1h,4895,true,false,29,0.0360106999999983,bullish,rising,opposed,SQUEEZE_ON
EUR/USD,1h,EUR/USD_2025-11-01,supply,2025-10-27T18:00:00Z,2025-10-27T18:55:00Z,2025-10-28T01:00:00Z,S2_CLOSE_INVALIDATION,-1.5123966942146936,20,2,1.5,1h,4899,true,false,24,0.0003526321428571582,bullish,falling,opposed,SQUEEZE_ON
EUR/USD,1h,EUR/USD_2025-11-01,supply,2025-10-27T22:00:00Z,2025-10-27T22:57:00Z,2025-10-28T01:00:00Z,S2_CLOSE_INVALIDATION,-1.5123966942146936,20,2,1.5,1h,4903,false,true,3,0.0010768428571427662,bullish,rising,opposed,RELEASED_2_TO_3_BARS_AGO
EUR/USD,1h,EUR/USD_2025-11-01,supply,2025-10-28T02:00:00Z,2025-10-28T02:06:00Z,2025-10-28T04:00:00Z,S2_CLOSE_INVALIDATION,-1.476190476190473,20,2,1.5,1h,4907,false,false,7,0.0015841821428570616,bullish,rising,opposed,NO_RECENT_SQUEEZE
EUR/USD,1h,EUR/USD_2025-11-01,demand,2025-10-28T12:00:00Z,2025-10-28T12:55:00Z,2025-10-28T14:05:00Z,TARGET,1.4181818181818715,20,2,1.5,1h,4917,false,false,17,0.0010200678571429384,bullish,falling,aligned,NO_RECENT_SQUEEZE
EUR/USD,4h,EUR/USD_2025-11-01,demand,2025-10-28T12:00:00Z,2025-10-28T13:20:00Z,2025-10-28T13:55:00Z,TARGET,1.7288135593220755,20,2,1.5,4h,4978,false,false,11,0.003740614285714255,bullish,rising,aligned,NO_RECENT_SQUEEZE
BTC/USD,1h,BTC/USD_2025-11-01,demand,2025-10-28T19:00:00Z,2025-10-28T19:29:00Z,2025-10-28T20:00:00Z,S2_CLOSE_INVALIDATION,-5.0785969744999875,20,2,1.5,1h,4921,false,false,57,737.3131750000007,bullish,rising,aligned,NO_RECENT_SQUEEZE
BTC/USD,1h,BTC/USD_2025-11-01,demand,2025-10-28T20:00:00Z,2025-10-28T20:32:00Z,2025-10-28T20:39:00Z,TARGET,0.23454096300365945,20,2,1.5,1h,4922,false,false,58,523.6532785714284,bullish,falling,aligned,NO_RECENT_SQUEEZE
USD/JPY,4h,USD/JPY_2025-11-01,demand,2025-10-29T00:00:00Z,2025-10-29T00:00:00Z,2025-10-29T05:40:00Z,TARGET,1.9558614601580742,20,2,1.5,4h,4981,false,false,149,-0.5788387342856953,bearish,falling,opposed,NO_RECENT_SQUEEZE
USD/JPY,1h,USD/JPY_2025-11-01,demand,2025-10-29T01:00:00Z,2025-10-29T01:00:00Z,2025-10-29T02:26:00Z,TARGET,1.8873239436619687,20,2,1.5,1h,4930,false,false,28,-0.001844691428574019,bearish,falling,opposed,NO_RECENT_SQUEEZE
EUR/USD,1h,EUR/USD_2025-11-01,demand,2025-10-29T03:00:00Z,2025-10-29T03:41:00Z,2025-10-29T04:00:00Z,S2_CLOSE_INVALIDATION,-2.309090909090709,20,2,1.5,1h,4932,false,false,7,0.00006863928571427814,bullish,falling,aligned,NO_RECENT_SQUEEZE
EUR/USD,1h,EUR/USD_2025-11-01,demand,2025-10-29T05:00:00Z,2025-10-29T05:09:00Z,2025-10-29T08:00:00Z,S2_CLOSE_INVALIDATION,-1.273972602739736,20,2,1.5,1h,4934,false,false,9,-0.0005476892857142637,bearish,falling,opposed,NO_RECENT_SQUEEZE
USD/JPY,1h,USD/JPY_2025-11-01,supply,2025-10-29T18:00:00Z,2025-10-29T18:40:00Z,2025-10-29T20:35:00Z,TARGET,1.9130434782608683,20,2,1.5,1h,4947,false,false,8,0.13459158678573513,bullish,rising,opposed,NO_RECENT_SQUEEZE
EUR/USD,1h,EUR/USD_2025-11-01,demand,2025-10-29T18:00:00Z,2025-10-29T18:42:00Z,2025-10-29T18:44:00Z,TARGET,1.500000000000153,20,2,1.5,1h,4947,false,false,22,0.00025914642857127117,bullish,rising,aligned,NO_RECENT_SQUEEZE
BTC/USD,4h,BTC/USD_2025-11-01,demand,2025-10-29T20:00:00Z,2025-10-29T20:00:00Z,2025-10-30T12:00:00Z,S2_CLOSE_INVALIDATION,-2.930300573395922,20,2,1.5,4h,4985,false,false,250,-1834.799196428569,bearish,falling,opposed,NO_RECENT_SQUEEZE
BTC/USD,1h,BTC/USD_2025-11-01,demand,2025-10-29T23:00:00Z,2025-10-29T23:41:00Z,2025-10-30T01:45:00Z,TARGET,1.2330256658087941,20,2,1.5,1h,4949,false,false,85,-747.8031321428515,bearish,falling,opposed,NO_RECENT_SQUEEZE
USD/JPY,1h,USD/JPY_2025-11-01,supply,2025-10-30T03:00:00Z,2025-10-30T03:32:00Z,2025-10-30T04:11:00Z,TARGET,1.9130434782608683,20,2,1.5,1h,4956,false,false,17,0.25860673892857083,bullish,falling,opposed,NO_RECENT_SQUEEZE
USD/JPY,1h,USD/JPY_2025-11-01,supply,2025-10-30T05:00:00Z,2025-10-30T05:58:00Z,2025-10-30T06:00:00Z,S2_CLOSE_INVALIDATION,-1.7119565217390351,20,2,1.5,1h,4958,false,false,19,0.3179336110714262,bullish,rising,opposed,NO_RECENT_SQUEEZE
BTC/USD,1h,BTC/USD_2025-11-01,demand,2025-10-30T19:00:00Z,2025-10-30T19:22:00Z,2025-10-30T20:52:00Z,TARGET,1.25038964277769,20,2,1.5,1h,4969,false,false,105,-1715.1080535714293,bearish,falling,opposed,NO_RECENT_SQUEEZE
EUR/USD,4h,EUR/USD_2025-11-01,demand,2025-10-30T20:00:00Z,2025-10-30T20:00:00Z,2025-10-31T12:00:00Z,S2_CLOSE_INVALIDATION,-1.157480314960624,20,2,1.5,4h,4992,false,false,5,-0.004119889285714343,bearish,falling,opposed,NO_RECENT_SQUEEZE
BTC/USD,4h,BTC/USD_2025-11-01,demand,2025-10-30T20:00:00Z,2025-10-30T20:00:00Z,2025-10-30T23:34:00Z,TARGET,1.4156553505534994,20,2,1.5,4h,4991,false,false,256,-4153.296603571431,bearish,falling,opposed,NO_RECENT_SQUEEZE
USD/JPY,1h,USD/JPY_2025-11-01,demand,2025-10-31T15:00:00Z,2025-10-31T15:00:00Z,2025-10-31T16:25:00Z,TARGET,1.8602577371360713,20,2,1.5,1h,4992,true,false,53,-0.09384732178572183,bearish,falling,opposed,SQUEEZE_ON
