classification,arm,instrument,window,strategy_timeframe,direction,ipo_kind,ipo_origin_timestamp,ipo_open,ipo_high,ipo_low,ipo_close,ipo_zone_high,ipo_zone_low,ipo_midpoint,ipo_extent_invalidation,ipo_touch_timestamp,entry_timestamp,entry_price,s2_price,target_price,risk_price,bos_required,bos_confirmed_before_entry,bos_timestamp,bos_structural_level,bos_direction,bars_origin_to_bos,bars_bos_to_entry,one_minute_ordering_used,one_minute_entry_timestamp,one_minute_target_timestamp,one_minute_s2_ordering,exit_timestamp,exit_price,exit_reason,realized_r,cost_r,mae_r,mfe_r,excluded_from_stats,ambiguity
BOS_REMOVED,CONTROL,EUR/USD,EURUSD_2022-04-01,1h,supply,bearish_IPO_supply,2022-03-23T10:00:00Z,1.0996,1.1007,1.0996,1.1002,1.10015,1.0996,1.10015,1.1007,2022-03-23T15:00:00Z,2022-03-23T15:00:00Z,1.10015,1.1007,1.0990499999999999,0.0005500000000000504,false,false,,,,,,NO,,,,2022-03-23T15:00:00Z,1.0990499999999999,TARGET,1.7090909090909356,0.29090909090906425,0.6363636363637097,4.454545454545161,false,SAME_BAR_ENTRY_AND_EXIT
BOS_REMOVED,CONTROL,EUR/USD,EURUSD_2022-04-01,1h,supply,bearish_IPO_supply,2022-03-23T10:00:00Z,1.0996,1.1007,1.0996,1.1002,1.10015,1.0996,1.10015,1.1007,2022-03-23T17:00:00Z,2022-03-23T17:00:00Z,1.10015,1.1007,1.0990499999999999,0.0005500000000000504,false,false,,,,,,NO,,,,2022-03-23T18:00:00Z,1.10085,S2_CLOSE_INVALIDATION,-1.5636363636364838,0.29090909090906425,1.7272727272725805,0.8181818181818549,false,
BOS_REMOVED,CONTROL,EUR/USD,EURUSD_2022-04-01,1h,supply,bearish_IPO_supply,2022-03-23T05:00:00Z,1.10275,1.104,1.1027,1.1037,1.10335,1.1027,1.10335,1.104,2022-03-25T01:00:00Z,2022-03-25T01:00:00Z,1.10335,1.104,1.10205,0.0006500000000000394,false,false,,,,,,NO,,,,2022-03-25T01:00:00Z,1.10205,TARGET,1.7538461538461687,0.24615384615383124,0.23076923076902056,3.9230769230767653,false,SAME_BAR_ENTRY_AND_EXIT
BOS_REMOVED,CONTROL,EUR/USD,EURUSD_2022-04-01,1h,supply,bearish_IPO_supply,2022-03-23T05:00:00Z,1.10275,1.104,1.1027,1.1037,1.10335,1.1027,1.10335,1.104,2022-03-25T03:00:00Z,2022-03-25T03:00:00Z,1.10335,1.104,1.10205,0.0006500000000000394,false,false,,,,,,NO,,,,2022-03-25T06:00:00Z,1.10205,TARGET,1.7538461538461687,0.24615384615383124,0.6923076923074033,2.1538461538461275,false,
BOS_REMOVED,CONTROL,EUR/USD,EURUSD_2022-04-01,1h,supply,bearish_IPO_supply,2022-03-25T01:00:00Z,1.1009,1.1035,1.1008,1.1033,1.10215,1.1008,1.10215,1.1035,2022-03-25T11:00:00Z,2022-03-25T11:00:00Z,1.10215,1.1035,1.09945,0.0013499999999999623,false,false,,,,,,NO,,,,2022-03-25T13:00:00Z,1.09945,TARGET,1.8814814814814782,0.11851851851852184,0.03703703703711623,2.111111111111184,false,
BOS_REMOVED,CONTROL,EUR/USD,EURUSD_2022-04-01,1h,supply,bearish_IPO_supply,2022-03-25T01:00:00Z,1.1009,1.1035,1.1008,1.1033,1.10215,1.1008,1.10215,1.1035,2022-03-25T15:00:00Z,2022-03-25T15:00:00Z,1.10215,1.1035,1.09945,0.0013499999999999623,false,false,,,,,,NO,,,,2022-03-25T15:00:00Z,1.09945,TARGET,1.8814814814814782,0.11851851851852184,0,2.925925925925932,false,SAME_BAR_ENTRY_AND_EXIT
BOS_REMOVED,CONTROL,EUR/USD,EURUSD_2022-04-01,1h,supply,bearish_IPO_supply,2022-03-28T08:00:00Z,1.0952,1.0998,1.0945,1.0991,1.09715,1.0945,1.09715,1.0998,2022-03-28T13:00:00Z,2022-03-28T13:00:00Z,1.09715,1.0998,1.09185,0.002650000000000041,false,false,,,,,,NO,,,,2022-03-29T06:00:00Z,1.1005,S2_CLOSE_INVALIDATION,-1.3245283018867584,0.0603773584905651,1.4339622641509306,0.9245283018868019,false,
BOS_REMOVED,CONTROL,EUR/USD,EURUSD_2022-04-01,1h,demand,bullish_IPO_demand,2022-03-29T00:00:00Z,1.09925,1.0997,1.097,1.0974,1.0997,1.09835,1.09835,1.097,2022-03-29T08:00:00Z,2022-03-29T08:00:00Z,1.09835,1.097,1.1010499999999999,0.0013499999999999623,false,false,,,,,,NO,,,,2022-03-29T09:00:00Z,1.1010499999999999,TARGET,1.8814814814814782,0.11851851851852184,0.6296296296296601,4.629629629629824,false,
BOS_REMOVED,CONTROL,EUR/USD,EURUSD_2022-04-01,1h,demand,bullish_IPO_demand,2022-03-30T04:00:00Z,1.1115,1.1121,1.1109,1.1111,1.1121,1.1115,1.1115,1.1109,2022-03-30T12:00:00Z,2022-03-30T12:00:00Z,1.1115,1.1109,1.1126999999999998,0.0005999999999999339,false,false,,,,,,NO,,,,2022-03-30T12:00:00Z,1.1126999999999998,TARGET,1.7333333333333039,0.2666666666666961,0.4166666666664816,4.250000000000555,false,SAME_BAR_ENTRY_AND_EXIT
BOS_RETAINED,CONTROL,EUR/USD,EURUSD_2022-04-01,1h,demand,bullish_IPO_demand,2022-03-30T17:00:00Z,1.1157,1.1157,1.1149,1.1149,1.1157,1.1153,1.1153,1.1149,2022-03-31T06:00:00Z,2022-03-31T06:00:00Z,1.1153,1.1149,1.1160999999999999,0.00039999999999995595,false,true,2022-03-31T01:00:00Z,1.1176,bullish,8,5,NO,,,,2022-03-31T06:00:00Z,1.1160999999999999,TARGET,1.599999999999956,0.4000000000000441,0.25,5.000000000000555,false,SAME_BAR_ENTRY_AND_EXIT
BOS_RETAINED,CONTROL,EUR/USD,EURUSD_2022-04-01,1h,demand,bullish_IPO_demand,2022-03-30T04:00:00Z,1.1115,1.1121,1.1109,1.1111,1.1121,1.1115,1.1115,1.1109,2022-03-31T08:00:00Z,2022-03-31T08:00:00Z,1.1115,1.1109,1.1126999999999998,0.0005999999999999339,false,true,2022-03-31T01:00:00Z,1.1176,bullish,21,7,NO,,,,2022-03-31T08:00:00Z,1.1126999999999998,TARGET,1.7333333333333039,0.2666666666666961,0.3333333333333333,6.00000000000074,false,SAME_BAR_ENTRY_AND_EXIT
BOS_RETAINED,CONTROL,EUR/USD,EURUSD_2022-04-01,1h,demand,bullish_IPO_demand,2022-03-29T17:00:00Z,1.108,1.1083,1.1072,1.1078,1.1083,1.10775,1.10775,1.1072,2022-03-31T13:00:00Z,2022-03-31T13:00:00Z,1.10775,1.1072,1.1088500000000001,0.0005500000000000504,false,true,2022-03-31T01:00:00Z,1.1176,bullish,32,12,NO,,,,2022-03-31T13:00:00Z,1.1088500000000001,TARGET,1.7090909090909356,0.29090909090906425,1.6363636363637097,5.454545454544757,false,SAME_BAR_ENTRY_AND_EXIT
BOS_RETAINED,CONTROL,EUR/USD,EURUSD_2022-04-01,1h,demand,bullish_IPO_demand,2022-03-29T23:00:00Z,1.1093,1.1095,1.109,1.1092,1.1095,1.1092499999999998,1.1092499999999998,1.109,2022-03-31T14:00:00Z,2022-03-31T14:00:00Z,1.1092499999999998,1.109,1.1097499999999996,0.00024999999999986144,false,true,2022-03-31T01:00:00Z,1.1176,bullish,26,13,NO,,,,2022-03-31T14:00:00Z,1.1097499999999996,TARGET,1.3599999999996453,0.6400000000003547,8.600000000004263,16.200000000009414,false,SAME_BAR_ENTRY_AND_EXIT
BOS_RETAINED,CONTROL,EUR/USD,EURUSD_2022-04-01,1h,demand,bullish_IPO_demand,2022-03-29T17:00:00Z,1.108,1.1083,1.1072,1.1078,1.1083,1.10775,1.10775,1.1072,2022-03-31T16:00:00Z,2022-03-31T16:00:00Z,1.10775,1.1072,1.1088500000000001,0.0005500000000000504,false,true,2022-03-31T01:00:00Z,1.1176,bullish,32,15,NO,,,,2022-03-31T16:00:00Z,1.1088500000000001,TARGET,1.7090909090909356,0.29090909090906425,0.27272727272741953,2.9090909090907258,false,SAME_BAR_ENTRY_AND_EXIT
BOS_RETAINED,CONTROL,EUR/USD,EURUSD_2022-04-01,1h,demand,bullish_IPO_demand,2022-03-29T00:00:00Z,1.09925,1.0997,1.097,1.0974,1.0997,1.09835,1.09835,1.097,2022-04-04T13:00:00Z,2022-04-04T13:00:00Z,1.09835,1.097,1.1010499999999999,0.0013499999999999623,false,true,2022-03-31T01:00:00Z,1.1176,bullish,49,62,NO,,,,2022-04-04T17:00:00Z,1.0964,S2_CLOSE_INVALIDATION,-1.5629629629629298,0.11851851851852184,1.518518518518476,1.4444444444445723,false,
BOS_REMOVED,CONTROL,EUR/USD,EURUSD_2022-04-01,1h,supply,bearish_IPO_supply,2022-04-06T03:00:00Z,1.0896,1.0903,1.0896,1.0901,1.08995,1.0896,1.08995,1.0903,2022-04-06T07:00:00Z,2022-04-06T07:00:00Z,1.08995,1.0903,1.0892499999999998,0.0003500000000000725,false,false,,,,,,NO,,,,2022-04-06T07:00:00Z,1.0892499999999998,TARGET,1.5428571428572375,0.45714285714276254,0.7142857142858049,4.428571428570341,false,SAME_BAR_ENTRY_AND_EXIT
BOS_REMOVED,CONTROL,EUR/USD,EURUSD_2022-04-01,1h,supply,bearish_IPO_supply,2022-04-07T05:00:00Z,1.0914,1.092,1.091,1.0919,1.0915,1.091,1.0915,1.092,2022-04-07T11:00:00Z,2022-04-07T11:00:00Z,1.0915,1.092,1.0904999999999996,0.000500000000000167,false,false,,,,,,NO,,,,2022-04-07T11:00:00Z,1.0904999999999996,TARGET,1.6800000000001067,0.31999999999989315,1.3999999999998223,4.799999999998312,false,SAME_BAR_ENTRY_AND_EXIT
BOS_REMOVED,CONTROL,EUR/USD,EURUSD_2022-04-01,1h,supply,bearish_IPO_supply,2022-04-07T05:00:00Z,1.0914,1.092,1.091,1.0919,1.0915,1.091,1.0915,1.092,2022-04-07T13:00:00Z,2022-04-07T13:00:00Z,1.0915,1.092,1.0904999999999996,0.000500000000000167,false,false,,,,,,NO,,,,2022-04-07T14:00:00Z,1.0904999999999996,TARGET,1.6800000000001067,0.31999999999989315,4.699999999998579,3.39999999999849,false,
BOS_REMOVED,CONTROL,EUR/USD,EURUSD_2022-04-01,1h,supply,bearish_IPO_supply,2022-04-07T05:00:00Z,1.0914,1.092,1.091,1.0919,1.0915,1.091,1.0915,1.092,2022-04-07T15:00:00Z,2022-04-07T15:00:00Z,1.0915,1.092,1.0904999999999996,0.000500000000000167,false,false,,,,,,NO,,,,2022-04-07T15:00:00Z,1.0904999999999996,TARGET,1.6800000000001067,0.31999999999989315,0.10000000000017764,3.7999999999987564,false,SAME_BAR_ENTRY_AND_EXIT
BOS_REMOVED,CONTROL,EUR/USD,EURUSD_2022-04-01,1h,supply,bearish_IPO_supply,2022-04-07T17:00:00Z,1.0877,1.0893,1.0877,1.0883,1.0884999999999998,1.0877,1.0884999999999998,1.0893,2022-04-08T10:00:00Z,2022-04-08T10:00:00Z,1.0884999999999998,1.0893,1.0868999999999995,0.0008000000000001339,false,false,,,,,,NO,,,,2022-04-08T10:00:00Z,1.0868999999999995,TARGET,1.8000000000000336,0.19999999999996654,0.7500000000000694,2.6249999999992712,false,SAME_BAR_ENTRY_AND_EXIT
BOS_REMOVED,CONTROL,EUR/USD,EURUSD_2022-04-01,1h,supply,bearish_IPO_supply,2022-04-07T17:00:00Z,1.0877,1.0893,1.0877,1.0883,1.0884999999999998,1.0877,1.0884999999999998,1.0893,2022-04-08T18:00:00Z,2022-04-08T18:00:00Z,1.0884999999999998,1.0893,1.0868999999999995,0.0008000000000001339,false,false,,,,,,NO,,,,2022-04-10T19:00:00Z,1.09385,S2_CLOSE_INVALIDATION,-6.887499999999082,0.19999999999996654,8.24999999999882,1.8749999999994795,false,
BOS_REMOVED,CONTROL,EUR/USD,EURUSD_2022-04-01,1h,supply,bearish_IPO_supply,2022-04-07T13:00:00Z,1.0914,1.09385,1.0907,1.0914,1.0922749999999999,1.0907,1.0922749999999999,1.09385,2022-04-10T20:00:00Z,2022-04-10T20:00:00Z,1.0922749999999999,1.09385,1.0891249999999997,0.001575000000000104,false,false,,,,,,NO,,,,2022-04-10T22:00:00Z,1.0891249999999997,TARGET,1.8984126984127052,0.10158730158729488,0.20634920634927573,2.3333333333330986,false,
BOS_REMOVED,CONTROL,EUR/USD,EURUSD_2022-04-01,1h,demand,bullish_IPO_demand,2022-04-08T19:00:00Z,1.0885,1.0885,1.0875,1.0878,1.0885,1.088,1.088,1.0875,2022-04-11T04:00:00Z,2022-04-11T04:00:00Z,1.088,1.0875,1.0890000000000004,0.000500000000000167,false,false,,,,,,NO,,,,2022-04-11T05:00:00Z,1.0890000000000004,TARGET,1.6800000000001067,0.31999999999989315,0,2.5999999999988455,false,
BOS_REMOVED,CONTROL,EUR/USD,EURUSD_2022-04-01,1h,supply,bearish_IPO_supply,2022-04-07T13:00:00Z,1.0914,1.09385,1.0907,1.0914,1.0922749999999999,1.0907,1.0922749999999999,1.09385,2022-04-11T09:00:00Z,2022-04-11T09:00:00Z,1.0922749999999999,1.09385,1.0891249999999997,0.001575000000000104,false,false,,,,,,NO,,,,2022-04-11T13:00:00Z,1.0891249999999997,TARGET,1.8984126984127052,0.10158730158729488,0.6825396825397385,2.714285714285412,false,
BOS_REMOVED,CONTROL,EUR/USD,EURUSD_2022-04-01,1h,demand,bullish_IPO_demand,2022-04-08T19:00:00Z,1.0885,1.0885,1.0875,1.0878,1.0885,1.088,1.088,1.0875,2022-04-11T17:00:00Z,2022-04-11T17:00:00Z,1.088,1.0875,1.0890000000000004,0.000500000000000167,false,false,,,,,,NO,,,,2022-04-11T18:00:00Z,1.0890000000000004,TARGET,1.6800000000001067,0.31999999999989315,0.6000000000001776,2.9999999999986677,false,
BOS_REMOVED,CONTROL,EUR/USD,EURUSD_2022-04-01,1h,demand,bullish_IPO_demand,2022-04-08T19:00:00Z,1.0885,1.0885,1.0875,1.0878,1.0885,1.088,1.088,1.0875,2022-04-11T23:00:00Z,2022-04-11T23:00:00Z,1.088,1.0875,1.0890000000000004,0.000500000000000167,false,false,,,,,,NO,,,,2022-04-12T01:00:00Z,1.0872,S2_CLOSE_INVALIDATION,-1.919999999999627,0.31999999999989315,2.6999999999994673,1.3999999999993782,false,
BOS_REMOVED,CONTROL,EUR/USD,EURUSD_2022-04-01,1h,demand,bullish_IPO_demand,2022-04-08T17:00:00Z,1.0874,1.0875,1.08655,1.0872,1.0875,1.087025,1.087025,1.08655,2022-04-12T02:00:00Z,2022-04-12T02:00:00Z,1.087025,1.08655,1.087975,0.0004750000000000032,false,false,,,,,,NO,,,,2022-04-12T04:00:00Z,1.087975,TARGET,1.6631578947368444,0.33684210526315567,0.6842105263155926,2.6842105263160603,false,
BOS_REMOVED,CONTROL,EUR/USD,EURUSD_2022-04-01,1h,supply,bearish_IPO_supply,2022-04-11T14:00:00Z,1.0881,1.08985,1.0879,1.0897,1.088875,1.0879,1.088875,1.08985,2022-04-12T12:00:00Z,2022-04-12T12:00:00Z,1.088875,1.08985,1.0869250000000001,0.0009749999999999481,false,false,,,,,,NO,,,,2022-04-12T12:00:00Z,1.0869250000000001,TARGET,1.8358974358974272,0.16410256410257285,1.4615384615385492,3.769230769231067,false,SAME_BAR_ENTRY_AND_EXIT
BOS_REMOVED,CONTROL,EUR/USD,EURUSD_2022-04-01,1h,supply,bearish_IPO_supply,2022-04-11T14:00:00Z,1.0881,1.08985,1.0879,1.0897,1.088875,1.0879,1.088875,1.08985,2022-04-12T14:00:00Z,2022-04-12T14:00:00Z,1.088875,1.08985,1.0869250000000001,0.0009749999999999481,false,false,,,,,,NO,,,,2022-04-12T15:00:00Z,1.0869250000000001,TARGET,1.8358974358974272,0.16410256410257285,0.025641025640967246,3.8717948717951636,false,
BOS_RETAINED,CONTROL,EUR/USD,EURUSD_2022-04-01,1h,supply,bearish_IPO_supply,2022-04-11T14:00:00Z,1.0881,1.08985,1.0879,1.0897,1.088875,1.0879,1.088875,1.08985,2022-04-13T16:00:00Z,2022-04-13T16:00:00Z,1.088875,1.08985,1.0869250000000001,0.0009749999999999481,false,true,2022-04-13T00:00:00Z,1.0816,bearish,34,16,NO,,,,2022-04-14T01:00:00Z,1.0906,S2_CLOSE_INVALIDATION,-1.9333333333334122,0.16410256410257285,2.0769230769231295,1.7179487179489048,false,
BOS_REMOVED,CONTROL,EUR/USD,EURUSD_2022-04-01,1h,supply,bearish_IPO_supply,2022-04-17T22:00:00Z,1.0808,1.08215,1.0804,1.08215,1.081275,1.0804,1.081275,1.08215,2022-04-18T11:00:00Z,2022-04-18T11:00:00Z,1.081275,1.08215,1.079525,0.0008749999999999591,false,false,,,,,,NO,,,,2022-04-18T14:00:00Z,1.079525,TARGET,1.8171428571428485,0.1828571428571514,0.2571428571427774,2.428571428571465,false,
BOS_REMOVED,CONTROL,EUR/USD,EURUSD_2022-04-01,1h,supply,bearish_IPO_supply,2022-04-18T19:00:00Z,1.0784,1.0785,1.0778,1.0784,1.07815,1.0778,1.07815,1.0785,2022-04-19T04:00:00Z,2022-04-19T04:00:00Z,1.07815,1.0785,1.0774499999999998,0.0003500000000000725,false,false,,,,,,NO,,,,2022-04-19T04:00:00Z,1.0774499999999998,TARGET,1.5428571428572375,0.45714285714276254,0.14285714285741474,3.857142857141951,false,SAME_BAR_ENTRY_AND_EXIT
BOS_RETAINED,CONTROL,EUR/USD,EURUSD_2022-04-01,1h,supply,bearish_IPO_supply,2022-04-18T19:00:00Z,1.0784,1.0785,1.0778,1.0784,1.07815,1.0778,1.07815,1.0785,2022-04-19T06:00:00Z,2022-04-19T06:00:00Z,1.07815,1.0785,1.0774499999999998,0.0003500000000000725,false,true,2022-04-19T02:00:00Z,1.0769,bearish,7,4,NO,,,,2022-04-19T06:00:00Z,1.0774499999999998,TARGET,1.5428571428572375,0.45714285714276254,1.8571428571425852,3.9999999999987312,false,SAME_BAR_ENTRY_AND_EXIT
BOS_RETAINED,CONTROL,EUR/USD,EURUSD_2022-04-01,1h,supply,bearish_IPO_supply,2022-04-17T22:00:00Z,1.0808,1.08215,1.0804,1.08215,1.081275,1.0804,1.081275,1.08215,2022-04-19T08:00:00Z,2022-04-19T08:00:00Z,1.081275,1.08215,1.079525,0.0008749999999999591,false,true,2022-04-19T02:00:00Z,1.0769,bearish,28,6,NO,,,,2022-04-19T08:00:00Z,1.079525,TARGET,1.8171428571428485,0.1828571428571514,0.028571428571363317,2.200000000000051,false,SAME_BAR_ENTRY_AND_EXIT
BOS_RETAINED,CONTROL,EUR/USD,EURUSD_2022-04-01,1h,supply,bearish_IPO_supply,2022-04-18T11:00:00Z,1.0801,1.0814,1.08005,1.081,1.080725,1.08005,1.080725,1.0814,2022-04-19T09:00:00Z,2022-04-19T09:00:00Z,1.080725,1.0814,1.079375,0.0006749999999999812,false,true,2022-04-19T02:00:00Z,1.0769,bearish,15,7,NO,,,,2022-04-19T10:00:00Z,1.079375,TARGET,1.7629629629629564,0.23703703703704368,0.4074074074074561,3.3703703703705044,false,
BOS_RETAINED,CONTROL,EUR/USD,EURUSD_2022-04-01,1h,supply,bearish_IPO_supply,2022-04-17T22:00:00Z,1.0808,1.08215,1.0804,1.08215,1.081275,1.0804,1.081275,1.08215,2022-04-20T06:00:00Z,2022-04-20T06:00:00Z,1.081275,1.08215,1.079525,0.0008749999999999591,false,true,2022-04-19T02:00:00Z,1.0769,bearish,28,28,NO,,,,2022-04-20T08:00:00Z,1.084,S2_CLOSE_INVALIDATION,-3.297142857143112,0.1828571428571514,3.228571428571668,0.7714285714285859,false,
BOS_REMOVED,CONTROL,EUR/USD,EURUSD_2022-04-01,1h,demand,bullish_IPO_demand,2022-04-20T11:00:00Z,1.0859,1.0859,1.0825,1.0828,1.0859,1.0842,1.0842,1.0825,2022-04-20T17:00:00Z,2022-04-20T17:00:00Z,1.0842,1.0825,1.0876000000000001,0.0017000000000000348,false,false,,,,,,NO,,,,2022-04-21T06:00:00Z,1.0876000000000001,TARGET,1.9058823529411784,0.09411764705882161,1.058823529411757,3.5882352941175704,false,
BOS_RETAINED,CONTROL,EUR/USD,EURUSD_2022-04-01,1h,supply,bearish_IPO_supply,2022-04-07T13:00:00Z,1.0914,1.09385,1.0907,1.0914,1.0922749999999999,1.0907,1.0922749999999999,1.09385,2022-04-21T07:00:00Z,2022-04-21T07:00:00Z,1.0922749999999999,1.09385,1.0891249999999997,0.001575000000000104,false,true,2022-04-19T02:00:00Z,1.0769,bearish,185,53,NO,,,,2022-04-21T07:00:00Z,1.0891249999999997,TARGET,1.8984126984127052,0.10158730158729488,0.8412698412697988,2.1428571428569416,false,SAME_BAR_ENTRY_AND_EXIT
BOS_RETAINED,CONTROL,EUR/USD,EURUSD_2022-04-01,1h,supply,bearish_IPO_supply,2022-04-07T13:00:00Z,1.0914,1.09385,1.0907,1.0914,1.0922749999999999,1.0907,1.0922749999999999,1.09385,2022-04-21T09:00:00Z,2022-04-21T09:00:00Z,1.0922749999999999,1.09385,1.0891249999999997,0.001575000000000104,false,true,2022-04-19T02:00:00Z,1.0769,bearish,185,55,NO,,,,2022-04-21T11:00:00Z,1.0891249999999997,TARGET,1.8984126984127052,0.10158730158729488,0.14285714285722342,3.06349206349177,false,
BOS_RETAINED,CONTROL,EUR/USD,EURUSD_2022-04-01,1h,demand,bullish_IPO_demand,2022-04-20T11:00:00Z,1.0859,1.0859,1.0825,1.0828,1.0859,1.0842,1.0842,1.0825,2022-04-21T14:00:00Z,2022-04-21T14:00:00Z,1.0842,1.0825,1.0876000000000001,0.0017000000000000348,false,true,2022-04-21T07:00:00Z,1.0927,bullish,20,7,NO,,,,2022-04-22T07:00:00Z,1.0806,S2_CLOSE_INVALIDATION,-2.2117647058823353,0.09411764705882161,2.294117647058785,1.9999999999998694,false,
BOS_REMOVED,CONTROL,EUR/USD,EURUSD_2022-04-01,1h,supply,bearish_IPO_supply,2022-04-28T14:00:00Z,1.0508,1.052,1.0482,1.0515,1.0501,1.0482,1.0501,1.052,2022-04-28T22:00:00Z,2022-04-28T22:00:00Z,1.0501,1.052,1.0463,0.0019000000000000128,false,false,,,,,,NO,,,,2022-04-29T05:00:00Z,1.05375,S2_CLOSE_INVALIDATION,-2.005263157894687,0.08421052631578892,2.131578947368347,0.4736842105263773,false,
BOS_REMOVED,CONTROL,EUR/USD,EURUSD_2022-04-01,1h,supply,bearish_IPO_supply,2022-04-28T07:00:00Z,1.0522,1.0564,1.0515,1.0555,1.05395,1.0515,1.05395,1.0564,2022-04-29T06:00:00Z,2022-04-29T06:00:00Z,1.05395,1.0564,1.0490499999999998,0.0024500000000000632,false,false,,,,,,NO,,,,2022-04-29T08:00:00Z,1.05695,S2_CLOSE_INVALIDATION,-1.2897959183673602,0.0653061224489779,2.142857142857078,0.30612244897959556,false,
BOS_REMOVED,CONTROL,EUR/USD,EURUSD_2022-04-01,1h,supply,bearish_IPO_supply,2022-04-29T09:00:00Z,1.0569,1.058,1.0566,1.0578,1.0573000000000001,1.0566,1.0573000000000001,1.058,2022-04-29T17:00:00Z,2022-04-29T17:00:00Z,1.0573000000000001,1.058,1.0559000000000003,0.0006999999999999229,false,false,,,,,,NO,,,,2022-04-29T17:00:00Z,1.0559000000000003,TARGET,1.7714285714285463,0.22857142857145377,0.8571428571428571,3.5000000000004756,false,SAME_BAR_ENTRY_AND_EXIT
BOS_REMOVED,CONTROL,EUR/USD,EURUSD_2022-04-01,1h,supply,bearish_IPO_supply,2022-05-02T10:00:00Z,1.0527,1.0529,1.052,1.0527,1.0524499999999999,1.052,1.0524499999999999,1.0529,2022-05-03T00:00:00Z,2022-05-03T00:00:00Z,1.0524499999999999,1.0529,1.0515499999999998,0.00045000000000006146,false,false,,,,,,NO,,,,2022-05-03T00:00:00Z,1.0515499999999998,TARGET,1.644444444444493,0.355555555555507,0.3333333333334978,3.5555555555546783,false,SAME_BAR_ENTRY_AND_EXIT
BOS_REMOVED,CONTROL,EUR/USD,EURUSD_2022-04-01,1h,supply,bearish_IPO_supply,2022-05-02T13:00:00Z,1.0511,1.0528,1.05035,1.0525,1.051575,1.05035,1.051575,1.0528,2022-05-03T01:00:00Z,2022-05-03T01:00:00Z,1.051575,1.0528,1.0491249999999999,0.0012250000000000316,false,false,,,,,,NO,,,,2022-05-03T11:00:00Z,1.0539,S2_CLOSE_INVALIDATION,-2.0285714285714844,0.1306122448979558,2.1428571428571686,1.7755102040814366,false,
BOS_REMOVED,CONTROL,EUR/USD,EURUSD_2022-04-01,1h,supply,bearish_IPO_supply,2022-04-29T09:00:00Z,1.0569,1.058,1.0566,1.0578,1.0573000000000001,1.0566,1.0573000000000001,1.058,2022-05-03T12:00:00Z,2022-05-03T12:00:00Z,1.0573000000000001,1.058,1.0559000000000003,0.0006999999999999229,false,false,,,,,,NO,,,,2022-05-03T12:00:00Z,1.0559000000000003,TARGET,1.7714285714285463,0.22857142857145377,0.6428571428569843,4.928571428572222,false,SAME_BAR_ENTRY_AND_EXIT
BOS_REMOVED,CONTROL,EUR/USD,EURUSD_2022-04-01,1h,supply,bearish_IPO_supply,2022-04-29T17:00:00Z,1.0549,1.0579,1.05485,1.0573,1.056375,1.05485,1.056375,1.0579,2022-05-03T14:00:00Z,2022-05-03T14:00:00Z,1.056375,1.0579,1.053325,0.0015249999999999986,false,false,,,,,,NO,,,,2022-05-03T15:00:00Z,1.053325,TARGET,1.8950819672131147,0.10491803278688536,0.01639344262291263,2.1147540983606796,false,
BOS_RETAINED,CONTROL,EUR/USD,EURUSD_2022-04-01,1h,supply,bearish_IPO_supply,2022-04-27T07:00:00Z,1.0621,1.0629,1.05885,1.0624,1.060875,1.05885,1.060875,1.0629,2022-05-04T18:00:00Z,2022-05-04T18:00:00Z,1.060875,1.0629,1.0568250000000001,0.0020249999999999435,false,true,2022-04-28T05:00:00Z,1.0514,bearish,22,109,NO,,,,2022-05-04T18:00:00Z,1.0568250000000001,TARGET,1.9209876543209854,0.07901234567901455,0.9012345679012427,4.728395061728582,false,SAME_BAR_ENTRY_AND_EXIT
BOS_RETAINED,CONTROL,EUR/USD,EURUSD_2022-04-01,1h,supply,bearish_IPO_supply,2022-04-27T07:00:00Z,1.0621,1.0629,1.05885,1.0624,1.060875,1.05885,1.060875,1.0629,2022-05-04T20:00:00Z,2022-05-04T20:00:00Z,1.060875,1.0629,1.0568250000000001,0.0020249999999999435,false,true,2022-04-28T05:00:00Z,1.0514,bearish,22,111,NO,,,,2022-05-05T11:00:00Z,1.0568250000000001,TARGET,1.9209876543209854,0.07901234567901455,1.6419753086420321,3.098765432098867,false,
BOS_RETAINED,CONTROL,EUR/USD,EURUSD_2022-04-01,1h,demand,bullish_IPO_demand,2022-05-04T13:00:00Z,1.0552,1.0556,1.0532,1.0533,1.0556,1.0544,1.0544,1.0532,2022-05-05T13:00:00Z,2022-05-05T13:00:00Z,1.0544,1.0532,1.0568000000000002,0.0012000000000000899,false,true,2022-05-04T20:00:00Z,1.0622,bullish,7,17,NO,,,,2022-05-05T15:00:00Z,1.0507,S2_CLOSE_INVALIDATION,-3.2166666666664563,0.13333333333332337,3.374999999999838,1.7916666666666128,false,
BOS_RETAINED,CONTROL,EUR/USD,EURUSD_2022-04-01,1h,demand,bullish_IPO_demand,2022-05-02T18:00:00Z,1.0494,1.05,1.0491,1.0492,1.05,1.04955,1.04955,1.0491,2022-05-05T16:00:00Z,2022-05-05T16:00:00Z,1.04955,1.0491,1.05045,0.00045000000000006146,false,true,2022-05-04T20:00:00Z,1.0622,bullish,50,20,NO,,,,2022-05-05T16:00:00Z,1.05045,TARGET,1.644444444444493,0.355555555555507,0.5555555555556652,4.333333333333004,false,SAME_BAR_ENTRY_AND_EXIT
BOS_RETAINED,CONTROL,EUR/USD,EURUSD_2022-04-01,1h,demand,bullish_IPO_demand,2022-05-03T06:00:00Z,1.0506,1.05125,1.0497,1.0498,1.05125,1.050475,1.050475,1.0497,2022-05-05T17:00:00Z,2022-05-05T17:00:00Z,1.050475,1.0497,1.052025,0.0007749999999999702,false,true,2022-05-04T20:00:00Z,1.0622,bullish,38,21,NO,,,,2022-05-05T17:00:00Z,1.052025,TARGET,1.7935483870967661,0.20645161290323377,0.1612903225808485,3.0645161290323966,false,SAME_BAR_ENTRY_AND_EXIT
BOS_REMOVED,CONTROL,EUR/USD,EURUSD_2022-04-01,1h,supply,bearish_IPO_supply,2022-05-05T19:00:00Z,1.0518,1.0551,1.0518,1.055,1.05345,1.0518,1.05345,1.0551,2022-05-06T07:00:00Z,2022-05-06T07:00:00Z,1.05345,1.0551,1.0501500000000001,0.0016499999999999293,false,false,,,,,,NO,,,,2022-05-06T07:00:00Z,1.0501500000000001,TARGET,1.9030303030302989,0.09696969696970113,0.5757575757576043,2.8787878787880214,false,SAME_BAR_ENTRY_AND_EXIT
BOS_REMOVED,CONTROL,EUR/USD,EURUSD_2022-04-01,1h,supply,bearish_IPO_supply,2022-05-09T01:00:00Z,1.0519,1.0527,1.0514,1.0524,1.05205,1.0514,1.05205,1.0527,2022-05-09T08:00:00Z,2022-05-09T08:00:00Z,1.05205,1.0527,1.0507499999999999,0.0006500000000000394,false,false,,,,,,NO,,,,2022-05-09T08:00:00Z,1.0507499999999999,TARGET,1.7538461538461687,0.24615384615383124,0,2.9230769230767653,false,SAME_BAR_ENTRY_AND_EXIT
BOS_REMOVED,CONTROL,EUR/USD,EURUSD_2022-04-01,1h,supply,bearish_IPO_supply,2022-05-06T19:00:00Z,1.0547,1.0556,1.0537,1.0548,1.05465,1.0537,1.05465,1.0556,2022-05-09T10:00:00Z,2022-05-09T10:00:00Z,1.05465,1.0556,1.05275,0.0009500000000000064,false,false,,,,,,NO,,,,2022-05-09T10:00:00Z,1.05275,TARGET,1.831578947368422,0.16842105263157783,0.368421052631419,2.157894736842204,false,SAME_BAR_ENTRY_AND_EXIT
BOS_REMOVED,CONTROL,EUR/USD,EURUSD_2022-04-01,1h,supply,bearish_IPO_supply,2022-05-06T14:00:00Z,1.0574,1.0587,1.0557,1.05815,1.0572,1.0557,1.0572,1.0587,2022-05-09T17:00:00Z,2022-05-09T17:00:00Z,1.0572,1.0587,1.0541999999999998,0.0015000000000000568,false,false,,,,,,NO,,,,2022-05-10T09:00:00Z,1.0541999999999998,TARGET,1.8933333333333373,0.10666666666666264,0.9000000000000888,2.333333333333136,false,
BOS_REMOVED,CONTROL,EUR/USD,EURUSD_2022-04-01,1h,supply,bearish_IPO_supply,2022-05-06T14:00:00Z,1.0574,1.0587,1.0557,1.05815,1.0572,1.0557,1.0572,1.0587,2022-05-11T09:00:00Z,2022-05-11T09:00:00Z,1.0572,1.0587,1.0541999999999998,0.0015000000000000568,false,false,,,,,,NO,,,,2022-05-11T12:00:00Z,1.0541999999999998,TARGET,1.8933333333333373,0.10666666666666264,0.26666666666677524,4.599999999999763,false,
BOS_REMOVED,CONTROL,EUR/USD,EURUSD_2022-04-01,1h,demand,bullish_IPO_demand,2022-05-09T14:00:00Z,1.0532,1.0534,1.0517,1.0527,1.0534,1.05255,1.05255,1.0517,2022-05-11T17:00:00Z,2022-05-11T17:00:00Z,1.05255,1.0517,1.0542500000000001,0.0008500000000000174,false,false,,,,,,NO,,,,2022-05-11T19:00:00Z,1.0516,S2_CLOSE_INVALIDATION,-1.3058823529411574,0.18823529411764323,1.3529411764708035,1.235294117647028,false,
BOS_RETAINED,CONTROL,EUR/USD,EURUSD_2022-04-01,1h,supply,bearish_IPO_supply,2022-05-13T07:00:00Z,1.0393,1.04195,1.039,1.0416,1.0404749999999998,1.039,1.0404749999999998,1.04195,2022-05-13T17:00:00Z,2022-05-13T17:00:00Z,1.0404749999999998,1.04195,1.0375249999999996,0.001475000000000115,false,true,2022-05-13T13:00:00Z,1.0364,bearish,6,4,NO,,,,2022-05-16T08:00:00Z,1.0432,S2_CLOSE_INVALIDATION,-1.955932203389738,0.10847457627117799,2.016949152542332,1.0338983050845136,false,
BOS_RETAINED,CONTROL,EUR/USD,EURUSD_2022-04-01,1h,supply,bearish_IPO_supply,2022-05-11T13:00:00Z,1.052,1.0577,1.0519,1.056,1.0548000000000002,1.0519,1.0548000000000002,1.0577,2022-05-17T12:00:00Z,2022-05-17T12:00:00Z,1.0548000000000002,1.0577,1.0490000000000004,0.0028999999999999027,false,true,2022-05-13T13:00:00Z,1.0364,bearish,48,47,NO,,,,2022-05-18T15:00:00Z,1.0490000000000004,TARGET,1.9448275862068947,0.05517241379310531,0.5517241379309923,2.03448275862084,false,
BOS_RETAINED,CONTROL,EUR/USD,EURUSD_2022-04-01,1h,demand,bullish_IPO_demand,2022-05-17T09:00:00Z,1.049,1.0491,1.0469,1.0475,1.0491,1.048,1.048,1.0469,2022-05-18T17:00:00Z,2022-05-18T17:00:00Z,1.048,1.0469,1.0502000000000002,0.001100000000000101,false,true,2022-05-18T00:00:00Z,1.05565,bullish,15,17,NO,,,,2022-05-18T19:00:00Z,1.0465,S2_CLOSE_INVALIDATION,-1.5090909090908224,0.14545454545453212,1.4090909090907255,0.818181818181653,false,
BOS_REMOVED,CONTROL,EUR/USD,EURUSD_2022-04-01,1h,supply,bearish_IPO_supply,2022-05-19T03:00:00Z,1.0497,1.0507,1.0496,1.05005,1.05015,1.0496,1.05015,1.0507,2022-05-19T08:00:00Z,2022-05-19T08:00:00Z,1.05015,1.0507,1.0490499999999998,0.0005500000000000504,false,false,,,,,,NO,,,,2022-05-19T08:00:00Z,1.0490499999999998,TARGET,1.7090909090909356,0.29090909090906425,1.3636363636362903,3.909090909090322,false,SAME_BAR_ENTRY_AND_EXIT
BOS_RETAINED,CONTROL,EUR/USD,EURUSD_2022-04-01,1h,supply,bearish_IPO_supply,2022-05-06T10:00:00Z,1.0571,1.0599,1.0569,1.059,1.0584,1.0569,1.0584,1.0599,2022-05-19T15:00:00Z,2022-05-19T15:00:00Z,1.0584,1.0599,1.0554,0.0015000000000000568,false,true,2022-05-18T20:00:00Z,1.0464,bearish,202,19,NO,,,,2022-05-19T17:00:00Z,1.0605,S2_CLOSE_INVALIDATION,-1.5066666666666035,0.10666666666666264,1.5333333333332544,0.5,false,
BOS_REMOVED,CONTROL,EUR/USD,EURUSD_2022-04-01,1h,demand,bullish_IPO_demand,2022-05-20T02:00:00Z,1.0573,1.0574,1.0556,1.0559,1.0574,1.0565,1.0565,1.0556,2022-05-20T13:00:00Z,2022-05-20T13:00:00Z,1.0565,1.0556,1.0582999999999998,0.0008999999999999009,false,false,,,,,,NO,,,,2022-05-20T16:00:00Z,1.0549,S2_CLOSE_INVALIDATION,-1.955555555555822,0.17777777777779738,2.8333333333337034,0.6666666666666666,false,
BOS_RETAINED,CONTROL,EUR/USD,EURUSD_2022-04-01,1h,supply,bearish_IPO_supply,2022-04-27T07:00:00Z,1.0621,1.0629,1.05885,1.0624,1.060875,1.05885,1.060875,1.0629,2022-05-23T06:00:00Z,2022-05-23T06:00:00Z,1.060875,1.0629,1.0568250000000001,0.0020249999999999435,false,true,2022-05-18T20:00:00Z,1.0464,bearish,373,58,NO,,,,2022-05-23T08:00:00Z,1.0647,S2_CLOSE_INVALIDATION,-1.96790123456794,0.07901234567901455,1.9876543209876827,0.8024691358024854,false,
BOS_RETAINED,CONTROL,EUR/USD,EURUSD_2022-04-01,1h,supply,bearish_IPO_supply,2022-04-26T12:00:00Z,1.0671,1.0684,1.067,1.068,1.0676999999999999,1.067,1.0676999999999999,1.0684,2022-05-23T14:00:00Z,2022-05-23T14:00:00Z,1.0676999999999999,1.0684,1.0662999999999996,0.000700000000000145,false,true,2022-05-18T20:00:00Z,1.0464,bearish,392,66,NO,,,,2022-05-23T14:00:00Z,1.0662999999999996,TARGET,1.7714285714286186,0.22857142857138127,0.14285714285741474,3.1428571428564633,false,SAME_BAR_ENTRY_AND_EXIT
BOS_RETAINED,CONTROL,EUR/USD,EURUSD_2022-04-01,1h,supply,bearish_IPO_supply,2022-04-26T10:00:00Z,1.0686,1.0698,1.0679,1.0691,1.06885,1.0679,1.06885,1.0698,2022-05-23T15:00:00Z,2022-05-23T15:00:00Z,1.06885,1.0698,1.06695,0.0009500000000000064,false,true,2022-05-18T20:00:00Z,1.0464,bearish,394,67,NO,,,,2022-05-23T15:00:00Z,1.06695,TARGET,1.831578947368422,0.16842105263157783,0.2631578947366945,2.473684210526377,false,SAME_BAR_ENTRY_AND_EXIT
BOS_RETAINED,CONTROL,EUR/USD,EURUSD_2022-04-01,1h,supply,bearish_IPO_supply,2022-04-26T12:00:00Z,1.0671,1.0684,1.067,1.068,1.0676999999999999,1.067,1.0676999999999999,1.0684,2022-05-23T16:00:00Z,2022-05-23T16:00:00Z,1.0676999999999999,1.0684,1.0662999999999996,0.000700000000000145,false,true,2022-05-18T20:00:00Z,1.0464,bearish,392,68,NO,,,,2022-05-23T18:00:00Z,1.0694,S2_CLOSE_INVALIDATION,-2.6571428571423565,0.22857142857138127,2.8571428571425854,1.571428571428073,false,
BOS_RETAINED,CONTROL,EUR/USD,EURUSD_2022-04-01,1h,supply,bearish_IPO_supply,2022-04-26T10:00:00Z,1.0686,1.0698,1.0679,1.0691,1.06885,1.0679,1.06885,1.0698,2022-05-23T19:00:00Z,2022-05-23T19:00:00Z,1.06885,1.0698,1.06695,0.0009500000000000064,false,true,2022-05-18T20:00:00Z,1.0464,bearish,394,71,NO,,,,2022-05-24T00:00:00Z,1.06695,TARGET,1.831578947368422,0.16842105263157783,0.5789473684208681,2.210526315789449,false,
BOS_RETAINED,CONTROL,EUR/USD,EURUSD_2022-04-01,1h,supply,bearish_IPO_supply,2022-04-26T10:00:00Z,1.0686,1.0698,1.0679,1.0691,1.06885,1.0679,1.06885,1.0698,2022-05-24T06:00:00Z,2022-05-24T06:00:00Z,1.06885,1.0698,1.06695,0.0009500000000000064,false,true,2022-05-18T20:00:00Z,1.0464,bearish,394,82,NO,,,,2022-05-24T06:00:00Z,1.06695,TARGET,1.831578947368422,0.16842105263157783,0.368421052631419,2.368421052631653,false,SAME_BAR_ENTRY_AND_EXIT
BOS_RETAINED,CONTROL,EUR/USD,EURUSD_2022-04-01,1h,supply,bearish_IPO_supply,2022-04-25T11:00:00Z,1.0724,1.0752,1.072,1.0751,1.0735999999999999,1.072,1.0735999999999999,1.0752,2022-05-24T14:00:00Z,2022-05-24T14:00:00Z,1.0735999999999999,1.0752,1.0703999999999998,0.0016000000000000458,false,true,2022-05-18T20:00:00Z,1.0464,bearish,417,90,NO,,,,2022-05-25T02:00:00Z,1.0703999999999998,TARGET,1.9000000000000028,0.09999999999999715,0.812500000000026,2.0624999999998526,false,
BOS_RETAINED,CONTROL,EUR/USD,EURUSD_2022-04-01,1h,demand,bullish_IPO_demand,2022-05-24T02:00:00Z,1.0668,1.0668,1.0661,1.0665,1.0668,1.0664500000000001,1.0664500000000001,1.0661,2022-05-25T10:00:00Z,2022-05-25T10:00:00Z,1.0664500000000001,1.0661,1.0671500000000003,0.0003500000000000725,false,true,2022-05-24T07:00:00Z,1.0731,bullish,5,27,NO,,,,2022-05-25T10:00:00Z,1.0671500000000003,TARGET,1.5428571428572375,0.45714285714276254,2.4285714285709754,3.7142857142845362,false,SAME_BAR_ENTRY_AND_EXIT
BOS_RETAINED,CONTROL,EUR/USD,EURUSD_2022-04-01,1h,supply,bearish_IPO_supply,2022-04-25T11:00:00Z,1.0724,1.0752,1.072,1.0751,1.0735999999999999,1.072,1.0735999999999999,1.0752,2022-05-27T00:00:00Z,2022-05-27T00:00:00Z,1.0735999999999999,1.0752,1.0703999999999998,0.0016000000000000458,false,true,2022-05-18T20:00:00Z,1.0464,bearish,417,148,NO,,,,2022-05-27T01:00:00Z,1.07625,S2_CLOSE_INVALIDATION,-1.7562499999999754,0.09999999999999715,1.812500000000026,0.31249999999995665,false,
BOS_RETAINED,CONTROL,EUR/USD,EURUSD_2022-04-01,1h,demand,bullish_IPO_demand,2022-05-26T12:00:00Z,1.0707,1.07085,1.06895,1.0698,1.07085,1.0699,1.0699,1.06895,2022-05-27T10:00:00Z,2022-05-27T10:00:00Z,1.0699,1.06895,1.0718,0.0009500000000000064,false,true,2022-05-27T01:00:00Z,1.07625,bullish,13,9,NO,,,,2022-05-27T11:00:00Z,1.0718,TARGET,1.831578947368422,0.16842105263157783,0.15789473684220368,2.0526315789472456,false,
BOS_REMOVED,CONTROL,EUR/USD,EURUSD_2022-04-01,1h,demand,bullish_IPO_demand,2022-05-30T03:00:00Z,1.07455,1.0748,1.0738,1.0745,1.0748,1.0743,1.0743,1.0738,2022-05-30T07:00:00Z,2022-05-30T07:00:00Z,1.0743,1.0738,1.0753,0.0004999999999999449,false,false,,,,,,NO,,,,2022-05-30T07:00:00Z,1.0753,TARGET,1.6799999999999646,0.32000000000003526,0.500000000000222,3.400000000000444,false,SAME_BAR_ENTRY_AND_EXIT
BOS_RETAINED,CONTROL,EUR/USD,EURUSD_2022-04-01,1h,supply,bearish_IPO_supply,2022-04-25T03:00:00Z,1.0781,1.07885,1.078,1.07815,1.0784250000000002,1.078,1.0784250000000002,1.07885,2022-05-30T16:00:00Z,2022-05-30T16:00:00Z,1.0784250000000002,1.07885,1.0775750000000004,0.0004249999999998977,false,true,2022-05-18T20:00:00Z,1.0464,bearish,425,188,NO,,,,2022-05-30T21:00:00Z,1.0775750000000004,TARGET,1.6235294117646153,0.37647058823538476,0.6470588235291045,2.058823529412687,false,
BOS_REMOVED,CONTROL,EUR/USD,EURUSD_2022-04-01,1h,demand,bullish_IPO_demand,2022-05-30T03:00:00Z,1.07455,1.0748,1.0738,1.0745,1.0748,1.0743,1.0743,1.0738,2022-05-31T02:00:00Z,2022-05-31T02:00:00Z,1.0743,1.0738,1.0753,0.0004999999999999449,false,false,,,,,,NO,,,,2022-05-31T02:00:00Z,1.0753,TARGET,1.6799999999999646,0.32000000000003526,0.2,3.000000000000444,false,SAME_BAR_ENTRY_AND_EXIT
BOS_REMOVED,CONTROL,EUR/USD,EURUSD_2022-04-01,1h,demand,bullish_IPO_demand,2022-05-30T00:00:00Z,1.073,1.0735,1.07285,1.0729,1.0735,1.073175,1.073175,1.07285,2022-05-31T06:00:00Z,2022-05-31T06:00:00Z,1.073175,1.07285,1.0738249999999998,0.0003249999999999087,false,false,,,,,,NO,,,,2022-05-31T06:00:00Z,1.0738249999999998,TARGET,1.5076923076921693,0.49230769230783067,1.1538461538465217,6.230769230770807,false,SAME_BAR_ENTRY_AND_EXIT
BOS_RETAINED,CONTROL,EUR/USD,EURUSD_2022-04-01,1h,demand,bullish_IPO_demand,2022-05-25T12:00:00Z,1.066,1.0665,1.0643,1.06505,1.0665,1.0654,1.0654,1.0643,2022-06-01T14:00:00Z,2022-06-01T14:00:00Z,1.0654,1.0643,1.0675999999999997,0.0010999999999998789,false,true,2022-05-27T01:00:00Z,1.07625,bullish,37,85,NO,,,,2022-06-01T14:00:00Z,1.0675999999999997,TARGET,1.8545454545454385,0.1454545454545615,0.18181818181818182,4.6363636363642415,false,SAME_BAR_ENTRY_AND_EXIT
BOS_RETAINED,CONTROL,EUR/USD,EURUSD_2022-04-01,1h,supply,bearish_IPO_supply,2022-05-31T07:00:00Z,1.0735,1.0748,1.0735,1.0737,1.07415,1.0735,1.07415,1.0748,2022-06-02T17:00:00Z,2022-06-02T17:00:00Z,1.07415,1.0748,1.0728499999999999,0.0006500000000000394,false,true,2022-06-01T15:00:00Z,1.0645,bearish,32,26,NO,,,,2022-06-02T23:00:00Z,1.0751,S2_CLOSE_INVALIDATION,-1.707692307692214,0.24615384615383124,1.4615384615383826,0.5384615384612756,false,
BOS_REMOVED,CONTROL,EUR/USD,EURUSD_2022-04-01,1h,demand,bullish_IPO_demand,2022-06-02T18:00:00Z,1.0745,1.0749,1.0739,1.0739,1.0749,1.0744,1.0744,1.0739,2022-06-03T09:00:00Z,2022-06-03T09:00:00Z,1.0744,1.0739,1.0754,0.0004999999999999449,false,false,,,,,,NO,,,,2022-06-03T09:00:00Z,1.0754,TARGET,1.6799999999999646,0.32000000000003526,0.10000000000022205,2.4,false,SAME_BAR_ENTRY_AND_EXIT
BOS_REMOVED,CONTROL,EUR/USD,EURUSD_2022-04-01,1h,demand,bullish_IPO_demand,2022-06-06T06:00:00Z,1.0727,1.0734,1.07185,1.0724,1.0734,1.072625,1.072625,1.07185,2022-06-06T10:00:00Z,2022-06-06T10:00:00Z,1.072625,1.07185,1.0741749999999999,0.0007749999999999702,false,false,,,,,,NO,,,,2022-06-06T10:00:00Z,1.0741749999999999,TARGET,1.7935483870967661,0.20645161290323377,0.22580645161295868,2.612903225806766,false,SAME_BAR_ENTRY_AND_EXIT
BOS_RETAINED,CONTROL,EUR/USD,EURUSD_2022-04-01,1h,demand,bullish_IPO_demand,2022-06-06T01:00:00Z,1.07165,1.0722,1.071,1.0715,1.0722,1.0716,1.0716,1.071,2022-06-06T12:00:00Z,2022-06-06T12:00:00Z,1.0716,1.071,1.0728000000000004,0.000600000000000156,false,true,2022-06-06T08:00:00Z,1.075,bullish,7,4,NO,,,,2022-06-06T12:00:00Z,1.0728000000000004,TARGET,1.7333333333334027,0.2666666666665974,0,2.499999999999075,false,SAME_BAR_ENTRY_AND_EXIT
BOS_RETAINED,CONTROL,EUR/USD,EURUSD_2022-04-01,1h,demand,bullish_IPO_demand,2022-06-06T01:00:00Z,1.07165,1.0722,1.071,1.0715,1.0722,1.0716,1.0716,1.071,2022-06-06T14:00:00Z,2022-06-06T14:00:00Z,1.0716,1.071,1.0728000000000004,0.000600000000000156,false,true,2022-06-06T08:00:00Z,1.075,bullish,7,6,NO,,,,2022-06-06T15:00:00Z,1.0698,S2_CLOSE_INVALIDATION,-3.266666666665857,0.2666666666665974,5.333333333332099,1.3333333333328399,false,
BOS_RETAINED,CONTROL,EUR/USD,EURUSD_2022-04-01,1h,demand,bullish_IPO_demand,2022-06-01T23:00:00Z,1.0653,1.06545,1.065,1.0651,1.06545,1.0652249999999999,1.0652249999999999,1.065,2022-06-07T13:00:00Z,2022-06-07T13:00:00Z,1.0652249999999999,1.065,1.0656749999999997,0.0002249999999999197,false,true,2022-06-06T08:00:00Z,1.075,bullish,57,29,NO,,,,2022-06-07T13:00:00Z,1.0656749999999997,TARGET,1.2888888888886352,0.7111111111113649,0.11111111111089181,20.111111111118788,false,SAME_BAR_ENTRY_AND_EXIT
BOS_REMOVED,CONTROL,EUR/USD,EURUSD_2022-04-01,1h,demand,bullish_IPO_demand,2022-06-09T00:00:00Z,1.0717,1.0718,1.07095,1.0712,1.0718,1.0713750000000002,1.0713750000000002,1.07095,2022-06-09T06:00:00Z,2022-06-09T06:00:00Z,1.0713750000000002,1.07095,1.0722250000000004,0.0004250000000001197,false,false,,,,,,NO,,,,2022-06-09T07:00:00Z,1.0702,S2_CLOSE_INVALIDATION,-3.1411764705876988,0.3764705882351881,2.764705882352511,1.4705882352934108,false,
BOS_RETAINED,CONTROL,EUR/USD,EURUSD_2022-04-01,1h,demand,bullish_IPO_demand,2022-06-08T04:00:00Z,1.06835,1.0685,1.06785,1.0679,1.0685,1.068175,1.068175,1.06785,2022-06-09T13:00:00Z,2022-06-09T13:00:00Z,1.068175,1.06785,1.0688250000000004,0.00032500000000013074,false,true,2022-06-08T13:00:00Z,1.0742,bullish,9,24,NO,,,,2022-06-09T13:00:00Z,1.0688250000000004,TARGET,1.5076923076925057,0.4923076923074943,0.07692307692354992,18.69230769229965,false,SAME_BAR_ENTRY_AND_EXIT
BOS_RETAINED,CONTROL,EUR/USD,EURUSD_2022-04-01,1h,demand,bullish_IPO_demand,2022-06-02T02:00:00Z,1.0655,1.06585,1.0645,1.065,1.06585,1.065175,1.065175,1.0645,2022-06-09T14:00:00Z,2022-06-09T14:00:00Z,1.065175,1.0645,1.066525,0.0006749999999999812,false,true,2022-06-08T13:00:00Z,1.0742,bullish,107,25,NO,,,,2022-06-09T14:00:00Z,1.066525,TARGET,1.7629629629629564,0.23703703703704368,1,5.222222222222368,false,SAME_BAR_ENTRY_AND_EXIT
BOS_RETAINED,CONTROL,EUR/USD,EURUSD_2022-04-01,1h,demand,bullish_IPO_demand,2022-06-02T02:00:00Z,1.0655,1.06585,1.0645,1.065,1.06585,1.065175,1.065175,1.0645,2022-06-09T16:00:00Z,2022-06-09T16:00:00Z,1.065175,1.0645,1.066525,0.0006749999999999812,false,true,2022-06-08T13:00:00Z,1.0742,bullish,107,27,NO,,,,2022-06-09T17:00:00Z,1.0639,S2_CLOSE_INVALIDATION,-2.1259259259258596,0.23703703703704368,4.851851851851864,1.2222222222223684,false,
BOS_RETAINED,CONTROL,EUR/USD,EURUSD_2022-04-01,1h,demand,bullish_IPO_demand,2022-05-23T04:00:00Z,1.05925,1.0595,1.059,1.05905,1.0595,1.05925,1.05925,1.059,2022-06-10T09:00:00Z,2022-06-10T09:00:00Z,1.05925,1.059,1.0597500000000002,0.0002500000000000835,false,true,2022-06-08T13:00:00Z,1.0742,bullish,297,44,NO,,,,2022-06-10T09:00:00Z,1.0597500000000002,TARGET,1.3600000000002137,0.6399999999997863,1,10.199999999996802,false,SAME_BAR_ENTRY_AND_EXIT
BOS_RETAINED,CONTROL,EUR/USD,EURUSD_2022-04-01,1h,demand,bullish_IPO_demand,2022-05-23T07:00:00Z,1.0606,1.061,1.05925,1.0601,1.061,1.060125,1.060125,1.05925,2022-06-10T10:00:00Z,2022-06-10T10:00:00Z,1.060125,1.05925,1.061875,0.0008749999999999591,false,true,2022-06-08T13:00:00Z,1.0742,bullish,294,45,NO,,,,2022-06-10T11:00:00Z,1.0575,S2_CLOSE_INVALIDATION,-3.1828571428571513,0.1828571428571514,3.457142857143082,0.6571428571428789,false,
BOS_RETAINED,CONTROL,EUR/USD,EURUSD_2022-04-01,1h,demand,bullish_IPO_demand,2022-05-19T01:00:00Z,1.0488,1.0491,1.0479,1.0487,1.0491,1.0485,1.0485,1.0479,2022-06-13T01:00:00Z,2022-06-13T01:00:00Z,1.0485,1.0479,1.0496999999999999,0.0005999999999999339,false,true,2022-06-08T13:00:00Z,1.0742,bullish,348,60,NO,,,,2022-06-13T06:00:00Z,1.047,S2_CLOSE_INVALIDATION,-2.766666666667066,0.2666666666666961,2.50000000000037,1.8333333333337034,false,
BOS_RETAINED,CONTROL,EUR/USD,EURUSD_2022-04-01,1h,demand,bullish_IPO_demand,2022-05-18T21:00:00Z,1.04675,1.047,1.04605,1.0463,1.047,1.046525,1.046525,1.04605,2022-06-13T08:00:00Z,2022-06-13T08:00:00Z,1.046525,1.04605,1.047475,0.0004750000000000032,false,true,2022-06-08T13:00:00Z,1.0742,bullish,352,67,NO,,,,2022-06-13T08:00:00Z,1.047475,TARGET,1.6631578947368444,0.33684210526315567,1.947368421052287,4.3684210526316525,false,SAME_BAR_ENTRY_AND_EXIT
BOS_RETAINED,CONTROL,EUR/USD,EURUSD_2022-04-01,1h,demand,bullish_IPO_demand,2022-05-18T21:00:00Z,1.04675,1.047,1.04605,1.0463,1.047,1.046525,1.046525,1.04605,2022-06-13T10:00:00Z,2022-06-13T10:00:00Z,1.046525,1.04605,1.047475,0.0004750000000000032,false,true,2022-06-08T13:00:00Z,1.0742,bullish,352,69,NO,,,,2022-06-13T11:00:00Z,1.0446,S2_CLOSE_INVALIDATION,-4.389473684210401,0.33684210526315567,4.263157894736694,1.421052631578898,false,
BOS_RETAINED,CONTROL,EUR/USD,EURUSD_2022-04-01,1h,demand,bullish_IPO_demand,2022-05-16T19:00:00Z,1.0437,1.0443,1.0431,1.04325,1.0443,1.0436999999999999,1.0436999999999999,1.0431,2022-06-13T13:00:00Z,2022-06-13T13:00:00Z,1.0436999999999999,1.0431,1.0448999999999997,0.0005999999999999339,false,true,2022-06-08T13:00:00Z,1.0742,bullish,402,72,NO,,,,2022-06-13T13:00:00Z,1.0448999999999997,TARGET,1.7333333333333039,0.2666666666666961,0.3333333333329633,5.333333333334074,false,SAME_BAR_ENTRY_AND_EXIT
BOS_RETAINED,CONTROL,EUR/USD,EURUSD_2022-04-01,1h,demand,bullish_IPO_demand,2022-05-16T14:00:00Z,1.0404,1.0422,1.039,1.0403,1.0422,1.0406,1.0406,1.039,2022-06-13T20:00:00Z,2022-06-13T20:00:00Z,1.0406,1.039,1.0438,0.0016000000000000458,false,true,2022-06-08T13:00:00Z,1.0742,bullish,407,79,NO,,,,2022-06-14T05:00:00Z,1.0438,TARGET,1.9000000000000028,0.09999999999999715,0.562499999999922,2.0937499999999174,false,
BOS_RETAINED,CONTROL,EUR/USD,EURUSD_2022-04-01,1h,supply,bearish_IPO_supply,2022-06-13T08:00:00Z,1.0466,1.0486,1.0456,1.0475,1.0471,1.0456,1.0471,1.0486,2022-06-14T07:00:00Z,2022-06-14T07:00:00Z,1.0471,1.0486,1.0440999999999998,0.0015000000000000568,false,true,2022-06-13T20:00:00Z,1.0407,bearish,12,11,NO,,,,2022-06-14T07:00:00Z,1.0440999999999998,TARGET,1.8933333333333373,0.10666666666666264,0.26666666666677524,2.1999999999998225,false,SAME_BAR_ENTRY_AND_EXIT
BOS_RETAINED,CONTROL,EUR/USD,EURUSD_2022-04-01,1h,supply,bearish_IPO_supply,2022-06-13T08:00:00Z,1.0466,1.0486,1.0456,1.0475,1.0471,1.0456,1.0471,1.0486,2022-06-15T05:00:00Z,2022-06-15T05:00:00Z,1.0471,1.0486,1.0440999999999998,0.0015000000000000568,false,true,2022-06-13T20:00:00Z,1.0407,bearish,12,33,NO,,,,2022-06-15T05:00:00Z,1.0440999999999998,TARGET,1.8933333333333373,0.10666666666666264,0.26666666666677524,3.1333333333331654,false,SAME_BAR_ENTRY_AND_EXIT
BOS_RETAINED,CONTROL,EUR/USD,EURUSD_2022-04-01,1h,supply,bearish_IPO_supply,2022-06-13T04:00:00Z,1.0491,1.0491,1.0481,1.0491,1.0486,1.0481,1.0486,1.0491,2022-06-15T06:00:00Z,2022-06-15T06:00:00Z,1.0486,1.0491,1.0476,0.0004999999999999449,false,true,2022-06-13T20:00:00Z,1.0407,bearish,16,34,NO,,,,2022-06-15T06:00:00Z,1.0476,TARGET,1.6799999999999646,0.32000000000003526,1.6000000000004442,6.600000000000888,false,SAME_BAR_ENTRY_AND_EXIT
BOS_RETAINED,CONTROL,EUR/USD,EURUSD_2022-04-01,1h,supply,bearish_IPO_supply,2022-06-13T08:00:00Z,1.0466,1.0486,1.0456,1.0475,1.0471,1.0456,1.0471,1.0486,2022-06-15T07:00:00Z,2022-06-15T07:00:00Z,1.0471,1.0486,1.0440999999999998,0.0015000000000000568,false,true,2022-06-13T20:00:00Z,1.0407,bearish,12,35,NO,,,,2022-06-15T08:00:00Z,1.0493,S2_CLOSE_INVALIDATION,-1.5733333333332602,0.10666666666666264,2.4666666666665975,1.499999999999852,false,
BOS_RETAINED,CONTROL,EUR/USD,EURUSD_2022-04-01,1h,demand,bullish_IPO_demand,2022-05-16T14:00:00Z,1.0404,1.0422,1.039,1.0403,1.0422,1.0406,1.0406,1.039,2022-06-15T12:00:00Z,2022-06-15T12:00:00Z,1.0406,1.039,1.0438,0.0016000000000000458,false,true,2022-06-08T13:00:00Z,1.0742,bullish,407,119,NO,,,,2022-06-15T12:00:00Z,1.0438,TARGET,1.9000000000000028,0.09999999999999715,0.062499999999991326,3.437499999999939,false,SAME_BAR_ENTRY_AND_EXIT
BOS_RETAINED,CONTROL,EUR/USD,EURUSD_2022-04-01,1h,demand,bullish_IPO_demand,2022-05-13T13:00:00Z,1.0378,1.03795,1.035,1.0364,1.03795,1.0364749999999998,1.0364749999999998,1.035,2022-06-15T18:00:00Z,2022-06-15T18:00:00Z,1.0364749999999998,1.035,1.0394249999999996,0.001474999999999893,false,true,2022-06-08T13:00:00Z,1.0742,bullish,432,125,NO,,,,2022-06-15T18:00:00Z,1.0394249999999996,TARGET,1.8915254237288057,0.10847457627119432,0.42372881355926845,6.118644067797246,false,SAME_BAR_ENTRY_AND_EXIT
BOS_REMOVED,CONTROL,EUR/USD,EURUSD_2022-04-01,1h,supply,bearish_IPO_supply,2022-06-15T23:00:00Z,1.0444,1.0459,1.0443,1.0457,1.0451000000000001,1.0443,1.0451000000000001,1.0459,2022-06-16T03:00:00Z,2022-06-16T03:00:00Z,1.0451000000000001,1.0459,1.0435000000000003,0.0007999999999999119,false,false,,,,,,NO,,,,2022-06-16T05:00:00Z,1.0435000000000003,TARGET,1.799999999999978,0.20000000000002205,0.12499999999972244,3.250000000000555,false,
BOS_RETAINED,CONTROL,EUR/USD,EURUSD_2022-04-01,1h,supply,bearish_IPO_supply,2022-06-15T19:00:00Z,1.0422,1.0465,1.0416,1.0454,1.04405,1.0416,1.04405,1.0465,2022-06-16T13:00:00Z,2022-06-16T13:00:00Z,1.04405,1.0465,1.0391499999999998,0.0024500000000000632,false,true,2022-06-16T07:00:00Z,1.0396,bearish,12,6,NO,,,,2022-06-16T14:00:00Z,1.0495,S2_CLOSE_INVALIDATION,-2.2897959183673597,0.0653061224489779,2.387755102040809,0.48979591836728037,false,
BOS_RETAINED,CONTROL,EUR/USD,EURUSD_2022-04-01,1h,supply,bearish_IPO_supply,2022-06-10T14:00:00Z,1.0526,1.0535,1.0506,1.053,1.05205,1.0506,1.05205,1.0535,2022-06-16T15:00:00Z,2022-06-16T15:00:00Z,1.05205,1.0535,1.0491499999999996,0.0014500000000001734,false,true,2022-06-16T07:00:00Z,1.0396,bearish,89,8,NO,,,,2022-06-16T16:00:00Z,1.0559,S2_CLOSE_INVALIDATION,-2.76551724137907,0.11034482758619371,3.620689655171965,1.9655172413790885,false,
BOS_REMOVED,CONTROL,EUR/USD,EURUSD_2022-04-01,1h,demand,bullish_IPO_demand,2022-06-20T23:00:00Z,1.05185,1.0521,1.0514,1.0518,1.0521,1.05175,1.05175,1.0514,2022-06-21T06:00:00Z,2022-06-21T06:00:00Z,1.05175,1.0514,1.05245,0.0003500000000000725,false,false,,,,,,NO,,,,2022-06-21T06:00:00Z,1.05245,TARGET,1.5428571428572375,0.45714285714276254,0.8571428571425852,4.142857142856146,false,SAME_BAR_ENTRY_AND_EXIT
BOS_RETAINED,CONTROL,EUR/USD,EURUSD_2022-04-01,1h,demand,bullish_IPO_demand,2022-06-20T20:00:00Z,1.05115,1.0515,1.0508,1.0508,1.0515,1.05115,1.05115,1.0508,2022-06-22T00:00:00Z,2022-06-22T00:00:00Z,1.05115,1.0508,1.0518500000000002,0.0003500000000000725,false,true,2022-06-21T09:00:00Z,1.0568,bullish,13,15,NO,,,,2022-06-22T00:00:00Z,1.0518500000000002,TARGET,1.5428571428572375,0.45714285714276254,0.14285714285741474,5.571428571427122,false,SAME_BAR_ENTRY_AND_EXIT
BOS_RETAINED,CONTROL,EUR/USD,EURUSD_2022-04-01,1h,demand,bullish_IPO_demand,2022-06-20T18:00:00Z,1.05065,1.0508,1.04985,1.04985,1.0508,1.050325,1.050325,1.04985,2022-06-22T01:00:00Z,2022-06-22T01:00:00Z,1.050325,1.04985,1.051275,0.0004750000000000032,false,true,2022-06-21T09:00:00Z,1.0568,bullish,15,16,NO,,,,2022-06-22T01:00:00Z,1.051275,TARGET,1.6631578947368444,0.33684210526315567,0.2631578947366945,2.578947368421102,false,SAME_BAR_ENTRY_AND_EXIT
BOS_RETAINED,CONTROL,EUR/USD,EURUSD_2022-04-01,1h,demand,bullish_IPO_demand,2022-06-20T20:00:00Z,1.05115,1.0515,1.0508,1.0508,1.0515,1.05115,1.05115,1.0508,2022-06-22T02:00:00Z,2022-06-22T02:00:00Z,1.05115,1.0508,1.0518500000000002,0.0003500000000000725,false,true,2022-06-21T09:00:00Z,1.0568,bullish,13,17,NO,,,,2022-06-22T04:00:00Z,1.0496,S2_CLOSE_INVALIDATION,-4.885714285713103,0.45714285714276254,4.999999999998731,1.1428571428567804,false,
BOS_REMOVED,CONTROL,EUR/USD,EURUSD_2022-04-01,1h,supply,bearish_IPO_supply,2022-06-22T03:00:00Z,1.05095,1.0515,1.0507,1.0511,1.0511,1.0507,1.0511,1.0515,2022-06-22T08:00:00Z,2022-06-22T08:00:00Z,1.0511,1.0515,1.0502999999999996,0.000400000000000178,false,false,,,,,,NO,,,,2022-06-22T08:00:00Z,1.0502999999999996,TARGET,1.600000000000178,0.39999999999982205,0.8749999999997918,4.249999999997641,false,SAME_BAR_ENTRY_AND_EXIT
BOS_REMOVED,CONTROL,EUR/USD,EURUSD_2022-04-01,1h,supply,bearish_IPO_supply,2022-06-23T06:00:00Z,1.057,1.0579,1.0558,1.05775,1.05685,1.0558,1.05685,1.0579,2022-06-24T14:00:00Z,2022-06-24T14:00:00Z,1.05685,1.0579,1.05475,0.0010499999999999954,false,false,,,,,,NO,,,,2022-06-24T14:00:00Z,1.05475,TARGET,1.8476190476190468,0.15238095238095306,0.33333333333319237,3.2380952380953185,false,SAME_BAR_ENTRY_AND_EXIT
BOS_REMOVED,CONTROL,EUR/USD,EURUSD_2022-04-01,1h,supply,bearish_IPO_supply,2022-06-23T06:00:00Z,1.057,1.0579,1.0558,1.05775,1.05685,1.0558,1.05685,1.0579,2022-06-26T23:00:00Z,2022-06-26T23:00:00Z,1.05685,1.0579,1.05475,0.0010499999999999954,false,false,,,,,,NO,,,,2022-06-27T07:00:00Z,1.05885,S2_CLOSE_INVALIDATION,-2.057142857142868,0.15238095238095306,2.047619047618937,1.7619047619048929,false,
BOS_RETAINED,CONTROL,EUR/USD,EURUSD_2022-04-01,1h,demand,bullish_IPO_demand,2022-06-27T11:00:00Z,1.05855,1.0586,1.05645,1.0567,1.0586,1.057525,1.057525,1.05645,2022-06-28T01:00:00Z,2022-06-28T01:00:00Z,1.057525,1.05645,1.0596750000000004,0.0010750000000001592,false,true,2022-06-27T15:00:00Z,1.06,bullish,4,10,NO,,,,2022-06-28T06:00:00Z,1.0596750000000004,TARGET,1.8511627906976964,0.14883720930230357,0.39534883720935515,2.8604651162785895,false,
BOS_REMOVED,CONTROL,EUR/USD,EURUSD_2022-04-01,1h,demand,bullish_IPO_demand,2022-06-28T05:00:00Z,1.05755,1.0578,1.0571,1.0571,1.0578,1.05745,1.05745,1.0571,2022-06-28T08:00:00Z,2022-06-28T08:00:00Z,1.05745,1.0571,1.0581500000000001,0.0003500000000000725,false,false,,,,,,NO,,,,2022-06-28T08:00:00Z,1.0581500000000001,TARGET,1.5428571428572375,0.45714285714276254,0,6.571428571427122,false,SAME_BAR_ENTRY_AND_EXIT
BOS_RETAINED,CONTROL,EUR/USD,EURUSD_2022-04-01,1h,demand,bullish_IPO_demand,2022-06-24T11:00:00Z,1.0537,1.05405,1.0514,1.0516,1.05405,1.052725,1.052725,1.0514,2022-06-28T14:00:00Z,2022-06-28T14:00:00Z,1.052725,1.0514,1.055375,0.0013250000000000206,false,true,2022-06-27T15:00:00Z,1.06,bullish,28,23,NO,,,,2022-06-29T04:00:00Z,1.0505,S2_CLOSE_INVALIDATION,-1.7999999999999128,0.1207547169811302,1.9433962264150595,1.0377358490566828,false,
BOS_REMOVED,CONTROL,EUR/USD,EURUSD_2022-04-01,1h,supply,bearish_IPO_supply,2022-06-29T01:00:00Z,1.0521,1.0533,1.0517,1.0529,1.0525,1.0517,1.0525,1.0533,2022-06-29T09:00:00Z,2022-06-29T09:00:00Z,1.0525,1.0533,1.0509000000000002,0.0007999999999999119,false,false,,,,,,NO,,,,2022-06-29T09:00:00Z,1.0509000000000002,TARGET,1.799999999999978,0.20000000000002205,0.5,2.0000000000002776,false,SAME_BAR_ENTRY_AND_EXIT
BOS_RETAINED,CONTROL,EUR/USD,EURUSD_2022-04-01,1h,supply,bearish_IPO_supply,2022-06-29T01:00:00Z,1.0521,1.0533,1.0517,1.0529,1.0525,1.0517,1.0525,1.0533,2022-06-29T11:00:00Z,2022-06-29T11:00:00Z,1.0525,1.0533,1.0509000000000002,0.0007999999999999119,false,true,2022-06-29T06:00:00Z,1.0489,bearish,5,5,NO,,,,2022-06-29T12:00:00Z,1.0509000000000002,TARGET,1.799999999999978,0.20000000000002205,1.2500000000002776,2.3750000000002776,false,
BOS_RETAINED,CONTROL,EUR/USD,EURUSD_2022-04-01,1h,demand,bullish_IPO_demand,2022-06-16T07:00:00Z,1.0409,1.0417,1.0381,1.0396,1.0417,1.0399,1.0399,1.0381,2022-06-30T12:00:00Z,2022-06-30T12:00:00Z,1.0399,1.0381,1.0435,0.0018000000000000238,false,true,2022-06-27T15:00:00Z,1.06,bullish,176,69,NO,,,,2022-06-30T14:00:00Z,1.0435,TARGET,1.9111111111111123,0.08888888888888773,0.8055555555555178,3.333333333333292,false,
BOS_REMOVED,CONTROL,BTC/USD,BTCUSD_2022-04-01,1h,demand,bullish_IPO_demand,2022-04-25T08:00:00Z,38434.011719,38561.44141,38401.37891,38404.28125,38561.44141,38481.41016,38481.41016,38401.37891,2022-04-26T16:00:00Z,2022-04-26T16:00:00Z,38481.41016,38401.37891,38641.47266,80.03125,false,false,,,,,,NO,,,,2022-04-26T16:00:00Z,38641.47266,TARGET,0.5507009957235454,1.4492990042764546,1.1449141429129177,4.688061226083603,false,SAME_BAR_ENTRY_AND_EXIT
BOS_REMOVED,CONTROL,BTC/USD,BTCUSD_2022-04-01,1h,supply,bearish_IPO_supply,2022-04-27T13:00:00Z,38911.60156,39446.87109,38795.53125,39337.58984,39121.20117,38795.53125,39121.20117,39446.87109,2022-04-27T20:00:00Z,2022-04-27T20:00:00Z,39121.20117,39446.87109,38469.86133,325.6699200000003,false,false,,,,,,NO,,,,2022-04-28T08:00:00Z,39614.60156,S2_CLOSE_INVALIDATION,-1.8750404003538368,0.3600082782591647,1.7680802359640742,0.8662132812265783,false,
BOS_RETAINED,CONTROL,BTC/USD,BTCUSD_2022-04-01,1h,supply,bearish_IPO_supply,2022-04-28T21:00:00Z,39832.12109,39987.98047,39761.53125,39832.64062,39874.755860000005,39761.53125,39874.755860000005,39987.98047,2022-05-04T20:00:00Z,2022-05-04T20:00:00Z,39874.755860000005,39987.98047,39648.30664000001,113.22460999999748,false,true,2022-05-03T19:00:00Z,37736.35156,bearish,118,25,NO,,,,2022-05-04T23:00:00Z,39648.30664000001,TARGET,0.9451635530473221,1.0548364469526779,0.2524537730798669,2.294164316397385,false,
BOS_REMOVED,CONTROL,BTC/USD,BTCUSD_2022-04-01,1h,supply,bearish_IPO_supply,2022-05-06T09:00:00Z,36229.17969,36406.53906,36169.39062,36406.53906,36287.96484,36169.39062,36287.96484,36406.53906,2022-05-06T12:00:00Z,2022-05-06T12:00:00Z,36287.96484,36406.53906,36050.816399999996,118.57422000000224,false,false,,,,,,NO,,,,2022-05-06T12:00:00Z,36050.816399999996,TARGET,1.0922235311352,0.9077764688648001,0.1415582577730567,4.95862287772156,false,SAME_BAR_ENTRY_AND_EXIT
BOS_RETAINED,CONTROL,BTC/USD,BTCUSD_2022-04-01,1h,supply,bearish_IPO_supply,2022-05-10T17:00:00Z,31211.35938,31784.82031,31211.35938,31655.42969,31498.089845000002,31211.35938,31498.089845000002,31784.82031,2022-05-11T02:00:00Z,2022-05-11T02:00:00Z,31498.089845000002,31784.82031,30924.62891500001,286.7304649999969,false,true,2022-05-10T22:00:00Z,30760.0097656,bearish,5,4,NO,,,,2022-05-11T02:00:00Z,30924.62891500001,TARGET,1.6702474651237322,0.3297525348762679,0.07669304690032516,2.9434969039652294,false,SAME_BAR_ENTRY_AND_EXIT
BOS_RETAINED,CONTROL,BTC/USD,BTCUSD_2022-04-01,1h,supply,bearish_IPO_supply,2022-05-10T17:00:00Z,31211.35938,31784.82031,31211.35938,31655.42969,31498.089845000002,31211.35938,31498.089845000002,31784.82031,2022-05-11T06:00:00Z,2022-05-11T06:00:00Z,31498.089845000002,31784.82031,30924.62891500001,286.7304649999969,false,true,2022-05-10T22:00:00Z,30760.0097656,bearish,5,8,NO,,,,2022-05-11T06:00:00Z,30924.62891500001,TARGET,1.6817555916843334,0.3182444083156667,0.004427625086854528,3.771140206535133,false,SAME_BAR_ENTRY_AND_EXIT
BOS_RETAINED,CONTROL,BTC/USD,BTCUSD_2022-04-01,1h,supply,bearish_IPO_supply,2022-05-10T12:00:00Z,31652.90039,32234.099609,31526.59961,32150.019531,31880.3496095,31526.59961,31880.3496095,32234.099609,2022-05-11T11:00:00Z,2022-05-11T11:00:00Z,31880.3496095,32234.099609,31172.8496105,353.74999949999983,false,true,2022-05-11T07:00:00Z,30547.41992,bearish,19,4,NO,,,,2022-05-11T12:00:00Z,31172.8496105,TARGET,1.7328435398061393,0.26715646019386086,0.01758501910612216,7.668324871616011,false,
BOS_RETAINED,CONTROL,BTC/USD,BTCUSD_2022-04-01,1h,supply,bearish_IPO_supply,2022-05-10T12:00:00Z,31652.90039,32234.099609,31526.59961,32150.019531,31880.3496095,31526.59961,31880.3496095,32234.099609,2022-05-11T14:00:00Z,2022-05-11T14:00:00Z,31880.3496095,32234.099609,31172.8496105,353.74999949999983,false,true,2022-05-11T07:00:00Z,30547.41992,bearish,19,7,NO,,,,2022-05-11T14:00:00Z,31172.8496105,TARGET,1.7307792012590517,0.26922079874094823,0.0412433654293213,3.0825971760884774,false,SAME_BAR_ENTRY_AND_EXIT
BOS_REMOVED,CONTROL,BTC/USD,BTCUSD_2022-04-01,1h,supply,bearish_IPO_supply,2022-05-11T18:00:00Z,29876.33984,30206.5293,29767.86914,29898.39062,29987.19922,29767.86914,29987.19922,30206.5293,2022-05-12T00:00:00Z,2022-05-12T00:00:00Z,29987.19922,30206.5293,29548.53906,219.33007999999973,false,false,,,,,,NO,,,,2022-05-12T00:00:00Z,29548.53906,TARGET,1.59127068744971,0.40872931255029005,0.7419432391580875,4.5846816816006335,false,SAME_BAR_ENTRY_AND_EXIT
BOS_REMOVED,CONTROL,BTC/USD,BTCUSD_2022-04-01,1h,supply,bearish_IPO_supply,2022-05-12T00:00:00Z,29174.23047,30149.92969,28981.64062,29882.21094,29565.785154999998,28981.64062,29565.785154999998,30149.92969,2022-05-12T14:00:00Z,2022-05-12T14:00:00Z,29565.785154999998,30149.92969,28397.49608499999,584.1445350000031,false,false,,,,,,NO,,,,2022-05-12T14:00:00Z,28397.49608499999,TARGET,1.8479224837736443,0.15207751622635574,0.07868745189921532,2.654883923548118,false,SAME_BAR_ENTRY_AND_EXIT
BOS_REMOVED,CONTROL,BTC/USD,BTCUSD_2022-04-01,1h,supply,bearish_IPO_supply,2022-05-12T00:00:00Z,29174.23047,30149.92969,28981.64062,29882.21094,29565.785154999998,28981.64062,29565.785154999998,30149.92969,2022-05-12T16:00:00Z,2022-05-12T16:00:00Z,29565.785154999998,30149.92969,28397.49608499999,584.1445350000031,false,false,,,,,,NO,,,,2022-05-12T18:00:00Z,28397.49608499999,TARGET,1.847476137939047,0.15252386206095297,0.5515845063927542,2.333881656532128,false,
BOS_REMOVED,CONTROL,BTC/USD,BTCUSD_2022-04-01,1h,supply,bearish_IPO_supply,2022-05-12T00:00:00Z,29174.23047,30149.92969,28981.64062,29882.21094,29565.785154999998,28981.64062,29565.785154999998,30149.92969,2022-05-13T01:00:00Z,2022-05-13T01:00:00Z,29565.785154999998,30149.92969,28397.49608499999,584.1445350000031,false,false,,,,,,NO,,,,2022-05-13T03:00:00Z,30567.90039,S2_CLOSE_INVALIDATION,-1.8669781489267812,0.15145198210233968,1.9764211694627898,0.4793267388866304,false,
BOS_REMOVED,CONTROL,BTC/USD,BTCUSD_2022-04-01,1h,supply,bearish_IPO_supply,2022-05-14T01:00:00Z,29457.63086,29801.88086,29375.81055,29705.36914,29588.845705,29375.81055,29588.845705,29801.88086,2022-05-14T16:00:00Z,2022-05-14T16:00:00Z,29588.845705,29801.88086,29162.775394999997,213.0351550000014,false,false,,,,,,NO,,,,2022-05-14T16:00:00Z,29162.775394999997,TARGET,1.5865193606191457,0.41348063938085444,0.29461651528829386,4.175486412090036,false,SAME_BAR_ENTRY_AND_EXIT
BOS_RETAINED,CONTROL,BTC/USD,BTCUSD_2022-04-01,1h,supply,bearish_IPO_supply,2022-05-14T01:00:00Z,29457.63086,29801.88086,29375.81055,29705.36914,29588.845705,29375.81055,29588.845705,29801.88086,2022-05-14T18:00:00Z,2022-05-14T18:00:00Z,29588.845705,29801.88086,29162.775394999997,213.0351550000014,false,true,2022-05-14T14:00:00Z,28930.16992,bearish,13,4,NO,,,,2022-05-14T22:00:00Z,30248.68945,S2_CLOSE_INVALIDATION,-3.5131857150525088,0.4158389649351509,3.1185158853241592,1.3598933237098803,false,
BOS_RETAINED,CONTROL,BTC/USD,BTCUSD_2022-04-01,1h,supply,bearish_IPO_supply,2022-05-11T14:00:00Z,31231.51953,31894.93945,30789.88086,31745.61914,31342.410155,30789.88086,31342.410155,31894.93945,2022-05-15T22:00:00Z,2022-05-15T22:00:00Z,31342.410155,31894.93945,30237.351565,552.5292950000003,false,true,2022-05-14T14:00:00Z,28930.16992,bearish,72,32,NO,,,,2022-05-16T03:00:00Z,30237.351565,TARGET,1.831167916879412,0.16883208312058812,0.08781350679333559,2.0269322642883565,false,
BOS_RETAINED,CONTROL,BTC/USD,BTCUSD_2022-04-01,1h,demand,bullish_IPO_demand,2022-05-14T19:00:00Z,29537.57031,29602.41992,29299.14062,29342.19922,29602.41992,29450.78027,29450.78027,29299.14062,2022-05-16T06:00:00Z,2022-05-16T06:00:00Z,29450.78027,29299.14062,29754.05957,151.63965000000098,false,true,2022-05-15T22:00:00Z,31094.89062,bullish,27,8,NO,,,,2022-05-16T06:00:00Z,29754.05957,TARGET,1.4149116167176632,0.5850883832823369,0.36968939192353223,5.3642346840024775,false,SAME_BAR_ENTRY_AND_EXIT
BOS_REMOVED,CONTROL,BTC/USD,BTCUSD_2022-04-01,1h,supply,bearish_IPO_supply,2022-05-16T04:00:00Z,30316.40039,30429.96094,30179.99023,30360.69922,30304.975585,30179.99023,30304.975585,30429.96094,2022-05-17T03:00:00Z,2022-05-17T03:00:00Z,30304.975585,30429.96094,30055.004875,124.98535500000071,false,false,,,,,,NO,,,,2022-05-17T03:00:00Z,30055.004875,TARGET,1.2710055284477169,0.728994471552283,1.529733903624141,2.2336601356214665,false,SAME_BAR_ENTRY_AND_EXIT
BOS_RETAINED,CONTROL,BTC/USD,BTCUSD_2022-04-01,1h,demand,bullish_IPO_demand,2022-05-14T13:00:00Z,29138.39062,29160.99023,28810.21094,28835.0097656,29160.99023,28985.600585,28985.600585,28810.21094,2022-05-18T16:00:00Z,2022-05-18T16:00:00Z,28985.600585,28810.21094,29336.379875,175.3896449999993,false,true,2022-05-15T22:00:00Z,31094.89062,bullish,33,66,NO,,,,2022-05-18T19:00:00Z,29336.379875,TARGET,1.5003092235006215,0.4996907764993786,1.320491782738947,2.8855673606044445,false,
BOS_RETAINED,CONTROL,BTC/USD,BTCUSD_2022-04-01,1h,demand,bullish_IPO_demand,2022-05-14T13:00:00Z,29138.39062,29160.99023,28810.21094,28835.0097656,29160.99023,28985.600585,28985.600585,28810.21094,2022-05-18T22:00:00Z,2022-05-18T22:00:00Z,28985.600585,28810.21094,29336.379875,175.3896449999993,false,true,2022-05-15T22:00:00Z,31094.89062,bullish,33,72,NO,,,,2022-05-18T22:00:00Z,29336.379875,TARGET,1.5041165722754022,0.49588342772459776,0.33583148537647006,2.2523010124115515,false,SAME_BAR_ENTRY_AND_EXIT
BOS_RETAINED,CONTROL,BTC/USD,BTCUSD_2022-04-01,1h,supply,bearish_IPO_supply,2022-05-18T19:00:00Z,29219.46094,29491.69922,29194.34961,29310.5,29343.024415,29194.34961,29343.024415,29491.69922,2022-05-19T06:00:00Z,2022-05-19T06:00:00Z,29343.024415,29491.69922,29045.674805000002,148.67480499999874,false,true,2022-05-18T23:00:00Z,28719.11914,bearish,4,7,NO,,,,2022-05-19T08:00:00Z,29045.674805000002,TARGET,1.408325980182044,0.5916740198179561,0.23781060281196642,2.3745394184307385,false,
BOS_RETAINED,CONTROL,BTC/USD,BTCUSD_2022-04-01,1h,supply,bearish_IPO_supply,2022-05-17T12:00:00Z,30319.25,30625.10938,30294.2793,30596.33984,30459.694340000002,30294.2793,30459.694340000002,30625.10938,2022-05-19T15:00:00Z,2022-05-19T15:00:00Z,30459.694340000002,30625.10938,30128.864260000002,165.41503999999986,false,true,2022-05-18T23:00:00Z,28719.11914,bearish,35,16,NO,,,,2022-05-19T15:00:00Z,30128.864260000002,TARGET,1.4490114149837883,0.5509885850162118,0.45374144938693745,3.8624376598403822,false,SAME_BAR_ENTRY_AND_EXIT
BOS_RETAINED,CONTROL,BTC/USD,BTCUSD_2022-04-01,1h,supply,bearish_IPO_supply,2022-05-17T12:00:00Z,30319.25,30625.10938,30294.2793,30596.33984,30459.694340000002,30294.2793,30459.694340000002,30625.10938,2022-05-19T21:00:00Z,2022-05-19T21:00:00Z,30459.694340000002,30625.10938,30128.864260000002,165.41503999999986,false,true,2022-05-18T23:00:00Z,28719.11914,bearish,35,22,NO,,,,2022-05-19T22:00:00Z,30128.864260000002,TARGET,1.4507816780747382,0.5492183219252619,0.11719453079960102,2.0676742574315,false,
BOS_RETAINED,CONTROL,BTC/USD,BTCUSD_2022-04-01,1h,supply,bearish_IPO_supply,2022-05-17T09:00:00Z,30590,30726.36914,30573.28906,30636.75,30649.8291,30573.28906,30649.8291,30726.36914,2022-05-20T01:00:00Z,2022-05-20T01:00:00Z,30649.8291,30726.36914,30496.74902,76.54003999999986,false,true,2022-05-18T23:00:00Z,28719.11914,bearish,38,26,NO,,,,2022-05-20T01:00:00Z,30496.74902,TARGET,0.8054574063457485,1.1945425936542515,1.3118771560610707,6.660818761004046,false,SAME_BAR_ENTRY_AND_EXIT
BOS_REMOVED,CONTROL,BTC/USD,BTCUSD_2022-04-01,1h,demand,bullish_IPO_demand,2022-05-19T08:00:00Z,29187.58984,29235.64062,28989.99023,28990.5,29235.64062,29112.815425,29112.815425,28989.99023,2022-05-20T15:00:00Z,2022-05-20T15:00:00Z,29112.815425,28989.99023,29358.465815000003,122.82519500000126,false,false,,,,,,NO,,,,2022-05-20T15:00:00Z,29358.465815000003,TARGET,1.28822944331577,0.7117705566842301,0.07307608996672096,3.0858054408136306,false,SAME_BAR_ENTRY_AND_EXIT
BOS_REMOVED,CONTROL,BTC/USD,BTCUSD_2022-04-01,1h,demand,bullish_IPO_demand,2022-05-18T23:00:00Z,28976.14062,29097.40039,28667.080078,28719.11914,29097.40039,28882.240233999997,28882.240233999997,28667.080078,2022-05-20T16:00:00Z,2022-05-20T16:00:00Z,28882.240233999997,28667.080078,29312.560545999993,215.1601559999981,false,false,,,,,,NO,,,,2022-05-20T19:00:00Z,29312.560545999993,TARGET,1.5972557320510552,0.40274426794894486,0.5839854196796441,2.168243157436675,false,
BOS_RETAINED,CONTROL,BTC/USD,BTCUSD_2022-04-01,1h,demand,bullish_IPO_demand,2022-05-18T23:00:00Z,28976.14062,29097.40039,28667.080078,28719.11914,29097.40039,28882.240233999997,28882.240233999997,28667.080078,2022-05-26T13:00:00Z,2022-05-26T13:00:00Z,28882.240233999997,28667.080078,29312.560545999993,215.1601559999981,false,true,2022-05-22T23:00:00Z,30296.17969,bullish,96,86,NO,,,,2022-05-26T14:00:00Z,29312.560545999993,TARGET,1.5981692775403975,0.40183072245960244,3.8302136851025677,2.0520506408259314,false,
BOS_RETAINED,CONTROL,BTC/USD,BTCUSD_2022-04-01,1h,demand,bullish_IPO_demand,2022-05-18T23:00:00Z,28976.14062,29097.40039,28667.080078,28719.11914,29097.40039,28882.240233999997,28882.240233999997,28667.080078,2022-05-27T02:00:00Z,2022-05-27T02:00:00Z,28882.240233999997,28667.080078,29312.560545999993,215.1601559999981,false,true,2022-05-22T23:00:00Z,30296.17969,bullish,96,99,NO,,,,2022-05-27T13:00:00Z,29312.560545999993,TARGET,1.5958042605713634,0.4041957394286365,1.0747353892046778,2.2658902329481885,false,
BOS_RETAINED,CONTROL,BTC/USD,BTCUSD_2022-04-01,1h,demand,bullish_IPO_demand,2022-05-18T23:00:00Z,28976.14062,29097.40039,28667.080078,28719.11914,29097.40039,28882.240233999997,28882.240233999997,28667.080078,2022-05-27T16:00:00Z,2022-05-27T16:00:00Z,28882.240233999997,28667.080078,29312.560545999993,215.1601559999981,false,true,2022-05-22T23:00:00Z,30296.17969,bullish,96,113,NO,,,,2022-05-27T17:00:00Z,28351.83008,S2_CLOSE_INVALIDATION,-2.8658189685454722,0.40063134337939765,2.493164598746636,0.14859027151850543,false,
BOS_REMOVED,CONTROL,BTC/USD,BTCUSD_2022-04-01,1h,supply,bearish_IPO_supply,2022-05-27T15:00:00Z,28811.94922,28927.33984,28652.85938,28850.19922,28790.09961,28652.85938,28790.09961,28927.33984,2022-05-27T19:00:00Z,2022-05-27T19:00:00Z,28790.09961,28927.33984,28515.619150000002,137.24022999999943,false,false,,,,,,NO,,,,2022-05-27T19:00:00Z,28515.619150000002,TARGET,1.3689666499393045,0.6310333500606955,1.6570936962143041,2.6588442033360336,false,SAME_BAR_ENTRY_AND_EXIT
BOS_REMOVED,CONTROL,BTC/USD,BTCUSD_2022-04-01,1h,supply,bearish_IPO_supply,2022-05-27T15:00:00Z,28811.94922,28927.33984,28652.85938,28850.19922,28790.09961,28652.85938,28790.09961,28927.33984,2022-05-27T21:00:00Z,2022-05-27T21:00:00Z,28790.09961,28927.33984,28515.619150000002,137.24022999999943,false,false,,,,,,NO,,,,2022-05-28T12:00:00Z,28979.85938,S2_CLOSE_INVALIDATION,-2.010356365622542,0.6276730955638908,1.6667141260255858,1.8122163595907983,false,
BOS_RETAINED,CONTROL,BTC/USD,BTCUSD_2022-04-01,1h,supply,bearish_IPO_supply,2022-05-10T12:00:00Z,31652.90039,32234.099609,31526.59961,32150.019531,31880.3496095,31526.59961,31880.3496095,32234.099609,2022-05-30T21:00:00Z,2022-05-30T21:00:00Z,31880.3496095,32234.099609,31172.8496105,353.74999949999983,false,true,2022-05-26T13:00:00Z,28819.32031,bearish,385,104,NO,,,,2022-06-01T14:00:00Z,31172.8496105,TARGET,1.730224651783215,0.26977534821678506,1.4253864910606142,2.4146698253210936,false,
BOS_RETAINED,CONTROL,BTC/USD,BTCUSD_2022-04-01,1h,demand,bullish_IPO_demand,2022-05-30T00:00:00Z,29454.060547,29464.50977,29311.75977,29322.38086,29464.50977,29388.13477,29388.13477,29311.75977,2022-06-07T03:00:00Z,2022-06-07T03:00:00Z,29388.13477,29311.75977,29540.88477,76.375,false,true,2022-06-03T01:00:00Z,30614.98047,bullish,97,98,NO,,,,2022-06-07T03:00:00Z,29540.88477,TARGET,0.838491126232406,1.161508873767594,0.4993095908347047,3.3588890343698816,false,SAME_BAR_ENTRY_AND_EXIT
BOS_REMOVED,CONTROL,BTC/USD,BTCUSD_2022-04-01,1h,demand,bullish_IPO_demand,2022-06-03T14:00:00Z,29699.76953,29743.41016,29341.17969,29488.65039,29743.41016,29542.294925000002,29542.294925000002,29341.17969,2022-06-07T07:00:00Z,2022-06-07T07:00:00Z,29542.294925000002,29341.17969,29944.525395000004,201.11523500000112,false,false,,,,,,NO,,,,2022-06-07T14:00:00Z,29944.525395000004,TARGET,1.5586838929432696,0.44131610705673047,0.7862408086587812,2.2310358785101236,false,
BOS_REMOVED,CONTROL,BTC/USD,BTCUSD_2022-04-01,1h,supply,bearish_IPO_supply,2022-06-06T15:00:00Z,31524.98047,31542.40039,31199.91016,31542,31371.155274999997,31199.91016,31371.155274999997,31542.40039,2022-06-07T21:00:00Z,2022-06-07T21:00:00Z,31371.155274999997,31542.40039,31028.665044999994,171.24511500000153,false,false,,,,,,NO,,,,2022-06-07T22:00:00Z,31028.665044999994,TARGET,1.4497571370722069,0.5502428629277931,0.9524621768042947,5.963063585200596,false,
BOS_RETAINED,CONTROL,BTC/USD,BTCUSD_2022-04-01,1h,demand,bullish_IPO_demand,2022-05-12T13:00:00Z,28486.69922,28878.56055,27920,28205.84961,28878.56055,28399.280274999997,28399.280274999997,27920,2022-06-11T21:00:00Z,2022-06-11T21:00:00Z,28399.280274999997,27920,29357.840824999992,479.28027499999735,false,true,2022-06-09T09:00:00Z,30549.44922,bullish,668,60,NO,,,,2022-06-12T02:00:00Z,27374.83008,S2_CLOSE_INVALIDATION,-2.316254487168294,0.17877825783671253,2.1793114164775607,0.5857313668917504,false,
BOS_RETAINED,CONTROL,BTC/USD,BTCUSD_2022-04-01,1h,demand,bullish_IPO_demand,2022-05-12T06:00:00Z,27157.85938,27913.75,27009.55078,27137.56055,27913.75,27461.650390000003,27461.650390000003,27009.55078,2022-06-12T04:00:00Z,2022-06-12T04:00:00Z,27461.650390000003,27009.55078,28365.849610000005,452.0996100000011,false,true,2022-06-09T09:00:00Z,30549.44922,bullish,675,67,NO,,,,2022-06-12T23:00:00Z,26602.90039,S2_CLOSE_INVALIDATION,-2.081590047887901,0.18211926533181438,1.8994707825560866,1.866249055158434,false,
BOS_REMOVED,CONTROL,BTC/USD,BTCUSD_2022-04-01,1h,supply,bearish_IPO_supply,2022-06-15T06:00:00Z,21233.98047,21387.86914,20988.24023,21346.16992,21188.054685,20988.24023,21188.054685,21387.86914,2022-06-15T11:00:00Z,2022-06-15T11:00:00Z,21188.054685,21387.86914,20788.425775,199.81445499999973,false,false,,,,,,NO,,,,2022-06-15T11:00:00Z,20788.425775,TARGET,1.6821009363912132,0.31789906360878695,0.23549194676632682,3.6998582259726844,false,SAME_BAR_ENTRY_AND_EXIT
BOS_RETAINED,CONTROL,BTC/USD,BTCUSD_2022-04-01,1h,supply,bearish_IPO_supply,2022-06-14T15:00:00Z,22469.099609,22746.18945,22288.48047,22725.56055,22517.33496,22288.48047,22517.33496,22746.18945,2022-06-15T23:00:00Z,2022-06-15T23:00:00Z,22517.33496,22746.18945,22059.625979999997,228.85449000000153,false,true,2022-06-15T09:00:00Z,20239.85938,bearish,18,14,NO,,,,2022-06-16T05:00:00Z,22059.625979999997,TARGET,1.7039798134176893,0.29602018658231066,1.875931863954235,2.5448715032857576,false,
BOS_RETAINED,CONTROL,BTC/USD,BTCUSD_2022-04-01,1h,supply,bearish_IPO_supply,2022-06-16T12:00:00Z,21068.80078,21497.080078,20936.83008,21161.4707,21216.955079,20936.83008,21216.955079,21497.080078,2022-06-17T07:00:00Z,2022-06-17T07:00:00Z,21216.955079,21497.080078,20656.705081,280.12499899999966,false,true,2022-06-16T23:00:00Z,20399.41016,bearish,11,8,NO,,,,2022-06-17T12:00:00Z,20656.705081,TARGET,1.7741214432632624,0.22587855673673765,0.36207329357278056,2.1803324629373706,false,
BOS_REMOVED,CONTROL,BTC/USD,BTCUSD_2022-04-01,1h,supply,bearish_IPO_supply,2022-06-18T10:00:00Z,19160.11914,19517.070312,19160.11914,19409.98047,19338.594726,19160.11914,19338.594726,19517.070312,2022-06-18T22:00:00Z,2022-06-18T22:00:00Z,19338.594726,19517.070312,18981.643554,178.47558600000048,false,false,,,,,,NO,,,,2022-06-18T22:00:00Z,18981.643554,TARGET,1.6782272610663966,0.32177273893360325,0.3276938505191379,5.07803720560412,false,SAME_BAR_ENTRY_AND_EXIT
BOS_REMOVED,CONTROL,BTC/USD,BTCUSD_2022-04-01,1h,supply,bearish_IPO_supply,2022-06-19T10:00:00Z,19014.71094,19945.56055,18938.42969,19920.42969,19441.99512,18938.42969,19441.99512,19945.56055,2022-06-19T14:00:00Z,2022-06-19T14:00:00Z,19441.99512,19945.56055,18434.864260000002,503.56542999999874,false,false,,,,,,NO,,,,2022-06-19T18:00:00Z,20219.7793,S2_CLOSE_INVALIDATION,-1.6605736782804983,0.11601931917764918,1.5445543591028492,0.5256404118130167,false,
BOS_RETAINED,CONTROL,BTC/USD,BTCUSD_2022-04-01,1h,supply,bearish_IPO_supply,2022-06-17T20:00:00Z,20535.96094,20707.26953,20525.060547,20645.089844,20616.165038500003,20525.060547,20616.165038500003,20707.26953,2022-06-19T20:00:00Z,2022-06-19T20:00:00Z,20616.165038500003,20707.26953,20433.956055500006,91.1044914999984,false,true,2022-06-18T20:00:00Z,17807.5,bearish,24,24,NO,,,,2022-06-19T20:00:00Z,20433.956055500006,TARGET,1.3208348020909475,0.6791651979090524,0.5244986357230966,6.104586763431009,false,SAME_BAR_ENTRY_AND_EXIT
BOS_RETAINED,CONTROL,BTC/USD,BTCUSD_2022-04-01,1h,supply,bearish_IPO_supply,2022-06-17T20:00:00Z,20535.96094,20707.26953,20525.060547,20645.089844,20616.165038500003,20525.060547,20616.165038500003,20707.26953,2022-06-19T22:00:00Z,2022-06-19T22:00:00Z,20616.165038500003,20707.26953,20433.956055500006,91.1044914999984,false,true,2022-06-18T20:00:00Z,17807.5,bearish,24,26,NO,,,,2022-06-19T22:00:00Z,20433.956055500006,TARGET,1.3188560902949436,0.6811439097050564,1.6273059545038993,3.2102239273242583,false,SAME_BAR_ENTRY_AND_EXIT
BOS_REMOVED,CONTROL,BTC/USD,BTCUSD_2022-04-01,1h,demand,bullish_IPO_demand,2022-06-20T01:00:00Z,20098.56055,20146.46094,19666.16016,19809.33984,20146.46094,19906.310550000002,19906.310550000002,19666.16016,2022-06-20T19:00:00Z,2022-06-20T19:00:00Z,19906.310550000002,19666.16016,20386.611330000007,240.15039000000252,false,false,,,,,,NO,,,,2022-06-20T20:00:00Z,20386.611330000007,TARGET,1.7487581912733958,0.25124180872660407,0.04097369985532896,2.4379661011584908,false,
BOS_RETAINED,CONTROL,BTC/USD,BTCUSD_2022-04-01,1h,supply,bearish_IPO_supply,2022-06-16T12:00:00Z,21068.80078,21497.080078,20936.83008,21161.4707,21216.955079,20936.83008,21216.955079,21497.080078,2022-06-21T07:00:00Z,2022-06-21T07:00:00Z,21216.955079,21497.080078,20656.705081,280.12499899999966,false,true,2022-06-18T20:00:00Z,17807.5,bearish,56,59,NO,,,,2022-06-21T13:00:00Z,21622.64062,S2_CLOSE_INVALIDATION,-1.674454134884261,0.2262237290003527,1.534401508378049,1.2552083543247037,false,
BOS_RETAINED,CONTROL,BTC/USD,BTCUSD_2022-04-01,1h,demand,bullish_IPO_demand,2022-06-20T17:00:00Z,20283.57031,20419.089844,19986.99023,19986.99023,20419.089844,20203.040037,20203.040037,19986.99023,2022-06-22T07:00:00Z,2022-06-22T07:00:00Z,20203.040037,19986.99023,20635.139650999998,216.04980699999942,false,true,2022-06-21T14:00:00Z,21613.039062,bullish,21,17,NO,,,,2022-06-22T13:00:00Z,20635.139650999998,TARGET,1.7208814458232764,0.27911855417672354,1.0942888599757028,2.573060308264942,false,
BOS_RETAINED,CONTROL,BTC/USD,BTCUSD_2022-04-01,1h,demand,bullish_IPO_demand,2022-06-20T17:00:00Z,20283.57031,20419.089844,19986.99023,19986.99023,20419.089844,20203.040037,20203.040037,19986.99023,2022-06-22T17:00:00Z,2022-06-22T17:00:00Z,20203.040037,19986.99023,20635.139650999998,216.04980699999942,false,true,2022-06-21T14:00:00Z,21613.039062,bullish,21,27,NO,,,,2022-06-22T20:00:00Z,19897.33008,S2_CLOSE_INVALIDATION,-1.6964345151208589,0.2814369215335618,1.9287680132016978,0.7984767281000302,false,
BOS_RETAINED,CONTROL,BTC/USD,BTCUSD_2022-04-01,1h,demand,bullish_IPO_demand,2022-06-20T01:00:00Z,20098.56055,20146.46094,19666.16016,19809.33984,20146.46094,19906.310550000002,19906.310550000002,19666.16016,2022-06-22T21:00:00Z,2022-06-22T21:00:00Z,19906.310550000002,19666.16016,20386.611330000007,240.15039000000252,false,true,2022-06-21T14:00:00Z,21613.039062,bullish,37,31,NO,,,,2022-06-23T00:00:00Z,20386.611330000007,TARGET,1.750213016893292,0.24978698310670813,0.20370539477367972,2.397496676978088,false,
BOS_REMOVED,CONTROL,BTC/USD,BTCUSD_2022-04-01,1h,supply,bearish_IPO_supply,2022-06-22T13:00:00Z,20363.81055,20758.94922,20245.85938,20722.64062,20502.404300000002,20245.85938,20502.404300000002,20758.94922,2022-06-23T06:00:00Z,2022-06-23T06:00:00Z,20502.404300000002,20758.94922,19989.31446000001,256.54491999999664,false,false,,,,,,NO,,,,2022-06-23T19:00:00Z,20910,S2_CLOSE_INVALIDATION,-1.8292147768624856,0.24042595968378877,1.7050269792908117,1.113581200516479,false,
BOS_RETAINED,CONTROL,BTC/USD,BTCUSD_2022-04-01,1h,demand,bullish_IPO_demand,2022-06-23T21:00:00Z,20831.7207,20845.41016,20679.80078,20696.74023,20845.41016,20762.605470000002,20762.605470000002,20679.80078,2022-06-24T09:00:00Z,2022-06-24T09:00:00Z,20762.605470000002,20679.80078,20928.214850000004,82.80469000000085,false,true,2022-06-24T02:00:00Z,21182.070312,bullish,5,7,NO,,,,2022-06-24T09:00:00Z,20928.214850000004,TARGET,1.245427916945292,0.7545720830547081,0.15319844805894253,3.7450230174159875,false,SAME_BAR_ENTRY_AND_EXIT
BOS_REMOVED,CONTROL,BTC/USD,BTCUSD_2022-04-01,1h,demand,bullish_IPO_demand,2022-06-24T09:00:00Z,21058.89062,21072.71094,20749.91992,20827.36914,21072.71094,20911.315430000002,20911.315430000002,20749.91992,2022-06-24T16:00:00Z,2022-06-24T16:00:00Z,20911.315430000002,20749.91992,21234.106450000007,161.3955100000021,false,false,,,,,,NO,,,,2022-06-24T19:00:00Z,21234.106450000007,TARGET,1.6088322364730023,0.3911677635269976,0.605878874821256,2.0538697142194025,false,
BOS_RETAINED,CONTROL,BTC/USD,BTCUSD_2022-04-01,1h,supply,bearish_IPO_supply,2022-06-28T16:00:00Z,20608.029297,20760,20560.48047,20719.78906,20660.240234999997,20560.48047,20660.240234999997,20760,2022-07-01T00:00:00Z,2022-07-01T00:00:00Z,20660.240234999997,20760,20460.720704999992,99.75976500000252,false,true,2022-06-30T20:00:00Z,18750.61914,bearish,52,4,NO,,,,2022-07-01T00:00:00Z,20460.720704999992,TARGET,1.3904506491169215,0.6095493508830786,1.3905476321039836,9.847152456704107,false,SAME_BAR_ENTRY_AND_EXIT
BOS_REMOVED,CONTROL,EUR/USD,EURUSD_2025-01-01,1h,supply,bearish_IPO_supply,2024-12-19T09:00:00Z,1.040882,1.04227,1.04077,1.041257,1.04152,1.04077,1.04152,1.04227,2024-12-20T13:00:00Z,2024-12-20T13:00:00Z,1.04152,1.04227,1.04002,0.0007500000000000284,false,false,,,,,,NO,,,,2024-12-20T13:00:00Z,1.04002,TARGET,1.7866666666666746,0.21333333333332527,0.6000000000000593,3.7199999999999527,false,SAME_BAR_ENTRY_AND_EXIT
BOS_RETAINED,CONTROL,EUR/USD,EURUSD_2025-01-01,1h,demand,bullish_IPO_demand,2024-12-20T12:00:00Z,1.03918,1.04007,1.03876,1.038957,1.04007,1.039415,1.039415,1.03876,2024-12-24T04:00:00Z,2024-12-24T04:00:00Z,1.039415,1.03876,1.0407250000000001,0.0006550000000000722,false,true,2024-12-20T19:00:00Z,1.044482,bullish,7,33,NO,,,,2024-12-25T22:00:00Z,1.0407250000000001,TARGET,1.7557251908397216,0.24427480916027844,0.8320610687022254,2.2061068702286404,false,
BOS_RETAINED,CONTROL,EUR/USD,EURUSD_2025-01-01,1h,demand,bullish_IPO_demand,2024-12-20T12:00:00Z,1.03918,1.04007,1.03876,1.038957,1.04007,1.039415,1.039415,1.03876,2024-12-26T01:00:00Z,2024-12-26T01:00:00Z,1.039415,1.03876,1.0407250000000001,0.0006550000000000722,false,true,2024-12-20T19:00:00Z,1.044482,bullish,7,45,NO,,,,2024-12-26T15:00:00Z,1.0407250000000001,TARGET,1.7557251908397216,0.24427480916027844,0.6183206106869376,3.2595419847324623,false,
BOS_REMOVED,CONTROL,EUR/USD,EURUSD_2025-01-01,1h,supply,bearish_IPO_supply,2024-12-23T02:00:00Z,1.043607,1.04435,1.04354,1.044068,1.043945,1.04354,1.043945,1.04435,2024-12-27T11:00:00Z,2024-12-27T11:00:00Z,1.043945,1.04435,1.043135,0.0004049999999999887,false,false,,,,,,NO,,,,2024-12-27T11:00:00Z,1.043135,TARGET,1.6049382716049272,0.3950617283950728,0.43209876543220027,5.222222222222039,false,SAME_BAR_ENTRY_AND_EXIT
BOS_REMOVED,CONTROL,EUR/USD,EURUSD_2025-01-01,1h,supply,bearish_IPO_supply,2024-12-23T02:00:00Z,1.043607,1.04435,1.04354,1.044068,1.043945,1.04354,1.043945,1.04435,2024-12-30T09:00:00Z,2024-12-30T09:00:00Z,1.043945,1.04435,1.043135,0.0004049999999999887,false,false,,,,,,NO,,,,2024-12-30T09:00:00Z,1.043135,TARGET,1.6049382716049272,0.3950617283950728,0.08641975308644007,7.074074074074013,false,SAME_BAR_ENTRY_AND_EXIT
BOS_RETAINED,CONTROL,EUR/USD,EURUSD_2025-01-01,1h,demand,bullish_IPO_demand,2024-12-20T09:00:00Z,1.039227,1.03929,1.03755,1.03829,1.03929,1.03842,1.03842,1.03755,2024-12-30T15:00:00Z,2024-12-30T15:00:00Z,1.03842,1.03755,1.0401599999999998,0.0008699999999999264,false,true,2024-12-27T12:00:00Z,1.04326,bullish,90,27,NO,,,,2024-12-30T15:00:00Z,1.0401599999999998,TARGET,1.816091954022973,0.18390804597702706,1.4712643678161565,2.5402298850577383,false,SAME_BAR_ENTRY_AND_EXIT
BOS_RETAINED,CONTROL,EUR/USD,EURUSD_2025-01-01,1h,demand,bullish_IPO_demand,2024-12-20T09:00:00Z,1.039227,1.03929,1.03755,1.03829,1.03929,1.03842,1.03842,1.03755,2024-12-30T17:00:00Z,2024-12-30T17:00:00Z,1.03842,1.03755,1.0401599999999998,0.0008699999999999264,false,true,2024-12-27T12:00:00Z,1.04326,bullish,90,29,NO,,,,2024-12-30T18:00:00Z,1.0401599999999998,TARGET,1.816091954022973,0.18390804597702706,0.011494252873384268,2.6781609195406464,false,
BOS_RETAINED,CONTROL,EUR/USD,EURUSD_2025-01-01,1h,supply,bearish_IPO_supply,2024-12-31T09:00:00Z,1.04184,1.04249,1.04114,1.041898,1.041815,1.04114,1.041815,1.04249,2025-01-06T11:00:00Z,2025-01-06T11:00:00Z,1.041815,1.04249,1.040465,0.0006749999999999812,false,true,2025-01-02T16:00:00Z,1.026147,bearish,22,43,NO,,,,2025-01-06T11:00:00Z,1.040465,TARGET,1.7629629629629564,0.23703703703704368,2.2444444444447367,13.281481481481688,false,SAME_BAR_ENTRY_AND_EXIT
BOS_RETAINED,CONTROL,EUR/USD,EURUSD_2025-01-01,1h,supply,bearish_IPO_supply,2024-12-31T09:00:00Z,1.04184,1.04249,1.04114,1.041898,1.041815,1.04114,1.041815,1.04249,2025-01-06T13:00:00Z,2025-01-06T13:00:00Z,1.041815,1.04249,1.040465,0.0006749999999999812,false,true,2025-01-02T16:00:00Z,1.026147,bearish,22,45,NO,,,,2025-01-06T13:00:00Z,1.040465,TARGET,1.7629629629629564,0.23703703703704368,2.837037037037281,2.08148148148136,false,SAME_BAR_ENTRY_AND_EXIT
BOS_RETAINED,CONTROL,EUR/USD,EURUSD_2025-01-01,1h,supply,bearish_IPO_supply,2024-12-31T09:00:00Z,1.04184,1.04249,1.04114,1.041898,1.041815,1.04114,1.041815,1.04249,2025-01-07T07:00:00Z,2025-01-07T07:00:00Z,1.041815,1.04249,1.040465,0.0006749999999999812,false,true,2025-01-02T16:00:00Z,1.026147,bearish,22,63,NO,,,,2025-01-07T07:00:00Z,1.040465,TARGET,1.7629629629629564,0.23703703703704368,1,3.0740740740739034,false,SAME_BAR_ENTRY_AND_EXIT
BOS_RETAINED,CONTROL,EUR/USD,EURUSD_2025-01-01,1h,demand,bullish_IPO_demand,2025-01-06T10:00:00Z,1.03558,1.03586,1.03348,1.033527,1.03586,1.03467,1.03467,1.03348,2025-01-07T22:00:00Z,2025-01-07T22:00:00Z,1.03467,1.03348,1.03705,0.0011900000000000244,false,true,2025-01-07T10:00:00Z,1.04278,bullish,24,12,NO,,,,2025-01-08T07:00:00Z,1.03324,S2_CLOSE_INVALIDATION,-1.336134453781521,0.1344537815126023,1.5546218487393861,0.9411764705882243,false,
BOS_RETAINED,CONTROL,EUR/USD,EURUSD_2025-01-01,1h,demand,bullish_IPO_demand,2025-01-06T05:00:00Z,1.031528,1.03187,1.03083,1.0309,1.03187,1.03135,1.03135,1.03083,2025-01-08T10:00:00Z,2025-01-08T10:00:00Z,1.03135,1.03083,1.0323900000000001,0.000520000000000076,false,true,2025-01-07T10:00:00Z,1.04278,bullish,29,24,NO,,,,2025-01-08T11:00:00Z,1.02973,S2_CLOSE_INVALIDATION,-3.4230769230763363,0.30769230769226275,7.807692307691076,1.5961538461538216,false,
BOS_RETAINED,CONTROL,EUR/USD,EURUSD_2025-01-01,1h,supply,bearish_IPO_supply,2025-01-08T09:00:00Z,1.031872,1.03268,1.03152,1.03195,1.0321,1.03152,1.0321,1.03268,2025-01-08T22:00:00Z,2025-01-08T22:00:00Z,1.0321,1.03268,1.03094,0.0005800000000000249,false,true,2025-01-08T11:00:00Z,1.02973,bearish,2,11,NO,,,,2025-01-09T00:00:00Z,1.03094,TARGET,1.7241379310344946,0.2758620689655054,0.4482758620688203,2.810344827586121,false,
BOS_REMOVED,CONTROL,EUR/USD,EURUSD_2025-01-01,1h,supply,bearish_IPO_supply,2025-01-09T08:00:00Z,1.029115,1.03083,1.02834,1.030777,1.029585,1.02834,1.029585,1.03083,2025-01-09T17:00:00Z,2025-01-09T17:00:00Z,1.029585,1.03083,1.027095,0.0012449999999999406,false,false,,,,,,NO,,,,2025-01-10T13:00:00Z,1.027095,TARGET,1.8714859437750944,0.12851405622490575,1.3212851405624073,6.847389558233173,false,
BOS_RETAINED,CONTROL,EUR/USD,EURUSD_2025-01-01,1h,demand,bullish_IPO_demand,2025-01-02T19:00:00Z,1.02566,1.02603,1.02476,1.02511,1.02603,1.025395,1.025395,1.02476,2025-01-10T15:00:00Z,2025-01-10T15:00:00Z,1.025395,1.02476,1.0266650000000004,0.0006350000000001632,false,true,2025-01-07T10:00:00Z,1.04278,bullish,63,77,NO,,,,2025-01-10T15:00:00Z,1.0266650000000004,TARGET,1.748031496063057,0.25196850393694314,2.8267716535425667,3.9606299212588953,false,SAME_BAR_ENTRY_AND_EXIT
BOS_RETAINED,CONTROL,EUR/USD,EURUSD_2025-01-01,1h,supply,bearish_IPO_supply,2025-01-09T08:00:00Z,1.029115,1.03083,1.02834,1.030777,1.029585,1.02834,1.029585,1.03083,2025-01-14T15:00:00Z,2025-01-14T15:00:00Z,1.029585,1.03083,1.027095,0.0012449999999999406,false,true,2025-01-13T09:00:00Z,1.019348,bearish,49,30,NO,,,,2025-01-14T15:00:00Z,1.027095,TARGET,1.8714859437750944,0.12851405622490575,0.02008032128509472,2.6546184738956216,false,SAME_BAR_ENTRY_AND_EXIT
BOS_RETAINED,CONTROL,EUR/USD,EURUSD_2025-01-01,1h,supply,bearish_IPO_supply,2025-01-09T13:00:00Z,1.03034,1.03196,1.03006,1.03079,1.03101,1.03006,1.03101,1.03196,2025-01-14T22:00:00Z,2025-01-14T22:00:00Z,1.03101,1.03196,1.02911,0.0009500000000000064,false,true,2025-01-13T09:00:00Z,1.019348,bearish,44,37,NO,,,,2025-01-15T07:00:00Z,1.02911,TARGET,1.831578947368422,0.16842105263157783,0.08421052631587313,2.484210526315686,false,
BOS_RETAINED,CONTROL,EUR/USD,EURUSD_2025-01-01,1h,supply,bearish_IPO_supply,2025-01-09T13:00:00Z,1.03034,1.03196,1.03006,1.03079,1.03101,1.03006,1.03101,1.03196,2025-01-15T09:00:00Z,2025-01-15T09:00:00Z,1.03101,1.03196,1.02911,0.0009500000000000064,false,true,2025-01-13T09:00:00Z,1.019348,bearish,44,48,NO,,,,2025-01-15T13:00:00Z,1.03446,S2_CLOSE_INVALIDATION,-3.7999999999999248,0.16842105263157783,4.715789473684221,1.7789473684210084,false,
BOS_RETAINED,CONTROL,EUR/USD,EURUSD_2025-01-01,1h,demand,bullish_IPO_demand,2025-01-14T17:00:00Z,1.029143,1.02919,1.02787,1.02883,1.02919,1.02853,1.02853,1.02787,2025-01-15T16:00:00Z,2025-01-15T16:00:00Z,1.02853,1.02787,1.0298499999999997,0.0006599999999998829,false,true,2025-01-14T22:00:00Z,1.03069,bullish,5,18,NO,,,,2025-01-15T16:00:00Z,1.0298499999999997,TARGET,1.7575757575757145,0.24242424242428545,4.075757575758085,3.4696969696977753,false,SAME_BAR_ENTRY_AND_EXIT
BOS_RETAINED,CONTROL,EUR/USD,EURUSD_2025-01-01,1h,demand,bullish_IPO_demand,2025-01-14T17:00:00Z,1.029143,1.02919,1.02787,1.02883,1.02919,1.02853,1.02853,1.02787,2025-01-15T18:00:00Z,2025-01-15T18:00:00Z,1.02853,1.02787,1.0298499999999997,0.0006599999999998829,false,true,2025-01-15T13:00:00Z,1.03446,bullish,20,5,NO,,,,2025-01-15T20:00:00Z,1.0298499999999997,TARGET,1.7575757575757145,0.24242424242428545,0.1515151515151617,2.1212121212126003,false,
BOS_RETAINED,CONTROL,EUR/USD,EURUSD_2025-01-01,1h,demand,bullish_IPO_demand,2025-01-14T17:00:00Z,1.029143,1.02919,1.02787,1.02883,1.02919,1.02853,1.02853,1.02787,2025-01-15T22:00:00Z,2025-01-15T22:00:00Z,1.02853,1.02787,1.0298499999999997,0.0006599999999998829,false,true,2025-01-15T13:00:00Z,1.03446,bullish,20,9,NO,,,,2025-01-16T00:00:00Z,1.0298499999999997,TARGET,1.7575757575757145,0.24242424242428545,0.10606060606064684,2.272727272727762,false,
BOS_RETAINED,CONTROL,EUR/USD,EURUSD_2025-01-01,1h,demand,bullish_IPO_demand,2025-01-14T17:00:00Z,1.029143,1.02919,1.02787,1.02883,1.02919,1.02853,1.02853,1.02787,2025-01-16T02:00:00Z,2025-01-16T02:00:00Z,1.02853,1.02787,1.0298499999999997,0.0006599999999998829,false,true,2025-01-15T13:00:00Z,1.03446,bullish,20,13,NO,,,,2025-01-16T07:00:00Z,1.0298499999999997,TARGET,1.7575757575757145,0.24242424242428545,0.6818181818180595,2.5303030303035707,false,
BOS_RETAINED,CONTROL,EUR/USD,EURUSD_2025-01-01,1h,demand,bullish_IPO_demand,2025-01-14T17:00:00Z,1.029143,1.02919,1.02787,1.02883,1.02919,1.02853,1.02853,1.02787,2025-01-16T10:00:00Z,2025-01-16T10:00:00Z,1.02853,1.02787,1.0298499999999997,0.0006599999999998829,false,true,2025-01-15T13:00:00Z,1.03446,bullish,20,21,NO,,,,2025-01-16T12:00:00Z,1.02719,S2_CLOSE_INVALIDATION,-2.2727272727275194,0.24242424242428545,3.2424242424248644,1.696969696970013,false,
BOS_REMOVED,CONTROL,EUR/USD,EURUSD_2025-01-01,1h,demand,bullish_IPO_demand,2025-01-16T12:00:00Z,1.02902,1.02906,1.02639,1.02719,1.02906,1.027725,1.027725,1.02639,2025-01-17T14:00:00Z,2025-01-17T14:00:00Z,1.027725,1.02639,1.0303950000000002,0.0013350000000000861,false,false,,,,,,NO,,,,2025-01-17T15:00:00Z,1.0303950000000002,TARGET,1.88014981273409,0.11985018726590989,0.9176029962546461,4.02621722846409,false,
BOS_REMOVED,CONTROL,EUR/USD,EURUSD_2025-01-01,1h,demand,bullish_IPO_demand,2025-01-16T12:00:00Z,1.02902,1.02906,1.02639,1.02719,1.02906,1.027725,1.027725,1.02639,2025-01-17T20:00:00Z,2025-01-17T20:00:00Z,1.027725,1.02639,1.0303950000000002,0.0013350000000000861,false,false,,,,,,NO,,,,2025-01-20T03:00:00Z,1.0303950000000002,TARGET,1.88014981273409,0.11985018726590989,0.8277153558051238,2.2134831460673037,false,
BOS_RETAINED,CONTROL,EUR/USD,EURUSD_2025-01-01,1h,supply,bearish_IPO_supply,2025-01-06T11:00:00Z,1.033517,1.04333,1.03285,1.04218,1.03809,1.03285,1.03809,1.04333,2025-01-20T13:00:00Z,2025-01-20T13:00:00Z,1.03809,1.04333,1.0276099999999997,0.0052400000000001334,false,true,2025-01-17T07:00:00Z,1.02846,bearish,212,29,NO,,,,2025-01-22T09:00:00Z,1.04467,S2_CLOSE_INVALIDATION,-1.2862595419847058,0.030534351145037393,1.276717557251892,1.3893129770991923,false,
BOS_RETAINED,CONTROL,EUR/USD,EURUSD_2025-01-01,1h,supply,bearish_IPO_supply,2024-12-30T12:00:00Z,1.044817,1.04591,1.04388,1.04495,1.044895,1.04388,1.044895,1.04591,2025-01-22T11:00:00Z,2025-01-22T11:00:00Z,1.044895,1.04591,1.042865,0.0010149999999999881,false,true,2025-01-17T07:00:00Z,1.02846,bearish,298,75,NO,,,,2025-01-22T13:00:00Z,1.042865,TARGET,1.8423645320197026,0.15763546798029743,0.7635467980297549,2.645320197044195,false,
BOS_RETAINED,CONTROL,EUR/USD,EURUSD_2025-01-01,1h,demand,bullish_IPO_demand,2025-01-21T23:00:00Z,1.04273,1.04294,1.03922,1.04059,1.04294,1.04108,1.04108,1.03922,2025-01-22T21:00:00Z,2025-01-22T21:00:00Z,1.04108,1.03922,1.0448,0.0018599999999999728,false,true,2025-01-22T10:00:00Z,1.04501,bullish,11,11,NO,,,,2025-01-24T02:00:00Z,1.0448,TARGET,1.9139784946236547,0.08602150537634536,2.0967741935484256,2.0806451612903745,false,
BOS_RETAINED,CONTROL,EUR/USD,EURUSD_2025-01-01,1h,supply,bearish_IPO_supply,2024-12-30T12:00:00Z,1.044817,1.04591,1.04388,1.04495,1.044895,1.04388,1.044895,1.04591,2025-01-24T04:00:00Z,2025-01-24T04:00:00Z,1.044895,1.04591,1.042865,0.0010149999999999881,false,true,2025-01-17T07:00:00Z,1.02846,bearish,298,116,NO,,,,2025-01-24T07:00:00Z,1.04611,S2_CLOSE_INVALIDATION,-1.3546798029558662,0.15763546798029743,2.1921182266011523,0.5665024630541862,false,
BOS_RETAINED,CONTROL,EUR/USD,EURUSD_2025-01-01,1h,supply,bearish_IPO_supply,2024-12-18T10:00:00Z,1.049443,1.05006,1.04885,1.049853,1.049455,1.04885,1.049455,1.05006,2025-01-24T08:00:00Z,2025-01-24T08:00:00Z,1.049455,1.05006,1.048245,0.0006049999999999667,false,true,2025-01-17T07:00:00Z,1.02846,bearish,459,120,NO,,,,2025-01-24T08:00:00Z,1.048245,TARGET,1.73553719008263,0.26446280991737,0.17355371900830996,6.074380165289748,false,SAME_BAR_ENTRY_AND_EXIT
BOS_RETAINED,CONTROL,EUR/USD,EURUSD_2025-01-01,1h,supply,bearish_IPO_supply,2024-12-18T10:00:00Z,1.049443,1.05006,1.04885,1.049853,1.049455,1.04885,1.049455,1.05006,2025-01-24T10:00:00Z,2025-01-24T10:00:00Z,1.049455,1.05006,1.048245,0.0006049999999999667,false,true,2025-01-17T07:00:00Z,1.02846,bearish,459,122,NO,,,,2025-01-24T11:00:00Z,1.048245,TARGET,1.73553719008263,0.26446280991737,0.6198347107438593,2.2561983471076625,false,
BOS_REMOVED,CONTROL,EUR/USD,EURUSD_2025-01-01,1h,demand,bullish_IPO_demand,2025-01-24T13:00:00Z,1.0474,1.04803,1.04635,1.04688,1.04803,1.04719,1.04719,1.04635,2025-01-26T23:00:00Z,2025-01-26T23:00:00Z,1.04719,1.04635,1.0488700000000004,0.0008400000000001739,false,false,,,,,,NO,,,,2025-01-27T01:00:00Z,1.04628,S2_CLOSE_INVALIDATION,-1.27380952380922,0.19047619047615105,1.2857142857139836,0.8809523809521543,false,
BOS_RETAINED,CONTROL,EUR/USD,EURUSD_2025-01-01,1h,supply,bearish_IPO_supply,2024-12-17T00:00:00Z,1.051702,1.0535,1.05146,1.052882,1.05248,1.05146,1.05248,1.0535,2025-01-27T13:00:00Z,2025-01-27T13:00:00Z,1.05248,1.0535,1.05044,0.0010200000000000209,false,true,2025-01-17T07:00:00Z,1.02846,bearish,493,148,NO,,,,2025-01-27T15:00:00Z,1.05044,TARGET,1.843137254901964,0.15686274509803602,0.8627450980391901,3.0490196078432397,false,
BOS_RETAINED,CONTROL,EUR/USD,EURUSD_2025-01-01,1h,demand,bullish_IPO_demand,2025-01-23T23:00:00Z,1.04171,1.04196,1.04128,1.04159,1.04196,1.04162,1.04162,1.04128,2025-01-28T12:00:00Z,2025-01-28T12:00:00Z,1.04162,1.04128,1.0423,0.00034000000000000696,false,true,2025-01-24T09:00:00Z,1.04945,bullish,10,50,NO,,,,2025-01-28T12:00:00Z,1.0423,TARGET,1.529411764705892,0.47058823529410804,0.7647058823527106,2.8823529411763555,false,SAME_BAR_ENTRY_AND_EXIT
BOS_RETAINED,CONTROL,EUR/USD,EURUSD_2025-01-01,1h,demand,bullish_IPO_demand,2025-01-21T23:00:00Z,1.04273,1.04294,1.03922,1.04059,1.04294,1.04108,1.04108,1.03922,2025-01-29T09:00:00Z,2025-01-29T09:00:00Z,1.04108,1.03922,1.0448,0.0018599999999999728,false,true,2025-01-24T09:00:00Z,1.04945,bullish,58,71,NO,,,,2025-01-29T13:00:00Z,1.03876,S2_CLOSE_INVALIDATION,-1.3333333333334065,0.08602150537634536,1.543010752688156,0.7688172043011093,false,
BOS_REMOVED,CONTROL,EUR/USD,EURUSD_2025-01-01,1h,supply,bearish_IPO_supply,2025-01-29T08:00:00Z,1.04164,1.0431,1.04158,1.04243,1.0423399999999998,1.04158,1.0423399999999998,1.0431,2025-01-29T15:00:00Z,2025-01-29T15:00:00Z,1.0423399999999998,1.0431,1.0408199999999996,0.0007600000000000939,false,false,,,,,,NO,,,,2025-01-29T15:00:00Z,1.0408199999999996,TARGET,1.7894736842105523,0.2105263157894477,0.53947368421078,3.8157894736836107,false,SAME_BAR_ENTRY_AND_EXIT
BOS_RETAINED,CONTROL,EUR/USD,EURUSD_2025-01-01,1h,supply,bearish_IPO_supply,2025-01-29T08:00:00Z,1.04164,1.0431,1.04158,1.04243,1.0423399999999998,1.04158,1.0423399999999998,1.0431,2025-01-29T17:00:00Z,2025-01-29T17:00:00Z,1.0423399999999998,1.0431,1.0408199999999996,0.0007600000000000939,false,true,2025-01-29T13:00:00Z,1.03876,bearish,5,4,NO,,,,2025-01-29T19:00:00Z,1.0408199999999996,TARGET,1.7894736842105523,0.2105263157894477,0.7894736842106339,4.684210526314929,false,
BOS_RETAINED,CONTROL,EUR/USD,EURUSD_2025-01-01,1h,supply,bearish_IPO_supply,2025-01-29T08:00:00Z,1.04164,1.0431,1.04158,1.04243,1.0423399999999998,1.04158,1.0423399999999998,1.0431,2025-01-29T23:00:00Z,2025-01-29T23:00:00Z,1.0423399999999998,1.0431,1.0408199999999996,0.0007600000000000939,false,true,2025-01-29T13:00:00Z,1.03876,bearish,5,10,NO,,,,2025-01-30T09:00:00Z,1.0408199999999996,TARGET,1.7894736842105523,0.2105263157894477,0.9210526315790243,2.842105263157172,false,
BOS_REMOVED,CONTROL,EUR/USD,EURUSD_2025-01-01,1h,supply,bearish_IPO_supply,2025-01-30T13:00:00Z,1.040355,1.04608,1.04012,1.045772,1.0431,1.04012,1.0431,1.04608,2025-01-30T20:00:00Z,2025-01-30T20:00:00Z,1.0431,1.04608,1.03714,0.0029799999999999827,false,false,,,,,,NO,,,,2025-01-31T09:00:00Z,1.03714,TARGET,1.9463087248322144,0.05369127516778555,0.060402684563781894,2.2114093959731247,false,
BOS_RETAINED,CONTROL,EUR/USD,EURUSD_2025-01-01,1h,supply,bearish_IPO_supply,2025-01-30T13:00:00Z,1.040355,1.04608,1.04012,1.045772,1.0431,1.04012,1.0431,1.04608,2025-01-31T17:00:00Z,2025-01-31T17:00:00Z,1.0431,1.04608,1.03714,0.0029799999999999827,false,true,2025-01-31T01:00:00Z,1.03887,bearish,12,16,NO,,,,2025-01-31T18:00:00Z,1.03714,TARGET,1.9463087248322144,0.05369127516778555,0.130872483221515,2.338926174496631,false,
BOS_REMOVED,CONTROL,EUR/USD,EURUSD_2025-01-01,1h,demand,bullish_IPO_demand,2025-01-31T14:00:00Z,1.038245,1.0383,1.0366,1.03688,1.0383,1.03745,1.03745,1.0366,2025-01-31T20:00:00Z,2025-01-31T20:00:00Z,1.03745,1.0366,1.03915,0.0008500000000000174,false,false,,,,,,NO,,,,2025-01-31T21:00:00Z,1.03612,S2_CLOSE_INVALIDATION,-1.752941176470615,0.18823529411764323,2.952941176470542,1.6,false,
BOS_RETAINED,CONTROL,EUR/USD,EURUSD_2025-01-01,1h,demand,bullish_IPO_demand,2025-01-14T05:00:00Z,1.02503,1.02521,1.02419,1.024482,1.02521,1.0247,1.0247,1.02419,2025-02-02T22:00:00Z,2025-02-02T22:00:00Z,1.0247,1.02419,1.02572,0.0005100000000000104,false,true,2025-01-24T09:00:00Z,1.04945,bullish,195,132,NO,,,,2025-02-02T22:00:00Z,1.02572,TARGET,1.686274509803928,0.31372549019607204,0.5098039215684738,2.529411764705857,false,SAME_BAR_ENTRY_AND_EXIT
BOS_REMOVED,CONTROL,EUR/USD,EURUSD_2025-01-01,1h,supply,bearish_IPO_supply,2025-02-03T21:00:00Z,1.029537,1.03508,1.02925,1.03442,1.032165,1.02925,1.032165,1.03508,2025-02-04T02:00:00Z,2025-02-04T02:00:00Z,1.032165,1.03508,1.026335,0.002915000000000001,false,false,,,,,,NO,,,,2025-02-04T14:00:00Z,1.036002,S2_CLOSE_INVALIDATION,-1.371183533447715,0.05488850771869638,1.5454545454545385,1.713550600343081,false,
BOS_REMOVED,CONTROL,EUR/USD,EURUSD_2025-01-01,1h,supply,bearish_IPO_supply,2025-01-31T17:00:00Z,1.03998,1.04349,1.03899,1.04201,1.0412400000000002,1.03899,1.0412400000000002,1.04349,2025-02-05T12:00:00Z,2025-02-05T12:00:00Z,1.0412400000000002,1.04349,1.0367400000000004,0.0022499999999998632,false,false,,,,,,NO,,,,2025-02-06T08:00:00Z,1.0367400000000004,TARGET,1.9288888888888847,0.07111111111111544,1.4311111111110997,2.5155555555558062,false,
BOS_REMOVED,CONTROL,EUR/USD,EURUSD_2025-01-01,1h,demand,bullish_IPO_demand,2025-02-07T05:00:00Z,1.03811,1.0382,1.03737,1.03752,1.0382,1.037785,1.037785,1.03737,2025-02-07T12:00:00Z,2025-02-07T12:00:00Z,1.037785,1.03737,1.038615,0.0004150000000000542,false,false,,,,,,NO,,,,2025-02-07T13:00:00Z,1.03637,S2_CLOSE_INVALIDATION,-3.7951807228909358,0.38554216867464847,6.951807228914818,9.192771084336448,false,SAME_BAR_TARGET_AND_S2_RESOLVED_AS_S2
BOS_RETAINED,CONTROL,EUR/USD,EURUSD_2025-01-01,1h,demand,bullish_IPO_demand,2025-02-03T16:00:00Z,1.031648,1.03221,1.02721,1.0276,1.03221,1.0297100000000001,1.0297100000000001,1.02721,2025-02-09T22:00:00Z,2025-02-09T22:00:00Z,1.0297100000000001,1.02721,1.0347100000000005,0.0025000000000001688,false,true,2025-02-05T10:00:00Z,1.04252,bullish,42,60,NO,,,,2025-02-11T16:00:00Z,1.0347100000000005,TARGET,1.9360000000000044,0.06399999999999569,0.4239999999999957,2.1879999999997977,false,
BOS_RETAINED,CONTROL,EUR/USD,EURUSD_2025-01-01,1h,supply,bearish_IPO_supply,2025-02-07T14:00:00Z,1.03637,1.03891,1.03606,1.03859,1.037485,1.03606,1.037485,1.03891,2025-02-11T19:00:00Z,2025-02-11T19:00:00Z,1.037485,1.03891,1.034635,0.0014250000000000096,false,true,2025-02-11T03:00:00Z,1.02983,bearish,37,16,NO,,,,2025-02-11T19:00:00Z,1.034635,TARGET,1.8877192982456148,0.11228070175438522,0.5017543859649237,2.3192982456139433,false,SAME_BAR_ENTRY_AND_EXIT
BOS_RETAINED,CONTROL,EUR/USD,EURUSD_2025-01-01,1h,supply,bearish_IPO_supply,2025-02-07T14:00:00Z,1.03637,1.03891,1.03606,1.03859,1.037485,1.03606,1.037485,1.03891,2025-02-12T07:00:00Z,2025-02-12T07:00:00Z,1.037485,1.03891,1.034635,0.0014250000000000096,false,true,2025-02-11T03:00:00Z,1.02983,bearish,37,28,NO,,,,2025-02-12T13:00:00Z,1.034635,TARGET,1.8877192982456148,0.11228070175438522,0.796491228070246,4.08070175438587,false,
BOS_RETAINED,CONTROL,EUR/USD,EURUSD_2025-01-01,1h,supply,bearish_IPO_supply,2025-02-07T14:00:00Z,1.03637,1.03891,1.03606,1.03859,1.037485,1.03606,1.037485,1.03891,2025-02-12T15:00:00Z,2025-02-12T15:00:00Z,1.037485,1.03891,1.034635,0.0014250000000000096,false,true,2025-02-11T03:00:00Z,1.02983,bearish,37,36,NO,,,,2025-02-12T15:00:00Z,1.034635,TARGET,1.8877192982456148,0.11228070175438522,0.5789473684211018,2.5929824561403363,false,SAME_BAR_ENTRY_AND_EXIT
BOS_RETAINED,CONTROL,EUR/USD,EURUSD_2025-01-01,1h,supply,bearish_IPO_supply,2025-01-31T17:00:00Z,1.03998,1.04349,1.03899,1.04201,1.0412400000000002,1.03899,1.0412400000000002,1.04349,2025-02-12T18:00:00Z,2025-02-12T18:00:00Z,1.0412400000000002,1.04349,1.0367400000000004,0.0022499999999998632,false,true,2025-02-11T03:00:00Z,1.02983,bearish,154,39,NO,,,,2025-02-13T05:00:00Z,1.043518,S2_CLOSE_INVALIDATION,-1.0835555555555236,0.07111111111111544,1.177777777777769,1.4533333333334688,false,
BOS_RETAINED,CONTROL,EUR/USD,EURUSD_2025-01-01,1h,supply,bearish_IPO_supply,2025-01-30T15:00:00Z,1.042868,1.04429,1.04267,1.04313,1.04348,1.04267,1.04348,1.04429,2025-02-13T06:00:00Z,2025-02-13T06:00:00Z,1.04348,1.04429,1.04186,0.0008099999999999774,false,true,2025-02-11T03:00:00Z,1.02983,bearish,180,51,NO,,,,2025-02-13T08:00:00Z,1.04186,TARGET,1.8024691358024636,0.1975308641975364,0.7160493827161002,3.0493827160494336,false,
BOS_RETAINED,CONTROL,EUR/USD,EURUSD_2025-01-01,1h,supply,bearish_IPO_supply,2025-01-30T13:00:00Z,1.040355,1.04608,1.04012,1.045772,1.0431,1.04012,1.0431,1.04608,2025-02-13T15:00:00Z,2025-02-13T15:00:00Z,1.0431,1.04608,1.03714,0.0029799999999999827,false,true,2025-02-11T03:00:00Z,1.02983,bearish,182,60,NO,,,,2025-02-13T20:00:00Z,1.046193,S2_CLOSE_INVALIDATION,-1.0916107382550442,0.05369127516778555,1.1845637583892799,1.963087248322129,false,
BOS_RETAINED,CONTROL,EUR/USD,EURUSD_2025-01-01,1h,supply,bearish_IPO_supply,2025-01-27T19:00:00Z,1.0485,1.04932,1.0479,1.04927,1.04861,1.0479,1.04861,1.04932,2025-02-14T08:00:00Z,2025-02-14T08:00:00Z,1.04861,1.04932,1.04719,0.0007099999999999884,false,true,2025-02-11T03:00:00Z,1.02983,bearish,248,77,NO,,,,2025-02-14T08:00:00Z,1.04719,TARGET,1.77464788732394,0.22535211267606003,0.09859154929579667,3.225352112676285,false,SAME_BAR_ENTRY_AND_EXIT
BOS_RETAINED,CONTROL,EUR/USD,EURUSD_2025-01-01,1h,supply,bearish_IPO_supply,2025-01-27T19:00:00Z,1.0485,1.04932,1.0479,1.04927,1.04861,1.0479,1.04861,1.04932,2025-02-14T13:00:00Z,2025-02-14T13:00:00Z,1.04861,1.04932,1.04719,0.0007099999999999884,false,true,2025-02-11T03:00:00Z,1.02983,bearish,248,82,NO,,,,2025-02-14T13:00:00Z,1.04719,TARGET,1.77464788732394,0.22535211267606003,1.8028169014084066,2.126760563380489,false,SAME_BAR_ENTRY_AND_EXIT
BOS_REMOVED,CONTROL,EUR/USD,EURUSD_2025-01-01,1h,demand,bullish_IPO_demand,2025-02-14T21:00:00Z,1.04924,1.04953,1.04867,1.04912,1.04953,1.0491000000000001,1.0491000000000001,1.04867,2025-02-17T05:00:00Z,2025-02-17T05:00:00Z,1.0491000000000001,1.04867,1.0499600000000004,0.0004300000000001525,false,false,,,,,,NO,,,,2025-02-17T07:00:00Z,1.048237,S2_CLOSE_INVALIDATION,-2.379069767441152,0.37209302325568205,2.534883720929416,1.7674418604641915,false,
BOS_RETAINED,CONTROL,EUR/USD,EURUSD_2025-01-01,1h,demand,bullish_IPO_demand,2025-02-14T10:00:00Z,1.048147,1.04833,1.04642,1.04672,1.04833,1.047375,1.047375,1.04642,2025-02-17T09:00:00Z,2025-02-17T09:00:00Z,1.047375,1.04642,1.049285,0.0009550000000000392,false,true,2025-02-14T14:00:00Z,1.05089,bullish,4,19,NO,,,,2025-02-18T03:00:00Z,1.04629,S2_CLOSE_INVALIDATION,-1.3036649214659177,0.16753926701569996,1.2513089005233362,1.6806282722513224,false,
BOS_REMOVED,CONTROL,EUR/USD,EURUSD_2025-01-01,1h,supply,bearish_IPO_supply,2025-02-18T07:00:00Z,1.046107,1.04699,1.04583,1.04636,1.04641,1.04583,1.04641,1.04699,2025-02-18T15:00:00Z,2025-02-18T15:00:00Z,1.04641,1.04699,1.04525,0.0005800000000000249,false,false,,,,,,NO,,,,2025-02-18T15:00:00Z,1.04525,TARGET,1.7241379310344946,0.2758620689655054,0.5689655172412539,2.2241379310344103,false,SAME_BAR_ENTRY_AND_EXIT
BOS_RETAINED,CONTROL,EUR/USD,EURUSD_2025-01-01,1h,demand,bullish_IPO_demand,2025-02-13T18:00:00Z,1.04255,1.04322,1.03725,1.040938,1.04322,1.040235,1.040235,1.03725,2025-02-19T17:00:00Z,2025-02-19T17:00:00Z,1.040235,1.03725,1.046205,0.0029850000000000154,false,true,2025-02-14T14:00:00Z,1.05089,bullish,20,75,NO,,,,2025-02-20T15:00:00Z,1.046205,TARGET,1.9463986599664995,0.05360134003350057,0.055276381909537646,2.4639865996649792,false,
BOS_RETAINED,CONTROL,EUR/USD,EURUSD_2025-01-01,1h,supply,bearish_IPO_supply,2025-02-17T10:00:00Z,1.04742,1.04898,1.04731,1.048907,1.0481449999999999,1.04731,1.0481449999999999,1.04898,2025-02-20T17:00:00Z,2025-02-20T17:00:00Z,1.0481449999999999,1.04898,1.0464749999999996,0.0008350000000001412,false,true,2025-02-19T17:00:00Z,1.04098,bearish,55,24,NO,,,,2025-02-20T18:00:00Z,1.04981,S2_CLOSE_INVALIDATION,-2.1856287425146337,0.1916167664670335,2.089820359281213,1.2634730538917698,false,
BOS_REMOVED,CONTROL,EUR/USD,EURUSD_2025-01-01,1h,demand,bullish_IPO_demand,2025-02-21T01:00:00Z,1.049018,1.04936,1.04843,1.04869,1.04936,1.048895,1.048895,1.04843,2025-02-21T07:00:00Z,2025-02-21T07:00:00Z,1.048895,1.04843,1.0498249999999998,0.0004649999999999377,false,false,,,,,,NO,,,,2025-02-21T07:00:00Z,1.0498249999999998,TARGET,1.6559139784945776,0.3440860215054225,0.05376344086009696,2.397849462366341,false,SAME_BAR_ENTRY_AND_EXIT
BOS_REMOVED,CONTROL,EUR/USD,EURUSD_2025-01-01,1h,supply,bearish_IPO_supply,2025-02-21T14:00:00Z,1.047532,1.04933,1.047,1.048132,1.048165,1.047,1.048165,1.04933,2025-02-23T22:00:00Z,2025-02-23T22:00:00Z,1.048165,1.04933,1.0458349999999998,0.0011650000000000826,false,false,,,,,,NO,,,,2025-02-24T00:00:00Z,1.050402,S2_CLOSE_INVALIDATION,-2.057510729613626,0.13733905579398167,2.2618025751070867,1.6094420600857837,false,
BOS_RETAINED,CONTROL,EUR/USD,EURUSD_2025-01-01,1h,supply,bearish_IPO_supply,2024-12-17T00:00:00Z,1.051702,1.0535,1.05146,1.052882,1.05248,1.05146,1.05248,1.0535,2025-02-24T03:00:00Z,2025-02-24T03:00:00Z,1.05248,1.0535,1.05044,0.0010200000000000209,false,true,2025-02-19T17:00:00Z,1.04098,bearish,1053,58,NO,,,,2025-02-24T06:00:00Z,1.05044,TARGET,1.843137254901964,0.15686274509803602,0.13725490196059223,2.343137254902025,false,
BOS_REMOVED,CONTROL,EUR/USD,EURUSD_2025-01-01,1h,demand,bullish_IPO_demand,2025-02-23T23:00:00Z,1.04744,1.04854,1.04685,1.047397,1.04854,1.047695,1.047695,1.04685,2025-02-24T08:00:00Z,2025-02-24T08:00:00Z,1.047695,1.04685,1.049385,0.0008449999999999847,false,false,,,,,,NO,,,,2025-02-24T13:00:00Z,1.046728,S2_CLOSE_INVALIDATION,-1.333727810650841,0.18934911242603897,2.0059171597633525,1.8994082840235333,false,
BOS_REMOVED,CONTROL,EUR/USD,EURUSD_2025-01-01,1h,demand,bullish_IPO_demand,2025-02-21T15:00:00Z,1.04806,1.04866,1.04523,1.045432,1.04866,1.046945,1.046945,1.04523,2025-02-24T15:00:00Z,2025-02-24T15:00:00Z,1.046945,1.04523,1.0503749999999998,0.001714999999999911,false,false,,,,,,NO,,,,2025-02-25T13:00:00Z,1.0503749999999998,TARGET,1.9067055393585957,0.09329446064140426,0.7900874635568894,2.387755102040917,false,
BOS_RETAINED,CONTROL,EUR/USD,EURUSD_2025-01-01,1h,supply,bearish_IPO_supply,2024-12-17T00:00:00Z,1.051702,1.0535,1.05146,1.052882,1.05248,1.05146,1.05248,1.0535,2025-02-26T00:00:00Z,2025-02-26T00:00:00Z,1.05248,1.0535,1.05044,0.0010200000000000209,false,true,2025-02-19T17:00:00Z,1.04098,bearish,1053,103,NO,,,,2025-02-26T02:00:00Z,1.05044,TARGET,1.843137254901964,0.15686274509803602,0.05882352941171348,2.0490196078432397,false,
BOS_RETAINED,CONTROL,EUR/USD,EURUSD_2025-01-01,1h,demand,bullish_IPO_demand,2025-02-25T16:00:00Z,1.04984,1.05065,1.04944,1.0497,1.05065,1.050045,1.050045,1.04944,2025-02-26T04:00:00Z,2025-02-26T04:00:00Z,1.050045,1.04944,1.0512549999999998,0.0006049999999999667,false,true,2025-02-26T00:00:00Z,1.052298,bullish,8,4,NO,,,,2025-02-26T05:00:00Z,1.049157,S2_CLOSE_INVALIDATION,-1.732231404958773,0.26446280991737,1.677685950413296,0.8842975206614937,false,
BOS_RETAINED,CONTROL,EUR/USD,EURUSD_2025-01-01,1h,demand,bullish_IPO_demand,2025-02-21T15:00:00Z,1.04806,1.04866,1.04523,1.045432,1.04866,1.046945,1.046945,1.04523,2025-02-27T03:00:00Z,2025-02-27T03:00:00Z,1.046945,1.04523,1.0503749999999998,0.001714999999999911,false,true,2025-02-26T00:00:00Z,1.052298,bullish,57,27,NO,,,,2025-02-27T13:00:00Z,1.042307,S2_CLOSE_INVALIDATION,-2.7976676384840635,0.09329446064140426,2.95335276967951,1.338192419825105,false,
BOS_RETAINED,CONTROL,EUR/USD,EURUSD_2025-01-01,1h,demand,bullish_IPO_demand,2025-02-13T18:00:00Z,1.04255,1.04322,1.03725,1.040938,1.04322,1.040235,1.040235,1.03725,2025-02-27T17:00:00Z,2025-02-27T17:00:00Z,1.040235,1.03725,1.046205,0.0029850000000000154,false,true,2025-02-26T00:00:00Z,1.052298,bullish,198,41,NO,,,,2025-02-28T18:00:00Z,1.036338,S2_CLOSE_INVALIDATION,-1.3591289782244618,0.05360134003350057,1.3450586264656887,0.6080402010049885,false,
BOS_RETAINED,CONTROL,EUR/USD,EURUSD_2025-01-01,1h,supply,bearish_IPO_supply,2025-02-27T18:00:00Z,1.040748,1.04179,1.0407,1.04173,1.041245,1.0407,1.041245,1.04179,2025-03-03T00:00:00Z,2025-03-03T00:00:00Z,1.041245,1.04179,1.040155,0.0005450000000000177,false,true,2025-02-28T19:00:00Z,1.03678,bearish,25,5,NO,,,,2025-03-03T01:00:00Z,1.041983,S2_CLOSE_INVALIDATION,-1.647706422018529,0.2935779816513666,2.045871559632919,1.9174311926604197,false,
BOS_RETAINED,CONTROL,EUR/USD,EURUSD_2025-01-01,1h,supply,bearish_IPO_supply,2025-02-26T19:00:00Z,1.04881,1.04939,1.04816,1.04914,1.048775,1.04816,1.048775,1.04939,2025-03-03T14:00:00Z,2025-03-03T14:00:00Z,1.048775,1.04939,1.047545,0.0006150000000000322,false,true,2025-02-28T19:00:00Z,1.03678,bearish,48,19,NO,,,,2025-03-03T14:00:00Z,1.047545,TARGET,1.7398373983739974,0.2601626016260027,0.5772357723575035,3.1138211382114,false,SAME_BAR_ENTRY_AND_EXIT
BOS_REMOVED,CONTROL,EUR/USD,EURUSD_2025-01-01,1h,demand,bullish_IPO_demand,2025-03-04T10:00:00Z,1.05122,1.05198,1.05022,1.05114,1.05198,1.0511,1.0511,1.05022,2025-03-04T15:00:00Z,2025-03-04T15:00:00Z,1.0511,1.05022,1.05286,0.0008799999999999919,false,false,,,,,,NO,,,,2025-03-04T16:00:00Z,1.05286,TARGET,1.8181818181818166,0.18181818181818352,1.693181818181824,3.3522727272727675,false,
BOS_REMOVED,CONTROL,EUR/USD,EURUSD_2025-01-01,1h,demand,bullish_IPO_demand,2025-03-06T03:00:00Z,1.080528,1.0806,1.0788,1.079012,1.0806,1.0796999999999999,1.0796999999999999,1.0788,2025-03-06T17:00:00Z,2025-03-06T17:00:00Z,1.0796999999999999,1.0788,1.0814999999999997,0.0008999999999999009,false,false,,,,,,NO,,,,2025-03-06T17:00:00Z,1.0814999999999997,TARGET,1.8222222222222026,0.17777777777779738,0.6444444444442964,2.855555555556074,false,SAME_BAR_ENTRY_AND_EXIT
BOS_REMOVED,CONTROL,EUR/USD,EURUSD_2025-01-01,1h,demand,bullish_IPO_demand,2025-03-10T08:00:00Z,1.08228,1.08248,1.0805,1.081,1.08248,1.08149,1.08149,1.0805,2025-03-10T11:00:00Z,2025-03-10T11:00:00Z,1.08149,1.0805,1.0834700000000002,0.0009900000000000464,false,false,,,,,,NO,,,,2025-03-10T11:00:00Z,1.0834700000000002,TARGET,1.838383838383846,0.16161616161615405,0.31313131313133125,5.060606060605782,false,SAME_BAR_ENTRY_AND_EXIT
BOS_REMOVED,CONTROL,EUR/USD,EURUSD_2025-01-01,1h,demand,bullish_IPO_demand,2025-03-11T10:00:00Z,1.0909,1.09092,1.0882,1.08908,1.09092,1.08956,1.08956,1.0882,2025-03-11T14:00:00Z,2025-03-11T14:00:00Z,1.08956,1.0882,1.0922800000000001,0.0013600000000000279,false,false,,,,,,NO,,,,2025-03-11T15:00:00Z,1.0922800000000001,TARGET,1.882352941176473,0.11764705882352701,0.05147058823530372,2.477941176470444,false,
BOS_RETAINED,CONTROL,EUR/USD,EURUSD_2025-01-01,1h,demand,bullish_IPO_demand,2025-03-11T10:00:00Z,1.0909,1.09092,1.0882,1.08908,1.09092,1.08956,1.08956,1.0882,2025-03-12T06:00:00Z,2025-03-12T06:00:00Z,1.08956,1.0882,1.0922800000000001,0.0013600000000000279,false,true,2025-03-11T18:00:00Z,1.093133,bullish,8,12,NO,,,,2025-03-12T09:00:00Z,1.0922800000000001,TARGET,1.882352941176473,0.11764705882352701,0.6176470588236447,2.3014705882351403,false,
BOS_REMOVED,CONTROL,EUR/USD,EURUSD_2025-01-01,1h,demand,bullish_IPO_demand,2025-03-12T12:00:00Z,1.09009,1.09354,1.08758,1.08778,1.09354,1.09056,1.09056,1.08758,2025-03-12T16:00:00Z,2025-03-12T16:00:00Z,1.09056,1.08758,1.09652,0.0029799999999999827,false,false,,,,,,NO,,,,2025-03-13T06:00:00Z,1.087427,S2_CLOSE_INVALIDATION,-1.105033557047004,0.05369127516778555,1.2281879194630934,0.7617449664429555,false,
BOS_RETAINED,CONTROL,EUR/USD,EURUSD_2025-01-01,1h,demand,bullish_IPO_demand,2025-03-11T05:00:00Z,1.085447,1.08561,1.08354,1.08384,1.08561,1.084575,1.084575,1.08354,2025-03-13T11:00:00Z,2025-03-13T11:00:00Z,1.084575,1.08354,1.0866450000000003,0.0010350000000001192,false,true,2025-03-11T18:00:00Z,1.093133,bullish,13,41,NO,,,,2025-03-13T11:00:00Z,1.0866450000000003,TARGET,1.8454106280193414,0.15458937198065853,0.23671497584543238,2.845410628018972,false,SAME_BAR_ENTRY_AND_EXIT
BOS_REMOVED,CONTROL,EUR/USD,EURUSD_2025-01-01,1h,supply,bearish_IPO_supply,2025-03-13T21:00:00Z,1.085245,1.08591,1.08441,1.08531,1.0851600000000001,1.08441,1.0851600000000001,1.08591,2025-03-14T05:00:00Z,2025-03-14T05:00:00Z,1.0851600000000001,1.08591,1.0836600000000005,0.0007499999999998064,false,false,,,,,,NO,,,,2025-03-14T06:00:00Z,1.0836600000000005,TARGET,1.7866666666666116,0.21333333333338841,0.03999999999997632,2.25333333333417,false,
BOS_RETAINED,CONTROL,EUR/USD,EURUSD_2025-01-01,1h,supply,bearish_IPO_supply,2025-03-13T21:00:00Z,1.085245,1.08591,1.08441,1.08531,1.0851600000000001,1.08441,1.0851600000000001,1.08591,2025-03-14T09:00:00Z,2025-03-14T09:00:00Z,1.0851600000000001,1.08591,1.0836600000000005,0.0007499999999998064,false,true,2025-03-14T02:00:00Z,1.084032,bearish,5,7,NO,,,,2025-03-14T10:00:00Z,1.089573,S2_CLOSE_INVALIDATION,-6.097333333334611,0.21333333333338841,8.213333333335378,0.6533333333336373,false,
BOS_RETAINED,CONTROL,EUR/USD,EURUSD_2025-01-01,1h,demand,bullish_IPO_demand,2025-03-17T12:00:00Z,1.09023,1.09115,1.08866,1.09018,1.09115,1.089905,1.089905,1.08866,2025-03-18T12:00:00Z,2025-03-18T12:00:00Z,1.089905,1.08866,1.0923949999999998,0.0012449999999999406,false,true,2025-03-18T08:00:00Z,1.09518,bullish,20,4,NO,,,,2025-03-18T12:00:00Z,1.0923949999999998,TARGET,1.8714859437750944,0.12851405622490575,0.5502008032127368,2.020080321285273,false,SAME_BAR_ENTRY_AND_EXIT
BOS_RETAINED,CONTROL,EUR/USD,EURUSD_2025-01-01,1h,demand,bullish_IPO_demand,2025-03-18T02:00:00Z,1.09136,1.09166,1.09077,1.09088,1.09166,1.091215,1.091215,1.09077,2025-03-18T13:00:00Z,2025-03-18T13:00:00Z,1.091215,1.09077,1.092105,0.0004450000000000287,false,true,2025-03-18T08:00:00Z,1.09518,bullish,6,5,NO,,,,2025-03-18T13:00:00Z,1.092105,TARGET,1.6404494382022703,0.35955056179772965,2.460674157303365,2.033707865168259,false,SAME_BAR_ENTRY_AND_EXIT
BOS_RETAINED,CONTROL,EUR/USD,EURUSD_2025-01-01,1h,demand,bullish_IPO_demand,2025-03-18T02:00:00Z,1.09136,1.09166,1.09077,1.09088,1.09166,1.091215,1.091215,1.09077,2025-03-18T15:00:00Z,2025-03-18T15:00:00Z,1.091215,1.09077,1.092105,0.0004450000000000287,false,true,2025-03-18T08:00:00Z,1.09518,bullish,6,7,NO,,,,2025-03-18T15:00:00Z,1.092105,TARGET,1.6404494382022703,0.35955056179772965,3.539325842696635,5.044943820224511,false,SAME_BAR_ENTRY_AND_EXIT
BOS_RETAINED,CONTROL,EUR/USD,EURUSD_2025-01-01,1h,demand,bullish_IPO_demand,2025-03-17T00:00:00Z,1.08798,1.08834,1.08753,1.087973,1.08834,1.087935,1.087935,1.08753,2025-03-19T07:00:00Z,2025-03-19T07:00:00Z,1.087935,1.08753,1.088745,0.0004049999999999887,false,true,2025-03-18T08:00:00Z,1.09518,bullish,32,23,NO,,,,2025-03-19T07:00:00Z,1.088745,TARGET,1.6049382716049272,0.3950617283950728,1.6172839506175074,10.901234567901133,false,SAME_BAR_ENTRY_AND_EXIT
BOS_REMOVED,CONTROL,EUR/USD,EURUSD_2025-01-01,1h,demand,bullish_IPO_demand,2025-03-18T12:00:00Z,1.0917,1.09242,1.08922,1.0911,1.09242,1.09082,1.09082,1.08922,2025-03-19T08:00:00Z,2025-03-19T08:00:00Z,1.09082,1.08922,1.0940199999999995,0.0015999999999998238,false,false,,,,,,NO,,,,2025-03-19T14:00:00Z,1.088405,S2_CLOSE_INVALIDATION,-1.6093750000000735,0.10000000000001102,1.6562500000000695,0.6125000000001943,false,
BOS_RETAINED,CONTROL,EUR/USD,EURUSD_2025-01-01,1h,demand,bullish_IPO_demand,2025-03-17T00:00:00Z,1.08798,1.08834,1.08753,1.087973,1.08834,1.087935,1.087935,1.08753,2025-03-19T16:00:00Z,2025-03-19T16:00:00Z,1.087935,1.08753,1.088745,0.0004049999999999887,false,true,2025-03-18T08:00:00Z,1.09518,bullish,32,32,NO,,,,2025-03-19T17:00:00Z,1.08698,S2_CLOSE_INVALIDATION,-2.75308641975326,0.3950617283950728,4.7037037037039475,1.814814814814693,false,
BOS_RETAINED,CONTROL,EUR/USD,EURUSD_2025-01-01,1h,demand,bullish_IPO_demand,2025-03-17T07:00:00Z,1.087773,1.08848,1.08684,1.08765,1.08848,1.08766,1.08766,1.08684,2025-03-19T18:00:00Z,2025-03-19T18:00:00Z,1.08766,1.08684,1.0893000000000002,0.0008200000000000429,false,true,2025-03-18T08:00:00Z,1.09518,bullish,25,34,NO,,,,2025-03-19T18:00:00Z,1.0893000000000002,TARGET,1.804878048780498,0.195121951219502,1.6463414634145022,4.536585365853354,false,SAME_BAR_ENTRY_AND_EXIT
BOS_REMOVED,CONTROL,EUR/USD,EURUSD_2025-01-01,1h,supply,bearish_IPO_supply,2025-03-19T08:00:00Z,1.08927,1.09111,1.08918,1.090728,1.0901450000000001,1.08918,1.0901450000000001,1.09111,2025-03-19T20:00:00Z,2025-03-19T20:00:00Z,1.0901450000000001,1.09111,1.0882150000000004,0.0009649999999998826,false,false,,,,,,NO,,,,2025-03-19T23:00:00Z,1.09118,S2_CLOSE_INVALIDATION,-1.238341968911961,0.16580310880831034,1.3005181347149604,0.6062176165804444,false,
BOS_RETAINED,CONTROL,EUR/USD,EURUSD_2025-01-01,1h,supply,bearish_IPO_supply,2025-03-19T11:00:00Z,1.09001,1.09136,1.08935,1.0909,1.0903550000000002,1.08935,1.0903550000000002,1.09136,2025-03-20T00:00:00Z,2025-03-20T00:00:00Z,1.0903550000000002,1.09136,1.0883450000000003,0.0010049999999999226,false,true,2025-03-19T17:00:00Z,1.08698,bearish,6,7,NO,,,,2025-03-20T07:00:00Z,1.0883450000000003,TARGET,1.8407960199004854,0.15920398009951475,1.4179104477610918,3.88557213930405,false,
BOS_RETAINED,CONTROL,EUR/USD,EURUSD_2025-01-01,1h,demand,bullish_IPO_demand,2025-03-14T02:00:00Z,1.08411,1.08436,1.0834,1.084032,1.08436,1.08388,1.08388,1.0834,2025-03-20T09:00:00Z,2025-03-20T09:00:00Z,1.08388,1.0834,1.08484,0.00048000000000003595,false,true,2025-03-18T08:00:00Z,1.09518,bullish,53,49,NO,,,,2025-03-20T09:00:00Z,1.08484,TARGET,1.6666666666666916,0.3333333333333084,0.16666666666635827,6.291666666666242,false,SAME_BAR_ENTRY_AND_EXIT
BOS_RETAINED,CONTROL,EUR/USD,EURUSD_2025-01-01,1h,demand,bullish_IPO_demand,2025-03-10T08:00:00Z,1.08228,1.08248,1.0805,1.081,1.08248,1.08149,1.08149,1.0805,2025-03-20T13:00:00Z,2025-03-20T13:00:00Z,1.08149,1.0805,1.0834700000000002,0.0009900000000000464,false,true,2025-03-18T08:00:00Z,1.09518,bullish,143,53,NO,,,,2025-03-20T13:00:00Z,1.0834700000000002,TARGET,1.838383838383846,0.16161616161615405,0.04040404040407892,2.49494949494935,false,SAME_BAR_ENTRY_AND_EXIT
BOS_RETAINED,CONTROL,EUR/USD,EURUSD_2025-01-01,1h,demand,bullish_IPO_demand,2025-03-10T08:00:00Z,1.08228,1.08248,1.0805,1.081,1.08248,1.08149,1.08149,1.0805,2025-03-21T16:00:00Z,2025-03-21T16:00:00Z,1.08149,1.0805,1.0834700000000002,0.0009900000000000464,false,true,2025-03-18T08:00:00Z,1.09518,bullish,143,80,NO,,,,2025-03-23T23:00:00Z,1.0834700000000002,TARGET,1.838383838383846,0.16161616161615405,1.080808080808158,2.282828282828104,false,
BOS_RETAINED,CONTROL,EUR/USD,EURUSD_2025-01-01,1h,supply,bearish_IPO_supply,2025-03-20T22:00:00Z,1.08556,1.08595,1.0851,1.085738,1.085525,1.0851,1.085525,1.08595,2025-03-24T08:00:00Z,2025-03-24T08:00:00Z,1.085525,1.08595,1.0846750000000003,0.0004249999999998977,false,true,2025-03-21T15:00:00Z,1.08068,bearish,17,16,NO,,,,2025-03-24T08:00:00Z,1.0846750000000003,TARGET,1.6235294117646153,0.37647058823538476,0.8588235294118508,4.247058823530567,false,SAME_BAR_ENTRY_AND_EXIT
BOS_RETAINED,CONTROL,EUR/USD,EURUSD_2025-01-01,1h,supply,bearish_IPO_supply,2025-03-20T22:00:00Z,1.08556,1.08595,1.0851,1.085738,1.085525,1.0851,1.085525,1.08595,2025-03-24T10:00:00Z,2025-03-24T10:00:00Z,1.085525,1.08595,1.0846750000000003,0.0004249999999998977,false,true,2025-03-21T15:00:00Z,1.08068,bearish,17,18,NO,,,,2025-03-24T10:00:00Z,1.0846750000000003,TARGET,1.6235294117646153,0.37647058823538476,0.035294117646776084,4.458823529412792,false,SAME_BAR_ENTRY_AND_EXIT
BOS_RETAINED,CONTROL,EUR/USD,EURUSD_2025-01-01,1h,demand,bullish_IPO_demand,2025-03-06T23:00:00Z,1.07916,1.07968,1.07844,1.078747,1.07968,1.0790600000000001,1.0790600000000001,1.07844,2025-03-24T15:00:00Z,2025-03-24T15:00:00Z,1.0790600000000001,1.07844,1.0803000000000003,0.0006200000000000649,false,true,2025-03-18T08:00:00Z,1.09518,bullish,176,102,NO,,,,2025-03-24T15:00:00Z,1.0803000000000003,TARGET,1.7419354838709946,0.2580645161290053,0.04838709677450547,2.4193548387091575,false,SAME_BAR_ENTRY_AND_EXIT
BOS_RETAINED,CONTROL,EUR/USD,EURUSD_2025-01-01,1h,demand,bullish_IPO_demand,2025-03-06T21:00:00Z,1.07868,1.07909,1.07748,1.07851,1.07909,1.0782850000000002,1.0782850000000002,1.07748,2025-03-24T16:00:00Z,2025-03-24T16:00:00Z,1.0782850000000002,1.07748,1.0798950000000005,0.0008050000000001667,false,true,2025-03-18T08:00:00Z,1.09518,bullish,178,103,NO,,,,2025-03-24T16:00:00Z,1.0798950000000005,TARGET,1.8012422360248859,0.19875776397511413,0.1925465838510499,3.099378881986829,false,SAME_BAR_ENTRY_AND_EXIT
BOS_RETAINED,CONTROL,EUR/USD,EURUSD_2025-01-01,1h,demand,bullish_IPO_demand,2025-03-06T23:00:00Z,1.07916,1.07968,1.07844,1.078747,1.07968,1.0790600000000001,1.0790600000000001,1.07844,2025-03-24T17:00:00Z,2025-03-24T17:00:00Z,1.0790600000000001,1.07844,1.0803000000000003,0.0006200000000000649,false,true,2025-03-18T08:00:00Z,1.09518,bullish,176,104,NO,,,,2025-03-24T18:00:00Z,1.0803000000000003,TARGET,1.7419354838709946,0.2580645161290053,1.1451612903228001,3.7096774193543998,false,
BOS_RETAINED,CONTROL,EUR/USD,EURUSD_2025-01-01,1h,demand,bullish_IPO_demand,2025-03-06T23:00:00Z,1.07916,1.07968,1.07844,1.078747,1.07968,1.0790600000000001,1.0790600000000001,1.07844,2025-03-25T08:00:00Z,2025-03-25T08:00:00Z,1.0790600000000001,1.07844,1.0803000000000003,0.0006200000000000649,false,true,2025-03-18T08:00:00Z,1.09518,bullish,176,119,NO,,,,2025-03-25T09:00:00Z,1.0803000000000003,TARGET,1.7419354838709946,0.2580645161290053,2.241935483871095,2.2096774193543998,false,
BOS_RETAINED,CONTROL,EUR/USD,EURUSD_2025-01-01,1h,demand,bullish_IPO_demand,2025-03-06T23:00:00Z,1.07916,1.07968,1.07844,1.078747,1.07968,1.0790600000000001,1.0790600000000001,1.07844,2025-03-25T20:00:00Z,2025-03-25T20:00:00Z,1.0790600000000001,1.07844,1.0803000000000003,0.0006200000000000649,false,true,2025-03-18T08:00:00Z,1.09518,bullish,176,131,NO,,,,2025-03-26T04:00:00Z,1.078423,S2_CLOSE_INVALIDATION,-1.2854838709679632,0.2580645161290053,2.080645161290484,1.9516129032254945,false,
BOS_RETAINED,CONTROL,EUR/USD,EURUSD_2025-01-01,1h,demand,bullish_IPO_demand,2025-03-06T21:00:00Z,1.07868,1.07909,1.07748,1.07851,1.07909,1.0782850000000002,1.0782850000000002,1.07748,2025-03-26T05:00:00Z,2025-03-26T05:00:00Z,1.0782850000000002,1.07748,1.0798950000000005,0.0008050000000001667,false,true,2025-03-18T08:00:00Z,1.09518,bullish,178,140,NO,,,,2025-03-26T08:00:00Z,1.0798950000000005,TARGET,1.8012422360248859,0.19875776397511413,0.6397515527952281,2.142857142856394,false,
BOS_RETAINED,CONTROL,EUR/USD,EURUSD_2025-01-01,1h,demand,bullish_IPO_demand,2025-03-06T21:00:00Z,1.07868,1.07909,1.07748,1.07851,1.07909,1.0782850000000002,1.0782850000000002,1.07748,2025-03-26T12:00:00Z,2025-03-26T12:00:00Z,1.0782850000000002,1.07748,1.0798950000000005,0.0008050000000001667,false,true,2025-03-18T08:00:00Z,1.09518,bullish,178,147,NO,,,,2025-03-26T17:00:00Z,1.07568,S2_CLOSE_INVALIDATION,-3.434782608695177,0.19875776397511413,3.8695652173907527,1.6086956521733613,false,
BOS_REMOVED,CONTROL,EUR/USD,EURUSD_2025-01-01,1h,supply,bearish_IPO_supply,2025-03-26T20:00:00Z,1.075147,1.07572,1.07501,1.075373,1.0753650000000001,1.07501,1.0753650000000001,1.07572,2025-03-27T00:00:00Z,2025-03-27T00:00:00Z,1.0753650000000001,1.07572,1.0746550000000004,0.0003549999999998832,false,false,,,,,,NO,,,,2025-03-27T00:00:00Z,1.0746550000000004,TARGET,1.549295774647739,0.450704225352261,1.2253521126763558,3.676056338029693,false,SAME_BAR_ENTRY_AND_EXIT
BOS_REMOVED,CONTROL,EUR/USD,EURUSD_2025-01-01,1h,supply,bearish_IPO_supply,2025-03-25T21:00:00Z,1.07918,1.08027,1.07888,1.079322,1.0795750000000002,1.07888,1.0795750000000002,1.08027,2025-03-27T11:00:00Z,2025-03-27T11:00:00Z,1.0795750000000002,1.08027,1.0781850000000004,0.0006949999999998902,false,false,,,,,,NO,,,,2025-03-27T11:00:00Z,1.0781850000000004,TARGET,1.7697841726618342,0.2302158273381659,0.6115107913668559,2.482014388489887,false,SAME_BAR_ENTRY_AND_EXIT
BOS_REMOVED,CONTROL,EUR/USD,EURUSD_2025-01-01,1h,supply,bearish_IPO_supply,2025-03-26T14:00:00Z,1.07748,1.07958,1.07729,1.07908,1.078435,1.07729,1.078435,1.07958,2025-03-27T12:00:00Z,2025-03-27T12:00:00Z,1.078435,1.07958,1.0761450000000001,0.0011449999999999516,false,false,,,,,,NO,,,,2025-03-27T15:00:00Z,1.07992,S2_CLOSE_INVALIDATION,-1.4366812227074481,0.13973799126638145,3.253275109170424,0.7205240174673454,false,
BOS_REMOVED,CONTROL,EUR/USD,EURUSD_2025-01-01,1h,supply,bearish_IPO_supply,2025-03-25T21:00:00Z,1.07918,1.08027,1.07888,1.079322,1.0795750000000002,1.07888,1.0795750000000002,1.08027,2025-03-27T19:00:00Z,2025-03-27T19:00:00Z,1.0795750000000002,1.08027,1.0781850000000004,0.0006949999999998902,false,false,,,,,,NO,,,,2025-03-28T07:00:00Z,1.0781850000000004,TARGET,1.7697841726618342,0.2302158273381659,1.1294964028776082,2.0647482014392833,false,
BOS_REMOVED,CONTROL,EUR/USD,EURUSD_2025-01-01,1h,supply,bearish_IPO_supply,2025-03-25T12:00:00Z,1.08183,1.08306,1.08154,1.08254,1.0823,1.08154,1.0823,1.08306,2025-03-28T15:00:00Z,2025-03-28T15:00:00Z,1.0823,1.08306,1.0807800000000003,0.0007599999999998719,false,false,,,,,,NO,,,,2025-03-30T22:00:00Z,1.0807800000000003,TARGET,1.7894736842104908,0.2105263157895092,2.907894736842655,2.486842105263508,false,
BOS_RETAINED,CONTROL,EUR/USD,EURUSD_2025-01-01,1h,demand,bullish_IPO_demand,2025-03-28T17:00:00Z,1.08218,1.08291,1.08118,1.08197,1.08291,1.082045,1.082045,1.08118,2025-03-31T08:00:00Z,2025-03-31T08:00:00Z,1.082045,1.08118,1.0837749999999997,0.0008649999999998936,false,true,2025-03-31T02:00:00Z,1.08408,bullish,9,6,NO,,,,2025-03-31T12:00:00Z,1.08035,S2_CLOSE_INVALIDATION,-2.1445086705204974,0.1849710982659187,2.2832369942197466,1.6358381502894106,false,
BOS_REMOVED,CONTROL,BTC/USD,BTCUSD_2025-01-01,1h,supply,bearish_IPO_supply,2025-01-27T14:00:00Z,100483.98,102317.94,100105.54,101920.89,101211.73999999999,100105.54,101211.73999999999,102317.94,2025-01-27T20:00:00Z,2025-01-27T20:00:00Z,101211.73999999999,102317.94,98999.33999999997,1106.2000000000116,false,false,,,,,,NO,,,,2025-01-28T02:00:00Z,102402.01,S2_CLOSE_INVALIDATION,-1.3509577834026292,0.27495886819742976,1.518947749050797,1.4511661544024295,false,
BOS_RETAINED,CONTROL,BTC/USD,BTCUSD_2025-01-01,1h,supply,bearish_IPO_supply,2025-02-02T15:00:00Z,99205.08,99405.74,98720.55,99346.87,99063.145,98720.55,99063.145,99405.74,2025-02-03T17:00:00Z,2025-02-03T17:00:00Z,99063.145,99405.74,98377.955,342.59500000000116,false,true,2025-02-03T02:00:00Z,93566.01,bearish,11,15,NO,,,,2025-02-03T17:00:00Z,98377.955,TARGET,1.1312799661407813,0.8687200338592186,0.7295640625227793,2.990601147127071,false,SAME_BAR_ENTRY_AND_EXIT
BOS_RETAINED,CONTROL,BTC/USD,BTCUSD_2025-01-01,1h,supply,bearish_IPO_supply,2025-02-02T08:00:00Z,99643.3,100100,99315.91,99831.04,99707.955,99315.91,99707.955,100100,2025-02-03T18:00:00Z,2025-02-03T18:00:00Z,99707.955,100100,98923.865,392.04499999999825,false,true,2025-02-03T02:00:00Z,93566.01,bearish,18,16,NO,,,,2025-02-03T19:00:00Z,101880,S2_CLOSE_INVALIDATION,-6.3041057786733905,0.7638106594906231,5.540295119182767,1.9558596589677382,false,
BOS_REMOVED,CONTROL,BTC/USD,BTCUSD_2025-01-01,1h,demand,bullish_IPO_demand,2025-02-06T19:00:00Z,96316.83,96945.85,95676.64,95983,96945.85,96311.245,96311.245,95676.64,2025-02-07T23:00:00Z,2025-02-07T23:00:00Z,96311.245,95676.64,97580.45499999999,634.6049999999959,false,false,,,,,,NO,,,,2025-02-09T21:00:00Z,95173.78,S2_CLOSE_INVALIDATION,-2.2486198501430112,0.4562214290779333,2.518487878286502,1.5944485152181398,false,
BOS_REMOVED,CONTROL,BTC/USD,BTCUSD_2025-01-01,1h,supply,bearish_IPO_supply,2025-02-07T18:00:00Z,97434.79,98353.1,97300.01,97751.99,97826.555,97300.01,97826.555,98353.1,2025-02-10T09:00:00Z,2025-02-10T09:00:00Z,97826.555,98353.1,96773.46499999997,526.5450000000128,false,false,,,,,,NO,,,,2025-02-11T05:00:00Z,98412.24,S2_CLOSE_INVALIDATION,-1.668763999278297,0.5564469133692143,1.2380043491059443,1.8235193573198307,false,
BOS_RETAINED,CONTROL,BTC/USD,BTCUSD_2025-01-01,1h,supply,bearish_IPO_supply,2025-02-11T11:00:00Z,97961.24,98232.91,97894.38,98151.52,98063.645,97894.38,98063.645,98232.91,2025-02-13T01:00:00Z,2025-02-13T01:00:00Z,98063.645,98232.91,97725.115,169.26499999999942,false,true,2025-02-12T13:00:00Z,94975.38,bearish,26,12,NO,,,,2025-02-13T02:00:00Z,97725.115,TARGET,0.2633233686822378,1.7366766313177622,0.11972351047174246,4.113047588101553,false,
BOS_RETAINED,CONTROL,BTC/USD,BTCUSD_2025-01-01,1h,demand,bullish_IPO_demand,2025-02-19T04:00:00Z,95710.25,95768.95,95213.85,95213.85,95768.95,95491.4,95491.4,95213.85,2025-02-21T19:00:00Z,2025-02-21T19:00:00Z,95491.4,95213.85,96046.49999999997,277.54999999998836,false,true,2025-02-21T13:00:00Z,99334.93,bullish,57,6,NO,,,,2025-02-21T19:00:00Z,96046.49999999997,TARGET,0.9700762745450839,1.029923725454916,0.8800216177265727,4.819311835705501,false,SAME_BAR_ENTRY_AND_EXIT
BOS_REMOVED,CONTROL,BTC/USD,BTCUSD_2025-01-01,1h,supply,bearish_IPO_supply,2025-02-25T08:00:00Z,89320.01,90000,89012.03,89400.53,89506.015,89012.03,89506.015,90000,2025-02-25T13:00:00Z,2025-02-25T13:00:00Z,89506.015,90000,88518.045,493.9850000000006,false,false,,,,,,NO,,,,2025-02-25T14:00:00Z,88518.045,TARGET,1.4605538022409594,0.5394461977590407,0.07770478860693081,4.917183720153439,false,
BOS_RETAINED,CONTROL,BTC/USD,BTCUSD_2025-01-01,1h,supply,bearish_IPO_supply,2025-02-26T14:00:00Z,87191.99,87741.33,85418.72,87621.22,86580.025,85418.72,86580.025,87741.33,2025-02-27T07:00:00Z,2025-02-27T07:00:00Z,86580.025,87741.33,84257.41499999998,1161.3050000000076,false,true,2025-02-26T20:00:00Z,84385.89,bearish,6,11,NO,,,,2025-02-27T19:00:00Z,84257.41499999998,TARGET,1.777133457618801,0.22286654238119902,0.42920249202406685,2.553398977874008,false,
BOS_REMOVED,CONTROL,BTC/USD,BTCUSD_2025-01-01,1h,supply,bearish_IPO_supply,2025-02-27T22:00:00Z,84409.18,84758.63,83881.08,84716.34,84319.85500000001,83881.08,84319.85500000001,84758.63,2025-02-28T15:00:00Z,2025-02-28T15:00:00Z,84319.85500000001,84758.63,83442.30500000002,438.7749999999942,false,false,,,,,,NO,,,,2025-02-28T15:00:00Z,83442.30500000002,TARGET,1.425639222836298,0.574360777163702,0.2416614437923545,5.291083129166536,false,SAME_BAR_ENTRY_AND_EXIT
BOS_REMOVED,CONTROL,BTC/USD,BTCUSD_2025-01-01,1h,supply,bearish_IPO_supply,2025-02-27T22:00:00Z,84409.18,84758.63,83881.08,84716.34,84319.85500000001,83881.08,84319.85500000001,84758.63,2025-02-28T17:00:00Z,2025-02-28T17:00:00Z,84319.85500000001,84758.63,83442.30500000002,438.7749999999942,false,false,,,,,,NO,,,,2025-02-28T18:00:00Z,83442.30500000002,TARGET,1.4283736311321218,0.5716263688678783,1.823588399521395,2.5597287903823576,false,
BOS_REMOVED,CONTROL,BTC/USD,BTCUSD_2025-01-01,1h,supply,bearish_IPO_supply,2025-02-27T22:00:00Z,84409.18,84758.63,83881.08,84716.34,84319.85500000001,83881.08,84319.85500000001,84758.63,2025-02-28T19:00:00Z,2025-02-28T19:00:00Z,84319.85500000001,84758.63,83442.30500000002,438.7749999999942,false,false,,,,,,NO,,,,2025-03-01T02:00:00Z,85240.46,S2_CLOSE_INVALIDATION,-2.6755283915446677,0.5774029286080642,3.0955615064668867,1.6406016751182726,false,
BOS_REMOVED,CONTROL,BTC/USD,BTCUSD_2025-01-01,1h,supply,bearish_IPO_supply,2025-02-27T15:00:00Z,84969.99,86145.52,84640.75,85500.84,85393.13500000001,84640.75,85393.13500000001,86145.52,2025-03-01T03:00:00Z,2025-03-01T03:00:00Z,85393.13500000001,86145.52,83888.36500000002,752.3849999999948,false,false,,,,,,NO,,,,2025-03-01T04:00:00Z,86190.01,S2_CLOSE_INVALIDATION,-1.3993733527382828,0.3402413923722586,1.548229962054,0.5737687487124411,false,
BOS_RETAINED,CONTROL,BTC/USD,BTCUSD_2025-01-01,1h,supply,bearish_IPO_supply,2025-02-24T17:00:00Z,94434.48,95194.59,94328.01,94644,94761.29999999999,94328.01,94761.29999999999,95194.59,2025-03-02T17:00:00Z,2025-03-02T17:00:00Z,94761.29999999999,95194.59,93894.71999999997,433.29000000000815,false,true,2025-02-26T20:00:00Z,84385.89,bearish,51,93,NO,,,,2025-03-02T17:00:00Z,93894.71999999997,TARGET,1.3485165824274858,0.6514834175725143,0.5509012439705674,9.520875164439316,false,SAME_BAR_ENTRY_AND_EXIT
BOS_REMOVED,CONTROL,BTC/USD,BTCUSD_2025-01-01,1h,demand,bullish_IPO_demand,2025-03-02T18:00:00Z,94093.74,94399.8,92364.39,92794.19,94399.8,93382.095,93382.095,92364.39,2025-03-03T01:00:00Z,2025-03-03T01:00:00Z,93382.095,92364.39,95417.505,1017.7050000000017,false,false,,,,,,NO,,,,2025-03-03T06:00:00Z,91645.99,S2_CLOSE_INVALIDATION,-1.980297748365187,0.2743957433637444,2.0049572322038296,0.05967839403363497,false,
BOS_REMOVED,CONTROL,BTC/USD,BTCUSD_2025-01-01,1h,demand,bullish_IPO_demand,2025-03-02T14:00:00Z,85710.81,85911.84,85050.6,85107.45,85911.84,85481.22,85481.22,85050.6,2025-03-03T21:00:00Z,2025-03-03T21:00:00Z,85481.22,85050.6,86342.45999999999,430.61999999999534,false,false,,,,,,NO,,,,2025-03-03T21:00:00Z,86342.45999999999,TARGET,1.4052227253727119,0.594777274627288,0.8455482792253135,2.5565463749942086,false,SAME_BAR_ENTRY_AND_EXIT
BOS_REMOVED,CONTROL,BTC/USD,BTCUSD_2025-01-01,1h,demand,bullish_IPO_demand,2025-03-04T20:00:00Z,88206.19,88840.03,86692.9,86825.27,88840.03,87766.465,87766.465,86692.9,2025-03-05T08:00:00Z,2025-03-05T08:00:00Z,87766.465,86692.9,89913.595,1073.5650000000023,false,false,,,,,,NO,,,,2025-03-05T10:00:00Z,89913.595,TARGET,1.754761006552934,0.24523899344706604,0.15505814738743917,2.6952583215734465,false,
BOS_RETAINED,CONTROL,BTC/USD,BTCUSD_2025-01-01,1h,supply,bearish_IPO_supply,2025-03-03T17:00:00Z,90154,91000,89912,90300.01,90456,89912,90456,91000,2025-03-05T12:00:00Z,2025-03-05T12:00:00Z,90456,91000,89368,544,false,true,2025-03-04T15:00:00Z,82985.06,bearish,22,21,NO,,,,2025-03-05T13:00:00Z,89368,TARGET,1.5017134007352941,0.49828659926470587,0.878345588235307,2.486176470588228,false,
BOS_RETAINED,CONTROL,BTC/USD,BTCUSD_2025-01-01,1h,demand,bullish_IPO_demand,2025-03-04T20:00:00Z,88206.19,88840.03,86692.9,86825.27,88840.03,87766.465,87766.465,86692.9,2025-03-05T16:00:00Z,2025-03-05T16:00:00Z,87766.465,86692.9,89913.595,1073.5650000000023,false,true,2025-03-05T12:00:00Z,90355.97,bullish,16,4,NO,,,,2025-03-05T17:00:00Z,89913.595,TARGET,1.7515012225622115,0.2484987774377885,0.15505814738743917,2.5232147098685225,false,
BOS_RETAINED,CONTROL,BTC/USD,BTCUSD_2025-01-01,1h,supply,bearish_IPO_supply,2025-03-03T17:00:00Z,90154,91000,89912,90300.01,90456,89912,90456,91000,2025-03-05T21:00:00Z,2025-03-05T21:00:00Z,90456,91000,89368,544,false,true,2025-03-04T15:00:00Z,82985.06,bearish,22,30,NO,,,,2025-03-06T01:00:00Z,91057.19,S2_CLOSE_INVALIDATION,-1.6035342279411808,0.4984055514705882,2.659944852941167,0.9629963235294032,false,
BOS_RETAINED,CONTROL,BTC/USD,BTCUSD_2025-01-01,1h,demand,bullish_IPO_demand,2025-03-05T21:00:00Z,90499.64,90700,89932.13,90377.54,90700,90316.065,90316.065,89932.13,2025-03-06T12:00:00Z,2025-03-06T12:00:00Z,90316.065,89932.13,91083.935,383.9349999999977,false,true,2025-03-06T05:00:00Z,92737.98,bullish,8,7,NO,,,,2025-03-06T12:00:00Z,91083.935,TARGET,1.2959587951085427,0.7040412048914573,1.2685610845585873,2.8206467240548503,false,SAME_BAR_ENTRY_AND_EXIT
BOS_RETAINED,CONTROL,BTC/USD,BTCUSD_2025-01-01,1h,demand,bullish_IPO_demand,2025-03-05T15:00:00Z,88519.94,89550.72,87926.06,88344.25,89550.72,88738.39,88738.39,87926.06,2025-03-06T18:00:00Z,2025-03-06T18:00:00Z,88738.39,87926.06,90363.05,812.3300000000017,false,true,2025-03-06T05:00:00Z,92737.98,bullish,14,13,NO,,,,2025-03-06T22:00:00Z,90363.05,TARGET,1.6734267723708351,0.3265732276291648,1.1108662735587722,2.514753856191441,false,
BOS_REMOVED,CONTROL,BTC/USD,BTCUSD_2025-01-01,1h,demand,bullish_IPO_demand,2025-03-07T03:00:00Z,87235.01,87694,86778.57,86991.25,87694,87236.285,87236.285,86778.57,2025-03-07T16:00:00Z,2025-03-07T16:00:00Z,87236.285,86778.57,88151.715,457.7149999999965,false,false,,,,,,NO,,,,2025-03-07T16:00:00Z,88151.715,TARGET,1.4282203773090199,0.5717796226909801,1.338944539724534,3.816883868783002,false,SAME_BAR_ENTRY_AND_EXIT
BOS_REMOVED,CONTROL,BTC/USD,BTCUSD_2025-01-01,1h,demand,bullish_IPO_demand,2025-03-07T00:00:00Z,89931.88,91283.02,84667.03,85529.22,91283.02,87975.025,87975.025,84667.03,2025-03-07T17:00:00Z,2025-03-07T17:00:00Z,87975.025,84667.03,94591.01499999998,3307.9949999999953,false,false,,,,,,NO,,,,2025-03-09T12:00:00Z,84599.99,S2_CLOSE_INVALIDATION,-1.0997879289418497,0.07952187654455353,1.128981452511264,0.31692460236487985,false,
BOS_RETAINED,CONTROL,BTC/USD,BTCUSD_2025-01-01,1h,demand,bullish_IPO_demand,2025-03-04T13:00:00Z,83763.73,83764.56,82300,82804,83764.56,83032.28,83032.28,82300,2025-03-09T20:00:00Z,2025-03-09T20:00:00Z,83032.28,82300,84496.84,732.2799999999988,false,true,2025-03-06T05:00:00Z,92737.98,bullish,40,87,NO,,,,2025-03-09T21:00:00Z,81845.11,S2_CLOSE_INVALIDATION,-1.9615713251761628,0.3403745152127607,2.017370404763207,0.6928770415688063,false,
BOS_RETAINED,CONTROL,BTC/USD,BTCUSD_2025-01-01,1h,supply,bearish_IPO_supply,2025-03-09T14:00:00Z,83489.96,83817.25,83000,83602.57,83408.625,83000,83408.625,83817.25,2025-03-10T09:00:00Z,2025-03-10T09:00:00Z,83408.625,83817.25,82591.375,408.625,false,true,2025-03-09T23:00:00Z,80734.37,bearish,9,10,NO,,,,2025-03-10T09:00:00Z,82591.375,TARGET,1.394205494034873,0.605794505965127,1.7493667788314626,5.098329764453944,false,SAME_BAR_ENTRY_AND_EXIT
BOS_RETAINED,CONTROL,BTC/USD,BTCUSD_2025-01-01,1h,supply,bearish_IPO_supply,2025-03-09T14:00:00Z,83489.96,83817.25,83000,83602.57,83408.625,83000,83408.625,83817.25,2025-03-10T11:00:00Z,2025-03-10T11:00:00Z,83408.625,83817.25,82591.375,408.625,false,true,2025-03-09T23:00:00Z,80734.37,bearish,9,12,NO,,,,2025-03-10T11:00:00Z,82591.375,TARGET,1.3863664729275007,0.6136335270724993,1.0214622208626591,3.286375038238003,false,SAME_BAR_ENTRY_AND_EXIT
BOS_RETAINED,CONTROL,BTC/USD,BTCUSD_2025-01-01,1h,supply,bearish_IPO_supply,2025-03-10T15:00:00Z,79847.09,81118.32,79570.57,80043.85,80344.445,79570.57,80344.445,81118.32,2025-03-11T06:00:00Z,2025-03-11T06:00:00Z,80344.445,81118.32,78796.695,773.875,false,true,2025-03-10T19:00:00Z,79060.84,bearish,4,11,NO,,,,2025-03-11T08:00:00Z,81131.16,S2_CLOSE_INVALIDATION,-1.327104493619766,0.31051266677434985,1.526312388951689,0.3313778064933057,false,
BOS_RETAINED,CONTROL,BTC/USD,BTCUSD_2025-01-01,1h,supply,bearish_IPO_supply,2025-03-09T14:00:00Z,83489.96,83817.25,83000,83602.57,83408.625,83000,83408.625,83817.25,2025-03-11T18:00:00Z,2025-03-11T18:00:00Z,83408.625,83817.25,82591.375,408.625,false,true,2025-03-10T19:00:00Z,79060.84,bearish,29,23,NO,,,,2025-03-11T18:00:00Z,82591.375,TARGET,1.3885767635362496,0.6114232364637504,0.15022330988068464,5.188167635362495,false,SAME_BAR_ENTRY_AND_EXIT
BOS_REMOVED,CONTROL,BTC/USD,BTCUSD_2025-01-01,1h,demand,bullish_IPO_demand,2025-03-12T10:00:00Z,82680.06,82771.05,82106.09,82492.67,82771.05,82438.57,82438.57,82106.09,2025-03-12T13:00:00Z,2025-03-12T13:00:00Z,82438.57,82106.09,83103.53000000003,332.4800000000105,false,false,,,,,,NO,,,,2025-03-12T13:00:00Z,83103.53000000003,TARGET,1.253913588787319,0.746086411212681,0.24401467757459727,5.349344321462741,false,SAME_BAR_ENTRY_AND_EXIT
BOS_REMOVED,CONTROL,BTC/USD,BTCUSD_2025-01-01,1h,demand,bullish_IPO_demand,2025-03-12T06:00:00Z,81987.44,81987.44,81296,81425.98,81987.44,81641.72,81641.72,81296,2025-03-12T14:00:00Z,2025-03-12T14:00:00Z,81641.72,81296,82333.16,345.72000000000116,false,false,,,,,,NO,,,,2025-03-12T14:00:00Z,82333.16,TARGET,1.2924703228045842,0.7075296771954159,0.3272590535693597,3.6984553974314482,false,SAME_BAR_ENTRY_AND_EXIT
BOS_RETAINED,CONTROL,BTC/USD,BTCUSD_2025-01-01,1h,demand,bullish_IPO_demand,2025-03-12T06:00:00Z,81987.44,81987.44,81296,81425.98,81987.44,81641.72,81641.72,81296,2025-03-12T16:00:00Z,2025-03-12T16:00:00Z,81641.72,81296,82333.16,345.72000000000116,false,true,2025-03-12T12:00:00Z,84069,bullish,6,4,NO,,,,2025-03-12T17:00:00Z,82333.16,TARGET,1.2886952447067015,0.7113047552932985,0.0436191137336622,3.5947876894596478,false,
BOS_REMOVED,CONTROL,BTC/USD,BTCUSD_2025-01-01,1h,supply,bearish_IPO_supply,2025-03-13T14:00:00Z,81777.15,82524.46,81546.52,82009.5,82035.49,81546.52,82035.49,82524.46,2025-03-14T02:00:00Z,2025-03-14T02:00:00Z,82035.49,82524.46,81057.55,488.97000000000116,false,false,,,,,,NO,,,,2025-03-14T08:00:00Z,82593.44,S2_CLOSE_INVALIDATION,-1.6455629997750274,0.5044909503650519,1.2510378959854382,0.9141256109781979,false,
BOS_REMOVED,CONTROL,BTC/USD,BTCUSD_2025-01-01,1h,demand,bullish_IPO_demand,2025-03-19T20:00:00Z,85433.38,85854.99,85200.1,85353.99,85854.99,85527.54500000001,85527.54500000001,85200.1,2025-03-20T05:00:00Z,2025-03-20T05:00:00Z,85527.54500000001,85200.1,86182.43500000003,327.445000000007,false,false,,,,,,NO,,,,2025-03-20T08:00:00Z,86182.43500000003,TARGET,1.2136638519446183,0.7863361480553818,0.17955687214650262,2.3590373955930635,false,
BOS_RETAINED,CONTROL,BTC/USD,BTCUSD_2025-01-01,1h,supply,bearish_IPO_supply,2025-03-30T09:00:00Z,83378.1,83517.78,83255.83,83502.32,83386.805,83255.83,83386.805,83517.78,2025-03-31T18:00:00Z,2025-03-31T18:00:00Z,83386.805,83517.78,83124.85499999998,130.97500000000582,false,true,2025-03-31T00:00:00Z,81646.89,bearish,15,18,NO,,,,2025-03-31T18:00:00Z,83124.85499999998,TARGET,0.09219881656813222,1.9078011834318678,1.3681618629509373,5.427028058789551,false,SAME_BAR_ENTRY_AND_EXIT
BOS_REMOVED,CONTROL,EUR/USD,EURUSD_2025-04-01,1h,supply,bearish_IPO_supply,2025-03-19T08:00:00Z,1.08927,1.09111,1.08918,1.090728,1.0901450000000001,1.08918,1.0901450000000001,1.09111,2025-03-19T18:00:00Z,2025-03-19T18:00:00Z,1.0901450000000001,1.09111,1.0882150000000004,0.0009649999999998826,false,false,,,,,,NO,,,,2025-03-19T18:00:00Z,1.0882150000000004,TARGET,1.8341968911916897,0.16580310880831034,1.279792746114016,3.974093264249222,false,SAME_BAR_ENTRY_AND_EXIT
BOS_REMOVED,CONTROL,EUR/USD,EURUSD_2025-04-01,1h,supply,bearish_IPO_supply,2025-03-19T08:00:00Z,1.08927,1.09111,1.08918,1.090728,1.0901450000000001,1.08918,1.0901450000000001,1.09111,2025-03-19T20:00:00Z,2025-03-19T20:00:00Z,1.0901450000000001,1.09111,1.0882150000000004,0.0009649999999998826,false,false,,,,,,NO,,,,2025-03-19T23:00:00Z,1.09118,S2_CLOSE_INVALIDATION,-1.238341968911961,0.16580310880831034,1.3005181347149604,0.6062176165804444,false,
BOS_RETAINED,CONTROL,EUR/USD,EURUSD_2025-04-01,1h,supply,bearish_IPO_supply,2025-03-19T11:00:00Z,1.09001,1.09136,1.08935,1.0909,1.0903550000000002,1.08935,1.0903550000000002,1.09136,2025-03-20T00:00:00Z,2025-03-20T00:00:00Z,1.0903550000000002,1.09136,1.0883450000000003,0.0010049999999999226,false,true,2025-03-19T17:00:00Z,1.08698,bearish,6,7,NO,,,,2025-03-20T07:00:00Z,1.0883450000000003,TARGET,1.8407960199004854,0.15920398009951475,1.4179104477610918,3.88557213930405,false,
BOS_RETAINED,CONTROL,EUR/USD,EURUSD_2025-04-01,1h,supply,bearish_IPO_supply,2025-03-20T22:00:00Z,1.08556,1.08595,1.0851,1.085738,1.085525,1.0851,1.085525,1.08595,2025-03-24T08:00:00Z,2025-03-24T08:00:00Z,1.085525,1.08595,1.0846750000000003,0.0004249999999998977,false,true,2025-03-21T15:00:00Z,1.08068,bearish,17,16,NO,,,,2025-03-24T08:00:00Z,1.0846750000000003,TARGET,1.6235294117646153,0.37647058823538476,0.8588235294118508,4.247058823530567,false,SAME_BAR_ENTRY_AND_EXIT
BOS_RETAINED,CONTROL,EUR/USD,EURUSD_2025-04-01,1h,supply,bearish_IPO_supply,2025-03-20T22:00:00Z,1.08556,1.08595,1.0851,1.085738,1.085525,1.0851,1.085525,1.08595,2025-03-24T10:00:00Z,2025-03-24T10:00:00Z,1.085525,1.08595,1.0846750000000003,0.0004249999999998977,false,true,2025-03-21T15:00:00Z,1.08068,bearish,17,18,NO,,,,2025-03-24T10:00:00Z,1.0846750000000003,TARGET,1.6235294117646153,0.37647058823538476,0.035294117646776084,4.458823529412792,false,SAME_BAR_ENTRY_AND_EXIT
BOS_REMOVED,CONTROL,EUR/USD,EURUSD_2025-04-01,1h,demand,bullish_IPO_demand,2025-03-25T07:00:00Z,1.079477,1.08025,1.07849,1.0787,1.08025,1.07937,1.07937,1.07849,2025-03-25T20:00:00Z,2025-03-25T20:00:00Z,1.07937,1.07849,1.08113,0.0008799999999999919,false,false,,,,,,NO,,,,2025-03-26T00:00:00Z,1.078448,S2_CLOSE_INVALIDATION,-1.229545454545315,0.18181818181818352,1.1704545454544022,1.022727272727422,false,
BOS_REMOVED,CONTROL,EUR/USD,EURUSD_2025-04-01,1h,supply,bearish_IPO_supply,2025-03-25T21:00:00Z,1.07918,1.08027,1.07888,1.079322,1.0795750000000002,1.07888,1.0795750000000002,1.08027,2025-03-26T08:00:00Z,2025-03-26T08:00:00Z,1.0795750000000002,1.08027,1.0781850000000004,0.0006949999999998902,false,false,,,,,,NO,,,,2025-03-26T12:00:00Z,1.0781850000000004,TARGET,1.7697841726618342,0.2302158273381659,1.057553956834599,2.0359712230221434,false,
BOS_REMOVED,CONTROL,EUR/USD,EURUSD_2025-04-01,1h,supply,bearish_IPO_supply,2025-03-25T21:00:00Z,1.07918,1.08027,1.07888,1.079322,1.0795750000000002,1.07888,1.0795750000000002,1.08027,2025-03-26T14:00:00Z,2025-03-26T14:00:00Z,1.0795750000000002,1.08027,1.0781850000000004,0.0006949999999998902,false,false,,,,,,NO,,,,2025-03-26T14:00:00Z,1.0781850000000004,TARGET,1.7697841726618342,0.2302158273381659,0.007194244604045327,3.2877697841733147,false,SAME_BAR_ENTRY_AND_EXIT
BOS_REMOVED,CONTROL,EUR/USD,EURUSD_2025-04-01,1h,supply,bearish_IPO_supply,2025-03-26T20:00:00Z,1.075147,1.07572,1.07501,1.075373,1.0753650000000001,1.07501,1.0753650000000001,1.07572,2025-03-27T00:00:00Z,2025-03-27T00:00:00Z,1.0753650000000001,1.07572,1.0746550000000004,0.0003549999999998832,false,false,,,,,,NO,,,,2025-03-27T00:00:00Z,1.0746550000000004,TARGET,1.549295774647739,0.450704225352261,1.2253521126763558,3.676056338029693,false,SAME_BAR_ENTRY_AND_EXIT
BOS_REMOVED,CONTROL,EUR/USD,EURUSD_2025-04-01,1h,supply,bearish_IPO_supply,2025-03-25T21:00:00Z,1.07918,1.08027,1.07888,1.079322,1.0795750000000002,1.07888,1.0795750000000002,1.08027,2025-03-27T11:00:00Z,2025-03-27T11:00:00Z,1.0795750000000002,1.08027,1.0781850000000004,0.0006949999999998902,false,false,,,,,,NO,,,,2025-03-27T11:00:00Z,1.0781850000000004,TARGET,1.7697841726618342,0.2302158273381659,0.6115107913668559,2.482014388489887,false,SAME_BAR_ENTRY_AND_EXIT
BOS_REMOVED,CONTROL,EUR/USD,EURUSD_2025-04-01,1h,supply,bearish_IPO_supply,2025-03-26T14:00:00Z,1.07748,1.07958,1.07729,1.07908,1.078435,1.07729,1.078435,1.07958,2025-03-27T12:00:00Z,2025-03-27T12:00:00Z,1.078435,1.07958,1.0761450000000001,0.0011449999999999516,false,false,,,,,,NO,,,,2025-03-27T15:00:00Z,1.07992,S2_CLOSE_INVALIDATION,-1.4366812227074481,0.13973799126638145,3.253275109170424,0.7205240174673454,false,
BOS_REMOVED,CONTROL,EUR/USD,EURUSD_2025-04-01,1h,supply,bearish_IPO_supply,2025-03-25T21:00:00Z,1.07918,1.08027,1.07888,1.079322,1.0795750000000002,1.07888,1.0795750000000002,1.08027,2025-03-27T19:00:00Z,2025-03-27T19:00:00Z,1.0795750000000002,1.08027,1.0781850000000004,0.0006949999999998902,false,false,,,,,,NO,,,,2025-03-28T07:00:00Z,1.0781850000000004,TARGET,1.7697841726618342,0.2302158273381659,1.1294964028776082,2.0647482014392833,false,
BOS_REMOVED,CONTROL,EUR/USD,EURUSD_2025-04-01,1h,supply,bearish_IPO_supply,2025-03-25T12:00:00Z,1.08183,1.08306,1.08154,1.08254,1.0823,1.08154,1.0823,1.08306,2025-03-28T15:00:00Z,2025-03-28T15:00:00Z,1.0823,1.08306,1.0807800000000003,0.0007599999999998719,false,false,,,,,,NO,,,,2025-03-30T22:00:00Z,1.0807800000000003,TARGET,1.7894736842104908,0.2105263157895092,2.907894736842655,2.486842105263508,false,
BOS_RETAINED,CONTROL,EUR/USD,EURUSD_2025-04-01,1h,demand,bullish_IPO_demand,2025-03-28T17:00:00Z,1.08218,1.08291,1.08118,1.08197,1.08291,1.082045,1.082045,1.08118,2025-03-31T08:00:00Z,2025-03-31T08:00:00Z,1.082045,1.08118,1.0837749999999997,0.0008649999999998936,false,true,2025-03-31T02:00:00Z,1.08408,bullish,9,6,NO,,,,2025-03-31T12:00:00Z,1.08035,S2_CLOSE_INVALIDATION,-2.1445086705204974,0.1849710982659187,2.2832369942197466,1.6358381502894106,false,
BOS_REMOVED,CONTROL,EUR/USD,EURUSD_2025-04-01,1h,supply,bearish_IPO_supply,2025-04-01T03:00:00Z,1.0824,1.08285,1.08211,1.08269,1.0824799999999999,1.08211,1.0824799999999999,1.08285,2025-04-01T09:00:00Z,2025-04-01T09:00:00Z,1.0824799999999999,1.08285,1.0817399999999995,0.0003700000000002035,false,false,,,,,,NO,,,,2025-04-01T09:00:00Z,1.0817399999999995,TARGET,1.5675675675678054,0.43243243243219465,1.297297297296681,2.8648648648628536,false,SAME_BAR_ENTRY_AND_EXIT
BOS_REMOVED,CONTROL,EUR/USD,EURUSD_2025-04-01,1h,supply,bearish_IPO_supply,2025-04-01T22:00:00Z,1.079435,1.08088,1.07902,1.079855,1.0799500000000002,1.07902,1.0799500000000002,1.08088,2025-04-02T09:00:00Z,2025-04-02T09:00:00Z,1.0799500000000002,1.08088,1.0780900000000004,0.0009299999999998754,false,false,,,,,,NO,,,,2025-04-02T12:00:00Z,1.082134,S2_CLOSE_INVALIDATION,-2.5204301075269417,0.17204301075271125,2.4741935483873063,0.9161290322585066,false,
BOS_RETAINED,CONTROL,EUR/USD,EURUSD_2025-04-01,1h,supply,bearish_IPO_supply,2025-03-19T11:00:00Z,1.09001,1.09136,1.08935,1.0909,1.0903550000000002,1.08935,1.0903550000000002,1.09136,2025-04-02T20:00:00Z,2025-04-02T20:00:00Z,1.0903550000000002,1.09136,1.0883450000000003,0.0010049999999999226,false,true,2025-04-01T11:00:00Z,1.07812,bearish,215,33,NO,,,,2025-04-02T20:00:00Z,1.0883450000000003,TARGET,1.8407960199004854,0.15920398009951475,1.1044776119401072,8.762189054727134,false,SAME_BAR_ENTRY_AND_EXIT
BOS_RETAINED,CONTROL,EUR/USD,EURUSD_2025-04-01,1h,supply,bearish_IPO_supply,2025-03-19T11:00:00Z,1.09001,1.09136,1.08935,1.0909,1.0903550000000002,1.08935,1.0903550000000002,1.09136,2025-04-02T23:00:00Z,2025-04-02T23:00:00Z,1.0903550000000002,1.09136,1.0883450000000003,0.0010049999999999226,false,true,2025-04-01T11:00:00Z,1.07812,bearish,215,36,NO,,,,2025-04-02T23:00:00Z,1.0883450000000003,TARGET,1.8407960199004854,0.15920398009951475,0.9860696517411128,6.078606965174739,false,SAME_BAR_ENTRY_AND_EXIT
BOS_REMOVED,CONTROL,EUR/USD,EURUSD_2025-04-01,1h,demand,bullish_IPO_demand,2025-04-03T23:00:00Z,1.10668,1.10668,1.10461,1.10473,1.10668,1.105645,1.105645,1.10461,2025-04-04T06:00:00Z,2025-04-04T06:00:00Z,1.105645,1.10461,1.1077149999999998,0.0010349999999998971,false,false,,,,,,NO,,,,2025-04-04T06:00:00Z,1.1077149999999998,TARGET,1.8454106280193083,0.1545893719806917,0.29468599033819326,3.1352657004833477,false,SAME_BAR_ENTRY_AND_EXIT
BOS_RETAINED,CONTROL,EUR/USD,EURUSD_2025-04-01,1h,demand,bullish_IPO_demand,2025-04-03T07:00:00Z,1.099022,1.099384,1.09505,1.097213,1.099384,1.097217,1.097217,1.09505,2025-04-04T14:00:00Z,2025-04-04T14:00:00Z,1.097217,1.09505,1.1015510000000002,0.00216700000000003,false,true,2025-04-03T10:00:00Z,1.10485,bullish,3,28,NO,,,,2025-04-04T15:00:00Z,1.1015510000000002,TARGET,1.9261652053530236,0.07383479464697637,0.3350253807106573,2.119520073834695,false,
BOS_RETAINED,CONTROL,EUR/USD,EURUSD_2025-04-01,1h,demand,bullish_IPO_demand,2025-04-03T07:00:00Z,1.099022,1.099384,1.09505,1.097213,1.099384,1.097217,1.097217,1.09505,2025-04-04T16:00:00Z,2025-04-04T16:00:00Z,1.097217,1.09505,1.1015510000000002,0.00216700000000003,false,true,2025-04-03T10:00:00Z,1.10485,bullish,3,30,NO,,,,2025-04-04T16:00:00Z,1.1015510000000002,TARGET,1.9261652053530236,0.07383479464697637,0.2796492847254721,2.1748961698199825,false,SAME_BAR_ENTRY_AND_EXIT
BOS_REMOVED,CONTROL,EUR/USD,EURUSD_2025-04-01,1h,demand,bullish_IPO_demand,2025-04-07T02:00:00Z,1.096611,1.096611,1.092538,1.093733,1.096611,1.0945745,1.0945745,1.092538,2025-04-07T11:00:00Z,2025-04-07T11:00:00Z,1.0945745,1.092538,1.0986475,0.0020364999999999966,false,false,,,,,,NO,,,,2025-04-07T12:00:00Z,1.0986475,TARGET,1.9214338325558555,0.0785661674441445,0.29585072428188675,2.1244782715442705,false,
BOS_REMOVED,CONTROL,EUR/USD,EURUSD_2025-04-01,1h,demand,bullish_IPO_demand,2025-04-07T02:00:00Z,1.096611,1.096611,1.092538,1.093733,1.096611,1.0945745,1.0945745,1.092538,2025-04-07T13:00:00Z,2025-04-07T13:00:00Z,1.0945745,1.092538,1.0986475,0.0020364999999999966,false,false,,,,,,NO,,,,2025-04-07T15:00:00Z,1.091703,S2_CLOSE_INVALIDATION,-1.4885833537932338,0.0785661674441445,1.9364105082249479,1.5912104100171789,false,
BOS_REMOVED,CONTROL,EUR/USD,EURUSD_2025-04-01,1h,demand,bullish_IPO_demand,2025-04-07T15:00:00Z,1.092061,1.093853,1.090631,1.091703,1.093853,1.092242,1.092242,1.090631,2025-04-08T09:00:00Z,2025-04-08T09:00:00Z,1.092242,1.090631,1.095464,0.001611000000000029,false,false,,,,,,NO,,,,2025-04-08T12:00:00Z,1.095464,TARGET,1.9006828057107406,0.09931719428925954,0.4823091247672338,3.0111731843575873,false,
BOS_RETAINED,CONTROL,EUR/USD,EURUSD_2025-04-01,1h,demand,bullish_IPO_demand,2025-04-03T00:00:00Z,1.090394,1.090988,1.088376,1.089325,1.090988,1.089682,1.089682,1.088376,2025-04-08T14:00:00Z,2025-04-08T14:00:00Z,1.089682,1.088376,1.092294,0.0013060000000000294,false,true,2025-04-03T10:00:00Z,1.10485,bullish,10,75,NO,,,,2025-04-08T14:00:00Z,1.092294,TARGET,1.8774885145482416,0.12251148545175836,0.09188361408891066,3.1018376722817274,false,SAME_BAR_ENTRY_AND_EXIT
BOS_REMOVED,CONTROL,EUR/USD,EURUSD_2025-04-01,1h,supply,bearish_IPO_supply,2025-04-08T12:00:00Z,1.094092,1.097093,1.094092,1.09505,1.0955925,1.094092,1.0955925,1.097093,2025-04-08T19:00:00Z,2025-04-08T19:00:00Z,1.0955925,1.097093,1.0925914999999997,0.0015005000000001267,false,false,,,,,,NO,,,,2025-04-08T23:00:00Z,1.097936,S2_CLOSE_INVALIDATION,-1.668443852049212,0.10663112295900466,2.1242919026990013,0.84071976007992,false,
BOS_REMOVED,CONTROL,EUR/USD,EURUSD_2025-04-01,1h,supply,bearish_IPO_supply,2025-04-09T06:00:00Z,1.10644,1.10914,1.10473,1.10779,1.106935,1.10473,1.106935,1.10914,2025-04-10T10:00:00Z,2025-04-10T10:00:00Z,1.106935,1.10914,1.102525,0.0022050000000000125,false,false,,,,,,NO,,,,2025-04-10T12:00:00Z,1.11025,S2_CLOSE_INVALIDATION,-1.5759637188208333,0.07256235827664359,2.9047619047618856,0.44671201814059325,false,
BOS_RETAINED,CONTROL,EUR/USD,EURUSD_2025-04-01,1h,demand,bullish_IPO_demand,2025-04-11T05:00:00Z,1.13225,1.13225,1.12752,1.12867,1.13225,1.129885,1.129885,1.12752,2025-04-11T17:00:00Z,2025-04-11T17:00:00Z,1.129885,1.12752,1.134615,0.0023649999999999505,false,true,2025-04-11T08:00:00Z,1.14325,bullish,3,9,NO,,,,2025-04-11T20:00:00Z,1.134615,TARGET,1.932346723044396,0.06765327695560396,0.45877378435519045,2.8477801268499268,false,
BOS_REMOVED,CONTROL,EUR/USD,EURUSD_2025-04-01,1h,demand,bullish_IPO_demand,2025-04-14T13:00:00Z,1.13417,1.13417,1.13007,1.13314,1.13417,1.13212,1.13212,1.13007,2025-04-15T01:00:00Z,2025-04-15T01:00:00Z,1.13212,1.13007,1.1362200000000002,0.0020500000000001073,false,false,,,,,,NO,,,,2025-04-15T04:00:00Z,1.1362200000000002,TARGET,1.9219512195121993,0.0780487804878008,0.12682926829264066,2.195121951219372,false,
BOS_RETAINED,CONTROL,EUR/USD,EURUSD_2025-04-01,1h,demand,bullish_IPO_demand,2025-04-11T05:00:00Z,1.13225,1.13225,1.12752,1.12867,1.13225,1.129885,1.129885,1.12752,2025-04-15T15:00:00Z,2025-04-15T15:00:00Z,1.129885,1.12752,1.134615,0.0023649999999999505,false,true,2025-04-14T01:00:00Z,1.13882,bullish,20,38,NO,,,,2025-04-16T04:00:00Z,1.134615,TARGET,1.932346723044396,0.06765327695560396,1.2663847780127457,2.1923890063425384,false,
BOS_REMOVED,CONTROL,EUR/USD,EURUSD_2025-04-01,1h,demand,bullish_IPO_demand,2025-04-22T00:00:00Z,1.15141,1.15146,1.14817,1.14901,1.15146,1.1498149999999998,1.1498149999999998,1.14817,2025-04-22T06:00:00Z,2025-04-22T06:00:00Z,1.1498149999999998,1.14817,1.1531049999999996,0.0016449999999998965,false,false,,,,,,NO,,,,2025-04-22T06:00:00Z,1.1531049999999996,TARGET,1.9027355623100242,0.09726443768997572,0.13677811550147956,2.9270516717328503,false,SAME_BAR_ENTRY_AND_EXIT
BOS_REMOVED,CONTROL,EUR/USD,EURUSD_2025-04-01,1h,demand,bullish_IPO_demand,2025-04-22T00:00:00Z,1.15141,1.15146,1.14817,1.14901,1.15146,1.1498149999999998,1.1498149999999998,1.14817,2025-04-22T08:00:00Z,2025-04-22T08:00:00Z,1.1498149999999998,1.14817,1.1531049999999996,0.0016449999999998965,false,false,,,,,,NO,,,,2025-04-22T12:00:00Z,1.14702,S2_CLOSE_INVALIDATION,-1.7963525835866667,0.09726443768997572,2.2340425531915526,1.0547112462008348,false,
BOS_RETAINED,CONTROL,EUR/USD,EURUSD_2025-04-01,1h,demand,bullish_IPO_demand,2025-04-18T06:00:00Z,1.13723,1.13756,1.13616,1.13661,1.13756,1.13686,1.13686,1.13616,2025-04-22T21:00:00Z,2025-04-22T21:00:00Z,1.13686,1.13616,1.1382599999999998,0.0006999999999999229,false,true,2025-04-22T05:00:00Z,1.15423,bullish,46,16,NO,,,,2025-04-22T21:00:00Z,1.1382599999999998,TARGET,1.7714285714285463,0.22857142857145377,0.9428571428570794,9.02857142857257,false,SAME_BAR_ENTRY_AND_EXIT
BOS_REMOVED,CONTROL,EUR/USD,EURUSD_2025-04-01,1h,supply,bearish_IPO_supply,2025-04-23T14:00:00Z,1.13353,1.1383,1.13267,1.13512,1.135485,1.13267,1.135485,1.1383,2025-04-24T02:00:00Z,2025-04-24T02:00:00Z,1.135485,1.1383,1.129855,0.002815000000000012,false,false,,,,,,NO,,,,2025-04-24T09:00:00Z,1.13844,S2_CLOSE_INVALIDATION,-1.1065719360567694,0.05683836589698023,1.3801065719360213,0.8650088809947342,false,
BOS_RETAINED,CONTROL,EUR/USD,EURUSD_2025-04-01,1h,supply,bearish_IPO_supply,2025-04-23T11:00:00Z,1.1402,1.14162,1.13858,1.14102,1.1401,1.13858,1.1401,1.14162,2025-04-29T08:00:00Z,2025-04-29T08:00:00Z,1.1401,1.14162,1.1370599999999995,0.0015200000000001879,false,true,2025-04-28T06:00:00Z,1.13322,bearish,66,8,NO,,,,2025-04-29T12:00:00Z,1.1370599999999995,TARGET,1.8947368421052762,0.10526315789472385,0.9276315789473415,2.0526315789469765,false,
BOS_RETAINED,CONTROL,EUR/USD,EURUSD_2025-04-01,1h,supply,bearish_IPO_supply,2025-04-23T11:00:00Z,1.1402,1.14162,1.13858,1.14102,1.1401,1.13858,1.1401,1.14162,2025-04-29T15:00:00Z,2025-04-29T15:00:00Z,1.1401,1.14162,1.1370599999999995,0.0015200000000001879,false,true,2025-04-28T06:00:00Z,1.13322,bearish,66,15,NO,,,,2025-04-30T01:00:00Z,1.1370599999999995,TARGET,1.8947368421052762,0.10526315789472385,1.2039473684209028,2.914473684210123,false,
BOS_RETAINED,CONTROL,EUR/USD,EURUSD_2025-04-01,1h,demand,bullish_IPO_demand,2025-04-15T21:00:00Z,1.12905,1.12931,1.12829,1.12854,1.12931,1.1288,1.1288,1.12829,2025-05-01T05:00:00Z,2025-05-01T05:00:00Z,1.1288,1.12829,1.12982,0.0005100000000000104,false,true,2025-04-22T05:00:00Z,1.15423,bullish,103,149,NO,,,,2025-05-01T05:00:00Z,1.12982,TARGET,1.686274509803928,0.31372549019607204,0.07843137254909643,3.745098039215763,false,SAME_BAR_ENTRY_AND_EXIT
BOS_RETAINED,CONTROL,EUR/USD,EURUSD_2025-04-01,1h,demand,bullish_IPO_demand,2025-04-11T05:00:00Z,1.13225,1.13225,1.12752,1.12867,1.13225,1.129885,1.129885,1.12752,2025-05-01T06:00:00Z,2025-05-01T06:00:00Z,1.129885,1.12752,1.134615,0.0023649999999999505,false,true,2025-04-22T05:00:00Z,1.15423,bullish,167,150,NO,,,,2025-05-02T09:00:00Z,1.134615,TARGET,1.932346723044396,0.06765327695560396,1.4016913319239013,2.3953488372093656,false,
BOS_RETAINED,CONTROL,EUR/USD,EURUSD_2025-04-01,1h,demand,bullish_IPO_demand,2025-04-11T05:00:00Z,1.13225,1.13225,1.12752,1.12867,1.13225,1.129885,1.129885,1.12752,2025-05-02T17:00:00Z,2025-05-02T17:00:00Z,1.129885,1.12752,1.134615,0.0023649999999999505,false,true,2025-04-22T05:00:00Z,1.15423,bullish,167,185,NO,,,,2025-05-05T02:00:00Z,1.134615,TARGET,1.932346723044396,0.06765327695560396,0.3868921775898598,2.044397463002124,false,
BOS_RETAINED,CONTROL,EUR/USD,EURUSD_2025-04-01,1h,demand,bullish_IPO_demand,2025-04-11T05:00:00Z,1.13225,1.13225,1.12752,1.12867,1.13225,1.129885,1.129885,1.12752,2025-05-05T17:00:00Z,2025-05-05T17:00:00Z,1.129885,1.12752,1.134615,0.0023649999999999505,false,true,2025-05-02T14:00:00Z,1.13692,bullish,349,26,NO,,,,2025-05-06T07:00:00Z,1.134615,TARGET,1.932346723044396,0.06765327695560396,0.8054968287526788,2.090909090909125,false,
BOS_RETAINED,CONTROL,EUR/USD,EURUSD_2025-04-01,1h,supply,bearish_IPO_supply,2025-04-30T11:00:00Z,1.13619,1.13811,1.13557,1.13742,1.1368399999999999,1.13557,1.1368399999999999,1.13811,2025-05-06T18:00:00Z,2025-05-06T18:00:00Z,1.1368399999999999,1.13811,1.1342999999999996,0.0012700000000001044,false,true,2025-05-01T15:00:00Z,1.12791,bearish,28,74,NO,,,,2025-05-06T22:00:00Z,1.1342999999999996,TARGET,1.8740157480315065,0.12598425196849358,1.047244094488145,3.3622047244089943,false,
BOS_RETAINED,CONTROL,EUR/USD,EURUSD_2025-04-01,1h,supply,bearish_IPO_supply,2025-04-30T11:00:00Z,1.13619,1.13811,1.13557,1.13742,1.1368399999999999,1.13557,1.1368399999999999,1.13811,2025-05-07T07:00:00Z,2025-05-07T07:00:00Z,1.1368399999999999,1.13811,1.1342999999999996,0.0012700000000001044,false,true,2025-05-01T15:00:00Z,1.12791,bearish,28,87,NO,,,,2025-05-07T15:00:00Z,1.1342999999999996,TARGET,1.8740157480315065,0.12598425196849358,0.4488188976379013,2.1181102362201876,false,
BOS_REMOVED,CONTROL,EUR/USD,EURUSD_2025-04-01,1h,demand,bullish_IPO_demand,2025-05-06T23:00:00Z,1.1343,1.13459,1.13329,1.13401,1.13459,1.13394,1.13394,1.13329,2025-05-07T17:00:00Z,2025-05-07T17:00:00Z,1.13394,1.13329,1.13524,0.0006500000000000394,false,false,,,,,,NO,,,,2025-05-07T18:00:00Z,1.13524,TARGET,1.7538461538461687,0.24615384615383124,2.9846153846152847,4.0307692307690886,false,
BOS_RETAINED,CONTROL,EUR/USD,EURUSD_2025-04-01,1h,demand,bullish_IPO_demand,2025-04-11T05:00:00Z,1.13225,1.13225,1.12752,1.12867,1.13225,1.129885,1.129885,1.12752,2025-05-07T20:00:00Z,2025-05-07T20:00:00Z,1.129885,1.12752,1.134615,0.0023649999999999505,false,true,2025-05-06T19:00:00Z,1.13728,bullish,401,25,NO,,,,2025-05-08T15:00:00Z,1.12487,S2_CLOSE_INVALIDATION,-2.188160676532812,0.06765327695560396,2.737843551797101,1.6046511627907283,false,
BOS_RETAINED,CONTROL,EUR/USD,EURUSD_2025-04-01,1h,demand,bullish_IPO_demand,2025-04-10T11:00:00Z,1.10828,1.10902,1.10717,1.10754,1.10902,1.108095,1.108095,1.10717,2025-05-12T10:00:00Z,2025-05-12T10:00:00Z,1.108095,1.10717,1.1099450000000002,0.0009250000000000647,false,true,2025-05-06T19:00:00Z,1.13728,bullish,419,85,NO,,,,2025-05-12T10:00:00Z,1.1099450000000002,TARGET,1.827027027027039,0.1729729729729609,1.0108108108108809,4.113513513513289,false,SAME_BAR_ENTRY_AND_EXIT
BOS_RETAINED,CONTROL,EUR/USD,EURUSD_2025-04-01,1h,demand,bullish_IPO_demand,2025-04-10T11:00:00Z,1.10828,1.10902,1.10717,1.10754,1.10902,1.108095,1.108095,1.10717,2025-05-12T18:00:00Z,2025-05-12T18:00:00Z,1.108095,1.10717,1.1099450000000002,0.0009250000000000647,false,true,2025-05-06T19:00:00Z,1.13728,bullish,419,93,NO,,,,2025-05-12T23:00:00Z,1.1099450000000002,TARGET,1.827027027027039,0.1729729729729609,1.724324324324218,2.12432432432417,false,
BOS_REMOVED,CONTROL,EUR/USD,EURUSD_2025-04-01,1h,supply,bearish_IPO_supply,2025-05-12T08:00:00Z,1.11051,1.11457,1.10818,1.11377,1.111375,1.10818,1.111375,1.11457,2025-05-13T04:00:00Z,2025-05-13T04:00:00Z,1.111375,1.11457,1.1049849999999999,0.003195000000000059,false,false,,,,,,NO,,,,2025-05-13T14:00:00Z,1.11626,S2_CLOSE_INVALIDATION,-1.5790297339592911,0.05007824726134493,1.5915492957746205,0.5336463223787281,false,
BOS_REMOVED,CONTROL,EUR/USD,EURUSD_2025-04-01,1h,supply,bearish_IPO_supply,2025-05-12T00:00:00Z,1.12287,1.12396,1.12248,1.12383,1.1232199999999999,1.12248,1.1232199999999999,1.12396,2025-05-14T08:00:00Z,2025-05-14T08:00:00Z,1.1232199999999999,1.12396,1.1217399999999995,0.000740000000000185,false,false,,,,,,NO,,,,2025-05-14T08:00:00Z,1.1217399999999995,TARGET,1.7837837837838377,0.2162162162161622,2.756756756756124,2.6621621621612337,false,SAME_BAR_ENTRY_AND_EXIT
BOS_REMOVED,CONTROL,EUR/USD,EURUSD_2025-04-01,1h,supply,bearish_IPO_supply,2025-05-14T12:00:00Z,1.12174,1.12361,1.12101,1.12253,1.1223100000000001,1.12101,1.1223100000000001,1.12361,2025-05-15T06:00:00Z,2025-05-15T06:00:00Z,1.1223100000000001,1.12361,1.1197100000000004,0.0012999999999998568,false,false,,,,,,NO,,,,2025-05-15T06:00:00Z,1.1197100000000004,TARGET,1.8769230769230634,0.12307692307693664,0.44615384615374365,2.615384615384957,false,SAME_BAR_ENTRY_AND_EXIT
BOS_REMOVED,CONTROL,EUR/USD,EURUSD_2025-04-01,1h,demand,bullish_IPO_demand,2025-05-15T17:00:00Z,1.11808,1.11895,1.11702,1.11723,1.11895,1.117985,1.117985,1.11702,2025-05-15T21:00:00Z,2025-05-15T21:00:00Z,1.117985,1.11702,1.1199150000000002,0.0009650000000001047,false,false,,,,,,NO,,,,2025-05-16T00:00:00Z,1.1199150000000002,TARGET,1.834196891191728,0.16580310880827218,0.25388601036271935,2.989637305699185,false,
BOS_REMOVED,CONTROL,EUR/USD,EURUSD_2025-04-01,1h,demand,bullish_IPO_demand,2025-05-15T23:00:00Z,1.11925,1.11944,1.11894,1.11921,1.11944,1.1191900000000001,1.1191900000000001,1.11894,2025-05-16T09:00:00Z,2025-05-16T09:00:00Z,1.1191900000000001,1.11894,1.1196900000000003,0.0002500000000000835,false,false,,,,,,NO,,,,2025-05-16T09:00:00Z,1.1196900000000003,TARGET,1.3600000000002137,0.6399999999997863,0.20000000000035528,6.8799999999974775,false,SAME_BAR_ENTRY_AND_EXIT
BOS_REMOVED,CONTROL,EUR/USD,EURUSD_2025-04-01,1h,demand,bullish_IPO_demand,2025-05-15T23:00:00Z,1.11925,1.11944,1.11894,1.11921,1.11944,1.1191900000000001,1.1191900000000001,1.11894,2025-05-16T11:00:00Z,2025-05-16T11:00:00Z,1.1191900000000001,1.11894,1.1196900000000003,0.0002500000000000835,false,false,,,,,,NO,,,,2025-05-16T11:00:00Z,1.1196900000000003,TARGET,1.3600000000002137,0.6399999999997863,0.7200000000000355,6.7599999999976195,false,SAME_BAR_ENTRY_AND_EXIT
BOS_RETAINED,CONTROL,EUR/USD,EURUSD_2025-04-01,1h,supply,bearish_IPO_supply,2025-05-02T13:00:00Z,1.13189,1.13802,1.13145,1.13728,1.134735,1.13145,1.134735,1.13802,2025-05-21T06:00:00Z,2025-05-21T06:00:00Z,1.134735,1.13802,1.128165,0.0032849999999999824,false,true,2025-05-15T17:00:00Z,1.11723,bearish,217,83,NO,,,,2025-05-22T13:00:00Z,1.128165,TARGET,1.9512937595129374,0.04870624048706267,0.4733637747336321,2.0015220700152305,false,
BOS_RETAINED,CONTROL,EUR/USD,EURUSD_2025-04-01,1h,demand,bullish_IPO_demand,2025-05-20T18:00:00Z,1.12742,1.12807,1.12711,1.12723,1.12807,1.12759,1.12759,1.12711,2025-05-22T14:00:00Z,2025-05-22T14:00:00Z,1.12759,1.12711,1.1285500000000002,0.00048000000000003595,false,true,2025-05-21T06:00:00Z,1.13346,bullish,12,32,NO,,,,2025-05-22T14:00:00Z,1.1285500000000002,TARGET,1.6666666666666916,0.3333333333333084,0.2916666666667052,4.64583333333289,false,SAME_BAR_ENTRY_AND_EXIT
BOS_RETAINED,CONTROL,EUR/USD,EURUSD_2025-04-01,1h,demand,bullish_IPO_demand,2025-05-20T15:00:00Z,1.12688,1.12703,1.12493,1.12532,1.12703,1.12598,1.12598,1.12493,2025-05-22T17:00:00Z,2025-05-22T17:00:00Z,1.12598,1.12493,1.12808,0.0010499999999999954,false,true,2025-05-21T06:00:00Z,1.13346,bullish,15,35,NO,,,,2025-05-22T18:00:00Z,1.12808,TARGET,1.8476190476190468,0.15238095238095306,0.428571428571489,2.0285714285714045,false,
BOS_RETAINED,CONTROL,EUR/USD,EURUSD_2025-04-01,1h,supply,bearish_IPO_supply,2025-05-02T13:00:00Z,1.13189,1.13802,1.13145,1.13728,1.134735,1.13145,1.134735,1.13802,2025-05-23T09:00:00Z,2025-05-23T09:00:00Z,1.134735,1.13802,1.128165,0.0032849999999999824,false,true,2025-05-15T17:00:00Z,1.11723,bearish,217,134,NO,,,,2025-05-26T00:00:00Z,1.13969,S2_CLOSE_INVALIDATION,-1.5570776255707977,0.04870624048706267,1.5479452054794622,1.5296803652968294,false,
BOS_RETAINED,CONTROL,EUR/USD,EURUSD_2025-04-01,1h,supply,bearish_IPO_supply,2025-05-27T18:00:00Z,1.13326,1.13392,1.13281,1.13373,1.133365,1.13281,1.133365,1.13392,2025-05-28T09:00:00Z,2025-05-28T09:00:00Z,1.133365,1.13392,1.1322549999999998,0.0005550000000000832,false,true,2025-05-28T05:00:00Z,1.13142,bearish,11,4,NO,,,,2025-05-28T11:00:00Z,1.1322549999999998,TARGET,1.7117117117117548,0.2882882882882451,1.3603603603602668,3.1441441441434663,false,
BOS_RETAINED,CONTROL,EUR/USD,EURUSD_2025-04-01,1h,demand,bullish_IPO_demand,2025-05-22T23:00:00Z,1.12865,1.12896,1.12809,1.12817,1.12896,1.128525,1.128525,1.12809,2025-05-28T15:00:00Z,2025-05-28T15:00:00Z,1.128525,1.12809,1.129395,0.0004349999999999632,false,true,2025-05-27T01:00:00Z,1.13953,bullish,49,38,NO,,,,2025-05-28T15:00:00Z,1.129395,TARGET,1.632183908045946,0.3678160919540541,0.42528735632210896,5.482758620690307,false,SAME_BAR_ENTRY_AND_EXIT
BOS_RETAINED,CONTROL,EUR/USD,EURUSD_2025-04-01,1h,demand,bullish_IPO_demand,2025-05-22T23:00:00Z,1.12865,1.12896,1.12809,1.12817,1.12896,1.128525,1.128525,1.12809,2025-05-28T18:00:00Z,2025-05-28T18:00:00Z,1.128525,1.12809,1.129395,0.0004349999999999632,false,true,2025-05-27T01:00:00Z,1.13953,bullish,49,41,NO,,,,2025-05-28T18:00:00Z,1.129395,TARGET,1.632183908045946,0.3678160919540541,0.26436781609217697,3.022988505747279,false,SAME_BAR_ENTRY_AND_EXIT
BOS_RETAINED,CONTROL,EUR/USD,EURUSD_2025-04-01,1h,demand,bullish_IPO_demand,2025-05-20T12:00:00Z,1.12458,1.12476,1.12233,1.12344,1.12476,1.123545,1.123545,1.12233,2025-05-28T23:00:00Z,2025-05-28T23:00:00Z,1.123545,1.12233,1.125975,0.001214999999999966,false,true,2025-05-27T01:00:00Z,1.13953,bullish,108,46,NO,,,,2025-05-28T23:00:00Z,1.125975,TARGET,1.8683127572016425,0.13168724279835758,2.08641975308644,4.7201646090536675,false,SAME_BAR_ENTRY_AND_EXIT
BOS_RETAINED,CONTROL,EUR/USD,EURUSD_2025-04-01,1h,demand,bullish_IPO_demand,2025-05-20T12:00:00Z,1.12458,1.12476,1.12233,1.12344,1.12476,1.123545,1.123545,1.12233,2025-05-29T01:00:00Z,2025-05-29T01:00:00Z,1.123545,1.12233,1.125975,0.001214999999999966,false,true,2025-05-27T01:00:00Z,1.13953,bullish,108,48,NO,,,,2025-05-29T06:00:00Z,1.125975,TARGET,1.8683127572016425,0.13168724279835758,1.0329218106996223,3.1975308641975513,false,
BOS_RETAINED,CONTROL,EUR/USD,EURUSD_2025-04-01,1h,supply,bearish_IPO_supply,2025-05-28T16:00:00Z,1.12847,1.1297,1.12841,1.12937,1.129055,1.12841,1.129055,1.1297,2025-05-29T11:00:00Z,2025-05-29T11:00:00Z,1.129055,1.1297,1.127765,0.0006450000000000067,false,true,2025-05-28T23:00:00Z,1.12289,bearish,7,12,NO,,,,2025-05-29T11:00:00Z,1.127765,TARGET,1.7519379844961267,0.2480620155038734,0.08527131782967086,3.5116279069766483,false,SAME_BAR_ENTRY_AND_EXIT
BOS_RETAINED,CONTROL,EUR/USD,EURUSD_2025-04-01,1h,supply,bearish_IPO_supply,2025-05-27T12:00:00Z,1.13515,1.13682,1.13507,1.13668,1.135945,1.13507,1.135945,1.13682,2025-05-29T13:00:00Z,2025-05-29T13:00:00Z,1.135945,1.13682,1.134195,0.0008749999999999591,false,true,2025-05-28T23:00:00Z,1.12289,bearish,35,14,NO,,,,2025-05-29T13:00:00Z,1.134195,TARGET,1.8171428571428485,0.1828571428571514,0.12000000000003046,2.3600000000000914,false,SAME_BAR_ENTRY_AND_EXIT
BOS_RETAINED,CONTROL,EUR/USD,EURUSD_2025-04-01,1h,supply,bearish_IPO_supply,2025-05-27T12:00:00Z,1.13515,1.13682,1.13507,1.13668,1.135945,1.13507,1.135945,1.13682,2025-05-29T15:00:00Z,2025-05-29T15:00:00Z,1.135945,1.13682,1.134195,0.0008749999999999591,false,true,2025-05-28T23:00:00Z,1.12289,bearish,35,16,NO,,,,2025-05-29T16:00:00Z,1.13714,S2_CLOSE_INVALIDATION,-1.5485714285715662,0.1828571428571514,2.382857142857385,1.2971428571427874,false,
BOS_REMOVED,CONTROL,EUR/USD,EURUSD_2025-04-01,1h,demand,bullish_IPO_demand,2025-06-01T23:00:00Z,1.13556,1.1361,1.13506,1.13532,1.1361,1.13558,1.13558,1.13506,2025-06-02T03:00:00Z,2025-06-02T03:00:00Z,1.13558,1.13506,1.1366200000000002,0.000520000000000076,false,false,,,,,,NO,,,,2025-06-02T03:00:00Z,1.1366200000000002,TARGET,1.6923076923077374,0.30769230769226275,0.32692307692303585,2.038461538461358,false,SAME_BAR_ENTRY_AND_EXIT
BOS_RETAINED,CONTROL,EUR/USD,EURUSD_2025-04-01,1h,supply,bearish_IPO_supply,2025-04-29T16:00:00Z,1.13959,1.14193,1.1395,1.14034,1.140715,1.1395,1.140715,1.14193,2025-06-02T06:00:00Z,2025-06-02T06:00:00Z,1.140715,1.14193,1.138285,0.001214999999999966,false,true,2025-05-28T23:00:00Z,1.12289,bearish,505,53,NO,,,,2025-06-02T06:00:00Z,1.138285,TARGET,1.8683127572016425,0.13168724279835758,0.012345679012426903,2.3909465020576266,false,SAME_BAR_ENTRY_AND_EXIT
BOS_RETAINED,CONTROL,EUR/USD,EURUSD_2025-04-01,1h,supply,bearish_IPO_supply,2025-04-22T20:00:00Z,1.14211,1.1431,1.1417,1.14215,1.1423999999999999,1.1417,1.1423999999999999,1.1431,2025-06-02T11:00:00Z,2025-06-02T11:00:00Z,1.1423999999999999,1.1431,1.1409999999999996,0.000700000000000145,false,true,2025-05-28T23:00:00Z,1.12289,bearish,602,58,NO,,,,2025-06-02T11:00:00Z,1.1409999999999996,TARGET,1.7714285714286186,0.22857142857138127,0.3714285714287074,2.1428571428564633,false,SAME_BAR_ENTRY_AND_EXIT
BOS_RETAINED,CONTROL,EUR/USD,EURUSD_2025-04-01,1h,supply,bearish_IPO_supply,2025-04-22T17:00:00Z,1.14342,1.14545,1.14307,1.14511,1.14426,1.14307,1.14426,1.14545,2025-06-02T14:00:00Z,2025-06-02T14:00:00Z,1.14426,1.14545,1.14188,0.0011900000000000244,false,true,2025-05-28T23:00:00Z,1.12289,bearish,605,61,NO,,,,2025-06-02T16:00:00Z,1.14188,TARGET,1.8655462184873977,0.1344537815126023,0.6806722689075301,2.6134453781511615,false,
BOS_RETAINED,CONTROL,EUR/USD,EURUSD_2025-04-01,1h,supply,bearish_IPO_supply,2025-04-23T09:00:00Z,1.14129,1.14404,1.14124,1.14193,1.14264,1.14124,1.14264,1.14404,2025-06-02T17:00:00Z,2025-06-02T17:00:00Z,1.14264,1.14404,1.1398400000000004,0.0013999999999998458,false,true,2025-05-28T23:00:00Z,1.12289,bearish,589,64,NO,,,,2025-06-02T18:00:00Z,1.14416,S2_CLOSE_INVALIDATION,-1.2000000000001079,0.11428571428572688,1.1785714285715079,0.7642857142858888,false,
BOS_RETAINED,CONTROL,EUR/USD,EURUSD_2025-04-01,1h,supply,bearish_IPO_supply,2025-04-22T17:00:00Z,1.14342,1.14545,1.14307,1.14511,1.14426,1.14307,1.14426,1.14545,2025-06-02T20:00:00Z,2025-06-02T20:00:00Z,1.14426,1.14545,1.14188,0.0011900000000000244,false,true,2025-05-28T23:00:00Z,1.12289,bearish,605,67,NO,,,,2025-06-03T02:00:00Z,1.14188,TARGET,1.8655462184873977,0.1344537815126023,1.0420168067225903,2.0252100840335916,false,
BOS_RETAINED,CONTROL,EUR/USD,EURUSD_2025-04-01,1h,demand,bullish_IPO_demand,2025-06-02T08:00:00Z,1.14239,1.1428,1.14125,1.14201,1.1428,1.142025,1.142025,1.14125,2025-06-03T03:00:00Z,2025-06-03T03:00:00Z,1.142025,1.14125,1.143575,0.0007749999999999702,false,true,2025-06-02T09:00:00Z,1.1424,bullish,1,18,NO,,,,2025-06-03T09:00:00Z,1.14123,S2_CLOSE_INVALIDATION,-1.2322580645163073,0.20645161290323377,2.432258064516399,1.5677419354838875,false,
BOS_RETAINED,CONTROL,EUR/USD,EURUSD_2025-04-01,1h,demand,bullish_IPO_demand,2025-06-01T23:00:00Z,1.13556,1.1361,1.13506,1.13532,1.1361,1.13558,1.13558,1.13506,2025-06-04T05:00:00Z,2025-06-04T05:00:00Z,1.13558,1.13506,1.1366200000000002,0.000520000000000076,false,true,2025-06-02T09:00:00Z,1.1424,bullish,10,44,NO,,,,2025-06-04T05:00:00Z,1.1366200000000002,TARGET,1.6923076923077374,0.30769230769226275,0.038461538461784815,3.153846153845431,false,SAME_BAR_ENTRY_AND_EXIT
BOS_RETAINED,CONTROL,EUR/USD,EURUSD_2025-04-01,1h,supply,bearish_IPO_supply,2025-04-22T17:00:00Z,1.14342,1.14545,1.14307,1.14511,1.14426,1.14307,1.14426,1.14545,2025-06-05T12:00:00Z,2025-06-05T12:00:00Z,1.14426,1.14545,1.14188,0.0011900000000000244,false,true,2025-06-04T05:00:00Z,1.13642,bearish,705,31,NO,,,,2025-06-05T12:00:00Z,1.14188,TARGET,1.8655462184873977,0.1344537815126023,0.554621848739386,2.4873949579832044,false,SAME_BAR_ENTRY_AND_EXIT
BOS_REMOVED,CONTROL,EUR/USD,EURUSD_2025-04-01,1h,supply,bearish_IPO_supply,2025-06-06T10:00:00Z,1.14198,1.14248,1.14172,1.14228,1.1421000000000001,1.14172,1.1421000000000001,1.14248,2025-06-09T03:00:00Z,2025-06-09T03:00:00Z,1.1421000000000001,1.14248,1.1413400000000005,0.0003799999999998249,false,false,,,,,,NO,,,,2025-06-09T03:00:00Z,1.1413400000000005,TARGET,1.5789473684208586,0.4210526315791414,0.13157894736817502,2.4736842105278845,false,SAME_BAR_ENTRY_AND_EXIT
BOS_REMOVED,CONTROL,EUR/USD,EURUSD_2025-04-01,1h,supply,bearish_IPO_supply,2025-06-06T10:00:00Z,1.14198,1.14248,1.14172,1.14228,1.1421000000000001,1.14172,1.1421000000000001,1.14248,2025-06-09T05:00:00Z,2025-06-09T05:00:00Z,1.1421000000000001,1.14248,1.1413400000000005,0.0003799999999998249,false,false,,,,,,NO,,,,2025-06-09T05:00:00Z,1.1413400000000005,TARGET,1.5789473684208586,0.4210526315791414,0.9736842105267156,2.421052631580147,false,SAME_BAR_ENTRY_AND_EXIT
BOS_REMOVED,CONTROL,EUR/USD,EURUSD_2025-04-01,1h,supply,bearish_IPO_supply,2025-06-09T06:00:00Z,1.14223,1.14299,1.14174,1.14275,1.1423649999999999,1.14174,1.1423649999999999,1.14299,2025-06-09T15:00:00Z,2025-06-09T15:00:00Z,1.1423649999999999,1.14299,1.1411149999999997,0.0006250000000000977,false,false,,,,,,NO,,,,2025-06-09T15:00:00Z,1.1411149999999997,TARGET,1.74400000000004,0.25599999999996,0.3600000000001705,2.583999999999471,false,SAME_BAR_ENTRY_AND_EXIT
BOS_REMOVED,CONTROL,EUR/USD,EURUSD_2025-04-01,1h,supply,bearish_IPO_supply,2025-06-09T06:00:00Z,1.14223,1.14299,1.14174,1.14275,1.1423649999999999,1.14174,1.1423649999999999,1.14299,2025-06-09T17:00:00Z,2025-06-09T17:00:00Z,1.1423649999999999,1.14299,1.1411149999999997,0.0006250000000000977,false,false,,,,,,NO,,,,2025-06-10T01:00:00Z,1.1411149999999997,TARGET,1.74400000000004,0.25599999999996,1.991999999999949,4.567999999999014,false,
BOS_REMOVED,CONTROL,EUR/USD,EURUSD_2025-04-01,1h,supply,bearish_IPO_supply,2025-06-09T23:00:00Z,1.14231,1.14288,1.14197,1.14263,1.1424249999999998,1.14197,1.1424249999999998,1.14288,2025-06-10T10:00:00Z,2025-06-10T10:00:00Z,1.1424249999999998,1.14288,1.1415149999999996,0.0004550000000000942,false,false,,,,,,NO,,,,2025-06-10T10:00:00Z,1.1415149999999996,TARGET,1.648351648351721,0.35164835164827885,0.16483516483572255,2.9120879120868666,false,SAME_BAR_ENTRY_AND_EXIT
BOS_REMOVED,CONTROL,EUR/USD,EURUSD_2025-04-01,1h,supply,bearish_IPO_supply,2025-06-09T06:00:00Z,1.14223,1.14299,1.14174,1.14275,1.1423649999999999,1.14174,1.1423649999999999,1.14299,2025-06-10T11:00:00Z,2025-06-10T11:00:00Z,1.1423649999999999,1.14299,1.1411149999999997,0.0006250000000000977,false,false,,,,,,NO,,,,2025-06-10T12:00:00Z,1.14323,S2_CLOSE_INVALIDATION,-1.6399999999999288,0.25599999999996,2.743999999999784,0.7279999999996817,false,
BOS_REMOVED,CONTROL,EUR/USD,EURUSD_2025-04-01,1h,supply,bearish_IPO_supply,2025-06-10T23:00:00Z,1.14289,1.144,1.14217,1.14375,1.143085,1.14217,1.143085,1.144,2025-06-11T09:00:00Z,2025-06-11T09:00:00Z,1.143085,1.144,1.141255,0.0009149999999999991,false,false,,,,,,NO,,,,2025-06-11T12:00:00Z,1.14607,S2_CLOSE_INVALIDATION,-3.437158469945375,0.17486338797814224,6.44262295081966,0.4972677595627023,false,
BOS_RETAINED,CONTROL,EUR/USD,EURUSD_2025-04-01,1h,supply,bearish_IPO_supply,2025-04-22T07:00:00Z,1.15011,1.15097,1.1483,1.15057,1.149635,1.1483,1.149635,1.15097,2025-06-11T16:00:00Z,2025-06-11T16:00:00Z,1.149635,1.15097,1.1469649999999998,0.0013350000000000861,false,true,2025-06-04T05:00:00Z,1.13642,bearish,715,130,NO,,,,2025-06-11T23:00:00Z,1.15102,S2_CLOSE_INVALIDATION,-1.1573033707864195,0.11985018726590989,1.2921348314605732,1.2921348314605732,false,
BOS_RETAINED,CONTROL,EUR/USD,EURUSD_2025-04-01,1h,supply,bearish_IPO_supply,2025-04-22T05:00:00Z,1.15302,1.15478,1.15182,1.15423,1.1533,1.15182,1.1533,1.15478,2025-06-12T08:00:00Z,2025-06-12T08:00:00Z,1.1533,1.15478,1.1503400000000001,0.0014799999999999258,false,true,2025-06-04T05:00:00Z,1.13642,bearish,717,146,NO,,,,2025-06-12T09:00:00Z,1.15716,S2_CLOSE_INVALIDATION,-2.7162162162163352,0.10810810810811354,3.8175675675677136,0.6824324324324365,false,
BOS_RETAINED,CONTROL,EUR/USD,EURUSD_2025-04-01,1h,demand,bullish_IPO_demand,2025-06-12T06:00:00Z,1.15279,1.1532,1.15111,1.15219,1.1532,1.152155,1.152155,1.15111,2025-06-13T05:00:00Z,2025-06-13T05:00:00Z,1.152155,1.15111,1.154245,0.0010449999999999626,false,true,2025-06-12T12:00:00Z,1.161,bullish,6,17,NO,,,,2025-06-13T06:00:00Z,1.154245,TARGET,1.8468899521531046,0.15311004784689544,0.9521531100479567,2.4258373205742054,false,
BOS_REMOVED,CONTROL,EUR/USD,EURUSD_2025-04-01,1h,demand,bullish_IPO_demand,2025-06-16T11:00:00Z,1.15753,1.15841,1.15693,1.1573,1.15841,1.15767,1.15767,1.15693,2025-06-16T17:00:00Z,2025-06-16T17:00:00Z,1.15767,1.15693,1.15915,0.0007399999999999629,false,false,,,,,,NO,,,,2025-06-16T19:00:00Z,1.15556,S2_CLOSE_INVALIDATION,-3.067567567567797,0.21621621621622708,3,1.175675675675635,false,
BOS_RETAINED,CONTROL,EUR/USD,EURUSD_2025-04-01,1h,demand,bullish_IPO_demand,2025-06-13T10:00:00Z,1.15235,1.15299,1.14887,1.15044,1.15299,1.15093,1.15093,1.14887,2025-06-17T16:00:00Z,2025-06-17T16:00:00Z,1.15093,1.14887,1.15505,0.0020599999999999508,false,true,2025-06-16T14:00:00Z,1.15926,bullish,27,26,NO,,,,2025-06-17T17:00:00Z,1.14867,S2_CLOSE_INVALIDATION,-1.1747572815533915,0.07766990291262323,1.5242718446601922,1.4660194174757741,false,
BOS_RETAINED,CONTROL,EUR/USD,EURUSD_2025-04-01,1h,demand,bullish_IPO_demand,2025-06-11T19:00:00Z,1.14862,1.14872,1.14791,1.14828,1.14872,1.148315,1.148315,1.14791,2025-06-17T19:00:00Z,2025-06-17T19:00:00Z,1.148315,1.14791,1.149125,0.0004049999999999887,false,true,2025-06-16T14:00:00Z,1.15926,bullish,66,29,NO,,,,2025-06-17T21:00:00Z,1.149125,TARGET,1.6049382716049272,0.3950617283950728,2.185185185185307,2.2592592592593204,false,
BOS_RETAINED,CONTROL,EUR/USD,EURUSD_2025-04-01,1h,supply,bearish_IPO_supply,2025-06-17T15:00:00Z,1.15268,1.15359,1.15183,1.15336,1.15271,1.15183,1.15271,1.15359,2025-06-18T18:00:00Z,2025-06-18T18:00:00Z,1.15271,1.15359,1.15095,0.0008799999999999919,false,true,2025-06-18T14:00:00Z,1.15073,bearish,23,4,NO,,,,2025-06-18T18:00:00Z,1.15095,TARGET,1.8181818181818166,0.18181818181818352,0.3409090909093088,6.05681818181805,false,SAME_BAR_ENTRY_AND_EXIT
BOS_RETAINED,CONTROL,EUR/USD,EURUSD_2025-04-01,1h,supply,bearish_IPO_supply,2025-06-18T20:00:00Z,1.14734,1.14854,1.14716,1.148,1.14785,1.14716,1.14785,1.14854,2025-06-19T09:00:00Z,2025-06-19T09:00:00Z,1.14785,1.14854,1.1464700000000003,0.0006899999999998574,false,true,2025-06-19T02:00:00Z,1.14553,bearish,6,7,NO,,,,2025-06-19T14:00:00Z,1.1464700000000003,TARGET,1.7681159420289376,0.23188405797106243,1.3478260869566197,2.463768115942589,false,
BOS_RETAINED,CONTROL,EUR/USD,EURUSD_2025-04-01,1h,supply,bearish_IPO_supply,2025-06-18T20:00:00Z,1.14734,1.14854,1.14716,1.148,1.14785,1.14716,1.14785,1.14854,2025-06-19T17:00:00Z,2025-06-19T17:00:00Z,1.14785,1.14854,1.1464700000000003,0.0006899999999998574,false,true,2025-06-19T02:00:00Z,1.14553,bearish,6,15,NO,,,,2025-06-19T17:00:00Z,1.1464700000000003,TARGET,1.7681159420289376,0.23188405797106243,0.7246376811594902,3.3913043478268006,false,SAME_BAR_ENTRY_AND_EXIT
BOS_RETAINED,CONTROL,EUR/USD,EURUSD_2025-04-01,1h,supply,bearish_IPO_supply,2025-06-18T15:00:00Z,1.15074,1.15309,1.15053,1.15206,1.15181,1.15053,1.15181,1.15309,2025-06-20T01:00:00Z,2025-06-20T01:00:00Z,1.15181,1.15309,1.14925,0.0012799999999999478,false,true,2025-06-19T02:00:00Z,1.14553,bearish,11,23,NO,,,,2025-06-20T16:00:00Z,1.1536,S2_CLOSE_INVALIDATION,-1.5234375000000295,0.1250000000000051,1.515625000000103,1.8203125000000298,false,
BOS_REMOVED,CONTROL,EUR/USD,EURUSD_2025-04-01,1h,demand,bullish_IPO_demand,2025-06-20T01:00:00Z,1.15227,1.15233,1.15123,1.15135,1.15233,1.15178,1.15178,1.15123,2025-06-20T19:00:00Z,2025-06-20T19:00:00Z,1.15178,1.15123,1.1528800000000001,0.0005500000000000504,false,false,,,,,,NO,,,,2025-06-20T19:00:00Z,1.1528800000000001,TARGET,1.7090909090909356,0.29090909090906425,0.4727272727270966,2.6181818181813705,false,SAME_BAR_ENTRY_AND_EXIT
BOS_REMOVED,CONTROL,EUR/USD,EURUSD_2025-04-01,1h,demand,bullish_IPO_demand,2025-06-20T12:00:00Z,1.15211,1.15272,1.15057,1.15125,1.15272,1.151645,1.151645,1.15057,2025-06-20T20:00:00Z,2025-06-20T20:00:00Z,1.151645,1.15057,1.153795,0.0010749999999999371,false,false,,,,,,NO,,,,2025-06-22T23:00:00Z,1.14996,S2_CLOSE_INVALIDATION,-1.7162790697674832,0.1488372093023343,2.86046511627918,0.6372093023256621,false,
BOS_REMOVED,CONTROL,EUR/USD,EURUSD_2025-04-01,1h,demand,bullish_IPO_demand,2025-06-19T16:00:00Z,1.14597,1.14618,1.14543,1.14566,1.14618,1.145805,1.145805,1.14543,2025-06-23T09:00:00Z,2025-06-23T09:00:00Z,1.145805,1.14543,1.146555,0.0003750000000000142,false,false,,,,,,NO,,,,2025-06-23T09:00:00Z,1.146555,TARGET,1.5733333333333495,0.42666666666665054,1.266666666666627,6.759999999999621,false,SAME_BAR_ENTRY_AND_EXIT
BOS_REMOVED,CONTROL,EUR/USD,EURUSD_2025-04-01,1h,demand,bullish_IPO_demand,2025-06-19T01:00:00Z,1.14813,1.14825,1.14514,1.14531,1.14825,1.146695,1.146695,1.14514,2025-06-23T10:00:00Z,2025-06-23T10:00:00Z,1.146695,1.14514,1.149805,0.001554999999999973,false,false,,,,,,NO,,,,2025-06-23T14:00:00Z,1.149805,TARGET,1.897106109324757,0.10289389067524295,0.64630225080382,4.768488745980758,false,
BOS_RETAINED,CONTROL,EUR/USD,EURUSD_2025-04-01,1h,supply,bearish_IPO_supply,2025-06-16T18:00:00Z,1.15779,1.1582,1.15734,1.158,1.15777,1.15734,1.15777,1.1582,2025-06-23T19:00:00Z,2025-06-23T19:00:00Z,1.15777,1.1582,1.15691,0.00042999999999993044,false,true,2025-06-19T02:00:00Z,1.14553,bearish,56,65,NO,,,,2025-06-23T22:00:00Z,1.15918,S2_CLOSE_INVALIDATION,-3.6511627906985753,0.3720930232558742,5.930232558140616,1.744186046511976,false,
BOS_RETAINED,CONTROL,EUR/USD,EURUSD_2025-04-01,1h,supply,bearish_IPO_supply,2025-06-16T13:00:00Z,1.1584,1.16055,1.15837,1.16021,1.15946,1.15837,1.15946,1.16055,2025-06-24T00:00:00Z,2025-06-24T00:00:00Z,1.15946,1.16055,1.1572799999999999,0.0010900000000000354,false,true,2025-06-19T02:00:00Z,1.14553,bearish,61,70,NO,,,,2025-06-24T03:00:00Z,1.16058,S2_CLOSE_INVALIDATION,-1.1743119266054753,0.1467889908256833,1.440366972477083,0.7522935779816663,false,
BOS_REMOVED,CONTROL,EUR/USD,EURUSD_2025-04-01,1h,demand,bullish_IPO_demand,2025-06-24T15:00:00Z,1.16167,1.16369,1.1607,1.16076,1.16369,1.162195,1.162195,1.1607,2025-06-25T02:00:00Z,2025-06-25T02:00:00Z,1.162195,1.1607,1.1651850000000001,0.001495000000000024,false,false,,,,,,NO,,,,2025-06-25T07:00:00Z,1.15987,S2_CLOSE_INVALIDATION,-1.6622073578595937,0.10702341137123575,2.1571906354514927,0.5384615384614928,false,
BOS_REMOVED,CONTROL,EUR/USD,EURUSD_2025-04-01,1h,demand,bullish_IPO_demand,2025-06-24T07:00:00Z,1.16053,1.16109,1.15796,1.15924,1.16109,1.159525,1.159525,1.15796,2025-06-25T09:00:00Z,2025-06-25T09:00:00Z,1.159525,1.15796,1.1626549999999995,0.0015649999999998165,false,false,,,,,,NO,,,,2025-06-25T15:00:00Z,1.1626549999999995,TARGET,1.8977635782747484,0.10223642172525162,0.3354632587859094,2.220447284345383,false,
BOS_REMOVED,CONTROL,EUR/USD,EURUSD_2025-04-01,1h,supply,bearish_IPO_supply,2025-06-24T17:00:00Z,1.1624,1.1633,1.1622,1.16256,1.16275,1.1622,1.16275,1.1633,2025-06-25T16:00:00Z,2025-06-25T16:00:00Z,1.16275,1.1633,1.1616499999999998,0.0005500000000000504,false,false,,,,,,NO,,,,2025-06-25T17:00:00Z,1.16422,S2_CLOSE_INVALIDATION,-2.9636363636362417,0.29090909090906425,3.054545454545403,1.4909090909090321,false,
BOS_REMOVED,CONTROL,EUR/USD,EURUSD_2025-04-01,1h,demand,bullish_IPO_demand,2025-06-26T00:00:00Z,1.1683,1.1689,1.16795,1.16828,1.1689,1.168425,1.168425,1.16795,2025-06-26T05:00:00Z,2025-06-26T05:00:00Z,1.168425,1.16795,1.169375,0.0004750000000000032,false,false,,,,,,NO,,,,2025-06-26T06:00:00Z,1.169375,TARGET,1.6631578947368444,0.33684210526315567,2.768421052631466,3.378947368420728,false,
BOS_REMOVED,CONTROL,EUR/USD,EURUSD_2025-04-01,1h,demand,bullish_IPO_demand,2025-06-26T11:00:00Z,1.17153,1.17161,1.16935,1.16948,1.17161,1.17048,1.17048,1.16935,2025-06-26T19:00:00Z,2025-06-26T19:00:00Z,1.17048,1.16935,1.1727400000000001,0.0011300000000000754,false,false,,,,,,NO,,,,2025-06-26T22:00:00Z,1.1683,S2_CLOSE_INVALIDATION,-2.0707964601769158,0.14159292035397286,2.1238938053095553,1.415929203539769,false,
BOS_REMOVED,CONTROL,EUR/USD,EURUSD_2025-04-01,1h,demand,bullish_IPO_demand,2025-06-26T00:00:00Z,1.1683,1.1689,1.16795,1.16828,1.1689,1.168425,1.168425,1.16795,2025-06-26T23:00:00Z,2025-06-26T23:00:00Z,1.168425,1.16795,1.169375,0.0004750000000000032,false,true,2025-06-26T08:00:00Z,1.17288,bullish,8,15,NO,,,,2025-06-26T23:00:00Z,1.169375,TARGET,1.6631578947368444,0.33684210526315567,0.3263157894739499,3.042105263157703,false,SAME_BAR_ENTRY_AND_EXIT
BOS_RETAINED,CONTROL,EUR/USD,EURUSD_2025-04-01,1h,demand,bullish_IPO_demand,2025-06-26T04:00:00Z,1.16945,1.16949,1.16782,1.168,1.16949,1.168655,1.168655,1.16782,2025-06-27T02:00:00Z,2025-06-27T02:00:00Z,1.168655,1.16782,1.1703249999999998,0.0008349999999999191,false,true,2025-06-26T08:00:00Z,1.17288,bullish,4,18,NO,,,,2025-06-27T02:00:00Z,1.1703249999999998,TARGET,1.8083832335329155,0.19161676646708445,0.07784431137723118,2.2814371257487784,false,SAME_BAR_ENTRY_AND_EXIT
BOS_RETAINED,CONTROL,EUR/USD,EURUSD_2025-04-01,1h,demand,bullish_IPO_demand,2025-06-26T00:00:00Z,1.1683,1.1689,1.16795,1.16828,1.1689,1.168425,1.168425,1.16795,2025-06-27T06:00:00Z,2025-06-27T06:00:00Z,1.168425,1.16795,1.169375,0.0004750000000000032,false,true,2025-06-26T08:00:00Z,1.17288,bullish,8,22,NO,,,,2025-06-27T06:00:00Z,1.169375,TARGET,1.6631578947368444,0.33684210526315567,0.2421052631580768,7.252631578947152,false,SAME_BAR_ENTRY_AND_EXIT
BOS_REMOVED,CONTROL,EUR/USD,EURUSD_2025-04-01,1h,demand,bullish_IPO_demand,2025-06-30T03:00:00Z,1.17188,1.17227,1.17114,1.17126,1.17227,1.171705,1.171705,1.17114,2025-06-30T08:00:00Z,2025-06-30T08:00:00Z,1.171705,1.17114,1.1728349999999998,0.0005649999999999267,false,false,,,,,,NO,,,,2025-06-30T08:00:00Z,1.1728349999999998,TARGET,1.7168141592919985,0.2831858407080014,0.6283185840710642,2.3982300884958776,false,SAME_BAR_ENTRY_AND_EXIT
BOS_REMOVED,CONTROL,EUR/USD,EURUSD_2025-04-01,1h,demand,bullish_IPO_demand,2025-06-30T03:00:00Z,1.17188,1.17227,1.17114,1.17126,1.17227,1.171705,1.171705,1.17114,2025-06-30T10:00:00Z,2025-06-30T10:00:00Z,1.171705,1.17114,1.1728349999999998,0.0005649999999999267,false,false,,,,,,NO,,,,2025-06-30T11:00:00Z,1.1728349999999998,TARGET,1.7168141592919985,0.2831858407080014,0.18584070796466437,2.628318584071064,false,
BOS_REMOVED,CONTROL,EUR/USD,EURUSD_2025-04-01,1h,demand,bullish_IPO_demand,2025-06-30T03:00:00Z,1.17188,1.17227,1.17114,1.17126,1.17227,1.171705,1.171705,1.17114,2025-06-30T12:00:00Z,2025-06-30T12:00:00Z,1.171705,1.17114,1.1728349999999998,0.0005649999999999267,false,false,,,,,,NO,,,,2025-06-30T14:00:00Z,1.1728349999999998,TARGET,1.7168141592919985,0.2831858407080014,1.7787610619469965,6.008849557522969,false,
BOS_REMOVED,CONTROL,BTC/USD,BTCUSD_2025-04-01,1h,supply,bearish_IPO_supply,2025-04-30T20:00:00Z,94152.01,94739.14,94109.46,94555.99,94424.3,94109.46,94424.3,94739.14,2025-05-01T01:00:00Z,2025-05-01T01:00:00Z,94424.3,94739.14,93794.62000000001,314.8399999999965,false,false,,,,,,NO,,,,2025-05-01T02:00:00Z,94867.46,S2_CLOSE_INVALIDATION,-2.3093302312285973,0.9017581311142268,1.7412018803201728,0.08191462330075097,false,
BOS_REMOVED,CONTROL,BTC/USD,BTCUSD_2025-04-01,1h,demand,bullish_IPO_demand,2025-05-01T13:00:00Z,96373.2,96734.89,95769.66,95809.52,96734.89,96252.275,96252.275,95769.66,2025-05-01T23:00:00Z,2025-05-01T23:00:00Z,96252.275,95769.66,97217.50499999998,482.6149999999907,false,false,,,,,,NO,,,,2025-05-02T03:00:00Z,97217.50499999998,TARGET,1.4002056919076167,0.5997943080923834,0.14107518415298564,2.0323135418501925,false,
BOS_RETAINED,CONTROL,BTC/USD,BTCUSD_2025-04-01,1h,supply,bearish_IPO_supply,2025-05-02T17:00:00Z,97348.69,97433.58,97053.46,97402.55,97243.52,97053.46,97243.52,97433.58,2025-05-07T00:00:00Z,2025-05-07T00:00:00Z,97243.52,97433.58,96863.40000000001,190.05999999999767,false,true,2025-05-05T02:00:00Z,94236.67,bearish,57,46,NO,,,,2025-05-07T00:00:00Z,96863.40000000001,TARGET,0.4623437335578051,1.5376562664421949,1.344312322424514,2.703619909502326,false,SAME_BAR_ENTRY_AND_EXIT
BOS_RETAINED,CONTROL,BTC/USD,BTCUSD_2025-04-01,1h,supply,bearish_IPO_supply,2025-05-02T14:00:00Z,96772.08,97895.68,96708.98,97748.4,97302.32999999999,96708.98,97302.32999999999,97895.68,2025-05-07T01:00:00Z,2025-05-07T01:00:00Z,97302.32999999999,97895.68,96115.62999999998,593.3500000000058,false,true,2025-05-05T02:00:00Z,94236.67,bearish,60,47,NO,,,,2025-05-07T18:00:00Z,96115.62999999998,TARGET,1.5083364793123837,0.4916635206876164,0.7241425802646138,2.3749726131288007,false,
BOS_RETAINED,CONTROL,BTC/USD,BTCUSD_2025-04-01,1h,supply,bearish_IPO_supply,2025-05-02T14:00:00Z,96772.08,97895.68,96708.98,97748.4,97302.32999999999,96708.98,97302.32999999999,97895.68,2025-05-08T00:00:00Z,2025-05-08T00:00:00Z,97302.32999999999,97895.68,96115.62999999998,593.3500000000058,false,true,2025-05-05T02:00:00Z,94236.67,bearish,60,70,NO,,,,2025-05-08T02:00:00Z,98681.99,S2_CLOSE_INVALIDATION,-2.8195332097413024,0.49432886154882805,2.603303277997805,0.7180247745849657,false,
BOS_REMOVED,CONTROL,BTC/USD,BTCUSD_2025-04-01,1h,demand,bullish_IPO_demand,2025-05-09T03:00:00Z,102595.5,102800.69,102364,102451.04,102800.69,102582.345,102582.345,102364,2025-05-09T14:00:00Z,2025-05-09T14:00:00Z,102582.345,102364,103019.035,218.34500000000116,false,false,,,,,,NO,,,,2025-05-09T14:00:00Z,103019.035,TARGET,0.5826651858297722,1.4173348141702278,0.7802102177745999,5.4022991137877945,false,SAME_BAR_ENTRY_AND_EXIT
BOS_REMOVED,CONTROL,BTC/USD,BTCUSD_2025-04-01,1h,demand,bullish_IPO_demand,2025-05-09T03:00:00Z,102595.5,102800.69,102364,102451.04,102800.69,102582.345,102582.345,102364,2025-05-09T16:00:00Z,2025-05-09T16:00:00Z,102582.345,102364,103019.035,218.34500000000116,false,false,,,,,,NO,,,,2025-05-09T17:00:00Z,103019.035,TARGET,0.5919416977718821,1.408058302228118,1.2237743021365286,2.9562160800568016,false,
BOS_REMOVED,CONTROL,BTC/USD,BTCUSD_2025-04-01,1h,demand,bullish_IPO_demand,2025-05-09T09:00:00Z,102968.25,103285.72,102421,102915.58,103285.72,102853.36,102853.36,102421,2025-05-09T22:00:00Z,2025-05-09T22:00:00Z,102853.36,102421,103718.08,432.3600000000006,false,false,,,,,,NO,,,,2025-05-10T06:00:00Z,103718.08,TARGET,1.2868119622536782,0.7131880377463217,0.2916782311037108,2.530298825053193,false,
BOS_REMOVED,CONTROL,BTC/USD,BTCUSD_2025-04-01,1h,demand,bullish_IPO_demand,2025-05-11T16:00:00Z,104150,104176,103750,103984.13,104176,103963,103963,103750,2025-05-12T02:00:00Z,2025-05-12T02:00:00Z,103963,103750,104389,213,false,false,,,,,,NO,,,,2025-05-12T06:00:00Z,104389,TARGET,0.5368208450704224,1.4631791549295776,1.224647887323971,2.1060093896713696,false,
BOS_REMOVED,CONTROL,BTC/USD,BTCUSD_2025-04-01,1h,demand,bullish_IPO_demand,2025-05-11T16:00:00Z,104150,104176,103750,103984.13,104176,103963,103963,103750,2025-05-12T12:00:00Z,2025-05-12T12:00:00Z,103963,103750,104389,213,false,false,,,,,,NO,,,,2025-05-12T13:00:00Z,104389,TARGET,0.5368852112676057,1.4631147887323943,1.349436619718277,3.1312676056338327,false,
BOS_RETAINED,CONTROL,BTC/USD,BTCUSD_2025-04-01,1h,demand,bullish_IPO_demand,2025-05-09T03:00:00Z,102595.5,102800.69,102364,102451.04,102800.69,102582.345,102582.345,102364,2025-05-12T14:00:00Z,2025-05-12T14:00:00Z,102582.345,102364,103019.035,218.34500000000116,false,true,2025-05-10T23:00:00Z,104809.53,bullish,44,39,NO,,,,2025-05-12T14:00:00Z,103019.035,TARGET,0.5875565275138046,1.4124434724861954,0.17447159312098268,8.324692573679219,false,SAME_BAR_ENTRY_AND_EXIT
BOS_RETAINED,CONTROL,BTC/USD,BTCUSD_2025-04-01,1h,demand,bullish_IPO_demand,2025-05-09T03:00:00Z,102595.5,102800.69,102364,102451.04,102800.69,102582.345,102582.345,102364,2025-05-12T16:00:00Z,2025-05-12T16:00:00Z,102582.345,102364,103019.035,218.34500000000116,false,true,2025-05-10T23:00:00Z,104809.53,bullish,44,41,NO,,,,2025-05-12T16:00:00Z,103019.035,TARGET,0.5867861411985695,1.4132138588014305,0.7351439236071289,2.2567267397924966,false,SAME_BAR_ENTRY_AND_EXIT
BOS_RETAINED,CONTROL,BTC/USD,BTCUSD_2025-04-01,1h,demand,bullish_IPO_demand,2025-05-08T17:00:00Z,101276.49,101707.02,100779.26,101027.13,101707.02,101243.14,101243.14,100779.26,2025-05-12T18:00:00Z,2025-05-12T18:00:00Z,101243.14,100779.26,102170.90000000001,463.88000000000466,false,true,2025-05-10T23:00:00Z,104809.53,bullish,54,43,NO,,,,2025-05-12T18:00:00Z,102170.90000000001,TARGET,1.3427356859532704,0.6572643140467297,1.1312623954470957,3.0555316030007327,false,SAME_BAR_ENTRY_AND_EXIT
BOS_REMOVED,CONTROL,BTC/USD,BTCUSD_2025-04-01,1h,supply,bearish_IPO_supply,2025-05-12T16:00:00Z,102527.27,103075.09,102421.83,102856.06,102748.45999999999,102421.83,102748.45999999999,103075.09,2025-05-12T20:00:00Z,2025-05-12T20:00:00Z,102748.45999999999,103075.09,102095.19999999998,326.63000000000466,false,false,,,,,,NO,,,,2025-05-12T20:00:00Z,102095.19999999998,TARGET,1.0569282368429245,0.9430717631570756,0.40697425221200034,2.995009643939567,false,SAME_BAR_ENTRY_AND_EXIT
BOS_RETAINED,CONTROL,BTC/USD,BTCUSD_2025-04-01,1h,supply,bearish_IPO_supply,2025-05-12T16:00:00Z,102527.27,103075.09,102421.83,102856.06,102748.45999999999,102421.83,102748.45999999999,103075.09,2025-05-12T22:00:00Z,2025-05-12T22:00:00Z,102748.45999999999,103075.09,102095.19999999998,326.63000000000466,false,true,2025-05-12T18:00:00Z,101630.59,bearish,2,4,NO,,,,2025-05-13T01:00:00Z,102095.19999999998,TARGET,1.055294553470301,0.944705446529699,1.1617426445825583,2.071028380736559,false,
BOS_RETAINED,CONTROL,BTC/USD,BTCUSD_2025-04-01,1h,supply,bearish_IPO_supply,2025-05-12T16:00:00Z,102527.27,103075.09,102421.83,102856.06,102748.45999999999,102421.83,102748.45999999999,103075.09,2025-05-13T08:00:00Z,2025-05-13T08:00:00Z,102748.45999999999,103075.09,102095.19999999998,326.63000000000466,false,true,2025-05-12T18:00:00Z,101630.59,bearish,2,14,NO,,,,2025-05-13T09:00:00Z,103457.03,S2_CLOSE_INVALIDATION,-3.112806539509514,0.943471205951675,2.335180479441553,0.6376634111992036,false,
BOS_RETAINED,CONTROL,BTC/USD,BTCUSD_2025-04-01,1h,supply,bearish_IPO_supply,2025-05-10T23:00:00Z,103597.53,104984.57,103571.42,104809.53,104277.995,103571.42,104277.995,104984.57,2025-05-13T16:00:00Z,2025-05-13T16:00:00Z,104277.995,104984.57,102864.84499999997,706.5750000000116,false,true,2025-05-12T18:00:00Z,101630.59,bearish,43,22,NO,,,,2025-05-14T15:00:00Z,102864.84499999997,TARGET,1.5595972826663909,0.44040271733360914,0.988224887662305,2.04429112266917,false,
BOS_RETAINED,CONTROL,BTC/USD,BTCUSD_2025-04-01,1h,supply,bearish_IPO_supply,2025-05-10T23:00:00Z,103597.53,104984.57,103571.42,104809.53,104277.995,103571.42,104277.995,104984.57,2025-05-16T02:00:00Z,2025-05-16T02:00:00Z,104277.995,104984.57,102864.84499999997,706.5750000000116,false,true,2025-05-12T18:00:00Z,101630.59,bearish,43,80,NO,,,,2025-05-17T01:00:00Z,102864.84499999997,TARGET,1.5575849697484416,0.44241503025155837,0.3854297137600423,2.357138308035195,false,
BOS_RETAINED,CONTROL,BTC/USD,BTCUSD_2025-04-01,1h,demand,bullish_IPO_demand,2025-05-17T01:00:00Z,103360,103360.01,102612.5,102829.57,103360.01,102986.255,102986.255,102612.5,2025-05-19T04:00:00Z,2025-05-19T04:00:00Z,102986.255,102612.5,103733.76500000001,373.75500000000466,false,true,2025-05-18T16:00:00Z,105822.22,bullish,39,12,NO,,,,2025-05-19T04:00:00Z,103733.76500000001,TARGET,1.1732385921258681,0.8267614078741319,0.5277655148426167,2.1236772752203734,false,SAME_BAR_ENTRY_AND_EXIT
BOS_REMOVED,CONTROL,BTC/USD,BTCUSD_2025-04-01,1h,demand,bullish_IPO_demand,2025-05-20T21:00:00Z,106909.09,107225.68,106132.09,106619,107225.68,106678.885,106678.885,106132.09,2025-05-21T07:00:00Z,2025-05-21T07:00:00Z,106678.885,106132.09,107772.47499999999,546.7949999999983,false,false,,,,,,NO,,,,2025-05-21T07:00:00Z,107772.47499999999,TARGET,1.4155369379749247,0.5844630620250753,0.41029087683684357,2.1518210663960247,false,SAME_BAR_ENTRY_AND_EXIT
BOS_RETAINED,CONTROL,BTC/USD,BTCUSD_2025-04-01,1h,demand,bullish_IPO_demand,2025-05-20T21:00:00Z,106909.09,107225.68,106132.09,106619,107225.68,106678.885,106678.885,106132.09,2025-05-21T11:00:00Z,2025-05-21T11:00:00Z,106678.885,106132.09,107772.47499999999,546.7949999999983,false,true,2025-05-21T06:00:00Z,107751.41,bullish,9,5,NO,,,,2025-05-21T14:00:00Z,107772.47499999999,TARGET,1.4154311579293868,0.5845688420706133,0.7428103768322587,4.244945546319942,false,
BOS_RETAINED,CONTROL,BTC/USD,BTCUSD_2025-04-01,1h,demand,bullish_IPO_demand,2025-05-20T21:00:00Z,106909.09,107225.68,106132.09,106619,107225.68,106678.885,106678.885,106132.09,2025-05-21T17:00:00Z,2025-05-21T17:00:00Z,106678.885,106132.09,107772.47499999999,546.7949999999983,false,true,2025-05-21T06:00:00Z,107751.41,bullish,9,11,NO,,,,2025-05-21T17:00:00Z,107772.47499999999,TARGET,1.4151768578717783,0.5848231421282217,1.026371857826056,4.872255598533287,false,SAME_BAR_ENTRY_AND_EXIT
BOS_RETAINED,CONTROL,BTC/USD,BTCUSD_2025-04-01,1h,demand,bullish_IPO_demand,2025-05-20T21:00:00Z,106909.09,107225.68,106132.09,106619,107225.68,106678.885,106678.885,106132.09,2025-05-21T19:00:00Z,2025-05-21T19:00:00Z,106678.885,106132.09,107772.47499999999,546.7949999999983,false,true,2025-05-21T06:00:00Z,107751.41,bullish,9,13,NO,,,,2025-05-21T19:00:00Z,107772.47499999999,TARGET,1.4041434724165345,0.5958565275834655,0.10827641072065754,3.9837690542159576,false,SAME_BAR_ENTRY_AND_EXIT
BOS_REMOVED,CONTROL,BTC/USD,BTCUSD_2025-04-01,1h,supply,bearish_IPO_supply,2025-05-23T14:00:00Z,109634.99,109992.75,109505,109672.01,109748.875,109505,109748.875,109992.75,2025-05-23T17:00:00Z,2025-05-23T17:00:00Z,109748.875,109992.75,109261.125,243.875,false,false,,,,,,NO,,,,2025-05-23T17:00:00Z,109261.125,TARGET,0.6540683136852896,1.3459316863147104,0.2487134802665252,2.977160430548408,false,SAME_BAR_ENTRY_AND_EXIT
BOS_REMOVED,CONTROL,BTC/USD,BTCUSD_2025-04-01,1h,supply,bearish_IPO_supply,2025-05-23T21:00:00Z,108236.53,108664.65,108055,108282.89,108359.825,108055,108359.825,108664.65,2025-05-24T03:00:00Z,2025-05-24T03:00:00Z,108359.825,108664.65,107750.175,304.8249999999971,false,false,,,,,,NO,,,,2025-05-24T06:00:00Z,107750.175,TARGET,0.9334900352661262,1.0665099647338738,0.7299434101533889,2.217222996801434,false,
BOS_REMOVED,CONTROL,BTC/USD,BTCUSD_2025-04-01,1h,supply,bearish_IPO_supply,2025-05-23T14:00:00Z,109634.99,109992.75,109505,109672.01,109748.875,109505,109748.875,109992.75,2025-05-26T02:00:00Z,2025-05-26T02:00:00Z,109748.875,109992.75,109261.125,243.875,false,false,,,,,,NO,,,,2025-05-26T02:00:00Z,109261.125,TARGET,0.6543796617119426,1.3456203382880574,0.09777549974372594,2.3639774474628372,false,SAME_BAR_ENTRY_AND_EXIT
BOS_REMOVED,CONTROL,BTC/USD,BTCUSD_2025-04-01,1h,demand,bullish_IPO_demand,2025-05-27T06:00:00Z,108923.36,109290.03,108826.08,108828.19,109290.03,109058.055,109058.055,108826.08,2025-05-27T15:00:00Z,2025-05-27T15:00:00Z,109058.055,108826.08,109522.00499999998,231.97499999999127,false,false,,,,,,NO,,,,2025-05-27T15:00:00Z,109522.00499999998,TARGET,0.5756209505334089,1.424379049466591,0.20573337644139697,5.098717534217279,false,SAME_BAR_ENTRY_AND_EXIT
BOS_RETAINED,CONTROL,BTC/USD,BTCUSD_2025-04-01,1h,demand,bullish_IPO_demand,2025-05-21T09:00:00Z,106372.46,106523.81,106100.01,106200.03,106523.81,106311.91,106311.91,106100.01,2025-05-29T17:00:00Z,2025-05-29T17:00:00Z,106311.91,106100.01,106735.71000000002,211.90000000000873,false,true,2025-05-29T11:00:00Z,108779.84,bullish,194,6,NO,,,,2025-05-29T17:00:00Z,106735.71000000002,TARGET,0.4949938650307366,1.5050061349692634,0.9174138744690926,2.725247758376461,false,SAME_BAR_ENTRY_AND_EXIT
BOS_RETAINED,CONTROL,BTC/USD,BTCUSD_2025-04-01,1h,supply,bearish_IPO_supply,2025-05-26T15:00:00Z,109652.51,110420.74,109529.57,110009.82,109975.155,109529.57,109975.155,110420.74,2025-06-09T23:00:00Z,2025-06-09T23:00:00Z,109975.155,110420.74,109083.98499999999,445.5850000000064,false,true,2025-06-05T20:00:00Z,100483.91,bearish,245,99,NO,,,,2025-06-10T08:00:00Z,109083.98499999999,TARGET,1.25762972272407,0.74237027727593,0.7604273034325696,2.06078525982695,false,
BOS_RETAINED,CONTROL,BTC/USD,BTCUSD_2025-04-01,1h,supply,bearish_IPO_supply,2025-05-26T15:00:00Z,109652.51,110420.74,109529.57,110009.82,109975.155,109529.57,109975.155,110420.74,2025-06-10T21:00:00Z,2025-06-10T21:00:00Z,109975.155,110420.74,109083.98499999999,445.5850000000064,false,true,2025-06-05T20:00:00Z,100483.91,bearish,245,121,NO,,,,2025-06-11T12:00:00Z,109083.98499999999,TARGET,1.2603224749486737,0.7396775250513264,0.7284244308044311,2.1686883535127484,false,
BOS_RETAINED,CONTROL,BTC/USD,BTCUSD_2025-04-01,1h,demand,bullish_IPO_demand,2025-06-06T07:00:00Z,103160,103468.66,103050.9,103150.44,103468.66,103259.78,103259.78,103050.9,2025-06-13T00:00:00Z,2025-06-13T00:00:00Z,103259.78,103050.9,103677.54000000001,208.88000000000466,false,true,2025-06-09T21:00:00Z,109973.75,bullish,86,75,NO,,,,2025-06-13T00:00:00Z,103677.54000000001,TARGET,0.5092233339716914,1.4907766660283086,0.21979126771353155,11.653676752201967,false,SAME_BAR_ENTRY_AND_EXIT
BOS_RETAINED,CONTROL,BTC/USD,BTCUSD_2025-04-01,1h,demand,bullish_IPO_demand,2025-06-06T07:00:00Z,103160,103468.66,103050.9,103150.44,103468.66,103259.78,103259.78,103050.9,2025-06-13T02:00:00Z,2025-06-13T02:00:00Z,103259.78,103050.9,103677.54000000001,208.88000000000466,false,true,2025-06-09T21:00:00Z,109973.75,bullish,86,77,NO,,,,2025-06-13T02:00:00Z,103677.54000000001,TARGET,0.511472472232894,1.488527527767106,0.9297204136345881,3.4319226350056713,false,SAME_BAR_ENTRY_AND_EXIT
BOS_RETAINED,CONTROL,BTC/USD,BTCUSD_2025-04-01,1h,demand,bullish_IPO_demand,2025-06-06T12:00:00Z,103927.99,104300,103513.7,103753.27,104300,103906.85,103906.85,103513.7,2025-06-13T04:00:00Z,2025-06-13T04:00:00Z,103906.85,103513.7,104693.15000000002,393.15000000000873,false,true,2025-06-09T21:00:00Z,109973.75,bullish,81,79,NO,,,,2025-06-13T06:00:00Z,104693.15000000002,TARGET,1.2033230064860916,0.7966769935139084,0.3156556021874681,2.074653440162727,false,
BOS_REMOVED,CONTROL,BTC/USD,BTCUSD_2025-04-01,1h,demand,bullish_IPO_demand,2025-06-16T12:00:00Z,106884,106900,106600,106690.47,106900,106750,106750,106600,2025-06-16T23:00:00Z,2025-06-16T23:00:00Z,106750,106600,107050,150,false,false,,,,,,NO,,,,2025-06-16T23:00:00Z,107050,TARGET,-0.1358906000000002,2.1358906,0.3333333333333333,8.217533333333364,false,SAME_BAR_ENTRY_AND_EXIT
BOS_RETAINED,CONTROL,BTC/USD,BTCUSD_2025-04-01,1h,demand,bullish_IPO_demand,2025-06-16T12:00:00Z,106884,106900,106600,106690.47,106900,106750,106750,106600,2025-06-17T02:00:00Z,2025-06-17T02:00:00Z,106750,106600,107050,150,false,true,2025-06-16T22:00:00Z,107700.01,bullish,10,4,NO,,,,2025-06-17T02:00:00Z,107050,TARGET,-0.14964780000000033,2.1496478000000003,1.1861999999999535,5.666666666666667,false,SAME_BAR_ENTRY_AND_EXIT
BOS_RETAINED,CONTROL,BTC/USD,BTCUSD_2025-04-01,1h,demand,bullish_IPO_demand,2025-06-16T12:00:00Z,106884,106900,106600,106690.47,106900,106750,106750,106600,2025-06-17T06:00:00Z,2025-06-17T06:00:00Z,106750,106600,107050,150,false,true,2025-06-16T22:00:00Z,107700.01,bullish,10,8,NO,,,,2025-06-17T06:00:00Z,107050,TARGET,-0.13665820000000029,2.1366582000000003,0.17333333333333334,3.232933333333349,false,SAME_BAR_ENTRY_AND_EXIT
BOS_RETAINED,CONTROL,BTC/USD,BTCUSD_2025-04-01,1h,demand,bullish_IPO_demand,2025-06-06T12:00:00Z,103927.99,104300,103513.7,103753.27,104300,103906.85,103906.85,103513.7,2025-06-18T17:00:00Z,2025-06-18T17:00:00Z,103906.85,103513.7,104693.15000000002,393.15000000000873,false,true,2025-06-16T22:00:00Z,107700.01,bullish,250,43,NO,,,,2025-06-18T18:00:00Z,104693.15000000002,TARGET,1.203877680274722,0.796122319725278,0.8161007249141515,2.032888210606583,false,
BOS_RETAINED,CONTROL,BTC/USD,BTCUSD_2025-04-01,1h,demand,bullish_IPO_demand,2025-06-06T12:00:00Z,103927.99,104300,103513.7,103753.27,104300,103906.85,103906.85,103513.7,2025-06-18T19:00:00Z,2025-06-18T19:00:00Z,103906.85,103513.7,104693.15000000002,393.15000000000873,false,true,2025-06-16T22:00:00Z,107700.01,bullish,250,45,NO,,,,2025-06-18T20:00:00Z,104693.15000000002,TARGET,1.2078717283479765,0.7921282716520236,1.034846750604087,2.7522065369451223,false,
BOS_RETAINED,CONTROL,BTC/USD,BTCUSD_2025-04-01,1h,demand,bullish_IPO_demand,2025-06-06T07:00:00Z,103160,103468.66,103050.9,103150.44,103468.66,103259.78,103259.78,103050.9,2025-06-20T17:00:00Z,2025-06-20T17:00:00Z,103259.78,103050.9,103677.54000000001,208.88000000000466,false,true,2025-06-16T22:00:00Z,107700.01,bullish,255,91,NO,,,,2025-06-20T17:00:00Z,103677.54000000001,TARGET,0.5166709115281831,1.4833290884718169,4.379452317119775,2.4035810034468903,false,SAME_BAR_ENTRY_AND_EXIT
BOS_RETAINED,CONTROL,BTC/USD,BTCUSD_2025-04-01,1h,demand,bullish_IPO_demand,2025-06-06T07:00:00Z,103160,103468.66,103050.9,103150.44,103468.66,103259.78,103259.78,103050.9,2025-06-20T19:00:00Z,2025-06-20T19:00:00Z,103259.78,103050.9,103677.54000000001,208.88000000000466,false,true,2025-06-16T22:00:00Z,107700.01,bullish,255,93,NO,,,,2025-06-20T20:00:00Z,103677.54000000001,TARGET,0.5162693412485968,1.4837306587514032,1.1938433550363357,2.720317885867429,false,
BOS_RETAINED,CONTROL,BTC/USD,BTCUSD_2025-04-01,1h,demand,bullish_IPO_demand,2025-06-06T07:00:00Z,103160,103468.66,103050.9,103150.44,103468.66,103259.78,103259.78,103050.9,2025-06-20T23:00:00Z,2025-06-20T23:00:00Z,103259.78,103050.9,103677.54000000001,208.88000000000466,false,true,2025-06-16T22:00:00Z,107700.01,bullish,255,97,NO,,,,2025-06-21T03:00:00Z,103677.54000000001,TARGET,0.5164019054002627,1.4835980945997373,1.417608196093422,2.0676464955955085,false,
BOS_REMOVED,CONTROL,BTC/USD,BTCUSD_2025-04-01,1h,supply,bearish_IPO_supply,2025-06-21T20:00:00Z,102245.11,102888.88,102206,102782.08,102547.44,102206,102547.44,102888.88,2025-06-22T01:00:00Z,2025-06-22T01:00:00Z,102547.44,102888.88,101864.56,341.4400000000023,false,false,,,,,,NO,,,,2025-06-22T13:00:00Z,101864.56,TARGET,1.1003953842549263,0.8996046157450736,1.3411726804123416,6.673764058106803,false,
BOS_RETAINED,CONTROL,BTC/USD,BTCUSD_2025-04-01,1h,demand,bullish_IPO_demand,2025-05-08T05:00:00Z,98954.32,99120,98738.09,98740.61,99120,98929.045,98929.045,98738.09,2025-06-22T16:00:00Z,2025-06-22T16:00:00Z,98929.045,98738.09,99310.955,190.95500000000175,false,true,2025-06-16T22:00:00Z,107700.01,bullish,953,138,NO,,,,2025-06-22T16:00:00Z,99310.955,TARGET,0.4341781571574599,1.5658218428425401,1.3374093372783766,3.983215940928482,false,SAME_BAR_ENTRY_AND_EXIT
BOS_RETAINED,CONTROL,BTC/USD,BTCUSD_2025-04-01,1h,demand,bullish_IPO_demand,2025-05-08T05:00:00Z,98954.32,99120,98738.09,98740.61,99120,98929.045,98929.045,98738.09,2025-06-22T19:00:00Z,2025-06-22T19:00:00Z,98929.045,98738.09,99310.955,190.95500000000175,false,true,2025-06-16T22:00:00Z,107700.01,bullish,953,141,NO,,,,2025-06-22T19:00:00Z,99310.955,TARGET,0.44650037967061706,1.553499620329383,0.6757874891990107,2.7477939828755304,false,SAME_BAR_ENTRY_AND_EXIT
BOS_RETAINED,CONTROL,BTC/USD,BTCUSD_2025-04-01,1h,supply,bearish_IPO_supply,2025-06-21T20:00:00Z,102245.11,102888.88,102206,102782.08,102547.44,102206,102547.44,102888.88,2025-06-23T17:00:00Z,2025-06-23T17:00:00Z,102547.44,102888.88,101864.56,341.4400000000023,false,true,2025-06-22T16:00:00Z,99667.17,bearish,20,25,NO,,,,2025-06-23T17:00:00Z,101864.56,TARGET,1.0995429358013182,0.9004570641986818,0.41752577319586665,5.995841143392652,false,SAME_BAR_ENTRY_AND_EXIT
BOS_REMOVED,CONTROL,BTC/USD,BTCUSD_2025-04-01,1h,demand,bullish_IPO_demand,2025-06-24T02:00:00Z,105450.75,105450.75,104729.69,104753.8,105450.75,105090.22,105090.22,104729.69,2025-06-24T07:00:00Z,2025-06-24T07:00:00Z,105090.22,104729.69,105811.28,360.52999999999884,false,false,,,,,,NO,,,,2025-06-24T16:00:00Z,105811.28,TARGET,1.1268376556735888,0.8731623443264112,1.2986436634954057,3.2668016531218003,false,
BOS_REMOVED,CONTROL,EUR/USD,EURUSD_2025-08-01,1h,supply,bearish_IPO_supply,2025-07-24T13:00:00Z,1.17363,1.17768,1.17308,1.17718,1.17538,1.17308,1.17538,1.17768,2025-07-24T20:00:00Z,2025-07-24T20:00:00Z,1.17538,1.17768,1.1707800000000002,0.0022999999999999687,false,false,,,,,,NO,,,,2025-07-25T13:00:00Z,1.1707800000000002,TARGET,1.9304347826086947,0.06956521739130529,0.3043478260869271,2.200000000000058,false,
BOS_RETAINED,CONTROL,EUR/USD,EURUSD_2025-08-01,1h,supply,bearish_IPO_supply,2025-07-24T13:00:00Z,1.17363,1.17768,1.17308,1.17718,1.17538,1.17308,1.17538,1.17768,2025-07-27T23:00:00Z,2025-07-27T23:00:00Z,1.17538,1.17768,1.1707800000000002,0.0022999999999999687,false,true,2025-07-25T13:00:00Z,1.17216,bearish,24,10,NO,,,,2025-07-28T07:00:00Z,1.1707800000000002,TARGET,1.9304347826086947,0.06956521739130529,0.708695652173835,3.5913043478262034,false,
BOS_REMOVED,CONTROL,EUR/USD,EURUSD_2025-08-01,1h,supply,bearish_IPO_supply,2025-07-29T04:00:00Z,1.15828,1.15887,1.15746,1.15886,1.158165,1.15746,1.158165,1.15887,2025-07-29T09:00:00Z,2025-07-29T09:00:00Z,1.158165,1.15887,1.1567549999999995,0.0007050000000001777,false,false,,,,,,NO,,,,2025-07-29T09:00:00Z,1.1567549999999995,TARGET,1.773049645390128,0.2269503546098719,0.4184397163121729,2.631205673758117,false,SAME_BAR_ENTRY_AND_EXIT
BOS_REMOVED,CONTROL,EUR/USD,EURUSD_2025-08-01,1h,supply,bearish_IPO_supply,2025-07-31T11:00:00Z,1.14397,1.14516,1.14356,1.14488,1.1443599999999998,1.14356,1.1443599999999998,1.14516,2025-07-31T14:00:00Z,2025-07-31T14:00:00Z,1.1443599999999998,1.14516,1.1427599999999996,0.0008000000000001339,false,false,,,,,,NO,,,,2025-07-31T14:00:00Z,1.1427599999999996,TARGET,1.8000000000000336,0.19999999999996654,0.8249999999999931,4.587499999999032,false,SAME_BAR_ENTRY_AND_EXIT
BOS_REMOVED,CONTROL,EUR/USD,EURUSD_2025-08-01,1h,supply,bearish_IPO_supply,2025-07-31T14:00:00Z,1.14114,1.14502,1.14069,1.14456,1.142855,1.14069,1.142855,1.14502,2025-07-31T19:00:00Z,2025-07-31T19:00:00Z,1.142855,1.14502,1.138525,0.0021649999999999725,false,false,,,,,,NO,,,,2025-08-01T12:00:00Z,1.1545,S2_CLOSE_INVALIDATION,-5.452655889145625,0.07390300230946976,6.0207852193996745,1.7159353348729607,false,
BOS_RETAINED,CONTROL,EUR/USD,EURUSD_2025-08-01,1h,supply,bearish_IPO_supply,2025-07-29T04:00:00Z,1.15828,1.15887,1.15746,1.15886,1.158165,1.15746,1.158165,1.15887,2025-08-01T13:00:00Z,2025-08-01T13:00:00Z,1.158165,1.15887,1.1567549999999995,0.0007050000000001777,false,true,2025-08-01T01:00:00Z,1.14071,bearish,69,12,NO,,,,2025-08-01T13:00:00Z,1.1567549999999995,TARGET,1.773049645390128,0.2269503546098719,0.30496453900712345,6.375886524820968,false,SAME_BAR_ENTRY_AND_EXIT
BOS_RETAINED,CONTROL,EUR/USD,EURUSD_2025-08-01,1h,supply,bearish_IPO_supply,2025-07-30T00:00:00Z,1.15514,1.15676,1.15508,1.15671,1.15592,1.15508,1.15592,1.15676,2025-08-01T14:00:00Z,2025-08-01T14:00:00Z,1.15592,1.15676,1.1542400000000002,0.0008399999999999519,false,true,2025-08-01T01:00:00Z,1.14071,bearish,49,13,NO,,,,2025-08-01T15:00:00Z,1.1542400000000002,TARGET,1.8095238095237987,0.1904761904762014,3.523809523809549,2.7380952380953576,false,
BOS_RETAINED,CONTROL,EUR/USD,EURUSD_2025-08-01,1h,supply,bearish_IPO_supply,2025-07-30T00:00:00Z,1.15514,1.15676,1.15508,1.15671,1.15592,1.15508,1.15592,1.15676,2025-08-01T16:00:00Z,2025-08-01T16:00:00Z,1.15592,1.15676,1.1542400000000002,0.0008399999999999519,false,true,2025-08-01T01:00:00Z,1.14071,bearish,49,15,NO,,,,2025-08-01T16:00:00Z,1.1542400000000002,TARGET,1.8095238095237987,0.1904761904762014,0.6666666666665786,2.5714285714289113,false,SAME_BAR_ENTRY_AND_EXIT
BOS_RETAINED,CONTROL,EUR/USD,EURUSD_2025-08-01,1h,supply,bearish_IPO_supply,2025-07-29T04:00:00Z,1.15828,1.15887,1.15746,1.15886,1.158165,1.15746,1.158165,1.15887,2025-08-01T19:00:00Z,2025-08-01T19:00:00Z,1.158165,1.15887,1.1567549999999995,0.0007050000000001777,false,true,2025-08-01T01:00:00Z,1.14071,bearish,69,18,NO,,,,2025-08-01T19:00:00Z,1.1567549999999995,TARGET,1.773049645390128,0.2269503546098719,0.0921985815605495,8.191489361699869,false,SAME_BAR_ENTRY_AND_EXIT
BOS_RETAINED,CONTROL,EUR/USD,EURUSD_2025-08-01,1h,supply,bearish_IPO_supply,2025-07-29T02:00:00Z,1.15913,1.1599,1.15913,1.1597,1.1595149999999999,1.15913,1.1595149999999999,1.1599,2025-08-01T20:00:00Z,2025-08-01T20:00:00Z,1.1595149999999999,1.1599,1.1587449999999997,0.0003850000000000797,false,true,2025-08-01T01:00:00Z,1.14071,bearish,71,19,NO,,,,2025-08-01T20:00:00Z,1.1587449999999997,TARGET,1.5844155844156704,0.41558441558432957,0.6623376623378271,6.870129870127893,false,SAME_BAR_ENTRY_AND_EXIT
BOS_REMOVED,CONTROL,EUR/USD,EURUSD_2025-08-01,1h,demand,bullish_IPO_demand,2025-08-04T00:00:00Z,1.15877,1.1589,1.15558,1.15581,1.1589,1.15724,1.15724,1.15558,2025-08-04T05:00:00Z,2025-08-04T05:00:00Z,1.15724,1.15558,1.16056,0.0016599999999999948,false,false,,,,,,NO,,,,2025-08-05T05:00:00Z,1.15471,S2_CLOSE_INVALIDATION,-1.6204819277109348,0.09638554216867501,1.716867469879535,1.0180722891566112,false,
BOS_REMOVED,CONTROL,EUR/USD,EURUSD_2025-08-01,1h,demand,bullish_IPO_demand,2025-08-01T18:00:00Z,1.15268,1.15481,1.15216,1.15261,1.15481,1.1534849999999999,1.1534849999999999,1.15216,2025-08-05T07:00:00Z,2025-08-05T07:00:00Z,1.1534849999999999,1.15216,1.1561349999999995,0.0013249999999997986,false,false,,,,,,NO,,,,2025-08-05T07:00:00Z,1.1561349999999995,TARGET,1.8792452830188495,0.12075471698115044,0.1698113207546822,2.1320754716984958,false,SAME_BAR_ENTRY_AND_EXIT
BOS_REMOVED,CONTROL,EUR/USD,EURUSD_2025-08-01,1h,demand,bullish_IPO_demand,2025-08-01T18:00:00Z,1.15268,1.15481,1.15216,1.15261,1.15481,1.1534849999999999,1.1534849999999999,1.15216,2025-08-05T09:00:00Z,2025-08-05T09:00:00Z,1.1534849999999999,1.15216,1.1561349999999995,0.0013249999999997986,false,false,,,,,,NO,,,,2025-08-05T14:00:00Z,1.1561349999999995,TARGET,1.8792452830188495,0.12075471698115044,0.5471698113207357,2.411320754717392,false,
BOS_REMOVED,CONTROL,EUR/USD,EURUSD_2025-08-01,1h,supply,bearish_IPO_supply,2025-08-04T23:00:00Z,1.15802,1.1586,1.15779,1.15839,1.158195,1.15779,1.158195,1.1586,2025-08-05T15:00:00Z,2025-08-05T15:00:00Z,1.158195,1.1586,1.157385,0.0004049999999999887,false,false,,,,,,NO,,,,2025-08-05T15:00:00Z,1.157385,TARGET,1.6049382716049272,0.3950617283950728,0.8024691358022661,4.7037037037039475,false,SAME_BAR_ENTRY_AND_EXIT
BOS_REMOVED,CONTROL,EUR/USD,EURUSD_2025-08-01,1h,supply,bearish_IPO_supply,2025-08-04T23:00:00Z,1.15802,1.1586,1.15779,1.15839,1.158195,1.15779,1.158195,1.1586,2025-08-05T17:00:00Z,2025-08-05T17:00:00Z,1.158195,1.1586,1.157385,0.0004049999999999887,false,false,,,,,,NO,,,,2025-08-05T18:00:00Z,1.157385,TARGET,1.6049382716049272,0.3950617283950728,0.5061728395062135,2.9753086419756944,false,
BOS_REMOVED,CONTROL,EUR/USD,EURUSD_2025-08-01,1h,supply,bearish_IPO_supply,2025-08-04T23:00:00Z,1.15802,1.1586,1.15779,1.15839,1.158195,1.15779,1.158195,1.1586,2025-08-06T00:00:00Z,2025-08-06T00:00:00Z,1.158195,1.1586,1.157385,0.0004049999999999887,false,false,,,,,,NO,,,,2025-08-06T00:00:00Z,1.157385,TARGET,1.6049382716049272,0.3950617283950728,0.8765432098762792,2.283950617284174,false,SAME_BAR_ENTRY_AND_EXIT
BOS_REMOVED,CONTROL,EUR/USD,EURUSD_2025-08-01,1h,supply,bearish_IPO_supply,2025-08-04T23:00:00Z,1.15802,1.1586,1.15779,1.15839,1.158195,1.15779,1.158195,1.1586,2025-08-06T03:00:00Z,2025-08-06T03:00:00Z,1.158195,1.1586,1.157385,0.0004049999999999887,false,false,,,,,,NO,,,,2025-08-06T03:00:00Z,1.157385,TARGET,1.6049382716049272,0.3950617283950728,0.061728395061586255,3.1234567901237207,false,SAME_BAR_ENTRY_AND_EXIT
BOS_REMOVED,CONTROL,EUR/USD,EURUSD_2025-08-01,1h,supply,bearish_IPO_supply,2025-08-04T23:00:00Z,1.15802,1.1586,1.15779,1.15839,1.158195,1.15779,1.158195,1.1586,2025-08-06T05:00:00Z,2025-08-06T05:00:00Z,1.158195,1.1586,1.157385,0.0004049999999999887,false,false,,,,,,NO,,,,2025-08-06T07:00:00Z,1.157385,TARGET,1.6049382716049272,0.3950617283950728,1.716049382715826,2.6296296296299344,false,
BOS_REMOVED,CONTROL,EUR/USD,EURUSD_2025-08-01,1h,supply,bearish_IPO_supply,2025-08-04T23:00:00Z,1.15802,1.1586,1.15779,1.15839,1.158195,1.15779,1.158195,1.1586,2025-08-06T09:00:00Z,2025-08-06T09:00:00Z,1.158195,1.1586,1.157385,0.0004049999999999887,false,false,,,,,,NO,,,,2025-08-06T10:00:00Z,1.16069,S2_CLOSE_INVALIDATION,-6.555555555555525,0.3950617283950728,7.3456790123457605,1.913580246914108,false,
BOS_RETAINED,CONTROL,EUR/USD,EURUSD_2025-08-01,1h,supply,bearish_IPO_supply,2025-07-28T14:00:00Z,1.16331,1.16476,1.16305,1.16378,1.163905,1.16305,1.163905,1.16476,2025-08-06T15:00:00Z,2025-08-06T15:00:00Z,1.163905,1.16476,1.1621949999999999,0.0008550000000000502,false,true,2025-08-01T01:00:00Z,1.14071,bearish,83,85,NO,,,,2025-08-06T17:00:00Z,1.1649,S2_CLOSE_INVALIDATION,-1.3508771929824694,0.18713450292396563,1.9356725146197251,1.9239766081869005,false,
BOS_RETAINED,CONTROL,EUR/USD,EURUSD_2025-08-01,1h,supply,bearish_IPO_supply,2025-07-28T12:00:00Z,1.16513,1.1665,1.1648,1.16577,1.16565,1.1648,1.16565,1.1665,2025-08-06T18:00:00Z,2025-08-06T18:00:00Z,1.16565,1.1665,1.16395,0.0008500000000000174,false,true,2025-08-01T01:00:00Z,1.14071,bearish,85,88,NO,,,,2025-08-07T04:00:00Z,1.16712,S2_CLOSE_INVALIDATION,-1.9176470588233259,0.18823529411764323,2.399999999999739,1.0235294117648595,false,
BOS_RETAINED,CONTROL,EUR/USD,EURUSD_2025-08-01,1h,supply,bearish_IPO_supply,2025-07-28T08:00:00Z,1.16747,1.16901,1.1671,1.1679,1.168055,1.1671,1.168055,1.16901,2025-08-07T08:00:00Z,2025-08-07T08:00:00Z,1.168055,1.16901,1.166145,0.0009550000000000392,false,true,2025-08-01T01:00:00Z,1.14071,bearish,89,102,NO,,,,2025-08-07T11:00:00Z,1.166145,TARGET,1.8324607329843001,0.16753926701569996,1.921465968586341,4.884816753926649,false,
BOS_REMOVED,CONTROL,EUR/USD,EURUSD_2025-08-01,1h,demand,bullish_IPO_demand,2025-08-07T14:00:00Z,1.16429,1.16503,1.1614,1.16235,1.16503,1.163215,1.163215,1.1614,2025-08-08T09:00:00Z,2025-08-08T09:00:00Z,1.163215,1.1614,1.1668450000000004,0.001815000000000122,false,false,,,,,,NO,,,,2025-08-11T02:00:00Z,1.1668450000000004,TARGET,1.9118457300275542,0.08815426997244587,0.22865013774106133,2.0303030303028597,false,
BOS_REMOVED,CONTROL,EUR/USD,EURUSD_2025-08-01,1h,demand,bullish_IPO_demand,2025-08-07T14:00:00Z,1.16429,1.16503,1.1614,1.16235,1.16503,1.163215,1.163215,1.1614,2025-08-11T11:00:00Z,2025-08-11T11:00:00Z,1.163215,1.1614,1.1668450000000004,0.001815000000000122,false,false,,,,,,NO,,,,2025-08-11T14:00:00Z,1.15971,S2_CLOSE_INVALIDATION,-2.0192837465563884,0.08815426997244587,2.344352617079798,0.8457300275480655,false,
BOS_REMOVED,CONTROL,EUR/USD,EURUSD_2025-08-01,1h,supply,bearish_IPO_supply,2025-08-11T08:00:00Z,1.16473,1.16607,1.16439,1.16555,1.16523,1.16439,1.16523,1.16607,2025-08-12T12:00:00Z,2025-08-12T12:00:00Z,1.16523,1.16607,1.16355,0.0008399999999999519,false,false,,,,,,NO,,,,2025-08-12T12:00:00Z,1.16355,TARGET,1.8095238095237987,0.1904761904762014,0.5357142857143896,6.178571428571816,false,SAME_BAR_ENTRY_AND_EXIT
BOS_REMOVED,CONTROL,EUR/USD,EURUSD_2025-08-01,1h,supply,bearish_IPO_supply,2025-08-11T08:00:00Z,1.16473,1.16607,1.16439,1.16555,1.16523,1.16439,1.16523,1.16607,2025-08-12T14:00:00Z,2025-08-12T14:00:00Z,1.16523,1.16607,1.16355,0.0008399999999999519,false,false,,,,,,NO,,,,2025-08-12T15:00:00Z,1.16738,S2_CLOSE_INVALIDATION,-2.7500000000002722,0.1904761904762014,5.380952380952784,1.2857142857143236,false,
BOS_RETAINED,CONTROL,EUR/USD,EURUSD_2025-08-01,1h,supply,bearish_IPO_supply,2025-07-28T08:00:00Z,1.16747,1.16901,1.1671,1.1679,1.168055,1.1671,1.168055,1.16901,2025-08-12T17:00:00Z,2025-08-12T17:00:00Z,1.168055,1.16901,1.166145,0.0009550000000000392,false,true,2025-08-01T01:00:00Z,1.14071,bearish,89,183,NO,,,,2025-08-13T06:00:00Z,1.16928,S2_CLOSE_INVALIDATION,-1.4502617801046855,0.16753926701569996,1.7853403141358908,1.7120418848167394,false,
BOS_REMOVED,CONTROL,EUR/USD,EURUSD_2025-08-01,1h,demand,bullish_IPO_demand,2025-08-13T12:00:00Z,1.17196,1.17222,1.16973,1.16989,1.17222,1.1709749999999999,1.1709749999999999,1.16973,2025-08-13T16:00:00Z,2025-08-13T16:00:00Z,1.1709749999999999,1.16973,1.1734649999999998,0.0012449999999999406,false,false,,,,,,NO,,,,2025-08-14T06:00:00Z,1.16863,S2_CLOSE_INVALIDATION,-2.012048192771035,0.12851405622490575,1.9799196787149054,0.5261044176707658,false,
BOS_RETAINED,CONTROL,EUR/USD,EURUSD_2025-08-01,1h,demand,bullish_IPO_demand,2025-08-12T21:00:00Z,1.1676,1.16809,1.16664,1.16745,1.16809,1.167365,1.167365,1.16664,2025-08-14T09:00:00Z,2025-08-14T09:00:00Z,1.167365,1.16664,1.1688150000000002,0.0007250000000000867,false,true,2025-08-13T09:00:00Z,1.17298,bullish,12,24,NO,,,,2025-08-14T10:00:00Z,1.1688150000000002,TARGET,1.7793103448276126,0.22068965517238742,0.7931034482757564,3.2758620689651474,false,
BOS_REMOVED,CONTROL,EUR/USD,EURUSD_2025-08-01,1h,demand,bullish_IPO_demand,2025-08-14T16:00:00Z,1.16434,1.1646,1.16304,1.1634,1.1646,1.16382,1.16382,1.16304,2025-08-20T00:00:00Z,2025-08-20T00:00:00Z,1.16382,1.16304,1.16538,0.0007800000000000029,false,false,,,,,,NO,,,,2025-08-20T01:00:00Z,1.16278,S2_CLOSE_INVALIDATION,-1.5384615384617275,0.20512820512820437,1.4230769230771312,0.6153846153843745,false,
BOS_REMOVED,CONTROL,EUR/USD,EURUSD_2025-08-01,1h,supply,bearish_IPO_supply,2025-08-19T22:00:00Z,1.16479,1.1652,1.16428,1.16491,1.16474,1.16428,1.16474,1.1652,2025-08-20T08:00:00Z,2025-08-20T08:00:00Z,1.16474,1.1652,1.1638200000000003,0.00045999999999990493,false,false,,,,,,NO,,,,2025-08-20T08:00:00Z,1.1638200000000003,TARGET,1.6521739130434063,0.34782608695659367,0,3.521739130435895,false,SAME_BAR_ENTRY_AND_EXIT
BOS_REMOVED,CONTROL,EUR/USD,EURUSD_2025-08-01,1h,supply,bearish_IPO_supply,2025-08-19T22:00:00Z,1.16479,1.1652,1.16428,1.16491,1.16474,1.16428,1.16474,1.1652,2025-08-20T10:00:00Z,2025-08-20T10:00:00Z,1.16474,1.1652,1.1638200000000003,0.00045999999999990493,false,false,,,,,,NO,,,,2025-08-20T12:00:00Z,1.16708,S2_CLOSE_INVALIDATION,-5.434782608696311,0.34782608695659367,5.847826086957424,1.5869565217397181,false,
BOS_REMOVED,CONTROL,EUR/USD,EURUSD_2025-08-01,1h,demand,bullish_IPO_demand,2025-08-20T11:00:00Z,1.16474,1.16501,1.16401,1.16419,1.16501,1.16451,1.16451,1.16401,2025-08-21T01:00:00Z,2025-08-21T01:00:00Z,1.16451,1.16401,1.1655099999999998,0.0004999999999999449,false,false,,,,,,NO,,,,2025-08-21T06:00:00Z,1.16304,S2_CLOSE_INVALIDATION,-3.2600000000000797,0.32000000000003526,3.8400000000002663,1.0800000000000889,false,
BOS_RETAINED,CONTROL,EUR/USD,EURUSD_2025-08-01,1h,demand,bullish_IPO_demand,2025-08-12T09:00:00Z,1.16154,1.16188,1.16005,1.16066,1.16188,1.160965,1.160965,1.16005,2025-08-21T15:00:00Z,2025-08-21T15:00:00Z,1.160965,1.16005,1.162795,0.0009149999999999991,false,true,2025-08-13T09:00:00Z,1.17298,bullish,24,150,NO,,,,2025-08-22T03:00:00Z,1.15899,S2_CLOSE_INVALIDATION,-2.333333333333401,0.17486338797814224,2.289617486338754,1.972677595628479,false,
BOS_RETAINED,CONTROL,EUR/USD,EURUSD_2025-08-01,1h,supply,bearish_IPO_supply,2025-08-13T09:00:00Z,1.17146,1.17311,1.1714,1.17298,1.172255,1.1714,1.172255,1.17311,2025-08-22T16:00:00Z,2025-08-22T16:00:00Z,1.172255,1.17311,1.170545,0.0008550000000000502,false,true,2025-08-22T04:00:00Z,1.15847,bearish,163,12,NO,,,,2025-08-22T17:00:00Z,1.17369,S2_CLOSE_INVALIDATION,-1.8654970760231107,0.18713450292396563,2.415204678362412,1.2456140350877558,false,
BOS_REMOVED,CONTROL,EUR/USD,EURUSD_2025-08-01,1h,demand,bullish_IPO_demand,2025-08-25T01:00:00Z,1.16977,1.17037,1.16931,1.16965,1.17037,1.16984,1.16984,1.16931,2025-08-25T08:00:00Z,2025-08-25T08:00:00Z,1.16984,1.16931,1.1708999999999998,0.0005299999999999194,false,false,,,,,,NO,,,,2025-08-25T08:00:00Z,1.1708999999999998,TARGET,1.698113207547124,0.3018867924528761,0.30188679245275907,2.3962264150949006,false,SAME_BAR_ENTRY_AND_EXIT
BOS_REMOVED,CONTROL,EUR/USD,EURUSD_2025-08-01,1h,demand,bullish_IPO_demand,2025-08-22T13:00:00Z,1.16089,1.16196,1.15974,1.15993,1.16196,1.16085,1.16085,1.15974,2025-08-26T08:00:00Z,2025-08-26T08:00:00Z,1.16085,1.15974,1.1630699999999998,0.0011099999999999444,false,false,,,,,,NO,,,,2025-08-26T09:00:00Z,1.1630699999999998,TARGET,1.8558558558558487,0.1441441441441514,0.23423423423418016,3.23423423423438,false,
BOS_REMOVED,CONTROL,EUR/USD,EURUSD_2025-08-01,1h,demand,bullish_IPO_demand,2025-08-22T10:00:00Z,1.15967,1.16003,1.1593,1.15959,1.16003,1.159665,1.159665,1.1593,2025-08-27T07:00:00Z,2025-08-27T07:00:00Z,1.159665,1.1593,1.1603949999999998,0.0003649999999999487,false,false,,,,,,NO,,,,2025-08-27T07:00:00Z,1.1603949999999998,TARGET,1.5616438356163767,0.4383561643836233,0.12328767123248505,7.109589041097232,false,SAME_BAR_ENTRY_AND_EXIT
BOS_RETAINED,CONTROL,EUR/USD,EURUSD_2025-08-01,1h,supply,bearish_IPO_supply,2025-08-26T18:00:00Z,1.16381,1.16477,1.1633,1.16435,1.1640350000000002,1.1633,1.1640350000000002,1.16477,2025-08-27T20:00:00Z,2025-08-27T20:00:00Z,1.1640350000000002,1.16477,1.1625650000000003,0.0007349999999999302,false,true,2025-08-27T11:00:00Z,1.15865,bearish,17,9,NO,,,,2025-08-28T02:00:00Z,1.16531,S2_CLOSE_INVALIDATION,-1.9523809523810223,0.21768707482995267,2.0068027210884805,1.7619047619049921,false,
BOS_RETAINED,CONTROL,EUR/USD,EURUSD_2025-08-01,1h,supply,bearish_IPO_supply,2025-08-26T11:00:00Z,1.16449,1.16612,1.16413,1.16546,1.1651250000000002,1.16413,1.1651250000000002,1.16612,2025-08-28T03:00:00Z,2025-08-28T03:00:00Z,1.1651250000000002,1.16612,1.1631350000000005,0.0009949999999998571,false,true,2025-08-27T11:00:00Z,1.15865,bearish,24,16,NO,,,,2025-08-28T08:00:00Z,1.1631350000000005,TARGET,1.8391959798994744,0.1608040201005256,0.35678391959792377,2.306532663317073,false,
BOS_RETAINED,CONTROL,EUR/USD,EURUSD_2025-08-01,1h,supply,bearish_IPO_supply,2025-08-26T11:00:00Z,1.16449,1.16612,1.16413,1.16546,1.1651250000000002,1.16413,1.1651250000000002,1.16612,2025-08-28T09:00:00Z,2025-08-28T09:00:00Z,1.1651250000000002,1.16612,1.1631350000000005,0.0009949999999998571,false,true,2025-08-27T11:00:00Z,1.15865,bearish,24,22,NO,,,,2025-08-28T10:00:00Z,1.1671,S2_CLOSE_INVALIDATION,-2.1457286432162257,0.1608040201005256,2.4472361809046155,0.9396984924625773,false,
BOS_RETAINED,CONTROL,EUR/USD,EURUSD_2025-08-01,1h,supply,bearish_IPO_supply,2025-08-25T06:00:00Z,1.17007,1.17215,1.17004,1.17148,1.171095,1.17004,1.171095,1.17215,2025-09-01T02:00:00Z,2025-09-01T02:00:00Z,1.171095,1.17215,1.168985,0.0010550000000000281,false,true,2025-08-27T11:00:00Z,1.15865,bearish,53,63,NO,,,,2025-09-01T06:00:00Z,1.17265,S2_CLOSE_INVALIDATION,-1.6255924170615426,0.1516587677725078,2.137440758293683,1.5402843601895206,false,
BOS_RETAINED,CONTROL,EUR/USD,EURUSD_2025-08-01,1h,demand,bullish_IPO_demand,2025-09-01T03:00:00Z,1.17121,1.17149,1.17046,1.17085,1.17149,1.1709749999999999,1.1709749999999999,1.17046,2025-09-01T13:00:00Z,2025-09-01T13:00:00Z,1.1709749999999999,1.17046,1.1720049999999995,0.0005149999999998212,false,true,2025-09-01T08:00:00Z,1.17352,bullish,5,5,NO,,,,2025-09-01T15:00:00Z,1.17005,S2_CLOSE_INVALIDATION,-2.10679611650528,0.3106796116505934,1.9708737864079973,1.3300970873791933,false,
BOS_REMOVED,CONTROL,EUR/USD,EURUSD_2025-08-01,1h,demand,bullish_IPO_demand,2025-09-01T15:00:00Z,1.17107,1.17116,1.16996,1.17005,1.17116,1.17056,1.17056,1.16996,2025-09-01T21:00:00Z,2025-09-01T21:00:00Z,1.17056,1.16996,1.17176,0.0005999999999999339,false,false,,,,,,NO,,,,2025-09-01T23:00:00Z,1.17176,TARGET,1.7333333333333039,0.2666666666666961,0.26666666666659267,2.2000000000002222,false,
BOS_REMOVED,CONTROL,EUR/USD,EURUSD_2025-08-01,1h,demand,bullish_IPO_demand,2025-09-01T17:00:00Z,1.1705,1.17059,1.17007,1.17043,1.17059,1.1703299999999999,1.1703299999999999,1.17007,2025-09-02T00:00:00Z,2025-09-02T00:00:00Z,1.1703299999999999,1.17007,1.1708499999999997,0.00025999999999992696,false,false,,,,,,NO,,,,2025-09-02T00:00:00Z,1.1708499999999997,TARGET,1.3846153846152118,0.6153846153847883,0.19230769230729813,5.192307692309861,false,SAME_BAR_ENTRY_AND_EXIT
BOS_RETAINED,CONTROL,EUR/USD,EURUSD_2025-08-01,1h,demand,bullish_IPO_demand,2025-09-01T01:00:00Z,1.16972,1.16975,1.16879,1.16947,1.16975,1.16927,1.16927,1.16879,2025-09-02T02:00:00Z,2025-09-02T02:00:00Z,1.16927,1.16879,1.17023,0.00048000000000003595,false,true,2025-09-01T08:00:00Z,1.17352,bullish,7,18,NO,,,,2025-09-02T02:00:00Z,1.17023,TARGET,1.6666666666666916,0.3333333333333084,0.18749999999982653,2.4583333333330635,false,SAME_BAR_ENTRY_AND_EXIT
BOS_RETAINED,CONTROL,EUR/USD,EURUSD_2025-08-01,1h,demand,bullish_IPO_demand,2025-09-01T01:00:00Z,1.16972,1.16975,1.16879,1.16947,1.16975,1.16927,1.16927,1.16879,2025-09-02T04:00:00Z,2025-09-02T04:00:00Z,1.16927,1.16879,1.17023,0.00048000000000003595,false,true,2025-09-01T08:00:00Z,1.17352,bullish,7,20,NO,,,,2025-09-02T06:00:00Z,1.17023,TARGET,1.6666666666666916,0.3333333333333084,1.1666666666668208,2.9374999999995954,false,
BOS_RETAINED,CONTROL,EUR/USD,EURUSD_2025-08-01,1h,demand,bullish_IPO_demand,2025-08-28T05:00:00Z,1.16393,1.16414,1.16357,1.16373,1.16414,1.1638549999999999,1.1638549999999999,1.16357,2025-09-02T08:00:00Z,2025-09-02T08:00:00Z,1.1638549999999999,1.16357,1.1644249999999996,0.0002849999999998687,false,true,2025-09-01T08:00:00Z,1.17352,bullish,51,24,NO,,,,2025-09-02T08:00:00Z,1.1644249999999996,TARGET,1.4385964912278115,0.5614035087721885,1.6666666666666667,6.263157894740246,false,SAME_BAR_ENTRY_AND_EXIT
BOS_RETAINED,CONTROL,EUR/USD,EURUSD_2025-08-01,1h,demand,bullish_IPO_demand,2025-08-28T08:00:00Z,1.16433,1.16459,1.16283,1.16421,1.16459,1.16371,1.16371,1.16283,2025-09-02T09:00:00Z,2025-09-02T09:00:00Z,1.16371,1.16283,1.16547,0.0008799999999999919,false,true,2025-09-01T08:00:00Z,1.17352,bullish,48,25,NO,,,,2025-09-02T12:00:00Z,1.16175,S2_CLOSE_INVALIDATION,-2.409090909090888,0.18181818181818352,3.045454545454591,1.8636363636364783,false,
BOS_RETAINED,CONTROL,EUR/USD,EURUSD_2025-08-01,1h,supply,bearish_IPO_supply,2025-07-24T13:00:00Z,1.17363,1.17768,1.17308,1.17718,1.17538,1.17308,1.17538,1.17768,2025-09-05T14:00:00Z,2025-09-05T14:00:00Z,1.17538,1.17768,1.1707800000000002,0.0022999999999999687,false,true,2025-08-27T11:00:00Z,1.15865,bearish,573,171,NO,,,,2025-09-07T23:00:00Z,1.1707800000000002,TARGET,1.9304347826086947,0.06956521739130529,0.252173913043396,2.091304347826107,false,
BOS_RETAINED,CONTROL,EUR/USD,EURUSD_2025-08-01,1h,supply,bearish_IPO_supply,2025-07-24T13:00:00Z,1.17363,1.17768,1.17308,1.17718,1.17538,1.17308,1.17538,1.17768,2025-09-08T13:00:00Z,2025-09-08T13:00:00Z,1.17538,1.17768,1.1707800000000002,0.0022999999999999687,false,true,2025-08-27T11:00:00Z,1.15865,bearish,573,194,NO,,,,2025-09-09T05:00:00Z,1.17785,S2_CLOSE_INVALIDATION,-1.1434782608695686,0.06956521739130529,1.1826086956521176,0.8347826086957261,false,
BOS_RETAINED,CONTROL,EUR/USD,EURUSD_2025-08-01,1h,demand,bullish_IPO_demand,2025-09-08T21:00:00Z,1.1763,1.17652,1.17559,1.17616,1.17652,1.1760549999999999,1.1760549999999999,1.17559,2025-09-09T06:00:00Z,2025-09-09T06:00:00Z,1.1760549999999999,1.17559,1.1769849999999997,0.0004649999999999377,false,true,2025-09-09T01:00:00Z,1.17746,bullish,4,5,NO,,,,2025-09-09T06:00:00Z,1.1769849999999997,TARGET,1.6559139784945776,0.3440860215054225,0.9784946236557702,4.182795698925475,false,SAME_BAR_ENTRY_AND_EXIT
BOS_RETAINED,CONTROL,EUR/USD,EURUSD_2025-08-01,1h,demand,bullish_IPO_demand,2025-09-08T17:00:00Z,1.17404,1.17477,1.17348,1.17389,1.17477,1.174125,1.174125,1.17348,2025-09-09T11:00:00Z,2025-09-09T11:00:00Z,1.174125,1.17348,1.175415,0.0006450000000000067,false,true,2025-09-09T05:00:00Z,1.17785,bullish,12,6,NO,,,,2025-09-09T11:00:00Z,1.175415,TARGET,1.7519379844961267,0.2480620155038734,0.03875968992273414,2.1627906976741063,false,SAME_BAR_ENTRY_AND_EXIT
BOS_RETAINED,CONTROL,EUR/USD,EURUSD_2025-08-01,1h,demand,bullish_IPO_demand,2025-09-08T17:00:00Z,1.17404,1.17477,1.17348,1.17389,1.17477,1.174125,1.174125,1.17348,2025-09-09T13:00:00Z,2025-09-09T13:00:00Z,1.174125,1.17348,1.175415,0.0006450000000000067,false,true,2025-09-09T05:00:00Z,1.17785,bullish,12,8,NO,,,,2025-09-09T14:00:00Z,1.17308,S2_CLOSE_INVALIDATION,-1.868217054263833,0.2480620155038734,2.9379844961239696,3.5116279069766483,false,SAME_BAR_TARGET_AND_S2_RESOLVED_AS_S2
BOS_REMOVED,CONTROL,EUR/USD,EURUSD_2025-08-01,1h,supply,bearish_IPO_supply,2025-09-10T04:00:00Z,1.17123,1.17192,1.17103,1.17192,1.171475,1.17103,1.171475,1.17192,2025-09-10T09:00:00Z,2025-09-10T09:00:00Z,1.171475,1.17192,1.170585,0.0004450000000000287,false,false,,,,,,NO,,,,2025-09-10T09:00:00Z,1.170585,TARGET,1.6404494382022703,0.35955056179772965,0.5056179775278768,3.7191011235951805,false,SAME_BAR_ENTRY_AND_EXIT
BOS_RETAINED,CONTROL,EUR/USD,EURUSD_2025-08-01,1h,demand,bullish_IPO_demand,2025-09-05T11:00:00Z,1.16913,1.1692,1.16778,1.16874,1.1692,1.16849,1.16849,1.16778,2025-09-11T11:00:00Z,2025-09-11T11:00:00Z,1.16849,1.16778,1.16991,0.0007099999999999884,false,true,2025-09-09T05:00:00Z,1.17785,bullish,42,54,NO,,,,2025-09-11T12:00:00Z,1.16991,TARGET,1.77464788732394,0.22535211267606003,3.492957746478983,5.014084507042346,false,
BOS_RETAINED,CONTROL,EUR/USD,EURUSD_2025-08-01,1h,supply,bearish_IPO_supply,2025-09-09T13:00:00Z,1.17376,1.17496,1.17334,1.17418,1.17415,1.17334,1.17415,1.17496,2025-09-11T15:00:00Z,2025-09-11T15:00:00Z,1.17415,1.17496,1.17253,0.0008099999999999774,false,true,2025-09-10T01:00:00Z,1.17027,bearish,12,38,NO,,,,2025-09-12T01:00:00Z,1.17253,TARGET,1.8024691358024636,0.1975308641975364,0.5432098765432201,2,false,
BOS_RETAINED,CONTROL,EUR/USD,EURUSD_2025-08-01,1h,supply,bearish_IPO_supply,2025-09-09T13:00:00Z,1.17376,1.17496,1.17334,1.17418,1.17415,1.17334,1.17415,1.17496,2025-09-15T07:00:00Z,2025-09-15T07:00:00Z,1.17415,1.17496,1.17253,0.0008099999999999774,false,true,2025-09-10T01:00:00Z,1.17027,bearish,12,78,NO,,,,2025-09-15T07:00:00Z,1.17253,TARGET,1.8024691358024636,0.1975308641975364,0.3209876543209064,2.1481481481483002,false,SAME_BAR_ENTRY_AND_EXIT
BOS_RETAINED,CONTROL,EUR/USD,EURUSD_2025-08-01,1h,supply,bearish_IPO_supply,2025-09-09T13:00:00Z,1.17376,1.17496,1.17334,1.17418,1.17415,1.17334,1.17415,1.17496,2025-09-15T09:00:00Z,2025-09-15T09:00:00Z,1.17415,1.17496,1.17253,0.0008099999999999774,false,true,2025-09-10T01:00:00Z,1.17027,bearish,12,80,NO,,,,2025-09-15T10:00:00Z,1.17525,S2_CLOSE_INVALIDATION,-1.5555555555554494,0.1975308641975364,2.6172839506172334,0.6543209876542397,false,
BOS_RETAINED,CONTROL,EUR/USD,EURUSD_2025-08-01,1h,supply,bearish_IPO_supply,2025-09-09T09:00:00Z,1.17593,1.17731,1.1759,1.17679,1.176605,1.1759,1.176605,1.17731,2025-09-15T16:00:00Z,2025-09-15T16:00:00Z,1.176605,1.17731,1.1751949999999995,0.0007050000000001777,false,true,2025-09-10T01:00:00Z,1.17027,bearish,16,87,NO,,,,2025-09-16T02:00:00Z,1.17765,S2_CLOSE_INVALIDATION,-1.7092198581558595,0.2269503546098719,1.595744680850722,1.382978723403833,false,
BOS_RETAINED,CONTROL,EUR/USD,EURUSD_2025-08-01,1h,supply,bearish_IPO_supply,2025-09-09T05:00:00Z,1.17724,1.1781,1.17708,1.17785,1.17759,1.17708,1.17759,1.1781,2025-09-16T04:00:00Z,2025-09-16T04:00:00Z,1.17759,1.1781,1.17657,0.0005100000000000104,false,true,2025-09-10T01:00:00Z,1.17027,bearish,20,99,NO,,,,2025-09-16T06:00:00Z,1.17873,S2_CLOSE_INVALIDATION,-2.5490196078433613,0.31372549019607204,2.9803921568630525,0.4509803921567603,false,
BOS_RETAINED,CONTROL,EUR/USD,EURUSD_2025-08-01,1h,demand,bullish_IPO_demand,2025-09-16T15:00:00Z,1.18516,1.18531,1.1835,1.18472,1.18531,1.184405,1.184405,1.1835,2025-09-17T08:00:00Z,2025-09-17T08:00:00Z,1.184405,1.1835,1.1862149999999998,0.0009049999999999336,false,true,2025-09-16T17:00:00Z,1.1866,bullish,2,15,NO,,,,2025-09-17T18:00:00Z,1.18341,S2_CLOSE_INVALIDATION,-1.2762430939225875,0.17679558011051022,2.7679558011051526,8.20441988950338,false,SAME_BAR_TARGET_AND_S2_RESOLVED_AS_S2
BOS_RETAINED,CONTROL,EUR/USD,EURUSD_2025-08-01,1h,demand,bullish_IPO_demand,2025-09-16T12:00:00Z,1.18142,1.18153,1.1791,1.18042,1.18153,1.180315,1.180315,1.1791,2025-09-18T04:00:00Z,2025-09-18T04:00:00Z,1.180315,1.1791,1.182745,0.001214999999999966,false,true,2025-09-16T17:00:00Z,1.1866,bullish,5,35,NO,,,,2025-09-18T05:00:00Z,1.17907,S2_CLOSE_INVALIDATION,-1.1563786008230286,0.13168724279835758,1.4115226337448221,0.8600823045267422,false,
BOS_RETAINED,CONTROL,EUR/USD,EURUSD_2025-08-01,1h,demand,bullish_IPO_demand,2025-09-15T16:00:00Z,1.17715,1.17744,1.17563,1.17585,1.17744,1.1765349999999999,1.1765349999999999,1.17563,2025-09-18T13:00:00Z,2025-09-18T13:00:00Z,1.1765349999999999,1.17563,1.1783449999999998,0.0009049999999999336,false,true,2025-09-16T17:00:00Z,1.1866,bullish,25,44,NO,,,,2025-09-18T13:00:00Z,1.1783449999999998,TARGET,1.82320441988949,0.17679558011051022,1.6629834254143403,3.397790055249046,false,SAME_BAR_ENTRY_AND_EXIT
BOS_RETAINED,CONTROL,EUR/USD,EURUSD_2025-08-01,1h,demand,bullish_IPO_demand,2025-09-15T16:00:00Z,1.17715,1.17744,1.17563,1.17585,1.17744,1.1765349999999999,1.1765349999999999,1.17563,2025-09-19T06:00:00Z,2025-09-19T06:00:00Z,1.1765349999999999,1.17563,1.1783449999999998,0.0009049999999999336,false,true,2025-09-16T17:00:00Z,1.1866,bullish,25,61,NO,,,,2025-09-19T11:00:00Z,1.17367,S2_CLOSE_INVALIDATION,-3.342541436464218,0.17679558011051022,3.3425414364641495,1.4088397790057796,false,
BOS_REMOVED,CONTROL,EUR/USD,EURUSD_2025-08-01,1h,supply,bearish_IPO_supply,2025-09-19T13:00:00Z,1.1736,1.17637,1.17355,1.17582,1.17496,1.17355,1.17496,1.17637,2025-09-19T17:00:00Z,2025-09-19T17:00:00Z,1.17496,1.17637,1.1721400000000002,0.0014099999999999113,false,false,,,,,,NO,,,,2025-09-22T09:00:00Z,1.17759,S2_CLOSE_INVALIDATION,-1.9787234042553798,0.11347517730497168,1.8723404255320155,1.6666666666668242,false,
BOS_RETAINED,CONTROL,EUR/USD,EURUSD_2025-08-01,1h,supply,bearish_IPO_supply,2025-09-19T03:00:00Z,1.17802,1.17924,1.17802,1.17819,1.17863,1.17802,1.17863,1.17924,2025-09-22T12:00:00Z,2025-09-22T12:00:00Z,1.17863,1.17924,1.17741,0.0006099999999999994,false,true,2025-09-19T12:00:00Z,1.1736,bearish,9,24,NO,,,,2025-09-22T12:00:00Z,1.17741,TARGET,1.7377049180327866,0.2622950819672134,0.13114754098337383,2.1311475409837377,false,SAME_BAR_ENTRY_AND_EXIT
BOS_RETAINED,CONTROL,EUR/USD,EURUSD_2025-08-01,1h,supply,bearish_IPO_supply,2025-09-19T03:00:00Z,1.17802,1.17924,1.17802,1.17819,1.17863,1.17802,1.17863,1.17924,2025-09-22T16:00:00Z,2025-09-22T16:00:00Z,1.17863,1.17924,1.17741,0.0006099999999999994,false,true,2025-09-19T12:00:00Z,1.1736,bearish,9,28,NO,,,,2025-09-22T16:00:00Z,1.17741,TARGET,1.7377049180327866,0.2622950819672134,0.6065573770491505,2.4426229508196604,false,SAME_BAR_ENTRY_AND_EXIT
BOS_RETAINED,CONTROL,EUR/USD,EURUSD_2025-08-01,1h,demand,bullish_IPO_demand,2025-09-22T21:00:00Z,1.18027,1.18027,1.1789,1.1798,1.18027,1.1795849999999999,1.1795849999999999,1.1789,2025-09-23T06:00:00Z,2025-09-23T06:00:00Z,1.1795849999999999,1.1789,1.1809549999999995,0.0006849999999998246,false,true,2025-09-23T01:00:00Z,1.18147,bullish,4,5,NO,,,,2025-09-23T09:00:00Z,1.1809549999999995,TARGET,1.7664233576641737,0.23357664233582623,2.5328467153288527,2.386861313869302,false,
BOS_RETAINED,CONTROL,EUR/USD,EURUSD_2025-08-01,1h,demand,bullish_IPO_demand,2025-09-22T21:00:00Z,1.18027,1.18027,1.1789,1.1798,1.18027,1.1795849999999999,1.1795849999999999,1.1789,2025-09-23T10:00:00Z,2025-09-23T10:00:00Z,1.1795849999999999,1.1789,1.1809549999999995,0.0006849999999998246,false,true,2025-09-23T01:00:00Z,1.18147,bullish,4,9,NO,,,,2025-09-23T17:00:00Z,1.1809549999999995,TARGET,1.7664233576641737,0.23357664233582623,1.6715328467156858,3.189781021898778,false,
BOS_RETAINED,CONTROL,EUR/USD,EURUSD_2025-08-01,1h,demand,bullish_IPO_demand,2025-09-23T14:00:00Z,1.17996,1.18053,1.17926,1.17953,1.18053,1.1798950000000001,1.1798950000000001,1.17926,2025-09-24T02:00:00Z,2025-09-24T02:00:00Z,1.1798950000000001,1.17926,1.1811650000000005,0.0006350000000001632,false,true,2025-09-23T22:00:00Z,1.18145,bullish,8,4,NO,,,,2025-09-24T06:00:00Z,1.17873,S2_CLOSE_INVALIDATION,-2.0866141732279404,0.25196850393694314,2.0236220472438933,0.9055118110230274,false,
BOS_RETAINED,CONTROL,EUR/USD,EURUSD_2025-08-01,1h,demand,bullish_IPO_demand,2025-09-23T07:00:00Z,1.1795,1.17998,1.17785,1.17904,1.17998,1.178915,1.178915,1.17785,2025-09-24T07:00:00Z,2025-09-24T07:00:00Z,1.178915,1.17785,1.1810449999999997,0.0010649999999998716,false,true,2025-09-23T22:00:00Z,1.18145,bullish,15,9,NO,,,,2025-09-24T08:00:00Z,1.17718,S2_CLOSE_INVALIDATION,-1.779342723004949,0.1502347417840557,2.1455399061034233,0.5117370892019563,false,
BOS_RETAINED,CONTROL,EUR/USD,EURUSD_2025-08-01,1h,demand,bullish_IPO_demand,2025-09-22T02:00:00Z,1.17325,1.17336,1.17273,1.17279,1.17336,1.1730450000000001,1.1730450000000001,1.17273,2025-09-24T13:00:00Z,2025-09-24T13:00:00Z,1.1730450000000001,1.17273,1.1736750000000002,0.00031500000000006523,false,true,2025-09-23T22:00:00Z,1.18145,bullish,44,15,NO,,,,2025-09-24T13:00:00Z,1.1736750000000002,TARGET,1.4920634920635973,0.5079365079364028,0.04761904761934972,4.142857142855934,false,SAME_BAR_ENTRY_AND_EXIT
BOS_RETAINED,CONTROL,EUR/USD,EURUSD_2025-08-01,1h,demand,bullish_IPO_demand,2025-09-22T02:00:00Z,1.17325,1.17336,1.17273,1.17279,1.17336,1.1730450000000001,1.1730450000000001,1.17273,2025-09-24T16:00:00Z,2025-09-24T16:00:00Z,1.1730450000000001,1.17273,1.1736750000000002,0.00031500000000006523,false,true,2025-09-23T22:00:00Z,1.18145,bullish,44,18,NO,,,,2025-09-24T16:00:00Z,1.1736750000000002,TARGET,1.4920634920635973,0.5079365079364028,0.04761904761934972,4.174603174602168,false,SAME_BAR_ENTRY_AND_EXIT
BOS_RETAINED,CONTROL,EUR/USD,EURUSD_2025-08-01,1h,demand,bullish_IPO_demand,2025-09-05T04:00:00Z,1.16715,1.16721,1.16644,1.16669,1.16721,1.166825,1.166825,1.16644,2025-09-25T15:00:00Z,2025-09-25T15:00:00Z,1.166825,1.16644,1.1675950000000002,0.0003850000000000797,false,true,2025-09-23T22:00:00Z,1.18145,bullish,306,41,NO,,,,2025-09-25T15:00:00Z,1.1675950000000002,TARGET,1.5844155844156704,0.41558441558432957,0.376623376623459,3.259740259739601,false,SAME_BAR_ENTRY_AND_EXIT
BOS_RETAINED,CONTROL,EUR/USD,EURUSD_2025-08-01,1h,demand,bullish_IPO_demand,2025-09-05T06:00:00Z,1.16768,1.1678,1.16658,1.16707,1.1678,1.16719,1.16719,1.16658,2025-09-25T16:00:00Z,2025-09-25T16:00:00Z,1.16719,1.16658,1.16841,0.0006099999999999994,false,true,2025-09-23T22:00:00Z,1.18145,bullish,304,42,NO,,,,2025-09-25T17:00:00Z,1.16575,S2_CLOSE_INVALIDATION,-2.6229508196719467,0.2622950819672134,3.2295081967213592,1.8688524590166262,false,
BOS_RETAINED,CONTROL,EUR/USD,EURUSD_2025-08-01,1h,supply,bearish_IPO_supply,2025-09-25T03:00:00Z,1.17496,1.17536,1.17476,1.17533,1.17506,1.17476,1.17506,1.17536,2025-09-29T12:00:00Z,2025-09-29T12:00:00Z,1.17506,1.17536,1.17446,0.00029999999999996696,false,true,2025-09-25T18:00:00Z,1.16523,bearish,15,42,NO,,,,2025-09-29T12:00:00Z,1.17446,TARGET,1.4666666666666077,0.5333333333333922,0.23333333333340736,10.700000000000962,false,SAME_BAR_ENTRY_AND_EXIT
BOS_REMOVED,CONTROL,EUR/USD,EURUSD_2025-08-01,1h,supply,bearish_IPO_supply,2025-09-30T08:00:00Z,1.17441,1.17611,1.17432,1.17556,1.1752150000000001,1.17432,1.1752150000000001,1.17611,2025-10-01T04:00:00Z,2025-10-01T04:00:00Z,1.1752150000000001,1.17611,1.1734250000000004,0.0008949999999998681,false,false,,,,,,NO,,,,2025-10-01T06:00:00Z,1.17677,S2_CLOSE_INVALIDATION,-1.9162011173186881,0.17877094972069674,2.508379888268337,1.592178770950214,false,
BOS_REMOVED,CONTROL,EUR/USD,EURUSD_2025-08-01,1h,supply,bearish_IPO_supply,2025-10-01T06:00:00Z,1.17525,1.17746,1.17507,1.17677,1.176265,1.17507,1.176265,1.17746,2025-10-01T12:00:00Z,2025-10-01T12:00:00Z,1.176265,1.17746,1.1738749999999998,0.0011950000000000571,false,false,,,,,,NO,,,,2025-10-01T12:00:00Z,1.1738749999999998,TARGET,1.866108786610885,0.13389121338911494,0.48953974895399976,3.3933054393303146,false,SAME_BAR_ENTRY_AND_EXIT
BOS_REMOVED,CONTROL,EUR/USD,EURUSD_2025-08-01,1h,supply,bearish_IPO_supply,2025-10-01T06:00:00Z,1.17525,1.17746,1.17507,1.17677,1.176265,1.17507,1.176265,1.17746,2025-10-01T14:00:00Z,2025-10-01T14:00:00Z,1.176265,1.17746,1.1738749999999998,0.0011950000000000571,false,false,,,,,,NO,,,,2025-10-01T14:00:00Z,1.1738749999999998,TARGET,1.866108786610885,0.13389121338911494,0.020920502092186263,2.5397489539746894,false,SAME_BAR_ENTRY_AND_EXIT
BOS_REMOVED,CONTROL,EUR/USD,EURUSD_2025-08-01,1h,demand,bullish_IPO_demand,2025-10-01T10:00:00Z,1.17328,1.17335,1.17159,1.17253,1.17335,1.17247,1.17247,1.17159,2025-10-01T16:00:00Z,2025-10-01T16:00:00Z,1.17247,1.17159,1.1742299999999999,0.0008799999999999919,false,false,,,,,,NO,,,,2025-10-02T06:00:00Z,1.1742299999999999,TARGET,1.8181818181818166,0.18181818181818352,1.045454545454339,2.2840909090910064,false,
BOS_REMOVED,CONTROL,EUR/USD,EURUSD_2025-08-01,1h,demand,bullish_IPO_demand,2025-10-01T15:00:00Z,1.17461,1.17493,1.17212,1.17229,1.17493,1.1735250000000002,1.1735250000000002,1.17212,2025-10-02T12:00:00Z,2025-10-02T12:00:00Z,1.1735250000000002,1.17212,1.1763350000000004,0.0014050000000001006,false,false,,,,,,NO,,,,2025-10-02T14:00:00Z,1.17135,S2_CLOSE_INVALIDATION,-1.6619217081851194,0.11387900355871071,2.1530249110319137,1.633451957295211,false,
BOS_REMOVED,CONTROL,EUR/USD,EURUSD_2025-08-01,1h,demand,bullish_IPO_demand,2025-10-02T17:00:00Z,1.17149,1.17204,1.17123,1.17136,1.17204,1.171635,1.171635,1.17123,2025-10-05T22:00:00Z,2025-10-05T22:00:00Z,1.171635,1.17123,1.172445,0.0004049999999999887,false,false,,,,,,NO,,,,2025-10-05T22:00:00Z,1.172445,TARGET,1.6049382716049272,0.3950617283950728,0.1358024691355994,2.382716049383041,false,SAME_BAR_ENTRY_AND_EXIT
BOS_REMOVED,CONTROL,EUR/USD,EURUSD_2025-08-01,1h,demand,bullish_IPO_demand,2025-10-02T17:00:00Z,1.17149,1.17204,1.17123,1.17136,1.17204,1.171635,1.171635,1.17123,2025-10-06T00:00:00Z,2025-10-06T00:00:00Z,1.171635,1.17123,1.172445,0.0004049999999999887,false,false,,,,,,NO,,,,2025-10-06T01:00:00Z,1.172445,TARGET,1.6049382716049272,0.3950617283950728,1.5432098765429458,2.0370370370372806,false,
BOS_REMOVED,CONTROL,EUR/USD,EURUSD_2025-08-01,1h,demand,bullish_IPO_demand,2025-10-02T20:00:00Z,1.17188,1.17242,1.17145,1.17153,1.17242,1.171935,1.171935,1.17145,2025-10-06T05:00:00Z,2025-10-06T05:00:00Z,1.171935,1.17145,1.1729049999999996,0.00048499999999984666,false,false,,,,,,NO,,,,2025-10-06T06:00:00Z,1.16936,S2_CLOSE_INVALIDATION,-5.639175257733729,0.32989690721659914,6.010309278352418,1.2061855670108095,false,
BOS_REMOVED,CONTROL,EUR/USD,EURUSD_2025-08-01,1h,supply,bearish_IPO_supply,2025-10-06T14:00:00Z,1.16994,1.17177,1.16951,1.17165,1.1706400000000001,1.16951,1.1706400000000001,1.17177,2025-10-07T00:00:00Z,2025-10-07T00:00:00Z,1.1706400000000001,1.17177,1.1683800000000004,0.0011299999999998533,false,false,,,,,,NO,,,,2025-10-07T06:00:00Z,1.1683800000000004,TARGET,1.8584070796459993,0.1415929203540007,0.40707964601766783,2.070796460177464,false,
BOS_RETAINED,CONTROL,EUR/USD,EURUSD_2025-08-01,1h,demand,bullish_IPO_demand,2025-09-03T03:00:00Z,1.16272,1.16309,1.16229,1.1624,1.16309,1.16269,1.16269,1.16229,2025-10-08T01:00:00Z,2025-10-08T01:00:00Z,1.16269,1.16229,1.16349,0.00039999999999995595,false,true,2025-10-01T07:00:00Z,1.17497,bullish,484,115,NO,,,,2025-10-08T01:00:00Z,1.16349,TARGET,1.599999999999956,0.4000000000000441,0.20000000000022206,5.000000000000555,false,SAME_BAR_ENTRY_AND_EXIT
BOS_REMOVED,CONTROL,EUR/USD,EURUSD_2025-08-01,1h,supply,bearish_IPO_supply,2025-10-08T10:00:00Z,1.16111,1.16361,1.16092,1.16336,1.162265,1.16092,1.162265,1.16361,2025-10-08T19:00:00Z,2025-10-08T19:00:00Z,1.162265,1.16361,1.1595750000000002,0.0013449999999999296,false,false,,,,,,NO,,,,2025-10-08T22:00:00Z,1.16374,S2_CLOSE_INVALIDATION,-1.2156133828996123,0.11895910780669769,1.0966542750929147,0.15241635687733937,false,
BOS_REMOVED,CONTROL,EUR/USD,EURUSD_2025-08-01,1h,supply,bearish_IPO_supply,2025-10-08T13:00:00Z,1.16325,1.16445,1.16274,1.16325,1.163595,1.16274,1.163595,1.16445,2025-10-08T23:00:00Z,2025-10-08T23:00:00Z,1.163595,1.16445,1.1618849999999998,0.0008550000000000502,false,true,2025-10-08T16:00:00Z,1.16052,bearish,3,7,NO,,,,2025-10-09T03:00:00Z,1.16448,S2_CLOSE_INVALIDATION,-1.2222222222221795,0.18713450292396563,1.3508771929823968,0.9298245614033128,false,
BOS_REMOVED,CONTROL,EUR/USD,EURUSD_2025-08-01,1h,demand,bullish_IPO_demand,2025-10-10T11:00:00Z,1.15716,1.15747,1.15606,1.15609,1.15747,1.156765,1.156765,1.15606,2025-10-13T11:00:00Z,2025-10-13T11:00:00Z,1.156765,1.15606,1.158175,0.0007049999999999557,false,false,,,,,,NO,,,,2025-10-13T11:00:00Z,1.158175,TARGET,1.7730496453900566,0.22695035460994337,0.27659574468079073,3.751773049645638,false,SAME_BAR_ENTRY_AND_EXIT
BOS_REMOVED,CONTROL,EUR/USD,EURUSD_2025-08-01,1h,demand,bullish_IPO_demand,2025-10-10T11:00:00Z,1.15716,1.15747,1.15606,1.15609,1.15747,1.156765,1.156765,1.15606,2025-10-13T13:00:00Z,2025-10-13T13:00:00Z,1.156765,1.15606,1.158175,0.0007049999999999557,false,false,,,,,,NO,,,,2025-10-14T03:00:00Z,1.158175,TARGET,1.7730496453900566,0.22695035460994337,1.7943262411349663,2.0070921985816073,false,
BOS_REMOVED,CONTROL,EUR/USD,EURUSD_2025-08-01,1h,supply,bearish_IPO_supply,2025-10-13T09:00:00Z,1.15853,1.1598,1.15845,1.15941,1.159125,1.15845,1.159125,1.1598,2025-10-14T04:00:00Z,2025-10-14T04:00:00Z,1.159125,1.1598,1.157775,0.0006749999999999812,false,false,,,,,,NO,,,,2025-10-14T06:00:00Z,1.157775,TARGET,1.7629629629629564,0.23703703703704368,0.33333333333355264,4.2,false,
BOS_REMOVED,CONTROL,EUR/USD,EURUSD_2025-08-01,1h,supply,bearish_IPO_supply,2025-10-13T09:00:00Z,1.15853,1.1598,1.15845,1.15941,1.159125,1.15845,1.159125,1.1598,2025-10-14T14:00:00Z,2025-10-14T14:00:00Z,1.159125,1.1598,1.157775,0.0006749999999999812,false,false,,,,,,NO,,,,2025-10-14T14:00:00Z,1.157775,TARGET,1.7629629629629564,0.23703703703704368,0.8962962962962719,3.296296296296272,false,SAME_BAR_ENTRY_AND_EXIT
BOS_REMOVED,CONTROL,EUR/USD,EURUSD_2025-08-01,1h,supply,bearish_IPO_supply,2025-10-13T01:00:00Z,1.16176,1.1621,1.16097,1.16198,1.161535,1.16097,1.161535,1.1621,2025-10-14T21:00:00Z,2025-10-14T21:00:00Z,1.161535,1.1621,1.1604050000000001,0.0005649999999999267,false,false,,,,,,NO,,,,2025-10-15T00:00:00Z,1.1604050000000001,TARGET,1.7168141592919985,0.2831858407080014,0.07964601769925415,2.415929203540244,false,
BOS_REMOVED,CONTROL,EUR/USD,EURUSD_2025-08-01,1h,supply,bearish_IPO_supply,2025-10-13T03:00:00Z,1.16196,1.16216,1.16161,1.16208,1.161885,1.16161,1.161885,1.16216,2025-10-15T01:00:00Z,2025-10-15T01:00:00Z,1.161885,1.16216,1.161335,0.0002750000000000252,false,false,,,,,,NO,,,,2025-10-15T01:00:00Z,1.161335,TARGET,1.4181818181818715,0.5818181818181285,1.4363636363632253,4.309090909090483,false,SAME_BAR_ENTRY_AND_EXIT
BOS_RETAINED,CONTROL,EUR/USD,EURUSD_2025-08-01,1h,demand,bullish_IPO_demand,2025-10-15T04:00:00Z,1.16226,1.16242,1.16169,1.16182,1.16242,1.162055,1.162055,1.16169,2025-10-15T12:00:00Z,2025-10-15T12:00:00Z,1.162055,1.16169,1.1627850000000004,0.00036500000000017074,false,true,2025-10-15T08:00:00Z,1.16326,bullish,4,4,NO,,,,2025-10-15T13:00:00Z,1.1627850000000004,TARGET,1.5616438356166433,0.4383561643833566,2.7534246575333547,3.109589041094124,false,
BOS_RETAINED,CONTROL,EUR/USD,EURUSD_2025-08-01,1h,demand,bullish_IPO_demand,2025-10-15T04:00:00Z,1.16226,1.16242,1.16169,1.16182,1.16242,1.162055,1.162055,1.16169,2025-10-15T14:00:00Z,2025-10-15T14:00:00Z,1.162055,1.16169,1.1627850000000004,0.00036500000000017074,false,true,2025-10-15T08:00:00Z,1.16326,bullish,4,6,NO,,,,2025-10-15T14:00:00Z,1.1627850000000004,TARGET,1.5616438356166433,0.4383561643833566,0.2876712328766373,2.534246575340849,false,SAME_BAR_ENTRY_AND_EXIT
BOS_RETAINED,CONTROL,EUR/USD,EURUSD_2025-08-01,1h,supply,bearish_IPO_supply,2025-10-09T04:00:00Z,1.16448,1.16469,1.16419,1.16456,1.16444,1.16419,1.16444,1.16469,2025-10-15T15:00:00Z,2025-10-15T15:00:00Z,1.16444,1.16469,1.1639399999999998,0.0002500000000000835,false,true,2025-10-09T18:00:00Z,1.15462,bearish,14,93,NO,,,,2025-10-15T15:00:00Z,1.1639399999999998,TARGET,1.3600000000002137,0.6399999999997863,0.9599999999997513,10.35999999999602,false,SAME_BAR_ENTRY_AND_EXIT
BOS_RETAINED,CONTROL,EUR/USD,EURUSD_2025-08-01,1h,supply,bearish_IPO_supply,2025-10-09T04:00:00Z,1.16448,1.16469,1.16419,1.16456,1.16444,1.16419,1.16444,1.16469,2025-10-15T19:00:00Z,2025-10-15T19:00:00Z,1.16444,1.16469,1.1639399999999998,0.0002500000000000835,false,true,2025-10-09T18:00:00Z,1.15462,bearish,14,97,NO,,,,2025-10-15T19:00:00Z,1.1639399999999998,TARGET,1.3600000000002137,0.6399999999997863,0.16000000000010658,4.599999999998401,false,SAME_BAR_ENTRY_AND_EXIT
BOS_RETAINED,CONTROL,EUR/USD,EURUSD_2025-08-01,1h,supply,bearish_IPO_supply,2025-10-07T10:00:00Z,1.16661,1.16758,1.1663,1.16741,1.1669399999999999,1.1663,1.1669399999999999,1.16758,2025-10-16T02:00:00Z,2025-10-16T02:00:00Z,1.1669399999999999,1.16758,1.1656599999999995,0.000640000000000196,false,true,2025-10-09T18:00:00Z,1.15462,bearish,56,104,NO,,,,2025-10-16T04:00:00Z,1.1656599999999995,TARGET,1.7500000000000766,0.24999999999992348,0.8124999999998699,2.1406249999991434,false,
BOS_RETAINED,CONTROL,EUR/USD,EURUSD_2025-08-01,1h,demand,bullish_IPO_demand,2025-10-15T21:00:00Z,1.1647,1.1647,1.16417,1.16436,1.1647,1.164435,1.164435,1.16417,2025-10-16T07:00:00Z,2025-10-16T07:00:00Z,1.164435,1.16417,1.1649650000000005,0.00026500000000018176,false,true,2025-10-16T01:00:00Z,1.16699,bullish,4,6,NO,,,,2025-10-16T07:00:00Z,1.1649650000000005,TARGET,1.3962264150947536,0.6037735849052464,0.433962264150975,4.660377358486898,false,SAME_BAR_ENTRY_AND_EXIT
BOS_RETAINED,CONTROL,EUR/USD,EURUSD_2025-08-01,1h,demand,bullish_IPO_demand,2025-10-15T23:00:00Z,1.16509,1.16523,1.16469,1.16496,1.16523,1.16496,1.16496,1.16469,2025-10-16T08:00:00Z,2025-10-16T08:00:00Z,1.16496,1.16469,1.1655,0.00026999999999999247,false,true,2025-10-16T01:00:00Z,1.16699,bullish,2,7,NO,,,,2025-10-16T08:00:00Z,1.1655,TARGET,1.4074074074073908,0.5925925925926092,0.37037037037033993,3.814814814815241,false,SAME_BAR_ENTRY_AND_EXIT
BOS_RETAINED,CONTROL,EUR/USD,EURUSD_2025-08-01,1h,supply,bearish_IPO_supply,2025-10-07T15:00:00Z,1.1663,1.16798,1.16615,1.16731,1.167065,1.16615,1.167065,1.16798,2025-10-16T14:00:00Z,2025-10-16T14:00:00Z,1.167065,1.16798,1.165235,0.0009149999999999991,false,true,2025-10-09T18:00:00Z,1.15462,bearish,51,116,NO,,,,2025-10-16T17:00:00Z,1.16882,S2_CLOSE_INVALIDATION,-2.0928961748633363,0.17486338797814224,2.508196721311408,1.863387978142152,false,
BOS_RETAINED,CONTROL,EUR/USD,EURUSD_2025-08-01,1h,supply,bearish_IPO_supply,2025-10-06T14:00:00Z,1.16994,1.17177,1.16951,1.17165,1.1706400000000001,1.16951,1.1706400000000001,1.17177,2025-10-17T00:00:00Z,2025-10-17T00:00:00Z,1.1706400000000001,1.17177,1.1683800000000004,0.0011299999999998533,false,true,2025-10-09T18:00:00Z,1.15462,bearish,76,126,NO,,,,2025-10-17T05:00:00Z,1.17228,S2_CLOSE_INVALIDATION,-1.592920353982387,0.1415929203540007,1.9380530973453083,1.0000000000001965,false,
BOS_RETAINED,CONTROL,EUR/USD,EURUSD_2025-08-01,1h,demand,bullish_IPO_demand,2025-10-16T20:00:00Z,1.16888,1.16914,1.16849,1.1687,1.16914,1.168815,1.168815,1.16849,2025-10-17T10:00:00Z,2025-10-17T10:00:00Z,1.168815,1.16849,1.1694649999999998,0.0003249999999999087,false,true,2025-10-17T05:00:00Z,1.17228,bullish,9,5,NO,,,,2025-10-17T10:00:00Z,1.1694649999999998,TARGET,1.5076923076921693,0.49230769230783067,0.2,4.446153846155528,false,SAME_BAR_ENTRY_AND_EXIT
BOS_RETAINED,CONTROL,EUR/USD,EURUSD_2025-08-01,1h,demand,bullish_IPO_demand,2025-10-16T15:00:00Z,1.16769,1.16779,1.16611,1.16644,1.16779,1.16695,1.16695,1.16611,2025-10-17T12:00:00Z,2025-10-17T12:00:00Z,1.16695,1.16611,1.1686299999999998,0.0008399999999999519,false,true,2025-10-17T05:00:00Z,1.17228,bullish,14,7,NO,,,,2025-10-17T20:00:00Z,1.16508,S2_CLOSE_INVALIDATION,-2.416666666666851,0.1904761904762014,2.4523809523810343,1.9880952380954238,false,
BOS_RETAINED,CONTROL,EUR/USD,EURUSD_2025-08-01,1h,demand,bullish_IPO_demand,2025-10-16T13:00:00Z,1.1661,1.16642,1.16501,1.16576,1.16642,1.165715,1.165715,1.16501,2025-10-20T06:00:00Z,2025-10-20T06:00:00Z,1.165715,1.16501,1.167125,0.0007049999999999557,false,true,2025-10-17T05:00:00Z,1.17228,bullish,16,25,NO,,,,2025-10-20T06:00:00Z,1.167125,TARGET,1.7730496453900566,0.22695035460994337,0.06382978723414977,2.2198581560285633,false,SAME_BAR_ENTRY_AND_EXIT
BOS_RETAINED,CONTROL,EUR/USD,EURUSD_2025-08-01,1h,demand,bullish_IPO_demand,2025-10-15T23:00:00Z,1.16509,1.16523,1.16469,1.16496,1.16523,1.16496,1.16496,1.16469,2025-10-20T14:00:00Z,2025-10-20T14:00:00Z,1.16496,1.16469,1.1655,0.00026999999999999247,false,true,2025-10-17T05:00:00Z,1.17228,bullish,30,33,NO,,,,2025-10-20T14:00:00Z,1.1655,TARGET,1.4074074074073908,0.5925925925926092,0.7777777777779605,5.444444444444901,false,SAME_BAR_ENTRY_AND_EXIT
BOS_RETAINED,CONTROL,EUR/USD,EURUSD_2025-08-01,1h,demand,bullish_IPO_demand,2025-10-15T23:00:00Z,1.16509,1.16523,1.16469,1.16496,1.16523,1.16496,1.16496,1.16469,2025-10-20T16:00:00Z,2025-10-20T16:00:00Z,1.16496,1.16469,1.1655,0.00026999999999999247,false,true,2025-10-17T05:00:00Z,1.17228,bullish,30,35,NO,,,,2025-10-20T16:00:00Z,1.1655,TARGET,1.4074074074073908,0.5925925925926092,0.03703703703728071,3.1111111111110197,false,SAME_BAR_ENTRY_AND_EXIT
BOS_RETAINED,CONTROL,EUR/USD,EURUSD_2025-08-01,1h,demand,bullish_IPO_demand,2025-10-15T21:00:00Z,1.1647,1.1647,1.16417,1.16436,1.1647,1.164435,1.164435,1.16417,2025-10-20T17:00:00Z,2025-10-20T17:00:00Z,1.164435,1.16417,1.1649650000000005,0.00026500000000018176,false,true,2025-10-17T05:00:00Z,1.17228,bullish,32,36,NO,,,,2025-10-20T17:00:00Z,1.1649650000000005,TARGET,1.3962264150947536,0.6037735849052464,1,3.188679245280774,false,SAME_BAR_ENTRY_AND_EXIT
BOS_REMOVED,CONTROL,EUR/USD,EURUSD_2025-08-01,1h,supply,bearish_IPO_supply,2025-10-20T11:00:00Z,1.16531,1.16565,1.16444,1.16565,1.165045,1.16444,1.165045,1.16565,2025-10-20T21:00:00Z,2025-10-20T21:00:00Z,1.165045,1.16565,1.1638350000000002,0.0006049999999999667,false,false,,,,,,NO,,,,2025-10-21T02:00:00Z,1.1638350000000002,TARGET,1.73553719008263,0.26446280991737,0.7685950413222534,2.9338842975209585,false,
BOS_REMOVED,CONTROL,EUR/USD,EURUSD_2025-08-01,1h,demand,bullish_IPO_demand,2025-10-15T17:00:00Z,1.16399,1.16401,1.16269,1.16294,1.16401,1.1633499999999999,1.1633499999999999,1.16269,2025-10-21T04:00:00Z,2025-10-21T04:00:00Z,1.1633499999999999,1.16269,1.1646699999999996,0.0006599999999998829,false,true,2025-10-17T05:00:00Z,1.17228,bullish,36,47,NO,,,,2025-10-21T05:00:00Z,1.16256,S2_CLOSE_INVALIDATION,-1.439393939393962,0.24242424242428545,1.3939393939393532,0.5454545454548513,false,
BOS_RETAINED,CONTROL,EUR/USD,EURUSD_2025-08-01,1h,demand,bullish_IPO_demand,2025-10-15T04:00:00Z,1.16226,1.16242,1.16169,1.16182,1.16242,1.162055,1.162055,1.16169,2025-10-21T06:00:00Z,2025-10-21T06:00:00Z,1.162055,1.16169,1.1627850000000004,0.00036500000000017074,false,true,2025-10-17T05:00:00Z,1.17228,bullish,49,49,NO,,,,2025-10-21T06:00:00Z,1.1627850000000004,TARGET,1.5616438356166433,0.4383561643833566,0.5068493150685348,3.6849315068473985,false,SAME_BAR_ENTRY_AND_EXIT
BOS_RETAINED,CONTROL,EUR/USD,EURUSD_2025-08-01,1h,demand,bullish_IPO_demand,2025-10-15T04:00:00Z,1.16226,1.16242,1.16169,1.16182,1.16242,1.162055,1.162055,1.16169,2025-10-21T08:00:00Z,2025-10-21T08:00:00Z,1.162055,1.16169,1.1627850000000004,0.00036500000000017074,false,true,2025-10-17T05:00:00Z,1.17228,bullish,49,51,NO,,,,2025-10-21T11:00:00Z,1.16128,S2_CLOSE_INVALIDATION,-2.561643835615158,0.4383561643833566,3.8219178082174863,1.8767123287663732,false,
BOS_RETAINED,CONTROL,EUR/USD,EURUSD_2025-08-01,1h,demand,bullish_IPO_demand,2025-10-14T18:00:00Z,1.16094,1.16118,1.16034,1.1605,1.16118,1.16076,1.16076,1.16034,2025-10-21T12:00:00Z,2025-10-21T12:00:00Z,1.16076,1.16034,1.1616000000000002,0.00042000000000008697,false,true,2025-10-17T05:00:00Z,1.17228,bullish,59,55,NO,,,,2025-10-21T13:00:00Z,1.1616000000000002,TARGET,1.619047619047698,0.3809523809523021,1.3095238095236585,2.214285714284959,false,
BOS_RETAINED,CONTROL,EUR/USD,EURUSD_2025-08-01,1h,demand,bullish_IPO_demand,2025-10-14T18:00:00Z,1.16094,1.16118,1.16034,1.1605,1.16118,1.16076,1.16076,1.16034,2025-10-21T14:00:00Z,2025-10-21T14:00:00Z,1.16076,1.16034,1.1616000000000002,0.00042000000000008697,false,true,2025-10-17T05:00:00Z,1.17228,bullish,59,57,NO,,,,2025-10-21T14:00:00Z,1.1616000000000002,TARGET,1.619047619047698,0.3809523809523021,2.3571428571424797,2.45238095238065,false,SAME_BAR_ENTRY_AND_EXIT
BOS_RETAINED,CONTROL,EUR/USD,EURUSD_2025-08-01,1h,demand,bullish_IPO_demand,2025-10-14T18:00:00Z,1.16094,1.16118,1.16034,1.1605,1.16118,1.16076,1.16076,1.16034,2025-10-21T18:00:00Z,2025-10-21T18:00:00Z,1.16076,1.16034,1.1616000000000002,0.00042000000000008697,false,true,2025-10-17T05:00:00Z,1.17228,bullish,59,61,NO,,,,2025-10-21T19:00:00Z,1.16006,S2_CLOSE_INVALIDATION,-2.04761904761844,0.3809523809523021,1.8095238095236585,0.19047619047634154,false,
BOS_RETAINED,CONTROL,EUR/USD,EURUSD_2025-08-01,1h,supply,bearish_IPO_supply,2025-10-21T13:00:00Z,1.16114,1.16169,1.1603,1.16126,1.160995,1.1603,1.160995,1.16169,2025-10-21T21:00:00Z,2025-10-21T21:00:00Z,1.160995,1.16169,1.1596050000000002,0.0006949999999998902,false,true,2025-10-21T14:00:00Z,1.16041,bearish,1,7,NO,,,,2025-10-22T08:00:00Z,1.1596050000000002,TARGET,1.7697841726618342,0.2302158273381659,0.8129496402877928,2.884892086331441,false,
BOS_RETAINED,CONTROL,EUR/USD,EURUSD_2025-08-01,1h,supply,bearish_IPO_supply,2025-10-21T13:00:00Z,1.16114,1.16169,1.1603,1.16126,1.160995,1.1603,1.160995,1.16169,2025-10-22T14:00:00Z,2025-10-22T14:00:00Z,1.160995,1.16169,1.1596050000000002,0.0006949999999998902,false,true,2025-10-21T14:00:00Z,1.16041,bearish,1,24,NO,,,,2025-10-22T14:00:00Z,1.1596050000000002,TARGET,1.7697841726618342,0.2302158273381659,0.6402877697843151,2.539568345324166,false,SAME_BAR_ENTRY_AND_EXIT
BOS_REMOVED,CONTROL,EUR/USD,EURUSD_2025-08-01,1h,demand,bullish_IPO_demand,2025-10-22T11:00:00Z,1.15861,1.15889,1.15825,1.15825,1.15889,1.15857,1.15857,1.15825,2025-10-23T10:00:00Z,2025-10-23T10:00:00Z,1.15857,1.15825,1.1592100000000003,0.000320000000000098,false,false,,,,,,NO,,,,2025-10-23T10:00:00Z,1.1592100000000003,TARGET,1.500000000000153,0.49999999999984696,0.06250000000039031,2.812499999998829,false,SAME_BAR_ENTRY_AND_EXIT
BOS_REMOVED,CONTROL,EUR/USD,EURUSD_2025-08-01,1h,supply,bearish_IPO_supply,2025-10-22T16:00:00Z,1.16158,1.16222,1.16135,1.16195,1.161785,1.16135,1.161785,1.16222,2025-10-23T14:00:00Z,2025-10-23T14:00:00Z,1.161785,1.16222,1.1609150000000001,0.0004349999999999632,false,false,,,,,,NO,,,,2025-10-23T14:00:00Z,1.1609150000000001,TARGET,1.632183908045946,0.3678160919540541,1.0689655172413266,2.770114942529252,false,SAME_BAR_ENTRY_AND_EXIT
BOS_REMOVED,CONTROL,EUR/USD,EURUSD_2025-08-01,1h,supply,bearish_IPO_supply,2025-10-22T16:00:00Z,1.16158,1.16222,1.16135,1.16195,1.161785,1.16135,1.161785,1.16222,2025-10-23T16:00:00Z,2025-10-23T16:00:00Z,1.161785,1.16222,1.1609150000000001,0.0004349999999999632,false,false,,,,,,NO,,,,2025-10-23T16:00:00Z,1.1609150000000001,TARGET,1.632183908045946,0.3678160919540541,0.12643678160901353,2.563218390804762,false,SAME_BAR_ENTRY_AND_EXIT
BOS_REMOVED,CONTROL,EUR/USD,EURUSD_2025-08-01,1h,supply,bearish_IPO_supply,2025-10-22T16:00:00Z,1.16158,1.16222,1.16135,1.16195,1.161785,1.16135,1.161785,1.16222,2025-10-23T20:00:00Z,2025-10-23T20:00:00Z,1.161785,1.16222,1.1609150000000001,0.0004349999999999632,false,false,,,,,,NO,,,,2025-10-24T02:00:00Z,1.1609150000000001,TARGET,1.632183908045946,0.3678160919540541,0.9310344827586735,2.3333333333335036,false,
BOS_REMOVED,CONTROL,EUR/USD,EURUSD_2025-08-01,1h,supply,bearish_IPO_supply,2025-10-22T16:00:00Z,1.16158,1.16222,1.16135,1.16195,1.161785,1.16135,1.161785,1.16222,2025-10-24T07:00:00Z,2025-10-24T07:00:00Z,1.161785,1.16222,1.1609150000000001,0.0004349999999999632,false,false,,,,,,NO,,,,2025-10-24T07:00:00Z,1.1609150000000001,TARGET,1.632183908045946,0.3678160919540541,2.1954022988508504,3.505747126437075,false,SAME_BAR_ENTRY_AND_EXIT
BOS_REMOVED,CONTROL,EUR/USD,EURUSD_2025-08-01,1h,demand,bullish_IPO_demand,2025-10-26T22:00:00Z,1.16308,1.16356,1.16266,1.16296,1.16356,1.16311,1.16311,1.16266,2025-10-27T03:00:00Z,2025-10-27T03:00:00Z,1.16311,1.16266,1.1640100000000002,0.00045000000000006146,false,false,,,,,,NO,,,,2025-10-27T04:00:00Z,1.16243,S2_CLOSE_INVALIDATION,-1.8666666666664427,0.355555555555507,2.1999999999998026,0.35555555555536916,false,
BOS_REMOVED,CONTROL,EUR/USD,EURUSD_2025-08-01,1h,demand,bullish_IPO_demand,2025-10-24T15:00:00Z,1.16257,1.16357,1.16219,1.16256,1.16357,1.16288,1.16288,1.16219,2025-10-27T06:00:00Z,2025-10-27T06:00:00Z,1.16288,1.16219,1.1642599999999996,0.0006899999999998574,false,false,,,,,,NO,,,,2025-10-27T07:00:00Z,1.16206,S2_CLOSE_INVALIDATION,-1.4202898550724976,0.23188405797106243,1.217391304348008,0.49275362318851773,false,
BOS_RETAINED,CONTROL,EUR/USD,EURUSD_2025-08-01,1h,supply,bearish_IPO_supply,2025-10-21T00:00:00Z,1.16438,1.16551,1.16432,1.16531,1.1649150000000001,1.16432,1.1649150000000001,1.16551,2025-10-27T12:00:00Z,2025-10-27T12:00:00Z,1.1649150000000001,1.16551,1.1637250000000003,0.0005949999999999012,false,true,2025-10-21T14:00:00Z,1.16041,bearish,14,94,NO,,,,2025-10-27T13:00:00Z,1.1637250000000003,TARGET,1.7310924369747451,0.26890756302525476,0.42857142857132197,2.7478991596644113,false,
BOS_RETAINED,CONTROL,EUR/USD,EURUSD_2025-08-01,1h,supply,bearish_IPO_supply,2025-10-20T11:00:00Z,1.16531,1.16565,1.16444,1.16565,1.165045,1.16444,1.165045,1.16565,2025-10-27T18:00:00Z,2025-10-27T18:00:00Z,1.165045,1.16565,1.1638350000000002,0.0006049999999999667,false,true,2025-10-21T14:00:00Z,1.16041,bearish,27,100,NO,,,,2025-10-27T18:00:00Z,1.1638350000000002,TARGET,1.73553719008263,0.26446280991737,0.15702479338836606,2.537190082644874,false,SAME_BAR_ENTRY_AND_EXIT
BOS_RETAINED,CONTROL,EUR/USD,EURUSD_2025-08-01,1h,supply,bearish_IPO_supply,2025-10-20T11:00:00Z,1.16531,1.16565,1.16444,1.16565,1.165045,1.16444,1.165045,1.16565,2025-10-27T22:00:00Z,2025-10-27T22:00:00Z,1.165045,1.16565,1.1638350000000002,0.0006049999999999667,false,true,2025-10-21T14:00:00Z,1.16041,bearish,27,104,NO,,,,2025-10-28T01:00:00Z,1.1658,S2_CLOSE_INVALIDATION,-1.5123966942146936,0.26446280991737,2.190082644627887,0.8512396694216059,false,
BOS_RETAINED,CONTROL,EUR/USD,EURUSD_2025-08-01,1h,supply,bearish_IPO_supply,2025-10-20T08:00:00Z,1.16623,1.16663,1.16579,1.16635,1.16621,1.16579,1.16621,1.16663,2025-10-28T02:00:00Z,2025-10-28T02:00:00Z,1.16621,1.16663,1.1653699999999998,0.00042000000000008697,false,true,2025-10-21T14:00:00Z,1.16041,bearish,30,108,NO,,,,2025-10-28T04:00:00Z,1.16667,S2_CLOSE_INVALIDATION,-1.476190476190473,0.3809523809523021,1.3809523809521544,1.8095238095231299,false,
BOS_RETAINED,CONTROL,EUR/USD,EURUSD_2025-08-01,1h,demand,bullish_IPO_demand,2025-10-27T17:00:00Z,1.16385,1.16413,1.16358,1.16383,1.16413,1.163855,1.163855,1.16358,2025-10-28T12:00:00Z,2025-10-28T12:00:00Z,1.163855,1.16358,1.1644050000000001,0.0002750000000000252,false,true,2025-10-28T04:00:00Z,1.16667,bullish,11,8,NO,,,,2025-10-28T12:00:00Z,1.1644050000000001,TARGET,1.4181818181818715,0.5818181818181285,1.2181818181816126,7.690909090907902,false,SAME_BAR_ENTRY_AND_EXIT
BOS_RETAINED,CONTROL,EUR/USD,EURUSD_2025-08-01,1h,demand,bullish_IPO_demand,2025-10-27T17:00:00Z,1.16385,1.16413,1.16358,1.16383,1.16413,1.163855,1.163855,1.16358,2025-10-29T03:00:00Z,2025-10-29T03:00:00Z,1.163855,1.16358,1.1644050000000001,0.0002750000000000252,false,true,2025-10-28T04:00:00Z,1.16667,bullish,11,23,NO,,,,2025-10-29T03:00:00Z,1.1644050000000001,TARGET,1.4181818181818715,0.5818181818181285,0.45454545454596834,2.9999999999991926,false,SAME_BAR_ENTRY_AND_EXIT
BOS_REMOVED,CONTROL,EUR/USD,EURUSD_2025-08-01,1h,demand,bullish_IPO_demand,2025-10-28T13:00:00Z,1.16406,1.16406,1.1626,1.16399,1.16406,1.1633300000000002,1.1633300000000002,1.1626,2025-10-29T05:00:00Z,2025-10-29T05:00:00Z,1.1633300000000002,1.1626,1.1647900000000004,0.0007300000000001194,false,false,,,,,,NO,,,,2025-10-29T08:00:00Z,1.16256,S2_CLOSE_INVALIDATION,-1.273972602739736,0.21917808219174498,1.1506849315068992,0.5342465753422283,false,
BOS_RETAINED,CONTROL,EUR/USD,EURUSD_2025-08-01,1h,demand,bullish_IPO_demand,2025-10-22T11:00:00Z,1.15861,1.15889,1.15825,1.15825,1.15889,1.15857,1.15857,1.15825,2025-10-29T18:00:00Z,2025-10-29T18:00:00Z,1.15857,1.15825,1.1592100000000003,0.000320000000000098,false,true,2025-10-28T04:00:00Z,1.16667,bullish,89,38,NO,,,,2025-10-29T18:00:00Z,1.1592100000000003,TARGET,1.500000000000153,0.49999999999984696,0.21874999999997832,20.28124999999343,false,SAME_BAR_ENTRY_AND_EXIT
BOS_REMOVED,CONTROL,EUR/USD,EURUSD_2025-08-01,1h,demand,bullish_IPO_demand,2025-10-31T06:00:00Z,1.15682,1.15735,1.15613,1.15618,1.15735,1.15674,1.15674,1.15613,2025-10-31T09:00:00Z,2025-10-31T09:00:00Z,1.15674,1.15613,1.15796,0.0006099999999999994,false,false,,,,,,NO,,,,2025-10-31T12:00:00Z,1.15549,S2_CLOSE_INVALIDATION,-2.311475409836388,0.2622950819672134,2.1475409836067962,1.491803278688471,false,
BOS_REMOVED,CONTROL,BTC/USD,BTCUSD_2025-08-01,1h,demand,bullish_IPO_demand,2025-09-01T04:00:00Z,107660,107759.99,107279.51,107409.1,107759.99,107519.75,107519.75,107279.51,2025-09-01T21:00:00Z,2025-09-01T21:00:00Z,107519.75,107279.51,108000.23000000001,240.24000000000524,false,false,,,,,,NO,,,,2025-09-01T21:00:00Z,108000.23000000001,TARGET,0.6538361638361931,1.3461638361638069,0.25083250083247355,5.909382284382148,false,SAME_BAR_ENTRY_AND_EXIT
BOS_RETAINED,CONTROL,BTC/USD,BTCUSD_2025-08-01,1h,supply,bearish_IPO_supply,2025-08-29T12:00:00Z,110098.81,111517.07,110070.73,110728,110793.9,110070.73,110793.9,111517.07,2025-09-02T13:00:00Z,2025-09-02T13:00:00Z,110793.9,111517.07,109347.55999999997,723.1700000000128,false,true,2025-08-30T01:00:00Z,107447.97,bearish,13,84,NO,,,,2025-09-02T13:00:00Z,109347.55999999997,TARGET,1.5389051398703013,0.4610948601296986,0.6665514332729376,2.848597148664841,false,SAME_BAR_ENTRY_AND_EXIT
BOS_RETAINED,CONTROL,BTC/USD,BTCUSD_2025-08-01,1h,supply,bearish_IPO_supply,2025-08-29T12:00:00Z,110098.81,111517.07,110070.73,110728,110793.9,110070.73,110793.9,111517.07,2025-09-02T15:00:00Z,2025-09-02T15:00:00Z,110793.9,111517.07,109347.55999999997,723.1700000000128,false,true,2025-08-30T01:00:00Z,107447.97,bearish,13,86,NO,,,,2025-09-03T14:00:00Z,112261.37,S2_CLOSE_INVALIDATION,-2.488982549054813,0.459763969744312,2.359196316218836,0.821245350332541,false,
BOS_RETAINED,CONTROL,BTC/USD,BTCUSD_2025-08-01,1h,supply,bearish_IPO_supply,2025-08-28T12:00:00Z,112909.18,113340.01,112781.68,113239.44,113060.845,112781.68,113060.845,113340.01,2025-09-05T14:00:00Z,2025-09-05T14:00:00Z,113060.845,113340.01,112502.51500000001,279.1649999999936,false,true,2025-09-04T15:00:00Z,109510.31,bearish,171,23,NO,,,,2025-09-05T14:00:00Z,112502.51500000001,TARGET,0.8117780882273651,1.188221911772635,0.08351691651891485,9.217469955044745,false,SAME_BAR_ENTRY_AND_EXIT
BOS_RETAINED,CONTROL,BTC/USD,BTCUSD_2025-08-01,1h,supply,bearish_IPO_supply,2025-08-22T15:00:00Z,115808.24,117296.12,115808.23,116370.75,116552.17499999999,115808.23,116552.17499999999,117296.12,2025-09-17T23:00:00Z,2025-09-17T23:00:00Z,116552.17499999999,117296.12,115064.28499999997,743.945000000007,false,true,2025-09-14T14:00:00Z,115401.75,bearish,551,81,NO,,,,2025-09-18T03:00:00Z,117581.66,S2_CLOSE_INVALIDATION,-1.8534001438278396,0.4695814475532421,1.8063499317825902,0.6175389309693449,false,
BOS_RETAINED,CONTROL,BTC/USD,BTCUSD_2025-08-01,1h,demand,bullish_IPO_demand,2025-09-10T10:00:00Z,112274.29,112422.63,112199.19,112270.01,112422.63,112310.91,112310.91,112199.19,2025-09-22T09:00:00Z,2025-09-22T09:00:00Z,112310.91,112199.19,112534.35,111.72000000000116,false,true,2025-09-20T15:00:00Z,115986.69,bullish,245,42,NO,,,,2025-09-22T09:00:00Z,112534.35,TARGET,-1.0165580021481961,3.016558002148196,1.2297708557106872,3.150375939849518,false,SAME_BAR_ENTRY_AND_EXIT
BOS_RETAINED,CONTROL,BTC/USD,BTCUSD_2025-08-01,1h,demand,bullish_IPO_demand,2025-09-10T10:00:00Z,112274.29,112422.63,112199.19,112270.01,112422.63,112310.91,112310.91,112199.19,2025-09-22T17:00:00Z,2025-09-22T17:00:00Z,112310.91,112199.19,112534.35,111.72000000000116,false,true,2025-09-20T15:00:00Z,115986.69,bullish,245,50,NO,,,,2025-09-22T17:00:00Z,112534.35,TARGET,-1.0182239527389592,3.018223952738959,0.537235947010414,2.793054063730669,false,SAME_BAR_ENTRY_AND_EXIT
BOS_RETAINED,CONTROL,BTC/USD,BTCUSD_2025-08-01,1h,demand,bullish_IPO_demand,2025-09-10T01:00:00Z,111010.47,111224.53,110917.45,111005.64,111224.53,111070.98999999999,111070.98999999999,110917.45,2025-09-25T12:00:00Z,2025-09-25T12:00:00Z,111070.98999999999,110917.45,111378.06999999998,153.5399999999936,false,true,2025-09-20T15:00:00Z,115986.69,bullish,254,117,NO,,,,2025-09-25T12:00:00Z,111378.06999999998,TARGET,-0.17098475967183768,2.1709847596718377,0.33209587078281105,3.8154226911556037,false,SAME_BAR_ENTRY_AND_EXIT
BOS_RETAINED,CONTROL,BTC/USD,BTCUSD_2025-08-01,1h,demand,bullish_IPO_demand,2025-09-10T01:00:00Z,111010.47,111224.53,110917.45,111005.64,111224.53,111070.98999999999,111070.98999999999,110917.45,2025-09-25T14:00:00Z,2025-09-25T14:00:00Z,111070.98999999999,110917.45,111378.06999999998,153.5399999999936,false,true,2025-09-20T15:00:00Z,115986.69,bullish,254,119,NO,,,,2025-09-25T14:00:00Z,111378.06999999998,TARGET,-0.17936694021111066,2.1793669402111107,0.5728800312621826,4.2889800703402425,false,SAME_BAR_ENTRY_AND_EXIT
BOS_RETAINED,CONTROL,BTC/USD,BTCUSD_2025-08-01,1h,demand,bullish_IPO_demand,2025-09-08T00:00:00Z,111137.35,111293.26,110733.71,110837.96,111293.26,111013.485,111013.485,110733.71,2025-09-25T15:00:00Z,2025-09-25T15:00:00Z,111013.485,110733.71,111573.03499999999,279.7749999999942,false,true,2025-09-20T15:00:00Z,115986.69,bullish,303,120,NO,,,,2025-09-25T15:00:00Z,111573.03499999999,TARGET,0.8035303011348154,1.1964696988651846,0.5167902779019191,2.052595835939635,false,SAME_BAR_ENTRY_AND_EXIT
BOS_RETAINED,CONTROL,BTC/USD,BTCUSD_2025-08-01,1h,demand,bullish_IPO_demand,2025-09-10T01:00:00Z,111010.47,111224.53,110917.45,111005.64,111224.53,111070.98999999999,111070.98999999999,110917.45,2025-09-25T16:00:00Z,2025-09-25T16:00:00Z,111070.98999999999,110917.45,111378.06999999998,153.5399999999936,false,true,2025-09-20T15:00:00Z,115986.69,bullish,254,121,NO,,,,2025-09-25T16:00:00Z,111378.06999999998,TARGET,-0.1679814380618332,2.167981438061833,1.081672528331341,3.9181320828450965,false,SAME_BAR_ENTRY_AND_EXIT
BOS_RETAINED,CONTROL,BTC/USD,BTCUSD_2025-08-01,1h,demand,bullish_IPO_demand,2025-09-02T12:00:00Z,109733.33,109836.34,108393.39,108795.99,109836.34,109114.86499999999,109114.86499999999,108393.39,2025-09-25T21:00:00Z,2025-09-25T21:00:00Z,109114.86499999999,108393.39,110557.81499999997,721.4749999999913,false,true,2025-09-20T15:00:00Z,115986.69,bullish,435,126,NO,,,,2025-09-28T20:00:00Z,110557.81499999997,TARGET,1.5450154197997104,0.45498458020028965,0.685810319137863,2.5366575418414103,false,
BOS_RETAINED,CONTROL,BTC/USD,BTCUSD_2025-08-01,1h,supply,bearish_IPO_supply,2025-09-22T03:00:00Z,114187.8,114654.36,114187.8,114649.89,114421.08,114187.8,114421.08,114654.36,2025-09-30T01:00:00Z,2025-09-30T01:00:00Z,114421.08,114654.36,113954.52,233.27999999999884,false,true,2025-09-25T18:00:00Z,109760.2,bearish,87,103,NO,,,,2025-09-30T05:00:00Z,113954.52,TARGET,0.5275165895061655,1.4724834104938345,1.5900205761316877,2.5456104252400524,false,
BOS_RETAINED,CONTROL,BTC/USD,BTCUSD_2025-08-01,1h,supply,bearish_IPO_supply,2025-09-22T03:00:00Z,114187.8,114654.36,114187.8,114649.89,114421.08,114187.8,114421.08,114654.36,2025-09-30T21:00:00Z,2025-09-30T21:00:00Z,114421.08,114654.36,113954.52,233.27999999999884,false,true,2025-09-25T18:00:00Z,109760.2,bearish,87,123,NO,,,,2025-09-30T22:00:00Z,113954.52,TARGET,0.5318801440329144,1.4681198559670856,1.430855624142641,2.3065414951989442,false,
BOS_RETAINED,CONTROL,BTC/USD,BTCUSD_2025-08-01,1h,supply,bearish_IPO_supply,2025-09-22T03:00:00Z,114187.8,114654.36,114187.8,114649.89,114421.08,114187.8,114421.08,114654.36,2025-10-01T02:00:00Z,2025-10-01T02:00:00Z,114421.08,114654.36,113954.52,233.27999999999884,false,true,2025-09-25T18:00:00Z,109760.2,bearish,87,128,NO,,,,2025-10-01T08:00:00Z,116111.28,S2_CLOSE_INVALIDATION,-8.714919624485628,1.4695492541152335,9.305212620027486,1.3910322359396503,false,
BOS_RETAINED,CONTROL,BTC/USD,BTCUSD_2025-08-01,1h,supply,bearish_IPO_supply,2025-09-18T14:00:00Z,117432.04,117843.83,117400.54,117640.54,117622.185,117400.54,117622.185,117843.83,2025-10-01T16:00:00Z,2025-10-01T16:00:00Z,117622.185,117843.83,117178.89499999999,221.64500000000407,false,true,2025-09-25T18:00:00Z,109760.2,bearish,172,142,NO,,,,2025-10-01T17:00:00Z,117178.89499999999,TARGET,0.40913456202488874,1.5908654379751113,2.6024273049245044,4.049831938460076,false,
BOS_RETAINED,CONTROL,BTC/USD,BTCUSD_2025-08-01,1h,supply,bearish_IPO_supply,2025-09-18T14:00:00Z,117432.04,117843.83,117400.54,117640.54,117622.185,117400.54,117622.185,117843.83,2025-10-01T19:00:00Z,2025-10-01T19:00:00Z,117622.185,117843.83,117178.89499999999,221.64500000000407,false,true,2025-09-25T18:00:00Z,109760.2,bearish,172,145,NO,,,,2025-10-01T20:00:00Z,117178.89499999999,TARGET,0.4104374562927495,1.5895625437072505,0.006338965462784227,2.0705858467368503,false,
BOS_RETAINED,CONTROL,BTC/USD,BTCUSD_2025-08-01,1h,demand,bullish_IPO_demand,2025-10-02T16:00:00Z,119910.78,120300,119607.82,119731.4,120300,119953.91,119953.91,119607.82,2025-10-03T01:00:00Z,2025-10-03T01:00:00Z,119953.91,119607.82,120646.09,346.0899999999965,false,true,2025-10-02T19:00:00Z,120836.49,bullish,3,6,NO,,,,2025-10-03T13:00:00Z,120646.09,TARGET,0.9608854344245612,1.0391145655754388,2.0388049351325024,2.131035279840522,false,
BOS_REMOVED,CONTROL,BTC/USD,BTCUSD_2025-08-01,1h,demand,bullish_IPO_demand,2025-10-03T17:00:00Z,122553.3,123113.97,121603.42,122073.25,123113.97,122358.695,122358.695,121603.42,2025-10-04T04:00:00Z,2025-10-04T04:00:00Z,122358.695,121603.42,123869.24500000002,755.2750000000087,false,false,,,,,,NO,,,,2025-10-04T18:00:00Z,121574.66,S2_CLOSE_INVALIDATION,-1.5246367217238626,0.48655787627022706,1.1236900466717383,0.5842971103240382,false,
BOS_RETAINED,CONTROL,BTC/USD,BTCUSD_2025-08-01,1h,demand,bullish_IPO_demand,2025-10-05T19:00:00Z,122999.44,123026,122500,122591.79,123026,122763,122763,122500,2025-10-07T14:00:00Z,2025-10-07T14:00:00Z,122763,122500,123289,263,false,true,2025-10-06T18:00:00Z,126011.18,bullish,23,20,NO,,,,2025-10-07T14:00:00Z,123289,TARGET,0.6000909505703422,1.3999090494296578,0.7414448669201521,4.7034220532319395,false,SAME_BAR_ENTRY_AND_EXIT
BOS_RETAINED,CONTROL,BTC/USD,BTCUSD_2025-08-01,1h,demand,bullish_IPO_demand,2025-10-04T18:00:00Z,121747.36,121829.69,121510,121574.66,121829.69,121669.845,121669.845,121510,2025-10-07T15:00:00Z,2025-10-07T15:00:00Z,121669.845,121510,121989.535,159.84500000000116,false,true,2025-10-06T18:00:00Z,126011.18,bullish,48,21,NO,,,,2025-10-07T15:00:00Z,121989.535,TARGET,-0.2868280521755282,2.286828052175528,3.1089805749319535,7.479214238793773,false,SAME_BAR_ENTRY_AND_EXIT
BOS_RETAINED,CONTROL,BTC/USD,BTCUSD_2025-08-01,1h,demand,bullish_IPO_demand,2025-10-01T10:00:00Z,116412.1,116551,116203.5,116281.64,116551,116377.25,116377.25,116203.5,2025-10-10T19:00:00Z,2025-10-10T19:00:00Z,116377.25,116203.5,116724.75,173.75,false,true,2025-10-06T18:00:00Z,126011.18,bullish,128,97,NO,,,,2025-10-10T19:00:00Z,116724.75,TARGET,-0.01429928057553953,2.0142992805755395,2.4447769784172593,5.552057553956825,false,SAME_BAR_ENTRY_AND_EXIT
BOS_RETAINED,CONTROL,BTC/USD,BTCUSD_2025-08-01,1h,demand,bullish_IPO_demand,2025-09-30T09:00:00Z,113451.89,113451.89,112731.41,112781.97,113451.89,113091.65,113091.65,112731.41,2025-10-10T20:00:00Z,2025-10-10T20:00:00Z,113091.65,112731.41,113812.12999999998,360.2399999999907,false,true,2025-10-06T18:00:00Z,126011.18,bullish,153,98,NO,,,,2025-10-10T20:00:00Z,113812.12999999998,TARGET,1.0484108927381497,0.9515891072618502,0.14615256495668316,11.445119920053608,false,SAME_BAR_ENTRY_AND_EXIT
BOS_RETAINED,CONTROL,BTC/USD,BTCUSD_2025-08-01,1h,demand,bullish_IPO_demand,2025-08-30T01:00:00Z,108300.7,108350,107350.1,107447.97,108350,107850.05,107850.05,107350.1,2025-10-10T21:00:00Z,2025-10-10T21:00:00Z,107850.05,107350.1,108849.95,499.9499999999971,false,true,2025-10-06T18:00:00Z,126011.18,bullish,905,99,NO,,,,2025-10-10T21:00:00Z,108849.95,TARGET,1.3192207620762035,0.6807792379237964,11.701270127012775,14.52673267326741,false,SAME_BAR_ENTRY_AND_EXIT
BOS_RETAINED,CONTROL,BTC/USD,BTCUSD_2025-08-01,1h,demand,bullish_IPO_demand,2025-09-30T09:00:00Z,113451.89,113451.89,112731.41,112781.97,113451.89,113091.65,113091.65,112731.41,2025-10-10T22:00:00Z,2025-10-10T22:00:00Z,113091.65,112731.41,113812.12999999998,360.2399999999907,false,true,2025-10-06T18:00:00Z,126011.18,bullish,153,100,NO,,,,2025-10-10T22:00:00Z,113812.12999999998,TARGET,1.0531312458360849,0.9468687541639152,6.140239840106732,2.824172773706504,false,SAME_BAR_ENTRY_AND_EXIT
BOS_RETAINED,CONTROL,BTC/USD,BTCUSD_2025-08-01,1h,demand,bullish_IPO_demand,2025-09-29T02:00:00Z,111855.3,112022.27,111632.72,111750.02,112022.27,111827.495,111827.495,111632.72,2025-10-11T00:00:00Z,2025-10-11T00:00:00Z,111827.495,111632.72,112217.04499999998,194.77499999999418,false,true,2025-10-06T18:00:00Z,126011.18,bullish,184,102,NO,,,,2025-10-11T00:00:00Z,112217.04499999998,TARGET,0.2670068540623278,1.7329931459376722,1.0637658837119683,6.937055576948009,false,SAME_BAR_ENTRY_AND_EXIT
BOS_REMOVED,CONTROL,BTC/USD,BTCUSD_2025-08-01,1h,supply,bearish_IPO_supply,2025-10-10T22:00:00Z,113451.87,114109.03,110879.69,113700,112494.36,110879.69,112494.36,114109.03,2025-10-11T02:00:00Z,2025-10-11T02:00:00Z,112494.36,114109.03,109265.02,1614.6699999999983,false,false,,,,,,NO,,,,2025-10-12T19:00:00Z,114342.28,S2_CLOSE_INVALIDATION,-1.3547718357311405,0.21031507366830396,1.3660004830708452,1.816327794533872,false,
BOS_RETAINED,CONTROL,BTC/USD,BTCUSD_2025-08-01,1h,demand,bullish_IPO_demand,2025-10-12T21:00:00Z,114927.97,115600,114217.75,114882.06,115600,114908.875,114908.875,114217.75,2025-10-13T10:00:00Z,2025-10-13T10:00:00Z,114908.875,114217.75,116291.125,691.125,false,true,2025-10-13T02:00:00Z,115319.97,bullish,5,8,NO,,,,2025-10-13T11:00:00Z,114180,S2_CLOSE_INVALIDATION,-1.552985147404594,0.49836405860010846,1.869958401157533,0.36625067824199675,false,
BOS_RETAINED,CONTROL,BTC/USD,BTCUSD_2025-08-01,1h,demand,bullish_IPO_demand,2025-10-12T17:00:00Z,114069.35,114466.94,113516.38,113799.99,114466.94,113991.66,113991.66,113516.38,2025-10-13T15:00:00Z,2025-10-13T15:00:00Z,113991.66,113516.38,114942.22,475.27999999999884,false,true,2025-10-13T02:00:00Z,115319.97,bullish,9,13,NO,,,,2025-10-13T16:00:00Z,114942.22,TARGET,1.2784541743814155,0.7215458256185845,0.04973910116141953,2.487670425854232,false,
BOS_RETAINED,CONTROL,BTC/USD,BTCUSD_2025-08-01,1h,demand,bullish_IPO_demand,2025-10-12T13:00:00Z,111789.61,111934.51,111265.99,111297.52,111934.51,111600.25,111600.25,111265.99,2025-10-14T06:00:00Z,2025-10-14T06:00:00Z,111600.25,111265.99,112268.76999999999,334.25999999999476,false,true,2025-10-13T02:00:00Z,115319.97,bullish,13,28,NO,,,,2025-10-14T06:00:00Z,112268.76999999999,TARGET,0.9949077364925349,1.005092263507465,0.7336803685753877,3.287740082570525,false,SAME_BAR_ENTRY_AND_EXIT
BOS_RETAINED,CONTROL,BTC/USD,BTCUSD_2025-08-01,1h,demand,bullish_IPO_demand,2025-10-12T13:00:00Z,111789.61,111934.51,111265.99,111297.52,111934.51,111600.25,111600.25,111265.99,2025-10-14T08:00:00Z,2025-10-14T08:00:00Z,111600.25,111265.99,112268.76999999999,334.25999999999476,false,true,2025-10-13T02:00:00Z,115319.97,bullish,13,30,NO,,,,2025-10-14T10:00:00Z,110623.58,S2_CLOSE_INVALIDATION,-3.925327559384966,1.0034404056722468,4.750822712858313,1.6147609645186636,false,
BOS_REMOVED,CONTROL,BTC/USD,BTCUSD_2025-08-01,1h,supply,bearish_IPO_supply,2025-10-14T08:00:00Z,111724.41,112140,111513.63,111803.33,111826.815,111513.63,111826.815,112140,2025-10-14T14:00:00Z,2025-10-14T14:00:00Z,111826.815,112140,111200.445,313.1849999999977,false,false,,,,,,NO,,,,2025-10-14T14:00:00Z,111200.445,TARGET,0.9325618085157255,1.0674381914842745,1.191580056516118,2.9410252726024977,false,SAME_BAR_ENTRY_AND_EXIT
BOS_RETAINED,CONTROL,BTC/USD,BTCUSD_2025-08-01,1h,demand,bullish_IPO_demand,2025-08-30T01:00:00Z,108300.7,108350,107350.1,107447.97,108350,107850.05,107850.05,107350.1,2025-10-16T16:00:00Z,2025-10-16T16:00:00Z,107850.05,107350.1,108849.95,499.9499999999971,false,true,2025-10-13T02:00:00Z,115319.97,bullish,1057,86,NO,,,,2025-10-16T16:00:00Z,108849.95,TARGET,1.344539873987395,0.6554601260126051,0.5450145014501401,2.808180818081819,false,SAME_BAR_ENTRY_AND_EXIT
BOS_RETAINED,CONTROL,BTC/USD,BTCUSD_2025-08-01,1h,demand,bullish_IPO_demand,2025-08-30T01:00:00Z,108300.7,108350,107350.1,107447.97,108350,107850.05,107850.05,107350.1,2025-10-16T18:00:00Z,2025-10-16T18:00:00Z,107850.05,107350.1,108849.95,499.9499999999971,false,true,2025-10-13T02:00:00Z,115319.97,bullish,1057,88,NO,,,,2025-10-17T01:00:00Z,108849.95,TARGET,1.3479976597659729,0.6520023402340271,0.8461846184618569,2.530313031303143,false,
BOS_REMOVED,CONTROL,BTC/USD,BTCUSD_2025-08-01,1h,demand,bullish_IPO_demand,2025-10-19T12:00:00Z,107783.47,107859.42,107421.9,107631.43,107859.42,107640.66,107640.66,107421.9,2025-10-20T00:00:00Z,2025-10-20T00:00:00Z,107640.66,107421.9,108078.18000000002,218.7600000000093,false,false,,,,,,NO,,,,2025-10-20T00:00:00Z,108078.18000000002,TARGET,0.5182739989029703,1.4817260010970297,1.0885902358748825,4.58086487474839,false,SAME_BAR_ENTRY_AND_EXIT
BOS_RETAINED,CONTROL,BTC/USD,BTCUSD_2025-08-01,1h,supply,bearish_IPO_supply,2025-10-16T06:00:00Z,110951.13,111716.86,110922.17,111666.83,111319.515,110922.17,111319.515,111716.86,2025-10-20T07:00:00Z,2025-10-20T07:00:00Z,111319.515,111716.86,110524.825,397.34500000000116,false,true,2025-10-17T10:00:00Z,104751.99,bearish,28,69,NO,,,,2025-10-20T16:00:00Z,110524.825,TARGET,1.1606544438711974,0.8393455561288026,0.9715612377153283,3.0439919968792757,false,
BOS_RETAINED,CONTROL,BTC/USD,BTCUSD_2025-08-01,1h,demand,bullish_IPO_demand,2025-10-19T12:00:00Z,107783.47,107859.42,107421.9,107631.43,107859.42,107640.66,107640.66,107421.9,2025-10-21T06:00:00Z,2025-10-21T06:00:00Z,107640.66,107421.9,108078.18000000002,218.7600000000093,false,true,2025-10-20T08:00:00Z,111097.15,bullish,20,22,NO,,,,2025-10-21T06:00:00Z,108078.18000000002,TARGET,0.5201619583105404,1.4798380416894596,0.6466904370085717,2.5568659718411624,false,SAME_BAR_ENTRY_AND_EXIT
BOS_RETAINED,CONTROL,BTC/USD,BTCUSD_2025-08-01,1h,demand,bullish_IPO_demand,2025-10-19T12:00:00Z,107783.47,107859.42,107421.9,107631.43,107859.42,107640.66,107640.66,107421.9,2025-10-21T08:00:00Z,2025-10-21T08:00:00Z,107640.66,107421.9,108078.18000000002,218.7600000000093,false,true,2025-10-20T08:00:00Z,111097.15,bullish,20,24,NO,,,,2025-10-21T08:00:00Z,108078.18000000002,TARGET,0.5230966812946325,1.4769033187053675,0.7151215944413771,2.0938928506124435,false,SAME_BAR_ENTRY_AND_EXIT
BOS_RETAINED,CONTROL,BTC/USD,BTCUSD_2025-08-01,1h,demand,bullish_IPO_demand,2025-10-19T12:00:00Z,107783.47,107859.42,107421.9,107631.43,107859.42,107640.66,107640.66,107421.9,2025-10-21T10:00:00Z,2025-10-21T10:00:00Z,107640.66,107421.9,108078.18000000002,218.7600000000093,false,true,2025-10-20T08:00:00Z,111097.15,bullish,20,26,NO,,,,2025-10-21T10:00:00Z,108078.18000000002,TARGET,0.5120740537576061,1.487925946242394,0.2772901810203004,5.352029621502779,false,SAME_BAR_ENTRY_AND_EXIT
BOS_RETAINED,CONTROL,BTC/USD,BTCUSD_2025-08-01,1h,supply,bearish_IPO_supply,2025-10-14T18:00:00Z,112774.98,113450,112662.72,112861.36,113056.36,112662.72,113056.36,113450,2025-10-21T15:00:00Z,2025-10-21T15:00:00Z,113056.36,113450,112269.08,393.6399999999994,false,true,2025-10-17T10:00:00Z,104751.99,bearish,64,101,NO,,,,2025-10-21T15:00:00Z,112269.08,TARGET,1.13558624631643,0.86441375368357,1.2733970124987184,3.4027283812620643,false,SAME_BAR_ENTRY_AND_EXIT
BOS_RETAINED,CONTROL,BTC/USD,BTCUSD_2025-08-01,1h,demand,bullish_IPO_demand,2025-10-20T00:00:00Z,108642.77,108642.77,107402.52,108047.46,108642.77,108022.645,108022.645,107402.52,2025-10-22T06:00:00Z,2025-10-22T06:00:00Z,108022.645,107402.52,109262.895,620.125,false,true,2025-10-20T08:00:00Z,111097.15,bullish,8,46,NO,,,,2025-10-22T21:00:00Z,107207.98,S2_CLOSE_INVALIDATION,-1.8360895948397633,0.5223786494658336,2.186583350131025,1.8403305785123976,false,
BOS_REMOVED,CONTROL,BTC/USD,BTCUSD_2025-08-01,1h,supply,bearish_IPO_supply,2025-10-23T06:00:00Z,108940.58,110298.29,108849.07,110246.94,109573.68,108849.07,109573.68,110298.29,2025-10-23T13:00:00Z,2025-10-23T13:00:00Z,109573.68,110298.29,108124.45999999999,724.6100000000006,false,false,,,,,,NO,,,,2025-10-23T17:00:00Z,111241.71,S2_CLOSE_INVALIDATION,-2.75531921999422,0.4533498847655976,2.373594071293532,1.1738038393066446,false,
BOS_REMOVED,CONTROL,BTC/USD,BTCUSD_2025-08-01,1h,demand,bullish_IPO_demand,2025-10-24T03:00:00Z,110570.13,110630.81,110274.85,110441.46,110630.81,110452.83,110452.83,110274.85,2025-10-24T13:00:00Z,2025-10-24T13:00:00Z,110452.83,110274.85,110808.79,177.97999999999593,false,false,,,,,,NO,,,,2025-10-24T13:00:00Z,110808.79,TARGET,0.130049331385506,1.869950668614494,0.41195639959550884,5.610967524441073,false,SAME_BAR_ENTRY_AND_EXIT
BOS_REMOVED,CONTROL,BTC/USD,BTCUSD_2025-08-01,1h,demand,bullish_IPO_demand,2025-10-23T20:00:00Z,110200.01,110200.01,109341.28,109524.81,110200.01,109770.64499999999,109770.64499999999,109341.28,2025-10-24T14:00:00Z,2025-10-24T14:00:00Z,109770.64499999999,109341.28,110629.37499999997,429.3649999999907,false,false,,,,,,NO,,,,2025-10-24T14:00:00Z,110629.37499999997,TARGET,1.229891793695324,0.7701082063046759,0.16451038161004342,2.71867758201072,false,SAME_BAR_ENTRY_AND_EXIT
BOS_REMOVED,CONTROL,BTC/USD,BTCUSD_2025-08-01,1h,demand,bullish_IPO_demand,2025-10-27T02:00:00Z,115284.01,115445.39,114815.6,114883.39,115445.39,115130.495,115130.495,114815.6,2025-10-27T10:00:00Z,2025-10-27T10:00:00Z,115130.495,114815.6,115760.28499999997,314.8949999999895,false,false,,,,,,NO,,,,2025-10-27T14:00:00Z,114810.05,S2_CLOSE_INVALIDATION,-2.117495736674176,1.0998708140809206,1.9895679512218707,1.3322694866543536,false,
BOS_REMOVED,CONTROL,BTC/USD,BTCUSD_2025-08-01,1h,demand,bullish_IPO_demand,2025-10-28T05:00:00Z,113964.6,113981.73,113483.3,113605.31,113981.73,113732.515,113732.515,113483.3,2025-10-28T19:00:00Z,2025-10-28T19:00:00Z,113732.515,113483.3,114230.94499999999,249.2149999999965,false,false,,,,,,NO,,,,2025-10-28T19:00:00Z,114230.94499999999,TARGET,0.6314227875528968,1.3685772124471032,0.6663924723632182,5.38717573179793,false,SAME_BAR_ENTRY_AND_EXIT
BOS_RETAINED,CONTROL,BTC/USD,BTCUSD_2025-08-01,1h,demand,bullish_IPO_demand,2025-10-26T10:00:00Z,112528.82,112571.26,112189.33,112477.1,112571.26,112380.295,112380.295,112189.33,2025-10-28T20:00:00Z,2025-10-28T20:00:00Z,112380.295,112189.33,112762.22499999999,190.9649999999965,false,true,2025-10-27T07:00:00Z,115554.6,bullish,21,37,NO,,,,2025-10-28T20:00:00Z,112762.22499999999,TARGET,0.22782106668758062,1.7721789333124194,0.2904982588432031,6.9281020082215745,false,SAME_BAR_ENTRY_AND_EXIT
BOS_RETAINED,CONTROL,BTC/USD,BTCUSD_2025-08-01,1h,demand,bullish_IPO_demand,2025-10-23T20:00:00Z,110200.01,110200.01,109341.28,109524.81,110200.01,109770.64499999999,109770.64499999999,109341.28,2025-10-29T23:00:00Z,2025-10-29T23:00:00Z,109770.64499999999,109341.28,110629.37499999997,429.3649999999907,false,true,2025-10-27T07:00:00Z,115554.6,bullish,83,64,NO,,,,2025-10-29T23:00:00Z,110629.37499999997,TARGET,1.231274393581202,0.768725606418798,0.08716360206348717,3.0442979749165247,false,SAME_BAR_ENTRY_AND_EXIT
BOS_RETAINED,CONTROL,BTC/USD,BTCUSD_2025-08-01,1h,demand,bullish_IPO_demand,2025-10-23T03:00:00Z,108410.29,108720.39,108323.59,108377.96,108720.39,108521.98999999999,108521.98999999999,108323.59,2025-10-30T04:00:00Z,2025-10-30T04:00:00Z,108521.98999999999,108323.59,108918.78999999998,198.39999999999418,false,true,2025-10-27T07:00:00Z,115554.6,bullish,100,69,NO,,,,2025-10-30T04:00:00Z,108918.78999999998,TARGET,0.3582368447580162,1.6417631552419838,3.008719758064569,11.287500000000342,false,SAME_BAR_ENTRY_AND_EXIT
BOS_REMOVED,CONTROL,BTC/USD,BTCUSD_2025-08-01,1h,supply,bearish_IPO_supply,2025-10-30T02:00:00Z,110460.75,111011.99,110331.04,110985.92,110671.515,110331.04,110671.515,111011.99,2025-10-30T06:00:00Z,2025-10-30T06:00:00Z,110671.515,111011.99,109990.56499999999,340.4750000000058,false,false,,,,,,NO,,,,2025-10-30T06:00:00Z,109990.56499999999,TARGET,1.023998737058538,0.9760012629414622,0.8593141934062474,2.03687495410821,false,SAME_BAR_ENTRY_AND_EXIT
BOS_REMOVED,CONTROL,BTC/USD,BTCUSD_2025-08-01,1h,supply,bearish_IPO_supply,2025-10-29T21:00:00Z,111433.45,111800,111368.02,111617.26,111584.01000000001,111368.02,111584.01000000001,111800,2025-10-30T07:00:00Z,2025-10-30T07:00:00Z,111584.01000000001,111800,111152.03000000003,215.9899999999907,false,false,,,,,,NO,,,,2025-10-30T07:00:00Z,111152.03000000003,TARGET,0.453168387425277,1.546831612574723,0.03699245335428043,4.374091393120284,false,SAME_BAR_ENTRY_AND_EXIT
BOS_RETAINED,CONTROL,BTC/USD,BTCUSD_2025-08-01,1h,demand,bullish_IPO_demand,2025-10-23T03:00:00Z,108410.29,108720.39,108323.59,108377.96,108720.39,108521.98999999999,108521.98999999999,108323.59,2025-10-30T12:00:00Z,2025-10-30T12:00:00Z,108521.98999999999,108323.59,108918.78999999998,198.39999999999418,false,true,2025-10-27T07:00:00Z,115554.6,bullish,100,77,NO,,,,2025-10-30T12:00:00Z,108918.78999999998,TARGET,0.3610706653225324,1.6389293346774676,1.2164314516129213,6.330342741935682,false,SAME_BAR_ENTRY_AND_EXIT
BOS_RETAINED,CONTROL,BTC/USD,BTCUSD_2025-08-01,1h,demand,bullish_IPO_demand,2025-10-19T08:00:00Z,106786,107132.83,106278.74,106443.95,107132.83,106705.785,106705.785,106278.74,2025-10-30T19:00:00Z,2025-10-30T19:00:00Z,106705.785,106278.74,107559.875,427.04499999999825,false,true,2025-10-27T07:00:00Z,115554.6,bullish,191,84,NO,,,,2025-10-30T20:00:00Z,107559.875,TARGET,1.2515796461731168,0.7484203538268831,0.9400531559906067,2.2157266798580957,false,
BOS_REMOVED,CONTROL,USD/JPY,USDJPY_2022-08-01,30min,demand,bullish_IPO_demand,2022-09-12T16:30:00Z,142.41499,142.41499,142.16499,142.215,142.41499,142.28999,142.28999,142.16499,2022-09-13T06:30:00Z,2022-09-13T06:30:00Z,142.28999,142.16499,142.53999,0.125,false,false,,,,,,NO,,,,2022-09-13T10:30:00Z,142.074997,S2_CLOSE_INVALIDATION,-1.8479439999999414,0.128,2.039888000000019,1.4000800000001163,false,
BOS_REMOVED,CONTROL,USD/JPY,USDJPY_2022-08-01,30min,demand,bullish_IPO_demand,2022-09-13T18:00:00Z,144.425,144.495,144.295,144.295,144.495,144.39499999999998,144.39499999999998,144.295,2022-09-13T23:30:00Z,2022-09-13T23:30:00Z,144.39499999999998,144.295,144.59499999999997,0.09999999999999432,false,false,,,,,,NO,,,,2022-09-13T23:30:00Z,144.59499999999997,TARGET,1.839999999999991,0.1600000000000091,0.6999999999999715,4.000000000000284,false,SAME_BAR_ENTRY_AND_EXIT
BOS_RETAINED,CONTROL,USD/JPY,USDJPY_2022-08-01,30min,demand,bullish_IPO_demand,2022-09-13T17:00:00Z,144.30499,144.315,144.13,144.16499,144.315,144.2225,144.2225,144.13,2022-09-14T00:30:00Z,2022-09-14T00:30:00Z,144.2225,144.13,144.4075,0.09250000000000114,false,true,2022-09-13T22:00:00Z,144.755,bullish,10,5,NO,,,,2022-09-14T00:30:00Z,144.4075,TARGET,1.8270270270270292,0.17297297297297085,1.0540540540540042,4.2433513513514685,false,SAME_BAR_ENTRY_AND_EXIT
BOS_RETAINED,CONTROL,USD/JPY,USDJPY_2022-08-01,30min,demand,bullish_IPO_demand,2022-09-13T18:00:00Z,144.425,144.495,144.295,144.295,144.495,144.39499999999998,144.39499999999998,144.295,2022-09-14T02:00:00Z,2022-09-14T02:00:00Z,144.39499999999998,144.295,144.59499999999997,0.09999999999999432,false,true,2022-09-13T22:00:00Z,144.755,bullish,8,8,NO,,,,2022-09-14T04:30:00Z,143.87,S2_CLOSE_INVALIDATION,-5.41000000000008,0.1600000000000091,6.9999000000002525,1.8000000000001706,false,
BOS_RETAINED,CONTROL,USD/JPY,USDJPY_2022-08-01,30min,supply,bearish_IPO_supply,2022-09-14T19:30:00Z,143.155,143.215,143.155,143.205,143.185,143.155,143.185,143.215,2022-09-15T01:00:00Z,2022-09-15T01:00:00Z,143.185,143.215,143.125,0.030000000000001137,false,true,2022-09-14T23:00:00Z,142.845,bearish,7,4,NO,,,,2022-09-15T01:00:00Z,143.125,TARGET,1.4666666666666868,0.5333333333333131,0.16666666666650876,8.166666666666508,false,SAME_BAR_ENTRY_AND_EXIT
BOS_RETAINED,CONTROL,USD/JPY,USDJPY_2022-08-01,30min,supply,bearish_IPO_supply,2022-09-14T09:00:00Z,143.36501,143.715,143.295,143.47501,143.505,143.295,143.505,143.715,2022-09-15T05:00:00Z,2022-09-15T05:00:00Z,143.505,143.715,143.08499999999998,0.21000000000000796,false,true,2022-09-14T23:00:00Z,142.845,bearish,28,12,NO,,,,2022-09-16T00:00:00Z,143.08499999999998,TARGET,1.9238095238095267,0.07619047619047331,1.4285238095237944,2.4285714285712934,false,
BOS_RETAINED,CONTROL,USD/JPY,USDJPY_2022-08-01,30min,supply,bearish_IPO_supply,2022-09-14T09:00:00Z,143.36501,143.715,143.295,143.47501,143.505,143.295,143.505,143.715,2022-09-16T05:30:00Z,2022-09-16T05:30:00Z,143.505,143.715,143.08499999999998,0.21000000000000796,false,true,2022-09-14T23:00:00Z,142.845,bearish,28,61,NO,,,,2022-09-16T11:30:00Z,143.08499999999998,TARGET,1.9238095238095267,0.07619047619047331,0.9048095238094938,2.5237619047617996,false,
BOS_REMOVED,CONTROL,USD/JPY,USDJPY_2022-08-01,30min,demand,bullish_IPO_demand,2022-09-14T23:00:00Z,143.059998,143.085007,142.795,142.845,143.085007,142.9400035,142.9400035,142.795,2022-09-16T14:30:00Z,2022-09-16T14:30:00Z,142.9400035,142.795,143.2300105,0.1450035000000014,false,false,,,,,,NO,,,,2022-09-18T23:30:00Z,142.755,S2_CLOSE_INVALIDATION,-1.3861975745412456,0.11034216415465728,1.9654939363531572,1.2758071356898926,false,
BOS_REMOVED,CONTROL,USD/JPY,USDJPY_2022-08-01,30min,demand,bullish_IPO_demand,2022-09-14T13:00:00Z,143.035004,143.065002,142.605,142.855,143.065002,142.83500099999998,142.83500099999998,142.605,2022-09-19T00:00:00Z,2022-09-19T00:00:00Z,142.83500099999998,142.605,143.29500299999995,0.23000099999998724,false,false,,,,,,NO,,,,2022-09-19T06:00:00Z,143.29500299999995,TARGET,1.9304350850648437,0.06956491493515632,0.6521754253241641,2.304376937491857,false,
BOS_RETAINED,CONTROL,USD/JPY,USDJPY_2022-08-01,30min,supply,bearish_IPO_supply,2022-09-14T09:00:00Z,143.36501,143.715,143.295,143.47501,143.505,143.295,143.505,143.715,2022-09-19T07:30:00Z,2022-09-19T07:30:00Z,143.505,143.715,143.08499999999998,0.21000000000000796,false,true,2022-09-18T23:30:00Z,142.755,bearish,125,16,NO,,,,2022-09-20T00:00:00Z,143.08499999999998,TARGET,1.9238095238095267,0.07619047619047331,0.6666666666667118,2.6190476190474388,false,
BOS_REMOVED,CONTROL,USD/JPY,USDJPY_2022-08-01,30min,supply,bearish_IPO_supply,2022-09-19T20:00:00Z,143.16499,143.27499,143.16499,143.255,143.21999,143.16499,143.21999,143.27499,2022-09-20T00:30:00Z,2022-09-20T00:30:00Z,143.21999,143.27499,143.10998999999998,0.05500000000000682,false,false,,,,,,NO,,,,2022-09-20T00:30:00Z,143.10998999999998,TARGET,1.7090909090909452,0.2909090909090548,1,4.181454545453725,false,SAME_BAR_ENTRY_AND_EXIT
BOS_REMOVED,CONTROL,USD/JPY,USDJPY_2022-08-01,30min,supply,bearish_IPO_supply,2022-09-19T20:00:00Z,143.16499,143.27499,143.16499,143.255,143.21999,143.16499,143.21999,143.27499,2022-09-20T01:30:00Z,2022-09-20T01:30:00Z,143.21999,143.27499,143.10998999999998,0.05500000000000682,false,false,,,,,,NO,,,,2022-09-20T01:30:00Z,143.10998999999998,TARGET,1.7090909090909452,0.2909090909090548,0.3640000000002563,3.1816727272723897,false,SAME_BAR_ENTRY_AND_EXIT
BOS_REMOVED,CONTROL,USD/JPY,USDJPY_2022-08-01,30min,supply,bearish_IPO_supply,2022-09-19T20:00:00Z,143.16499,143.27499,143.16499,143.255,143.21999,143.16499,143.21999,143.27499,2022-09-20T02:30:00Z,2022-09-20T02:30:00Z,143.21999,143.27499,143.10998999999998,0.05500000000000682,false,false,,,,,,NO,,,,2022-09-20T02:30:00Z,143.10998999999998,TARGET,1.7090909090909452,0.2909090909090548,0.4547272727273774,2.3635272727266554,false,SAME_BAR_ENTRY_AND_EXIT
BOS_REMOVED,CONTROL,USD/JPY,USDJPY_2022-08-01,30min,supply,bearish_IPO_supply,2022-09-19T20:00:00Z,143.16499,143.27499,143.16499,143.255,143.21999,143.16499,143.21999,143.27499,2022-09-20T03:30:00Z,2022-09-20T03:30:00Z,143.21999,143.27499,143.10998999999998,0.05500000000000682,false,false,,,,,,NO,,,,2022-09-20T04:00:00Z,143.345,S2_CLOSE_INVALIDATION,-2.563818181817922,0.2909090909090548,2.727454545454368,1.9998181818176073,false,
BOS_RETAINED,CONTROL,USD/JPY,USDJPY_2022-08-01,30min,supply,bearish_IPO_supply,2022-09-15T05:30:00Z,143.56,143.685,143.545,143.605,143.615,143.545,143.615,143.685,2022-09-20T08:30:00Z,2022-09-20T08:30:00Z,143.615,143.685,143.47500000000002,0.06999999999999318,false,true,2022-09-18T23:30:00Z,142.755,bearish,84,66,NO,,,,2022-09-20T09:00:00Z,143.77499,S2_CLOSE_INVALIDATION,-2.5141428571430082,0.22857142857145085,2.857142857142973,0.14285714285743287,false,
BOS_RETAINED,CONTROL,USD/JPY,USDJPY_2022-08-01,30min,supply,bearish_IPO_supply,2022-09-14T05:30:00Z,143.715,143.88499,143.715,143.84,143.799995,143.715,143.799995,143.88499,2022-09-20T13:30:00Z,2022-09-20T13:30:00Z,143.799995,143.88499,143.630005,0.08499499999999216,false,true,2022-09-18T23:30:00Z,142.755,bearish,132,76,NO,,,,2022-09-20T15:30:00Z,143.630005,TARGET,1.8117536325666042,0.1882463674333958,1.4707335725634134,2.0588858168128916,false,
BOS_RETAINED,CONTROL,USD/JPY,USDJPY_2022-08-01,30min,supply,bearish_IPO_supply,2022-09-14T05:30:00Z,143.715,143.88499,143.715,143.84,143.799995,143.715,143.799995,143.88499,2022-09-21T03:30:00Z,2022-09-21T03:30:00Z,143.799995,143.88499,143.630005,0.08499499999999216,false,true,2022-09-18T23:30:00Z,142.755,bearish,132,104,NO,,,,2022-09-21T04:30:00Z,144.024994,S2_CLOSE_INVALIDATION,-2.8354491440675225,0.1882463674333958,3.000152950173822,0.2941937761044222,false,
BOS_REMOVED,CONTROL,USD/JPY,USDJPY_2022-08-01,30min,demand,bullish_IPO_demand,2022-09-21T00:00:00Z,143.575,143.655,143.485,143.535,143.655,143.57,143.57,143.485,2022-09-21T07:00:00Z,2022-09-21T07:00:00Z,143.57,143.485,143.73999999999995,0.08499999999997954,false,false,,,,,,NO,,,,2022-09-21T07:30:00Z,143.73999999999995,TARGET,1.8117647058823076,0.18823529411769238,2.5294117647065315,2.058823529412394,false,
BOS_REMOVED,CONTROL,USD/JPY,USDJPY_2022-08-01,30min,supply,bearish_IPO_supply,2022-09-21T04:30:00Z,143.86,144.054993,143.85001,144.024994,143.95250149999998,143.85001,143.95250149999998,144.054993,2022-09-21T10:00:00Z,2022-09-21T10:00:00Z,143.95250149999998,144.054993,143.74751849999996,0.1024915000000135,false,false,,,,,,NO,,,,2022-09-21T11:00:00Z,144.155,S2_CLOSE_INVALIDATION,-2.131869472102465,0.15611050672492735,2.4636042988930464,1.0976666357694476,false,
BOS_RETAINED,CONTROL,USD/JPY,USDJPY_2022-08-01,30min,demand,bullish_IPO_demand,2022-09-21T10:00:00Z,143.88499,143.955,143.855,143.875,143.955,143.905,143.905,143.855,2022-09-21T14:00:00Z,2022-09-21T14:00:00Z,143.905,143.855,144.00500000000002,0.05000000000001137,false,true,2022-09-21T11:00:00Z,144.155,bullish,2,6,NO,,,,2022-09-21T14:00:00Z,144.00500000000002,TARGET,1.6800000000000728,0.31999999999992723,0.40020000000017714,2.7999599999991913,false,SAME_BAR_ENTRY_AND_EXIT
BOS_RETAINED,CONTROL,USD/JPY,USDJPY_2022-08-01,30min,demand,bullish_IPO_demand,2022-09-20T07:00:00Z,143.455,143.46001,143.375,143.425,143.46001,143.417505,143.417505,143.375,2022-09-21T18:30:00Z,2022-09-21T18:30:00Z,143.417505,143.375,143.50251500000002,0.042505000000005566,false,true,2022-09-21T11:00:00Z,144.155,bullish,56,15,NO,,,,2022-09-21T18:30:00Z,143.50251500000002,TARGET,1.623573697212142,0.376426302787858,0.2942006822727395,25.34984119515017,false,SAME_BAR_ENTRY_AND_EXIT
BOS_REMOVED,CONTROL,USD/JPY,USDJPY_2022-08-01,30min,supply,bearish_IPO_supply,2022-09-21T16:30:00Z,144.30499,144.405,144.285,144.395,144.345,144.285,144.345,144.405,2022-09-21T22:30:00Z,2022-09-21T22:30:00Z,144.345,144.405,144.225,0.060000000000002274,false,false,,,,,,NO,,,,2022-09-21T22:30:00Z,144.225,TARGET,1.7333333333333434,0.26666666666665656,1.6668333333332284,3.0001666666667197,false,SAME_BAR_ENTRY_AND_EXIT
BOS_REMOVED,CONTROL,USD/JPY,USDJPY_2022-08-01,30min,supply,bearish_IPO_supply,2022-09-21T18:00:00Z,144.25,144.705,144.25,144.36501,144.47750000000002,144.25,144.47750000000002,144.705,2022-09-21T23:30:00Z,2022-09-21T23:30:00Z,144.47750000000002,144.705,144.02250000000004,0.22749999999999204,false,false,,,,,,NO,,,,2022-09-22T03:00:00Z,144.845,S2_CLOSE_INVALIDATION,-1.6857142857142497,0.07032967032967279,3.747252747252843,1.4175824175825522,false,
BOS_RETAINED,CONTROL,USD/JPY,USDJPY_2022-08-01,30min,demand,bullish_IPO_demand,2022-09-14T13:00:00Z,143.035004,143.065002,142.605,142.855,143.065002,142.83500099999998,142.83500099999998,142.605,2022-09-22T08:00:00Z,2022-09-22T08:00:00Z,142.83500099999998,142.605,143.29500299999995,0.23000099999998724,false,true,2022-09-21T18:00:00Z,144.36501,bullish,250,28,NO,,,,2022-09-22T08:00:00Z,143.29500299999995,TARGET,1.9304350850648437,0.06956491493515632,1.5217368620135685,13.086895274369192,false,SAME_BAR_ENTRY_AND_EXIT
BOS_RETAINED,CONTROL,USD/JPY,USDJPY_2022-08-01,30min,demand,bullish_IPO_demand,2022-09-13T11:00:00Z,142.074997,142.085007,141.895,141.955,142.085007,141.9900035,141.9900035,141.895,2022-09-22T08:30:00Z,2022-09-22T08:30:00Z,141.9900035,141.895,142.18001049999998,0.09500349999999003,false,true,2022-09-21T18:00:00Z,144.36501,bullish,302,29,NO,,,,2022-09-22T08:30:00Z,142.18001049999998,TARGET,1.8315851521259567,0.16841484787404337,13.315230491509634,10.368107490777716,false,SAME_BAR_ENTRY_AND_EXIT
BOS_REMOVED,CONTROL,USD/JPY,USDJPY_2022-08-01,30min,supply,bearish_IPO_supply,2022-09-23T00:00:00Z,142.265,142.435,142.175,142.345,142.305,142.175,142.305,142.435,2022-09-23T06:30:00Z,2022-09-23T06:30:00Z,142.305,142.435,142.04500000000002,0.12999999999999545,false,false,,,,,,NO,,,,2022-09-23T08:30:00Z,142.875,S2_CLOSE_INVALIDATION,-4.5076923076924125,0.12307692307692739,4.384615384615485,1.6153769230770603,false,
BOS_REMOVED,CONTROL,USD/JPY,USDJPY_2022-08-01,30min,demand,bullish_IPO_demand,2022-09-26T01:30:00Z,143.86501,143.895,143.71001,143.77499,143.895,143.802505,143.802505,143.71001,2022-09-26T05:30:00Z,2022-09-26T05:30:00Z,143.802505,143.71001,143.98749499999997,0.09249499999998534,false,false,,,,,,NO,,,,2022-09-26T05:30:00Z,143.98749499999997,TARGET,1.827017676631142,0.17298232336885816,2.4596464673770897,4.783988323694018,false,SAME_BAR_ENTRY_AND_EXIT
BOS_REMOVED,CONTROL,USD/JPY,USDJPY_2022-08-01,30min,demand,bullish_IPO_demand,2022-09-26T01:30:00Z,143.86501,143.895,143.71001,143.77499,143.895,143.802505,143.802505,143.71001,2022-09-26T06:30:00Z,2022-09-26T06:30:00Z,143.802505,143.71001,143.98749499999997,0.09249499999998534,false,false,,,,,,NO,,,,2022-09-26T06:30:00Z,143.98749499999997,TARGET,1.827017676631142,0.17298232336885816,0.18925347316074012,2.405416509000824,false,SAME_BAR_ENTRY_AND_EXIT
BOS_REMOVED,CONTROL,USD/JPY,USDJPY_2022-08-01,30min,demand,bullish_IPO_demand,2022-09-26T05:30:00Z,144.235,144.245,143.575,143.83501,144.245,143.91,143.91,143.575,2022-09-26T12:30:00Z,2022-09-26T12:30:00Z,143.91,143.575,144.58,0.33500000000000796,false,false,,,,,,NO,,,,2022-09-26T16:00:00Z,144.58,TARGET,1.9522388059701503,0.047761194029849616,0.3432835820895712,2.1940298507462574,false,
BOS_REMOVED,CONTROL,USD/JPY,USDJPY_2022-08-01,30min,demand,bullish_IPO_demand,2022-09-26T16:30:00Z,144.575,144.625,144.47501,144.545,144.625,144.550005,144.550005,144.47501,2022-09-26T18:30:00Z,2022-09-26T18:30:00Z,144.550005,144.47501,144.699995,0.07499500000000126,false,false,,,,,,NO,,,,2022-09-26T18:30:00Z,144.699995,TARGET,1.7866524434962368,0.21334755650376336,0.2000800053337143,3.133475565037588,false,SAME_BAR_ENTRY_AND_EXIT
BOS_REMOVED,CONTROL,USD/JPY,USDJPY_2022-08-01,30min,demand,bullish_IPO_demand,2022-09-26T16:30:00Z,144.575,144.625,144.47501,144.545,144.625,144.550005,144.550005,144.47501,2022-09-26T19:30:00Z,2022-09-26T19:30:00Z,144.550005,144.47501,144.699995,0.07499500000000126,false,false,,,,,,NO,,,,2022-09-26T20:30:00Z,144.699995,TARGET,1.7866524434962368,0.21334755650376336,0.4667644509635549,2.600106673778286,false,
BOS_RETAINED,CONTROL,USD/JPY,USDJPY_2022-08-01,30min,demand,bullish_IPO_demand,2022-09-26T16:30:00Z,144.575,144.625,144.47501,144.545,144.625,144.550005,144.550005,144.47501,2022-09-26T23:00:00Z,2022-09-26T23:00:00Z,144.550005,144.47501,144.699995,0.07499500000000126,false,true,2022-09-26T18:30:00Z,144.62,bullish,4,9,NO,,,,2022-09-26T23:30:00Z,144.465,S2_CLOSE_INVALIDATION,-1.3468231215413513,0.21334755650376336,1.3334888992600633,1.1332088805918736,false,
BOS_RETAINED,CONTROL,USD/JPY,USDJPY_2022-08-01,30min,demand,bullish_IPO_demand,2022-09-26T15:00:00Z,144.36501,144.395,144.215,144.345,144.395,144.305,144.305,144.215,2022-09-27T00:00:00Z,2022-09-27T00:00:00Z,144.305,144.215,144.485,0.09000000000000341,false,true,2022-09-26T18:30:00Z,144.62,bullish,7,11,NO,,,,2022-09-27T00:00:00Z,144.485,TARGET,1.822222222222229,0.17777777777777104,0.2222222222223275,2,false,SAME_BAR_ENTRY_AND_EXIT
BOS_RETAINED,CONTROL,USD/JPY,USDJPY_2022-08-01,30min,demand,bullish_IPO_demand,2022-09-26T15:00:00Z,144.36501,144.395,144.215,144.345,144.395,144.305,144.305,144.215,2022-09-27T06:30:00Z,2022-09-27T06:30:00Z,144.305,144.215,144.485,0.09000000000000341,false,true,2022-09-26T18:30:00Z,144.62,bullish,7,24,NO,,,,2022-09-27T07:00:00Z,144.145,S2_CLOSE_INVALIDATION,-1.9555555555554434,0.17777777777777104,2.55558888888891,0.555555555555345,false,
BOS_RETAINED,CONTROL,USD/JPY,USDJPY_2022-08-01,30min,demand,bullish_IPO_demand,2022-09-27T08:00:00Z,144.285,144.36501,144.235,144.245,144.36501,144.300005,144.300005,144.235,2022-09-28T14:30:00Z,2022-09-28T14:30:00Z,144.300005,144.235,144.43001499999997,0.0650049999999851,false,true,2022-09-27T17:30:00Z,144.875,bullish,19,42,NO,,,,2022-09-28T14:30:00Z,144.43001499999997,TARGET,1.7538650873009205,0.24613491269907956,0.0769940773788539,4.538035535729063,false,SAME_BAR_ENTRY_AND_EXIT
BOS_RETAINED,CONTROL,USD/JPY,USDJPY_2022-08-01,30min,supply,bearish_IPO_supply,2022-09-28T16:00:00Z,144.155,144.325,144.044998,144.315,144.184999,144.044998,144.184999,144.325,2022-09-28T20:00:00Z,2022-09-28T20:00:00Z,144.184999,144.325,143.90499700000004,0.14000099999998383,false,true,2022-09-28T17:00:00Z,144.054993,bearish,2,6,NO,,,,2022-09-28T23:00:00Z,144.375,S2_CLOSE_INVALIDATION,-1.4714252041058207,0.11428489796502773,1.7142806122815857,0.8571153063194261,false,
BOS_RETAINED,CONTROL,USD/JPY,USDJPY_2022-08-01,30min,supply,bearish_IPO_supply,2022-09-28T14:30:00Z,144.345,144.595,144.295,144.575,144.445,144.295,144.445,144.595,2022-09-29T00:00:00Z,2022-09-29T00:00:00Z,144.445,144.595,144.14499999999998,0.15000000000000568,false,true,2022-09-28T17:00:00Z,144.054993,bearish,5,14,NO,,,,2022-09-29T05:30:00Z,144.69501,S2_CLOSE_INVALIDATION,-1.7733999999999541,0.10666666666666262,1.6667333333332914,1.5999999999998105,false,
BOS_RETAINED,CONTROL,USD/JPY,USDJPY_2022-08-01,30min,demand,bullish_IPO_demand,2022-09-29T05:00:00Z,144.495,144.515,144.45,144.465,144.515,144.4825,144.4825,144.45,2022-09-29T15:00:00Z,2022-09-29T15:00:00Z,144.4825,144.45,144.54749999999999,0.03249999999999886,false,true,2022-09-29T12:30:00Z,144.72501,bullish,15,5,NO,,,,2022-09-29T15:00:00Z,144.54749999999999,TARGET,1.5076923076922903,0.49230769230770954,1.1535384615382294,4.692000000000172,false,SAME_BAR_ENTRY_AND_EXIT
BOS_RETAINED,CONTROL,USD/JPY,USDJPY_2022-08-01,30min,demand,bullish_IPO_demand,2022-09-29T03:30:00Z,144.425,144.425,144.33501,144.41499,144.425,144.380005,144.380005,144.33501,2022-09-29T18:30:00Z,2022-09-29T18:30:00Z,144.380005,144.33501,144.469995,0.04499500000000012,false,true,2022-09-29T12:30:00Z,144.72501,bullish,18,12,NO,,,,2022-09-29T18:30:00Z,144.469995,TARGET,1.6444049338815434,0.3555950661184567,0.7779753305925613,2.333481497944263,false,SAME_BAR_ENTRY_AND_EXIT
BOS_RETAINED,CONTROL,USD/JPY,USDJPY_2022-08-01,30min,demand,bullish_IPO_demand,2022-09-29T03:30:00Z,144.425,144.425,144.33501,144.41499,144.425,144.380005,144.380005,144.33501,2022-09-29T19:30:00Z,2022-09-29T19:30:00Z,144.380005,144.33501,144.469995,0.04499500000000012,false,true,2022-09-29T12:30:00Z,144.72501,bullish,18,14,NO,,,,2022-09-29T20:00:00Z,144.469995,TARGET,1.6444049338815434,0.3555950661184567,1.2224691632408595,3.000222246915763,false,
BOS_RETAINED,CONTROL,USD/JPY,USDJPY_2022-08-01,30min,demand,bullish_IPO_demand,2022-09-29T03:30:00Z,144.425,144.425,144.33501,144.41499,144.425,144.380005,144.380005,144.33501,2022-09-29T22:00:00Z,2022-09-29T22:00:00Z,144.380005,144.33501,144.469995,0.04499500000000012,false,true,2022-09-29T12:30:00Z,144.72501,bullish,18,19,NO,,,,2022-09-29T22:00:00Z,144.469995,TARGET,1.6444049338815434,0.3555950661184567,1.4447160795646927,2.0001111234578817,false,SAME_BAR_ENTRY_AND_EXIT
BOS_RETAINED,CONTROL,USD/JPY,USDJPY_2022-08-01,30min,demand,bullish_IPO_demand,2022-09-29T03:30:00Z,144.425,144.425,144.33501,144.41499,144.425,144.380005,144.380005,144.33501,2022-09-30T07:00:00Z,2022-09-30T07:00:00Z,144.380005,144.33501,144.469995,0.04499500000000012,false,true,2022-09-29T12:30:00Z,144.72501,bullish,18,37,NO,,,,2022-09-30T07:30:00Z,144.315,S2_CLOSE_INVALIDATION,-1.8003111456831493,0.3555950661184567,2.5559506611851224,1.6667407489721315,false,
BOS_REMOVED,CONTROL,USD/JPY,USDJPY_2022-08-01,30min,supply,bearish_IPO_supply,2022-09-30T06:00:00Z,144.495,144.535,144.44501,144.5,144.490005,144.44501,144.490005,144.535,2022-09-30T10:30:00Z,2022-09-30T10:30:00Z,144.490005,144.535,144.400015,0.04499500000000012,false,false,,,,,,NO,,,,2022-09-30T11:00:00Z,144.575,S2_CLOSE_INVALIDATION,-2.2445827314144213,0.3555950661184567,2.5557284142680965,1.2224691632402278,false,
BOS_REMOVED,CONTROL,USD/JPY,USDJPY_2022-08-01,30min,supply,bearish_IPO_supply,2022-09-30T03:30:00Z,144.72501,144.755,144.69501,144.745,144.725005,144.69501,144.725005,144.755,2022-09-30T12:30:00Z,2022-09-30T12:30:00Z,144.725005,144.755,144.66501500000004,0.02999499999998534,false,false,,,,,,NO,,,,2022-09-30T12:30:00Z,144.66501500000004,TARGET,1.4665777629602328,0.5334222370397673,0.16652775462517405,9.334722453747311,false,SAME_BAR_ENTRY_AND_EXIT
BOS_REMOVED,CONTROL,USD/JPY,USDJPY_2022-08-01,30min,supply,bearish_IPO_supply,2022-09-30T02:00:00Z,144.675,144.765,144.655,144.705,144.70999999999998,144.655,144.70999999999998,144.765,2022-09-30T15:30:00Z,2022-09-30T15:30:00Z,144.70999999999998,144.765,144.59999999999997,0.05500000000000682,false,false,,,,,,NO,,,,2022-09-30T18:30:00Z,144.785,S2_CLOSE_INVALIDATION,-1.6545454545455593,0.2909090909090548,1.3636363636365045,1.3638181818178636,false,
BOS_RETAINED,CONTROL,USD/JPY,USDJPY_2022-08-01,30min,supply,bearish_IPO_supply,2022-09-27T23:00:00Z,144.8,144.86501,144.78999,144.845,144.8275,144.78999,144.8275,144.86501,2022-10-02T23:00:00Z,2022-10-02T23:00:00Z,144.8275,144.86501,144.75247999999993,0.03751000000002591,false,true,2022-09-28T17:00:00Z,144.054993,bearish,36,109,NO,,,,2022-10-02T23:00:00Z,144.75247999999993,TARGET,1.5734470807787537,0.4265529192212463,1.532657957876877,2.066115702477548,false,SAME_BAR_ENTRY_AND_EXIT
BOS_RETAINED,CONTROL,USD/JPY,USDJPY_2022-08-01,30min,supply,bearish_IPO_supply,2022-09-27T19:00:00Z,144.765,144.895,144.755,144.855,144.825,144.755,144.825,144.895,2022-10-02T23:30:00Z,2022-10-02T23:30:00Z,144.825,144.895,144.68499999999995,0.0700000000000216,false,true,2022-09-28T17:00:00Z,144.054993,bearish,44,110,NO,,,,2022-10-03T00:00:00Z,144.68499999999995,TARGET,1.771428571428642,0.22857142857135804,0.8569999999997227,3.35714285714161,false,
BOS_RETAINED,CONTROL,USD/JPY,USDJPY_2022-08-01,30min,supply,bearish_IPO_supply,2022-09-27T19:00:00Z,144.765,144.895,144.755,144.855,144.825,144.755,144.825,144.895,2022-10-03T00:30:00Z,2022-10-03T00:30:00Z,144.825,144.895,144.68499999999995,0.0700000000000216,false,true,2022-09-28T17:00:00Z,144.054993,bearish,44,112,NO,,,,2022-10-03T00:30:00Z,144.68499999999995,TARGET,1.771428571428642,0.22857142857135804,0.2857142857143437,2.357142857142016,false,SAME_BAR_ENTRY_AND_EXIT
BOS_RETAINED,CONTROL,USD/JPY,USDJPY_2022-08-01,30min,supply,bearish_IPO_supply,2022-09-27T23:00:00Z,144.8,144.86501,144.78999,144.845,144.8275,144.78999,144.8275,144.86501,2022-10-03T01:00:00Z,2022-10-03T01:00:00Z,144.8275,144.86501,144.75247999999993,0.03751000000002591,false,true,2022-09-28T17:00:00Z,144.054993,bearish,36,113,NO,,,,2022-10-03T01:00:00Z,144.75247999999993,TARGET,1.5734470807787537,0.4265529192212463,0.46654225539857147,2.3324446814159865,false,SAME_BAR_ENTRY_AND_EXIT
BOS_RETAINED,CONTROL,USD/JPY,USDJPY_2022-08-01,30min,supply,bearish_IPO_supply,2022-09-27T19:00:00Z,144.765,144.895,144.755,144.855,144.825,144.755,144.825,144.895,2022-10-03T03:30:00Z,2022-10-03T03:30:00Z,144.825,144.895,144.68499999999995,0.0700000000000216,false,true,2022-09-28T17:00:00Z,144.054993,bearish,44,118,NO,,,,2022-10-03T04:00:00Z,144.935,S2_CLOSE_INVALIDATION,-1.7999999999996394,0.22857142857135804,5.214285714284236,1.7857142857137347,false,
BOS_RETAINED,CONTROL,USD/JPY,USDJPY_2022-08-01,30min,demand,bullish_IPO_demand,2022-10-03T02:00:00Z,144.765,144.77499,144.745,144.755,144.77499,144.759995,144.759995,144.745,2022-10-03T13:00:00Z,2022-10-03T13:00:00Z,144.759995,144.745,144.789985,0.014994999999998981,false,true,2022-10-03T09:30:00Z,145.145,bullish,15,7,NO,,,,2022-10-03T13:00:00Z,144.789985,TARGET,0.9329776592196675,1.0670223407803325,0.3331110370128987,12.338446148716598,false,SAME_BAR_ENTRY_AND_EXIT
BOS_REMOVED,CONTROL,USD/JPY,USDJPY_2022-08-01,30min,supply,bearish_IPO_supply,2022-10-03T13:30:00Z,144.855,144.97,144.855,144.91499,144.9125,144.855,144.9125,144.97,2022-10-04T02:00:00Z,2022-10-04T02:00:00Z,144.9125,144.97,144.79749999999999,0.05750000000000455,false,false,,,,,,NO,,,,2022-10-04T02:30:00Z,144.79749999999999,TARGET,1.7217391304348046,0.2782608695651954,0.043304347825988784,2.0434782608695223,false,
BOS_REMOVED,CONTROL,USD/JPY,USDJPY_2022-08-01,30min,supply,bearish_IPO_supply,2022-10-03T12:30:00Z,144.925,144.94501,144.785,144.935,144.865005,144.785,144.865005,144.94501,2022-10-04T03:30:00Z,2022-10-04T03:30:00Z,144.865005,144.94501,144.704995,0.08000499999999988,false,false,,,,,,NO,,,,2022-10-04T03:30:00Z,144.704995,TARGET,1.8000124992187985,0.19998750078120148,0.24979688769441022,2.3749140678705754,false,SAME_BAR_ENTRY_AND_EXIT
BOS_REMOVED,CONTROL,USD/JPY,USDJPY_2022-08-01,30min,supply,bearish_IPO_supply,2022-10-03T12:30:00Z,144.925,144.94501,144.785,144.935,144.865005,144.785,144.865005,144.94501,2022-10-04T05:30:00Z,2022-10-04T05:30:00Z,144.865005,144.94501,144.704995,0.08000499999999988,false,false,,,,,,NO,,,,2022-10-04T06:30:00Z,144.704995,TARGET,1.8000124992187985,0.19998750078120148,0.1249296918943009,2.9998750078119722,false,
BOS_REMOVED,CONTROL,USD/JPY,USDJPY_2022-08-01,30min,supply,bearish_IPO_supply,2022-10-03T12:30:00Z,144.925,144.94501,144.785,144.935,144.865005,144.785,144.865005,144.94501,2022-10-04T12:00:00Z,2022-10-04T12:00:00Z,144.865005,144.94501,144.704995,0.08000499999999988,false,false,,,,,,NO,,,,2022-10-04T12:30:00Z,144.704995,TARGET,1.8000124992187985,0.19998750078120148,0.8748828198238349,2.5000312480470956,false,
BOS_RETAINED,CONTROL,USD/JPY,USDJPY_2022-08-01,30min,demand,bullish_IPO_demand,2022-09-26T05:30:00Z,144.235,144.245,143.575,143.83501,144.245,143.91,143.91,143.575,2022-10-04T19:00:00Z,2022-10-04T19:00:00Z,143.91,143.575,144.58,0.33500000000000796,false,true,2022-10-03T09:30:00Z,145.145,bullish,249,67,NO,,,,2022-10-05T13:00:00Z,144.58,TARGET,1.9522388059701503,0.047761194029849616,1.1194029850746003,2.074626865671572,false,
BOS_RETAINED,CONTROL,USD/JPY,USDJPY_2022-08-01,30min,supply,bearish_IPO_supply,2022-10-03T12:30:00Z,144.925,144.94501,144.785,144.935,144.865005,144.785,144.865005,144.94501,2022-10-06T14:00:00Z,2022-10-06T14:00:00Z,144.865005,144.94501,144.704995,0.08000499999999988,false,true,2022-10-05T00:00:00Z,143.795,bearish,71,76,NO,,,,2022-10-06T15:30:00Z,144.955,S2_CLOSE_INVALIDATION,-1.324854696581666,0.19998750078120148,1.2498593837886018,1.3749765639647669,false,
BOS_RETAINED,CONTROL,USD/JPY,USDJPY_2022-08-01,30min,supply,bearish_IPO_supply,2022-10-03T09:30:00Z,145.074997,145.205,145.074997,145.145,145.1399985,145.074997,145.1399985,145.205,2022-10-06T20:30:00Z,2022-10-06T20:30:00Z,145.1399985,145.205,145.00999549999995,0.06500150000002236,false,true,2022-10-05T00:00:00Z,143.795,bearish,77,89,NO,,,,2022-10-06T22:00:00Z,145.00999549999995,TARGET,1.7538518341885265,0.24614816581147353,0.07694437820693932,2.3074621354880467,false,
BOS_RETAINED,CONTROL,USD/JPY,USDJPY_2022-08-01,30min,demand,bullish_IPO_demand,2022-10-06T16:30:00Z,145.0050049,145.054993,144.935,144.94501,145.054993,144.9949965,144.9949965,144.935,2022-10-06T23:00:00Z,2022-10-06T23:00:00Z,144.9949965,144.935,145.11498950000004,0.05999650000001111,false,true,2022-10-06T20:30:00Z,145.13499,bullish,8,5,NO,,,,2022-10-07T07:30:00Z,144.91499,S2_CLOSE_INVALIDATION,-1.600201678431354,0.2666822231296332,2.5000875051042435,1.9168368154805524,false,
BOS_RETAINED,CONTROL,USD/JPY,USDJPY_2022-08-01,30min,supply,bearish_IPO_supply,2022-10-03T09:30:00Z,145.074997,145.205,145.074997,145.145,145.1399985,145.074997,145.1399985,145.205,2022-10-07T12:30:00Z,2022-10-07T12:30:00Z,145.1399985,145.205,145.00999549999995,0.06500150000002236,false,true,2022-10-05T00:00:00Z,143.795,bearish,77,121,NO,,,,2022-10-07T12:30:00Z,145.00999549999995,TARGET,1.7538518341885265,0.24614816581147353,3.1537964508501832,3.692353253385,false,SAME_BAR_ENTRY_AND_EXIT
BOS_RETAINED,CONTROL,USD/JPY,USDJPY_2022-08-01,30min,supply,bearish_IPO_supply,2022-10-03T09:30:00Z,145.074997,145.205,145.074997,145.145,145.1399985,145.074997,145.1399985,145.205,2022-10-07T13:30:00Z,2022-10-07T13:30:00Z,145.1399985,145.205,145.00999549999995,0.06500150000002236,false,true,2022-10-05T00:00:00Z,143.795,bearish,77,123,NO,,,,2022-10-07T16:00:00Z,145.22501,S2_CLOSE_INVALIDATION,-1.5539872156792165,0.24614816581147353,1.7692130181605923,1.7692591709415655,false,
BOS_REMOVED,CONTROL,USD/JPY,USDJPY_2022-08-01,30min,demand,bullish_IPO_demand,2022-10-10T01:30:00Z,145.485,145.505,145.33501,145.355,145.505,145.420005,145.420005,145.33501,2022-10-10T04:00:00Z,2022-10-10T04:00:00Z,145.420005,145.33501,145.589995,0.08499499999999216,false,false,,,,,,NO,,,,2022-10-10T07:00:00Z,145.30499,S2_CLOSE_INVALIDATION,-1.5414436143303927,0.1882463674333958,2.059003470792575,0.7646920407084693,false,
BOS_RETAINED,CONTROL,USD/JPY,USDJPY_2022-08-01,30min,supply,bearish_IPO_supply,2022-09-22T07:30:00Z,145.77499,145.905,145.605,145.77499,145.755,145.605,145.755,145.905,2022-10-10T14:30:00Z,2022-10-10T14:30:00Z,145.755,145.905,145.45499999999998,0.15000000000000568,false,true,2022-10-05T00:00:00Z,143.795,bearish,418,171,NO,,,,2022-10-11T16:30:00Z,145.45499999999998,TARGET,1.8933333333333373,0.10666666666666262,0.8,2.1999999999998106,false,
BOS_RETAINED,CONTROL,USD/JPY,USDJPY_2022-08-01,30min,supply,bearish_IPO_supply,2022-09-22T07:30:00Z,145.77499,145.905,145.605,145.77499,145.755,145.605,145.755,145.905,2022-10-11T22:00:00Z,2022-10-11T22:00:00Z,145.755,145.905,145.45499999999998,0.15000000000000568,false,true,2022-10-05T00:00:00Z,143.795,bearish,418,234,NO,,,,2022-10-12T00:00:00Z,146.054993,S2_CLOSE_INVALIDATION,-2.1066199999999244,0.10666666666666262,3.0666666666666034,0.13333333333320702,false,
BOS_REMOVED,CONTROL,USD/JPY,USDJPY_2022-08-01,30min,demand,bullish_IPO_demand,2022-10-16T21:30:00Z,148.62,148.62,148.44501,148.465,148.62,148.53250500000001,148.53250500000001,148.44501,2022-10-16T23:00:00Z,2022-10-16T23:00:00Z,148.53250500000001,148.44501,148.70749500000005,0.08749500000001831,false,false,,,,,,NO,,,,2022-10-17T04:00:00Z,148.70749500000005,TARGET,1.817132407566185,0.1828675924338151,1.0572604148808227,2.6572375564309167,false,
BOS_RETAINED,CONTROL,USD/JPY,USDJPY_2022-08-01,30min,demand,bullish_IPO_demand,2022-10-17T14:30:00Z,148.755,148.77499,148.69501,148.72501,148.77499,148.735,148.735,148.69501,2022-10-18T01:30:00Z,2022-10-18T01:30:00Z,148.735,148.69501,148.81498000000005,0.03999000000001729,false,true,2022-10-17T19:30:00Z,149.085007,bullish,10,12,NO,,,,2022-10-18T01:30:00Z,148.81498000000005,TARGET,1.5998999749939213,0.4001000250060786,0.37509377344356826,2.8759689922464147,false,SAME_BAR_ENTRY_AND_EXIT
BOS_REMOVED,CONTROL,USD/JPY,USDJPY_2022-08-01,30min,demand,bullish_IPO_demand,2022-10-18T01:00:00Z,148.77499,148.88499,148.685,148.735,148.88499,148.78499499999998,148.78499499999998,148.685,2022-10-18T05:00:00Z,2022-10-18T05:00:00Z,148.78499499999998,148.685,148.98498499999994,0.09999499999997852,false,false,,,,,,NO,,,,2022-10-18T07:00:00Z,148.98498499999994,TARGET,1.8399919995999456,0.1600080004000544,0.19995999799988728,2.8002100105012455,false,
BOS_REMOVED,CONTROL,USD/JPY,USDJPY_2022-08-01,30min,demand,bullish_IPO_demand,2022-10-18T09:00:00Z,149.27499,149.295,148.69,148.935,149.295,148.9925,148.9925,148.69,2022-10-18T13:30:00Z,2022-10-18T13:30:00Z,148.9925,148.69,149.59750000000003,0.3025000000000091,false,false,,,,,,NO,,,,2022-10-19T10:30:00Z,149.59750000000003,TARGET,1.9471074380165305,0.052892561983469484,0.12396694214873781,2.057884297520617,false,
BOS_RETAINED,CONTROL,USD/JPY,USDJPY_2022-08-01,30min,demand,bullish_IPO_demand,2022-10-19T14:00:00Z,149.765,149.765,149.645,149.655,149.765,149.70499999999998,149.70499999999998,149.645,2022-10-20T10:30:00Z,2022-10-20T10:30:00Z,149.70499999999998,149.645,149.82499999999993,0.05999999999997385,false,true,2022-10-20T01:00:00Z,149.92999,bullish,22,19,NO,,,,2022-10-20T10:30:00Z,149.82499999999993,TARGET,1.733333333333217,0.2666666666667829,0.1664999999998681,2.833333333334833,false,SAME_BAR_ENTRY_AND_EXIT
BOS_RETAINED,CONTROL,USD/JPY,USDJPY_2022-08-01,30min,demand,bullish_IPO_demand,2022-10-19T14:00:00Z,149.765,149.765,149.645,149.655,149.765,149.70499999999998,149.70499999999998,149.645,2022-10-20T12:30:00Z,2022-10-20T12:30:00Z,149.70499999999998,149.645,149.82499999999993,0.05999999999997385,false,true,2022-10-20T01:00:00Z,149.92999,bullish,22,23,NO,,,,2022-10-20T12:30:00Z,149.82499999999993,TARGET,1.733333333333217,0.2666666666667829,0.1664999999998681,3.4998333333349385,false,SAME_BAR_ENTRY_AND_EXIT
BOS_RETAINED,CONTROL,USD/JPY,USDJPY_2022-08-01,30min,demand,bullish_IPO_demand,2022-10-19T14:00:00Z,149.765,149.765,149.645,149.655,149.765,149.70499999999998,149.70499999999998,149.645,2022-10-20T14:00:00Z,2022-10-20T14:00:00Z,149.70499999999998,149.645,149.82499999999993,0.05999999999997385,false,true,2022-10-20T01:00:00Z,149.92999,bullish,22,26,NO,,,,2022-10-20T14:00:00Z,149.82499999999993,TARGET,1.733333333333217,0.2666666666667829,0.1664999999998681,3.1666666666684824,false,SAME_BAR_ENTRY_AND_EXIT
BOS_RETAINED,CONTROL,USD/JPY,USDJPY_2022-08-01,30min,demand,bullish_IPO_demand,2022-10-18T09:00:00Z,149.27499,149.295,148.69,148.935,149.295,148.9925,148.9925,148.69,2022-10-21T14:30:00Z,2022-10-21T14:30:00Z,148.9925,148.69,149.59750000000003,0.3025000000000091,false,true,2022-10-21T12:30:00Z,151.465,bullish,151,4,NO,,,,2022-10-21T14:30:00Z,149.59750000000003,TARGET,1.9471074380165305,0.052892561983469484,0.09090909090909945,8.73550413223108,false,SAME_BAR_ENTRY_AND_EXIT
BOS_REMOVED,CONTROL,USD/JPY,USDJPY_2022-08-01,30min,demand,bullish_IPO_demand,2022-10-24T11:30:00Z,149.355,149.38499,148.38499,149.0050049,149.38499,148.88499,148.88499,148.38499,2022-10-24T17:30:00Z,2022-10-24T17:30:00Z,148.88499,148.38499,149.88499,0.5,false,false,,,,,,NO,,,,2022-10-25T13:00:00Z,148.155,S2_CLOSE_INVALIDATION,-1.4919799999999732,0.032,1.5299799999999664,0.4300400000000195,false,
BOS_REMOVED,CONTROL,USD/JPY,USDJPY_2022-08-01,30min,demand,bullish_IPO_demand,2022-10-23T23:30:00Z,149.55,149.67999,145.645,147.63,149.67999,147.662495,147.662495,145.645,2022-10-25T14:00:00Z,2022-10-25T14:00:00Z,147.662495,145.645,151.697485,2.0174949999999967,false,false,,,,,,NO,,,,2022-10-27T05:00:00Z,145.36501,S2_CLOSE_INVALIDATION,-1.1467116399297141,0.007930626841702223,1.1784391039383069,0.3705114510816586,false,
BOS_RETAINED,CONTROL,USD/JPY,USDJPY_2022-08-01,30min,demand,bullish_IPO_demand,2022-10-07T14:30:00Z,145.185,145.235,145.095001,145.145,145.235,145.16500050000002,145.16500050000002,145.095001,2022-10-27T05:30:00Z,2022-10-27T05:30:00Z,145.16500050000002,145.095001,145.30499950000006,0.06999950000002286,false,true,2022-10-21T12:30:00Z,151.465,bullish,474,177,NO,,,,2022-10-27T05:30:00Z,145.30499950000006,TARGET,1.771426938763923,0.22857306123607704,0.7141551011077308,3.4285887756327336,false,SAME_BAR_ENTRY_AND_EXIT
BOS_RETAINED,CONTROL,USD/JPY,USDJPY_2022-08-01,30min,demand,bullish_IPO_demand,2022-10-07T17:00:00Z,145.27499,145.325,145.235,145.265,145.325,145.28,145.28,145.235,2022-10-27T06:00:00Z,2022-10-27T06:00:00Z,145.28,145.235,145.36999999999998,0.044999999999987494,false,true,2022-10-21T12:30:00Z,151.465,bullish,469,178,NO,,,,2022-10-27T06:00:00Z,145.36999999999998,TARGET,1.6444444444443456,0.3555555555556544,3.0000000000006315,6.555555555557099,false,SAME_BAR_ENTRY_AND_EXIT
BOS_RETAINED,CONTROL,USD/JPY,USDJPY_2022-08-01,30min,supply,bearish_IPO_supply,2022-10-26T21:30:00Z,146.345,146.395,146.325,146.39,146.36,146.325,146.36,146.395,2022-10-27T09:00:00Z,2022-10-27T09:00:00Z,146.36,146.395,146.29000000000002,0.03499999999999659,false,true,2022-10-27T05:30:00Z,145.255,bearish,16,7,NO,,,,2022-10-27T09:00:00Z,146.29000000000002,TARGET,1.5428571428570983,0.4571428571429017,0.7139999999993293,12.428571428572704,false,SAME_BAR_ENTRY_AND_EXIT
BOS_REMOVED,CONTROL,USD/JPY,USDJPY_2022-08-01,30min,demand,bullish_IPO_demand,2022-10-27T10:30:00Z,146.395,146.395,146.255,146.315,146.395,146.325,146.325,146.255,2022-10-27T13:00:00Z,2022-10-27T13:00:00Z,146.325,146.255,146.46499999999997,0.06999999999999318,false,false,,,,,,NO,,,,2022-10-27T13:00:00Z,146.46499999999997,TARGET,1.7714285714285491,0.22857142857145085,4.428585714286142,4.857000000000476,false,SAME_BAR_ENTRY_AND_EXIT
BOS_REMOVED,CONTROL,USD/JPY,USDJPY_2022-08-01,30min,supply,bearish_IPO_supply,2022-10-27T12:00:00Z,146.675,146.935,146.645,146.745,146.79000000000002,146.645,146.79000000000002,146.935,2022-10-28T02:30:00Z,2022-10-28T02:30:00Z,146.79000000000002,146.935,146.50000000000006,0.1449999999999818,false,false,,,,,,NO,,,,2022-10-28T02:30:00Z,146.50000000000006,TARGET,1.8896551724137793,0.11034482758622075,0.3448275862068222,4.931055172414579,false,SAME_BAR_ENTRY_AND_EXIT
BOS_RETAINED,CONTROL,USD/JPY,USDJPY_2022-08-01,30min,supply,bearish_IPO_supply,2022-10-26T03:30:00Z,148.215,148.28999,148.175,148.235,148.232495,148.175,148.232495,148.28999,2022-10-31T00:30:00Z,2022-10-31T00:30:00Z,148.232495,148.28999,148.11750500000002,0.05749499999998875,false,true,2022-10-27T05:30:00Z,145.255,bearish,52,84,NO,,,,2022-10-31T00:30:00Z,148.11750500000002,TARGET,1.7217149317331397,0.2782850682668603,0.7391077485000558,3.7828680754857604,false,SAME_BAR_ENTRY_AND_EXIT
BOS_RETAINED,CONTROL,USD/JPY,USDJPY_2022-08-01,30min,supply,bearish_IPO_supply,2022-10-25T22:00:00Z,148.085007,148.37,148.024994,148.14999,148.197497,148.024994,148.197497,148.37,2022-10-31T01:00:00Z,2022-10-31T01:00:00Z,148.197497,148.37,147.852491,0.17250300000000607,false,true,2022-10-27T05:30:00Z,145.255,bearish,63,85,NO,,,,2022-10-31T04:00:00Z,147.852491,TARGET,1.907247989890034,0.09275201010996584,0.3913149336532437,2.2173353506894795,false,
BOS_RETAINED,CONTROL,USD/JPY,USDJPY_2022-08-01,30min,supply,bearish_IPO_supply,2022-10-25T22:00:00Z,148.085007,148.37,148.024994,148.14999,148.197497,148.024994,148.197497,148.37,2022-10-31T08:00:00Z,2022-10-31T08:00:00Z,148.197497,148.37,147.852491,0.17250300000000607,false,true,2022-10-27T05:30:00Z,145.255,bearish,63,99,NO,,,,2022-10-31T09:30:00Z,148.41499,S2_CLOSE_INVALIDATION,-1.3535590685378351,0.09275201010996584,1.4927450537092397,1.2318452432710003,false,
BOS_RETAINED,CONTROL,USD/JPY,USDJPY_2025-01-01,30min,demand,bullish_IPO_demand,2025-02-10T00:00:00Z,151.88,151.89,151.63,151.71001,151.89,151.76,151.76,151.63,2025-02-10T14:30:00Z,2025-02-10T14:30:00Z,151.76,151.63,152.01999999999998,0.12999999999999545,false,true,2025-02-10T08:30:00Z,152.39,bullish,17,12,NO,,,,2025-02-10T15:30:00Z,151.61,S2_CLOSE_INVALIDATION,-1.2769230769229467,0.12307692307692739,1.4614615384615477,0.2306923076923001,false,
BOS_REMOVED,CONTROL,USD/JPY,USDJPY_2025-01-01,30min,supply,bearish_IPO_supply,2025-02-11T01:30:00Z,152.0099945,152.020004,151.92999,152.020004,151.974997,151.92999,151.974997,152.020004,2025-02-11T06:30:00Z,2025-02-11T06:30:00Z,151.974997,152.020004,151.884983,0.04500699999999824,false,false,,,,,,NO,,,,2025-02-11T07:00:00Z,151.884983,TARGET,1.6444997444841776,0.35550025551582254,0.55553580554134,2.332903770524617,false,
BOS_REMOVED,CONTROL,USD/JPY,USDJPY_2025-01-01,30min,supply,bearish_IPO_supply,2025-02-11T01:30:00Z,152.0099945,152.020004,151.92999,152.020004,151.974997,151.92999,151.974997,152.020004,2025-02-11T07:30:00Z,2025-02-11T07:30:00Z,151.974997,152.020004,151.884983,0.04500699999999824,false,false,,,,,,NO,,,,2025-02-11T08:00:00Z,151.884983,TARGET,1.6444997444841776,0.35550025551582254,2.555135867754263,4.110627235763776,false,
BOS_REMOVED,CONTROL,USD/JPY,USDJPY_2025-01-01,30min,supply,bearish_IPO_supply,2025-02-11T01:30:00Z,152.0099945,152.020004,151.92999,152.020004,151.974997,151.92999,151.974997,152.020004,2025-02-11T09:00:00Z,2025-02-11T09:00:00Z,151.974997,152.020004,151.884983,0.04500699999999824,false,false,,,,,,NO,,,,2025-02-11T09:00:00Z,151.884983,TARGET,1.6444997444841776,0.35550025551582254,0.55553580554134,3.2216544093139965,false,SAME_BAR_ENTRY_AND_EXIT
BOS_REMOVED,CONTROL,USD/JPY,USDJPY_2025-01-01,30min,demand,bullish_IPO_demand,2025-02-11T12:00:00Z,152.35001,152.35001,152.22,152.32001,152.35001,152.285005,152.285005,152.22,2025-02-11T16:00:00Z,2025-02-11T16:00:00Z,152.285005,152.22,152.41501500000004,0.06500500000001352,false,false,,,,,,NO,,,,2025-02-11T16:00:00Z,152.41501500000004,TARGET,1.753865087301028,0.24613491269897195,0.5384970386894101,3.9225444196588484,false,SAME_BAR_ENTRY_AND_EXIT
BOS_REMOVED,CONTROL,USD/JPY,USDJPY_2025-01-01,30min,demand,bullish_IPO_demand,2025-02-12T23:30:00Z,154.42,154.47,154.19,154.24001,154.47,154.32999999999998,154.32999999999998,154.19,2025-02-13T01:30:00Z,2025-02-13T01:30:00Z,154.32999999999998,154.19,154.60999999999996,0.13999999999998636,false,false,,,,,,NO,,,,2025-02-13T05:30:00Z,154.17,S2_CLOSE_INVALIDATION,-1.2571428571429553,0.11428571428572543,1.3571428571429731,1.1429285714288842,false,
BOS_RETAINED,CONTROL,USD/JPY,USDJPY_2025-01-01,30min,demand,bullish_IPO_demand,2025-02-12T09:30:00Z,153.53,153.58,153.48,153.52,153.58,153.53,153.53,153.48,2025-02-13T13:30:00Z,2025-02-13T13:30:00Z,153.53,153.48,153.63000000000002,0.05000000000001137,false,true,2025-02-12T16:30:00Z,154.63,bullish,14,42,NO,,,,2025-02-13T13:30:00Z,153.63000000000002,TARGET,1.6800000000000728,0.31999999999992723,2.000199999999495,9.800079999997752,false,SAME_BAR_ENTRY_AND_EXIT
BOS_RETAINED,CONTROL,USD/JPY,USDJPY_2025-01-01,30min,demand,bullish_IPO_demand,2025-02-12T09:30:00Z,153.53,153.58,153.48,153.52,153.58,153.53,153.53,153.48,2025-02-13T14:30:00Z,2025-02-13T14:30:00Z,153.53,153.48,153.63000000000002,0.05000000000001137,false,true,2025-02-12T16:30:00Z,154.63,bullish,14,44,NO,,,,2025-02-13T15:00:00Z,153.39,S2_CLOSE_INVALIDATION,-3.119999999999586,0.31999999999992723,4.599999999998749,3.7999999999990903,false,SAME_BAR_TARGET_AND_S2_RESOLVED_AS_S2
BOS_RETAINED,CONTROL,USD/JPY,USDJPY_2025-01-01,30min,supply,bearish_IPO_supply,2025-02-13T19:30:00Z,152.85001,153.0099945,152.77,152.92999,152.88999725000002,152.77,152.88999725000002,153.0099945,2025-02-14T03:30:00Z,2025-02-14T03:30:00Z,152.88999725000002,153.0099945,152.65000275000006,0.11999724999998307,false,true,2025-02-13T20:30:00Z,152.75,bearish,2,14,NO,,,,2025-02-14T04:30:00Z,152.65000275000006,TARGET,1.8666636110410675,0.13333638895893246,0.6667048619863241,2.166693403391019,false,
BOS_RETAINED,CONTROL,USD/JPY,USDJPY_2025-01-01,30min,demand,bullish_IPO_demand,2025-02-11T18:30:00Z,152.46001,152.48,152.42999,152.44,152.48,152.454995,152.454995,152.42999,2025-02-14T06:30:00Z,2025-02-14T06:30:00Z,152.454995,152.42999,152.50500499999998,0.02500499999999306,false,true,2025-02-12T16:30:00Z,154.63,bullish,44,76,NO,,,,2025-02-14T06:30:00Z,152.50500499999998,TARGET,1.3601279744049415,0.6398720255950586,0.5996800639873282,8.998000399922791,false,SAME_BAR_ENTRY_AND_EXIT
BOS_REMOVED,CONTROL,USD/JPY,USDJPY_2025-01-01,30min,supply,bearish_IPO_supply,2025-02-14T08:30:00Z,152.66,152.78999,152.61,152.75,152.699995,152.61,152.699995,152.78999,2025-02-14T12:00:00Z,2025-02-14T12:00:00Z,152.699995,152.78999,152.52000500000003,0.08999499999998761,false,false,,,,,,NO,,,,2025-02-14T13:30:00Z,152.52000500000003,TARGET,1.8222123451302605,0.17778765486973946,1.4445802544589048,6.555864214679358,false,
BOS_REMOVED,CONTROL,USD/JPY,USDJPY_2025-01-01,30min,supply,bearish_IPO_supply,2025-02-14T15:00:00Z,152.25,152.38,152.24001,152.31,152.310005,152.24001,152.310005,152.38,2025-02-14T17:30:00Z,2025-02-14T17:30:00Z,152.310005,152.38,152.17001499999998,0.0699950000000058,false,false,,,,,,NO,,,,2025-02-16T23:30:00Z,152.17001499999998,TARGET,1.7714122437317141,0.22858775626828592,1.1428673476675488,4.857561254374779,false,
BOS_RETAINED,CONTROL,USD/JPY,USDJPY_2025-01-01,30min,demand,bullish_IPO_demand,2025-02-10T23:30:00Z,151.86,151.89999,151.75,151.78999,151.89999,151.824995,151.824995,151.75,2025-02-17T00:30:00Z,2025-02-17T00:30:00Z,151.824995,151.75,151.974985,0.07499500000000126,false,true,2025-02-12T16:30:00Z,154.63,bullish,82,112,NO,,,,2025-02-17T00:30:00Z,151.974985,TARGET,1.7866524434962368,0.21334755650376336,0.4667644509635549,3.0003066871124577,false,SAME_BAR_ENTRY_AND_EXIT
BOS_RETAINED,CONTROL,USD/JPY,USDJPY_2025-01-01,30min,demand,bullish_IPO_demand,2025-02-10T23:30:00Z,151.86,151.89999,151.75,151.78999,151.89999,151.824995,151.824995,151.75,2025-02-17T01:30:00Z,2025-02-17T01:30:00Z,151.824995,151.75,151.974985,0.07499500000000126,false,true,2025-02-12T16:30:00Z,154.63,bullish,82,114,NO,,,,2025-02-17T02:30:00Z,151.55,S2_CLOSE_INVALIDATION,-3.8801920128006535,0.21334755650376336,4.200346689779429,1.5335022334821595,false,
BOS_RETAINED,CONTROL,USD/JPY,USDJPY_2025-01-01,30min,supply,bearish_IPO_supply,2025-02-17T01:30:00Z,151.78,151.91,151.74001,151.89999,151.825005,151.74001,151.825005,151.91,2025-02-17T07:30:00Z,2025-02-17T07:30:00Z,151.825005,151.91,151.65501500000002,0.08499499999999216,false,true,2025-02-17T02:30:00Z,151.55,bearish,2,10,NO,,,,2025-02-17T07:30:00Z,151.65501500000002,TARGET,1.8117536325666042,0.1882463674333958,0.7646920407081349,2.059121124772258,false,SAME_BAR_ENTRY_AND_EXIT
BOS_RETAINED,CONTROL,USD/JPY,USDJPY_2025-01-01,30min,supply,bearish_IPO_supply,2025-02-17T01:30:00Z,151.78,151.91,151.74001,151.89999,151.825005,151.74001,151.825005,151.91,2025-02-17T08:30:00Z,2025-02-17T08:30:00Z,151.825005,151.91,151.65501500000002,0.08499499999999216,false,true,2025-02-17T02:30:00Z,151.55,bearish,2,12,NO,,,,2025-02-17T10:30:00Z,151.65501500000002,TARGET,1.8117536325666042,0.1882463674333958,1.235190305312182,2.6471557150423872,false,
BOS_RETAINED,CONTROL,USD/JPY,USDJPY_2025-01-01,30min,supply,bearish_IPO_supply,2025-02-17T01:30:00Z,151.78,151.91,151.74001,151.89999,151.825005,151.74001,151.825005,151.91,2025-02-18T02:00:00Z,2025-02-18T02:00:00Z,151.825005,151.91,151.65501500000002,0.08499499999999216,false,true,2025-02-17T02:30:00Z,151.55,bearish,2,47,NO,,,,2025-02-18T03:30:00Z,152.089996,S2_CLOSE_INVALIDATION,-3.3059709394674393,0.1882463674333958,3.1177245720340436,1.4707335725634134,false,
BOS_REMOVED,CONTROL,USD/JPY,USDJPY_2025-01-01,30min,supply,bearish_IPO_supply,2025-02-18T07:30:00Z,151.86,152.070007,151.85001,152.059998,151.96000850000001,151.85001,151.96000850000001,152.070007,2025-02-18T17:30:00Z,2025-02-18T17:30:00Z,151.96000850000001,152.070007,151.74001150000004,0.10999849999998901,false,false,,,,,,NO,,,,2025-02-18T21:00:00Z,152.12,S2_CLOSE_INVALIDATION,-1.5999445446984024,0.14545652895268207,1.5453983463410639,0.9091805797352807,false,
BOS_REMOVED,CONTROL,USD/JPY,USDJPY_2025-01-01,30min,demand,bullish_IPO_demand,2025-02-18T19:00:00Z,151.98,151.99001,151.89999,151.92,151.99001,151.945,151.945,151.89999,2025-02-18T23:30:00Z,2025-02-18T23:30:00Z,151.945,151.89999,152.03501999999997,0.04500999999999067,false,false,,,,,,NO,,,,2025-02-18T23:30:00Z,152.03501999999997,TARGET,1.6445234392356518,0.3554765607643483,0.5554321261944205,2.777316151967044,false,SAME_BAR_ENTRY_AND_EXIT
BOS_REMOVED,CONTROL,USD/JPY,USDJPY_2025-01-01,30min,supply,bearish_IPO_supply,2025-02-18T04:30:00Z,152.050003,152.2,152.039993,152.14999,152.1199965,152.039993,152.1199965,152.2,2025-02-19T01:30:00Z,2025-02-19T01:30:00Z,152.1199965,152.2,151.95998950000006,0.08000349999997525,false,false,,,,,,NO,,,,2025-02-19T01:30:00Z,151.95998950000006,TARGET,1.8000087496171424,0.19999125038285764,0.5000218740429554,4.6247539170177285,false,SAME_BAR_ENTRY_AND_EXIT
BOS_RETAINED,CONTROL,USD/JPY,USDJPY_2025-01-01,30min,supply,bearish_IPO_supply,2025-02-14T15:00:00Z,152.25,152.38,152.24001,152.31,152.310005,152.24001,152.310005,152.38,2025-02-19T02:00:00Z,2025-02-19T02:00:00Z,152.310005,152.38,152.17001499999998,0.0699950000000058,false,true,2025-02-17T02:30:00Z,151.55,bearish,23,95,NO,,,,2025-02-19T02:00:00Z,152.17001499999998,TARGET,1.7714122437317141,0.22858775626828592,0.1429387813416083,3.2859918565606563,false,SAME_BAR_ENTRY_AND_EXIT
BOS_REMOVED,CONTROL,USD/JPY,USDJPY_2025-01-01,30min,demand,bullish_IPO_demand,2025-02-18T15:00:00Z,151.8,151.8,151.59,151.59,151.8,151.695,151.695,151.59,2025-02-19T07:00:00Z,2025-02-19T07:00:00Z,151.695,151.59,151.90499999999997,0.10499999999998977,false,false,,,,,,NO,,,,2025-02-19T11:30:00Z,151.90499999999997,TARGET,1.8476190476190328,0.15238095238096724,1.3809523809523423,2.428571428571622,false,
BOS_REMOVED,CONTROL,USD/JPY,USDJPY_2025-01-01,30min,demand,bullish_IPO_demand,2025-02-18T15:00:00Z,151.8,151.8,151.59,151.59,151.8,151.695,151.695,151.59,2025-02-19T14:00:00Z,2025-02-19T14:00:00Z,151.695,151.59,151.90499999999997,0.10499999999998977,false,false,,,,,,NO,,,,2025-02-19T14:30:00Z,151.33,S2_CLOSE_INVALIDATION,-3.628571428571598,0.15238095238096724,3.476190476190631,0.23809523809531544,false,
BOS_REMOVED,CONTROL,USD/JPY,USDJPY_2025-01-01,30min,supply,bearish_IPO_supply,2025-02-20T05:30:00Z,150.25,150.41,150.25,150.39999,150.32999999999998,150.25,150.32999999999998,150.41,2025-02-20T08:00:00Z,2025-02-20T08:00:00Z,150.32999999999998,150.41,150.16999999999996,0.0800000000000125,false,false,,,,,,NO,,,,2025-02-20T08:00:00Z,150.16999999999996,TARGET,1.8000000000000314,0.19999999999996873,0.7499999999999112,2.1249999999995115,false,SAME_BAR_ENTRY_AND_EXIT
BOS_RETAINED,CONTROL,USD/JPY,USDJPY_2025-01-01,30min,supply,bearish_IPO_supply,2025-02-20T05:30:00Z,150.25,150.41,150.25,150.39999,150.32999999999998,150.25,150.32999999999998,150.41,2025-02-20T09:00:00Z,2025-02-20T09:00:00Z,150.32999999999998,150.41,150.16999999999996,0.0800000000000125,false,true,2025-02-20T07:00:00Z,150.19,bearish,3,4,NO,,,,2025-02-20T10:00:00Z,150.16999999999996,TARGET,1.8000000000000314,0.19999999999996873,1.3749999999999556,2.499999999999467,false,
BOS_RETAINED,CONTROL,USD/JPY,USDJPY_2025-01-01,30min,supply,bearish_IPO_supply,2025-02-20T12:30:00Z,150.039993,150.14,149.94,150.089996,150.04,149.94,150.04,150.14,2025-02-21T01:00:00Z,2025-02-21T01:00:00Z,150.04,150.14,149.84,0.09999999999999432,false,true,2025-02-20T15:30:00Z,149.50999,bearish,6,19,NO,,,,2025-02-21T01:00:00Z,149.84,TARGET,1.839999999999991,0.1600000000000091,0.10003000000012321,2.500100000000174,false,SAME_BAR_ENTRY_AND_EXIT
BOS_RETAINED,CONTROL,USD/JPY,USDJPY_2025-01-01,30min,supply,bearish_IPO_supply,2025-02-20T05:30:00Z,150.25,150.41,150.25,150.39999,150.32999999999998,150.25,150.32999999999998,150.41,2025-02-21T01:30:00Z,2025-02-21T01:30:00Z,150.32999999999998,150.41,150.16999999999996,0.0800000000000125,false,true,2025-02-20T15:30:00Z,149.50999,bearish,20,20,NO,,,,2025-02-21T01:30:00Z,150.16999999999996,TARGET,1.8000000000000314,0.19999999999996873,1.4999999999998224,4.000068749999116,false,SAME_BAR_ENTRY_AND_EXIT
BOS_REMOVED,CONTROL,USD/JPY,USDJPY_2025-01-01,30min,supply,bearish_IPO_supply,2025-02-21T02:00:00Z,150.35001,150.59,150.16,150.57001,150.375,150.16,150.375,150.59,2025-02-21T05:00:00Z,2025-02-21T05:00:00Z,150.375,150.59,149.945,0.2150000000000034,false,false,,,,,,NO,,,,2025-02-21T14:30:00Z,149.945,TARGET,1.9255813953488383,0.07441860465116161,1.279023255813945,2.9069767441860006,false,
BOS_REMOVED,CONTROL,USD/JPY,USDJPY_2025-01-01,30min,supply,bearish_IPO_supply,2025-02-21T16:30:00Z,149.46001,149.57001,149.39999,149.5,149.485,149.39999,149.485,149.57001,2025-02-24T02:00:00Z,2025-02-24T02:00:00Z,149.485,149.57001,149.31498000000005,0.08500999999998271,false,false,,,,,,NO,,,,2025-02-24T02:00:00Z,149.31498000000005,TARGET,1.811786848606008,0.18821315139399195,0.17644982943170695,2.999647100342027,false,SAME_BAR_ENTRY_AND_EXIT
BOS_REMOVED,CONTROL,USD/JPY,USDJPY_2025-01-01,30min,supply,bearish_IPO_supply,2025-02-21T16:30:00Z,149.46001,149.57001,149.39999,149.5,149.485,149.39999,149.485,149.57001,2025-02-24T06:30:00Z,2025-02-24T06:30:00Z,149.485,149.57001,149.31498000000005,0.08500999999998271,false,false,,,,,,NO,,,,2025-02-24T08:00:00Z,149.31498000000005,TARGET,1.811786848606008,0.18821315139399195,1,2.1762145629930583,false,
BOS_REMOVED,CONTROL,USD/JPY,USDJPY_2025-01-01,30min,supply,bearish_IPO_supply,2025-02-21T16:30:00Z,149.46001,149.57001,149.39999,149.5,149.485,149.39999,149.485,149.57001,2025-02-24T09:30:00Z,2025-02-24T09:30:00Z,149.485,149.57001,149.31498000000005,0.08500999999998271,false,false,,,,,,NO,,,,2025-02-24T10:00:00Z,149.62,S2_CLOSE_INVALIDATION,-1.776261616280692,0.18821315139399195,2.058581343371586,0.058816609810903316,false,
BOS_REMOVED,CONTROL,USD/JPY,USDJPY_2025-01-01,30min,demand,bullish_IPO_demand,2025-02-24T08:00:00Z,149.45,149.57001,149.3,149.3,149.57001,149.435005,149.435005,149.3,2025-02-24T14:30:00Z,2025-02-24T14:30:00Z,149.435005,149.3,149.70501499999995,0.13500499999997828,false,false,,,,,,NO,,,,2025-02-24T14:30:00Z,149.70501499999995,TARGET,1.8814858708936515,0.11851412910634847,1,2.4072071404766517,false,SAME_BAR_ENTRY_AND_EXIT
BOS_REMOVED,CONTROL,USD/JPY,USDJPY_2025-01-01,30min,demand,bullish_IPO_demand,2025-02-24T08:00:00Z,149.45,149.57001,149.3,149.3,149.57001,149.435005,149.435005,149.3,2025-02-24T16:00:00Z,2025-02-24T16:00:00Z,149.435005,149.3,149.70501499999995,0.13500499999997828,false,false,,,,,,NO,,,,2025-02-24T16:30:00Z,149.70501499999995,TARGET,1.8814858708936515,0.11851412910634847,1,2.4072071404766517,false,
BOS_REMOVED,CONTROL,USD/JPY,USDJPY_2025-01-01,30min,demand,bullish_IPO_demand,2025-02-24T08:00:00Z,149.45,149.57001,149.3,149.3,149.57001,149.435005,149.435005,149.3,2025-02-24T18:00:00Z,2025-02-24T18:00:00Z,149.435005,149.3,149.70501499999995,0.13500499999997828,false,false,,,,,,NO,,,,2025-02-24T19:30:00Z,149.70501499999995,TARGET,1.8814858708936515,0.11851412910634847,0.33335802377697515,2.7035665345733895,false,
BOS_RETAINED,CONTROL,USD/JPY,USDJPY_2025-01-01,30min,demand,bullish_IPO_demand,2025-02-24T14:30:00Z,149.64999,149.75999,149.3,149.33,149.75999,149.52999499999999,149.52999499999999,149.3,2025-02-25T04:30:00Z,2025-02-25T04:30:00Z,149.52999499999999,149.3,149.98998499999993,0.22999499999997397,false,true,2025-02-25T01:00:00Z,150.17,bullish,21,7,NO,,,,2025-02-25T07:30:00Z,149.28,S2_CLOSE_INVALIDATION,-1.156525141850972,0.06956672971152335,1.4347920606971198,1.4783147459729893,false,
BOS_REMOVED,CONTROL,USD/JPY,USDJPY_2025-01-01,30min,demand,bullish_IPO_demand,2025-02-26T08:30:00Z,149.42,149.42999,149.25,149.28999,149.42999,149.339995,149.339995,149.25,2025-02-26T14:30:00Z,2025-02-26T14:30:00Z,149.339995,149.25,149.51998499999996,0.08999499999998761,false,false,,,,,,NO,,,,2025-02-26T14:30:00Z,149.51998499999996,TARGET,1.8222123451302605,0.17778765486973946,0.44441357853193786,4.33362964609207,false,SAME_BAR_ENTRY_AND_EXIT
BOS_RETAINED,CONTROL,USD/JPY,USDJPY_2025-01-01,30min,supply,bearish_IPO_supply,2025-02-25T03:00:00Z,149.83,149.91,149.8,149.87,149.85500000000002,149.8,149.85500000000002,149.91,2025-02-26T15:00:00Z,2025-02-26T15:00:00Z,149.85500000000002,149.91,149.74500000000006,0.0549999999999784,false,true,2025-02-26T00:00:00Z,148.78999,bearish,42,30,NO,,,,2025-02-26T15:00:00Z,149.74500000000006,TARGET,1.7090909090907949,0.2909090909092052,0.6363636363633075,4.636181818184015,false,SAME_BAR_ENTRY_AND_EXIT
BOS_REMOVED,CONTROL,USD/JPY,USDJPY_2025-01-01,30min,demand,bullish_IPO_demand,2025-02-26T10:00:00Z,149.36,149.38,149.23,149.34,149.38,149.305,149.305,149.23,2025-02-26T16:00:00Z,2025-02-26T16:00:00Z,149.305,149.23,149.45500000000004,0.07500000000001705,false,false,,,,,,NO,,,,2025-02-26T16:00:00Z,149.45500000000004,TARGET,1.7866666666667153,0.21333333333328483,0.3333333333333333,2.999999999999242,false,SAME_BAR_ENTRY_AND_EXIT
BOS_REMOVED,CONTROL,USD/JPY,USDJPY_2025-01-01,30min,supply,bearish_IPO_supply,2025-02-26T21:00:00Z,149.029999,149.23,148.99001,149.13,149.110005,148.99001,149.110005,149.23,2025-02-27T01:00:00Z,2025-02-27T01:00:00Z,149.110005,149.23,148.87001500000002,0.11999499999998875,false,false,,,,,,NO,,,,2025-02-27T01:30:00Z,149.36,S2_CLOSE_INVALIDATION,-2.216717363223781,0.13333888912039252,2.4166423600985762,0.333330555439817,false,
BOS_REMOVED,CONTROL,USD/JPY,USDJPY_2025-01-01,30min,supply,bearish_IPO_supply,2025-02-26T14:30:00Z,149.52,149.73,149.3,149.67,149.515,149.3,149.515,149.73,2025-02-27T08:00:00Z,2025-02-27T08:00:00Z,149.515,149.73,149.08499999999998,0.2150000000000034,false,false,,,,,,NO,,,,2025-02-27T09:00:00Z,149.74001,S2_CLOSE_INVALIDATION,-1.1209767441861493,0.07441860465116161,1.232558139534933,1.6511627906976007,false,
BOS_RETAINED,CONTROL,USD/JPY,USDJPY_2025-01-01,30min,supply,bearish_IPO_supply,2025-02-25T03:00:00Z,149.83,149.91,149.8,149.87,149.85500000000002,149.8,149.85500000000002,149.91,2025-02-27T09:30:00Z,2025-02-27T09:30:00Z,149.85500000000002,149.91,149.74500000000006,0.0549999999999784,false,true,2025-02-26T00:00:00Z,148.78999,bearish,42,67,NO,,,,2025-02-27T09:30:00Z,149.74500000000006,TARGET,1.7090909090907949,0.2909090909092052,2.0909090909095607,2.636181818182982,false,SAME_BAR_ENTRY_AND_EXIT
BOS_RETAINED,CONTROL,USD/JPY,USDJPY_2025-01-01,30min,supply,bearish_IPO_supply,2025-02-25T03:00:00Z,149.83,149.91,149.8,149.87,149.85500000000002,149.8,149.85500000000002,149.91,2025-02-27T10:30:00Z,2025-02-27T10:30:00Z,149.85500000000002,149.91,149.74500000000006,0.0549999999999784,false,true,2025-02-26T00:00:00Z,148.78999,bearish,42,69,NO,,,,2025-02-27T11:30:00Z,149.74500000000006,TARGET,1.7090909090907949,0.2909090909092052,1.5454545454547803,3.1820000000015143,false,
BOS_RETAINED,CONTROL,USD/JPY,USDJPY_2025-01-01,30min,supply,bearish_IPO_supply,2025-02-25T03:00:00Z,149.83,149.91,149.8,149.87,149.85500000000002,149.8,149.85500000000002,149.91,2025-02-27T13:30:00Z,2025-02-27T13:30:00Z,149.85500000000002,149.91,149.74500000000006,0.0549999999999784,false,true,2025-02-26T00:00:00Z,148.78999,bearish,42,75,NO,,,,2025-02-27T13:30:00Z,149.74500000000006,TARGET,1.7090909090907949,0.2909090909092052,0.45454545454521966,9.000000000003617,false,SAME_BAR_ENTRY_AND_EXIT
BOS_RETAINED,CONTROL,USD/JPY,USDJPY_2025-01-01,30min,demand,bullish_IPO_demand,2025-02-27T13:00:00Z,149.66,149.66,149.50999,149.57001,149.66,149.584995,149.584995,149.50999,2025-02-27T23:00:00Z,2025-02-27T23:00:00Z,149.584995,149.50999,149.735005,0.07500500000000443,false,true,2025-02-27T16:00:00Z,149.98,bullish,6,14,NO,,,,2025-02-27T23:00:00Z,149.735005,TARGET,1.7866808879408165,0.21331911205918347,0.6000266648890159,2.866542230518052,false,SAME_BAR_ENTRY_AND_EXIT
BOS_RETAINED,CONTROL,USD/JPY,USDJPY_2025-01-01,30min,demand,bullish_IPO_demand,2025-02-27T13:00:00Z,149.66,149.66,149.50999,149.57001,149.66,149.584995,149.584995,149.50999,2025-02-28T00:00:00Z,2025-02-28T00:00:00Z,149.584995,149.50999,149.735005,0.07500500000000443,false,true,2025-02-27T16:00:00Z,149.98,bullish,6,16,NO,,,,2025-02-28T00:00:00Z,149.735005,TARGET,1.7866808879408165,0.21331911205918347,1.6663555762945623,7.5327644823675355,false,SAME_BAR_ENTRY_AND_EXIT
BOS_RETAINED,CONTROL,USD/JPY,USDJPY_2025-01-01,30min,demand,bullish_IPO_demand,2025-02-27T06:30:00Z,149.41,149.42,149.2,149.25999,149.42,149.31,149.31,149.2,2025-02-28T01:30:00Z,2025-02-28T01:30:00Z,149.31,149.2,149.53000000000003,0.11000000000001364,false,true,2025-02-27T16:00:00Z,149.98,bullish,19,19,NO,,,,2025-02-28T02:30:00Z,149.53000000000003,TARGET,1.8545454545454727,0.1454545454545274,1.9089999999998066,2.363727272726926,false,
BOS_RETAINED,CONTROL,USD/JPY,USDJPY_2025-01-01,30min,supply,bearish_IPO_supply,2025-02-20T02:30:00Z,150.66,150.75999,150.46001,150.71001,150.61,150.46001,150.61,150.75999,2025-02-28T08:30:00Z,2025-02-28T08:30:00Z,150.61,150.75999,150.31002000000007,0.1499899999999741,false,true,2025-02-26T00:00:00Z,148.78999,bearish,187,113,NO,,,,2025-02-28T09:30:00Z,150.31002000000007,TARGET,1.8933262217480982,0.10667377825190189,0.5333688912594033,2.8001866791125307,false,
BOS_RETAINED,CONTROL,USD/JPY,USDJPY_2025-01-01,30min,supply,bearish_IPO_supply,2025-02-21T02:00:00Z,150.35001,150.59,150.16,150.57001,150.375,150.16,150.375,150.59,2025-02-28T10:30:00Z,2025-02-28T10:30:00Z,150.375,150.59,149.945,0.2150000000000034,false,true,2025-02-26T00:00:00Z,148.78999,bearish,140,117,NO,,,,2025-02-28T12:30:00Z,150.66,S2_CLOSE_INVALIDATION,-1.399999999999962,0.07441860465116161,1.604651162790667,0.44186046511626675,false,
BOS_RETAINED,CONTROL,USD/JPY,USDJPY_2025-01-01,30min,supply,bearish_IPO_supply,2025-02-20T02:30:00Z,150.66,150.75999,150.46001,150.71001,150.61,150.46001,150.61,150.75999,2025-02-28T13:30:00Z,2025-02-28T13:30:00Z,150.61,150.75999,150.31002000000007,0.1499899999999741,false,true,2025-02-26T00:00:00Z,148.78999,bearish,187,123,NO,,,,2025-02-28T14:30:00Z,150.31002000000007,TARGET,1.8933262217480982,0.10667377825190189,2.533568904594068,2.2001466764455597,false,
BOS_REMOVED,CONTROL,USD/JPY,USDJPY_2025-01-01,30min,demand,bullish_IPO_demand,2025-02-28T18:30:00Z,150.48,150.55,150.32001,150.33,150.55,150.435005,150.435005,150.32001,2025-03-03T02:00:00Z,2025-03-03T02:00:00Z,150.435005,150.32001,150.66499499999998,0.1149949999999933,false,false,,,,,,NO,,,,2025-03-03T03:00:00Z,150.28,S2_CLOSE_INVALIDATION,-1.4870646549849862,0.1391364841949731,1.6088090786555975,0.39127788164705196,false,
BOS_REMOVED,CONTROL,USD/JPY,USDJPY_2025-01-01,30min,supply,bearish_IPO_supply,2025-03-02T23:00:00Z,150.71001,150.99001,150.71001,150.95,150.85001,150.71001,150.85001,150.99001,2025-03-03T10:30:00Z,2025-03-03T10:30:00Z,150.85001,150.99001,150.57000999999997,0.14000000000001478,false,false,,,,,,NO,,,,2025-03-03T11:30:00Z,151.2,S2_CLOSE_INVALIDATION,-2.6142142857139468,0.11428571428570222,2.714214285713944,1.999999999999797,false,
BOS_REMOVED,CONTROL,USD/JPY,USDJPY_2025-01-01,30min,demand,bullish_IPO_demand,2025-03-03T08:00:00Z,150.17999,150.24001,150.029999,150.050003,150.24001,150.1350045,150.1350045,150.029999,2025-03-03T15:00:00Z,2025-03-03T15:00:00Z,150.1350045,150.029999,150.34501550000002,0.1050055000000043,false,false,,,,,,NO,,,,2025-03-03T15:00:00Z,150.34501550000002,TARGET,1.847627029060389,0.15237297093961122,0.14289251515399481,5.285394574569589,false,SAME_BAR_ENTRY_AND_EXIT
BOS_REMOVED,CONTROL,USD/JPY,USDJPY_2025-01-01,30min,demand,bullish_IPO_demand,2025-03-03T08:00:00Z,150.17999,150.24001,150.029999,150.050003,150.24001,150.1350045,150.1350045,150.029999,2025-03-03T18:00:00Z,2025-03-03T18:00:00Z,150.1350045,150.029999,150.34501550000002,0.1050055000000043,false,false,,,,,,NO,,,,2025-03-03T20:00:00Z,149.44,S2_CLOSE_INVALIDATION,-6.771116751027147,0.15237297093961122,7.571074848460052,1.571303407916696,false,
BOS_RETAINED,CONTROL,USD/JPY,USDJPY_2025-01-01,30min,demand,bullish_IPO_demand,2025-02-27T04:30:00Z,149.2,149.22,149.080002,149.089996,149.22,149.150001,149.150001,149.080002,2025-03-03T20:30:00Z,2025-03-03T20:30:00Z,149.150001,149.080002,149.289999,0.0699989999999957,false,true,2025-02-27T16:00:00Z,149.98,bullish,23,105,NO,,,,2025-03-03T20:30:00Z,149.289999,TARGET,1.771425306075787,0.22857469392421295,0.714167345247914,5.142773468192498,false,SAME_BAR_ENTRY_AND_EXIT
BOS_RETAINED,CONTROL,USD/JPY,USDJPY_2025-01-01,30min,demand,bullish_IPO_demand,2025-02-27T06:30:00Z,149.41,149.42,149.2,149.25999,149.42,149.31,149.31,149.2,2025-03-03T23:00:00Z,2025-03-03T23:00:00Z,149.31,149.2,149.53000000000003,0.11000000000001364,false,true,2025-02-27T16:00:00Z,149.98,bullish,19,110,NO,,,,2025-03-03T23:00:00Z,149.53000000000003,TARGET,1.8545454545454727,0.1454545454545274,0.2727272727272492,2.9090909090904864,false,SAME_BAR_ENTRY_AND_EXIT
BOS_RETAINED,CONTROL,USD/JPY,USDJPY_2025-01-01,30min,demand,bullish_IPO_demand,2025-02-27T04:30:00Z,149.2,149.22,149.080002,149.089996,149.22,149.150001,149.150001,149.080002,2025-03-03T23:30:00Z,2025-03-03T23:30:00Z,149.150001,149.080002,149.289999,0.0699989999999957,false,true,2025-02-27T16:00:00Z,149.98,bullish,23,111,NO,,,,2025-03-03T23:30:00Z,149.289999,TARGET,1.771425306075787,0.22857469392421295,0.0001571451020821734,3.1428877555395776,false,SAME_BAR_ENTRY_AND_EXIT
BOS_RETAINED,CONTROL,USD/JPY,USDJPY_2025-01-01,30min,demand,bullish_IPO_demand,2025-02-27T06:30:00Z,149.41,149.42,149.2,149.25999,149.42,149.31,149.31,149.2,2025-03-04T00:00:00Z,2025-03-04T00:00:00Z,149.31,149.2,149.53000000000003,0.11000000000001364,false,true,2025-02-27T16:00:00Z,149.98,bullish,19,112,NO,,,,2025-03-04T00:00:00Z,149.53000000000003,TARGET,1.8545454545454727,0.1454545454545274,0.8181818181817477,2.0908181818178004,false,SAME_BAR_ENTRY_AND_EXIT
BOS_RETAINED,CONTROL,USD/JPY,USDJPY_2025-01-01,30min,demand,bullish_IPO_demand,2025-02-26T00:00:00Z,149.050003,149.089996,148.62,148.78999,149.089996,148.85499800000002,148.85499800000002,148.62,2025-03-04T01:30:00Z,2025-03-04T01:30:00Z,148.85499800000002,148.62,149.32499400000006,0.2349980000000187,false,true,2025-02-27T16:00:00Z,149.98,bullish,80,115,NO,,,,2025-03-04T02:30:00Z,149.32499400000006,TARGET,1.9319143141643813,0.06808568583561872,1.0850645537409063,2.404284291780863,false,
BOS_RETAINED,CONTROL,USD/JPY,USDJPY_2025-01-01,30min,supply,bearish_IPO_supply,2025-03-03T21:00:00Z,149.42,149.63,149.42,149.55,149.52499999999998,149.42,149.52499999999998,149.63,2025-03-04T06:30:00Z,2025-03-04T06:30:00Z,149.52499999999998,149.63,149.31499999999994,0.10500000000001819,false,true,2025-03-04T01:30:00Z,148.94,bearish,9,10,NO,,,,2025-03-04T07:00:00Z,149.31499999999994,TARGET,1.847619047619074,0.152380952380926,0.3333333333335138,4.142895238094175,false,
BOS_RETAINED,CONTROL,USD/JPY,USDJPY_2025-01-01,30min,supply,bearish_IPO_supply,2025-03-03T21:00:00Z,149.42,149.63,149.42,149.55,149.52499999999998,149.42,149.52499999999998,149.63,2025-03-04T07:30:00Z,2025-03-04T07:30:00Z,149.52499999999998,149.63,149.31499999999994,0.10500000000001819,false,true,2025-03-04T01:30:00Z,148.94,bearish,9,12,NO,,,,2025-03-04T07:30:00Z,149.31499999999994,TARGET,1.847619047619074,0.152380952380926,0.4286666666667742,4.428590476189423,false,SAME_BAR_ENTRY_AND_EXIT
BOS_RETAINED,CONTROL,USD/JPY,USDJPY_2025-01-01,30min,demand,bullish_IPO_demand,2025-02-26T00:00:00Z,149.050003,149.089996,148.62,148.78999,149.089996,148.85499800000002,148.85499800000002,148.62,2025-03-04T09:00:00Z,2025-03-04T09:00:00Z,148.85499800000002,148.62,149.32499400000006,0.2349980000000187,false,true,2025-02-27T16:00:00Z,149.98,bullish,80,130,NO,,,,2025-03-04T11:30:00Z,148.36,S2_CLOSE_INVALIDATION,-2.174478080664384,0.06808568583561872,2.3617137167123454,1.255295789751214,false,
BOS_REMOVED,CONTROL,USD/JPY,USDJPY_2025-01-01,30min,demand,bullish_IPO_demand,2025-03-04T20:30:00Z,149.42,149.42,149.0099945,149.10001,149.42,149.21499725,149.21499725,149.0099945,2025-03-05T08:30:00Z,2025-03-05T08:30:00Z,149.21499725,149.0099945,149.62500275000002,0.20500275000000556,false,false,,,,,,NO,,,,2025-03-05T13:00:00Z,149.62500275000002,TARGET,1.921952266493988,0.07804773350601182,0.5609058902868852,2.56100344995366,false,
BOS_REMOVED,CONTROL,USD/JPY,USDJPY_2025-01-01,30min,demand,bullish_IPO_demand,2025-03-04T17:30:00Z,148.89,148.89,148.69,148.75,148.89,148.79,148.79,148.69,2025-03-05T14:00:00Z,2025-03-05T14:00:00Z,148.79,148.69,148.98999999999998,0.09999999999999432,false,false,,,,,,NO,,,,2025-03-05T14:00:00Z,148.98999999999998,TARGET,1.839999999999991,0.1600000000000091,1,2.3999900000002525,false,SAME_BAR_ENTRY_AND_EXIT
BOS_REMOVED,CONTROL,USD/JPY,USDJPY_2025-01-01,30min,supply,bearish_IPO_supply,2025-03-05T15:30:00Z,148.47,149.10001,148.42999,148.92,148.765,148.42999,148.765,149.10001,2025-03-05T20:00:00Z,2025-03-05T20:00:00Z,148.765,149.10001,148.09497999999996,0.33501000000001113,false,false,,,,,,NO,,,,2025-03-06T00:00:00Z,149.16,S2_CLOSE_INVALIDATION,-1.226829049879098,0.047759768365121844,1.477537983940733,0.10447449329869385,false,
BOS_REMOVED,CONTROL,USD/JPY,USDJPY_2025-01-01,30min,demand,bullish_IPO_demand,2025-03-04T12:00:00Z,148.35001,148.35001,148.10001,148.10001,148.35001,148.22501,148.22501,148.10001,2025-03-06T08:30:00Z,2025-03-06T08:30:00Z,148.22501,148.10001,148.47501,0.125,false,false,,,,,,NO,,,,2025-03-06T09:00:00Z,147.83,S2_CLOSE_INVALIDATION,-3.28807999999988,0.128,3.480160000000069,0.7599999999999909,false,
BOS_RETAINED,CONTROL,USD/JPY,USDJPY_2025-01-01,30min,supply,bearish_IPO_supply,2025-03-06T23:30:00Z,147.98,148.14999,147.88,148.14999,148.014995,147.88,148.014995,148.14999,2025-03-07T19:00:00Z,2025-03-07T19:00:00Z,148.014995,148.14999,147.745005,0.13499500000000353,false,true,2025-03-07T08:30:00Z,147.33,bearish,18,21,NO,,,,2025-03-09T22:00:00Z,147.745005,TARGET,1.8814770917441417,0.11852290825585823,1.3704581651171142,3.6667654357567008,false,
BOS_REMOVED,CONTROL,USD/JPY,USDJPY_2025-01-01,30min,supply,bearish_IPO_supply,2025-03-09T23:30:00Z,147.52,147.64,147.48,147.59,147.56,147.48,147.56,147.64,2025-03-10T03:00:00Z,2025-03-10T03:00:00Z,147.56,147.64,147.40000000000003,0.07999999999998408,false,false,,,,,,NO,,,,2025-03-10T03:30:00Z,147.66,S2_CLOSE_INVALIDATION,-1.4500000000002173,0.20000000000003978,2.4998750000003156,0.12499999999991118,false,
BOS_REMOVED,CONTROL,USD/JPY,USDJPY_2025-01-01,30min,supply,bearish_IPO_supply,2025-03-10T09:00:00Z,147.19,147.31,147.14999,147.24001,147.229995,147.14999,147.229995,147.31,2025-03-10T15:30:00Z,2025-03-10T15:30:00Z,147.229995,147.31,147.069985,0.08000499999999988,false,false,,,,,,NO,,,,2025-03-10T16:00:00Z,147.069985,TARGET,1.8000124992187985,0.19998750078120148,0.8750078120118627,2.2497593900381085,false,
BOS_REMOVED,CONTROL,USD/JPY,USDJPY_2025-01-01,30min,supply,bearish_IPO_supply,2025-03-10T09:00:00Z,147.19,147.31,147.14999,147.24001,147.229995,147.14999,147.229995,147.31,2025-03-10T16:30:00Z,2025-03-10T16:30:00Z,147.229995,147.31,147.069985,0.08000499999999988,false,false,,,,,,NO,,,,2025-03-10T17:30:00Z,147.069985,TARGET,1.8000124992187985,0.19998750078120148,1.1251171801761652,2.3748765702142736,false,
BOS_REMOVED,CONTROL,USD/JPY,USDJPY_2025-01-01,30min,demand,bullish_IPO_demand,2025-03-10T17:30:00Z,147.2,147.22,147.039993,147.19,147.22,147.1299965,147.1299965,147.039993,2025-03-10T19:00:00Z,2025-03-10T19:00:00Z,147.1299965,147.039993,147.3100035,0.09000349999999457,false,false,,,,,,NO,,,,2025-03-10T19:00:00Z,147.3100035,TARGET,1.8222291355336073,0.1777708644663926,0.44443271650539357,2.777708644663888,false,SAME_BAR_ENTRY_AND_EXIT
BOS_REMOVED,CONTROL,USD/JPY,USDJPY_2025-01-01,30min,demand,bullish_IPO_demand,2025-03-10T17:30:00Z,147.2,147.22,147.039993,147.19,147.22,147.1299965,147.1299965,147.039993,2025-03-10T22:00:00Z,2025-03-10T22:00:00Z,147.1299965,147.039993,147.3100035,0.09000349999999457,false,false,,,,,,NO,,,,2025-03-10T22:30:00Z,146.99001,S2_CLOSE_INVALIDATION,-1.7331159343803455,0.1777708644663926,1.8886654407884516,0.5554617320437802,false,
BOS_REMOVED,CONTROL,USD/JPY,USDJPY_2025-01-01,30min,supply,bearish_IPO_supply,2025-03-10T20:00:00Z,147.3,147.37,147.23,147.35001,147.3,147.23,147.3,147.37,2025-03-11T06:30:00Z,2025-03-11T06:30:00Z,147.3,147.37,147.16000000000003,0.06999999999999318,false,false,,,,,,NO,,,,2025-03-11T07:00:00Z,147.16000000000003,TARGET,1.7714285714285491,0.22857142857145085,0.8571428571429731,3.428600000000392,false,
BOS_REMOVED,CONTROL,USD/JPY,USDJPY_2025-01-01,30min,supply,bearish_IPO_supply,2025-03-10T20:00:00Z,147.3,147.37,147.23,147.35001,147.3,147.23,147.3,147.37,2025-03-11T08:30:00Z,2025-03-11T08:30:00Z,147.3,147.37,147.16000000000003,0.06999999999999318,false,false,,,,,,NO,,,,2025-03-11T08:30:00Z,147.16000000000003,TARGET,1.7714285714285491,0.22857142857145085,0,2.4285714285718925,false,SAME_BAR_ENTRY_AND_EXIT
BOS_REMOVED,CONTROL,USD/JPY,USDJPY_2025-01-01,30min,supply,bearish_IPO_supply,2025-03-10T05:00:00Z,147.64,147.78999,147.64,147.78,147.714995,147.64,147.714995,147.78999,2025-03-11T11:30:00Z,2025-03-11T11:30:00Z,147.714995,147.78999,147.56500499999999,0.07499500000000126,false,false,,,,,,NO,,,,2025-03-11T12:00:00Z,147.56500499999999,TARGET,1.7866524434962368,0.21334755650376336,0.06673778251898349,3.933528901926731,false,
BOS_REMOVED,CONTROL,USD/JPY,USDJPY_2025-01-01,30min,demand,bullish_IPO_demand,2025-03-11T09:30:00Z,147.48,147.52,147.32001,147.38,147.52,147.420005,147.420005,147.32001,2025-03-11T15:00:00Z,2025-03-11T15:00:00Z,147.420005,147.32001,147.61999500000002,0.09999500000000694,false,false,,,,,,NO,,,,2025-03-11T15:00:00Z,147.61999500000002,TARGET,1.8399919995999912,0.1600080004000089,1.3002150107505916,2.9001950097503646,false,SAME_BAR_ENTRY_AND_EXIT
BOS_RETAINED,CONTROL,USD/JPY,USDJPY_2025-01-01,30min,demand,bullish_IPO_demand,2025-03-11T09:30:00Z,147.48,147.52,147.32001,147.38,147.52,147.420005,147.420005,147.32001,2025-03-11T16:00:00Z,2025-03-11T16:00:00Z,147.420005,147.32001,147.61999500000002,0.09999500000000694,false,true,2025-03-11T14:00:00Z,147.49001,bullish,9,4,NO,,,,2025-03-11T16:30:00Z,147.3,S2_CLOSE_INVALIDATION,-1.3601180059001199,0.1600080004000089,1.7001350067502525,1,false,
BOS_RETAINED,CONTROL,USD/JPY,USDJPY_2025-01-01,30min,demand,bullish_IPO_demand,2025-03-11T02:30:00Z,147.080002,147.16,146.89999,146.92,147.16,147.02999499999999,147.02999499999999,146.89999,2025-03-11T17:00:00Z,2025-03-11T17:00:00Z,147.02999499999999,146.89999,147.29000499999995,0.13000499999998283,false,true,2025-03-11T14:00:00Z,147.49001,bullish,23,6,NO,,,,2025-03-11T17:00:00Z,147.29000499999995,TARGET,1.8769278104688119,0.12307218953118813,0.0768508903502675,2.0768816583982286,false,SAME_BAR_ENTRY_AND_EXIT
BOS_REMOVED,CONTROL,USD/JPY,USDJPY_2025-01-01,30min,demand,bullish_IPO_demand,2025-03-11T23:00:00Z,147.92,147.92999,147.82001,147.87,147.92999,147.875,147.875,147.82001,2025-03-12T02:00:00Z,2025-03-12T02:00:00Z,147.875,147.82001,147.98498,0.05499000000000365,false,false,,,,,,NO,,,,2025-03-12T02:00:00Z,147.98498,TARGET,1.7090380069103666,0.2909619930896334,0.09092562284042773,3.546226586651955,false,SAME_BAR_ENTRY_AND_EXIT
BOS_RETAINED,CONTROL,USD/JPY,USDJPY_2025-01-01,30min,supply,bearish_IPO_supply,2025-03-06T15:30:00Z,148.080002,148.32001,148.029999,148.24001,148.1750045,148.029999,148.1750045,148.32001,2025-03-12T04:30:00Z,2025-03-12T04:30:00Z,148.1750045,148.32001,147.8849935,0.14500549999999635,false,true,2025-03-07T08:30:00Z,147.33,bearish,34,136,NO,,,,2025-03-12T06:30:00Z,148.36,S2_CLOSE_INVALIDATION,-1.3861232849789746,0.11034064225150358,1.551565285454746,1.4137705121530308,false,
BOS_REMOVED,CONTROL,USD/JPY,USDJPY_2025-01-01,30min,demand,bullish_IPO_demand,2025-03-12T08:30:00Z,148.39,148.45,148.25999,148.34,148.45,148.35499499999997,148.35499499999997,148.25999,2025-03-12T14:30:00Z,2025-03-12T14:30:00Z,148.35499499999997,148.25999,148.54500499999995,0.09500499999998624,false,false,,,,,,NO,,,,2025-03-12T14:30:00Z,148.54500499999995,TARGET,1.8315878111678088,0.1684121888321911,0.6842271459396296,2.894637124362521,false,SAME_BAR_ENTRY_AND_EXIT
BOS_REMOVED,CONTROL,USD/JPY,USDJPY_2025-01-01,30min,demand,bullish_IPO_demand,2025-03-12T08:30:00Z,148.39,148.45,148.25999,148.34,148.45,148.35499499999997,148.35499499999997,148.25999,2025-03-12T15:30:00Z,2025-03-12T15:30:00Z,148.35499499999997,148.25999,148.54500499999995,0.09500499999998624,false,false,,,,,,NO,,,,2025-03-12T17:30:00Z,148.13,S2_CLOSE_INVALIDATION,-2.5366559654756426,0.1684121888321911,2.473501394663475,0.8947423819802754,false,
BOS_REMOVED,CONTROL,USD/JPY,USDJPY_2025-01-01,30min,demand,bullish_IPO_demand,2025-03-12T05:30:00Z,148.24001,148.27,148.029999,148.059998,148.27,148.1499995,148.1499995,148.029999,2025-03-12T18:00:00Z,2025-03-12T18:00:00Z,148.1499995,148.029999,148.3900005,0.12000050000000329,false,false,,,,,,NO,,,,2025-03-12T18:30:00Z,148.3900005,TARGET,1.866667222219911,0.13333277778008892,0.3333277778008609,2.2499947916881444,false,
BOS_REMOVED,CONTROL,USD/JPY,USDJPY_2025-01-01,30min,demand,bullish_IPO_demand,2025-03-11T23:00:00Z,147.92,147.92999,147.82001,147.87,147.92999,147.875,147.875,147.82001,2025-03-13T05:00:00Z,2025-03-13T05:00:00Z,147.875,147.82001,147.98498,0.05499000000000365,false,false,,,,,,NO,,,,2025-03-13T05:30:00Z,147.71001,S2_CLOSE_INVALIDATION,-3.291325695580594,0.2909619930896334,3.1823967994180715,1,false,
BOS_REMOVED,CONTROL,USD/JPY,USDJPY_2025-01-01,30min,demand,bullish_IPO_demand,2025-03-11T19:00:00Z,147.83,147.86,147.64999,147.72,147.86,147.754995,147.754995,147.64999,2025-03-13T06:30:00Z,2025-03-13T06:30:00Z,147.754995,147.64999,147.96500500000002,0.10500500000000557,false,false,,,,,,NO,,,,2025-03-13T09:00:00Z,147.96500500000002,TARGET,1.8476263035093647,0.15237369649063523,1.3808390076661754,2.7141374220273944,false,
BOS_REMOVED,CONTROL,USD/JPY,USDJPY_2025-01-01,30min,supply,bearish_IPO_supply,2025-03-12T18:30:00Z,148.28,148.42,148.27,148.35001,148.345,148.27,148.345,148.42,2025-03-13T13:00:00Z,2025-03-13T13:00:00Z,148.345,148.42,148.19500000000002,0.07499999999998863,false,false,,,,,,NO,,,,2025-03-13T13:00:00Z,148.19500000000002,TARGET,1.7866666666666342,0.21333333333336568,0.06679999999999181,2.600133333333679,false,SAME_BAR_ENTRY_AND_EXIT
BOS_REMOVED,CONTROL,USD/JPY,USDJPY_2025-01-01,30min,demand,bullish_IPO_demand,2025-03-11T19:00:00Z,147.83,147.86,147.64999,147.72,147.86,147.754995,147.754995,147.64999,2025-03-13T15:30:00Z,2025-03-13T15:30:00Z,147.754995,147.64999,147.96500500000002,0.10500500000000557,false,false,,,,,,NO,,,,2025-03-13T16:30:00Z,147.59,S2_CLOSE_INVALIDATION,-1.723679824770202,0.15237369649063523,2.047569163373247,1.0952335603065604,false,
BOS_RETAINED,CONTROL,USD/JPY,USDJPY_2025-01-01,30min,supply,bearish_IPO_supply,2025-03-12T12:30:00Z,148.86,149.19,148.17,149.13,148.68,148.17,148.68,149.19,2025-03-14T06:30:00Z,2025-03-14T06:30:00Z,148.68,149.19,147.66000000000003,0.5099999999999909,false,true,2025-03-13T17:30:00Z,147.63,bearish,58,26,NO,,,,2025-03-17T19:00:00Z,149.27,S2_CLOSE_INVALIDATION,-1.188235294117675,0.031372549019608405,1.1568627450980666,0.8235490196078953,false,
BOS_RETAINED,CONTROL,USD/JPY,USDJPY_2025-01-01,30min,supply,bearish_IPO_supply,2025-03-06T00:30:00Z,149.16,149.31,149.14,149.16,149.225,149.14,149.225,149.31,2025-03-17T19:30:00Z,2025-03-17T19:30:00Z,149.225,149.31,149.05499999999998,0.08500000000000796,false,true,2025-03-13T17:30:00Z,147.63,bearish,274,98,NO,,,,2025-03-17T20:00:00Z,149.05499999999998,TARGET,1.8117647058823705,0.18823529411762943,0.6470588235294314,2.058788235293813,false,
BOS_RETAINED,CONTROL,USD/JPY,USDJPY_2025-01-01,30min,supply,bearish_IPO_supply,2025-03-06T00:30:00Z,149.16,149.31,149.14,149.16,149.225,149.14,149.225,149.31,2025-03-17T20:30:00Z,2025-03-17T20:30:00Z,149.225,149.31,149.05499999999998,0.08500000000000796,false,true,2025-03-13T17:30:00Z,147.63,bearish,274,100,NO,,,,2025-03-17T22:30:00Z,149.33,S2_CLOSE_INVALIDATION,-1.4235294117647868,0.18823529411762943,1.2352941176471572,1.1176470588234113,false,
BOS_RETAINED,CONTROL,USD/JPY,USDJPY_2025-01-01,30min,supply,bearish_IPO_supply,2025-03-05T08:00:00Z,149.45,149.64,149.33,149.53,149.485,149.33,149.485,149.64,2025-03-18T00:30:00Z,2025-03-18T00:30:00Z,149.485,149.64,149.17500000000007,0.15499999999997272,false,true,2025-03-13T17:30:00Z,147.63,bearish,307,108,NO,,,,2025-03-18T02:30:00Z,149.67,S2_CLOSE_INVALIDATION,-1.2967741935484467,0.10322580645163108,1.5161290322582361,1.2581290322584457,false,
BOS_RETAINED,CONTROL,USD/JPY,USDJPY_2025-01-01,30min,demand,bullish_IPO_demand,2025-03-18T04:30:00Z,149.7,149.73,149.55,149.56,149.73,149.64,149.64,149.55,2025-03-18T11:00:00Z,2025-03-18T11:00:00Z,149.64,149.55,149.81999999999994,0.08999999999997499,false,true,2025-03-18T08:00:00Z,149.81,bullish,7,6,NO,,,,2025-03-18T12:30:00Z,149.81999999999994,TARGET,1.822222222222173,0.1777777777778272,0.7776666666667718,3.2221111111121985,false,
BOS_RETAINED,CONTROL,USD/JPY,USDJPY_2025-01-01,30min,demand,bullish_IPO_demand,2025-03-18T01:30:00Z,149.48,149.53,149.41,149.42999,149.53,149.47,149.47,149.41,2025-03-18T16:00:00Z,2025-03-18T16:00:00Z,149.47,149.41,149.59,0.060000000000002274,false,true,2025-03-18T08:00:00Z,149.81,bullish,13,16,NO,,,,2025-03-18T16:00:00Z,149.59,TARGET,1.7333333333333434,0.26666666666665656,0,2.9998333333332803,false,SAME_BAR_ENTRY_AND_EXIT
BOS_RETAINED,CONTROL,USD/JPY,USDJPY_2025-01-01,30min,demand,bullish_IPO_demand,2025-03-18T00:00:00Z,149.39,149.47,149.25999,149.31,149.47,149.364995,149.364995,149.25999,2025-03-18T16:30:00Z,2025-03-18T16:30:00Z,149.364995,149.25999,149.575005,0.10500500000000557,false,true,2025-03-18T08:00:00Z,149.81,bullish,16,17,NO,,,,2025-03-18T16:30:00Z,149.575005,TARGET,1.8476263035093647,0.15237369649063523,0.7142993190800482,2.333269844293199,false,SAME_BAR_ENTRY_AND_EXIT
BOS_REMOVED,CONTROL,USD/JPY,USDJPY_2025-01-01,30min,demand,bullish_IPO_demand,2025-03-19T00:00:00Z,149.44,149.46001,149.3,149.34,149.46001,149.380005,149.380005,149.3,2025-03-19T03:30:00Z,2025-03-19T03:30:00Z,149.380005,149.3,149.540015,0.08000499999999988,false,false,,,,,,NO,,,,2025-03-19T04:30:00Z,149.540015,TARGET,1.8000124992187985,0.19998750078120148,1,2.3749140678705754,false,
BOS_RETAINED,CONTROL,USD/JPY,USDJPY_2025-01-01,30min,supply,bearish_IPO_supply,2025-03-05T03:00:00Z,149.82001,150.070007,149.71001,150.020004,149.89000850000002,149.71001,149.89000850000002,150.070007,2025-03-19T06:30:00Z,2025-03-19T06:30:00Z,149.89000850000002,150.070007,149.53001150000006,0.1799984999999822,false,true,2025-03-13T17:30:00Z,147.63,bearish,317,168,NO,,,,2025-03-19T07:00:00Z,149.53001150000006,TARGET,1.9111103703641887,0.08888962963581132,0.7222032405825118,2.7223476862310947,false,
BOS_REMOVED,CONTROL,USD/JPY,USDJPY_2025-01-01,30min,demand,bullish_IPO_demand,2025-03-18T18:00:00Z,149.25,149.25,149.11,149.12,149.25,149.18,149.18,149.11,2025-03-19T07:30:00Z,2025-03-19T07:30:00Z,149.18,149.11,149.32,0.06999999999999318,false,false,,,,,,NO,,,,2025-03-19T07:30:00Z,149.32,TARGET,1.7714285714285491,0.22857142857145085,0.4287142857143891,3.7142857142859462,false,SAME_BAR_ENTRY_AND_EXIT
BOS_REMOVED,CONTROL,USD/JPY,USDJPY_2025-01-01,30min,demand,bullish_IPO_demand,2025-03-19T02:30:00Z,149.47,149.47,149.21001,149.42,149.47,149.34000500000002,149.34000500000002,149.21001,2025-03-19T08:00:00Z,2025-03-19T08:00:00Z,149.34000500000002,149.21001,149.59999500000004,0.12999500000000808,false,false,,,,,,NO,,,,2025-03-19T08:30:00Z,149.59999500000004,TARGET,1.8769183430132004,0.12308165698679954,0.3847455671374071,2.6923727835682665,false,
BOS_RETAINED,CONTROL,USD/JPY,USDJPY_2025-01-01,30min,supply,bearish_IPO_supply,2025-03-05T01:00:00Z,149.91,150.17999,149.78999,150.13,149.98498999999998,149.78999,149.98498999999998,150.17999,2025-03-19T13:30:00Z,2025-03-19T13:30:00Z,149.98498999999998,150.17999,149.59498999999994,0.1950000000000216,false,true,2025-03-13T17:30:00Z,147.63,bearish,321,182,NO,,,,2025-03-19T18:00:00Z,149.59498999999994,TARGET,1.9179487179487271,0.08205128205127296,0.8461538461538574,3.8717435897431214,false,
BOS_RETAINED,CONTROL,USD/JPY,USDJPY_2025-01-01,30min,demand,bullish_IPO_demand,2025-03-14T16:00:00Z,148.52,148.53,148.28,148.3,148.53,148.405,148.405,148.28,2025-03-20T00:30:00Z,2025-03-20T00:30:00Z,148.405,148.28,148.655,0.125,false,true,2025-03-19T14:00:00Z,149.92999,bullish,138,21,NO,,,,2025-03-20T06:00:00Z,148.19,S2_CLOSE_INVALIDATION,-1.8480000000000274,0.128,1.80007999999998,0.9200000000000728,false,
BOS_RETAINED,CONTROL,USD/JPY,USDJPY_2025-01-01,30min,supply,bearish_IPO_supply,2025-03-19T19:00:00Z,148.84,149.14,148.77,148.96001,148.95499999999998,148.77,148.95499999999998,149.14,2025-03-20T15:30:00Z,2025-03-20T15:30:00Z,148.95499999999998,149.14,148.58499999999998,0.18500000000000227,false,true,2025-03-20T02:00:00Z,148.28,bearish,14,27,NO,,,,2025-03-21T01:00:00Z,149.17,S2_CLOSE_INVALIDATION,-1.2486486486486517,0.08648648648648542,1.2702702702703283,1.9729729729728442,false,
BOS_RETAINED,CONTROL,USD/JPY,USDJPY_2025-01-01,30min,demand,bullish_IPO_demand,2025-03-21T02:00:00Z,149.089996,149.10001,148.92999,149,149.10001,149.015,149.015,148.92999,2025-03-21T11:00:00Z,2025-03-21T11:00:00Z,149.015,148.92999,149.18501999999995,0.08500999999998271,false,true,2025-03-21T07:00:00Z,149.28999,bullish,10,8,NO,,,,2025-03-21T11:00:00Z,149.18501999999995,TARGET,1.811786848606008,0.18821315139399195,0.17644982943170695,2.4114810022356687,false,SAME_BAR_ENTRY_AND_EXIT
BOS_RETAINED,CONTROL,USD/JPY,USDJPY_2025-01-01,30min,demand,bullish_IPO_demand,2025-03-20T23:30:00Z,148.75,148.75,148.59,148.62,148.75,148.67000000000002,148.67000000000002,148.59,2025-03-21T12:30:00Z,2025-03-21T12:30:00Z,148.67000000000002,148.59,148.83000000000004,0.0800000000000125,false,true,2025-03-21T07:00:00Z,149.28999,bullish,15,11,NO,,,,2025-03-21T12:30:00Z,148.83000000000004,TARGET,1.8000000000000314,0.19999999999996873,0.37500000000031086,2.874874999999383,false,SAME_BAR_ENTRY_AND_EXIT
BOS_RETAINED,CONTROL,USD/JPY,USDJPY_2025-01-01,30min,supply,bearish_IPO_supply,2025-03-19T17:00:00Z,149.94,150,149.92,149.97,149.95999999999998,149.92,149.95999999999998,150,2025-03-24T01:30:00Z,2025-03-24T01:30:00Z,149.95999999999998,150,149.87999999999994,0.040000000000020464,false,true,2025-03-20T02:00:00Z,148.28,bearish,18,93,NO,,,,2025-03-24T01:30:00Z,149.87999999999994,TARGET,1.6000000000002046,0.39999999999979535,0.00025000000078976827,3.499749999997789,false,SAME_BAR_ENTRY_AND_EXIT
BOS_REMOVED,CONTROL,USD/JPY,USDJPY_2025-01-01,30min,demand,bullish_IPO_demand,2025-03-23T22:30:00Z,149.61,149.64,149.55,149.58,149.64,149.595,149.595,149.55,2025-03-24T06:00:00Z,2025-03-24T06:00:00Z,149.595,149.55,149.68499999999997,0.044999999999987494,false,false,,,,,,NO,,,,2025-03-24T06:00:00Z,149.68499999999997,TARGET,1.6444444444443456,0.3555555555556544,0.5553333333335434,4.111111111112304,false,SAME_BAR_ENTRY_AND_EXIT
BOS_REMOVED,CONTROL,USD/JPY,USDJPY_2025-01-01,30min,demand,bullish_IPO_demand,2025-03-24T00:00:00Z,149.66,149.71001,149.46001,149.62,149.71001,149.58501,149.58501,149.46001,2025-03-24T06:30:00Z,2025-03-24T06:30:00Z,149.58501,149.46001,149.83501,0.125,false,false,,,,,,NO,,,,2025-03-24T07:00:00Z,149.83501,TARGET,1.8719999999999999,0.128,0.3601600000001781,2.119999999999891,false,
BOS_REMOVED,CONTROL,USD/JPY,USDJPY_2025-01-01,30min,demand,bullish_IPO_demand,2025-03-24T00:00:00Z,149.66,149.71001,149.46001,149.62,149.71001,149.58501,149.58501,149.46001,2025-03-24T08:30:00Z,2025-03-24T08:30:00Z,149.58501,149.46001,149.83501,0.125,false,false,,,,,,NO,,,,2025-03-24T12:00:00Z,149.83501,TARGET,1.8719999999999999,0.128,0.7599999999999909,2.0399199999999382,false,
BOS_RETAINED,CONTROL,USD/JPY,USDJPY_2025-01-01,30min,supply,bearish_IPO_supply,2025-03-03T17:00:00Z,150.17,150.27,150.14,150.22,150.20499999999998,150.14,150.20499999999998,150.27,2025-03-24T13:30:00Z,2025-03-24T13:30:00Z,150.20499999999998,150.27,150.07499999999993,0.06500000000002615,false,true,2025-03-20T02:00:00Z,148.28,bearish,592,117,NO,,,,2025-03-24T13:30:00Z,150.07499999999993,TARGET,1.7538461538462529,0.24615384615374714,0.6923076923076587,6.999999999996939,false,SAME_BAR_ENTRY_AND_EXIT
BOS_REMOVED,CONTROL,USD/JPY,USDJPY_2025-01-01,30min,demand,bullish_IPO_demand,2025-03-24T17:00:00Z,150.58,150.60001,150.49001,150.53999,150.60001,150.54501,150.54501,150.49001,2025-03-25T04:30:00Z,2025-03-25T04:30:00Z,150.54501,150.49001,150.65500999999995,0.0549999999999784,false,false,,,,,,NO,,,,2025-03-25T05:00:00Z,150.47,S2_CLOSE_INVALIDATION,-1.6547272727277735,0.2909090909092052,2.0912727272733127,0.818000000000553,false,
BOS_REMOVED,CONTROL,USD/JPY,USDJPY_2025-01-01,30min,demand,bullish_IPO_demand,2025-03-25T05:30:00Z,150.46001,150.48,150.42999,150.42999,150.48,150.454995,150.454995,150.42999,2025-03-25T09:30:00Z,2025-03-25T09:30:00Z,150.454995,150.42999,150.50500499999998,0.02500499999999306,false,false,,,,,,NO,,,,2025-03-25T09:30:00Z,150.50500499999998,TARGET,1.3601279744049415,0.6398720255950586,1.7994401119781085,6.998800239953901,false,SAME_BAR_ENTRY_AND_EXIT
BOS_REMOVED,CONTROL,USD/JPY,USDJPY_2025-01-01,30min,demand,bullish_IPO_demand,2025-03-24T13:00:00Z,149.83,149.83,149.75,149.8,149.83,149.79000000000002,149.79000000000002,149.75,2025-03-25T13:00:00Z,2025-03-25T13:00:00Z,149.79000000000002,149.75,149.87000000000006,0.040000000000020464,false,false,,,,,,NO,,,,2025-03-25T13:00:00Z,149.87000000000006,TARGET,1.6000000000002046,0.39999999999979535,0.25000000000035527,4.749999999996803,false,SAME_BAR_ENTRY_AND_EXIT
BOS_REMOVED,CONTROL,USD/JPY,USDJPY_2025-01-01,30min,demand,bullish_IPO_demand,2025-03-24T00:00:00Z,149.66,149.71001,149.46001,149.62,149.71001,149.58501,149.58501,149.46001,2025-03-25T15:00:00Z,2025-03-25T15:00:00Z,149.58501,149.46001,149.83501,0.125,false,false,,,,,,NO,,,,2025-03-25T17:00:00Z,149.83501,TARGET,1.8719999999999999,0.128,0.2800799999999981,2.119999999999891,false,
BOS_REMOVED,CONTROL,USD/JPY,USDJPY_2025-01-01,30min,demand,bullish_IPO_demand,2025-03-26T01:30:00Z,150.24001,150.28,150.050003,150.080002,150.28,150.16500150000002,150.16500150000002,150.050003,2025-03-26T08:00:00Z,2025-03-26T08:00:00Z,150.16500150000002,150.050003,150.39499850000004,0.11499850000001288,false,false,,,,,,NO,,,,2025-03-26T08:00:00Z,150.39499850000004,TARGET,1.8608677504489344,0.1391322495510655,0.13053648525861195,2.1304495276021207,false,SAME_BAR_ENTRY_AND_EXIT
BOS_REMOVED,CONTROL,USD/JPY,USDJPY_2025-01-01,30min,demand,bullish_IPO_demand,2025-03-26T01:30:00Z,150.24001,150.28,150.050003,150.080002,150.28,150.16500150000002,150.16500150000002,150.050003,2025-03-26T09:30:00Z,2025-03-26T09:30:00Z,150.16500150000002,150.050003,150.39499850000004,0.11499850000001288,false,false,,,,,,NO,,,,2025-03-26T12:30:00Z,150.39499850000004,TARGET,1.8608677504489344,0.1391322495510655,1.2608642721426828,2.3913224955103782,false,
BOS_REMOVED,CONTROL,USD/JPY,USDJPY_2025-01-01,30min,demand,bullish_IPO_demand,2025-03-26T13:30:00Z,150.46001,150.55,150.35001,150.39999,150.55,150.450005,150.450005,150.35001,2025-03-26T16:00:00Z,2025-03-26T16:00:00Z,150.450005,150.35001,150.64999500000002,0.09999500000000694,false,false,,,,,,NO,,,,2025-03-26T16:00:00Z,150.64999500000002,TARGET,1.8399919995999912,0.1600080004000089,0.40007000350022565,2.200060002999828,false,SAME_BAR_ENTRY_AND_EXIT
BOS_REMOVED,CONTROL,USD/JPY,USDJPY_2025-01-01,30min,demand,bullish_IPO_demand,2025-03-26T13:30:00Z,150.46001,150.55,150.35001,150.39999,150.55,150.450005,150.450005,150.35001,2025-03-26T18:00:00Z,2025-03-26T18:00:00Z,150.450005,150.35001,150.64999500000002,0.09999500000000694,false,false,,,,,,NO,,,,2025-03-26T22:30:00Z,150.31,S2_CLOSE_INVALIDATION,-1.5601280064002332,0.1600080004000089,1.4001200060002243,1.6000300015000561,false,
BOS_REMOVED,CONTROL,USD/JPY,USDJPY_2025-01-01,30min,supply,bearish_IPO_supply,2025-03-26T19:30:00Z,150.55,150.60001,150.50999,150.58,150.555,150.50999,150.555,150.60001,2025-03-27T00:00:00Z,2025-03-27T00:00:00Z,150.555,150.60001,150.46498000000003,0.04500999999999067,false,false,,,,,,NO,,,,2025-03-27T00:00:00Z,150.46498000000003,TARGET,1.6445234392356518,0.3554765607643483,1.4441235281051146,3.4439013552551976,false,SAME_BAR_ENTRY_AND_EXIT
BOS_REMOVED,CONTROL,USD/JPY,USDJPY_2025-01-01,30min,demand,bullish_IPO_demand,2025-03-26T09:00:00Z,150.13,150.14,150.050003,150.10001,150.14,150.0950015,150.0950015,150.050003,2025-03-27T01:30:00Z,2025-03-27T01:30:00Z,150.0950015,150.050003,150.18499849999998,0.04499849999999128,false,false,,,,,,NO,,,,2025-03-27T01:30:00Z,150.18499849999998,TARGET,1.6444325921974488,0.3555674078025512,0.11123704123431973,2.5558296387665886,false,SAME_BAR_ENTRY_AND_EXIT
BOS_REMOVED,CONTROL,USD/JPY,USDJPY_2025-01-01,30min,demand,bullish_IPO_demand,2025-03-26T01:30:00Z,150.24001,150.28,150.050003,150.080002,150.28,150.16500150000002,150.16500150000002,150.050003,2025-03-27T02:00:00Z,2025-03-27T02:00:00Z,150.16500150000002,150.050003,150.39499850000004,0.11499850000001288,false,false,,,,,,NO,,,,2025-03-27T06:30:00Z,150.39499850000004,TARGET,1.8608677504489344,0.1391322495510655,0.9130858228585381,2.4782801514797153,false,
BOS_RETAINED,CONTROL,USD/JPY,USDJPY_2025-01-01,30min,supply,bearish_IPO_supply,2025-03-03T12:30:00Z,151.22,151.3,151.11,151.24001,151.205,151.11,151.205,151.3,2025-03-28T00:30:00Z,2025-03-28T00:30:00Z,151.205,151.3,151.01500000000001,0.09499999999999886,false,true,2025-03-27T04:00:00Z,150.070007,bearish,843,41,NO,,,,2025-03-28T00:30:00Z,151.01500000000001,TARGET,1.831578947368419,0.16842105263158097,0.052736842105249336,2.894842105263286,false,SAME_BAR_ENTRY_AND_EXIT
BOS_REMOVED,CONTROL,USD/JPY,USDJPY_2025-01-01,30min,demand,bullish_IPO_demand,2025-03-25T21:30:00Z,149.92,149.92,149.88,149.89999,149.92,149.89999999999998,149.89999999999998,149.88,2025-03-28T17:30:00Z,2025-03-28T17:30:00Z,149.89999999999998,149.88,149.93999999999994,0.01999999999998181,false,false,,,,,,NO,,,,2025-03-28T17:30:00Z,149.93999999999994,TARGET,1.1999999999992723,0.8000000000007276,2,4.500500000005844,false,SAME_BAR_ENTRY_AND_EXIT
BOS_REMOVED,CONTROL,USD/JPY,USDJPY_2025-01-01,30min,demand,bullish_IPO_demand,2025-03-24T00:00:00Z,149.66,149.71001,149.46001,149.62,149.71001,149.58501,149.58501,149.46001,2025-03-30T22:00:00Z,2025-03-30T22:00:00Z,149.58501,149.46001,149.83501,0.125,false,false,,,,,,NO,,,,2025-03-30T23:00:00Z,149.39,S2_CLOSE_INVALIDATION,-1.6880800000001983,0.128,2.1200000000001182,1.319919999999911,false,
BOS_REMOVED,CONTROL,USD/JPY,USDJPY_2025-01-01,30min,demand,bullish_IPO_demand,2025-03-21T18:30:00Z,149.25,149.28999,149.17999,149.22,149.28999,149.23498999999998,149.23498999999998,149.17999,2025-03-31T00:00:00Z,2025-03-31T00:00:00Z,149.23498999999998,149.17999,149.34498999999994,0.0549999999999784,false,false,,,,,,NO,,,,2025-03-31T00:00:00Z,149.34498999999994,TARGET,1.7090909090907949,0.2909090909092052,2.9996909090916892,7.363818181821152,false,SAME_BAR_ENTRY_AND_EXIT
BOS_REMOVED,CONTROL,USD/JPY,USDJPY_2025-01-01,30min,demand,bullish_IPO_demand,2025-03-21T17:00:00Z,149.24001,149.31,149.16,149.21001,149.31,149.235,149.235,149.16,2025-03-31T00:30:00Z,2025-03-31T00:30:00Z,149.235,149.16,149.38500000000005,0.07500000000001705,false,false,,,,,,NO,,,,2025-03-31T00:30:00Z,149.38500000000005,TARGET,1.7866666666667153,0.21333333333328483,2.199906666666296,3.666533333332154,false,SAME_BAR_ENTRY_AND_EXIT
BOS_REMOVED,CONTROL,USD/JPY,USDJPY_2025-01-01,30min,demand,bullish_IPO_demand,2025-03-21T12:30:00Z,148.83,148.89999,148.64,148.67,148.89999,148.769995,148.769995,148.64,2025-03-31T03:00:00Z,2025-03-31T03:00:00Z,148.769995,148.64,149.029985,0.12999500000000808,false,false,,,,,,NO,,,,2025-03-31T04:30:00Z,149.029985,TARGET,1.8769183430132004,0.12308165698679954,0.30766567944922635,2.923150890418743,false,
BOS_RETAINED,CONTROL,USD/JPY,USDJPY_2025-01-01,30min,supply,bearish_IPO_supply,2025-03-31T00:30:00Z,149.17999,149.50999,149.070007,149.3,149.2899985,149.070007,149.2899985,149.50999,2025-03-31T10:30:00Z,2025-03-31T10:30:00Z,149.2899985,149.50999,148.8500155,0.2199914999999919,false,true,2025-03-31T07:00:00Z,148.86,bearish,13,7,NO,,,,2025-03-31T12:30:00Z,149.60001,S2_CLOSE_INVALIDATION,-1.4819277108434357,0.07273008275319996,1.5909773786714643,0.5909251039244882,false,
BOS_RETAINED,CONTROL,USD/JPY,USDJPY_2025-01-01,30min,supply,bearish_IPO_supply,2025-03-28T20:30:00Z,149.73,149.89,149.72,149.81,149.805,149.72,149.805,149.89,2025-03-31T14:30:00Z,2025-03-31T14:30:00Z,149.805,149.89,149.63500000000005,0.08499999999997954,false,true,2025-03-31T07:00:00Z,148.86,bearish,19,15,NO,,,,2025-03-31T14:30:00Z,149.63500000000005,TARGET,1.8117647058823076,0.18823529411769238,1,3.3529411764713553,false,SAME_BAR_ENTRY_AND_EXIT
BOS_RETAINED,CONTROL,USD/JPY,USDJPY_2025-01-01,30min,supply,bearish_IPO_supply,2025-03-28T18:00:00Z,149.98,150.14,149.98,150.020004,150.06,149.98,150.06,150.14,2025-03-31T17:30:00Z,2025-03-31T17:30:00Z,150.06,150.14,149.90000000000003,0.07999999999998408,false,true,2025-03-31T07:00:00Z,148.86,bearish,24,21,NO,,,,2025-03-31T18:00:00Z,150.23,S2_CLOSE_INVALIDATION,-2.325000000000306,0.20000000000003978,2.6250000000006217,1.1250000000002665,false,
BOS_RETAINED,CONTROL,USD/JPY,USDJPY_2025-04-01,30min,demand,bullish_IPO_demand,2025-05-12T09:00:00Z,147.752,147.897,147.662,147.675,147.897,147.77949999999998,147.77949999999998,147.662,2025-05-13T03:30:00Z,2025-05-13T03:30:00Z,147.77949999999998,147.662,148.01449999999994,0.1174999999999784,false,true,2025-05-12T10:30:00Z,148.40199,bullish,3,34,NO,,,,2025-05-13T07:00:00Z,148.01449999999994,TARGET,1.8638297872340175,0.13617021276598248,1.1872340425533943,2.353191489362365,false,
BOS_RETAINED,CONTROL,USD/JPY,USDJPY_2025-04-01,30min,demand,bullish_IPO_demand,2025-05-12T09:00:00Z,147.752,147.897,147.662,147.675,147.897,147.77949999999998,147.77949999999998,147.662,2025-05-13T13:30:00Z,2025-05-13T13:30:00Z,147.77949999999998,147.662,148.01449999999994,0.1174999999999784,false,true,2025-05-12T10:30:00Z,148.40199,bullish,3,54,NO,,,,2025-05-13T14:00:00Z,148.01449999999994,TARGET,1.8638297872340175,0.13617021276598248,1.0680000000000687,2.2935829787238577,false,
BOS_RETAINED,CONTROL,USD/JPY,USDJPY_2025-04-01,30min,demand,bullish_IPO_demand,2025-05-12T09:00:00Z,147.752,147.897,147.662,147.675,147.897,147.77949999999998,147.77949999999998,147.662,2025-05-13T15:30:00Z,2025-05-13T15:30:00Z,147.77949999999998,147.662,148.01449999999994,0.1174999999999784,false,true,2025-05-12T10:30:00Z,148.40199,bullish,3,58,NO,,,,2025-05-13T16:30:00Z,147.60699,S2_CLOSE_INVALIDATION,-1.604340425532111,0.13617021276598248,2.804255319149417,0.9063829787236657,false,
BOS_REMOVED,CONTROL,USD/JPY,USDJPY_2025-04-01,30min,supply,bearish_IPO_supply,2025-05-13T20:30:00Z,147.424,147.49001,147.41701,147.46899,147.45351,147.41701,147.45351,147.49001,2025-05-13T23:00:00Z,2025-05-13T23:00:00Z,147.45351,147.49001,147.38050999999996,0.03650000000001796,false,false,,,,,,NO,,,,2025-05-13T23:00:00Z,147.38050999999996,TARGET,1.5616438356166542,0.4383561643833459,1,3.1917808219162938,false,SAME_BAR_ENTRY_AND_EXIT
BOS_RETAINED,CONTROL,USD/JPY,USDJPY_2025-04-01,30min,supply,bearish_IPO_supply,2025-05-14T02:00:00Z,147.201,147.291,147.112,147.214,147.2015,147.112,147.2015,147.291,2025-05-14T07:00:00Z,2025-05-14T07:00:00Z,147.2015,147.291,147.02250000000004,0.08949999999998681,false,true,2025-05-14T05:00:00Z,146.94,bearish,6,4,NO,,,,2025-05-14T07:00:00Z,147.02250000000004,TARGET,1.8212290502793032,0.17877094972069674,0.1174301675975844,2.0278882681568335,false,SAME_BAR_ENTRY_AND_EXIT
BOS_RETAINED,CONTROL,USD/JPY,USDJPY_2025-04-01,30min,demand,bullish_IPO_demand,2025-05-12T03:30:00Z,145.834,145.867,145.71899,145.72701,145.867,145.792995,145.792995,145.71899,2025-05-14T09:00:00Z,2025-05-14T09:00:00Z,145.792995,145.71899,145.941005,0.07400499999999965,false,true,2025-05-12T10:30:00Z,148.40199,bullish,14,93,NO,,,,2025-05-14T09:00:00Z,145.941005,TARGET,1.7837983920005396,0.2162016079994605,0.4863860549960913,7.5400986419838,false,SAME_BAR_ENTRY_AND_EXIT
BOS_RETAINED,CONTROL,USD/JPY,USDJPY_2025-04-01,30min,demand,bullish_IPO_demand,2025-05-12T03:30:00Z,145.834,145.867,145.71899,145.72701,145.867,145.792995,145.792995,145.71899,2025-05-14T10:00:00Z,2025-05-14T10:00:00Z,145.792995,145.71899,145.941005,0.07400499999999965,false,true,2025-05-12T10:30:00Z,148.40199,bullish,14,95,NO,,,,2025-05-14T10:00:00Z,145.941005,TARGET,1.7837983920005396,0.2162016079994605,0.12154584149717987,2.6755624619961385,false,SAME_BAR_ENTRY_AND_EXIT
BOS_RETAINED,CONTROL,USD/JPY,USDJPY_2025-04-01,30min,demand,bullish_IPO_demand,2025-05-12T03:30:00Z,145.834,145.867,145.71899,145.72701,145.867,145.792995,145.792995,145.71899,2025-05-14T13:30:00Z,2025-05-14T13:30:00Z,145.792995,145.71899,145.941005,0.07400499999999965,false,true,2025-05-12T10:30:00Z,148.40199,bullish,14,102,NO,,,,2025-05-14T13:30:00Z,145.941005,TARGET,1.7837983920005396,0.2162016079994605,0.4863860549960913,4.540301330991172,false,SAME_BAR_ENTRY_AND_EXIT
BOS_RETAINED,CONTROL,USD/JPY,USDJPY_2025-04-01,30min,demand,bullish_IPO_demand,2025-05-12T03:30:00Z,145.834,145.867,145.71899,145.72701,145.867,145.792995,145.792995,145.71899,2025-05-15T06:00:00Z,2025-05-15T06:00:00Z,145.792995,145.71899,145.941005,0.07400499999999965,false,true,2025-05-12T10:30:00Z,148.40199,bullish,14,135,NO,,,,2025-05-15T06:00:00Z,145.941005,TARGET,1.7837983920005396,0.2162016079994605,0.6485372609956928,4.026863049794088,false,SAME_BAR_ENTRY_AND_EXIT
BOS_REMOVED,CONTROL,USD/JPY,USDJPY_2025-04-01,30min,supply,bearish_IPO_supply,2025-05-15T11:30:00Z,145.955,146.10001,145.942,146.082001,146.021005,145.942,146.021005,146.10001,2025-05-15T14:30:00Z,2025-05-15T14:30:00Z,146.021005,146.10001,145.862995,0.0790049999999951,false,false,,,,,,NO,,,,2025-05-15T14:30:00Z,145.862995,TARGET,1.797481172077704,0.20251882792229595,0.25308524776907376,3.443009936080339,false,SAME_BAR_ENTRY_AND_EXIT
BOS_RETAINED,CONTROL,USD/JPY,USDJPY_2025-04-01,30min,demand,bullish_IPO_demand,2025-05-09T19:30:00Z,145.345,145.37,145.29201,145.297,145.37,145.331005,145.331005,145.29201,2025-05-16T00:00:00Z,2025-05-16T00:00:00Z,145.331005,145.29201,145.408995,0.03899499999999989,false,true,2025-05-12T10:30:00Z,148.40199,bullish,26,171,NO,,,,2025-05-16T00:00:00Z,145.408995,TARGET,1.589690986023848,0.41030901397615194,2.384792922169565,7.488011283497541,false,SAME_BAR_ENTRY_AND_EXIT
BOS_RETAINED,CONTROL,USD/JPY,USDJPY_2025-04-01,30min,supply,bearish_IPO_supply,2025-05-15T20:30:00Z,145.603,145.69701,145.60201,145.653,145.64951000000002,145.60201,145.64951000000002,145.69701,2025-05-16T11:30:00Z,2025-05-16T11:30:00Z,145.64951000000002,145.69701,145.55451000000005,0.04749999999998522,false,true,2025-05-16T01:00:00Z,145.181,bearish,9,21,NO,,,,2025-05-16T11:30:00Z,145.55451000000005,TARGET,1.6631578947367374,0.3368421052632627,0.599578947368048,2.0741052631587023,false,SAME_BAR_ENTRY_AND_EXIT
BOS_RETAINED,CONTROL,USD/JPY,USDJPY_2025-04-01,30min,supply,bearish_IPO_supply,2025-05-15T23:30:00Z,145.547,145.67999,145.50301,145.57401,145.5915,145.50301,145.5915,145.67999,2025-05-16T12:00:00Z,2025-05-16T12:00:00Z,145.5915,145.67999,145.41451999999998,0.08849000000000729,false,true,2025-05-16T01:00:00Z,145.181,bearish,3,22,NO,,,,2025-05-16T14:00:00Z,145.804,S2_CLOSE_INVALIDATION,-2.582212679398654,0.18081139111762554,2.7630240705164,2.2092891852185974,false,SAME_BAR_TARGET_AND_S2_RESOLVED_AS_S2
BOS_RETAINED,CONTROL,USD/JPY,USDJPY_2025-04-01,30min,supply,bearish_IPO_supply,2025-05-15T11:30:00Z,145.955,146.10001,145.942,146.082001,146.021005,145.942,146.021005,146.10001,2025-05-16T14:30:00Z,2025-05-16T14:30:00Z,146.021005,146.10001,145.862995,0.0790049999999951,false,true,2025-05-16T01:00:00Z,145.181,bearish,27,27,NO,,,,2025-05-16T14:30:00Z,145.862995,TARGET,1.797481172077704,0.20251882792229595,0.7214480096196004,3.126447693184188,false,SAME_BAR_ENTRY_AND_EXIT
BOS_RETAINED,CONTROL,USD/JPY,USDJPY_2025-04-01,30min,supply,bearish_IPO_supply,2025-05-15T11:30:00Z,145.955,146.10001,145.942,146.082001,146.021005,145.942,146.021005,146.10001,2025-05-16T15:30:00Z,2025-05-16T15:30:00Z,146.021005,146.10001,145.862995,0.0790049999999951,false,true,2025-05-16T01:00:00Z,145.181,bearish,27,29,NO,,,,2025-05-16T16:00:00Z,145.862995,TARGET,1.797481172077704,0.20251882792229595,1.03784570596812,2.037908993101686,false,
BOS_REMOVED,CONTROL,USD/JPY,USDJPY_2025-04-01,30min,supply,bearish_IPO_supply,2025-05-20T00:00:00Z,144.974,145.51401,144.972,145.42599,145.243005,144.972,145.243005,145.51401,2025-05-20T02:30:00Z,2025-05-20T02:30:00Z,145.243005,145.51401,144.700995,0.2710050000000024,false,false,,,,,,NO,,,,2025-05-20T05:00:00Z,144.700995,TARGET,1.940960498883785,0.05903950111621505,0.19558679729150452,2.741665282928375,false,
BOS_REMOVED,CONTROL,USD/JPY,USDJPY_2025-04-01,30min,supply,bearish_IPO_supply,2025-05-20T06:30:00Z,144.47701,144.53,144.358,144.49899,144.44400000000002,144.358,144.44400000000002,144.53,2025-05-20T08:30:00Z,2025-05-20T08:30:00Z,144.44400000000002,144.53,144.27200000000005,0.08599999999998431,false,false,,,,,,NO,,,,2025-05-20T08:30:00Z,144.27200000000005,TARGET,1.8139534883720592,0.18604651162794092,0.511744186046441,2.7908139534890237,false,SAME_BAR_ENTRY_AND_EXIT
BOS_RETAINED,CONTROL,USD/JPY,USDJPY_2025-04-01,30min,supply,bearish_IPO_supply,2025-05-21T01:00:00Z,144.17,144.302,144.035004,144.27299,144.168502,144.035004,144.168502,144.302,2025-05-21T09:00:00Z,2025-05-21T09:00:00Z,144.168502,144.302,143.90150599999998,0.133498000000003,false,true,2025-05-21T06:30:00Z,143.707,bearish,11,5,NO,,,,2025-05-21T10:00:00Z,143.90150599999998,TARGET,1.8801480171987621,0.11985198280123778,0.09361938006578242,4.543154204557102,false,
BOS_RETAINED,CONTROL,USD/JPY,USDJPY_2025-04-01,30min,supply,bearish_IPO_supply,2025-05-21T13:00:00Z,143.687,143.814,143.59,143.77699,143.702,143.59,143.702,143.814,2025-05-21T20:00:00Z,2025-05-21T20:00:00Z,143.702,143.814,143.478,0.11199999999999477,false,true,2025-05-21T17:00:00Z,143.32201,bearish,8,6,NO,,,,2025-05-21T22:00:00Z,144.224,S2_CLOSE_INVALIDATION,-4.803571428571575,0.14285714285714954,6.214196428571672,1.5266964285714024,false,
BOS_REMOVED,CONTROL,USD/JPY,USDJPY_2025-04-01,30min,demand,bullish_IPO_demand,2025-05-21T17:00:00Z,143.64799,143.687,143.278,143.32201,143.687,143.48250000000002,143.48250000000002,143.278,2025-05-22T00:30:00Z,2025-05-22T00:30:00Z,143.48250000000002,143.278,143.89150000000006,0.20450000000002433,false,false,,,,,,NO,,,,2025-05-22T01:00:00Z,143.252,S2_CLOSE_INVALIDATION,-1.2053789731050222,0.07823960880194668,1.4009779951099457,0.7946210268947432,false,
BOS_RETAINED,CONTROL,USD/JPY,USDJPY_2025-04-01,30min,supply,bearish_IPO_supply,2025-05-21T01:00:00Z,144.17,144.302,144.035004,144.27299,144.168502,144.035004,144.168502,144.302,2025-05-22T18:00:00Z,2025-05-22T18:00:00Z,144.168502,144.302,143.90150599999998,0.133498000000003,false,true,2025-05-22T08:00:00Z,143.054001,bearish,62,20,NO,,,,2025-05-22T20:30:00Z,143.90150599999998,TARGET,1.8801480171987621,0.11985198280123778,0.8126563693839618,2.048734812506353,false,
BOS_REMOVED,CONTROL,USD/JPY,USDJPY_2025-04-01,30min,supply,bearish_IPO_supply,2025-05-23T06:00:00Z,143.424,143.49001,143.33,143.48199,143.410005,143.33,143.410005,143.49001,2025-05-23T08:00:00Z,2025-05-23T08:00:00Z,143.410005,143.49001,143.249995,0.08000499999999988,false,false,,,,,,NO,,,,2025-05-23T09:00:00Z,143.249995,TARGET,1.8000124992187985,0.19998750078120148,0.13755390288085836,2.9998750078123275,false,
BOS_REMOVED,CONTROL,USD/JPY,USDJPY_2025-04-01,30min,supply,bearish_IPO_supply,2025-05-23T06:00:00Z,143.424,143.49001,143.33,143.48199,143.410005,143.33,143.410005,143.49001,2025-05-23T11:00:00Z,2025-05-23T11:00:00Z,143.410005,143.49001,143.249995,0.08000499999999988,false,false,,,,,,NO,,,,2025-05-23T11:00:00Z,143.249995,TARGET,1.8000124992187985,0.19998750078120148,0.2624210986813229,6.124679707518601,false,SAME_BAR_ENTRY_AND_EXIT
BOS_RETAINED,CONTROL,USD/JPY,USDJPY_2025-04-01,30min,supply,bearish_IPO_supply,2025-05-25T23:30:00Z,142.76401,142.935,142.748,142.827,142.8415,142.748,142.8415,142.935,2025-05-26T07:00:00Z,2025-05-26T07:00:00Z,142.8415,142.935,142.65449999999998,0.09350000000000591,false,true,2025-05-26T02:00:00Z,142.302,bearish,5,10,NO,,,,2025-05-26T09:00:00Z,142.94099,S2_CLOSE_INVALIDATION,-1.2351871657753546,0.1711229946523956,1.577540106951857,1.4919786096255547,false,
BOS_RETAINED,CONTROL,USD/JPY,USDJPY_2025-04-01,30min,supply,bearish_IPO_supply,2025-05-23T06:00:00Z,143.424,143.49001,143.33,143.48199,143.410005,143.33,143.410005,143.49001,2025-05-27T06:30:00Z,2025-05-27T06:30:00Z,143.410005,143.49001,143.249995,0.08000499999999988,false,true,2025-05-27T01:00:00Z,142.15199,bearish,83,11,NO,,,,2025-05-27T06:30:00Z,143.249995,TARGET,1.8000124992187985,0.19998750078120148,1,3.9249046934569085,false,SAME_BAR_ENTRY_AND_EXIT
BOS_RETAINED,CONTROL,USD/JPY,USDJPY_2025-04-01,30min,supply,bearish_IPO_supply,2025-05-22T23:00:00Z,143.811,143.922,143.758,143.877,143.84,143.758,143.84,143.922,2025-05-27T07:30:00Z,2025-05-27T07:30:00Z,143.84,143.922,143.67600000000002,0.08199999999999363,false,true,2025-05-27T01:00:00Z,142.15199,bearish,97,13,NO,,,,2025-05-27T07:30:00Z,143.67600000000002,TARGET,1.8048780487804725,0.19512195121952736,0.2926829268293021,3.4510975609760277,false,SAME_BAR_ENTRY_AND_EXIT
BOS_RETAINED,CONTROL,USD/JPY,USDJPY_2025-04-01,30min,supply,bearish_IPO_supply,2025-05-22T23:00:00Z,143.811,143.922,143.758,143.877,143.84,143.758,143.84,143.922,2025-05-27T08:30:00Z,2025-05-27T08:30:00Z,143.84,143.922,143.67600000000002,0.08199999999999363,false,true,2025-05-27T01:00:00Z,142.15199,bearish,97,15,NO,,,,2025-05-27T08:30:00Z,143.67600000000002,TARGET,1.8048780487804725,0.19512195121952736,0.5730487804877746,2.219512195122323,false,SAME_BAR_ENTRY_AND_EXIT
BOS_RETAINED,CONTROL,USD/JPY,USDJPY_2025-04-01,30min,supply,bearish_IPO_supply,2025-05-21T01:00:00Z,144.17,144.302,144.035004,144.27299,144.168502,144.035004,144.168502,144.302,2025-05-27T10:30:00Z,2025-05-27T10:30:00Z,144.168502,144.302,143.90150599999998,0.133498000000003,false,true,2025-05-27T01:00:00Z,142.15199,bearish,189,19,NO,,,,2025-05-27T13:00:00Z,143.90150599999998,TARGET,1.8801480171987621,0.11985198280123778,0.1460546225411485,2.2285127867082166,false,
BOS_RETAINED,CONTROL,USD/JPY,USDJPY_2025-04-01,30min,supply,bearish_IPO_supply,2025-05-21T01:00:00Z,144.17,144.302,144.035004,144.27299,144.168502,144.035004,144.168502,144.302,2025-05-27T13:30:00Z,2025-05-27T13:30:00Z,144.168502,144.302,143.90150599999998,0.133498000000003,false,true,2025-05-27T01:00:00Z,142.15199,bearish,189,25,NO,,,,2025-05-27T14:00:00Z,144.37601,S2_CLOSE_INVALIDATION,-1.6742423107463291,0.11985198280123778,2.033723351660715,1.8389938426042498,false,
BOS_RETAINED,CONTROL,USD/JPY,USDJPY_2025-04-01,30min,supply,bearish_IPO_supply,2025-05-20T22:30:00Z,144.35201,144.459,144.3,144.429,144.3795,144.3,144.3795,144.459,2025-05-27T15:00:00Z,2025-05-27T15:00:00Z,144.3795,144.459,144.22050000000002,0.07949999999999591,false,true,2025-05-27T01:00:00Z,142.15199,bearish,194,28,NO,,,,2025-05-27T15:00:00Z,144.22050000000002,TARGET,1.7987421383647695,0.2012578616352305,0.30830188679237136,2.0062893081763096,false,SAME_BAR_ENTRY_AND_EXIT
BOS_RETAINED,CONTROL,USD/JPY,USDJPY_2025-04-01,30min,supply,bearish_IPO_supply,2025-05-20T22:30:00Z,144.35201,144.459,144.3,144.429,144.3795,144.3,144.3795,144.459,2025-05-27T16:00:00Z,2025-05-27T16:00:00Z,144.3795,144.459,144.22050000000002,0.07949999999999591,false,true,2025-05-27T01:00:00Z,142.15199,bearish,194,30,NO,,,,2025-05-27T22:00:00Z,144.22050000000002,TARGET,1.7987421383647695,0.2012578616352305,0.7358490566035712,2.761006289308453,false,
BOS_RETAINED,CONTROL,USD/JPY,USDJPY_2025-04-01,30min,supply,bearish_IPO_supply,2025-05-20T21:00:00Z,144.468,144.58299,144.46201,144.53799,144.52249999999998,144.46201,144.52249999999998,144.58299,2025-05-28T01:00:00Z,2025-05-28T01:00:00Z,144.52249999999998,144.58299,144.40151999999995,0.0604900000000157,false,true,2025-05-27T01:00:00Z,142.15199,bearish,197,48,NO,,,,2025-05-28T01:00:00Z,144.40151999999995,TARGET,1.735493469995109,0.2645065300048909,4.041990411637509,7.364919821455706,false,SAME_BAR_ENTRY_AND_EXIT
BOS_RETAINED,CONTROL,USD/JPY,USDJPY_2025-04-01,30min,supply,bearish_IPO_supply,2025-05-20T22:30:00Z,144.35201,144.459,144.3,144.429,144.3795,144.3,144.3795,144.459,2025-05-28T02:00:00Z,2025-05-28T02:00:00Z,144.3795,144.459,144.22050000000002,0.07949999999999591,false,true,2025-05-27T01:00:00Z,142.15199,bearish,194,50,NO,,,,2025-05-28T02:00:00Z,144.22050000000002,TARGET,1.7987421383647695,0.2012578616352305,0.05660377358464259,2.1319496855346523,false,SAME_BAR_ENTRY_AND_EXIT
BOS_REMOVED,CONTROL,USD/JPY,USDJPY_2025-04-01,30min,demand,bullish_IPO_demand,2025-05-28T02:00:00Z,144.339,144.384,144.21001,144.278,144.384,144.297005,144.297005,144.21001,2025-05-28T03:30:00Z,2025-05-28T03:30:00Z,144.297005,144.21001,144.47099500000002,0.08699500000000171,false,false,,,,,,NO,,,,2025-05-28T03:30:00Z,144.47099500000002,TARGET,1.8160813839875891,0.18391861601241088,0.034427265935132935,5.391171906431085,false,SAME_BAR_ENTRY_AND_EXIT
BOS_REMOVED,CONTROL,USD/JPY,USDJPY_2025-04-01,30min,demand,bullish_IPO_demand,2025-05-28T02:00:00Z,144.339,144.384,144.21001,144.278,144.384,144.297005,144.297005,144.21001,2025-05-28T05:30:00Z,2025-05-28T05:30:00Z,144.297005,144.21001,144.47099500000002,0.08699500000000171,false,false,,,,,,NO,,,,2025-05-28T05:30:00Z,144.47099500000002,TARGET,1.8160813839875891,0.18391861601241088,0.5633082361057696,3.9313178918327907,false,SAME_BAR_ENTRY_AND_EXIT
BOS_REMOVED,CONTROL,USD/JPY,USDJPY_2025-04-01,30min,demand,bullish_IPO_demand,2025-05-28T02:00:00Z,144.339,144.384,144.21001,144.278,144.384,144.297005,144.297005,144.21001,2025-05-28T06:30:00Z,2025-05-28T06:30:00Z,144.297005,144.21001,144.47099500000002,0.08699500000000171,false,false,,,,,,NO,,,,2025-05-28T06:30:00Z,144.47099500000002,TARGET,1.8160813839875891,0.18391861601241088,0.45985401459862124,2.643657681475886,false,SAME_BAR_ENTRY_AND_EXIT
BOS_RETAINED,CONTROL,USD/JPY,USDJPY_2025-04-01,30min,supply,bearish_IPO_supply,2025-05-20T13:00:00Z,144.80901,144.97701,144.80099,144.88499,144.889,144.80099,144.889,144.97701,2025-05-28T14:00:00Z,2025-05-28T14:00:00Z,144.889,144.97701,144.71298000000002,0.08800999999999704,false,true,2025-05-27T01:00:00Z,142.15199,bearish,213,74,NO,,,,2025-05-28T14:00:00Z,144.71298000000002,TARGET,1.8182024769912448,0.18179752300875512,0.34098397909302236,3.4997159413703702,false,SAME_BAR_ENTRY_AND_EXIT
BOS_REMOVED,CONTROL,USD/JPY,USDJPY_2025-04-01,30min,demand,bullish_IPO_demand,2025-05-28T14:00:00Z,144.888,144.91901,144.58099,144.59,144.91901,144.75,144.75,144.58099,2025-05-28T18:30:00Z,2025-05-28T18:30:00Z,144.75,144.58099,145.08801999999997,0.1690099999999859,false,false,,,,,,NO,,,,2025-05-28T23:00:00Z,145.08801999999997,TARGET,1.9053310455002583,0.09466895449974165,0.15383705106214207,4.360688716644319,false,
BOS_REMOVED,CONTROL,USD/JPY,USDJPY_2025-04-01,30min,supply,bearish_IPO_supply,2025-05-15T11:30:00Z,145.955,146.10001,145.942,146.082001,146.021005,145.942,146.021005,146.10001,2025-05-28T23:30:00Z,2025-05-28T23:30:00Z,146.021005,146.10001,145.862995,0.0790049999999951,false,true,2025-05-27T01:00:00Z,142.15199,bearish,356,93,NO,,,,2025-05-28T23:30:00Z,145.862995,TARGET,1.797481172077704,0.20251882792229595,0.06323650401880718,8.113473830770795,false,SAME_BAR_ENTRY_AND_EXIT
BOS_RETAINED,CONTROL,USD/JPY,USDJPY_2025-04-01,30min,supply,bearish_IPO_supply,2025-05-15T11:30:00Z,145.955,146.10001,145.942,146.082001,146.021005,145.942,146.021005,146.10001,2025-05-29T00:30:00Z,2025-05-29T00:30:00Z,146.021005,146.10001,145.862995,0.0790049999999951,false,true,2025-05-27T01:00:00Z,142.15199,bearish,356,95,NO,,,,2025-05-29T00:30:00Z,145.862995,TARGET,1.797481172077704,0.20251882792229595,1.025314853490408,3.278463388393407,false,SAME_BAR_ENTRY_AND_EXIT
BOS_RETAINED,CONTROL,USD/JPY,USDJPY_2025-04-01,30min,supply,bearish_IPO_supply,2025-05-15T11:30:00Z,145.955,146.10001,145.942,146.082001,146.021005,145.942,146.021005,146.10001,2025-05-29T05:30:00Z,2025-05-29T05:30:00Z,146.021005,146.10001,145.862995,0.0790049999999951,false,true,2025-05-27T01:00:00Z,142.15199,bearish,356,105,NO,,,,2025-05-29T05:30:00Z,145.862995,TARGET,1.797481172077704,0.20251882792229595,0.9112967533702268,2.7341940383521566,false,SAME_BAR_ENTRY_AND_EXIT
BOS_RETAINED,CONTROL,USD/JPY,USDJPY_2025-04-01,30min,demand,bullish_IPO_demand,2025-05-28T18:30:00Z,144.98,145.0079956,144.75,144.83701,145.0079956,144.87899779999998,144.87899779999998,144.75,2025-05-29T12:00:00Z,2025-05-29T12:00:00Z,144.87899779999998,144.75,145.13699339999994,0.12899779999997918,false,true,2025-05-29T01:00:00Z,145.92799,bullish,13,22,NO,,,,2025-05-29T12:30:00Z,144.433,S2_CLOSE_INVALIDATION,-3.5814393733851353,0.12403312304552933,3.6821387651576716,1.5736950552648548,false,
BOS_RETAINED,CONTROL,USD/JPY,USDJPY_2025-04-01,30min,demand,bullish_IPO_demand,2025-05-28T12:00:00Z,144.42101,144.50101,144.304,144.42,144.50101,144.40250500000002,144.40250500000002,144.304,2025-05-29T13:30:00Z,2025-05-29T13:30:00Z,144.40250500000002,144.304,144.59951500000005,0.09850500000001716,false,true,2025-05-29T01:00:00Z,145.92799,bullish,26,25,NO,,,,2025-05-29T15:00:00Z,144.23599,S2_CLOSE_INVALIDATION,-1.8528501091315221,0.16242830313179243,2.5634739353329548,0.6242830313178895,false,
BOS_RETAINED,CONTROL,USD/JPY,USDJPY_2025-04-01,30min,demand,bullish_IPO_demand,2025-05-28T10:00:00Z,144.22501,144.23399,144.078003,144.12199,144.23399,144.15599650000001,144.15599650000001,144.078003,2025-05-29T16:00:00Z,2025-05-29T16:00:00Z,144.15599650000001,144.078003,144.31198350000005,0.07799350000001937,false,true,2025-05-29T01:00:00Z,145.92799,bullish,30,30,NO,,,,2025-05-29T17:30:00Z,144.044006,S2_CLOSE_INVALIDATION,-1.6410405995369741,0.20514530056986835,2.3205331213495013,1.2822030040959906,false,
BOS_RETAINED,CONTROL,USD/JPY,USDJPY_2025-04-01,30min,demand,bullish_IPO_demand,2025-05-28T08:30:00Z,144.076004,144.13699,143.991,144.037994,144.13699,144.063995,144.063995,143.991,2025-05-29T19:00:00Z,2025-05-29T19:00:00Z,144.063995,143.991,144.209985,0.0729949999999917,false,true,2025-05-29T01:00:00Z,145.92799,bullish,33,36,NO,,,,2025-05-29T20:30:00Z,144.209985,TARGET,1.7808069045824808,0.21919309541751927,1.2328926638814475,2.4796903897529905,false,
BOS_REMOVED,CONTROL,USD/JPY,USDJPY_2025-04-01,30min,supply,bearish_IPO_supply,2025-05-29T22:30:00Z,143.918,144.020996,143.911,144.018997,143.965998,143.911,143.965998,144.020996,2025-05-30T00:30:00Z,2025-05-30T00:30:00Z,143.965998,144.020996,143.85600200000005,0.05499799999998345,false,false,,,,,,NO,,,,2025-05-30T00:30:00Z,143.85600200000005,TARGET,1.7090803301937376,0.2909196698062623,1.2910469471618367,5.381977526457595,false,SAME_BAR_ENTRY_AND_EXIT
BOS_REMOVED,CONTROL,USD/JPY,USDJPY_2025-04-01,30min,supply,bearish_IPO_supply,2025-05-29T22:30:00Z,143.918,144.020996,143.911,144.018997,143.965998,143.911,143.965998,144.020996,2025-05-30T02:30:00Z,2025-05-30T02:30:00Z,143.965998,144.020996,143.85600200000005,0.05499799999998345,false,false,,,,,,NO,,,,2025-05-30T02:30:00Z,143.85600200000005,TARGET,1.7090803301937376,0.2909196698062623,0.0000363649586339701,2.672788101386761,false,SAME_BAR_ENTRY_AND_EXIT
BOS_RETAINED,CONTROL,USD/JPY,USDJPY_2025-04-01,30min,supply,bearish_IPO_supply,2025-05-29T22:30:00Z,143.918,144.020996,143.911,144.018997,143.965998,143.911,143.965998,144.020996,2025-05-30T03:30:00Z,2025-05-30T03:30:00Z,143.965998,144.020996,143.85600200000005,0.05499799999998345,false,true,2025-05-30T01:00:00Z,143.644,bearish,5,5,NO,,,,2025-05-30T03:30:00Z,143.85600200000005,TARGET,1.7090803301937376,0.2909196698062623,0.34550347285366967,2.3453216480610166,false,SAME_BAR_ENTRY_AND_EXIT
BOS_RETAINED,CONTROL,USD/JPY,USDJPY_2025-04-01,30min,supply,bearish_IPO_supply,2025-05-29T22:30:00Z,143.918,144.020996,143.911,144.018997,143.965998,143.911,143.965998,144.020996,2025-05-30T05:00:00Z,2025-05-30T05:00:00Z,143.965998,144.020996,143.85600200000005,0.05499799999998345,false,true,2025-05-30T01:00:00Z,143.644,bearish,5,8,NO,,,,2025-05-30T05:00:00Z,143.85600200000005,TARGET,1.7090803301937376,0.2909196698062623,0.036401323684073617,3.6362776828262686,false,SAME_BAR_ENTRY_AND_EXIT
BOS_RETAINED,CONTROL,USD/JPY,USDJPY_2025-04-01,30min,supply,bearish_IPO_supply,2025-05-30T09:00:00Z,144.048996,144.138,143.99699,144.095001,144.067495,143.99699,144.067495,144.138,2025-05-30T14:00:00Z,2025-05-30T14:00:00Z,144.067495,144.138,143.926485,0.07050499999999715,false,true,2025-05-30T12:00:00Z,143.576,bearish,6,4,NO,,,,2025-05-30T14:00:00Z,143.926485,TARGET,1.7730657400184293,0.22693425998157077,0.02134600382923748,3.7372526771153347,false,SAME_BAR_ENTRY_AND_EXIT
BOS_RETAINED,CONTROL,USD/JPY,USDJPY_2025-04-01,30min,supply,bearish_IPO_supply,2025-05-29T14:00:00Z,144.36099,144.43401,144.14999,144.41701,144.292,144.14999,144.292,144.43401,2025-05-30T14:30:00Z,2025-05-30T14:30:00Z,144.292,144.43401,144.00798,0.14200999999999908,false,true,2025-05-30T12:00:00Z,143.576,bearish,44,5,NO,,,,2025-05-30T14:30:00Z,144.00798,TARGET,1.8873318780367572,0.11266812196324276,1.0632349834519277,3.295472149848726,false,SAME_BAR_ENTRY_AND_EXIT
BOS_REMOVED,CONTROL,USD/JPY,USDJPY_2025-04-01,30min,demand,bullish_IPO_demand,2025-05-30T14:00:00Z,143.996,144.069,143.804,143.89301,144.069,143.9365,143.9365,143.804,2025-05-30T19:00:00Z,2025-05-30T19:00:00Z,143.9365,143.804,144.20149999999998,0.13249999999999318,false,false,,,,,,NO,,,,2025-06-01T23:30:00Z,143.78999,S2_CLOSE_INVALIDATION,-1.226490566037847,0.1207547169811383,1.6415849056604943,1.143373584905766,false,
BOS_REMOVED,CONTROL,USD/JPY,USDJPY_2025-04-01,30min,demand,bullish_IPO_demand,2025-05-30T12:00:00Z,143.84599,143.86301,143.466,143.576,143.86301,143.66450500000002,143.66450500000002,143.466,2025-06-02T00:00:00Z,2025-06-02T00:00:00Z,143.66450500000002,143.466,144.06151500000004,0.19850500000001148,false,false,,,,,,NO,,,,2025-06-02T01:00:00Z,143.37199,S2_CLOSE_INVALIDATION,-1.5541925896072688,0.08060250371526699,1.5793304954535274,0.6775396085739863,false,
BOS_RETAINED,CONTROL,USD/JPY,USDJPY_2025-04-01,30min,demand,bullish_IPO_demand,2025-05-27T06:00:00Z,143.258,143.30499,142.972,143.16,143.30499,143.138495,143.138495,142.972,2025-06-02T06:30:00Z,2025-06-02T06:30:00Z,143.138495,142.972,143.471485,0.16649499999999762,false,true,2025-05-29T01:00:00Z,145.92799,bullish,86,103,NO,,,,2025-06-02T07:30:00Z,142.90401,S2_CLOSE_INVALIDATION,-1.5044595933812432,0.09609898195141132,1.9008678939307766,0.8619177753086081,false,
BOS_REMOVED,CONTROL,USD/JPY,USDJPY_2025-04-01,30min,supply,bearish_IPO_supply,2025-06-02T13:00:00Z,142.83,142.985,142.823,142.972,142.904,142.823,142.904,142.985,2025-06-02T16:30:00Z,2025-06-02T16:30:00Z,142.904,142.985,142.74199999999996,0.08100000000001728,false,false,,,,,,NO,,,,2025-06-02T17:00:00Z,142.98801,S2_CLOSE_INVALIDATION,-1.2346913580245065,0.19753086419748872,1.1111111111109162,0.5556790123454453,false,
BOS_RETAINED,CONTROL,USD/JPY,USDJPY_2025-04-01,30min,demand,bullish_IPO_demand,2025-05-27T03:00:00Z,142.383,142.459,142.34599,142.36301,142.459,142.402495,142.402495,142.34599,2025-06-02T23:30:00Z,2025-06-02T23:30:00Z,142.402495,142.34599,142.51550499999996,0.05650499999998715,false,true,2025-05-29T01:00:00Z,145.92799,bullish,92,137,NO,,,,2025-06-02T23:30:00Z,142.51550499999996,TARGET,1.7168392177682748,0.2831607822317253,0.5398637288732613,2.3450137156010817,false,SAME_BAR_ENTRY_AND_EXIT
BOS_REMOVED,CONTROL,USD/JPY,USDJPY_2025-04-01,30min,supply,bearish_IPO_supply,2025-06-02T20:00:00Z,142.707,142.743,142.679,142.715,142.711,142.679,142.711,142.743,2025-06-03T00:00:00Z,2025-06-03T00:00:00Z,142.711,142.743,142.64700000000005,0.031999999999982265,false,false,,,,,,NO,,,,2025-06-03T00:00:00Z,142.64700000000005,TARGET,1.4999999999997229,0.5000000000002771,0.9687499999998335,9.156250000005274,false,SAME_BAR_ENTRY_AND_EXIT
BOS_RETAINED,CONTROL,USD/JPY,USDJPY_2025-04-01,30min,supply,bearish_IPO_supply,2025-06-02T06:30:00Z,143.216,143.261,143.127,143.224,143.19400000000002,143.127,143.19400000000002,143.261,2025-06-03T01:30:00Z,2025-06-03T01:30:00Z,143.19400000000002,143.261,143.06000000000006,0.06699999999997885,false,true,2025-06-02T23:30:00Z,142.424,bearish,34,4,NO,,,,2025-06-03T01:30:00Z,143.06000000000006,TARGET,1.761194029850671,0.2388059701493291,0.4926865671641885,2.492641791045747,false,SAME_BAR_ENTRY_AND_EXIT
BOS_RETAINED,CONTROL,USD/JPY,USDJPY_2025-04-01,30min,supply,bearish_IPO_supply,2025-06-02T06:30:00Z,143.216,143.261,143.127,143.224,143.19400000000002,143.127,143.19400000000002,143.261,2025-06-03T03:30:00Z,2025-06-03T03:30:00Z,143.19400000000002,143.261,143.06000000000006,0.06699999999997885,false,true,2025-06-02T23:30:00Z,142.424,bearish,34,8,NO,,,,2025-06-03T04:30:00Z,143.06000000000006,TARGET,1.761194029850671,0.2388059701493291,1,4.418059701494288,false,
BOS_REMOVED,CONTROL,USD/JPY,USDJPY_2025-04-01,30min,supply,bearish_IPO_supply,2025-06-03T01:30:00Z,143.037003,143.22701,143.026993,143.129,143.1270015,143.026993,143.1270015,143.22701,2025-06-03T11:30:00Z,2025-06-03T11:30:00Z,143.1270015,143.22701,142.9269845,0.10000850000000128,false,false,,,,,,NO,,,,2025-06-03T12:00:00Z,143.25,S2_CLOSE_INVALIDATION,-1.3898668613167129,0.1599864011558997,1.5498532624727193,0.819965302949371,false,
BOS_RETAINED,CONTROL,USD/JPY,USDJPY_2025-04-01,30min,supply,bearish_IPO_supply,2025-05-30T20:30:00Z,144.018005,144.087997,143.97501,144.020996,144.03150349999999,143.97501,144.03150349999999,144.087997,2025-06-03T16:30:00Z,2025-06-03T16:30:00Z,144.03150349999999,144.087997,143.91851649999995,0.056493500000016184,false,true,2025-06-02T23:30:00Z,142.424,bearish,50,34,NO,,,,2025-06-03T17:00:00Z,143.91851649999995,TARGET,1.7167815766416417,0.28321842335835834,1.3716002725977015,2.6994875516643666,false,
BOS_RETAINED,CONTROL,USD/JPY,USDJPY_2025-04-01,30min,supply,bearish_IPO_supply,2025-05-29T14:00:00Z,144.36099,144.43401,144.14999,144.41701,144.292,144.14999,144.292,144.43401,2025-06-04T01:00:00Z,2025-06-04T01:00:00Z,144.292,144.43401,144.00798,0.14200999999999908,false,true,2025-06-02T23:30:00Z,142.424,bearish,111,51,NO,,,,2025-06-04T01:00:00Z,144.00798,TARGET,1.8873318780367572,0.11266812196324276,0.042250545736217636,3.5912963875782986,false,SAME_BAR_ENTRY_AND_EXIT
BOS_RETAINED,CONTROL,USD/JPY,USDJPY_2025-04-01,30min,supply,bearish_IPO_supply,2025-05-30T20:30:00Z,144.018005,144.087997,143.97501,144.020996,144.03150349999999,143.97501,144.03150349999999,144.087997,2025-06-04T03:30:00Z,2025-06-04T03:30:00Z,144.03150349999999,144.087997,143.91851649999995,0.056493500000016184,false,true,2025-06-02T23:30:00Z,142.424,bearish,50,56,NO,,,,2025-06-04T04:30:00Z,144.25301,S2_CLOSE_INVALIDATION,-4.204138529210189,0.28321842335835834,4.4340764866746385,1.1240850717335225,false,
BOS_RETAINED,CONTROL,USD/JPY,USDJPY_2025-04-01,30min,supply,bearish_IPO_supply,2025-05-29T14:00:00Z,144.36099,144.43401,144.14999,144.41701,144.292,144.14999,144.292,144.43401,2025-06-04T05:30:00Z,2025-06-04T05:30:00Z,144.292,144.43401,144.00798,0.14200999999999908,false,true,2025-06-02T23:30:00Z,142.424,bearish,111,60,NO,,,,2025-06-04T06:00:00Z,144.00798,TARGET,1.8873318780367572,0.11266812196324276,0.725301035138436,2.3096965002464973,false,
BOS_RETAINED,CONTROL,USD/JPY,USDJPY_2025-04-01,30min,supply,bearish_IPO_supply,2025-05-30T14:30:00Z,143.88699,144.44299,143.82401,144.26801,144.1335,143.82401,144.1335,144.44299,2025-06-04T10:30:00Z,2025-06-04T10:30:00Z,144.1335,144.44299,143.51451999999998,0.3094900000000109,false,true,2025-06-02T23:30:00Z,142.424,bearish,62,70,NO,,,,2025-06-04T12:30:00Z,143.51451999999998,TARGET,1.9483020453003346,0.05169795469966537,0.5832175514555837,2.04045364955238,false,
BOS_RETAINED,CONTROL,USD/JPY,USDJPY_2025-04-01,30min,supply,bearish_IPO_supply,2025-06-04T19:30:00Z,142.86099,142.92599,142.84399,142.882,142.88499000000002,142.84399,142.88499000000002,142.92599,2025-06-05T01:00:00Z,2025-06-05T01:00:00Z,142.88499000000002,142.92599,142.80299000000002,0.04099999999999682,false,true,2025-06-04T23:00:00Z,142.564,bearish,7,4,NO,,,,2025-06-05T01:00:00Z,142.80299000000002,TARGET,1.6097560975609453,0.3902439024390547,0.09804878048773995,7.7317073170739485,false,SAME_BAR_ENTRY_AND_EXIT
BOS_RETAINED,CONTROL,USD/JPY,USDJPY_2025-04-01,30min,supply,bearish_IPO_supply,2025-06-04T19:30:00Z,142.86099,142.92599,142.84399,142.882,142.88499000000002,142.84399,142.88499000000002,142.92599,2025-06-05T02:00:00Z,2025-06-05T02:00:00Z,142.88499000000002,142.92599,142.80299000000002,0.04099999999999682,false,true,2025-06-04T23:00:00Z,142.564,bearish,7,6,NO,,,,2025-06-05T03:30:00Z,142.994,S2_CLOSE_INVALIDATION,-3.0490243902437397,0.3902439024390547,3.414731707316759,4.511951219513216,false,SAME_BAR_TARGET_AND_S2_RESOLVED_AS_S2
BOS_RETAINED,CONTROL,USD/JPY,USDJPY_2025-04-01,30min,supply,bearish_IPO_supply,2025-06-04T13:30:00Z,143.63699,143.83099,143.62,143.69099,143.72549500000002,143.62,143.72549500000002,143.83099,2025-06-05T15:00:00Z,2025-06-05T15:00:00Z,143.72549500000002,143.83099,143.51450500000004,0.10549499999999057,false,true,2025-06-04T23:00:00Z,142.564,bearish,19,32,NO,,,,2025-06-05T15:00:00Z,143.51450500000004,TARGET,1.8483340442674874,0.15166595573251274,0.01436087018326591,2.611450779658368,false,SAME_BAR_ENTRY_AND_EXIT
BOS_RETAINED,CONTROL,USD/JPY,USDJPY_2025-04-01,30min,supply,bearish_IPO_supply,2025-05-30T14:30:00Z,143.88699,144.44299,143.82401,144.26801,144.1335,143.82401,144.1335,144.44299,2025-06-06T07:00:00Z,2025-06-06T07:00:00Z,144.1335,144.44299,143.51451999999998,0.3094900000000109,false,true,2025-06-04T23:00:00Z,142.564,bearish,157,64,NO,,,,2025-06-06T12:30:00Z,144.618,S2_CLOSE_INVALIDATION,-1.6171766454488978,0.05169795469966537,1.969368961840368,1.0840414876085958,false,
BOS_RETAINED,CONTROL,USD/JPY,USDJPY_2025-04-01,30min,demand,bullish_IPO_demand,2025-06-06T11:30:00Z,144.157,144.185,144.072006,144.15601,144.185,144.128503,144.128503,144.072006,2025-06-09T08:00:00Z,2025-06-09T08:00:00Z,144.128503,144.072006,144.241497,0.05649700000000735,false,true,2025-06-09T00:30:00Z,144.93201,bullish,23,15,NO,,,,2025-06-09T09:00:00Z,144.050003,S2_CLOSE_INVALIDATION,-1.6726551852306997,0.2832008779226847,2.8055117970861363,0.8405225056199774,false,
BOS_RETAINED,CONTROL,USD/JPY,USDJPY_2025-04-01,30min,demand,bullish_IPO_demand,2025-06-06T10:00:00Z,144.15601,144.16,144.035004,144.082001,144.16,144.097502,144.097502,144.035004,2025-06-09T09:30:00Z,2025-06-09T09:30:00Z,144.097502,144.035004,144.222498,0.06249800000000505,false,true,2025-06-09T00:30:00Z,144.93201,bullish,26,18,NO,,,,2025-06-09T11:00:00Z,144.222498,TARGET,1.7439918077378682,0.25600819226213173,1.6240839706866463,3.7520880668178687,false,
BOS_REMOVED,CONTROL,USD/JPY,USDJPY_2025-04-01,30min,supply,bearish_IPO_supply,2025-06-09T02:30:00Z,144.38699,144.507,144.369,144.496,144.438,144.369,144.438,144.507,2025-06-09T11:30:00Z,2025-06-09T11:30:00Z,144.438,144.507,144.29999999999995,0.06900000000001683,false,false,,,,,,NO,,,,2025-06-09T11:30:00Z,144.29999999999995,TARGET,1.768115942029042,0.23188405797095796,1.3189855072462198,2.0434782608689384,false,SAME_BAR_ENTRY_AND_EXIT
BOS_REMOVED,CONTROL,USD/JPY,USDJPY_2025-04-01,30min,demand,bullish_IPO_demand,2025-06-09T20:30:00Z,144.575,144.63499,144.522,144.53999,144.63499,144.57849499999998,144.57849499999998,144.522,2025-06-09T23:00:00Z,2025-06-09T23:00:00Z,144.57849499999998,144.522,144.69148499999994,0.056494999999983975,false,false,,,,,,NO,,,,2025-06-10T00:00:00Z,144.40199,S2_CLOSE_INVALIDATION,-3.4074696875832884,0.2832109036198697,3.195061509868724,1.3187892733876871,false,
BOS_RETAINED,CONTROL,USD/JPY,USDJPY_2025-04-01,30min,demand,bullish_IPO_demand,2025-06-10T00:00:00Z,144.563,144.64,144.39799,144.40199,144.64,144.518995,144.518995,144.39799,2025-06-10T06:00:00Z,2025-06-10T06:00:00Z,144.518995,144.39799,144.76100499999998,0.1210049999999967,false,true,2025-06-10T02:00:00Z,145.16701,bullish,4,8,NO,,,,2025-06-10T07:00:00Z,144.76100499999998,TARGET,1.8677740589231813,0.13222594107681862,0.8097599272757067,2.5783645303915783,false,
BOS_RETAINED,CONTROL,USD/JPY,USDJPY_2025-04-01,30min,demand,bullish_IPO_demand,2025-06-10T00:00:00Z,144.563,144.64,144.39799,144.40199,144.64,144.518995,144.518995,144.39799,2025-06-10T11:00:00Z,2025-06-10T11:00:00Z,144.518995,144.39799,144.76100499999998,0.1210049999999967,false,true,2025-06-10T02:00:00Z,145.16701,bullish,4,18,NO,,,,2025-06-10T14:30:00Z,144.76100499999998,TARGET,1.8677740589231813,0.13222594107681862,0.66935250609482,2.6032395355565647,false,
BOS_REMOVED,CONTROL,USD/JPY,USDJPY_2025-04-01,30min,supply,bearish_IPO_supply,2025-06-10T04:00:00Z,144.825,144.94901,144.80099,144.93201,144.875,144.80099,144.875,144.94901,2025-06-10T15:30:00Z,2025-06-10T15:30:00Z,144.875,144.94901,144.72698000000003,0.07400999999998703,false,false,,,,,,NO,,,,2025-06-10T16:00:00Z,144.99001,S2_CLOSE_INVALIDATION,-1.7701661937580764,0.21618700175655728,1.7295770841781057,1.1486285637079587,false,
BOS_REMOVED,CONTROL,USD/JPY,USDJPY_2025-04-01,30min,supply,bearish_IPO_supply,2025-06-10T02:00:00Z,145.0090027,145.28999,145.0090027,145.16701,145.14949635,145.0090027,145.14949635,145.28999,2025-06-10T23:00:00Z,2025-06-10T23:00:00Z,145.14949635,145.28999,144.86850905,0.14049364999999625,false,false,,,,,,NO,,,,2025-06-10T23:00:00Z,144.86850905,TARGET,1.8861158493640073,0.11388415063599264,0.09604455432694277,2.3738179625912075,false,SAME_BAR_ENTRY_AND_EXIT
BOS_REMOVED,CONTROL,USD/JPY,USDJPY_2025-04-01,30min,supply,bearish_IPO_supply,2025-06-10T02:00:00Z,145.0090027,145.28999,145.0090027,145.16701,145.14949635,145.0090027,145.14949635,145.28999,2025-06-11T06:30:00Z,2025-06-11T06:30:00Z,145.14949635,145.28999,144.86850905,0.14049364999999625,false,false,,,,,,NO,,,,2025-06-11T12:30:00Z,144.86850905,TARGET,1.8861158493640073,0.11388415063599264,2.252796834590204,5.897037695298092,false,
BOS_REMOVED,CONTROL,USD/JPY,USDJPY_2025-04-01,30min,supply,bearish_IPO_supply,2025-06-10T02:00:00Z,145.0090027,145.28999,145.0090027,145.16701,145.14949635,145.0090027,145.14949635,145.28999,2025-06-11T13:30:00Z,2025-06-11T13:30:00Z,145.14949635,145.28999,144.86850905,0.14049364999999625,false,false,,,,,,NO,,,,2025-06-11T14:00:00Z,144.86850905,TARGET,1.8861158493640073,0.11388415063599264,0.2456598572249278,2.4733954168036023,false,
BOS_RETAINED,CONTROL,USD/JPY,USDJPY_2025-04-01,30min,demand,bullish_IPO_demand,2025-06-09T15:30:00Z,144.414,144.46001,144.34399,144.371,144.46001,144.402,144.402,144.34399,2025-06-11T18:00:00Z,2025-06-11T18:00:00Z,144.402,144.34399,144.51801999999998,0.0580099999999959,false,true,2025-06-11T06:00:00Z,145.216,bullish,77,24,NO,,,,2025-06-11T18:00:00Z,144.51801999999998,TARGET,1.7241854852611422,0.27581451473885765,1.3963109808652747,2.120151697983527,false,SAME_BAR_ENTRY_AND_EXIT
BOS_RETAINED,CONTROL,USD/JPY,USDJPY_2025-04-01,30min,demand,bullish_IPO_demand,2025-06-10T00:00:00Z,144.563,144.64,144.39799,144.40199,144.64,144.518995,144.518995,144.39799,2025-06-11T19:00:00Z,2025-06-11T19:00:00Z,144.518995,144.39799,144.76100499999998,0.1210049999999967,false,true,2025-06-11T06:00:00Z,145.216,bullish,60,26,NO,,,,2025-06-11T22:00:00Z,144.38699,S2_CLOSE_INVALIDATION,-1.2231312755670958,0.13222594107681862,1.3718028180652497,1.4379157886039748,false,
BOS_RETAINED,CONTROL,USD/JPY,USDJPY_2025-04-01,30min,demand,bullish_IPO_demand,2025-06-06T10:00:00Z,144.15601,144.16,144.035004,144.082001,144.16,144.097502,144.097502,144.035004,2025-06-12T00:00:00Z,2025-06-12T00:00:00Z,144.097502,144.035004,144.222498,0.06249800000000505,false,true,2025-06-11T06:00:00Z,145.216,bullish,133,36,NO,,,,2025-06-12T00:00:00Z,144.222498,TARGET,1.7439918077378682,0.25600819226213173,0.056129796153189214,3.960094723030934,false,SAME_BAR_ENTRY_AND_EXIT
BOS_RETAINED,CONTROL,USD/JPY,USDJPY_2025-04-01,30min,demand,bullish_IPO_demand,2025-06-06T07:30:00Z,143.961,143.976,143.798,143.90601,143.976,143.887,143.887,143.798,2025-06-12T01:30:00Z,2025-06-12T01:30:00Z,143.887,143.798,144.065,0.08899999999999864,false,true,2025-06-11T06:00:00Z,145.216,bullish,138,39,NO,,,,2025-06-12T02:00:00Z,144.065,TARGET,1.820224719101121,0.17977528089887918,1.865280898876433,2.584269662921273,false,
BOS_RETAINED,CONTROL,USD/JPY,USDJPY_2025-04-01,30min,demand,bullish_IPO_demand,2025-06-06T07:30:00Z,143.961,143.976,143.798,143.90601,143.976,143.887,143.887,143.798,2025-06-12T03:30:00Z,2025-06-12T03:30:00Z,143.887,143.798,144.065,0.08899999999999864,false,true,2025-06-11T06:00:00Z,145.216,bullish,138,43,NO,,,,2025-06-12T05:30:00Z,143.73199,S2_CLOSE_INVALIDATION,-1.9214606741573812,0.17977528089887918,2.438202247191194,1.7865730337079782,false,
BOS_REMOVED,CONTROL,USD/JPY,USDJPY_2025-04-01,30min,supply,bearish_IPO_supply,2025-06-12T04:00:00Z,143.894,144.046005,143.88499,144.016006,143.9654975,143.88499,143.9654975,144.046005,2025-06-12T07:00:00Z,2025-06-12T07:00:00Z,143.9654975,144.046005,143.80448249999998,0.08050750000001017,false,false,,,,,,NO,,,,2025-06-12T07:00:00Z,143.80448249999998,TARGET,1.8012607521038664,0.19873924789613365,1.2731174114211776,2.875601652019538,false,SAME_BAR_ENTRY_AND_EXIT
BOS_RETAINED,CONTROL,USD/JPY,USDJPY_2025-04-01,30min,demand,bullish_IPO_demand,2025-06-05T19:00:00Z,143.631,143.715,143.468,143.59,143.715,143.5915,143.5915,143.468,2025-06-12T10:00:00Z,2025-06-12T10:00:00Z,143.5915,143.468,143.8385,0.12350000000000705,false,true,2025-06-11T06:00:00Z,145.216,bullish,163,56,NO,,,,2025-06-12T12:30:00Z,143.28799,S2_CLOSE_INVALIDATION,-2.587125506072635,0.12955465587043796,3.332064777327686,1.582995951416993,false,
BOS_REMOVED,CONTROL,USD/JPY,USDJPY_2025-04-01,30min,supply,bearish_IPO_supply,2025-06-12T11:30:00Z,143.604,143.787,143.54201,143.619,143.66450500000002,143.54201,143.66450500000002,143.787,2025-06-12T14:00:00Z,2025-06-12T14:00:00Z,143.66450500000002,143.787,143.41951500000005,0.12249499999998648,false,false,,,,,,NO,,,,2025-06-12T21:00:00Z,143.41951500000005,TARGET,1.8693824237723844,0.13061757622761555,1.955222662149527,2.1430670639620932,false,
BOS_RETAINED,CONTROL,USD/JPY,USDJPY_2025-04-01,30min,demand,bullish_IPO_demand,2025-06-05T03:00:00Z,142.888,142.907,142.80499,142.826,142.907,142.855995,142.855995,142.80499,2025-06-13T00:00:00Z,2025-06-13T00:00:00Z,142.855995,142.80499,142.958005,0.05100500000000352,false,true,2025-06-11T06:00:00Z,145.216,bullish,195,84,NO,,,,2025-06-13T00:00:00Z,142.958005,TARGET,1.6863052641898069,0.313694735810193,0.9801980198018257,6.587687481618997,false,SAME_BAR_ENTRY_AND_EXIT
BOS_RETAINED,CONTROL,USD/JPY,USDJPY_2025-04-01,30min,demand,bullish_IPO_demand,2025-06-05T13:30:00Z,143.082001,143.144,142.89301,143.026001,143.144,143.018505,143.018505,142.89301,2025-06-13T00:30:00Z,2025-06-13T00:30:00Z,143.018505,142.89301,143.269495,0.1254950000000008,false,true,2025-06-11T06:00:00Z,145.216,bullish,174,85,NO,,,,2025-06-13T01:30:00Z,143.269495,TARGET,1.8725048806725375,0.12749511932746244,1.8209091995698181,2.179409538228602,false,
BOS_RETAINED,CONTROL,USD/JPY,USDJPY_2025-04-01,30min,demand,bullish_IPO_demand,2025-06-05T13:30:00Z,143.082001,143.144,142.89301,143.026001,143.144,143.018505,143.018505,142.89301,2025-06-13T02:30:00Z,2025-06-13T02:30:00Z,143.018505,142.89301,143.269495,0.1254950000000008,false,true,2025-06-11T06:00:00Z,145.216,bullish,174,89,NO,,,,2025-06-13T03:00:00Z,143.269495,TARGET,1.8725048806725375,0.12749511932746244,0.5618152117613985,3.7491135104983995,false,
BOS_RETAINED,CONTROL,USD/JPY,USDJPY_2025-04-01,30min,supply,bearish_IPO_supply,2025-06-12T11:30:00Z,143.604,143.787,143.54201,143.619,143.66450500000002,143.54201,143.66450500000002,143.787,2025-06-13T03:30:00Z,2025-06-13T03:30:00Z,143.66450500000002,143.787,143.41951500000005,0.12249499999998648,false,true,2025-06-13T00:30:00Z,143.037003,bearish,26,6,NO,,,,2025-06-13T03:30:00Z,143.41951500000005,TARGET,1.8693824237723844,0.13061757622761555,0.6489652638882313,2.0858402383775343,false,SAME_BAR_ENTRY_AND_EXIT
BOS_RETAINED,CONTROL,USD/JPY,USDJPY_2025-04-01,30min,supply,bearish_IPO_supply,2025-06-12T11:30:00Z,143.604,143.787,143.54201,143.619,143.66450500000002,143.54201,143.66450500000002,143.787,2025-06-13T04:30:00Z,2025-06-13T04:30:00Z,143.66450500000002,143.787,143.41951500000005,0.12249499999998648,false,true,2025-06-13T00:30:00Z,143.037003,bearish,26,8,NO,,,,2025-06-13T06:00:00Z,143.41951500000005,TARGET,1.8693824237723844,0.13061757622761555,1.7020694722233054,2.3551573533617174,false,
BOS_RETAINED,CONTROL,USD/JPY,USDJPY_2025-04-01,30min,supply,bearish_IPO_supply,2025-06-12T11:30:00Z,143.604,143.787,143.54201,143.619,143.66450500000002,143.54201,143.66450500000002,143.787,2025-06-13T06:30:00Z,2025-06-13T06:30:00Z,143.66450500000002,143.787,143.41951500000005,0.12249499999998648,false,true,2025-06-13T00:30:00Z,143.037003,bearish,26,12,NO,,,,2025-06-13T07:30:00Z,143.795,S2_CLOSE_INVALIDATION,-1.1959263643412712,0.13061757622761555,1.0735540226130886,1.7592146618233921,false,
BOS_RETAINED,CONTROL,USD/JPY,USDJPY_2025-04-01,30min,supply,bearish_IPO_supply,2025-06-12T04:00:00Z,143.894,144.046005,143.88499,144.016006,143.9654975,143.88499,143.9654975,144.046005,2025-06-13T09:00:00Z,2025-06-13T09:00:00Z,143.9654975,144.046005,143.80448249999998,0.08050750000001017,false,true,2025-06-13T00:30:00Z,143.037003,bearish,41,17,NO,,,,2025-06-13T09:00:00Z,143.80448249999998,TARGET,1.8012607521038664,0.19873924789613365,0.9253237276030483,2.7264230040674575,false,SAME_BAR_ENTRY_AND_EXIT
BOS_REMOVED,CONTROL,USD/JPY,USDJPY_2025-04-01,30min,demand,bullish_IPO_demand,2025-06-13T11:30:00Z,144.317,144.33299,144.098007,144.12399,144.33299,144.2154985,144.2154985,144.098007,2025-06-13T13:30:00Z,2025-06-13T13:30:00Z,144.2154985,144.098007,144.4504815,0.11749149999999986,false,false,,,,,,NO,,,,2025-06-13T13:30:00Z,144.4504815,TARGET,1.8638199359102572,0.1361800640897428,1.4085742372851804,2.285199354847037,false,SAME_BAR_ENTRY_AND_EXIT
BOS_RETAINED,CONTROL,USD/JPY,USDJPY_2025-04-01,30min,supply,bearish_IPO_supply,2025-06-11T19:30:00Z,144.614,144.64799,144.52,144.63,144.58399500000002,144.52,144.58399500000002,144.64799,2025-06-15T23:00:00Z,2025-06-15T23:00:00Z,144.58399500000002,144.64799,144.45600500000006,0.06399499999997715,false,true,2025-06-13T00:30:00Z,143.037003,bearish,58,41,NO,,,,2025-06-15T23:00:00Z,144.45600500000006,TARGET,1.7499804672239125,0.2500195327760874,2.5782483006490375,2.5626220798513457,false,SAME_BAR_ENTRY_AND_EXIT
BOS_RETAINED,CONTROL,USD/JPY,USDJPY_2025-04-01,30min,supply,bearish_IPO_supply,2025-06-11T19:30:00Z,144.614,144.64799,144.52,144.63,144.58399500000002,144.52,144.58399500000002,144.64799,2025-06-16T00:00:00Z,2025-06-16T00:00:00Z,144.58399500000002,144.64799,144.45600500000006,0.06399499999997715,false,true,2025-06-13T00:30:00Z,143.037003,bearish,58,43,NO,,,,2025-06-16T00:00:00Z,144.45600500000006,TARGET,1.7499804672239125,0.2500195327760874,0.32822876787220034,2.906555199626365,false,SAME_BAR_ENTRY_AND_EXIT
BOS_RETAINED,CONTROL,USD/JPY,USDJPY_2025-04-01,30min,demand,bullish_IPO_demand,2025-06-13T08:00:00Z,143.79401,143.895,143.668,143.69299,143.895,143.7815,143.7815,143.668,2025-06-16T14:00:00Z,2025-06-16T14:00:00Z,143.7815,143.668,144.00849999999997,0.11349999999998772,false,true,2025-06-15T23:00:00Z,144.521,bullish,26,30,NO,,,,2025-06-16T14:30:00Z,144.00849999999997,TARGET,1.85903083700439,0.14096916299560996,1.1674008810573349,2.9823788546259653,false,
BOS_REMOVED,CONTROL,USD/JPY,USDJPY_2025-04-01,30min,supply,bearish_IPO_supply,2025-06-16T12:00:00Z,144.11099,144.282,144.098007,144.241,144.1900035,144.098007,144.1900035,144.282,2025-06-16T15:30:00Z,2025-06-16T15:30:00Z,144.1900035,144.282,144.00601049999995,0.0919965000000218,false,false,,,,,,NO,,,,2025-06-16T17:00:00Z,144.306,S2_CLOSE_INVALIDATION,-1.4347991499675685,0.17391965998702352,1.6087188099543994,1.6306109471549857,false,
BOS_RETAINED,CONTROL,USD/JPY,USDJPY_2025-04-01,30min,supply,bearish_IPO_supply,2025-06-11T19:30:00Z,144.614,144.64799,144.52,144.63,144.58399500000002,144.52,144.58399500000002,144.64799,2025-06-16T18:30:00Z,2025-06-16T18:30:00Z,144.58399500000002,144.64799,144.45600500000006,0.06399499999997715,false,true,2025-06-13T00:30:00Z,143.037003,bearish,58,80,NO,,,,2025-06-16T19:00:00Z,144.64999,S2_CLOSE_INVALIDATION,-1.2812719743732477,0.2500195327760874,1.9375732479103631,1.9374169857027728,false,
BOS_RETAINED,CONTROL,USD/JPY,USDJPY_2025-04-01,30min,supply,bearish_IPO_supply,2025-06-11T13:30:00Z,144.92799,145.18401,144.903,145.046005,145.04350499999998,144.903,145.04350499999998,145.18401,2025-06-17T01:00:00Z,2025-06-17T01:00:00Z,145.04350499999998,145.18401,144.76249499999994,0.14050500000001875,false,true,2025-06-13T00:30:00Z,143.037003,bearish,70,93,NO,,,,2025-06-17T03:30:00Z,144.76249499999994,TARGET,1.8861250489306582,0.11387495106934177,0.14583110921334416,3.0496779474033837,false,
BOS_REMOVED,CONTROL,USD/JPY,USDJPY_2025-04-01,30min,demand,bullish_IPO_demand,2025-06-17T04:00:00Z,144.657,144.67101,144.44501,144.47501,144.67101,144.55801,144.55801,144.44501,2025-06-17T07:30:00Z,2025-06-17T07:30:00Z,144.55801,144.44501,144.78401,0.11299999999999955,false,false,,,,,,NO,,,,2025-06-17T07:30:00Z,144.78401,TARGET,1.858407079646017,0.14159292035398288,1.3807079646016325,2.2742477876106446,false,SAME_BAR_ENTRY_AND_EXIT
BOS_REMOVED,CONTROL,USD/JPY,USDJPY_2025-04-01,30min,demand,bullish_IPO_demand,2025-06-17T04:00:00Z,144.657,144.67101,144.44501,144.47501,144.67101,144.55801,144.55801,144.44501,2025-06-17T11:30:00Z,2025-06-17T11:30:00Z,144.55801,144.44501,144.78401,0.11299999999999955,false,false,,,,,,NO,,,,2025-06-17T12:30:00Z,144.78401,TARGET,1.858407079646017,0.14159292035398288,1.7256637168141058,3.1591150442477383,false,
BOS_RETAINED,CONTROL,USD/JPY,USDJPY_2025-04-01,30min,supply,bearish_IPO_supply,2025-06-10T02:00:00Z,145.0090027,145.28999,145.0090027,145.16701,145.14949635,145.0090027,145.14949635,145.28999,2025-06-17T14:30:00Z,2025-06-17T14:30:00Z,145.14949635,145.28999,144.86850905,0.14049364999999625,false,true,2025-06-13T00:30:00Z,143.037003,bearish,141,120,NO,,,,2025-06-17T18:30:00Z,145.367,S2_CLOSE_INVALIDATION,-1.6620228031658644,0.11388415063599264,1.6050807278479375,1.7616906529226564,false,
BOS_REMOVED,CONTROL,USD/JPY,USDJPY_2025-04-01,30min,demand,bullish_IPO_demand,2025-06-17T21:30:00Z,145.25301,145.285,145.17999,145.213,145.285,145.232495,145.232495,145.17999,2025-06-18T00:00:00Z,2025-06-18T00:00:00Z,145.232495,145.17999,145.337505,0.05250499999999647,false,false,,,,,,NO,,,,2025-06-18T00:00:00Z,145.337505,TARGET,1.6952671174173684,0.30473288258263165,0.9234358632511704,3.952099800019266,false,SAME_BAR_ENTRY_AND_EXIT
BOS_REMOVED,CONTROL,USD/JPY,USDJPY_2025-04-01,30min,demand,bullish_IPO_demand,2025-06-17T19:30:00Z,145.30299,145.35699,145.2,145.218,145.35699,145.278495,145.278495,145.2,2025-06-18T00:30:00Z,2025-06-18T00:30:00Z,145.278495,145.2,145.435485,0.07849500000000376,false,false,,,,,,NO,,,,2025-06-18T01:30:00Z,145.16,S2_CLOSE_INVALIDATION,-1.7134212370213309,0.20383463914898065,1.6625899738836,1.178482705904994,false,
BOS_RETAINED,CONTROL,USD/JPY,USDJPY_2025-04-01,30min,demand,bullish_IPO_demand,2025-06-17T04:00:00Z,144.657,144.67101,144.44501,144.47501,144.67101,144.55801,144.55801,144.44501,2025-06-18T16:00:00Z,2025-06-18T16:00:00Z,144.55801,144.44501,144.78401,0.11299999999999955,false,true,2025-06-17T19:00:00Z,145.3,bullish,30,42,NO,,,,2025-06-18T17:30:00Z,144.78401,TARGET,1.858407079646017,0.14159292035398288,0.3363716814158037,2.345044247787723,false,
BOS_RETAINED,CONTROL,USD/JPY,USDJPY_2025-04-01,30min,demand,bullish_IPO_demand,2025-06-17T04:00:00Z,144.657,144.67101,144.44501,144.47501,144.67101,144.55801,144.55801,144.44501,2025-06-18T18:00:00Z,2025-06-18T18:00:00Z,144.55801,144.44501,144.78401,0.11299999999999955,false,true,2025-06-17T19:00:00Z,145.3,bullish,30,46,NO,,,,2025-06-18T18:00:00Z,144.78401,TARGET,1.858407079646017,0.14159292035398288,2.1061946902654913,2.052920353982247,false,SAME_BAR_ENTRY_AND_EXIT
BOS_RETAINED,CONTROL,USD/JPY,USDJPY_2025-04-01,30min,demand,bullish_IPO_demand,2025-06-17T07:30:00Z,144.71201,144.815,144.40199,144.52699,144.815,144.608495,144.608495,144.40199,2025-06-18T18:30:00Z,2025-06-18T18:30:00Z,144.608495,144.40199,145.021505,0.20650499999999283,false,true,2025-06-17T19:00:00Z,145.3,bullish,23,47,NO,,,,2025-06-18T18:30:00Z,145.021505,TARGET,1.9225200358344807,0.07747996416551926,0.31226846807593633,2.3123120505556694,false,SAME_BAR_ENTRY_AND_EXIT
BOS_RETAINED,CONTROL,USD/JPY,USDJPY_2025-04-01,30min,supply,bearish_IPO_supply,2025-06-18T02:00:00Z,145.161,145.22301,145.10201,145.16901,145.16251,145.10201,145.16251,145.22301,2025-06-18T19:00:00Z,2025-06-18T19:00:00Z,145.16251,145.22301,145.04151000000002,0.06049999999999045,false,true,2025-06-18T16:00:00Z,144.591,bearish,28,6,NO,,,,2025-06-18T19:00:00Z,145.04151000000002,TARGET,1.7355371900826029,0.2644628099173971,1.0163636363636654,2.785289256198749,false,SAME_BAR_ENTRY_AND_EXIT
BOS_RETAINED,CONTROL,USD/JPY,USDJPY_2025-04-01,30min,supply,bearish_IPO_supply,2025-06-18T02:00:00Z,145.161,145.22301,145.10201,145.16901,145.16251,145.10201,145.16251,145.22301,2025-06-18T20:00:00Z,2025-06-18T20:00:00Z,145.16251,145.22301,145.04151000000002,0.06049999999999045,false,true,2025-06-18T16:00:00Z,144.591,bearish,28,8,NO,,,,2025-06-18T21:00:00Z,145.04151000000002,TARGET,1.7355371900826029,0.2644628099173971,0.45438016528933184,2.5869966942152893,false,
BOS_RETAINED,CONTROL,USD/JPY,USDJPY_2025-04-01,30min,supply,bearish_IPO_supply,2025-06-18T02:00:00Z,145.161,145.22301,145.10201,145.16901,145.16251,145.10201,145.16251,145.22301,2025-06-19T02:30:00Z,2025-06-19T02:30:00Z,145.16251,145.22301,145.04151000000002,0.06049999999999045,false,true,2025-06-18T16:00:00Z,144.591,bearish,28,21,NO,,,,2025-06-19T03:30:00Z,145.04151000000002,TARGET,1.7355371900826029,0.2644628099173971,0.9666115702481356,2.2066611570249828,false,
BOS_RETAINED,CONTROL,USD/JPY,USDJPY_2025-04-01,30min,supply,bearish_IPO_supply,2025-06-18T02:00:00Z,145.161,145.22301,145.10201,145.16901,145.16251,145.10201,145.16251,145.22301,2025-06-19T05:30:00Z,2025-06-19T05:30:00Z,145.16251,145.22301,145.04151000000002,0.06049999999999045,false,true,2025-06-18T16:00:00Z,144.591,bearish,28,27,NO,,,,2025-06-19T06:00:00Z,145.25,S2_CLOSE_INVALIDATION,-1.7105785123970056,0.2644628099173971,1.694049586776943,1.3473719008265512,false,
BOS_RETAINED,CONTROL,USD/JPY,USDJPY_2025-04-01,30min,supply,bearish_IPO_supply,2025-06-17T23:30:00Z,145.379,145.43401,145.31599,145.382,145.375,145.31599,145.375,145.43401,2025-06-19T07:30:00Z,2025-06-19T07:30:00Z,145.375,145.43401,145.25698,0.05901000000000067,false,true,2025-06-18T16:00:00Z,144.591,bearish,33,31,NO,,,,2025-06-19T07:30:00Z,145.25698,TARGET,1.7288595153363868,0.27114048466361323,0.4916115912557059,2.2030164378917805,false,SAME_BAR_ENTRY_AND_EXIT
BOS_REMOVED,CONTROL,USD/JPY,USDJPY_2025-04-01,30min,demand,bullish_IPO_demand,2025-06-19T13:30:00Z,145.45799,145.53101,145.341,145.422,145.53101,145.43600500000002,145.43600500000002,145.341,2025-06-19T18:30:00Z,2025-06-19T18:30:00Z,145.43600500000002,145.341,145.62601500000005,0.09500500000001466,false,false,,,,,,NO,,,,2025-06-19T23:00:00Z,145.293,S2_CLOSE_INVALIDATION,-1.6736487553285821,0.16841218883214074,1.9578443239828867,1.3472448818478011,false,
BOS_RETAINED,CONTROL,USD/JPY,USDJPY_2025-04-01,30min,supply,bearish_IPO_supply,2025-05-14T02:00:00Z,147.201,147.291,147.112,147.214,147.2015,147.112,147.2015,147.291,2025-06-23T05:00:00Z,2025-06-23T05:00:00Z,147.2015,147.291,147.02250000000004,0.08949999999998681,false,true,2025-06-18T16:00:00Z,144.591,bearish,1210,118,NO,,,,2025-06-23T05:00:00Z,147.02250000000004,TARGET,1.8212290502793032,0.17877094972069674,0.061452513966306584,2.8883798882685947,false,SAME_BAR_ENTRY_AND_EXIT
BOS_RETAINED,CONTROL,USD/JPY,USDJPY_2025-04-01,30min,supply,bearish_IPO_supply,2025-05-14T06:30:00Z,147.022995,147.215,147.0090027,147.15601,147.11200135,147.0090027,147.11200135,147.215,2025-06-23T05:30:00Z,2025-06-23T05:30:00Z,147.11200135,147.215,146.90600405000004,0.10299864999998931,false,true,2025-06-18T16:00:00Z,144.591,bearish,1201,119,NO,,,,2025-06-23T06:00:00Z,147.371,S2_CLOSE_INVALIDATION,-2.6699247999854734,0.15534184185910846,2.7088573491012666,0.4854951982382855,false,
BOS_RETAINED,CONTROL,USD/JPY,USDJPY_2025-04-01,30min,supply,bearish_IPO_supply,2025-05-13T23:30:00Z,147.431,147.54601,147.418,147.52,147.48200500000002,147.418,147.48200500000002,147.54601,2025-06-23T08:00:00Z,2025-06-23T08:00:00Z,147.48200500000002,147.54601,147.35399500000005,0.06400499999998033,false,true,2025-06-18T16:00:00Z,144.591,bearish,1215,124,NO,,,,2025-06-23T08:00:00Z,147.35399500000005,TARGET,1.7500195297241634,0.24998047027583656,0.624873056792259,2.249902351379822,false,SAME_BAR_ENTRY_AND_EXIT
BOS_RETAINED,CONTROL,USD/JPY,USDJPY_2025-04-01,30min,demand,bullish_IPO_demand,2025-06-23T05:30:00Z,147.127,147.295,147.067993,147.10001,147.295,147.18149649999998,147.18149649999998,147.067993,2025-06-23T13:30:00Z,2025-06-23T13:30:00Z,147.18149649999998,147.067993,147.40850349999994,0.11350349999997889,false,true,2025-06-23T11:00:00Z,147.86,bullish,11,5,NO,,,,2025-06-23T13:30:00Z,147.40850349999994,TARGET,1.859035183937033,0.140964816062967,0.4008378596254122,2.8501632108267625,false,SAME_BAR_ENTRY_AND_EXIT
BOS_RETAINED,CONTROL,USD/JPY,USDJPY_2025-04-01,30min,demand,bullish_IPO_demand,2025-06-22T23:30:00Z,146.241,146.278,146.201,146.21201,146.278,146.2395,146.2395,146.201,2025-06-23T16:30:00Z,2025-06-23T16:30:00Z,146.2395,146.201,146.3165,0.03849999999999909,false,true,2025-06-23T11:00:00Z,147.86,bullish,23,11,NO,,,,2025-06-23T16:30:00Z,146.3165,TARGET,1.5844155844155745,0.41558441558442544,0.29870129870088646,7.441558441559084,false,SAME_BAR_ENTRY_AND_EXIT
BOS_RETAINED,CONTROL,USD/JPY,USDJPY_2025-04-01,30min,demand,bullish_IPO_demand,2025-06-22T23:30:00Z,146.241,146.278,146.201,146.21201,146.278,146.2395,146.2395,146.201,2025-06-23T17:30:00Z,2025-06-23T17:30:00Z,146.2395,146.201,146.3165,0.03849999999999909,false,true,2025-06-23T11:00:00Z,147.86,bullish,23,13,NO,,,,2025-06-23T17:30:00Z,146.3165,TARGET,1.5844155844155745,0.41558441558442544,2.4025974025974888,4.2467532467533236,false,SAME_BAR_ENTRY_AND_EXIT
BOS_RETAINED,CONTROL,USD/JPY,USDJPY_2025-04-01,30min,demand,bullish_IPO_demand,2025-06-20T15:00:00Z,145.914,145.94501,145.783,145.84,145.94501,145.864005,145.864005,145.783,2025-06-23T22:00:00Z,2025-06-23T22:00:00Z,145.864005,145.783,146.026015,0.08100500000000466,false,true,2025-06-23T11:00:00Z,147.86,bullish,36,22,NO,,,,2025-06-23T22:00:00Z,146.026015,TARGET,1.8024813283130785,0.19751867168692155,1.3826924263931326,3.8638972902905104,false,SAME_BAR_ENTRY_AND_EXIT
BOS_RETAINED,CONTROL,USD/JPY,USDJPY_2025-04-01,30min,demand,bullish_IPO_demand,2025-06-20T15:00:00Z,145.914,145.94501,145.783,145.84,145.94501,145.864005,145.864005,145.783,2025-06-23T23:00:00Z,2025-06-23T23:00:00Z,145.864005,145.783,146.026015,0.08100500000000466,false,true,2025-06-23T11:00:00Z,147.86,bullish,36,24,NO,,,,2025-06-23T23:00:00Z,146.026015,TARGET,1.8024813283130785,0.19751867168692155,1.5061415961976972,2.184988580951731,false,SAME_BAR_ENTRY_AND_EXIT
BOS_RETAINED,CONTROL,USD/JPY,USDJPY_2025-04-01,30min,demand,bullish_IPO_demand,2025-06-20T15:00:00Z,145.914,145.94501,145.783,145.84,145.94501,145.864005,145.864005,145.783,2025-06-24T00:00:00Z,2025-06-24T00:00:00Z,145.864005,145.783,146.026015,0.08100500000000466,false,true,2025-06-23T11:00:00Z,147.86,bullish,36,26,NO,,,,2025-06-24T00:30:00Z,145.59801,S2_CLOSE_INVALIDATION,-3.481204863897137,0.19751867168692155,3.752916486636281,0.9011172149869259,false,
BOS_RETAINED,CONTROL,USD/JPY,USDJPY_2025-04-01,30min,demand,bullish_IPO_demand,2025-06-19T00:00:00Z,144.95399,144.976,144.836,144.877,144.976,144.906,144.906,144.836,2025-06-24T09:30:00Z,2025-06-24T09:30:00Z,144.906,144.836,145.046,0.06999999999999318,false,true,2025-06-23T11:00:00Z,147.86,bullish,114,45,NO,,,,2025-06-24T09:30:00Z,145.046,TARGET,1.7714285714285491,0.22857142857145085,0.8572857142858756,3.0714285714289193,false,SAME_BAR_ENTRY_AND_EXIT
BOS_RETAINED,CONTROL,USD/JPY,USDJPY_2025-04-01,30min,demand,bullish_IPO_demand,2025-06-19T00:00:00Z,144.95399,144.976,144.836,144.877,144.976,144.906,144.906,144.836,2025-06-24T13:00:00Z,2025-06-24T13:00:00Z,144.906,144.836,145.046,0.06999999999999318,false,true,2025-06-23T11:00:00Z,147.86,bullish,114,52,NO,,,,2025-06-24T13:00:00Z,145.046,TARGET,1.7714285714285491,0.22857142857145085,0.7998571428573411,4.142857142857433,false,SAME_BAR_ENTRY_AND_EXIT
BOS_RETAINED,CONTROL,USD/JPY,USDJPY_2025-04-01,30min,demand,bullish_IPO_demand,2025-06-17T04:00:00Z,144.657,144.67101,144.44501,144.47501,144.67101,144.55801,144.55801,144.44501,2025-06-24T14:00:00Z,2025-06-24T14:00:00Z,144.55801,144.44501,144.78401,0.11299999999999955,false,true,2025-06-23T11:00:00Z,147.86,bullish,202,54,NO,,,,2025-06-24T14:00:00Z,144.78401,TARGET,1.858407079646017,0.14159292035398288,0.43371681415938024,4.353920353982388,false,SAME_BAR_ENTRY_AND_EXIT
BOS_RETAINED,CONTROL,USD/JPY,USDJPY_2025-04-01,30min,demand,bullish_IPO_demand,2025-06-18T15:30:00Z,144.632,144.649,144.564,144.573,144.649,144.60649999999998,144.60649999999998,144.564,2025-06-24T17:00:00Z,2025-06-24T17:00:00Z,144.60649999999998,144.564,144.69149999999996,0.04249999999998977,false,true,2025-06-23T11:00:00Z,147.86,bullish,131,60,NO,,,,2025-06-24T17:00:00Z,144.69149999999996,TARGET,1.6235294117646153,0.37647058823538476,1.1411764705882745,2.6938823529422424,false,SAME_BAR_ENTRY_AND_EXIT
BOS_RETAINED,CONTROL,USD/JPY,USDJPY_2025-04-01,30min,supply,bearish_IPO_supply,2025-06-24T09:00:00Z,145.089996,145.14999,145.035995,145.10201,145.0929925,145.035995,145.0929925,145.14999,2025-06-25T05:00:00Z,2025-06-25T05:00:00Z,145.0929925,145.14999,144.97899750000002,0.05699749999999426,false,true,2025-06-24T14:00:00Z,144.578,bearish,10,30,NO,,,,2025-06-25T05:00:00Z,144.97899750000002,TARGET,1.7192859335935504,0.2807140664064496,1.0705294091845683,2.719285933594205,false,SAME_BAR_ENTRY_AND_EXIT
BOS_RETAINED,CONTROL,USD/JPY,USDJPY_2025-04-01,30min,supply,bearish_IPO_supply,2025-06-24T12:00:00Z,144.963,145.15601,144.927,145.108,145.041505,144.927,145.041505,145.15601,2025-06-25T05:30:00Z,2025-06-25T05:30:00Z,145.041505,145.15601,144.81249499999998,0.1145050000000083,false,true,2025-06-24T14:00:00Z,144.578,bearish,4,31,NO,,,,2025-06-25T06:30:00Z,145.29601,S2_CLOSE_INVALIDATION,-2.362385922011921,0.13973188943713236,2.5544299375571478,0.5109383869699354,false,
BOS_RETAINED,CONTROL,USD/JPY,USDJPY_2025-04-01,30min,supply,bearish_IPO_supply,2025-06-24T04:00:00Z,145.414,145.51401,145.388,145.44,145.451005,145.388,145.451005,145.51401,2025-06-25T08:00:00Z,2025-06-25T08:00:00Z,145.451005,145.51401,145.324995,0.06300500000000397,false,true,2025-06-24T14:00:00Z,144.578,bearish,20,36,NO,,,,2025-06-25T08:00:00Z,145.324995,TARGET,1.7460519006428221,0.2539480993571779,0.06340766605829774,3.4918657249424774,false,SAME_BAR_ENTRY_AND_EXIT
BOS_RETAINED,CONTROL,USD/JPY,USDJPY_2025-04-01,30min,supply,bearish_IPO_supply,2025-06-24T01:30:00Z,145.565,145.733,145.522,145.677,145.6275,145.522,145.6275,145.733,2025-06-25T09:00:00Z,2025-06-25T09:00:00Z,145.6275,145.733,145.41649999999998,0.10550000000000637,false,true,2025-06-24T14:00:00Z,144.578,bearish,25,38,NO,,,,2025-06-25T11:00:00Z,145.767,S2_CLOSE_INVALIDATION,-1.4739336492889934,0.1516587677725027,1.6255924170615974,1.6635071090046347,false,
BOS_RETAINED,CONTROL,USD/JPY,USDJPY_2025-04-01,30min,supply,bearish_IPO_supply,2025-06-23T22:30:00Z,145.851,146.014999,145.823,145.955,145.91899949999998,145.823,145.91899949999998,146.014999,2025-06-25T12:30:00Z,2025-06-25T12:30:00Z,145.91899949999998,146.014999,145.72700049999997,0.0959995000000049,false,true,2025-06-24T14:00:00Z,144.578,bearish,31,45,NO,,,,2025-06-25T12:30:00Z,145.72700049999997,TARGET,1.8333324652732652,0.16666753472673487,0.04167209204232973,2.3124026687635535,false,SAME_BAR_ENTRY_AND_EXIT
BOS_REMOVED,CONTROL,USD/JPY,USDJPY_2025-04-01,30min,demand,bullish_IPO_demand,2025-06-25T10:00:00Z,145.625,145.66,145.543,145.61099,145.66,145.6015,145.6015,145.543,2025-06-25T14:00:00Z,2025-06-25T14:00:00Z,145.6015,145.543,145.71849999999995,0.0584999999999809,false,false,,,,,,NO,,,,2025-06-25T14:00:00Z,145.71849999999995,TARGET,1.7264957264956373,0.2735042735043628,0.40170940170926467,4.692478632480518,false,SAME_BAR_ENTRY_AND_EXIT
BOS_REMOVED,CONTROL,USD/JPY,USDJPY_2025-04-01,30min,demand,bullish_IPO_demand,2025-06-25T10:00:00Z,145.625,145.66,145.543,145.61099,145.66,145.6015,145.6015,145.543,2025-06-25T15:00:00Z,2025-06-25T15:00:00Z,145.6015,145.543,145.71849999999995,0.0584999999999809,false,false,,,,,,NO,,,,2025-06-25T15:00:00Z,145.71849999999995,TARGET,1.7264957264956373,0.2735042735043628,0.05965811965812763,2.282051282052478,false,SAME_BAR_ENTRY_AND_EXIT
BOS_REMOVED,CONTROL,USD/JPY,USDJPY_2025-04-01,30min,demand,bullish_IPO_demand,2025-06-25T05:30:00Z,145.131,145.16299,144.983,145.031006,145.16299,145.072995,145.072995,144.983,2025-06-25T23:00:00Z,2025-06-25T23:00:00Z,145.072995,144.983,145.25298499999997,0.08999499999998761,false,false,,,,,,NO,,,,2025-06-25T23:30:00Z,144.91299,S2_CLOSE_INVALIDATION,-1.9557197622091027,0.17778765486973946,2.2445135840881183,1.711372854047853,false,
BOS_RETAINED,CONTROL,USD/JPY,USDJPY_2025-04-01,30min,demand,bullish_IPO_demand,2025-06-17T07:30:00Z,144.71201,144.815,144.40199,144.52699,144.815,144.608495,144.608495,144.40199,2025-06-26T06:00:00Z,2025-06-26T06:00:00Z,144.608495,144.40199,145.021505,0.20650499999999283,false,true,2025-06-23T11:00:00Z,147.86,bullish,195,134,NO,,,,2025-06-26T06:30:00Z,144.308,S2_CLOSE_INVALIDATION,-1.5326263286604351,0.07747996416551926,1.60042129730527,0.4576402508413905,false,
BOS_REMOVED,CONTROL,USD/JPY,USDJPY_2025-04-01,30min,supply,bearish_IPO_supply,2025-06-26T12:30:00Z,144.181,144.49699,144.12199,144.306,144.30949,144.12199,144.30949,144.49699,2025-06-26T19:00:00Z,2025-06-26T19:00:00Z,144.30949,144.49699,143.93449,0.1875,false,false,,,,,,NO,,,,2025-06-26T22:30:00Z,144.59801,S2_CLOSE_INVALIDATION,-1.624106666666544,0.08533333333333333,1.8693866666665901,0.6213333333333443,false,
BOS_RETAINED,CONTROL,USD/JPY,USDJPY_2025-04-01,30min,supply,bearish_IPO_supply,2025-06-26T01:00:00Z,144.688,144.92799,144.66901,144.838,144.7985,144.66901,144.7985,144.92799,2025-06-27T00:30:00Z,2025-06-27T00:30:00Z,144.7985,144.92799,144.53951999999998,0.1294900000000041,false,true,2025-06-26T08:30:00Z,143.92599,bearish,15,32,NO,,,,2025-06-27T00:30:00Z,144.53951999999998,TARGET,1.876438335006568,0.12356166499343188,0.07336473858987125,2.1661132133753744,false,SAME_BAR_ENTRY_AND_EXIT
BOS_REMOVED,CONTROL,USD/JPY,USDJPY_2025-04-01,30min,demand,bullish_IPO_demand,2025-06-26T18:30:00Z,144.235,144.263,144.18201,144.19901,144.263,144.222505,144.222505,144.18201,2025-06-27T02:00:00Z,2025-06-27T02:00:00Z,144.222505,144.18201,144.30349500000005,0.040495000000021264,false,false,,,,,,NO,,,,2025-06-27T02:00:00Z,144.30349500000005,TARGET,1.6048894925301496,0.39511050746985055,0.7782442276823438,3.938634399306306,false,SAME_BAR_ENTRY_AND_EXIT
BOS_REMOVED,CONTROL,USD/JPY,USDJPY_2025-04-01,30min,demand,bullish_IPO_demand,2025-06-27T01:30:00Z,144.57001,144.62199,144.272,144.28,144.62199,144.44699500000002,144.44699500000002,144.272,2025-06-27T04:00:00Z,2025-06-27T04:00:00Z,144.44699500000002,144.272,144.79698500000006,0.174995000000024,false,false,,,,,,NO,,,,2025-06-27T06:30:00Z,144.24001,S2_CLOSE_INVALIDATION,-1.2742364067543217,0.09143118374809456,1.411440326866441,0.8229092259777313,false,
BOS_RETAINED,CONTROL,USD/JPY,USDJPY_2025-04-01,30min,supply,bearish_IPO_supply,2025-06-26T04:00:00Z,144.782,144.965,144.778,144.81799,144.8715,144.778,144.8715,144.965,2025-06-27T14:30:00Z,2025-06-27T14:30:00Z,144.8715,144.965,144.68449999999999,0.09350000000000591,false,true,2025-06-26T08:30:00Z,143.92599,bearish,9,60,NO,,,,2025-06-27T14:30:00Z,144.68449999999999,TARGET,1.8288770053476044,0.1711229946523956,0.7862032085560877,2.0802139037432377,false,SAME_BAR_ENTRY_AND_EXIT
BOS_RETAINED,CONTROL,USD/JPY,USDJPY_2025-04-01,30min,supply,bearish_IPO_supply,2025-06-26T01:00:00Z,144.688,144.92799,144.66901,144.838,144.7985,144.66901,144.7985,144.92799,2025-06-27T15:00:00Z,2025-06-27T15:00:00Z,144.7985,144.92799,144.53951999999998,0.1294900000000041,false,true,2025-06-26T08:30:00Z,143.92599,bearish,15,61,NO,,,,2025-06-27T16:30:00Z,144.53951999999998,TARGET,1.876438335006568,0.12356166499343188,0.8610703529230292,2.0271835662984037,false,
BOS_RETAINED,CONTROL,USD/JPY,USDJPY_2025-04-01,30min,supply,bearish_IPO_supply,2025-06-26T04:00:00Z,144.782,144.965,144.778,144.81799,144.8715,144.778,144.8715,144.965,2025-06-27T17:30:00Z,2025-06-27T17:30:00Z,144.8715,144.965,144.68449999999999,0.09350000000000591,false,true,2025-06-26T08:30:00Z,143.92599,bearish,9,66,NO,,,,2025-06-27T18:00:00Z,144.68449999999999,TARGET,1.8288770053476044,0.1711229946523956,0.3477005347593581,2.572192513368792,false,
BOS_RETAINED,CONTROL,USD/JPY,USDJPY_2025-04-01,30min,demand,bullish_IPO_demand,2025-06-27T14:00:00Z,144.71899,144.774,144.564,144.705,144.774,144.66899999999998,144.66899999999998,144.564,2025-06-27T20:30:00Z,2025-06-27T20:30:00Z,144.66899999999998,144.564,144.87899999999996,0.10499999999998977,false,true,2025-06-27T14:30:00Z,144.88,bullish,1,12,NO,,,,2025-06-29T23:00:00Z,144.46201,S2_CLOSE_INVALIDATION,-2.123714285714402,0.15238095238096724,2.771333333333543,0.3713333333334887,false,
BOS_RETAINED,CONTROL,USD/JPY,USDJPY_2025-04-01,30min,supply,bearish_IPO_supply,2025-06-30T02:30:00Z,144.117,144.293,144.106,144.283,144.1995,144.106,144.1995,144.293,2025-06-30T09:30:00Z,2025-06-30T09:30:00Z,144.1995,144.293,144.0125,0.09350000000000591,false,true,2025-06-30T07:00:00Z,143.95,bearish,9,5,NO,,,,2025-06-30T11:30:00Z,144.32899,S2_CLOSE_INVALIDATION,-1.5560427807486086,0.1711229946523956,1.524064171123032,0.6469518716575771,false,
BOS_RETAINED,CONTROL,USD/JPY,USDJPY_2025-08-01,30min,demand,bullish_IPO_demand,2025-09-10T23:00:00Z,147.33701,147.377,147.27901,147.28999,147.377,147.32800500000002,147.32800500000002,147.27901,2025-09-11T13:30:00Z,2025-09-11T13:30:00Z,147.32800500000002,147.27901,147.42599500000006,0.04899500000001922,false,true,2025-09-11T09:30:00Z,147.95599,bullish,21,8,NO,,,,2025-09-11T13:30:00Z,147.42599500000006,TARGET,1.6734360649047102,0.3265639350952898,0.10215328094722496,4.551178691701332,false,SAME_BAR_ENTRY_AND_EXIT
BOS_REMOVED,CONTROL,USD/JPY,USDJPY_2025-08-01,30min,supply,bearish_IPO_supply,2025-09-11T14:30:00Z,147.157,147.245,146.98801,147.183,147.11650500000002,146.98801,147.11650500000002,147.245,2025-09-11T17:00:00Z,2025-09-11T17:00:00Z,147.11650500000002,147.245,146.85951500000004,0.1284949999999867,false,false,,,,,,NO,,,,2025-09-11T17:30:00Z,147.286,S2_CLOSE_INVALIDATION,-1.4435970271216991,0.12451846375346633,1.4591618350908877,0.5564963617263917,false,
BOS_REMOVED,CONTROL,USD/JPY,USDJPY_2025-08-01,30min,supply,bearish_IPO_supply,2025-09-11T17:30:00Z,147.138,147.304,147.089996,147.286,147.196998,147.089996,147.196998,147.304,2025-09-11T20:30:00Z,2025-09-11T20:30:00Z,147.196998,147.304,146.98299400000002,0.10700199999999427,false,false,,,,,,NO,,,,2025-09-12T01:30:00Z,147.411,S2_CLOSE_INVALIDATION,-2.1495112240893244,0.14952991532869345,2.3365170744473143,0.8130502233602998,false,
BOS_REMOVED,CONTROL,USD/JPY,USDJPY_2025-08-01,30min,supply,bearish_IPO_supply,2025-09-11T10:30:00Z,147.965,147.98801,147.95,147.96899,147.96900499999998,147.95,147.96900499999998,147.98801,2025-09-12T09:30:00Z,2025-09-12T09:30:00Z,147.96900499999998,147.98801,147.93099499999994,0.019005000000021255,false,false,,,,,,NO,,,,2025-09-12T09:30:00Z,147.93099499999994,TARGET,1.1581162851890499,0.84188371481095,0.683241252302034,5.314654038404289,false,SAME_BAR_ENTRY_AND_EXIT
BOS_REMOVED,CONTROL,USD/JPY,USDJPY_2025-08-01,30min,supply,bearish_IPO_supply,2025-09-11T10:30:00Z,147.965,147.98801,147.95,147.96899,147.96900499999998,147.95,147.96900499999998,147.98801,2025-09-12T12:30:00Z,2025-09-12T12:30:00Z,147.96900499999998,147.98801,147.93099499999994,0.019005000000021255,false,false,,,,,,NO,,,,2025-09-12T12:30:00Z,147.93099499999994,TARGET,1.1581162851890499,0.84188371481095,5.419679031827989,6.9452775585288915,false,SAME_BAR_ENTRY_AND_EXIT
BOS_REMOVED,CONTROL,USD/JPY,USDJPY_2025-08-01,30min,demand,bullish_IPO_demand,2025-09-12T14:00:00Z,147.72,147.761,147.584,147.664,147.761,147.6725,147.6725,147.584,2025-09-12T16:30:00Z,2025-09-12T16:30:00Z,147.6725,147.584,147.84950000000003,0.08850000000001046,false,false,,,,,,NO,,,,2025-09-12T17:00:00Z,147.547,S2_CLOSE_INVALIDATION,-1.5988700564971736,0.18079096045195603,1.4632768361581014,1.2485875706210208,false,
BOS_RETAINED,CONTROL,USD/JPY,USDJPY_2025-08-01,30min,demand,bullish_IPO_demand,2025-09-12T05:30:00Z,147.468,147.472,147.325,147.347,147.472,147.3985,147.3985,147.325,2025-09-15T04:00:00Z,2025-09-15T04:00:00Z,147.3985,147.325,147.54550000000006,0.0735000000000241,false,true,2025-09-12T09:30:00Z,147.922,bullish,8,33,NO,,,,2025-09-15T06:00:00Z,147.54550000000006,TARGET,1.7823129251701393,0.2176870748298606,0.8775510204080055,2.8365986394546265,false,
BOS_RETAINED,CONTROL,USD/JPY,USDJPY_2025-08-01,30min,demand,bullish_IPO_demand,2025-09-12T05:30:00Z,147.468,147.472,147.325,147.347,147.472,147.3985,147.3985,147.325,2025-09-15T08:00:00Z,2025-09-15T08:00:00Z,147.3985,147.325,147.54550000000006,0.0735000000000241,false,true,2025-09-12T09:30:00Z,147.922,bullish,8,41,NO,,,,2025-09-15T10:00:00Z,147.274,S2_CLOSE_INVALIDATION,-1.911564625849874,0.2176870748298606,2.1835374149654068,1.1496598639450837,false,
BOS_RETAINED,CONTROL,USD/JPY,USDJPY_2025-08-01,30min,demand,bullish_IPO_demand,2025-09-12T07:00:00Z,147.40401,147.41,147.23599,147.347,147.41,147.322995,147.322995,147.23599,2025-09-15T10:30:00Z,2025-09-15T10:30:00Z,147.322995,147.23599,147.497005,0.08700500000000488,false,true,2025-09-12T09:30:00Z,147.922,bullish,5,46,NO,,,,2025-09-16T00:30:00Z,147.497005,TARGET,1.816102522843525,0.18389747715647495,1.114820987299433,2.05741049364988,false,
BOS_RETAINED,CONTROL,USD/JPY,USDJPY_2025-08-01,30min,demand,bullish_IPO_demand,2025-09-12T07:00:00Z,147.40401,147.41,147.23599,147.347,147.41,147.322995,147.322995,147.23599,2025-09-16T01:30:00Z,2025-09-16T01:30:00Z,147.322995,147.23599,147.497005,0.08700500000000488,false,true,2025-09-12T09:30:00Z,147.922,bullish,5,76,NO,,,,2025-09-16T01:30:00Z,147.497005,TARGET,1.816102522843525,0.18389747715647495,0.7470260329863603,2.4366990402849606,false,SAME_BAR_ENTRY_AND_EXIT
BOS_RETAINED,CONTROL,USD/JPY,USDJPY_2025-08-01,30min,demand,bullish_IPO_demand,2025-09-11T16:00:00Z,147.162,147.16901,146.98,147.035995,147.16901,147.074505,147.074505,146.98,2025-09-16T04:00:00Z,2025-09-16T04:00:00Z,147.074505,146.98,147.26351499999998,0.09450499999999806,false,true,2025-09-12T09:30:00Z,147.922,bullish,35,81,NO,,,,2025-09-16T05:00:00Z,146.957,S2_CLOSE_INVALIDATION,-1.4126765779588057,0.16930321147029606,1.264536267922097,0.5661605206074001,false,
BOS_REMOVED,CONTROL,USD/JPY,USDJPY_2025-08-01,30min,supply,bearish_IPO_supply,2025-09-16T15:00:00Z,146.521,146.636,146.494,146.58701,146.565,146.494,146.565,146.636,2025-09-17T00:30:00Z,2025-09-17T00:30:00Z,146.565,146.636,146.423,0.07099999999999795,false,false,,,,,,NO,,,,2025-09-17T00:30:00Z,146.423,TARGET,1.774647887323937,0.22535211267606284,0.056338028168884405,4.281690140845223,false,SAME_BAR_ENTRY_AND_EXIT
BOS_REMOVED,CONTROL,USD/JPY,USDJPY_2025-08-01,30min,supply,bearish_IPO_supply,2025-09-16T15:00:00Z,146.521,146.636,146.494,146.58701,146.565,146.494,146.565,146.636,2025-09-17T01:30:00Z,2025-09-17T01:30:00Z,146.565,146.636,146.423,0.07099999999999795,false,false,,,,,,NO,,,,2025-09-17T05:00:00Z,146.423,TARGET,1.774647887323937,0.22535211267606284,0.5492957746481242,2.8449295774648005,false,
BOS_RETAINED,CONTROL,USD/JPY,USDJPY_2025-08-01,30min,supply,bearish_IPO_supply,2025-09-16T11:00:00Z,147.050003,147.114,147.0019989,147.10201,147.05799945,147.0019989,147.05799945,147.114,2025-09-18T01:00:00Z,2025-09-18T01:00:00Z,147.05799945,147.114,146.94599835000002,0.056000549999993154,false,true,2025-09-17T18:00:00Z,145.933,bearish,62,14,NO,,,,2025-09-18T01:00:00Z,146.94599835000002,TARGET,1.7142885203805684,0.28571147961943155,1.589279926714846,3.8749521210064812,false,SAME_BAR_ENTRY_AND_EXIT
BOS_RETAINED,CONTROL,USD/JPY,USDJPY_2025-08-01,30min,supply,bearish_IPO_supply,2025-09-16T11:00:00Z,147.050003,147.114,147.0019989,147.10201,147.05799945,147.0019989,147.05799945,147.114,2025-09-18T02:00:00Z,2025-09-18T02:00:00Z,147.05799945,147.114,146.94599835000002,0.056000549999993154,false,true,2025-09-17T18:00:00Z,145.933,bearish,62,16,NO,,,,2025-09-18T02:00:00Z,146.94599835000002,TARGET,1.7142885203805684,0.28571147961943155,0.19643646357006464,2.0176489338056256,false,SAME_BAR_ENTRY_AND_EXIT
BOS_RETAINED,CONTROL,USD/JPY,USDJPY_2025-08-01,30min,demand,bullish_IPO_demand,2025-09-18T00:30:00Z,146.942,146.98801,146.84801,146.912,146.98801,146.91800999999998,146.91800999999998,146.84801,2025-09-18T03:00:00Z,2025-09-18T03:00:00Z,146.91800999999998,146.84801,147.05800999999997,0.06999999999999318,false,true,2025-09-18T01:00:00Z,147.050995,bullish,1,4,NO,,,,2025-09-18T04:00:00Z,147.05800999999997,TARGET,1.7714285714285491,0.22857142857145085,1,3.099714285714682,false,
BOS_RETAINED,CONTROL,USD/JPY,USDJPY_2025-08-01,30min,supply,bearish_IPO_supply,2025-09-16T12:30:00Z,147.044998,147.256,147.0090027,147.098007,147.13250134999998,147.0090027,147.13250134999998,147.256,2025-09-18T04:30:00Z,2025-09-18T04:30:00Z,147.13250134999998,147.256,146.88550404999995,0.12349865000001614,false,true,2025-09-17T18:00:00Z,145.933,bearish,59,21,NO,,,,2025-09-18T05:30:00Z,147.351,S2_CLOSE_INVALIDATION,-1.898795249988436,0.1295560720704065,2.206490921155668,0.2712770544454344,false,
BOS_RETAINED,CONTROL,USD/JPY,USDJPY_2025-08-01,30min,supply,bearish_IPO_supply,2025-09-16T01:00:00Z,147.44,147.53799,147.427,147.522,147.482495,147.427,147.482495,147.53799,2025-09-18T08:30:00Z,2025-09-18T08:30:00Z,147.482495,147.53799,147.37150499999998,0.05549500000000762,false,true,2025-09-17T18:00:00Z,145.933,bearish,82,29,NO,,,,2025-09-18T08:30:00Z,147.37150499999998,TARGET,1.7116857374538643,0.28831426254613574,0.09937832237141803,2.891882151544683,false,SAME_BAR_ENTRY_AND_EXIT
BOS_RETAINED,CONTROL,USD/JPY,USDJPY_2025-08-01,30min,supply,bearish_IPO_supply,2025-09-11T10:30:00Z,147.965,147.98801,147.95,147.96899,147.96900499999998,147.95,147.96900499999998,147.98801,2025-09-18T13:00:00Z,2025-09-18T13:00:00Z,147.96900499999998,147.98801,147.93099499999994,0.019005000000021255,false,true,2025-09-17T18:00:00Z,145.933,bearish,203,38,NO,,,,2025-09-18T13:00:00Z,147.93099499999994,TARGET,1.1581162851890499,0.84188371481095,0.7363851617998936,9.681925808986009,false,SAME_BAR_ENTRY_AND_EXIT
BOS_RETAINED,CONTROL,USD/JPY,USDJPY_2025-08-01,30min,demand,bullish_IPO_demand,2025-09-18T17:00:00Z,147.86,147.877,147.812,147.832,147.877,147.8445,147.8445,147.812,2025-09-19T03:00:00Z,2025-09-19T03:00:00Z,147.8445,147.812,147.9095,0.03249999999999886,false,true,2025-09-19T00:00:00Z,148.097,bullish,14,6,NO,,,,2025-09-19T03:00:00Z,147.9095,TARGET,1.5076923076922903,0.49230769230770954,1.0920000000003462,4.538461538461068,false,SAME_BAR_ENTRY_AND_EXIT
BOS_REMOVED,CONTROL,USD/JPY,USDJPY_2025-08-01,30min,supply,bearish_IPO_supply,2025-09-19T00:00:00Z,147.959,148.11301,147.88901,148.097,148.00101,147.88901,148.00101,148.11301,2025-09-19T08:30:00Z,2025-09-19T08:30:00Z,148.00101,148.11301,147.77701000000002,0.11199999999999477,false,false,,,,,,NO,,,,2025-09-19T09:00:00Z,147.77701000000002,TARGET,1.8571428571428505,0.14285714285714954,0.28566964285711055,2.2590178571431188,false,
BOS_RETAINED,CONTROL,USD/JPY,USDJPY_2025-08-01,30min,demand,bullish_IPO_demand,2025-09-19T20:30:00Z,147.964,147.993,147.892,147.912,147.993,147.9425,147.9425,147.892,2025-09-22T07:30:00Z,2025-09-22T07:30:00Z,147.9425,147.892,148.0435,0.050499999999999545,false,true,2025-09-22T03:30:00Z,148.33099,bullish,10,8,NO,,,,2025-09-22T07:30:00Z,148.0435,TARGET,1.6831683168316802,0.31683168316831967,0.24772277227706768,3.633861386138894,false,SAME_BAR_ENTRY_AND_EXIT
BOS_REMOVED,CONTROL,USD/JPY,USDJPY_2025-08-01,30min,supply,bearish_IPO_supply,2025-09-22T12:00:00Z,147.838,147.92999,147.758,147.888,147.843995,147.758,147.843995,147.92999,2025-09-22T16:00:00Z,2025-09-22T16:00:00Z,147.843995,147.92999,147.672005,0.08599499999999694,false,false,,,,,,NO,,,,2025-09-22T17:30:00Z,147.672005,TARGET,1.8139426710855215,0.1860573289144784,0.49997092854226527,2.2442583871155666,false,
BOS_RETAINED,CONTROL,USD/JPY,USDJPY_2025-08-01,30min,supply,bearish_IPO_supply,2025-09-22T12:00:00Z,147.838,147.92999,147.758,147.888,147.843995,147.758,147.843995,147.92999,2025-09-22T21:00:00Z,2025-09-22T21:00:00Z,147.843995,147.92999,147.672005,0.08599499999999694,false,true,2025-09-22T17:30:00Z,147.67999,bearish,11,7,NO,,,,2025-09-22T21:00:00Z,147.672005,TARGET,1.8139426710855215,0.1860573289144784,0.18611547182984478,2.1628583057157544,false,SAME_BAR_ENTRY_AND_EXIT
BOS_REMOVED,CONTROL,USD/JPY,USDJPY_2025-08-01,30min,supply,bearish_IPO_supply,2025-09-23T07:00:00Z,147.70799,147.82201,147.64,147.73399,147.73100499999998,147.64,147.73100499999998,147.82201,2025-09-23T11:00:00Z,2025-09-23T11:00:00Z,147.73100499999998,147.82201,147.54899499999993,0.09100500000002398,false,false,,,,,,NO,,,,2025-09-23T15:00:00Z,147.877,S2_CLOSE_INVALIDATION,-1.7800670292839398,0.175814515685905,1.703148178671204,1.318773693752689,false,
BOS_RETAINED,CONTROL,USD/JPY,USDJPY_2025-08-01,30min,supply,bearish_IPO_supply,2025-09-22T12:00:00Z,147.838,147.92999,147.758,147.888,147.843995,147.758,147.843995,147.92999,2025-09-23T15:30:00Z,2025-09-23T15:30:00Z,147.843995,147.92999,147.672005,0.08599499999999694,false,true,2025-09-23T01:30:00Z,147.612,bearish,27,28,NO,,,,2025-09-23T17:00:00Z,147.672005,TARGET,1.8139426710855215,0.1860573289144784,0.9652305366589772,2.4884586313159938,false,
BOS_REMOVED,CONTROL,USD/JPY,USDJPY_2025-08-01,30min,demand,bullish_IPO_demand,2025-09-23T09:00:00Z,147.55901,147.578,147.50301,147.536,147.578,147.540505,147.540505,147.50301,2025-09-23T22:00:00Z,2025-09-23T22:00:00Z,147.540505,147.50301,147.615495,0.03749500000000694,false,false,,,,,,NO,,,,2025-09-23T22:00:00Z,147.615495,TARGET,1.5732764368583267,0.42672356314167326,0.14681957594341669,2.3601813575137562,false,SAME_BAR_ENTRY_AND_EXIT
BOS_REMOVED,CONTROL,USD/JPY,USDJPY_2025-08-01,30min,demand,bullish_IPO_demand,2025-09-23T09:00:00Z,147.55901,147.578,147.50301,147.536,147.578,147.540505,147.540505,147.50301,2025-09-24T00:00:00Z,2025-09-24T00:00:00Z,147.540505,147.50301,147.615495,0.03749500000000694,false,false,,,,,,NO,,,,2025-09-24T00:00:00Z,147.615495,TARGET,1.5732764368583267,0.42672356314167326,0.7869049206559509,5.080544072542026,false,SAME_BAR_ENTRY_AND_EXIT
BOS_RETAINED,CONTROL,USD/JPY,USDJPY_2025-08-01,30min,supply,bearish_IPO_supply,2025-09-22T12:00:00Z,147.838,147.92999,147.758,147.888,147.843995,147.758,147.843995,147.92999,2025-09-24T03:30:00Z,2025-09-24T03:30:00Z,147.843995,147.92999,147.672005,0.08599499999999694,false,true,2025-09-23T18:00:00Z,147.522,bearish,60,19,NO,,,,2025-09-24T06:00:00Z,148.035004,S2_CLOSE_INVALIDATION,-2.4072213500783435,0.1860573289144784,2.790918076632421,0.45357288214436253,false,
BOS_RETAINED,CONTROL,USD/JPY,USDJPY_2025-08-01,30min,supply,bearish_IPO_supply,2025-09-22T06:30:00Z,148.065994,148.11301,147.991,148.072006,148.052005,147.991,148.052005,148.11301,2025-09-24T07:00:00Z,2025-09-24T07:00:00Z,148.052005,148.11301,147.92999500000002,0.061004999999994425,false,true,2025-09-23T18:00:00Z,147.522,bearish,71,26,NO,,,,2025-09-24T08:00:00Z,148.15601,S2_CLOSE_INVALIDATION,-1.9671338414885953,0.26227358413247215,1.7866568314073115,0.8690271289242044,false,
BOS_RETAINED,CONTROL,USD/JPY,USDJPY_2025-08-01,30min,supply,bearish_IPO_supply,2025-09-22T04:00:00Z,148.33099,148.35899,148.3,148.358,148.329495,148.3,148.329495,148.35899,2025-09-24T09:00:00Z,2025-09-24T09:00:00Z,148.329495,148.35899,148.270505,0.029494999999997162,false,true,2025-09-23T18:00:00Z,147.522,bearish,76,30,NO,,,,2025-09-24T09:00:00Z,148.270505,TARGET,1.4575351754534145,0.5424648245465855,0.25478894727867274,3.238006441770199,false,SAME_BAR_ENTRY_AND_EXIT
BOS_REMOVED,CONTROL,USD/JPY,USDJPY_2025-08-01,30min,demand,bullish_IPO_demand,2025-09-24T14:00:00Z,148.709,148.78,148.62199,148.64301,148.78,148.700995,148.700995,148.62199,2025-09-24T21:00:00Z,2025-09-24T21:00:00Z,148.700995,148.62199,148.859005,0.0790049999999951,false,false,,,,,,NO,,,,2025-09-24T21:00:00Z,148.859005,TARGET,1.797481172077704,0.20251882792229595,0.36700208847554944,2.4176317954560056,false,SAME_BAR_ENTRY_AND_EXIT
BOS_RETAINED,CONTROL,USD/JPY,USDJPY_2025-08-01,30min,demand,bullish_IPO_demand,2025-09-24T14:00:00Z,148.709,148.78,148.62199,148.64301,148.78,148.700995,148.700995,148.62199,2025-09-25T00:00:00Z,2025-09-25T00:00:00Z,148.700995,148.62199,148.859005,0.0790049999999951,false,true,2025-09-24T20:30:00Z,148.89,bullish,13,7,NO,,,,2025-09-25T00:30:00Z,148.569,S2_CLOSE_INVALIDATION,-1.873235871147735,0.20251882792229595,1.822479589899675,1.1520156952092193,false,
BOS_REMOVED,CONTROL,USD/JPY,USDJPY_2025-08-01,30min,demand,bullish_IPO_demand,2025-09-25T00:30:00Z,148.65199,148.683,148.55701,148.569,148.683,148.620005,148.620005,148.55701,2025-09-25T02:00:00Z,2025-09-25T02:00:00Z,148.620005,148.55701,148.745995,0.0629950000000008,false,false,,,,,,NO,,,,2025-09-25T02:00:00Z,148.745995,TARGET,1.7460115882212905,0.2539884117787094,0.17485514723368664,2.174696404476726,false,SAME_BAR_ENTRY_AND_EXIT
BOS_REMOVED,CONTROL,USD/JPY,USDJPY_2025-08-01,30min,demand,bullish_IPO_demand,2025-09-25T00:30:00Z,148.65199,148.683,148.55701,148.569,148.683,148.620005,148.620005,148.55701,2025-09-25T05:00:00Z,2025-09-25T05:00:00Z,148.620005,148.55701,148.745995,0.0629950000000008,false,false,,,,,,NO,,,,2025-09-25T05:00:00Z,148.745995,TARGET,1.7460115882212905,0.2539884117787094,0.42868481625529437,2.1270735772679905,false,SAME_BAR_ENTRY_AND_EXIT
BOS_RETAINED,CONTROL,USD/JPY,USDJPY_2025-08-01,30min,demand,bullish_IPO_demand,2025-09-25T13:00:00Z,149.237,149.30299,149.145,149.17599,149.30299,149.223995,149.223995,149.145,2025-09-29T00:00:00Z,2025-09-29T00:00:00Z,149.223995,149.145,149.381985,0.07899499999999193,false,true,2025-09-26T10:30:00Z,149.886,bullish,43,23,NO,,,,2025-09-29T00:00:00Z,149.381985,TARGET,1.7974555351604324,0.2025444648395675,0.3162858408762287,2.4940186087728766,false,SAME_BAR_ENTRY_AND_EXIT
BOS_RETAINED,CONTROL,USD/JPY,USDJPY_2025-08-01,30min,demand,bullish_IPO_demand,2025-09-25T08:00:00Z,148.815,148.82401,148.658,148.71001,148.82401,148.74100499999997,148.74100499999997,148.658,2025-09-29T05:30:00Z,2025-09-29T05:30:00Z,148.74100499999997,148.658,148.90701499999994,0.08300499999998578,false,true,2025-09-26T10:30:00Z,149.886,bullish,53,34,NO,,,,2025-09-29T05:30:00Z,148.90701499999994,TARGET,1.8072405276790224,0.19275947232097754,0.04825010541508029,2.770736702609084,false,SAME_BAR_ENTRY_AND_EXIT
BOS_RETAINED,CONTROL,USD/JPY,USDJPY_2025-08-01,30min,demand,bullish_IPO_demand,2025-09-25T00:30:00Z,148.65199,148.683,148.55701,148.569,148.683,148.620005,148.620005,148.55701,2025-09-29T08:00:00Z,2025-09-29T08:00:00Z,148.620005,148.55701,148.745995,0.0629950000000008,false,true,2025-09-26T10:30:00Z,149.886,bullish,68,39,NO,,,,2025-09-29T08:30:00Z,148.522,S2_CLOSE_INVALIDATION,-1.809746805301994,0.2539884117787094,2.4288435590122552,0.01579490435776468,false,
BOS_RETAINED,CONTROL,USD/JPY,USDJPY_2025-08-01,30min,supply,bearish_IPO_supply,2025-09-29T06:30:00Z,148.813,148.853,148.783,148.817,148.81799999999998,148.783,148.81799999999998,148.853,2025-09-30T00:30:00Z,2025-09-30T00:30:00Z,148.81799999999998,148.853,148.74799999999993,0.03500000000002501,false,true,2025-09-29T13:30:00Z,148.577,bearish,14,22,NO,,,,2025-09-30T00:30:00Z,148.74799999999993,TARGET,1.5428571428574696,0.4571428571425305,0.7714285714284554,6.171142857137778,false,SAME_BAR_ENTRY_AND_EXIT
BOS_RETAINED,CONTROL,USD/JPY,USDJPY_2025-08-01,30min,demand,bullish_IPO_demand,2025-09-24T09:30:00Z,148.31599,148.34399,148.203,148.272,148.34399,148.273495,148.273495,148.203,2025-09-30T05:00:00Z,2025-09-30T05:00:00Z,148.273495,148.203,148.41448499999998,0.07049499999999398,false,true,2025-09-26T10:30:00Z,149.886,bullish,98,81,NO,,,,2025-09-30T05:00:00Z,148.41448499999998,TARGET,1.7730335484785962,0.22696645152140388,0.30491524221560706,2.4186821760409396,false,SAME_BAR_ENTRY_AND_EXIT
BOS_RETAINED,CONTROL,USD/JPY,USDJPY_2025-08-01,30min,demand,bullish_IPO_demand,2025-09-24T07:30:00Z,148.042007,148.10001,148.031998,148.039001,148.10001,148.066004,148.066004,148.031998,2025-09-30T06:30:00Z,2025-09-30T06:30:00Z,148.066004,148.031998,148.134016,0.03400600000000509,false,true,2025-09-26T10:30:00Z,149.886,bullish,102,84,NO,,,,2025-09-30T06:30:00Z,148.134016,TARGET,1.5294947950362405,0.4705052049637595,0.7056695877191222,3.7342233723459826,false,SAME_BAR_ENTRY_AND_EXIT
BOS_RETAINED,CONTROL,USD/JPY,USDJPY_2025-08-01,30min,demand,bullish_IPO_demand,2025-09-24T05:00:00Z,147.895,147.935,147.80499,147.849,147.935,147.86999500000002,147.86999500000002,147.80499,2025-09-30T08:30:00Z,2025-09-30T08:30:00Z,147.86999500000002,147.80499,148.00000500000004,0.06500500000001352,false,true,2025-09-26T10:30:00Z,149.886,bullish,107,88,NO,,,,2025-09-30T10:30:00Z,148.00000500000004,TARGET,1.753865087301028,0.24613491269897195,0.67679409276232,2.553649719251785,false,
BOS_RETAINED,CONTROL,USD/JPY,USDJPY_2025-08-01,30min,demand,bullish_IPO_demand,2025-09-24T01:30:00Z,147.767,147.80099,147.709,147.75,147.80099,147.754995,147.754995,147.709,2025-09-30T14:00:00Z,2025-09-30T14:00:00Z,147.754995,147.709,147.84698500000002,0.04599500000000489,false,true,2025-09-26T10:30:00Z,149.886,bullish,114,99,NO,,,,2025-09-30T14:00:00Z,147.84698500000002,TARGET,1.6521361017502272,0.34786389824977276,0.9780410914228103,5.413692792694272,false,SAME_BAR_ENTRY_AND_EXIT
BOS_REMOVED,CONTROL,USD/JPY,USDJPY_2025-08-01,30min,supply,bearish_IPO_supply,2025-09-30T15:00:00Z,147.68401,147.991,147.655,147.98599,147.823,147.655,147.823,147.991,2025-09-30T16:30:00Z,2025-09-30T16:30:00Z,147.823,147.991,147.487,0.16800000000000637,false,false,,,,,,NO,,,,2025-09-30T23:30:00Z,148.020996,S2_CLOSE_INVALIDATION,-1.2737857142856015,0.09523809523809162,1.2202380952379543,1.0595238095237531,false,
BOS_RETAINED,CONTROL,USD/JPY,USDJPY_2025-08-01,30min,demand,bullish_IPO_demand,2025-09-18T07:30:00Z,147.13901,147.19901,147.022003,147.117,147.19901,147.11050649999999,147.11050649999999,147.022003,2025-10-01T07:30:00Z,2025-10-01T07:30:00Z,147.11050649999999,147.022003,147.28751349999993,0.0885034999999732,false,true,2025-09-26T10:30:00Z,149.886,bullish,290,134,NO,,,,2025-10-01T07:30:00Z,147.28751349999993,TARGET,1.8192161891902032,0.18078381080979675,0.1865745422495288,2.389775545600847,false,SAME_BAR_ENTRY_AND_EXIT
BOS_RETAINED,CONTROL,USD/JPY,USDJPY_2025-08-01,30min,demand,bullish_IPO_demand,2025-09-18T07:30:00Z,147.13901,147.19901,147.022003,147.117,147.19901,147.11050649999999,147.11050649999999,147.022003,2025-10-01T09:30:00Z,2025-10-01T09:30:00Z,147.11050649999999,147.022003,147.28751349999993,0.0885034999999732,false,true,2025-09-26T10:30:00Z,149.886,bullish,290,138,NO,,,,2025-10-01T11:30:00Z,146.99699,S2_CLOSE_INVALIDATION,-1.4634054020464016,0.18078381080979675,1.3614885287023635,1.757032207766427,false,
BOS_RETAINED,CONTROL,USD/JPY,USDJPY_2025-08-01,30min,demand,bullish_IPO_demand,2025-09-17T19:00:00Z,146.716,146.847,146.435,146.554,146.847,146.64100000000002,146.64100000000002,146.435,2025-10-01T12:00:00Z,2025-10-01T12:00:00Z,146.64100000000002,146.435,147.05300000000005,0.20600000000001728,false,true,2025-09-26T10:30:00Z,149.886,bullish,315,143,NO,,,,2025-10-01T12:00:00Z,147.05300000000005,TARGET,1.9223300970873851,0.07766990291261484,0.2961165048543783,2.310679611650149,false,SAME_BAR_ENTRY_AND_EXIT
BOS_REMOVED,CONTROL,USD/JPY,USDJPY_2025-08-01,30min,supply,bearish_IPO_supply,2025-10-01T10:00:00Z,147.20599,147.245,147.116,147.229,147.1805,147.116,147.1805,147.245,2025-10-01T16:00:00Z,2025-10-01T16:00:00Z,147.1805,147.245,147.05149999999998,0.06450000000000955,false,false,,,,,,NO,,,,2025-10-01T18:00:00Z,147.05149999999998,TARGET,1.7519379844961607,0.24806201550383924,1.1395348837206944,2.2713643410848667,false,
BOS_REMOVED,CONTROL,USD/JPY,USDJPY_2025-08-01,30min,supply,bearish_IPO_supply,2025-10-01T15:00:00Z,146.86,147.211,146.83701,147.175,147.024005,146.83701,147.024005,147.211,2025-10-01T18:30:00Z,2025-10-01T18:30:00Z,147.024005,147.211,146.65001499999994,0.18699500000002445,false,false,,,,,,NO,,,,2025-10-02T00:00:00Z,147.26601,S2_CLOSE_INVALIDATION,-1.379742773870811,0.08556378512793342,1.572154335677329,0.16580657236818758,false,
BOS_RETAINED,CONTROL,USD/JPY,USDJPY_2025-08-01,30min,demand,bullish_IPO_demand,2025-09-17T19:00:00Z,146.716,146.847,146.435,146.554,146.847,146.64100000000002,146.64100000000002,146.435,2025-10-02T09:30:00Z,2025-10-02T09:30:00Z,146.64100000000002,146.435,147.05300000000005,0.20600000000001728,false,true,2025-09-26T10:30:00Z,149.886,bullish,315,186,NO,,,,2025-10-02T12:30:00Z,147.05300000000005,TARGET,1.9223300970873851,0.07766990291261484,0.22820388349526552,2.7087864077666053,false,
BOS_REMOVED,CONTROL,USD/JPY,USDJPY_2025-08-01,30min,supply,bearish_IPO_supply,2025-10-02T05:00:00Z,147.168,147.267,147.112,147.186,147.1895,147.112,147.1895,147.267,2025-10-02T13:30:00Z,2025-10-02T13:30:00Z,147.1895,147.267,147.03450000000004,0.07749999999998636,false,false,,,,,,NO,,,,2025-10-02T14:30:00Z,147.32899,S2_CLOSE_INVALIDATION,-2.00632258064545,0.20645161290326217,1.9806451612904101,1.761367741935757,false,
BOS_RETAINED,CONTROL,USD/JPY,USDJPY_2025-08-01,30min,demand,bullish_IPO_demand,2025-10-02T23:00:00Z,147.186,147.20399,147.087997,147.11099,147.20399,147.1459935,147.1459935,147.087997,2025-10-03T14:00:00Z,2025-10-03T14:00:00Z,147.1459935,147.087997,147.2619865,0.05799650000000156,false,true,2025-10-03T05:30:00Z,147.783,bullish,13,17,NO,,,,2025-10-03T14:00:00Z,147.2619865,TARGET,1.724121283180889,0.27587871681911097,2.2068314467254315,6.414464665971065,false,SAME_BAR_ENTRY_AND_EXIT
BOS_RETAINED,CONTROL,USD/JPY,USDJPY_2025-08-01,30min,supply,bearish_IPO_supply,2025-09-28T23:30:00Z,149.347,149.41701,149.341,149.41,149.379005,149.341,149.379005,149.41701,2025-10-05T23:00:00Z,2025-10-05T23:00:00Z,149.379005,149.41701,149.302995,0.03800499999999829,false,true,2025-10-02T23:00:00Z,147.11099,bearish,191,44,NO,,,,2025-10-05T23:00:00Z,149.302995,TARGET,1.5790027627943501,0.4209972372056498,0.8155505854490596,4.183791606367972,false,SAME_BAR_ENTRY_AND_EXIT
BOS_RETAINED,CONTROL,USD/JPY,USDJPY_2025-08-01,30min,supply,bearish_IPO_supply,2025-09-26T13:30:00Z,149.696,149.783,149.64301,149.735,149.713005,149.64301,149.713005,149.783,2025-10-06T01:30:00Z,2025-10-06T01:30:00Z,149.713005,149.783,149.57301500000005,0.06999499999997738,false,true,2025-10-02T23:00:00Z,147.11099,bearish,207,49,NO,,,,2025-10-06T02:00:00Z,149.838,S2_CLOSE_INVALIDATION,-2.0143581684410283,0.22858775626837874,2.1000785770419528,1.4000285734699487,false,
BOS_REMOVED,CONTROL,USD/JPY,USDJPY_2025-08-01,30min,demand,bullish_IPO_demand,2025-10-06T19:00:00Z,150.29401,150.319,150.226,150.235,150.319,150.27249999999998,150.27249999999998,150.226,2025-10-06T23:00:00Z,2025-10-06T23:00:00Z,150.27249999999998,150.226,150.36549999999994,0.046499999999980446,false,false,,,,,,NO,,,,2025-10-06T23:00:00Z,150.36549999999994,TARGET,1.655913978494479,0.34408602150552103,0.3548387096771236,2.569892473119712,false,SAME_BAR_ENTRY_AND_EXIT
BOS_REMOVED,CONTROL,USD/JPY,USDJPY_2025-08-01,30min,demand,bullish_IPO_demand,2025-10-08T14:30:00Z,152.562,152.58,152.42599,152.5,152.58,152.502995,152.502995,152.42599,2025-10-08T23:00:00Z,2025-10-08T23:00:00Z,152.502995,152.42599,152.65700499999997,0.07700499999998556,false,false,,,,,,NO,,,,2025-10-08T23:00:00Z,152.65700499999997,TARGET,1.7922212843321472,0.20777871566785275,0.5844425686645248,2.8309200701258725,false,SAME_BAR_ENTRY_AND_EXIT
BOS_RETAINED,CONTROL,USD/JPY,USDJPY_2025-08-01,30min,demand,bullish_IPO_demand,2025-10-08T08:00:00Z,152.539,152.567,152.371,152.401,152.567,152.469,152.469,152.371,2025-10-09T00:30:00Z,2025-10-09T00:30:00Z,152.469,152.371,152.66499999999996,0.09799999999998477,false,true,2025-10-08T09:30:00Z,152.972,bullish,3,30,NO,,,,2025-10-09T00:30:00Z,152.66499999999996,TARGET,1.8367346938775255,0.16326530612247436,0.19387755102049398,2.4081632653066847,false,SAME_BAR_ENTRY_AND_EXIT
BOS_RETAINED,CONTROL,USD/JPY,USDJPY_2025-08-01,30min,demand,bullish_IPO_demand,2025-10-08T08:00:00Z,152.539,152.567,152.371,152.401,152.567,152.469,152.469,152.371,2025-10-09T04:30:00Z,2025-10-09T04:30:00Z,152.469,152.371,152.66499999999996,0.09799999999998477,false,true,2025-10-08T09:30:00Z,152.972,bullish,3,38,NO,,,,2025-10-09T06:00:00Z,152.66499999999996,TARGET,1.8367346938775255,0.16326530612247436,0.21428571428561072,5.7244795918377225,false,
BOS_RETAINED,CONTROL,USD/JPY,USDJPY_2025-08-01,30min,demand,bullish_IPO_demand,2025-10-08T05:00:00Z,152.36,152.411,152.29601,152.32201,152.411,152.35350499999998,152.35350499999998,152.29601,2025-10-09T13:00:00Z,2025-10-09T13:00:00Z,152.35350499999998,152.29601,152.46849499999996,0.05749499999998875,false,true,2025-10-08T09:30:00Z,152.972,bullish,9,55,NO,,,,2025-10-09T13:00:00Z,152.46849499999996,TARGET,1.7217149317331397,0.2782850682668603,4.478859031220831,8.94851726237258,false,SAME_BAR_ENTRY_AND_EXIT
BOS_REMOVED,CONTROL,USD/JPY,USDJPY_2025-08-01,30min,demand,bullish_IPO_demand,2025-10-09T17:00:00Z,152.99899,153.078003,152.905,152.912,153.078003,152.9915015,152.9915015,152.905,2025-10-09T23:30:00Z,2025-10-09T23:30:00Z,152.9915015,152.905,153.1645045,0.08650149999999712,false,false,,,,,,NO,,,,2025-10-10T00:00:00Z,153.1645045,TARGET,1.8150321092697752,0.1849678907302247,0.39885435512685646,2.005612619434303,false,
BOS_REMOVED,CONTROL,USD/JPY,USDJPY_2025-08-01,30min,demand,bullish_IPO_demand,2025-10-09T17:00:00Z,152.99899,153.078003,152.905,152.912,153.078003,152.9915015,152.9915015,152.905,2025-10-10T00:30:00Z,2025-10-10T00:30:00Z,152.9915015,152.905,153.1645045,0.08650149999999712,false,false,,,,,,NO,,,,2025-10-10T02:00:00Z,152.87801,S2_CLOSE_INVALIDATION,-1.496985601405912,0.1849678907302247,1.8091189170129112,1.6819188106565073,false,
BOS_REMOVED,CONTROL,USD/JPY,USDJPY_2025-08-01,30min,demand,bullish_IPO_demand,2025-10-08T12:30:00Z,152.616,152.69901,152.43201,152.502,152.69901,152.56551,152.56551,152.43201,2025-10-10T12:00:00Z,2025-10-10T12:00:00Z,152.56551,152.43201,152.83250999999998,0.13349999999999795,false,false,,,,,,NO,,,,2025-10-10T15:00:00Z,151.608,S2_CLOSE_INVALIDATION,-7.292209737827715,0.11985018726591944,7.187340823970107,1.1047940074906895,false,
BOS_REMOVED,CONTROL,USD/JPY,USDJPY_2025-08-01,30min,supply,bearish_IPO_supply,2025-10-10T16:00:00Z,151.937,152.187,151.83701,152.085007,152.012005,151.83701,152.012005,152.187,2025-10-13T00:00:00Z,2025-10-13T00:00:00Z,152.012005,152.187,151.66201499999994,0.174995000000024,false,false,,,,,,NO,,,,2025-10-13T07:00:00Z,152.274,S2_CLOSE_INVALIDATION,-1.5885882453782962,0.09143118374809456,1.7200205720161095,1.7143061230318264,false,
BOS_RETAINED,CONTROL,USD/JPY,USDJPY_2025-08-01,30min,demand,bullish_IPO_demand,2025-10-07T15:00:00Z,151.17,151.20399,150.976,151.123,151.20399,151.089995,151.089995,150.976,2025-10-15T03:00:00Z,2025-10-15T03:00:00Z,151.089995,150.976,151.31798499999996,0.11399499999998852,false,true,2025-10-14T00:30:00Z,152.467,bullish,207,53,NO,,,,2025-10-15T08:00:00Z,151.31798499999996,TARGET,1.859642966796775,0.1403570332032248,1.7193297951664712,2.6755998070095472,false,
BOS_RETAINED,CONTROL,USD/JPY,USDJPY_2025-08-01,30min,demand,bullish_IPO_demand,2025-10-07T15:00:00Z,151.17,151.20399,150.976,151.123,151.20399,151.089995,151.089995,150.976,2025-10-15T17:00:00Z,2025-10-15T17:00:00Z,151.089995,150.976,151.31798499999996,0.11399499999998852,false,true,2025-10-14T00:30:00Z,152.467,bullish,207,81,NO,,,,2025-10-15T17:30:00Z,151.31798499999996,TARGET,1.859642966796775,0.1403570332032248,0.263143120312148,2.2018948199486457,false,
BOS_RETAINED,CONTROL,USD/JPY,USDJPY_2025-08-01,30min,demand,bullish_IPO_demand,2025-10-07T15:00:00Z,151.17,151.20399,150.976,151.123,151.20399,151.089995,151.089995,150.976,2025-10-15T21:00:00Z,2025-10-15T21:00:00Z,151.089995,150.976,151.31798499999996,0.11399499999998852,false,true,2025-10-14T00:30:00Z,152.467,bullish,207,89,NO,,,,2025-10-15T22:30:00Z,150.89999,S2_CLOSE_INVALIDATION,-1.8071406640642644,0.1403570332032248,3.0527216105972403,0.9825430939955423,false,
BOS_RETAINED,CONTROL,USD/JPY,USDJPY_2025-08-01,30min,demand,bullish_IPO_demand,2025-10-07T07:00:00Z,150.62,150.711,150.532,150.55499,150.711,150.62150000000003,150.62150000000003,150.532,2025-10-16T00:00:00Z,2025-10-16T00:00:00Z,150.62150000000003,150.532,150.80050000000006,0.08950000000001523,false,true,2025-10-14T00:30:00Z,152.467,bullish,223,95,NO,,,,2025-10-16T00:00:00Z,150.80050000000006,TARGET,1.82122905027936,0.17877094972063998,0.5195530726260266,5.245843575417819,false,SAME_BAR_ENTRY_AND_EXIT
BOS_RETAINED,CONTROL,USD/JPY,USDJPY_2025-08-01,30min,demand,bullish_IPO_demand,2025-10-07T07:00:00Z,150.62,150.711,150.532,150.55499,150.711,150.62150000000003,150.62150000000003,150.532,2025-10-16T02:00:00Z,2025-10-16T02:00:00Z,150.62150000000003,150.532,150.80050000000006,0.08950000000001523,false,true,2025-10-14T00:30:00Z,152.467,bullish,223,99,NO,,,,2025-10-16T03:00:00Z,150.80050000000006,TARGET,1.82122905027936,0.17877094972063998,0.6536312849165116,2.888268156423749,false,
BOS_RETAINED,CONTROL,USD/JPY,USDJPY_2025-08-01,30min,supply,bearish_IPO_supply,2025-10-15T21:00:00Z,151.033997,151.202,150.99899,151.119,151.100495,150.99899,151.100495,151.202,2025-10-16T04:30:00Z,2025-10-16T04:30:00Z,151.100495,151.202,150.897485,0.10150500000000306,false,true,2025-10-16T00:30:00Z,150.707,bearish,7,8,NO,,,,2025-10-16T07:30:00Z,151.23399,S2_CLOSE_INVALIDATION,-1.4727845918920848,0.15762770306880958,2.773311659524175,1.620560563518872,false,
BOS_RETAINED,CONTROL,USD/JPY,USDJPY_2025-08-01,30min,supply,bearish_IPO_supply,2025-10-15T14:30:00Z,151.349,151.45399,151.31799,151.396,151.38599,151.31799,151.38599,151.45399,2025-10-16T09:00:00Z,2025-10-16T09:00:00Z,151.38599,151.45399,151.24998999999997,0.06800000000001205,false,true,2025-10-16T00:30:00Z,150.707,bearish,20,17,NO,,,,2025-10-16T09:00:00Z,151.24998999999997,TARGET,1.7647058823529829,0.23529411764701713,0.16191176470583682,2.1910294117642843,false,SAME_BAR_ENTRY_AND_EXIT
BOS_RETAINED,CONTROL,USD/JPY,USDJPY_2025-08-01,30min,demand,bullish_IPO_demand,2025-10-07T07:00:00Z,150.62,150.711,150.532,150.55499,150.711,150.62150000000003,150.62150000000003,150.532,2025-10-16T16:00:00Z,2025-10-16T16:00:00Z,150.62150000000003,150.532,150.80050000000006,0.08950000000001523,false,true,2025-10-14T00:30:00Z,152.467,bullish,223,127,NO,,,,2025-10-16T16:30:00Z,150.39799,S2_CLOSE_INVALIDATION,-2.676089385474773,0.17877094972063998,4.374301675977313,1.916201117317891,false,
BOS_RETAINED,CONTROL,USD/JPY,USDJPY_2025-08-01,30min,demand,bullish_IPO_demand,2025-10-06T19:00:00Z,150.29401,150.319,150.226,150.235,150.319,150.27249999999998,150.27249999999998,150.226,2025-10-16T17:30:00Z,2025-10-16T17:30:00Z,150.27249999999998,150.226,150.36549999999994,0.046499999999980446,false,true,2025-10-14T00:30:00Z,152.467,bullish,247,130,NO,,,,2025-10-16T17:30:00Z,150.36549999999994,TARGET,1.655913978494479,0.34408602150552103,0.5913978494620764,3.4516129032275416,false,SAME_BAR_ENTRY_AND_EXIT
BOS_RETAINED,CONTROL,USD/JPY,USDJPY_2025-08-01,30min,demand,bullish_IPO_demand,2025-10-06T19:00:00Z,150.29401,150.319,150.226,150.235,150.319,150.27249999999998,150.27249999999998,150.226,2025-10-16T22:00:00Z,2025-10-16T22:00:00Z,150.27249999999998,150.226,150.36549999999994,0.046499999999980446,false,true,2025-10-14T00:30:00Z,152.467,bullish,247,139,NO,,,,2025-10-16T22:00:00Z,150.36549999999994,TARGET,1.655913978494479,0.34408602150552103,0.5055913978494059,3.4733333333352485,false,SAME_BAR_ENTRY_AND_EXIT
BOS_RETAINED,CONTROL,USD/JPY,USDJPY_2025-08-01,30min,demand,bullish_IPO_demand,2025-10-06T17:00:00Z,150.15601,150.168,150.072998,150.149,150.168,150.120499,150.120499,150.072998,2025-10-16T23:00:00Z,2025-10-16T23:00:00Z,150.120499,150.072998,150.21550099999996,0.047500999999982696,false,true,2025-10-14T00:30:00Z,152.467,bullish,251,141,NO,,,,2025-10-16T23:00:00Z,150.21550099999996,TARGET,1.663164986000172,0.33683501399982796,0.11555546198995767,3.610681880382981,false,SAME_BAR_ENTRY_AND_EXIT
BOS_RETAINED,CONTROL,USD/JPY,USDJPY_2025-08-01,30min,demand,bullish_IPO_demand,2025-10-06T17:00:00Z,150.15601,150.168,150.072998,150.149,150.168,150.120499,150.120499,150.072998,2025-10-17T00:00:00Z,2025-10-17T00:00:00Z,150.120499,150.072998,150.21550099999996,0.047500999999982696,false,true,2025-10-14T00:30:00Z,152.467,bullish,251,143,NO,,,,2025-10-17T00:00:00Z,150.21550099999996,TARGET,1.663164986000172,0.33683501399982796,1.69482747731658,2.263131302500001,false,SAME_BAR_ENTRY_AND_EXIT
BOS_RETAINED,CONTROL,USD/JPY,USDJPY_2025-08-01,30min,demand,bullish_IPO_demand,2025-10-06T17:00:00Z,150.15601,150.168,150.072998,150.149,150.168,150.120499,150.120499,150.072998,2025-10-17T02:00:00Z,2025-10-17T02:00:00Z,150.120499,150.072998,150.21550099999996,0.047500999999982696,false,true,2025-10-14T00:30:00Z,152.467,bullish,251,147,NO,,,,2025-10-17T02:00:00Z,150.21550099999996,TARGET,1.663164986000172,0.33683501399982796,0.010505041998923877,5.652744152757116,false,SAME_BAR_ENTRY_AND_EXIT
BOS_RETAINED,CONTROL,USD/JPY,USDJPY_2025-08-01,30min,demand,bullish_IPO_demand,2025-10-06T17:00:00Z,150.15601,150.168,150.072998,150.149,150.168,150.120499,150.120499,150.072998,2025-10-17T03:00:00Z,2025-10-17T03:00:00Z,150.120499,150.072998,150.21550099999996,0.047500999999982696,false,true,2025-10-14T00:30:00Z,152.467,bullish,251,149,NO,,,,2025-10-17T03:30:00Z,150.011993,S2_CLOSE_INVALIDATION,-2.6211237658165283,0.33683501399982796,4.9788214984967745,1.2949411591338769,false,
BOS_RETAINED,CONTROL,USD/JPY,USDJPY_2025-08-01,30min,demand,bullish_IPO_demand,2025-10-06T00:30:00Z,149.728,149.86099,149.582,149.707,149.86099,149.721495,149.721495,149.582,2025-10-17T06:00:00Z,2025-10-17T06:00:00Z,149.721495,149.582,150.00048500000003,0.1394950000000108,false,true,2025-10-14T00:30:00Z,152.467,bullish,284,155,NO,,,,2025-10-17T11:00:00Z,150.00048500000003,TARGET,1.8853005484067618,0.11469945159323819,2.519767733610328,4.125631743072856,false,
BOS_RETAINED,CONTROL,USD/JPY,USDJPY_2025-08-01,30min,supply,bearish_IPO_supply,2025-10-16T20:30:00Z,150.367,150.45,150.366,150.41901,150.40800000000002,150.366,150.40800000000002,150.45,2025-10-17T12:00:00Z,2025-10-17T12:00:00Z,150.40800000000002,150.45,150.32400000000007,0.04199999999997317,false,true,2025-10-17T07:00:00Z,149.616,bearish,21,10,NO,,,,2025-10-17T12:00:00Z,150.32400000000007,TARGET,1.6190476190473757,0.3809523809526243,2.5952380952392877,4.333333333336491,false,SAME_BAR_ENTRY_AND_EXIT
BOS_RETAINED,CONTROL,USD/JPY,USDJPY_2025-08-01,30min,supply,bearish_IPO_supply,2025-10-16T20:30:00Z,150.367,150.45,150.366,150.41901,150.40800000000002,150.366,150.40800000000002,150.45,2025-10-17T13:00:00Z,2025-10-17T13:00:00Z,150.40800000000002,150.45,150.32400000000007,0.04199999999997317,false,true,2025-10-17T07:00:00Z,149.616,bearish,21,12,NO,,,,2025-10-17T13:00:00Z,150.32400000000007,TARGET,1.6190476190473757,0.3809523809526243,0.9288095238098896,4.90476190476545,false,SAME_BAR_ENTRY_AND_EXIT
BOS_REMOVED,CONTROL,USD/JPY,USDJPY_2025-08-01,30min,supply,bearish_IPO_supply,2025-10-17T14:00:00Z,150.34599,150.58701,150.341,150.558,150.464005,150.341,150.464005,150.58701,2025-10-17T17:30:00Z,2025-10-17T17:30:00Z,150.464005,150.58701,150.21799499999997,0.12300500000000625,false,false,,,,,,NO,,,,2025-10-19T23:00:00Z,150.83299,S2_CLOSE_INVALIDATION,-3.129832120645418,0.13007601317018974,4.072964513637592,0.8700052843379085,false,
BOS_RETAINED,CONTROL,USD/JPY,USDJPY_2025-08-01,30min,supply,bearish_IPO_supply,2025-10-15T14:30:00Z,151.349,151.45399,151.31799,151.396,151.38599,151.31799,151.38599,151.45399,2025-10-21T05:00:00Z,2025-10-21T05:00:00Z,151.38599,151.45399,151.24998999999997,0.06800000000001205,false,true,2025-10-17T07:00:00Z,149.616,bearish,81,88,NO,,,,2025-10-21T05:00:00Z,151.24998999999997,TARGET,1.7647058823529829,0.23529411764701713,0.8088235294117216,7.793970588233883,false,SAME_BAR_ENTRY_AND_EXIT
BOS_REMOVED,CONTROL,USD/JPY,USDJPY_2025-08-01,30min,demand,bullish_IPO_demand,2025-10-21T03:30:00Z,151.105,151.125,150.995,151.042999,151.125,151.06,151.06,150.995,2025-10-21T07:00:00Z,2025-10-21T07:00:00Z,151.06,150.995,151.19,0.06499999999999773,false,false,,,,,,NO,,,,2025-10-21T07:00:00Z,151.19,TARGET,1.7538461538461452,0.24615384615385477,0.046046153846210476,3.1230769230770776,false,SAME_BAR_ENTRY_AND_EXIT
BOS_REMOVED,CONTROL,USD/JPY,USDJPY_2025-08-01,30min,demand,bullish_IPO_demand,2025-10-21T04:30:00Z,151.11501,151.239,150.87601,151.076004,151.239,151.057505,151.057505,150.87601,2025-10-21T07:30:00Z,2025-10-21T07:30:00Z,151.057505,150.87601,151.42049499999996,0.18149499999998397,false,false,,,,,,NO,,,,2025-10-21T08:30:00Z,151.42049499999996,TARGET,1.9118433014683522,0.08815669853164777,0.008292239455524727,3.413289622303949,false,
BOS_RETAINED,CONTROL,USD/JPY,USDJPY_2025-08-01,30min,supply,bearish_IPO_supply,2025-10-14T17:00:00Z,151.731,151.868,151.66901,151.842,151.768505,151.66901,151.768505,151.868,2025-10-21T09:30:00Z,2025-10-21T09:30:00Z,151.768505,151.868,151.56951500000002,0.09949499999999034,false,true,2025-10-17T07:00:00Z,149.616,bearish,124,97,NO,,,,2025-10-21T10:00:00Z,151.916,S2_CLOSE_INVALIDATION,-1.643248404442515,0.1608121011106242,1.8040605055532466,0.839288406452691,false,
BOS_REMOVED,CONTROL,USD/JPY,USDJPY_2025-08-01,30min,demand,bullish_IPO_demand,2025-10-21T11:00:00Z,151.92599,151.94701,151.80299,151.911,151.94701,151.875,151.875,151.80299,2025-10-21T13:00:00Z,2025-10-21T13:00:00Z,151.875,151.80299,152.01902,0.0720100000000059,false,false,,,,,,NO,,,,2025-10-21T13:00:00Z,152.01902,TARGET,1.777808637689228,0.22219136231077197,3.0688793223161,2.999625052075863,false,SAME_BAR_ENTRY_AND_EXIT
BOS_REMOVED,CONTROL,USD/JPY,USDJPY_2025-08-01,30min,supply,bearish_IPO_supply,2025-10-21T23:00:00Z,151.931,151.955,151.895,151.94701,151.925,151.895,151.925,151.955,2025-10-22T06:00:00Z,2025-10-22T06:00:00Z,151.925,151.955,151.865,0.030000000000001137,false,false,,,,,,NO,,,,2025-10-22T06:00:00Z,151.865,TARGET,1.4666666666666868,0.5333333333333131,0.8003333333324917,4.900000000000474,false,SAME_BAR_ENTRY_AND_EXIT
BOS_REMOVED,CONTROL,USD/JPY,USDJPY_2025-08-01,30min,supply,bearish_IPO_supply,2025-10-21T23:00:00Z,151.931,151.955,151.895,151.94701,151.925,151.895,151.925,151.955,2025-10-22T12:30:00Z,2025-10-22T12:30:00Z,151.925,151.955,151.865,0.030000000000001137,false,false,,,,,,NO,,,,2025-10-22T12:30:00Z,151.865,TARGET,1.4666666666666868,0.5333333333333131,1.4333333333325438,5.233000000000052,false,SAME_BAR_ENTRY_AND_EXIT
BOS_REMOVED,CONTROL,USD/JPY,USDJPY_2025-08-01,30min,demand,bullish_IPO_demand,2025-10-22T00:30:00Z,151.631,151.705,151.59801,151.62801,151.705,151.651505,151.651505,151.59801,2025-10-22T16:30:00Z,2025-10-22T16:30:00Z,151.651505,151.59801,151.75849499999998,0.05349499999999807,false,false,,,,,,NO,,,,2025-10-22T16:30:00Z,151.75849499999998,TARGET,1.7009066267875395,0.29909337321246054,2.8884007851197433,2.8132535751006995,false,SAME_BAR_ENTRY_AND_EXIT
BOS_REMOVED,CONTROL,USD/JPY,USDJPY_2025-08-01,30min,demand,bullish_IPO_demand,2025-10-22T00:30:00Z,151.631,151.705,151.59801,151.62801,151.705,151.651505,151.651505,151.59801,2025-10-22T17:30:00Z,2025-10-22T17:30:00Z,151.651505,151.59801,151.75849499999998,0.05349499999999807,false,false,,,,,,NO,,,,2025-10-22T18:00:00Z,151.75849499999998,TARGET,1.7009066267875395,0.29909337321246054,1.1123469483124628,2.6638938218526036,false,
BOS_RETAINED,CONTROL,USD/JPY,USDJPY_2025-08-01,30min,supply,bearish_IPO_supply,2025-10-14T01:00:00Z,152.46201,152.49899,152.349,152.476,152.423995,152.349,152.423995,152.49899,2025-10-23T04:30:00Z,2025-10-23T04:30:00Z,152.423995,152.49899,152.274005,0.07499500000000126,false,true,2025-10-17T07:00:00Z,149.616,bearish,156,183,NO,,,,2025-10-23T06:30:00Z,152.636,S2_CLOSE_INVALIDATION,-3.0402693512901,0.21334755650376336,2.9867991199413084,1.5067004466962044,false,
BOS_RETAINED,CONTROL,USD/JPY,USDJPY_2025-08-01,30min,demand,bullish_IPO_demand,2025-10-23T01:30:00Z,152.418,152.45599,152.33,152.41299,152.45599,152.392995,152.392995,152.33,2025-10-23T07:00:00Z,2025-10-23T07:00:00Z,152.392995,152.33,152.51898500000001,0.0629950000000008,false,true,2025-10-23T04:00:00Z,152.453,bullish,5,6,NO,,,,2025-10-23T07:00:00Z,152.51898500000001,TARGET,1.7460115882212905,0.2539884117787094,0.34915469481710776,4.0162711326290985,false,SAME_BAR_ENTRY_AND_EXIT
BOS_RETAINED,CONTROL,USD/JPY,USDJPY_2025-08-01,30min,supply,bearish_IPO_supply,2025-10-10T07:00:00Z,152.532,152.95,152.479,152.883,152.7145,152.479,152.7145,152.95,2025-10-23T10:30:00Z,2025-10-23T10:30:00Z,152.7145,152.95,152.24349999999998,0.23550000000000182,false,true,2025-10-17T07:00:00Z,149.616,bearish,236,195,NO,,,,2025-10-24T05:00:00Z,153.029007,S2_CLOSE_INVALIDATION,-1.4034267515924321,0.06794055201698461,1.3566751592357118,1.131634819532812,false,
BOS_REMOVED,CONTROL,USD/JPY,USDJPY_2025-08-01,30min,demand,bullish_IPO_demand,2025-10-24T03:30:00Z,152.847,152.849,152.70399,152.76199,152.849,152.776495,152.776495,152.70399,2025-10-24T07:00:00Z,2025-10-24T07:00:00Z,152.776495,152.70399,152.92150500000002,0.0725050000000067,false,false,,,,,,NO,,,,2025-10-24T07:00:00Z,152.92150500000002,TARGET,1.7793255637542442,0.22067443624575575,0.3102544652095511,2.4343838355972056,false,SAME_BAR_ENTRY_AND_EXIT
BOS_RETAINED,CONTROL,USD/JPY,USDJPY_2025-08-01,30min,supply,bearish_IPO_supply,2025-10-09T07:30:00Z,153.024994,153.217,152.96201,153.063995,153.089505,152.96201,153.089505,153.217,2025-10-27T00:00:00Z,2025-10-27T00:00:00Z,153.089505,153.217,152.83451499999998,0.12749500000001035,false,true,2025-10-17T07:00:00Z,149.616,bearish,283,264,NO,,,,2025-10-27T00:30:00Z,152.83451499999998,TARGET,1.8745048825444237,0.12549511745557632,0.49801953017752715,2.106004157025631,false,
BOS_RETAINED,CONTROL,USD/JPY,USDJPY_2025-08-01,30min,supply,bearish_IPO_supply,2025-10-09T07:30:00Z,153.024994,153.217,152.96201,153.063995,153.089505,152.96201,153.089505,153.217,2025-10-27T04:00:00Z,2025-10-27T04:00:00Z,153.089505,153.217,152.83451499999998,0.12749500000001035,false,true,2025-10-17T07:00:00Z,149.616,bearish,283,272,NO,,,,2025-10-27T05:00:00Z,153.226,S2_CLOSE_INVALIDATION,-1.196086121024229,0.12549511745557632,1.2980509039568564,0.48241107494416274,false,
BOS_REMOVED,CONTROL,USD/JPY,USDJPY_2025-08-01,30min,demand,bullish_IPO_demand,2025-10-27T01:00:00Z,152.886,152.99001,152.64101,152.724,152.99001,152.81551000000002,152.81551000000002,152.64101,2025-10-27T09:00:00Z,2025-10-27T09:00:00Z,152.81551000000002,152.64101,153.16451000000006,0.1745000000000232,false,false,,,,,,NO,,,,2025-10-27T11:30:00Z,152.63499,S2_CLOSE_INVALIDATION,-1.126189111747872,0.09169054441259526,1.2923209169053531,0.19191977077345324,false,
BOS_REMOVED,CONTROL,USD/JPY,USDJPY_2025-08-01,30min,supply,bearish_IPO_supply,2025-10-27T05:00:00Z,153.13,153.255,153.12,153.226,153.1875,153.12,153.1875,153.255,2025-10-27T13:30:00Z,2025-10-27T13:30:00Z,153.1875,153.255,153.0525,0.06749999999999545,false,false,,,,,,NO,,,,2025-10-27T13:30:00Z,153.0525,TARGET,1.762962962962947,0.237037037037053,0.1259259259259041,3.6962962962967203,false,SAME_BAR_ENTRY_AND_EXIT
BOS_RETAINED,CONTROL,USD/JPY,USDJPY_2025-08-01,30min,demand,bullish_IPO_demand,2025-10-23T22:00:00Z,152.53,152.57001,152.49699,152.52901,152.57001,152.5335,152.5335,152.49699,2025-10-28T00:00:00Z,2025-10-28T00:00:00Z,152.5335,152.49699,152.60652,0.036509999999992715,false,true,2025-10-24T06:00:00Z,152.959,bullish,16,78,NO,,,,2025-10-28T00:00:00Z,152.60652,TARGET,1.5617639003011998,0.4382360996988001,0.9452204875381669,5.546151739250167,false,SAME_BAR_ENTRY_AND_EXIT
BOS_RETAINED,CONTROL,USD/JPY,USDJPY_2025-08-01,30min,demand,bullish_IPO_demand,2025-10-23T01:30:00Z,152.418,152.45599,152.33,152.41299,152.45599,152.392995,152.392995,152.33,2025-10-28T00:30:00Z,2025-10-28T00:30:00Z,152.392995,152.33,152.51898500000001,0.0629950000000008,false,true,2025-10-24T06:00:00Z,152.959,bullish,57,79,NO,,,,2025-10-28T00:30:00Z,152.51898500000001,TARGET,1.7460115882212905,0.2539884117787094,0.06325898880863683,2.651083419318785,false,SAME_BAR_ENTRY_AND_EXIT
BOS_RETAINED,CONTROL,USD/JPY,USDJPY_2025-08-01,30min,demand,bullish_IPO_demand,2025-10-23T01:30:00Z,152.418,152.45599,152.33,152.41299,152.45599,152.392995,152.392995,152.33,2025-10-28T01:30:00Z,2025-10-28T01:30:00Z,152.392995,152.33,152.51898500000001,0.0629950000000008,false,true,2025-10-24T06:00:00Z,152.959,bullish,57,81,NO,,,,2025-10-28T03:30:00Z,152.27699,S2_CLOSE_INVALIDATION,-2.095483768553053,0.2539884117787094,3.69862687514904,1.2858957060080198,false,
BOS_RETAINED,CONTROL,USD/JPY,USDJPY_2025-08-01,30min,demand,bullish_IPO_demand,2025-10-22T21:30:00Z,151.901,151.908,151.856,151.881,151.908,151.882,151.882,151.856,2025-10-28T04:30:00Z,2025-10-28T04:30:00Z,151.882,151.856,151.93400000000003,0.02600000000001046,false,true,2025-10-24T06:00:00Z,152.959,bullish,65,87,NO,,,,2025-10-28T04:30:00Z,151.93400000000003,TARGET,1.3846153846156322,0.6153846153843678,1.3461538461531735,13.23076923076368,false,SAME_BAR_ENTRY_AND_EXIT
BOS_REMOVED,CONTROL,USD/JPY,USDJPY_2025-08-01,30min,supply,bearish_IPO_supply,2025-10-28T07:00:00Z,152.018997,152.353,152.011993,152.149,152.1824965,152.011993,152.1824965,152.353,2025-10-28T12:30:00Z,2025-10-28T12:30:00Z,152.1824965,152.353,151.84148950000002,0.17050349999999526,false,false,,,,,,NO,,,,2025-10-28T23:30:00Z,151.84148950000002,TARGET,1.9061602840997374,0.09383971590026273,1.1055696803877995,2.348904861190614,false,
BOS_RETAINED,CONTROL,USD/JPY,USDJPY_2025-08-01,30min,demand,bullish_IPO_demand,2025-10-22T00:30:00Z,151.631,151.705,151.59801,151.62801,151.705,151.651505,151.651505,151.59801,2025-10-29T00:00:00Z,2025-10-29T00:00:00Z,151.651505,151.59801,151.75849499999998,0.05349499999999807,false,true,2025-10-24T06:00:00Z,152.959,bullish,107,126,NO,,,,2025-10-29T00:00:00Z,151.75849499999998,TARGET,1.7009066267875395,0.29909337321246054,2.2713337695109685,3.9159734554632837,false,SAME_BAR_ENTRY_AND_EXIT
BOS_RETAINED,CONTROL,USD/JPY,USDJPY_2025-08-01,30min,demand,bullish_IPO_demand,2025-10-22T00:30:00Z,151.631,151.705,151.59801,151.62801,151.705,151.651505,151.651505,151.59801,2025-10-29T01:00:00Z,2025-10-29T01:00:00Z,151.651505,151.59801,151.75849499999998,0.05349499999999807,false,true,2025-10-24T06:00:00Z,152.959,bullish,107,128,NO,,,,2025-10-29T01:00:00Z,151.75849499999998,TARGET,1.7009066267875395,0.29909337321246054,2.0468268062432973,2.6638938218526036,false,SAME_BAR_ENTRY_AND_EXIT
BOS_RETAINED,CONTROL,USD/JPY,USDJPY_2025-08-01,30min,supply,bearish_IPO_supply,2025-10-28T02:30:00Z,152.401,152.472,152.401,152.452,152.43650000000002,152.401,152.43650000000002,152.472,2025-10-29T05:00:00Z,2025-10-29T05:00:00Z,152.43650000000002,152.472,152.36550000000005,0.035499999999984766,false,true,2025-10-29T00:00:00Z,151.819,bearish,43,10,NO,,,,2025-10-29T05:00:00Z,152.36550000000005,TARGET,1.5492957746476939,0.4507042253523061,0.5211267605632901,10.689943661977122,false,SAME_BAR_ENTRY_AND_EXIT
BOS_RETAINED,CONTROL,USD/JPY,USDJPY_2025-08-01,30min,supply,bearish_IPO_supply,2025-10-28T02:30:00Z,152.401,152.472,152.401,152.452,152.43650000000002,152.401,152.43650000000002,152.472,2025-10-29T06:00:00Z,2025-10-29T06:00:00Z,152.43650000000002,152.472,152.36550000000005,0.035499999999984766,false,true,2025-10-29T00:00:00Z,151.819,bearish,43,12,NO,,,,2025-10-29T06:00:00Z,152.36550000000005,TARGET,1.5492957746476939,0.4507042253523061,0.43661971830932916,5.028169014087055,false,SAME_BAR_ENTRY_AND_EXIT
BOS_REMOVED,CONTROL,USD/JPY,USDJPY_2025-08-01,30min,demand,bullish_IPO_demand,2025-10-29T04:00:00Z,152.048996,152.089996,151.95399,152.033005,152.089996,152.021993,152.021993,151.95399,2025-10-29T07:00:00Z,2025-10-29T07:00:00Z,152.021993,151.95399,152.15799900000002,0.06800300000000448,false,false,,,,,,NO,,,,2025-10-29T07:00:00Z,152.15799900000002,TARGET,1.7647162625178456,0.23528373748215442,0.13224416569861935,2.308824610678686,false,SAME_BAR_ENTRY_AND_EXIT
BOS_REMOVED,CONTROL,USD/JPY,USDJPY_2025-08-01,30min,demand,bullish_IPO_demand,2025-10-29T02:30:00Z,152.093002,152.142,151.967,151.981,152.142,152.05450000000002,152.05450000000002,151.967,2025-10-29T07:30:00Z,2025-10-29T07:30:00Z,152.05450000000002,151.967,152.22950000000003,0.08750000000000568,false,false,,,,,,NO,,,,2025-10-29T08:00:00Z,152.22950000000003,TARGET,1.817142857142869,0.18285714285713098,0.6685714285714917,2.714399999999665,false,
BOS_RETAINED,CONTROL,USD/JPY,USDJPY_2025-08-01,30min,supply,bearish_IPO_supply,2025-10-28T02:30:00Z,152.401,152.472,152.401,152.452,152.43650000000002,152.401,152.43650000000002,152.472,2025-10-29T09:00:00Z,2025-10-29T09:00:00Z,152.43650000000002,152.472,152.36550000000005,0.035499999999984766,false,true,2025-10-29T00:00:00Z,151.819,bearish,43,18,NO,,,,2025-10-29T09:00:00Z,152.36550000000005,TARGET,1.5492957746476939,0.4507042253523061,0.9152112676051045,3.5070422535229646,false,SAME_BAR_ENTRY_AND_EXIT
BOS_REMOVED,CONTROL,USD/JPY,USDJPY_2025-08-01,30min,supply,bearish_IPO_supply,2025-10-29T05:00:00Z,152.067993,152.455,152.057007,152.442,152.25600350000002,152.057007,152.25600350000002,152.455,2025-10-29T09:30:00Z,2025-10-29T09:30:00Z,152.25600350000002,152.455,151.85801050000003,0.1989964999999927,false,false,,,,,,NO,,,,2025-10-29T18:30:00Z,152.81,S2_CLOSE_INVALIDATION,-2.8643543981929502,0.08040342418083025,4.0150932302829725,1.9950778028760743,false,
BOS_RETAINED,CONTROL,USD/JPY,USDJPY_2025-08-01,30min,supply,bearish_IPO_supply,2025-10-27T13:30:00Z,152.951,153.196,152.938,153.108,153.067,152.938,153.067,153.196,2025-10-30T06:00:00Z,2025-10-30T06:00:00Z,153.067,153.196,152.80900000000003,0.12899999999999068,false,true,2025-10-29T00:00:00Z,151.819,bearish,69,60,NO,,,,2025-10-30T06:30:00Z,153.332,S2_CLOSE_INVALIDATION,-2.1782945736434627,0.12403100775194695,3.4883720930234197,1.0775968992249862,false,
BOS_RETAINED,CONTROL,USD/JPY,USDJPY_2025-08-01,30min,demand,bullish_IPO_demand,2025-10-30T08:30:00Z,153.82401,153.88699,153.67799,153.742,153.88699,153.78249,153.78249,153.67799,2025-10-31T01:30:00Z,2025-10-31T01:30:00Z,153.78249,153.67799,153.99149,0.10450000000000159,false,true,2025-10-30T13:00:00Z,154.311,bullish,9,25,NO,,,,2025-10-31T03:30:00Z,153.99149,TARGET,1.8468899521531124,0.15311004784688761,1.2870813397129253,2.732086124401926,false,
BOS_REMOVED,CONTROL,USD/JPY,USDJPY_2025-08-01,30min,demand,bullish_IPO_demand,2025-10-31T04:30:00Z,153.952,153.99899,153.90401,153.936,153.99899,153.9515,153.9515,153.90401,2025-10-31T20:30:00Z,2025-10-31T20:30:00Z,153.9515,153.90401,154.04648000000003,0.04749000000001047,false,false,,,,,,NO,,,,2025-10-31T20:30:00Z,154.04648000000003,TARGET,1.6630869656770588,0.3369130343229411,0.38955569593626455,3.0217098336482353,false,SAME_BAR_ENTRY_AND_EXIT
