trade_id,symbol,timestamp,gate_name,pass,reason,kind
EUR/USD|2026-03-29T05:55:00.000Z,EUR/USD,2026-03-29T05:55:00.000Z,[legacy] HTF bias aligned,True,[legacy] HTF bias aligned: Daily ranging,REPLAYABLE
EUR/USD|2026-03-29T05:55:00.000Z,EUR/USD,2026-03-29T05:55:00.000Z,P/D zone OK,True,"P/D zone OK (premium, 77.2% of the 5m 5-swing box 1.15174–1.15428)",REPLAYABLE
EUR/USD|2026-03-29T05:55:00.000Z,EUR/USD,2026-03-29T05:55:00.000Z,Structural Conviction [entry],True,Structural Conviction [entry]: Bear 20% / Bull 25% (S2F 22%),REPLAYABLE
EUR/USD|2026-03-29T05:55:00.000Z,EUR/USD,2026-03-29T05:55:00.000Z,Reaction gate skipped,True,Reaction gate skipped: trend is bullish (not ranging),REPLAYABLE
EUR/USD|2026-03-29T05:55:00.000Z,EUR/USD,2026-03-29T05:55:00.000Z,EUR/USD enabled,True,EUR/USD enabled,REPLAYABLE
EUR/USD|2026-03-29T05:55:00.000Z,EUR/USD,2026-03-29T05:55:00.000Z,0/7 positions,True,0/7 positions,REPLAYABLE
EUR/USD|2026-03-29T05:55:00.000Z,EUR/USD,2026-03-29T05:55:00.000Z,0/1 for EUR/USD,True,0/1 for EUR/USD,REPLAYABLE
EUR/USD|2026-03-29T05:55:00.000Z,EUR/USD,2026-03-29T05:55:00.000Z,Portfolio heat 0.0%,True,Portfolio heat 0.0%,ACCOUNT_STATE
EUR/USD|2026-03-29T05:55:00.000Z,EUR/USD,2026-03-29T05:55:00.000Z,Daily loss 0.0%,True,Daily loss 0.0%,ACCOUNT_STATE
EUR/USD|2026-03-29T05:55:00.000Z,EUR/USD,2026-03-29T05:55:00.000Z,Drawdown 0.0%,True,Drawdown 0.0%,ACCOUNT_STATE
EUR/USD|2026-03-29T05:55:00.000Z,EUR/USD,2026-03-29T05:55:00.000Z,Score 37.5 < 40 threshold,False,Score 37.5 < 40 threshold,REPLAYABLE
EUR/USD|2026-03-29T05:55:00.000Z,EUR/USD,2026-03-29T05:55:00.000Z,SMT veto,True,SMT veto: no opposition detected,REPLAYABLE
EUR/USD|2026-03-29T05:55:00.000Z,EUR/USD,2026-03-29T05:55:00.000Z,R,True,"R:R 2.07 effective (2.13 raw, spread 1p)",REPLAYABLE
EUR/USD|2026-03-29T05:55:00.000Z,EUR/USD,2026-03-29T05:55:00.000Z,No recent trades — cooldown OK,True,No recent trades — cooldown OK,REPLAYABLE
EUR/USD|2026-03-29T05:55:00.000Z,EUR/USD,2026-03-29T05:55:00.000Z,No trade history for consecutive loss check,True,No trade history for consecutive loss check,ACCOUNT_STATE
EUR/USD|2026-03-29T05:55:00.000Z,EUR/USD,2026-03-29T05:55:00.000Z,Daily net P&L $+0.00,True,Daily net P&L $+0.00 (gross loss: $0.00),ACCOUNT_STATE
EUR/USD|2026-03-29T05:55:00.000Z,EUR/USD,2026-03-29T05:55:00.000Z,News filter,True,News filter: env not configured — skipped,ACCOUNT_STATE
EUR/USD|2026-03-29T05:55:00.000Z,EUR/USD,2026-03-29T05:55:00.000Z,FOTSI Gate,True,FOTSI Gate: data unavailable — skipped,REPLAYABLE
EUR/USD|2026-03-29T05:55:00.000Z,EUR/USD,2026-03-29T05:55:00.000Z,No correlated conflicts,True,No correlated conflicts (threshold 0.8),ACCOUNT_STATE
EUR/USD|2026-03-29T05:55:00.000Z,EUR/USD,2026-03-29T05:55:00.000Z,Tier 1 gate FAILED,False,"Tier 1 gate FAILED: only 2 core factors — need at least 3 of: Market Structure, Order Block, Fair Value Gap, Premium/Dis",REPLAYABLE
EUR/USD|2026-03-29T05:55:00.000Z,EUR/USD,2026-03-29T05:55:00.000Z,Regime gate,True,Regime gate: OK,REPLAYABLE
EUR/USD|2026-03-29T05:55:00.000Z,EUR/USD,2026-03-29T05:55:00.000Z,[Info] Spread wide,True,[Info] Spread wide (indicative): 65.4% of ATR — info only,REPLAYABLE
USD/CAD|2026-03-29T15:40:00.000Z,USD/CAD,2026-03-29T15:40:00.000Z,[legacy] HTF bias mismatch,False,"[legacy] HTF bias mismatch: Daily is bullish, entry is bearish",REPLAYABLE
USD/CAD|2026-03-29T15:40:00.000Z,USD/CAD,2026-03-29T15:40:00.000Z,P/D zone OK,True,"P/D zone OK (equilibrium, 50.2% of the 5m 5-swing box 1.38441–1.39013)",REPLAYABLE
USD/CAD|2026-03-29T15:40:00.000Z,USD/CAD,2026-03-29T15:40:00.000Z,Structural Conviction [entry],True,Structural Conviction [entry]: Bear 33% / Bull 25% (S2F 29%),REPLAYABLE
USD/CAD|2026-03-29T15:40:00.000Z,USD/CAD,2026-03-29T15:40:00.000Z,Reaction gate skipped,True,Reaction gate skipped: trend is bearish (not ranging),REPLAYABLE
USD/CAD|2026-03-29T15:40:00.000Z,USD/CAD,2026-03-29T15:40:00.000Z,USD/CAD not in enabled instruments,False,USD/CAD not in enabled instruments,REPLAYABLE
USD/CAD|2026-03-29T15:40:00.000Z,USD/CAD,2026-03-29T15:40:00.000Z,0/7 positions,True,0/7 positions,REPLAYABLE
USD/CAD|2026-03-29T15:40:00.000Z,USD/CAD,2026-03-29T15:40:00.000Z,0/1 for USD/CAD,True,0/1 for USD/CAD,REPLAYABLE
USD/CAD|2026-03-29T15:40:00.000Z,USD/CAD,2026-03-29T15:40:00.000Z,Portfolio heat 0.0%,True,Portfolio heat 0.0%,ACCOUNT_STATE
USD/CAD|2026-03-29T15:40:00.000Z,USD/CAD,2026-03-29T15:40:00.000Z,Daily loss 0.0%,True,Daily loss 0.0%,ACCOUNT_STATE
USD/CAD|2026-03-29T15:40:00.000Z,USD/CAD,2026-03-29T15:40:00.000Z,Drawdown 0.0%,True,Drawdown 0.0%,ACCOUNT_STATE
USD/CAD|2026-03-29T15:40:00.000Z,USD/CAD,2026-03-29T15:40:00.000Z,Score 38 < 40 threshold,False,Score 38 < 40 threshold,REPLAYABLE
USD/CAD|2026-03-29T15:40:00.000Z,USD/CAD,2026-03-29T15:40:00.000Z,SMT veto,True,SMT veto: no opposition detected,REPLAYABLE
USD/CAD|2026-03-29T15:40:00.000Z,USD/CAD,2026-03-29T15:40:00.000Z,R,True,"R:R 2.00 effective (2.08 raw, spread 1.5p)",REPLAYABLE
USD/CAD|2026-03-29T15:40:00.000Z,USD/CAD,2026-03-29T15:40:00.000Z,No recent trades — cooldown OK,True,No recent trades — cooldown OK,REPLAYABLE
USD/CAD|2026-03-29T15:40:00.000Z,USD/CAD,2026-03-29T15:40:00.000Z,No trade history for consecutive loss check,True,No trade history for consecutive loss check,ACCOUNT_STATE
USD/CAD|2026-03-29T15:40:00.000Z,USD/CAD,2026-03-29T15:40:00.000Z,Daily net P&L $+0.00,True,Daily net P&L $+0.00 (gross loss: $0.00),ACCOUNT_STATE
USD/CAD|2026-03-29T15:40:00.000Z,USD/CAD,2026-03-29T15:40:00.000Z,News filter,True,News filter: env not configured — skipped,ACCOUNT_STATE
USD/CAD|2026-03-29T15:40:00.000Z,USD/CAD,2026-03-29T15:40:00.000Z,FOTSI Gate,True,FOTSI Gate: data unavailable — skipped,REPLAYABLE
USD/CAD|2026-03-29T15:40:00.000Z,USD/CAD,2026-03-29T15:40:00.000Z,No correlated conflicts,True,No correlated conflicts (threshold 0.8),ACCOUNT_STATE
USD/CAD|2026-03-29T15:40:00.000Z,USD/CAD,2026-03-29T15:40:00.000Z,Tier 1 gate FAILED,False,"Tier 1 gate FAILED: only 1 core factors — need at least 3 of: Market Structure, Order Block, Fair Value Gap, Premium/Dis",REPLAYABLE
USD/CAD|2026-03-29T15:40:00.000Z,USD/CAD,2026-03-29T15:40:00.000Z,Regime gate,True,Regime gate: OK,REPLAYABLE
USD/CAD|2026-03-29T15:40:00.000Z,USD/CAD,2026-03-29T15:40:00.000Z,[Info] Spread OK,True,[Info] Spread OK: 11.6% of ATR,REPLAYABLE
USD/CAD|2026-03-29T21:35:00.000Z,USD/CAD,2026-03-29T21:35:00.000Z,[legacy] HTF bias mismatch,False,"[legacy] HTF bias mismatch: Daily is bullish, entry is bearish",REPLAYABLE
USD/CAD|2026-03-29T21:35:00.000Z,USD/CAD,2026-03-29T21:35:00.000Z,P/D zone OK,True,"P/D zone OK (premium, 56.5% of the 5m 5-swing box 1.38532–1.39077)",REPLAYABLE
USD/CAD|2026-03-29T21:35:00.000Z,USD/CAD,2026-03-29T21:35:00.000Z,Structural Conviction BLOCKED [entry],False,"Structural Conviction BLOCKED [entry]: Bear fractals 0%, S2F 10%, opposite 20% — no structural support for short",REPLAYABLE
USD/CAD|2026-03-29T21:35:00.000Z,USD/CAD,2026-03-29T21:35:00.000Z,Reaction confirmed in ranging market,True,"Reaction confirmed in ranging market: Reversal Candle, Liquidity Sweep, AMD Phase",REPLAYABLE
USD/CAD|2026-03-29T21:35:00.000Z,USD/CAD,2026-03-29T21:35:00.000Z,USD/CAD not in enabled instruments,False,USD/CAD not in enabled instruments,REPLAYABLE
USD/CAD|2026-03-29T21:35:00.000Z,USD/CAD,2026-03-29T21:35:00.000Z,0/7 positions,True,0/7 positions,REPLAYABLE
USD/CAD|2026-03-29T21:35:00.000Z,USD/CAD,2026-03-29T21:35:00.000Z,0/1 for USD/CAD,True,0/1 for USD/CAD,REPLAYABLE
USD/CAD|2026-03-29T21:35:00.000Z,USD/CAD,2026-03-29T21:35:00.000Z,Portfolio heat 0.0%,True,Portfolio heat 0.0%,ACCOUNT_STATE
USD/CAD|2026-03-29T21:35:00.000Z,USD/CAD,2026-03-29T21:35:00.000Z,Daily loss 0.0%,True,Daily loss 0.0%,ACCOUNT_STATE
USD/CAD|2026-03-29T21:35:00.000Z,USD/CAD,2026-03-29T21:35:00.000Z,Drawdown 0.0%,True,Drawdown 0.0%,ACCOUNT_STATE
USD/CAD|2026-03-29T21:35:00.000Z,USD/CAD,2026-03-29T21:35:00.000Z,Score 24.5 < 40 threshold,False,Score 24.5 < 40 threshold,REPLAYABLE
USD/CAD|2026-03-29T21:35:00.000Z,USD/CAD,2026-03-29T21:35:00.000Z,SMT veto,True,SMT veto: no opposition detected,REPLAYABLE
USD/CAD|2026-03-29T21:35:00.000Z,USD/CAD,2026-03-29T21:35:00.000Z,R,True,"R:R 1.97 effective (2.05 raw, spread 1.5p)",REPLAYABLE
USD/CAD|2026-03-29T21:35:00.000Z,USD/CAD,2026-03-29T21:35:00.000Z,No recent trades — cooldown OK,True,No recent trades — cooldown OK,REPLAYABLE
USD/CAD|2026-03-29T21:35:00.000Z,USD/CAD,2026-03-29T21:35:00.000Z,No trade history for consecutive loss check,True,No trade history for consecutive loss check,ACCOUNT_STATE
USD/CAD|2026-03-29T21:35:00.000Z,USD/CAD,2026-03-29T21:35:00.000Z,Daily net P&L $+0.00,True,Daily net P&L $+0.00 (gross loss: $0.00),ACCOUNT_STATE
USD/CAD|2026-03-29T21:35:00.000Z,USD/CAD,2026-03-29T21:35:00.000Z,News filter,True,News filter: env not configured — skipped,ACCOUNT_STATE
USD/CAD|2026-03-29T21:35:00.000Z,USD/CAD,2026-03-29T21:35:00.000Z,FOTSI Gate,True,FOTSI Gate: data unavailable — skipped,REPLAYABLE
USD/CAD|2026-03-29T21:35:00.000Z,USD/CAD,2026-03-29T21:35:00.000Z,No correlated conflicts,True,No correlated conflicts (threshold 0.8),ACCOUNT_STATE
USD/CAD|2026-03-29T21:35:00.000Z,USD/CAD,2026-03-29T21:35:00.000Z,Tier 1 gate FAILED,False,"Tier 1 gate FAILED: only 1 core factors — need at least 3 of: Market Structure, Order Block, Fair Value Gap, Premium/Dis",REPLAYABLE
USD/CAD|2026-03-29T21:35:00.000Z,USD/CAD,2026-03-29T21:35:00.000Z,Regime gate,True,Regime gate: OK,REPLAYABLE
USD/CAD|2026-03-29T21:35:00.000Z,USD/CAD,2026-03-29T21:35:00.000Z,[Info] Spread OK,True,[Info] Spread OK: 18.5% of ATR,REPLAYABLE
USD/JPY|2026-03-30T08:05:00.000Z,USD/JPY,2026-03-30T08:05:00.000Z,[legacy] HTF bias aligned,True,[legacy] HTF bias aligned: Daily ranging,REPLAYABLE
USD/JPY|2026-03-30T08:05:00.000Z,USD/JPY,2026-03-30T08:05:00.000Z,P/D zone OK,True,"P/D zone OK (premium, 70.2% of the 5m 5-swing box 159.592–159.855)",REPLAYABLE
USD/JPY|2026-03-30T08:05:00.000Z,USD/JPY,2026-03-30T08:05:00.000Z,Structural Conviction [entry],True,Structural Conviction [entry]: Bull 25% / Bear 40% (S2F 33%),REPLAYABLE
USD/JPY|2026-03-30T08:05:00.000Z,USD/JPY,2026-03-30T08:05:00.000Z,Reaction gate skipped,True,Reaction gate skipped: trend is bearish (not ranging),REPLAYABLE
USD/JPY|2026-03-30T08:05:00.000Z,USD/JPY,2026-03-30T08:05:00.000Z,USD/JPY enabled,True,USD/JPY enabled,REPLAYABLE
USD/JPY|2026-03-30T08:05:00.000Z,USD/JPY,2026-03-30T08:05:00.000Z,0/7 positions,True,0/7 positions,REPLAYABLE
USD/JPY|2026-03-30T08:05:00.000Z,USD/JPY,2026-03-30T08:05:00.000Z,0/1 for USD/JPY,True,0/1 for USD/JPY,REPLAYABLE
USD/JPY|2026-03-30T08:05:00.000Z,USD/JPY,2026-03-30T08:05:00.000Z,Portfolio heat 0.0%,True,Portfolio heat 0.0%,ACCOUNT_STATE
USD/JPY|2026-03-30T08:05:00.000Z,USD/JPY,2026-03-30T08:05:00.000Z,Daily loss 0.0%,True,Daily loss 0.0%,ACCOUNT_STATE
USD/JPY|2026-03-30T08:05:00.000Z,USD/JPY,2026-03-30T08:05:00.000Z,Drawdown 0.0%,True,Drawdown 0.0%,ACCOUNT_STATE
USD/JPY|2026-03-30T08:05:00.000Z,USD/JPY,2026-03-30T08:05:00.000Z,Score 36.5 < 40 threshold,False,Score 36.5 < 40 threshold,REPLAYABLE
USD/JPY|2026-03-30T08:05:00.000Z,USD/JPY,2026-03-30T08:05:00.000Z,SMT veto,True,SMT veto: no opposition detected,REPLAYABLE
USD/JPY|2026-03-30T08:05:00.000Z,USD/JPY,2026-03-30T08:05:00.000Z,R,True,"R:R 2.00 effective (2.04 raw, spread 1p)",REPLAYABLE
USD/JPY|2026-03-30T08:05:00.000Z,USD/JPY,2026-03-30T08:05:00.000Z,No recent trades — cooldown OK,True,No recent trades — cooldown OK,REPLAYABLE
USD/JPY|2026-03-30T08:05:00.000Z,USD/JPY,2026-03-30T08:05:00.000Z,No trade history for consecutive loss check,True,No trade history for consecutive loss check,ACCOUNT_STATE
USD/JPY|2026-03-30T08:05:00.000Z,USD/JPY,2026-03-30T08:05:00.000Z,Daily net P&L $+0.00,True,Daily net P&L $+0.00 (gross loss: $0.00),ACCOUNT_STATE
USD/JPY|2026-03-30T08:05:00.000Z,USD/JPY,2026-03-30T08:05:00.000Z,News filter,True,News filter: env not configured — skipped,ACCOUNT_STATE
USD/JPY|2026-03-30T08:05:00.000Z,USD/JPY,2026-03-30T08:05:00.000Z,FOTSI Gate,True,FOTSI Gate: data unavailable — skipped,REPLAYABLE
USD/JPY|2026-03-30T08:05:00.000Z,USD/JPY,2026-03-30T08:05:00.000Z,No correlated conflicts,True,No correlated conflicts (threshold 0.8),ACCOUNT_STATE
USD/JPY|2026-03-30T08:05:00.000Z,USD/JPY,2026-03-30T08:05:00.000Z,Tier 1 gate FAILED,False,"Tier 1 gate FAILED: only 2 core factors — need at least 3 of: Market Structure, Order Block, Fair Value Gap, Premium/Dis",REPLAYABLE
USD/JPY|2026-03-30T08:05:00.000Z,USD/JPY,2026-03-30T08:05:00.000Z,Regime gate,True,Regime gate: OK,REPLAYABLE
USD/JPY|2026-03-30T08:05:00.000Z,USD/JPY,2026-03-30T08:05:00.000Z,[Info] Spread OK,True,[Info] Spread OK: 0.2% of ATR,REPLAYABLE
USD/CAD|2026-03-31T23:00:00.000Z,USD/CAD,2026-03-31T23:00:00.000Z,[legacy] HTF bias aligned,True,[legacy] HTF bias aligned: Daily bullish,REPLAYABLE
USD/CAD|2026-03-31T23:00:00.000Z,USD/CAD,2026-03-31T23:00:00.000Z,P/D zone OK,True,"P/D zone OK (discount, 15.9% of the 5m 5-swing box 1.39062–1.39382)",REPLAYABLE
USD/CAD|2026-03-31T23:00:00.000Z,USD/CAD,2026-03-31T23:00:00.000Z,Structural Conviction [entry],True,Structural Conviction [entry]: Bull 33% / Bear 0% (S2F 17%),REPLAYABLE
USD/CAD|2026-03-31T23:00:00.000Z,USD/CAD,2026-03-31T23:00:00.000Z,Reaction gate skipped,True,Reaction gate skipped: trend is bullish (not ranging),REPLAYABLE
USD/CAD|2026-03-31T23:00:00.000Z,USD/CAD,2026-03-31T23:00:00.000Z,USD/CAD not in enabled instruments,False,USD/CAD not in enabled instruments,REPLAYABLE
USD/CAD|2026-03-31T23:00:00.000Z,USD/CAD,2026-03-31T23:00:00.000Z,0/7 positions,True,0/7 positions,REPLAYABLE
USD/CAD|2026-03-31T23:00:00.000Z,USD/CAD,2026-03-31T23:00:00.000Z,0/1 for USD/CAD,True,0/1 for USD/CAD,REPLAYABLE
USD/CAD|2026-03-31T23:00:00.000Z,USD/CAD,2026-03-31T23:00:00.000Z,Portfolio heat 0.0%,True,Portfolio heat 0.0%,ACCOUNT_STATE
USD/CAD|2026-03-31T23:00:00.000Z,USD/CAD,2026-03-31T23:00:00.000Z,Daily loss 0.0%,True,Daily loss 0.0%,ACCOUNT_STATE
USD/CAD|2026-03-31T23:00:00.000Z,USD/CAD,2026-03-31T23:00:00.000Z,Drawdown 0.0%,True,Drawdown 0.0%,ACCOUNT_STATE
USD/CAD|2026-03-31T23:00:00.000Z,USD/CAD,2026-03-31T23:00:00.000Z,Score 20.8 < 40 threshold,False,Score 20.8 < 40 threshold,REPLAYABLE
USD/CAD|2026-03-31T23:00:00.000Z,USD/CAD,2026-03-31T23:00:00.000Z,SMT veto,True,SMT veto: no opposition detected,REPLAYABLE
USD/CAD|2026-03-31T23:00:00.000Z,USD/CAD,2026-03-31T23:00:00.000Z,R,True,"R:R 2.07 effective (2.16 raw, spread 1.5p)",REPLAYABLE
USD/CAD|2026-03-31T23:00:00.000Z,USD/CAD,2026-03-31T23:00:00.000Z,No recent trades — cooldown OK,True,No recent trades — cooldown OK,REPLAYABLE
USD/CAD|2026-03-31T23:00:00.000Z,USD/CAD,2026-03-31T23:00:00.000Z,No trade history for consecutive loss check,True,No trade history for consecutive loss check,ACCOUNT_STATE
USD/CAD|2026-03-31T23:00:00.000Z,USD/CAD,2026-03-31T23:00:00.000Z,Daily net P&L $+0.00,True,Daily net P&L $+0.00 (gross loss: $0.00),ACCOUNT_STATE
USD/CAD|2026-03-31T23:00:00.000Z,USD/CAD,2026-03-31T23:00:00.000Z,News filter,True,News filter: env not configured — skipped,ACCOUNT_STATE
USD/CAD|2026-03-31T23:00:00.000Z,USD/CAD,2026-03-31T23:00:00.000Z,FOTSI Gate,True,FOTSI Gate: data unavailable — skipped,REPLAYABLE
USD/CAD|2026-03-31T23:00:00.000Z,USD/CAD,2026-03-31T23:00:00.000Z,No correlated conflicts,True,No correlated conflicts (threshold 0.8),ACCOUNT_STATE
USD/CAD|2026-03-31T23:00:00.000Z,USD/CAD,2026-03-31T23:00:00.000Z,Tier 1 gate FAILED,False,"Tier 1 gate FAILED: only 1 core factors — need at least 3 of: Market Structure, Order Block, Fair Value Gap, Premium/Dis",REPLAYABLE
USD/CAD|2026-03-31T23:00:00.000Z,USD/CAD,2026-03-31T23:00:00.000Z,Regime gate,True,Regime gate: OK,REPLAYABLE
USD/CAD|2026-03-31T23:00:00.000Z,USD/CAD,2026-03-31T23:00:00.000Z,[Info] Spread wide,True,[Info] Spread wide (indicative): 41.7% of ATR — info only,REPLAYABLE
GBP/USD|2026-04-01T13:45:00.000Z,GBP/USD,2026-04-01T13:45:00.000Z,[legacy] HTF bias mismatch,False,"[legacy] HTF bias mismatch: Daily is bullish, entry is bearish",REPLAYABLE
GBP/USD|2026-04-01T13:45:00.000Z,GBP/USD,2026-04-01T13:45:00.000Z,P/D zone OK,True,"P/D zone OK (premium, 80.2% of the 5m 5-swing box 1.32630–1.33251)",REPLAYABLE
GBP/USD|2026-04-01T13:45:00.000Z,GBP/USD,2026-04-01T13:45:00.000Z,Structural Conviction [entry],True,Structural Conviction [entry]: Bear 33% / Bull 33% (S2F 33%),REPLAYABLE
GBP/USD|2026-04-01T13:45:00.000Z,GBP/USD,2026-04-01T13:45:00.000Z,Reaction gate skipped,True,Reaction gate skipped: trend is bearish (not ranging),REPLAYABLE
GBP/USD|2026-04-01T13:45:00.000Z,GBP/USD,2026-04-01T13:45:00.000Z,GBP/USD enabled,True,GBP/USD enabled,REPLAYABLE
GBP/USD|2026-04-01T13:45:00.000Z,GBP/USD,2026-04-01T13:45:00.000Z,0/7 positions,True,0/7 positions,REPLAYABLE
GBP/USD|2026-04-01T13:45:00.000Z,GBP/USD,2026-04-01T13:45:00.000Z,0/1 for GBP/USD,True,0/1 for GBP/USD,REPLAYABLE
GBP/USD|2026-04-01T13:45:00.000Z,GBP/USD,2026-04-01T13:45:00.000Z,Portfolio heat 0.0%,True,Portfolio heat 0.0%,ACCOUNT_STATE
GBP/USD|2026-04-01T13:45:00.000Z,GBP/USD,2026-04-01T13:45:00.000Z,Daily loss 0.0%,True,Daily loss 0.0%,ACCOUNT_STATE
GBP/USD|2026-04-01T13:45:00.000Z,GBP/USD,2026-04-01T13:45:00.000Z,Drawdown 0.0%,True,Drawdown 0.0%,ACCOUNT_STATE
GBP/USD|2026-04-01T13:45:00.000Z,GBP/USD,2026-04-01T13:45:00.000Z,Score 32.3 < 40 threshold,False,Score 32.3 < 40 threshold,REPLAYABLE
GBP/USD|2026-04-01T13:45:00.000Z,GBP/USD,2026-04-01T13:45:00.000Z,SMT veto,True,SMT veto: no opposition detected,REPLAYABLE
GBP/USD|2026-04-01T13:45:00.000Z,GBP/USD,2026-04-01T13:45:00.000Z,R,True,"R:R 1.95 effective (2.00 raw, spread 1.5p)",REPLAYABLE
GBP/USD|2026-04-01T13:45:00.000Z,GBP/USD,2026-04-01T13:45:00.000Z,No recent trades — cooldown OK,True,No recent trades — cooldown OK,REPLAYABLE
GBP/USD|2026-04-01T13:45:00.000Z,GBP/USD,2026-04-01T13:45:00.000Z,No trade history for consecutive loss check,True,No trade history for consecutive loss check,ACCOUNT_STATE
GBP/USD|2026-04-01T13:45:00.000Z,GBP/USD,2026-04-01T13:45:00.000Z,Daily net P&L $+0.00,True,Daily net P&L $+0.00 (gross loss: $0.00),ACCOUNT_STATE
GBP/USD|2026-04-01T13:45:00.000Z,GBP/USD,2026-04-01T13:45:00.000Z,News filter,True,News filter: env not configured — skipped,ACCOUNT_STATE
GBP/USD|2026-04-01T13:45:00.000Z,GBP/USD,2026-04-01T13:45:00.000Z,FOTSI Gate,True,FOTSI Gate: data unavailable — skipped,REPLAYABLE
GBP/USD|2026-04-01T13:45:00.000Z,GBP/USD,2026-04-01T13:45:00.000Z,No correlated conflicts,True,No correlated conflicts (threshold 0.8),ACCOUNT_STATE
GBP/USD|2026-04-01T13:45:00.000Z,GBP/USD,2026-04-01T13:45:00.000Z,Tier 1 gate FAILED,False,"Tier 1 gate FAILED: only 2 core factors — need at least 3 of: Market Structure, Order Block, Fair Value Gap, Premium/Dis",REPLAYABLE
GBP/USD|2026-04-01T13:45:00.000Z,GBP/USD,2026-04-01T13:45:00.000Z,Regime gate,True,Regime gate: OK,REPLAYABLE
GBP/USD|2026-04-01T13:45:00.000Z,GBP/USD,2026-04-01T13:45:00.000Z,[Info] Spread OK,True,[Info] Spread OK: 13.6% of ATR,REPLAYABLE
AUD/USD|2026-04-02T08:45:00.000Z,AUD/USD,2026-04-02T08:45:00.000Z,[legacy] HTF bias mismatch,False,"[legacy] HTF bias mismatch: Daily is bearish, entry is bullish",REPLAYABLE
AUD/USD|2026-04-02T08:45:00.000Z,AUD/USD,2026-04-02T08:45:00.000Z,P/D zone OK,True,"P/D zone OK (equilibrium, 50.0% of the 5m 5-swing box 0.68668–0.68852)",REPLAYABLE
AUD/USD|2026-04-02T08:45:00.000Z,AUD/USD,2026-04-02T08:45:00.000Z,Structural Conviction [entry],True,Structural Conviction [entry]: Bull 17% / Bear 0% (S2F 11%),REPLAYABLE
AUD/USD|2026-04-02T08:45:00.000Z,AUD/USD,2026-04-02T08:45:00.000Z,Reaction gate skipped,True,Reaction gate skipped: trend is bullish (not ranging),REPLAYABLE
AUD/USD|2026-04-02T08:45:00.000Z,AUD/USD,2026-04-02T08:45:00.000Z,AUD/USD not in enabled instruments,False,AUD/USD not in enabled instruments,REPLAYABLE
AUD/USD|2026-04-02T08:45:00.000Z,AUD/USD,2026-04-02T08:45:00.000Z,0/7 positions,True,0/7 positions,REPLAYABLE
AUD/USD|2026-04-02T08:45:00.000Z,AUD/USD,2026-04-02T08:45:00.000Z,0/1 for AUD/USD,True,0/1 for AUD/USD,REPLAYABLE
AUD/USD|2026-04-02T08:45:00.000Z,AUD/USD,2026-04-02T08:45:00.000Z,Portfolio heat 0.0%,True,Portfolio heat 0.0%,ACCOUNT_STATE
AUD/USD|2026-04-02T08:45:00.000Z,AUD/USD,2026-04-02T08:45:00.000Z,Daily loss 0.0%,True,Daily loss 0.0%,ACCOUNT_STATE
AUD/USD|2026-04-02T08:45:00.000Z,AUD/USD,2026-04-02T08:45:00.000Z,Drawdown 0.0%,True,Drawdown 0.0%,ACCOUNT_STATE
AUD/USD|2026-04-02T08:45:00.000Z,AUD/USD,2026-04-02T08:45:00.000Z,Score 32.3 < 40 threshold,False,Score 32.3 < 40 threshold,REPLAYABLE
AUD/USD|2026-04-02T08:45:00.000Z,AUD/USD,2026-04-02T08:45:00.000Z,SMT veto,True,SMT veto: no opposition detected,REPLAYABLE
AUD/USD|2026-04-02T08:45:00.000Z,AUD/USD,2026-04-02T08:45:00.000Z,R,True,"R:R 1.98 effective (2.03 raw, spread 1.5p)",REPLAYABLE
AUD/USD|2026-04-02T08:45:00.000Z,AUD/USD,2026-04-02T08:45:00.000Z,No recent trades — cooldown OK,True,No recent trades — cooldown OK,REPLAYABLE
AUD/USD|2026-04-02T08:45:00.000Z,AUD/USD,2026-04-02T08:45:00.000Z,No trade history for consecutive loss check,True,No trade history for consecutive loss check,ACCOUNT_STATE
AUD/USD|2026-04-02T08:45:00.000Z,AUD/USD,2026-04-02T08:45:00.000Z,Daily net P&L $+0.00,True,Daily net P&L $+0.00 (gross loss: $0.00),ACCOUNT_STATE
AUD/USD|2026-04-02T08:45:00.000Z,AUD/USD,2026-04-02T08:45:00.000Z,News filter,True,News filter: env not configured — skipped,ACCOUNT_STATE
AUD/USD|2026-04-02T08:45:00.000Z,AUD/USD,2026-04-02T08:45:00.000Z,FOTSI Gate,True,FOTSI Gate: data unavailable — skipped,REPLAYABLE
AUD/USD|2026-04-02T08:45:00.000Z,AUD/USD,2026-04-02T08:45:00.000Z,No correlated conflicts,True,No correlated conflicts (threshold 0.8),ACCOUNT_STATE
AUD/USD|2026-04-02T08:45:00.000Z,AUD/USD,2026-04-02T08:45:00.000Z,Tier 1 gate FAILED,False,"Tier 1 gate FAILED: only 1 core factors — need at least 3 of: Market Structure, Order Block, Fair Value Gap, Premium/Dis",REPLAYABLE
AUD/USD|2026-04-02T08:45:00.000Z,AUD/USD,2026-04-02T08:45:00.000Z,Regime gate,True,Regime gate: OK,REPLAYABLE
AUD/USD|2026-04-02T08:45:00.000Z,AUD/USD,2026-04-02T08:45:00.000Z,[Info] Spread wide,True,[Info] Spread wide (indicative): 32.9% of ATR — info only,REPLAYABLE
NZD/USD|2026-04-02T10:10:00.000Z,NZD/USD,2026-04-02T10:10:00.000Z,[legacy] HTF bias mismatch,False,"[legacy] HTF bias mismatch: Daily is bearish, entry is bullish",REPLAYABLE
NZD/USD|2026-04-02T10:10:00.000Z,NZD/USD,2026-04-02T10:10:00.000Z,P/D zone OK,True,"P/D zone OK (premium, 59.1% of the 5m 5-swing box 0.57004–0.57175)",REPLAYABLE
NZD/USD|2026-04-02T10:10:00.000Z,NZD/USD,2026-04-02T10:10:00.000Z,Structural Conviction [entry],True,Structural Conviction [entry]: Bull 33% / Bear 25% (S2F 29%),REPLAYABLE
NZD/USD|2026-04-02T10:10:00.000Z,NZD/USD,2026-04-02T10:10:00.000Z,Reaction gate skipped,True,Reaction gate skipped: trend is bearish (not ranging),REPLAYABLE
NZD/USD|2026-04-02T10:10:00.000Z,NZD/USD,2026-04-02T10:10:00.000Z,NZD/USD not in enabled instruments,False,NZD/USD not in enabled instruments,REPLAYABLE
NZD/USD|2026-04-02T10:10:00.000Z,NZD/USD,2026-04-02T10:10:00.000Z,0/7 positions,True,0/7 positions,REPLAYABLE
NZD/USD|2026-04-02T10:10:00.000Z,NZD/USD,2026-04-02T10:10:00.000Z,0/1 for NZD/USD,True,0/1 for NZD/USD,REPLAYABLE
NZD/USD|2026-04-02T10:10:00.000Z,NZD/USD,2026-04-02T10:10:00.000Z,Portfolio heat 0.0%,True,Portfolio heat 0.0%,ACCOUNT_STATE
NZD/USD|2026-04-02T10:10:00.000Z,NZD/USD,2026-04-02T10:10:00.000Z,Daily loss 0.0%,True,Daily loss 0.0%,ACCOUNT_STATE
NZD/USD|2026-04-02T10:10:00.000Z,NZD/USD,2026-04-02T10:10:00.000Z,Drawdown 0.0%,True,Drawdown 0.0%,ACCOUNT_STATE
NZD/USD|2026-04-02T10:10:00.000Z,NZD/USD,2026-04-02T10:10:00.000Z,Score 34.4 < 40 threshold,False,Score 34.4 < 40 threshold,REPLAYABLE
NZD/USD|2026-04-02T10:10:00.000Z,NZD/USD,2026-04-02T10:10:00.000Z,SMT veto,True,SMT veto: no opposition detected,REPLAYABLE
NZD/USD|2026-04-02T10:10:00.000Z,NZD/USD,2026-04-02T10:10:00.000Z,R,True,"R:R 2.23 effective (2.35 raw, spread 2p)",REPLAYABLE
NZD/USD|2026-04-02T10:10:00.000Z,NZD/USD,2026-04-02T10:10:00.000Z,No recent trades — cooldown OK,True,No recent trades — cooldown OK,REPLAYABLE
NZD/USD|2026-04-02T10:10:00.000Z,NZD/USD,2026-04-02T10:10:00.000Z,No trade history for consecutive loss check,True,No trade history for consecutive loss check,ACCOUNT_STATE
NZD/USD|2026-04-02T10:10:00.000Z,NZD/USD,2026-04-02T10:10:00.000Z,Daily net P&L $+0.00,True,Daily net P&L $+0.00 (gross loss: $0.00),ACCOUNT_STATE
NZD/USD|2026-04-02T10:10:00.000Z,NZD/USD,2026-04-02T10:10:00.000Z,News filter,True,News filter: env not configured — skipped,ACCOUNT_STATE
NZD/USD|2026-04-02T10:10:00.000Z,NZD/USD,2026-04-02T10:10:00.000Z,FOTSI Gate,True,FOTSI Gate: data unavailable — skipped,REPLAYABLE
NZD/USD|2026-04-02T10:10:00.000Z,NZD/USD,2026-04-02T10:10:00.000Z,No correlated conflicts,True,No correlated conflicts (threshold 0.8),ACCOUNT_STATE
NZD/USD|2026-04-02T10:10:00.000Z,NZD/USD,2026-04-02T10:10:00.000Z,Tier 1 gate FAILED,False,"Tier 1 gate FAILED: only 1 core factors — need at least 3 of: Market Structure, Order Block, Fair Value Gap, Premium/Dis",REPLAYABLE
NZD/USD|2026-04-02T10:10:00.000Z,NZD/USD,2026-04-02T10:10:00.000Z,Regime gate,True,Regime gate: OK,REPLAYABLE
NZD/USD|2026-04-02T10:10:00.000Z,NZD/USD,2026-04-02T10:10:00.000Z,[Info] Spread wide,True,[Info] Spread wide (indicative): 41.5% of ATR — info only,REPLAYABLE
USD/JPY|2026-04-04T05:15:00.000Z,USD/JPY,2026-04-04T05:15:00.000Z,[legacy] HTF bias mismatch,False,"[legacy] HTF bias mismatch: Daily is bullish, entry is bearish",REPLAYABLE
USD/JPY|2026-04-04T05:15:00.000Z,USD/JPY,2026-04-04T05:15:00.000Z,P/D zone OK,True,"P/D zone OK (discount, 0.0% of the 5m 5-swing box 159.655–159.680) — price is OUTSIDE that range (raw -312.2%)",REPLAYABLE
USD/JPY|2026-04-04T05:15:00.000Z,USD/JPY,2026-04-04T05:15:00.000Z,Structural Conviction [entry],True,Structural Conviction [entry]: Bear 0% / Bull 0% (S2F 0%),REPLAYABLE
USD/JPY|2026-04-04T05:15:00.000Z,USD/JPY,2026-04-04T05:15:00.000Z,Reaction confirmed in ranging market,True,"Reaction confirmed in ranging market: Reversal Candle, Liquidity Sweep, AMD Phase",REPLAYABLE
USD/JPY|2026-04-04T05:15:00.000Z,USD/JPY,2026-04-04T05:15:00.000Z,USD/JPY enabled,True,USD/JPY enabled,REPLAYABLE
USD/JPY|2026-04-04T05:15:00.000Z,USD/JPY,2026-04-04T05:15:00.000Z,0/7 positions,True,0/7 positions,REPLAYABLE
USD/JPY|2026-04-04T05:15:00.000Z,USD/JPY,2026-04-04T05:15:00.000Z,0/1 for USD/JPY,True,0/1 for USD/JPY,REPLAYABLE
USD/JPY|2026-04-04T05:15:00.000Z,USD/JPY,2026-04-04T05:15:00.000Z,Portfolio heat 0.0%,True,Portfolio heat 0.0%,ACCOUNT_STATE
USD/JPY|2026-04-04T05:15:00.000Z,USD/JPY,2026-04-04T05:15:00.000Z,Daily loss 0.0%,True,Daily loss 0.0%,ACCOUNT_STATE
USD/JPY|2026-04-04T05:15:00.000Z,USD/JPY,2026-04-04T05:15:00.000Z,Drawdown 0.0%,True,Drawdown 0.0%,ACCOUNT_STATE
USD/JPY|2026-04-04T05:15:00.000Z,USD/JPY,2026-04-04T05:15:00.000Z,Score 14.6 < 40 threshold,False,Score 14.6 < 40 threshold,REPLAYABLE
USD/JPY|2026-04-04T05:15:00.000Z,USD/JPY,2026-04-04T05:15:00.000Z,SMT veto,True,SMT veto: no opposition detected,REPLAYABLE
USD/JPY|2026-04-04T05:15:00.000Z,USD/JPY,2026-04-04T05:15:00.000Z,R,True,"R:R 2.05 effective (2.09 raw, spread 1p)",REPLAYABLE
USD/JPY|2026-04-04T05:15:00.000Z,USD/JPY,2026-04-04T05:15:00.000Z,No recent trades — cooldown OK,True,No recent trades — cooldown OK,REPLAYABLE
USD/JPY|2026-04-04T05:15:00.000Z,USD/JPY,2026-04-04T05:15:00.000Z,No trade history for consecutive loss check,True,No trade history for consecutive loss check,ACCOUNT_STATE
USD/JPY|2026-04-04T05:15:00.000Z,USD/JPY,2026-04-04T05:15:00.000Z,Daily net P&L $+0.00,True,Daily net P&L $+0.00 (gross loss: $0.00),ACCOUNT_STATE
USD/JPY|2026-04-04T05:15:00.000Z,USD/JPY,2026-04-04T05:15:00.000Z,News filter,True,News filter: env not configured — skipped,ACCOUNT_STATE
USD/JPY|2026-04-04T05:15:00.000Z,USD/JPY,2026-04-04T05:15:00.000Z,FOTSI Gate,True,FOTSI Gate: data unavailable — skipped,REPLAYABLE
USD/JPY|2026-04-04T05:15:00.000Z,USD/JPY,2026-04-04T05:15:00.000Z,No correlated conflicts,True,No correlated conflicts (threshold 0.8),ACCOUNT_STATE
USD/JPY|2026-04-04T05:15:00.000Z,USD/JPY,2026-04-04T05:15:00.000Z,Tier 1 gate FAILED,False,"Tier 1 gate FAILED: only 0 core factors — need at least 3 of: Market Structure, Order Block, Fair Value Gap, Premium/Dis",REPLAYABLE
USD/JPY|2026-04-04T05:15:00.000Z,USD/JPY,2026-04-04T05:15:00.000Z,Regime gate,True,Regime gate: OK,REPLAYABLE
USD/JPY|2026-04-04T05:15:00.000Z,USD/JPY,2026-04-04T05:15:00.000Z,[Info] Spread OK,True,[Info] Spread OK: 0.4% of ATR,REPLAYABLE
EUR/USD|2026-04-04T14:40:00.000Z,EUR/USD,2026-04-04T14:40:00.000Z,[legacy] HTF bias aligned,True,[legacy] HTF bias aligned: Daily bearish,REPLAYABLE
EUR/USD|2026-04-04T14:40:00.000Z,EUR/USD,2026-04-04T14:40:00.000Z,P/D zone OK,True,"P/D zone OK (premium, 61.8% of the 5m 5-swing box 1.15139–1.15215)",REPLAYABLE
EUR/USD|2026-04-04T14:40:00.000Z,EUR/USD,2026-04-04T14:40:00.000Z,Structural Conviction [entry],True,Structural Conviction [entry]: Bear 25% / Bull 0% (S2F 14%),REPLAYABLE
EUR/USD|2026-04-04T14:40:00.000Z,EUR/USD,2026-04-04T14:40:00.000Z,Reaction gate skipped,True,Reaction gate skipped: trend is bearish (not ranging),REPLAYABLE
EUR/USD|2026-04-04T14:40:00.000Z,EUR/USD,2026-04-04T14:40:00.000Z,EUR/USD enabled,True,EUR/USD enabled,REPLAYABLE
EUR/USD|2026-04-04T14:40:00.000Z,EUR/USD,2026-04-04T14:40:00.000Z,0/7 positions,True,0/7 positions,REPLAYABLE
EUR/USD|2026-04-04T14:40:00.000Z,EUR/USD,2026-04-04T14:40:00.000Z,0/1 for EUR/USD,True,0/1 for EUR/USD,REPLAYABLE
EUR/USD|2026-04-04T14:40:00.000Z,EUR/USD,2026-04-04T14:40:00.000Z,Portfolio heat 0.0%,True,Portfolio heat 0.0%,ACCOUNT_STATE
EUR/USD|2026-04-04T14:40:00.000Z,EUR/USD,2026-04-04T14:40:00.000Z,Daily loss 0.0%,True,Daily loss 0.0%,ACCOUNT_STATE
EUR/USD|2026-04-04T14:40:00.000Z,EUR/USD,2026-04-04T14:40:00.000Z,Drawdown 0.0%,True,Drawdown 0.0%,ACCOUNT_STATE
EUR/USD|2026-04-04T14:40:00.000Z,EUR/USD,2026-04-04T14:40:00.000Z,Score 32.3 < 40 threshold,False,Score 32.3 < 40 threshold,REPLAYABLE
EUR/USD|2026-04-04T14:40:00.000Z,EUR/USD,2026-04-04T14:40:00.000Z,SMT veto,True,SMT veto: no opposition detected,REPLAYABLE
EUR/USD|2026-04-04T14:40:00.000Z,EUR/USD,2026-04-04T14:40:00.000Z,R,True,"R:R 1.99 effective (2.05 raw, spread 1p)",REPLAYABLE
EUR/USD|2026-04-04T14:40:00.000Z,EUR/USD,2026-04-04T14:40:00.000Z,No recent trades — cooldown OK,True,No recent trades — cooldown OK,REPLAYABLE
EUR/USD|2026-04-04T14:40:00.000Z,EUR/USD,2026-04-04T14:40:00.000Z,No trade history for consecutive loss check,True,No trade history for consecutive loss check,ACCOUNT_STATE
EUR/USD|2026-04-04T14:40:00.000Z,EUR/USD,2026-04-04T14:40:00.000Z,Daily net P&L $+0.00,True,Daily net P&L $+0.00 (gross loss: $0.00),ACCOUNT_STATE
EUR/USD|2026-04-04T14:40:00.000Z,EUR/USD,2026-04-04T14:40:00.000Z,News filter,True,News filter: env not configured — skipped,ACCOUNT_STATE
EUR/USD|2026-04-04T14:40:00.000Z,EUR/USD,2026-04-04T14:40:00.000Z,FOTSI Gate,True,FOTSI Gate: data unavailable — skipped,REPLAYABLE
EUR/USD|2026-04-04T14:40:00.000Z,EUR/USD,2026-04-04T14:40:00.000Z,No correlated conflicts,True,No correlated conflicts (threshold 0.8),ACCOUNT_STATE
EUR/USD|2026-04-04T14:40:00.000Z,EUR/USD,2026-04-04T14:40:00.000Z,Tier 1 gate FAILED,False,"Tier 1 gate FAILED: only 1 core factors — need at least 3 of: Market Structure, Order Block, Fair Value Gap, Premium/Dis",REPLAYABLE
EUR/USD|2026-04-04T14:40:00.000Z,EUR/USD,2026-04-04T14:40:00.000Z,Regime gate,True,Regime gate: OK,REPLAYABLE
EUR/USD|2026-04-04T14:40:00.000Z,EUR/USD,2026-04-04T14:40:00.000Z,[Info] Spread wide,True,[Info] Spread wide (indicative): 83.8% of ATR — info only,REPLAYABLE
USD/CHF|2026-04-04T19:20:00.000Z,USD/CHF,2026-04-04T19:20:00.000Z,[legacy] HTF bias aligned,True,[legacy] HTF bias aligned: Daily ranging,REPLAYABLE
USD/CHF|2026-04-04T19:20:00.000Z,USD/CHF,2026-04-04T19:20:00.000Z,P/D zone OK,True,"P/D zone OK (premium, 65.8% of the 5m 5-swing box 0.79936–0.80012)",REPLAYABLE
USD/CHF|2026-04-04T19:20:00.000Z,USD/CHF,2026-04-04T19:20:00.000Z,Structural Conviction [entry],True,Structural Conviction [entry]: Bear 33% / Bull 0% (S2F 20%),REPLAYABLE
USD/CHF|2026-04-04T19:20:00.000Z,USD/CHF,2026-04-04T19:20:00.000Z,Reaction gate skipped,True,Reaction gate skipped: trend is bullish (not ranging),REPLAYABLE
USD/CHF|2026-04-04T19:20:00.000Z,USD/CHF,2026-04-04T19:20:00.000Z,USD/CHF not in enabled instruments,False,USD/CHF not in enabled instruments,REPLAYABLE
USD/CHF|2026-04-04T19:20:00.000Z,USD/CHF,2026-04-04T19:20:00.000Z,0/7 positions,True,0/7 positions,REPLAYABLE
USD/CHF|2026-04-04T19:20:00.000Z,USD/CHF,2026-04-04T19:20:00.000Z,0/1 for USD/CHF,True,0/1 for USD/CHF,REPLAYABLE
USD/CHF|2026-04-04T19:20:00.000Z,USD/CHF,2026-04-04T19:20:00.000Z,Portfolio heat 0.0%,True,Portfolio heat 0.0%,ACCOUNT_STATE
USD/CHF|2026-04-04T19:20:00.000Z,USD/CHF,2026-04-04T19:20:00.000Z,Daily loss 0.0%,True,Daily loss 0.0%,ACCOUNT_STATE
USD/CHF|2026-04-04T19:20:00.000Z,USD/CHF,2026-04-04T19:20:00.000Z,Drawdown 0.0%,True,Drawdown 0.0%,ACCOUNT_STATE
USD/CHF|2026-04-04T19:20:00.000Z,USD/CHF,2026-04-04T19:20:00.000Z,Score 35.4 < 40 threshold,False,Score 35.4 < 40 threshold,REPLAYABLE
USD/CHF|2026-04-04T19:20:00.000Z,USD/CHF,2026-04-04T19:20:00.000Z,SMT veto,True,SMT veto: no opposition detected,REPLAYABLE
USD/CHF|2026-04-04T19:20:00.000Z,USD/CHF,2026-04-04T19:20:00.000Z,R,True,"R:R 2.09 effective (2.18 raw, spread 1.5p)",REPLAYABLE
USD/CHF|2026-04-04T19:20:00.000Z,USD/CHF,2026-04-04T19:20:00.000Z,No recent trades — cooldown OK,True,No recent trades — cooldown OK,REPLAYABLE
USD/CHF|2026-04-04T19:20:00.000Z,USD/CHF,2026-04-04T19:20:00.000Z,No trade history for consecutive loss check,True,No trade history for consecutive loss check,ACCOUNT_STATE
USD/CHF|2026-04-04T19:20:00.000Z,USD/CHF,2026-04-04T19:20:00.000Z,Daily net P&L $+0.00,True,Daily net P&L $+0.00 (gross loss: $0.00),ACCOUNT_STATE
USD/CHF|2026-04-04T19:20:00.000Z,USD/CHF,2026-04-04T19:20:00.000Z,News filter,True,News filter: env not configured — skipped,ACCOUNT_STATE
USD/CHF|2026-04-04T19:20:00.000Z,USD/CHF,2026-04-04T19:20:00.000Z,FOTSI Gate,True,FOTSI Gate: data unavailable — skipped,REPLAYABLE
USD/CHF|2026-04-04T19:20:00.000Z,USD/CHF,2026-04-04T19:20:00.000Z,No correlated conflicts,True,No correlated conflicts (threshold 0.8),ACCOUNT_STATE
USD/CHF|2026-04-04T19:20:00.000Z,USD/CHF,2026-04-04T19:20:00.000Z,Tier 1 gate FAILED,False,"Tier 1 gate FAILED: only 1 core factors — need at least 3 of: Market Structure, Order Block, Fair Value Gap, Premium/Dis",REPLAYABLE
USD/CHF|2026-04-04T19:20:00.000Z,USD/CHF,2026-04-04T19:20:00.000Z,Regime gate,True,Regime gate: OK,REPLAYABLE
USD/CHF|2026-04-04T19:20:00.000Z,USD/CHF,2026-04-04T19:20:00.000Z,[Info] Spread wide,True,[Info] Spread wide (indicative): 90.9% of ATR — info only,REPLAYABLE
USD/CHF|2026-04-07T10:30:00.000Z,USD/CHF,2026-04-07T10:30:00.000Z,[legacy] HTF bias mismatch,False,"[legacy] HTF bias mismatch: Daily is bullish, entry is bearish",REPLAYABLE
USD/CHF|2026-04-07T10:30:00.000Z,USD/CHF,2026-04-07T10:30:00.000Z,P/D zone OK,True,"P/D zone OK (premium, 73.9% of the 5m 5-swing box 0.79791–0.79994)",REPLAYABLE
USD/CHF|2026-04-07T10:30:00.000Z,USD/CHF,2026-04-07T10:30:00.000Z,Structural Conviction [entry],True,Structural Conviction [entry]: Bear 33% / Bull 25% (S2F 29%),REPLAYABLE
USD/CHF|2026-04-07T10:30:00.000Z,USD/CHF,2026-04-07T10:30:00.000Z,Reaction confirmed in ranging market,True,"Reaction confirmed in ranging market: Liquidity Sweep, Displacement, AMD Phase",REPLAYABLE
USD/CHF|2026-04-07T10:30:00.000Z,USD/CHF,2026-04-07T10:30:00.000Z,USD/CHF not in enabled instruments,False,USD/CHF not in enabled instruments,REPLAYABLE
USD/CHF|2026-04-07T10:30:00.000Z,USD/CHF,2026-04-07T10:30:00.000Z,0/7 positions,True,0/7 positions,REPLAYABLE
USD/CHF|2026-04-07T10:30:00.000Z,USD/CHF,2026-04-07T10:30:00.000Z,0/1 for USD/CHF,True,0/1 for USD/CHF,REPLAYABLE
USD/CHF|2026-04-07T10:30:00.000Z,USD/CHF,2026-04-07T10:30:00.000Z,Portfolio heat 0.0%,True,Portfolio heat 0.0%,ACCOUNT_STATE
USD/CHF|2026-04-07T10:30:00.000Z,USD/CHF,2026-04-07T10:30:00.000Z,Daily loss 0.0%,True,Daily loss 0.0%,ACCOUNT_STATE
USD/CHF|2026-04-07T10:30:00.000Z,USD/CHF,2026-04-07T10:30:00.000Z,Drawdown 0.0%,True,Drawdown 0.0%,ACCOUNT_STATE
USD/CHF|2026-04-07T10:30:00.000Z,USD/CHF,2026-04-07T10:30:00.000Z,Score 36.7 < 40 threshold,False,Score 36.7 < 40 threshold,REPLAYABLE
USD/CHF|2026-04-07T10:30:00.000Z,USD/CHF,2026-04-07T10:30:00.000Z,SMT veto,True,SMT veto: no opposition detected,REPLAYABLE
USD/CHF|2026-04-07T10:30:00.000Z,USD/CHF,2026-04-07T10:30:00.000Z,R,True,"R:R 2.26 effective (2.35 raw, spread 1.5p)",REPLAYABLE
USD/CHF|2026-04-07T10:30:00.000Z,USD/CHF,2026-04-07T10:30:00.000Z,No recent trades — cooldown OK,True,No recent trades — cooldown OK,REPLAYABLE
USD/CHF|2026-04-07T10:30:00.000Z,USD/CHF,2026-04-07T10:30:00.000Z,No trade history for consecutive loss check,True,No trade history for consecutive loss check,ACCOUNT_STATE
USD/CHF|2026-04-07T10:30:00.000Z,USD/CHF,2026-04-07T10:30:00.000Z,Daily net P&L $+0.00,True,Daily net P&L $+0.00 (gross loss: $0.00),ACCOUNT_STATE
USD/CHF|2026-04-07T10:30:00.000Z,USD/CHF,2026-04-07T10:30:00.000Z,News filter,True,News filter: env not configured — skipped,ACCOUNT_STATE
USD/CHF|2026-04-07T10:30:00.000Z,USD/CHF,2026-04-07T10:30:00.000Z,FOTSI Gate,True,FOTSI Gate: data unavailable — skipped,REPLAYABLE
USD/CHF|2026-04-07T10:30:00.000Z,USD/CHF,2026-04-07T10:30:00.000Z,No correlated conflicts,True,No correlated conflicts (threshold 0.8),ACCOUNT_STATE
USD/CHF|2026-04-07T10:30:00.000Z,USD/CHF,2026-04-07T10:30:00.000Z,Tier 1 gate FAILED,False,"Tier 1 gate FAILED: only 1 core factors — need at least 3 of: Market Structure, Order Block, Fair Value Gap, Premium/Dis",REPLAYABLE
USD/CHF|2026-04-07T10:30:00.000Z,USD/CHF,2026-04-07T10:30:00.000Z,Regime gate,True,Regime gate: OK,REPLAYABLE
USD/CHF|2026-04-07T10:30:00.000Z,USD/CHF,2026-04-07T10:30:00.000Z,[Info] Spread wide,True,[Info] Spread wide (indicative): 35.7% of ATR — info only,REPLAYABLE
AUD/USD|2026-04-07T13:50:00.000Z,AUD/USD,2026-04-07T13:50:00.000Z,[legacy] HTF bias aligned,True,[legacy] HTF bias aligned: Daily bearish,REPLAYABLE
AUD/USD|2026-04-07T13:50:00.000Z,AUD/USD,2026-04-07T13:50:00.000Z,P/D zone OK,True,"P/D zone OK (discount, 29.1% of the 5m 5-swing box 0.69258–0.69471)",REPLAYABLE
AUD/USD|2026-04-07T13:50:00.000Z,AUD/USD,2026-04-07T13:50:00.000Z,Structural Conviction BLOCKED [entry],False,"Structural Conviction BLOCKED [entry]: Bear fractals 0%, S2F 11%, opposite 33% — no structural support for short",REPLAYABLE
AUD/USD|2026-04-07T13:50:00.000Z,AUD/USD,2026-04-07T13:50:00.000Z,Reaction gate skipped,True,Reaction gate skipped: trend is bullish (not ranging),REPLAYABLE
AUD/USD|2026-04-07T13:50:00.000Z,AUD/USD,2026-04-07T13:50:00.000Z,AUD/USD not in enabled instruments,False,AUD/USD not in enabled instruments,REPLAYABLE
AUD/USD|2026-04-07T13:50:00.000Z,AUD/USD,2026-04-07T13:50:00.000Z,0/7 positions,True,0/7 positions,REPLAYABLE
AUD/USD|2026-04-07T13:50:00.000Z,AUD/USD,2026-04-07T13:50:00.000Z,0/1 for AUD/USD,True,0/1 for AUD/USD,REPLAYABLE
AUD/USD|2026-04-07T13:50:00.000Z,AUD/USD,2026-04-07T13:50:00.000Z,Portfolio heat 0.0%,True,Portfolio heat 0.0%,ACCOUNT_STATE
AUD/USD|2026-04-07T13:50:00.000Z,AUD/USD,2026-04-07T13:50:00.000Z,Daily loss 0.0%,True,Daily loss 0.0%,ACCOUNT_STATE
AUD/USD|2026-04-07T13:50:00.000Z,AUD/USD,2026-04-07T13:50:00.000Z,Drawdown 0.0%,True,Drawdown 0.0%,ACCOUNT_STATE
AUD/USD|2026-04-07T13:50:00.000Z,AUD/USD,2026-04-07T13:50:00.000Z,Score 28.1 < 40 threshold,False,Score 28.1 < 40 threshold,REPLAYABLE
AUD/USD|2026-04-07T13:50:00.000Z,AUD/USD,2026-04-07T13:50:00.000Z,SMT veto,True,SMT veto: no opposition detected,REPLAYABLE
AUD/USD|2026-04-07T13:50:00.000Z,AUD/USD,2026-04-07T13:50:00.000Z,R,True,"R:R 1.87 effective (1.95 raw, spread 1.5p)",REPLAYABLE
AUD/USD|2026-04-07T13:50:00.000Z,AUD/USD,2026-04-07T13:50:00.000Z,No recent trades — cooldown OK,True,No recent trades — cooldown OK,REPLAYABLE
AUD/USD|2026-04-07T13:50:00.000Z,AUD/USD,2026-04-07T13:50:00.000Z,No trade history for consecutive loss check,True,No trade history for consecutive loss check,ACCOUNT_STATE
AUD/USD|2026-04-07T13:50:00.000Z,AUD/USD,2026-04-07T13:50:00.000Z,Daily net P&L $+0.00,True,Daily net P&L $+0.00 (gross loss: $0.00),ACCOUNT_STATE
AUD/USD|2026-04-07T13:50:00.000Z,AUD/USD,2026-04-07T13:50:00.000Z,News filter,True,News filter: env not configured — skipped,ACCOUNT_STATE
AUD/USD|2026-04-07T13:50:00.000Z,AUD/USD,2026-04-07T13:50:00.000Z,FOTSI Gate,True,FOTSI Gate: data unavailable — skipped,REPLAYABLE
AUD/USD|2026-04-07T13:50:00.000Z,AUD/USD,2026-04-07T13:50:00.000Z,No correlated conflicts,True,No correlated conflicts (threshold 0.8),ACCOUNT_STATE
AUD/USD|2026-04-07T13:50:00.000Z,AUD/USD,2026-04-07T13:50:00.000Z,Tier 1 gate FAILED,False,"Tier 1 gate FAILED: only 2 core factors — need at least 3 of: Market Structure, Order Block, Fair Value Gap, Premium/Dis",REPLAYABLE
AUD/USD|2026-04-07T13:50:00.000Z,AUD/USD,2026-04-07T13:50:00.000Z,Regime gate,True,Regime gate: OK,REPLAYABLE
AUD/USD|2026-04-07T13:50:00.000Z,AUD/USD,2026-04-07T13:50:00.000Z,[Info] Spread wide,True,[Info] Spread wide (indicative): 29.9% of ATR — info only,REPLAYABLE
AUD/USD|2026-04-09T21:50:00.000Z,AUD/USD,2026-04-09T21:50:00.000Z,[legacy] HTF bias aligned,True,[legacy] HTF bias aligned: Daily ranging,REPLAYABLE
AUD/USD|2026-04-09T21:50:00.000Z,AUD/USD,2026-04-09T21:50:00.000Z,P/D zone OK,True,"P/D zone OK (discount, 42.9% of the 5m 5-swing box 0.70745–0.70950)",REPLAYABLE
AUD/USD|2026-04-09T21:50:00.000Z,AUD/USD,2026-04-09T21:50:00.000Z,Structural Conviction [entry],True,Structural Conviction [entry]: Bear 25% / Bull 0% (S2F 17%),REPLAYABLE
AUD/USD|2026-04-09T21:50:00.000Z,AUD/USD,2026-04-09T21:50:00.000Z,Reaction gate skipped,True,Reaction gate skipped: trend is bearish (not ranging),REPLAYABLE
AUD/USD|2026-04-09T21:50:00.000Z,AUD/USD,2026-04-09T21:50:00.000Z,AUD/USD not in enabled instruments,False,AUD/USD not in enabled instruments,REPLAYABLE
AUD/USD|2026-04-09T21:50:00.000Z,AUD/USD,2026-04-09T21:50:00.000Z,0/7 positions,True,0/7 positions,REPLAYABLE
AUD/USD|2026-04-09T21:50:00.000Z,AUD/USD,2026-04-09T21:50:00.000Z,0/1 for AUD/USD,True,0/1 for AUD/USD,REPLAYABLE
AUD/USD|2026-04-09T21:50:00.000Z,AUD/USD,2026-04-09T21:50:00.000Z,Portfolio heat 0.0%,True,Portfolio heat 0.0%,ACCOUNT_STATE
AUD/USD|2026-04-09T21:50:00.000Z,AUD/USD,2026-04-09T21:50:00.000Z,Daily loss 0.0%,True,Daily loss 0.0%,ACCOUNT_STATE
AUD/USD|2026-04-09T21:50:00.000Z,AUD/USD,2026-04-09T21:50:00.000Z,Drawdown 0.0%,True,Drawdown 0.0%,ACCOUNT_STATE
AUD/USD|2026-04-09T21:50:00.000Z,AUD/USD,2026-04-09T21:50:00.000Z,Score 39.2 < 40 threshold,False,Score 39.2 < 40 threshold,REPLAYABLE
AUD/USD|2026-04-09T21:50:00.000Z,AUD/USD,2026-04-09T21:50:00.000Z,SMT veto,True,SMT veto: no opposition detected,REPLAYABLE
AUD/USD|2026-04-09T21:50:00.000Z,AUD/USD,2026-04-09T21:50:00.000Z,R,True,"R:R 2.00 effective (2.09 raw, spread 1.5p)",REPLAYABLE
AUD/USD|2026-04-09T21:50:00.000Z,AUD/USD,2026-04-09T21:50:00.000Z,No recent trades — cooldown OK,True,No recent trades — cooldown OK,REPLAYABLE
AUD/USD|2026-04-09T21:50:00.000Z,AUD/USD,2026-04-09T21:50:00.000Z,No trade history for consecutive loss check,True,No trade history for consecutive loss check,ACCOUNT_STATE
AUD/USD|2026-04-09T21:50:00.000Z,AUD/USD,2026-04-09T21:50:00.000Z,Daily net P&L $+0.00,True,Daily net P&L $+0.00 (gross loss: $0.00),ACCOUNT_STATE
AUD/USD|2026-04-09T21:50:00.000Z,AUD/USD,2026-04-09T21:50:00.000Z,News filter,True,News filter: env not configured — skipped,ACCOUNT_STATE
AUD/USD|2026-04-09T21:50:00.000Z,AUD/USD,2026-04-09T21:50:00.000Z,FOTSI Gate,True,FOTSI Gate: data unavailable — skipped,REPLAYABLE
AUD/USD|2026-04-09T21:50:00.000Z,AUD/USD,2026-04-09T21:50:00.000Z,No correlated conflicts,True,No correlated conflicts (threshold 0.8),ACCOUNT_STATE
AUD/USD|2026-04-09T21:50:00.000Z,AUD/USD,2026-04-09T21:50:00.000Z,Tier 1 gate passed,True,"Tier 1 gate passed: 3 core factors (Market Structure, Premium/Discount & Fib, Unicorn Model)",REPLAYABLE
AUD/USD|2026-04-09T21:50:00.000Z,AUD/USD,2026-04-09T21:50:00.000Z,Regime gate,True,Regime gate: OK,REPLAYABLE
AUD/USD|2026-04-09T21:50:00.000Z,AUD/USD,2026-04-09T21:50:00.000Z,[Info] Spread wide,True,[Info] Spread wide (indicative): 36.4% of ATR — info only,REPLAYABLE
NZD/USD|2026-04-10T16:40:00.000Z,NZD/USD,2026-04-10T16:40:00.000Z,[legacy] HTF bias mismatch,False,"[legacy] HTF bias mismatch: Daily is bearish, entry is bullish",REPLAYABLE
NZD/USD|2026-04-10T16:40:00.000Z,NZD/USD,2026-04-10T16:40:00.000Z,P/D zone OK,True,"P/D zone OK (discount, 0.0% of the 5m 5-swing box 0.58384–0.58623) — price is OUTSIDE that range (raw -5.4%)",REPLAYABLE
NZD/USD|2026-04-10T16:40:00.000Z,NZD/USD,2026-04-10T16:40:00.000Z,Structural Conviction BLOCKED [entry],False,"Structural Conviction BLOCKED [entry]: Bull fractals 0%, S2F 33%, opposite 50% — no structural support for long",REPLAYABLE
NZD/USD|2026-04-10T16:40:00.000Z,NZD/USD,2026-04-10T16:40:00.000Z,Reaction gate skipped,True,Reaction gate skipped: trend is bearish (not ranging),REPLAYABLE
NZD/USD|2026-04-10T16:40:00.000Z,NZD/USD,2026-04-10T16:40:00.000Z,NZD/USD not in enabled instruments,False,NZD/USD not in enabled instruments,REPLAYABLE
NZD/USD|2026-04-10T16:40:00.000Z,NZD/USD,2026-04-10T16:40:00.000Z,0/7 positions,True,0/7 positions,REPLAYABLE
NZD/USD|2026-04-10T16:40:00.000Z,NZD/USD,2026-04-10T16:40:00.000Z,0/1 for NZD/USD,True,0/1 for NZD/USD,REPLAYABLE
NZD/USD|2026-04-10T16:40:00.000Z,NZD/USD,2026-04-10T16:40:00.000Z,Portfolio heat 0.0%,True,Portfolio heat 0.0%,ACCOUNT_STATE
NZD/USD|2026-04-10T16:40:00.000Z,NZD/USD,2026-04-10T16:40:00.000Z,Daily loss 0.0%,True,Daily loss 0.0%,ACCOUNT_STATE
NZD/USD|2026-04-10T16:40:00.000Z,NZD/USD,2026-04-10T16:40:00.000Z,Drawdown 0.0%,True,Drawdown 0.0%,ACCOUNT_STATE
NZD/USD|2026-04-10T16:40:00.000Z,NZD/USD,2026-04-10T16:40:00.000Z,Score 37.5 < 40 threshold,False,Score 37.5 < 40 threshold,REPLAYABLE
NZD/USD|2026-04-10T16:40:00.000Z,NZD/USD,2026-04-10T16:40:00.000Z,SMT veto,True,SMT veto: no opposition detected,REPLAYABLE
NZD/USD|2026-04-10T16:40:00.000Z,NZD/USD,2026-04-10T16:40:00.000Z,R,True,"R:R 1.95 effective (2.07 raw, spread 2p)",REPLAYABLE
NZD/USD|2026-04-10T16:40:00.000Z,NZD/USD,2026-04-10T16:40:00.000Z,No recent trades — cooldown OK,True,No recent trades — cooldown OK,REPLAYABLE
NZD/USD|2026-04-10T16:40:00.000Z,NZD/USD,2026-04-10T16:40:00.000Z,No trade history for consecutive loss check,True,No trade history for consecutive loss check,ACCOUNT_STATE
NZD/USD|2026-04-10T16:40:00.000Z,NZD/USD,2026-04-10T16:40:00.000Z,Daily net P&L $+0.00,True,Daily net P&L $+0.00 (gross loss: $0.00),ACCOUNT_STATE
NZD/USD|2026-04-10T16:40:00.000Z,NZD/USD,2026-04-10T16:40:00.000Z,News filter,True,News filter: env not configured — skipped,ACCOUNT_STATE
NZD/USD|2026-04-10T16:40:00.000Z,NZD/USD,2026-04-10T16:40:00.000Z,FOTSI Gate,True,FOTSI Gate: data unavailable — skipped,REPLAYABLE
NZD/USD|2026-04-10T16:40:00.000Z,NZD/USD,2026-04-10T16:40:00.000Z,No correlated conflicts,True,No correlated conflicts (threshold 0.8),ACCOUNT_STATE
NZD/USD|2026-04-10T16:40:00.000Z,NZD/USD,2026-04-10T16:40:00.000Z,Tier 1 gate FAILED,False,"Tier 1 gate FAILED: only 1 core factors — need at least 3 of: Market Structure, Order Block, Fair Value Gap, Premium/Dis",REPLAYABLE
NZD/USD|2026-04-10T16:40:00.000Z,NZD/USD,2026-04-10T16:40:00.000Z,Regime gate,True,Regime gate: OK,REPLAYABLE
NZD/USD|2026-04-10T16:40:00.000Z,NZD/USD,2026-04-10T16:40:00.000Z,[Info] Spread wide,True,[Info] Spread wide (indicative): 50.5% of ATR — info only,REPLAYABLE
USD/CAD|2026-04-11T07:35:00.000Z,USD/CAD,2026-04-11T07:35:00.000Z,[legacy] HTF bias mismatch,False,"[legacy] HTF bias mismatch: Daily is bullish, entry is bearish",REPLAYABLE
USD/CAD|2026-04-11T07:35:00.000Z,USD/CAD,2026-04-11T07:35:00.000Z,P/D zone OK,True,"P/D zone OK (premium, 76.1% of the 5m 5-swing box 1.38394–1.38507)",REPLAYABLE
USD/CAD|2026-04-11T07:35:00.000Z,USD/CAD,2026-04-11T07:35:00.000Z,Structural Conviction [entry],True,Structural Conviction [entry]: Bear 33% / Bull 0% (S2F 14%),REPLAYABLE
USD/CAD|2026-04-11T07:35:00.000Z,USD/CAD,2026-04-11T07:35:00.000Z,Reaction gate skipped,True,Reaction gate skipped: trend is bearish (not ranging),REPLAYABLE
USD/CAD|2026-04-11T07:35:00.000Z,USD/CAD,2026-04-11T07:35:00.000Z,USD/CAD not in enabled instruments,False,USD/CAD not in enabled instruments,REPLAYABLE
USD/CAD|2026-04-11T07:35:00.000Z,USD/CAD,2026-04-11T07:35:00.000Z,0/7 positions,True,0/7 positions,REPLAYABLE
USD/CAD|2026-04-11T07:35:00.000Z,USD/CAD,2026-04-11T07:35:00.000Z,0/1 for USD/CAD,True,0/1 for USD/CAD,REPLAYABLE
USD/CAD|2026-04-11T07:35:00.000Z,USD/CAD,2026-04-11T07:35:00.000Z,Portfolio heat 0.0%,True,Portfolio heat 0.0%,ACCOUNT_STATE
USD/CAD|2026-04-11T07:35:00.000Z,USD/CAD,2026-04-11T07:35:00.000Z,Daily loss 0.0%,True,Daily loss 0.0%,ACCOUNT_STATE
USD/CAD|2026-04-11T07:35:00.000Z,USD/CAD,2026-04-11T07:35:00.000Z,Drawdown 0.0%,True,Drawdown 0.0%,ACCOUNT_STATE
USD/CAD|2026-04-11T07:35:00.000Z,USD/CAD,2026-04-11T07:35:00.000Z,Score 26 < 40 threshold,False,Score 26 < 40 threshold,REPLAYABLE
USD/CAD|2026-04-11T07:35:00.000Z,USD/CAD,2026-04-11T07:35:00.000Z,SMT veto,True,SMT veto: no opposition detected,REPLAYABLE
USD/CAD|2026-04-11T07:35:00.000Z,USD/CAD,2026-04-11T07:35:00.000Z,R,True,"R:R 1.87 effective (1.95 raw, spread 1.5p)",REPLAYABLE
USD/CAD|2026-04-11T07:35:00.000Z,USD/CAD,2026-04-11T07:35:00.000Z,No recent trades — cooldown OK,True,No recent trades — cooldown OK,REPLAYABLE
USD/CAD|2026-04-11T07:35:00.000Z,USD/CAD,2026-04-11T07:35:00.000Z,No trade history for consecutive loss check,True,No trade history for consecutive loss check,ACCOUNT_STATE
USD/CAD|2026-04-11T07:35:00.000Z,USD/CAD,2026-04-11T07:35:00.000Z,Daily net P&L $+0.00,True,Daily net P&L $+0.00 (gross loss: $0.00),ACCOUNT_STATE
USD/CAD|2026-04-11T07:35:00.000Z,USD/CAD,2026-04-11T07:35:00.000Z,News filter,True,News filter: env not configured — skipped,ACCOUNT_STATE
USD/CAD|2026-04-11T07:35:00.000Z,USD/CAD,2026-04-11T07:35:00.000Z,FOTSI Gate,True,FOTSI Gate: data unavailable — skipped,REPLAYABLE
USD/CAD|2026-04-11T07:35:00.000Z,USD/CAD,2026-04-11T07:35:00.000Z,No correlated conflicts,True,No correlated conflicts (threshold 0.8),ACCOUNT_STATE
USD/CAD|2026-04-11T07:35:00.000Z,USD/CAD,2026-04-11T07:35:00.000Z,Tier 1 gate FAILED,False,"Tier 1 gate FAILED: only 1 core factors — need at least 3 of: Market Structure, Order Block, Fair Value Gap, Premium/Dis",REPLAYABLE
USD/CAD|2026-04-11T07:35:00.000Z,USD/CAD,2026-04-11T07:35:00.000Z,Regime gate,True,Regime gate: OK,REPLAYABLE
USD/CAD|2026-04-11T07:35:00.000Z,USD/CAD,2026-04-11T07:35:00.000Z,[Info] Spread wide,True,[Info] Spread wide (indicative): 41.1% of ATR — info only,REPLAYABLE
USD/CHF|2026-04-11T18:00:00.000Z,USD/CHF,2026-04-11T18:00:00.000Z,[legacy] HTF bias mismatch,False,"[legacy] HTF bias mismatch: Daily is bullish, entry is bearish",REPLAYABLE
USD/CHF|2026-04-11T18:00:00.000Z,USD/CHF,2026-04-11T18:00:00.000Z,P/D zone OK,True,"P/D zone OK (discount, 37.4% of the 5m 5-swing box 0.78882–0.78997)",REPLAYABLE
USD/CHF|2026-04-11T18:00:00.000Z,USD/CHF,2026-04-11T18:00:00.000Z,Structural Conviction [entry],True,Structural Conviction [entry]: Bear 50% / Bull 0% (S2F 25%),REPLAYABLE
USD/CHF|2026-04-11T18:00:00.000Z,USD/CHF,2026-04-11T18:00:00.000Z,Reaction gate skipped,True,Reaction gate skipped: trend is bearish (not ranging),REPLAYABLE
USD/CHF|2026-04-11T18:00:00.000Z,USD/CHF,2026-04-11T18:00:00.000Z,USD/CHF not in enabled instruments,False,USD/CHF not in enabled instruments,REPLAYABLE
USD/CHF|2026-04-11T18:00:00.000Z,USD/CHF,2026-04-11T18:00:00.000Z,0/7 positions,True,0/7 positions,REPLAYABLE
USD/CHF|2026-04-11T18:00:00.000Z,USD/CHF,2026-04-11T18:00:00.000Z,0/1 for USD/CHF,True,0/1 for USD/CHF,REPLAYABLE
USD/CHF|2026-04-11T18:00:00.000Z,USD/CHF,2026-04-11T18:00:00.000Z,Portfolio heat 0.0%,True,Portfolio heat 0.0%,ACCOUNT_STATE
USD/CHF|2026-04-11T18:00:00.000Z,USD/CHF,2026-04-11T18:00:00.000Z,Daily loss 0.0%,True,Daily loss 0.0%,ACCOUNT_STATE
USD/CHF|2026-04-11T18:00:00.000Z,USD/CHF,2026-04-11T18:00:00.000Z,Drawdown 0.0%,True,Drawdown 0.0%,ACCOUNT_STATE
USD/CHF|2026-04-11T18:00:00.000Z,USD/CHF,2026-04-11T18:00:00.000Z,Score 38.2 < 40 threshold,False,Score 38.2 < 40 threshold,REPLAYABLE
USD/CHF|2026-04-11T18:00:00.000Z,USD/CHF,2026-04-11T18:00:00.000Z,SMT veto,True,SMT veto: no opposition detected,REPLAYABLE
USD/CHF|2026-04-11T18:00:00.000Z,USD/CHF,2026-04-11T18:00:00.000Z,R,True,"R:R 2.11 effective (2.20 raw, spread 1.5p)",REPLAYABLE
USD/CHF|2026-04-11T18:00:00.000Z,USD/CHF,2026-04-11T18:00:00.000Z,No recent trades — cooldown OK,True,No recent trades — cooldown OK,REPLAYABLE
USD/CHF|2026-04-11T18:00:00.000Z,USD/CHF,2026-04-11T18:00:00.000Z,No trade history for consecutive loss check,True,No trade history for consecutive loss check,ACCOUNT_STATE
USD/CHF|2026-04-11T18:00:00.000Z,USD/CHF,2026-04-11T18:00:00.000Z,Daily net P&L $+0.00,True,Daily net P&L $+0.00 (gross loss: $0.00),ACCOUNT_STATE
USD/CHF|2026-04-11T18:00:00.000Z,USD/CHF,2026-04-11T18:00:00.000Z,News filter,True,News filter: env not configured — skipped,ACCOUNT_STATE
USD/CHF|2026-04-11T18:00:00.000Z,USD/CHF,2026-04-11T18:00:00.000Z,FOTSI Gate,True,FOTSI Gate: data unavailable — skipped,REPLAYABLE
USD/CHF|2026-04-11T18:00:00.000Z,USD/CHF,2026-04-11T18:00:00.000Z,No correlated conflicts,True,No correlated conflicts (threshold 0.8),ACCOUNT_STATE
USD/CHF|2026-04-11T18:00:00.000Z,USD/CHF,2026-04-11T18:00:00.000Z,Tier 1 gate FAILED,False,"Tier 1 gate FAILED: only 2 core factors — need at least 3 of: Market Structure, Order Block, Fair Value Gap, Premium/Dis",REPLAYABLE
USD/CHF|2026-04-11T18:00:00.000Z,USD/CHF,2026-04-11T18:00:00.000Z,Regime gate,True,Regime gate: OK,REPLAYABLE
USD/CHF|2026-04-11T18:00:00.000Z,USD/CHF,2026-04-11T18:00:00.000Z,[Info] Spread wide,True,[Info] Spread wide (indicative): 101.4% of ATR — info only,REPLAYABLE
EUR/USD|2026-04-12T16:55:00.000Z,EUR/USD,2026-04-12T16:55:00.000Z,[legacy] HTF bias aligned,True,[legacy] HTF bias aligned: Daily bearish,REPLAYABLE
EUR/USD|2026-04-12T16:55:00.000Z,EUR/USD,2026-04-12T16:55:00.000Z,P/D zone OK,True,"P/D zone OK (premium, 59.3% of the 5m 5-swing box 1.17202–1.17310)",REPLAYABLE
EUR/USD|2026-04-12T16:55:00.000Z,EUR/USD,2026-04-12T16:55:00.000Z,Structural Conviction [entry],True,Structural Conviction [entry]: Bear 14% / Bull 33% (S2F 20%),REPLAYABLE
EUR/USD|2026-04-12T16:55:00.000Z,EUR/USD,2026-04-12T16:55:00.000Z,Reaction gate skipped,True,Reaction gate skipped: trend is bullish (not ranging),REPLAYABLE
EUR/USD|2026-04-12T16:55:00.000Z,EUR/USD,2026-04-12T16:55:00.000Z,EUR/USD enabled,True,EUR/USD enabled,REPLAYABLE
EUR/USD|2026-04-12T16:55:00.000Z,EUR/USD,2026-04-12T16:55:00.000Z,0/7 positions,True,0/7 positions,REPLAYABLE
EUR/USD|2026-04-12T16:55:00.000Z,EUR/USD,2026-04-12T16:55:00.000Z,0/1 for EUR/USD,True,0/1 for EUR/USD,REPLAYABLE
EUR/USD|2026-04-12T16:55:00.000Z,EUR/USD,2026-04-12T16:55:00.000Z,Portfolio heat 0.0%,True,Portfolio heat 0.0%,ACCOUNT_STATE
EUR/USD|2026-04-12T16:55:00.000Z,EUR/USD,2026-04-12T16:55:00.000Z,Daily loss 0.0%,True,Daily loss 0.0%,ACCOUNT_STATE
EUR/USD|2026-04-12T16:55:00.000Z,EUR/USD,2026-04-12T16:55:00.000Z,Drawdown 0.0%,True,Drawdown 0.0%,ACCOUNT_STATE
EUR/USD|2026-04-12T16:55:00.000Z,EUR/USD,2026-04-12T16:55:00.000Z,Score 29.2 < 40 threshold,False,Score 29.2 < 40 threshold,REPLAYABLE
EUR/USD|2026-04-12T16:55:00.000Z,EUR/USD,2026-04-12T16:55:00.000Z,SMT veto,True,SMT veto: no opposition detected,REPLAYABLE
EUR/USD|2026-04-12T16:55:00.000Z,EUR/USD,2026-04-12T16:55:00.000Z,R,True,"R:R 1.98 effective (2.03 raw, spread 1p)",REPLAYABLE
EUR/USD|2026-04-12T16:55:00.000Z,EUR/USD,2026-04-12T16:55:00.000Z,No recent trades — cooldown OK,True,No recent trades — cooldown OK,REPLAYABLE
EUR/USD|2026-04-12T16:55:00.000Z,EUR/USD,2026-04-12T16:55:00.000Z,No trade history for consecutive loss check,True,No trade history for consecutive loss check,ACCOUNT_STATE
EUR/USD|2026-04-12T16:55:00.000Z,EUR/USD,2026-04-12T16:55:00.000Z,Daily net P&L $+0.00,True,Daily net P&L $+0.00 (gross loss: $0.00),ACCOUNT_STATE
EUR/USD|2026-04-12T16:55:00.000Z,EUR/USD,2026-04-12T16:55:00.000Z,News filter,True,News filter: env not configured — skipped,ACCOUNT_STATE
EUR/USD|2026-04-12T16:55:00.000Z,EUR/USD,2026-04-12T16:55:00.000Z,FOTSI Gate,True,FOTSI Gate: data unavailable — skipped,REPLAYABLE
EUR/USD|2026-04-12T16:55:00.000Z,EUR/USD,2026-04-12T16:55:00.000Z,No correlated conflicts,True,No correlated conflicts (threshold 0.8),ACCOUNT_STATE
EUR/USD|2026-04-12T16:55:00.000Z,EUR/USD,2026-04-12T16:55:00.000Z,Tier 1 gate FAILED,False,"Tier 1 gate FAILED: only 1 core factors — need at least 3 of: Market Structure, Order Block, Fair Value Gap, Premium/Dis",REPLAYABLE
EUR/USD|2026-04-12T16:55:00.000Z,EUR/USD,2026-04-12T16:55:00.000Z,Regime gate,True,Regime gate: OK,REPLAYABLE
EUR/USD|2026-04-12T16:55:00.000Z,EUR/USD,2026-04-12T16:55:00.000Z,[Info] Spread wide,True,[Info] Spread wide (indicative): 83.8% of ATR — info only,REPLAYABLE
AUD/USD|2026-04-13T06:25:00.000Z,AUD/USD,2026-04-13T06:25:00.000Z,[legacy] HTF bias mismatch,False,"[legacy] HTF bias mismatch: Daily is bullish, entry is bearish",REPLAYABLE
AUD/USD|2026-04-13T06:25:00.000Z,AUD/USD,2026-04-13T06:25:00.000Z,P/D zone OK,True,"P/D zone OK (premium, 96.8% of the 5m 5-swing box 0.70122–0.70433)",REPLAYABLE
AUD/USD|2026-04-13T06:25:00.000Z,AUD/USD,2026-04-13T06:25:00.000Z,Structural Conviction BLOCKED [entry],False,Structural Conviction BLOCKED [entry]: Bear fractals 0% vs opposite 60% — structure opposes short,REPLAYABLE
AUD/USD|2026-04-13T06:25:00.000Z,AUD/USD,2026-04-13T06:25:00.000Z,Reaction gate skipped,True,Reaction gate skipped: trend is bullish (not ranging),REPLAYABLE
AUD/USD|2026-04-13T06:25:00.000Z,AUD/USD,2026-04-13T06:25:00.000Z,AUD/USD not in enabled instruments,False,AUD/USD not in enabled instruments,REPLAYABLE
AUD/USD|2026-04-13T06:25:00.000Z,AUD/USD,2026-04-13T06:25:00.000Z,0/7 positions,True,0/7 positions,REPLAYABLE
AUD/USD|2026-04-13T06:25:00.000Z,AUD/USD,2026-04-13T06:25:00.000Z,0/1 for AUD/USD,True,0/1 for AUD/USD,REPLAYABLE
AUD/USD|2026-04-13T06:25:00.000Z,AUD/USD,2026-04-13T06:25:00.000Z,Portfolio heat 0.0%,True,Portfolio heat 0.0%,ACCOUNT_STATE
AUD/USD|2026-04-13T06:25:00.000Z,AUD/USD,2026-04-13T06:25:00.000Z,Daily loss 0.0%,True,Daily loss 0.0%,ACCOUNT_STATE
AUD/USD|2026-04-13T06:25:00.000Z,AUD/USD,2026-04-13T06:25:00.000Z,Drawdown 0.0%,True,Drawdown 0.0%,ACCOUNT_STATE
AUD/USD|2026-04-13T06:25:00.000Z,AUD/USD,2026-04-13T06:25:00.000Z,Score 42.7 meets threshold,True,Score 42.7 meets threshold,REPLAYABLE
AUD/USD|2026-04-13T06:25:00.000Z,AUD/USD,2026-04-13T06:25:00.000Z,SMT veto,True,SMT veto: no opposition detected,REPLAYABLE
AUD/USD|2026-04-13T06:25:00.000Z,AUD/USD,2026-04-13T06:25:00.000Z,R,True,"R:R 1.97 effective (2.04 raw, spread 1.5p)",REPLAYABLE
AUD/USD|2026-04-13T06:25:00.000Z,AUD/USD,2026-04-13T06:25:00.000Z,No recent trades — cooldown OK,True,No recent trades — cooldown OK,REPLAYABLE
AUD/USD|2026-04-13T06:25:00.000Z,AUD/USD,2026-04-13T06:25:00.000Z,No trade history for consecutive loss check,True,No trade history for consecutive loss check,ACCOUNT_STATE
AUD/USD|2026-04-13T06:25:00.000Z,AUD/USD,2026-04-13T06:25:00.000Z,Daily net P&L $+0.00,True,Daily net P&L $+0.00 (gross loss: $0.00),ACCOUNT_STATE
AUD/USD|2026-04-13T06:25:00.000Z,AUD/USD,2026-04-13T06:25:00.000Z,News filter,True,News filter: env not configured — skipped,ACCOUNT_STATE
AUD/USD|2026-04-13T06:25:00.000Z,AUD/USD,2026-04-13T06:25:00.000Z,FOTSI Gate,True,FOTSI Gate: data unavailable — skipped,REPLAYABLE
AUD/USD|2026-04-13T06:25:00.000Z,AUD/USD,2026-04-13T06:25:00.000Z,No correlated conflicts,True,No correlated conflicts (threshold 0.8),ACCOUNT_STATE
AUD/USD|2026-04-13T06:25:00.000Z,AUD/USD,2026-04-13T06:25:00.000Z,Tier 1 gate FAILED,False,"Tier 1 gate FAILED: only 1 core factors — need at least 3 of: Market Structure, Order Block, Fair Value Gap, Premium/Dis",REPLAYABLE
AUD/USD|2026-04-13T06:25:00.000Z,AUD/USD,2026-04-13T06:25:00.000Z,Regime gate,True,Regime gate: OK,REPLAYABLE
AUD/USD|2026-04-13T06:25:00.000Z,AUD/USD,2026-04-13T06:25:00.000Z,[Info] Spread wide,True,[Info] Spread wide (indicative): 44.7% of ATR — info only,REPLAYABLE
AUD/USD|2026-04-13T15:45:00.000Z,AUD/USD,2026-04-13T15:45:00.000Z,[legacy] HTF bias mismatch,False,"[legacy] HTF bias mismatch: Daily is bullish, entry is bearish",REPLAYABLE
AUD/USD|2026-04-13T15:45:00.000Z,AUD/USD,2026-04-13T15:45:00.000Z,P/D zone OK,True,"P/D zone OK (premium, 84.5% of the 5m 5-swing box 0.70310–0.70684)",REPLAYABLE
AUD/USD|2026-04-13T15:45:00.000Z,AUD/USD,2026-04-13T15:45:00.000Z,Structural Conviction BLOCKED [entry],False,"Structural Conviction BLOCKED [entry]: Bear fractals 0%, S2F 17%, opposite 33% — no structural support for short",REPLAYABLE
AUD/USD|2026-04-13T15:45:00.000Z,AUD/USD,2026-04-13T15:45:00.000Z,Reaction gate skipped,True,Reaction gate skipped: trend is bullish (not ranging),REPLAYABLE
AUD/USD|2026-04-13T15:45:00.000Z,AUD/USD,2026-04-13T15:45:00.000Z,AUD/USD not in enabled instruments,False,AUD/USD not in enabled instruments,REPLAYABLE
AUD/USD|2026-04-13T15:45:00.000Z,AUD/USD,2026-04-13T15:45:00.000Z,0/7 positions,True,0/7 positions,REPLAYABLE
AUD/USD|2026-04-13T15:45:00.000Z,AUD/USD,2026-04-13T15:45:00.000Z,0/1 for AUD/USD,True,0/1 for AUD/USD,REPLAYABLE
AUD/USD|2026-04-13T15:45:00.000Z,AUD/USD,2026-04-13T15:45:00.000Z,Portfolio heat 0.0%,True,Portfolio heat 0.0%,ACCOUNT_STATE
AUD/USD|2026-04-13T15:45:00.000Z,AUD/USD,2026-04-13T15:45:00.000Z,Daily loss 0.0%,True,Daily loss 0.0%,ACCOUNT_STATE
AUD/USD|2026-04-13T15:45:00.000Z,AUD/USD,2026-04-13T15:45:00.000Z,Drawdown 0.0%,True,Drawdown 0.0%,ACCOUNT_STATE
AUD/USD|2026-04-13T15:45:00.000Z,AUD/USD,2026-04-13T15:45:00.000Z,Score 33.3 < 40 threshold,False,Score 33.3 < 40 threshold,REPLAYABLE
AUD/USD|2026-04-13T15:45:00.000Z,AUD/USD,2026-04-13T15:45:00.000Z,SMT veto,True,SMT veto: no opposition detected,REPLAYABLE
AUD/USD|2026-04-13T15:45:00.000Z,AUD/USD,2026-04-13T15:45:00.000Z,R,True,"R:R 2.18 effective (2.27 raw, spread 1.5p)",REPLAYABLE
AUD/USD|2026-04-13T15:45:00.000Z,AUD/USD,2026-04-13T15:45:00.000Z,No recent trades — cooldown OK,True,No recent trades — cooldown OK,REPLAYABLE
AUD/USD|2026-04-13T15:45:00.000Z,AUD/USD,2026-04-13T15:45:00.000Z,No trade history for consecutive loss check,True,No trade history for consecutive loss check,ACCOUNT_STATE
AUD/USD|2026-04-13T15:45:00.000Z,AUD/USD,2026-04-13T15:45:00.000Z,Daily net P&L $+0.00,True,Daily net P&L $+0.00 (gross loss: $0.00),ACCOUNT_STATE
AUD/USD|2026-04-13T15:45:00.000Z,AUD/USD,2026-04-13T15:45:00.000Z,News filter,True,News filter: env not configured — skipped,ACCOUNT_STATE
AUD/USD|2026-04-13T15:45:00.000Z,AUD/USD,2026-04-13T15:45:00.000Z,FOTSI Gate,True,FOTSI Gate: data unavailable — skipped,REPLAYABLE
AUD/USD|2026-04-13T15:45:00.000Z,AUD/USD,2026-04-13T15:45:00.000Z,No correlated conflicts,True,No correlated conflicts (threshold 0.8),ACCOUNT_STATE
AUD/USD|2026-04-13T15:45:00.000Z,AUD/USD,2026-04-13T15:45:00.000Z,Tier 1 gate FAILED,False,"Tier 1 gate FAILED: only 1 core factors — need at least 3 of: Market Structure, Order Block, Fair Value Gap, Premium/Dis",REPLAYABLE
AUD/USD|2026-04-13T15:45:00.000Z,AUD/USD,2026-04-13T15:45:00.000Z,Regime gate,True,Regime gate: OK,REPLAYABLE
AUD/USD|2026-04-13T15:45:00.000Z,AUD/USD,2026-04-13T15:45:00.000Z,[Info] Spread wide,True,[Info] Spread wide (indicative): 35.9% of ATR — info only,REPLAYABLE
USD/JPY|2026-04-14T16:30:00.000Z,USD/JPY,2026-04-14T16:30:00.000Z,[legacy] HTF bias mismatch,False,"[legacy] HTF bias mismatch: Daily is bearish, entry is bullish",REPLAYABLE
USD/JPY|2026-04-14T16:30:00.000Z,USD/JPY,2026-04-14T16:30:00.000Z,P/D zone OK,True,"P/D zone OK (premium, 69.8% of the 5m 5-swing box 158.615–158.933)",REPLAYABLE
USD/JPY|2026-04-14T16:30:00.000Z,USD/JPY,2026-04-14T16:30:00.000Z,Structural Conviction [entry],True,Structural Conviction [entry]: Bull 25% / Bear 33% (S2F 29%),REPLAYABLE
USD/JPY|2026-04-14T16:30:00.000Z,USD/JPY,2026-04-14T16:30:00.000Z,Reaction gate skipped,True,Reaction gate skipped: trend is bullish (not ranging),REPLAYABLE
USD/JPY|2026-04-14T16:30:00.000Z,USD/JPY,2026-04-14T16:30:00.000Z,USD/JPY enabled,True,USD/JPY enabled,REPLAYABLE
USD/JPY|2026-04-14T16:30:00.000Z,USD/JPY,2026-04-14T16:30:00.000Z,0/7 positions,True,0/7 positions,REPLAYABLE
USD/JPY|2026-04-14T16:30:00.000Z,USD/JPY,2026-04-14T16:30:00.000Z,0/1 for USD/JPY,True,0/1 for USD/JPY,REPLAYABLE
USD/JPY|2026-04-14T16:30:00.000Z,USD/JPY,2026-04-14T16:30:00.000Z,Portfolio heat 0.0%,True,Portfolio heat 0.0%,ACCOUNT_STATE
USD/JPY|2026-04-14T16:30:00.000Z,USD/JPY,2026-04-14T16:30:00.000Z,Daily loss 0.0%,True,Daily loss 0.0%,ACCOUNT_STATE
USD/JPY|2026-04-14T16:30:00.000Z,USD/JPY,2026-04-14T16:30:00.000Z,Drawdown 0.0%,True,Drawdown 0.0%,ACCOUNT_STATE
USD/JPY|2026-04-14T16:30:00.000Z,USD/JPY,2026-04-14T16:30:00.000Z,Score 37.5 < 40 threshold,False,Score 37.5 < 40 threshold,REPLAYABLE
USD/JPY|2026-04-14T16:30:00.000Z,USD/JPY,2026-04-14T16:30:00.000Z,SMT veto,True,SMT veto: no opposition detected,REPLAYABLE
USD/JPY|2026-04-14T16:30:00.000Z,USD/JPY,2026-04-14T16:30:00.000Z,R,True,"R:R 2.07 effective (2.11 raw, spread 1p)",REPLAYABLE
USD/JPY|2026-04-14T16:30:00.000Z,USD/JPY,2026-04-14T16:30:00.000Z,No recent trades — cooldown OK,True,No recent trades — cooldown OK,REPLAYABLE
USD/JPY|2026-04-14T16:30:00.000Z,USD/JPY,2026-04-14T16:30:00.000Z,No trade history for consecutive loss check,True,No trade history for consecutive loss check,ACCOUNT_STATE
USD/JPY|2026-04-14T16:30:00.000Z,USD/JPY,2026-04-14T16:30:00.000Z,Daily net P&L $+0.00,True,Daily net P&L $+0.00 (gross loss: $0.00),ACCOUNT_STATE
USD/JPY|2026-04-14T16:30:00.000Z,USD/JPY,2026-04-14T16:30:00.000Z,News filter,True,News filter: env not configured — skipped,ACCOUNT_STATE
USD/JPY|2026-04-14T16:30:00.000Z,USD/JPY,2026-04-14T16:30:00.000Z,FOTSI Gate,True,FOTSI Gate: data unavailable — skipped,REPLAYABLE
USD/JPY|2026-04-14T16:30:00.000Z,USD/JPY,2026-04-14T16:30:00.000Z,No correlated conflicts,True,No correlated conflicts (threshold 0.8),ACCOUNT_STATE
USD/JPY|2026-04-14T16:30:00.000Z,USD/JPY,2026-04-14T16:30:00.000Z,Tier 1 gate FAILED,False,"Tier 1 gate FAILED: only 2 core factors — need at least 3 of: Market Structure, Order Block, Fair Value Gap, Premium/Dis",REPLAYABLE
USD/JPY|2026-04-14T16:30:00.000Z,USD/JPY,2026-04-14T16:30:00.000Z,Regime gate,True,Regime gate: OK,REPLAYABLE
USD/JPY|2026-04-14T16:30:00.000Z,USD/JPY,2026-04-14T16:30:00.000Z,[Info] Spread OK,True,[Info] Spread OK: 0.2% of ATR,REPLAYABLE
EUR/USD|2026-04-15T20:05:00.000Z,EUR/USD,2026-04-15T20:05:00.000Z,[legacy] HTF bias aligned,True,[legacy] HTF bias aligned: Daily bearish,REPLAYABLE
EUR/USD|2026-04-15T20:05:00.000Z,EUR/USD,2026-04-15T20:05:00.000Z,P/D zone OK,True,"P/D zone OK (discount, 0.0% of the 5m 5-swing box 1.17975–1.18049) — price is OUTSIDE that range (raw -4.1%)",REPLAYABLE
EUR/USD|2026-04-15T20:05:00.000Z,EUR/USD,2026-04-15T20:05:00.000Z,Structural Conviction BLOCKED [entry],False,"Structural Conviction BLOCKED [entry]: Bear fractals 0%, S2F 13%, opposite 20% — no structural support for short",REPLAYABLE
EUR/USD|2026-04-15T20:05:00.000Z,EUR/USD,2026-04-15T20:05:00.000Z,Reaction gate skipped,True,Reaction gate skipped: trend is bullish (not ranging),REPLAYABLE
EUR/USD|2026-04-15T20:05:00.000Z,EUR/USD,2026-04-15T20:05:00.000Z,EUR/USD enabled,True,EUR/USD enabled,REPLAYABLE
EUR/USD|2026-04-15T20:05:00.000Z,EUR/USD,2026-04-15T20:05:00.000Z,0/7 positions,True,0/7 positions,REPLAYABLE
EUR/USD|2026-04-15T20:05:00.000Z,EUR/USD,2026-04-15T20:05:00.000Z,0/1 for EUR/USD,True,0/1 for EUR/USD,REPLAYABLE
EUR/USD|2026-04-15T20:05:00.000Z,EUR/USD,2026-04-15T20:05:00.000Z,Portfolio heat 0.0%,True,Portfolio heat 0.0%,ACCOUNT_STATE
EUR/USD|2026-04-15T20:05:00.000Z,EUR/USD,2026-04-15T20:05:00.000Z,Daily loss 0.0%,True,Daily loss 0.0%,ACCOUNT_STATE
EUR/USD|2026-04-15T20:05:00.000Z,EUR/USD,2026-04-15T20:05:00.000Z,Drawdown 0.0%,True,Drawdown 0.0%,ACCOUNT_STATE
EUR/USD|2026-04-15T20:05:00.000Z,EUR/USD,2026-04-15T20:05:00.000Z,Score 40.6 meets threshold,True,Score 40.6 meets threshold,REPLAYABLE
EUR/USD|2026-04-15T20:05:00.000Z,EUR/USD,2026-04-15T20:05:00.000Z,SMT veto,True,SMT veto: no opposition detected,REPLAYABLE
EUR/USD|2026-04-15T20:05:00.000Z,EUR/USD,2026-04-15T20:05:00.000Z,R,True,"R:R 2.03 effective (2.08 raw, spread 1p)",REPLAYABLE
EUR/USD|2026-04-15T20:05:00.000Z,EUR/USD,2026-04-15T20:05:00.000Z,No recent trades — cooldown OK,True,No recent trades — cooldown OK,REPLAYABLE
EUR/USD|2026-04-15T20:05:00.000Z,EUR/USD,2026-04-15T20:05:00.000Z,No trade history for consecutive loss check,True,No trade history for consecutive loss check,ACCOUNT_STATE
EUR/USD|2026-04-15T20:05:00.000Z,EUR/USD,2026-04-15T20:05:00.000Z,Daily net P&L $+0.00,True,Daily net P&L $+0.00 (gross loss: $0.00),ACCOUNT_STATE
EUR/USD|2026-04-15T20:05:00.000Z,EUR/USD,2026-04-15T20:05:00.000Z,News filter,True,News filter: env not configured — skipped,ACCOUNT_STATE
EUR/USD|2026-04-15T20:05:00.000Z,EUR/USD,2026-04-15T20:05:00.000Z,FOTSI Gate,True,FOTSI Gate: data unavailable — skipped,REPLAYABLE
EUR/USD|2026-04-15T20:05:00.000Z,EUR/USD,2026-04-15T20:05:00.000Z,No correlated conflicts,True,No correlated conflicts (threshold 0.8),ACCOUNT_STATE
EUR/USD|2026-04-15T20:05:00.000Z,EUR/USD,2026-04-15T20:05:00.000Z,Tier 1 gate FAILED,False,"Tier 1 gate FAILED: only 2 core factors — need at least 3 of: Market Structure, Order Block, Fair Value Gap, Premium/Dis",REPLAYABLE
EUR/USD|2026-04-15T20:05:00.000Z,EUR/USD,2026-04-15T20:05:00.000Z,Regime gate,True,Regime gate: OK,REPLAYABLE
EUR/USD|2026-04-15T20:05:00.000Z,EUR/USD,2026-04-15T20:05:00.000Z,[Info] Spread wide,True,[Info] Spread wide (indicative): 49.3% of ATR — info only,REPLAYABLE
USD/CAD|2026-04-16T09:05:00.000Z,USD/CAD,2026-04-16T09:05:00.000Z,[legacy] HTF bias aligned,True,[legacy] HTF bias aligned: Daily ranging,REPLAYABLE
USD/CAD|2026-04-16T09:05:00.000Z,USD/CAD,2026-04-16T09:05:00.000Z,P/D zone OK,True,"P/D zone OK (premium, 74.5% of the 5m 5-swing box 1.37134–1.37346)",REPLAYABLE
USD/CAD|2026-04-16T09:05:00.000Z,USD/CAD,2026-04-16T09:05:00.000Z,Structural Conviction BLOCKED [entry],False,Structural Conviction BLOCKED [entry]: Bear fractals 0% vs opposite 50% — structure opposes short,REPLAYABLE
USD/CAD|2026-04-16T09:05:00.000Z,USD/CAD,2026-04-16T09:05:00.000Z,Reaction gate skipped,True,Reaction gate skipped: trend is bullish (not ranging),REPLAYABLE
USD/CAD|2026-04-16T09:05:00.000Z,USD/CAD,2026-04-16T09:05:00.000Z,USD/CAD not in enabled instruments,False,USD/CAD not in enabled instruments,REPLAYABLE
USD/CAD|2026-04-16T09:05:00.000Z,USD/CAD,2026-04-16T09:05:00.000Z,0/7 positions,True,0/7 positions,REPLAYABLE
USD/CAD|2026-04-16T09:05:00.000Z,USD/CAD,2026-04-16T09:05:00.000Z,0/1 for USD/CAD,True,0/1 for USD/CAD,REPLAYABLE
USD/CAD|2026-04-16T09:05:00.000Z,USD/CAD,2026-04-16T09:05:00.000Z,Portfolio heat 0.0%,True,Portfolio heat 0.0%,ACCOUNT_STATE
USD/CAD|2026-04-16T09:05:00.000Z,USD/CAD,2026-04-16T09:05:00.000Z,Daily loss 0.0%,True,Daily loss 0.0%,ACCOUNT_STATE
USD/CAD|2026-04-16T09:05:00.000Z,USD/CAD,2026-04-16T09:05:00.000Z,Drawdown 0.0%,True,Drawdown 0.0%,ACCOUNT_STATE
USD/CAD|2026-04-16T09:05:00.000Z,USD/CAD,2026-04-16T09:05:00.000Z,Score 32.3 < 40 threshold,False,Score 32.3 < 40 threshold,REPLAYABLE
USD/CAD|2026-04-16T09:05:00.000Z,USD/CAD,2026-04-16T09:05:00.000Z,SMT veto,True,SMT veto: no opposition detected,REPLAYABLE
USD/CAD|2026-04-16T09:05:00.000Z,USD/CAD,2026-04-16T09:05:00.000Z,R,True,"R:R 2.20 effective (2.29 raw, spread 1.5p)",REPLAYABLE
USD/CAD|2026-04-16T09:05:00.000Z,USD/CAD,2026-04-16T09:05:00.000Z,No recent trades — cooldown OK,True,No recent trades — cooldown OK,REPLAYABLE
USD/CAD|2026-04-16T09:05:00.000Z,USD/CAD,2026-04-16T09:05:00.000Z,No trade history for consecutive loss check,True,No trade history for consecutive loss check,ACCOUNT_STATE
USD/CAD|2026-04-16T09:05:00.000Z,USD/CAD,2026-04-16T09:05:00.000Z,Daily net P&L $+0.00,True,Daily net P&L $+0.00 (gross loss: $0.00),ACCOUNT_STATE
USD/CAD|2026-04-16T09:05:00.000Z,USD/CAD,2026-04-16T09:05:00.000Z,News filter,True,News filter: env not configured — skipped,ACCOUNT_STATE
USD/CAD|2026-04-16T09:05:00.000Z,USD/CAD,2026-04-16T09:05:00.000Z,FOTSI Gate,True,FOTSI Gate: data unavailable — skipped,REPLAYABLE
USD/CAD|2026-04-16T09:05:00.000Z,USD/CAD,2026-04-16T09:05:00.000Z,No correlated conflicts,True,No correlated conflicts (threshold 0.8),ACCOUNT_STATE
USD/CAD|2026-04-16T09:05:00.000Z,USD/CAD,2026-04-16T09:05:00.000Z,Tier 1 gate FAILED,False,"Tier 1 gate FAILED: only 1 core factors — need at least 3 of: Market Structure, Order Block, Fair Value Gap, Premium/Dis",REPLAYABLE
USD/CAD|2026-04-16T09:05:00.000Z,USD/CAD,2026-04-16T09:05:00.000Z,Regime gate,True,Regime gate: OK,REPLAYABLE
USD/CAD|2026-04-16T09:05:00.000Z,USD/CAD,2026-04-16T09:05:00.000Z,[Info] Spread wide,True,[Info] Spread wide (indicative): 29.5% of ATR — info only,REPLAYABLE
AUD/USD|2026-04-16T14:05:00.000Z,AUD/USD,2026-04-16T14:05:00.000Z,[legacy] HTF bias aligned,True,[legacy] HTF bias aligned: Daily bullish,REPLAYABLE
AUD/USD|2026-04-16T14:05:00.000Z,AUD/USD,2026-04-16T14:05:00.000Z,P/D zone OK,True,"P/D zone OK (premium, 71.6% of the 5m 5-swing box 0.71641–0.71782)",REPLAYABLE
AUD/USD|2026-04-16T14:05:00.000Z,AUD/USD,2026-04-16T14:05:00.000Z,Structural Conviction [entry],True,Structural Conviction [entry]: Bull 33% / Bear 0% (S2F 11%),REPLAYABLE
AUD/USD|2026-04-16T14:05:00.000Z,AUD/USD,2026-04-16T14:05:00.000Z,Reaction gate skipped,True,Reaction gate skipped: trend is bullish (not ranging),REPLAYABLE
AUD/USD|2026-04-16T14:05:00.000Z,AUD/USD,2026-04-16T14:05:00.000Z,AUD/USD not in enabled instruments,False,AUD/USD not in enabled instruments,REPLAYABLE
AUD/USD|2026-04-16T14:05:00.000Z,AUD/USD,2026-04-16T14:05:00.000Z,0/7 positions,True,0/7 positions,REPLAYABLE
AUD/USD|2026-04-16T14:05:00.000Z,AUD/USD,2026-04-16T14:05:00.000Z,0/1 for AUD/USD,True,0/1 for AUD/USD,REPLAYABLE
AUD/USD|2026-04-16T14:05:00.000Z,AUD/USD,2026-04-16T14:05:00.000Z,Portfolio heat 0.0%,True,Portfolio heat 0.0%,ACCOUNT_STATE
AUD/USD|2026-04-16T14:05:00.000Z,AUD/USD,2026-04-16T14:05:00.000Z,Daily loss 0.0%,True,Daily loss 0.0%,ACCOUNT_STATE
AUD/USD|2026-04-16T14:05:00.000Z,AUD/USD,2026-04-16T14:05:00.000Z,Drawdown 0.0%,True,Drawdown 0.0%,ACCOUNT_STATE
AUD/USD|2026-04-16T14:05:00.000Z,AUD/USD,2026-04-16T14:05:00.000Z,Score 45.8 meets threshold,True,Score 45.8 meets threshold,REPLAYABLE
AUD/USD|2026-04-16T14:05:00.000Z,AUD/USD,2026-04-16T14:05:00.000Z,SMT veto,True,SMT veto: no opposition detected,REPLAYABLE
AUD/USD|2026-04-16T14:05:00.000Z,AUD/USD,2026-04-16T14:05:00.000Z,R,True,"R:R 2.14 effective (2.23 raw, spread 1.5p)",REPLAYABLE
AUD/USD|2026-04-16T14:05:00.000Z,AUD/USD,2026-04-16T14:05:00.000Z,No recent trades — cooldown OK,True,No recent trades — cooldown OK,REPLAYABLE
AUD/USD|2026-04-16T14:05:00.000Z,AUD/USD,2026-04-16T14:05:00.000Z,No trade history for consecutive loss check,True,No trade history for consecutive loss check,ACCOUNT_STATE
AUD/USD|2026-04-16T14:05:00.000Z,AUD/USD,2026-04-16T14:05:00.000Z,Daily net P&L $+0.00,True,Daily net P&L $+0.00 (gross loss: $0.00),ACCOUNT_STATE
AUD/USD|2026-04-16T14:05:00.000Z,AUD/USD,2026-04-16T14:05:00.000Z,News filter,True,News filter: env not configured — skipped,ACCOUNT_STATE
AUD/USD|2026-04-16T14:05:00.000Z,AUD/USD,2026-04-16T14:05:00.000Z,FOTSI Gate,True,FOTSI Gate: data unavailable — skipped,REPLAYABLE
AUD/USD|2026-04-16T14:05:00.000Z,AUD/USD,2026-04-16T14:05:00.000Z,No correlated conflicts,True,No correlated conflicts (threshold 0.8),ACCOUNT_STATE
AUD/USD|2026-04-16T14:05:00.000Z,AUD/USD,2026-04-16T14:05:00.000Z,Tier 1 gate FAILED,False,"Tier 1 gate FAILED: only 2 core factors — need at least 3 of: Market Structure, Order Block, Fair Value Gap, Premium/Dis",REPLAYABLE
AUD/USD|2026-04-16T14:05:00.000Z,AUD/USD,2026-04-16T14:05:00.000Z,Regime gate,True,Regime gate: OK,REPLAYABLE
AUD/USD|2026-04-16T14:05:00.000Z,AUD/USD,2026-04-16T14:05:00.000Z,[Info] Spread wide,True,[Info] Spread wide (indicative): 38.7% of ATR — info only,REPLAYABLE
USD/CHF|2026-04-17T02:05:00.000Z,USD/CHF,2026-04-17T02:05:00.000Z,[legacy] HTF bias aligned,True,[legacy] HTF bias aligned: Daily bullish,REPLAYABLE
USD/CHF|2026-04-17T02:05:00.000Z,USD/CHF,2026-04-17T02:05:00.000Z,P/D zone OK,True,"P/D zone OK (premium, 69.0% of the 5m 5-swing box 0.78298–0.78356)",REPLAYABLE
USD/CHF|2026-04-17T02:05:00.000Z,USD/CHF,2026-04-17T02:05:00.000Z,Structural Conviction BLOCKED [entry],False,"Structural Conviction BLOCKED [entry]: Bull fractals 0%, S2F 22%, opposite 50% — no structural support for long",REPLAYABLE
USD/CHF|2026-04-17T02:05:00.000Z,USD/CHF,2026-04-17T02:05:00.000Z,Reaction gate skipped,True,Reaction gate skipped: trend is bearish (not ranging),REPLAYABLE
USD/CHF|2026-04-17T02:05:00.000Z,USD/CHF,2026-04-17T02:05:00.000Z,USD/CHF not in enabled instruments,False,USD/CHF not in enabled instruments,REPLAYABLE
USD/CHF|2026-04-17T02:05:00.000Z,USD/CHF,2026-04-17T02:05:00.000Z,0/7 positions,True,0/7 positions,REPLAYABLE
USD/CHF|2026-04-17T02:05:00.000Z,USD/CHF,2026-04-17T02:05:00.000Z,0/1 for USD/CHF,True,0/1 for USD/CHF,REPLAYABLE
USD/CHF|2026-04-17T02:05:00.000Z,USD/CHF,2026-04-17T02:05:00.000Z,Portfolio heat 0.0%,True,Portfolio heat 0.0%,ACCOUNT_STATE
USD/CHF|2026-04-17T02:05:00.000Z,USD/CHF,2026-04-17T02:05:00.000Z,Daily loss 0.0%,True,Daily loss 0.0%,ACCOUNT_STATE
USD/CHF|2026-04-17T02:05:00.000Z,USD/CHF,2026-04-17T02:05:00.000Z,Drawdown 0.0%,True,Drawdown 0.0%,ACCOUNT_STATE
USD/CHF|2026-04-17T02:05:00.000Z,USD/CHF,2026-04-17T02:05:00.000Z,Score 44.8 meets threshold,True,Score 44.8 meets threshold,REPLAYABLE
USD/CHF|2026-04-17T02:05:00.000Z,USD/CHF,2026-04-17T02:05:00.000Z,SMT veto,True,SMT veto: no opposition detected,REPLAYABLE
USD/CHF|2026-04-17T02:05:00.000Z,USD/CHF,2026-04-17T02:05:00.000Z,R,True,"R:R 2.22 effective (2.31 raw, spread 1.5p)",REPLAYABLE
USD/CHF|2026-04-17T02:05:00.000Z,USD/CHF,2026-04-17T02:05:00.000Z,No recent trades — cooldown OK,True,No recent trades — cooldown OK,REPLAYABLE
USD/CHF|2026-04-17T02:05:00.000Z,USD/CHF,2026-04-17T02:05:00.000Z,No trade history for consecutive loss check,True,No trade history for consecutive loss check,ACCOUNT_STATE
USD/CHF|2026-04-17T02:05:00.000Z,USD/CHF,2026-04-17T02:05:00.000Z,Daily net P&L $+0.00,True,Daily net P&L $+0.00 (gross loss: $0.00),ACCOUNT_STATE
USD/CHF|2026-04-17T02:05:00.000Z,USD/CHF,2026-04-17T02:05:00.000Z,News filter,True,News filter: env not configured — skipped,ACCOUNT_STATE
USD/CHF|2026-04-17T02:05:00.000Z,USD/CHF,2026-04-17T02:05:00.000Z,FOTSI Gate,True,FOTSI Gate: data unavailable — skipped,REPLAYABLE
USD/CHF|2026-04-17T02:05:00.000Z,USD/CHF,2026-04-17T02:05:00.000Z,No correlated conflicts,True,No correlated conflicts (threshold 0.8),ACCOUNT_STATE
USD/CHF|2026-04-17T02:05:00.000Z,USD/CHF,2026-04-17T02:05:00.000Z,Tier 1 gate passed,True,"Tier 1 gate passed: 3 core factors (Market Structure, Order Block, Premium/Discount & Fib)",REPLAYABLE
USD/CHF|2026-04-17T02:05:00.000Z,USD/CHF,2026-04-17T02:05:00.000Z,Regime gate,True,Regime gate: OK,REPLAYABLE
USD/CHF|2026-04-17T02:05:00.000Z,USD/CHF,2026-04-17T02:05:00.000Z,[Info] Spread wide,True,[Info] Spread wide (indicative): 89.2% of ATR — info only,REPLAYABLE
USD/JPY|2026-04-18T03:25:00.000Z,USD/JPY,2026-04-18T03:25:00.000Z,[legacy] HTF bias aligned,True,[legacy] HTF bias aligned: Daily bearish,REPLAYABLE
USD/JPY|2026-04-18T03:25:00.000Z,USD/JPY,2026-04-18T03:25:00.000Z,P/D zone OK,True,"P/D zone OK (discount, 4.6% of the 5m 5-swing box 158.643–158.905)",REPLAYABLE
USD/JPY|2026-04-18T03:25:00.000Z,USD/JPY,2026-04-18T03:25:00.000Z,Structural Conviction BLOCKED [entry],False,Structural Conviction BLOCKED [entry]: opposing 40% is 3.6× supporting 11% — structure overwhelmingly opposes short,REPLAYABLE
USD/JPY|2026-04-18T03:25:00.000Z,USD/JPY,2026-04-18T03:25:00.000Z,Reaction confirmed in ranging market,True,"Reaction confirmed in ranging market: Liquidity Sweep, AMD Phase",REPLAYABLE
USD/JPY|2026-04-18T03:25:00.000Z,USD/JPY,2026-04-18T03:25:00.000Z,USD/JPY enabled,True,USD/JPY enabled,REPLAYABLE
USD/JPY|2026-04-18T03:25:00.000Z,USD/JPY,2026-04-18T03:25:00.000Z,0/7 positions,True,0/7 positions,REPLAYABLE
USD/JPY|2026-04-18T03:25:00.000Z,USD/JPY,2026-04-18T03:25:00.000Z,0/1 for USD/JPY,True,0/1 for USD/JPY,REPLAYABLE
USD/JPY|2026-04-18T03:25:00.000Z,USD/JPY,2026-04-18T03:25:00.000Z,Portfolio heat 0.0%,True,Portfolio heat 0.0%,ACCOUNT_STATE
USD/JPY|2026-04-18T03:25:00.000Z,USD/JPY,2026-04-18T03:25:00.000Z,Daily loss 0.0%,True,Daily loss 0.0%,ACCOUNT_STATE
USD/JPY|2026-04-18T03:25:00.000Z,USD/JPY,2026-04-18T03:25:00.000Z,Drawdown 0.0%,True,Drawdown 0.0%,ACCOUNT_STATE
USD/JPY|2026-04-18T03:25:00.000Z,USD/JPY,2026-04-18T03:25:00.000Z,Score 17.9 < 40 threshold,False,Score 17.9 < 40 threshold,REPLAYABLE
USD/JPY|2026-04-18T03:25:00.000Z,USD/JPY,2026-04-18T03:25:00.000Z,SMT veto,True,SMT veto: no opposition detected,REPLAYABLE
USD/JPY|2026-04-18T03:25:00.000Z,USD/JPY,2026-04-18T03:25:00.000Z,R,True,"R:R 1.99 effective (2.01 raw, spread 1p)",REPLAYABLE
USD/JPY|2026-04-18T03:25:00.000Z,USD/JPY,2026-04-18T03:25:00.000Z,No recent trades — cooldown OK,True,No recent trades — cooldown OK,REPLAYABLE
USD/JPY|2026-04-18T03:25:00.000Z,USD/JPY,2026-04-18T03:25:00.000Z,No trade history for consecutive loss check,True,No trade history for consecutive loss check,ACCOUNT_STATE
USD/JPY|2026-04-18T03:25:00.000Z,USD/JPY,2026-04-18T03:25:00.000Z,Daily net P&L $+0.00,True,Daily net P&L $+0.00 (gross loss: $0.00),ACCOUNT_STATE
USD/JPY|2026-04-18T03:25:00.000Z,USD/JPY,2026-04-18T03:25:00.000Z,News filter,True,News filter: env not configured — skipped,ACCOUNT_STATE
USD/JPY|2026-04-18T03:25:00.000Z,USD/JPY,2026-04-18T03:25:00.000Z,FOTSI Gate,True,FOTSI Gate: data unavailable — skipped,REPLAYABLE
USD/JPY|2026-04-18T03:25:00.000Z,USD/JPY,2026-04-18T03:25:00.000Z,No correlated conflicts,True,No correlated conflicts (threshold 0.8),ACCOUNT_STATE
USD/JPY|2026-04-18T03:25:00.000Z,USD/JPY,2026-04-18T03:25:00.000Z,Tier 1 gate FAILED,False,"Tier 1 gate FAILED: only 1 core factors — need at least 3 of: Market Structure, Order Block, Fair Value Gap, Premium/Dis",REPLAYABLE
USD/JPY|2026-04-18T03:25:00.000Z,USD/JPY,2026-04-18T03:25:00.000Z,Regime gate,True,Regime gate: OK,REPLAYABLE
USD/JPY|2026-04-18T03:25:00.000Z,USD/JPY,2026-04-18T03:25:00.000Z,[Info] Spread OK,True,[Info] Spread OK: 0.5% of ATR,REPLAYABLE
USD/CAD|2026-04-18T15:15:00.000Z,USD/CAD,2026-04-18T15:15:00.000Z,[legacy] HTF bias aligned,True,[legacy] HTF bias aligned: Daily ranging,REPLAYABLE
USD/CAD|2026-04-18T15:15:00.000Z,USD/CAD,2026-04-18T15:15:00.000Z,P/D zone OK,True,"P/D zone OK (equilibrium, 51.7% of the 5m 5-swing box 1.37269–1.37592)",REPLAYABLE
USD/CAD|2026-04-18T15:15:00.000Z,USD/CAD,2026-04-18T15:15:00.000Z,Structural Conviction BLOCKED [entry],False,"Structural Conviction BLOCKED [entry]: Bear fractals 0%, S2F 17%, opposite 40% — no structural support for short",REPLAYABLE
USD/CAD|2026-04-18T15:15:00.000Z,USD/CAD,2026-04-18T15:15:00.000Z,Reaction confirmed in ranging market,True,"Reaction confirmed in ranging market: Reversal Candle, AMD Phase",REPLAYABLE
USD/CAD|2026-04-18T15:15:00.000Z,USD/CAD,2026-04-18T15:15:00.000Z,USD/CAD not in enabled instruments,False,USD/CAD not in enabled instruments,REPLAYABLE
USD/CAD|2026-04-18T15:15:00.000Z,USD/CAD,2026-04-18T15:15:00.000Z,0/7 positions,True,0/7 positions,REPLAYABLE
USD/CAD|2026-04-18T15:15:00.000Z,USD/CAD,2026-04-18T15:15:00.000Z,0/1 for USD/CAD,True,0/1 for USD/CAD,REPLAYABLE
USD/CAD|2026-04-18T15:15:00.000Z,USD/CAD,2026-04-18T15:15:00.000Z,Portfolio heat 0.0%,True,Portfolio heat 0.0%,ACCOUNT_STATE
USD/CAD|2026-04-18T15:15:00.000Z,USD/CAD,2026-04-18T15:15:00.000Z,Daily loss 0.0%,True,Daily loss 0.0%,ACCOUNT_STATE
USD/CAD|2026-04-18T15:15:00.000Z,USD/CAD,2026-04-18T15:15:00.000Z,Drawdown 0.0%,True,Drawdown 0.0%,ACCOUNT_STATE
USD/CAD|2026-04-18T15:15:00.000Z,USD/CAD,2026-04-18T15:15:00.000Z,Score 7.9 < 40 threshold,False,Score 7.9 < 40 threshold,REPLAYABLE
USD/CAD|2026-04-18T15:15:00.000Z,USD/CAD,2026-04-18T15:15:00.000Z,SMT veto,True,SMT veto: no opposition detected,REPLAYABLE
USD/CAD|2026-04-18T15:15:00.000Z,USD/CAD,2026-04-18T15:15:00.000Z,R,True,"R:R 1.98 effective (2.06 raw, spread 1.5p)",REPLAYABLE
USD/CAD|2026-04-18T15:15:00.000Z,USD/CAD,2026-04-18T15:15:00.000Z,No recent trades — cooldown OK,True,No recent trades — cooldown OK,REPLAYABLE
USD/CAD|2026-04-18T15:15:00.000Z,USD/CAD,2026-04-18T15:15:00.000Z,No trade history for consecutive loss check,True,No trade history for consecutive loss check,ACCOUNT_STATE
USD/CAD|2026-04-18T15:15:00.000Z,USD/CAD,2026-04-18T15:15:00.000Z,Daily net P&L $+0.00,True,Daily net P&L $+0.00 (gross loss: $0.00),ACCOUNT_STATE
USD/CAD|2026-04-18T15:15:00.000Z,USD/CAD,2026-04-18T15:15:00.000Z,News filter,True,News filter: env not configured — skipped,ACCOUNT_STATE
USD/CAD|2026-04-18T15:15:00.000Z,USD/CAD,2026-04-18T15:15:00.000Z,FOTSI Gate,True,FOTSI Gate: data unavailable — skipped,REPLAYABLE
USD/CAD|2026-04-18T15:15:00.000Z,USD/CAD,2026-04-18T15:15:00.000Z,No correlated conflicts,True,No correlated conflicts (threshold 0.8),ACCOUNT_STATE
USD/CAD|2026-04-18T15:15:00.000Z,USD/CAD,2026-04-18T15:15:00.000Z,Tier 1 gate FAILED,False,"Tier 1 gate FAILED: only 1 core factors — need at least 3 of: Market Structure, Order Block, Fair Value Gap, Premium/Dis",REPLAYABLE
USD/CAD|2026-04-18T15:15:00.000Z,USD/CAD,2026-04-18T15:15:00.000Z,Regime gate,True,Regime gate: OK,REPLAYABLE
USD/CAD|2026-04-18T15:15:00.000Z,USD/CAD,2026-04-18T15:15:00.000Z,[Info] Spread wide,True,[Info] Spread wide (indicative): 25.1% of ATR — info only,REPLAYABLE
USD/CAD|2026-04-18T18:00:00.000Z,USD/CAD,2026-04-18T18:00:00.000Z,[legacy] HTF bias aligned,True,[legacy] HTF bias aligned: Daily ranging,REPLAYABLE
USD/CAD|2026-04-18T18:00:00.000Z,USD/CAD,2026-04-18T18:00:00.000Z,P/D zone OK,True,"P/D zone OK (premium, 72.7% of the 5m 5-swing box 1.36874–1.37603)",REPLAYABLE
USD/CAD|2026-04-18T18:00:00.000Z,USD/CAD,2026-04-18T18:00:00.000Z,Structural Conviction [entry],True,Structural Conviction [entry]: Bear 33% / Bull 14% (S2F 23%),REPLAYABLE
USD/CAD|2026-04-18T18:00:00.000Z,USD/CAD,2026-04-18T18:00:00.000Z,Reaction confirmed in ranging market,True,"Reaction confirmed in ranging market: Reversal Candle, Liquidity Sweep, AMD Phase",REPLAYABLE
USD/CAD|2026-04-18T18:00:00.000Z,USD/CAD,2026-04-18T18:00:00.000Z,USD/CAD not in enabled instruments,False,USD/CAD not in enabled instruments,REPLAYABLE
USD/CAD|2026-04-18T18:00:00.000Z,USD/CAD,2026-04-18T18:00:00.000Z,0/7 positions,True,0/7 positions,REPLAYABLE
USD/CAD|2026-04-18T18:00:00.000Z,USD/CAD,2026-04-18T18:00:00.000Z,0/1 for USD/CAD,True,0/1 for USD/CAD,REPLAYABLE
USD/CAD|2026-04-18T18:00:00.000Z,USD/CAD,2026-04-18T18:00:00.000Z,Portfolio heat 0.0%,True,Portfolio heat 0.0%,ACCOUNT_STATE
USD/CAD|2026-04-18T18:00:00.000Z,USD/CAD,2026-04-18T18:00:00.000Z,Daily loss 0.0%,True,Daily loss 0.0%,ACCOUNT_STATE
USD/CAD|2026-04-18T18:00:00.000Z,USD/CAD,2026-04-18T18:00:00.000Z,Drawdown 0.0%,True,Drawdown 0.0%,ACCOUNT_STATE
USD/CAD|2026-04-18T18:00:00.000Z,USD/CAD,2026-04-18T18:00:00.000Z,Score 42.6 meets threshold,True,Score 42.6 meets threshold,REPLAYABLE
USD/CAD|2026-04-18T18:00:00.000Z,USD/CAD,2026-04-18T18:00:00.000Z,SMT veto,True,SMT veto: no opposition detected,REPLAYABLE
USD/CAD|2026-04-18T18:00:00.000Z,USD/CAD,2026-04-18T18:00:00.000Z,R,True,"R:R 2.09 effective (2.16 raw, spread 1.5p)",REPLAYABLE
USD/CAD|2026-04-18T18:00:00.000Z,USD/CAD,2026-04-18T18:00:00.000Z,No recent trades — cooldown OK,True,No recent trades — cooldown OK,REPLAYABLE
USD/CAD|2026-04-18T18:00:00.000Z,USD/CAD,2026-04-18T18:00:00.000Z,No trade history for consecutive loss check,True,No trade history for consecutive loss check,ACCOUNT_STATE
USD/CAD|2026-04-18T18:00:00.000Z,USD/CAD,2026-04-18T18:00:00.000Z,Daily net P&L $+0.00,True,Daily net P&L $+0.00 (gross loss: $0.00),ACCOUNT_STATE
USD/CAD|2026-04-18T18:00:00.000Z,USD/CAD,2026-04-18T18:00:00.000Z,News filter,True,News filter: env not configured — skipped,ACCOUNT_STATE
USD/CAD|2026-04-18T18:00:00.000Z,USD/CAD,2026-04-18T18:00:00.000Z,FOTSI Gate,True,FOTSI Gate: data unavailable — skipped,REPLAYABLE
USD/CAD|2026-04-18T18:00:00.000Z,USD/CAD,2026-04-18T18:00:00.000Z,No correlated conflicts,True,No correlated conflicts (threshold 0.8),ACCOUNT_STATE
USD/CAD|2026-04-18T18:00:00.000Z,USD/CAD,2026-04-18T18:00:00.000Z,Tier 1 gate FAILED,False,"Tier 1 gate FAILED: only 2 core factors — need at least 3 of: Market Structure, Order Block, Fair Value Gap, Premium/Dis",REPLAYABLE
USD/CAD|2026-04-18T18:00:00.000Z,USD/CAD,2026-04-18T18:00:00.000Z,Regime gate,True,Regime gate: OK,REPLAYABLE
USD/CAD|2026-04-18T18:00:00.000Z,USD/CAD,2026-04-18T18:00:00.000Z,[Info] Spread OK,True,[Info] Spread OK: 8.2% of ATR,REPLAYABLE
NZD/USD|2026-04-18T18:20:00.000Z,NZD/USD,2026-04-18T18:20:00.000Z,[legacy] HTF bias aligned,True,[legacy] HTF bias aligned: Daily ranging,REPLAYABLE
NZD/USD|2026-04-18T18:20:00.000Z,NZD/USD,2026-04-18T18:20:00.000Z,P/D zone OK,True,"P/D zone OK (premium, 59.0% of the 5m 5-swing box 0.58803–0.58969)",REPLAYABLE
NZD/USD|2026-04-18T18:20:00.000Z,NZD/USD,2026-04-18T18:20:00.000Z,Structural Conviction BLOCKED [entry],False,"Structural Conviction BLOCKED [entry]: Bear fractals 0%, S2F 14%, opposite 33% — no structural support for short",REPLAYABLE
NZD/USD|2026-04-18T18:20:00.000Z,NZD/USD,2026-04-18T18:20:00.000Z,Reaction gate skipped,True,Reaction gate skipped: trend is bullish (not ranging),REPLAYABLE
NZD/USD|2026-04-18T18:20:00.000Z,NZD/USD,2026-04-18T18:20:00.000Z,NZD/USD not in enabled instruments,False,NZD/USD not in enabled instruments,REPLAYABLE
NZD/USD|2026-04-18T18:20:00.000Z,NZD/USD,2026-04-18T18:20:00.000Z,0/7 positions,True,0/7 positions,REPLAYABLE
NZD/USD|2026-04-18T18:20:00.000Z,NZD/USD,2026-04-18T18:20:00.000Z,0/1 for NZD/USD,True,0/1 for NZD/USD,REPLAYABLE
NZD/USD|2026-04-18T18:20:00.000Z,NZD/USD,2026-04-18T18:20:00.000Z,Portfolio heat 0.0%,True,Portfolio heat 0.0%,ACCOUNT_STATE
NZD/USD|2026-04-18T18:20:00.000Z,NZD/USD,2026-04-18T18:20:00.000Z,Daily loss 0.0%,True,Daily loss 0.0%,ACCOUNT_STATE
NZD/USD|2026-04-18T18:20:00.000Z,NZD/USD,2026-04-18T18:20:00.000Z,Drawdown 0.0%,True,Drawdown 0.0%,ACCOUNT_STATE
NZD/USD|2026-04-18T18:20:00.000Z,NZD/USD,2026-04-18T18:20:00.000Z,Score 35.4 < 40 threshold,False,Score 35.4 < 40 threshold,REPLAYABLE
NZD/USD|2026-04-18T18:20:00.000Z,NZD/USD,2026-04-18T18:20:00.000Z,SMT veto,True,SMT veto: no opposition detected,REPLAYABLE
NZD/USD|2026-04-18T18:20:00.000Z,NZD/USD,2026-04-18T18:20:00.000Z,R,True,"R:R 2.04 effective (2.11 raw, spread 2p)",REPLAYABLE
NZD/USD|2026-04-18T18:20:00.000Z,NZD/USD,2026-04-18T18:20:00.000Z,No recent trades — cooldown OK,True,No recent trades — cooldown OK,REPLAYABLE
NZD/USD|2026-04-18T18:20:00.000Z,NZD/USD,2026-04-18T18:20:00.000Z,No trade history for consecutive loss check,True,No trade history for consecutive loss check,ACCOUNT_STATE
NZD/USD|2026-04-18T18:20:00.000Z,NZD/USD,2026-04-18T18:20:00.000Z,Daily net P&L $+0.00,True,Daily net P&L $+0.00 (gross loss: $0.00),ACCOUNT_STATE
NZD/USD|2026-04-18T18:20:00.000Z,NZD/USD,2026-04-18T18:20:00.000Z,News filter,True,News filter: env not configured — skipped,ACCOUNT_STATE
NZD/USD|2026-04-18T18:20:00.000Z,NZD/USD,2026-04-18T18:20:00.000Z,FOTSI Gate,True,FOTSI Gate: data unavailable — skipped,REPLAYABLE
NZD/USD|2026-04-18T18:20:00.000Z,NZD/USD,2026-04-18T18:20:00.000Z,No correlated conflicts,True,No correlated conflicts (threshold 0.8),ACCOUNT_STATE
NZD/USD|2026-04-18T18:20:00.000Z,NZD/USD,2026-04-18T18:20:00.000Z,Tier 1 gate FAILED,False,"Tier 1 gate FAILED: only 1 core factors — need at least 3 of: Market Structure, Order Block, Fair Value Gap, Premium/Dis",REPLAYABLE
NZD/USD|2026-04-18T18:20:00.000Z,NZD/USD,2026-04-18T18:20:00.000Z,Regime gate,True,Regime gate: OK,REPLAYABLE
NZD/USD|2026-04-18T18:20:00.000Z,NZD/USD,2026-04-18T18:20:00.000Z,[Info] Spread wide,True,[Info] Spread wide (indicative): 54.9% of ATR — info only,REPLAYABLE
USD/CAD|2026-04-20T00:30:00.000Z,USD/CAD,2026-04-20T00:30:00.000Z,[legacy] HTF bias aligned,True,[legacy] HTF bias aligned: Daily ranging,REPLAYABLE
USD/CAD|2026-04-20T00:30:00.000Z,USD/CAD,2026-04-20T00:30:00.000Z,P/D zone OK,True,"P/D zone OK (premium, 64.0% of the 5m 5-swing box 1.36747–1.37103)",REPLAYABLE
USD/CAD|2026-04-20T00:30:00.000Z,USD/CAD,2026-04-20T00:30:00.000Z,Structural Conviction [entry],True,Structural Conviction [entry]: Bull 25% / Bear 0% (S2F 14%),REPLAYABLE
USD/CAD|2026-04-20T00:30:00.000Z,USD/CAD,2026-04-20T00:30:00.000Z,Reaction gate skipped,True,Reaction gate skipped: trend is bullish (not ranging),REPLAYABLE
USD/CAD|2026-04-20T00:30:00.000Z,USD/CAD,2026-04-20T00:30:00.000Z,USD/CAD not in enabled instruments,False,USD/CAD not in enabled instruments,REPLAYABLE
USD/CAD|2026-04-20T00:30:00.000Z,USD/CAD,2026-04-20T00:30:00.000Z,0/7 positions,True,0/7 positions,REPLAYABLE
USD/CAD|2026-04-20T00:30:00.000Z,USD/CAD,2026-04-20T00:30:00.000Z,0/1 for USD/CAD,True,0/1 for USD/CAD,REPLAYABLE
USD/CAD|2026-04-20T00:30:00.000Z,USD/CAD,2026-04-20T00:30:00.000Z,Portfolio heat 0.0%,True,Portfolio heat 0.0%,ACCOUNT_STATE
USD/CAD|2026-04-20T00:30:00.000Z,USD/CAD,2026-04-20T00:30:00.000Z,Daily loss 0.0%,True,Daily loss 0.0%,ACCOUNT_STATE
USD/CAD|2026-04-20T00:30:00.000Z,USD/CAD,2026-04-20T00:30:00.000Z,Drawdown 0.0%,True,Drawdown 0.0%,ACCOUNT_STATE
USD/CAD|2026-04-20T00:30:00.000Z,USD/CAD,2026-04-20T00:30:00.000Z,Score 41.3 meets threshold,True,Score 41.3 meets threshold,REPLAYABLE
USD/CAD|2026-04-20T00:30:00.000Z,USD/CAD,2026-04-20T00:30:00.000Z,SMT veto,True,SMT veto: no opposition detected,REPLAYABLE
USD/CAD|2026-04-20T00:30:00.000Z,USD/CAD,2026-04-20T00:30:00.000Z,R,True,"R:R 2.03 effective (2.12 raw, spread 1.5p)",REPLAYABLE
USD/CAD|2026-04-20T00:30:00.000Z,USD/CAD,2026-04-20T00:30:00.000Z,No recent trades — cooldown OK,True,No recent trades — cooldown OK,REPLAYABLE
USD/CAD|2026-04-20T00:30:00.000Z,USD/CAD,2026-04-20T00:30:00.000Z,No trade history for consecutive loss check,True,No trade history for consecutive loss check,ACCOUNT_STATE
USD/CAD|2026-04-20T00:30:00.000Z,USD/CAD,2026-04-20T00:30:00.000Z,Daily net P&L $+0.00,True,Daily net P&L $+0.00 (gross loss: $0.00),ACCOUNT_STATE
USD/CAD|2026-04-20T00:30:00.000Z,USD/CAD,2026-04-20T00:30:00.000Z,News filter,True,News filter: env not configured — skipped,ACCOUNT_STATE
USD/CAD|2026-04-20T00:30:00.000Z,USD/CAD,2026-04-20T00:30:00.000Z,FOTSI Gate,True,FOTSI Gate: data unavailable — skipped,REPLAYABLE
USD/CAD|2026-04-20T00:30:00.000Z,USD/CAD,2026-04-20T00:30:00.000Z,No correlated conflicts,True,No correlated conflicts (threshold 0.8),ACCOUNT_STATE
USD/CAD|2026-04-20T00:30:00.000Z,USD/CAD,2026-04-20T00:30:00.000Z,Tier 1 gate FAILED,False,"Tier 1 gate FAILED: only 2 core factors — need at least 3 of: Market Structure, Order Block, Fair Value Gap, Premium/Dis",REPLAYABLE
USD/CAD|2026-04-20T00:30:00.000Z,USD/CAD,2026-04-20T00:30:00.000Z,Regime gate,True,Regime gate: OK,REPLAYABLE
USD/CAD|2026-04-20T00:30:00.000Z,USD/CAD,2026-04-20T00:30:00.000Z,[Info] Spread wide,True,[Info] Spread wide (indicative): 38.4% of ATR — info only,REPLAYABLE
USD/CHF|2026-04-20T01:40:00.000Z,USD/CHF,2026-04-20T01:40:00.000Z,[legacy] HTF bias aligned,True,[legacy] HTF bias aligned: Daily ranging,REPLAYABLE
USD/CHF|2026-04-20T01:40:00.000Z,USD/CHF,2026-04-20T01:40:00.000Z,P/D zone OK,True,"P/D zone OK (equilibrium, 54.6% of the 5m 5-swing box 0.77987–0.78439)",REPLAYABLE
USD/CHF|2026-04-20T01:40:00.000Z,USD/CHF,2026-04-20T01:40:00.000Z,Structural Conviction [entry],True,Structural Conviction [entry]: Bear 67% / Bull 0% (S2F 33%),REPLAYABLE
USD/CHF|2026-04-20T01:40:00.000Z,USD/CHF,2026-04-20T01:40:00.000Z,Reaction confirmed in ranging market,True,"Reaction confirmed in ranging market: Liquidity Sweep, Displacement",REPLAYABLE
USD/CHF|2026-04-20T01:40:00.000Z,USD/CHF,2026-04-20T01:40:00.000Z,USD/CHF not in enabled instruments,False,USD/CHF not in enabled instruments,REPLAYABLE
USD/CHF|2026-04-20T01:40:00.000Z,USD/CHF,2026-04-20T01:40:00.000Z,0/7 positions,True,0/7 positions,REPLAYABLE
USD/CHF|2026-04-20T01:40:00.000Z,USD/CHF,2026-04-20T01:40:00.000Z,0/1 for USD/CHF,True,0/1 for USD/CHF,REPLAYABLE
USD/CHF|2026-04-20T01:40:00.000Z,USD/CHF,2026-04-20T01:40:00.000Z,Portfolio heat 0.0%,True,Portfolio heat 0.0%,ACCOUNT_STATE
USD/CHF|2026-04-20T01:40:00.000Z,USD/CHF,2026-04-20T01:40:00.000Z,Daily loss 0.0%,True,Daily loss 0.0%,ACCOUNT_STATE
USD/CHF|2026-04-20T01:40:00.000Z,USD/CHF,2026-04-20T01:40:00.000Z,Drawdown 0.0%,True,Drawdown 0.0%,ACCOUNT_STATE
USD/CHF|2026-04-20T01:40:00.000Z,USD/CHF,2026-04-20T01:40:00.000Z,Score 28.3 < 40 threshold,False,Score 28.3 < 40 threshold,REPLAYABLE
USD/CHF|2026-04-20T01:40:00.000Z,USD/CHF,2026-04-20T01:40:00.000Z,SMT veto,True,SMT veto: no opposition detected,REPLAYABLE
USD/CHF|2026-04-20T01:40:00.000Z,USD/CHF,2026-04-20T01:40:00.000Z,R,True,"R:R 2.11 effective (2.20 raw, spread 1.5p)",REPLAYABLE
USD/CHF|2026-04-20T01:40:00.000Z,USD/CHF,2026-04-20T01:40:00.000Z,No recent trades — cooldown OK,True,No recent trades — cooldown OK,REPLAYABLE
USD/CHF|2026-04-20T01:40:00.000Z,USD/CHF,2026-04-20T01:40:00.000Z,No trade history for consecutive loss check,True,No trade history for consecutive loss check,ACCOUNT_STATE
USD/CHF|2026-04-20T01:40:00.000Z,USD/CHF,2026-04-20T01:40:00.000Z,Daily net P&L $+0.00,True,Daily net P&L $+0.00 (gross loss: $0.00),ACCOUNT_STATE
USD/CHF|2026-04-20T01:40:00.000Z,USD/CHF,2026-04-20T01:40:00.000Z,News filter,True,News filter: env not configured — skipped,ACCOUNT_STATE
USD/CHF|2026-04-20T01:40:00.000Z,USD/CHF,2026-04-20T01:40:00.000Z,FOTSI Gate,True,FOTSI Gate: data unavailable — skipped,REPLAYABLE
USD/CHF|2026-04-20T01:40:00.000Z,USD/CHF,2026-04-20T01:40:00.000Z,No correlated conflicts,True,No correlated conflicts (threshold 0.8),ACCOUNT_STATE
USD/CHF|2026-04-20T01:40:00.000Z,USD/CHF,2026-04-20T01:40:00.000Z,Tier 1 gate FAILED,False,"Tier 1 gate FAILED: only 1 core factors — need at least 3 of: Market Structure, Order Block, Fair Value Gap, Premium/Dis",REPLAYABLE
USD/CHF|2026-04-20T01:40:00.000Z,USD/CHF,2026-04-20T01:40:00.000Z,Regime gate,True,Regime gate: OK,REPLAYABLE
USD/CHF|2026-04-20T01:40:00.000Z,USD/CHF,2026-04-20T01:40:00.000Z,[Info] Spread wide,True,[Info] Spread wide (indicative): 49.5% of ATR — info only,REPLAYABLE
AUD/USD|2026-04-20T06:50:00.000Z,AUD/USD,2026-04-20T06:50:00.000Z,[legacy] HTF bias mismatch,False,"[legacy] HTF bias mismatch: Daily is bullish, entry is bearish",REPLAYABLE
AUD/USD|2026-04-20T06:50:00.000Z,AUD/USD,2026-04-20T06:50:00.000Z,P/D zone OK,True,"P/D zone OK (premium, 61.0% of the 5m 5-swing box 0.71426–0.71580)",REPLAYABLE
AUD/USD|2026-04-20T06:50:00.000Z,AUD/USD,2026-04-20T06:50:00.000Z,Structural Conviction [entry],True,Structural Conviction [entry]: Bear 40% / Bull 20% (S2F 30%),REPLAYABLE
AUD/USD|2026-04-20T06:50:00.000Z,AUD/USD,2026-04-20T06:50:00.000Z,Reaction gate skipped,True,Reaction gate skipped: trend is bearish (not ranging),REPLAYABLE
AUD/USD|2026-04-20T06:50:00.000Z,AUD/USD,2026-04-20T06:50:00.000Z,AUD/USD not in enabled instruments,False,AUD/USD not in enabled instruments,REPLAYABLE
AUD/USD|2026-04-20T06:50:00.000Z,AUD/USD,2026-04-20T06:50:00.000Z,0/7 positions,True,0/7 positions,REPLAYABLE
AUD/USD|2026-04-20T06:50:00.000Z,AUD/USD,2026-04-20T06:50:00.000Z,0/1 for AUD/USD,True,0/1 for AUD/USD,REPLAYABLE
AUD/USD|2026-04-20T06:50:00.000Z,AUD/USD,2026-04-20T06:50:00.000Z,Portfolio heat 0.0%,True,Portfolio heat 0.0%,ACCOUNT_STATE
AUD/USD|2026-04-20T06:50:00.000Z,AUD/USD,2026-04-20T06:50:00.000Z,Daily loss 0.0%,True,Daily loss 0.0%,ACCOUNT_STATE
AUD/USD|2026-04-20T06:50:00.000Z,AUD/USD,2026-04-20T06:50:00.000Z,Drawdown 0.0%,True,Drawdown 0.0%,ACCOUNT_STATE
AUD/USD|2026-04-20T06:50:00.000Z,AUD/USD,2026-04-20T06:50:00.000Z,Score 36.5 < 40 threshold,False,Score 36.5 < 40 threshold,REPLAYABLE
AUD/USD|2026-04-20T06:50:00.000Z,AUD/USD,2026-04-20T06:50:00.000Z,SMT veto,True,SMT veto: no opposition detected,REPLAYABLE
AUD/USD|2026-04-20T06:50:00.000Z,AUD/USD,2026-04-20T06:50:00.000Z,R,True,"R:R 2.24 effective (2.33 raw, spread 1.5p)",REPLAYABLE
AUD/USD|2026-04-20T06:50:00.000Z,AUD/USD,2026-04-20T06:50:00.000Z,No recent trades — cooldown OK,True,No recent trades — cooldown OK,REPLAYABLE
AUD/USD|2026-04-20T06:50:00.000Z,AUD/USD,2026-04-20T06:50:00.000Z,No trade history for consecutive loss check,True,No trade history for consecutive loss check,ACCOUNT_STATE
AUD/USD|2026-04-20T06:50:00.000Z,AUD/USD,2026-04-20T06:50:00.000Z,Daily net P&L $+0.00,True,Daily net P&L $+0.00 (gross loss: $0.00),ACCOUNT_STATE
AUD/USD|2026-04-20T06:50:00.000Z,AUD/USD,2026-04-20T06:50:00.000Z,News filter,True,News filter: env not configured — skipped,ACCOUNT_STATE
AUD/USD|2026-04-20T06:50:00.000Z,AUD/USD,2026-04-20T06:50:00.000Z,FOTSI Gate,True,FOTSI Gate: data unavailable — skipped,REPLAYABLE
AUD/USD|2026-04-20T06:50:00.000Z,AUD/USD,2026-04-20T06:50:00.000Z,No correlated conflicts,True,No correlated conflicts (threshold 0.8),ACCOUNT_STATE
AUD/USD|2026-04-20T06:50:00.000Z,AUD/USD,2026-04-20T06:50:00.000Z,Tier 1 gate FAILED,False,"Tier 1 gate FAILED: only 2 core factors — need at least 3 of: Market Structure, Order Block, Fair Value Gap, Premium/Dis",REPLAYABLE
AUD/USD|2026-04-20T06:50:00.000Z,AUD/USD,2026-04-20T06:50:00.000Z,Regime gate,True,Regime gate: OK,REPLAYABLE
AUD/USD|2026-04-20T06:50:00.000Z,AUD/USD,2026-04-20T06:50:00.000Z,[Info] Spread wide,True,[Info] Spread wide (indicative): 31.5% of ATR — info only,REPLAYABLE
AUD/USD|2026-04-21T01:20:00.000Z,AUD/USD,2026-04-21T01:20:00.000Z,[legacy] HTF bias mismatch,False,"[legacy] HTF bias mismatch: Daily is bullish, entry is bearish",REPLAYABLE
AUD/USD|2026-04-21T01:20:00.000Z,AUD/USD,2026-04-21T01:20:00.000Z,P/D zone OK,True,"P/D zone OK (premium, 68.3% of the 5m 5-swing box 0.71695–0.71818)",REPLAYABLE
AUD/USD|2026-04-21T01:20:00.000Z,AUD/USD,2026-04-21T01:20:00.000Z,Structural Conviction [entry],True,Structural Conviction [entry]: Bear 50% / Bull 40% (S2F 44%),REPLAYABLE
AUD/USD|2026-04-21T01:20:00.000Z,AUD/USD,2026-04-21T01:20:00.000Z,Reaction gate skipped,True,Reaction gate skipped: trend is bearish (not ranging),REPLAYABLE
AUD/USD|2026-04-21T01:20:00.000Z,AUD/USD,2026-04-21T01:20:00.000Z,AUD/USD not in enabled instruments,False,AUD/USD not in enabled instruments,REPLAYABLE
AUD/USD|2026-04-21T01:20:00.000Z,AUD/USD,2026-04-21T01:20:00.000Z,0/7 positions,True,0/7 positions,REPLAYABLE
AUD/USD|2026-04-21T01:20:00.000Z,AUD/USD,2026-04-21T01:20:00.000Z,0/1 for AUD/USD,True,0/1 for AUD/USD,REPLAYABLE
AUD/USD|2026-04-21T01:20:00.000Z,AUD/USD,2026-04-21T01:20:00.000Z,Portfolio heat 0.0%,True,Portfolio heat 0.0%,ACCOUNT_STATE
AUD/USD|2026-04-21T01:20:00.000Z,AUD/USD,2026-04-21T01:20:00.000Z,Daily loss 0.0%,True,Daily loss 0.0%,ACCOUNT_STATE
AUD/USD|2026-04-21T01:20:00.000Z,AUD/USD,2026-04-21T01:20:00.000Z,Drawdown 0.0%,True,Drawdown 0.0%,ACCOUNT_STATE
AUD/USD|2026-04-21T01:20:00.000Z,AUD/USD,2026-04-21T01:20:00.000Z,Score 40.6 meets threshold,True,Score 40.6 meets threshold,REPLAYABLE
AUD/USD|2026-04-21T01:20:00.000Z,AUD/USD,2026-04-21T01:20:00.000Z,SMT veto,True,SMT veto: no opposition detected,REPLAYABLE
AUD/USD|2026-04-21T01:20:00.000Z,AUD/USD,2026-04-21T01:20:00.000Z,R,True,"R:R 2.05 effective (2.14 raw, spread 1.5p)",REPLAYABLE
AUD/USD|2026-04-21T01:20:00.000Z,AUD/USD,2026-04-21T01:20:00.000Z,No recent trades — cooldown OK,True,No recent trades — cooldown OK,REPLAYABLE
AUD/USD|2026-04-21T01:20:00.000Z,AUD/USD,2026-04-21T01:20:00.000Z,No trade history for consecutive loss check,True,No trade history for consecutive loss check,ACCOUNT_STATE
AUD/USD|2026-04-21T01:20:00.000Z,AUD/USD,2026-04-21T01:20:00.000Z,Daily net P&L $+0.00,True,Daily net P&L $+0.00 (gross loss: $0.00),ACCOUNT_STATE
AUD/USD|2026-04-21T01:20:00.000Z,AUD/USD,2026-04-21T01:20:00.000Z,News filter,True,News filter: env not configured — skipped,ACCOUNT_STATE
AUD/USD|2026-04-21T01:20:00.000Z,AUD/USD,2026-04-21T01:20:00.000Z,FOTSI Gate,True,FOTSI Gate: data unavailable — skipped,REPLAYABLE
AUD/USD|2026-04-21T01:20:00.000Z,AUD/USD,2026-04-21T01:20:00.000Z,No correlated conflicts,True,No correlated conflicts (threshold 0.8),ACCOUNT_STATE
AUD/USD|2026-04-21T01:20:00.000Z,AUD/USD,2026-04-21T01:20:00.000Z,Tier 1 gate FAILED,False,"Tier 1 gate FAILED: only 2 core factors — need at least 3 of: Market Structure, Order Block, Fair Value Gap, Premium/Dis",REPLAYABLE
AUD/USD|2026-04-21T01:20:00.000Z,AUD/USD,2026-04-21T01:20:00.000Z,Regime gate,True,Regime gate: OK,REPLAYABLE
AUD/USD|2026-04-21T01:20:00.000Z,AUD/USD,2026-04-21T01:20:00.000Z,[Info] Spread wide,True,[Info] Spread wide (indicative): 44.6% of ATR — info only,REPLAYABLE
EUR/USD|2026-04-21T09:10:00.000Z,EUR/USD,2026-04-21T09:10:00.000Z,[legacy] HTF bias aligned,True,[legacy] HTF bias aligned: Daily ranging,REPLAYABLE
EUR/USD|2026-04-21T09:10:00.000Z,EUR/USD,2026-04-21T09:10:00.000Z,P/D zone OK,True,"P/D zone OK (discount, 7.8% of the 5m 5-swing box 1.17571–1.17827)",REPLAYABLE
EUR/USD|2026-04-21T09:10:00.000Z,EUR/USD,2026-04-21T09:10:00.000Z,Structural Conviction [entry],True,Structural Conviction [entry]: Bear 25% / Bull 0% (S2F 13%),REPLAYABLE
EUR/USD|2026-04-21T09:10:00.000Z,EUR/USD,2026-04-21T09:10:00.000Z,Reaction gate skipped,True,Reaction gate skipped: trend is bearish (not ranging),REPLAYABLE
EUR/USD|2026-04-21T09:10:00.000Z,EUR/USD,2026-04-21T09:10:00.000Z,EUR/USD enabled,True,EUR/USD enabled,REPLAYABLE
EUR/USD|2026-04-21T09:10:00.000Z,EUR/USD,2026-04-21T09:10:00.000Z,0/7 positions,True,0/7 positions,REPLAYABLE
EUR/USD|2026-04-21T09:10:00.000Z,EUR/USD,2026-04-21T09:10:00.000Z,0/1 for EUR/USD,True,0/1 for EUR/USD,REPLAYABLE
EUR/USD|2026-04-21T09:10:00.000Z,EUR/USD,2026-04-21T09:10:00.000Z,Portfolio heat 0.0%,True,Portfolio heat 0.0%,ACCOUNT_STATE
EUR/USD|2026-04-21T09:10:00.000Z,EUR/USD,2026-04-21T09:10:00.000Z,Daily loss 0.0%,True,Daily loss 0.0%,ACCOUNT_STATE
EUR/USD|2026-04-21T09:10:00.000Z,EUR/USD,2026-04-21T09:10:00.000Z,Drawdown 0.0%,True,Drawdown 0.0%,ACCOUNT_STATE
EUR/USD|2026-04-21T09:10:00.000Z,EUR/USD,2026-04-21T09:10:00.000Z,Score 37.5 < 40 threshold,False,Score 37.5 < 40 threshold,REPLAYABLE
EUR/USD|2026-04-21T09:10:00.000Z,EUR/USD,2026-04-21T09:10:00.000Z,SMT veto,True,SMT veto: no opposition detected,REPLAYABLE
EUR/USD|2026-04-21T09:10:00.000Z,EUR/USD,2026-04-21T09:10:00.000Z,R,True,"R:R 1.98 effective (2.03 raw, spread 1p)",REPLAYABLE
EUR/USD|2026-04-21T09:10:00.000Z,EUR/USD,2026-04-21T09:10:00.000Z,No recent trades — cooldown OK,True,No recent trades — cooldown OK,REPLAYABLE
EUR/USD|2026-04-21T09:10:00.000Z,EUR/USD,2026-04-21T09:10:00.000Z,No trade history for consecutive loss check,True,No trade history for consecutive loss check,ACCOUNT_STATE
EUR/USD|2026-04-21T09:10:00.000Z,EUR/USD,2026-04-21T09:10:00.000Z,Daily net P&L $+0.00,True,Daily net P&L $+0.00 (gross loss: $0.00),ACCOUNT_STATE
EUR/USD|2026-04-21T09:10:00.000Z,EUR/USD,2026-04-21T09:10:00.000Z,News filter,True,News filter: env not configured — skipped,ACCOUNT_STATE
EUR/USD|2026-04-21T09:10:00.000Z,EUR/USD,2026-04-21T09:10:00.000Z,FOTSI Gate,True,FOTSI Gate: data unavailable — skipped,REPLAYABLE
EUR/USD|2026-04-21T09:10:00.000Z,EUR/USD,2026-04-21T09:10:00.000Z,No correlated conflicts,True,No correlated conflicts (threshold 0.8),ACCOUNT_STATE
EUR/USD|2026-04-21T09:10:00.000Z,EUR/USD,2026-04-21T09:10:00.000Z,Tier 1 gate FAILED,False,"Tier 1 gate FAILED: only 1 core factors — need at least 3 of: Market Structure, Order Block, Fair Value Gap, Premium/Dis",REPLAYABLE
EUR/USD|2026-04-21T09:10:00.000Z,EUR/USD,2026-04-21T09:10:00.000Z,Regime gate,True,Regime gate: OK,REPLAYABLE
EUR/USD|2026-04-21T09:10:00.000Z,EUR/USD,2026-04-21T09:10:00.000Z,[Info] Spread wide,True,[Info] Spread wide (indicative): 32.5% of ATR — info only,REPLAYABLE
NZD/USD|2026-04-21T10:20:00.000Z,NZD/USD,2026-04-21T10:20:00.000Z,[legacy] HTF bias aligned,True,[legacy] HTF bias aligned: Daily bullish,REPLAYABLE
NZD/USD|2026-04-21T10:20:00.000Z,NZD/USD,2026-04-21T10:20:00.000Z,P/D zone OK,True,"P/D zone OK (discount, 36.1% of the 5m 5-swing box 0.58957–0.59151)",REPLAYABLE
NZD/USD|2026-04-21T10:20:00.000Z,NZD/USD,2026-04-21T10:20:00.000Z,Structural Conviction BLOCKED [entry],False,"Structural Conviction BLOCKED [entry]: Bull fractals 0%, S2F 14%, opposite 33% — no structural support for long",REPLAYABLE
NZD/USD|2026-04-21T10:20:00.000Z,NZD/USD,2026-04-21T10:20:00.000Z,Reaction gate skipped,True,Reaction gate skipped: trend is bullish (not ranging),REPLAYABLE
NZD/USD|2026-04-21T10:20:00.000Z,NZD/USD,2026-04-21T10:20:00.000Z,NZD/USD not in enabled instruments,False,NZD/USD not in enabled instruments,REPLAYABLE
NZD/USD|2026-04-21T10:20:00.000Z,NZD/USD,2026-04-21T10:20:00.000Z,0/7 positions,True,0/7 positions,REPLAYABLE
NZD/USD|2026-04-21T10:20:00.000Z,NZD/USD,2026-04-21T10:20:00.000Z,0/1 for NZD/USD,True,0/1 for NZD/USD,REPLAYABLE
NZD/USD|2026-04-21T10:20:00.000Z,NZD/USD,2026-04-21T10:20:00.000Z,Portfolio heat 0.0%,True,Portfolio heat 0.0%,ACCOUNT_STATE
NZD/USD|2026-04-21T10:20:00.000Z,NZD/USD,2026-04-21T10:20:00.000Z,Daily loss 0.0%,True,Daily loss 0.0%,ACCOUNT_STATE
NZD/USD|2026-04-21T10:20:00.000Z,NZD/USD,2026-04-21T10:20:00.000Z,Drawdown 0.0%,True,Drawdown 0.0%,ACCOUNT_STATE
NZD/USD|2026-04-21T10:20:00.000Z,NZD/USD,2026-04-21T10:20:00.000Z,Score 39.6 < 40 threshold,False,Score 39.6 < 40 threshold,REPLAYABLE
NZD/USD|2026-04-21T10:20:00.000Z,NZD/USD,2026-04-21T10:20:00.000Z,SMT veto,True,SMT veto: no opposition detected,REPLAYABLE
NZD/USD|2026-04-21T10:20:00.000Z,NZD/USD,2026-04-21T10:20:00.000Z,R,True,"R:R 2.06 effective (2.18 raw, spread 2p)",REPLAYABLE
NZD/USD|2026-04-21T10:20:00.000Z,NZD/USD,2026-04-21T10:20:00.000Z,No recent trades — cooldown OK,True,No recent trades — cooldown OK,REPLAYABLE
NZD/USD|2026-04-21T10:20:00.000Z,NZD/USD,2026-04-21T10:20:00.000Z,No trade history for consecutive loss check,True,No trade history for consecutive loss check,ACCOUNT_STATE
NZD/USD|2026-04-21T10:20:00.000Z,NZD/USD,2026-04-21T10:20:00.000Z,Daily net P&L $+0.00,True,Daily net P&L $+0.00 (gross loss: $0.00),ACCOUNT_STATE
NZD/USD|2026-04-21T10:20:00.000Z,NZD/USD,2026-04-21T10:20:00.000Z,News filter,True,News filter: env not configured — skipped,ACCOUNT_STATE
NZD/USD|2026-04-21T10:20:00.000Z,NZD/USD,2026-04-21T10:20:00.000Z,FOTSI Gate,True,FOTSI Gate: data unavailable — skipped,REPLAYABLE
NZD/USD|2026-04-21T10:20:00.000Z,NZD/USD,2026-04-21T10:20:00.000Z,No correlated conflicts,True,No correlated conflicts (threshold 0.8),ACCOUNT_STATE
NZD/USD|2026-04-21T10:20:00.000Z,NZD/USD,2026-04-21T10:20:00.000Z,Tier 1 gate FAILED,False,"Tier 1 gate FAILED: only 2 core factors — need at least 3 of: Market Structure, Order Block, Fair Value Gap, Premium/Dis",REPLAYABLE
NZD/USD|2026-04-21T10:20:00.000Z,NZD/USD,2026-04-21T10:20:00.000Z,Regime gate,True,Regime gate: OK,REPLAYABLE
NZD/USD|2026-04-21T10:20:00.000Z,NZD/USD,2026-04-21T10:20:00.000Z,[Info] Spread wide,True,[Info] Spread wide (indicative): 55.8% of ATR — info only,REPLAYABLE
GBP/USD|2026-04-21T19:15:00.000Z,GBP/USD,2026-04-21T19:15:00.000Z,[legacy] HTF bias aligned,True,[legacy] HTF bias aligned: Daily bullish,REPLAYABLE
GBP/USD|2026-04-21T19:15:00.000Z,GBP/USD,2026-04-21T19:15:00.000Z,P/D zone OK,True,"P/D zone OK (equilibrium, 52.6% of the 5m 5-swing box 1.34772–1.35397)",REPLAYABLE
GBP/USD|2026-04-21T19:15:00.000Z,GBP/USD,2026-04-21T19:15:00.000Z,Structural Conviction [entry],True,Structural Conviction [entry]: Bull 50% / Bear 33% (S2F 40%),REPLAYABLE
GBP/USD|2026-04-21T19:15:00.000Z,GBP/USD,2026-04-21T19:15:00.000Z,Reaction gate skipped,True,Reaction gate skipped: trend is bullish (not ranging),REPLAYABLE
GBP/USD|2026-04-21T19:15:00.000Z,GBP/USD,2026-04-21T19:15:00.000Z,GBP/USD enabled,True,GBP/USD enabled,REPLAYABLE
GBP/USD|2026-04-21T19:15:00.000Z,GBP/USD,2026-04-21T19:15:00.000Z,0/7 positions,True,0/7 positions,REPLAYABLE
GBP/USD|2026-04-21T19:15:00.000Z,GBP/USD,2026-04-21T19:15:00.000Z,0/1 for GBP/USD,True,0/1 for GBP/USD,REPLAYABLE
GBP/USD|2026-04-21T19:15:00.000Z,GBP/USD,2026-04-21T19:15:00.000Z,Portfolio heat 0.0%,True,Portfolio heat 0.0%,ACCOUNT_STATE
GBP/USD|2026-04-21T19:15:00.000Z,GBP/USD,2026-04-21T19:15:00.000Z,Daily loss 0.0%,True,Daily loss 0.0%,ACCOUNT_STATE
GBP/USD|2026-04-21T19:15:00.000Z,GBP/USD,2026-04-21T19:15:00.000Z,Drawdown 0.0%,True,Drawdown 0.0%,ACCOUNT_STATE
GBP/USD|2026-04-21T19:15:00.000Z,GBP/USD,2026-04-21T19:15:00.000Z,Score 41.7 meets threshold,True,Score 41.7 meets threshold,REPLAYABLE
GBP/USD|2026-04-21T19:15:00.000Z,GBP/USD,2026-04-21T19:15:00.000Z,SMT veto,True,SMT veto: no opposition detected,REPLAYABLE
GBP/USD|2026-04-21T19:15:00.000Z,GBP/USD,2026-04-21T19:15:00.000Z,R,True,"R:R 1.90 effective (1.96 raw, spread 1.5p)",REPLAYABLE
GBP/USD|2026-04-21T19:15:00.000Z,GBP/USD,2026-04-21T19:15:00.000Z,No recent trades — cooldown OK,True,No recent trades — cooldown OK,REPLAYABLE
GBP/USD|2026-04-21T19:15:00.000Z,GBP/USD,2026-04-21T19:15:00.000Z,No trade history for consecutive loss check,True,No trade history for consecutive loss check,ACCOUNT_STATE
GBP/USD|2026-04-21T19:15:00.000Z,GBP/USD,2026-04-21T19:15:00.000Z,Daily net P&L $+0.00,True,Daily net P&L $+0.00 (gross loss: $0.00),ACCOUNT_STATE
GBP/USD|2026-04-21T19:15:00.000Z,GBP/USD,2026-04-21T19:15:00.000Z,News filter,True,News filter: env not configured — skipped,ACCOUNT_STATE
GBP/USD|2026-04-21T19:15:00.000Z,GBP/USD,2026-04-21T19:15:00.000Z,FOTSI Gate,True,FOTSI Gate: data unavailable — skipped,REPLAYABLE
GBP/USD|2026-04-21T19:15:00.000Z,GBP/USD,2026-04-21T19:15:00.000Z,No correlated conflicts,True,No correlated conflicts (threshold 0.8),ACCOUNT_STATE
GBP/USD|2026-04-21T19:15:00.000Z,GBP/USD,2026-04-21T19:15:00.000Z,Tier 1 gate FAILED,False,"Tier 1 gate FAILED: only 1 core factors — need at least 3 of: Market Structure, Order Block, Fair Value Gap, Premium/Dis",REPLAYABLE
GBP/USD|2026-04-21T19:15:00.000Z,GBP/USD,2026-04-21T19:15:00.000Z,Regime gate,True,Regime gate: OK,REPLAYABLE
GBP/USD|2026-04-21T19:15:00.000Z,GBP/USD,2026-04-21T19:15:00.000Z,[Info] Spread wide,True,[Info] Spread wide (indicative): 20.1% of ATR — info only,REPLAYABLE
USD/CHF|2026-04-22T00:55:00.000Z,USD/CHF,2026-04-22T00:55:00.000Z,[legacy] HTF bias mismatch,False,"[legacy] HTF bias mismatch: Daily is bearish, entry is bullish",REPLAYABLE
USD/CHF|2026-04-22T00:55:00.000Z,USD/CHF,2026-04-22T00:55:00.000Z,P/D zone OK,True,"P/D zone OK (discount, 16.3% of the 5m 5-swing box 0.77996–0.78247)",REPLAYABLE
USD/CHF|2026-04-22T00:55:00.000Z,USD/CHF,2026-04-22T00:55:00.000Z,Structural Conviction BLOCKED [entry],False,"Structural Conviction BLOCKED [entry]: Bull fractals 0%, S2F 13%, opposite 25% — no structural support for long",REPLAYABLE
USD/CHF|2026-04-22T00:55:00.000Z,USD/CHF,2026-04-22T00:55:00.000Z,Reaction gate skipped,True,Reaction gate skipped: trend is bearish (not ranging),REPLAYABLE
USD/CHF|2026-04-22T00:55:00.000Z,USD/CHF,2026-04-22T00:55:00.000Z,USD/CHF not in enabled instruments,False,USD/CHF not in enabled instruments,REPLAYABLE
USD/CHF|2026-04-22T00:55:00.000Z,USD/CHF,2026-04-22T00:55:00.000Z,0/7 positions,True,0/7 positions,REPLAYABLE
USD/CHF|2026-04-22T00:55:00.000Z,USD/CHF,2026-04-22T00:55:00.000Z,0/1 for USD/CHF,True,0/1 for USD/CHF,REPLAYABLE
USD/CHF|2026-04-22T00:55:00.000Z,USD/CHF,2026-04-22T00:55:00.000Z,Portfolio heat 0.0%,True,Portfolio heat 0.0%,ACCOUNT_STATE
USD/CHF|2026-04-22T00:55:00.000Z,USD/CHF,2026-04-22T00:55:00.000Z,Daily loss 0.0%,True,Daily loss 0.0%,ACCOUNT_STATE
USD/CHF|2026-04-22T00:55:00.000Z,USD/CHF,2026-04-22T00:55:00.000Z,Drawdown 0.0%,True,Drawdown 0.0%,ACCOUNT_STATE
USD/CHF|2026-04-22T00:55:00.000Z,USD/CHF,2026-04-22T00:55:00.000Z,Score 40.6 meets threshold,True,Score 40.6 meets threshold,REPLAYABLE
USD/CHF|2026-04-22T00:55:00.000Z,USD/CHF,2026-04-22T00:55:00.000Z,SMT veto,True,SMT veto: no opposition detected,REPLAYABLE
USD/CHF|2026-04-22T00:55:00.000Z,USD/CHF,2026-04-22T00:55:00.000Z,R,True,"R:R 2.02 effective (2.10 raw, spread 1.5p)",REPLAYABLE
USD/CHF|2026-04-22T00:55:00.000Z,USD/CHF,2026-04-22T00:55:00.000Z,No recent trades — cooldown OK,True,No recent trades — cooldown OK,REPLAYABLE
USD/CHF|2026-04-22T00:55:00.000Z,USD/CHF,2026-04-22T00:55:00.000Z,No trade history for consecutive loss check,True,No trade history for consecutive loss check,ACCOUNT_STATE
USD/CHF|2026-04-22T00:55:00.000Z,USD/CHF,2026-04-22T00:55:00.000Z,Daily net P&L $+0.00,True,Daily net P&L $+0.00 (gross loss: $0.00),ACCOUNT_STATE
USD/CHF|2026-04-22T00:55:00.000Z,USD/CHF,2026-04-22T00:55:00.000Z,News filter,True,News filter: env not configured — skipped,ACCOUNT_STATE
USD/CHF|2026-04-22T00:55:00.000Z,USD/CHF,2026-04-22T00:55:00.000Z,FOTSI Gate,True,FOTSI Gate: data unavailable — skipped,REPLAYABLE
USD/CHF|2026-04-22T00:55:00.000Z,USD/CHF,2026-04-22T00:55:00.000Z,No correlated conflicts,True,No correlated conflicts (threshold 0.8),ACCOUNT_STATE
USD/CHF|2026-04-22T00:55:00.000Z,USD/CHF,2026-04-22T00:55:00.000Z,Tier 1 gate FAILED,False,"Tier 1 gate FAILED: only 1 core factors — need at least 3 of: Market Structure, Order Block, Fair Value Gap, Premium/Dis",REPLAYABLE
USD/CHF|2026-04-22T00:55:00.000Z,USD/CHF,2026-04-22T00:55:00.000Z,Regime gate,True,Regime gate: OK,REPLAYABLE
USD/CHF|2026-04-22T00:55:00.000Z,USD/CHF,2026-04-22T00:55:00.000Z,[Info] Spread wide,True,[Info] Spread wide (indicative): 59.6% of ATR — info only,REPLAYABLE
EUR/USD|2026-04-22T05:25:00.000Z,EUR/USD,2026-04-22T05:25:00.000Z,[legacy] HTF bias aligned,True,[legacy] HTF bias aligned: Daily ranging,REPLAYABLE
EUR/USD|2026-04-22T05:25:00.000Z,EUR/USD,2026-04-22T05:25:00.000Z,P/D zone OK,True,"P/D zone OK (premium, 100.0% of the 5m 5-swing box 1.17381–1.17516) — price is OUTSIDE that range (raw 129.6%)",REPLAYABLE
EUR/USD|2026-04-22T05:25:00.000Z,EUR/USD,2026-04-22T05:25:00.000Z,Structural Conviction [entry],True,Structural Conviction [entry]: Bear 25% / Bull 0% (S2F 13%),REPLAYABLE
EUR/USD|2026-04-22T05:25:00.000Z,EUR/USD,2026-04-22T05:25:00.000Z,Reaction gate skipped,True,Reaction gate skipped: trend is bullish (not ranging),REPLAYABLE
EUR/USD|2026-04-22T05:25:00.000Z,EUR/USD,2026-04-22T05:25:00.000Z,EUR/USD enabled,True,EUR/USD enabled,REPLAYABLE
EUR/USD|2026-04-22T05:25:00.000Z,EUR/USD,2026-04-22T05:25:00.000Z,0/7 positions,True,0/7 positions,REPLAYABLE
EUR/USD|2026-04-22T05:25:00.000Z,EUR/USD,2026-04-22T05:25:00.000Z,0/1 for EUR/USD,True,0/1 for EUR/USD,REPLAYABLE
EUR/USD|2026-04-22T05:25:00.000Z,EUR/USD,2026-04-22T05:25:00.000Z,Portfolio heat 0.0%,True,Portfolio heat 0.0%,ACCOUNT_STATE
EUR/USD|2026-04-22T05:25:00.000Z,EUR/USD,2026-04-22T05:25:00.000Z,Daily loss 0.0%,True,Daily loss 0.0%,ACCOUNT_STATE
EUR/USD|2026-04-22T05:25:00.000Z,EUR/USD,2026-04-22T05:25:00.000Z,Drawdown 0.0%,True,Drawdown 0.0%,ACCOUNT_STATE
EUR/USD|2026-04-22T05:25:00.000Z,EUR/USD,2026-04-22T05:25:00.000Z,Score 42.7 meets threshold,True,Score 42.7 meets threshold,REPLAYABLE
EUR/USD|2026-04-22T05:25:00.000Z,EUR/USD,2026-04-22T05:25:00.000Z,SMT veto,True,SMT veto: no opposition detected,REPLAYABLE
EUR/USD|2026-04-22T05:25:00.000Z,EUR/USD,2026-04-22T05:25:00.000Z,R,True,"R:R 1.73 effective (1.78 raw, spread 1p)",REPLAYABLE
EUR/USD|2026-04-22T05:25:00.000Z,EUR/USD,2026-04-22T05:25:00.000Z,No recent trades — cooldown OK,True,No recent trades — cooldown OK,REPLAYABLE
EUR/USD|2026-04-22T05:25:00.000Z,EUR/USD,2026-04-22T05:25:00.000Z,No trade history for consecutive loss check,True,No trade history for consecutive loss check,ACCOUNT_STATE
EUR/USD|2026-04-22T05:25:00.000Z,EUR/USD,2026-04-22T05:25:00.000Z,Daily net P&L $+0.00,True,Daily net P&L $+0.00 (gross loss: $0.00),ACCOUNT_STATE
EUR/USD|2026-04-22T05:25:00.000Z,EUR/USD,2026-04-22T05:25:00.000Z,News filter,True,News filter: env not configured — skipped,ACCOUNT_STATE
EUR/USD|2026-04-22T05:25:00.000Z,EUR/USD,2026-04-22T05:25:00.000Z,FOTSI Gate,True,FOTSI Gate: data unavailable — skipped,REPLAYABLE
EUR/USD|2026-04-22T05:25:00.000Z,EUR/USD,2026-04-22T05:25:00.000Z,No correlated conflicts,True,No correlated conflicts (threshold 0.8),ACCOUNT_STATE
EUR/USD|2026-04-22T05:25:00.000Z,EUR/USD,2026-04-22T05:25:00.000Z,Tier 1 gate FAILED,False,"Tier 1 gate FAILED: only 1 core factors — need at least 3 of: Market Structure, Order Block, Fair Value Gap, Premium/Dis",REPLAYABLE
EUR/USD|2026-04-22T05:25:00.000Z,EUR/USD,2026-04-22T05:25:00.000Z,Regime gate,True,Regime gate: OK,REPLAYABLE
EUR/USD|2026-04-22T05:25:00.000Z,EUR/USD,2026-04-22T05:25:00.000Z,[Info] Spread wide,True,[Info] Spread wide (indicative): 35.6% of ATR — info only,REPLAYABLE
NZD/USD|2026-04-22T12:20:00.000Z,NZD/USD,2026-04-22T12:20:00.000Z,[legacy] HTF bias mismatch,False,"[legacy] HTF bias mismatch: Daily is bullish, entry is bearish",REPLAYABLE
NZD/USD|2026-04-22T12:20:00.000Z,NZD/USD,2026-04-22T12:20:00.000Z,P/D zone OK,True,"P/D zone OK (discount, 4.9% of the 5m 5-swing box 0.59042–0.59227)",REPLAYABLE
NZD/USD|2026-04-22T12:20:00.000Z,NZD/USD,2026-04-22T12:20:00.000Z,Structural Conviction [entry],True,Structural Conviction [entry]: Bear 40% / Bull 0% (S2F 22%),REPLAYABLE
NZD/USD|2026-04-22T12:20:00.000Z,NZD/USD,2026-04-22T12:20:00.000Z,Reaction gate skipped,True,Reaction gate skipped: trend is bearish (not ranging),REPLAYABLE
NZD/USD|2026-04-22T12:20:00.000Z,NZD/USD,2026-04-22T12:20:00.000Z,NZD/USD not in enabled instruments,False,NZD/USD not in enabled instruments,REPLAYABLE
NZD/USD|2026-04-22T12:20:00.000Z,NZD/USD,2026-04-22T12:20:00.000Z,0/7 positions,True,0/7 positions,REPLAYABLE
NZD/USD|2026-04-22T12:20:00.000Z,NZD/USD,2026-04-22T12:20:00.000Z,0/1 for NZD/USD,True,0/1 for NZD/USD,REPLAYABLE
NZD/USD|2026-04-22T12:20:00.000Z,NZD/USD,2026-04-22T12:20:00.000Z,Portfolio heat 0.0%,True,Portfolio heat 0.0%,ACCOUNT_STATE
NZD/USD|2026-04-22T12:20:00.000Z,NZD/USD,2026-04-22T12:20:00.000Z,Daily loss 0.0%,True,Daily loss 0.0%,ACCOUNT_STATE
NZD/USD|2026-04-22T12:20:00.000Z,NZD/USD,2026-04-22T12:20:00.000Z,Drawdown 0.0%,True,Drawdown 0.0%,ACCOUNT_STATE
NZD/USD|2026-04-22T12:20:00.000Z,NZD/USD,2026-04-22T12:20:00.000Z,Score 42.7 meets threshold,True,Score 42.7 meets threshold,REPLAYABLE
NZD/USD|2026-04-22T12:20:00.000Z,NZD/USD,2026-04-22T12:20:00.000Z,SMT veto,True,SMT veto: no opposition detected,REPLAYABLE
NZD/USD|2026-04-22T12:20:00.000Z,NZD/USD,2026-04-22T12:20:00.000Z,R,True,"R:R 1.95 effective (2.07 raw, spread 2p)",REPLAYABLE
NZD/USD|2026-04-22T12:20:00.000Z,NZD/USD,2026-04-22T12:20:00.000Z,No recent trades — cooldown OK,True,No recent trades — cooldown OK,REPLAYABLE
NZD/USD|2026-04-22T12:20:00.000Z,NZD/USD,2026-04-22T12:20:00.000Z,No trade history for consecutive loss check,True,No trade history for consecutive loss check,ACCOUNT_STATE
NZD/USD|2026-04-22T12:20:00.000Z,NZD/USD,2026-04-22T12:20:00.000Z,Daily net P&L $+0.00,True,Daily net P&L $+0.00 (gross loss: $0.00),ACCOUNT_STATE
NZD/USD|2026-04-22T12:20:00.000Z,NZD/USD,2026-04-22T12:20:00.000Z,News filter,True,News filter: env not configured — skipped,ACCOUNT_STATE
NZD/USD|2026-04-22T12:20:00.000Z,NZD/USD,2026-04-22T12:20:00.000Z,FOTSI Gate,True,FOTSI Gate: data unavailable — skipped,REPLAYABLE
NZD/USD|2026-04-22T12:20:00.000Z,NZD/USD,2026-04-22T12:20:00.000Z,No correlated conflicts,True,No correlated conflicts (threshold 0.8),ACCOUNT_STATE
NZD/USD|2026-04-22T12:20:00.000Z,NZD/USD,2026-04-22T12:20:00.000Z,Tier 1 gate FAILED,False,"Tier 1 gate FAILED: only 2 core factors — need at least 3 of: Market Structure, Order Block, Fair Value Gap, Premium/Dis",REPLAYABLE
NZD/USD|2026-04-22T12:20:00.000Z,NZD/USD,2026-04-22T12:20:00.000Z,Regime gate,True,Regime gate: OK,REPLAYABLE
NZD/USD|2026-04-22T12:20:00.000Z,NZD/USD,2026-04-22T12:20:00.000Z,[Info] Spread wide,True,[Info] Spread wide (indicative): 45.3% of ATR — info only,REPLAYABLE
GBP/USD|2026-04-22T16:15:00.000Z,GBP/USD,2026-04-22T16:15:00.000Z,[legacy] HTF bias aligned,True,[legacy] HTF bias aligned: Daily bullish,REPLAYABLE
GBP/USD|2026-04-22T16:15:00.000Z,GBP/USD,2026-04-22T16:15:00.000Z,P/D zone OK,True,"P/D zone OK (discount, 23.7% of the 5m 5-swing box 1.34928–1.35240)",REPLAYABLE
GBP/USD|2026-04-22T16:15:00.000Z,GBP/USD,2026-04-22T16:15:00.000Z,Structural Conviction [entry],True,Structural Conviction [entry]: Bull 20% / Bear 20% (S2F 20%),REPLAYABLE
GBP/USD|2026-04-22T16:15:00.000Z,GBP/USD,2026-04-22T16:15:00.000Z,Reaction confirmed in ranging market,True,"Reaction confirmed in ranging market: Liquidity Sweep, AMD Phase",REPLAYABLE
GBP/USD|2026-04-22T16:15:00.000Z,GBP/USD,2026-04-22T16:15:00.000Z,GBP/USD enabled,True,GBP/USD enabled,REPLAYABLE
GBP/USD|2026-04-22T16:15:00.000Z,GBP/USD,2026-04-22T16:15:00.000Z,0/7 positions,True,0/7 positions,REPLAYABLE
GBP/USD|2026-04-22T16:15:00.000Z,GBP/USD,2026-04-22T16:15:00.000Z,0/1 for GBP/USD,True,0/1 for GBP/USD,REPLAYABLE
GBP/USD|2026-04-22T16:15:00.000Z,GBP/USD,2026-04-22T16:15:00.000Z,Portfolio heat 0.0%,True,Portfolio heat 0.0%,ACCOUNT_STATE
GBP/USD|2026-04-22T16:15:00.000Z,GBP/USD,2026-04-22T16:15:00.000Z,Daily loss 0.0%,True,Daily loss 0.0%,ACCOUNT_STATE
GBP/USD|2026-04-22T16:15:00.000Z,GBP/USD,2026-04-22T16:15:00.000Z,Drawdown 0.0%,True,Drawdown 0.0%,ACCOUNT_STATE
GBP/USD|2026-04-22T16:15:00.000Z,GBP/USD,2026-04-22T16:15:00.000Z,Score 49.2 meets threshold,True,Score 49.2 meets threshold,REPLAYABLE
GBP/USD|2026-04-22T16:15:00.000Z,GBP/USD,2026-04-22T16:15:00.000Z,SMT veto,True,SMT veto: no opposition detected,REPLAYABLE
GBP/USD|2026-04-22T16:15:00.000Z,GBP/USD,2026-04-22T16:15:00.000Z,R,True,"R:R 2.11 effective (2.17 raw, spread 1.5p)",REPLAYABLE
GBP/USD|2026-04-22T16:15:00.000Z,GBP/USD,2026-04-22T16:15:00.000Z,No recent trades — cooldown OK,True,No recent trades — cooldown OK,REPLAYABLE
GBP/USD|2026-04-22T16:15:00.000Z,GBP/USD,2026-04-22T16:15:00.000Z,No trade history for consecutive loss check,True,No trade history for consecutive loss check,ACCOUNT_STATE
GBP/USD|2026-04-22T16:15:00.000Z,GBP/USD,2026-04-22T16:15:00.000Z,Daily net P&L $+0.00,True,Daily net P&L $+0.00 (gross loss: $0.00),ACCOUNT_STATE
GBP/USD|2026-04-22T16:15:00.000Z,GBP/USD,2026-04-22T16:15:00.000Z,News filter,True,News filter: env not configured — skipped,ACCOUNT_STATE
GBP/USD|2026-04-22T16:15:00.000Z,GBP/USD,2026-04-22T16:15:00.000Z,FOTSI Gate,True,FOTSI Gate: data unavailable — skipped,REPLAYABLE
GBP/USD|2026-04-22T16:15:00.000Z,GBP/USD,2026-04-22T16:15:00.000Z,No correlated conflicts,True,No correlated conflicts (threshold 0.8),ACCOUNT_STATE
GBP/USD|2026-04-22T16:15:00.000Z,GBP/USD,2026-04-22T16:15:00.000Z,Tier 1 gate passed,True,"Tier 1 gate passed: 3 core factors (Market Structure, Order Block, Premium/Discount & Fib)",REPLAYABLE
GBP/USD|2026-04-22T16:15:00.000Z,GBP/USD,2026-04-22T16:15:00.000Z,Regime gate,True,Regime gate: OK,REPLAYABLE
GBP/USD|2026-04-22T16:15:00.000Z,GBP/USD,2026-04-22T16:15:00.000Z,[Info] Spread wide,True,[Info] Spread wide (indicative): 31.7% of ATR — info only,REPLAYABLE
USD/CAD|2026-04-23T00:00:00.000Z,USD/CAD,2026-04-23T00:00:00.000Z,[legacy] HTF bias aligned,True,[legacy] HTF bias aligned: Daily ranging,REPLAYABLE
USD/CAD|2026-04-23T00:00:00.000Z,USD/CAD,2026-04-23T00:00:00.000Z,P/D zone OK,True,"P/D zone OK (premium, 65.6% of the 5m 5-swing box 1.36621–1.36746)",REPLAYABLE
USD/CAD|2026-04-23T00:00:00.000Z,USD/CAD,2026-04-23T00:00:00.000Z,Structural Conviction [entry],True,Structural Conviction [entry]: Bear 33% / Bull 20% (S2F 25%),REPLAYABLE
USD/CAD|2026-04-23T00:00:00.000Z,USD/CAD,2026-04-23T00:00:00.000Z,Reaction gate skipped,True,Reaction gate skipped: trend is bullish (not ranging),REPLAYABLE
USD/CAD|2026-04-23T00:00:00.000Z,USD/CAD,2026-04-23T00:00:00.000Z,USD/CAD not in enabled instruments,False,USD/CAD not in enabled instruments,REPLAYABLE
USD/CAD|2026-04-23T00:00:00.000Z,USD/CAD,2026-04-23T00:00:00.000Z,0/7 positions,True,0/7 positions,REPLAYABLE
USD/CAD|2026-04-23T00:00:00.000Z,USD/CAD,2026-04-23T00:00:00.000Z,0/1 for USD/CAD,True,0/1 for USD/CAD,REPLAYABLE
USD/CAD|2026-04-23T00:00:00.000Z,USD/CAD,2026-04-23T00:00:00.000Z,Portfolio heat 0.0%,True,Portfolio heat 0.0%,ACCOUNT_STATE
USD/CAD|2026-04-23T00:00:00.000Z,USD/CAD,2026-04-23T00:00:00.000Z,Daily loss 0.0%,True,Daily loss 0.0%,ACCOUNT_STATE
USD/CAD|2026-04-23T00:00:00.000Z,USD/CAD,2026-04-23T00:00:00.000Z,Drawdown 0.0%,True,Drawdown 0.0%,ACCOUNT_STATE
USD/CAD|2026-04-23T00:00:00.000Z,USD/CAD,2026-04-23T00:00:00.000Z,Score 41.7 meets threshold,True,Score 41.7 meets threshold,REPLAYABLE
USD/CAD|2026-04-23T00:00:00.000Z,USD/CAD,2026-04-23T00:00:00.000Z,SMT veto,True,SMT veto: no opposition detected,REPLAYABLE
USD/CAD|2026-04-23T00:00:00.000Z,USD/CAD,2026-04-23T00:00:00.000Z,R,True,"R:R 2.00 effective (2.09 raw, spread 1.5p)",REPLAYABLE
USD/CAD|2026-04-23T00:00:00.000Z,USD/CAD,2026-04-23T00:00:00.000Z,No recent trades — cooldown OK,True,No recent trades — cooldown OK,REPLAYABLE
USD/CAD|2026-04-23T00:00:00.000Z,USD/CAD,2026-04-23T00:00:00.000Z,No trade history for consecutive loss check,True,No trade history for consecutive loss check,ACCOUNT_STATE
USD/CAD|2026-04-23T00:00:00.000Z,USD/CAD,2026-04-23T00:00:00.000Z,Daily net P&L $+0.00,True,Daily net P&L $+0.00 (gross loss: $0.00),ACCOUNT_STATE
USD/CAD|2026-04-23T00:00:00.000Z,USD/CAD,2026-04-23T00:00:00.000Z,News filter,True,News filter: env not configured — skipped,ACCOUNT_STATE
USD/CAD|2026-04-23T00:00:00.000Z,USD/CAD,2026-04-23T00:00:00.000Z,FOTSI Gate,True,FOTSI Gate: data unavailable — skipped,REPLAYABLE
USD/CAD|2026-04-23T00:00:00.000Z,USD/CAD,2026-04-23T00:00:00.000Z,No correlated conflicts,True,No correlated conflicts (threshold 0.8),ACCOUNT_STATE
USD/CAD|2026-04-23T00:00:00.000Z,USD/CAD,2026-04-23T00:00:00.000Z,Tier 1 gate passed,True,"Tier 1 gate passed: 3 core factors (Market Structure, Order Block, Premium/Discount & Fib)",REPLAYABLE
USD/CAD|2026-04-23T00:00:00.000Z,USD/CAD,2026-04-23T00:00:00.000Z,Regime gate,True,Regime gate: OK,REPLAYABLE
USD/CAD|2026-04-23T00:00:00.000Z,USD/CAD,2026-04-23T00:00:00.000Z,[Info] Spread wide,True,[Info] Spread wide (indicative): 75.7% of ATR — info only,REPLAYABLE
USD/JPY|2026-04-23T00:55:00.000Z,USD/JPY,2026-04-23T00:55:00.000Z,[legacy] HTF bias mismatch,False,"[legacy] HTF bias mismatch: Daily is bearish, entry is bullish",REPLAYABLE
USD/JPY|2026-04-23T00:55:00.000Z,USD/JPY,2026-04-23T00:55:00.000Z,P/D zone OK,True,"P/D zone OK (discount, 0.0% of the 5m 5-swing box 159.403–159.666) — price is OUTSIDE that range (raw -18.4%)",REPLAYABLE
USD/JPY|2026-04-23T00:55:00.000Z,USD/JPY,2026-04-23T00:55:00.000Z,Structural Conviction [entry],True,Structural Conviction [entry]: Bull 20% / Bear 25% (S2F 22%),REPLAYABLE
USD/JPY|2026-04-23T00:55:00.000Z,USD/JPY,2026-04-23T00:55:00.000Z,Reaction gate skipped,True,Reaction gate skipped: trend is bullish (not ranging),REPLAYABLE
USD/JPY|2026-04-23T00:55:00.000Z,USD/JPY,2026-04-23T00:55:00.000Z,USD/JPY enabled,True,USD/JPY enabled,REPLAYABLE
USD/JPY|2026-04-23T00:55:00.000Z,USD/JPY,2026-04-23T00:55:00.000Z,0/7 positions,True,0/7 positions,REPLAYABLE
USD/JPY|2026-04-23T00:55:00.000Z,USD/JPY,2026-04-23T00:55:00.000Z,0/1 for USD/JPY,True,0/1 for USD/JPY,REPLAYABLE
USD/JPY|2026-04-23T00:55:00.000Z,USD/JPY,2026-04-23T00:55:00.000Z,Portfolio heat 0.0%,True,Portfolio heat 0.0%,ACCOUNT_STATE
USD/JPY|2026-04-23T00:55:00.000Z,USD/JPY,2026-04-23T00:55:00.000Z,Daily loss 0.0%,True,Daily loss 0.0%,ACCOUNT_STATE
USD/JPY|2026-04-23T00:55:00.000Z,USD/JPY,2026-04-23T00:55:00.000Z,Drawdown 0.0%,True,Drawdown 0.0%,ACCOUNT_STATE
USD/JPY|2026-04-23T00:55:00.000Z,USD/JPY,2026-04-23T00:55:00.000Z,Score 40.6 meets threshold,True,Score 40.6 meets threshold,REPLAYABLE
USD/JPY|2026-04-23T00:55:00.000Z,USD/JPY,2026-04-23T00:55:00.000Z,SMT veto,True,SMT veto: no opposition detected,REPLAYABLE
USD/JPY|2026-04-23T00:55:00.000Z,USD/JPY,2026-04-23T00:55:00.000Z,R,True,"R:R 1.64 effective (1.68 raw, spread 1p)",REPLAYABLE
USD/JPY|2026-04-23T00:55:00.000Z,USD/JPY,2026-04-23T00:55:00.000Z,No recent trades — cooldown OK,True,No recent trades — cooldown OK,REPLAYABLE
USD/JPY|2026-04-23T00:55:00.000Z,USD/JPY,2026-04-23T00:55:00.000Z,No trade history for consecutive loss check,True,No trade history for consecutive loss check,ACCOUNT_STATE
USD/JPY|2026-04-23T00:55:00.000Z,USD/JPY,2026-04-23T00:55:00.000Z,Daily net P&L $+0.00,True,Daily net P&L $+0.00 (gross loss: $0.00),ACCOUNT_STATE
USD/JPY|2026-04-23T00:55:00.000Z,USD/JPY,2026-04-23T00:55:00.000Z,News filter,True,News filter: env not configured — skipped,ACCOUNT_STATE
USD/JPY|2026-04-23T00:55:00.000Z,USD/JPY,2026-04-23T00:55:00.000Z,FOTSI Gate,True,FOTSI Gate: data unavailable — skipped,REPLAYABLE
USD/JPY|2026-04-23T00:55:00.000Z,USD/JPY,2026-04-23T00:55:00.000Z,No correlated conflicts,True,No correlated conflicts (threshold 0.8),ACCOUNT_STATE
USD/JPY|2026-04-23T00:55:00.000Z,USD/JPY,2026-04-23T00:55:00.000Z,Tier 1 gate FAILED,False,"Tier 1 gate FAILED: only 2 core factors — need at least 3 of: Market Structure, Order Block, Fair Value Gap, Premium/Dis",REPLAYABLE
USD/JPY|2026-04-23T00:55:00.000Z,USD/JPY,2026-04-23T00:55:00.000Z,Regime gate,True,Regime gate: OK,REPLAYABLE
USD/JPY|2026-04-23T00:55:00.000Z,USD/JPY,2026-04-23T00:55:00.000Z,[Info] Spread OK,True,[Info] Spread OK: 0.2% of ATR,REPLAYABLE
USD/JPY|2026-04-23T18:15:00.000Z,USD/JPY,2026-04-23T18:15:00.000Z,[legacy] HTF bias mismatch,False,"[legacy] HTF bias mismatch: Daily is bearish, entry is bullish",REPLAYABLE
USD/JPY|2026-04-23T18:15:00.000Z,USD/JPY,2026-04-23T18:15:00.000Z,P/D zone OK,True,"P/D zone OK (discount, 38.4% of the 5m 5-swing box 159.323–159.848)",REPLAYABLE
USD/JPY|2026-04-23T18:15:00.000Z,USD/JPY,2026-04-23T18:15:00.000Z,Structural Conviction [entry],True,Structural Conviction [entry]: Bull 50% / Bear 33% (S2F 43%),REPLAYABLE
USD/JPY|2026-04-23T18:15:00.000Z,USD/JPY,2026-04-23T18:15:00.000Z,Reaction gate skipped,True,Reaction gate skipped: trend is bullish (not ranging),REPLAYABLE
USD/JPY|2026-04-23T18:15:00.000Z,USD/JPY,2026-04-23T18:15:00.000Z,USD/JPY enabled,True,USD/JPY enabled,REPLAYABLE
USD/JPY|2026-04-23T18:15:00.000Z,USD/JPY,2026-04-23T18:15:00.000Z,0/7 positions,True,0/7 positions,REPLAYABLE
USD/JPY|2026-04-23T18:15:00.000Z,USD/JPY,2026-04-23T18:15:00.000Z,0/1 for USD/JPY,True,0/1 for USD/JPY,REPLAYABLE
USD/JPY|2026-04-23T18:15:00.000Z,USD/JPY,2026-04-23T18:15:00.000Z,Portfolio heat 0.0%,True,Portfolio heat 0.0%,ACCOUNT_STATE
USD/JPY|2026-04-23T18:15:00.000Z,USD/JPY,2026-04-23T18:15:00.000Z,Daily loss 0.0%,True,Daily loss 0.0%,ACCOUNT_STATE
USD/JPY|2026-04-23T18:15:00.000Z,USD/JPY,2026-04-23T18:15:00.000Z,Drawdown 0.0%,True,Drawdown 0.0%,ACCOUNT_STATE
USD/JPY|2026-04-23T18:15:00.000Z,USD/JPY,2026-04-23T18:15:00.000Z,Score 39.6 < 40 threshold,False,Score 39.6 < 40 threshold,REPLAYABLE
USD/JPY|2026-04-23T18:15:00.000Z,USD/JPY,2026-04-23T18:15:00.000Z,SMT veto,True,SMT veto: no opposition detected,REPLAYABLE
USD/JPY|2026-04-23T18:15:00.000Z,USD/JPY,2026-04-23T18:15:00.000Z,R,True,"R:R 2.04 effective (2.09 raw, spread 1p)",REPLAYABLE
USD/JPY|2026-04-23T18:15:00.000Z,USD/JPY,2026-04-23T18:15:00.000Z,No recent trades — cooldown OK,True,No recent trades — cooldown OK,REPLAYABLE
USD/JPY|2026-04-23T18:15:00.000Z,USD/JPY,2026-04-23T18:15:00.000Z,No trade history for consecutive loss check,True,No trade history for consecutive loss check,ACCOUNT_STATE
USD/JPY|2026-04-23T18:15:00.000Z,USD/JPY,2026-04-23T18:15:00.000Z,Daily net P&L $+0.00,True,Daily net P&L $+0.00 (gross loss: $0.00),ACCOUNT_STATE
USD/JPY|2026-04-23T18:15:00.000Z,USD/JPY,2026-04-23T18:15:00.000Z,News filter,True,News filter: env not configured — skipped,ACCOUNT_STATE
USD/JPY|2026-04-23T18:15:00.000Z,USD/JPY,2026-04-23T18:15:00.000Z,FOTSI Gate,True,FOTSI Gate: data unavailable — skipped,REPLAYABLE
USD/JPY|2026-04-23T18:15:00.000Z,USD/JPY,2026-04-23T18:15:00.000Z,No correlated conflicts,True,No correlated conflicts (threshold 0.8),ACCOUNT_STATE
USD/JPY|2026-04-23T18:15:00.000Z,USD/JPY,2026-04-23T18:15:00.000Z,Tier 1 gate FAILED,False,"Tier 1 gate FAILED: only 2 core factors — need at least 3 of: Market Structure, Order Block, Fair Value Gap, Premium/Dis",REPLAYABLE
USD/JPY|2026-04-23T18:15:00.000Z,USD/JPY,2026-04-23T18:15:00.000Z,Regime gate,True,Regime gate: OK,REPLAYABLE
USD/JPY|2026-04-23T18:15:00.000Z,USD/JPY,2026-04-23T18:15:00.000Z,[Info] Spread OK,True,[Info] Spread OK: 0.1% of ATR,REPLAYABLE
USD/CAD|2026-04-24T14:45:00.000Z,USD/CAD,2026-04-24T14:45:00.000Z,[legacy] HTF bias aligned,True,[legacy] HTF bias aligned: Daily ranging,REPLAYABLE
USD/CAD|2026-04-24T14:45:00.000Z,USD/CAD,2026-04-24T14:45:00.000Z,P/D zone OK,True,"P/D zone OK (discount, 20.6% of the 5m 5-swing box 1.36786–1.37140)",REPLAYABLE
USD/CAD|2026-04-24T14:45:00.000Z,USD/CAD,2026-04-24T14:45:00.000Z,Structural Conviction [entry],True,Structural Conviction [entry]: Bull 50% / Bear 0% (S2F 14%),REPLAYABLE
USD/CAD|2026-04-24T14:45:00.000Z,USD/CAD,2026-04-24T14:45:00.000Z,Reaction gate skipped,True,Reaction gate skipped: trend is bullish (not ranging),REPLAYABLE
USD/CAD|2026-04-24T14:45:00.000Z,USD/CAD,2026-04-24T14:45:00.000Z,USD/CAD not in enabled instruments,False,USD/CAD not in enabled instruments,REPLAYABLE
USD/CAD|2026-04-24T14:45:00.000Z,USD/CAD,2026-04-24T14:45:00.000Z,0/7 positions,True,0/7 positions,REPLAYABLE
USD/CAD|2026-04-24T14:45:00.000Z,USD/CAD,2026-04-24T14:45:00.000Z,0/1 for USD/CAD,True,0/1 for USD/CAD,REPLAYABLE
USD/CAD|2026-04-24T14:45:00.000Z,USD/CAD,2026-04-24T14:45:00.000Z,Portfolio heat 0.0%,True,Portfolio heat 0.0%,ACCOUNT_STATE
USD/CAD|2026-04-24T14:45:00.000Z,USD/CAD,2026-04-24T14:45:00.000Z,Daily loss 0.0%,True,Daily loss 0.0%,ACCOUNT_STATE
USD/CAD|2026-04-24T14:45:00.000Z,USD/CAD,2026-04-24T14:45:00.000Z,Drawdown 0.0%,True,Drawdown 0.0%,ACCOUNT_STATE
USD/CAD|2026-04-24T14:45:00.000Z,USD/CAD,2026-04-24T14:45:00.000Z,Score 31.3 < 40 threshold,False,Score 31.3 < 40 threshold,REPLAYABLE
USD/CAD|2026-04-24T14:45:00.000Z,USD/CAD,2026-04-24T14:45:00.000Z,SMT veto,True,SMT veto: no opposition detected,REPLAYABLE
USD/CAD|2026-04-24T14:45:00.000Z,USD/CAD,2026-04-24T14:45:00.000Z,R,True,"R:R 2.24 effective (2.33 raw, spread 1.5p)",REPLAYABLE
USD/CAD|2026-04-24T14:45:00.000Z,USD/CAD,2026-04-24T14:45:00.000Z,No recent trades — cooldown OK,True,No recent trades — cooldown OK,REPLAYABLE
USD/CAD|2026-04-24T14:45:00.000Z,USD/CAD,2026-04-24T14:45:00.000Z,No trade history for consecutive loss check,True,No trade history for consecutive loss check,ACCOUNT_STATE
USD/CAD|2026-04-24T14:45:00.000Z,USD/CAD,2026-04-24T14:45:00.000Z,Daily net P&L $+0.00,True,Daily net P&L $+0.00 (gross loss: $0.00),ACCOUNT_STATE
USD/CAD|2026-04-24T14:45:00.000Z,USD/CAD,2026-04-24T14:45:00.000Z,News filter,True,News filter: env not configured — skipped,ACCOUNT_STATE
USD/CAD|2026-04-24T14:45:00.000Z,USD/CAD,2026-04-24T14:45:00.000Z,FOTSI Gate,True,FOTSI Gate: data unavailable — skipped,REPLAYABLE
USD/CAD|2026-04-24T14:45:00.000Z,USD/CAD,2026-04-24T14:45:00.000Z,No correlated conflicts,True,No correlated conflicts (threshold 0.8),ACCOUNT_STATE
USD/CAD|2026-04-24T14:45:00.000Z,USD/CAD,2026-04-24T14:45:00.000Z,Tier 1 gate FAILED,False,"Tier 1 gate FAILED: only 2 core factors — need at least 3 of: Market Structure, Order Block, Fair Value Gap, Premium/Dis",REPLAYABLE
USD/CAD|2026-04-24T14:45:00.000Z,USD/CAD,2026-04-24T14:45:00.000Z,Regime gate,True,Regime gate: OK,REPLAYABLE
USD/CAD|2026-04-24T14:45:00.000Z,USD/CAD,2026-04-24T14:45:00.000Z,[Info] Spread wide,True,[Info] Spread wide (indicative): 27.0% of ATR — info only,REPLAYABLE
USD/JPY|2026-04-25T03:15:00.000Z,USD/JPY,2026-04-25T03:15:00.000Z,[legacy] HTF bias mismatch,False,"[legacy] HTF bias mismatch: Daily is bearish, entry is bullish",REPLAYABLE
USD/JPY|2026-04-25T03:15:00.000Z,USD/JPY,2026-04-25T03:15:00.000Z,P/D zone OK,True,"P/D zone OK (discount, 5.6% of the 5m 5-swing box 159.334–159.563)",REPLAYABLE
USD/JPY|2026-04-25T03:15:00.000Z,USD/JPY,2026-04-25T03:15:00.000Z,Structural Conviction [entry],True,Structural Conviction [entry]: Bull 25% / Bear 0% (S2F 10%),REPLAYABLE
USD/JPY|2026-04-25T03:15:00.000Z,USD/JPY,2026-04-25T03:15:00.000Z,Reaction confirmed in ranging market,True,"Reaction confirmed in ranging market: Reversal Candle, Liquidity Sweep",REPLAYABLE
USD/JPY|2026-04-25T03:15:00.000Z,USD/JPY,2026-04-25T03:15:00.000Z,USD/JPY enabled,True,USD/JPY enabled,REPLAYABLE
USD/JPY|2026-04-25T03:15:00.000Z,USD/JPY,2026-04-25T03:15:00.000Z,0/7 positions,True,0/7 positions,REPLAYABLE
USD/JPY|2026-04-25T03:15:00.000Z,USD/JPY,2026-04-25T03:15:00.000Z,0/1 for USD/JPY,True,0/1 for USD/JPY,REPLAYABLE
USD/JPY|2026-04-25T03:15:00.000Z,USD/JPY,2026-04-25T03:15:00.000Z,Portfolio heat 0.0%,True,Portfolio heat 0.0%,ACCOUNT_STATE
USD/JPY|2026-04-25T03:15:00.000Z,USD/JPY,2026-04-25T03:15:00.000Z,Daily loss 0.0%,True,Daily loss 0.0%,ACCOUNT_STATE
USD/JPY|2026-04-25T03:15:00.000Z,USD/JPY,2026-04-25T03:15:00.000Z,Drawdown 0.0%,True,Drawdown 0.0%,ACCOUNT_STATE
USD/JPY|2026-04-25T03:15:00.000Z,USD/JPY,2026-04-25T03:15:00.000Z,Score 16.9 < 40 threshold,False,Score 16.9 < 40 threshold,REPLAYABLE
USD/JPY|2026-04-25T03:15:00.000Z,USD/JPY,2026-04-25T03:15:00.000Z,SMT veto,True,SMT veto: no opposition detected,REPLAYABLE
USD/JPY|2026-04-25T03:15:00.000Z,USD/JPY,2026-04-25T03:15:00.000Z,R,True,"R:R 1.97 effective (2.01 raw, spread 1p)",REPLAYABLE
USD/JPY|2026-04-25T03:15:00.000Z,USD/JPY,2026-04-25T03:15:00.000Z,No recent trades — cooldown OK,True,No recent trades — cooldown OK,REPLAYABLE
USD/JPY|2026-04-25T03:15:00.000Z,USD/JPY,2026-04-25T03:15:00.000Z,No trade history for consecutive loss check,True,No trade history for consecutive loss check,ACCOUNT_STATE
USD/JPY|2026-04-25T03:15:00.000Z,USD/JPY,2026-04-25T03:15:00.000Z,Daily net P&L $+0.00,True,Daily net P&L $+0.00 (gross loss: $0.00),ACCOUNT_STATE
USD/JPY|2026-04-25T03:15:00.000Z,USD/JPY,2026-04-25T03:15:00.000Z,News filter,True,News filter: env not configured — skipped,ACCOUNT_STATE
USD/JPY|2026-04-25T03:15:00.000Z,USD/JPY,2026-04-25T03:15:00.000Z,FOTSI Gate,True,FOTSI Gate: data unavailable — skipped,REPLAYABLE
USD/JPY|2026-04-25T03:15:00.000Z,USD/JPY,2026-04-25T03:15:00.000Z,No correlated conflicts,True,No correlated conflicts (threshold 0.8),ACCOUNT_STATE
USD/JPY|2026-04-25T03:15:00.000Z,USD/JPY,2026-04-25T03:15:00.000Z,Tier 1 gate FAILED,False,"Tier 1 gate FAILED: only 1 core factors — need at least 3 of: Market Structure, Order Block, Fair Value Gap, Premium/Dis",REPLAYABLE
USD/JPY|2026-04-25T03:15:00.000Z,USD/JPY,2026-04-25T03:15:00.000Z,Regime gate,True,Regime gate: OK,REPLAYABLE
USD/JPY|2026-04-25T03:15:00.000Z,USD/JPY,2026-04-25T03:15:00.000Z,[Info] Spread OK,True,[Info] Spread OK: 0.5% of ATR,REPLAYABLE
NZD/USD|2026-04-26T18:10:00.000Z,NZD/USD,2026-04-26T18:10:00.000Z,[legacy] HTF bias aligned,True,[legacy] HTF bias aligned: Daily ranging,REPLAYABLE
NZD/USD|2026-04-26T18:10:00.000Z,NZD/USD,2026-04-26T18:10:00.000Z,P/D zone OK,True,"P/D zone OK (premium, 64.7% of the 5m 5-swing box 0.58746–0.58831)",REPLAYABLE
NZD/USD|2026-04-26T18:10:00.000Z,NZD/USD,2026-04-26T18:10:00.000Z,Structural Conviction [entry],True,Structural Conviction [entry]: Bear 50% / Bull 0% (S2F 40%),REPLAYABLE
NZD/USD|2026-04-26T18:10:00.000Z,NZD/USD,2026-04-26T18:10:00.000Z,Reaction confirmed in ranging market,True,"Reaction confirmed in ranging market: Liquidity Sweep, AMD Phase",REPLAYABLE
NZD/USD|2026-04-26T18:10:00.000Z,NZD/USD,2026-04-26T18:10:00.000Z,NZD/USD not in enabled instruments,False,NZD/USD not in enabled instruments,REPLAYABLE
NZD/USD|2026-04-26T18:10:00.000Z,NZD/USD,2026-04-26T18:10:00.000Z,0/7 positions,True,0/7 positions,REPLAYABLE
NZD/USD|2026-04-26T18:10:00.000Z,NZD/USD,2026-04-26T18:10:00.000Z,0/1 for NZD/USD,True,0/1 for NZD/USD,REPLAYABLE
NZD/USD|2026-04-26T18:10:00.000Z,NZD/USD,2026-04-26T18:10:00.000Z,Portfolio heat 0.0%,True,Portfolio heat 0.0%,ACCOUNT_STATE
NZD/USD|2026-04-26T18:10:00.000Z,NZD/USD,2026-04-26T18:10:00.000Z,Daily loss 0.0%,True,Daily loss 0.0%,ACCOUNT_STATE
NZD/USD|2026-04-26T18:10:00.000Z,NZD/USD,2026-04-26T18:10:00.000Z,Drawdown 0.0%,True,Drawdown 0.0%,ACCOUNT_STATE
NZD/USD|2026-04-26T18:10:00.000Z,NZD/USD,2026-04-26T18:10:00.000Z,Score 40.8 meets threshold,True,Score 40.8 meets threshold,REPLAYABLE
NZD/USD|2026-04-26T18:10:00.000Z,NZD/USD,2026-04-26T18:10:00.000Z,SMT veto,True,SMT veto: no opposition detected,REPLAYABLE
NZD/USD|2026-04-26T18:10:00.000Z,NZD/USD,2026-04-26T18:10:00.000Z,R,True,"R:R 2.04 effective (2.16 raw, spread 2p)",REPLAYABLE
NZD/USD|2026-04-26T18:10:00.000Z,NZD/USD,2026-04-26T18:10:00.000Z,No recent trades — cooldown OK,True,No recent trades — cooldown OK,REPLAYABLE
NZD/USD|2026-04-26T18:10:00.000Z,NZD/USD,2026-04-26T18:10:00.000Z,No trade history for consecutive loss check,True,No trade history for consecutive loss check,ACCOUNT_STATE
NZD/USD|2026-04-26T18:10:00.000Z,NZD/USD,2026-04-26T18:10:00.000Z,Daily net P&L $+0.00,True,Daily net P&L $+0.00 (gross loss: $0.00),ACCOUNT_STATE
NZD/USD|2026-04-26T18:10:00.000Z,NZD/USD,2026-04-26T18:10:00.000Z,News filter,True,News filter: env not configured — skipped,ACCOUNT_STATE
NZD/USD|2026-04-26T18:10:00.000Z,NZD/USD,2026-04-26T18:10:00.000Z,FOTSI Gate,True,FOTSI Gate: data unavailable — skipped,REPLAYABLE
NZD/USD|2026-04-26T18:10:00.000Z,NZD/USD,2026-04-26T18:10:00.000Z,No correlated conflicts,True,No correlated conflicts (threshold 0.8),ACCOUNT_STATE
NZD/USD|2026-04-26T18:10:00.000Z,NZD/USD,2026-04-26T18:10:00.000Z,Tier 1 gate FAILED,False,"Tier 1 gate FAILED: only 2 core factors — need at least 3 of: Market Structure, Order Block, Fair Value Gap, Premium/Dis",REPLAYABLE
NZD/USD|2026-04-26T18:10:00.000Z,NZD/USD,2026-04-26T18:10:00.000Z,Regime gate,True,Regime gate: OK,REPLAYABLE
NZD/USD|2026-04-26T18:10:00.000Z,NZD/USD,2026-04-26T18:10:00.000Z,[Info] Spread wide,True,[Info] Spread wide (indicative): 87.0% of ATR — info only,REPLAYABLE
AUD/USD|2026-04-27T00:05:00.000Z,AUD/USD,2026-04-27T00:05:00.000Z,[legacy] HTF bias aligned,True,[legacy] HTF bias aligned: Daily ranging,REPLAYABLE
AUD/USD|2026-04-27T00:05:00.000Z,AUD/USD,2026-04-27T00:05:00.000Z,P/D zone OK,True,"P/D zone OK (premium, 83.3% of the 5m 5-swing box 0.71268–0.71489)",REPLAYABLE
AUD/USD|2026-04-27T00:05:00.000Z,AUD/USD,2026-04-27T00:05:00.000Z,Structural Conviction BLOCKED [entry],False,"Structural Conviction BLOCKED [entry]: Bear fractals 0%, S2F 14%, opposite 25% — no structural support for short",REPLAYABLE
AUD/USD|2026-04-27T00:05:00.000Z,AUD/USD,2026-04-27T00:05:00.000Z,Reaction gate skipped,True,Reaction gate skipped: trend is bullish (not ranging),REPLAYABLE
AUD/USD|2026-04-27T00:05:00.000Z,AUD/USD,2026-04-27T00:05:00.000Z,AUD/USD not in enabled instruments,False,AUD/USD not in enabled instruments,REPLAYABLE
AUD/USD|2026-04-27T00:05:00.000Z,AUD/USD,2026-04-27T00:05:00.000Z,0/7 positions,True,0/7 positions,REPLAYABLE
AUD/USD|2026-04-27T00:05:00.000Z,AUD/USD,2026-04-27T00:05:00.000Z,0/1 for AUD/USD,True,0/1 for AUD/USD,REPLAYABLE
AUD/USD|2026-04-27T00:05:00.000Z,AUD/USD,2026-04-27T00:05:00.000Z,Portfolio heat 0.0%,True,Portfolio heat 0.0%,ACCOUNT_STATE
AUD/USD|2026-04-27T00:05:00.000Z,AUD/USD,2026-04-27T00:05:00.000Z,Daily loss 0.0%,True,Daily loss 0.0%,ACCOUNT_STATE
AUD/USD|2026-04-27T00:05:00.000Z,AUD/USD,2026-04-27T00:05:00.000Z,Drawdown 0.0%,True,Drawdown 0.0%,ACCOUNT_STATE
AUD/USD|2026-04-27T00:05:00.000Z,AUD/USD,2026-04-27T00:05:00.000Z,Score 39.6 < 40 threshold,False,Score 39.6 < 40 threshold,REPLAYABLE
AUD/USD|2026-04-27T00:05:00.000Z,AUD/USD,2026-04-27T00:05:00.000Z,SMT veto,True,SMT veto: no opposition detected,REPLAYABLE
AUD/USD|2026-04-27T00:05:00.000Z,AUD/USD,2026-04-27T00:05:00.000Z,R,True,"R:R 2.03 effective (2.12 raw, spread 1.5p)",REPLAYABLE
AUD/USD|2026-04-27T00:05:00.000Z,AUD/USD,2026-04-27T00:05:00.000Z,No recent trades — cooldown OK,True,No recent trades — cooldown OK,REPLAYABLE
AUD/USD|2026-04-27T00:05:00.000Z,AUD/USD,2026-04-27T00:05:00.000Z,No trade history for consecutive loss check,True,No trade history for consecutive loss check,ACCOUNT_STATE
AUD/USD|2026-04-27T00:05:00.000Z,AUD/USD,2026-04-27T00:05:00.000Z,Daily net P&L $+0.00,True,Daily net P&L $+0.00 (gross loss: $0.00),ACCOUNT_STATE
AUD/USD|2026-04-27T00:05:00.000Z,AUD/USD,2026-04-27T00:05:00.000Z,News filter,True,News filter: env not configured — skipped,ACCOUNT_STATE
AUD/USD|2026-04-27T00:05:00.000Z,AUD/USD,2026-04-27T00:05:00.000Z,FOTSI Gate,True,FOTSI Gate: data unavailable — skipped,REPLAYABLE
AUD/USD|2026-04-27T00:05:00.000Z,AUD/USD,2026-04-27T00:05:00.000Z,No correlated conflicts,True,No correlated conflicts (threshold 0.8),ACCOUNT_STATE
AUD/USD|2026-04-27T00:05:00.000Z,AUD/USD,2026-04-27T00:05:00.000Z,Tier 1 gate FAILED,False,"Tier 1 gate FAILED: only 1 core factors — need at least 3 of: Market Structure, Order Block, Fair Value Gap, Premium/Dis",REPLAYABLE
AUD/USD|2026-04-27T00:05:00.000Z,AUD/USD,2026-04-27T00:05:00.000Z,Regime gate,True,Regime gate: OK,REPLAYABLE
AUD/USD|2026-04-27T00:05:00.000Z,AUD/USD,2026-04-27T00:05:00.000Z,[Info] Spread wide,True,[Info] Spread wide (indicative): 73.3% of ATR — info only,REPLAYABLE
USD/CAD|2026-04-28T06:30:00.000Z,USD/CAD,2026-04-28T06:30:00.000Z,[legacy] HTF bias aligned,True,[legacy] HTF bias aligned: Daily bearish,REPLAYABLE
USD/CAD|2026-04-28T06:30:00.000Z,USD/CAD,2026-04-28T06:30:00.000Z,P/D zone OK,True,"P/D zone OK (premium, 89.3% of the 5m 5-swing box 1.36292–1.36404)",REPLAYABLE
USD/CAD|2026-04-28T06:30:00.000Z,USD/CAD,2026-04-28T06:30:00.000Z,Structural Conviction [entry],True,Structural Conviction [entry]: Bear 25% / Bull 40% (S2F 33%),REPLAYABLE
USD/CAD|2026-04-28T06:30:00.000Z,USD/CAD,2026-04-28T06:30:00.000Z,Reaction gate skipped,True,Reaction gate skipped: trend is bullish (not ranging),REPLAYABLE
USD/CAD|2026-04-28T06:30:00.000Z,USD/CAD,2026-04-28T06:30:00.000Z,USD/CAD not in enabled instruments,False,USD/CAD not in enabled instruments,REPLAYABLE
USD/CAD|2026-04-28T06:30:00.000Z,USD/CAD,2026-04-28T06:30:00.000Z,0/7 positions,True,0/7 positions,REPLAYABLE
USD/CAD|2026-04-28T06:30:00.000Z,USD/CAD,2026-04-28T06:30:00.000Z,0/1 for USD/CAD,True,0/1 for USD/CAD,REPLAYABLE
USD/CAD|2026-04-28T06:30:00.000Z,USD/CAD,2026-04-28T06:30:00.000Z,Portfolio heat 0.0%,True,Portfolio heat 0.0%,ACCOUNT_STATE
USD/CAD|2026-04-28T06:30:00.000Z,USD/CAD,2026-04-28T06:30:00.000Z,Daily loss 0.0%,True,Daily loss 0.0%,ACCOUNT_STATE
USD/CAD|2026-04-28T06:30:00.000Z,USD/CAD,2026-04-28T06:30:00.000Z,Drawdown 0.0%,True,Drawdown 0.0%,ACCOUNT_STATE
USD/CAD|2026-04-28T06:30:00.000Z,USD/CAD,2026-04-28T06:30:00.000Z,Score 39.6 < 40 threshold,False,Score 39.6 < 40 threshold,REPLAYABLE
USD/CAD|2026-04-28T06:30:00.000Z,USD/CAD,2026-04-28T06:30:00.000Z,SMT veto,True,SMT veto: no opposition detected,REPLAYABLE
USD/CAD|2026-04-28T06:30:00.000Z,USD/CAD,2026-04-28T06:30:00.000Z,R,True,"R:R 2.13 effective (2.22 raw, spread 1.5p)",REPLAYABLE
USD/CAD|2026-04-28T06:30:00.000Z,USD/CAD,2026-04-28T06:30:00.000Z,No recent trades — cooldown OK,True,No recent trades — cooldown OK,REPLAYABLE
USD/CAD|2026-04-28T06:30:00.000Z,USD/CAD,2026-04-28T06:30:00.000Z,No trade history for consecutive loss check,True,No trade history for consecutive loss check,ACCOUNT_STATE
USD/CAD|2026-04-28T06:30:00.000Z,USD/CAD,2026-04-28T06:30:00.000Z,Daily net P&L $+0.00,True,Daily net P&L $+0.00 (gross loss: $0.00),ACCOUNT_STATE
USD/CAD|2026-04-28T06:30:00.000Z,USD/CAD,2026-04-28T06:30:00.000Z,News filter,True,News filter: env not configured — skipped,ACCOUNT_STATE
USD/CAD|2026-04-28T06:30:00.000Z,USD/CAD,2026-04-28T06:30:00.000Z,FOTSI Gate,True,FOTSI Gate: data unavailable — skipped,REPLAYABLE
USD/CAD|2026-04-28T06:30:00.000Z,USD/CAD,2026-04-28T06:30:00.000Z,No correlated conflicts,True,No correlated conflicts (threshold 0.8),ACCOUNT_STATE
USD/CAD|2026-04-28T06:30:00.000Z,USD/CAD,2026-04-28T06:30:00.000Z,Tier 1 gate FAILED,False,"Tier 1 gate FAILED: only 2 core factors — need at least 3 of: Market Structure, Order Block, Fair Value Gap, Premium/Dis",REPLAYABLE
USD/CAD|2026-04-28T06:30:00.000Z,USD/CAD,2026-04-28T06:30:00.000Z,Regime gate,True,Regime gate: OK,REPLAYABLE
USD/CAD|2026-04-28T06:30:00.000Z,USD/CAD,2026-04-28T06:30:00.000Z,[Info] Spread wide,True,[Info] Spread wide (indicative): 39.3% of ATR — info only,REPLAYABLE
NZD/USD|2026-04-28T07:55:00.000Z,NZD/USD,2026-04-28T07:55:00.000Z,[legacy] HTF bias aligned,True,[legacy] HTF bias aligned: Daily ranging,REPLAYABLE
NZD/USD|2026-04-28T07:55:00.000Z,NZD/USD,2026-04-28T07:55:00.000Z,P/D zone OK,True,"P/D zone OK (discount, 42.1% of the 5m 5-swing box 0.58827–0.59029)",REPLAYABLE
NZD/USD|2026-04-28T07:55:00.000Z,NZD/USD,2026-04-28T07:55:00.000Z,Structural Conviction BLOCKED [entry],False,Structural Conviction BLOCKED [entry]: Bull fractals 0% vs opposite 67% — structure opposes long,REPLAYABLE
NZD/USD|2026-04-28T07:55:00.000Z,NZD/USD,2026-04-28T07:55:00.000Z,Reaction gate skipped,True,Reaction gate skipped: trend is bearish (not ranging),REPLAYABLE
NZD/USD|2026-04-28T07:55:00.000Z,NZD/USD,2026-04-28T07:55:00.000Z,NZD/USD not in enabled instruments,False,NZD/USD not in enabled instruments,REPLAYABLE
NZD/USD|2026-04-28T07:55:00.000Z,NZD/USD,2026-04-28T07:55:00.000Z,0/7 positions,True,0/7 positions,REPLAYABLE
NZD/USD|2026-04-28T07:55:00.000Z,NZD/USD,2026-04-28T07:55:00.000Z,0/1 for NZD/USD,True,0/1 for NZD/USD,REPLAYABLE
NZD/USD|2026-04-28T07:55:00.000Z,NZD/USD,2026-04-28T07:55:00.000Z,Portfolio heat 0.0%,True,Portfolio heat 0.0%,ACCOUNT_STATE
NZD/USD|2026-04-28T07:55:00.000Z,NZD/USD,2026-04-28T07:55:00.000Z,Daily loss 0.0%,True,Daily loss 0.0%,ACCOUNT_STATE
NZD/USD|2026-04-28T07:55:00.000Z,NZD/USD,2026-04-28T07:55:00.000Z,Drawdown 0.0%,True,Drawdown 0.0%,ACCOUNT_STATE
NZD/USD|2026-04-28T07:55:00.000Z,NZD/USD,2026-04-28T07:55:00.000Z,Score 39.6 < 40 threshold,False,Score 39.6 < 40 threshold,REPLAYABLE
NZD/USD|2026-04-28T07:55:00.000Z,NZD/USD,2026-04-28T07:55:00.000Z,SMT veto,True,SMT veto: no opposition detected,REPLAYABLE
NZD/USD|2026-04-28T07:55:00.000Z,NZD/USD,2026-04-28T07:55:00.000Z,R,True,"R:R 2.19 effective (2.31 raw, spread 2p)",REPLAYABLE
NZD/USD|2026-04-28T07:55:00.000Z,NZD/USD,2026-04-28T07:55:00.000Z,No recent trades — cooldown OK,True,No recent trades — cooldown OK,REPLAYABLE
NZD/USD|2026-04-28T07:55:00.000Z,NZD/USD,2026-04-28T07:55:00.000Z,No trade history for consecutive loss check,True,No trade history for consecutive loss check,ACCOUNT_STATE
NZD/USD|2026-04-28T07:55:00.000Z,NZD/USD,2026-04-28T07:55:00.000Z,Daily net P&L $+0.00,True,Daily net P&L $+0.00 (gross loss: $0.00),ACCOUNT_STATE
NZD/USD|2026-04-28T07:55:00.000Z,NZD/USD,2026-04-28T07:55:00.000Z,News filter,True,News filter: env not configured — skipped,ACCOUNT_STATE
NZD/USD|2026-04-28T07:55:00.000Z,NZD/USD,2026-04-28T07:55:00.000Z,FOTSI Gate,True,FOTSI Gate: data unavailable — skipped,REPLAYABLE
NZD/USD|2026-04-28T07:55:00.000Z,NZD/USD,2026-04-28T07:55:00.000Z,No correlated conflicts,True,No correlated conflicts (threshold 0.8),ACCOUNT_STATE
NZD/USD|2026-04-28T07:55:00.000Z,NZD/USD,2026-04-28T07:55:00.000Z,Tier 1 gate FAILED,False,"Tier 1 gate FAILED: only 2 core factors — need at least 3 of: Market Structure, Order Block, Fair Value Gap, Premium/Dis",REPLAYABLE
NZD/USD|2026-04-28T07:55:00.000Z,NZD/USD,2026-04-28T07:55:00.000Z,Regime gate,True,Regime gate: OK,REPLAYABLE
NZD/USD|2026-04-28T07:55:00.000Z,NZD/USD,2026-04-28T07:55:00.000Z,[Info] Spread wide,True,[Info] Spread wide (indicative): 36.8% of ATR — info only,REPLAYABLE
USD/JPY|2026-04-28T16:00:00.000Z,USD/JPY,2026-04-28T16:00:00.000Z,[legacy] HTF bias aligned,True,[legacy] HTF bias aligned: Daily ranging,REPLAYABLE
USD/JPY|2026-04-28T16:00:00.000Z,USD/JPY,2026-04-28T16:00:00.000Z,P/D zone OK,True,"P/D zone OK (discount, 32.4% of the 5m 5-swing box 159.445–159.746)",REPLAYABLE
USD/JPY|2026-04-28T16:00:00.000Z,USD/JPY,2026-04-28T16:00:00.000Z,Structural Conviction [entry],True,Structural Conviction [entry]: Bull 40% / Bear 0% (S2F 22%),REPLAYABLE
USD/JPY|2026-04-28T16:00:00.000Z,USD/JPY,2026-04-28T16:00:00.000Z,Reaction confirmed in ranging market,True,"Reaction confirmed in ranging market: Liquidity Sweep, AMD Phase",REPLAYABLE
USD/JPY|2026-04-28T16:00:00.000Z,USD/JPY,2026-04-28T16:00:00.000Z,USD/JPY enabled,True,USD/JPY enabled,REPLAYABLE
USD/JPY|2026-04-28T16:00:00.000Z,USD/JPY,2026-04-28T16:00:00.000Z,0/7 positions,True,0/7 positions,REPLAYABLE
USD/JPY|2026-04-28T16:00:00.000Z,USD/JPY,2026-04-28T16:00:00.000Z,0/1 for USD/JPY,True,0/1 for USD/JPY,REPLAYABLE
USD/JPY|2026-04-28T16:00:00.000Z,USD/JPY,2026-04-28T16:00:00.000Z,Portfolio heat 0.0%,True,Portfolio heat 0.0%,ACCOUNT_STATE
USD/JPY|2026-04-28T16:00:00.000Z,USD/JPY,2026-04-28T16:00:00.000Z,Daily loss 0.0%,True,Daily loss 0.0%,ACCOUNT_STATE
USD/JPY|2026-04-28T16:00:00.000Z,USD/JPY,2026-04-28T16:00:00.000Z,Drawdown 0.0%,True,Drawdown 0.0%,ACCOUNT_STATE
USD/JPY|2026-04-28T16:00:00.000Z,USD/JPY,2026-04-28T16:00:00.000Z,Score 41.2 meets threshold,True,Score 41.2 meets threshold,REPLAYABLE
USD/JPY|2026-04-28T16:00:00.000Z,USD/JPY,2026-04-28T16:00:00.000Z,SMT veto,True,SMT veto: no opposition detected,REPLAYABLE
USD/JPY|2026-04-28T16:00:00.000Z,USD/JPY,2026-04-28T16:00:00.000Z,R,True,"R:R 2.04 effective (2.06 raw, spread 1p)",REPLAYABLE
USD/JPY|2026-04-28T16:00:00.000Z,USD/JPY,2026-04-28T16:00:00.000Z,No recent trades — cooldown OK,True,No recent trades — cooldown OK,REPLAYABLE
USD/JPY|2026-04-28T16:00:00.000Z,USD/JPY,2026-04-28T16:00:00.000Z,No trade history for consecutive loss check,True,No trade history for consecutive loss check,ACCOUNT_STATE
USD/JPY|2026-04-28T16:00:00.000Z,USD/JPY,2026-04-28T16:00:00.000Z,Daily net P&L $+0.00,True,Daily net P&L $+0.00 (gross loss: $0.00),ACCOUNT_STATE
USD/JPY|2026-04-28T16:00:00.000Z,USD/JPY,2026-04-28T16:00:00.000Z,News filter,True,News filter: env not configured — skipped,ACCOUNT_STATE
USD/JPY|2026-04-28T16:00:00.000Z,USD/JPY,2026-04-28T16:00:00.000Z,FOTSI Gate,True,FOTSI Gate: data unavailable — skipped,REPLAYABLE
USD/JPY|2026-04-28T16:00:00.000Z,USD/JPY,2026-04-28T16:00:00.000Z,No correlated conflicts,True,No correlated conflicts (threshold 0.8),ACCOUNT_STATE
USD/JPY|2026-04-28T16:00:00.000Z,USD/JPY,2026-04-28T16:00:00.000Z,Tier 1 gate FAILED,False,"Tier 1 gate FAILED: only 2 core factors — need at least 3 of: Market Structure, Order Block, Fair Value Gap, Premium/Dis",REPLAYABLE
USD/JPY|2026-04-28T16:00:00.000Z,USD/JPY,2026-04-28T16:00:00.000Z,Regime gate,True,Regime gate: OK,REPLAYABLE
USD/JPY|2026-04-28T16:00:00.000Z,USD/JPY,2026-04-28T16:00:00.000Z,[Info] Spread OK,True,[Info] Spread OK: 0.2% of ATR,REPLAYABLE
USD/CAD|2026-04-28T16:55:00.000Z,USD/CAD,2026-04-28T16:55:00.000Z,[legacy] HTF bias aligned,True,[legacy] HTF bias aligned: Daily bearish,REPLAYABLE
USD/CAD|2026-04-28T16:55:00.000Z,USD/CAD,2026-04-28T16:55:00.000Z,P/D zone OK,True,"P/D zone OK (premium, 70.6% of the 5m 5-swing box 1.36607–1.36917)",REPLAYABLE
USD/CAD|2026-04-28T16:55:00.000Z,USD/CAD,2026-04-28T16:55:00.000Z,Structural Conviction BLOCKED [entry],False,"Structural Conviction BLOCKED [entry]: Bear fractals 0%, S2F 14%, opposite 25% — no structural support for short",REPLAYABLE
USD/CAD|2026-04-28T16:55:00.000Z,USD/CAD,2026-04-28T16:55:00.000Z,Reaction gate skipped,True,Reaction gate skipped: trend is bearish (not ranging),REPLAYABLE
USD/CAD|2026-04-28T16:55:00.000Z,USD/CAD,2026-04-28T16:55:00.000Z,USD/CAD not in enabled instruments,False,USD/CAD not in enabled instruments,REPLAYABLE
USD/CAD|2026-04-28T16:55:00.000Z,USD/CAD,2026-04-28T16:55:00.000Z,0/7 positions,True,0/7 positions,REPLAYABLE
USD/CAD|2026-04-28T16:55:00.000Z,USD/CAD,2026-04-28T16:55:00.000Z,0/1 for USD/CAD,True,0/1 for USD/CAD,REPLAYABLE
USD/CAD|2026-04-28T16:55:00.000Z,USD/CAD,2026-04-28T16:55:00.000Z,Portfolio heat 0.0%,True,Portfolio heat 0.0%,ACCOUNT_STATE
USD/CAD|2026-04-28T16:55:00.000Z,USD/CAD,2026-04-28T16:55:00.000Z,Daily loss 0.0%,True,Daily loss 0.0%,ACCOUNT_STATE
USD/CAD|2026-04-28T16:55:00.000Z,USD/CAD,2026-04-28T16:55:00.000Z,Drawdown 0.0%,True,Drawdown 0.0%,ACCOUNT_STATE
USD/CAD|2026-04-28T16:55:00.000Z,USD/CAD,2026-04-28T16:55:00.000Z,Score 37.5 < 40 threshold,False,Score 37.5 < 40 threshold,REPLAYABLE
USD/CAD|2026-04-28T16:55:00.000Z,USD/CAD,2026-04-28T16:55:00.000Z,SMT veto,True,SMT veto: no opposition detected,REPLAYABLE
USD/CAD|2026-04-28T16:55:00.000Z,USD/CAD,2026-04-28T16:55:00.000Z,R,True,"R:R 2.13 effective (2.21 raw, spread 1.5p)",REPLAYABLE
USD/CAD|2026-04-28T16:55:00.000Z,USD/CAD,2026-04-28T16:55:00.000Z,No recent trades — cooldown OK,True,No recent trades — cooldown OK,REPLAYABLE
USD/CAD|2026-04-28T16:55:00.000Z,USD/CAD,2026-04-28T16:55:00.000Z,No trade history for consecutive loss check,True,No trade history for consecutive loss check,ACCOUNT_STATE
USD/CAD|2026-04-28T16:55:00.000Z,USD/CAD,2026-04-28T16:55:00.000Z,Daily net P&L $+0.00,True,Daily net P&L $+0.00 (gross loss: $0.00),ACCOUNT_STATE
USD/CAD|2026-04-28T16:55:00.000Z,USD/CAD,2026-04-28T16:55:00.000Z,News filter,True,News filter: env not configured — skipped,ACCOUNT_STATE
USD/CAD|2026-04-28T16:55:00.000Z,USD/CAD,2026-04-28T16:55:00.000Z,FOTSI Gate,True,FOTSI Gate: data unavailable — skipped,REPLAYABLE
USD/CAD|2026-04-28T16:55:00.000Z,USD/CAD,2026-04-28T16:55:00.000Z,No correlated conflicts,True,No correlated conflicts (threshold 0.8),ACCOUNT_STATE
USD/CAD|2026-04-28T16:55:00.000Z,USD/CAD,2026-04-28T16:55:00.000Z,Tier 1 gate FAILED,False,"Tier 1 gate FAILED: only 2 core factors — need at least 3 of: Market Structure, Order Block, Fair Value Gap, Premium/Dis",REPLAYABLE
USD/CAD|2026-04-28T16:55:00.000Z,USD/CAD,2026-04-28T16:55:00.000Z,Regime gate,True,Regime gate: OK,REPLAYABLE
USD/CAD|2026-04-28T16:55:00.000Z,USD/CAD,2026-04-28T16:55:00.000Z,[Info] Spread wide,True,[Info] Spread wide (indicative): 36.6% of ATR — info only,REPLAYABLE
GBP/USD|2026-04-28T17:50:00.000Z,GBP/USD,2026-04-28T17:50:00.000Z,[legacy] HTF bias mismatch,False,"[legacy] HTF bias mismatch: Daily is bullish, entry is bearish",REPLAYABLE
GBP/USD|2026-04-28T17:50:00.000Z,GBP/USD,2026-04-28T17:50:00.000Z,P/D zone OK,True,"P/D zone OK (premium, 100.0% of the 5m 5-swing box 1.34886–1.35133) — price is OUTSIDE that range (raw 129.6%)",REPLAYABLE
GBP/USD|2026-04-28T17:50:00.000Z,GBP/USD,2026-04-28T17:50:00.000Z,Structural Conviction BLOCKED [entry],False,"Structural Conviction BLOCKED [entry]: Bear fractals 0%, S2F 13%, opposite 33% — no structural support for short",REPLAYABLE
GBP/USD|2026-04-28T17:50:00.000Z,GBP/USD,2026-04-28T17:50:00.000Z,Reaction gate skipped,True,Reaction gate skipped: trend is bullish (not ranging),REPLAYABLE
GBP/USD|2026-04-28T17:50:00.000Z,GBP/USD,2026-04-28T17:50:00.000Z,GBP/USD enabled,True,GBP/USD enabled,REPLAYABLE
GBP/USD|2026-04-28T17:50:00.000Z,GBP/USD,2026-04-28T17:50:00.000Z,0/7 positions,True,0/7 positions,REPLAYABLE
GBP/USD|2026-04-28T17:50:00.000Z,GBP/USD,2026-04-28T17:50:00.000Z,0/1 for GBP/USD,True,0/1 for GBP/USD,REPLAYABLE
GBP/USD|2026-04-28T17:50:00.000Z,GBP/USD,2026-04-28T17:50:00.000Z,Portfolio heat 0.0%,True,Portfolio heat 0.0%,ACCOUNT_STATE
GBP/USD|2026-04-28T17:50:00.000Z,GBP/USD,2026-04-28T17:50:00.000Z,Daily loss 0.0%,True,Daily loss 0.0%,ACCOUNT_STATE
GBP/USD|2026-04-28T17:50:00.000Z,GBP/USD,2026-04-28T17:50:00.000Z,Drawdown 0.0%,True,Drawdown 0.0%,ACCOUNT_STATE
GBP/USD|2026-04-28T17:50:00.000Z,GBP/USD,2026-04-28T17:50:00.000Z,Score 41.7 meets threshold,True,Score 41.7 meets threshold,REPLAYABLE
GBP/USD|2026-04-28T17:50:00.000Z,GBP/USD,2026-04-28T17:50:00.000Z,SMT veto,True,SMT veto: no opposition detected,REPLAYABLE
GBP/USD|2026-04-28T17:50:00.000Z,GBP/USD,2026-04-28T17:50:00.000Z,R,True,"R:R 2.11 effective (2.17 raw, spread 1.5p)",REPLAYABLE
GBP/USD|2026-04-28T17:50:00.000Z,GBP/USD,2026-04-28T17:50:00.000Z,No recent trades — cooldown OK,True,No recent trades — cooldown OK,REPLAYABLE
GBP/USD|2026-04-28T17:50:00.000Z,GBP/USD,2026-04-28T17:50:00.000Z,No trade history for consecutive loss check,True,No trade history for consecutive loss check,ACCOUNT_STATE
GBP/USD|2026-04-28T17:50:00.000Z,GBP/USD,2026-04-28T17:50:00.000Z,Daily net P&L $+0.00,True,Daily net P&L $+0.00 (gross loss: $0.00),ACCOUNT_STATE
GBP/USD|2026-04-28T17:50:00.000Z,GBP/USD,2026-04-28T17:50:00.000Z,News filter,True,News filter: env not configured — skipped,ACCOUNT_STATE
GBP/USD|2026-04-28T17:50:00.000Z,GBP/USD,2026-04-28T17:50:00.000Z,FOTSI Gate,True,FOTSI Gate: data unavailable — skipped,REPLAYABLE
GBP/USD|2026-04-28T17:50:00.000Z,GBP/USD,2026-04-28T17:50:00.000Z,No correlated conflicts,True,No correlated conflicts (threshold 0.8),ACCOUNT_STATE
GBP/USD|2026-04-28T17:50:00.000Z,GBP/USD,2026-04-28T17:50:00.000Z,Tier 1 gate FAILED,False,"Tier 1 gate FAILED: only 1 core factors — need at least 3 of: Market Structure, Order Block, Fair Value Gap, Premium/Dis",REPLAYABLE
GBP/USD|2026-04-28T17:50:00.000Z,GBP/USD,2026-04-28T17:50:00.000Z,Regime gate,True,Regime gate: OK,REPLAYABLE
GBP/USD|2026-04-28T17:50:00.000Z,GBP/USD,2026-04-28T17:50:00.000Z,[Info] Spread wide,True,[Info] Spread wide (indicative): 36.5% of ATR — info only,REPLAYABLE
NZD/USD|2026-04-28T21:10:00.000Z,NZD/USD,2026-04-28T21:10:00.000Z,[legacy] HTF bias aligned,True,[legacy] HTF bias aligned: Daily ranging,REPLAYABLE
NZD/USD|2026-04-28T21:10:00.000Z,NZD/USD,2026-04-28T21:10:00.000Z,P/D zone OK,True,"P/D zone OK (discount, 40.9% of the 5m 5-swing box 0.58719–0.58900)",REPLAYABLE
NZD/USD|2026-04-28T21:10:00.000Z,NZD/USD,2026-04-28T21:10:00.000Z,Structural Conviction BLOCKED [entry],False,"Structural Conviction BLOCKED [entry]: Bull fractals 0%, S2F 17%, opposite 33% — no structural support for long",REPLAYABLE
NZD/USD|2026-04-28T21:10:00.000Z,NZD/USD,2026-04-28T21:10:00.000Z,Reaction gate skipped,True,Reaction gate skipped: trend is bearish (not ranging),REPLAYABLE
NZD/USD|2026-04-28T21:10:00.000Z,NZD/USD,2026-04-28T21:10:00.000Z,NZD/USD not in enabled instruments,False,NZD/USD not in enabled instruments,REPLAYABLE
NZD/USD|2026-04-28T21:10:00.000Z,NZD/USD,2026-04-28T21:10:00.000Z,0/7 positions,True,0/7 positions,REPLAYABLE
NZD/USD|2026-04-28T21:10:00.000Z,NZD/USD,2026-04-28T21:10:00.000Z,0/1 for NZD/USD,True,0/1 for NZD/USD,REPLAYABLE
NZD/USD|2026-04-28T21:10:00.000Z,NZD/USD,2026-04-28T21:10:00.000Z,Portfolio heat 0.0%,True,Portfolio heat 0.0%,ACCOUNT_STATE
NZD/USD|2026-04-28T21:10:00.000Z,NZD/USD,2026-04-28T21:10:00.000Z,Daily loss 0.0%,True,Daily loss 0.0%,ACCOUNT_STATE
NZD/USD|2026-04-28T21:10:00.000Z,NZD/USD,2026-04-28T21:10:00.000Z,Drawdown 0.0%,True,Drawdown 0.0%,ACCOUNT_STATE
NZD/USD|2026-04-28T21:10:00.000Z,NZD/USD,2026-04-28T21:10:00.000Z,Score 35.4 < 40 threshold,False,Score 35.4 < 40 threshold,REPLAYABLE
NZD/USD|2026-04-28T21:10:00.000Z,NZD/USD,2026-04-28T21:10:00.000Z,SMT veto,True,SMT veto: no opposition detected,REPLAYABLE
NZD/USD|2026-04-28T21:10:00.000Z,NZD/USD,2026-04-28T21:10:00.000Z,R,True,"R:R 2.19 effective (2.31 raw, spread 2p)",REPLAYABLE
NZD/USD|2026-04-28T21:10:00.000Z,NZD/USD,2026-04-28T21:10:00.000Z,No recent trades — cooldown OK,True,No recent trades — cooldown OK,REPLAYABLE
NZD/USD|2026-04-28T21:10:00.000Z,NZD/USD,2026-04-28T21:10:00.000Z,No trade history for consecutive loss check,True,No trade history for consecutive loss check,ACCOUNT_STATE
NZD/USD|2026-04-28T21:10:00.000Z,NZD/USD,2026-04-28T21:10:00.000Z,Daily net P&L $+0.00,True,Daily net P&L $+0.00 (gross loss: $0.00),ACCOUNT_STATE
NZD/USD|2026-04-28T21:10:00.000Z,NZD/USD,2026-04-28T21:10:00.000Z,News filter,True,News filter: env not configured — skipped,ACCOUNT_STATE
NZD/USD|2026-04-28T21:10:00.000Z,NZD/USD,2026-04-28T21:10:00.000Z,FOTSI Gate,True,FOTSI Gate: data unavailable — skipped,REPLAYABLE
NZD/USD|2026-04-28T21:10:00.000Z,NZD/USD,2026-04-28T21:10:00.000Z,No correlated conflicts,True,No correlated conflicts (threshold 0.8),ACCOUNT_STATE
NZD/USD|2026-04-28T21:10:00.000Z,NZD/USD,2026-04-28T21:10:00.000Z,Tier 1 gate FAILED,False,"Tier 1 gate FAILED: only 1 core factors — need at least 3 of: Market Structure, Order Block, Fair Value Gap, Premium/Dis",REPLAYABLE
NZD/USD|2026-04-28T21:10:00.000Z,NZD/USD,2026-04-28T21:10:00.000Z,Regime gate,True,Regime gate: OK,REPLAYABLE
NZD/USD|2026-04-28T21:10:00.000Z,NZD/USD,2026-04-28T21:10:00.000Z,[Info] Spread wide,True,[Info] Spread wide (indicative): 68.6% of ATR — info only,REPLAYABLE
AUD/USD|2026-04-29T03:10:00.000Z,AUD/USD,2026-04-29T03:10:00.000Z,[legacy] HTF bias mismatch,False,"[legacy] HTF bias mismatch: Daily is bearish, entry is bullish",REPLAYABLE
AUD/USD|2026-04-29T03:10:00.000Z,AUD/USD,2026-04-29T03:10:00.000Z,P/D zone OK,True,"P/D zone OK (discount, 0.0% of the 5m 5-swing box 0.71673–0.71893) — price is OUTSIDE that range (raw -11.8%)",REPLAYABLE
AUD/USD|2026-04-29T03:10:00.000Z,AUD/USD,2026-04-29T03:10:00.000Z,Structural Conviction BLOCKED [entry],False,"Structural Conviction BLOCKED [entry]: Bull fractals 0%, S2F 33%, opposite 67% — no structural support for long",REPLAYABLE
AUD/USD|2026-04-29T03:10:00.000Z,AUD/USD,2026-04-29T03:10:00.000Z,Reaction gate skipped,True,Reaction gate skipped: trend is bearish (not ranging),REPLAYABLE
AUD/USD|2026-04-29T03:10:00.000Z,AUD/USD,2026-04-29T03:10:00.000Z,AUD/USD not in enabled instruments,False,AUD/USD not in enabled instruments,REPLAYABLE
AUD/USD|2026-04-29T03:10:00.000Z,AUD/USD,2026-04-29T03:10:00.000Z,0/7 positions,True,0/7 positions,REPLAYABLE
AUD/USD|2026-04-29T03:10:00.000Z,AUD/USD,2026-04-29T03:10:00.000Z,0/1 for AUD/USD,True,0/1 for AUD/USD,REPLAYABLE
AUD/USD|2026-04-29T03:10:00.000Z,AUD/USD,2026-04-29T03:10:00.000Z,Portfolio heat 0.0%,True,Portfolio heat 0.0%,ACCOUNT_STATE
AUD/USD|2026-04-29T03:10:00.000Z,AUD/USD,2026-04-29T03:10:00.000Z,Daily loss 0.0%,True,Daily loss 0.0%,ACCOUNT_STATE
AUD/USD|2026-04-29T03:10:00.000Z,AUD/USD,2026-04-29T03:10:00.000Z,Drawdown 0.0%,True,Drawdown 0.0%,ACCOUNT_STATE
AUD/USD|2026-04-29T03:10:00.000Z,AUD/USD,2026-04-29T03:10:00.000Z,Score 40.6 meets threshold,True,Score 40.6 meets threshold,REPLAYABLE
AUD/USD|2026-04-29T03:10:00.000Z,AUD/USD,2026-04-29T03:10:00.000Z,SMT veto,True,SMT veto: no opposition detected,REPLAYABLE
AUD/USD|2026-04-29T03:10:00.000Z,AUD/USD,2026-04-29T03:10:00.000Z,R,True,"R:R 2.16 effective (2.25 raw, spread 1.5p)",REPLAYABLE
AUD/USD|2026-04-29T03:10:00.000Z,AUD/USD,2026-04-29T03:10:00.000Z,No recent trades — cooldown OK,True,No recent trades — cooldown OK,REPLAYABLE
AUD/USD|2026-04-29T03:10:00.000Z,AUD/USD,2026-04-29T03:10:00.000Z,No trade history for consecutive loss check,True,No trade history for consecutive loss check,ACCOUNT_STATE
AUD/USD|2026-04-29T03:10:00.000Z,AUD/USD,2026-04-29T03:10:00.000Z,Daily net P&L $+0.00,True,Daily net P&L $+0.00 (gross loss: $0.00),ACCOUNT_STATE
AUD/USD|2026-04-29T03:10:00.000Z,AUD/USD,2026-04-29T03:10:00.000Z,News filter,True,News filter: env not configured — skipped,ACCOUNT_STATE
AUD/USD|2026-04-29T03:10:00.000Z,AUD/USD,2026-04-29T03:10:00.000Z,FOTSI Gate,True,FOTSI Gate: data unavailable — skipped,REPLAYABLE
AUD/USD|2026-04-29T03:10:00.000Z,AUD/USD,2026-04-29T03:10:00.000Z,No correlated conflicts,True,No correlated conflicts (threshold 0.8),ACCOUNT_STATE
AUD/USD|2026-04-29T03:10:00.000Z,AUD/USD,2026-04-29T03:10:00.000Z,Tier 1 gate FAILED,False,"Tier 1 gate FAILED: only 1 core factors — need at least 3 of: Market Structure, Order Block, Fair Value Gap, Premium/Dis",REPLAYABLE
AUD/USD|2026-04-29T03:10:00.000Z,AUD/USD,2026-04-29T03:10:00.000Z,Regime gate,True,Regime gate: OK,REPLAYABLE
AUD/USD|2026-04-29T03:10:00.000Z,AUD/USD,2026-04-29T03:10:00.000Z,[Info] Spread wide,True,[Info] Spread wide (indicative): 32.1% of ATR — info only,REPLAYABLE
EUR/USD|2026-04-29T07:55:00.000Z,EUR/USD,2026-04-29T07:55:00.000Z,[legacy] HTF bias mismatch,False,"[legacy] HTF bias mismatch: Daily is bullish, entry is bearish",REPLAYABLE
EUR/USD|2026-04-29T07:55:00.000Z,EUR/USD,2026-04-29T07:55:00.000Z,P/D zone OK,True,"P/D zone OK (premium, 79.1% of the 5m 5-swing box 1.16968–1.17107)",REPLAYABLE
EUR/USD|2026-04-29T07:55:00.000Z,EUR/USD,2026-04-29T07:55:00.000Z,Structural Conviction [entry],True,Structural Conviction [entry]: Bear 50% / Bull 25% (S2F 38%),REPLAYABLE
EUR/USD|2026-04-29T07:55:00.000Z,EUR/USD,2026-04-29T07:55:00.000Z,Reaction gate skipped,True,Reaction gate skipped: trend is bullish (not ranging),REPLAYABLE
EUR/USD|2026-04-29T07:55:00.000Z,EUR/USD,2026-04-29T07:55:00.000Z,EUR/USD enabled,True,EUR/USD enabled,REPLAYABLE
EUR/USD|2026-04-29T07:55:00.000Z,EUR/USD,2026-04-29T07:55:00.000Z,0/7 positions,True,0/7 positions,REPLAYABLE
EUR/USD|2026-04-29T07:55:00.000Z,EUR/USD,2026-04-29T07:55:00.000Z,0/1 for EUR/USD,True,0/1 for EUR/USD,REPLAYABLE
EUR/USD|2026-04-29T07:55:00.000Z,EUR/USD,2026-04-29T07:55:00.000Z,Portfolio heat 0.0%,True,Portfolio heat 0.0%,ACCOUNT_STATE
EUR/USD|2026-04-29T07:55:00.000Z,EUR/USD,2026-04-29T07:55:00.000Z,Daily loss 0.0%,True,Daily loss 0.0%,ACCOUNT_STATE
EUR/USD|2026-04-29T07:55:00.000Z,EUR/USD,2026-04-29T07:55:00.000Z,Drawdown 0.0%,True,Drawdown 0.0%,ACCOUNT_STATE
EUR/USD|2026-04-29T07:55:00.000Z,EUR/USD,2026-04-29T07:55:00.000Z,Score 31.3 < 40 threshold,False,Score 31.3 < 40 threshold,REPLAYABLE
EUR/USD|2026-04-29T07:55:00.000Z,EUR/USD,2026-04-29T07:55:00.000Z,SMT veto,True,SMT veto: no opposition detected,REPLAYABLE
EUR/USD|2026-04-29T07:55:00.000Z,EUR/USD,2026-04-29T07:55:00.000Z,R,True,"R:R 2.07 effective (2.13 raw, spread 1p)",REPLAYABLE
EUR/USD|2026-04-29T07:55:00.000Z,EUR/USD,2026-04-29T07:55:00.000Z,No recent trades — cooldown OK,True,No recent trades — cooldown OK,REPLAYABLE
EUR/USD|2026-04-29T07:55:00.000Z,EUR/USD,2026-04-29T07:55:00.000Z,No trade history for consecutive loss check,True,No trade history for consecutive loss check,ACCOUNT_STATE
EUR/USD|2026-04-29T07:55:00.000Z,EUR/USD,2026-04-29T07:55:00.000Z,Daily net P&L $+0.00,True,Daily net P&L $+0.00 (gross loss: $0.00),ACCOUNT_STATE
EUR/USD|2026-04-29T07:55:00.000Z,EUR/USD,2026-04-29T07:55:00.000Z,News filter,True,News filter: env not configured — skipped,ACCOUNT_STATE
EUR/USD|2026-04-29T07:55:00.000Z,EUR/USD,2026-04-29T07:55:00.000Z,FOTSI Gate,True,FOTSI Gate: data unavailable — skipped,REPLAYABLE
EUR/USD|2026-04-29T07:55:00.000Z,EUR/USD,2026-04-29T07:55:00.000Z,No correlated conflicts,True,No correlated conflicts (threshold 0.8),ACCOUNT_STATE
EUR/USD|2026-04-29T07:55:00.000Z,EUR/USD,2026-04-29T07:55:00.000Z,Tier 1 gate FAILED,False,"Tier 1 gate FAILED: only 1 core factors — need at least 3 of: Market Structure, Order Block, Fair Value Gap, Premium/Dis",REPLAYABLE
EUR/USD|2026-04-29T07:55:00.000Z,EUR/USD,2026-04-29T07:55:00.000Z,Regime gate,True,Regime gate: OK,REPLAYABLE
EUR/USD|2026-04-29T07:55:00.000Z,EUR/USD,2026-04-29T07:55:00.000Z,[Info] Spread wide,True,[Info] Spread wide (indicative): 45.6% of ATR — info only,REPLAYABLE
USD/JPY|2026-04-30T09:40:00.000Z,USD/JPY,2026-04-30T09:40:00.000Z,[legacy] HTF bias aligned,True,[legacy] HTF bias aligned: Daily bullish,REPLAYABLE
USD/JPY|2026-04-30T09:40:00.000Z,USD/JPY,2026-04-30T09:40:00.000Z,P/D zone OK,True,"P/D zone OK (discount, 0.0% of the 5m 5-swing box 159.925–160.716) — price is OUTSIDE that range (raw -69.0%)",REPLAYABLE
USD/JPY|2026-04-30T09:40:00.000Z,USD/JPY,2026-04-30T09:40:00.000Z,Structural Conviction BLOCKED [entry],False,"Structural Conviction BLOCKED [entry]: Bull fractals 0%, S2F 33%, opposite 67% — no structural support for long",REPLAYABLE
USD/JPY|2026-04-30T09:40:00.000Z,USD/JPY,2026-04-30T09:40:00.000Z,Reaction gate skipped,True,Reaction gate skipped: trend is bearish (not ranging),REPLAYABLE
USD/JPY|2026-04-30T09:40:00.000Z,USD/JPY,2026-04-30T09:40:00.000Z,USD/JPY enabled,True,USD/JPY enabled,REPLAYABLE
USD/JPY|2026-04-30T09:40:00.000Z,USD/JPY,2026-04-30T09:40:00.000Z,0/7 positions,True,0/7 positions,REPLAYABLE
USD/JPY|2026-04-30T09:40:00.000Z,USD/JPY,2026-04-30T09:40:00.000Z,0/1 for USD/JPY,True,0/1 for USD/JPY,REPLAYABLE
USD/JPY|2026-04-30T09:40:00.000Z,USD/JPY,2026-04-30T09:40:00.000Z,Portfolio heat 0.0%,True,Portfolio heat 0.0%,ACCOUNT_STATE
USD/JPY|2026-04-30T09:40:00.000Z,USD/JPY,2026-04-30T09:40:00.000Z,Daily loss 0.0%,True,Daily loss 0.0%,ACCOUNT_STATE
USD/JPY|2026-04-30T09:40:00.000Z,USD/JPY,2026-04-30T09:40:00.000Z,Drawdown 0.0%,True,Drawdown 0.0%,ACCOUNT_STATE
USD/JPY|2026-04-30T09:40:00.000Z,USD/JPY,2026-04-30T09:40:00.000Z,Score 36.5 < 40 threshold,False,Score 36.5 < 40 threshold,REPLAYABLE
USD/JPY|2026-04-30T09:40:00.000Z,USD/JPY,2026-04-30T09:40:00.000Z,SMT veto,True,SMT veto: no opposition detected,REPLAYABLE
USD/JPY|2026-04-30T09:40:00.000Z,USD/JPY,2026-04-30T09:40:00.000Z,R,True,"R:R 1.92 effective (1.96 raw, spread 1p)",REPLAYABLE
USD/JPY|2026-04-30T09:40:00.000Z,USD/JPY,2026-04-30T09:40:00.000Z,No recent trades — cooldown OK,True,No recent trades — cooldown OK,REPLAYABLE
USD/JPY|2026-04-30T09:40:00.000Z,USD/JPY,2026-04-30T09:40:00.000Z,No trade history for consecutive loss check,True,No trade history for consecutive loss check,ACCOUNT_STATE
USD/JPY|2026-04-30T09:40:00.000Z,USD/JPY,2026-04-30T09:40:00.000Z,Daily net P&L $+0.00,True,Daily net P&L $+0.00 (gross loss: $0.00),ACCOUNT_STATE
USD/JPY|2026-04-30T09:40:00.000Z,USD/JPY,2026-04-30T09:40:00.000Z,News filter,True,News filter: env not configured — skipped,ACCOUNT_STATE
USD/JPY|2026-04-30T09:40:00.000Z,USD/JPY,2026-04-30T09:40:00.000Z,FOTSI Gate,True,FOTSI Gate: data unavailable — skipped,REPLAYABLE
USD/JPY|2026-04-30T09:40:00.000Z,USD/JPY,2026-04-30T09:40:00.000Z,No correlated conflicts,True,No correlated conflicts (threshold 0.8),ACCOUNT_STATE
USD/JPY|2026-04-30T09:40:00.000Z,USD/JPY,2026-04-30T09:40:00.000Z,Tier 1 gate FAILED,False,"Tier 1 gate FAILED: only 2 core factors — need at least 3 of: Market Structure, Order Block, Fair Value Gap, Premium/Dis",REPLAYABLE
USD/JPY|2026-04-30T09:40:00.000Z,USD/JPY,2026-04-30T09:40:00.000Z,Regime gate,True,Regime gate: OK,REPLAYABLE
USD/JPY|2026-04-30T09:40:00.000Z,USD/JPY,2026-04-30T09:40:00.000Z,[Info] Spread OK,True,[Info] Spread OK: 0.1% of ATR,REPLAYABLE
AUD/USD|2026-04-30T12:20:00.000Z,AUD/USD,2026-04-30T12:20:00.000Z,[legacy] HTF bias aligned,True,[legacy] HTF bias aligned: Daily bearish,REPLAYABLE
AUD/USD|2026-04-30T12:20:00.000Z,AUD/USD,2026-04-30T12:20:00.000Z,P/D zone OK,True,"P/D zone OK (equilibrium, 49.1% of the 5m 5-swing box 0.71279–0.71674)",REPLAYABLE
AUD/USD|2026-04-30T12:20:00.000Z,AUD/USD,2026-04-30T12:20:00.000Z,Structural Conviction BLOCKED [entry],False,Structural Conviction BLOCKED [entry]: opposing 80% is 4.0× supporting 20% — structure overwhelmingly opposes short,REPLAYABLE
AUD/USD|2026-04-30T12:20:00.000Z,AUD/USD,2026-04-30T12:20:00.000Z,Reaction gate skipped,True,Reaction gate skipped: trend is bullish (not ranging),REPLAYABLE
AUD/USD|2026-04-30T12:20:00.000Z,AUD/USD,2026-04-30T12:20:00.000Z,AUD/USD not in enabled instruments,False,AUD/USD not in enabled instruments,REPLAYABLE
AUD/USD|2026-04-30T12:20:00.000Z,AUD/USD,2026-04-30T12:20:00.000Z,0/7 positions,True,0/7 positions,REPLAYABLE
AUD/USD|2026-04-30T12:20:00.000Z,AUD/USD,2026-04-30T12:20:00.000Z,0/1 for AUD/USD,True,0/1 for AUD/USD,REPLAYABLE
AUD/USD|2026-04-30T12:20:00.000Z,AUD/USD,2026-04-30T12:20:00.000Z,Portfolio heat 0.0%,True,Portfolio heat 0.0%,ACCOUNT_STATE
AUD/USD|2026-04-30T12:20:00.000Z,AUD/USD,2026-04-30T12:20:00.000Z,Daily loss 0.0%,True,Daily loss 0.0%,ACCOUNT_STATE
AUD/USD|2026-04-30T12:20:00.000Z,AUD/USD,2026-04-30T12:20:00.000Z,Drawdown 0.0%,True,Drawdown 0.0%,ACCOUNT_STATE
AUD/USD|2026-04-30T12:20:00.000Z,AUD/USD,2026-04-30T12:20:00.000Z,Score 32.3 < 40 threshold,False,Score 32.3 < 40 threshold,REPLAYABLE
AUD/USD|2026-04-30T12:20:00.000Z,AUD/USD,2026-04-30T12:20:00.000Z,SMT veto,True,SMT veto: no opposition detected,REPLAYABLE
AUD/USD|2026-04-30T12:20:00.000Z,AUD/USD,2026-04-30T12:20:00.000Z,R,True,"R:R 2.13 effective (2.21 raw, spread 1.5p)",REPLAYABLE
AUD/USD|2026-04-30T12:20:00.000Z,AUD/USD,2026-04-30T12:20:00.000Z,No recent trades — cooldown OK,True,No recent trades — cooldown OK,REPLAYABLE
AUD/USD|2026-04-30T12:20:00.000Z,AUD/USD,2026-04-30T12:20:00.000Z,No trade history for consecutive loss check,True,No trade history for consecutive loss check,ACCOUNT_STATE
AUD/USD|2026-04-30T12:20:00.000Z,AUD/USD,2026-04-30T12:20:00.000Z,Daily net P&L $+0.00,True,Daily net P&L $+0.00 (gross loss: $0.00),ACCOUNT_STATE
AUD/USD|2026-04-30T12:20:00.000Z,AUD/USD,2026-04-30T12:20:00.000Z,News filter,True,News filter: env not configured — skipped,ACCOUNT_STATE
AUD/USD|2026-04-30T12:20:00.000Z,AUD/USD,2026-04-30T12:20:00.000Z,FOTSI Gate,True,FOTSI Gate: data unavailable — skipped,REPLAYABLE
AUD/USD|2026-04-30T12:20:00.000Z,AUD/USD,2026-04-30T12:20:00.000Z,No correlated conflicts,True,No correlated conflicts (threshold 0.8),ACCOUNT_STATE
AUD/USD|2026-04-30T12:20:00.000Z,AUD/USD,2026-04-30T12:20:00.000Z,Tier 1 gate FAILED,False,"Tier 1 gate FAILED: only 2 core factors — need at least 3 of: Market Structure, Order Block, Fair Value Gap, Premium/Dis",REPLAYABLE
AUD/USD|2026-04-30T12:20:00.000Z,AUD/USD,2026-04-30T12:20:00.000Z,Regime gate,True,Regime gate: OK,REPLAYABLE
AUD/USD|2026-04-30T12:20:00.000Z,AUD/USD,2026-04-30T12:20:00.000Z,[Info] Spread wide,True,[Info] Spread wide (indicative): 25.3% of ATR — info only,REPLAYABLE
GBP/USD|2026-05-03T19:35:00.000Z,GBP/USD,2026-05-03T19:35:00.000Z,[legacy] HTF bias aligned,True,[legacy] HTF bias aligned: Daily bullish,REPLAYABLE
GBP/USD|2026-05-03T19:35:00.000Z,GBP/USD,2026-05-03T19:35:00.000Z,P/D zone OK,True,"P/D zone OK (discount, 20.7% of the 5m 5-swing box 1.35722–1.35857)",REPLAYABLE
GBP/USD|2026-05-03T19:35:00.000Z,GBP/USD,2026-05-03T19:35:00.000Z,Structural Conviction [entry],True,Structural Conviction [entry]: Bull 13% / Bear 0% (S2F 8%),REPLAYABLE
GBP/USD|2026-05-03T19:35:00.000Z,GBP/USD,2026-05-03T19:35:00.000Z,Reaction gate skipped,True,Reaction gate skipped: trend is bullish (not ranging),REPLAYABLE
GBP/USD|2026-05-03T19:35:00.000Z,GBP/USD,2026-05-03T19:35:00.000Z,GBP/USD enabled,True,GBP/USD enabled,REPLAYABLE
GBP/USD|2026-05-03T19:35:00.000Z,GBP/USD,2026-05-03T19:35:00.000Z,0/7 positions,True,0/7 positions,REPLAYABLE
GBP/USD|2026-05-03T19:35:00.000Z,GBP/USD,2026-05-03T19:35:00.000Z,0/1 for GBP/USD,True,0/1 for GBP/USD,REPLAYABLE
GBP/USD|2026-05-03T19:35:00.000Z,GBP/USD,2026-05-03T19:35:00.000Z,Portfolio heat 0.0%,True,Portfolio heat 0.0%,ACCOUNT_STATE
GBP/USD|2026-05-03T19:35:00.000Z,GBP/USD,2026-05-03T19:35:00.000Z,Daily loss 0.0%,True,Daily loss 0.0%,ACCOUNT_STATE
GBP/USD|2026-05-03T19:35:00.000Z,GBP/USD,2026-05-03T19:35:00.000Z,Drawdown 0.0%,True,Drawdown 0.0%,ACCOUNT_STATE
GBP/USD|2026-05-03T19:35:00.000Z,GBP/USD,2026-05-03T19:35:00.000Z,Score 35.4 < 40 threshold,False,Score 35.4 < 40 threshold,REPLAYABLE
GBP/USD|2026-05-03T19:35:00.000Z,GBP/USD,2026-05-03T19:35:00.000Z,SMT veto,True,SMT veto: no opposition detected,REPLAYABLE
GBP/USD|2026-05-03T19:35:00.000Z,GBP/USD,2026-05-03T19:35:00.000Z,R,True,"R:R 2.26 effective (2.33 raw, spread 1.5p)",REPLAYABLE
GBP/USD|2026-05-03T19:35:00.000Z,GBP/USD,2026-05-03T19:35:00.000Z,No recent trades — cooldown OK,True,No recent trades — cooldown OK,REPLAYABLE
GBP/USD|2026-05-03T19:35:00.000Z,GBP/USD,2026-05-03T19:35:00.000Z,No trade history for consecutive loss check,True,No trade history for consecutive loss check,ACCOUNT_STATE
GBP/USD|2026-05-03T19:35:00.000Z,GBP/USD,2026-05-03T19:35:00.000Z,Daily net P&L $+0.00,True,Daily net P&L $+0.00 (gross loss: $0.00),ACCOUNT_STATE
GBP/USD|2026-05-03T19:35:00.000Z,GBP/USD,2026-05-03T19:35:00.000Z,News filter,True,News filter: env not configured — skipped,ACCOUNT_STATE
GBP/USD|2026-05-03T19:35:00.000Z,GBP/USD,2026-05-03T19:35:00.000Z,FOTSI Gate,True,FOTSI Gate: data unavailable — skipped,REPLAYABLE
GBP/USD|2026-05-03T19:35:00.000Z,GBP/USD,2026-05-03T19:35:00.000Z,No correlated conflicts,True,No correlated conflicts (threshold 0.8),ACCOUNT_STATE
GBP/USD|2026-05-03T19:35:00.000Z,GBP/USD,2026-05-03T19:35:00.000Z,Tier 1 gate FAILED,False,"Tier 1 gate FAILED: only 2 core factors — need at least 3 of: Market Structure, Order Block, Fair Value Gap, Premium/Dis",REPLAYABLE
GBP/USD|2026-05-03T19:35:00.000Z,GBP/USD,2026-05-03T19:35:00.000Z,Regime gate,True,Regime gate: OK,REPLAYABLE
GBP/USD|2026-05-03T19:35:00.000Z,GBP/USD,2026-05-03T19:35:00.000Z,[Info] Spread OK,True,[Info] Spread OK: 18.3% of ATR,REPLAYABLE
USD/CHF|2026-05-04T00:10:00.000Z,USD/CHF,2026-05-04T00:10:00.000Z,[legacy] HTF bias aligned,True,[legacy] HTF bias aligned: Daily ranging,REPLAYABLE
USD/CHF|2026-05-04T00:10:00.000Z,USD/CHF,2026-05-04T00:10:00.000Z,P/D zone OK,True,"P/D zone OK (premium, 82.7% of the 5m 5-swing box 0.77975–0.78143)",REPLAYABLE
USD/CHF|2026-05-04T00:10:00.000Z,USD/CHF,2026-05-04T00:10:00.000Z,Structural Conviction [entry],True,Structural Conviction [entry]: Bear 20% / Bull 0% (S2F 10%),REPLAYABLE
USD/CHF|2026-05-04T00:10:00.000Z,USD/CHF,2026-05-04T00:10:00.000Z,Reaction gate skipped,True,Reaction gate skipped: trend is bullish (not ranging),REPLAYABLE
USD/CHF|2026-05-04T00:10:00.000Z,USD/CHF,2026-05-04T00:10:00.000Z,USD/CHF not in enabled instruments,False,USD/CHF not in enabled instruments,REPLAYABLE
USD/CHF|2026-05-04T00:10:00.000Z,USD/CHF,2026-05-04T00:10:00.000Z,0/7 positions,True,0/7 positions,REPLAYABLE
USD/CHF|2026-05-04T00:10:00.000Z,USD/CHF,2026-05-04T00:10:00.000Z,0/1 for USD/CHF,True,0/1 for USD/CHF,REPLAYABLE
USD/CHF|2026-05-04T00:10:00.000Z,USD/CHF,2026-05-04T00:10:00.000Z,Portfolio heat 0.0%,True,Portfolio heat 0.0%,ACCOUNT_STATE
USD/CHF|2026-05-04T00:10:00.000Z,USD/CHF,2026-05-04T00:10:00.000Z,Daily loss 0.0%,True,Daily loss 0.0%,ACCOUNT_STATE
USD/CHF|2026-05-04T00:10:00.000Z,USD/CHF,2026-05-04T00:10:00.000Z,Drawdown 0.0%,True,Drawdown 0.0%,ACCOUNT_STATE
USD/CHF|2026-05-04T00:10:00.000Z,USD/CHF,2026-05-04T00:10:00.000Z,Score 33.3 < 40 threshold,False,Score 33.3 < 40 threshold,REPLAYABLE
USD/CHF|2026-05-04T00:10:00.000Z,USD/CHF,2026-05-04T00:10:00.000Z,SMT veto,True,SMT veto: no opposition detected,REPLAYABLE
USD/CHF|2026-05-04T00:10:00.000Z,USD/CHF,2026-05-04T00:10:00.000Z,R,True,"R:R 2.16 effective (2.25 raw, spread 1.5p)",REPLAYABLE
USD/CHF|2026-05-04T00:10:00.000Z,USD/CHF,2026-05-04T00:10:00.000Z,No recent trades — cooldown OK,True,No recent trades — cooldown OK,REPLAYABLE
USD/CHF|2026-05-04T00:10:00.000Z,USD/CHF,2026-05-04T00:10:00.000Z,No trade history for consecutive loss check,True,No trade history for consecutive loss check,ACCOUNT_STATE
USD/CHF|2026-05-04T00:10:00.000Z,USD/CHF,2026-05-04T00:10:00.000Z,Daily net P&L $+0.00,True,Daily net P&L $+0.00 (gross loss: $0.00),ACCOUNT_STATE
USD/CHF|2026-05-04T00:10:00.000Z,USD/CHF,2026-05-04T00:10:00.000Z,News filter,True,News filter: env not configured — skipped,ACCOUNT_STATE
USD/CHF|2026-05-04T00:10:00.000Z,USD/CHF,2026-05-04T00:10:00.000Z,FOTSI Gate,True,FOTSI Gate: data unavailable — skipped,REPLAYABLE
USD/CHF|2026-05-04T00:10:00.000Z,USD/CHF,2026-05-04T00:10:00.000Z,No correlated conflicts,True,No correlated conflicts (threshold 0.8),ACCOUNT_STATE
USD/CHF|2026-05-04T00:10:00.000Z,USD/CHF,2026-05-04T00:10:00.000Z,Tier 1 gate FAILED,False,"Tier 1 gate FAILED: only 1 core factors — need at least 3 of: Market Structure, Order Block, Fair Value Gap, Premium/Dis",REPLAYABLE
USD/CHF|2026-05-04T00:10:00.000Z,USD/CHF,2026-05-04T00:10:00.000Z,Regime gate,True,Regime gate: OK,REPLAYABLE
USD/CHF|2026-05-04T00:10:00.000Z,USD/CHF,2026-05-04T00:10:00.000Z,[Info] Spread wide,True,[Info] Spread wide (indicative): 58.3% of ATR — info only,REPLAYABLE
EUR/USD|2026-05-04T04:15:00.000Z,EUR/USD,2026-05-04T04:15:00.000Z,[legacy] HTF bias mismatch,False,"[legacy] HTF bias mismatch: Daily is bearish, entry is bullish",REPLAYABLE
EUR/USD|2026-05-04T04:15:00.000Z,EUR/USD,2026-05-04T04:15:00.000Z,P/D zone OK,True,"P/D zone OK (premium, 77.0% of the 5m 5-swing box 1.17208–1.17382)",REPLAYABLE
EUR/USD|2026-05-04T04:15:00.000Z,EUR/USD,2026-05-04T04:15:00.000Z,Structural Conviction [entry],True,Structural Conviction [entry]: Bull 17% / Bear 25% (S2F 20%),REPLAYABLE
EUR/USD|2026-05-04T04:15:00.000Z,EUR/USD,2026-05-04T04:15:00.000Z,Reaction gate skipped,True,Reaction gate skipped: trend is bullish (not ranging),REPLAYABLE
EUR/USD|2026-05-04T04:15:00.000Z,EUR/USD,2026-05-04T04:15:00.000Z,EUR/USD enabled,True,EUR/USD enabled,REPLAYABLE
EUR/USD|2026-05-04T04:15:00.000Z,EUR/USD,2026-05-04T04:15:00.000Z,0/7 positions,True,0/7 positions,REPLAYABLE
EUR/USD|2026-05-04T04:15:00.000Z,EUR/USD,2026-05-04T04:15:00.000Z,0/1 for EUR/USD,True,0/1 for EUR/USD,REPLAYABLE
EUR/USD|2026-05-04T04:15:00.000Z,EUR/USD,2026-05-04T04:15:00.000Z,Portfolio heat 0.0%,True,Portfolio heat 0.0%,ACCOUNT_STATE
EUR/USD|2026-05-04T04:15:00.000Z,EUR/USD,2026-05-04T04:15:00.000Z,Daily loss 0.0%,True,Daily loss 0.0%,ACCOUNT_STATE
EUR/USD|2026-05-04T04:15:00.000Z,EUR/USD,2026-05-04T04:15:00.000Z,Drawdown 0.0%,True,Drawdown 0.0%,ACCOUNT_STATE
EUR/USD|2026-05-04T04:15:00.000Z,EUR/USD,2026-05-04T04:15:00.000Z,Score 37.5 < 40 threshold,False,Score 37.5 < 40 threshold,REPLAYABLE
EUR/USD|2026-05-04T04:15:00.000Z,EUR/USD,2026-05-04T04:15:00.000Z,SMT veto,True,SMT veto: no opposition detected,REPLAYABLE
EUR/USD|2026-05-04T04:15:00.000Z,EUR/USD,2026-05-04T04:15:00.000Z,R,True,"R:R 2.01 effective (2.06 raw, spread 1p)",REPLAYABLE
EUR/USD|2026-05-04T04:15:00.000Z,EUR/USD,2026-05-04T04:15:00.000Z,No recent trades — cooldown OK,True,No recent trades — cooldown OK,REPLAYABLE
EUR/USD|2026-05-04T04:15:00.000Z,EUR/USD,2026-05-04T04:15:00.000Z,No trade history for consecutive loss check,True,No trade history for consecutive loss check,ACCOUNT_STATE
EUR/USD|2026-05-04T04:15:00.000Z,EUR/USD,2026-05-04T04:15:00.000Z,Daily net P&L $+0.00,True,Daily net P&L $+0.00 (gross loss: $0.00),ACCOUNT_STATE
EUR/USD|2026-05-04T04:15:00.000Z,EUR/USD,2026-05-04T04:15:00.000Z,News filter,True,News filter: env not configured — skipped,ACCOUNT_STATE
EUR/USD|2026-05-04T04:15:00.000Z,EUR/USD,2026-05-04T04:15:00.000Z,FOTSI Gate,True,FOTSI Gate: data unavailable — skipped,REPLAYABLE
EUR/USD|2026-05-04T04:15:00.000Z,EUR/USD,2026-05-04T04:15:00.000Z,No correlated conflicts,True,No correlated conflicts (threshold 0.8),ACCOUNT_STATE
EUR/USD|2026-05-04T04:15:00.000Z,EUR/USD,2026-05-04T04:15:00.000Z,Tier 1 gate FAILED,False,"Tier 1 gate FAILED: only 2 core factors — need at least 3 of: Market Structure, Order Block, Fair Value Gap, Premium/Dis",REPLAYABLE
EUR/USD|2026-05-04T04:15:00.000Z,EUR/USD,2026-05-04T04:15:00.000Z,Regime gate,True,Regime gate: OK,REPLAYABLE
EUR/USD|2026-05-04T04:15:00.000Z,EUR/USD,2026-05-04T04:15:00.000Z,[Info] Spread wide,True,[Info] Spread wide (indicative): 37.7% of ATR — info only,REPLAYABLE
USD/JPY|2026-05-04T05:10:00.000Z,USD/JPY,2026-05-04T05:10:00.000Z,[legacy] HTF bias mismatch,False,"[legacy] HTF bias mismatch: Daily is bullish, entry is bearish",REPLAYABLE
USD/JPY|2026-05-04T05:10:00.000Z,USD/JPY,2026-05-04T05:10:00.000Z,P/D zone OK,True,"P/D zone OK (equilibrium, 50.0% of the 5m 5-swing box 155.820–157.693)",REPLAYABLE
USD/JPY|2026-05-04T05:10:00.000Z,USD/JPY,2026-05-04T05:10:00.000Z,Structural Conviction [entry],True,Structural Conviction [entry]: Bear 33% / Bull 0% (S2F 20%),REPLAYABLE
USD/JPY|2026-05-04T05:10:00.000Z,USD/JPY,2026-05-04T05:10:00.000Z,Reaction confirmed in ranging market,True,Reaction confirmed in ranging market: Reversal Candle,REPLAYABLE
USD/JPY|2026-05-04T05:10:00.000Z,USD/JPY,2026-05-04T05:10:00.000Z,USD/JPY enabled,True,USD/JPY enabled,REPLAYABLE
USD/JPY|2026-05-04T05:10:00.000Z,USD/JPY,2026-05-04T05:10:00.000Z,0/7 positions,True,0/7 positions,REPLAYABLE
USD/JPY|2026-05-04T05:10:00.000Z,USD/JPY,2026-05-04T05:10:00.000Z,0/1 for USD/JPY,True,0/1 for USD/JPY,REPLAYABLE
USD/JPY|2026-05-04T05:10:00.000Z,USD/JPY,2026-05-04T05:10:00.000Z,Portfolio heat 0.0%,True,Portfolio heat 0.0%,ACCOUNT_STATE
USD/JPY|2026-05-04T05:10:00.000Z,USD/JPY,2026-05-04T05:10:00.000Z,Daily loss 0.0%,True,Daily loss 0.0%,ACCOUNT_STATE
USD/JPY|2026-05-04T05:10:00.000Z,USD/JPY,2026-05-04T05:10:00.000Z,Drawdown 0.0%,True,Drawdown 0.0%,ACCOUNT_STATE
USD/JPY|2026-05-04T05:10:00.000Z,USD/JPY,2026-05-04T05:10:00.000Z,Score 26.3 < 40 threshold,False,Score 26.3 < 40 threshold,REPLAYABLE
USD/JPY|2026-05-04T05:10:00.000Z,USD/JPY,2026-05-04T05:10:00.000Z,SMT veto,True,SMT veto: no opposition detected,REPLAYABLE
USD/JPY|2026-05-04T05:10:00.000Z,USD/JPY,2026-05-04T05:10:00.000Z,R,True,"R:R 1.96 effective (1.98 raw, spread 1p)",REPLAYABLE
USD/JPY|2026-05-04T05:10:00.000Z,USD/JPY,2026-05-04T05:10:00.000Z,No recent trades — cooldown OK,True,No recent trades — cooldown OK,REPLAYABLE
USD/JPY|2026-05-04T05:10:00.000Z,USD/JPY,2026-05-04T05:10:00.000Z,No trade history for consecutive loss check,True,No trade history for consecutive loss check,ACCOUNT_STATE
USD/JPY|2026-05-04T05:10:00.000Z,USD/JPY,2026-05-04T05:10:00.000Z,Daily net P&L $+0.00,True,Daily net P&L $+0.00 (gross loss: $0.00),ACCOUNT_STATE
USD/JPY|2026-05-04T05:10:00.000Z,USD/JPY,2026-05-04T05:10:00.000Z,News filter,True,News filter: env not configured — skipped,ACCOUNT_STATE
USD/JPY|2026-05-04T05:10:00.000Z,USD/JPY,2026-05-04T05:10:00.000Z,FOTSI Gate,True,FOTSI Gate: data unavailable — skipped,REPLAYABLE
USD/JPY|2026-05-04T05:10:00.000Z,USD/JPY,2026-05-04T05:10:00.000Z,No correlated conflicts,True,No correlated conflicts (threshold 0.8),ACCOUNT_STATE
USD/JPY|2026-05-04T05:10:00.000Z,USD/JPY,2026-05-04T05:10:00.000Z,Tier 1 gate FAILED,False,"Tier 1 gate FAILED: only 1 core factors — need at least 3 of: Market Structure, Order Block, Fair Value Gap, Premium/Dis",REPLAYABLE
USD/JPY|2026-05-04T05:10:00.000Z,USD/JPY,2026-05-04T05:10:00.000Z,Regime gate,True,Regime gate: OK,REPLAYABLE
USD/JPY|2026-05-04T05:10:00.000Z,USD/JPY,2026-05-04T05:10:00.000Z,[Info] Spread OK,True,[Info] Spread OK: 0.1% of ATR,REPLAYABLE
USD/CAD|2026-05-06T11:00:00.000Z,USD/CAD,2026-05-06T11:00:00.000Z,[legacy] HTF bias mismatch,False,"[legacy] HTF bias mismatch: Daily is bearish, entry is bullish",REPLAYABLE
USD/CAD|2026-05-06T11:00:00.000Z,USD/CAD,2026-05-06T11:00:00.000Z,P/D zone OK,True,"P/D zone OK (discount, 39.5% of the 5m 5-swing box 1.35793–1.36031)",REPLAYABLE
USD/CAD|2026-05-06T11:00:00.000Z,USD/CAD,2026-05-06T11:00:00.000Z,Structural Conviction [entry],True,Structural Conviction [entry]: Bull 25% / Bear 20% (S2F 22%),REPLAYABLE
USD/CAD|2026-05-06T11:00:00.000Z,USD/CAD,2026-05-06T11:00:00.000Z,Reaction gate skipped,True,Reaction gate skipped: trend is bullish (not ranging),REPLAYABLE
USD/CAD|2026-05-06T11:00:00.000Z,USD/CAD,2026-05-06T11:00:00.000Z,USD/CAD not in enabled instruments,False,USD/CAD not in enabled instruments,REPLAYABLE
USD/CAD|2026-05-06T11:00:00.000Z,USD/CAD,2026-05-06T11:00:00.000Z,0/7 positions,True,0/7 positions,REPLAYABLE
USD/CAD|2026-05-06T11:00:00.000Z,USD/CAD,2026-05-06T11:00:00.000Z,0/1 for USD/CAD,True,0/1 for USD/CAD,REPLAYABLE
USD/CAD|2026-05-06T11:00:00.000Z,USD/CAD,2026-05-06T11:00:00.000Z,Portfolio heat 0.0%,True,Portfolio heat 0.0%,ACCOUNT_STATE
USD/CAD|2026-05-06T11:00:00.000Z,USD/CAD,2026-05-06T11:00:00.000Z,Daily loss 0.0%,True,Daily loss 0.0%,ACCOUNT_STATE
USD/CAD|2026-05-06T11:00:00.000Z,USD/CAD,2026-05-06T11:00:00.000Z,Drawdown 0.0%,True,Drawdown 0.0%,ACCOUNT_STATE
USD/CAD|2026-05-06T11:00:00.000Z,USD/CAD,2026-05-06T11:00:00.000Z,Score 44.8 meets threshold,True,Score 44.8 meets threshold,REPLAYABLE
USD/CAD|2026-05-06T11:00:00.000Z,USD/CAD,2026-05-06T11:00:00.000Z,SMT veto,True,SMT veto: no opposition detected,REPLAYABLE
USD/CAD|2026-05-06T11:00:00.000Z,USD/CAD,2026-05-06T11:00:00.000Z,R,True,"R:R 2.32 effective (2.42 raw, spread 1.5p)",REPLAYABLE
USD/CAD|2026-05-06T11:00:00.000Z,USD/CAD,2026-05-06T11:00:00.000Z,No recent trades — cooldown OK,True,No recent trades — cooldown OK,REPLAYABLE
USD/CAD|2026-05-06T11:00:00.000Z,USD/CAD,2026-05-06T11:00:00.000Z,No trade history for consecutive loss check,True,No trade history for consecutive loss check,ACCOUNT_STATE
USD/CAD|2026-05-06T11:00:00.000Z,USD/CAD,2026-05-06T11:00:00.000Z,Daily net P&L $+0.00,True,Daily net P&L $+0.00 (gross loss: $0.00),ACCOUNT_STATE
USD/CAD|2026-05-06T11:00:00.000Z,USD/CAD,2026-05-06T11:00:00.000Z,News filter,True,News filter: env not configured — skipped,ACCOUNT_STATE
USD/CAD|2026-05-06T11:00:00.000Z,USD/CAD,2026-05-06T11:00:00.000Z,FOTSI Gate,True,FOTSI Gate: data unavailable — skipped,REPLAYABLE
USD/CAD|2026-05-06T11:00:00.000Z,USD/CAD,2026-05-06T11:00:00.000Z,No correlated conflicts,True,No correlated conflicts (threshold 0.8),ACCOUNT_STATE
USD/CAD|2026-05-06T11:00:00.000Z,USD/CAD,2026-05-06T11:00:00.000Z,Tier 1 gate FAILED,False,"Tier 1 gate FAILED: only 2 core factors — need at least 3 of: Market Structure, Order Block, Fair Value Gap, Premium/Dis",REPLAYABLE
USD/CAD|2026-05-06T11:00:00.000Z,USD/CAD,2026-05-06T11:00:00.000Z,Regime gate,True,Regime gate: OK,REPLAYABLE
USD/CAD|2026-05-06T11:00:00.000Z,USD/CAD,2026-05-06T11:00:00.000Z,[Info] Spread wide,True,[Info] Spread wide (indicative): 27.8% of ATR — info only,REPLAYABLE
GBP/USD|2026-05-07T00:05:00.000Z,GBP/USD,2026-05-07T00:05:00.000Z,[legacy] HTF bias aligned,True,[legacy] HTF bias aligned: Daily bullish,REPLAYABLE
GBP/USD|2026-05-07T00:05:00.000Z,GBP/USD,2026-05-07T00:05:00.000Z,P/D zone OK,True,"P/D zone OK (premium, 73.4% of the 5m 5-swing box 1.35919–1.35983)",REPLAYABLE
GBP/USD|2026-05-07T00:05:00.000Z,GBP/USD,2026-05-07T00:05:00.000Z,Structural Conviction [entry],True,Structural Conviction [entry]: Bull 40% / Bear 0% (S2F 25%),REPLAYABLE
GBP/USD|2026-05-07T00:05:00.000Z,GBP/USD,2026-05-07T00:05:00.000Z,Reaction gate skipped,True,Reaction gate skipped: trend is bullish (not ranging),REPLAYABLE
GBP/USD|2026-05-07T00:05:00.000Z,GBP/USD,2026-05-07T00:05:00.000Z,GBP/USD enabled,True,GBP/USD enabled,REPLAYABLE
GBP/USD|2026-05-07T00:05:00.000Z,GBP/USD,2026-05-07T00:05:00.000Z,0/7 positions,True,0/7 positions,REPLAYABLE
GBP/USD|2026-05-07T00:05:00.000Z,GBP/USD,2026-05-07T00:05:00.000Z,0/1 for GBP/USD,True,0/1 for GBP/USD,REPLAYABLE
GBP/USD|2026-05-07T00:05:00.000Z,GBP/USD,2026-05-07T00:05:00.000Z,Portfolio heat 0.0%,True,Portfolio heat 0.0%,ACCOUNT_STATE
GBP/USD|2026-05-07T00:05:00.000Z,GBP/USD,2026-05-07T00:05:00.000Z,Daily loss 0.0%,True,Daily loss 0.0%,ACCOUNT_STATE
GBP/USD|2026-05-07T00:05:00.000Z,GBP/USD,2026-05-07T00:05:00.000Z,Drawdown 0.0%,True,Drawdown 0.0%,ACCOUNT_STATE
GBP/USD|2026-05-07T00:05:00.000Z,GBP/USD,2026-05-07T00:05:00.000Z,Score 33.3 < 40 threshold,False,Score 33.3 < 40 threshold,REPLAYABLE
GBP/USD|2026-05-07T00:05:00.000Z,GBP/USD,2026-05-07T00:05:00.000Z,SMT veto,True,SMT veto: no opposition detected,REPLAYABLE
GBP/USD|2026-05-07T00:05:00.000Z,GBP/USD,2026-05-07T00:05:00.000Z,R,True,"R:R 1.75 effective (1.80 raw, spread 1.5p)",REPLAYABLE
GBP/USD|2026-05-07T00:05:00.000Z,GBP/USD,2026-05-07T00:05:00.000Z,No recent trades — cooldown OK,True,No recent trades — cooldown OK,REPLAYABLE
GBP/USD|2026-05-07T00:05:00.000Z,GBP/USD,2026-05-07T00:05:00.000Z,No trade history for consecutive loss check,True,No trade history for consecutive loss check,ACCOUNT_STATE
GBP/USD|2026-05-07T00:05:00.000Z,GBP/USD,2026-05-07T00:05:00.000Z,Daily net P&L $+0.00,True,Daily net P&L $+0.00 (gross loss: $0.00),ACCOUNT_STATE
GBP/USD|2026-05-07T00:05:00.000Z,GBP/USD,2026-05-07T00:05:00.000Z,News filter,True,News filter: env not configured — skipped,ACCOUNT_STATE
GBP/USD|2026-05-07T00:05:00.000Z,GBP/USD,2026-05-07T00:05:00.000Z,FOTSI Gate,True,FOTSI Gate: data unavailable — skipped,REPLAYABLE
GBP/USD|2026-05-07T00:05:00.000Z,GBP/USD,2026-05-07T00:05:00.000Z,No correlated conflicts,True,No correlated conflicts (threshold 0.8),ACCOUNT_STATE
GBP/USD|2026-05-07T00:05:00.000Z,GBP/USD,2026-05-07T00:05:00.000Z,Tier 1 gate FAILED,False,"Tier 1 gate FAILED: only 1 core factors — need at least 3 of: Market Structure, Order Block, Fair Value Gap, Premium/Dis",REPLAYABLE
GBP/USD|2026-05-07T00:05:00.000Z,GBP/USD,2026-05-07T00:05:00.000Z,Regime gate,True,Regime gate: OK,REPLAYABLE
GBP/USD|2026-05-07T00:05:00.000Z,GBP/USD,2026-05-07T00:05:00.000Z,[Info] Spread wide,True,[Info] Spread wide (indicative): 52.8% of ATR — info only,REPLAYABLE
USD/JPY|2026-05-07T03:50:00.000Z,USD/JPY,2026-05-07T03:50:00.000Z,[legacy] HTF bias aligned,True,[legacy] HTF bias aligned: Daily ranging,REPLAYABLE
USD/JPY|2026-05-07T03:50:00.000Z,USD/JPY,2026-05-07T03:50:00.000Z,P/D zone OK,True,"P/D zone OK (premium, 68.1% of the 5m 5-swing box 156.045–156.526)",REPLAYABLE
USD/JPY|2026-05-07T03:50:00.000Z,USD/JPY,2026-05-07T03:50:00.000Z,Structural Conviction [entry],True,Structural Conviction [entry]: Bear 50% / Bull 25% (S2F 38%),REPLAYABLE
USD/JPY|2026-05-07T03:50:00.000Z,USD/JPY,2026-05-07T03:50:00.000Z,Reaction gate skipped,True,Reaction gate skipped: trend is bullish (not ranging),REPLAYABLE
USD/JPY|2026-05-07T03:50:00.000Z,USD/JPY,2026-05-07T03:50:00.000Z,USD/JPY enabled,True,USD/JPY enabled,REPLAYABLE
USD/JPY|2026-05-07T03:50:00.000Z,USD/JPY,2026-05-07T03:50:00.000Z,0/7 positions,True,0/7 positions,REPLAYABLE
USD/JPY|2026-05-07T03:50:00.000Z,USD/JPY,2026-05-07T03:50:00.000Z,0/1 for USD/JPY,True,0/1 for USD/JPY,REPLAYABLE
USD/JPY|2026-05-07T03:50:00.000Z,USD/JPY,2026-05-07T03:50:00.000Z,Portfolio heat 0.0%,True,Portfolio heat 0.0%,ACCOUNT_STATE
USD/JPY|2026-05-07T03:50:00.000Z,USD/JPY,2026-05-07T03:50:00.000Z,Daily loss 0.0%,True,Daily loss 0.0%,ACCOUNT_STATE
USD/JPY|2026-05-07T03:50:00.000Z,USD/JPY,2026-05-07T03:50:00.000Z,Drawdown 0.0%,True,Drawdown 0.0%,ACCOUNT_STATE
USD/JPY|2026-05-07T03:50:00.000Z,USD/JPY,2026-05-07T03:50:00.000Z,Score 47.8 meets threshold,True,Score 47.8 meets threshold,REPLAYABLE
USD/JPY|2026-05-07T03:50:00.000Z,USD/JPY,2026-05-07T03:50:00.000Z,SMT veto,True,SMT veto: no opposition detected,REPLAYABLE
USD/JPY|2026-05-07T03:50:00.000Z,USD/JPY,2026-05-07T03:50:00.000Z,R,True,"R:R 1.99 effective (2.03 raw, spread 1p)",REPLAYABLE
USD/JPY|2026-05-07T03:50:00.000Z,USD/JPY,2026-05-07T03:50:00.000Z,No recent trades — cooldown OK,True,No recent trades — cooldown OK,REPLAYABLE
USD/JPY|2026-05-07T03:50:00.000Z,USD/JPY,2026-05-07T03:50:00.000Z,No trade history for consecutive loss check,True,No trade history for consecutive loss check,ACCOUNT_STATE
USD/JPY|2026-05-07T03:50:00.000Z,USD/JPY,2026-05-07T03:50:00.000Z,Daily net P&L $+0.00,True,Daily net P&L $+0.00 (gross loss: $0.00),ACCOUNT_STATE
USD/JPY|2026-05-07T03:50:00.000Z,USD/JPY,2026-05-07T03:50:00.000Z,News filter,True,News filter: env not configured — skipped,ACCOUNT_STATE
USD/JPY|2026-05-07T03:50:00.000Z,USD/JPY,2026-05-07T03:50:00.000Z,FOTSI Gate,True,FOTSI Gate: data unavailable — skipped,REPLAYABLE
USD/JPY|2026-05-07T03:50:00.000Z,USD/JPY,2026-05-07T03:50:00.000Z,No correlated conflicts,True,No correlated conflicts (threshold 0.8),ACCOUNT_STATE
USD/JPY|2026-05-07T03:50:00.000Z,USD/JPY,2026-05-07T03:50:00.000Z,Tier 1 gate FAILED,False,"Tier 1 gate FAILED: only 2 core factors — need at least 3 of: Market Structure, Order Block, Fair Value Gap, Premium/Dis",REPLAYABLE
USD/JPY|2026-05-07T03:50:00.000Z,USD/JPY,2026-05-07T03:50:00.000Z,Regime gate,True,Regime gate: OK,REPLAYABLE
USD/JPY|2026-05-07T03:50:00.000Z,USD/JPY,2026-05-07T03:50:00.000Z,[Info] Spread OK,True,[Info] Spread OK: 0.3% of ATR,REPLAYABLE
NZD/USD|2026-05-08T12:35:00.000Z,NZD/USD,2026-05-08T12:35:00.000Z,[legacy] HTF bias aligned,True,[legacy] HTF bias aligned: Daily ranging,REPLAYABLE
NZD/USD|2026-05-08T12:35:00.000Z,NZD/USD,2026-05-08T12:35:00.000Z,P/D zone OK,True,"P/D zone OK (premium, 74.2% of the 5m 5-swing box 0.59503–0.59685)",REPLAYABLE
NZD/USD|2026-05-08T12:35:00.000Z,NZD/USD,2026-05-08T12:35:00.000Z,Structural Conviction [entry],True,Structural Conviction [entry]: Bear 50% / Bull 20% (S2F 33%),REPLAYABLE
NZD/USD|2026-05-08T12:35:00.000Z,NZD/USD,2026-05-08T12:35:00.000Z,Reaction gate skipped,True,Reaction gate skipped: trend is bearish (not ranging),REPLAYABLE
NZD/USD|2026-05-08T12:35:00.000Z,NZD/USD,2026-05-08T12:35:00.000Z,NZD/USD not in enabled instruments,False,NZD/USD not in enabled instruments,REPLAYABLE
NZD/USD|2026-05-08T12:35:00.000Z,NZD/USD,2026-05-08T12:35:00.000Z,0/7 positions,True,0/7 positions,REPLAYABLE
NZD/USD|2026-05-08T12:35:00.000Z,NZD/USD,2026-05-08T12:35:00.000Z,0/1 for NZD/USD,True,0/1 for NZD/USD,REPLAYABLE
NZD/USD|2026-05-08T12:35:00.000Z,NZD/USD,2026-05-08T12:35:00.000Z,Portfolio heat 0.0%,True,Portfolio heat 0.0%,ACCOUNT_STATE
NZD/USD|2026-05-08T12:35:00.000Z,NZD/USD,2026-05-08T12:35:00.000Z,Daily loss 0.0%,True,Daily loss 0.0%,ACCOUNT_STATE
NZD/USD|2026-05-08T12:35:00.000Z,NZD/USD,2026-05-08T12:35:00.000Z,Drawdown 0.0%,True,Drawdown 0.0%,ACCOUNT_STATE
NZD/USD|2026-05-08T12:35:00.000Z,NZD/USD,2026-05-08T12:35:00.000Z,Score 39.6 < 40 threshold,False,Score 39.6 < 40 threshold,REPLAYABLE
NZD/USD|2026-05-08T12:35:00.000Z,NZD/USD,2026-05-08T12:35:00.000Z,SMT veto,True,SMT veto: no opposition detected,REPLAYABLE
NZD/USD|2026-05-08T12:35:00.000Z,NZD/USD,2026-05-08T12:35:00.000Z,R,True,"R:R 1.72 effective (1.83 raw, spread 2p)",REPLAYABLE
NZD/USD|2026-05-08T12:35:00.000Z,NZD/USD,2026-05-08T12:35:00.000Z,No recent trades — cooldown OK,True,No recent trades — cooldown OK,REPLAYABLE
NZD/USD|2026-05-08T12:35:00.000Z,NZD/USD,2026-05-08T12:35:00.000Z,No trade history for consecutive loss check,True,No trade history for consecutive loss check,ACCOUNT_STATE
NZD/USD|2026-05-08T12:35:00.000Z,NZD/USD,2026-05-08T12:35:00.000Z,Daily net P&L $+0.00,True,Daily net P&L $+0.00 (gross loss: $0.00),ACCOUNT_STATE
NZD/USD|2026-05-08T12:35:00.000Z,NZD/USD,2026-05-08T12:35:00.000Z,News filter,True,News filter: env not configured — skipped,ACCOUNT_STATE
NZD/USD|2026-05-08T12:35:00.000Z,NZD/USD,2026-05-08T12:35:00.000Z,FOTSI Gate,True,FOTSI Gate: data unavailable — skipped,REPLAYABLE
NZD/USD|2026-05-08T12:35:00.000Z,NZD/USD,2026-05-08T12:35:00.000Z,No correlated conflicts,True,No correlated conflicts (threshold 0.8),ACCOUNT_STATE
NZD/USD|2026-05-08T12:35:00.000Z,NZD/USD,2026-05-08T12:35:00.000Z,Tier 1 gate FAILED,False,"Tier 1 gate FAILED: only 2 core factors — need at least 3 of: Market Structure, Order Block, Fair Value Gap, Premium/Dis",REPLAYABLE
NZD/USD|2026-05-08T12:35:00.000Z,NZD/USD,2026-05-08T12:35:00.000Z,Regime gate,True,Regime gate: OK,REPLAYABLE
NZD/USD|2026-05-08T12:35:00.000Z,NZD/USD,2026-05-08T12:35:00.000Z,[Info] Spread wide,True,[Info] Spread wide (indicative): 40.1% of ATR — info only,REPLAYABLE
AUD/USD|2026-05-09T09:45:00.000Z,AUD/USD,2026-05-09T09:45:00.000Z,[legacy] HTF bias mismatch,False,"[legacy] HTF bias mismatch: Daily is bullish, entry is bearish",REPLAYABLE
AUD/USD|2026-05-09T09:45:00.000Z,AUD/USD,2026-05-09T09:45:00.000Z,P/D zone OK,True,"P/D zone OK (discount, 39.3% of the 5m 5-swing box 0.72460–0.72488)",REPLAYABLE
AUD/USD|2026-05-09T09:45:00.000Z,AUD/USD,2026-05-09T09:45:00.000Z,Structural Conviction BLOCKED [entry],False,"Structural Conviction BLOCKED [entry]: Bear fractals 0%, S2F 8%, opposite 17% — no structural support for short",REPLAYABLE
AUD/USD|2026-05-09T09:45:00.000Z,AUD/USD,2026-05-09T09:45:00.000Z,Reaction gate skipped,True,Reaction gate skipped: trend is bearish (not ranging),REPLAYABLE
AUD/USD|2026-05-09T09:45:00.000Z,AUD/USD,2026-05-09T09:45:00.000Z,AUD/USD not in enabled instruments,False,AUD/USD not in enabled instruments,REPLAYABLE
AUD/USD|2026-05-09T09:45:00.000Z,AUD/USD,2026-05-09T09:45:00.000Z,0/7 positions,True,0/7 positions,REPLAYABLE
AUD/USD|2026-05-09T09:45:00.000Z,AUD/USD,2026-05-09T09:45:00.000Z,0/1 for AUD/USD,True,0/1 for AUD/USD,REPLAYABLE
AUD/USD|2026-05-09T09:45:00.000Z,AUD/USD,2026-05-09T09:45:00.000Z,Portfolio heat 0.0%,True,Portfolio heat 0.0%,ACCOUNT_STATE
AUD/USD|2026-05-09T09:45:00.000Z,AUD/USD,2026-05-09T09:45:00.000Z,Daily loss 0.0%,True,Daily loss 0.0%,ACCOUNT_STATE
AUD/USD|2026-05-09T09:45:00.000Z,AUD/USD,2026-05-09T09:45:00.000Z,Drawdown 0.0%,True,Drawdown 0.0%,ACCOUNT_STATE
AUD/USD|2026-05-09T09:45:00.000Z,AUD/USD,2026-05-09T09:45:00.000Z,Score 30.2 < 40 threshold,False,Score 30.2 < 40 threshold,REPLAYABLE
AUD/USD|2026-05-09T09:45:00.000Z,AUD/USD,2026-05-09T09:45:00.000Z,SMT veto,True,SMT veto: no opposition detected,REPLAYABLE
AUD/USD|2026-05-09T09:45:00.000Z,AUD/USD,2026-05-09T09:45:00.000Z,R,True,"R:R 2.07 effective (2.16 raw, spread 1.5p)",REPLAYABLE
AUD/USD|2026-05-09T09:45:00.000Z,AUD/USD,2026-05-09T09:45:00.000Z,No recent trades — cooldown OK,True,No recent trades — cooldown OK,REPLAYABLE
AUD/USD|2026-05-09T09:45:00.000Z,AUD/USD,2026-05-09T09:45:00.000Z,No trade history for consecutive loss check,True,No trade history for consecutive loss check,ACCOUNT_STATE
AUD/USD|2026-05-09T09:45:00.000Z,AUD/USD,2026-05-09T09:45:00.000Z,Daily net P&L $+0.00,True,Daily net P&L $+0.00 (gross loss: $0.00),ACCOUNT_STATE
AUD/USD|2026-05-09T09:45:00.000Z,AUD/USD,2026-05-09T09:45:00.000Z,News filter,True,News filter: env not configured — skipped,ACCOUNT_STATE
AUD/USD|2026-05-09T09:45:00.000Z,AUD/USD,2026-05-09T09:45:00.000Z,FOTSI Gate,True,FOTSI Gate: data unavailable — skipped,REPLAYABLE
AUD/USD|2026-05-09T09:45:00.000Z,AUD/USD,2026-05-09T09:45:00.000Z,No correlated conflicts,True,No correlated conflicts (threshold 0.8),ACCOUNT_STATE
AUD/USD|2026-05-09T09:45:00.000Z,AUD/USD,2026-05-09T09:45:00.000Z,Tier 1 gate FAILED,False,"Tier 1 gate FAILED: only 1 core factors — need at least 3 of: Market Structure, Order Block, Fair Value Gap, Premium/Dis",REPLAYABLE
AUD/USD|2026-05-09T09:45:00.000Z,AUD/USD,2026-05-09T09:45:00.000Z,Regime gate,True,Regime gate: OK,REPLAYABLE
AUD/USD|2026-05-09T09:45:00.000Z,AUD/USD,2026-05-09T09:45:00.000Z,[Info] Spread wide,True,[Info] Spread wide (indicative): 155.6% of ATR — info only,REPLAYABLE
USD/CAD|2026-05-09T15:30:00.000Z,USD/CAD,2026-05-09T15:30:00.000Z,[legacy] HTF bias mismatch,False,"[legacy] HTF bias mismatch: Daily is bearish, entry is bullish",REPLAYABLE
USD/CAD|2026-05-09T15:30:00.000Z,USD/CAD,2026-05-09T15:30:00.000Z,P/D zone OK,True,"P/D zone OK (discount, 18.4% of the 5m 5-swing box 1.36737–1.36824)",REPLAYABLE
USD/CAD|2026-05-09T15:30:00.000Z,USD/CAD,2026-05-09T15:30:00.000Z,Structural Conviction [entry],True,Structural Conviction [entry]: Bull 33% / Bear 33% (S2F 33%),REPLAYABLE
USD/CAD|2026-05-09T15:30:00.000Z,USD/CAD,2026-05-09T15:30:00.000Z,Reaction confirmed in ranging market,True,"Reaction confirmed in ranging market: Reversal Candle, Liquidity Sweep, AMD Phase",REPLAYABLE
USD/CAD|2026-05-09T15:30:00.000Z,USD/CAD,2026-05-09T15:30:00.000Z,USD/CAD not in enabled instruments,False,USD/CAD not in enabled instruments,REPLAYABLE
USD/CAD|2026-05-09T15:30:00.000Z,USD/CAD,2026-05-09T15:30:00.000Z,0/7 positions,True,0/7 positions,REPLAYABLE
USD/CAD|2026-05-09T15:30:00.000Z,USD/CAD,2026-05-09T15:30:00.000Z,0/1 for USD/CAD,True,0/1 for USD/CAD,REPLAYABLE
USD/CAD|2026-05-09T15:30:00.000Z,USD/CAD,2026-05-09T15:30:00.000Z,Portfolio heat 0.0%,True,Portfolio heat 0.0%,ACCOUNT_STATE
USD/CAD|2026-05-09T15:30:00.000Z,USD/CAD,2026-05-09T15:30:00.000Z,Daily loss 0.0%,True,Daily loss 0.0%,ACCOUNT_STATE
USD/CAD|2026-05-09T15:30:00.000Z,USD/CAD,2026-05-09T15:30:00.000Z,Drawdown 0.0%,True,Drawdown 0.0%,ACCOUNT_STATE
USD/CAD|2026-05-09T15:30:00.000Z,USD/CAD,2026-05-09T15:30:00.000Z,Score 30.4 < 40 threshold,False,Score 30.4 < 40 threshold,REPLAYABLE
USD/CAD|2026-05-09T15:30:00.000Z,USD/CAD,2026-05-09T15:30:00.000Z,SMT veto,True,SMT veto: no opposition detected,REPLAYABLE
USD/CAD|2026-05-09T15:30:00.000Z,USD/CAD,2026-05-09T15:30:00.000Z,R,True,"R:R 2.07 effective (2.13 raw, spread 1.5p)",REPLAYABLE
USD/CAD|2026-05-09T15:30:00.000Z,USD/CAD,2026-05-09T15:30:00.000Z,No recent trades — cooldown OK,True,No recent trades — cooldown OK,REPLAYABLE
USD/CAD|2026-05-09T15:30:00.000Z,USD/CAD,2026-05-09T15:30:00.000Z,No trade history for consecutive loss check,True,No trade history for consecutive loss check,ACCOUNT_STATE
USD/CAD|2026-05-09T15:30:00.000Z,USD/CAD,2026-05-09T15:30:00.000Z,Daily net P&L $+0.00,True,Daily net P&L $+0.00 (gross loss: $0.00),ACCOUNT_STATE
USD/CAD|2026-05-09T15:30:00.000Z,USD/CAD,2026-05-09T15:30:00.000Z,News filter,True,News filter: env not configured — skipped,ACCOUNT_STATE
USD/CAD|2026-05-09T15:30:00.000Z,USD/CAD,2026-05-09T15:30:00.000Z,FOTSI Gate,True,FOTSI Gate: data unavailable — skipped,REPLAYABLE
USD/CAD|2026-05-09T15:30:00.000Z,USD/CAD,2026-05-09T15:30:00.000Z,No correlated conflicts,True,No correlated conflicts (threshold 0.8),ACCOUNT_STATE
USD/CAD|2026-05-09T15:30:00.000Z,USD/CAD,2026-05-09T15:30:00.000Z,Tier 1 gate FAILED,False,"Tier 1 gate FAILED: only 1 core factors — need at least 3 of: Market Structure, Order Block, Fair Value Gap, Premium/Dis",REPLAYABLE
USD/CAD|2026-05-09T15:30:00.000Z,USD/CAD,2026-05-09T15:30:00.000Z,Regime gate,True,Regime gate: OK,REPLAYABLE
USD/CAD|2026-05-09T15:30:00.000Z,USD/CAD,2026-05-09T15:30:00.000Z,[Info] Spread wide,True,[Info] Spread wide (indicative): 52.4% of ATR — info only,REPLAYABLE
GBP/USD|2026-05-09T18:05:00.000Z,GBP/USD,2026-05-09T18:05:00.000Z,[legacy] HTF bias mismatch,False,"[legacy] HTF bias mismatch: Daily is bullish, entry is bearish",REPLAYABLE
GBP/USD|2026-05-09T18:05:00.000Z,GBP/USD,2026-05-09T18:05:00.000Z,P/D zone OK,True,"P/D zone OK (discount, 41.4% of the 5m 5-swing box 1.36264–1.36322)",REPLAYABLE
GBP/USD|2026-05-09T18:05:00.000Z,GBP/USD,2026-05-09T18:05:00.000Z,Structural Conviction [entry],True,Structural Conviction [entry]: Bear 25% / Bull 50% (S2F 33%),REPLAYABLE
GBP/USD|2026-05-09T18:05:00.000Z,GBP/USD,2026-05-09T18:05:00.000Z,Reaction confirmed in ranging market,True,"Reaction confirmed in ranging market: Reversal Candle, Liquidity Sweep, AMD Phase",REPLAYABLE
GBP/USD|2026-05-09T18:05:00.000Z,GBP/USD,2026-05-09T18:05:00.000Z,GBP/USD enabled,True,GBP/USD enabled,REPLAYABLE
GBP/USD|2026-05-09T18:05:00.000Z,GBP/USD,2026-05-09T18:05:00.000Z,0/7 positions,True,0/7 positions,REPLAYABLE
GBP/USD|2026-05-09T18:05:00.000Z,GBP/USD,2026-05-09T18:05:00.000Z,0/1 for GBP/USD,True,0/1 for GBP/USD,REPLAYABLE
GBP/USD|2026-05-09T18:05:00.000Z,GBP/USD,2026-05-09T18:05:00.000Z,Portfolio heat 0.0%,True,Portfolio heat 0.0%,ACCOUNT_STATE
GBP/USD|2026-05-09T18:05:00.000Z,GBP/USD,2026-05-09T18:05:00.000Z,Daily loss 0.0%,True,Daily loss 0.0%,ACCOUNT_STATE
GBP/USD|2026-05-09T18:05:00.000Z,GBP/USD,2026-05-09T18:05:00.000Z,Drawdown 0.0%,True,Drawdown 0.0%,ACCOUNT_STATE
GBP/USD|2026-05-09T18:05:00.000Z,GBP/USD,2026-05-09T18:05:00.000Z,Score 34.6 < 40 threshold,False,Score 34.6 < 40 threshold,REPLAYABLE
GBP/USD|2026-05-09T18:05:00.000Z,GBP/USD,2026-05-09T18:05:00.000Z,SMT veto,True,SMT veto: no opposition detected,REPLAYABLE
GBP/USD|2026-05-09T18:05:00.000Z,GBP/USD,2026-05-09T18:05:00.000Z,R,True,"R:R 1.99 effective (2.05 raw, spread 1.5p)",REPLAYABLE
GBP/USD|2026-05-09T18:05:00.000Z,GBP/USD,2026-05-09T18:05:00.000Z,No recent trades — cooldown OK,True,No recent trades — cooldown OK,REPLAYABLE
GBP/USD|2026-05-09T18:05:00.000Z,GBP/USD,2026-05-09T18:05:00.000Z,No trade history for consecutive loss check,True,No trade history for consecutive loss check,ACCOUNT_STATE
GBP/USD|2026-05-09T18:05:00.000Z,GBP/USD,2026-05-09T18:05:00.000Z,Daily net P&L $+0.00,True,Daily net P&L $+0.00 (gross loss: $0.00),ACCOUNT_STATE
GBP/USD|2026-05-09T18:05:00.000Z,GBP/USD,2026-05-09T18:05:00.000Z,News filter,True,News filter: env not configured — skipped,ACCOUNT_STATE
GBP/USD|2026-05-09T18:05:00.000Z,GBP/USD,2026-05-09T18:05:00.000Z,FOTSI Gate,True,FOTSI Gate: data unavailable — skipped,REPLAYABLE
GBP/USD|2026-05-09T18:05:00.000Z,GBP/USD,2026-05-09T18:05:00.000Z,No correlated conflicts,True,No correlated conflicts (threshold 0.8),ACCOUNT_STATE
GBP/USD|2026-05-09T18:05:00.000Z,GBP/USD,2026-05-09T18:05:00.000Z,Tier 1 gate FAILED,False,"Tier 1 gate FAILED: only 2 core factors — need at least 3 of: Market Structure, Order Block, Fair Value Gap, Premium/Dis",REPLAYABLE
GBP/USD|2026-05-09T18:05:00.000Z,GBP/USD,2026-05-09T18:05:00.000Z,Regime gate,True,Regime gate: OK,REPLAYABLE
GBP/USD|2026-05-09T18:05:00.000Z,GBP/USD,2026-05-09T18:05:00.000Z,[Info] Spread wide,True,[Info] Spread wide (indicative): 128.4% of ATR — info only,REPLAYABLE
GBP/USD|2026-05-11T08:25:00.000Z,GBP/USD,2026-05-11T08:25:00.000Z,[legacy] HTF bias aligned,True,[legacy] HTF bias aligned: Daily ranging,REPLAYABLE
GBP/USD|2026-05-11T08:25:00.000Z,GBP/USD,2026-05-11T08:25:00.000Z,P/D zone OK,True,"P/D zone OK (premium, 100.0% of the 5m 5-swing box 1.35803–1.36031) — price is OUTSIDE that range (raw 148.2%)",REPLAYABLE
GBP/USD|2026-05-11T08:25:00.000Z,GBP/USD,2026-05-11T08:25:00.000Z,Structural Conviction BLOCKED [entry],False,"Structural Conviction BLOCKED [entry]: Bear fractals 0%, S2F 14%, opposite 33% — no structural support for short",REPLAYABLE
GBP/USD|2026-05-11T08:25:00.000Z,GBP/USD,2026-05-11T08:25:00.000Z,Reaction gate skipped,True,Reaction gate skipped: trend is bullish (not ranging),REPLAYABLE
GBP/USD|2026-05-11T08:25:00.000Z,GBP/USD,2026-05-11T08:25:00.000Z,GBP/USD enabled,True,GBP/USD enabled,REPLAYABLE
GBP/USD|2026-05-11T08:25:00.000Z,GBP/USD,2026-05-11T08:25:00.000Z,0/7 positions,True,0/7 positions,REPLAYABLE
GBP/USD|2026-05-11T08:25:00.000Z,GBP/USD,2026-05-11T08:25:00.000Z,0/1 for GBP/USD,True,0/1 for GBP/USD,REPLAYABLE
GBP/USD|2026-05-11T08:25:00.000Z,GBP/USD,2026-05-11T08:25:00.000Z,Portfolio heat 0.0%,True,Portfolio heat 0.0%,ACCOUNT_STATE
GBP/USD|2026-05-11T08:25:00.000Z,GBP/USD,2026-05-11T08:25:00.000Z,Daily loss 0.0%,True,Daily loss 0.0%,ACCOUNT_STATE
GBP/USD|2026-05-11T08:25:00.000Z,GBP/USD,2026-05-11T08:25:00.000Z,Drawdown 0.0%,True,Drawdown 0.0%,ACCOUNT_STATE
GBP/USD|2026-05-11T08:25:00.000Z,GBP/USD,2026-05-11T08:25:00.000Z,Score 35.4 < 40 threshold,False,Score 35.4 < 40 threshold,REPLAYABLE
GBP/USD|2026-05-11T08:25:00.000Z,GBP/USD,2026-05-11T08:25:00.000Z,SMT veto,True,SMT veto: no opposition detected,REPLAYABLE
GBP/USD|2026-05-11T08:25:00.000Z,GBP/USD,2026-05-11T08:25:00.000Z,R,True,"R:R 2.22 effective (2.28 raw, spread 1.5p)",REPLAYABLE
GBP/USD|2026-05-11T08:25:00.000Z,GBP/USD,2026-05-11T08:25:00.000Z,No recent trades — cooldown OK,True,No recent trades — cooldown OK,REPLAYABLE
GBP/USD|2026-05-11T08:25:00.000Z,GBP/USD,2026-05-11T08:25:00.000Z,No trade history for consecutive loss check,True,No trade history for consecutive loss check,ACCOUNT_STATE
GBP/USD|2026-05-11T08:25:00.000Z,GBP/USD,2026-05-11T08:25:00.000Z,Daily net P&L $+0.00,True,Daily net P&L $+0.00 (gross loss: $0.00),ACCOUNT_STATE
GBP/USD|2026-05-11T08:25:00.000Z,GBP/USD,2026-05-11T08:25:00.000Z,News filter,True,News filter: env not configured — skipped,ACCOUNT_STATE
GBP/USD|2026-05-11T08:25:00.000Z,GBP/USD,2026-05-11T08:25:00.000Z,FOTSI Gate,True,FOTSI Gate: data unavailable — skipped,REPLAYABLE
GBP/USD|2026-05-11T08:25:00.000Z,GBP/USD,2026-05-11T08:25:00.000Z,No correlated conflicts,True,No correlated conflicts (threshold 0.8),ACCOUNT_STATE
GBP/USD|2026-05-11T08:25:00.000Z,GBP/USD,2026-05-11T08:25:00.000Z,Tier 1 gate FAILED,False,"Tier 1 gate FAILED: only 1 core factors — need at least 3 of: Market Structure, Order Block, Fair Value Gap, Premium/Dis",REPLAYABLE
GBP/USD|2026-05-11T08:25:00.000Z,GBP/USD,2026-05-11T08:25:00.000Z,Regime gate,True,Regime gate: OK,REPLAYABLE
GBP/USD|2026-05-11T08:25:00.000Z,GBP/USD,2026-05-11T08:25:00.000Z,[Info] Spread wide,True,[Info] Spread wide (indicative): 28.5% of ATR — info only,REPLAYABLE
USD/CHF|2026-05-11T21:40:00.000Z,USD/CHF,2026-05-11T21:40:00.000Z,[legacy] HTF bias aligned,True,[legacy] HTF bias aligned: Daily ranging,REPLAYABLE
USD/CHF|2026-05-11T21:40:00.000Z,USD/CHF,2026-05-11T21:40:00.000Z,P/D zone OK,True,"P/D zone OK (discount, 43.7% of the 5m 5-swing box 0.77742–0.77838)",REPLAYABLE
USD/CHF|2026-05-11T21:40:00.000Z,USD/CHF,2026-05-11T21:40:00.000Z,Structural Conviction BLOCKED [entry],False,"Structural Conviction BLOCKED [entry]: Bull fractals 0%, S2F 25%, opposite 50% — no structural support for long",REPLAYABLE
USD/CHF|2026-05-11T21:40:00.000Z,USD/CHF,2026-05-11T21:40:00.000Z,Reaction gate skipped,True,Reaction gate skipped: trend is bearish (not ranging),REPLAYABLE
USD/CHF|2026-05-11T21:40:00.000Z,USD/CHF,2026-05-11T21:40:00.000Z,USD/CHF not in enabled instruments,False,USD/CHF not in enabled instruments,REPLAYABLE
USD/CHF|2026-05-11T21:40:00.000Z,USD/CHF,2026-05-11T21:40:00.000Z,0/7 positions,True,0/7 positions,REPLAYABLE
USD/CHF|2026-05-11T21:40:00.000Z,USD/CHF,2026-05-11T21:40:00.000Z,0/1 for USD/CHF,True,0/1 for USD/CHF,REPLAYABLE
USD/CHF|2026-05-11T21:40:00.000Z,USD/CHF,2026-05-11T21:40:00.000Z,Portfolio heat 0.0%,True,Portfolio heat 0.0%,ACCOUNT_STATE
USD/CHF|2026-05-11T21:40:00.000Z,USD/CHF,2026-05-11T21:40:00.000Z,Daily loss 0.0%,True,Daily loss 0.0%,ACCOUNT_STATE
USD/CHF|2026-05-11T21:40:00.000Z,USD/CHF,2026-05-11T21:40:00.000Z,Drawdown 0.0%,True,Drawdown 0.0%,ACCOUNT_STATE
USD/CHF|2026-05-11T21:40:00.000Z,USD/CHF,2026-05-11T21:40:00.000Z,Score 27.1 < 40 threshold,False,Score 27.1 < 40 threshold,REPLAYABLE
USD/CHF|2026-05-11T21:40:00.000Z,USD/CHF,2026-05-11T21:40:00.000Z,SMT veto,True,SMT veto: no opposition detected,REPLAYABLE
USD/CHF|2026-05-11T21:40:00.000Z,USD/CHF,2026-05-11T21:40:00.000Z,R,True,"R:R 2.13 effective (2.21 raw, spread 1.5p)",REPLAYABLE
USD/CHF|2026-05-11T21:40:00.000Z,USD/CHF,2026-05-11T21:40:00.000Z,No recent trades — cooldown OK,True,No recent trades — cooldown OK,REPLAYABLE
USD/CHF|2026-05-11T21:40:00.000Z,USD/CHF,2026-05-11T21:40:00.000Z,No trade history for consecutive loss check,True,No trade history for consecutive loss check,ACCOUNT_STATE
USD/CHF|2026-05-11T21:40:00.000Z,USD/CHF,2026-05-11T21:40:00.000Z,Daily net P&L $+0.00,True,Daily net P&L $+0.00 (gross loss: $0.00),ACCOUNT_STATE
USD/CHF|2026-05-11T21:40:00.000Z,USD/CHF,2026-05-11T21:40:00.000Z,News filter,True,News filter: env not configured — skipped,ACCOUNT_STATE
USD/CHF|2026-05-11T21:40:00.000Z,USD/CHF,2026-05-11T21:40:00.000Z,FOTSI Gate,True,FOTSI Gate: data unavailable — skipped,REPLAYABLE
USD/CHF|2026-05-11T21:40:00.000Z,USD/CHF,2026-05-11T21:40:00.000Z,No correlated conflicts,True,No correlated conflicts (threshold 0.8),ACCOUNT_STATE
USD/CHF|2026-05-11T21:40:00.000Z,USD/CHF,2026-05-11T21:40:00.000Z,Tier 1 gate FAILED,False,"Tier 1 gate FAILED: only 1 core factors — need at least 3 of: Market Structure, Order Block, Fair Value Gap, Premium/Dis",REPLAYABLE
USD/CHF|2026-05-11T21:40:00.000Z,USD/CHF,2026-05-11T21:40:00.000Z,Regime gate,True,Regime gate: OK,REPLAYABLE
USD/CHF|2026-05-11T21:40:00.000Z,USD/CHF,2026-05-11T21:40:00.000Z,[Info] Spread wide,True,[Info] Spread wide (indicative): 37.5% of ATR — info only,REPLAYABLE
USD/JPY|2026-05-12T20:50:00.000Z,USD/JPY,2026-05-12T20:50:00.000Z,[legacy] HTF bias mismatch,False,"[legacy] HTF bias mismatch: Daily is bearish, entry is bullish",REPLAYABLE
USD/JPY|2026-05-12T20:50:00.000Z,USD/JPY,2026-05-12T20:50:00.000Z,P/D zone OK,True,"P/D zone OK (premium, 56.4% of the 5m 5-swing box 157.527–157.765)",REPLAYABLE
USD/JPY|2026-05-12T20:50:00.000Z,USD/JPY,2026-05-12T20:50:00.000Z,Structural Conviction BLOCKED [entry],False,"Structural Conviction BLOCKED [entry]: Bull fractals 0%, S2F 29%, opposite 50% — no structural support for long",REPLAYABLE
USD/JPY|2026-05-12T20:50:00.000Z,USD/JPY,2026-05-12T20:50:00.000Z,Reaction gate skipped,True,Reaction gate skipped: trend is bearish (not ranging),REPLAYABLE
USD/JPY|2026-05-12T20:50:00.000Z,USD/JPY,2026-05-12T20:50:00.000Z,USD/JPY enabled,True,USD/JPY enabled,REPLAYABLE
USD/JPY|2026-05-12T20:50:00.000Z,USD/JPY,2026-05-12T20:50:00.000Z,0/7 positions,True,0/7 positions,REPLAYABLE
USD/JPY|2026-05-12T20:50:00.000Z,USD/JPY,2026-05-12T20:50:00.000Z,0/1 for USD/JPY,True,0/1 for USD/JPY,REPLAYABLE
USD/JPY|2026-05-12T20:50:00.000Z,USD/JPY,2026-05-12T20:50:00.000Z,Portfolio heat 0.0%,True,Portfolio heat 0.0%,ACCOUNT_STATE
USD/JPY|2026-05-12T20:50:00.000Z,USD/JPY,2026-05-12T20:50:00.000Z,Daily loss 0.0%,True,Daily loss 0.0%,ACCOUNT_STATE
USD/JPY|2026-05-12T20:50:00.000Z,USD/JPY,2026-05-12T20:50:00.000Z,Drawdown 0.0%,True,Drawdown 0.0%,ACCOUNT_STATE
USD/JPY|2026-05-12T20:50:00.000Z,USD/JPY,2026-05-12T20:50:00.000Z,Score 43.5 meets threshold,True,Score 43.5 meets threshold,REPLAYABLE
USD/JPY|2026-05-12T20:50:00.000Z,USD/JPY,2026-05-12T20:50:00.000Z,SMT veto,True,SMT veto: no opposition detected,REPLAYABLE
USD/JPY|2026-05-12T20:50:00.000Z,USD/JPY,2026-05-12T20:50:00.000Z,R,True,"R:R 1.99 effective (2.01 raw, spread 1p)",REPLAYABLE
USD/JPY|2026-05-12T20:50:00.000Z,USD/JPY,2026-05-12T20:50:00.000Z,No recent trades — cooldown OK,True,No recent trades — cooldown OK,REPLAYABLE
USD/JPY|2026-05-12T20:50:00.000Z,USD/JPY,2026-05-12T20:50:00.000Z,No trade history for consecutive loss check,True,No trade history for consecutive loss check,ACCOUNT_STATE
USD/JPY|2026-05-12T20:50:00.000Z,USD/JPY,2026-05-12T20:50:00.000Z,Daily net P&L $+0.00,True,Daily net P&L $+0.00 (gross loss: $0.00),ACCOUNT_STATE
USD/JPY|2026-05-12T20:50:00.000Z,USD/JPY,2026-05-12T20:50:00.000Z,News filter,True,News filter: env not configured — skipped,ACCOUNT_STATE
USD/JPY|2026-05-12T20:50:00.000Z,USD/JPY,2026-05-12T20:50:00.000Z,FOTSI Gate,True,FOTSI Gate: data unavailable — skipped,REPLAYABLE
USD/JPY|2026-05-12T20:50:00.000Z,USD/JPY,2026-05-12T20:50:00.000Z,No correlated conflicts,True,No correlated conflicts (threshold 0.8),ACCOUNT_STATE
USD/JPY|2026-05-12T20:50:00.000Z,USD/JPY,2026-05-12T20:50:00.000Z,Tier 1 gate FAILED,False,"Tier 1 gate FAILED: only 2 core factors — need at least 3 of: Market Structure, Order Block, Fair Value Gap, Premium/Dis",REPLAYABLE
USD/JPY|2026-05-12T20:50:00.000Z,USD/JPY,2026-05-12T20:50:00.000Z,Regime gate,True,Regime gate: OK,REPLAYABLE
USD/JPY|2026-05-12T20:50:00.000Z,USD/JPY,2026-05-12T20:50:00.000Z,[Info] Spread OK,True,[Info] Spread OK: 0.3% of ATR,REPLAYABLE
USD/CAD|2026-05-13T08:50:00.000Z,USD/CAD,2026-05-13T08:50:00.000Z,[legacy] HTF bias mismatch,False,"[legacy] HTF bias mismatch: Daily is bearish, entry is bullish",REPLAYABLE
USD/CAD|2026-05-13T08:50:00.000Z,USD/CAD,2026-05-13T08:50:00.000Z,P/D zone OK,True,"P/D zone OK (equilibrium, 53.8% of the 5m 5-swing box 1.36883–1.37106)",REPLAYABLE
USD/CAD|2026-05-13T08:50:00.000Z,USD/CAD,2026-05-13T08:50:00.000Z,Structural Conviction [entry],True,Structural Conviction [entry]: Bull 50% / Bear 0% (S2F 25%),REPLAYABLE
USD/CAD|2026-05-13T08:50:00.000Z,USD/CAD,2026-05-13T08:50:00.000Z,Reaction gate skipped,True,Reaction gate skipped: trend is bearish (not ranging),REPLAYABLE
USD/CAD|2026-05-13T08:50:00.000Z,USD/CAD,2026-05-13T08:50:00.000Z,USD/CAD not in enabled instruments,False,USD/CAD not in enabled instruments,REPLAYABLE
USD/CAD|2026-05-13T08:50:00.000Z,USD/CAD,2026-05-13T08:50:00.000Z,0/7 positions,True,0/7 positions,REPLAYABLE
USD/CAD|2026-05-13T08:50:00.000Z,USD/CAD,2026-05-13T08:50:00.000Z,0/1 for USD/CAD,True,0/1 for USD/CAD,REPLAYABLE
USD/CAD|2026-05-13T08:50:00.000Z,USD/CAD,2026-05-13T08:50:00.000Z,Portfolio heat 0.0%,True,Portfolio heat 0.0%,ACCOUNT_STATE
USD/CAD|2026-05-13T08:50:00.000Z,USD/CAD,2026-05-13T08:50:00.000Z,Daily loss 0.0%,True,Daily loss 0.0%,ACCOUNT_STATE
USD/CAD|2026-05-13T08:50:00.000Z,USD/CAD,2026-05-13T08:50:00.000Z,Drawdown 0.0%,True,Drawdown 0.0%,ACCOUNT_STATE
USD/CAD|2026-05-13T08:50:00.000Z,USD/CAD,2026-05-13T08:50:00.000Z,Score 45.8 meets threshold,True,Score 45.8 meets threshold,REPLAYABLE
USD/CAD|2026-05-13T08:50:00.000Z,USD/CAD,2026-05-13T08:50:00.000Z,SMT veto,True,SMT veto: no opposition detected,REPLAYABLE
USD/CAD|2026-05-13T08:50:00.000Z,USD/CAD,2026-05-13T08:50:00.000Z,R,True,"R:R 2.39 effective (2.48 raw, spread 1.5p)",REPLAYABLE
USD/CAD|2026-05-13T08:50:00.000Z,USD/CAD,2026-05-13T08:50:00.000Z,No recent trades — cooldown OK,True,No recent trades — cooldown OK,REPLAYABLE
USD/CAD|2026-05-13T08:50:00.000Z,USD/CAD,2026-05-13T08:50:00.000Z,No trade history for consecutive loss check,True,No trade history for consecutive loss check,ACCOUNT_STATE
USD/CAD|2026-05-13T08:50:00.000Z,USD/CAD,2026-05-13T08:50:00.000Z,Daily net P&L $+0.00,True,Daily net P&L $+0.00 (gross loss: $0.00),ACCOUNT_STATE
USD/CAD|2026-05-13T08:50:00.000Z,USD/CAD,2026-05-13T08:50:00.000Z,News filter,True,News filter: env not configured — skipped,ACCOUNT_STATE
USD/CAD|2026-05-13T08:50:00.000Z,USD/CAD,2026-05-13T08:50:00.000Z,FOTSI Gate,True,FOTSI Gate: data unavailable — skipped,REPLAYABLE
USD/CAD|2026-05-13T08:50:00.000Z,USD/CAD,2026-05-13T08:50:00.000Z,No correlated conflicts,True,No correlated conflicts (threshold 0.8),ACCOUNT_STATE
USD/CAD|2026-05-13T08:50:00.000Z,USD/CAD,2026-05-13T08:50:00.000Z,Tier 1 gate FAILED,False,"Tier 1 gate FAILED: only 1 core factors — need at least 3 of: Market Structure, Order Block, Fair Value Gap, Premium/Dis",REPLAYABLE
USD/CAD|2026-05-13T08:50:00.000Z,USD/CAD,2026-05-13T08:50:00.000Z,Regime gate,True,Regime gate: OK,REPLAYABLE
USD/CAD|2026-05-13T08:50:00.000Z,USD/CAD,2026-05-13T08:50:00.000Z,[Info] Spread wide,True,[Info] Spread wide (indicative): 36.2% of ATR — info only,REPLAYABLE
AUD/USD|2026-05-14T02:15:00.000Z,AUD/USD,2026-05-14T02:15:00.000Z,[legacy] HTF bias aligned,True,[legacy] HTF bias aligned: Daily bullish,REPLAYABLE
AUD/USD|2026-05-14T02:15:00.000Z,AUD/USD,2026-05-14T02:15:00.000Z,P/D zone OK,True,"P/D zone OK (discount, 6.0% of the 5m 5-swing box 0.72476–0.72610)",REPLAYABLE
AUD/USD|2026-05-14T02:15:00.000Z,AUD/USD,2026-05-14T02:15:00.000Z,Structural Conviction BLOCKED [entry],False,"Structural Conviction BLOCKED [entry]: Bull fractals 0%, S2F 14%, opposite 50% — no structural support for long",REPLAYABLE
AUD/USD|2026-05-14T02:15:00.000Z,AUD/USD,2026-05-14T02:15:00.000Z,Reaction gate skipped,True,Reaction gate skipped: trend is bearish (not ranging),REPLAYABLE
AUD/USD|2026-05-14T02:15:00.000Z,AUD/USD,2026-05-14T02:15:00.000Z,AUD/USD not in enabled instruments,False,AUD/USD not in enabled instruments,REPLAYABLE
AUD/USD|2026-05-14T02:15:00.000Z,AUD/USD,2026-05-14T02:15:00.000Z,0/7 positions,True,0/7 positions,REPLAYABLE
AUD/USD|2026-05-14T02:15:00.000Z,AUD/USD,2026-05-14T02:15:00.000Z,0/1 for AUD/USD,True,0/1 for AUD/USD,REPLAYABLE
AUD/USD|2026-05-14T02:15:00.000Z,AUD/USD,2026-05-14T02:15:00.000Z,Portfolio heat 0.0%,True,Portfolio heat 0.0%,ACCOUNT_STATE
AUD/USD|2026-05-14T02:15:00.000Z,AUD/USD,2026-05-14T02:15:00.000Z,Daily loss 0.0%,True,Daily loss 0.0%,ACCOUNT_STATE
AUD/USD|2026-05-14T02:15:00.000Z,AUD/USD,2026-05-14T02:15:00.000Z,Drawdown 0.0%,True,Drawdown 0.0%,ACCOUNT_STATE
AUD/USD|2026-05-14T02:15:00.000Z,AUD/USD,2026-05-14T02:15:00.000Z,Score 26 < 40 threshold,False,Score 26 < 40 threshold,REPLAYABLE
AUD/USD|2026-05-14T02:15:00.000Z,AUD/USD,2026-05-14T02:15:00.000Z,SMT veto,True,SMT veto: no opposition detected,REPLAYABLE
AUD/USD|2026-05-14T02:15:00.000Z,AUD/USD,2026-05-14T02:15:00.000Z,R,True,"R:R 1.95 effective (2.03 raw, spread 1.5p)",REPLAYABLE
AUD/USD|2026-05-14T02:15:00.000Z,AUD/USD,2026-05-14T02:15:00.000Z,No recent trades — cooldown OK,True,No recent trades — cooldown OK,REPLAYABLE
AUD/USD|2026-05-14T02:15:00.000Z,AUD/USD,2026-05-14T02:15:00.000Z,No trade history for consecutive loss check,True,No trade history for consecutive loss check,ACCOUNT_STATE
AUD/USD|2026-05-14T02:15:00.000Z,AUD/USD,2026-05-14T02:15:00.000Z,Daily net P&L $+0.00,True,Daily net P&L $+0.00 (gross loss: $0.00),ACCOUNT_STATE
AUD/USD|2026-05-14T02:15:00.000Z,AUD/USD,2026-05-14T02:15:00.000Z,News filter,True,News filter: env not configured — skipped,ACCOUNT_STATE
AUD/USD|2026-05-14T02:15:00.000Z,AUD/USD,2026-05-14T02:15:00.000Z,FOTSI Gate,True,FOTSI Gate: data unavailable — skipped,REPLAYABLE
AUD/USD|2026-05-14T02:15:00.000Z,AUD/USD,2026-05-14T02:15:00.000Z,No correlated conflicts,True,No correlated conflicts (threshold 0.8),ACCOUNT_STATE
AUD/USD|2026-05-14T02:15:00.000Z,AUD/USD,2026-05-14T02:15:00.000Z,Tier 1 gate FAILED,False,"Tier 1 gate FAILED: only 1 core factors — need at least 3 of: Market Structure, Order Block, Fair Value Gap, Premium/Dis",REPLAYABLE
AUD/USD|2026-05-14T02:15:00.000Z,AUD/USD,2026-05-14T02:15:00.000Z,Regime gate,True,Regime gate: OK,REPLAYABLE
AUD/USD|2026-05-14T02:15:00.000Z,AUD/USD,2026-05-14T02:15:00.000Z,[Info] Spread wide,True,[Info] Spread wide (indicative): 50.5% of ATR — info only,REPLAYABLE
USD/CAD|2026-05-17T19:35:00.000Z,USD/CAD,2026-05-17T19:35:00.000Z,[legacy] HTF bias mismatch,False,"[legacy] HTF bias mismatch: Daily is bearish, entry is bullish",REPLAYABLE
USD/CAD|2026-05-17T19:35:00.000Z,USD/CAD,2026-05-17T19:35:00.000Z,P/D zone OK,True,"P/D zone OK (premium, 79.6% of the 5m 5-swing box 1.37406–1.37568)",REPLAYABLE
USD/CAD|2026-05-17T19:35:00.000Z,USD/CAD,2026-05-17T19:35:00.000Z,Structural Conviction [entry],True,Structural Conviction [entry]: Bull 25% / Bear 0% (S2F 13%),REPLAYABLE
USD/CAD|2026-05-17T19:35:00.000Z,USD/CAD,2026-05-17T19:35:00.000Z,Reaction confirmed in ranging market,True,"Reaction confirmed in ranging market: Reversal Candle, Liquidity Sweep, Displacement, AMD Phase",REPLAYABLE
USD/CAD|2026-05-17T19:35:00.000Z,USD/CAD,2026-05-17T19:35:00.000Z,USD/CAD not in enabled instruments,False,USD/CAD not in enabled instruments,REPLAYABLE
USD/CAD|2026-05-17T19:35:00.000Z,USD/CAD,2026-05-17T19:35:00.000Z,0/7 positions,True,0/7 positions,REPLAYABLE
USD/CAD|2026-05-17T19:35:00.000Z,USD/CAD,2026-05-17T19:35:00.000Z,0/1 for USD/CAD,True,0/1 for USD/CAD,REPLAYABLE
USD/CAD|2026-05-17T19:35:00.000Z,USD/CAD,2026-05-17T19:35:00.000Z,Portfolio heat 0.0%,True,Portfolio heat 0.0%,ACCOUNT_STATE
USD/CAD|2026-05-17T19:35:00.000Z,USD/CAD,2026-05-17T19:35:00.000Z,Daily loss 0.0%,True,Daily loss 0.0%,ACCOUNT_STATE
USD/CAD|2026-05-17T19:35:00.000Z,USD/CAD,2026-05-17T19:35:00.000Z,Drawdown 0.0%,True,Drawdown 0.0%,ACCOUNT_STATE
USD/CAD|2026-05-17T19:35:00.000Z,USD/CAD,2026-05-17T19:35:00.000Z,Score 36 < 40 threshold,False,Score 36 < 40 threshold,REPLAYABLE
USD/CAD|2026-05-17T19:35:00.000Z,USD/CAD,2026-05-17T19:35:00.000Z,SMT veto,True,SMT veto: no opposition detected,REPLAYABLE
USD/CAD|2026-05-17T19:35:00.000Z,USD/CAD,2026-05-17T19:35:00.000Z,R,False,"R:R 1.54 raw, 1.46 effective (spread 1.5p) < 1.5 min",REPLAYABLE
USD/CAD|2026-05-17T19:35:00.000Z,USD/CAD,2026-05-17T19:35:00.000Z,No recent trades — cooldown OK,True,No recent trades — cooldown OK,REPLAYABLE
USD/CAD|2026-05-17T19:35:00.000Z,USD/CAD,2026-05-17T19:35:00.000Z,No trade history for consecutive loss check,True,No trade history for consecutive loss check,ACCOUNT_STATE
USD/CAD|2026-05-17T19:35:00.000Z,USD/CAD,2026-05-17T19:35:00.000Z,Daily net P&L $+0.00,True,Daily net P&L $+0.00 (gross loss: $0.00),ACCOUNT_STATE
USD/CAD|2026-05-17T19:35:00.000Z,USD/CAD,2026-05-17T19:35:00.000Z,News filter,True,News filter: env not configured — skipped,ACCOUNT_STATE
USD/CAD|2026-05-17T19:35:00.000Z,USD/CAD,2026-05-17T19:35:00.000Z,FOTSI Gate,True,FOTSI Gate: data unavailable — skipped,REPLAYABLE
USD/CAD|2026-05-17T19:35:00.000Z,USD/CAD,2026-05-17T19:35:00.000Z,No correlated conflicts,True,No correlated conflicts (threshold 0.8),ACCOUNT_STATE
USD/CAD|2026-05-17T19:35:00.000Z,USD/CAD,2026-05-17T19:35:00.000Z,Tier 1 gate FAILED,False,"Tier 1 gate FAILED: only 1 core factors — need at least 3 of: Market Structure, Order Block, Fair Value Gap, Premium/Dis",REPLAYABLE
USD/CAD|2026-05-17T19:35:00.000Z,USD/CAD,2026-05-17T19:35:00.000Z,Regime gate,True,Regime gate: OK,REPLAYABLE
USD/CAD|2026-05-17T19:35:00.000Z,USD/CAD,2026-05-17T19:35:00.000Z,[Info] Spread OK,True,[Info] Spread OK: 19.0% of ATR,REPLAYABLE
USD/JPY|2026-05-18T08:10:00.000Z,USD/JPY,2026-05-18T08:10:00.000Z,[legacy] HTF bias aligned,True,[legacy] HTF bias aligned: Daily ranging,REPLAYABLE
USD/JPY|2026-05-18T08:10:00.000Z,USD/JPY,2026-05-18T08:10:00.000Z,P/D zone OK,True,"P/D zone OK (discount, 37.4% of the 5m 5-swing box 158.816–159.068)",REPLAYABLE
USD/JPY|2026-05-18T08:10:00.000Z,USD/JPY,2026-05-18T08:10:00.000Z,Structural Conviction [entry],True,Structural Conviction [entry]: Bear 75% / Bull 0% (S2F 43%),REPLAYABLE
USD/JPY|2026-05-18T08:10:00.000Z,USD/JPY,2026-05-18T08:10:00.000Z,Reaction confirmed in ranging market,True,"Reaction confirmed in ranging market: Liquidity Sweep, AMD Phase",REPLAYABLE
USD/JPY|2026-05-18T08:10:00.000Z,USD/JPY,2026-05-18T08:10:00.000Z,USD/JPY enabled,True,USD/JPY enabled,REPLAYABLE
USD/JPY|2026-05-18T08:10:00.000Z,USD/JPY,2026-05-18T08:10:00.000Z,0/7 positions,True,0/7 positions,REPLAYABLE
USD/JPY|2026-05-18T08:10:00.000Z,USD/JPY,2026-05-18T08:10:00.000Z,0/1 for USD/JPY,True,0/1 for USD/JPY,REPLAYABLE
USD/JPY|2026-05-18T08:10:00.000Z,USD/JPY,2026-05-18T08:10:00.000Z,Portfolio heat 0.0%,True,Portfolio heat 0.0%,ACCOUNT_STATE
USD/JPY|2026-05-18T08:10:00.000Z,USD/JPY,2026-05-18T08:10:00.000Z,Daily loss 0.0%,True,Daily loss 0.0%,ACCOUNT_STATE
USD/JPY|2026-05-18T08:10:00.000Z,USD/JPY,2026-05-18T08:10:00.000Z,Drawdown 0.0%,True,Drawdown 0.0%,ACCOUNT_STATE
USD/JPY|2026-05-18T08:10:00.000Z,USD/JPY,2026-05-18T08:10:00.000Z,Score 32.8 < 40 threshold,False,Score 32.8 < 40 threshold,REPLAYABLE
USD/JPY|2026-05-18T08:10:00.000Z,USD/JPY,2026-05-18T08:10:00.000Z,SMT veto,True,SMT veto: no opposition detected,REPLAYABLE
USD/JPY|2026-05-18T08:10:00.000Z,USD/JPY,2026-05-18T08:10:00.000Z,R,True,"R:R 2.07 effective (2.12 raw, spread 1p)",REPLAYABLE
USD/JPY|2026-05-18T08:10:00.000Z,USD/JPY,2026-05-18T08:10:00.000Z,No recent trades — cooldown OK,True,No recent trades — cooldown OK,REPLAYABLE
USD/JPY|2026-05-18T08:10:00.000Z,USD/JPY,2026-05-18T08:10:00.000Z,No trade history for consecutive loss check,True,No trade history for consecutive loss check,ACCOUNT_STATE
USD/JPY|2026-05-18T08:10:00.000Z,USD/JPY,2026-05-18T08:10:00.000Z,Daily net P&L $+0.00,True,Daily net P&L $+0.00 (gross loss: $0.00),ACCOUNT_STATE
USD/JPY|2026-05-18T08:10:00.000Z,USD/JPY,2026-05-18T08:10:00.000Z,News filter,True,News filter: env not configured — skipped,ACCOUNT_STATE
USD/JPY|2026-05-18T08:10:00.000Z,USD/JPY,2026-05-18T08:10:00.000Z,FOTSI Gate,True,FOTSI Gate: data unavailable — skipped,REPLAYABLE
USD/JPY|2026-05-18T08:10:00.000Z,USD/JPY,2026-05-18T08:10:00.000Z,No correlated conflicts,True,No correlated conflicts (threshold 0.8),ACCOUNT_STATE
USD/JPY|2026-05-18T08:10:00.000Z,USD/JPY,2026-05-18T08:10:00.000Z,Tier 1 gate FAILED,False,"Tier 1 gate FAILED: only 1 core factors — need at least 3 of: Market Structure, Order Block, Fair Value Gap, Premium/Dis",REPLAYABLE
USD/JPY|2026-05-18T08:10:00.000Z,USD/JPY,2026-05-18T08:10:00.000Z,Regime gate,True,Regime gate: OK,REPLAYABLE
USD/JPY|2026-05-18T08:10:00.000Z,USD/JPY,2026-05-18T08:10:00.000Z,[Info] Spread OK,True,[Info] Spread OK: 0.2% of ATR,REPLAYABLE
EUR/USD|2026-05-18T15:45:00.000Z,EUR/USD,2026-05-18T15:45:00.000Z,[legacy] HTF bias mismatch,False,"[legacy] HTF bias mismatch: Daily is bullish, entry is bearish",REPLAYABLE
EUR/USD|2026-05-18T15:45:00.000Z,EUR/USD,2026-05-18T15:45:00.000Z,P/D zone OK,True,"P/D zone OK (premium, 63.7% of the 5m 5-swing box 1.16335–1.16572)",REPLAYABLE
EUR/USD|2026-05-18T15:45:00.000Z,EUR/USD,2026-05-18T15:45:00.000Z,Structural Conviction [entry],True,Structural Conviction [entry]: Bear 40% / Bull 25% (S2F 33%),REPLAYABLE
EUR/USD|2026-05-18T15:45:00.000Z,EUR/USD,2026-05-18T15:45:00.000Z,Reaction gate skipped,True,Reaction gate skipped: trend is bearish (not ranging),REPLAYABLE
EUR/USD|2026-05-18T15:45:00.000Z,EUR/USD,2026-05-18T15:45:00.000Z,EUR/USD enabled,True,EUR/USD enabled,REPLAYABLE
EUR/USD|2026-05-18T15:45:00.000Z,EUR/USD,2026-05-18T15:45:00.000Z,0/7 positions,True,0/7 positions,REPLAYABLE
EUR/USD|2026-05-18T15:45:00.000Z,EUR/USD,2026-05-18T15:45:00.000Z,0/1 for EUR/USD,True,0/1 for EUR/USD,REPLAYABLE
EUR/USD|2026-05-18T15:45:00.000Z,EUR/USD,2026-05-18T15:45:00.000Z,Portfolio heat 0.0%,True,Portfolio heat 0.0%,ACCOUNT_STATE
EUR/USD|2026-05-18T15:45:00.000Z,EUR/USD,2026-05-18T15:45:00.000Z,Daily loss 0.0%,True,Daily loss 0.0%,ACCOUNT_STATE
EUR/USD|2026-05-18T15:45:00.000Z,EUR/USD,2026-05-18T15:45:00.000Z,Drawdown 0.0%,True,Drawdown 0.0%,ACCOUNT_STATE
EUR/USD|2026-05-18T15:45:00.000Z,EUR/USD,2026-05-18T15:45:00.000Z,Score 36.5 < 40 threshold,False,Score 36.5 < 40 threshold,REPLAYABLE
EUR/USD|2026-05-18T15:45:00.000Z,EUR/USD,2026-05-18T15:45:00.000Z,SMT veto,True,SMT veto: no opposition detected,REPLAYABLE
EUR/USD|2026-05-18T15:45:00.000Z,EUR/USD,2026-05-18T15:45:00.000Z,R,True,"R:R 2.24 effective (2.30 raw, spread 1p)",REPLAYABLE
EUR/USD|2026-05-18T15:45:00.000Z,EUR/USD,2026-05-18T15:45:00.000Z,No recent trades — cooldown OK,True,No recent trades — cooldown OK,REPLAYABLE
EUR/USD|2026-05-18T15:45:00.000Z,EUR/USD,2026-05-18T15:45:00.000Z,No trade history for consecutive loss check,True,No trade history for consecutive loss check,ACCOUNT_STATE
EUR/USD|2026-05-18T15:45:00.000Z,EUR/USD,2026-05-18T15:45:00.000Z,Daily net P&L $+0.00,True,Daily net P&L $+0.00 (gross loss: $0.00),ACCOUNT_STATE
EUR/USD|2026-05-18T15:45:00.000Z,EUR/USD,2026-05-18T15:45:00.000Z,News filter,True,News filter: env not configured — skipped,ACCOUNT_STATE
EUR/USD|2026-05-18T15:45:00.000Z,EUR/USD,2026-05-18T15:45:00.000Z,FOTSI Gate,True,FOTSI Gate: data unavailable — skipped,REPLAYABLE
EUR/USD|2026-05-18T15:45:00.000Z,EUR/USD,2026-05-18T15:45:00.000Z,No correlated conflicts,True,No correlated conflicts (threshold 0.8),ACCOUNT_STATE
EUR/USD|2026-05-18T15:45:00.000Z,EUR/USD,2026-05-18T15:45:00.000Z,Tier 1 gate FAILED,False,"Tier 1 gate FAILED: only 2 core factors — need at least 3 of: Market Structure, Order Block, Fair Value Gap, Premium/Dis",REPLAYABLE
EUR/USD|2026-05-18T15:45:00.000Z,EUR/USD,2026-05-18T15:45:00.000Z,Regime gate,True,Regime gate: OK,REPLAYABLE
EUR/USD|2026-05-18T15:45:00.000Z,EUR/USD,2026-05-18T15:45:00.000Z,[Info] Spread wide,True,[Info] Spread wide (indicative): 23.5% of ATR — info only,REPLAYABLE
USD/CHF|2026-05-19T06:30:00.000Z,USD/CHF,2026-05-19T06:30:00.000Z,[legacy] HTF bias aligned,True,[legacy] HTF bias aligned: Daily bearish,REPLAYABLE
USD/CHF|2026-05-19T06:30:00.000Z,USD/CHF,2026-05-19T06:30:00.000Z,P/D zone OK,True,"P/D zone OK (discount, 19.2% of the 5m 5-swing box 0.78527–0.78600)",REPLAYABLE
USD/CHF|2026-05-19T06:30:00.000Z,USD/CHF,2026-05-19T06:30:00.000Z,Structural Conviction [entry],True,Structural Conviction [entry]: Bear 25% / Bull 25% (S2F 25%),REPLAYABLE
USD/CHF|2026-05-19T06:30:00.000Z,USD/CHF,2026-05-19T06:30:00.000Z,Reaction gate skipped,True,Reaction gate skipped: trend is bearish (not ranging),REPLAYABLE
USD/CHF|2026-05-19T06:30:00.000Z,USD/CHF,2026-05-19T06:30:00.000Z,USD/CHF not in enabled instruments,False,USD/CHF not in enabled instruments,REPLAYABLE
USD/CHF|2026-05-19T06:30:00.000Z,USD/CHF,2026-05-19T06:30:00.000Z,0/7 positions,True,0/7 positions,REPLAYABLE
USD/CHF|2026-05-19T06:30:00.000Z,USD/CHF,2026-05-19T06:30:00.000Z,0/1 for USD/CHF,True,0/1 for USD/CHF,REPLAYABLE
USD/CHF|2026-05-19T06:30:00.000Z,USD/CHF,2026-05-19T06:30:00.000Z,Portfolio heat 0.0%,True,Portfolio heat 0.0%,ACCOUNT_STATE
USD/CHF|2026-05-19T06:30:00.000Z,USD/CHF,2026-05-19T06:30:00.000Z,Daily loss 0.0%,True,Daily loss 0.0%,ACCOUNT_STATE
USD/CHF|2026-05-19T06:30:00.000Z,USD/CHF,2026-05-19T06:30:00.000Z,Drawdown 0.0%,True,Drawdown 0.0%,ACCOUNT_STATE
USD/CHF|2026-05-19T06:30:00.000Z,USD/CHF,2026-05-19T06:30:00.000Z,Score 29.2 < 40 threshold,False,Score 29.2 < 40 threshold,REPLAYABLE
USD/CHF|2026-05-19T06:30:00.000Z,USD/CHF,2026-05-19T06:30:00.000Z,SMT veto,True,SMT veto: no opposition detected,REPLAYABLE
USD/CHF|2026-05-19T06:30:00.000Z,USD/CHF,2026-05-19T06:30:00.000Z,R,True,"R:R 2.00 effective (2.09 raw, spread 1.5p)",REPLAYABLE
USD/CHF|2026-05-19T06:30:00.000Z,USD/CHF,2026-05-19T06:30:00.000Z,No recent trades — cooldown OK,True,No recent trades — cooldown OK,REPLAYABLE
USD/CHF|2026-05-19T06:30:00.000Z,USD/CHF,2026-05-19T06:30:00.000Z,No trade history for consecutive loss check,True,No trade history for consecutive loss check,ACCOUNT_STATE
USD/CHF|2026-05-19T06:30:00.000Z,USD/CHF,2026-05-19T06:30:00.000Z,Daily net P&L $+0.00,True,Daily net P&L $+0.00 (gross loss: $0.00),ACCOUNT_STATE
USD/CHF|2026-05-19T06:30:00.000Z,USD/CHF,2026-05-19T06:30:00.000Z,News filter,True,News filter: env not configured — skipped,ACCOUNT_STATE
USD/CHF|2026-05-19T06:30:00.000Z,USD/CHF,2026-05-19T06:30:00.000Z,FOTSI Gate,True,FOTSI Gate: data unavailable — skipped,REPLAYABLE
USD/CHF|2026-05-19T06:30:00.000Z,USD/CHF,2026-05-19T06:30:00.000Z,No correlated conflicts,True,No correlated conflicts (threshold 0.8),ACCOUNT_STATE
USD/CHF|2026-05-19T06:30:00.000Z,USD/CHF,2026-05-19T06:30:00.000Z,Tier 1 gate FAILED,False,"Tier 1 gate FAILED: only 1 core factors — need at least 3 of: Market Structure, Order Block, Fair Value Gap, Premium/Dis",REPLAYABLE
USD/CHF|2026-05-19T06:30:00.000Z,USD/CHF,2026-05-19T06:30:00.000Z,Regime gate,True,Regime gate: OK,REPLAYABLE
USD/CHF|2026-05-19T06:30:00.000Z,USD/CHF,2026-05-19T06:30:00.000Z,[Info] Spread wide,True,[Info] Spread wide (indicative): 41.5% of ATR — info only,REPLAYABLE
USD/JPY|2026-05-20T21:55:00.000Z,USD/JPY,2026-05-20T21:55:00.000Z,[legacy] HTF bias aligned,True,[legacy] HTF bias aligned: Daily ranging,REPLAYABLE
USD/JPY|2026-05-20T21:55:00.000Z,USD/JPY,2026-05-20T21:55:00.000Z,P/D zone OK,True,"P/D zone OK (equilibrium, 48.8% of the 5m 5-swing box 158.760–158.961)",REPLAYABLE
USD/JPY|2026-05-20T21:55:00.000Z,USD/JPY,2026-05-20T21:55:00.000Z,Structural Conviction [entry],True,Structural Conviction [entry]: Bull 40% / Bear 0% (S2F 25%),REPLAYABLE
USD/JPY|2026-05-20T21:55:00.000Z,USD/JPY,2026-05-20T21:55:00.000Z,Reaction gate skipped,True,Reaction gate skipped: trend is bullish (not ranging),REPLAYABLE
USD/JPY|2026-05-20T21:55:00.000Z,USD/JPY,2026-05-20T21:55:00.000Z,USD/JPY enabled,True,USD/JPY enabled,REPLAYABLE
USD/JPY|2026-05-20T21:55:00.000Z,USD/JPY,2026-05-20T21:55:00.000Z,0/7 positions,True,0/7 positions,REPLAYABLE
USD/JPY|2026-05-20T21:55:00.000Z,USD/JPY,2026-05-20T21:55:00.000Z,0/1 for USD/JPY,True,0/1 for USD/JPY,REPLAYABLE
USD/JPY|2026-05-20T21:55:00.000Z,USD/JPY,2026-05-20T21:55:00.000Z,Portfolio heat 0.0%,True,Portfolio heat 0.0%,ACCOUNT_STATE
USD/JPY|2026-05-20T21:55:00.000Z,USD/JPY,2026-05-20T21:55:00.000Z,Daily loss 0.0%,True,Daily loss 0.0%,ACCOUNT_STATE
USD/JPY|2026-05-20T21:55:00.000Z,USD/JPY,2026-05-20T21:55:00.000Z,Drawdown 0.0%,True,Drawdown 0.0%,ACCOUNT_STATE
USD/JPY|2026-05-20T21:55:00.000Z,USD/JPY,2026-05-20T21:55:00.000Z,Score 37.5 < 40 threshold,False,Score 37.5 < 40 threshold,REPLAYABLE
USD/JPY|2026-05-20T21:55:00.000Z,USD/JPY,2026-05-20T21:55:00.000Z,SMT veto,True,SMT veto: no opposition detected,REPLAYABLE
USD/JPY|2026-05-20T21:55:00.000Z,USD/JPY,2026-05-20T21:55:00.000Z,R,True,"R:R 2.06 effective (2.10 raw, spread 1p)",REPLAYABLE
USD/JPY|2026-05-20T21:55:00.000Z,USD/JPY,2026-05-20T21:55:00.000Z,No recent trades — cooldown OK,True,No recent trades — cooldown OK,REPLAYABLE
USD/JPY|2026-05-20T21:55:00.000Z,USD/JPY,2026-05-20T21:55:00.000Z,No trade history for consecutive loss check,True,No trade history for consecutive loss check,ACCOUNT_STATE
USD/JPY|2026-05-20T21:55:00.000Z,USD/JPY,2026-05-20T21:55:00.000Z,Daily net P&L $+0.00,True,Daily net P&L $+0.00 (gross loss: $0.00),ACCOUNT_STATE
USD/JPY|2026-05-20T21:55:00.000Z,USD/JPY,2026-05-20T21:55:00.000Z,News filter,True,News filter: env not configured — skipped,ACCOUNT_STATE
USD/JPY|2026-05-20T21:55:00.000Z,USD/JPY,2026-05-20T21:55:00.000Z,FOTSI Gate,True,FOTSI Gate: data unavailable — skipped,REPLAYABLE
USD/JPY|2026-05-20T21:55:00.000Z,USD/JPY,2026-05-20T21:55:00.000Z,No correlated conflicts,True,No correlated conflicts (threshold 0.8),ACCOUNT_STATE
USD/JPY|2026-05-20T21:55:00.000Z,USD/JPY,2026-05-20T21:55:00.000Z,Tier 1 gate FAILED,False,"Tier 1 gate FAILED: only 2 core factors — need at least 3 of: Market Structure, Order Block, Fair Value Gap, Premium/Dis",REPLAYABLE
USD/JPY|2026-05-20T21:55:00.000Z,USD/JPY,2026-05-20T21:55:00.000Z,Regime gate,True,Regime gate: OK,REPLAYABLE
USD/JPY|2026-05-20T21:55:00.000Z,USD/JPY,2026-05-20T21:55:00.000Z,[Info] Spread OK,True,[Info] Spread OK: 0.4% of ATR,REPLAYABLE
EUR/USD|2026-05-20T23:30:00.000Z,EUR/USD,2026-05-20T23:30:00.000Z,[legacy] HTF bias mismatch,False,"[legacy] HTF bias mismatch: Daily is bullish, entry is bearish",REPLAYABLE
EUR/USD|2026-05-20T23:30:00.000Z,EUR/USD,2026-05-20T23:30:00.000Z,P/D zone OK,True,"P/D zone OK (equilibrium, 45.3% of the 5m 5-swing box 1.16171–1.16343)",REPLAYABLE
EUR/USD|2026-05-20T23:30:00.000Z,EUR/USD,2026-05-20T23:30:00.000Z,Structural Conviction [entry],True,Structural Conviction [entry]: Bear 0% / Bull 40% (S2F 29%),REPLAYABLE
EUR/USD|2026-05-20T23:30:00.000Z,EUR/USD,2026-05-20T23:30:00.000Z,Reaction confirmed in ranging market,True,Reaction confirmed in ranging market: Liquidity Sweep,REPLAYABLE
EUR/USD|2026-05-20T23:30:00.000Z,EUR/USD,2026-05-20T23:30:00.000Z,EUR/USD enabled,True,EUR/USD enabled,REPLAYABLE
EUR/USD|2026-05-20T23:30:00.000Z,EUR/USD,2026-05-20T23:30:00.000Z,0/7 positions,True,0/7 positions,REPLAYABLE
EUR/USD|2026-05-20T23:30:00.000Z,EUR/USD,2026-05-20T23:30:00.000Z,0/1 for EUR/USD,True,0/1 for EUR/USD,REPLAYABLE
EUR/USD|2026-05-20T23:30:00.000Z,EUR/USD,2026-05-20T23:30:00.000Z,Portfolio heat 0.0%,True,Portfolio heat 0.0%,ACCOUNT_STATE
EUR/USD|2026-05-20T23:30:00.000Z,EUR/USD,2026-05-20T23:30:00.000Z,Daily loss 0.0%,True,Daily loss 0.0%,ACCOUNT_STATE
EUR/USD|2026-05-20T23:30:00.000Z,EUR/USD,2026-05-20T23:30:00.000Z,Drawdown 0.0%,True,Drawdown 0.0%,ACCOUNT_STATE
EUR/USD|2026-05-20T23:30:00.000Z,EUR/USD,2026-05-20T23:30:00.000Z,Score 15.5 < 40 threshold,False,Score 15.5 < 40 threshold,REPLAYABLE
EUR/USD|2026-05-20T23:30:00.000Z,EUR/USD,2026-05-20T23:30:00.000Z,SMT veto,True,SMT veto: no opposition detected,REPLAYABLE
EUR/USD|2026-05-20T23:30:00.000Z,EUR/USD,2026-05-20T23:30:00.000Z,R,True,"R:R 1.98 effective (2.03 raw, spread 1p)",REPLAYABLE
EUR/USD|2026-05-20T23:30:00.000Z,EUR/USD,2026-05-20T23:30:00.000Z,No recent trades — cooldown OK,True,No recent trades — cooldown OK,REPLAYABLE
EUR/USD|2026-05-20T23:30:00.000Z,EUR/USD,2026-05-20T23:30:00.000Z,No trade history for consecutive loss check,True,No trade history for consecutive loss check,ACCOUNT_STATE
EUR/USD|2026-05-20T23:30:00.000Z,EUR/USD,2026-05-20T23:30:00.000Z,Daily net P&L $+0.00,True,Daily net P&L $+0.00 (gross loss: $0.00),ACCOUNT_STATE
EUR/USD|2026-05-20T23:30:00.000Z,EUR/USD,2026-05-20T23:30:00.000Z,News filter,True,News filter: env not configured — skipped,ACCOUNT_STATE
EUR/USD|2026-05-20T23:30:00.000Z,EUR/USD,2026-05-20T23:30:00.000Z,FOTSI Gate,True,FOTSI Gate: data unavailable — skipped,REPLAYABLE
EUR/USD|2026-05-20T23:30:00.000Z,EUR/USD,2026-05-20T23:30:00.000Z,No correlated conflicts,True,No correlated conflicts (threshold 0.8),ACCOUNT_STATE
EUR/USD|2026-05-20T23:30:00.000Z,EUR/USD,2026-05-20T23:30:00.000Z,Tier 1 gate FAILED,False,"Tier 1 gate FAILED: only 1 core factors — need at least 3 of: Market Structure, Order Block, Fair Value Gap, Premium/Dis",REPLAYABLE
EUR/USD|2026-05-20T23:30:00.000Z,EUR/USD,2026-05-20T23:30:00.000Z,Regime gate,True,Regime gate: OK,REPLAYABLE
EUR/USD|2026-05-20T23:30:00.000Z,EUR/USD,2026-05-20T23:30:00.000Z,[Info] Spread wide,True,[Info] Spread wide (indicative): 62.8% of ATR — info only,REPLAYABLE
GBP/USD|2026-05-21T02:50:00.000Z,GBP/USD,2026-05-21T02:50:00.000Z,[legacy] HTF bias aligned,True,[legacy] HTF bias aligned: Daily bullish,REPLAYABLE
GBP/USD|2026-05-21T02:50:00.000Z,GBP/USD,2026-05-21T02:50:00.000Z,P/D zone OK,True,"P/D zone OK (discount, 0.0% of the 5m 5-swing box 1.34297–1.34450) — price is OUTSIDE that range (raw -34.6%)",REPLAYABLE
GBP/USD|2026-05-21T02:50:00.000Z,GBP/USD,2026-05-21T02:50:00.000Z,Structural Conviction [entry],True,Structural Conviction [entry]: Bull 33% / Bear 33% (S2F 33%),REPLAYABLE
GBP/USD|2026-05-21T02:50:00.000Z,GBP/USD,2026-05-21T02:50:00.000Z,Reaction gate skipped,True,Reaction gate skipped: trend is bullish (not ranging),REPLAYABLE
GBP/USD|2026-05-21T02:50:00.000Z,GBP/USD,2026-05-21T02:50:00.000Z,GBP/USD enabled,True,GBP/USD enabled,REPLAYABLE
GBP/USD|2026-05-21T02:50:00.000Z,GBP/USD,2026-05-21T02:50:00.000Z,0/7 positions,True,0/7 positions,REPLAYABLE
GBP/USD|2026-05-21T02:50:00.000Z,GBP/USD,2026-05-21T02:50:00.000Z,0/1 for GBP/USD,True,0/1 for GBP/USD,REPLAYABLE
GBP/USD|2026-05-21T02:50:00.000Z,GBP/USD,2026-05-21T02:50:00.000Z,Portfolio heat 0.0%,True,Portfolio heat 0.0%,ACCOUNT_STATE
GBP/USD|2026-05-21T02:50:00.000Z,GBP/USD,2026-05-21T02:50:00.000Z,Daily loss 0.0%,True,Daily loss 0.0%,ACCOUNT_STATE
GBP/USD|2026-05-21T02:50:00.000Z,GBP/USD,2026-05-21T02:50:00.000Z,Drawdown 0.0%,True,Drawdown 0.0%,ACCOUNT_STATE
GBP/USD|2026-05-21T02:50:00.000Z,GBP/USD,2026-05-21T02:50:00.000Z,Score 33.3 < 40 threshold,False,Score 33.3 < 40 threshold,REPLAYABLE
GBP/USD|2026-05-21T02:50:00.000Z,GBP/USD,2026-05-21T02:50:00.000Z,SMT veto,True,SMT veto: no opposition detected,REPLAYABLE
GBP/USD|2026-05-21T02:50:00.000Z,GBP/USD,2026-05-21T02:50:00.000Z,R,True,"R:R 2.08 effective (2.14 raw, spread 1.5p)",REPLAYABLE
GBP/USD|2026-05-21T02:50:00.000Z,GBP/USD,2026-05-21T02:50:00.000Z,No recent trades — cooldown OK,True,No recent trades — cooldown OK,REPLAYABLE
GBP/USD|2026-05-21T02:50:00.000Z,GBP/USD,2026-05-21T02:50:00.000Z,No trade history for consecutive loss check,True,No trade history for consecutive loss check,ACCOUNT_STATE
GBP/USD|2026-05-21T02:50:00.000Z,GBP/USD,2026-05-21T02:50:00.000Z,Daily net P&L $+0.00,True,Daily net P&L $+0.00 (gross loss: $0.00),ACCOUNT_STATE
GBP/USD|2026-05-21T02:50:00.000Z,GBP/USD,2026-05-21T02:50:00.000Z,News filter,True,News filter: env not configured — skipped,ACCOUNT_STATE
GBP/USD|2026-05-21T02:50:00.000Z,GBP/USD,2026-05-21T02:50:00.000Z,FOTSI Gate,True,FOTSI Gate: data unavailable — skipped,REPLAYABLE
GBP/USD|2026-05-21T02:50:00.000Z,GBP/USD,2026-05-21T02:50:00.000Z,No correlated conflicts,True,No correlated conflicts (threshold 0.8),ACCOUNT_STATE
GBP/USD|2026-05-21T02:50:00.000Z,GBP/USD,2026-05-21T02:50:00.000Z,Tier 1 gate FAILED,False,"Tier 1 gate FAILED: only 1 core factors — need at least 3 of: Market Structure, Order Block, Fair Value Gap, Premium/Dis",REPLAYABLE
GBP/USD|2026-05-21T02:50:00.000Z,GBP/USD,2026-05-21T02:50:00.000Z,Regime gate,True,Regime gate: OK,REPLAYABLE
GBP/USD|2026-05-21T02:50:00.000Z,GBP/USD,2026-05-21T02:50:00.000Z,[Info] Spread wide,True,[Info] Spread wide (indicative): 29.5% of ATR — info only,REPLAYABLE
EUR/USD|2026-05-21T17:30:00.000Z,EUR/USD,2026-05-21T17:30:00.000Z,[legacy] HTF bias mismatch,False,"[legacy] HTF bias mismatch: Daily is bullish, entry is bearish",REPLAYABLE
EUR/USD|2026-05-21T17:30:00.000Z,EUR/USD,2026-05-21T17:30:00.000Z,P/D zone OK,True,"P/D zone OK (premium, 100.0% of the 5m 5-swing box 1.15827–1.16160) — price is OUTSIDE that range (raw 107.8%)",REPLAYABLE
EUR/USD|2026-05-21T17:30:00.000Z,EUR/USD,2026-05-21T17:30:00.000Z,Structural Conviction [entry],True,Structural Conviction [entry]: Bear 14% / Bull 0% (S2F 10%),REPLAYABLE
EUR/USD|2026-05-21T17:30:00.000Z,EUR/USD,2026-05-21T17:30:00.000Z,Reaction confirmed in ranging market,True,"Reaction confirmed in ranging market: Liquidity Sweep, Displacement, AMD Phase",REPLAYABLE
EUR/USD|2026-05-21T17:30:00.000Z,EUR/USD,2026-05-21T17:30:00.000Z,EUR/USD enabled,True,EUR/USD enabled,REPLAYABLE
EUR/USD|2026-05-21T17:30:00.000Z,EUR/USD,2026-05-21T17:30:00.000Z,0/7 positions,True,0/7 positions,REPLAYABLE
EUR/USD|2026-05-21T17:30:00.000Z,EUR/USD,2026-05-21T17:30:00.000Z,0/1 for EUR/USD,True,0/1 for EUR/USD,REPLAYABLE
EUR/USD|2026-05-21T17:30:00.000Z,EUR/USD,2026-05-21T17:30:00.000Z,Portfolio heat 0.0%,True,Portfolio heat 0.0%,ACCOUNT_STATE
EUR/USD|2026-05-21T17:30:00.000Z,EUR/USD,2026-05-21T17:30:00.000Z,Daily loss 0.0%,True,Daily loss 0.0%,ACCOUNT_STATE
EUR/USD|2026-05-21T17:30:00.000Z,EUR/USD,2026-05-21T17:30:00.000Z,Drawdown 0.0%,True,Drawdown 0.0%,ACCOUNT_STATE
EUR/USD|2026-05-21T17:30:00.000Z,EUR/USD,2026-05-21T17:30:00.000Z,Score 36 < 40 threshold,False,Score 36 < 40 threshold,REPLAYABLE
EUR/USD|2026-05-21T17:30:00.000Z,EUR/USD,2026-05-21T17:30:00.000Z,SMT veto,True,SMT veto: no opposition detected,REPLAYABLE
EUR/USD|2026-05-21T17:30:00.000Z,EUR/USD,2026-05-21T17:30:00.000Z,R,True,"R:R 1.94 effective (1.99 raw, spread 1p)",REPLAYABLE
EUR/USD|2026-05-21T17:30:00.000Z,EUR/USD,2026-05-21T17:30:00.000Z,No recent trades — cooldown OK,True,No recent trades — cooldown OK,REPLAYABLE
EUR/USD|2026-05-21T17:30:00.000Z,EUR/USD,2026-05-21T17:30:00.000Z,No trade history for consecutive loss check,True,No trade history for consecutive loss check,ACCOUNT_STATE
EUR/USD|2026-05-21T17:30:00.000Z,EUR/USD,2026-05-21T17:30:00.000Z,Daily net P&L $+0.00,True,Daily net P&L $+0.00 (gross loss: $0.00),ACCOUNT_STATE
EUR/USD|2026-05-21T17:30:00.000Z,EUR/USD,2026-05-21T17:30:00.000Z,News filter,True,News filter: env not configured — skipped,ACCOUNT_STATE
EUR/USD|2026-05-21T17:30:00.000Z,EUR/USD,2026-05-21T17:30:00.000Z,FOTSI Gate,True,FOTSI Gate: data unavailable — skipped,REPLAYABLE
EUR/USD|2026-05-21T17:30:00.000Z,EUR/USD,2026-05-21T17:30:00.000Z,No correlated conflicts,True,No correlated conflicts (threshold 0.8),ACCOUNT_STATE
EUR/USD|2026-05-21T17:30:00.000Z,EUR/USD,2026-05-21T17:30:00.000Z,Tier 1 gate FAILED,False,"Tier 1 gate FAILED: only 1 core factors — need at least 3 of: Market Structure, Order Block, Fair Value Gap, Premium/Dis",REPLAYABLE
EUR/USD|2026-05-21T17:30:00.000Z,EUR/USD,2026-05-21T17:30:00.000Z,Regime gate,True,Regime gate: OK,REPLAYABLE
EUR/USD|2026-05-21T17:30:00.000Z,EUR/USD,2026-05-21T17:30:00.000Z,[Info] Spread OK,True,[Info] Spread OK: 18.3% of ATR,REPLAYABLE
GBP/USD|2026-05-22T01:15:00.000Z,GBP/USD,2026-05-22T01:15:00.000Z,[legacy] HTF bias aligned,True,[legacy] HTF bias aligned: Daily bullish,REPLAYABLE
GBP/USD|2026-05-22T01:15:00.000Z,GBP/USD,2026-05-22T01:15:00.000Z,P/D zone OK,True,"P/D zone OK (discount, 10.8% of the 5m 5-swing box 1.34251–1.34362)",REPLAYABLE
GBP/USD|2026-05-22T01:15:00.000Z,GBP/USD,2026-05-22T01:15:00.000Z,Structural Conviction BLOCKED [entry],False,"Structural Conviction BLOCKED [entry]: Bull fractals 0%, S2F 11%, opposite 25% — no structural support for long",REPLAYABLE
GBP/USD|2026-05-22T01:15:00.000Z,GBP/USD,2026-05-22T01:15:00.000Z,Reaction gate skipped,True,Reaction gate skipped: trend is bearish (not ranging),REPLAYABLE
GBP/USD|2026-05-22T01:15:00.000Z,GBP/USD,2026-05-22T01:15:00.000Z,GBP/USD enabled,True,GBP/USD enabled,REPLAYABLE
GBP/USD|2026-05-22T01:15:00.000Z,GBP/USD,2026-05-22T01:15:00.000Z,0/7 positions,True,0/7 positions,REPLAYABLE
GBP/USD|2026-05-22T01:15:00.000Z,GBP/USD,2026-05-22T01:15:00.000Z,0/1 for GBP/USD,True,0/1 for GBP/USD,REPLAYABLE
GBP/USD|2026-05-22T01:15:00.000Z,GBP/USD,2026-05-22T01:15:00.000Z,Portfolio heat 0.0%,True,Portfolio heat 0.0%,ACCOUNT_STATE
GBP/USD|2026-05-22T01:15:00.000Z,GBP/USD,2026-05-22T01:15:00.000Z,Daily loss 0.0%,True,Daily loss 0.0%,ACCOUNT_STATE
GBP/USD|2026-05-22T01:15:00.000Z,GBP/USD,2026-05-22T01:15:00.000Z,Drawdown 0.0%,True,Drawdown 0.0%,ACCOUNT_STATE
GBP/USD|2026-05-22T01:15:00.000Z,GBP/USD,2026-05-22T01:15:00.000Z,Score 36.5 < 40 threshold,False,Score 36.5 < 40 threshold,REPLAYABLE
GBP/USD|2026-05-22T01:15:00.000Z,GBP/USD,2026-05-22T01:15:00.000Z,SMT veto,True,SMT veto: no opposition detected,REPLAYABLE
GBP/USD|2026-05-22T01:15:00.000Z,GBP/USD,2026-05-22T01:15:00.000Z,R,True,"R:R 2.03 effective (2.09 raw, spread 1.5p)",REPLAYABLE
GBP/USD|2026-05-22T01:15:00.000Z,GBP/USD,2026-05-22T01:15:00.000Z,No recent trades — cooldown OK,True,No recent trades — cooldown OK,REPLAYABLE
GBP/USD|2026-05-22T01:15:00.000Z,GBP/USD,2026-05-22T01:15:00.000Z,No trade history for consecutive loss check,True,No trade history for consecutive loss check,ACCOUNT_STATE
GBP/USD|2026-05-22T01:15:00.000Z,GBP/USD,2026-05-22T01:15:00.000Z,Daily net P&L $+0.00,True,Daily net P&L $+0.00 (gross loss: $0.00),ACCOUNT_STATE
GBP/USD|2026-05-22T01:15:00.000Z,GBP/USD,2026-05-22T01:15:00.000Z,News filter,True,News filter: env not configured — skipped,ACCOUNT_STATE
GBP/USD|2026-05-22T01:15:00.000Z,GBP/USD,2026-05-22T01:15:00.000Z,FOTSI Gate,True,FOTSI Gate: data unavailable — skipped,REPLAYABLE
GBP/USD|2026-05-22T01:15:00.000Z,GBP/USD,2026-05-22T01:15:00.000Z,No correlated conflicts,True,No correlated conflicts (threshold 0.8),ACCOUNT_STATE
GBP/USD|2026-05-22T01:15:00.000Z,GBP/USD,2026-05-22T01:15:00.000Z,Tier 1 gate FAILED,False,"Tier 1 gate FAILED: only 2 core factors — need at least 3 of: Market Structure, Order Block, Fair Value Gap, Premium/Dis",REPLAYABLE
GBP/USD|2026-05-22T01:15:00.000Z,GBP/USD,2026-05-22T01:15:00.000Z,Regime gate,True,Regime gate: OK,REPLAYABLE
GBP/USD|2026-05-22T01:15:00.000Z,GBP/USD,2026-05-22T01:15:00.000Z,[Info] Spread wide,True,[Info] Spread wide (indicative): 54.7% of ATR — info only,REPLAYABLE
NZD/USD|2026-05-22T13:45:00.000Z,NZD/USD,2026-05-22T13:45:00.000Z,[legacy] HTF bias aligned,True,[legacy] HTF bias aligned: Daily ranging,REPLAYABLE
NZD/USD|2026-05-22T13:45:00.000Z,NZD/USD,2026-05-22T13:45:00.000Z,P/D zone OK,True,"P/D zone OK (discount, 29.9% of the 5m 5-swing box 0.58502–0.58686)",REPLAYABLE
NZD/USD|2026-05-22T13:45:00.000Z,NZD/USD,2026-05-22T13:45:00.000Z,Structural Conviction [entry],True,Structural Conviction [entry]: Bull 33% / Bear 40% (S2F 38%),REPLAYABLE
NZD/USD|2026-05-22T13:45:00.000Z,NZD/USD,2026-05-22T13:45:00.000Z,Reaction gate skipped,True,Reaction gate skipped: trend is bullish (not ranging),REPLAYABLE
NZD/USD|2026-05-22T13:45:00.000Z,NZD/USD,2026-05-22T13:45:00.000Z,NZD/USD not in enabled instruments,False,NZD/USD not in enabled instruments,REPLAYABLE
NZD/USD|2026-05-22T13:45:00.000Z,NZD/USD,2026-05-22T13:45:00.000Z,0/7 positions,True,0/7 positions,REPLAYABLE
NZD/USD|2026-05-22T13:45:00.000Z,NZD/USD,2026-05-22T13:45:00.000Z,0/1 for NZD/USD,True,0/1 for NZD/USD,REPLAYABLE
NZD/USD|2026-05-22T13:45:00.000Z,NZD/USD,2026-05-22T13:45:00.000Z,Portfolio heat 0.0%,True,Portfolio heat 0.0%,ACCOUNT_STATE
NZD/USD|2026-05-22T13:45:00.000Z,NZD/USD,2026-05-22T13:45:00.000Z,Daily loss 0.0%,True,Daily loss 0.0%,ACCOUNT_STATE
NZD/USD|2026-05-22T13:45:00.000Z,NZD/USD,2026-05-22T13:45:00.000Z,Drawdown 0.0%,True,Drawdown 0.0%,ACCOUNT_STATE
NZD/USD|2026-05-22T13:45:00.000Z,NZD/USD,2026-05-22T13:45:00.000Z,Score 37.5 < 40 threshold,False,Score 37.5 < 40 threshold,REPLAYABLE
NZD/USD|2026-05-22T13:45:00.000Z,NZD/USD,2026-05-22T13:45:00.000Z,SMT veto,True,SMT veto: no opposition detected,REPLAYABLE
NZD/USD|2026-05-22T13:45:00.000Z,NZD/USD,2026-05-22T13:45:00.000Z,R,True,"R:R 2.17 effective (2.29 raw, spread 2p)",REPLAYABLE
NZD/USD|2026-05-22T13:45:00.000Z,NZD/USD,2026-05-22T13:45:00.000Z,No recent trades — cooldown OK,True,No recent trades — cooldown OK,REPLAYABLE
NZD/USD|2026-05-22T13:45:00.000Z,NZD/USD,2026-05-22T13:45:00.000Z,No trade history for consecutive loss check,True,No trade history for consecutive loss check,ACCOUNT_STATE
NZD/USD|2026-05-22T13:45:00.000Z,NZD/USD,2026-05-22T13:45:00.000Z,Daily net P&L $+0.00,True,Daily net P&L $+0.00 (gross loss: $0.00),ACCOUNT_STATE
NZD/USD|2026-05-22T13:45:00.000Z,NZD/USD,2026-05-22T13:45:00.000Z,News filter,True,News filter: env not configured — skipped,ACCOUNT_STATE
NZD/USD|2026-05-22T13:45:00.000Z,NZD/USD,2026-05-22T13:45:00.000Z,FOTSI Gate,True,FOTSI Gate: data unavailable — skipped,REPLAYABLE
NZD/USD|2026-05-22T13:45:00.000Z,NZD/USD,2026-05-22T13:45:00.000Z,No correlated conflicts,True,No correlated conflicts (threshold 0.8),ACCOUNT_STATE
NZD/USD|2026-05-22T13:45:00.000Z,NZD/USD,2026-05-22T13:45:00.000Z,Tier 1 gate FAILED,False,"Tier 1 gate FAILED: only 2 core factors — need at least 3 of: Market Structure, Order Block, Fair Value Gap, Premium/Dis",REPLAYABLE
NZD/USD|2026-05-22T13:45:00.000Z,NZD/USD,2026-05-22T13:45:00.000Z,Regime gate,True,Regime gate: OK,REPLAYABLE
NZD/USD|2026-05-22T13:45:00.000Z,NZD/USD,2026-05-22T13:45:00.000Z,[Info] Spread wide,True,[Info] Spread wide (indicative): 33.3% of ATR — info only,REPLAYABLE
AUD/USD|2026-05-25T07:50:00.000Z,AUD/USD,2026-05-25T07:50:00.000Z,[legacy] HTF bias mismatch,False,"[legacy] HTF bias mismatch: Daily is bearish, entry is bullish",REPLAYABLE
AUD/USD|2026-05-25T07:50:00.000Z,AUD/USD,2026-05-25T07:50:00.000Z,P/D zone OK,True,"P/D zone OK (discount, 36.5% of the 5m 5-swing box 0.71529–0.71718)",REPLAYABLE
AUD/USD|2026-05-25T07:50:00.000Z,AUD/USD,2026-05-25T07:50:00.000Z,Structural Conviction [entry],True,Structural Conviction [entry]: Bull 25% / Bear 33% (S2F 30%),REPLAYABLE
AUD/USD|2026-05-25T07:50:00.000Z,AUD/USD,2026-05-25T07:50:00.000Z,Reaction gate skipped,True,Reaction gate skipped: trend is bearish (not ranging),REPLAYABLE
AUD/USD|2026-05-25T07:50:00.000Z,AUD/USD,2026-05-25T07:50:00.000Z,AUD/USD not in enabled instruments,False,AUD/USD not in enabled instruments,REPLAYABLE
AUD/USD|2026-05-25T07:50:00.000Z,AUD/USD,2026-05-25T07:50:00.000Z,0/7 positions,True,0/7 positions,REPLAYABLE
AUD/USD|2026-05-25T07:50:00.000Z,AUD/USD,2026-05-25T07:50:00.000Z,0/1 for AUD/USD,True,0/1 for AUD/USD,REPLAYABLE
AUD/USD|2026-05-25T07:50:00.000Z,AUD/USD,2026-05-25T07:50:00.000Z,Portfolio heat 0.0%,True,Portfolio heat 0.0%,ACCOUNT_STATE
AUD/USD|2026-05-25T07:50:00.000Z,AUD/USD,2026-05-25T07:50:00.000Z,Daily loss 0.0%,True,Daily loss 0.0%,ACCOUNT_STATE
AUD/USD|2026-05-25T07:50:00.000Z,AUD/USD,2026-05-25T07:50:00.000Z,Drawdown 0.0%,True,Drawdown 0.0%,ACCOUNT_STATE
AUD/USD|2026-05-25T07:50:00.000Z,AUD/USD,2026-05-25T07:50:00.000Z,Score 31.3 < 40 threshold,False,Score 31.3 < 40 threshold,REPLAYABLE
AUD/USD|2026-05-25T07:50:00.000Z,AUD/USD,2026-05-25T07:50:00.000Z,SMT veto,True,SMT veto: no opposition detected,REPLAYABLE
AUD/USD|2026-05-25T07:50:00.000Z,AUD/USD,2026-05-25T07:50:00.000Z,R,True,"R:R 1.97 effective (2.05 raw, spread 1.5p)",REPLAYABLE
AUD/USD|2026-05-25T07:50:00.000Z,AUD/USD,2026-05-25T07:50:00.000Z,No recent trades — cooldown OK,True,No recent trades — cooldown OK,REPLAYABLE
AUD/USD|2026-05-25T07:50:00.000Z,AUD/USD,2026-05-25T07:50:00.000Z,No trade history for consecutive loss check,True,No trade history for consecutive loss check,ACCOUNT_STATE
AUD/USD|2026-05-25T07:50:00.000Z,AUD/USD,2026-05-25T07:50:00.000Z,Daily net P&L $+0.00,True,Daily net P&L $+0.00 (gross loss: $0.00),ACCOUNT_STATE
AUD/USD|2026-05-25T07:50:00.000Z,AUD/USD,2026-05-25T07:50:00.000Z,News filter,True,News filter: env not configured — skipped,ACCOUNT_STATE
AUD/USD|2026-05-25T07:50:00.000Z,AUD/USD,2026-05-25T07:50:00.000Z,FOTSI Gate,True,FOTSI Gate: data unavailable — skipped,REPLAYABLE
AUD/USD|2026-05-25T07:50:00.000Z,AUD/USD,2026-05-25T07:50:00.000Z,No correlated conflicts,True,No correlated conflicts (threshold 0.8),ACCOUNT_STATE
AUD/USD|2026-05-25T07:50:00.000Z,AUD/USD,2026-05-25T07:50:00.000Z,Tier 1 gate FAILED,False,"Tier 1 gate FAILED: only 1 core factors — need at least 3 of: Market Structure, Order Block, Fair Value Gap, Premium/Dis",REPLAYABLE
AUD/USD|2026-05-25T07:50:00.000Z,AUD/USD,2026-05-25T07:50:00.000Z,Regime gate,True,Regime gate: OK,REPLAYABLE
AUD/USD|2026-05-25T07:50:00.000Z,AUD/USD,2026-05-25T07:50:00.000Z,[Info] Spread wide,True,[Info] Spread wide (indicative): 33.0% of ATR — info only,REPLAYABLE
EUR/USD|2026-05-26T00:10:00.000Z,EUR/USD,2026-05-26T00:10:00.000Z,[legacy] HTF bias mismatch,False,"[legacy] HTF bias mismatch: Daily is bearish, entry is bullish",REPLAYABLE
EUR/USD|2026-05-26T00:10:00.000Z,EUR/USD,2026-05-26T00:10:00.000Z,P/D zone OK,True,"P/D zone OK (discount, 23.2% of the 5m 5-swing box 1.16368–1.16450)",REPLAYABLE
EUR/USD|2026-05-26T00:10:00.000Z,EUR/USD,2026-05-26T00:10:00.000Z,Structural Conviction [entry],True,Structural Conviction [entry]: Bull 25% / Bear 33% (S2F 29%),REPLAYABLE
EUR/USD|2026-05-26T00:10:00.000Z,EUR/USD,2026-05-26T00:10:00.000Z,Reaction gate skipped,True,Reaction gate skipped: trend is bullish (not ranging),REPLAYABLE
EUR/USD|2026-05-26T00:10:00.000Z,EUR/USD,2026-05-26T00:10:00.000Z,EUR/USD enabled,True,EUR/USD enabled,REPLAYABLE
EUR/USD|2026-05-26T00:10:00.000Z,EUR/USD,2026-05-26T00:10:00.000Z,0/7 positions,True,0/7 positions,REPLAYABLE
EUR/USD|2026-05-26T00:10:00.000Z,EUR/USD,2026-05-26T00:10:00.000Z,0/1 for EUR/USD,True,0/1 for EUR/USD,REPLAYABLE
EUR/USD|2026-05-26T00:10:00.000Z,EUR/USD,2026-05-26T00:10:00.000Z,Portfolio heat 0.0%,True,Portfolio heat 0.0%,ACCOUNT_STATE
EUR/USD|2026-05-26T00:10:00.000Z,EUR/USD,2026-05-26T00:10:00.000Z,Daily loss 0.0%,True,Daily loss 0.0%,ACCOUNT_STATE
EUR/USD|2026-05-26T00:10:00.000Z,EUR/USD,2026-05-26T00:10:00.000Z,Drawdown 0.0%,True,Drawdown 0.0%,ACCOUNT_STATE
EUR/USD|2026-05-26T00:10:00.000Z,EUR/USD,2026-05-26T00:10:00.000Z,Score 32.3 < 40 threshold,False,Score 32.3 < 40 threshold,REPLAYABLE
EUR/USD|2026-05-26T00:10:00.000Z,EUR/USD,2026-05-26T00:10:00.000Z,SMT veto,True,SMT veto: no opposition detected,REPLAYABLE
EUR/USD|2026-05-26T00:10:00.000Z,EUR/USD,2026-05-26T00:10:00.000Z,R,True,"R:R 1.91 effective (1.96 raw, spread 1p)",REPLAYABLE
EUR/USD|2026-05-26T00:10:00.000Z,EUR/USD,2026-05-26T00:10:00.000Z,No recent trades — cooldown OK,True,No recent trades — cooldown OK,REPLAYABLE
EUR/USD|2026-05-26T00:10:00.000Z,EUR/USD,2026-05-26T00:10:00.000Z,No trade history for consecutive loss check,True,No trade history for consecutive loss check,ACCOUNT_STATE
EUR/USD|2026-05-26T00:10:00.000Z,EUR/USD,2026-05-26T00:10:00.000Z,Daily net P&L $+0.00,True,Daily net P&L $+0.00 (gross loss: $0.00),ACCOUNT_STATE
EUR/USD|2026-05-26T00:10:00.000Z,EUR/USD,2026-05-26T00:10:00.000Z,News filter,True,News filter: env not configured — skipped,ACCOUNT_STATE
EUR/USD|2026-05-26T00:10:00.000Z,EUR/USD,2026-05-26T00:10:00.000Z,FOTSI Gate,True,FOTSI Gate: data unavailable — skipped,REPLAYABLE
EUR/USD|2026-05-26T00:10:00.000Z,EUR/USD,2026-05-26T00:10:00.000Z,No correlated conflicts,True,No correlated conflicts (threshold 0.8),ACCOUNT_STATE
EUR/USD|2026-05-26T00:10:00.000Z,EUR/USD,2026-05-26T00:10:00.000Z,Tier 1 gate FAILED,False,"Tier 1 gate FAILED: only 2 core factors — need at least 3 of: Market Structure, Order Block, Fair Value Gap, Premium/Dis",REPLAYABLE
EUR/USD|2026-05-26T00:10:00.000Z,EUR/USD,2026-05-26T00:10:00.000Z,Regime gate,True,Regime gate: OK,REPLAYABLE
EUR/USD|2026-05-26T00:10:00.000Z,EUR/USD,2026-05-26T00:10:00.000Z,[Info] Spread wide,True,[Info] Spread wide (indicative): 47.3% of ATR — info only,REPLAYABLE
GBP/USD|2026-05-26T10:00:00.000Z,GBP/USD,2026-05-26T10:00:00.000Z,[legacy] HTF bias mismatch,False,"[legacy] HTF bias mismatch: Daily is bearish, entry is bullish",REPLAYABLE
GBP/USD|2026-05-26T10:00:00.000Z,GBP/USD,2026-05-26T10:00:00.000Z,P/D zone OK,True,"P/D zone OK (premium, 92.8% of the 5m 5-swing box 1.34630–1.34851)",REPLAYABLE
GBP/USD|2026-05-26T10:00:00.000Z,GBP/USD,2026-05-26T10:00:00.000Z,Structural Conviction [entry],True,Structural Conviction [entry]: Bull 25% / Bear 0% (S2F 13%),REPLAYABLE
GBP/USD|2026-05-26T10:00:00.000Z,GBP/USD,2026-05-26T10:00:00.000Z,Reaction gate skipped,True,Reaction gate skipped: trend is bullish (not ranging),REPLAYABLE
GBP/USD|2026-05-26T10:00:00.000Z,GBP/USD,2026-05-26T10:00:00.000Z,GBP/USD enabled,True,GBP/USD enabled,REPLAYABLE
GBP/USD|2026-05-26T10:00:00.000Z,GBP/USD,2026-05-26T10:00:00.000Z,0/7 positions,True,0/7 positions,REPLAYABLE
GBP/USD|2026-05-26T10:00:00.000Z,GBP/USD,2026-05-26T10:00:00.000Z,0/1 for GBP/USD,True,0/1 for GBP/USD,REPLAYABLE
GBP/USD|2026-05-26T10:00:00.000Z,GBP/USD,2026-05-26T10:00:00.000Z,Portfolio heat 0.0%,True,Portfolio heat 0.0%,ACCOUNT_STATE
GBP/USD|2026-05-26T10:00:00.000Z,GBP/USD,2026-05-26T10:00:00.000Z,Daily loss 0.0%,True,Daily loss 0.0%,ACCOUNT_STATE
GBP/USD|2026-05-26T10:00:00.000Z,GBP/USD,2026-05-26T10:00:00.000Z,Drawdown 0.0%,True,Drawdown 0.0%,ACCOUNT_STATE
GBP/USD|2026-05-26T10:00:00.000Z,GBP/USD,2026-05-26T10:00:00.000Z,Score 32.3 < 40 threshold,False,Score 32.3 < 40 threshold,REPLAYABLE
GBP/USD|2026-05-26T10:00:00.000Z,GBP/USD,2026-05-26T10:00:00.000Z,SMT veto,True,SMT veto: no opposition detected,REPLAYABLE
GBP/USD|2026-05-26T10:00:00.000Z,GBP/USD,2026-05-26T10:00:00.000Z,R,True,"R:R 2.02 effective (2.08 raw, spread 1.5p)",REPLAYABLE
GBP/USD|2026-05-26T10:00:00.000Z,GBP/USD,2026-05-26T10:00:00.000Z,No recent trades — cooldown OK,True,No recent trades — cooldown OK,REPLAYABLE
GBP/USD|2026-05-26T10:00:00.000Z,GBP/USD,2026-05-26T10:00:00.000Z,No trade history for consecutive loss check,True,No trade history for consecutive loss check,ACCOUNT_STATE
GBP/USD|2026-05-26T10:00:00.000Z,GBP/USD,2026-05-26T10:00:00.000Z,Daily net P&L $+0.00,True,Daily net P&L $+0.00 (gross loss: $0.00),ACCOUNT_STATE
GBP/USD|2026-05-26T10:00:00.000Z,GBP/USD,2026-05-26T10:00:00.000Z,News filter,True,News filter: env not configured — skipped,ACCOUNT_STATE
GBP/USD|2026-05-26T10:00:00.000Z,GBP/USD,2026-05-26T10:00:00.000Z,FOTSI Gate,True,FOTSI Gate: data unavailable — skipped,REPLAYABLE
GBP/USD|2026-05-26T10:00:00.000Z,GBP/USD,2026-05-26T10:00:00.000Z,No correlated conflicts,True,No correlated conflicts (threshold 0.8),ACCOUNT_STATE
GBP/USD|2026-05-26T10:00:00.000Z,GBP/USD,2026-05-26T10:00:00.000Z,Tier 1 gate FAILED,False,"Tier 1 gate FAILED: only 1 core factors — need at least 3 of: Market Structure, Order Block, Fair Value Gap, Premium/Dis",REPLAYABLE
GBP/USD|2026-05-26T10:00:00.000Z,GBP/USD,2026-05-26T10:00:00.000Z,Regime gate,True,Regime gate: OK,REPLAYABLE
GBP/USD|2026-05-26T10:00:00.000Z,GBP/USD,2026-05-26T10:00:00.000Z,[Info] Spread wide,True,[Info] Spread wide (indicative): 25.8% of ATR — info only,REPLAYABLE
AUD/USD|2026-05-27T13:15:00.000Z,AUD/USD,2026-05-27T13:15:00.000Z,[legacy] HTF bias mismatch,False,"[legacy] HTF bias mismatch: Daily is bearish, entry is bullish",REPLAYABLE
AUD/USD|2026-05-27T13:15:00.000Z,AUD/USD,2026-05-27T13:15:00.000Z,P/D zone OK,True,"P/D zone OK (discount, 37.3% of the 5m 5-swing box 0.71248–0.71540)",REPLAYABLE
AUD/USD|2026-05-27T13:15:00.000Z,AUD/USD,2026-05-27T13:15:00.000Z,Structural Conviction [entry],True,Structural Conviction [entry]: Bull 25% / Bear 0% (S2F 17%),REPLAYABLE
AUD/USD|2026-05-27T13:15:00.000Z,AUD/USD,2026-05-27T13:15:00.000Z,Reaction confirmed in ranging market,True,Reaction confirmed in ranging market: Liquidity Sweep,REPLAYABLE
AUD/USD|2026-05-27T13:15:00.000Z,AUD/USD,2026-05-27T13:15:00.000Z,AUD/USD not in enabled instruments,False,AUD/USD not in enabled instruments,REPLAYABLE
AUD/USD|2026-05-27T13:15:00.000Z,AUD/USD,2026-05-27T13:15:00.000Z,0/7 positions,True,0/7 positions,REPLAYABLE
AUD/USD|2026-05-27T13:15:00.000Z,AUD/USD,2026-05-27T13:15:00.000Z,0/1 for AUD/USD,True,0/1 for AUD/USD,REPLAYABLE
AUD/USD|2026-05-27T13:15:00.000Z,AUD/USD,2026-05-27T13:15:00.000Z,Portfolio heat 0.0%,True,Portfolio heat 0.0%,ACCOUNT_STATE
AUD/USD|2026-05-27T13:15:00.000Z,AUD/USD,2026-05-27T13:15:00.000Z,Daily loss 0.0%,True,Daily loss 0.0%,ACCOUNT_STATE
AUD/USD|2026-05-27T13:15:00.000Z,AUD/USD,2026-05-27T13:15:00.000Z,Drawdown 0.0%,True,Drawdown 0.0%,ACCOUNT_STATE
AUD/USD|2026-05-27T13:15:00.000Z,AUD/USD,2026-05-27T13:15:00.000Z,Score 30.8 < 40 threshold,False,Score 30.8 < 40 threshold,REPLAYABLE
AUD/USD|2026-05-27T13:15:00.000Z,AUD/USD,2026-05-27T13:15:00.000Z,SMT veto,True,SMT veto: no opposition detected,REPLAYABLE
AUD/USD|2026-05-27T13:15:00.000Z,AUD/USD,2026-05-27T13:15:00.000Z,R,True,"R:R 1.98 effective (2.07 raw, spread 1.5p)",REPLAYABLE
AUD/USD|2026-05-27T13:15:00.000Z,AUD/USD,2026-05-27T13:15:00.000Z,No recent trades — cooldown OK,True,No recent trades — cooldown OK,REPLAYABLE
AUD/USD|2026-05-27T13:15:00.000Z,AUD/USD,2026-05-27T13:15:00.000Z,No trade history for consecutive loss check,True,No trade history for consecutive loss check,ACCOUNT_STATE
AUD/USD|2026-05-27T13:15:00.000Z,AUD/USD,2026-05-27T13:15:00.000Z,Daily net P&L $+0.00,True,Daily net P&L $+0.00 (gross loss: $0.00),ACCOUNT_STATE
AUD/USD|2026-05-27T13:15:00.000Z,AUD/USD,2026-05-27T13:15:00.000Z,News filter,True,News filter: env not configured — skipped,ACCOUNT_STATE
AUD/USD|2026-05-27T13:15:00.000Z,AUD/USD,2026-05-27T13:15:00.000Z,FOTSI Gate,True,FOTSI Gate: data unavailable — skipped,REPLAYABLE
AUD/USD|2026-05-27T13:15:00.000Z,AUD/USD,2026-05-27T13:15:00.000Z,No correlated conflicts,True,No correlated conflicts (threshold 0.8),ACCOUNT_STATE
AUD/USD|2026-05-27T13:15:00.000Z,AUD/USD,2026-05-27T13:15:00.000Z,Tier 1 gate FAILED,False,"Tier 1 gate FAILED: only 2 core factors — need at least 3 of: Market Structure, Order Block, Fair Value Gap, Premium/Dis",REPLAYABLE
AUD/USD|2026-05-27T13:15:00.000Z,AUD/USD,2026-05-27T13:15:00.000Z,Regime gate,True,Regime gate: OK,REPLAYABLE
AUD/USD|2026-05-27T13:15:00.000Z,AUD/USD,2026-05-27T13:15:00.000Z,[Info] Spread OK,True,[Info] Spread OK: 17.4% of ATR,REPLAYABLE
USD/CHF|2026-05-27T13:25:00.000Z,USD/CHF,2026-05-27T13:25:00.000Z,[legacy] HTF bias aligned,True,[legacy] HTF bias aligned: Daily ranging,REPLAYABLE
USD/CHF|2026-05-27T13:25:00.000Z,USD/CHF,2026-05-27T13:25:00.000Z,P/D zone OK,True,"P/D zone OK (equilibrium, 47.8% of the 5m 5-swing box 0.78443–0.78671)",REPLAYABLE
USD/CHF|2026-05-27T13:25:00.000Z,USD/CHF,2026-05-27T13:25:00.000Z,Structural Conviction [entry],True,Structural Conviction [entry]: Bear 25% / Bull 20% (S2F 22%),REPLAYABLE
USD/CHF|2026-05-27T13:25:00.000Z,USD/CHF,2026-05-27T13:25:00.000Z,Reaction gate skipped,True,Reaction gate skipped: trend is bearish (not ranging),REPLAYABLE
USD/CHF|2026-05-27T13:25:00.000Z,USD/CHF,2026-05-27T13:25:00.000Z,USD/CHF not in enabled instruments,False,USD/CHF not in enabled instruments,REPLAYABLE
USD/CHF|2026-05-27T13:25:00.000Z,USD/CHF,2026-05-27T13:25:00.000Z,0/7 positions,True,0/7 positions,REPLAYABLE
USD/CHF|2026-05-27T13:25:00.000Z,USD/CHF,2026-05-27T13:25:00.000Z,0/1 for USD/CHF,True,0/1 for USD/CHF,REPLAYABLE
USD/CHF|2026-05-27T13:25:00.000Z,USD/CHF,2026-05-27T13:25:00.000Z,Portfolio heat 0.0%,True,Portfolio heat 0.0%,ACCOUNT_STATE
USD/CHF|2026-05-27T13:25:00.000Z,USD/CHF,2026-05-27T13:25:00.000Z,Daily loss 0.0%,True,Daily loss 0.0%,ACCOUNT_STATE
USD/CHF|2026-05-27T13:25:00.000Z,USD/CHF,2026-05-27T13:25:00.000Z,Drawdown 0.0%,True,Drawdown 0.0%,ACCOUNT_STATE
USD/CHF|2026-05-27T13:25:00.000Z,USD/CHF,2026-05-27T13:25:00.000Z,Score 32.6 < 40 threshold,False,Score 32.6 < 40 threshold,REPLAYABLE
USD/CHF|2026-05-27T13:25:00.000Z,USD/CHF,2026-05-27T13:25:00.000Z,SMT veto,True,SMT veto: no opposition detected,REPLAYABLE
USD/CHF|2026-05-27T13:25:00.000Z,USD/CHF,2026-05-27T13:25:00.000Z,R,True,"R:R 2.11 effective (2.20 raw, spread 1.5p)",REPLAYABLE
USD/CHF|2026-05-27T13:25:00.000Z,USD/CHF,2026-05-27T13:25:00.000Z,No recent trades — cooldown OK,True,No recent trades — cooldown OK,REPLAYABLE
USD/CHF|2026-05-27T13:25:00.000Z,USD/CHF,2026-05-27T13:25:00.000Z,No trade history for consecutive loss check,True,No trade history for consecutive loss check,ACCOUNT_STATE
USD/CHF|2026-05-27T13:25:00.000Z,USD/CHF,2026-05-27T13:25:00.000Z,Daily net P&L $+0.00,True,Daily net P&L $+0.00 (gross loss: $0.00),ACCOUNT_STATE
USD/CHF|2026-05-27T13:25:00.000Z,USD/CHF,2026-05-27T13:25:00.000Z,News filter,True,News filter: env not configured — skipped,ACCOUNT_STATE
USD/CHF|2026-05-27T13:25:00.000Z,USD/CHF,2026-05-27T13:25:00.000Z,FOTSI Gate,True,FOTSI Gate: data unavailable — skipped,REPLAYABLE
USD/CHF|2026-05-27T13:25:00.000Z,USD/CHF,2026-05-27T13:25:00.000Z,No correlated conflicts,True,No correlated conflicts (threshold 0.8),ACCOUNT_STATE
USD/CHF|2026-05-27T13:25:00.000Z,USD/CHF,2026-05-27T13:25:00.000Z,Tier 1 gate FAILED,False,"Tier 1 gate FAILED: only 1 core factors — need at least 3 of: Market Structure, Order Block, Fair Value Gap, Premium/Dis",REPLAYABLE
USD/CHF|2026-05-27T13:25:00.000Z,USD/CHF,2026-05-27T13:25:00.000Z,Regime gate,True,Regime gate: OK,REPLAYABLE
USD/CHF|2026-05-27T13:25:00.000Z,USD/CHF,2026-05-27T13:25:00.000Z,[Info] Spread wide,True,[Info] Spread wide (indicative): 21.0% of ATR — info only,REPLAYABLE
EUR/USD|2026-05-28T13:30:00.000Z,EUR/USD,2026-05-28T13:30:00.000Z,[legacy] HTF bias aligned,True,[legacy] HTF bias aligned: Daily ranging,REPLAYABLE
EUR/USD|2026-05-28T13:30:00.000Z,EUR/USD,2026-05-28T13:30:00.000Z,P/D zone OK,True,"P/D zone OK (premium, 78.5% of the 5m 5-swing box 1.15993–1.16431)",REPLAYABLE
EUR/USD|2026-05-28T13:30:00.000Z,EUR/USD,2026-05-28T13:30:00.000Z,Structural Conviction [entry],True,Structural Conviction [entry]: Bear 50% / Bull 50% (S2F 50%),REPLAYABLE
EUR/USD|2026-05-28T13:30:00.000Z,EUR/USD,2026-05-28T13:30:00.000Z,Reaction confirmed in ranging market,True,"Reaction confirmed in ranging market: Reversal Candle, Liquidity Sweep",REPLAYABLE
EUR/USD|2026-05-28T13:30:00.000Z,EUR/USD,2026-05-28T13:30:00.000Z,EUR/USD enabled,True,EUR/USD enabled,REPLAYABLE
EUR/USD|2026-05-28T13:30:00.000Z,EUR/USD,2026-05-28T13:30:00.000Z,0/7 positions,True,0/7 positions,REPLAYABLE
EUR/USD|2026-05-28T13:30:00.000Z,EUR/USD,2026-05-28T13:30:00.000Z,0/1 for EUR/USD,True,0/1 for EUR/USD,REPLAYABLE
EUR/USD|2026-05-28T13:30:00.000Z,EUR/USD,2026-05-28T13:30:00.000Z,Portfolio heat 0.0%,True,Portfolio heat 0.0%,ACCOUNT_STATE
EUR/USD|2026-05-28T13:30:00.000Z,EUR/USD,2026-05-28T13:30:00.000Z,Daily loss 0.0%,True,Daily loss 0.0%,ACCOUNT_STATE
EUR/USD|2026-05-28T13:30:00.000Z,EUR/USD,2026-05-28T13:30:00.000Z,Drawdown 0.0%,True,Drawdown 0.0%,ACCOUNT_STATE
EUR/USD|2026-05-28T13:30:00.000Z,EUR/USD,2026-05-28T13:30:00.000Z,Score 24.2 < 40 threshold,False,Score 24.2 < 40 threshold,REPLAYABLE
EUR/USD|2026-05-28T13:30:00.000Z,EUR/USD,2026-05-28T13:30:00.000Z,SMT veto,True,SMT veto: no opposition detected,REPLAYABLE
EUR/USD|2026-05-28T13:30:00.000Z,EUR/USD,2026-05-28T13:30:00.000Z,R,True,"R:R 1.98 effective (2.03 raw, spread 1p)",REPLAYABLE
EUR/USD|2026-05-28T13:30:00.000Z,EUR/USD,2026-05-28T13:30:00.000Z,No recent trades — cooldown OK,True,No recent trades — cooldown OK,REPLAYABLE
EUR/USD|2026-05-28T13:30:00.000Z,EUR/USD,2026-05-28T13:30:00.000Z,No trade history for consecutive loss check,True,No trade history for consecutive loss check,ACCOUNT_STATE
EUR/USD|2026-05-28T13:30:00.000Z,EUR/USD,2026-05-28T13:30:00.000Z,Daily net P&L $+0.00,True,Daily net P&L $+0.00 (gross loss: $0.00),ACCOUNT_STATE
EUR/USD|2026-05-28T13:30:00.000Z,EUR/USD,2026-05-28T13:30:00.000Z,News filter,True,News filter: env not configured — skipped,ACCOUNT_STATE
EUR/USD|2026-05-28T13:30:00.000Z,EUR/USD,2026-05-28T13:30:00.000Z,FOTSI Gate,True,FOTSI Gate: data unavailable — skipped,REPLAYABLE
EUR/USD|2026-05-28T13:30:00.000Z,EUR/USD,2026-05-28T13:30:00.000Z,No correlated conflicts,True,No correlated conflicts (threshold 0.8),ACCOUNT_STATE
EUR/USD|2026-05-28T13:30:00.000Z,EUR/USD,2026-05-28T13:30:00.000Z,Tier 1 gate FAILED,False,"Tier 1 gate FAILED: only 1 core factors — need at least 3 of: Market Structure, Order Block, Fair Value Gap, Premium/Dis",REPLAYABLE
EUR/USD|2026-05-28T13:30:00.000Z,EUR/USD,2026-05-28T13:30:00.000Z,Regime gate,True,Regime gate: OK,REPLAYABLE
EUR/USD|2026-05-28T13:30:00.000Z,EUR/USD,2026-05-28T13:30:00.000Z,[Info] Spread wide,True,[Info] Spread wide (indicative): 25.2% of ATR — info only,REPLAYABLE
USD/CHF|2026-05-28T21:50:00.000Z,USD/CHF,2026-05-28T21:50:00.000Z,[legacy] HTF bias aligned,True,[legacy] HTF bias aligned: Daily ranging,REPLAYABLE
USD/CHF|2026-05-28T21:50:00.000Z,USD/CHF,2026-05-28T21:50:00.000Z,P/D zone OK,True,"P/D zone OK (equilibrium, 45.2% of the 5m 5-swing box 0.78331–0.78466)",REPLAYABLE
USD/CHF|2026-05-28T21:50:00.000Z,USD/CHF,2026-05-28T21:50:00.000Z,Structural Conviction [entry],True,Structural Conviction [entry]: Bull 17% / Bear 0% (S2F 11%),REPLAYABLE
USD/CHF|2026-05-28T21:50:00.000Z,USD/CHF,2026-05-28T21:50:00.000Z,Reaction gate skipped,True,Reaction gate skipped: trend is bearish (not ranging),REPLAYABLE
USD/CHF|2026-05-28T21:50:00.000Z,USD/CHF,2026-05-28T21:50:00.000Z,USD/CHF not in enabled instruments,False,USD/CHF not in enabled instruments,REPLAYABLE
USD/CHF|2026-05-28T21:50:00.000Z,USD/CHF,2026-05-28T21:50:00.000Z,0/7 positions,True,0/7 positions,REPLAYABLE
USD/CHF|2026-05-28T21:50:00.000Z,USD/CHF,2026-05-28T21:50:00.000Z,0/1 for USD/CHF,True,0/1 for USD/CHF,REPLAYABLE
USD/CHF|2026-05-28T21:50:00.000Z,USD/CHF,2026-05-28T21:50:00.000Z,Portfolio heat 0.0%,True,Portfolio heat 0.0%,ACCOUNT_STATE
USD/CHF|2026-05-28T21:50:00.000Z,USD/CHF,2026-05-28T21:50:00.000Z,Daily loss 0.0%,True,Daily loss 0.0%,ACCOUNT_STATE
USD/CHF|2026-05-28T21:50:00.000Z,USD/CHF,2026-05-28T21:50:00.000Z,Drawdown 0.0%,True,Drawdown 0.0%,ACCOUNT_STATE
USD/CHF|2026-05-28T21:50:00.000Z,USD/CHF,2026-05-28T21:50:00.000Z,Score 37.5 < 40 threshold,False,Score 37.5 < 40 threshold,REPLAYABLE
USD/CHF|2026-05-28T21:50:00.000Z,USD/CHF,2026-05-28T21:50:00.000Z,SMT veto,True,SMT veto: no opposition detected,REPLAYABLE
USD/CHF|2026-05-28T21:50:00.000Z,USD/CHF,2026-05-28T21:50:00.000Z,R,True,"R:R 2.02 effective (2.10 raw, spread 1.5p)",REPLAYABLE
USD/CHF|2026-05-28T21:50:00.000Z,USD/CHF,2026-05-28T21:50:00.000Z,No recent trades — cooldown OK,True,No recent trades — cooldown OK,REPLAYABLE
USD/CHF|2026-05-28T21:50:00.000Z,USD/CHF,2026-05-28T21:50:00.000Z,No trade history for consecutive loss check,True,No trade history for consecutive loss check,ACCOUNT_STATE
USD/CHF|2026-05-28T21:50:00.000Z,USD/CHF,2026-05-28T21:50:00.000Z,Daily net P&L $+0.00,True,Daily net P&L $+0.00 (gross loss: $0.00),ACCOUNT_STATE
USD/CHF|2026-05-28T21:50:00.000Z,USD/CHF,2026-05-28T21:50:00.000Z,News filter,True,News filter: env not configured — skipped,ACCOUNT_STATE
USD/CHF|2026-05-28T21:50:00.000Z,USD/CHF,2026-05-28T21:50:00.000Z,FOTSI Gate,True,FOTSI Gate: data unavailable — skipped,REPLAYABLE
USD/CHF|2026-05-28T21:50:00.000Z,USD/CHF,2026-05-28T21:50:00.000Z,No correlated conflicts,True,No correlated conflicts (threshold 0.8),ACCOUNT_STATE
USD/CHF|2026-05-28T21:50:00.000Z,USD/CHF,2026-05-28T21:50:00.000Z,Tier 1 gate FAILED,False,"Tier 1 gate FAILED: only 1 core factors — need at least 3 of: Market Structure, Order Block, Fair Value Gap, Premium/Dis",REPLAYABLE
USD/CHF|2026-05-28T21:50:00.000Z,USD/CHF,2026-05-28T21:50:00.000Z,Regime gate,True,Regime gate: OK,REPLAYABLE
USD/CHF|2026-05-28T21:50:00.000Z,USD/CHF,2026-05-28T21:50:00.000Z,[Info] Spread wide,True,[Info] Spread wide (indicative): 46.1% of ATR — info only,REPLAYABLE
GBP/USD|2026-05-29T00:45:00.000Z,GBP/USD,2026-05-29T00:45:00.000Z,[legacy] HTF bias aligned,True,[legacy] HTF bias aligned: Daily bearish,REPLAYABLE
GBP/USD|2026-05-29T00:45:00.000Z,GBP/USD,2026-05-29T00:45:00.000Z,P/D zone OK,True,"P/D zone OK (discount, 42.7% of the 5m 5-swing box 1.34396–1.34485)",REPLAYABLE
GBP/USD|2026-05-29T00:45:00.000Z,GBP/USD,2026-05-29T00:45:00.000Z,Structural Conviction BLOCKED [entry],False,"Structural Conviction BLOCKED [entry]: Bear fractals 0%, S2F 11%, opposite 25% — no structural support for short",REPLAYABLE
GBP/USD|2026-05-29T00:45:00.000Z,GBP/USD,2026-05-29T00:45:00.000Z,Reaction confirmed in ranging market,True,Reaction confirmed in ranging market: Displacement,REPLAYABLE
GBP/USD|2026-05-29T00:45:00.000Z,GBP/USD,2026-05-29T00:45:00.000Z,GBP/USD enabled,True,GBP/USD enabled,REPLAYABLE
GBP/USD|2026-05-29T00:45:00.000Z,GBP/USD,2026-05-29T00:45:00.000Z,0/7 positions,True,0/7 positions,REPLAYABLE
GBP/USD|2026-05-29T00:45:00.000Z,GBP/USD,2026-05-29T00:45:00.000Z,0/1 for GBP/USD,True,0/1 for GBP/USD,REPLAYABLE
GBP/USD|2026-05-29T00:45:00.000Z,GBP/USD,2026-05-29T00:45:00.000Z,Portfolio heat 0.0%,True,Portfolio heat 0.0%,ACCOUNT_STATE
GBP/USD|2026-05-29T00:45:00.000Z,GBP/USD,2026-05-29T00:45:00.000Z,Daily loss 0.0%,True,Daily loss 0.0%,ACCOUNT_STATE
GBP/USD|2026-05-29T00:45:00.000Z,GBP/USD,2026-05-29T00:45:00.000Z,Drawdown 0.0%,True,Drawdown 0.0%,ACCOUNT_STATE
GBP/USD|2026-05-29T00:45:00.000Z,GBP/USD,2026-05-29T00:45:00.000Z,Score 19 < 40 threshold,False,Score 19 < 40 threshold,REPLAYABLE
GBP/USD|2026-05-29T00:45:00.000Z,GBP/USD,2026-05-29T00:45:00.000Z,SMT veto,True,SMT veto: no opposition detected,REPLAYABLE
GBP/USD|2026-05-29T00:45:00.000Z,GBP/USD,2026-05-29T00:45:00.000Z,R,True,"R:R 1.97 effective (2.03 raw, spread 1.5p)",REPLAYABLE
GBP/USD|2026-05-29T00:45:00.000Z,GBP/USD,2026-05-29T00:45:00.000Z,No recent trades — cooldown OK,True,No recent trades — cooldown OK,REPLAYABLE
GBP/USD|2026-05-29T00:45:00.000Z,GBP/USD,2026-05-29T00:45:00.000Z,No trade history for consecutive loss check,True,No trade history for consecutive loss check,ACCOUNT_STATE
GBP/USD|2026-05-29T00:45:00.000Z,GBP/USD,2026-05-29T00:45:00.000Z,Daily net P&L $+0.00,True,Daily net P&L $+0.00 (gross loss: $0.00),ACCOUNT_STATE
GBP/USD|2026-05-29T00:45:00.000Z,GBP/USD,2026-05-29T00:45:00.000Z,News filter,True,News filter: env not configured — skipped,ACCOUNT_STATE
GBP/USD|2026-05-29T00:45:00.000Z,GBP/USD,2026-05-29T00:45:00.000Z,FOTSI Gate,True,FOTSI Gate: data unavailable — skipped,REPLAYABLE
GBP/USD|2026-05-29T00:45:00.000Z,GBP/USD,2026-05-29T00:45:00.000Z,No correlated conflicts,True,No correlated conflicts (threshold 0.8),ACCOUNT_STATE
GBP/USD|2026-05-29T00:45:00.000Z,GBP/USD,2026-05-29T00:45:00.000Z,Tier 1 gate FAILED,False,"Tier 1 gate FAILED: only 2 core factors — need at least 3 of: Market Structure, Order Block, Fair Value Gap, Premium/Dis",REPLAYABLE
GBP/USD|2026-05-29T00:45:00.000Z,GBP/USD,2026-05-29T00:45:00.000Z,Regime gate,True,Regime gate: OK,REPLAYABLE
GBP/USD|2026-05-29T00:45:00.000Z,GBP/USD,2026-05-29T00:45:00.000Z,[Info] Spread wide,True,[Info] Spread wide (indicative): 49.1% of ATR — info only,REPLAYABLE
EUR/USD|2026-05-29T05:10:00.000Z,EUR/USD,2026-05-29T05:10:00.000Z,[legacy] HTF bias aligned,True,[legacy] HTF bias aligned: Daily ranging,REPLAYABLE
EUR/USD|2026-05-29T05:10:00.000Z,EUR/USD,2026-05-29T05:10:00.000Z,P/D zone OK,True,"P/D zone OK (discount, 28.9% of the 5m 5-swing box 1.16341–1.16566)",REPLAYABLE
EUR/USD|2026-05-29T05:10:00.000Z,EUR/USD,2026-05-29T05:10:00.000Z,Structural Conviction [entry],True,Structural Conviction [entry]: Bear 50% / Bull 0% (S2F 25%),REPLAYABLE
EUR/USD|2026-05-29T05:10:00.000Z,EUR/USD,2026-05-29T05:10:00.000Z,Reaction gate skipped,True,Reaction gate skipped: trend is bearish (not ranging),REPLAYABLE
EUR/USD|2026-05-29T05:10:00.000Z,EUR/USD,2026-05-29T05:10:00.000Z,EUR/USD enabled,True,EUR/USD enabled,REPLAYABLE
EUR/USD|2026-05-29T05:10:00.000Z,EUR/USD,2026-05-29T05:10:00.000Z,0/7 positions,True,0/7 positions,REPLAYABLE
EUR/USD|2026-05-29T05:10:00.000Z,EUR/USD,2026-05-29T05:10:00.000Z,0/1 for EUR/USD,True,0/1 for EUR/USD,REPLAYABLE
EUR/USD|2026-05-29T05:10:00.000Z,EUR/USD,2026-05-29T05:10:00.000Z,Portfolio heat 0.0%,True,Portfolio heat 0.0%,ACCOUNT_STATE
EUR/USD|2026-05-29T05:10:00.000Z,EUR/USD,2026-05-29T05:10:00.000Z,Daily loss 0.0%,True,Daily loss 0.0%,ACCOUNT_STATE
EUR/USD|2026-05-29T05:10:00.000Z,EUR/USD,2026-05-29T05:10:00.000Z,Drawdown 0.0%,True,Drawdown 0.0%,ACCOUNT_STATE
EUR/USD|2026-05-29T05:10:00.000Z,EUR/USD,2026-05-29T05:10:00.000Z,Score 36.5 < 40 threshold,False,Score 36.5 < 40 threshold,REPLAYABLE
EUR/USD|2026-05-29T05:10:00.000Z,EUR/USD,2026-05-29T05:10:00.000Z,SMT veto,True,SMT veto: no opposition detected,REPLAYABLE
EUR/USD|2026-05-29T05:10:00.000Z,EUR/USD,2026-05-29T05:10:00.000Z,R,True,"R:R 1.99 effective (2.05 raw, spread 1p)",REPLAYABLE
EUR/USD|2026-05-29T05:10:00.000Z,EUR/USD,2026-05-29T05:10:00.000Z,No recent trades — cooldown OK,True,No recent trades — cooldown OK,REPLAYABLE
EUR/USD|2026-05-29T05:10:00.000Z,EUR/USD,2026-05-29T05:10:00.000Z,No trade history for consecutive loss check,True,No trade history for consecutive loss check,ACCOUNT_STATE
EUR/USD|2026-05-29T05:10:00.000Z,EUR/USD,2026-05-29T05:10:00.000Z,Daily net P&L $+0.00,True,Daily net P&L $+0.00 (gross loss: $0.00),ACCOUNT_STATE
EUR/USD|2026-05-29T05:10:00.000Z,EUR/USD,2026-05-29T05:10:00.000Z,News filter,True,News filter: env not configured — skipped,ACCOUNT_STATE
EUR/USD|2026-05-29T05:10:00.000Z,EUR/USD,2026-05-29T05:10:00.000Z,FOTSI Gate,True,FOTSI Gate: data unavailable — skipped,REPLAYABLE
EUR/USD|2026-05-29T05:10:00.000Z,EUR/USD,2026-05-29T05:10:00.000Z,No correlated conflicts,True,No correlated conflicts (threshold 0.8),ACCOUNT_STATE
EUR/USD|2026-05-29T05:10:00.000Z,EUR/USD,2026-05-29T05:10:00.000Z,Tier 1 gate FAILED,False,"Tier 1 gate FAILED: only 1 core factors — need at least 3 of: Market Structure, Order Block, Fair Value Gap, Premium/Dis",REPLAYABLE
EUR/USD|2026-05-29T05:10:00.000Z,EUR/USD,2026-05-29T05:10:00.000Z,Regime gate,True,Regime gate: OK,REPLAYABLE
EUR/USD|2026-05-29T05:10:00.000Z,EUR/USD,2026-05-29T05:10:00.000Z,[Info] Spread wide,True,[Info] Spread wide (indicative): 46.8% of ATR — info only,REPLAYABLE
GBP/USD|2026-05-31T16:55:00.000Z,GBP/USD,2026-05-31T16:55:00.000Z,[legacy] HTF bias aligned,True,[legacy] HTF bias aligned: Daily ranging,REPLAYABLE
GBP/USD|2026-05-31T16:55:00.000Z,GBP/USD,2026-05-31T16:55:00.000Z,P/D zone OK,True,"P/D zone OK (discount, 29.7% of the 5m 5-swing box 1.34536–1.34637)",REPLAYABLE
GBP/USD|2026-05-31T16:55:00.000Z,GBP/USD,2026-05-31T16:55:00.000Z,Structural Conviction [entry],True,Structural Conviction [entry]: Bull 50% / Bear 33% (S2F 43%),REPLAYABLE
GBP/USD|2026-05-31T16:55:00.000Z,GBP/USD,2026-05-31T16:55:00.000Z,Reaction confirmed in ranging market,True,Reaction confirmed in ranging market: Liquidity Sweep,REPLAYABLE
GBP/USD|2026-05-31T16:55:00.000Z,GBP/USD,2026-05-31T16:55:00.000Z,GBP/USD enabled,True,GBP/USD enabled,REPLAYABLE
GBP/USD|2026-05-31T16:55:00.000Z,GBP/USD,2026-05-31T16:55:00.000Z,0/7 positions,True,0/7 positions,REPLAYABLE
GBP/USD|2026-05-31T16:55:00.000Z,GBP/USD,2026-05-31T16:55:00.000Z,0/1 for GBP/USD,True,0/1 for GBP/USD,REPLAYABLE
GBP/USD|2026-05-31T16:55:00.000Z,GBP/USD,2026-05-31T16:55:00.000Z,Portfolio heat 0.0%,True,Portfolio heat 0.0%,ACCOUNT_STATE
GBP/USD|2026-05-31T16:55:00.000Z,GBP/USD,2026-05-31T16:55:00.000Z,Daily loss 0.0%,True,Daily loss 0.0%,ACCOUNT_STATE
GBP/USD|2026-05-31T16:55:00.000Z,GBP/USD,2026-05-31T16:55:00.000Z,Drawdown 0.0%,True,Drawdown 0.0%,ACCOUNT_STATE
GBP/USD|2026-05-31T16:55:00.000Z,GBP/USD,2026-05-31T16:55:00.000Z,Score 26.3 < 40 threshold,False,Score 26.3 < 40 threshold,REPLAYABLE
GBP/USD|2026-05-31T16:55:00.000Z,GBP/USD,2026-05-31T16:55:00.000Z,SMT veto,True,SMT veto: no opposition detected,REPLAYABLE
GBP/USD|2026-05-31T16:55:00.000Z,GBP/USD,2026-05-31T16:55:00.000Z,R,True,"R:R 1.99 effective (2.05 raw, spread 1.5p)",REPLAYABLE
GBP/USD|2026-05-31T16:55:00.000Z,GBP/USD,2026-05-31T16:55:00.000Z,No recent trades — cooldown OK,True,No recent trades — cooldown OK,REPLAYABLE
GBP/USD|2026-05-31T16:55:00.000Z,GBP/USD,2026-05-31T16:55:00.000Z,No trade history for consecutive loss check,True,No trade history for consecutive loss check,ACCOUNT_STATE
GBP/USD|2026-05-31T16:55:00.000Z,GBP/USD,2026-05-31T16:55:00.000Z,Daily net P&L $+0.00,True,Daily net P&L $+0.00 (gross loss: $0.00),ACCOUNT_STATE
GBP/USD|2026-05-31T16:55:00.000Z,GBP/USD,2026-05-31T16:55:00.000Z,News filter,True,News filter: env not configured — skipped,ACCOUNT_STATE
GBP/USD|2026-05-31T16:55:00.000Z,GBP/USD,2026-05-31T16:55:00.000Z,FOTSI Gate,True,FOTSI Gate: data unavailable — skipped,REPLAYABLE
GBP/USD|2026-05-31T16:55:00.000Z,GBP/USD,2026-05-31T16:55:00.000Z,No correlated conflicts,True,No correlated conflicts (threshold 0.8),ACCOUNT_STATE
GBP/USD|2026-05-31T16:55:00.000Z,GBP/USD,2026-05-31T16:55:00.000Z,Tier 1 gate FAILED,False,"Tier 1 gate FAILED: only 2 core factors — need at least 3 of: Market Structure, Order Block, Fair Value Gap, Premium/Dis",REPLAYABLE
GBP/USD|2026-05-31T16:55:00.000Z,GBP/USD,2026-05-31T16:55:00.000Z,Regime gate,True,Regime gate: OK,REPLAYABLE
GBP/USD|2026-05-31T16:55:00.000Z,GBP/USD,2026-05-31T16:55:00.000Z,[Info] Spread wide,True,[Info] Spread wide (indicative): 62.8% of ATR — info only,REPLAYABLE
USD/JPY|2026-06-01T19:50:00.000Z,USD/JPY,2026-06-01T19:50:00.000Z,[legacy] HTF bias aligned,True,[legacy] HTF bias aligned: Daily bullish,REPLAYABLE
USD/JPY|2026-06-01T19:50:00.000Z,USD/JPY,2026-06-01T19:50:00.000Z,P/D zone OK,True,"P/D zone OK (equilibrium, 54.2% of the 5m 5-swing box 159.590–159.759)",REPLAYABLE
USD/JPY|2026-06-01T19:50:00.000Z,USD/JPY,2026-06-01T19:50:00.000Z,Structural Conviction [entry],True,Structural Conviction [entry]: Bull 25% / Bear 20% (S2F 22%),REPLAYABLE
USD/JPY|2026-06-01T19:50:00.000Z,USD/JPY,2026-06-01T19:50:00.000Z,Reaction gate skipped,True,Reaction gate skipped: trend is bullish (not ranging),REPLAYABLE
USD/JPY|2026-06-01T19:50:00.000Z,USD/JPY,2026-06-01T19:50:00.000Z,USD/JPY enabled,True,USD/JPY enabled,REPLAYABLE
USD/JPY|2026-06-01T19:50:00.000Z,USD/JPY,2026-06-01T19:50:00.000Z,0/7 positions,True,0/7 positions,REPLAYABLE
USD/JPY|2026-06-01T19:50:00.000Z,USD/JPY,2026-06-01T19:50:00.000Z,0/1 for USD/JPY,True,0/1 for USD/JPY,REPLAYABLE
USD/JPY|2026-06-01T19:50:00.000Z,USD/JPY,2026-06-01T19:50:00.000Z,Portfolio heat 0.0%,True,Portfolio heat 0.0%,ACCOUNT_STATE
USD/JPY|2026-06-01T19:50:00.000Z,USD/JPY,2026-06-01T19:50:00.000Z,Daily loss 0.0%,True,Daily loss 0.0%,ACCOUNT_STATE
USD/JPY|2026-06-01T19:50:00.000Z,USD/JPY,2026-06-01T19:50:00.000Z,Drawdown 0.0%,True,Drawdown 0.0%,ACCOUNT_STATE
USD/JPY|2026-06-01T19:50:00.000Z,USD/JPY,2026-06-01T19:50:00.000Z,Score 41.7 meets threshold,True,Score 41.7 meets threshold,REPLAYABLE
USD/JPY|2026-06-01T19:50:00.000Z,USD/JPY,2026-06-01T19:50:00.000Z,SMT veto,True,SMT veto: no opposition detected,REPLAYABLE
USD/JPY|2026-06-01T19:50:00.000Z,USD/JPY,2026-06-01T19:50:00.000Z,R,True,"R:R 1.98 effective (2.02 raw, spread 1p)",REPLAYABLE
USD/JPY|2026-06-01T19:50:00.000Z,USD/JPY,2026-06-01T19:50:00.000Z,No recent trades — cooldown OK,True,No recent trades — cooldown OK,REPLAYABLE
USD/JPY|2026-06-01T19:50:00.000Z,USD/JPY,2026-06-01T19:50:00.000Z,No trade history for consecutive loss check,True,No trade history for consecutive loss check,ACCOUNT_STATE
USD/JPY|2026-06-01T19:50:00.000Z,USD/JPY,2026-06-01T19:50:00.000Z,Daily net P&L $+0.00,True,Daily net P&L $+0.00 (gross loss: $0.00),ACCOUNT_STATE
USD/JPY|2026-06-01T19:50:00.000Z,USD/JPY,2026-06-01T19:50:00.000Z,News filter,True,News filter: env not configured — skipped,ACCOUNT_STATE
USD/JPY|2026-06-01T19:50:00.000Z,USD/JPY,2026-06-01T19:50:00.000Z,FOTSI Gate,True,FOTSI Gate: data unavailable — skipped,REPLAYABLE
USD/JPY|2026-06-01T19:50:00.000Z,USD/JPY,2026-06-01T19:50:00.000Z,No correlated conflicts,True,No correlated conflicts (threshold 0.8),ACCOUNT_STATE
USD/JPY|2026-06-01T19:50:00.000Z,USD/JPY,2026-06-01T19:50:00.000Z,Tier 1 gate FAILED,False,"Tier 1 gate FAILED: only 1 core factors — need at least 3 of: Market Structure, Order Block, Fair Value Gap, Premium/Dis",REPLAYABLE
USD/JPY|2026-06-01T19:50:00.000Z,USD/JPY,2026-06-01T19:50:00.000Z,Regime gate,True,Regime gate: OK,REPLAYABLE
USD/JPY|2026-06-01T19:50:00.000Z,USD/JPY,2026-06-01T19:50:00.000Z,[Info] Spread OK,True,[Info] Spread OK: 0.4% of ATR,REPLAYABLE
GBP/USD|2026-06-02T02:15:00.000Z,GBP/USD,2026-06-02T02:15:00.000Z,[legacy] HTF bias mismatch,False,"[legacy] HTF bias mismatch: Daily is bullish, entry is bearish",REPLAYABLE
GBP/USD|2026-06-02T02:15:00.000Z,GBP/USD,2026-06-02T02:15:00.000Z,P/D zone OK,True,"P/D zone OK (discount, 10.5% of the 5m 5-swing box 1.34515–1.34620)",REPLAYABLE
GBP/USD|2026-06-02T02:15:00.000Z,GBP/USD,2026-06-02T02:15:00.000Z,Structural Conviction [entry],True,Structural Conviction [entry]: Bear 20% / Bull 20% (S2F 20%),REPLAYABLE
GBP/USD|2026-06-02T02:15:00.000Z,GBP/USD,2026-06-02T02:15:00.000Z,Reaction gate skipped,True,Reaction gate skipped: trend is bearish (not ranging),REPLAYABLE
GBP/USD|2026-06-02T02:15:00.000Z,GBP/USD,2026-06-02T02:15:00.000Z,GBP/USD enabled,True,GBP/USD enabled,REPLAYABLE
GBP/USD|2026-06-02T02:15:00.000Z,GBP/USD,2026-06-02T02:15:00.000Z,0/7 positions,True,0/7 positions,REPLAYABLE
GBP/USD|2026-06-02T02:15:00.000Z,GBP/USD,2026-06-02T02:15:00.000Z,0/1 for GBP/USD,True,0/1 for GBP/USD,REPLAYABLE
GBP/USD|2026-06-02T02:15:00.000Z,GBP/USD,2026-06-02T02:15:00.000Z,Portfolio heat 0.0%,True,Portfolio heat 0.0%,ACCOUNT_STATE
GBP/USD|2026-06-02T02:15:00.000Z,GBP/USD,2026-06-02T02:15:00.000Z,Daily loss 0.0%,True,Daily loss 0.0%,ACCOUNT_STATE
GBP/USD|2026-06-02T02:15:00.000Z,GBP/USD,2026-06-02T02:15:00.000Z,Drawdown 0.0%,True,Drawdown 0.0%,ACCOUNT_STATE
GBP/USD|2026-06-02T02:15:00.000Z,GBP/USD,2026-06-02T02:15:00.000Z,Score 31.3 < 40 threshold,False,Score 31.3 < 40 threshold,REPLAYABLE
GBP/USD|2026-06-02T02:15:00.000Z,GBP/USD,2026-06-02T02:15:00.000Z,SMT veto,True,SMT veto: no opposition detected,REPLAYABLE
GBP/USD|2026-06-02T02:15:00.000Z,GBP/USD,2026-06-02T02:15:00.000Z,R,True,"R:R 1.97 effective (2.03 raw, spread 1.5p)",REPLAYABLE
GBP/USD|2026-06-02T02:15:00.000Z,GBP/USD,2026-06-02T02:15:00.000Z,No recent trades — cooldown OK,True,No recent trades — cooldown OK,REPLAYABLE
GBP/USD|2026-06-02T02:15:00.000Z,GBP/USD,2026-06-02T02:15:00.000Z,No trade history for consecutive loss check,True,No trade history for consecutive loss check,ACCOUNT_STATE
GBP/USD|2026-06-02T02:15:00.000Z,GBP/USD,2026-06-02T02:15:00.000Z,Daily net P&L $+0.00,True,Daily net P&L $+0.00 (gross loss: $0.00),ACCOUNT_STATE
GBP/USD|2026-06-02T02:15:00.000Z,GBP/USD,2026-06-02T02:15:00.000Z,News filter,True,News filter: env not configured — skipped,ACCOUNT_STATE
GBP/USD|2026-06-02T02:15:00.000Z,GBP/USD,2026-06-02T02:15:00.000Z,FOTSI Gate,True,FOTSI Gate: data unavailable — skipped,REPLAYABLE
GBP/USD|2026-06-02T02:15:00.000Z,GBP/USD,2026-06-02T02:15:00.000Z,No correlated conflicts,True,No correlated conflicts (threshold 0.8),ACCOUNT_STATE
GBP/USD|2026-06-02T02:15:00.000Z,GBP/USD,2026-06-02T02:15:00.000Z,Tier 1 gate FAILED,False,"Tier 1 gate FAILED: only 1 core factors — need at least 3 of: Market Structure, Order Block, Fair Value Gap, Premium/Dis",REPLAYABLE
GBP/USD|2026-06-02T02:15:00.000Z,GBP/USD,2026-06-02T02:15:00.000Z,Regime gate,True,Regime gate: OK,REPLAYABLE
GBP/USD|2026-06-02T02:15:00.000Z,GBP/USD,2026-06-02T02:15:00.000Z,[Info] Spread wide,True,[Info] Spread wide (indicative): 37.1% of ATR — info only,REPLAYABLE
USD/CAD|2026-06-03T04:20:00.000Z,USD/CAD,2026-06-03T04:20:00.000Z,[legacy] HTF bias mismatch,False,"[legacy] HTF bias mismatch: Daily is bullish, entry is bearish",REPLAYABLE
USD/CAD|2026-06-03T04:20:00.000Z,USD/CAD,2026-06-03T04:20:00.000Z,P/D zone OK,True,"P/D zone OK (premium, 100.0% of the 5m 5-swing box 1.38359–1.38473) — price is OUTSIDE that range (raw 105.3%)",REPLAYABLE
USD/CAD|2026-06-03T04:20:00.000Z,USD/CAD,2026-06-03T04:20:00.000Z,Structural Conviction BLOCKED [entry],False,"Structural Conviction BLOCKED [entry]: Bear fractals 0%, S2F 17%, opposite 50% — no structural support for short",REPLAYABLE
USD/CAD|2026-06-03T04:20:00.000Z,USD/CAD,2026-06-03T04:20:00.000Z,Reaction gate skipped,True,Reaction gate skipped: trend is bullish (not ranging),REPLAYABLE
USD/CAD|2026-06-03T04:20:00.000Z,USD/CAD,2026-06-03T04:20:00.000Z,USD/CAD not in enabled instruments,False,USD/CAD not in enabled instruments,REPLAYABLE
USD/CAD|2026-06-03T04:20:00.000Z,USD/CAD,2026-06-03T04:20:00.000Z,0/7 positions,True,0/7 positions,REPLAYABLE
USD/CAD|2026-06-03T04:20:00.000Z,USD/CAD,2026-06-03T04:20:00.000Z,0/1 for USD/CAD,True,0/1 for USD/CAD,REPLAYABLE
USD/CAD|2026-06-03T04:20:00.000Z,USD/CAD,2026-06-03T04:20:00.000Z,Portfolio heat 0.0%,True,Portfolio heat 0.0%,ACCOUNT_STATE
USD/CAD|2026-06-03T04:20:00.000Z,USD/CAD,2026-06-03T04:20:00.000Z,Daily loss 0.0%,True,Daily loss 0.0%,ACCOUNT_STATE
USD/CAD|2026-06-03T04:20:00.000Z,USD/CAD,2026-06-03T04:20:00.000Z,Drawdown 0.0%,True,Drawdown 0.0%,ACCOUNT_STATE
USD/CAD|2026-06-03T04:20:00.000Z,USD/CAD,2026-06-03T04:20:00.000Z,Score 31.3 < 40 threshold,False,Score 31.3 < 40 threshold,REPLAYABLE
USD/CAD|2026-06-03T04:20:00.000Z,USD/CAD,2026-06-03T04:20:00.000Z,SMT veto,True,SMT veto: no opposition detected,REPLAYABLE
USD/CAD|2026-06-03T04:20:00.000Z,USD/CAD,2026-06-03T04:20:00.000Z,R,True,"R:R 2.02 effective (2.10 raw, spread 1.5p)",REPLAYABLE
USD/CAD|2026-06-03T04:20:00.000Z,USD/CAD,2026-06-03T04:20:00.000Z,No recent trades — cooldown OK,True,No recent trades — cooldown OK,REPLAYABLE
USD/CAD|2026-06-03T04:20:00.000Z,USD/CAD,2026-06-03T04:20:00.000Z,No trade history for consecutive loss check,True,No trade history for consecutive loss check,ACCOUNT_STATE
USD/CAD|2026-06-03T04:20:00.000Z,USD/CAD,2026-06-03T04:20:00.000Z,Daily net P&L $+0.00,True,Daily net P&L $+0.00 (gross loss: $0.00),ACCOUNT_STATE
USD/CAD|2026-06-03T04:20:00.000Z,USD/CAD,2026-06-03T04:20:00.000Z,News filter,True,News filter: env not configured — skipped,ACCOUNT_STATE
USD/CAD|2026-06-03T04:20:00.000Z,USD/CAD,2026-06-03T04:20:00.000Z,FOTSI Gate,True,FOTSI Gate: data unavailable — skipped,REPLAYABLE
USD/CAD|2026-06-03T04:20:00.000Z,USD/CAD,2026-06-03T04:20:00.000Z,No correlated conflicts,True,No correlated conflicts (threshold 0.8),ACCOUNT_STATE
USD/CAD|2026-06-03T04:20:00.000Z,USD/CAD,2026-06-03T04:20:00.000Z,Tier 1 gate FAILED,False,"Tier 1 gate FAILED: only 1 core factors — need at least 3 of: Market Structure, Order Block, Fair Value Gap, Premium/Dis",REPLAYABLE
USD/CAD|2026-06-03T04:20:00.000Z,USD/CAD,2026-06-03T04:20:00.000Z,Regime gate,True,Regime gate: OK,REPLAYABLE
USD/CAD|2026-06-03T04:20:00.000Z,USD/CAD,2026-06-03T04:20:00.000Z,[Info] Spread wide,True,[Info] Spread wide (indicative): 80.0% of ATR — info only,REPLAYABLE
GBP/USD|2026-06-03T08:15:00.000Z,GBP/USD,2026-06-03T08:15:00.000Z,[legacy] HTF bias aligned,True,[legacy] HTF bias aligned: Daily bullish,REPLAYABLE
GBP/USD|2026-06-03T08:15:00.000Z,GBP/USD,2026-06-03T08:15:00.000Z,P/D zone OK,True,"P/D zone OK (discount, 40.1% of the 5m 5-swing box 1.34369–1.34713)",REPLAYABLE
GBP/USD|2026-06-03T08:15:00.000Z,GBP/USD,2026-06-03T08:15:00.000Z,Structural Conviction [entry],True,Structural Conviction [entry]: Bull 33% / Bear 33% (S2F 33%),REPLAYABLE
GBP/USD|2026-06-03T08:15:00.000Z,GBP/USD,2026-06-03T08:15:00.000Z,Reaction gate skipped,True,Reaction gate skipped: trend is bullish (not ranging),REPLAYABLE
GBP/USD|2026-06-03T08:15:00.000Z,GBP/USD,2026-06-03T08:15:00.000Z,GBP/USD enabled,True,GBP/USD enabled,REPLAYABLE
GBP/USD|2026-06-03T08:15:00.000Z,GBP/USD,2026-06-03T08:15:00.000Z,0/7 positions,True,0/7 positions,REPLAYABLE
GBP/USD|2026-06-03T08:15:00.000Z,GBP/USD,2026-06-03T08:15:00.000Z,0/1 for GBP/USD,True,0/1 for GBP/USD,REPLAYABLE
GBP/USD|2026-06-03T08:15:00.000Z,GBP/USD,2026-06-03T08:15:00.000Z,Portfolio heat 0.0%,True,Portfolio heat 0.0%,ACCOUNT_STATE
GBP/USD|2026-06-03T08:15:00.000Z,GBP/USD,2026-06-03T08:15:00.000Z,Daily loss 0.0%,True,Daily loss 0.0%,ACCOUNT_STATE
GBP/USD|2026-06-03T08:15:00.000Z,GBP/USD,2026-06-03T08:15:00.000Z,Drawdown 0.0%,True,Drawdown 0.0%,ACCOUNT_STATE
GBP/USD|2026-06-03T08:15:00.000Z,GBP/USD,2026-06-03T08:15:00.000Z,Score 33.3 < 40 threshold,False,Score 33.3 < 40 threshold,REPLAYABLE
GBP/USD|2026-06-03T08:15:00.000Z,GBP/USD,2026-06-03T08:15:00.000Z,SMT veto,True,SMT veto: no opposition detected,REPLAYABLE
GBP/USD|2026-06-03T08:15:00.000Z,GBP/USD,2026-06-03T08:15:00.000Z,R,True,"R:R 1.92 effective (1.96 raw, spread 1.5p)",REPLAYABLE
GBP/USD|2026-06-03T08:15:00.000Z,GBP/USD,2026-06-03T08:15:00.000Z,No recent trades — cooldown OK,True,No recent trades — cooldown OK,REPLAYABLE
GBP/USD|2026-06-03T08:15:00.000Z,GBP/USD,2026-06-03T08:15:00.000Z,No trade history for consecutive loss check,True,No trade history for consecutive loss check,ACCOUNT_STATE
GBP/USD|2026-06-03T08:15:00.000Z,GBP/USD,2026-06-03T08:15:00.000Z,Daily net P&L $+0.00,True,Daily net P&L $+0.00 (gross loss: $0.00),ACCOUNT_STATE
GBP/USD|2026-06-03T08:15:00.000Z,GBP/USD,2026-06-03T08:15:00.000Z,News filter,True,News filter: env not configured — skipped,ACCOUNT_STATE
GBP/USD|2026-06-03T08:15:00.000Z,GBP/USD,2026-06-03T08:15:00.000Z,FOTSI Gate,True,FOTSI Gate: data unavailable — skipped,REPLAYABLE
GBP/USD|2026-06-03T08:15:00.000Z,GBP/USD,2026-06-03T08:15:00.000Z,No correlated conflicts,True,No correlated conflicts (threshold 0.8),ACCOUNT_STATE
GBP/USD|2026-06-03T08:15:00.000Z,GBP/USD,2026-06-03T08:15:00.000Z,Tier 1 gate FAILED,False,"Tier 1 gate FAILED: only 1 core factors — need at least 3 of: Market Structure, Order Block, Fair Value Gap, Premium/Dis",REPLAYABLE
GBP/USD|2026-06-03T08:15:00.000Z,GBP/USD,2026-06-03T08:15:00.000Z,Regime gate,True,Regime gate: OK,REPLAYABLE
GBP/USD|2026-06-03T08:15:00.000Z,GBP/USD,2026-06-03T08:15:00.000Z,[Info] Spread wide,True,[Info] Spread wide (indicative): 20.0% of ATR — info only,REPLAYABLE
USD/CAD|2026-06-04T11:05:00.000Z,USD/CAD,2026-06-04T11:05:00.000Z,[legacy] HTF bias aligned,True,[legacy] HTF bias aligned: Daily bullish,REPLAYABLE
USD/CAD|2026-06-04T11:05:00.000Z,USD/CAD,2026-06-04T11:05:00.000Z,P/D zone OK,True,"P/D zone OK (discount, 0.0% of the 5m 5-swing box 1.38978–1.39250) — price is OUTSIDE that range (raw -3.7%)",REPLAYABLE
USD/CAD|2026-06-04T11:05:00.000Z,USD/CAD,2026-06-04T11:05:00.000Z,Structural Conviction BLOCKED [entry],False,"Structural Conviction BLOCKED [entry]: Bull fractals 0%, S2F 20%, opposite 50% — no structural support for long",REPLAYABLE
USD/CAD|2026-06-04T11:05:00.000Z,USD/CAD,2026-06-04T11:05:00.000Z,Reaction gate skipped,True,Reaction gate skipped: trend is bearish (not ranging),REPLAYABLE
USD/CAD|2026-06-04T11:05:00.000Z,USD/CAD,2026-06-04T11:05:00.000Z,USD/CAD not in enabled instruments,False,USD/CAD not in enabled instruments,REPLAYABLE
USD/CAD|2026-06-04T11:05:00.000Z,USD/CAD,2026-06-04T11:05:00.000Z,0/7 positions,True,0/7 positions,REPLAYABLE
USD/CAD|2026-06-04T11:05:00.000Z,USD/CAD,2026-06-04T11:05:00.000Z,0/1 for USD/CAD,True,0/1 for USD/CAD,REPLAYABLE
USD/CAD|2026-06-04T11:05:00.000Z,USD/CAD,2026-06-04T11:05:00.000Z,Portfolio heat 0.0%,True,Portfolio heat 0.0%,ACCOUNT_STATE
USD/CAD|2026-06-04T11:05:00.000Z,USD/CAD,2026-06-04T11:05:00.000Z,Daily loss 0.0%,True,Daily loss 0.0%,ACCOUNT_STATE
USD/CAD|2026-06-04T11:05:00.000Z,USD/CAD,2026-06-04T11:05:00.000Z,Drawdown 0.0%,True,Drawdown 0.0%,ACCOUNT_STATE
USD/CAD|2026-06-04T11:05:00.000Z,USD/CAD,2026-06-04T11:05:00.000Z,Score 40.6 meets threshold,True,Score 40.6 meets threshold,REPLAYABLE
USD/CAD|2026-06-04T11:05:00.000Z,USD/CAD,2026-06-04T11:05:00.000Z,SMT veto,True,SMT veto: no opposition detected,REPLAYABLE
USD/CAD|2026-06-04T11:05:00.000Z,USD/CAD,2026-06-04T11:05:00.000Z,R,True,"R:R 2.09 effective (2.18 raw, spread 1.5p)",REPLAYABLE
USD/CAD|2026-06-04T11:05:00.000Z,USD/CAD,2026-06-04T11:05:00.000Z,No recent trades — cooldown OK,True,No recent trades — cooldown OK,REPLAYABLE
USD/CAD|2026-06-04T11:05:00.000Z,USD/CAD,2026-06-04T11:05:00.000Z,No trade history for consecutive loss check,True,No trade history for consecutive loss check,ACCOUNT_STATE
USD/CAD|2026-06-04T11:05:00.000Z,USD/CAD,2026-06-04T11:05:00.000Z,Daily net P&L $+0.00,True,Daily net P&L $+0.00 (gross loss: $0.00),ACCOUNT_STATE
USD/CAD|2026-06-04T11:05:00.000Z,USD/CAD,2026-06-04T11:05:00.000Z,News filter,True,News filter: env not configured — skipped,ACCOUNT_STATE
USD/CAD|2026-06-04T11:05:00.000Z,USD/CAD,2026-06-04T11:05:00.000Z,FOTSI Gate,True,FOTSI Gate: data unavailable — skipped,REPLAYABLE
USD/CAD|2026-06-04T11:05:00.000Z,USD/CAD,2026-06-04T11:05:00.000Z,No correlated conflicts,True,No correlated conflicts (threshold 0.8),ACCOUNT_STATE
USD/CAD|2026-06-04T11:05:00.000Z,USD/CAD,2026-06-04T11:05:00.000Z,Tier 1 gate FAILED,False,"Tier 1 gate FAILED: only 1 core factors — need at least 3 of: Market Structure, Order Block, Fair Value Gap, Premium/Dis",REPLAYABLE
USD/CAD|2026-06-04T11:05:00.000Z,USD/CAD,2026-06-04T11:05:00.000Z,Regime gate,True,Regime gate: OK,REPLAYABLE
USD/CAD|2026-06-04T11:05:00.000Z,USD/CAD,2026-06-04T11:05:00.000Z,[Info] Spread wide,True,[Info] Spread wide (indicative): 38.7% of ATR — info only,REPLAYABLE
GBP/USD|2026-06-05T02:05:00.000Z,GBP/USD,2026-06-05T02:05:00.000Z,[legacy] HTF bias aligned,True,[legacy] HTF bias aligned: Daily bullish,REPLAYABLE
GBP/USD|2026-06-05T02:05:00.000Z,GBP/USD,2026-06-05T02:05:00.000Z,P/D zone OK,True,"P/D zone OK (premium, 63.8% of the 5m 5-swing box 1.34169–1.34307)",REPLAYABLE
GBP/USD|2026-06-05T02:05:00.000Z,GBP/USD,2026-06-05T02:05:00.000Z,Structural Conviction BLOCKED [entry],False,"Structural Conviction BLOCKED [entry]: Bull fractals 0%, S2F 14%, opposite 33% — no structural support for long",REPLAYABLE
GBP/USD|2026-06-05T02:05:00.000Z,GBP/USD,2026-06-05T02:05:00.000Z,Reaction confirmed in ranging market,True,"Reaction confirmed in ranging market: Liquidity Sweep, AMD Phase",REPLAYABLE
GBP/USD|2026-06-05T02:05:00.000Z,GBP/USD,2026-06-05T02:05:00.000Z,GBP/USD enabled,True,GBP/USD enabled,REPLAYABLE
GBP/USD|2026-06-05T02:05:00.000Z,GBP/USD,2026-06-05T02:05:00.000Z,0/7 positions,True,0/7 positions,REPLAYABLE
GBP/USD|2026-06-05T02:05:00.000Z,GBP/USD,2026-06-05T02:05:00.000Z,0/1 for GBP/USD,True,0/1 for GBP/USD,REPLAYABLE
GBP/USD|2026-06-05T02:05:00.000Z,GBP/USD,2026-06-05T02:05:00.000Z,Portfolio heat 0.0%,True,Portfolio heat 0.0%,ACCOUNT_STATE
GBP/USD|2026-06-05T02:05:00.000Z,GBP/USD,2026-06-05T02:05:00.000Z,Daily loss 0.0%,True,Daily loss 0.0%,ACCOUNT_STATE
GBP/USD|2026-06-05T02:05:00.000Z,GBP/USD,2026-06-05T02:05:00.000Z,Drawdown 0.0%,True,Drawdown 0.0%,ACCOUNT_STATE
GBP/USD|2026-06-05T02:05:00.000Z,GBP/USD,2026-06-05T02:05:00.000Z,Score 37.7 < 40 threshold,False,Score 37.7 < 40 threshold,REPLAYABLE
GBP/USD|2026-06-05T02:05:00.000Z,GBP/USD,2026-06-05T02:05:00.000Z,SMT veto,True,SMT veto: no opposition detected,REPLAYABLE
GBP/USD|2026-06-05T02:05:00.000Z,GBP/USD,2026-06-05T02:05:00.000Z,R,True,"R:R 2.08 effective (2.14 raw, spread 1.5p)",REPLAYABLE
GBP/USD|2026-06-05T02:05:00.000Z,GBP/USD,2026-06-05T02:05:00.000Z,No recent trades — cooldown OK,True,No recent trades — cooldown OK,REPLAYABLE
GBP/USD|2026-06-05T02:05:00.000Z,GBP/USD,2026-06-05T02:05:00.000Z,No trade history for consecutive loss check,True,No trade history for consecutive loss check,ACCOUNT_STATE
GBP/USD|2026-06-05T02:05:00.000Z,GBP/USD,2026-06-05T02:05:00.000Z,Daily net P&L $+0.00,True,Daily net P&L $+0.00 (gross loss: $0.00),ACCOUNT_STATE
GBP/USD|2026-06-05T02:05:00.000Z,GBP/USD,2026-06-05T02:05:00.000Z,News filter,True,News filter: env not configured — skipped,ACCOUNT_STATE
GBP/USD|2026-06-05T02:05:00.000Z,GBP/USD,2026-06-05T02:05:00.000Z,FOTSI Gate,True,FOTSI Gate: data unavailable — skipped,REPLAYABLE
GBP/USD|2026-06-05T02:05:00.000Z,GBP/USD,2026-06-05T02:05:00.000Z,No correlated conflicts,True,No correlated conflicts (threshold 0.8),ACCOUNT_STATE
GBP/USD|2026-06-05T02:05:00.000Z,GBP/USD,2026-06-05T02:05:00.000Z,Tier 1 gate FAILED,False,"Tier 1 gate FAILED: only 2 core factors — need at least 3 of: Market Structure, Order Block, Fair Value Gap, Premium/Dis",REPLAYABLE
GBP/USD|2026-06-05T02:05:00.000Z,GBP/USD,2026-06-05T02:05:00.000Z,Regime gate,True,Regime gate: OK,REPLAYABLE
GBP/USD|2026-06-05T02:05:00.000Z,GBP/USD,2026-06-05T02:05:00.000Z,[Info] Spread wide,True,[Info] Spread wide (indicative): 39.7% of ATR — info only,REPLAYABLE
AUD/USD|2026-06-07T17:00:00.000Z,AUD/USD,2026-06-07T17:00:00.000Z,[legacy] HTF bias aligned,True,[legacy] HTF bias aligned: Daily bullish,REPLAYABLE
AUD/USD|2026-06-07T17:00:00.000Z,AUD/USD,2026-06-07T17:00:00.000Z,P/D zone OK,True,"P/D zone OK (equilibrium, 49.1% of the 5m 5-swing box 0.70313–0.70531)",REPLAYABLE
AUD/USD|2026-06-07T17:00:00.000Z,AUD/USD,2026-06-07T17:00:00.000Z,Structural Conviction [entry],True,Structural Conviction [entry]: Bull 20% / Bear 0% (S2F 10%),REPLAYABLE
AUD/USD|2026-06-07T17:00:00.000Z,AUD/USD,2026-06-07T17:00:00.000Z,Reaction gate skipped,True,Reaction gate skipped: trend is bullish (not ranging),REPLAYABLE
AUD/USD|2026-06-07T17:00:00.000Z,AUD/USD,2026-06-07T17:00:00.000Z,AUD/USD not in enabled instruments,False,AUD/USD not in enabled instruments,REPLAYABLE
AUD/USD|2026-06-07T17:00:00.000Z,AUD/USD,2026-06-07T17:00:00.000Z,0/7 positions,True,0/7 positions,REPLAYABLE
AUD/USD|2026-06-07T17:00:00.000Z,AUD/USD,2026-06-07T17:00:00.000Z,0/1 for AUD/USD,True,0/1 for AUD/USD,REPLAYABLE
AUD/USD|2026-06-07T17:00:00.000Z,AUD/USD,2026-06-07T17:00:00.000Z,Portfolio heat 0.0%,True,Portfolio heat 0.0%,ACCOUNT_STATE
AUD/USD|2026-06-07T17:00:00.000Z,AUD/USD,2026-06-07T17:00:00.000Z,Daily loss 0.0%,True,Daily loss 0.0%,ACCOUNT_STATE
AUD/USD|2026-06-07T17:00:00.000Z,AUD/USD,2026-06-07T17:00:00.000Z,Drawdown 0.0%,True,Drawdown 0.0%,ACCOUNT_STATE
AUD/USD|2026-06-07T17:00:00.000Z,AUD/USD,2026-06-07T17:00:00.000Z,Score 40.6 meets threshold,True,Score 40.6 meets threshold,REPLAYABLE
AUD/USD|2026-06-07T17:00:00.000Z,AUD/USD,2026-06-07T17:00:00.000Z,SMT veto,True,SMT veto: no opposition detected,REPLAYABLE
AUD/USD|2026-06-07T17:00:00.000Z,AUD/USD,2026-06-07T17:00:00.000Z,R,True,"R:R 3.01 effective (3.12 raw, spread 1.5p)",REPLAYABLE
AUD/USD|2026-06-07T17:00:00.000Z,AUD/USD,2026-06-07T17:00:00.000Z,No recent trades — cooldown OK,True,No recent trades — cooldown OK,REPLAYABLE
AUD/USD|2026-06-07T17:00:00.000Z,AUD/USD,2026-06-07T17:00:00.000Z,No trade history for consecutive loss check,True,No trade history for consecutive loss check,ACCOUNT_STATE
AUD/USD|2026-06-07T17:00:00.000Z,AUD/USD,2026-06-07T17:00:00.000Z,Daily net P&L $+0.00,True,Daily net P&L $+0.00 (gross loss: $0.00),ACCOUNT_STATE
AUD/USD|2026-06-07T17:00:00.000Z,AUD/USD,2026-06-07T17:00:00.000Z,News filter,True,News filter: env not configured — skipped,ACCOUNT_STATE
AUD/USD|2026-06-07T17:00:00.000Z,AUD/USD,2026-06-07T17:00:00.000Z,FOTSI Gate,True,FOTSI Gate: data unavailable — skipped,REPLAYABLE
AUD/USD|2026-06-07T17:00:00.000Z,AUD/USD,2026-06-07T17:00:00.000Z,No correlated conflicts,True,No correlated conflicts (threshold 0.8),ACCOUNT_STATE
AUD/USD|2026-06-07T17:00:00.000Z,AUD/USD,2026-06-07T17:00:00.000Z,Tier 1 gate FAILED,False,"Tier 1 gate FAILED: only 2 core factors — need at least 3 of: Market Structure, Order Block, Fair Value Gap, Premium/Dis",REPLAYABLE
AUD/USD|2026-06-07T17:00:00.000Z,AUD/USD,2026-06-07T17:00:00.000Z,Regime gate,True,Regime gate: OK,REPLAYABLE
AUD/USD|2026-06-07T17:00:00.000Z,AUD/USD,2026-06-07T17:00:00.000Z,[Info] Spread wide,True,[Info] Spread wide (indicative): 36.5% of ATR — info only,REPLAYABLE
GBP/USD|2026-06-08T04:20:00.000Z,GBP/USD,2026-06-08T04:20:00.000Z,[legacy] HTF bias mismatch,False,"[legacy] HTF bias mismatch: Daily is bullish, entry is bearish",REPLAYABLE
GBP/USD|2026-06-08T04:20:00.000Z,GBP/USD,2026-06-08T04:20:00.000Z,P/D zone OK,True,"P/D zone OK (premium, 77.9% of the 5m 5-swing box 1.33205–1.33508)",REPLAYABLE
GBP/USD|2026-06-08T04:20:00.000Z,GBP/USD,2026-06-08T04:20:00.000Z,Structural Conviction BLOCKED [entry],False,"Structural Conviction BLOCKED [entry]: Bear fractals 0%, S2F 14%, opposite 25% — no structural support for short",REPLAYABLE
GBP/USD|2026-06-08T04:20:00.000Z,GBP/USD,2026-06-08T04:20:00.000Z,Reaction gate skipped,True,Reaction gate skipped: trend is bullish (not ranging),REPLAYABLE
GBP/USD|2026-06-08T04:20:00.000Z,GBP/USD,2026-06-08T04:20:00.000Z,GBP/USD enabled,True,GBP/USD enabled,REPLAYABLE
GBP/USD|2026-06-08T04:20:00.000Z,GBP/USD,2026-06-08T04:20:00.000Z,0/7 positions,True,0/7 positions,REPLAYABLE
GBP/USD|2026-06-08T04:20:00.000Z,GBP/USD,2026-06-08T04:20:00.000Z,0/1 for GBP/USD,True,0/1 for GBP/USD,REPLAYABLE
GBP/USD|2026-06-08T04:20:00.000Z,GBP/USD,2026-06-08T04:20:00.000Z,Portfolio heat 0.0%,True,Portfolio heat 0.0%,ACCOUNT_STATE
GBP/USD|2026-06-08T04:20:00.000Z,GBP/USD,2026-06-08T04:20:00.000Z,Daily loss 0.0%,True,Daily loss 0.0%,ACCOUNT_STATE
GBP/USD|2026-06-08T04:20:00.000Z,GBP/USD,2026-06-08T04:20:00.000Z,Drawdown 0.0%,True,Drawdown 0.0%,ACCOUNT_STATE
GBP/USD|2026-06-08T04:20:00.000Z,GBP/USD,2026-06-08T04:20:00.000Z,Score 38.5 < 40 threshold,False,Score 38.5 < 40 threshold,REPLAYABLE
GBP/USD|2026-06-08T04:20:00.000Z,GBP/USD,2026-06-08T04:20:00.000Z,SMT veto,True,SMT veto: no opposition detected,REPLAYABLE
GBP/USD|2026-06-08T04:20:00.000Z,GBP/USD,2026-06-08T04:20:00.000Z,R,True,"R:R 2.08 effective (2.14 raw, spread 1.5p)",REPLAYABLE
GBP/USD|2026-06-08T04:20:00.000Z,GBP/USD,2026-06-08T04:20:00.000Z,No recent trades — cooldown OK,True,No recent trades — cooldown OK,REPLAYABLE
GBP/USD|2026-06-08T04:20:00.000Z,GBP/USD,2026-06-08T04:20:00.000Z,No trade history for consecutive loss check,True,No trade history for consecutive loss check,ACCOUNT_STATE
GBP/USD|2026-06-08T04:20:00.000Z,GBP/USD,2026-06-08T04:20:00.000Z,Daily net P&L $+0.00,True,Daily net P&L $+0.00 (gross loss: $0.00),ACCOUNT_STATE
GBP/USD|2026-06-08T04:20:00.000Z,GBP/USD,2026-06-08T04:20:00.000Z,News filter,True,News filter: env not configured — skipped,ACCOUNT_STATE
GBP/USD|2026-06-08T04:20:00.000Z,GBP/USD,2026-06-08T04:20:00.000Z,FOTSI Gate,True,FOTSI Gate: data unavailable — skipped,REPLAYABLE
GBP/USD|2026-06-08T04:20:00.000Z,GBP/USD,2026-06-08T04:20:00.000Z,No correlated conflicts,True,No correlated conflicts (threshold 0.8),ACCOUNT_STATE
GBP/USD|2026-06-08T04:20:00.000Z,GBP/USD,2026-06-08T04:20:00.000Z,Tier 1 gate FAILED,False,"Tier 1 gate FAILED: only 1 core factors — need at least 3 of: Market Structure, Order Block, Fair Value Gap, Premium/Dis",REPLAYABLE
GBP/USD|2026-06-08T04:20:00.000Z,GBP/USD,2026-06-08T04:20:00.000Z,Regime gate,True,Regime gate: OK,REPLAYABLE
GBP/USD|2026-06-08T04:20:00.000Z,GBP/USD,2026-06-08T04:20:00.000Z,[Info] Spread wide,True,[Info] Spread wide (indicative): 44.9% of ATR — info only,REPLAYABLE
USD/CHF|2026-06-08T10:50:00.000Z,USD/CHF,2026-06-08T10:50:00.000Z,[legacy] HTF bias mismatch,False,"[legacy] HTF bias mismatch: Daily is bearish, entry is bullish",REPLAYABLE
USD/CHF|2026-06-08T10:50:00.000Z,USD/CHF,2026-06-08T10:50:00.000Z,P/D zone OK,True,"P/D zone OK (discount, 40.6% of the 5m 5-swing box 0.79618–0.79872)",REPLAYABLE
USD/CHF|2026-06-08T10:50:00.000Z,USD/CHF,2026-06-08T10:50:00.000Z,Structural Conviction [entry],True,Structural Conviction [entry]: Bull 67% / Bear 0% (S2F 40%),REPLAYABLE
USD/CHF|2026-06-08T10:50:00.000Z,USD/CHF,2026-06-08T10:50:00.000Z,Reaction gate skipped,True,Reaction gate skipped: trend is bullish (not ranging),REPLAYABLE
USD/CHF|2026-06-08T10:50:00.000Z,USD/CHF,2026-06-08T10:50:00.000Z,USD/CHF not in enabled instruments,False,USD/CHF not in enabled instruments,REPLAYABLE
USD/CHF|2026-06-08T10:50:00.000Z,USD/CHF,2026-06-08T10:50:00.000Z,0/7 positions,True,0/7 positions,REPLAYABLE
USD/CHF|2026-06-08T10:50:00.000Z,USD/CHF,2026-06-08T10:50:00.000Z,0/1 for USD/CHF,True,0/1 for USD/CHF,REPLAYABLE
USD/CHF|2026-06-08T10:50:00.000Z,USD/CHF,2026-06-08T10:50:00.000Z,Portfolio heat 0.0%,True,Portfolio heat 0.0%,ACCOUNT_STATE
USD/CHF|2026-06-08T10:50:00.000Z,USD/CHF,2026-06-08T10:50:00.000Z,Daily loss 0.0%,True,Daily loss 0.0%,ACCOUNT_STATE
USD/CHF|2026-06-08T10:50:00.000Z,USD/CHF,2026-06-08T10:50:00.000Z,Drawdown 0.0%,True,Drawdown 0.0%,ACCOUNT_STATE
USD/CHF|2026-06-08T10:50:00.000Z,USD/CHF,2026-06-08T10:50:00.000Z,Score 31.3 < 40 threshold,False,Score 31.3 < 40 threshold,REPLAYABLE
USD/CHF|2026-06-08T10:50:00.000Z,USD/CHF,2026-06-08T10:50:00.000Z,SMT veto,True,SMT veto: no opposition detected,REPLAYABLE
USD/CHF|2026-06-08T10:50:00.000Z,USD/CHF,2026-06-08T10:50:00.000Z,R,True,"R:R 1.98 effective (2.07 raw, spread 1.5p)",REPLAYABLE
USD/CHF|2026-06-08T10:50:00.000Z,USD/CHF,2026-06-08T10:50:00.000Z,No recent trades — cooldown OK,True,No recent trades — cooldown OK,REPLAYABLE
USD/CHF|2026-06-08T10:50:00.000Z,USD/CHF,2026-06-08T10:50:00.000Z,No trade history for consecutive loss check,True,No trade history for consecutive loss check,ACCOUNT_STATE
USD/CHF|2026-06-08T10:50:00.000Z,USD/CHF,2026-06-08T10:50:00.000Z,Daily net P&L $+0.00,True,Daily net P&L $+0.00 (gross loss: $0.00),ACCOUNT_STATE
USD/CHF|2026-06-08T10:50:00.000Z,USD/CHF,2026-06-08T10:50:00.000Z,News filter,True,News filter: env not configured — skipped,ACCOUNT_STATE
USD/CHF|2026-06-08T10:50:00.000Z,USD/CHF,2026-06-08T10:50:00.000Z,FOTSI Gate,True,FOTSI Gate: data unavailable — skipped,REPLAYABLE
USD/CHF|2026-06-08T10:50:00.000Z,USD/CHF,2026-06-08T10:50:00.000Z,No correlated conflicts,True,No correlated conflicts (threshold 0.8),ACCOUNT_STATE
USD/CHF|2026-06-08T10:50:00.000Z,USD/CHF,2026-06-08T10:50:00.000Z,Tier 1 gate FAILED,False,"Tier 1 gate FAILED: only 2 core factors — need at least 3 of: Market Structure, Order Block, Fair Value Gap, Premium/Dis",REPLAYABLE
USD/CHF|2026-06-08T10:50:00.000Z,USD/CHF,2026-06-08T10:50:00.000Z,Regime gate,True,Regime gate: OK,REPLAYABLE
USD/CHF|2026-06-08T10:50:00.000Z,USD/CHF,2026-06-08T10:50:00.000Z,[Info] Spread wide,True,[Info] Spread wide (indicative): 28.7% of ATR — info only,REPLAYABLE
USD/CHF|2026-06-08T14:00:00.000Z,USD/CHF,2026-06-08T14:00:00.000Z,[legacy] HTF bias mismatch,False,"[legacy] HTF bias mismatch: Daily is bearish, entry is bullish",REPLAYABLE
USD/CHF|2026-06-08T14:00:00.000Z,USD/CHF,2026-06-08T14:00:00.000Z,P/D zone OK,True,"P/D zone OK (discount, 37.7% of the 5m 5-swing box 0.79482–0.79872)",REPLAYABLE
USD/CHF|2026-06-08T14:00:00.000Z,USD/CHF,2026-06-08T14:00:00.000Z,Structural Conviction BLOCKED [entry],False,Structural Conviction BLOCKED [entry]: Bull fractals 0% vs opposite 67% — structure opposes long,REPLAYABLE
USD/CHF|2026-06-08T14:00:00.000Z,USD/CHF,2026-06-08T14:00:00.000Z,Reaction gate skipped,True,Reaction gate skipped: trend is bearish (not ranging),REPLAYABLE
USD/CHF|2026-06-08T14:00:00.000Z,USD/CHF,2026-06-08T14:00:00.000Z,USD/CHF not in enabled instruments,False,USD/CHF not in enabled instruments,REPLAYABLE
USD/CHF|2026-06-08T14:00:00.000Z,USD/CHF,2026-06-08T14:00:00.000Z,0/7 positions,True,0/7 positions,REPLAYABLE
USD/CHF|2026-06-08T14:00:00.000Z,USD/CHF,2026-06-08T14:00:00.000Z,0/1 for USD/CHF,True,0/1 for USD/CHF,REPLAYABLE
USD/CHF|2026-06-08T14:00:00.000Z,USD/CHF,2026-06-08T14:00:00.000Z,Portfolio heat 0.0%,True,Portfolio heat 0.0%,ACCOUNT_STATE
USD/CHF|2026-06-08T14:00:00.000Z,USD/CHF,2026-06-08T14:00:00.000Z,Daily loss 0.0%,True,Daily loss 0.0%,ACCOUNT_STATE
USD/CHF|2026-06-08T14:00:00.000Z,USD/CHF,2026-06-08T14:00:00.000Z,Drawdown 0.0%,True,Drawdown 0.0%,ACCOUNT_STATE
USD/CHF|2026-06-08T14:00:00.000Z,USD/CHF,2026-06-08T14:00:00.000Z,Score 41.7 meets threshold,True,Score 41.7 meets threshold,REPLAYABLE
USD/CHF|2026-06-08T14:00:00.000Z,USD/CHF,2026-06-08T14:00:00.000Z,SMT veto,True,SMT veto: no opposition detected,REPLAYABLE
USD/CHF|2026-06-08T14:00:00.000Z,USD/CHF,2026-06-08T14:00:00.000Z,R,True,"R:R 2.09 effective (2.18 raw, spread 1.5p)",REPLAYABLE
USD/CHF|2026-06-08T14:00:00.000Z,USD/CHF,2026-06-08T14:00:00.000Z,No recent trades — cooldown OK,True,No recent trades — cooldown OK,REPLAYABLE
USD/CHF|2026-06-08T14:00:00.000Z,USD/CHF,2026-06-08T14:00:00.000Z,No trade history for consecutive loss check,True,No trade history for consecutive loss check,ACCOUNT_STATE
USD/CHF|2026-06-08T14:00:00.000Z,USD/CHF,2026-06-08T14:00:00.000Z,Daily net P&L $+0.00,True,Daily net P&L $+0.00 (gross loss: $0.00),ACCOUNT_STATE
USD/CHF|2026-06-08T14:00:00.000Z,USD/CHF,2026-06-08T14:00:00.000Z,News filter,True,News filter: env not configured — skipped,ACCOUNT_STATE
USD/CHF|2026-06-08T14:00:00.000Z,USD/CHF,2026-06-08T14:00:00.000Z,FOTSI Gate,True,FOTSI Gate: data unavailable — skipped,REPLAYABLE
USD/CHF|2026-06-08T14:00:00.000Z,USD/CHF,2026-06-08T14:00:00.000Z,No correlated conflicts,True,No correlated conflicts (threshold 0.8),ACCOUNT_STATE
USD/CHF|2026-06-08T14:00:00.000Z,USD/CHF,2026-06-08T14:00:00.000Z,Tier 1 gate FAILED,False,"Tier 1 gate FAILED: only 1 core factors — need at least 3 of: Market Structure, Order Block, Fair Value Gap, Premium/Dis",REPLAYABLE
USD/CHF|2026-06-08T14:00:00.000Z,USD/CHF,2026-06-08T14:00:00.000Z,Regime gate,True,Regime gate: OK,REPLAYABLE
USD/CHF|2026-06-08T14:00:00.000Z,USD/CHF,2026-06-08T14:00:00.000Z,[Info] Spread wide,True,[Info] Spread wide (indicative): 23.0% of ATR — info only,REPLAYABLE
GBP/USD|2026-06-08T18:50:00.000Z,GBP/USD,2026-06-08T18:50:00.000Z,[legacy] HTF bias aligned,True,[legacy] HTF bias aligned: Daily bullish,REPLAYABLE
GBP/USD|2026-06-08T18:50:00.000Z,GBP/USD,2026-06-08T18:50:00.000Z,P/D zone OK,True,"P/D zone OK (premium, 65.9% of the 5m 5-swing box 1.33359–1.33523)",REPLAYABLE
GBP/USD|2026-06-08T18:50:00.000Z,GBP/USD,2026-06-08T18:50:00.000Z,Structural Conviction [entry],True,Structural Conviction [entry]: Bull 33% / Bear 25% (S2F 30%),REPLAYABLE
GBP/USD|2026-06-08T18:50:00.000Z,GBP/USD,2026-06-08T18:50:00.000Z,Reaction confirmed in ranging market,True,"Reaction confirmed in ranging market: Reversal Candle, AMD Phase",REPLAYABLE
GBP/USD|2026-06-08T18:50:00.000Z,GBP/USD,2026-06-08T18:50:00.000Z,GBP/USD enabled,True,GBP/USD enabled,REPLAYABLE
GBP/USD|2026-06-08T18:50:00.000Z,GBP/USD,2026-06-08T18:50:00.000Z,0/7 positions,True,0/7 positions,REPLAYABLE
GBP/USD|2026-06-08T18:50:00.000Z,GBP/USD,2026-06-08T18:50:00.000Z,0/1 for GBP/USD,True,0/1 for GBP/USD,REPLAYABLE
GBP/USD|2026-06-08T18:50:00.000Z,GBP/USD,2026-06-08T18:50:00.000Z,Portfolio heat 0.0%,True,Portfolio heat 0.0%,ACCOUNT_STATE
GBP/USD|2026-06-08T18:50:00.000Z,GBP/USD,2026-06-08T18:50:00.000Z,Daily loss 0.0%,True,Daily loss 0.0%,ACCOUNT_STATE
GBP/USD|2026-06-08T18:50:00.000Z,GBP/USD,2026-06-08T18:50:00.000Z,Drawdown 0.0%,True,Drawdown 0.0%,ACCOUNT_STATE
GBP/USD|2026-06-08T18:50:00.000Z,GBP/USD,2026-06-08T18:50:00.000Z,Score 16.9 < 40 threshold,False,Score 16.9 < 40 threshold,REPLAYABLE
GBP/USD|2026-06-08T18:50:00.000Z,GBP/USD,2026-06-08T18:50:00.000Z,SMT veto,True,SMT veto: no opposition detected,REPLAYABLE
GBP/USD|2026-06-08T18:50:00.000Z,GBP/USD,2026-06-08T18:50:00.000Z,R,True,"R:R 1.93 effective (1.99 raw, spread 1.5p)",REPLAYABLE
GBP/USD|2026-06-08T18:50:00.000Z,GBP/USD,2026-06-08T18:50:00.000Z,No recent trades — cooldown OK,True,No recent trades — cooldown OK,REPLAYABLE
GBP/USD|2026-06-08T18:50:00.000Z,GBP/USD,2026-06-08T18:50:00.000Z,No trade history for consecutive loss check,True,No trade history for consecutive loss check,ACCOUNT_STATE
GBP/USD|2026-06-08T18:50:00.000Z,GBP/USD,2026-06-08T18:50:00.000Z,Daily net P&L $+0.00,True,Daily net P&L $+0.00 (gross loss: $0.00),ACCOUNT_STATE
GBP/USD|2026-06-08T18:50:00.000Z,GBP/USD,2026-06-08T18:50:00.000Z,News filter,True,News filter: env not configured — skipped,ACCOUNT_STATE
GBP/USD|2026-06-08T18:50:00.000Z,GBP/USD,2026-06-08T18:50:00.000Z,FOTSI Gate,True,FOTSI Gate: data unavailable — skipped,REPLAYABLE
GBP/USD|2026-06-08T18:50:00.000Z,GBP/USD,2026-06-08T18:50:00.000Z,No correlated conflicts,True,No correlated conflicts (threshold 0.8),ACCOUNT_STATE
GBP/USD|2026-06-08T18:50:00.000Z,GBP/USD,2026-06-08T18:50:00.000Z,Tier 1 gate FAILED,False,"Tier 1 gate FAILED: only 1 core factors — need at least 3 of: Market Structure, Order Block, Fair Value Gap, Premium/Dis",REPLAYABLE
GBP/USD|2026-06-08T18:50:00.000Z,GBP/USD,2026-06-08T18:50:00.000Z,Regime gate,True,Regime gate: OK,REPLAYABLE
GBP/USD|2026-06-08T18:50:00.000Z,GBP/USD,2026-06-08T18:50:00.000Z,[Info] Spread wide,True,[Info] Spread wide (indicative): 38.3% of ATR — info only,REPLAYABLE
USD/CAD|2026-06-08T21:40:00.000Z,USD/CAD,2026-06-08T21:40:00.000Z,[legacy] HTF bias mismatch,False,"[legacy] HTF bias mismatch: Daily is bullish, entry is bearish",REPLAYABLE
USD/CAD|2026-06-08T21:40:00.000Z,USD/CAD,2026-06-08T21:40:00.000Z,P/D zone OK,True,"P/D zone OK (discount, 31.4% of the 5m 5-swing box 1.39433–1.39608)",REPLAYABLE
USD/CAD|2026-06-08T21:40:00.000Z,USD/CAD,2026-06-08T21:40:00.000Z,Structural Conviction [entry],True,Structural Conviction [entry]: Bear 50% / Bull 0% (S2F 29%),REPLAYABLE
USD/CAD|2026-06-08T21:40:00.000Z,USD/CAD,2026-06-08T21:40:00.000Z,Reaction gate skipped,True,Reaction gate skipped: trend is bearish (not ranging),REPLAYABLE
USD/CAD|2026-06-08T21:40:00.000Z,USD/CAD,2026-06-08T21:40:00.000Z,USD/CAD not in enabled instruments,False,USD/CAD not in enabled instruments,REPLAYABLE
USD/CAD|2026-06-08T21:40:00.000Z,USD/CAD,2026-06-08T21:40:00.000Z,0/7 positions,True,0/7 positions,REPLAYABLE
USD/CAD|2026-06-08T21:40:00.000Z,USD/CAD,2026-06-08T21:40:00.000Z,0/1 for USD/CAD,True,0/1 for USD/CAD,REPLAYABLE
USD/CAD|2026-06-08T21:40:00.000Z,USD/CAD,2026-06-08T21:40:00.000Z,Portfolio heat 0.0%,True,Portfolio heat 0.0%,ACCOUNT_STATE
USD/CAD|2026-06-08T21:40:00.000Z,USD/CAD,2026-06-08T21:40:00.000Z,Daily loss 0.0%,True,Daily loss 0.0%,ACCOUNT_STATE
USD/CAD|2026-06-08T21:40:00.000Z,USD/CAD,2026-06-08T21:40:00.000Z,Drawdown 0.0%,True,Drawdown 0.0%,ACCOUNT_STATE
USD/CAD|2026-06-08T21:40:00.000Z,USD/CAD,2026-06-08T21:40:00.000Z,Score 34.4 < 40 threshold,False,Score 34.4 < 40 threshold,REPLAYABLE
USD/CAD|2026-06-08T21:40:00.000Z,USD/CAD,2026-06-08T21:40:00.000Z,SMT veto,True,SMT veto: no opposition detected,REPLAYABLE
USD/CAD|2026-06-08T21:40:00.000Z,USD/CAD,2026-06-08T21:40:00.000Z,R,True,"R:R 2.03 effective (2.12 raw, spread 1.5p)",REPLAYABLE
USD/CAD|2026-06-08T21:40:00.000Z,USD/CAD,2026-06-08T21:40:00.000Z,No recent trades — cooldown OK,True,No recent trades — cooldown OK,REPLAYABLE
USD/CAD|2026-06-08T21:40:00.000Z,USD/CAD,2026-06-08T21:40:00.000Z,No trade history for consecutive loss check,True,No trade history for consecutive loss check,ACCOUNT_STATE
USD/CAD|2026-06-08T21:40:00.000Z,USD/CAD,2026-06-08T21:40:00.000Z,Daily net P&L $+0.00,True,Daily net P&L $+0.00 (gross loss: $0.00),ACCOUNT_STATE
USD/CAD|2026-06-08T21:40:00.000Z,USD/CAD,2026-06-08T21:40:00.000Z,News filter,True,News filter: env not configured — skipped,ACCOUNT_STATE
USD/CAD|2026-06-08T21:40:00.000Z,USD/CAD,2026-06-08T21:40:00.000Z,FOTSI Gate,True,FOTSI Gate: data unavailable — skipped,REPLAYABLE
USD/CAD|2026-06-08T21:40:00.000Z,USD/CAD,2026-06-08T21:40:00.000Z,No correlated conflicts,True,No correlated conflicts (threshold 0.8),ACCOUNT_STATE
USD/CAD|2026-06-08T21:40:00.000Z,USD/CAD,2026-06-08T21:40:00.000Z,Tier 1 gate FAILED,False,"Tier 1 gate FAILED: only 1 core factors — need at least 3 of: Market Structure, Order Block, Fair Value Gap, Premium/Dis",REPLAYABLE
USD/CAD|2026-06-08T21:40:00.000Z,USD/CAD,2026-06-08T21:40:00.000Z,Regime gate,True,Regime gate: OK,REPLAYABLE
USD/CAD|2026-06-08T21:40:00.000Z,USD/CAD,2026-06-08T21:40:00.000Z,[Info] Spread wide,True,[Info] Spread wide (indicative): 33.4% of ATR — info only,REPLAYABLE
NZD/USD|2026-06-09T16:40:00.000Z,NZD/USD,2026-06-09T16:40:00.000Z,[legacy] HTF bias aligned,True,[legacy] HTF bias aligned: Daily bullish,REPLAYABLE
NZD/USD|2026-06-09T16:40:00.000Z,NZD/USD,2026-06-09T16:40:00.000Z,P/D zone OK,True,"P/D zone OK (discount, 0.0% of the 5m 5-swing box 0.58189–0.58445) — price is OUTSIDE that range (raw -32.4%)",REPLAYABLE
NZD/USD|2026-06-09T16:40:00.000Z,NZD/USD,2026-06-09T16:40:00.000Z,Structural Conviction BLOCKED [entry],False,"Structural Conviction BLOCKED [entry]: Bull fractals 0%, S2F 33%, opposite 60% — no structural support for long",REPLAYABLE
NZD/USD|2026-06-09T16:40:00.000Z,NZD/USD,2026-06-09T16:40:00.000Z,Reaction gate skipped,True,Reaction gate skipped: trend is bearish (not ranging),REPLAYABLE
NZD/USD|2026-06-09T16:40:00.000Z,NZD/USD,2026-06-09T16:40:00.000Z,NZD/USD not in enabled instruments,False,NZD/USD not in enabled instruments,REPLAYABLE
NZD/USD|2026-06-09T16:40:00.000Z,NZD/USD,2026-06-09T16:40:00.000Z,0/7 positions,True,0/7 positions,REPLAYABLE
NZD/USD|2026-06-09T16:40:00.000Z,NZD/USD,2026-06-09T16:40:00.000Z,0/1 for NZD/USD,True,0/1 for NZD/USD,REPLAYABLE
NZD/USD|2026-06-09T16:40:00.000Z,NZD/USD,2026-06-09T16:40:00.000Z,Portfolio heat 0.0%,True,Portfolio heat 0.0%,ACCOUNT_STATE
NZD/USD|2026-06-09T16:40:00.000Z,NZD/USD,2026-06-09T16:40:00.000Z,Daily loss 0.0%,True,Daily loss 0.0%,ACCOUNT_STATE
NZD/USD|2026-06-09T16:40:00.000Z,NZD/USD,2026-06-09T16:40:00.000Z,Drawdown 0.0%,True,Drawdown 0.0%,ACCOUNT_STATE
NZD/USD|2026-06-09T16:40:00.000Z,NZD/USD,2026-06-09T16:40:00.000Z,Score 46.9 meets threshold,True,Score 46.9 meets threshold,REPLAYABLE
NZD/USD|2026-06-09T16:40:00.000Z,NZD/USD,2026-06-09T16:40:00.000Z,SMT veto,True,SMT veto: no opposition detected,REPLAYABLE
NZD/USD|2026-06-09T16:40:00.000Z,NZD/USD,2026-06-09T16:40:00.000Z,R,False,"R:R 1.52 raw, 1.43 effective (spread 2p) < 1.5 min",REPLAYABLE
NZD/USD|2026-06-09T16:40:00.000Z,NZD/USD,2026-06-09T16:40:00.000Z,No recent trades — cooldown OK,True,No recent trades — cooldown OK,REPLAYABLE
NZD/USD|2026-06-09T16:40:00.000Z,NZD/USD,2026-06-09T16:40:00.000Z,No trade history for consecutive loss check,True,No trade history for consecutive loss check,ACCOUNT_STATE
NZD/USD|2026-06-09T16:40:00.000Z,NZD/USD,2026-06-09T16:40:00.000Z,Daily net P&L $+0.00,True,Daily net P&L $+0.00 (gross loss: $0.00),ACCOUNT_STATE
NZD/USD|2026-06-09T16:40:00.000Z,NZD/USD,2026-06-09T16:40:00.000Z,News filter,True,News filter: env not configured — skipped,ACCOUNT_STATE
NZD/USD|2026-06-09T16:40:00.000Z,NZD/USD,2026-06-09T16:40:00.000Z,FOTSI Gate,True,FOTSI Gate: data unavailable — skipped,REPLAYABLE
NZD/USD|2026-06-09T16:40:00.000Z,NZD/USD,2026-06-09T16:40:00.000Z,No correlated conflicts,True,No correlated conflicts (threshold 0.8),ACCOUNT_STATE
NZD/USD|2026-06-09T16:40:00.000Z,NZD/USD,2026-06-09T16:40:00.000Z,Tier 1 gate FAILED,False,"Tier 1 gate FAILED: only 1 core factors — need at least 3 of: Market Structure, Order Block, Fair Value Gap, Premium/Dis",REPLAYABLE
NZD/USD|2026-06-09T16:40:00.000Z,NZD/USD,2026-06-09T16:40:00.000Z,Regime gate,True,Regime gate: OK,REPLAYABLE
NZD/USD|2026-06-09T16:40:00.000Z,NZD/USD,2026-06-09T16:40:00.000Z,[Info] Spread wide,True,[Info] Spread wide (indicative): 25.4% of ATR — info only,REPLAYABLE
EUR/USD|2026-06-10T03:40:00.000Z,EUR/USD,2026-06-10T03:40:00.000Z,[legacy] HTF bias aligned,True,[legacy] HTF bias aligned: Daily bullish,REPLAYABLE
EUR/USD|2026-06-10T03:40:00.000Z,EUR/USD,2026-06-10T03:40:00.000Z,P/D zone OK,True,"P/D zone OK (premium, 80.7% of the 5m 5-swing box 1.15332–1.15498)",REPLAYABLE
EUR/USD|2026-06-10T03:40:00.000Z,EUR/USD,2026-06-10T03:40:00.000Z,Structural Conviction [entry],True,Structural Conviction [entry]: Bull 60% / Bear 20% (S2F 40%),REPLAYABLE
EUR/USD|2026-06-10T03:40:00.000Z,EUR/USD,2026-06-10T03:40:00.000Z,Reaction gate skipped,True,Reaction gate skipped: trend is bullish (not ranging),REPLAYABLE
EUR/USD|2026-06-10T03:40:00.000Z,EUR/USD,2026-06-10T03:40:00.000Z,EUR/USD enabled,True,EUR/USD enabled,REPLAYABLE
EUR/USD|2026-06-10T03:40:00.000Z,EUR/USD,2026-06-10T03:40:00.000Z,0/7 positions,True,0/7 positions,REPLAYABLE
EUR/USD|2026-06-10T03:40:00.000Z,EUR/USD,2026-06-10T03:40:00.000Z,0/1 for EUR/USD,True,0/1 for EUR/USD,REPLAYABLE
EUR/USD|2026-06-10T03:40:00.000Z,EUR/USD,2026-06-10T03:40:00.000Z,Portfolio heat 0.0%,True,Portfolio heat 0.0%,ACCOUNT_STATE
EUR/USD|2026-06-10T03:40:00.000Z,EUR/USD,2026-06-10T03:40:00.000Z,Daily loss 0.0%,True,Daily loss 0.0%,ACCOUNT_STATE
EUR/USD|2026-06-10T03:40:00.000Z,EUR/USD,2026-06-10T03:40:00.000Z,Drawdown 0.0%,True,Drawdown 0.0%,ACCOUNT_STATE
EUR/USD|2026-06-10T03:40:00.000Z,EUR/USD,2026-06-10T03:40:00.000Z,Score 31.3 < 40 threshold,False,Score 31.3 < 40 threshold,REPLAYABLE
EUR/USD|2026-06-10T03:40:00.000Z,EUR/USD,2026-06-10T03:40:00.000Z,SMT veto,True,SMT veto: no opposition detected,REPLAYABLE
EUR/USD|2026-06-10T03:40:00.000Z,EUR/USD,2026-06-10T03:40:00.000Z,R,True,"R:R 1.98 effective (2.03 raw, spread 1p)",REPLAYABLE
EUR/USD|2026-06-10T03:40:00.000Z,EUR/USD,2026-06-10T03:40:00.000Z,No recent trades — cooldown OK,True,No recent trades — cooldown OK,REPLAYABLE
EUR/USD|2026-06-10T03:40:00.000Z,EUR/USD,2026-06-10T03:40:00.000Z,No trade history for consecutive loss check,True,No trade history for consecutive loss check,ACCOUNT_STATE
EUR/USD|2026-06-10T03:40:00.000Z,EUR/USD,2026-06-10T03:40:00.000Z,Daily net P&L $+0.00,True,Daily net P&L $+0.00 (gross loss: $0.00),ACCOUNT_STATE
EUR/USD|2026-06-10T03:40:00.000Z,EUR/USD,2026-06-10T03:40:00.000Z,News filter,True,News filter: env not configured — skipped,ACCOUNT_STATE
EUR/USD|2026-06-10T03:40:00.000Z,EUR/USD,2026-06-10T03:40:00.000Z,FOTSI Gate,True,FOTSI Gate: data unavailable — skipped,REPLAYABLE
EUR/USD|2026-06-10T03:40:00.000Z,EUR/USD,2026-06-10T03:40:00.000Z,No correlated conflicts,True,No correlated conflicts (threshold 0.8),ACCOUNT_STATE
EUR/USD|2026-06-10T03:40:00.000Z,EUR/USD,2026-06-10T03:40:00.000Z,Tier 1 gate FAILED,False,"Tier 1 gate FAILED: only 1 core factors — need at least 3 of: Market Structure, Order Block, Fair Value Gap, Premium/Dis",REPLAYABLE
EUR/USD|2026-06-10T03:40:00.000Z,EUR/USD,2026-06-10T03:40:00.000Z,Regime gate,True,Regime gate: OK,REPLAYABLE
EUR/USD|2026-06-10T03:40:00.000Z,EUR/USD,2026-06-10T03:40:00.000Z,[Info] Spread wide,True,[Info] Spread wide (indicative): 45.9% of ATR — info only,REPLAYABLE
GBP/USD|2026-06-10T18:35:00.000Z,GBP/USD,2026-06-10T18:35:00.000Z,[legacy] HTF bias aligned,True,[legacy] HTF bias aligned: Daily ranging,REPLAYABLE
GBP/USD|2026-06-10T18:35:00.000Z,GBP/USD,2026-06-10T18:35:00.000Z,P/D zone OK,True,"P/D zone OK (equilibrium, 45.3% of the 5m 5-swing box 1.33754–1.33986)",REPLAYABLE
GBP/USD|2026-06-10T18:35:00.000Z,GBP/USD,2026-06-10T18:35:00.000Z,Structural Conviction [entry],True,Structural Conviction [entry]: Bull 33% / Bear 33% (S2F 33%),REPLAYABLE
GBP/USD|2026-06-10T18:35:00.000Z,GBP/USD,2026-06-10T18:35:00.000Z,Reaction gate skipped,True,Reaction gate skipped: trend is bullish (not ranging),REPLAYABLE
GBP/USD|2026-06-10T18:35:00.000Z,GBP/USD,2026-06-10T18:35:00.000Z,GBP/USD enabled,True,GBP/USD enabled,REPLAYABLE
GBP/USD|2026-06-10T18:35:00.000Z,GBP/USD,2026-06-10T18:35:00.000Z,0/7 positions,True,0/7 positions,REPLAYABLE
GBP/USD|2026-06-10T18:35:00.000Z,GBP/USD,2026-06-10T18:35:00.000Z,0/1 for GBP/USD,True,0/1 for GBP/USD,REPLAYABLE
GBP/USD|2026-06-10T18:35:00.000Z,GBP/USD,2026-06-10T18:35:00.000Z,Portfolio heat 0.0%,True,Portfolio heat 0.0%,ACCOUNT_STATE
GBP/USD|2026-06-10T18:35:00.000Z,GBP/USD,2026-06-10T18:35:00.000Z,Daily loss 0.0%,True,Daily loss 0.0%,ACCOUNT_STATE
GBP/USD|2026-06-10T18:35:00.000Z,GBP/USD,2026-06-10T18:35:00.000Z,Drawdown 0.0%,True,Drawdown 0.0%,ACCOUNT_STATE
GBP/USD|2026-06-10T18:35:00.000Z,GBP/USD,2026-06-10T18:35:00.000Z,Score 30.2 < 40 threshold,False,Score 30.2 < 40 threshold,REPLAYABLE
GBP/USD|2026-06-10T18:35:00.000Z,GBP/USD,2026-06-10T18:35:00.000Z,SMT veto,True,SMT veto: no opposition detected,REPLAYABLE
GBP/USD|2026-06-10T18:35:00.000Z,GBP/USD,2026-06-10T18:35:00.000Z,R,True,"R:R 2.02 effective (2.08 raw, spread 1.5p)",REPLAYABLE
GBP/USD|2026-06-10T18:35:00.000Z,GBP/USD,2026-06-10T18:35:00.000Z,No recent trades — cooldown OK,True,No recent trades — cooldown OK,REPLAYABLE
GBP/USD|2026-06-10T18:35:00.000Z,GBP/USD,2026-06-10T18:35:00.000Z,No trade history for consecutive loss check,True,No trade history for consecutive loss check,ACCOUNT_STATE
GBP/USD|2026-06-10T18:35:00.000Z,GBP/USD,2026-06-10T18:35:00.000Z,Daily net P&L $+0.00,True,Daily net P&L $+0.00 (gross loss: $0.00),ACCOUNT_STATE
GBP/USD|2026-06-10T18:35:00.000Z,GBP/USD,2026-06-10T18:35:00.000Z,News filter,True,News filter: env not configured — skipped,ACCOUNT_STATE
GBP/USD|2026-06-10T18:35:00.000Z,GBP/USD,2026-06-10T18:35:00.000Z,FOTSI Gate,True,FOTSI Gate: data unavailable — skipped,REPLAYABLE
GBP/USD|2026-06-10T18:35:00.000Z,GBP/USD,2026-06-10T18:35:00.000Z,No correlated conflicts,True,No correlated conflicts (threshold 0.8),ACCOUNT_STATE
GBP/USD|2026-06-10T18:35:00.000Z,GBP/USD,2026-06-10T18:35:00.000Z,Tier 1 gate FAILED,False,"Tier 1 gate FAILED: only 1 core factors — need at least 3 of: Market Structure, Order Block, Fair Value Gap, Premium/Dis",REPLAYABLE
GBP/USD|2026-06-10T18:35:00.000Z,GBP/USD,2026-06-10T18:35:00.000Z,Regime gate,True,Regime gate: OK,REPLAYABLE
GBP/USD|2026-06-10T18:35:00.000Z,GBP/USD,2026-06-10T18:35:00.000Z,[Info] Spread wide,True,[Info] Spread wide (indicative): 29.0% of ATR — info only,REPLAYABLE
EUR/USD|2026-06-11T05:40:00.000Z,EUR/USD,2026-06-11T05:40:00.000Z,[legacy] HTF bias aligned,True,[legacy] HTF bias aligned: Daily bullish,REPLAYABLE
EUR/USD|2026-06-11T05:40:00.000Z,EUR/USD,2026-06-11T05:40:00.000Z,P/D zone OK,True,"P/D zone OK (premium, 71.9% of the 5m 5-swing box 1.15334–1.15562)",REPLAYABLE
EUR/USD|2026-06-11T05:40:00.000Z,EUR/USD,2026-06-11T05:40:00.000Z,Structural Conviction BLOCKED [entry],False,"Structural Conviction BLOCKED [entry]: Bull fractals 0%, S2F 17%, opposite 33% — no structural support for long",REPLAYABLE
EUR/USD|2026-06-11T05:40:00.000Z,EUR/USD,2026-06-11T05:40:00.000Z,Reaction gate skipped,True,Reaction gate skipped: trend is bullish (not ranging),REPLAYABLE
EUR/USD|2026-06-11T05:40:00.000Z,EUR/USD,2026-06-11T05:40:00.000Z,EUR/USD enabled,True,EUR/USD enabled,REPLAYABLE
EUR/USD|2026-06-11T05:40:00.000Z,EUR/USD,2026-06-11T05:40:00.000Z,0/7 positions,True,0/7 positions,REPLAYABLE
EUR/USD|2026-06-11T05:40:00.000Z,EUR/USD,2026-06-11T05:40:00.000Z,0/1 for EUR/USD,True,0/1 for EUR/USD,REPLAYABLE
EUR/USD|2026-06-11T05:40:00.000Z,EUR/USD,2026-06-11T05:40:00.000Z,Portfolio heat 0.0%,True,Portfolio heat 0.0%,ACCOUNT_STATE
EUR/USD|2026-06-11T05:40:00.000Z,EUR/USD,2026-06-11T05:40:00.000Z,Daily loss 0.0%,True,Daily loss 0.0%,ACCOUNT_STATE
EUR/USD|2026-06-11T05:40:00.000Z,EUR/USD,2026-06-11T05:40:00.000Z,Drawdown 0.0%,True,Drawdown 0.0%,ACCOUNT_STATE
EUR/USD|2026-06-11T05:40:00.000Z,EUR/USD,2026-06-11T05:40:00.000Z,Score 33.3 < 40 threshold,False,Score 33.3 < 40 threshold,REPLAYABLE
EUR/USD|2026-06-11T05:40:00.000Z,EUR/USD,2026-06-11T05:40:00.000Z,SMT veto,True,SMT veto: no opposition detected,REPLAYABLE
EUR/USD|2026-06-11T05:40:00.000Z,EUR/USD,2026-06-11T05:40:00.000Z,R,True,"R:R 1.85 effective (1.90 raw, spread 1p)",REPLAYABLE
EUR/USD|2026-06-11T05:40:00.000Z,EUR/USD,2026-06-11T05:40:00.000Z,No recent trades — cooldown OK,True,No recent trades — cooldown OK,REPLAYABLE
EUR/USD|2026-06-11T05:40:00.000Z,EUR/USD,2026-06-11T05:40:00.000Z,No trade history for consecutive loss check,True,No trade history for consecutive loss check,ACCOUNT_STATE
EUR/USD|2026-06-11T05:40:00.000Z,EUR/USD,2026-06-11T05:40:00.000Z,Daily net P&L $+0.00,True,Daily net P&L $+0.00 (gross loss: $0.00),ACCOUNT_STATE
EUR/USD|2026-06-11T05:40:00.000Z,EUR/USD,2026-06-11T05:40:00.000Z,News filter,True,News filter: env not configured — skipped,ACCOUNT_STATE
EUR/USD|2026-06-11T05:40:00.000Z,EUR/USD,2026-06-11T05:40:00.000Z,FOTSI Gate,True,FOTSI Gate: data unavailable — skipped,REPLAYABLE
EUR/USD|2026-06-11T05:40:00.000Z,EUR/USD,2026-06-11T05:40:00.000Z,No correlated conflicts,True,No correlated conflicts (threshold 0.8),ACCOUNT_STATE
EUR/USD|2026-06-11T05:40:00.000Z,EUR/USD,2026-06-11T05:40:00.000Z,Tier 1 gate FAILED,False,"Tier 1 gate FAILED: only 1 core factors — need at least 3 of: Market Structure, Order Block, Fair Value Gap, Premium/Dis",REPLAYABLE
EUR/USD|2026-06-11T05:40:00.000Z,EUR/USD,2026-06-11T05:40:00.000Z,Regime gate,True,Regime gate: OK,REPLAYABLE
EUR/USD|2026-06-11T05:40:00.000Z,EUR/USD,2026-06-11T05:40:00.000Z,[Info] Spread wide,True,[Info] Spread wide (indicative): 52.6% of ATR — info only,REPLAYABLE
EUR/USD|2026-06-11T15:05:00.000Z,EUR/USD,2026-06-11T15:05:00.000Z,[legacy] HTF bias aligned,True,[legacy] HTF bias aligned: Daily bullish,REPLAYABLE
EUR/USD|2026-06-11T15:05:00.000Z,EUR/USD,2026-06-11T15:05:00.000Z,P/D zone OK,True,"P/D zone OK (discount, 10.7% of the 5m 5-swing box 1.15160–1.15431)",REPLAYABLE
EUR/USD|2026-06-11T15:05:00.000Z,EUR/USD,2026-06-11T15:05:00.000Z,Structural Conviction [entry],True,Structural Conviction [entry]: Bull 20% / Bear 25% (S2F 22%),REPLAYABLE
EUR/USD|2026-06-11T15:05:00.000Z,EUR/USD,2026-06-11T15:05:00.000Z,Reaction gate skipped,True,Reaction gate skipped: trend is bearish (not ranging),REPLAYABLE
EUR/USD|2026-06-11T15:05:00.000Z,EUR/USD,2026-06-11T15:05:00.000Z,EUR/USD enabled,True,EUR/USD enabled,REPLAYABLE
EUR/USD|2026-06-11T15:05:00.000Z,EUR/USD,2026-06-11T15:05:00.000Z,0/7 positions,True,0/7 positions,REPLAYABLE
EUR/USD|2026-06-11T15:05:00.000Z,EUR/USD,2026-06-11T15:05:00.000Z,0/1 for EUR/USD,True,0/1 for EUR/USD,REPLAYABLE
EUR/USD|2026-06-11T15:05:00.000Z,EUR/USD,2026-06-11T15:05:00.000Z,Portfolio heat 0.0%,True,Portfolio heat 0.0%,ACCOUNT_STATE
EUR/USD|2026-06-11T15:05:00.000Z,EUR/USD,2026-06-11T15:05:00.000Z,Daily loss 0.0%,True,Daily loss 0.0%,ACCOUNT_STATE
EUR/USD|2026-06-11T15:05:00.000Z,EUR/USD,2026-06-11T15:05:00.000Z,Drawdown 0.0%,True,Drawdown 0.0%,ACCOUNT_STATE
EUR/USD|2026-06-11T15:05:00.000Z,EUR/USD,2026-06-11T15:05:00.000Z,Score 29.2 < 40 threshold,False,Score 29.2 < 40 threshold,REPLAYABLE
EUR/USD|2026-06-11T15:05:00.000Z,EUR/USD,2026-06-11T15:05:00.000Z,SMT veto,True,SMT veto: no opposition detected,REPLAYABLE
EUR/USD|2026-06-11T15:05:00.000Z,EUR/USD,2026-06-11T15:05:00.000Z,R,True,"R:R 2.21 effective (2.26 raw, spread 1p)",REPLAYABLE
EUR/USD|2026-06-11T15:05:00.000Z,EUR/USD,2026-06-11T15:05:00.000Z,No recent trades — cooldown OK,True,No recent trades — cooldown OK,REPLAYABLE
EUR/USD|2026-06-11T15:05:00.000Z,EUR/USD,2026-06-11T15:05:00.000Z,No trade history for consecutive loss check,True,No trade history for consecutive loss check,ACCOUNT_STATE
EUR/USD|2026-06-11T15:05:00.000Z,EUR/USD,2026-06-11T15:05:00.000Z,Daily net P&L $+0.00,True,Daily net P&L $+0.00 (gross loss: $0.00),ACCOUNT_STATE
EUR/USD|2026-06-11T15:05:00.000Z,EUR/USD,2026-06-11T15:05:00.000Z,News filter,True,News filter: env not configured — skipped,ACCOUNT_STATE
EUR/USD|2026-06-11T15:05:00.000Z,EUR/USD,2026-06-11T15:05:00.000Z,FOTSI Gate,True,FOTSI Gate: data unavailable — skipped,REPLAYABLE
EUR/USD|2026-06-11T15:05:00.000Z,EUR/USD,2026-06-11T15:05:00.000Z,No correlated conflicts,True,No correlated conflicts (threshold 0.8),ACCOUNT_STATE
EUR/USD|2026-06-11T15:05:00.000Z,EUR/USD,2026-06-11T15:05:00.000Z,Tier 1 gate FAILED,False,"Tier 1 gate FAILED: only 1 core factors — need at least 3 of: Market Structure, Order Block, Fair Value Gap, Premium/Dis",REPLAYABLE
EUR/USD|2026-06-11T15:05:00.000Z,EUR/USD,2026-06-11T15:05:00.000Z,Regime gate,True,Regime gate: OK,REPLAYABLE
EUR/USD|2026-06-11T15:05:00.000Z,EUR/USD,2026-06-11T15:05:00.000Z,[Info] Spread wide,True,[Info] Spread wide (indicative): 26.2% of ATR — info only,REPLAYABLE
USD/CHF|2026-06-12T11:10:00.000Z,USD/CHF,2026-06-12T11:10:00.000Z,[legacy] HTF bias aligned,True,[legacy] HTF bias aligned: Daily bearish,REPLAYABLE
USD/CHF|2026-06-12T11:10:00.000Z,USD/CHF,2026-06-12T11:10:00.000Z,P/D zone OK,True,"P/D zone OK (premium, 62.4% of the 5m 5-swing box 0.79480–0.79754)",REPLAYABLE
USD/CHF|2026-06-12T11:10:00.000Z,USD/CHF,2026-06-12T11:10:00.000Z,Structural Conviction BLOCKED [entry],False,"Structural Conviction BLOCKED [entry]: Bear fractals 0%, S2F 13%, opposite 20% — no structural support for short",REPLAYABLE
USD/CHF|2026-06-12T11:10:00.000Z,USD/CHF,2026-06-12T11:10:00.000Z,Reaction gate skipped,True,Reaction gate skipped: trend is bullish (not ranging),REPLAYABLE
USD/CHF|2026-06-12T11:10:00.000Z,USD/CHF,2026-06-12T11:10:00.000Z,USD/CHF not in enabled instruments,False,USD/CHF not in enabled instruments,REPLAYABLE
USD/CHF|2026-06-12T11:10:00.000Z,USD/CHF,2026-06-12T11:10:00.000Z,0/7 positions,True,0/7 positions,REPLAYABLE
USD/CHF|2026-06-12T11:10:00.000Z,USD/CHF,2026-06-12T11:10:00.000Z,0/1 for USD/CHF,True,0/1 for USD/CHF,REPLAYABLE
USD/CHF|2026-06-12T11:10:00.000Z,USD/CHF,2026-06-12T11:10:00.000Z,Portfolio heat 0.0%,True,Portfolio heat 0.0%,ACCOUNT_STATE
USD/CHF|2026-06-12T11:10:00.000Z,USD/CHF,2026-06-12T11:10:00.000Z,Daily loss 0.0%,True,Daily loss 0.0%,ACCOUNT_STATE
USD/CHF|2026-06-12T11:10:00.000Z,USD/CHF,2026-06-12T11:10:00.000Z,Drawdown 0.0%,True,Drawdown 0.0%,ACCOUNT_STATE
USD/CHF|2026-06-12T11:10:00.000Z,USD/CHF,2026-06-12T11:10:00.000Z,Score 40.6 meets threshold,True,Score 40.6 meets threshold,REPLAYABLE
USD/CHF|2026-06-12T11:10:00.000Z,USD/CHF,2026-06-12T11:10:00.000Z,SMT veto,True,SMT veto: no opposition detected,REPLAYABLE
USD/CHF|2026-06-12T11:10:00.000Z,USD/CHF,2026-06-12T11:10:00.000Z,R,True,"R:R 1.98 effective (2.07 raw, spread 1.5p)",REPLAYABLE
USD/CHF|2026-06-12T11:10:00.000Z,USD/CHF,2026-06-12T11:10:00.000Z,No recent trades — cooldown OK,True,No recent trades — cooldown OK,REPLAYABLE
USD/CHF|2026-06-12T11:10:00.000Z,USD/CHF,2026-06-12T11:10:00.000Z,No trade history for consecutive loss check,True,No trade history for consecutive loss check,ACCOUNT_STATE
USD/CHF|2026-06-12T11:10:00.000Z,USD/CHF,2026-06-12T11:10:00.000Z,Daily net P&L $+0.00,True,Daily net P&L $+0.00 (gross loss: $0.00),ACCOUNT_STATE
USD/CHF|2026-06-12T11:10:00.000Z,USD/CHF,2026-06-12T11:10:00.000Z,News filter,True,News filter: env not configured — skipped,ACCOUNT_STATE
USD/CHF|2026-06-12T11:10:00.000Z,USD/CHF,2026-06-12T11:10:00.000Z,FOTSI Gate,True,FOTSI Gate: data unavailable — skipped,REPLAYABLE
USD/CHF|2026-06-12T11:10:00.000Z,USD/CHF,2026-06-12T11:10:00.000Z,No correlated conflicts,True,No correlated conflicts (threshold 0.8),ACCOUNT_STATE
USD/CHF|2026-06-12T11:10:00.000Z,USD/CHF,2026-06-12T11:10:00.000Z,Tier 1 gate FAILED,False,"Tier 1 gate FAILED: only 1 core factors — need at least 3 of: Market Structure, Order Block, Fair Value Gap, Premium/Dis",REPLAYABLE
USD/CHF|2026-06-12T11:10:00.000Z,USD/CHF,2026-06-12T11:10:00.000Z,Regime gate,True,Regime gate: OK,REPLAYABLE
USD/CHF|2026-06-12T11:10:00.000Z,USD/CHF,2026-06-12T11:10:00.000Z,[Info] Spread wide,True,[Info] Spread wide (indicative): 30.8% of ATR — info only,REPLAYABLE
EUR/USD|2026-06-12T13:25:00.000Z,EUR/USD,2026-06-12T13:25:00.000Z,[legacy] HTF bias aligned,True,[legacy] HTF bias aligned: Daily ranging,REPLAYABLE
EUR/USD|2026-06-12T13:25:00.000Z,EUR/USD,2026-06-12T13:25:00.000Z,P/D zone OK,True,"P/D zone OK (premium, 57.9% of the 5m 5-swing box 1.15607–1.15847)",REPLAYABLE
EUR/USD|2026-06-12T13:25:00.000Z,EUR/USD,2026-06-12T13:25:00.000Z,Structural Conviction BLOCKED [entry],False,"Structural Conviction BLOCKED [entry]: Bull fractals 0%, S2F 33%, opposite 50% — no structural support for long",REPLAYABLE
EUR/USD|2026-06-12T13:25:00.000Z,EUR/USD,2026-06-12T13:25:00.000Z,Reaction confirmed in ranging market,True,"Reaction confirmed in ranging market: Liquidity Sweep, Displacement, AMD Phase",REPLAYABLE
EUR/USD|2026-06-12T13:25:00.000Z,EUR/USD,2026-06-12T13:25:00.000Z,EUR/USD enabled,True,EUR/USD enabled,REPLAYABLE
EUR/USD|2026-06-12T13:25:00.000Z,EUR/USD,2026-06-12T13:25:00.000Z,0/7 positions,True,0/7 positions,REPLAYABLE
EUR/USD|2026-06-12T13:25:00.000Z,EUR/USD,2026-06-12T13:25:00.000Z,0/1 for EUR/USD,True,0/1 for EUR/USD,REPLAYABLE
EUR/USD|2026-06-12T13:25:00.000Z,EUR/USD,2026-06-12T13:25:00.000Z,Portfolio heat 0.0%,True,Portfolio heat 0.0%,ACCOUNT_STATE
EUR/USD|2026-06-12T13:25:00.000Z,EUR/USD,2026-06-12T13:25:00.000Z,Daily loss 0.0%,True,Daily loss 0.0%,ACCOUNT_STATE
EUR/USD|2026-06-12T13:25:00.000Z,EUR/USD,2026-06-12T13:25:00.000Z,Drawdown 0.0%,True,Drawdown 0.0%,ACCOUNT_STATE
EUR/USD|2026-06-12T13:25:00.000Z,EUR/USD,2026-06-12T13:25:00.000Z,Score 28 < 40 threshold,False,Score 28 < 40 threshold,REPLAYABLE
EUR/USD|2026-06-12T13:25:00.000Z,EUR/USD,2026-06-12T13:25:00.000Z,SMT veto,True,SMT veto: no opposition detected,REPLAYABLE
EUR/USD|2026-06-12T13:25:00.000Z,EUR/USD,2026-06-12T13:25:00.000Z,R,True,"R:R 2.09 effective (2.14 raw, spread 1p)",REPLAYABLE
EUR/USD|2026-06-12T13:25:00.000Z,EUR/USD,2026-06-12T13:25:00.000Z,No recent trades — cooldown OK,True,No recent trades — cooldown OK,REPLAYABLE
EUR/USD|2026-06-12T13:25:00.000Z,EUR/USD,2026-06-12T13:25:00.000Z,No trade history for consecutive loss check,True,No trade history for consecutive loss check,ACCOUNT_STATE
EUR/USD|2026-06-12T13:25:00.000Z,EUR/USD,2026-06-12T13:25:00.000Z,Daily net P&L $+0.00,True,Daily net P&L $+0.00 (gross loss: $0.00),ACCOUNT_STATE
EUR/USD|2026-06-12T13:25:00.000Z,EUR/USD,2026-06-12T13:25:00.000Z,News filter,True,News filter: env not configured — skipped,ACCOUNT_STATE
EUR/USD|2026-06-12T13:25:00.000Z,EUR/USD,2026-06-12T13:25:00.000Z,FOTSI Gate,True,FOTSI Gate: data unavailable — skipped,REPLAYABLE
EUR/USD|2026-06-12T13:25:00.000Z,EUR/USD,2026-06-12T13:25:00.000Z,No correlated conflicts,True,No correlated conflicts (threshold 0.8),ACCOUNT_STATE
EUR/USD|2026-06-12T13:25:00.000Z,EUR/USD,2026-06-12T13:25:00.000Z,Tier 1 gate FAILED,False,"Tier 1 gate FAILED: only 1 core factors — need at least 3 of: Market Structure, Order Block, Fair Value Gap, Premium/Dis",REPLAYABLE
EUR/USD|2026-06-12T13:25:00.000Z,EUR/USD,2026-06-12T13:25:00.000Z,Regime gate,True,Regime gate: OK,REPLAYABLE
EUR/USD|2026-06-12T13:25:00.000Z,EUR/USD,2026-06-12T13:25:00.000Z,[Info] Spread wide,True,[Info] Spread wide (indicative): 25.8% of ATR — info only,REPLAYABLE
GBP/USD|2026-06-13T12:55:00.000Z,GBP/USD,2026-06-13T12:55:00.000Z,[legacy] HTF bias mismatch,False,"[legacy] HTF bias mismatch: Daily is bearish, entry is bullish",REPLAYABLE
GBP/USD|2026-06-13T12:55:00.000Z,GBP/USD,2026-06-13T12:55:00.000Z,P/D zone OK,True,"P/D zone OK (premium, 71.4% of the 5m 5-swing box 1.34037–1.34065)",REPLAYABLE
GBP/USD|2026-06-13T12:55:00.000Z,GBP/USD,2026-06-13T12:55:00.000Z,Structural Conviction [entry],True,Structural Conviction [entry]: Bull 13% / Bear 0% (S2F 9%),REPLAYABLE
GBP/USD|2026-06-13T12:55:00.000Z,GBP/USD,2026-06-13T12:55:00.000Z,Reaction gate skipped,True,Reaction gate skipped: trend is bearish (not ranging),REPLAYABLE
GBP/USD|2026-06-13T12:55:00.000Z,GBP/USD,2026-06-13T12:55:00.000Z,GBP/USD enabled,True,GBP/USD enabled,REPLAYABLE
GBP/USD|2026-06-13T12:55:00.000Z,GBP/USD,2026-06-13T12:55:00.000Z,0/7 positions,True,0/7 positions,REPLAYABLE
GBP/USD|2026-06-13T12:55:00.000Z,GBP/USD,2026-06-13T12:55:00.000Z,0/1 for GBP/USD,True,0/1 for GBP/USD,REPLAYABLE
GBP/USD|2026-06-13T12:55:00.000Z,GBP/USD,2026-06-13T12:55:00.000Z,Portfolio heat 0.0%,True,Portfolio heat 0.0%,ACCOUNT_STATE
GBP/USD|2026-06-13T12:55:00.000Z,GBP/USD,2026-06-13T12:55:00.000Z,Daily loss 0.0%,True,Daily loss 0.0%,ACCOUNT_STATE
GBP/USD|2026-06-13T12:55:00.000Z,GBP/USD,2026-06-13T12:55:00.000Z,Drawdown 0.0%,True,Drawdown 0.0%,ACCOUNT_STATE
GBP/USD|2026-06-13T12:55:00.000Z,GBP/USD,2026-06-13T12:55:00.000Z,Score 30.2 < 40 threshold,False,Score 30.2 < 40 threshold,REPLAYABLE
GBP/USD|2026-06-13T12:55:00.000Z,GBP/USD,2026-06-13T12:55:00.000Z,SMT veto,True,SMT veto: no opposition detected,REPLAYABLE
GBP/USD|2026-06-13T12:55:00.000Z,GBP/USD,2026-06-13T12:55:00.000Z,R,True,"R:R 1.97 effective (2.03 raw, spread 1.5p)",REPLAYABLE
GBP/USD|2026-06-13T12:55:00.000Z,GBP/USD,2026-06-13T12:55:00.000Z,No recent trades — cooldown OK,True,No recent trades — cooldown OK,REPLAYABLE
GBP/USD|2026-06-13T12:55:00.000Z,GBP/USD,2026-06-13T12:55:00.000Z,No trade history for consecutive loss check,True,No trade history for consecutive loss check,ACCOUNT_STATE
GBP/USD|2026-06-13T12:55:00.000Z,GBP/USD,2026-06-13T12:55:00.000Z,Daily net P&L $+0.00,True,Daily net P&L $+0.00 (gross loss: $0.00),ACCOUNT_STATE
GBP/USD|2026-06-13T12:55:00.000Z,GBP/USD,2026-06-13T12:55:00.000Z,News filter,True,News filter: env not configured — skipped,ACCOUNT_STATE
GBP/USD|2026-06-13T12:55:00.000Z,GBP/USD,2026-06-13T12:55:00.000Z,FOTSI Gate,True,FOTSI Gate: data unavailable — skipped,REPLAYABLE
GBP/USD|2026-06-13T12:55:00.000Z,GBP/USD,2026-06-13T12:55:00.000Z,No correlated conflicts,True,No correlated conflicts (threshold 0.8),ACCOUNT_STATE
GBP/USD|2026-06-13T12:55:00.000Z,GBP/USD,2026-06-13T12:55:00.000Z,Tier 1 gate FAILED,False,"Tier 1 gate FAILED: only 1 core factors — need at least 3 of: Market Structure, Order Block, Fair Value Gap, Premium/Dis",REPLAYABLE
GBP/USD|2026-06-13T12:55:00.000Z,GBP/USD,2026-06-13T12:55:00.000Z,Regime gate,True,Regime gate: OK,REPLAYABLE
GBP/USD|2026-06-13T12:55:00.000Z,GBP/USD,2026-06-13T12:55:00.000Z,[Info] Spread wide,True,[Info] Spread wide (indicative): 116.7% of ATR — info only,REPLAYABLE
NZD/USD|2026-06-15T07:45:00.000Z,NZD/USD,2026-06-15T07:45:00.000Z,[legacy] HTF bias mismatch,False,"[legacy] HTF bias mismatch: Daily is bearish, entry is bullish",REPLAYABLE
NZD/USD|2026-06-15T07:45:00.000Z,NZD/USD,2026-06-15T07:45:00.000Z,P/D zone OK,True,"P/D zone OK (discount, 0.0% of the 5m 5-swing box 0.58456–0.58632) — price is OUTSIDE that range (raw -1.7%)",REPLAYABLE
NZD/USD|2026-06-15T07:45:00.000Z,NZD/USD,2026-06-15T07:45:00.000Z,Structural Conviction BLOCKED [entry],False,"Structural Conviction BLOCKED [entry]: Bull fractals 0%, S2F 20%, opposite 50% — no structural support for long",REPLAYABLE
NZD/USD|2026-06-15T07:45:00.000Z,NZD/USD,2026-06-15T07:45:00.000Z,Reaction gate skipped,True,Reaction gate skipped: trend is bearish (not ranging),REPLAYABLE
NZD/USD|2026-06-15T07:45:00.000Z,NZD/USD,2026-06-15T07:45:00.000Z,NZD/USD not in enabled instruments,False,NZD/USD not in enabled instruments,REPLAYABLE
NZD/USD|2026-06-15T07:45:00.000Z,NZD/USD,2026-06-15T07:45:00.000Z,0/7 positions,True,0/7 positions,REPLAYABLE
NZD/USD|2026-06-15T07:45:00.000Z,NZD/USD,2026-06-15T07:45:00.000Z,0/1 for NZD/USD,True,0/1 for NZD/USD,REPLAYABLE
NZD/USD|2026-06-15T07:45:00.000Z,NZD/USD,2026-06-15T07:45:00.000Z,Portfolio heat 0.0%,True,Portfolio heat 0.0%,ACCOUNT_STATE
NZD/USD|2026-06-15T07:45:00.000Z,NZD/USD,2026-06-15T07:45:00.000Z,Daily loss 0.0%,True,Daily loss 0.0%,ACCOUNT_STATE
NZD/USD|2026-06-15T07:45:00.000Z,NZD/USD,2026-06-15T07:45:00.000Z,Drawdown 0.0%,True,Drawdown 0.0%,ACCOUNT_STATE
NZD/USD|2026-06-15T07:45:00.000Z,NZD/USD,2026-06-15T07:45:00.000Z,Score 34.4 < 40 threshold,False,Score 34.4 < 40 threshold,REPLAYABLE
NZD/USD|2026-06-15T07:45:00.000Z,NZD/USD,2026-06-15T07:45:00.000Z,SMT veto,True,SMT veto: no opposition detected,REPLAYABLE
NZD/USD|2026-06-15T07:45:00.000Z,NZD/USD,2026-06-15T07:45:00.000Z,R,True,"R:R 2.08 effective (2.20 raw, spread 2p)",REPLAYABLE
NZD/USD|2026-06-15T07:45:00.000Z,NZD/USD,2026-06-15T07:45:00.000Z,No recent trades — cooldown OK,True,No recent trades — cooldown OK,REPLAYABLE
NZD/USD|2026-06-15T07:45:00.000Z,NZD/USD,2026-06-15T07:45:00.000Z,No trade history for consecutive loss check,True,No trade history for consecutive loss check,ACCOUNT_STATE
NZD/USD|2026-06-15T07:45:00.000Z,NZD/USD,2026-06-15T07:45:00.000Z,Daily net P&L $+0.00,True,Daily net P&L $+0.00 (gross loss: $0.00),ACCOUNT_STATE
NZD/USD|2026-06-15T07:45:00.000Z,NZD/USD,2026-06-15T07:45:00.000Z,News filter,True,News filter: env not configured — skipped,ACCOUNT_STATE
NZD/USD|2026-06-15T07:45:00.000Z,NZD/USD,2026-06-15T07:45:00.000Z,FOTSI Gate,True,FOTSI Gate: data unavailable — skipped,REPLAYABLE
NZD/USD|2026-06-15T07:45:00.000Z,NZD/USD,2026-06-15T07:45:00.000Z,No correlated conflicts,True,No correlated conflicts (threshold 0.8),ACCOUNT_STATE
NZD/USD|2026-06-15T07:45:00.000Z,NZD/USD,2026-06-15T07:45:00.000Z,Tier 1 gate FAILED,False,"Tier 1 gate FAILED: only 1 core factors — need at least 3 of: Market Structure, Order Block, Fair Value Gap, Premium/Dis",REPLAYABLE
NZD/USD|2026-06-15T07:45:00.000Z,NZD/USD,2026-06-15T07:45:00.000Z,Regime gate,True,Regime gate: OK,REPLAYABLE
NZD/USD|2026-06-15T07:45:00.000Z,NZD/USD,2026-06-15T07:45:00.000Z,[Info] Spread wide,True,[Info] Spread wide (indicative): 39.3% of ATR — info only,REPLAYABLE
USD/CAD|2026-06-15T18:45:00.000Z,USD/CAD,2026-06-15T18:45:00.000Z,[legacy] HTF bias mismatch,False,"[legacy] HTF bias mismatch: Daily is bullish, entry is bearish",REPLAYABLE
USD/CAD|2026-06-15T18:45:00.000Z,USD/CAD,2026-06-15T18:45:00.000Z,P/D zone OK,True,"P/D zone OK (premium, 75.4% of the 5m 5-swing box 1.39726–1.39925)",REPLAYABLE
USD/CAD|2026-06-15T18:45:00.000Z,USD/CAD,2026-06-15T18:45:00.000Z,Structural Conviction [entry],True,Structural Conviction [entry]: Bear 33% / Bull 0% (S2F 14%),REPLAYABLE
USD/CAD|2026-06-15T18:45:00.000Z,USD/CAD,2026-06-15T18:45:00.000Z,Reaction confirmed in ranging market,True,"Reaction confirmed in ranging market: Liquidity Sweep, AMD Phase",REPLAYABLE
USD/CAD|2026-06-15T18:45:00.000Z,USD/CAD,2026-06-15T18:45:00.000Z,USD/CAD not in enabled instruments,False,USD/CAD not in enabled instruments,REPLAYABLE
USD/CAD|2026-06-15T18:45:00.000Z,USD/CAD,2026-06-15T18:45:00.000Z,0/7 positions,True,0/7 positions,REPLAYABLE
USD/CAD|2026-06-15T18:45:00.000Z,USD/CAD,2026-06-15T18:45:00.000Z,0/1 for USD/CAD,True,0/1 for USD/CAD,REPLAYABLE
USD/CAD|2026-06-15T18:45:00.000Z,USD/CAD,2026-06-15T18:45:00.000Z,Portfolio heat 0.0%,True,Portfolio heat 0.0%,ACCOUNT_STATE
USD/CAD|2026-06-15T18:45:00.000Z,USD/CAD,2026-06-15T18:45:00.000Z,Daily loss 0.0%,True,Daily loss 0.0%,ACCOUNT_STATE
USD/CAD|2026-06-15T18:45:00.000Z,USD/CAD,2026-06-15T18:45:00.000Z,Drawdown 0.0%,True,Drawdown 0.0%,ACCOUNT_STATE
USD/CAD|2026-06-15T18:45:00.000Z,USD/CAD,2026-06-15T18:45:00.000Z,Score 37.7 < 40 threshold,False,Score 37.7 < 40 threshold,REPLAYABLE
USD/CAD|2026-06-15T18:45:00.000Z,USD/CAD,2026-06-15T18:45:00.000Z,SMT veto,True,SMT veto: no opposition detected,REPLAYABLE
USD/CAD|2026-06-15T18:45:00.000Z,USD/CAD,2026-06-15T18:45:00.000Z,R,True,"R:R 2.18 effective (2.27 raw, spread 1.5p)",REPLAYABLE
USD/CAD|2026-06-15T18:45:00.000Z,USD/CAD,2026-06-15T18:45:00.000Z,No recent trades — cooldown OK,True,No recent trades — cooldown OK,REPLAYABLE
USD/CAD|2026-06-15T18:45:00.000Z,USD/CAD,2026-06-15T18:45:00.000Z,No trade history for consecutive loss check,True,No trade history for consecutive loss check,ACCOUNT_STATE
USD/CAD|2026-06-15T18:45:00.000Z,USD/CAD,2026-06-15T18:45:00.000Z,Daily net P&L $+0.00,True,Daily net P&L $+0.00 (gross loss: $0.00),ACCOUNT_STATE
USD/CAD|2026-06-15T18:45:00.000Z,USD/CAD,2026-06-15T18:45:00.000Z,News filter,True,News filter: env not configured — skipped,ACCOUNT_STATE
USD/CAD|2026-06-15T18:45:00.000Z,USD/CAD,2026-06-15T18:45:00.000Z,FOTSI Gate,True,FOTSI Gate: data unavailable — skipped,REPLAYABLE
USD/CAD|2026-06-15T18:45:00.000Z,USD/CAD,2026-06-15T18:45:00.000Z,No correlated conflicts,True,No correlated conflicts (threshold 0.8),ACCOUNT_STATE
USD/CAD|2026-06-15T18:45:00.000Z,USD/CAD,2026-06-15T18:45:00.000Z,Tier 1 gate FAILED,False,"Tier 1 gate FAILED: only 2 core factors — need at least 3 of: Market Structure, Order Block, Fair Value Gap, Premium/Dis",REPLAYABLE
USD/CAD|2026-06-15T18:45:00.000Z,USD/CAD,2026-06-15T18:45:00.000Z,Regime gate,True,Regime gate: OK,REPLAYABLE
USD/CAD|2026-06-15T18:45:00.000Z,USD/CAD,2026-06-15T18:45:00.000Z,[Info] Spread wide,True,[Info] Spread wide (indicative): 47.6% of ATR — info only,REPLAYABLE
GBP/USD|2026-06-15T23:10:00.000Z,GBP/USD,2026-06-15T23:10:00.000Z,[legacy] HTF bias mismatch,False,"[legacy] HTF bias mismatch: Daily is bearish, entry is bullish",REPLAYABLE
GBP/USD|2026-06-15T23:10:00.000Z,GBP/USD,2026-06-15T23:10:00.000Z,P/D zone OK,True,"P/D zone OK (equilibrium, 51.5% of the 5m 5-swing box 1.34060–1.34223)",REPLAYABLE
GBP/USD|2026-06-15T23:10:00.000Z,GBP/USD,2026-06-15T23:10:00.000Z,Structural Conviction BLOCKED [entry],False,"Structural Conviction BLOCKED [entry]: Bull fractals 0%, S2F 18%, opposite 29% — no structural support for long",REPLAYABLE
GBP/USD|2026-06-15T23:10:00.000Z,GBP/USD,2026-06-15T23:10:00.000Z,Reaction gate skipped,True,Reaction gate skipped: trend is bearish (not ranging),REPLAYABLE
GBP/USD|2026-06-15T23:10:00.000Z,GBP/USD,2026-06-15T23:10:00.000Z,GBP/USD enabled,True,GBP/USD enabled,REPLAYABLE
GBP/USD|2026-06-15T23:10:00.000Z,GBP/USD,2026-06-15T23:10:00.000Z,0/7 positions,True,0/7 positions,REPLAYABLE
GBP/USD|2026-06-15T23:10:00.000Z,GBP/USD,2026-06-15T23:10:00.000Z,0/1 for GBP/USD,True,0/1 for GBP/USD,REPLAYABLE
GBP/USD|2026-06-15T23:10:00.000Z,GBP/USD,2026-06-15T23:10:00.000Z,Portfolio heat 0.0%,True,Portfolio heat 0.0%,ACCOUNT_STATE
GBP/USD|2026-06-15T23:10:00.000Z,GBP/USD,2026-06-15T23:10:00.000Z,Daily loss 0.0%,True,Daily loss 0.0%,ACCOUNT_STATE
GBP/USD|2026-06-15T23:10:00.000Z,GBP/USD,2026-06-15T23:10:00.000Z,Drawdown 0.0%,True,Drawdown 0.0%,ACCOUNT_STATE
GBP/USD|2026-06-15T23:10:00.000Z,GBP/USD,2026-06-15T23:10:00.000Z,Score 27.1 < 40 threshold,False,Score 27.1 < 40 threshold,REPLAYABLE
GBP/USD|2026-06-15T23:10:00.000Z,GBP/USD,2026-06-15T23:10:00.000Z,SMT veto,True,SMT veto: no opposition detected,REPLAYABLE
GBP/USD|2026-06-15T23:10:00.000Z,GBP/USD,2026-06-15T23:10:00.000Z,R,True,"R:R 2.03 effective (2.09 raw, spread 1.5p)",REPLAYABLE
GBP/USD|2026-06-15T23:10:00.000Z,GBP/USD,2026-06-15T23:10:00.000Z,No recent trades — cooldown OK,True,No recent trades — cooldown OK,REPLAYABLE
GBP/USD|2026-06-15T23:10:00.000Z,GBP/USD,2026-06-15T23:10:00.000Z,No trade history for consecutive loss check,True,No trade history for consecutive loss check,ACCOUNT_STATE
GBP/USD|2026-06-15T23:10:00.000Z,GBP/USD,2026-06-15T23:10:00.000Z,Daily net P&L $+0.00,True,Daily net P&L $+0.00 (gross loss: $0.00),ACCOUNT_STATE
GBP/USD|2026-06-15T23:10:00.000Z,GBP/USD,2026-06-15T23:10:00.000Z,News filter,True,News filter: env not configured — skipped,ACCOUNT_STATE
GBP/USD|2026-06-15T23:10:00.000Z,GBP/USD,2026-06-15T23:10:00.000Z,FOTSI Gate,True,FOTSI Gate: data unavailable — skipped,REPLAYABLE
GBP/USD|2026-06-15T23:10:00.000Z,GBP/USD,2026-06-15T23:10:00.000Z,No correlated conflicts,True,No correlated conflicts (threshold 0.8),ACCOUNT_STATE
GBP/USD|2026-06-15T23:10:00.000Z,GBP/USD,2026-06-15T23:10:00.000Z,Tier 1 gate FAILED,False,"Tier 1 gate FAILED: only 1 core factors — need at least 3 of: Market Structure, Order Block, Fair Value Gap, Premium/Dis",REPLAYABLE
GBP/USD|2026-06-15T23:10:00.000Z,GBP/USD,2026-06-15T23:10:00.000Z,Regime gate,True,Regime gate: OK,REPLAYABLE
GBP/USD|2026-06-15T23:10:00.000Z,GBP/USD,2026-06-15T23:10:00.000Z,[Info] Spread wide,True,[Info] Spread wide (indicative): 47.9% of ATR — info only,REPLAYABLE
AUD/USD|2026-06-16T12:05:00.000Z,AUD/USD,2026-06-16T12:05:00.000Z,[legacy] HTF bias aligned,True,[legacy] HTF bias aligned: Daily ranging,REPLAYABLE
AUD/USD|2026-06-16T12:05:00.000Z,AUD/USD,2026-06-16T12:05:00.000Z,P/D zone OK,True,"P/D zone OK (premium, 55.7% of the 5m 5-swing box 0.70543–0.70789)",REPLAYABLE
AUD/USD|2026-06-16T12:05:00.000Z,AUD/USD,2026-06-16T12:05:00.000Z,Structural Conviction BLOCKED [entry],False,"Structural Conviction BLOCKED [entry]: Bear fractals 0%, S2F 17%, opposite 50% — no structural support for short",REPLAYABLE
AUD/USD|2026-06-16T12:05:00.000Z,AUD/USD,2026-06-16T12:05:00.000Z,Reaction gate skipped,True,Reaction gate skipped: trend is bullish (not ranging),REPLAYABLE
AUD/USD|2026-06-16T12:05:00.000Z,AUD/USD,2026-06-16T12:05:00.000Z,AUD/USD not in enabled instruments,False,AUD/USD not in enabled instruments,REPLAYABLE
AUD/USD|2026-06-16T12:05:00.000Z,AUD/USD,2026-06-16T12:05:00.000Z,0/7 positions,True,0/7 positions,REPLAYABLE
AUD/USD|2026-06-16T12:05:00.000Z,AUD/USD,2026-06-16T12:05:00.000Z,0/1 for AUD/USD,True,0/1 for AUD/USD,REPLAYABLE
AUD/USD|2026-06-16T12:05:00.000Z,AUD/USD,2026-06-16T12:05:00.000Z,Portfolio heat 0.0%,True,Portfolio heat 0.0%,ACCOUNT_STATE
AUD/USD|2026-06-16T12:05:00.000Z,AUD/USD,2026-06-16T12:05:00.000Z,Daily loss 0.0%,True,Daily loss 0.0%,ACCOUNT_STATE
AUD/USD|2026-06-16T12:05:00.000Z,AUD/USD,2026-06-16T12:05:00.000Z,Drawdown 0.0%,True,Drawdown 0.0%,ACCOUNT_STATE
AUD/USD|2026-06-16T12:05:00.000Z,AUD/USD,2026-06-16T12:05:00.000Z,Score 21.9 < 40 threshold,False,Score 21.9 < 40 threshold,REPLAYABLE
AUD/USD|2026-06-16T12:05:00.000Z,AUD/USD,2026-06-16T12:05:00.000Z,SMT veto,True,SMT veto: no opposition detected,REPLAYABLE
AUD/USD|2026-06-16T12:05:00.000Z,AUD/USD,2026-06-16T12:05:00.000Z,R,True,"R:R 2.13 effective (2.21 raw, spread 1.5p)",REPLAYABLE
AUD/USD|2026-06-16T12:05:00.000Z,AUD/USD,2026-06-16T12:05:00.000Z,No recent trades — cooldown OK,True,No recent trades — cooldown OK,REPLAYABLE
AUD/USD|2026-06-16T12:05:00.000Z,AUD/USD,2026-06-16T12:05:00.000Z,No trade history for consecutive loss check,True,No trade history for consecutive loss check,ACCOUNT_STATE
AUD/USD|2026-06-16T12:05:00.000Z,AUD/USD,2026-06-16T12:05:00.000Z,Daily net P&L $+0.00,True,Daily net P&L $+0.00 (gross loss: $0.00),ACCOUNT_STATE
AUD/USD|2026-06-16T12:05:00.000Z,AUD/USD,2026-06-16T12:05:00.000Z,News filter,True,News filter: env not configured — skipped,ACCOUNT_STATE
AUD/USD|2026-06-16T12:05:00.000Z,AUD/USD,2026-06-16T12:05:00.000Z,FOTSI Gate,True,FOTSI Gate: data unavailable — skipped,REPLAYABLE
AUD/USD|2026-06-16T12:05:00.000Z,AUD/USD,2026-06-16T12:05:00.000Z,No correlated conflicts,True,No correlated conflicts (threshold 0.8),ACCOUNT_STATE
AUD/USD|2026-06-16T12:05:00.000Z,AUD/USD,2026-06-16T12:05:00.000Z,Tier 1 gate FAILED,False,"Tier 1 gate FAILED: only 1 core factors — need at least 3 of: Market Structure, Order Block, Fair Value Gap, Premium/Dis",REPLAYABLE
AUD/USD|2026-06-16T12:05:00.000Z,AUD/USD,2026-06-16T12:05:00.000Z,Regime gate,True,Regime gate: OK,REPLAYABLE
AUD/USD|2026-06-16T12:05:00.000Z,AUD/USD,2026-06-16T12:05:00.000Z,[Info] Spread wide,True,[Info] Spread wide (indicative): 52.6% of ATR — info only,REPLAYABLE
EUR/USD|2026-06-19T11:30:00.000Z,EUR/USD,2026-06-19T11:30:00.000Z,[legacy] HTF bias aligned,True,[legacy] HTF bias aligned: Daily bearish,REPLAYABLE
EUR/USD|2026-06-19T11:30:00.000Z,EUR/USD,2026-06-19T11:30:00.000Z,P/D zone OK,True,"P/D zone OK (premium, 96.4% of the 5m 5-swing box 1.14295–1.14659)",REPLAYABLE
EUR/USD|2026-06-19T11:30:00.000Z,EUR/USD,2026-06-19T11:30:00.000Z,Structural Conviction [entry],True,Structural Conviction [entry]: Bear 33% / Bull 0% (S2F 20%),REPLAYABLE
EUR/USD|2026-06-19T11:30:00.000Z,EUR/USD,2026-06-19T11:30:00.000Z,Reaction gate skipped,True,Reaction gate skipped: trend is bearish (not ranging),REPLAYABLE
EUR/USD|2026-06-19T11:30:00.000Z,EUR/USD,2026-06-19T11:30:00.000Z,EUR/USD enabled,True,EUR/USD enabled,REPLAYABLE
EUR/USD|2026-06-19T11:30:00.000Z,EUR/USD,2026-06-19T11:30:00.000Z,0/7 positions,True,0/7 positions,REPLAYABLE
EUR/USD|2026-06-19T11:30:00.000Z,EUR/USD,2026-06-19T11:30:00.000Z,0/1 for EUR/USD,True,0/1 for EUR/USD,REPLAYABLE
EUR/USD|2026-06-19T11:30:00.000Z,EUR/USD,2026-06-19T11:30:00.000Z,Portfolio heat 0.0%,True,Portfolio heat 0.0%,ACCOUNT_STATE
EUR/USD|2026-06-19T11:30:00.000Z,EUR/USD,2026-06-19T11:30:00.000Z,Daily loss 0.0%,True,Daily loss 0.0%,ACCOUNT_STATE
EUR/USD|2026-06-19T11:30:00.000Z,EUR/USD,2026-06-19T11:30:00.000Z,Drawdown 0.0%,True,Drawdown 0.0%,ACCOUNT_STATE
EUR/USD|2026-06-19T11:30:00.000Z,EUR/USD,2026-06-19T11:30:00.000Z,Score 43.8 meets threshold,True,Score 43.8 meets threshold,REPLAYABLE
EUR/USD|2026-06-19T11:30:00.000Z,EUR/USD,2026-06-19T11:30:00.000Z,SMT veto,True,SMT veto: no opposition detected,REPLAYABLE
EUR/USD|2026-06-19T11:30:00.000Z,EUR/USD,2026-06-19T11:30:00.000Z,R,True,"R:R 2.22 effective (2.28 raw, spread 1p)",REPLAYABLE
EUR/USD|2026-06-19T11:30:00.000Z,EUR/USD,2026-06-19T11:30:00.000Z,No recent trades — cooldown OK,True,No recent trades — cooldown OK,REPLAYABLE
EUR/USD|2026-06-19T11:30:00.000Z,EUR/USD,2026-06-19T11:30:00.000Z,No trade history for consecutive loss check,True,No trade history for consecutive loss check,ACCOUNT_STATE
EUR/USD|2026-06-19T11:30:00.000Z,EUR/USD,2026-06-19T11:30:00.000Z,Daily net P&L $+0.00,True,Daily net P&L $+0.00 (gross loss: $0.00),ACCOUNT_STATE
EUR/USD|2026-06-19T11:30:00.000Z,EUR/USD,2026-06-19T11:30:00.000Z,News filter,True,News filter: env not configured — skipped,ACCOUNT_STATE
EUR/USD|2026-06-19T11:30:00.000Z,EUR/USD,2026-06-19T11:30:00.000Z,FOTSI Gate,True,FOTSI Gate: data unavailable — skipped,REPLAYABLE
EUR/USD|2026-06-19T11:30:00.000Z,EUR/USD,2026-06-19T11:30:00.000Z,No correlated conflicts,True,No correlated conflicts (threshold 0.8),ACCOUNT_STATE
EUR/USD|2026-06-19T11:30:00.000Z,EUR/USD,2026-06-19T11:30:00.000Z,Tier 1 gate FAILED,False,"Tier 1 gate FAILED: only 2 core factors — need at least 3 of: Market Structure, Order Block, Fair Value Gap, Premium/Dis",REPLAYABLE
EUR/USD|2026-06-19T11:30:00.000Z,EUR/USD,2026-06-19T11:30:00.000Z,Regime gate,True,Regime gate: OK,REPLAYABLE
EUR/USD|2026-06-19T11:30:00.000Z,EUR/USD,2026-06-19T11:30:00.000Z,[Info] Spread wide,True,[Info] Spread wide (indicative): 30.8% of ATR — info only,REPLAYABLE
AUD/USD|2026-06-19T12:35:00.000Z,AUD/USD,2026-06-19T12:35:00.000Z,[legacy] HTF bias aligned,True,[legacy] HTF bias aligned: Daily bearish,REPLAYABLE
AUD/USD|2026-06-19T12:35:00.000Z,AUD/USD,2026-06-19T12:35:00.000Z,P/D zone OK,True,"P/D zone OK (discount, 26.7% of the 5m 5-swing box 0.70103–0.70204)",REPLAYABLE
AUD/USD|2026-06-19T12:35:00.000Z,AUD/USD,2026-06-19T12:35:00.000Z,Structural Conviction [entry],True,Structural Conviction [entry]: Bear 50% / Bull 0% (S2F 25%),REPLAYABLE
AUD/USD|2026-06-19T12:35:00.000Z,AUD/USD,2026-06-19T12:35:00.000Z,Reaction gate skipped,True,Reaction gate skipped: trend is bullish (not ranging),REPLAYABLE
AUD/USD|2026-06-19T12:35:00.000Z,AUD/USD,2026-06-19T12:35:00.000Z,AUD/USD not in enabled instruments,False,AUD/USD not in enabled instruments,REPLAYABLE
AUD/USD|2026-06-19T12:35:00.000Z,AUD/USD,2026-06-19T12:35:00.000Z,0/7 positions,True,0/7 positions,REPLAYABLE
AUD/USD|2026-06-19T12:35:00.000Z,AUD/USD,2026-06-19T12:35:00.000Z,0/1 for AUD/USD,True,0/1 for AUD/USD,REPLAYABLE
AUD/USD|2026-06-19T12:35:00.000Z,AUD/USD,2026-06-19T12:35:00.000Z,Portfolio heat 0.0%,True,Portfolio heat 0.0%,ACCOUNT_STATE
AUD/USD|2026-06-19T12:35:00.000Z,AUD/USD,2026-06-19T12:35:00.000Z,Daily loss 0.0%,True,Daily loss 0.0%,ACCOUNT_STATE
AUD/USD|2026-06-19T12:35:00.000Z,AUD/USD,2026-06-19T12:35:00.000Z,Drawdown 0.0%,True,Drawdown 0.0%,ACCOUNT_STATE
AUD/USD|2026-06-19T12:35:00.000Z,AUD/USD,2026-06-19T12:35:00.000Z,Score 29.2 < 40 threshold,False,Score 29.2 < 40 threshold,REPLAYABLE
AUD/USD|2026-06-19T12:35:00.000Z,AUD/USD,2026-06-19T12:35:00.000Z,SMT veto,True,SMT veto: no opposition detected,REPLAYABLE
AUD/USD|2026-06-19T12:35:00.000Z,AUD/USD,2026-06-19T12:35:00.000Z,R,True,"R:R 2.00 effective (2.09 raw, spread 1.5p)",REPLAYABLE
AUD/USD|2026-06-19T12:35:00.000Z,AUD/USD,2026-06-19T12:35:00.000Z,No recent trades — cooldown OK,True,No recent trades — cooldown OK,REPLAYABLE
AUD/USD|2026-06-19T12:35:00.000Z,AUD/USD,2026-06-19T12:35:00.000Z,No trade history for consecutive loss check,True,No trade history for consecutive loss check,ACCOUNT_STATE
AUD/USD|2026-06-19T12:35:00.000Z,AUD/USD,2026-06-19T12:35:00.000Z,Daily net P&L $+0.00,True,Daily net P&L $+0.00 (gross loss: $0.00),ACCOUNT_STATE
AUD/USD|2026-06-19T12:35:00.000Z,AUD/USD,2026-06-19T12:35:00.000Z,News filter,True,News filter: env not configured — skipped,ACCOUNT_STATE
AUD/USD|2026-06-19T12:35:00.000Z,AUD/USD,2026-06-19T12:35:00.000Z,FOTSI Gate,True,FOTSI Gate: data unavailable — skipped,REPLAYABLE
AUD/USD|2026-06-19T12:35:00.000Z,AUD/USD,2026-06-19T12:35:00.000Z,No correlated conflicts,True,No correlated conflicts (threshold 0.8),ACCOUNT_STATE
AUD/USD|2026-06-19T12:35:00.000Z,AUD/USD,2026-06-19T12:35:00.000Z,Tier 1 gate FAILED,False,"Tier 1 gate FAILED: only 1 core factors — need at least 3 of: Market Structure, Order Block, Fair Value Gap, Premium/Dis",REPLAYABLE
AUD/USD|2026-06-19T12:35:00.000Z,AUD/USD,2026-06-19T12:35:00.000Z,Regime gate,True,Regime gate: OK,REPLAYABLE
AUD/USD|2026-06-19T12:35:00.000Z,AUD/USD,2026-06-19T12:35:00.000Z,[Info] Spread wide,True,[Info] Spread wide (indicative): 52.0% of ATR — info only,REPLAYABLE
GBP/USD|2026-06-20T22:30:00.000Z,GBP/USD,2026-06-20T22:30:00.000Z,[legacy] HTF bias aligned,True,[legacy] HTF bias aligned: Daily ranging,REPLAYABLE
GBP/USD|2026-06-20T22:30:00.000Z,GBP/USD,2026-06-20T22:30:00.000Z,P/D zone OK,True,"P/D zone OK (discount, 40.5% of the 5m 5-swing box 1.32299–1.32336)",REPLAYABLE
GBP/USD|2026-06-20T22:30:00.000Z,GBP/USD,2026-06-20T22:30:00.000Z,Structural Conviction [entry],True,Structural Conviction [entry]: Bear 33% / Bull 0% (S2F 20%),REPLAYABLE
GBP/USD|2026-06-20T22:30:00.000Z,GBP/USD,2026-06-20T22:30:00.000Z,Reaction confirmed in ranging market,True,"Reaction confirmed in ranging market: Reversal Candle, Liquidity Sweep, AMD Phase",REPLAYABLE
GBP/USD|2026-06-20T22:30:00.000Z,GBP/USD,2026-06-20T22:30:00.000Z,GBP/USD enabled,True,GBP/USD enabled,REPLAYABLE
GBP/USD|2026-06-20T22:30:00.000Z,GBP/USD,2026-06-20T22:30:00.000Z,0/7 positions,True,0/7 positions,REPLAYABLE
GBP/USD|2026-06-20T22:30:00.000Z,GBP/USD,2026-06-20T22:30:00.000Z,0/1 for GBP/USD,True,0/1 for GBP/USD,REPLAYABLE
GBP/USD|2026-06-20T22:30:00.000Z,GBP/USD,2026-06-20T22:30:00.000Z,Portfolio heat 0.0%,True,Portfolio heat 0.0%,ACCOUNT_STATE
GBP/USD|2026-06-20T22:30:00.000Z,GBP/USD,2026-06-20T22:30:00.000Z,Daily loss 0.0%,True,Daily loss 0.0%,ACCOUNT_STATE
GBP/USD|2026-06-20T22:30:00.000Z,GBP/USD,2026-06-20T22:30:00.000Z,Drawdown 0.0%,True,Drawdown 0.0%,ACCOUNT_STATE
GBP/USD|2026-06-20T22:30:00.000Z,GBP/USD,2026-06-20T22:30:00.000Z,Score 34.6 < 40 threshold,False,Score 34.6 < 40 threshold,REPLAYABLE
GBP/USD|2026-06-20T22:30:00.000Z,GBP/USD,2026-06-20T22:30:00.000Z,SMT veto,True,SMT veto: no opposition detected,REPLAYABLE
GBP/USD|2026-06-20T22:30:00.000Z,GBP/USD,2026-06-20T22:30:00.000Z,R,True,"R:R 1.99 effective (2.05 raw, spread 1.5p)",REPLAYABLE
GBP/USD|2026-06-20T22:30:00.000Z,GBP/USD,2026-06-20T22:30:00.000Z,No recent trades — cooldown OK,True,No recent trades — cooldown OK,REPLAYABLE
GBP/USD|2026-06-20T22:30:00.000Z,GBP/USD,2026-06-20T22:30:00.000Z,No trade history for consecutive loss check,True,No trade history for consecutive loss check,ACCOUNT_STATE
GBP/USD|2026-06-20T22:30:00.000Z,GBP/USD,2026-06-20T22:30:00.000Z,Daily net P&L $+0.00,True,Daily net P&L $+0.00 (gross loss: $0.00),ACCOUNT_STATE
GBP/USD|2026-06-20T22:30:00.000Z,GBP/USD,2026-06-20T22:30:00.000Z,News filter,True,News filter: env not configured — skipped,ACCOUNT_STATE
GBP/USD|2026-06-20T22:30:00.000Z,GBP/USD,2026-06-20T22:30:00.000Z,FOTSI Gate,True,FOTSI Gate: data unavailable — skipped,REPLAYABLE
GBP/USD|2026-06-20T22:30:00.000Z,GBP/USD,2026-06-20T22:30:00.000Z,No correlated conflicts,True,No correlated conflicts (threshold 0.8),ACCOUNT_STATE
GBP/USD|2026-06-20T22:30:00.000Z,GBP/USD,2026-06-20T22:30:00.000Z,Tier 1 gate FAILED,False,"Tier 1 gate FAILED: only 1 core factors — need at least 3 of: Market Structure, Order Block, Fair Value Gap, Premium/Dis",REPLAYABLE
GBP/USD|2026-06-20T22:30:00.000Z,GBP/USD,2026-06-20T22:30:00.000Z,Regime gate,True,Regime gate: OK,REPLAYABLE
GBP/USD|2026-06-20T22:30:00.000Z,GBP/USD,2026-06-20T22:30:00.000Z,[Info] Spread wide,True,[Info] Spread wide (indicative): 89.2% of ATR — info only,REPLAYABLE
USD/JPY|2026-06-21T00:05:00.000Z,USD/JPY,2026-06-21T00:05:00.000Z,[legacy] HTF bias aligned,True,[legacy] HTF bias aligned: Daily bullish,REPLAYABLE
USD/JPY|2026-06-21T00:05:00.000Z,USD/JPY,2026-06-21T00:05:00.000Z,P/D zone OK,True,"P/D zone OK (discount, 30.6% of the 5m 5-swing box 161.287–161.307)",REPLAYABLE
USD/JPY|2026-06-21T00:05:00.000Z,USD/JPY,2026-06-21T00:05:00.000Z,Structural Conviction BLOCKED [entry],False,"Structural Conviction BLOCKED [entry]: Bull fractals 0%, S2F 7%, opposite 13% — no structural support for long",REPLAYABLE
USD/JPY|2026-06-21T00:05:00.000Z,USD/JPY,2026-06-21T00:05:00.000Z,Reaction confirmed in ranging market,True,"Reaction confirmed in ranging market: Liquidity Sweep, AMD Phase",REPLAYABLE
USD/JPY|2026-06-21T00:05:00.000Z,USD/JPY,2026-06-21T00:05:00.000Z,USD/JPY enabled,True,USD/JPY enabled,REPLAYABLE
USD/JPY|2026-06-21T00:05:00.000Z,USD/JPY,2026-06-21T00:05:00.000Z,0/7 positions,True,0/7 positions,REPLAYABLE
USD/JPY|2026-06-21T00:05:00.000Z,USD/JPY,2026-06-21T00:05:00.000Z,0/1 for USD/JPY,True,0/1 for USD/JPY,REPLAYABLE
USD/JPY|2026-06-21T00:05:00.000Z,USD/JPY,2026-06-21T00:05:00.000Z,Portfolio heat 0.0%,True,Portfolio heat 0.0%,ACCOUNT_STATE
USD/JPY|2026-06-21T00:05:00.000Z,USD/JPY,2026-06-21T00:05:00.000Z,Daily loss 0.0%,True,Daily loss 0.0%,ACCOUNT_STATE
USD/JPY|2026-06-21T00:05:00.000Z,USD/JPY,2026-06-21T00:05:00.000Z,Drawdown 0.0%,True,Drawdown 0.0%,ACCOUNT_STATE
USD/JPY|2026-06-21T00:05:00.000Z,USD/JPY,2026-06-21T00:05:00.000Z,Score 38.1 < 40 threshold,False,Score 38.1 < 40 threshold,REPLAYABLE
USD/JPY|2026-06-21T00:05:00.000Z,USD/JPY,2026-06-21T00:05:00.000Z,SMT veto,True,SMT veto: no opposition detected,REPLAYABLE
USD/JPY|2026-06-21T00:05:00.000Z,USD/JPY,2026-06-21T00:05:00.000Z,R,True,"R:R 2.04 effective (2.08 raw, spread 1p)",REPLAYABLE
USD/JPY|2026-06-21T00:05:00.000Z,USD/JPY,2026-06-21T00:05:00.000Z,No recent trades — cooldown OK,True,No recent trades — cooldown OK,REPLAYABLE
USD/JPY|2026-06-21T00:05:00.000Z,USD/JPY,2026-06-21T00:05:00.000Z,No trade history for consecutive loss check,True,No trade history for consecutive loss check,ACCOUNT_STATE
USD/JPY|2026-06-21T00:05:00.000Z,USD/JPY,2026-06-21T00:05:00.000Z,Daily net P&L $+0.00,True,Daily net P&L $+0.00 (gross loss: $0.00),ACCOUNT_STATE
USD/JPY|2026-06-21T00:05:00.000Z,USD/JPY,2026-06-21T00:05:00.000Z,News filter,True,News filter: env not configured — skipped,ACCOUNT_STATE
USD/JPY|2026-06-21T00:05:00.000Z,USD/JPY,2026-06-21T00:05:00.000Z,FOTSI Gate,True,FOTSI Gate: data unavailable — skipped,REPLAYABLE
USD/JPY|2026-06-21T00:05:00.000Z,USD/JPY,2026-06-21T00:05:00.000Z,No correlated conflicts,True,No correlated conflicts (threshold 0.8),ACCOUNT_STATE
USD/JPY|2026-06-21T00:05:00.000Z,USD/JPY,2026-06-21T00:05:00.000Z,Tier 1 gate FAILED,False,"Tier 1 gate FAILED: only 2 core factors — need at least 3 of: Market Structure, Order Block, Fair Value Gap, Premium/Dis",REPLAYABLE
USD/JPY|2026-06-21T00:05:00.000Z,USD/JPY,2026-06-21T00:05:00.000Z,Regime gate,True,Regime gate: OK,REPLAYABLE
USD/JPY|2026-06-21T00:05:00.000Z,USD/JPY,2026-06-21T00:05:00.000Z,[Info] Spread OK,True,[Info] Spread OK: 1.0% of ATR,REPLAYABLE
USD/CHF|2026-06-22T16:55:00.000Z,USD/CHF,2026-06-22T16:55:00.000Z,[legacy] HTF bias aligned,True,[legacy] HTF bias aligned: Daily ranging,REPLAYABLE
USD/CHF|2026-06-22T16:55:00.000Z,USD/CHF,2026-06-22T16:55:00.000Z,P/D zone OK,True,"P/D zone OK (premium, 66.8% of the 5m 5-swing box 0.80738–0.80970)",REPLAYABLE
USD/CHF|2026-06-22T16:55:00.000Z,USD/CHF,2026-06-22T16:55:00.000Z,Structural Conviction [entry],True,Structural Conviction [entry]: Bear 67% / Bull 33% (S2F 50%),REPLAYABLE
USD/CHF|2026-06-22T16:55:00.000Z,USD/CHF,2026-06-22T16:55:00.000Z,Reaction gate skipped,True,Reaction gate skipped: trend is bearish (not ranging),REPLAYABLE
USD/CHF|2026-06-22T16:55:00.000Z,USD/CHF,2026-06-22T16:55:00.000Z,USD/CHF not in enabled instruments,False,USD/CHF not in enabled instruments,REPLAYABLE
USD/CHF|2026-06-22T16:55:00.000Z,USD/CHF,2026-06-22T16:55:00.000Z,0/7 positions,True,0/7 positions,REPLAYABLE
USD/CHF|2026-06-22T16:55:00.000Z,USD/CHF,2026-06-22T16:55:00.000Z,0/1 for USD/CHF,True,0/1 for USD/CHF,REPLAYABLE
USD/CHF|2026-06-22T16:55:00.000Z,USD/CHF,2026-06-22T16:55:00.000Z,Portfolio heat 0.0%,True,Portfolio heat 0.0%,ACCOUNT_STATE
USD/CHF|2026-06-22T16:55:00.000Z,USD/CHF,2026-06-22T16:55:00.000Z,Daily loss 0.0%,True,Daily loss 0.0%,ACCOUNT_STATE
USD/CHF|2026-06-22T16:55:00.000Z,USD/CHF,2026-06-22T16:55:00.000Z,Drawdown 0.0%,True,Drawdown 0.0%,ACCOUNT_STATE
USD/CHF|2026-06-22T16:55:00.000Z,USD/CHF,2026-06-22T16:55:00.000Z,Score 45.8 meets threshold,True,Score 45.8 meets threshold,REPLAYABLE
USD/CHF|2026-06-22T16:55:00.000Z,USD/CHF,2026-06-22T16:55:00.000Z,SMT veto,True,SMT veto: no opposition detected,REPLAYABLE
USD/CHF|2026-06-22T16:55:00.000Z,USD/CHF,2026-06-22T16:55:00.000Z,R,True,"R:R 1.87 effective (1.95 raw, spread 1.5p)",REPLAYABLE
USD/CHF|2026-06-22T16:55:00.000Z,USD/CHF,2026-06-22T16:55:00.000Z,No recent trades — cooldown OK,True,No recent trades — cooldown OK,REPLAYABLE
USD/CHF|2026-06-22T16:55:00.000Z,USD/CHF,2026-06-22T16:55:00.000Z,No trade history for consecutive loss check,True,No trade history for consecutive loss check,ACCOUNT_STATE
USD/CHF|2026-06-22T16:55:00.000Z,USD/CHF,2026-06-22T16:55:00.000Z,Daily net P&L $+0.00,True,Daily net P&L $+0.00 (gross loss: $0.00),ACCOUNT_STATE
USD/CHF|2026-06-22T16:55:00.000Z,USD/CHF,2026-06-22T16:55:00.000Z,News filter,True,News filter: env not configured — skipped,ACCOUNT_STATE
USD/CHF|2026-06-22T16:55:00.000Z,USD/CHF,2026-06-22T16:55:00.000Z,FOTSI Gate,True,FOTSI Gate: data unavailable — skipped,REPLAYABLE
USD/CHF|2026-06-22T16:55:00.000Z,USD/CHF,2026-06-22T16:55:00.000Z,No correlated conflicts,True,No correlated conflicts (threshold 0.8),ACCOUNT_STATE
USD/CHF|2026-06-22T16:55:00.000Z,USD/CHF,2026-06-22T16:55:00.000Z,Tier 1 gate FAILED,False,"Tier 1 gate FAILED: only 2 core factors — need at least 3 of: Market Structure, Order Block, Fair Value Gap, Premium/Dis",REPLAYABLE
USD/CHF|2026-06-22T16:55:00.000Z,USD/CHF,2026-06-22T16:55:00.000Z,Regime gate,True,Regime gate: OK,REPLAYABLE
USD/CHF|2026-06-22T16:55:00.000Z,USD/CHF,2026-06-22T16:55:00.000Z,[Info] Spread wide,True,[Info] Spread wide (indicative): 39.1% of ATR — info only,REPLAYABLE
USD/JPY|2026-06-23T06:20:00.000Z,USD/JPY,2026-06-23T06:20:00.000Z,[legacy] HTF bias mismatch,False,"[legacy] HTF bias mismatch: Daily is bullish, entry is bearish",REPLAYABLE
USD/JPY|2026-06-23T06:20:00.000Z,USD/JPY,2026-06-23T06:20:00.000Z,P/D zone OK,True,"P/D zone OK (premium, 91.5% of the 5m 5-swing box 161.535–161.693)",REPLAYABLE
USD/JPY|2026-06-23T06:20:00.000Z,USD/JPY,2026-06-23T06:20:00.000Z,Structural Conviction BLOCKED [entry],False,Structural Conviction BLOCKED [entry]: Bear fractals 0% vs opposite 50% — structure opposes short,REPLAYABLE
USD/JPY|2026-06-23T06:20:00.000Z,USD/JPY,2026-06-23T06:20:00.000Z,Reaction gate skipped,True,Reaction gate skipped: trend is bullish (not ranging),REPLAYABLE
USD/JPY|2026-06-23T06:20:00.000Z,USD/JPY,2026-06-23T06:20:00.000Z,USD/JPY enabled,True,USD/JPY enabled,REPLAYABLE
USD/JPY|2026-06-23T06:20:00.000Z,USD/JPY,2026-06-23T06:20:00.000Z,0/7 positions,True,0/7 positions,REPLAYABLE
USD/JPY|2026-06-23T06:20:00.000Z,USD/JPY,2026-06-23T06:20:00.000Z,0/1 for USD/JPY,True,0/1 for USD/JPY,REPLAYABLE
USD/JPY|2026-06-23T06:20:00.000Z,USD/JPY,2026-06-23T06:20:00.000Z,Portfolio heat 0.0%,True,Portfolio heat 0.0%,ACCOUNT_STATE
USD/JPY|2026-06-23T06:20:00.000Z,USD/JPY,2026-06-23T06:20:00.000Z,Daily loss 0.0%,True,Daily loss 0.0%,ACCOUNT_STATE
USD/JPY|2026-06-23T06:20:00.000Z,USD/JPY,2026-06-23T06:20:00.000Z,Drawdown 0.0%,True,Drawdown 0.0%,ACCOUNT_STATE
USD/JPY|2026-06-23T06:20:00.000Z,USD/JPY,2026-06-23T06:20:00.000Z,Score 37.5 < 40 threshold,False,Score 37.5 < 40 threshold,REPLAYABLE
USD/JPY|2026-06-23T06:20:00.000Z,USD/JPY,2026-06-23T06:20:00.000Z,SMT veto,True,SMT veto: no opposition detected,REPLAYABLE
USD/JPY|2026-06-23T06:20:00.000Z,USD/JPY,2026-06-23T06:20:00.000Z,R,True,"R:R 2.14 effective (2.19 raw, spread 1p)",REPLAYABLE
USD/JPY|2026-06-23T06:20:00.000Z,USD/JPY,2026-06-23T06:20:00.000Z,No recent trades — cooldown OK,True,No recent trades — cooldown OK,REPLAYABLE
USD/JPY|2026-06-23T06:20:00.000Z,USD/JPY,2026-06-23T06:20:00.000Z,No trade history for consecutive loss check,True,No trade history for consecutive loss check,ACCOUNT_STATE
USD/JPY|2026-06-23T06:20:00.000Z,USD/JPY,2026-06-23T06:20:00.000Z,Daily net P&L $+0.00,True,Daily net P&L $+0.00 (gross loss: $0.00),ACCOUNT_STATE
USD/JPY|2026-06-23T06:20:00.000Z,USD/JPY,2026-06-23T06:20:00.000Z,News filter,True,News filter: env not configured — skipped,ACCOUNT_STATE
USD/JPY|2026-06-23T06:20:00.000Z,USD/JPY,2026-06-23T06:20:00.000Z,FOTSI Gate,True,FOTSI Gate: data unavailable — skipped,REPLAYABLE
USD/JPY|2026-06-23T06:20:00.000Z,USD/JPY,2026-06-23T06:20:00.000Z,No correlated conflicts,True,No correlated conflicts (threshold 0.8),ACCOUNT_STATE
USD/JPY|2026-06-23T06:20:00.000Z,USD/JPY,2026-06-23T06:20:00.000Z,Tier 1 gate FAILED,False,"Tier 1 gate FAILED: only 1 core factors — need at least 3 of: Market Structure, Order Block, Fair Value Gap, Premium/Dis",REPLAYABLE
USD/JPY|2026-06-23T06:20:00.000Z,USD/JPY,2026-06-23T06:20:00.000Z,Regime gate,True,Regime gate: OK,REPLAYABLE
USD/JPY|2026-06-23T06:20:00.000Z,USD/JPY,2026-06-23T06:20:00.000Z,[Info] Spread OK,True,[Info] Spread OK: 0.5% of ATR,REPLAYABLE
GBP/USD|2026-06-25T02:35:00.000Z,GBP/USD,2026-06-25T02:35:00.000Z,[legacy] HTF bias aligned,True,[legacy] HTF bias aligned: Daily ranging,REPLAYABLE
GBP/USD|2026-06-25T02:35:00.000Z,GBP/USD,2026-06-25T02:35:00.000Z,P/D zone OK,True,"P/D zone OK (premium, 76.8% of the 5m 5-swing box 1.31586–1.31832)",REPLAYABLE
GBP/USD|2026-06-25T02:35:00.000Z,GBP/USD,2026-06-25T02:35:00.000Z,Structural Conviction [entry],True,Structural Conviction [entry]: Bear 33% / Bull 50% (S2F 40%),REPLAYABLE
GBP/USD|2026-06-25T02:35:00.000Z,GBP/USD,2026-06-25T02:35:00.000Z,Reaction gate skipped,True,Reaction gate skipped: trend is bullish (not ranging),REPLAYABLE
GBP/USD|2026-06-25T02:35:00.000Z,GBP/USD,2026-06-25T02:35:00.000Z,GBP/USD enabled,True,GBP/USD enabled,REPLAYABLE
GBP/USD|2026-06-25T02:35:00.000Z,GBP/USD,2026-06-25T02:35:00.000Z,0/7 positions,True,0/7 positions,REPLAYABLE
GBP/USD|2026-06-25T02:35:00.000Z,GBP/USD,2026-06-25T02:35:00.000Z,0/1 for GBP/USD,True,0/1 for GBP/USD,REPLAYABLE
GBP/USD|2026-06-25T02:35:00.000Z,GBP/USD,2026-06-25T02:35:00.000Z,Portfolio heat 0.0%,True,Portfolio heat 0.0%,ACCOUNT_STATE
GBP/USD|2026-06-25T02:35:00.000Z,GBP/USD,2026-06-25T02:35:00.000Z,Daily loss 0.0%,True,Daily loss 0.0%,ACCOUNT_STATE
GBP/USD|2026-06-25T02:35:00.000Z,GBP/USD,2026-06-25T02:35:00.000Z,Drawdown 0.0%,True,Drawdown 0.0%,ACCOUNT_STATE
GBP/USD|2026-06-25T02:35:00.000Z,GBP/USD,2026-06-25T02:35:00.000Z,Score 37.5 < 40 threshold,False,Score 37.5 < 40 threshold,REPLAYABLE
GBP/USD|2026-06-25T02:35:00.000Z,GBP/USD,2026-06-25T02:35:00.000Z,SMT veto,True,SMT veto: no opposition detected,REPLAYABLE
GBP/USD|2026-06-25T02:35:00.000Z,GBP/USD,2026-06-25T02:35:00.000Z,R,True,"R:R 2.03 effective (2.09 raw, spread 1.5p)",REPLAYABLE
GBP/USD|2026-06-25T02:35:00.000Z,GBP/USD,2026-06-25T02:35:00.000Z,No recent trades — cooldown OK,True,No recent trades — cooldown OK,REPLAYABLE
GBP/USD|2026-06-25T02:35:00.000Z,GBP/USD,2026-06-25T02:35:00.000Z,No trade history for consecutive loss check,True,No trade history for consecutive loss check,ACCOUNT_STATE
GBP/USD|2026-06-25T02:35:00.000Z,GBP/USD,2026-06-25T02:35:00.000Z,Daily net P&L $+0.00,True,Daily net P&L $+0.00 (gross loss: $0.00),ACCOUNT_STATE
GBP/USD|2026-06-25T02:35:00.000Z,GBP/USD,2026-06-25T02:35:00.000Z,News filter,True,News filter: env not configured — skipped,ACCOUNT_STATE
GBP/USD|2026-06-25T02:35:00.000Z,GBP/USD,2026-06-25T02:35:00.000Z,FOTSI Gate,True,FOTSI Gate: data unavailable — skipped,REPLAYABLE
GBP/USD|2026-06-25T02:35:00.000Z,GBP/USD,2026-06-25T02:35:00.000Z,No correlated conflicts,True,No correlated conflicts (threshold 0.8),ACCOUNT_STATE
GBP/USD|2026-06-25T02:35:00.000Z,GBP/USD,2026-06-25T02:35:00.000Z,Tier 1 gate FAILED,False,"Tier 1 gate FAILED: only 2 core factors — need at least 3 of: Market Structure, Order Block, Fair Value Gap, Premium/Dis",REPLAYABLE
GBP/USD|2026-06-25T02:35:00.000Z,GBP/USD,2026-06-25T02:35:00.000Z,Regime gate,True,Regime gate: OK,REPLAYABLE
GBP/USD|2026-06-25T02:35:00.000Z,GBP/USD,2026-06-25T02:35:00.000Z,[Info] Spread wide,True,[Info] Spread wide (indicative): 30.5% of ATR — info only,REPLAYABLE
USD/CAD|2026-06-25T17:00:00.000Z,USD/CAD,2026-06-25T17:00:00.000Z,[legacy] HTF bias aligned,True,[legacy] HTF bias aligned: Daily bullish,REPLAYABLE
USD/CAD|2026-06-25T17:00:00.000Z,USD/CAD,2026-06-25T17:00:00.000Z,P/D zone OK,True,"P/D zone OK (discount, 22.4% of the 5m 5-swing box 1.41780–1.42384)",REPLAYABLE
USD/CAD|2026-06-25T17:00:00.000Z,USD/CAD,2026-06-25T17:00:00.000Z,Structural Conviction BLOCKED [entry],False,"Structural Conviction BLOCKED [entry]: Bull fractals 0%, S2F 25%, opposite 67% — no structural support for long",REPLAYABLE
USD/CAD|2026-06-25T17:00:00.000Z,USD/CAD,2026-06-25T17:00:00.000Z,Reaction gate skipped,True,Reaction gate skipped: trend is bearish (not ranging),REPLAYABLE
USD/CAD|2026-06-25T17:00:00.000Z,USD/CAD,2026-06-25T17:00:00.000Z,USD/CAD not in enabled instruments,False,USD/CAD not in enabled instruments,REPLAYABLE
USD/CAD|2026-06-25T17:00:00.000Z,USD/CAD,2026-06-25T17:00:00.000Z,0/7 positions,True,0/7 positions,REPLAYABLE
USD/CAD|2026-06-25T17:00:00.000Z,USD/CAD,2026-06-25T17:00:00.000Z,0/1 for USD/CAD,True,0/1 for USD/CAD,REPLAYABLE
USD/CAD|2026-06-25T17:00:00.000Z,USD/CAD,2026-06-25T17:00:00.000Z,Portfolio heat 0.0%,True,Portfolio heat 0.0%,ACCOUNT_STATE
USD/CAD|2026-06-25T17:00:00.000Z,USD/CAD,2026-06-25T17:00:00.000Z,Daily loss 0.0%,True,Daily loss 0.0%,ACCOUNT_STATE
USD/CAD|2026-06-25T17:00:00.000Z,USD/CAD,2026-06-25T17:00:00.000Z,Drawdown 0.0%,True,Drawdown 0.0%,ACCOUNT_STATE
USD/CAD|2026-06-25T17:00:00.000Z,USD/CAD,2026-06-25T17:00:00.000Z,Score 40.6 meets threshold,True,Score 40.6 meets threshold,REPLAYABLE
USD/CAD|2026-06-25T17:00:00.000Z,USD/CAD,2026-06-25T17:00:00.000Z,SMT veto,True,SMT veto: no opposition detected,REPLAYABLE
USD/CAD|2026-06-25T17:00:00.000Z,USD/CAD,2026-06-25T17:00:00.000Z,R,True,"R:R 2.05 effective (2.14 raw, spread 1.5p)",REPLAYABLE
USD/CAD|2026-06-25T17:00:00.000Z,USD/CAD,2026-06-25T17:00:00.000Z,No recent trades — cooldown OK,True,No recent trades — cooldown OK,REPLAYABLE
USD/CAD|2026-06-25T17:00:00.000Z,USD/CAD,2026-06-25T17:00:00.000Z,No trade history for consecutive loss check,True,No trade history for consecutive loss check,ACCOUNT_STATE
USD/CAD|2026-06-25T17:00:00.000Z,USD/CAD,2026-06-25T17:00:00.000Z,Daily net P&L $+0.00,True,Daily net P&L $+0.00 (gross loss: $0.00),ACCOUNT_STATE
USD/CAD|2026-06-25T17:00:00.000Z,USD/CAD,2026-06-25T17:00:00.000Z,News filter,True,News filter: env not configured — skipped,ACCOUNT_STATE
USD/CAD|2026-06-25T17:00:00.000Z,USD/CAD,2026-06-25T17:00:00.000Z,FOTSI Gate,True,FOTSI Gate: data unavailable — skipped,REPLAYABLE
USD/CAD|2026-06-25T17:00:00.000Z,USD/CAD,2026-06-25T17:00:00.000Z,No correlated conflicts,True,No correlated conflicts (threshold 0.8),ACCOUNT_STATE
USD/CAD|2026-06-25T17:00:00.000Z,USD/CAD,2026-06-25T17:00:00.000Z,Tier 1 gate FAILED,False,"Tier 1 gate FAILED: only 2 core factors — need at least 3 of: Market Structure, Order Block, Fair Value Gap, Premium/Dis",REPLAYABLE
USD/CAD|2026-06-25T17:00:00.000Z,USD/CAD,2026-06-25T17:00:00.000Z,Regime gate,True,Regime gate: OK,REPLAYABLE
USD/CAD|2026-06-25T17:00:00.000Z,USD/CAD,2026-06-25T17:00:00.000Z,[Info] Spread wide,True,[Info] Spread wide (indicative): 22.5% of ATR — info only,REPLAYABLE
USD/JPY|2026-06-27T14:20:00.000Z,USD/JPY,2026-06-27T14:20:00.000Z,[legacy] HTF bias mismatch,False,"[legacy] HTF bias mismatch: Daily is bullish, entry is bearish",REPLAYABLE
USD/JPY|2026-06-27T14:20:00.000Z,USD/JPY,2026-06-27T14:20:00.000Z,P/D zone OK,True,"P/D zone OK (equilibrium, 49.0% of the 5m 5-swing box 161.747–161.762)",REPLAYABLE
USD/JPY|2026-06-27T14:20:00.000Z,USD/JPY,2026-06-27T14:20:00.000Z,Structural Conviction BLOCKED [entry],False,"Structural Conviction BLOCKED [entry]: Bear fractals 0%, S2F 7%, opposite 11% — no structural support for short",REPLAYABLE
USD/JPY|2026-06-27T14:20:00.000Z,USD/JPY,2026-06-27T14:20:00.000Z,Reaction gate skipped,True,Reaction gate skipped: trend is bearish (not ranging),REPLAYABLE
USD/JPY|2026-06-27T14:20:00.000Z,USD/JPY,2026-06-27T14:20:00.000Z,USD/JPY enabled,True,USD/JPY enabled,REPLAYABLE
USD/JPY|2026-06-27T14:20:00.000Z,USD/JPY,2026-06-27T14:20:00.000Z,0/7 positions,True,0/7 positions,REPLAYABLE
USD/JPY|2026-06-27T14:20:00.000Z,USD/JPY,2026-06-27T14:20:00.000Z,0/1 for USD/JPY,True,0/1 for USD/JPY,REPLAYABLE
USD/JPY|2026-06-27T14:20:00.000Z,USD/JPY,2026-06-27T14:20:00.000Z,Portfolio heat 0.0%,True,Portfolio heat 0.0%,ACCOUNT_STATE
USD/JPY|2026-06-27T14:20:00.000Z,USD/JPY,2026-06-27T14:20:00.000Z,Daily loss 0.0%,True,Daily loss 0.0%,ACCOUNT_STATE
USD/JPY|2026-06-27T14:20:00.000Z,USD/JPY,2026-06-27T14:20:00.000Z,Drawdown 0.0%,True,Drawdown 0.0%,ACCOUNT_STATE
USD/JPY|2026-06-27T14:20:00.000Z,USD/JPY,2026-06-27T14:20:00.000Z,Score 36.5 < 40 threshold,False,Score 36.5 < 40 threshold,REPLAYABLE
USD/JPY|2026-06-27T14:20:00.000Z,USD/JPY,2026-06-27T14:20:00.000Z,SMT veto,True,SMT veto: no opposition detected,REPLAYABLE
USD/JPY|2026-06-27T14:20:00.000Z,USD/JPY,2026-06-27T14:20:00.000Z,R,True,"R:R 2.08 effective (2.12 raw, spread 1p)",REPLAYABLE
USD/JPY|2026-06-27T14:20:00.000Z,USD/JPY,2026-06-27T14:20:00.000Z,No recent trades — cooldown OK,True,No recent trades — cooldown OK,REPLAYABLE
USD/JPY|2026-06-27T14:20:00.000Z,USD/JPY,2026-06-27T14:20:00.000Z,No trade history for consecutive loss check,True,No trade history for consecutive loss check,ACCOUNT_STATE
USD/JPY|2026-06-27T14:20:00.000Z,USD/JPY,2026-06-27T14:20:00.000Z,Daily net P&L $+0.00,True,Daily net P&L $+0.00 (gross loss: $0.00),ACCOUNT_STATE
USD/JPY|2026-06-27T14:20:00.000Z,USD/JPY,2026-06-27T14:20:00.000Z,News filter,True,News filter: env not configured — skipped,ACCOUNT_STATE
USD/JPY|2026-06-27T14:20:00.000Z,USD/JPY,2026-06-27T14:20:00.000Z,FOTSI Gate,True,FOTSI Gate: data unavailable — skipped,REPLAYABLE
USD/JPY|2026-06-27T14:20:00.000Z,USD/JPY,2026-06-27T14:20:00.000Z,No correlated conflicts,True,No correlated conflicts (threshold 0.8),ACCOUNT_STATE
USD/JPY|2026-06-27T14:20:00.000Z,USD/JPY,2026-06-27T14:20:00.000Z,Tier 1 gate FAILED,False,"Tier 1 gate FAILED: only 2 core factors — need at least 3 of: Market Structure, Order Block, Fair Value Gap, Premium/Dis",REPLAYABLE
USD/JPY|2026-06-27T14:20:00.000Z,USD/JPY,2026-06-27T14:20:00.000Z,Regime gate,True,Regime gate: OK,REPLAYABLE
USD/JPY|2026-06-27T14:20:00.000Z,USD/JPY,2026-06-27T14:20:00.000Z,[Info] Spread OK,True,[Info] Spread OK: 1.2% of ATR,REPLAYABLE
NZD/USD|2026-06-27T15:20:00.000Z,NZD/USD,2026-06-27T15:20:00.000Z,[legacy] HTF bias aligned,True,[legacy] HTF bias aligned: Daily ranging,REPLAYABLE
NZD/USD|2026-06-27T15:20:00.000Z,NZD/USD,2026-06-27T15:20:00.000Z,P/D zone OK,True,"P/D zone OK (equilibrium, 48.3% of the 5m 5-swing box 0.56376–0.56405)",REPLAYABLE
NZD/USD|2026-06-27T15:20:00.000Z,NZD/USD,2026-06-27T15:20:00.000Z,Structural Conviction [entry],True,Structural Conviction [entry]: Bull 33% / Bear 0% (S2F 17%),REPLAYABLE
NZD/USD|2026-06-27T15:20:00.000Z,NZD/USD,2026-06-27T15:20:00.000Z,Reaction gate skipped,True,Reaction gate skipped: trend is bullish (not ranging),REPLAYABLE
NZD/USD|2026-06-27T15:20:00.000Z,NZD/USD,2026-06-27T15:20:00.000Z,NZD/USD not in enabled instruments,False,NZD/USD not in enabled instruments,REPLAYABLE
NZD/USD|2026-06-27T15:20:00.000Z,NZD/USD,2026-06-27T15:20:00.000Z,0/7 positions,True,0/7 positions,REPLAYABLE
NZD/USD|2026-06-27T15:20:00.000Z,NZD/USD,2026-06-27T15:20:00.000Z,0/1 for NZD/USD,True,0/1 for NZD/USD,REPLAYABLE
NZD/USD|2026-06-27T15:20:00.000Z,NZD/USD,2026-06-27T15:20:00.000Z,Portfolio heat 0.0%,True,Portfolio heat 0.0%,ACCOUNT_STATE
NZD/USD|2026-06-27T15:20:00.000Z,NZD/USD,2026-06-27T15:20:00.000Z,Daily loss 0.0%,True,Daily loss 0.0%,ACCOUNT_STATE
NZD/USD|2026-06-27T15:20:00.000Z,NZD/USD,2026-06-27T15:20:00.000Z,Drawdown 0.0%,True,Drawdown 0.0%,ACCOUNT_STATE
NZD/USD|2026-06-27T15:20:00.000Z,NZD/USD,2026-06-27T15:20:00.000Z,Score 37.5 < 40 threshold,False,Score 37.5 < 40 threshold,REPLAYABLE
NZD/USD|2026-06-27T15:20:00.000Z,NZD/USD,2026-06-27T15:20:00.000Z,SMT veto,True,SMT veto: no opposition detected,REPLAYABLE
NZD/USD|2026-06-27T15:20:00.000Z,NZD/USD,2026-06-27T15:20:00.000Z,R,True,"R:R 2.10 effective (2.21 raw, spread 2p)",REPLAYABLE
NZD/USD|2026-06-27T15:20:00.000Z,NZD/USD,2026-06-27T15:20:00.000Z,No recent trades — cooldown OK,True,No recent trades — cooldown OK,REPLAYABLE
NZD/USD|2026-06-27T15:20:00.000Z,NZD/USD,2026-06-27T15:20:00.000Z,No trade history for consecutive loss check,True,No trade history for consecutive loss check,ACCOUNT_STATE
NZD/USD|2026-06-27T15:20:00.000Z,NZD/USD,2026-06-27T15:20:00.000Z,Daily net P&L $+0.00,True,Daily net P&L $+0.00 (gross loss: $0.00),ACCOUNT_STATE
NZD/USD|2026-06-27T15:20:00.000Z,NZD/USD,2026-06-27T15:20:00.000Z,News filter,True,News filter: env not configured — skipped,ACCOUNT_STATE
NZD/USD|2026-06-27T15:20:00.000Z,NZD/USD,2026-06-27T15:20:00.000Z,FOTSI Gate,True,FOTSI Gate: data unavailable — skipped,REPLAYABLE
NZD/USD|2026-06-27T15:20:00.000Z,NZD/USD,2026-06-27T15:20:00.000Z,No correlated conflicts,True,No correlated conflicts (threshold 0.8),ACCOUNT_STATE
NZD/USD|2026-06-27T15:20:00.000Z,NZD/USD,2026-06-27T15:20:00.000Z,Tier 1 gate FAILED,False,"Tier 1 gate FAILED: only 2 core factors — need at least 3 of: Market Structure, Order Block, Fair Value Gap, Premium/Dis",REPLAYABLE
NZD/USD|2026-06-27T15:20:00.000Z,NZD/USD,2026-06-27T15:20:00.000Z,Regime gate,True,Regime gate: OK,REPLAYABLE
NZD/USD|2026-06-27T15:20:00.000Z,NZD/USD,2026-06-27T15:20:00.000Z,[Info] Spread wide,True,[Info] Spread wide (indicative): 144.3% of ATR — info only,REPLAYABLE
USD/CHF|2026-06-27T18:25:00.000Z,USD/CHF,2026-06-27T18:25:00.000Z,[legacy] HTF bias aligned,True,[legacy] HTF bias aligned: Daily ranging,REPLAYABLE
USD/CHF|2026-06-27T18:25:00.000Z,USD/CHF,2026-06-27T18:25:00.000Z,P/D zone OK,True,"P/D zone OK (discount, 34.9% of the 5m 5-swing box 0.80941–0.80984)",REPLAYABLE
USD/CHF|2026-06-27T18:25:00.000Z,USD/CHF,2026-06-27T18:25:00.000Z,Structural Conviction [entry],True,Structural Conviction [entry]: Bear 25% / Bull 0% (S2F 14%),REPLAYABLE
USD/CHF|2026-06-27T18:25:00.000Z,USD/CHF,2026-06-27T18:25:00.000Z,Reaction gate skipped,True,Reaction gate skipped: trend is bearish (not ranging),REPLAYABLE
USD/CHF|2026-06-27T18:25:00.000Z,USD/CHF,2026-06-27T18:25:00.000Z,USD/CHF not in enabled instruments,False,USD/CHF not in enabled instruments,REPLAYABLE
USD/CHF|2026-06-27T18:25:00.000Z,USD/CHF,2026-06-27T18:25:00.000Z,0/7 positions,True,0/7 positions,REPLAYABLE
USD/CHF|2026-06-27T18:25:00.000Z,USD/CHF,2026-06-27T18:25:00.000Z,0/1 for USD/CHF,True,0/1 for USD/CHF,REPLAYABLE
USD/CHF|2026-06-27T18:25:00.000Z,USD/CHF,2026-06-27T18:25:00.000Z,Portfolio heat 0.0%,True,Portfolio heat 0.0%,ACCOUNT_STATE
USD/CHF|2026-06-27T18:25:00.000Z,USD/CHF,2026-06-27T18:25:00.000Z,Daily loss 0.0%,True,Daily loss 0.0%,ACCOUNT_STATE
USD/CHF|2026-06-27T18:25:00.000Z,USD/CHF,2026-06-27T18:25:00.000Z,Drawdown 0.0%,True,Drawdown 0.0%,ACCOUNT_STATE
USD/CHF|2026-06-27T18:25:00.000Z,USD/CHF,2026-06-27T18:25:00.000Z,Score 41.7 meets threshold,True,Score 41.7 meets threshold,REPLAYABLE
USD/CHF|2026-06-27T18:25:00.000Z,USD/CHF,2026-06-27T18:25:00.000Z,SMT veto,True,SMT veto: no opposition detected,REPLAYABLE
USD/CHF|2026-06-27T18:25:00.000Z,USD/CHF,2026-06-27T18:25:00.000Z,R,True,"R:R 1.90 effective (1.98 raw, spread 1.5p)",REPLAYABLE
USD/CHF|2026-06-27T18:25:00.000Z,USD/CHF,2026-06-27T18:25:00.000Z,No recent trades — cooldown OK,True,No recent trades — cooldown OK,REPLAYABLE
USD/CHF|2026-06-27T18:25:00.000Z,USD/CHF,2026-06-27T18:25:00.000Z,No trade history for consecutive loss check,True,No trade history for consecutive loss check,ACCOUNT_STATE
USD/CHF|2026-06-27T18:25:00.000Z,USD/CHF,2026-06-27T18:25:00.000Z,Daily net P&L $+0.00,True,Daily net P&L $+0.00 (gross loss: $0.00),ACCOUNT_STATE
USD/CHF|2026-06-27T18:25:00.000Z,USD/CHF,2026-06-27T18:25:00.000Z,News filter,True,News filter: env not configured — skipped,ACCOUNT_STATE
USD/CHF|2026-06-27T18:25:00.000Z,USD/CHF,2026-06-27T18:25:00.000Z,FOTSI Gate,True,FOTSI Gate: data unavailable — skipped,REPLAYABLE
USD/CHF|2026-06-27T18:25:00.000Z,USD/CHF,2026-06-27T18:25:00.000Z,No correlated conflicts,True,No correlated conflicts (threshold 0.8),ACCOUNT_STATE
USD/CHF|2026-06-27T18:25:00.000Z,USD/CHF,2026-06-27T18:25:00.000Z,Tier 1 gate FAILED,False,"Tier 1 gate FAILED: only 1 core factors — need at least 3 of: Market Structure, Order Block, Fair Value Gap, Premium/Dis",REPLAYABLE
USD/CHF|2026-06-27T18:25:00.000Z,USD/CHF,2026-06-27T18:25:00.000Z,Regime gate,True,Regime gate: OK,REPLAYABLE
USD/CHF|2026-06-27T18:25:00.000Z,USD/CHF,2026-06-27T18:25:00.000Z,[Info] Spread wide,True,[Info] Spread wide (indicative): 137.3% of ATR — info only,REPLAYABLE
AUD/USD|2026-06-27T19:20:00.000Z,AUD/USD,2026-06-27T19:20:00.000Z,[legacy] HTF bias aligned,True,[legacy] HTF bias aligned: Daily ranging,REPLAYABLE
AUD/USD|2026-06-27T19:20:00.000Z,AUD/USD,2026-06-27T19:20:00.000Z,P/D zone OK,True,"P/D zone OK (premium, 83.3% of the 5m 5-swing box 0.68927–0.68957)",REPLAYABLE
AUD/USD|2026-06-27T19:20:00.000Z,AUD/USD,2026-06-27T19:20:00.000Z,Structural Conviction [entry],True,Structural Conviction [entry]: Bull 17% / Bear 17% (S2F 17%),REPLAYABLE
AUD/USD|2026-06-27T19:20:00.000Z,AUD/USD,2026-06-27T19:20:00.000Z,Reaction confirmed in ranging market,True,"Reaction confirmed in ranging market: Liquidity Sweep, AMD Phase",REPLAYABLE
AUD/USD|2026-06-27T19:20:00.000Z,AUD/USD,2026-06-27T19:20:00.000Z,AUD/USD not in enabled instruments,False,AUD/USD not in enabled instruments,REPLAYABLE
AUD/USD|2026-06-27T19:20:00.000Z,AUD/USD,2026-06-27T19:20:00.000Z,0/7 positions,True,0/7 positions,REPLAYABLE
AUD/USD|2026-06-27T19:20:00.000Z,AUD/USD,2026-06-27T19:20:00.000Z,0/1 for AUD/USD,True,0/1 for AUD/USD,REPLAYABLE
AUD/USD|2026-06-27T19:20:00.000Z,AUD/USD,2026-06-27T19:20:00.000Z,Portfolio heat 0.0%,True,Portfolio heat 0.0%,ACCOUNT_STATE
AUD/USD|2026-06-27T19:20:00.000Z,AUD/USD,2026-06-27T19:20:00.000Z,Daily loss 0.0%,True,Daily loss 0.0%,ACCOUNT_STATE
AUD/USD|2026-06-27T19:20:00.000Z,AUD/USD,2026-06-27T19:20:00.000Z,Drawdown 0.0%,True,Drawdown 0.0%,ACCOUNT_STATE
AUD/USD|2026-06-27T19:20:00.000Z,AUD/USD,2026-06-27T19:20:00.000Z,Score 34.6 < 40 threshold,False,Score 34.6 < 40 threshold,REPLAYABLE
AUD/USD|2026-06-27T19:20:00.000Z,AUD/USD,2026-06-27T19:20:00.000Z,SMT veto,True,SMT veto: no opposition detected,REPLAYABLE
AUD/USD|2026-06-27T19:20:00.000Z,AUD/USD,2026-06-27T19:20:00.000Z,R,True,"R:R 2.00 effective (2.09 raw, spread 1.5p)",REPLAYABLE
AUD/USD|2026-06-27T19:20:00.000Z,AUD/USD,2026-06-27T19:20:00.000Z,No recent trades — cooldown OK,True,No recent trades — cooldown OK,REPLAYABLE
AUD/USD|2026-06-27T19:20:00.000Z,AUD/USD,2026-06-27T19:20:00.000Z,No trade history for consecutive loss check,True,No trade history for consecutive loss check,ACCOUNT_STATE
AUD/USD|2026-06-27T19:20:00.000Z,AUD/USD,2026-06-27T19:20:00.000Z,Daily net P&L $+0.00,True,Daily net P&L $+0.00 (gross loss: $0.00),ACCOUNT_STATE
AUD/USD|2026-06-27T19:20:00.000Z,AUD/USD,2026-06-27T19:20:00.000Z,News filter,True,News filter: env not configured — skipped,ACCOUNT_STATE
AUD/USD|2026-06-27T19:20:00.000Z,AUD/USD,2026-06-27T19:20:00.000Z,FOTSI Gate,True,FOTSI Gate: data unavailable — skipped,REPLAYABLE
AUD/USD|2026-06-27T19:20:00.000Z,AUD/USD,2026-06-27T19:20:00.000Z,No correlated conflicts,True,No correlated conflicts (threshold 0.8),ACCOUNT_STATE
AUD/USD|2026-06-27T19:20:00.000Z,AUD/USD,2026-06-27T19:20:00.000Z,Tier 1 gate FAILED,False,"Tier 1 gate FAILED: only 2 core factors — need at least 3 of: Market Structure, Order Block, Fair Value Gap, Premium/Dis",REPLAYABLE
AUD/USD|2026-06-27T19:20:00.000Z,AUD/USD,2026-06-27T19:20:00.000Z,Regime gate,True,Regime gate: OK,REPLAYABLE
AUD/USD|2026-06-27T19:20:00.000Z,AUD/USD,2026-06-27T19:20:00.000Z,[Info] Spread wide,True,[Info] Spread wide (indicative): 122.8% of ATR — info only,REPLAYABLE
USD/CAD|2026-06-28T06:20:00.000Z,USD/CAD,2026-06-28T06:20:00.000Z,[legacy] HTF bias mismatch,False,"[legacy] HTF bias mismatch: Daily is bullish, entry is bearish",REPLAYABLE
USD/CAD|2026-06-28T06:20:00.000Z,USD/CAD,2026-06-28T06:20:00.000Z,P/D zone OK,True,"P/D zone OK (discount, 39.4% of the 5m 5-swing box 1.41886–1.41952)",REPLAYABLE
USD/CAD|2026-06-28T06:20:00.000Z,USD/CAD,2026-06-28T06:20:00.000Z,Structural Conviction BLOCKED [entry],False,Structural Conviction BLOCKED [entry]: Bear fractals 0% vs opposite 50% — structure opposes short,REPLAYABLE
USD/CAD|2026-06-28T06:20:00.000Z,USD/CAD,2026-06-28T06:20:00.000Z,Reaction confirmed in ranging market,True,"Reaction confirmed in ranging market: Liquidity Sweep, Displacement",REPLAYABLE
USD/CAD|2026-06-28T06:20:00.000Z,USD/CAD,2026-06-28T06:20:00.000Z,USD/CAD not in enabled instruments,False,USD/CAD not in enabled instruments,REPLAYABLE
USD/CAD|2026-06-28T06:20:00.000Z,USD/CAD,2026-06-28T06:20:00.000Z,0/7 positions,True,0/7 positions,REPLAYABLE
USD/CAD|2026-06-28T06:20:00.000Z,USD/CAD,2026-06-28T06:20:00.000Z,0/1 for USD/CAD,True,0/1 for USD/CAD,REPLAYABLE
USD/CAD|2026-06-28T06:20:00.000Z,USD/CAD,2026-06-28T06:20:00.000Z,Portfolio heat 0.0%,True,Portfolio heat 0.0%,ACCOUNT_STATE
USD/CAD|2026-06-28T06:20:00.000Z,USD/CAD,2026-06-28T06:20:00.000Z,Daily loss 0.0%,True,Daily loss 0.0%,ACCOUNT_STATE
USD/CAD|2026-06-28T06:20:00.000Z,USD/CAD,2026-06-28T06:20:00.000Z,Drawdown 0.0%,True,Drawdown 0.0%,ACCOUNT_STATE
USD/CAD|2026-06-28T06:20:00.000Z,USD/CAD,2026-06-28T06:20:00.000Z,Score 32.5 < 40 threshold,False,Score 32.5 < 40 threshold,REPLAYABLE
USD/CAD|2026-06-28T06:20:00.000Z,USD/CAD,2026-06-28T06:20:00.000Z,SMT veto,True,SMT veto: no opposition detected,REPLAYABLE
USD/CAD|2026-06-28T06:20:00.000Z,USD/CAD,2026-06-28T06:20:00.000Z,R,True,"R:R 2.11 effective (2.20 raw, spread 1.5p)",REPLAYABLE
USD/CAD|2026-06-28T06:20:00.000Z,USD/CAD,2026-06-28T06:20:00.000Z,No recent trades — cooldown OK,True,No recent trades — cooldown OK,REPLAYABLE
USD/CAD|2026-06-28T06:20:00.000Z,USD/CAD,2026-06-28T06:20:00.000Z,No trade history for consecutive loss check,True,No trade history for consecutive loss check,ACCOUNT_STATE
USD/CAD|2026-06-28T06:20:00.000Z,USD/CAD,2026-06-28T06:20:00.000Z,Daily net P&L $+0.00,True,Daily net P&L $+0.00 (gross loss: $0.00),ACCOUNT_STATE
USD/CAD|2026-06-28T06:20:00.000Z,USD/CAD,2026-06-28T06:20:00.000Z,News filter,True,News filter: env not configured — skipped,ACCOUNT_STATE
USD/CAD|2026-06-28T06:20:00.000Z,USD/CAD,2026-06-28T06:20:00.000Z,FOTSI Gate,True,FOTSI Gate: data unavailable — skipped,REPLAYABLE
USD/CAD|2026-06-28T06:20:00.000Z,USD/CAD,2026-06-28T06:20:00.000Z,No correlated conflicts,True,No correlated conflicts (threshold 0.8),ACCOUNT_STATE
USD/CAD|2026-06-28T06:20:00.000Z,USD/CAD,2026-06-28T06:20:00.000Z,Tier 1 gate FAILED,False,"Tier 1 gate FAILED: only 2 core factors — need at least 3 of: Market Structure, Order Block, Fair Value Gap, Premium/Dis",REPLAYABLE
USD/CAD|2026-06-28T06:20:00.000Z,USD/CAD,2026-06-28T06:20:00.000Z,Regime gate,True,Regime gate: OK,REPLAYABLE
USD/CAD|2026-06-28T06:20:00.000Z,USD/CAD,2026-06-28T06:20:00.000Z,[Info] Spread wide,True,[Info] Spread wide (indicative): 74.1% of ATR — info only,REPLAYABLE
USD/JPY|2026-06-28T18:30:00.000Z,USD/JPY,2026-06-28T18:30:00.000Z,[legacy] HTF bias mismatch,False,"[legacy] HTF bias mismatch: Daily is bullish, entry is bearish",REPLAYABLE
USD/JPY|2026-06-28T18:30:00.000Z,USD/JPY,2026-06-28T18:30:00.000Z,P/D zone OK,True,"P/D zone OK (premium, 100.0% of the 5m 5-swing box 161.694–161.770) — price is OUTSIDE that range (raw 121.5%)",REPLAYABLE
USD/JPY|2026-06-28T18:30:00.000Z,USD/JPY,2026-06-28T18:30:00.000Z,Structural Conviction [entry],True,Structural Conviction [entry]: Bear 25% / Bull 25% (S2F 25%),REPLAYABLE
USD/JPY|2026-06-28T18:30:00.000Z,USD/JPY,2026-06-28T18:30:00.000Z,Reaction confirmed in ranging market,True,"Reaction confirmed in ranging market: Reversal Candle, AMD Phase",REPLAYABLE
USD/JPY|2026-06-28T18:30:00.000Z,USD/JPY,2026-06-28T18:30:00.000Z,USD/JPY enabled,True,USD/JPY enabled,REPLAYABLE
USD/JPY|2026-06-28T18:30:00.000Z,USD/JPY,2026-06-28T18:30:00.000Z,0/7 positions,True,0/7 positions,REPLAYABLE
USD/JPY|2026-06-28T18:30:00.000Z,USD/JPY,2026-06-28T18:30:00.000Z,0/1 for USD/JPY,True,0/1 for USD/JPY,REPLAYABLE
USD/JPY|2026-06-28T18:30:00.000Z,USD/JPY,2026-06-28T18:30:00.000Z,Portfolio heat 0.0%,True,Portfolio heat 0.0%,ACCOUNT_STATE
USD/JPY|2026-06-28T18:30:00.000Z,USD/JPY,2026-06-28T18:30:00.000Z,Daily loss 0.0%,True,Daily loss 0.0%,ACCOUNT_STATE
USD/JPY|2026-06-28T18:30:00.000Z,USD/JPY,2026-06-28T18:30:00.000Z,Drawdown 0.0%,True,Drawdown 0.0%,ACCOUNT_STATE
USD/JPY|2026-06-28T18:30:00.000Z,USD/JPY,2026-06-28T18:30:00.000Z,Score 28.3 < 40 threshold,False,Score 28.3 < 40 threshold,REPLAYABLE
USD/JPY|2026-06-28T18:30:00.000Z,USD/JPY,2026-06-28T18:30:00.000Z,SMT veto,True,SMT veto: no opposition detected,REPLAYABLE
USD/JPY|2026-06-28T18:30:00.000Z,USD/JPY,2026-06-28T18:30:00.000Z,R,True,"R:R 3.14 effective (3.20 raw, spread 1p)",REPLAYABLE
USD/JPY|2026-06-28T18:30:00.000Z,USD/JPY,2026-06-28T18:30:00.000Z,No recent trades — cooldown OK,True,No recent trades — cooldown OK,REPLAYABLE
USD/JPY|2026-06-28T18:30:00.000Z,USD/JPY,2026-06-28T18:30:00.000Z,No trade history for consecutive loss check,True,No trade history for consecutive loss check,ACCOUNT_STATE
USD/JPY|2026-06-28T18:30:00.000Z,USD/JPY,2026-06-28T18:30:00.000Z,Daily net P&L $+0.00,True,Daily net P&L $+0.00 (gross loss: $0.00),ACCOUNT_STATE
USD/JPY|2026-06-28T18:30:00.000Z,USD/JPY,2026-06-28T18:30:00.000Z,News filter,True,News filter: env not configured — skipped,ACCOUNT_STATE
USD/JPY|2026-06-28T18:30:00.000Z,USD/JPY,2026-06-28T18:30:00.000Z,FOTSI Gate,True,FOTSI Gate: data unavailable — skipped,REPLAYABLE
USD/JPY|2026-06-28T18:30:00.000Z,USD/JPY,2026-06-28T18:30:00.000Z,No correlated conflicts,True,No correlated conflicts (threshold 0.8),ACCOUNT_STATE
USD/JPY|2026-06-28T18:30:00.000Z,USD/JPY,2026-06-28T18:30:00.000Z,Tier 1 gate FAILED,False,"Tier 1 gate FAILED: only 2 core factors — need at least 3 of: Market Structure, Order Block, Fair Value Gap, Premium/Dis",REPLAYABLE
USD/JPY|2026-06-28T18:30:00.000Z,USD/JPY,2026-06-28T18:30:00.000Z,Regime gate,True,Regime gate: OK,REPLAYABLE
USD/JPY|2026-06-28T18:30:00.000Z,USD/JPY,2026-06-28T18:30:00.000Z,[Info] Spread OK,True,[Info] Spread OK: 0.1% of ATR,REPLAYABLE
GBP/USD|2026-06-29T01:00:00.000Z,GBP/USD,2026-06-29T01:00:00.000Z,[legacy] HTF bias mismatch,False,"[legacy] HTF bias mismatch: Daily is bearish, entry is bullish",REPLAYABLE
GBP/USD|2026-06-29T01:00:00.000Z,GBP/USD,2026-06-29T01:00:00.000Z,P/D zone OK,True,"P/D zone OK (equilibrium, 52.9% of the 5m 5-swing box 1.31914–1.32088)",REPLAYABLE
GBP/USD|2026-06-29T01:00:00.000Z,GBP/USD,2026-06-29T01:00:00.000Z,Structural Conviction [entry],True,Structural Conviction [entry]: Bull 20% / Bear 17% (S2F 18%),REPLAYABLE
GBP/USD|2026-06-29T01:00:00.000Z,GBP/USD,2026-06-29T01:00:00.000Z,Reaction gate skipped,True,Reaction gate skipped: trend is bullish (not ranging),REPLAYABLE
GBP/USD|2026-06-29T01:00:00.000Z,GBP/USD,2026-06-29T01:00:00.000Z,GBP/USD enabled,True,GBP/USD enabled,REPLAYABLE
GBP/USD|2026-06-29T01:00:00.000Z,GBP/USD,2026-06-29T01:00:00.000Z,0/7 positions,True,0/7 positions,REPLAYABLE
GBP/USD|2026-06-29T01:00:00.000Z,GBP/USD,2026-06-29T01:00:00.000Z,0/1 for GBP/USD,True,0/1 for GBP/USD,REPLAYABLE
GBP/USD|2026-06-29T01:00:00.000Z,GBP/USD,2026-06-29T01:00:00.000Z,Portfolio heat 0.0%,True,Portfolio heat 0.0%,ACCOUNT_STATE
GBP/USD|2026-06-29T01:00:00.000Z,GBP/USD,2026-06-29T01:00:00.000Z,Daily loss 0.0%,True,Daily loss 0.0%,ACCOUNT_STATE
GBP/USD|2026-06-29T01:00:00.000Z,GBP/USD,2026-06-29T01:00:00.000Z,Drawdown 0.0%,True,Drawdown 0.0%,ACCOUNT_STATE
GBP/USD|2026-06-29T01:00:00.000Z,GBP/USD,2026-06-29T01:00:00.000Z,Score 43.8 meets threshold,True,Score 43.8 meets threshold,REPLAYABLE
GBP/USD|2026-06-29T01:00:00.000Z,GBP/USD,2026-06-29T01:00:00.000Z,SMT veto,True,SMT veto: no opposition detected,REPLAYABLE
GBP/USD|2026-06-29T01:00:00.000Z,GBP/USD,2026-06-29T01:00:00.000Z,R,True,"R:R 1.93 effective (1.99 raw, spread 1.5p)",REPLAYABLE
GBP/USD|2026-06-29T01:00:00.000Z,GBP/USD,2026-06-29T01:00:00.000Z,No recent trades — cooldown OK,True,No recent trades — cooldown OK,REPLAYABLE
GBP/USD|2026-06-29T01:00:00.000Z,GBP/USD,2026-06-29T01:00:00.000Z,No trade history for consecutive loss check,True,No trade history for consecutive loss check,ACCOUNT_STATE
GBP/USD|2026-06-29T01:00:00.000Z,GBP/USD,2026-06-29T01:00:00.000Z,Daily net P&L $+0.00,True,Daily net P&L $+0.00 (gross loss: $0.00),ACCOUNT_STATE
GBP/USD|2026-06-29T01:00:00.000Z,GBP/USD,2026-06-29T01:00:00.000Z,News filter,True,News filter: env not configured — skipped,ACCOUNT_STATE
GBP/USD|2026-06-29T01:00:00.000Z,GBP/USD,2026-06-29T01:00:00.000Z,FOTSI Gate,True,FOTSI Gate: data unavailable — skipped,REPLAYABLE
GBP/USD|2026-06-29T01:00:00.000Z,GBP/USD,2026-06-29T01:00:00.000Z,No correlated conflicts,True,No correlated conflicts (threshold 0.8),ACCOUNT_STATE
GBP/USD|2026-06-29T01:00:00.000Z,GBP/USD,2026-06-29T01:00:00.000Z,Tier 1 gate FAILED,False,"Tier 1 gate FAILED: only 1 core factors — need at least 3 of: Market Structure, Order Block, Fair Value Gap, Premium/Dis",REPLAYABLE
GBP/USD|2026-06-29T01:00:00.000Z,GBP/USD,2026-06-29T01:00:00.000Z,Regime gate,True,Regime gate: OK,REPLAYABLE
GBP/USD|2026-06-29T01:00:00.000Z,GBP/USD,2026-06-29T01:00:00.000Z,[Info] Spread wide,True,[Info] Spread wide (indicative): 32.6% of ATR — info only,REPLAYABLE
USD/CAD|2026-06-29T17:20:00.000Z,USD/CAD,2026-06-29T17:20:00.000Z,[legacy] HTF bias mismatch,False,"[legacy] HTF bias mismatch: Daily is bullish, entry is bearish",REPLAYABLE
USD/CAD|2026-06-29T17:20:00.000Z,USD/CAD,2026-06-29T17:20:00.000Z,P/D zone OK,True,"P/D zone OK (discount, 42.9% of the 5m 5-swing box 1.41967–1.42177)",REPLAYABLE
USD/CAD|2026-06-29T17:20:00.000Z,USD/CAD,2026-06-29T17:20:00.000Z,Structural Conviction [entry],True,Structural Conviction [entry]: Bear 20% / Bull 20% (S2F 20%),REPLAYABLE
USD/CAD|2026-06-29T17:20:00.000Z,USD/CAD,2026-06-29T17:20:00.000Z,Reaction gate skipped,True,Reaction gate skipped: trend is bearish (not ranging),REPLAYABLE
USD/CAD|2026-06-29T17:20:00.000Z,USD/CAD,2026-06-29T17:20:00.000Z,USD/CAD not in enabled instruments,False,USD/CAD not in enabled instruments,REPLAYABLE
USD/CAD|2026-06-29T17:20:00.000Z,USD/CAD,2026-06-29T17:20:00.000Z,0/7 positions,True,0/7 positions,REPLAYABLE
USD/CAD|2026-06-29T17:20:00.000Z,USD/CAD,2026-06-29T17:20:00.000Z,0/1 for USD/CAD,True,0/1 for USD/CAD,REPLAYABLE
USD/CAD|2026-06-29T17:20:00.000Z,USD/CAD,2026-06-29T17:20:00.000Z,Portfolio heat 0.0%,True,Portfolio heat 0.0%,ACCOUNT_STATE
USD/CAD|2026-06-29T17:20:00.000Z,USD/CAD,2026-06-29T17:20:00.000Z,Daily loss 0.0%,True,Daily loss 0.0%,ACCOUNT_STATE
USD/CAD|2026-06-29T17:20:00.000Z,USD/CAD,2026-06-29T17:20:00.000Z,Drawdown 0.0%,True,Drawdown 0.0%,ACCOUNT_STATE
USD/CAD|2026-06-29T17:20:00.000Z,USD/CAD,2026-06-29T17:20:00.000Z,Score 29.2 < 40 threshold,False,Score 29.2 < 40 threshold,REPLAYABLE
USD/CAD|2026-06-29T17:20:00.000Z,USD/CAD,2026-06-29T17:20:00.000Z,SMT veto,True,SMT veto: no opposition detected,REPLAYABLE
USD/CAD|2026-06-29T17:20:00.000Z,USD/CAD,2026-06-29T17:20:00.000Z,R,True,"R:R 1.90 effective (1.98 raw, spread 1.5p)",REPLAYABLE
USD/CAD|2026-06-29T17:20:00.000Z,USD/CAD,2026-06-29T17:20:00.000Z,No recent trades — cooldown OK,True,No recent trades — cooldown OK,REPLAYABLE
USD/CAD|2026-06-29T17:20:00.000Z,USD/CAD,2026-06-29T17:20:00.000Z,No trade history for consecutive loss check,True,No trade history for consecutive loss check,ACCOUNT_STATE
USD/CAD|2026-06-29T17:20:00.000Z,USD/CAD,2026-06-29T17:20:00.000Z,Daily net P&L $+0.00,True,Daily net P&L $+0.00 (gross loss: $0.00),ACCOUNT_STATE
USD/CAD|2026-06-29T17:20:00.000Z,USD/CAD,2026-06-29T17:20:00.000Z,News filter,True,News filter: env not configured — skipped,ACCOUNT_STATE
USD/CAD|2026-06-29T17:20:00.000Z,USD/CAD,2026-06-29T17:20:00.000Z,FOTSI Gate,True,FOTSI Gate: data unavailable — skipped,REPLAYABLE
USD/CAD|2026-06-29T17:20:00.000Z,USD/CAD,2026-06-29T17:20:00.000Z,No correlated conflicts,True,No correlated conflicts (threshold 0.8),ACCOUNT_STATE
USD/CAD|2026-06-29T17:20:00.000Z,USD/CAD,2026-06-29T17:20:00.000Z,Tier 1 gate FAILED,False,"Tier 1 gate FAILED: only 1 core factors — need at least 3 of: Market Structure, Order Block, Fair Value Gap, Premium/Dis",REPLAYABLE
USD/CAD|2026-06-29T17:20:00.000Z,USD/CAD,2026-06-29T17:20:00.000Z,Regime gate,True,Regime gate: OK,REPLAYABLE
USD/CAD|2026-06-29T17:20:00.000Z,USD/CAD,2026-06-29T17:20:00.000Z,[Info] Spread wide,True,[Info] Spread wide (indicative): 36.9% of ATR — info only,REPLAYABLE
GBP/USD|2026-07-01T09:20:00.000Z,GBP/USD,2026-07-01T09:20:00.000Z,[legacy] HTF bias mismatch,False,"[legacy] HTF bias mismatch: Daily is bearish, entry is bullish",REPLAYABLE
GBP/USD|2026-07-01T09:20:00.000Z,GBP/USD,2026-07-01T09:20:00.000Z,P/D zone OK,True,"P/D zone OK (premium, 73.9% of the 5m 5-swing box 1.32293–1.32527)",REPLAYABLE
GBP/USD|2026-07-01T09:20:00.000Z,GBP/USD,2026-07-01T09:20:00.000Z,Structural Conviction [entry],True,Structural Conviction [entry]: Bull 33% / Bear 33% (S2F 33%),REPLAYABLE
GBP/USD|2026-07-01T09:20:00.000Z,GBP/USD,2026-07-01T09:20:00.000Z,Reaction gate skipped,True,Reaction gate skipped: trend is bullish (not ranging),REPLAYABLE
GBP/USD|2026-07-01T09:20:00.000Z,GBP/USD,2026-07-01T09:20:00.000Z,GBP/USD enabled,True,GBP/USD enabled,REPLAYABLE
GBP/USD|2026-07-01T09:20:00.000Z,GBP/USD,2026-07-01T09:20:00.000Z,0/7 positions,True,0/7 positions,REPLAYABLE
GBP/USD|2026-07-01T09:20:00.000Z,GBP/USD,2026-07-01T09:20:00.000Z,0/1 for GBP/USD,True,0/1 for GBP/USD,REPLAYABLE
GBP/USD|2026-07-01T09:20:00.000Z,GBP/USD,2026-07-01T09:20:00.000Z,Portfolio heat 0.0%,True,Portfolio heat 0.0%,ACCOUNT_STATE
GBP/USD|2026-07-01T09:20:00.000Z,GBP/USD,2026-07-01T09:20:00.000Z,Daily loss 0.0%,True,Daily loss 0.0%,ACCOUNT_STATE
GBP/USD|2026-07-01T09:20:00.000Z,GBP/USD,2026-07-01T09:20:00.000Z,Drawdown 0.0%,True,Drawdown 0.0%,ACCOUNT_STATE
GBP/USD|2026-07-01T09:20:00.000Z,GBP/USD,2026-07-01T09:20:00.000Z,Score 33.3 < 40 threshold,False,Score 33.3 < 40 threshold,REPLAYABLE
GBP/USD|2026-07-01T09:20:00.000Z,GBP/USD,2026-07-01T09:20:00.000Z,SMT veto,True,SMT veto: no opposition detected,REPLAYABLE
GBP/USD|2026-07-01T09:20:00.000Z,GBP/USD,2026-07-01T09:20:00.000Z,R,True,"R:R 2.09 effective (2.16 raw, spread 1.5p)",REPLAYABLE
GBP/USD|2026-07-01T09:20:00.000Z,GBP/USD,2026-07-01T09:20:00.000Z,No recent trades — cooldown OK,True,No recent trades — cooldown OK,REPLAYABLE
GBP/USD|2026-07-01T09:20:00.000Z,GBP/USD,2026-07-01T09:20:00.000Z,No trade history for consecutive loss check,True,No trade history for consecutive loss check,ACCOUNT_STATE
GBP/USD|2026-07-01T09:20:00.000Z,GBP/USD,2026-07-01T09:20:00.000Z,Daily net P&L $+0.00,True,Daily net P&L $+0.00 (gross loss: $0.00),ACCOUNT_STATE
GBP/USD|2026-07-01T09:20:00.000Z,GBP/USD,2026-07-01T09:20:00.000Z,News filter,True,News filter: env not configured — skipped,ACCOUNT_STATE
GBP/USD|2026-07-01T09:20:00.000Z,GBP/USD,2026-07-01T09:20:00.000Z,FOTSI Gate,True,FOTSI Gate: data unavailable — skipped,REPLAYABLE
GBP/USD|2026-07-01T09:20:00.000Z,GBP/USD,2026-07-01T09:20:00.000Z,No correlated conflicts,True,No correlated conflicts (threshold 0.8),ACCOUNT_STATE
GBP/USD|2026-07-01T09:20:00.000Z,GBP/USD,2026-07-01T09:20:00.000Z,Tier 1 gate FAILED,False,"Tier 1 gate FAILED: only 2 core factors — need at least 3 of: Market Structure, Order Block, Fair Value Gap, Premium/Dis",REPLAYABLE
GBP/USD|2026-07-01T09:20:00.000Z,GBP/USD,2026-07-01T09:20:00.000Z,Regime gate,True,Regime gate: OK,REPLAYABLE
GBP/USD|2026-07-01T09:20:00.000Z,GBP/USD,2026-07-01T09:20:00.000Z,[Info] Spread wide,True,[Info] Spread wide (indicative): 22.0% of ATR — info only,REPLAYABLE
NZD/USD|2026-07-02T22:20:00.000Z,NZD/USD,2026-07-02T22:20:00.000Z,[legacy] HTF bias aligned,True,[legacy] HTF bias aligned: Daily ranging,REPLAYABLE
NZD/USD|2026-07-02T22:20:00.000Z,NZD/USD,2026-07-02T22:20:00.000Z,P/D zone OK,True,"P/D zone OK (equilibrium, 50.4% of the 5m 5-swing box 0.56931–0.57046)",REPLAYABLE
NZD/USD|2026-07-02T22:20:00.000Z,NZD/USD,2026-07-02T22:20:00.000Z,Structural Conviction [entry],True,Structural Conviction [entry]: Bull 33% / Bear 0% (S2F 25%),REPLAYABLE
NZD/USD|2026-07-02T22:20:00.000Z,NZD/USD,2026-07-02T22:20:00.000Z,Reaction gate skipped,True,Reaction gate skipped: trend is bearish (not ranging),REPLAYABLE
NZD/USD|2026-07-02T22:20:00.000Z,NZD/USD,2026-07-02T22:20:00.000Z,NZD/USD not in enabled instruments,False,NZD/USD not in enabled instruments,REPLAYABLE
NZD/USD|2026-07-02T22:20:00.000Z,NZD/USD,2026-07-02T22:20:00.000Z,0/7 positions,True,0/7 positions,REPLAYABLE
NZD/USD|2026-07-02T22:20:00.000Z,NZD/USD,2026-07-02T22:20:00.000Z,0/1 for NZD/USD,True,0/1 for NZD/USD,REPLAYABLE
NZD/USD|2026-07-02T22:20:00.000Z,NZD/USD,2026-07-02T22:20:00.000Z,Portfolio heat 0.0%,True,Portfolio heat 0.0%,ACCOUNT_STATE
NZD/USD|2026-07-02T22:20:00.000Z,NZD/USD,2026-07-02T22:20:00.000Z,Daily loss 0.0%,True,Daily loss 0.0%,ACCOUNT_STATE
NZD/USD|2026-07-02T22:20:00.000Z,NZD/USD,2026-07-02T22:20:00.000Z,Drawdown 0.0%,True,Drawdown 0.0%,ACCOUNT_STATE
NZD/USD|2026-07-02T22:20:00.000Z,NZD/USD,2026-07-02T22:20:00.000Z,Score 30.2 < 40 threshold,False,Score 30.2 < 40 threshold,REPLAYABLE
NZD/USD|2026-07-02T22:20:00.000Z,NZD/USD,2026-07-02T22:20:00.000Z,SMT veto,True,SMT veto: no opposition detected,REPLAYABLE
NZD/USD|2026-07-02T22:20:00.000Z,NZD/USD,2026-07-02T22:20:00.000Z,R,True,"R:R 2.01 effective (2.12 raw, spread 2p)",REPLAYABLE
NZD/USD|2026-07-02T22:20:00.000Z,NZD/USD,2026-07-02T22:20:00.000Z,No recent trades — cooldown OK,True,No recent trades — cooldown OK,REPLAYABLE
NZD/USD|2026-07-02T22:20:00.000Z,NZD/USD,2026-07-02T22:20:00.000Z,No trade history for consecutive loss check,True,No trade history for consecutive loss check,ACCOUNT_STATE
NZD/USD|2026-07-02T22:20:00.000Z,NZD/USD,2026-07-02T22:20:00.000Z,Daily net P&L $+0.00,True,Daily net P&L $+0.00 (gross loss: $0.00),ACCOUNT_STATE
NZD/USD|2026-07-02T22:20:00.000Z,NZD/USD,2026-07-02T22:20:00.000Z,News filter,True,News filter: env not configured — skipped,ACCOUNT_STATE
NZD/USD|2026-07-02T22:20:00.000Z,NZD/USD,2026-07-02T22:20:00.000Z,FOTSI Gate,True,FOTSI Gate: data unavailable — skipped,REPLAYABLE
NZD/USD|2026-07-02T22:20:00.000Z,NZD/USD,2026-07-02T22:20:00.000Z,No correlated conflicts,True,No correlated conflicts (threshold 0.8),ACCOUNT_STATE
NZD/USD|2026-07-02T22:20:00.000Z,NZD/USD,2026-07-02T22:20:00.000Z,Tier 1 gate FAILED,False,"Tier 1 gate FAILED: only 1 core factors — need at least 3 of: Market Structure, Order Block, Fair Value Gap, Premium/Dis",REPLAYABLE
NZD/USD|2026-07-02T22:20:00.000Z,NZD/USD,2026-07-02T22:20:00.000Z,Regime gate,True,Regime gate: OK,REPLAYABLE
NZD/USD|2026-07-02T22:20:00.000Z,NZD/USD,2026-07-02T22:20:00.000Z,[Info] Spread wide,True,[Info] Spread wide (indicative): 32.3% of ATR — info only,REPLAYABLE
USD/JPY|2026-07-03T09:40:00.000Z,USD/JPY,2026-07-03T09:40:00.000Z,[legacy] HTF bias mismatch,False,"[legacy] HTF bias mismatch: Daily is bullish, entry is bearish",REPLAYABLE
USD/JPY|2026-07-03T09:40:00.000Z,USD/JPY,2026-07-03T09:40:00.000Z,P/D zone OK,True,"P/D zone OK (premium, 72.4% of the 5m 5-swing box 160.601–161.206)",REPLAYABLE
USD/JPY|2026-07-03T09:40:00.000Z,USD/JPY,2026-07-03T09:40:00.000Z,Structural Conviction BLOCKED [entry],False,Structural Conviction BLOCKED [entry]: opposing 50% is 3.0× supporting 17% — structure overwhelmingly opposes short,REPLAYABLE
USD/JPY|2026-07-03T09:40:00.000Z,USD/JPY,2026-07-03T09:40:00.000Z,Reaction gate skipped,True,Reaction gate skipped: trend is bullish (not ranging),REPLAYABLE
USD/JPY|2026-07-03T09:40:00.000Z,USD/JPY,2026-07-03T09:40:00.000Z,USD/JPY enabled,True,USD/JPY enabled,REPLAYABLE
USD/JPY|2026-07-03T09:40:00.000Z,USD/JPY,2026-07-03T09:40:00.000Z,0/7 positions,True,0/7 positions,REPLAYABLE
USD/JPY|2026-07-03T09:40:00.000Z,USD/JPY,2026-07-03T09:40:00.000Z,0/1 for USD/JPY,True,0/1 for USD/JPY,REPLAYABLE
USD/JPY|2026-07-03T09:40:00.000Z,USD/JPY,2026-07-03T09:40:00.000Z,Portfolio heat 0.0%,True,Portfolio heat 0.0%,ACCOUNT_STATE
USD/JPY|2026-07-03T09:40:00.000Z,USD/JPY,2026-07-03T09:40:00.000Z,Daily loss 0.0%,True,Daily loss 0.0%,ACCOUNT_STATE
USD/JPY|2026-07-03T09:40:00.000Z,USD/JPY,2026-07-03T09:40:00.000Z,Drawdown 0.0%,True,Drawdown 0.0%,ACCOUNT_STATE
USD/JPY|2026-07-03T09:40:00.000Z,USD/JPY,2026-07-03T09:40:00.000Z,Score 37.5 < 40 threshold,False,Score 37.5 < 40 threshold,REPLAYABLE
USD/JPY|2026-07-03T09:40:00.000Z,USD/JPY,2026-07-03T09:40:00.000Z,SMT veto,True,SMT veto: no opposition detected,REPLAYABLE
USD/JPY|2026-07-03T09:40:00.000Z,USD/JPY,2026-07-03T09:40:00.000Z,R,True,"R:R 2.22 effective (2.26 raw, spread 1p)",REPLAYABLE
USD/JPY|2026-07-03T09:40:00.000Z,USD/JPY,2026-07-03T09:40:00.000Z,No recent trades — cooldown OK,True,No recent trades — cooldown OK,REPLAYABLE
USD/JPY|2026-07-03T09:40:00.000Z,USD/JPY,2026-07-03T09:40:00.000Z,No trade history for consecutive loss check,True,No trade history for consecutive loss check,ACCOUNT_STATE
USD/JPY|2026-07-03T09:40:00.000Z,USD/JPY,2026-07-03T09:40:00.000Z,Daily net P&L $+0.00,True,Daily net P&L $+0.00 (gross loss: $0.00),ACCOUNT_STATE
USD/JPY|2026-07-03T09:40:00.000Z,USD/JPY,2026-07-03T09:40:00.000Z,News filter,True,News filter: env not configured — skipped,ACCOUNT_STATE
USD/JPY|2026-07-03T09:40:00.000Z,USD/JPY,2026-07-03T09:40:00.000Z,FOTSI Gate,True,FOTSI Gate: data unavailable — skipped,REPLAYABLE
USD/JPY|2026-07-03T09:40:00.000Z,USD/JPY,2026-07-03T09:40:00.000Z,No correlated conflicts,True,No correlated conflicts (threshold 0.8),ACCOUNT_STATE
USD/JPY|2026-07-03T09:40:00.000Z,USD/JPY,2026-07-03T09:40:00.000Z,Tier 1 gate FAILED,False,"Tier 1 gate FAILED: only 2 core factors — need at least 3 of: Market Structure, Order Block, Fair Value Gap, Premium/Dis",REPLAYABLE
USD/JPY|2026-07-03T09:40:00.000Z,USD/JPY,2026-07-03T09:40:00.000Z,Regime gate,True,Regime gate: OK,REPLAYABLE
USD/JPY|2026-07-03T09:40:00.000Z,USD/JPY,2026-07-03T09:40:00.000Z,[Info] Spread OK,True,[Info] Spread OK: 0.2% of ATR,REPLAYABLE
USD/CAD|2026-07-03T15:35:00.000Z,USD/CAD,2026-07-03T15:35:00.000Z,[legacy] HTF bias mismatch,False,"[legacy] HTF bias mismatch: Daily is bullish, entry is bearish",REPLAYABLE
USD/CAD|2026-07-03T15:35:00.000Z,USD/CAD,2026-07-03T15:35:00.000Z,P/D zone OK,True,"P/D zone OK (premium, 83.9% of the 5m 5-swing box 1.41857–1.42050)",REPLAYABLE
USD/CAD|2026-07-03T15:35:00.000Z,USD/CAD,2026-07-03T15:35:00.000Z,Structural Conviction [entry],True,Structural Conviction [entry]: Bear 25% / Bull 0% (S2F 14%),REPLAYABLE
USD/CAD|2026-07-03T15:35:00.000Z,USD/CAD,2026-07-03T15:35:00.000Z,Reaction gate skipped,True,Reaction gate skipped: trend is bearish (not ranging),REPLAYABLE
USD/CAD|2026-07-03T15:35:00.000Z,USD/CAD,2026-07-03T15:35:00.000Z,USD/CAD not in enabled instruments,False,USD/CAD not in enabled instruments,REPLAYABLE
USD/CAD|2026-07-03T15:35:00.000Z,USD/CAD,2026-07-03T15:35:00.000Z,0/7 positions,True,0/7 positions,REPLAYABLE
USD/CAD|2026-07-03T15:35:00.000Z,USD/CAD,2026-07-03T15:35:00.000Z,0/1 for USD/CAD,True,0/1 for USD/CAD,REPLAYABLE
USD/CAD|2026-07-03T15:35:00.000Z,USD/CAD,2026-07-03T15:35:00.000Z,Portfolio heat 0.0%,True,Portfolio heat 0.0%,ACCOUNT_STATE
USD/CAD|2026-07-03T15:35:00.000Z,USD/CAD,2026-07-03T15:35:00.000Z,Daily loss 0.0%,True,Daily loss 0.0%,ACCOUNT_STATE
USD/CAD|2026-07-03T15:35:00.000Z,USD/CAD,2026-07-03T15:35:00.000Z,Drawdown 0.0%,True,Drawdown 0.0%,ACCOUNT_STATE
USD/CAD|2026-07-03T15:35:00.000Z,USD/CAD,2026-07-03T15:35:00.000Z,Score 36.5 < 40 threshold,False,Score 36.5 < 40 threshold,REPLAYABLE
USD/CAD|2026-07-03T15:35:00.000Z,USD/CAD,2026-07-03T15:35:00.000Z,SMT veto,True,SMT veto: no opposition detected,REPLAYABLE
USD/CAD|2026-07-03T15:35:00.000Z,USD/CAD,2026-07-03T15:35:00.000Z,R,True,"R:R 1.92 effective (2.00 raw, spread 1.5p)",REPLAYABLE
USD/CAD|2026-07-03T15:35:00.000Z,USD/CAD,2026-07-03T15:35:00.000Z,No recent trades — cooldown OK,True,No recent trades — cooldown OK,REPLAYABLE
USD/CAD|2026-07-03T15:35:00.000Z,USD/CAD,2026-07-03T15:35:00.000Z,No trade history for consecutive loss check,True,No trade history for consecutive loss check,ACCOUNT_STATE
USD/CAD|2026-07-03T15:35:00.000Z,USD/CAD,2026-07-03T15:35:00.000Z,Daily net P&L $+0.00,True,Daily net P&L $+0.00 (gross loss: $0.00),ACCOUNT_STATE
USD/CAD|2026-07-03T15:35:00.000Z,USD/CAD,2026-07-03T15:35:00.000Z,News filter,True,News filter: env not configured — skipped,ACCOUNT_STATE
USD/CAD|2026-07-03T15:35:00.000Z,USD/CAD,2026-07-03T15:35:00.000Z,FOTSI Gate,True,FOTSI Gate: data unavailable — skipped,REPLAYABLE
USD/CAD|2026-07-03T15:35:00.000Z,USD/CAD,2026-07-03T15:35:00.000Z,No correlated conflicts,True,No correlated conflicts (threshold 0.8),ACCOUNT_STATE
USD/CAD|2026-07-03T15:35:00.000Z,USD/CAD,2026-07-03T15:35:00.000Z,Tier 1 gate FAILED,False,"Tier 1 gate FAILED: only 2 core factors — need at least 3 of: Market Structure, Order Block, Fair Value Gap, Premium/Dis",REPLAYABLE
USD/CAD|2026-07-03T15:35:00.000Z,USD/CAD,2026-07-03T15:35:00.000Z,Regime gate,True,Regime gate: OK,REPLAYABLE
USD/CAD|2026-07-03T15:35:00.000Z,USD/CAD,2026-07-03T15:35:00.000Z,[Info] Spread wide,True,[Info] Spread wide (indicative): 29.2% of ATR — info only,REPLAYABLE
GBP/USD|2026-07-08T13:15:00.000Z,GBP/USD,2026-07-08T13:15:00.000Z,[legacy] HTF bias aligned,True,[legacy] HTF bias aligned: Daily ranging,REPLAYABLE
GBP/USD|2026-07-08T13:15:00.000Z,GBP/USD,2026-07-08T13:15:00.000Z,P/D zone OK,True,"P/D zone OK (premium, 58.4% of the 5m 5-swing box 1.33239–1.33705)",REPLAYABLE
GBP/USD|2026-07-08T13:15:00.000Z,GBP/USD,2026-07-08T13:15:00.000Z,Structural Conviction [entry],True,Structural Conviction [entry]: Bull 25% / Bear 0% (S2F 17%),REPLAYABLE
GBP/USD|2026-07-08T13:15:00.000Z,GBP/USD,2026-07-08T13:15:00.000Z,Reaction confirmed in ranging market,True,"Reaction confirmed in ranging market: Liquidity Sweep, Displacement, AMD Phase",REPLAYABLE
GBP/USD|2026-07-08T13:15:00.000Z,GBP/USD,2026-07-08T13:15:00.000Z,GBP/USD enabled,True,GBP/USD enabled,REPLAYABLE
GBP/USD|2026-07-08T13:15:00.000Z,GBP/USD,2026-07-08T13:15:00.000Z,0/7 positions,True,0/7 positions,REPLAYABLE
GBP/USD|2026-07-08T13:15:00.000Z,GBP/USD,2026-07-08T13:15:00.000Z,0/1 for GBP/USD,True,0/1 for GBP/USD,REPLAYABLE
GBP/USD|2026-07-08T13:15:00.000Z,GBP/USD,2026-07-08T13:15:00.000Z,Portfolio heat 0.0%,True,Portfolio heat 0.0%,ACCOUNT_STATE
GBP/USD|2026-07-08T13:15:00.000Z,GBP/USD,2026-07-08T13:15:00.000Z,Daily loss 0.0%,True,Daily loss 0.0%,ACCOUNT_STATE
GBP/USD|2026-07-08T13:15:00.000Z,GBP/USD,2026-07-08T13:15:00.000Z,Drawdown 0.0%,True,Drawdown 0.0%,ACCOUNT_STATE
GBP/USD|2026-07-08T13:15:00.000Z,GBP/USD,2026-07-08T13:15:00.000Z,Score 31.8 < 40 threshold,False,Score 31.8 < 40 threshold,REPLAYABLE
GBP/USD|2026-07-08T13:15:00.000Z,GBP/USD,2026-07-08T13:15:00.000Z,SMT veto,True,SMT veto: no opposition detected,REPLAYABLE
GBP/USD|2026-07-08T13:15:00.000Z,GBP/USD,2026-07-08T13:15:00.000Z,R,True,"R:R 2.08 effective (2.14 raw, spread 1.5p)",REPLAYABLE
GBP/USD|2026-07-08T13:15:00.000Z,GBP/USD,2026-07-08T13:15:00.000Z,No recent trades — cooldown OK,True,No recent trades — cooldown OK,REPLAYABLE
GBP/USD|2026-07-08T13:15:00.000Z,GBP/USD,2026-07-08T13:15:00.000Z,No trade history for consecutive loss check,True,No trade history for consecutive loss check,ACCOUNT_STATE
GBP/USD|2026-07-08T13:15:00.000Z,GBP/USD,2026-07-08T13:15:00.000Z,Daily net P&L $+0.00,True,Daily net P&L $+0.00 (gross loss: $0.00),ACCOUNT_STATE
GBP/USD|2026-07-08T13:15:00.000Z,GBP/USD,2026-07-08T13:15:00.000Z,News filter,True,News filter: env not configured — skipped,ACCOUNT_STATE
GBP/USD|2026-07-08T13:15:00.000Z,GBP/USD,2026-07-08T13:15:00.000Z,FOTSI Gate,True,FOTSI Gate: data unavailable — skipped,REPLAYABLE
GBP/USD|2026-07-08T13:15:00.000Z,GBP/USD,2026-07-08T13:15:00.000Z,No correlated conflicts,True,No correlated conflicts (threshold 0.8),ACCOUNT_STATE
GBP/USD|2026-07-08T13:15:00.000Z,GBP/USD,2026-07-08T13:15:00.000Z,Tier 1 gate FAILED,False,"Tier 1 gate FAILED: only 1 core factors — need at least 3 of: Market Structure, Order Block, Fair Value Gap, Premium/Dis",REPLAYABLE
GBP/USD|2026-07-08T13:15:00.000Z,GBP/USD,2026-07-08T13:15:00.000Z,Regime gate,True,Regime gate: OK,REPLAYABLE
GBP/USD|2026-07-08T13:15:00.000Z,GBP/USD,2026-07-08T13:15:00.000Z,[Info] Spread OK,True,[Info] Spread OK: 19.2% of ATR,REPLAYABLE
USD/CHF|2026-07-08T18:35:00.000Z,USD/CHF,2026-07-08T18:35:00.000Z,[legacy] HTF bias aligned,True,[legacy] HTF bias aligned: Daily ranging,REPLAYABLE
USD/CHF|2026-07-08T18:35:00.000Z,USD/CHF,2026-07-08T18:35:00.000Z,P/D zone OK,True,"P/D zone OK (discount, 3.0% of the 5m 5-swing box 0.80783–0.81084)",REPLAYABLE
USD/CHF|2026-07-08T18:35:00.000Z,USD/CHF,2026-07-08T18:35:00.000Z,Structural Conviction BLOCKED [entry],False,"Structural Conviction BLOCKED [entry]: Bull fractals 0%, S2F 25%, opposite 50% — no structural support for long",REPLAYABLE
USD/CHF|2026-07-08T18:35:00.000Z,USD/CHF,2026-07-08T18:35:00.000Z,Reaction gate skipped,True,Reaction gate skipped: trend is bearish (not ranging),REPLAYABLE
USD/CHF|2026-07-08T18:35:00.000Z,USD/CHF,2026-07-08T18:35:00.000Z,USD/CHF not in enabled instruments,False,USD/CHF not in enabled instruments,REPLAYABLE
USD/CHF|2026-07-08T18:35:00.000Z,USD/CHF,2026-07-08T18:35:00.000Z,0/7 positions,True,0/7 positions,REPLAYABLE
USD/CHF|2026-07-08T18:35:00.000Z,USD/CHF,2026-07-08T18:35:00.000Z,0/1 for USD/CHF,True,0/1 for USD/CHF,REPLAYABLE
USD/CHF|2026-07-08T18:35:00.000Z,USD/CHF,2026-07-08T18:35:00.000Z,Portfolio heat 0.0%,True,Portfolio heat 0.0%,ACCOUNT_STATE
USD/CHF|2026-07-08T18:35:00.000Z,USD/CHF,2026-07-08T18:35:00.000Z,Daily loss 0.0%,True,Daily loss 0.0%,ACCOUNT_STATE
USD/CHF|2026-07-08T18:35:00.000Z,USD/CHF,2026-07-08T18:35:00.000Z,Drawdown 0.0%,True,Drawdown 0.0%,ACCOUNT_STATE
USD/CHF|2026-07-08T18:35:00.000Z,USD/CHF,2026-07-08T18:35:00.000Z,Score 37.5 < 40 threshold,False,Score 37.5 < 40 threshold,REPLAYABLE
USD/CHF|2026-07-08T18:35:00.000Z,USD/CHF,2026-07-08T18:35:00.000Z,SMT veto,True,SMT veto: no opposition detected,REPLAYABLE
USD/CHF|2026-07-08T18:35:00.000Z,USD/CHF,2026-07-08T18:35:00.000Z,R,True,"R:R 2.07 effective (2.16 raw, spread 1.5p)",REPLAYABLE
USD/CHF|2026-07-08T18:35:00.000Z,USD/CHF,2026-07-08T18:35:00.000Z,No recent trades — cooldown OK,True,No recent trades — cooldown OK,REPLAYABLE
USD/CHF|2026-07-08T18:35:00.000Z,USD/CHF,2026-07-08T18:35:00.000Z,No trade history for consecutive loss check,True,No trade history for consecutive loss check,ACCOUNT_STATE
USD/CHF|2026-07-08T18:35:00.000Z,USD/CHF,2026-07-08T18:35:00.000Z,Daily net P&L $+0.00,True,Daily net P&L $+0.00 (gross loss: $0.00),ACCOUNT_STATE
USD/CHF|2026-07-08T18:35:00.000Z,USD/CHF,2026-07-08T18:35:00.000Z,News filter,True,News filter: env not configured — skipped,ACCOUNT_STATE
USD/CHF|2026-07-08T18:35:00.000Z,USD/CHF,2026-07-08T18:35:00.000Z,FOTSI Gate,True,FOTSI Gate: data unavailable — skipped,REPLAYABLE
USD/CHF|2026-07-08T18:35:00.000Z,USD/CHF,2026-07-08T18:35:00.000Z,No correlated conflicts,True,No correlated conflicts (threshold 0.8),ACCOUNT_STATE
USD/CHF|2026-07-08T18:35:00.000Z,USD/CHF,2026-07-08T18:35:00.000Z,Tier 1 gate FAILED,False,"Tier 1 gate FAILED: only 1 core factors — need at least 3 of: Market Structure, Order Block, Fair Value Gap, Premium/Dis",REPLAYABLE
USD/CHF|2026-07-08T18:35:00.000Z,USD/CHF,2026-07-08T18:35:00.000Z,Regime gate,True,Regime gate: OK,REPLAYABLE
USD/CHF|2026-07-08T18:35:00.000Z,USD/CHF,2026-07-08T18:35:00.000Z,[Info] Spread wide,True,[Info] Spread wide (indicative): 45.5% of ATR — info only,REPLAYABLE
AUD/USD|2026-07-09T11:05:00.000Z,AUD/USD,2026-07-09T11:05:00.000Z,[legacy] HTF bias aligned,True,[legacy] HTF bias aligned: Daily bearish,REPLAYABLE
AUD/USD|2026-07-09T11:05:00.000Z,AUD/USD,2026-07-09T11:05:00.000Z,P/D zone OK,True,"P/D zone OK (discount, 0.0% of the 5m 5-swing box 0.69331–0.69457) — price is OUTSIDE that range (raw -3.2%)",REPLAYABLE
AUD/USD|2026-07-09T11:05:00.000Z,AUD/USD,2026-07-09T11:05:00.000Z,Structural Conviction [entry],True,Structural Conviction [entry]: Bear 33% / Bull 25% (S2F 29%),REPLAYABLE
AUD/USD|2026-07-09T11:05:00.000Z,AUD/USD,2026-07-09T11:05:00.000Z,Reaction confirmed in ranging market,True,"Reaction confirmed in ranging market: Displacement, AMD Phase",REPLAYABLE
AUD/USD|2026-07-09T11:05:00.000Z,AUD/USD,2026-07-09T11:05:00.000Z,AUD/USD not in enabled instruments,False,AUD/USD not in enabled instruments,REPLAYABLE
AUD/USD|2026-07-09T11:05:00.000Z,AUD/USD,2026-07-09T11:05:00.000Z,0/7 positions,True,0/7 positions,REPLAYABLE
AUD/USD|2026-07-09T11:05:00.000Z,AUD/USD,2026-07-09T11:05:00.000Z,0/1 for AUD/USD,True,0/1 for AUD/USD,REPLAYABLE
AUD/USD|2026-07-09T11:05:00.000Z,AUD/USD,2026-07-09T11:05:00.000Z,Portfolio heat 0.0%,True,Portfolio heat 0.0%,ACCOUNT_STATE
AUD/USD|2026-07-09T11:05:00.000Z,AUD/USD,2026-07-09T11:05:00.000Z,Daily loss 0.0%,True,Daily loss 0.0%,ACCOUNT_STATE
AUD/USD|2026-07-09T11:05:00.000Z,AUD/USD,2026-07-09T11:05:00.000Z,Drawdown 0.0%,True,Drawdown 0.0%,ACCOUNT_STATE
AUD/USD|2026-07-09T11:05:00.000Z,AUD/USD,2026-07-09T11:05:00.000Z,Score 34.6 < 40 threshold,False,Score 34.6 < 40 threshold,REPLAYABLE
AUD/USD|2026-07-09T11:05:00.000Z,AUD/USD,2026-07-09T11:05:00.000Z,SMT veto,True,SMT veto: no opposition detected,REPLAYABLE
AUD/USD|2026-07-09T11:05:00.000Z,AUD/USD,2026-07-09T11:05:00.000Z,R,True,"R:R 2.13 effective (2.21 raw, spread 1.5p)",REPLAYABLE
AUD/USD|2026-07-09T11:05:00.000Z,AUD/USD,2026-07-09T11:05:00.000Z,No recent trades — cooldown OK,True,No recent trades — cooldown OK,REPLAYABLE
AUD/USD|2026-07-09T11:05:00.000Z,AUD/USD,2026-07-09T11:05:00.000Z,No trade history for consecutive loss check,True,No trade history for consecutive loss check,ACCOUNT_STATE
AUD/USD|2026-07-09T11:05:00.000Z,AUD/USD,2026-07-09T11:05:00.000Z,Daily net P&L $+0.00,True,Daily net P&L $+0.00 (gross loss: $0.00),ACCOUNT_STATE
AUD/USD|2026-07-09T11:05:00.000Z,AUD/USD,2026-07-09T11:05:00.000Z,News filter,True,News filter: env not configured — skipped,ACCOUNT_STATE
AUD/USD|2026-07-09T11:05:00.000Z,AUD/USD,2026-07-09T11:05:00.000Z,FOTSI Gate,True,FOTSI Gate: data unavailable — skipped,REPLAYABLE
AUD/USD|2026-07-09T11:05:00.000Z,AUD/USD,2026-07-09T11:05:00.000Z,No correlated conflicts,True,No correlated conflicts (threshold 0.8),ACCOUNT_STATE
AUD/USD|2026-07-09T11:05:00.000Z,AUD/USD,2026-07-09T11:05:00.000Z,Tier 1 gate FAILED,False,"Tier 1 gate FAILED: only 1 core factors — need at least 3 of: Market Structure, Order Block, Fair Value Gap, Premium/Dis",REPLAYABLE
AUD/USD|2026-07-09T11:05:00.000Z,AUD/USD,2026-07-09T11:05:00.000Z,Regime gate,True,Regime gate: OK,REPLAYABLE
AUD/USD|2026-07-09T11:05:00.000Z,AUD/USD,2026-07-09T11:05:00.000Z,[Info] Spread wide,True,[Info] Spread wide (indicative): 56.2% of ATR — info only,REPLAYABLE
USD/CHF|2026-07-09T12:10:00.000Z,USD/CHF,2026-07-09T12:10:00.000Z,[legacy] HTF bias mismatch,False,"[legacy] HTF bias mismatch: Daily is bearish, entry is bullish",REPLAYABLE
USD/CHF|2026-07-09T12:10:00.000Z,USD/CHF,2026-07-09T12:10:00.000Z,P/D zone OK,True,"P/D zone OK (equilibrium, 50.0% of the 5m 5-swing box 0.80588–0.80794)",REPLAYABLE
USD/CHF|2026-07-09T12:10:00.000Z,USD/CHF,2026-07-09T12:10:00.000Z,Structural Conviction [entry],True,Structural Conviction [entry]: Bull 33% / Bear 0% (S2F 14%),REPLAYABLE
USD/CHF|2026-07-09T12:10:00.000Z,USD/CHF,2026-07-09T12:10:00.000Z,Reaction gate skipped,True,Reaction gate skipped: trend is bullish (not ranging),REPLAYABLE
USD/CHF|2026-07-09T12:10:00.000Z,USD/CHF,2026-07-09T12:10:00.000Z,USD/CHF not in enabled instruments,False,USD/CHF not in enabled instruments,REPLAYABLE
USD/CHF|2026-07-09T12:10:00.000Z,USD/CHF,2026-07-09T12:10:00.000Z,0/7 positions,True,0/7 positions,REPLAYABLE
USD/CHF|2026-07-09T12:10:00.000Z,USD/CHF,2026-07-09T12:10:00.000Z,0/1 for USD/CHF,True,0/1 for USD/CHF,REPLAYABLE
USD/CHF|2026-07-09T12:10:00.000Z,USD/CHF,2026-07-09T12:10:00.000Z,Portfolio heat 0.0%,True,Portfolio heat 0.0%,ACCOUNT_STATE
USD/CHF|2026-07-09T12:10:00.000Z,USD/CHF,2026-07-09T12:10:00.000Z,Daily loss 0.0%,True,Daily loss 0.0%,ACCOUNT_STATE
USD/CHF|2026-07-09T12:10:00.000Z,USD/CHF,2026-07-09T12:10:00.000Z,Drawdown 0.0%,True,Drawdown 0.0%,ACCOUNT_STATE
USD/CHF|2026-07-09T12:10:00.000Z,USD/CHF,2026-07-09T12:10:00.000Z,Score 36.5 < 40 threshold,False,Score 36.5 < 40 threshold,REPLAYABLE
USD/CHF|2026-07-09T12:10:00.000Z,USD/CHF,2026-07-09T12:10:00.000Z,SMT veto,True,SMT veto: no opposition detected,REPLAYABLE
USD/CHF|2026-07-09T12:10:00.000Z,USD/CHF,2026-07-09T12:10:00.000Z,R,True,"R:R 1.93 effective (2.02 raw, spread 1.5p)",REPLAYABLE
USD/CHF|2026-07-09T12:10:00.000Z,USD/CHF,2026-07-09T12:10:00.000Z,No recent trades — cooldown OK,True,No recent trades — cooldown OK,REPLAYABLE
USD/CHF|2026-07-09T12:10:00.000Z,USD/CHF,2026-07-09T12:10:00.000Z,No trade history for consecutive loss check,True,No trade history for consecutive loss check,ACCOUNT_STATE
USD/CHF|2026-07-09T12:10:00.000Z,USD/CHF,2026-07-09T12:10:00.000Z,Daily net P&L $+0.00,True,Daily net P&L $+0.00 (gross loss: $0.00),ACCOUNT_STATE
USD/CHF|2026-07-09T12:10:00.000Z,USD/CHF,2026-07-09T12:10:00.000Z,News filter,True,News filter: env not configured — skipped,ACCOUNT_STATE
USD/CHF|2026-07-09T12:10:00.000Z,USD/CHF,2026-07-09T12:10:00.000Z,FOTSI Gate,True,FOTSI Gate: data unavailable — skipped,REPLAYABLE
USD/CHF|2026-07-09T12:10:00.000Z,USD/CHF,2026-07-09T12:10:00.000Z,No correlated conflicts,True,No correlated conflicts (threshold 0.8),ACCOUNT_STATE
USD/CHF|2026-07-09T12:10:00.000Z,USD/CHF,2026-07-09T12:10:00.000Z,Tier 1 gate FAILED,False,"Tier 1 gate FAILED: only 2 core factors — need at least 3 of: Market Structure, Order Block, Fair Value Gap, Premium/Dis",REPLAYABLE
USD/CHF|2026-07-09T12:10:00.000Z,USD/CHF,2026-07-09T12:10:00.000Z,Regime gate,True,Regime gate: OK,REPLAYABLE
USD/CHF|2026-07-09T12:10:00.000Z,USD/CHF,2026-07-09T12:10:00.000Z,[Info] Spread wide,True,[Info] Spread wide (indicative): 45.3% of ATR — info only,REPLAYABLE
USD/JPY|2026-07-09T18:20:00.000Z,USD/JPY,2026-07-09T18:20:00.000Z,[legacy] HTF bias aligned,True,[legacy] HTF bias aligned: Daily bullish,REPLAYABLE
USD/JPY|2026-07-09T18:20:00.000Z,USD/JPY,2026-07-09T18:20:00.000Z,P/D zone OK,True,"P/D zone OK (equilibrium, 50.6% of the 5m 5-swing box 162.257–162.423)",REPLAYABLE
USD/JPY|2026-07-09T18:20:00.000Z,USD/JPY,2026-07-09T18:20:00.000Z,Structural Conviction BLOCKED [entry],False,"Structural Conviction BLOCKED [entry]: Bull fractals 0%, S2F 10%, opposite 20% — no structural support for long",REPLAYABLE
USD/JPY|2026-07-09T18:20:00.000Z,USD/JPY,2026-07-09T18:20:00.000Z,Reaction gate skipped,True,Reaction gate skipped: trend is bearish (not ranging),REPLAYABLE
USD/JPY|2026-07-09T18:20:00.000Z,USD/JPY,2026-07-09T18:20:00.000Z,USD/JPY enabled,True,USD/JPY enabled,REPLAYABLE
USD/JPY|2026-07-09T18:20:00.000Z,USD/JPY,2026-07-09T18:20:00.000Z,0/7 positions,True,0/7 positions,REPLAYABLE
USD/JPY|2026-07-09T18:20:00.000Z,USD/JPY,2026-07-09T18:20:00.000Z,0/1 for USD/JPY,True,0/1 for USD/JPY,REPLAYABLE
USD/JPY|2026-07-09T18:20:00.000Z,USD/JPY,2026-07-09T18:20:00.000Z,Portfolio heat 0.0%,True,Portfolio heat 0.0%,ACCOUNT_STATE
USD/JPY|2026-07-09T18:20:00.000Z,USD/JPY,2026-07-09T18:20:00.000Z,Daily loss 0.0%,True,Daily loss 0.0%,ACCOUNT_STATE
USD/JPY|2026-07-09T18:20:00.000Z,USD/JPY,2026-07-09T18:20:00.000Z,Drawdown 0.0%,True,Drawdown 0.0%,ACCOUNT_STATE
USD/JPY|2026-07-09T18:20:00.000Z,USD/JPY,2026-07-09T18:20:00.000Z,Score 45.7 meets threshold,True,Score 45.7 meets threshold,REPLAYABLE
USD/JPY|2026-07-09T18:20:00.000Z,USD/JPY,2026-07-09T18:20:00.000Z,SMT veto,True,SMT veto: no opposition detected,REPLAYABLE
USD/JPY|2026-07-09T18:20:00.000Z,USD/JPY,2026-07-09T18:20:00.000Z,R,True,"R:R 2.08 effective (2.12 raw, spread 1p)",REPLAYABLE
USD/JPY|2026-07-09T18:20:00.000Z,USD/JPY,2026-07-09T18:20:00.000Z,No recent trades — cooldown OK,True,No recent trades — cooldown OK,REPLAYABLE
USD/JPY|2026-07-09T18:20:00.000Z,USD/JPY,2026-07-09T18:20:00.000Z,No trade history for consecutive loss check,True,No trade history for consecutive loss check,ACCOUNT_STATE
USD/JPY|2026-07-09T18:20:00.000Z,USD/JPY,2026-07-09T18:20:00.000Z,Daily net P&L $+0.00,True,Daily net P&L $+0.00 (gross loss: $0.00),ACCOUNT_STATE
USD/JPY|2026-07-09T18:20:00.000Z,USD/JPY,2026-07-09T18:20:00.000Z,News filter,True,News filter: env not configured — skipped,ACCOUNT_STATE
USD/JPY|2026-07-09T18:20:00.000Z,USD/JPY,2026-07-09T18:20:00.000Z,FOTSI Gate,True,FOTSI Gate: data unavailable — skipped,REPLAYABLE
USD/JPY|2026-07-09T18:20:00.000Z,USD/JPY,2026-07-09T18:20:00.000Z,No correlated conflicts,True,No correlated conflicts (threshold 0.8),ACCOUNT_STATE
USD/JPY|2026-07-09T18:20:00.000Z,USD/JPY,2026-07-09T18:20:00.000Z,Tier 1 gate FAILED,False,"Tier 1 gate FAILED: only 2 core factors — need at least 3 of: Market Structure, Order Block, Fair Value Gap, Premium/Dis",REPLAYABLE
USD/JPY|2026-07-09T18:20:00.000Z,USD/JPY,2026-07-09T18:20:00.000Z,Regime gate,True,Regime gate: OK,REPLAYABLE
USD/JPY|2026-07-09T18:20:00.000Z,USD/JPY,2026-07-09T18:20:00.000Z,[Info] Spread OK,True,[Info] Spread OK: 0.4% of ATR,REPLAYABLE
NZD/USD|2026-07-10T08:55:00.000Z,NZD/USD,2026-07-10T08:55:00.000Z,[legacy] HTF bias mismatch,False,"[legacy] HTF bias mismatch: Daily is bearish, entry is bullish",REPLAYABLE
NZD/USD|2026-07-10T08:55:00.000Z,NZD/USD,2026-07-10T08:55:00.000Z,P/D zone OK,True,"P/D zone OK (discount, 4.5% of the 5m 5-swing box 0.57670–0.57782)",REPLAYABLE
NZD/USD|2026-07-10T08:55:00.000Z,NZD/USD,2026-07-10T08:55:00.000Z,Structural Conviction BLOCKED [entry],False,"Structural Conviction BLOCKED [entry]: Bull fractals 0%, S2F 22%, opposite 50% — no structural support for long",REPLAYABLE
NZD/USD|2026-07-10T08:55:00.000Z,NZD/USD,2026-07-10T08:55:00.000Z,Reaction gate skipped,True,Reaction gate skipped: trend is bearish (not ranging),REPLAYABLE
NZD/USD|2026-07-10T08:55:00.000Z,NZD/USD,2026-07-10T08:55:00.000Z,NZD/USD not in enabled instruments,False,NZD/USD not in enabled instruments,REPLAYABLE
NZD/USD|2026-07-10T08:55:00.000Z,NZD/USD,2026-07-10T08:55:00.000Z,0/7 positions,True,0/7 positions,REPLAYABLE
NZD/USD|2026-07-10T08:55:00.000Z,NZD/USD,2026-07-10T08:55:00.000Z,0/1 for NZD/USD,True,0/1 for NZD/USD,REPLAYABLE
NZD/USD|2026-07-10T08:55:00.000Z,NZD/USD,2026-07-10T08:55:00.000Z,Portfolio heat 0.0%,True,Portfolio heat 0.0%,ACCOUNT_STATE
NZD/USD|2026-07-10T08:55:00.000Z,NZD/USD,2026-07-10T08:55:00.000Z,Daily loss 0.0%,True,Daily loss 0.0%,ACCOUNT_STATE
NZD/USD|2026-07-10T08:55:00.000Z,NZD/USD,2026-07-10T08:55:00.000Z,Drawdown 0.0%,True,Drawdown 0.0%,ACCOUNT_STATE
NZD/USD|2026-07-10T08:55:00.000Z,NZD/USD,2026-07-10T08:55:00.000Z,Score 25 < 40 threshold,False,Score 25 < 40 threshold,REPLAYABLE
NZD/USD|2026-07-10T08:55:00.000Z,NZD/USD,2026-07-10T08:55:00.000Z,SMT veto,True,SMT veto: no opposition detected,REPLAYABLE
NZD/USD|2026-07-10T08:55:00.000Z,NZD/USD,2026-07-10T08:55:00.000Z,R,True,"R:R 2.01 effective (2.12 raw, spread 2p)",REPLAYABLE
NZD/USD|2026-07-10T08:55:00.000Z,NZD/USD,2026-07-10T08:55:00.000Z,No recent trades — cooldown OK,True,No recent trades — cooldown OK,REPLAYABLE
NZD/USD|2026-07-10T08:55:00.000Z,NZD/USD,2026-07-10T08:55:00.000Z,No trade history for consecutive loss check,True,No trade history for consecutive loss check,ACCOUNT_STATE
NZD/USD|2026-07-10T08:55:00.000Z,NZD/USD,2026-07-10T08:55:00.000Z,Daily net P&L $+0.00,True,Daily net P&L $+0.00 (gross loss: $0.00),ACCOUNT_STATE
NZD/USD|2026-07-10T08:55:00.000Z,NZD/USD,2026-07-10T08:55:00.000Z,News filter,True,News filter: env not configured — skipped,ACCOUNT_STATE
NZD/USD|2026-07-10T08:55:00.000Z,NZD/USD,2026-07-10T08:55:00.000Z,FOTSI Gate,True,FOTSI Gate: data unavailable — skipped,REPLAYABLE
NZD/USD|2026-07-10T08:55:00.000Z,NZD/USD,2026-07-10T08:55:00.000Z,No correlated conflicts,True,No correlated conflicts (threshold 0.8),ACCOUNT_STATE
NZD/USD|2026-07-10T08:55:00.000Z,NZD/USD,2026-07-10T08:55:00.000Z,Tier 1 gate FAILED,False,"Tier 1 gate FAILED: only 1 core factors — need at least 3 of: Market Structure, Order Block, Fair Value Gap, Premium/Dis",REPLAYABLE
NZD/USD|2026-07-10T08:55:00.000Z,NZD/USD,2026-07-10T08:55:00.000Z,Regime gate,True,Regime gate: OK,REPLAYABLE
NZD/USD|2026-07-10T08:55:00.000Z,NZD/USD,2026-07-10T08:55:00.000Z,[Info] Spread wide,True,[Info] Spread wide (indicative): 48.3% of ATR — info only,REPLAYABLE
AUD/USD|2026-07-10T08:55:00.000Z,AUD/USD,2026-07-10T08:55:00.000Z,[legacy] HTF bias mismatch,False,"[legacy] HTF bias mismatch: Daily is bearish, entry is bullish",REPLAYABLE
AUD/USD|2026-07-10T08:55:00.000Z,AUD/USD,2026-07-10T08:55:00.000Z,P/D zone OK,True,"P/D zone OK (discount, 13.2% of the 5m 5-swing box 0.69419–0.69563)",REPLAYABLE
AUD/USD|2026-07-10T08:55:00.000Z,AUD/USD,2026-07-10T08:55:00.000Z,Structural Conviction BLOCKED [entry],False,"Structural Conviction BLOCKED [entry]: Bull fractals 0%, S2F 29%, opposite 67% — no structural support for long",REPLAYABLE
AUD/USD|2026-07-10T08:55:00.000Z,AUD/USD,2026-07-10T08:55:00.000Z,Reaction gate skipped,True,Reaction gate skipped: trend is bearish (not ranging),REPLAYABLE
AUD/USD|2026-07-10T08:55:00.000Z,AUD/USD,2026-07-10T08:55:00.000Z,AUD/USD not in enabled instruments,False,AUD/USD not in enabled instruments,REPLAYABLE
AUD/USD|2026-07-10T08:55:00.000Z,AUD/USD,2026-07-10T08:55:00.000Z,0/7 positions,True,0/7 positions,REPLAYABLE
AUD/USD|2026-07-10T08:55:00.000Z,AUD/USD,2026-07-10T08:55:00.000Z,0/1 for AUD/USD,True,0/1 for AUD/USD,REPLAYABLE
AUD/USD|2026-07-10T08:55:00.000Z,AUD/USD,2026-07-10T08:55:00.000Z,Portfolio heat 0.0%,True,Portfolio heat 0.0%,ACCOUNT_STATE
AUD/USD|2026-07-10T08:55:00.000Z,AUD/USD,2026-07-10T08:55:00.000Z,Daily loss 0.0%,True,Daily loss 0.0%,ACCOUNT_STATE
AUD/USD|2026-07-10T08:55:00.000Z,AUD/USD,2026-07-10T08:55:00.000Z,Drawdown 0.0%,True,Drawdown 0.0%,ACCOUNT_STATE
AUD/USD|2026-07-10T08:55:00.000Z,AUD/USD,2026-07-10T08:55:00.000Z,Score 29.2 < 40 threshold,False,Score 29.2 < 40 threshold,REPLAYABLE
AUD/USD|2026-07-10T08:55:00.000Z,AUD/USD,2026-07-10T08:55:00.000Z,SMT veto,True,SMT veto: no opposition detected,REPLAYABLE
AUD/USD|2026-07-10T08:55:00.000Z,AUD/USD,2026-07-10T08:55:00.000Z,R,True,"R:R 2.02 effective (2.10 raw, spread 1.5p)",REPLAYABLE
AUD/USD|2026-07-10T08:55:00.000Z,AUD/USD,2026-07-10T08:55:00.000Z,No recent trades — cooldown OK,True,No recent trades — cooldown OK,REPLAYABLE
AUD/USD|2026-07-10T08:55:00.000Z,AUD/USD,2026-07-10T08:55:00.000Z,No trade history for consecutive loss check,True,No trade history for consecutive loss check,ACCOUNT_STATE
AUD/USD|2026-07-10T08:55:00.000Z,AUD/USD,2026-07-10T08:55:00.000Z,Daily net P&L $+0.00,True,Daily net P&L $+0.00 (gross loss: $0.00),ACCOUNT_STATE
AUD/USD|2026-07-10T08:55:00.000Z,AUD/USD,2026-07-10T08:55:00.000Z,News filter,True,News filter: env not configured — skipped,ACCOUNT_STATE
AUD/USD|2026-07-10T08:55:00.000Z,AUD/USD,2026-07-10T08:55:00.000Z,FOTSI Gate,True,FOTSI Gate: data unavailable — skipped,REPLAYABLE
AUD/USD|2026-07-10T08:55:00.000Z,AUD/USD,2026-07-10T08:55:00.000Z,No correlated conflicts,True,No correlated conflicts (threshold 0.8),ACCOUNT_STATE
AUD/USD|2026-07-10T08:55:00.000Z,AUD/USD,2026-07-10T08:55:00.000Z,Tier 1 gate FAILED,False,"Tier 1 gate FAILED: only 1 core factors — need at least 3 of: Market Structure, Order Block, Fair Value Gap, Premium/Dis",REPLAYABLE
AUD/USD|2026-07-10T08:55:00.000Z,AUD/USD,2026-07-10T08:55:00.000Z,Regime gate,True,Regime gate: OK,REPLAYABLE
AUD/USD|2026-07-10T08:55:00.000Z,AUD/USD,2026-07-10T08:55:00.000Z,[Info] Spread wide,True,[Info] Spread wide (indicative): 47.9% of ATR — info only,REPLAYABLE
USD/CAD|2026-07-11T17:40:00.000Z,USD/CAD,2026-07-11T17:40:00.000Z,[legacy] HTF bias aligned,True,[legacy] HTF bias aligned: Daily ranging,REPLAYABLE
USD/CAD|2026-07-11T17:40:00.000Z,USD/CAD,2026-07-11T17:40:00.000Z,P/D zone OK,True,"P/D zone OK (premium, 66.4% of the 5m 5-swing box 1.41541–1.41657)",REPLAYABLE
USD/CAD|2026-07-11T17:40:00.000Z,USD/CAD,2026-07-11T17:40:00.000Z,Structural Conviction [entry],True,Structural Conviction [entry]: Bear 17% / Bull 29% (S2F 23%),REPLAYABLE
USD/CAD|2026-07-11T17:40:00.000Z,USD/CAD,2026-07-11T17:40:00.000Z,Reaction gate skipped,True,Reaction gate skipped: trend is bearish (not ranging),REPLAYABLE
USD/CAD|2026-07-11T17:40:00.000Z,USD/CAD,2026-07-11T17:40:00.000Z,USD/CAD not in enabled instruments,False,USD/CAD not in enabled instruments,REPLAYABLE
USD/CAD|2026-07-11T17:40:00.000Z,USD/CAD,2026-07-11T17:40:00.000Z,0/7 positions,True,0/7 positions,REPLAYABLE
USD/CAD|2026-07-11T17:40:00.000Z,USD/CAD,2026-07-11T17:40:00.000Z,0/1 for USD/CAD,True,0/1 for USD/CAD,REPLAYABLE
USD/CAD|2026-07-11T17:40:00.000Z,USD/CAD,2026-07-11T17:40:00.000Z,Portfolio heat 0.0%,True,Portfolio heat 0.0%,ACCOUNT_STATE
USD/CAD|2026-07-11T17:40:00.000Z,USD/CAD,2026-07-11T17:40:00.000Z,Daily loss 0.0%,True,Daily loss 0.0%,ACCOUNT_STATE
USD/CAD|2026-07-11T17:40:00.000Z,USD/CAD,2026-07-11T17:40:00.000Z,Drawdown 0.0%,True,Drawdown 0.0%,ACCOUNT_STATE
USD/CAD|2026-07-11T17:40:00.000Z,USD/CAD,2026-07-11T17:40:00.000Z,Score 34.4 < 40 threshold,False,Score 34.4 < 40 threshold,REPLAYABLE
USD/CAD|2026-07-11T17:40:00.000Z,USD/CAD,2026-07-11T17:40:00.000Z,SMT veto,True,SMT veto: no opposition detected,REPLAYABLE
USD/CAD|2026-07-11T17:40:00.000Z,USD/CAD,2026-07-11T17:40:00.000Z,R,True,"R:R 2.13 effective (2.21 raw, spread 1.5p)",REPLAYABLE
USD/CAD|2026-07-11T17:40:00.000Z,USD/CAD,2026-07-11T17:40:00.000Z,No recent trades — cooldown OK,True,No recent trades — cooldown OK,REPLAYABLE
USD/CAD|2026-07-11T17:40:00.000Z,USD/CAD,2026-07-11T17:40:00.000Z,No trade history for consecutive loss check,True,No trade history for consecutive loss check,ACCOUNT_STATE
USD/CAD|2026-07-11T17:40:00.000Z,USD/CAD,2026-07-11T17:40:00.000Z,Daily net P&L $+0.00,True,Daily net P&L $+0.00 (gross loss: $0.00),ACCOUNT_STATE
USD/CAD|2026-07-11T17:40:00.000Z,USD/CAD,2026-07-11T17:40:00.000Z,News filter,True,News filter: env not configured — skipped,ACCOUNT_STATE
USD/CAD|2026-07-11T17:40:00.000Z,USD/CAD,2026-07-11T17:40:00.000Z,FOTSI Gate,True,FOTSI Gate: data unavailable — skipped,REPLAYABLE
USD/CAD|2026-07-11T17:40:00.000Z,USD/CAD,2026-07-11T17:40:00.000Z,No correlated conflicts,True,No correlated conflicts (threshold 0.8),ACCOUNT_STATE
USD/CAD|2026-07-11T17:40:00.000Z,USD/CAD,2026-07-11T17:40:00.000Z,Tier 1 gate FAILED,False,"Tier 1 gate FAILED: only 1 core factors — need at least 3 of: Market Structure, Order Block, Fair Value Gap, Premium/Dis",REPLAYABLE
USD/CAD|2026-07-11T17:40:00.000Z,USD/CAD,2026-07-11T17:40:00.000Z,Regime gate,True,Regime gate: OK,REPLAYABLE
USD/CAD|2026-07-11T17:40:00.000Z,USD/CAD,2026-07-11T17:40:00.000Z,[Info] Spread wide,True,[Info] Spread wide (indicative): 35.7% of ATR — info only,REPLAYABLE
USD/CAD|2026-07-13T06:10:00.000Z,USD/CAD,2026-07-13T06:10:00.000Z,[legacy] HTF bias aligned,True,[legacy] HTF bias aligned: Daily ranging,REPLAYABLE
USD/CAD|2026-07-13T06:10:00.000Z,USD/CAD,2026-07-13T06:10:00.000Z,P/D zone OK,True,"P/D zone OK (discount, 32.2% of the 5m 5-swing box 1.41567–1.41744)",REPLAYABLE
USD/CAD|2026-07-13T06:10:00.000Z,USD/CAD,2026-07-13T06:10:00.000Z,Structural Conviction [entry],True,Structural Conviction [entry]: Bear 50% / Bull 33% (S2F 40%),REPLAYABLE
USD/CAD|2026-07-13T06:10:00.000Z,USD/CAD,2026-07-13T06:10:00.000Z,Reaction gate skipped,True,Reaction gate skipped: trend is bearish (not ranging),REPLAYABLE
USD/CAD|2026-07-13T06:10:00.000Z,USD/CAD,2026-07-13T06:10:00.000Z,USD/CAD not in enabled instruments,False,USD/CAD not in enabled instruments,REPLAYABLE
USD/CAD|2026-07-13T06:10:00.000Z,USD/CAD,2026-07-13T06:10:00.000Z,0/7 positions,True,0/7 positions,REPLAYABLE
USD/CAD|2026-07-13T06:10:00.000Z,USD/CAD,2026-07-13T06:10:00.000Z,0/1 for USD/CAD,True,0/1 for USD/CAD,REPLAYABLE
USD/CAD|2026-07-13T06:10:00.000Z,USD/CAD,2026-07-13T06:10:00.000Z,Portfolio heat 0.0%,True,Portfolio heat 0.0%,ACCOUNT_STATE
USD/CAD|2026-07-13T06:10:00.000Z,USD/CAD,2026-07-13T06:10:00.000Z,Daily loss 0.0%,True,Daily loss 0.0%,ACCOUNT_STATE
USD/CAD|2026-07-13T06:10:00.000Z,USD/CAD,2026-07-13T06:10:00.000Z,Drawdown 0.0%,True,Drawdown 0.0%,ACCOUNT_STATE
USD/CAD|2026-07-13T06:10:00.000Z,USD/CAD,2026-07-13T06:10:00.000Z,Score 39.6 < 40 threshold,False,Score 39.6 < 40 threshold,REPLAYABLE
USD/CAD|2026-07-13T06:10:00.000Z,USD/CAD,2026-07-13T06:10:00.000Z,SMT veto,True,SMT veto: no opposition detected,REPLAYABLE
USD/CAD|2026-07-13T06:10:00.000Z,USD/CAD,2026-07-13T06:10:00.000Z,R,True,"R:R 2.03 effective (2.12 raw, spread 1.5p)",REPLAYABLE
USD/CAD|2026-07-13T06:10:00.000Z,USD/CAD,2026-07-13T06:10:00.000Z,No recent trades — cooldown OK,True,No recent trades — cooldown OK,REPLAYABLE
USD/CAD|2026-07-13T06:10:00.000Z,USD/CAD,2026-07-13T06:10:00.000Z,No trade history for consecutive loss check,True,No trade history for consecutive loss check,ACCOUNT_STATE
USD/CAD|2026-07-13T06:10:00.000Z,USD/CAD,2026-07-13T06:10:00.000Z,Daily net P&L $+0.00,True,Daily net P&L $+0.00 (gross loss: $0.00),ACCOUNT_STATE
USD/CAD|2026-07-13T06:10:00.000Z,USD/CAD,2026-07-13T06:10:00.000Z,News filter,True,News filter: env not configured — skipped,ACCOUNT_STATE
USD/CAD|2026-07-13T06:10:00.000Z,USD/CAD,2026-07-13T06:10:00.000Z,FOTSI Gate,True,FOTSI Gate: data unavailable — skipped,REPLAYABLE
USD/CAD|2026-07-13T06:10:00.000Z,USD/CAD,2026-07-13T06:10:00.000Z,No correlated conflicts,True,No correlated conflicts (threshold 0.8),ACCOUNT_STATE
USD/CAD|2026-07-13T06:10:00.000Z,USD/CAD,2026-07-13T06:10:00.000Z,Tier 1 gate FAILED,False,"Tier 1 gate FAILED: only 2 core factors — need at least 3 of: Market Structure, Order Block, Fair Value Gap, Premium/Dis",REPLAYABLE
USD/CAD|2026-07-13T06:10:00.000Z,USD/CAD,2026-07-13T06:10:00.000Z,Regime gate,True,Regime gate: OK,REPLAYABLE
USD/CAD|2026-07-13T06:10:00.000Z,USD/CAD,2026-07-13T06:10:00.000Z,[Info] Spread wide,True,[Info] Spread wide (indicative): 32.9% of ATR — info only,REPLAYABLE
NZD/USD|2026-07-13T11:50:00.000Z,NZD/USD,2026-07-13T11:50:00.000Z,[legacy] HTF bias aligned,True,[legacy] HTF bias aligned: Daily ranging,REPLAYABLE
NZD/USD|2026-07-13T11:50:00.000Z,NZD/USD,2026-07-13T11:50:00.000Z,P/D zone OK,True,"P/D zone OK (premium, 90.0% of the 5m 5-swing box 0.57614–0.57865)",REPLAYABLE
NZD/USD|2026-07-13T11:50:00.000Z,NZD/USD,2026-07-13T11:50:00.000Z,Structural Conviction [entry],True,Structural Conviction [entry]: Bear 50% / Bull 50% (S2F 50%),REPLAYABLE
NZD/USD|2026-07-13T11:50:00.000Z,NZD/USD,2026-07-13T11:50:00.000Z,Reaction gate skipped,True,Reaction gate skipped: trend is bullish (not ranging),REPLAYABLE
NZD/USD|2026-07-13T11:50:00.000Z,NZD/USD,2026-07-13T11:50:00.000Z,NZD/USD not in enabled instruments,False,NZD/USD not in enabled instruments,REPLAYABLE
NZD/USD|2026-07-13T11:50:00.000Z,NZD/USD,2026-07-13T11:50:00.000Z,0/7 positions,True,0/7 positions,REPLAYABLE
NZD/USD|2026-07-13T11:50:00.000Z,NZD/USD,2026-07-13T11:50:00.000Z,0/1 for NZD/USD,True,0/1 for NZD/USD,REPLAYABLE
NZD/USD|2026-07-13T11:50:00.000Z,NZD/USD,2026-07-13T11:50:00.000Z,Portfolio heat 0.0%,True,Portfolio heat 0.0%,ACCOUNT_STATE
NZD/USD|2026-07-13T11:50:00.000Z,NZD/USD,2026-07-13T11:50:00.000Z,Daily loss 0.0%,True,Daily loss 0.0%,ACCOUNT_STATE
NZD/USD|2026-07-13T11:50:00.000Z,NZD/USD,2026-07-13T11:50:00.000Z,Drawdown 0.0%,True,Drawdown 0.0%,ACCOUNT_STATE
NZD/USD|2026-07-13T11:50:00.000Z,NZD/USD,2026-07-13T11:50:00.000Z,Score 25 < 40 threshold,False,Score 25 < 40 threshold,REPLAYABLE
NZD/USD|2026-07-13T11:50:00.000Z,NZD/USD,2026-07-13T11:50:00.000Z,SMT veto,True,SMT veto: no opposition detected,REPLAYABLE
NZD/USD|2026-07-13T11:50:00.000Z,NZD/USD,2026-07-13T11:50:00.000Z,R,True,"R:R 2.13 effective (2.25 raw, spread 2p)",REPLAYABLE
NZD/USD|2026-07-13T11:50:00.000Z,NZD/USD,2026-07-13T11:50:00.000Z,No recent trades — cooldown OK,True,No recent trades — cooldown OK,REPLAYABLE
NZD/USD|2026-07-13T11:50:00.000Z,NZD/USD,2026-07-13T11:50:00.000Z,No trade history for consecutive loss check,True,No trade history for consecutive loss check,ACCOUNT_STATE
NZD/USD|2026-07-13T11:50:00.000Z,NZD/USD,2026-07-13T11:50:00.000Z,Daily net P&L $+0.00,True,Daily net P&L $+0.00 (gross loss: $0.00),ACCOUNT_STATE
NZD/USD|2026-07-13T11:50:00.000Z,NZD/USD,2026-07-13T11:50:00.000Z,News filter,True,News filter: env not configured — skipped,ACCOUNT_STATE
NZD/USD|2026-07-13T11:50:00.000Z,NZD/USD,2026-07-13T11:50:00.000Z,FOTSI Gate,True,FOTSI Gate: data unavailable — skipped,REPLAYABLE
NZD/USD|2026-07-13T11:50:00.000Z,NZD/USD,2026-07-13T11:50:00.000Z,No correlated conflicts,True,No correlated conflicts (threshold 0.8),ACCOUNT_STATE
NZD/USD|2026-07-13T11:50:00.000Z,NZD/USD,2026-07-13T11:50:00.000Z,Tier 1 gate FAILED,False,"Tier 1 gate FAILED: only 1 core factors — need at least 3 of: Market Structure, Order Block, Fair Value Gap, Premium/Dis",REPLAYABLE
NZD/USD|2026-07-13T11:50:00.000Z,NZD/USD,2026-07-13T11:50:00.000Z,Regime gate,True,Regime gate: OK,REPLAYABLE
NZD/USD|2026-07-13T11:50:00.000Z,NZD/USD,2026-07-13T11:50:00.000Z,[Info] Spread wide,True,[Info] Spread wide (indicative): 50.5% of ATR — info only,REPLAYABLE
EUR/USD|2026-07-13T12:05:00.000Z,EUR/USD,2026-07-13T12:05:00.000Z,[legacy] HTF bias aligned,True,[legacy] HTF bias aligned: Daily ranging,REPLAYABLE
EUR/USD|2026-07-13T12:05:00.000Z,EUR/USD,2026-07-13T12:05:00.000Z,P/D zone OK,True,"P/D zone OK (premium, 58.3% of the 5m 5-swing box 1.14004–1.14457)",REPLAYABLE
EUR/USD|2026-07-13T12:05:00.000Z,EUR/USD,2026-07-13T12:05:00.000Z,Structural Conviction [entry],True,Structural Conviction [entry]: Bear 25% / Bull 0% (S2F 11%),REPLAYABLE
EUR/USD|2026-07-13T12:05:00.000Z,EUR/USD,2026-07-13T12:05:00.000Z,Reaction gate skipped,True,Reaction gate skipped: trend is bearish (not ranging),REPLAYABLE
EUR/USD|2026-07-13T12:05:00.000Z,EUR/USD,2026-07-13T12:05:00.000Z,EUR/USD enabled,True,EUR/USD enabled,REPLAYABLE
EUR/USD|2026-07-13T12:05:00.000Z,EUR/USD,2026-07-13T12:05:00.000Z,0/7 positions,True,0/7 positions,REPLAYABLE
EUR/USD|2026-07-13T12:05:00.000Z,EUR/USD,2026-07-13T12:05:00.000Z,0/1 for EUR/USD,True,0/1 for EUR/USD,REPLAYABLE
EUR/USD|2026-07-13T12:05:00.000Z,EUR/USD,2026-07-13T12:05:00.000Z,Portfolio heat 0.0%,True,Portfolio heat 0.0%,ACCOUNT_STATE
EUR/USD|2026-07-13T12:05:00.000Z,EUR/USD,2026-07-13T12:05:00.000Z,Daily loss 0.0%,True,Daily loss 0.0%,ACCOUNT_STATE
EUR/USD|2026-07-13T12:05:00.000Z,EUR/USD,2026-07-13T12:05:00.000Z,Drawdown 0.0%,True,Drawdown 0.0%,ACCOUNT_STATE
EUR/USD|2026-07-13T12:05:00.000Z,EUR/USD,2026-07-13T12:05:00.000Z,Score 37.5 < 40 threshold,False,Score 37.5 < 40 threshold,REPLAYABLE
EUR/USD|2026-07-13T12:05:00.000Z,EUR/USD,2026-07-13T12:05:00.000Z,SMT veto,True,SMT veto: no opposition detected,REPLAYABLE
EUR/USD|2026-07-13T12:05:00.000Z,EUR/USD,2026-07-13T12:05:00.000Z,R,True,"R:R 1.80 effective (1.84 raw, spread 1p)",REPLAYABLE
EUR/USD|2026-07-13T12:05:00.000Z,EUR/USD,2026-07-13T12:05:00.000Z,No recent trades — cooldown OK,True,No recent trades — cooldown OK,REPLAYABLE
EUR/USD|2026-07-13T12:05:00.000Z,EUR/USD,2026-07-13T12:05:00.000Z,No trade history for consecutive loss check,True,No trade history for consecutive loss check,ACCOUNT_STATE
EUR/USD|2026-07-13T12:05:00.000Z,EUR/USD,2026-07-13T12:05:00.000Z,Daily net P&L $+0.00,True,Daily net P&L $+0.00 (gross loss: $0.00),ACCOUNT_STATE
EUR/USD|2026-07-13T12:05:00.000Z,EUR/USD,2026-07-13T12:05:00.000Z,News filter,True,News filter: env not configured — skipped,ACCOUNT_STATE
EUR/USD|2026-07-13T12:05:00.000Z,EUR/USD,2026-07-13T12:05:00.000Z,FOTSI Gate,True,FOTSI Gate: data unavailable — skipped,REPLAYABLE
EUR/USD|2026-07-13T12:05:00.000Z,EUR/USD,2026-07-13T12:05:00.000Z,No correlated conflicts,True,No correlated conflicts (threshold 0.8),ACCOUNT_STATE
EUR/USD|2026-07-13T12:05:00.000Z,EUR/USD,2026-07-13T12:05:00.000Z,Tier 1 gate FAILED,False,"Tier 1 gate FAILED: only 1 core factors — need at least 3 of: Market Structure, Order Block, Fair Value Gap, Premium/Dis",REPLAYABLE
EUR/USD|2026-07-13T12:05:00.000Z,EUR/USD,2026-07-13T12:05:00.000Z,Regime gate,True,Regime gate: OK,REPLAYABLE
EUR/USD|2026-07-13T12:05:00.000Z,EUR/USD,2026-07-13T12:05:00.000Z,[Info] Spread wide,True,[Info] Spread wide (indicative): 31.7% of ATR — info only,REPLAYABLE
GBP/USD|2026-07-13T12:25:00.000Z,GBP/USD,2026-07-13T12:25:00.000Z,[legacy] HTF bias mismatch,False,"[legacy] HTF bias mismatch: Daily is bullish, entry is bearish",REPLAYABLE
GBP/USD|2026-07-13T12:25:00.000Z,GBP/USD,2026-07-13T12:25:00.000Z,P/D zone OK,True,"P/D zone OK (discount, 39.7% of the 5m 5-swing box 1.33754–1.34122)",REPLAYABLE
GBP/USD|2026-07-13T12:25:00.000Z,GBP/USD,2026-07-13T12:25:00.000Z,Structural Conviction BLOCKED [entry],False,"Structural Conviction BLOCKED [entry]: Bear fractals 0%, S2F 17%, opposite 25% — no structural support for short",REPLAYABLE
GBP/USD|2026-07-13T12:25:00.000Z,GBP/USD,2026-07-13T12:25:00.000Z,Reaction confirmed in ranging market,True,"Reaction confirmed in ranging market: Reversal Candle, Liquidity Sweep",REPLAYABLE
GBP/USD|2026-07-13T12:25:00.000Z,GBP/USD,2026-07-13T12:25:00.000Z,GBP/USD enabled,True,GBP/USD enabled,REPLAYABLE
GBP/USD|2026-07-13T12:25:00.000Z,GBP/USD,2026-07-13T12:25:00.000Z,0/7 positions,True,0/7 positions,REPLAYABLE
GBP/USD|2026-07-13T12:25:00.000Z,GBP/USD,2026-07-13T12:25:00.000Z,0/1 for GBP/USD,True,0/1 for GBP/USD,REPLAYABLE
GBP/USD|2026-07-13T12:25:00.000Z,GBP/USD,2026-07-13T12:25:00.000Z,Portfolio heat 0.0%,True,Portfolio heat 0.0%,ACCOUNT_STATE
GBP/USD|2026-07-13T12:25:00.000Z,GBP/USD,2026-07-13T12:25:00.000Z,Daily loss 0.0%,True,Daily loss 0.0%,ACCOUNT_STATE
GBP/USD|2026-07-13T12:25:00.000Z,GBP/USD,2026-07-13T12:25:00.000Z,Drawdown 0.0%,True,Drawdown 0.0%,ACCOUNT_STATE
GBP/USD|2026-07-13T12:25:00.000Z,GBP/USD,2026-07-13T12:25:00.000Z,Score 32.5 < 40 threshold,False,Score 32.5 < 40 threshold,REPLAYABLE
GBP/USD|2026-07-13T12:25:00.000Z,GBP/USD,2026-07-13T12:25:00.000Z,SMT veto,True,SMT veto: no opposition detected,REPLAYABLE
GBP/USD|2026-07-13T12:25:00.000Z,GBP/USD,2026-07-13T12:25:00.000Z,R,True,"R:R 1.95 effective (2.01 raw, spread 1.5p)",REPLAYABLE
GBP/USD|2026-07-13T12:25:00.000Z,GBP/USD,2026-07-13T12:25:00.000Z,No recent trades — cooldown OK,True,No recent trades — cooldown OK,REPLAYABLE
GBP/USD|2026-07-13T12:25:00.000Z,GBP/USD,2026-07-13T12:25:00.000Z,No trade history for consecutive loss check,True,No trade history for consecutive loss check,ACCOUNT_STATE
GBP/USD|2026-07-13T12:25:00.000Z,GBP/USD,2026-07-13T12:25:00.000Z,Daily net P&L $+0.00,True,Daily net P&L $+0.00 (gross loss: $0.00),ACCOUNT_STATE
GBP/USD|2026-07-13T12:25:00.000Z,GBP/USD,2026-07-13T12:25:00.000Z,News filter,True,News filter: env not configured — skipped,ACCOUNT_STATE
GBP/USD|2026-07-13T12:25:00.000Z,GBP/USD,2026-07-13T12:25:00.000Z,FOTSI Gate,True,FOTSI Gate: data unavailable — skipped,REPLAYABLE
GBP/USD|2026-07-13T12:25:00.000Z,GBP/USD,2026-07-13T12:25:00.000Z,No correlated conflicts,True,No correlated conflicts (threshold 0.8),ACCOUNT_STATE
GBP/USD|2026-07-13T12:25:00.000Z,GBP/USD,2026-07-13T12:25:00.000Z,Tier 1 gate FAILED,False,"Tier 1 gate FAILED: only 2 core factors — need at least 3 of: Market Structure, Order Block, Fair Value Gap, Premium/Dis",REPLAYABLE
GBP/USD|2026-07-13T12:25:00.000Z,GBP/USD,2026-07-13T12:25:00.000Z,Regime gate,True,Regime gate: OK,REPLAYABLE
GBP/USD|2026-07-13T12:25:00.000Z,GBP/USD,2026-07-13T12:25:00.000Z,[Info] Spread wide,True,[Info] Spread wide (indicative): 24.8% of ATR — info only,REPLAYABLE
USD/CAD|2026-07-14T00:30:00.000Z,USD/CAD,2026-07-14T00:30:00.000Z,[legacy] HTF bias aligned,True,[legacy] HTF bias aligned: Daily ranging,REPLAYABLE
USD/CAD|2026-07-14T00:30:00.000Z,USD/CAD,2026-07-14T00:30:00.000Z,P/D zone OK,True,"P/D zone OK (discount, 43.5% of the 5m 5-swing box 1.41487–1.41595)",REPLAYABLE
USD/CAD|2026-07-14T00:30:00.000Z,USD/CAD,2026-07-14T00:30:00.000Z,Structural Conviction [entry],True,Structural Conviction [entry]: Bear 50% / Bull 0% (S2F 25%),REPLAYABLE
USD/CAD|2026-07-14T00:30:00.000Z,USD/CAD,2026-07-14T00:30:00.000Z,Reaction gate skipped,True,Reaction gate skipped: trend is bearish (not ranging),REPLAYABLE
USD/CAD|2026-07-14T00:30:00.000Z,USD/CAD,2026-07-14T00:30:00.000Z,USD/CAD not in enabled instruments,False,USD/CAD not in enabled instruments,REPLAYABLE
USD/CAD|2026-07-14T00:30:00.000Z,USD/CAD,2026-07-14T00:30:00.000Z,0/7 positions,True,0/7 positions,REPLAYABLE
USD/CAD|2026-07-14T00:30:00.000Z,USD/CAD,2026-07-14T00:30:00.000Z,0/1 for USD/CAD,True,0/1 for USD/CAD,REPLAYABLE
USD/CAD|2026-07-14T00:30:00.000Z,USD/CAD,2026-07-14T00:30:00.000Z,Portfolio heat 0.0%,True,Portfolio heat 0.0%,ACCOUNT_STATE
USD/CAD|2026-07-14T00:30:00.000Z,USD/CAD,2026-07-14T00:30:00.000Z,Daily loss 0.0%,True,Daily loss 0.0%,ACCOUNT_STATE
USD/CAD|2026-07-14T00:30:00.000Z,USD/CAD,2026-07-14T00:30:00.000Z,Drawdown 0.0%,True,Drawdown 0.0%,ACCOUNT_STATE
USD/CAD|2026-07-14T00:30:00.000Z,USD/CAD,2026-07-14T00:30:00.000Z,Score 27.1 < 40 threshold,False,Score 27.1 < 40 threshold,REPLAYABLE
USD/CAD|2026-07-14T00:30:00.000Z,USD/CAD,2026-07-14T00:30:00.000Z,SMT veto,True,SMT veto: no opposition detected,REPLAYABLE
USD/CAD|2026-07-14T00:30:00.000Z,USD/CAD,2026-07-14T00:30:00.000Z,R,True,"R:R 1.97 effective (2.05 raw, spread 1.5p)",REPLAYABLE
USD/CAD|2026-07-14T00:30:00.000Z,USD/CAD,2026-07-14T00:30:00.000Z,No recent trades — cooldown OK,True,No recent trades — cooldown OK,REPLAYABLE
USD/CAD|2026-07-14T00:30:00.000Z,USD/CAD,2026-07-14T00:30:00.000Z,No trade history for consecutive loss check,True,No trade history for consecutive loss check,ACCOUNT_STATE
USD/CAD|2026-07-14T00:30:00.000Z,USD/CAD,2026-07-14T00:30:00.000Z,Daily net P&L $+0.00,True,Daily net P&L $+0.00 (gross loss: $0.00),ACCOUNT_STATE
USD/CAD|2026-07-14T00:30:00.000Z,USD/CAD,2026-07-14T00:30:00.000Z,News filter,True,News filter: env not configured — skipped,ACCOUNT_STATE
USD/CAD|2026-07-14T00:30:00.000Z,USD/CAD,2026-07-14T00:30:00.000Z,FOTSI Gate,True,FOTSI Gate: data unavailable — skipped,REPLAYABLE
USD/CAD|2026-07-14T00:30:00.000Z,USD/CAD,2026-07-14T00:30:00.000Z,No correlated conflicts,True,No correlated conflicts (threshold 0.8),ACCOUNT_STATE
USD/CAD|2026-07-14T00:30:00.000Z,USD/CAD,2026-07-14T00:30:00.000Z,Tier 1 gate FAILED,False,"Tier 1 gate FAILED: only 1 core factors — need at least 3 of: Market Structure, Order Block, Fair Value Gap, Premium/Dis",REPLAYABLE
USD/CAD|2026-07-14T00:30:00.000Z,USD/CAD,2026-07-14T00:30:00.000Z,Regime gate,True,Regime gate: OK,REPLAYABLE
USD/CAD|2026-07-14T00:30:00.000Z,USD/CAD,2026-07-14T00:30:00.000Z,[Info] Spread wide,True,[Info] Spread wide (indicative): 52.8% of ATR — info only,REPLAYABLE
USD/JPY|2026-07-15T01:55:00.000Z,USD/JPY,2026-07-15T01:55:00.000Z,[legacy] HTF bias aligned,True,[legacy] HTF bias aligned: Daily ranging,REPLAYABLE
USD/JPY|2026-07-15T01:55:00.000Z,USD/JPY,2026-07-15T01:55:00.000Z,P/D zone OK,True,"P/D zone OK (equilibrium, 49.9% of the 5m 5-swing box 161.966–162.273)",REPLAYABLE
USD/JPY|2026-07-15T01:55:00.000Z,USD/JPY,2026-07-15T01:55:00.000Z,Structural Conviction BLOCKED [entry],False,"Structural Conviction BLOCKED [entry]: Bull fractals 0%, S2F 33%, opposite 60% — no structural support for long",REPLAYABLE
USD/JPY|2026-07-15T01:55:00.000Z,USD/JPY,2026-07-15T01:55:00.000Z,Reaction gate skipped,True,Reaction gate skipped: trend is bearish (not ranging),REPLAYABLE
USD/JPY|2026-07-15T01:55:00.000Z,USD/JPY,2026-07-15T01:55:00.000Z,USD/JPY enabled,True,USD/JPY enabled,REPLAYABLE
USD/JPY|2026-07-15T01:55:00.000Z,USD/JPY,2026-07-15T01:55:00.000Z,0/7 positions,True,0/7 positions,REPLAYABLE
USD/JPY|2026-07-15T01:55:00.000Z,USD/JPY,2026-07-15T01:55:00.000Z,0/1 for USD/JPY,True,0/1 for USD/JPY,REPLAYABLE
USD/JPY|2026-07-15T01:55:00.000Z,USD/JPY,2026-07-15T01:55:00.000Z,Portfolio heat 0.0%,True,Portfolio heat 0.0%,ACCOUNT_STATE
USD/JPY|2026-07-15T01:55:00.000Z,USD/JPY,2026-07-15T01:55:00.000Z,Daily loss 0.0%,True,Daily loss 0.0%,ACCOUNT_STATE
USD/JPY|2026-07-15T01:55:00.000Z,USD/JPY,2026-07-15T01:55:00.000Z,Drawdown 0.0%,True,Drawdown 0.0%,ACCOUNT_STATE
USD/JPY|2026-07-15T01:55:00.000Z,USD/JPY,2026-07-15T01:55:00.000Z,Score 30.4 < 40 threshold,False,Score 30.4 < 40 threshold,REPLAYABLE
USD/JPY|2026-07-15T01:55:00.000Z,USD/JPY,2026-07-15T01:55:00.000Z,SMT veto,True,SMT veto: no opposition detected,REPLAYABLE
USD/JPY|2026-07-15T01:55:00.000Z,USD/JPY,2026-07-15T01:55:00.000Z,R,True,"R:R 2.14 effective (2.18 raw, spread 1p)",REPLAYABLE
USD/JPY|2026-07-15T01:55:00.000Z,USD/JPY,2026-07-15T01:55:00.000Z,No recent trades — cooldown OK,True,No recent trades — cooldown OK,REPLAYABLE
USD/JPY|2026-07-15T01:55:00.000Z,USD/JPY,2026-07-15T01:55:00.000Z,No trade history for consecutive loss check,True,No trade history for consecutive loss check,ACCOUNT_STATE
USD/JPY|2026-07-15T01:55:00.000Z,USD/JPY,2026-07-15T01:55:00.000Z,Daily net P&L $+0.00,True,Daily net P&L $+0.00 (gross loss: $0.00),ACCOUNT_STATE
USD/JPY|2026-07-15T01:55:00.000Z,USD/JPY,2026-07-15T01:55:00.000Z,News filter,True,News filter: env not configured — skipped,ACCOUNT_STATE
USD/JPY|2026-07-15T01:55:00.000Z,USD/JPY,2026-07-15T01:55:00.000Z,FOTSI Gate,True,FOTSI Gate: data unavailable — skipped,REPLAYABLE
USD/JPY|2026-07-15T01:55:00.000Z,USD/JPY,2026-07-15T01:55:00.000Z,No correlated conflicts,True,No correlated conflicts (threshold 0.8),ACCOUNT_STATE
USD/JPY|2026-07-15T01:55:00.000Z,USD/JPY,2026-07-15T01:55:00.000Z,Tier 1 gate FAILED,False,"Tier 1 gate FAILED: only 1 core factors — need at least 3 of: Market Structure, Order Block, Fair Value Gap, Premium/Dis",REPLAYABLE
USD/JPY|2026-07-15T01:55:00.000Z,USD/JPY,2026-07-15T01:55:00.000Z,Regime gate,True,Regime gate: OK,REPLAYABLE
USD/JPY|2026-07-15T01:55:00.000Z,USD/JPY,2026-07-15T01:55:00.000Z,[Info] Spread OK,True,[Info] Spread OK: 0.2% of ATR,REPLAYABLE
GBP/USD|2026-07-15T12:15:00.000Z,GBP/USD,2026-07-15T12:15:00.000Z,[legacy] HTF bias mismatch,False,"[legacy] HTF bias mismatch: Daily is bullish, entry is bearish",REPLAYABLE
GBP/USD|2026-07-15T12:15:00.000Z,GBP/USD,2026-07-15T12:15:00.000Z,P/D zone OK,True,"P/D zone OK (premium, 82.0% of the 5m 5-swing box 1.33806–1.34144)",REPLAYABLE
GBP/USD|2026-07-15T12:15:00.000Z,GBP/USD,2026-07-15T12:15:00.000Z,Structural Conviction [entry],True,Structural Conviction [entry]: Bear 60% / Bull 40% (S2F 50%),REPLAYABLE
GBP/USD|2026-07-15T12:15:00.000Z,GBP/USD,2026-07-15T12:15:00.000Z,Reaction gate skipped,True,Reaction gate skipped: trend is bullish (not ranging),REPLAYABLE
GBP/USD|2026-07-15T12:15:00.000Z,GBP/USD,2026-07-15T12:15:00.000Z,GBP/USD enabled,True,GBP/USD enabled,REPLAYABLE
GBP/USD|2026-07-15T12:15:00.000Z,GBP/USD,2026-07-15T12:15:00.000Z,0/7 positions,True,0/7 positions,REPLAYABLE
GBP/USD|2026-07-15T12:15:00.000Z,GBP/USD,2026-07-15T12:15:00.000Z,0/1 for GBP/USD,True,0/1 for GBP/USD,REPLAYABLE
GBP/USD|2026-07-15T12:15:00.000Z,GBP/USD,2026-07-15T12:15:00.000Z,Portfolio heat 0.0%,True,Portfolio heat 0.0%,ACCOUNT_STATE
GBP/USD|2026-07-15T12:15:00.000Z,GBP/USD,2026-07-15T12:15:00.000Z,Daily loss 0.0%,True,Daily loss 0.0%,ACCOUNT_STATE
GBP/USD|2026-07-15T12:15:00.000Z,GBP/USD,2026-07-15T12:15:00.000Z,Drawdown 0.0%,True,Drawdown 0.0%,ACCOUNT_STATE
GBP/USD|2026-07-15T12:15:00.000Z,GBP/USD,2026-07-15T12:15:00.000Z,Score 29.2 < 40 threshold,False,Score 29.2 < 40 threshold,REPLAYABLE
GBP/USD|2026-07-15T12:15:00.000Z,GBP/USD,2026-07-15T12:15:00.000Z,SMT veto,True,SMT veto: no opposition detected,REPLAYABLE
GBP/USD|2026-07-15T12:15:00.000Z,GBP/USD,2026-07-15T12:15:00.000Z,R,True,"R:R 1.87 effective (1.92 raw, spread 1.5p)",REPLAYABLE
GBP/USD|2026-07-15T12:15:00.000Z,GBP/USD,2026-07-15T12:15:00.000Z,No recent trades — cooldown OK,True,No recent trades — cooldown OK,REPLAYABLE
GBP/USD|2026-07-15T12:15:00.000Z,GBP/USD,2026-07-15T12:15:00.000Z,No trade history for consecutive loss check,True,No trade history for consecutive loss check,ACCOUNT_STATE
GBP/USD|2026-07-15T12:15:00.000Z,GBP/USD,2026-07-15T12:15:00.000Z,Daily net P&L $+0.00,True,Daily net P&L $+0.00 (gross loss: $0.00),ACCOUNT_STATE
GBP/USD|2026-07-15T12:15:00.000Z,GBP/USD,2026-07-15T12:15:00.000Z,News filter,True,News filter: env not configured — skipped,ACCOUNT_STATE
GBP/USD|2026-07-15T12:15:00.000Z,GBP/USD,2026-07-15T12:15:00.000Z,FOTSI Gate,True,FOTSI Gate: data unavailable — skipped,REPLAYABLE
GBP/USD|2026-07-15T12:15:00.000Z,GBP/USD,2026-07-15T12:15:00.000Z,No correlated conflicts,True,No correlated conflicts (threshold 0.8),ACCOUNT_STATE
GBP/USD|2026-07-15T12:15:00.000Z,GBP/USD,2026-07-15T12:15:00.000Z,Tier 1 gate FAILED,False,"Tier 1 gate FAILED: only 1 core factors — need at least 3 of: Market Structure, Order Block, Fair Value Gap, Premium/Dis",REPLAYABLE
GBP/USD|2026-07-15T12:15:00.000Z,GBP/USD,2026-07-15T12:15:00.000Z,Regime gate,True,Regime gate: OK,REPLAYABLE
GBP/USD|2026-07-15T12:15:00.000Z,GBP/USD,2026-07-15T12:15:00.000Z,[Info] Spread wide,True,[Info] Spread wide (indicative): 22.3% of ATR — info only,REPLAYABLE
EUR/USD|2026-07-16T21:25:00.000Z,EUR/USD,2026-07-16T21:25:00.000Z,[legacy] HTF bias aligned,True,[legacy] HTF bias aligned: Daily ranging,REPLAYABLE
EUR/USD|2026-07-16T21:25:00.000Z,EUR/USD,2026-07-16T21:25:00.000Z,P/D zone OK,True,"P/D zone OK (premium, 82.0% of the 5m 5-swing box 1.14313–1.14446)",REPLAYABLE
EUR/USD|2026-07-16T21:25:00.000Z,EUR/USD,2026-07-16T21:25:00.000Z,Structural Conviction [entry],True,Structural Conviction [entry]: Bull 40% / Bear 25% (S2F 33%),REPLAYABLE
EUR/USD|2026-07-16T21:25:00.000Z,EUR/USD,2026-07-16T21:25:00.000Z,Reaction gate skipped,True,Reaction gate skipped: trend is bullish (not ranging),REPLAYABLE
EUR/USD|2026-07-16T21:25:00.000Z,EUR/USD,2026-07-16T21:25:00.000Z,EUR/USD enabled,True,EUR/USD enabled,REPLAYABLE
EUR/USD|2026-07-16T21:25:00.000Z,EUR/USD,2026-07-16T21:25:00.000Z,0/7 positions,True,0/7 positions,REPLAYABLE
EUR/USD|2026-07-16T21:25:00.000Z,EUR/USD,2026-07-16T21:25:00.000Z,0/1 for EUR/USD,True,0/1 for EUR/USD,REPLAYABLE
EUR/USD|2026-07-16T21:25:00.000Z,EUR/USD,2026-07-16T21:25:00.000Z,Portfolio heat 0.0%,True,Portfolio heat 0.0%,ACCOUNT_STATE
EUR/USD|2026-07-16T21:25:00.000Z,EUR/USD,2026-07-16T21:25:00.000Z,Daily loss 0.0%,True,Daily loss 0.0%,ACCOUNT_STATE
EUR/USD|2026-07-16T21:25:00.000Z,EUR/USD,2026-07-16T21:25:00.000Z,Drawdown 0.0%,True,Drawdown 0.0%,ACCOUNT_STATE
EUR/USD|2026-07-16T21:25:00.000Z,EUR/USD,2026-07-16T21:25:00.000Z,Score 33.3 < 40 threshold,False,Score 33.3 < 40 threshold,REPLAYABLE
EUR/USD|2026-07-16T21:25:00.000Z,EUR/USD,2026-07-16T21:25:00.000Z,SMT veto,True,SMT veto: no opposition detected,REPLAYABLE
EUR/USD|2026-07-16T21:25:00.000Z,EUR/USD,2026-07-16T21:25:00.000Z,R,True,"R:R 1.96 effective (2.02 raw, spread 1p)",REPLAYABLE
EUR/USD|2026-07-16T21:25:00.000Z,EUR/USD,2026-07-16T21:25:00.000Z,No recent trades — cooldown OK,True,No recent trades — cooldown OK,REPLAYABLE
EUR/USD|2026-07-16T21:25:00.000Z,EUR/USD,2026-07-16T21:25:00.000Z,No trade history for consecutive loss check,True,No trade history for consecutive loss check,ACCOUNT_STATE
EUR/USD|2026-07-16T21:25:00.000Z,EUR/USD,2026-07-16T21:25:00.000Z,Daily net P&L $+0.00,True,Daily net P&L $+0.00 (gross loss: $0.00),ACCOUNT_STATE
EUR/USD|2026-07-16T21:25:00.000Z,EUR/USD,2026-07-16T21:25:00.000Z,News filter,True,News filter: env not configured — skipped,ACCOUNT_STATE
EUR/USD|2026-07-16T21:25:00.000Z,EUR/USD,2026-07-16T21:25:00.000Z,FOTSI Gate,True,FOTSI Gate: data unavailable — skipped,REPLAYABLE
EUR/USD|2026-07-16T21:25:00.000Z,EUR/USD,2026-07-16T21:25:00.000Z,No correlated conflicts,True,No correlated conflicts (threshold 0.8),ACCOUNT_STATE
EUR/USD|2026-07-16T21:25:00.000Z,EUR/USD,2026-07-16T21:25:00.000Z,Tier 1 gate FAILED,False,"Tier 1 gate FAILED: only 2 core factors — need at least 3 of: Market Structure, Order Block, Fair Value Gap, Premium/Dis",REPLAYABLE
EUR/USD|2026-07-16T21:25:00.000Z,EUR/USD,2026-07-16T21:25:00.000Z,Regime gate,True,Regime gate: OK,REPLAYABLE
EUR/USD|2026-07-16T21:25:00.000Z,EUR/USD,2026-07-16T21:25:00.000Z,[Info] Spread wide,True,[Info] Spread wide (indicative): 50.7% of ATR — info only,REPLAYABLE
AUD/USD|2026-07-17T13:00:00.000Z,AUD/USD,2026-07-17T13:00:00.000Z,[legacy] HTF bias aligned,True,[legacy] HTF bias aligned: Daily ranging,REPLAYABLE
AUD/USD|2026-07-17T13:00:00.000Z,AUD/USD,2026-07-17T13:00:00.000Z,P/D zone OK,True,"P/D zone OK (discount, 13.9% of the 5m 5-swing box 0.69665–0.69874)",REPLAYABLE
AUD/USD|2026-07-17T13:00:00.000Z,AUD/USD,2026-07-17T13:00:00.000Z,Structural Conviction [entry],True,Structural Conviction [entry]: Bull 25% / Bear 0% (S2F 13%),REPLAYABLE
AUD/USD|2026-07-17T13:00:00.000Z,AUD/USD,2026-07-17T13:00:00.000Z,Reaction gate skipped,True,Reaction gate skipped: trend is bullish (not ranging),REPLAYABLE
AUD/USD|2026-07-17T13:00:00.000Z,AUD/USD,2026-07-17T13:00:00.000Z,AUD/USD not in enabled instruments,False,AUD/USD not in enabled instruments,REPLAYABLE
AUD/USD|2026-07-17T13:00:00.000Z,AUD/USD,2026-07-17T13:00:00.000Z,0/7 positions,True,0/7 positions,REPLAYABLE
AUD/USD|2026-07-17T13:00:00.000Z,AUD/USD,2026-07-17T13:00:00.000Z,0/1 for AUD/USD,True,0/1 for AUD/USD,REPLAYABLE
AUD/USD|2026-07-17T13:00:00.000Z,AUD/USD,2026-07-17T13:00:00.000Z,Portfolio heat 0.0%,True,Portfolio heat 0.0%,ACCOUNT_STATE
AUD/USD|2026-07-17T13:00:00.000Z,AUD/USD,2026-07-17T13:00:00.000Z,Daily loss 0.0%,True,Daily loss 0.0%,ACCOUNT_STATE
AUD/USD|2026-07-17T13:00:00.000Z,AUD/USD,2026-07-17T13:00:00.000Z,Drawdown 0.0%,True,Drawdown 0.0%,ACCOUNT_STATE
AUD/USD|2026-07-17T13:00:00.000Z,AUD/USD,2026-07-17T13:00:00.000Z,Score 33.3 < 40 threshold,False,Score 33.3 < 40 threshold,REPLAYABLE
AUD/USD|2026-07-17T13:00:00.000Z,AUD/USD,2026-07-17T13:00:00.000Z,SMT veto,True,SMT veto: no opposition detected,REPLAYABLE
AUD/USD|2026-07-17T13:00:00.000Z,AUD/USD,2026-07-17T13:00:00.000Z,R,True,"R:R 2.00 effective (2.06 raw, spread 1.5p)",REPLAYABLE
AUD/USD|2026-07-17T13:00:00.000Z,AUD/USD,2026-07-17T13:00:00.000Z,No recent trades — cooldown OK,True,No recent trades — cooldown OK,REPLAYABLE
AUD/USD|2026-07-17T13:00:00.000Z,AUD/USD,2026-07-17T13:00:00.000Z,No trade history for consecutive loss check,True,No trade history for consecutive loss check,ACCOUNT_STATE
AUD/USD|2026-07-17T13:00:00.000Z,AUD/USD,2026-07-17T13:00:00.000Z,Daily net P&L $+0.00,True,Daily net P&L $+0.00 (gross loss: $0.00),ACCOUNT_STATE
AUD/USD|2026-07-17T13:00:00.000Z,AUD/USD,2026-07-17T13:00:00.000Z,News filter,True,News filter: env not configured — skipped,ACCOUNT_STATE
AUD/USD|2026-07-17T13:00:00.000Z,AUD/USD,2026-07-17T13:00:00.000Z,FOTSI Gate,True,FOTSI Gate: data unavailable — skipped,REPLAYABLE
AUD/USD|2026-07-17T13:00:00.000Z,AUD/USD,2026-07-17T13:00:00.000Z,No correlated conflicts,True,No correlated conflicts (threshold 0.8),ACCOUNT_STATE
AUD/USD|2026-07-17T13:00:00.000Z,AUD/USD,2026-07-17T13:00:00.000Z,Tier 1 gate FAILED,False,"Tier 1 gate FAILED: only 2 core factors — need at least 3 of: Market Structure, Order Block, Fair Value Gap, Premium/Dis",REPLAYABLE
AUD/USD|2026-07-17T13:00:00.000Z,AUD/USD,2026-07-17T13:00:00.000Z,Regime gate,True,Regime gate: OK,REPLAYABLE
AUD/USD|2026-07-17T13:00:00.000Z,AUD/USD,2026-07-17T13:00:00.000Z,[Info] Spread wide,True,[Info] Spread wide (indicative): 53.8% of ATR — info only,REPLAYABLE
NZD/USD|2026-07-17T18:25:00.000Z,NZD/USD,2026-07-17T18:25:00.000Z,[legacy] HTF bias mismatch,False,"[legacy] HTF bias mismatch: Daily is bullish, entry is bearish",REPLAYABLE
NZD/USD|2026-07-17T18:25:00.000Z,NZD/USD,2026-07-17T18:25:00.000Z,P/D zone OK,True,"P/D zone OK (premium, 80.4% of the 5m 5-swing box 0.58261–0.58491)",REPLAYABLE
NZD/USD|2026-07-17T18:25:00.000Z,NZD/USD,2026-07-17T18:25:00.000Z,Structural Conviction BLOCKED [entry],False,"Structural Conviction BLOCKED [entry]: Bear fractals 0%, S2F 14%, opposite 25% — no structural support for short",REPLAYABLE
NZD/USD|2026-07-17T18:25:00.000Z,NZD/USD,2026-07-17T18:25:00.000Z,Reaction gate skipped,True,Reaction gate skipped: trend is bearish (not ranging),REPLAYABLE
NZD/USD|2026-07-17T18:25:00.000Z,NZD/USD,2026-07-17T18:25:00.000Z,NZD/USD not in enabled instruments,False,NZD/USD not in enabled instruments,REPLAYABLE
NZD/USD|2026-07-17T18:25:00.000Z,NZD/USD,2026-07-17T18:25:00.000Z,0/7 positions,True,0/7 positions,REPLAYABLE
NZD/USD|2026-07-17T18:25:00.000Z,NZD/USD,2026-07-17T18:25:00.000Z,0/1 for NZD/USD,True,0/1 for NZD/USD,REPLAYABLE
NZD/USD|2026-07-17T18:25:00.000Z,NZD/USD,2026-07-17T18:25:00.000Z,Portfolio heat 0.0%,True,Portfolio heat 0.0%,ACCOUNT_STATE
NZD/USD|2026-07-17T18:25:00.000Z,NZD/USD,2026-07-17T18:25:00.000Z,Daily loss 0.0%,True,Daily loss 0.0%,ACCOUNT_STATE
NZD/USD|2026-07-17T18:25:00.000Z,NZD/USD,2026-07-17T18:25:00.000Z,Drawdown 0.0%,True,Drawdown 0.0%,ACCOUNT_STATE
NZD/USD|2026-07-17T18:25:00.000Z,NZD/USD,2026-07-17T18:25:00.000Z,Score 36.5 < 40 threshold,False,Score 36.5 < 40 threshold,REPLAYABLE
NZD/USD|2026-07-17T18:25:00.000Z,NZD/USD,2026-07-17T18:25:00.000Z,SMT veto,True,SMT veto: no opposition detected,REPLAYABLE
NZD/USD|2026-07-17T18:25:00.000Z,NZD/USD,2026-07-17T18:25:00.000Z,R,True,"R:R 2.08 effective (2.20 raw, spread 2p)",REPLAYABLE
NZD/USD|2026-07-17T18:25:00.000Z,NZD/USD,2026-07-17T18:25:00.000Z,No recent trades — cooldown OK,True,No recent trades — cooldown OK,REPLAYABLE
NZD/USD|2026-07-17T18:25:00.000Z,NZD/USD,2026-07-17T18:25:00.000Z,No trade history for consecutive loss check,True,No trade history for consecutive loss check,ACCOUNT_STATE
NZD/USD|2026-07-17T18:25:00.000Z,NZD/USD,2026-07-17T18:25:00.000Z,Daily net P&L $+0.00,True,Daily net P&L $+0.00 (gross loss: $0.00),ACCOUNT_STATE
NZD/USD|2026-07-17T18:25:00.000Z,NZD/USD,2026-07-17T18:25:00.000Z,News filter,True,News filter: env not configured — skipped,ACCOUNT_STATE
NZD/USD|2026-07-17T18:25:00.000Z,NZD/USD,2026-07-17T18:25:00.000Z,FOTSI Gate,True,FOTSI Gate: data unavailable — skipped,REPLAYABLE
NZD/USD|2026-07-17T18:25:00.000Z,NZD/USD,2026-07-17T18:25:00.000Z,No correlated conflicts,True,No correlated conflicts (threshold 0.8),ACCOUNT_STATE
NZD/USD|2026-07-17T18:25:00.000Z,NZD/USD,2026-07-17T18:25:00.000Z,Tier 1 gate FAILED,False,"Tier 1 gate FAILED: only 1 core factors — need at least 3 of: Market Structure, Order Block, Fair Value Gap, Premium/Dis",REPLAYABLE
NZD/USD|2026-07-17T18:25:00.000Z,NZD/USD,2026-07-17T18:25:00.000Z,Regime gate,True,Regime gate: OK,REPLAYABLE
NZD/USD|2026-07-17T18:25:00.000Z,NZD/USD,2026-07-17T18:25:00.000Z,[Info] Spread wide,True,[Info] Spread wide (indicative): 71.8% of ATR — info only,REPLAYABLE
USD/JPY|2026-07-19T21:45:00.000Z,USD/JPY,2026-07-19T21:45:00.000Z,[legacy] HTF bias aligned,True,[legacy] HTF bias aligned: Daily ranging,REPLAYABLE
USD/JPY|2026-07-19T21:45:00.000Z,USD/JPY,2026-07-19T21:45:00.000Z,P/D zone OK,True,"P/D zone OK (discount, 20.4% of the 5m 5-swing box 162.330–162.745)",REPLAYABLE
USD/JPY|2026-07-19T21:45:00.000Z,USD/JPY,2026-07-19T21:45:00.000Z,Structural Conviction [entry],True,Structural Conviction [entry]: Bear 17% / Bull 20% (S2F 18%),REPLAYABLE
USD/JPY|2026-07-19T21:45:00.000Z,USD/JPY,2026-07-19T21:45:00.000Z,Reaction confirmed in ranging market,True,"Reaction confirmed in ranging market: Reversal Candle, Liquidity Sweep, AMD Phase",REPLAYABLE
USD/JPY|2026-07-19T21:45:00.000Z,USD/JPY,2026-07-19T21:45:00.000Z,USD/JPY enabled,True,USD/JPY enabled,REPLAYABLE
USD/JPY|2026-07-19T21:45:00.000Z,USD/JPY,2026-07-19T21:45:00.000Z,0/7 positions,True,0/7 positions,REPLAYABLE
USD/JPY|2026-07-19T21:45:00.000Z,USD/JPY,2026-07-19T21:45:00.000Z,0/1 for USD/JPY,True,0/1 for USD/JPY,REPLAYABLE
USD/JPY|2026-07-19T21:45:00.000Z,USD/JPY,2026-07-19T21:45:00.000Z,Portfolio heat 0.0%,True,Portfolio heat 0.0%,ACCOUNT_STATE
USD/JPY|2026-07-19T21:45:00.000Z,USD/JPY,2026-07-19T21:45:00.000Z,Daily loss 0.0%,True,Daily loss 0.0%,ACCOUNT_STATE
USD/JPY|2026-07-19T21:45:00.000Z,USD/JPY,2026-07-19T21:45:00.000Z,Drawdown 0.0%,True,Drawdown 0.0%,ACCOUNT_STATE
USD/JPY|2026-07-19T21:45:00.000Z,USD/JPY,2026-07-19T21:45:00.000Z,Score 25.2 < 40 threshold,False,Score 25.2 < 40 threshold,REPLAYABLE
USD/JPY|2026-07-19T21:45:00.000Z,USD/JPY,2026-07-19T21:45:00.000Z,SMT veto,True,SMT veto: no opposition detected,REPLAYABLE
USD/JPY|2026-07-19T21:45:00.000Z,USD/JPY,2026-07-19T21:45:00.000Z,R,True,"R:R 1.78 effective (1.82 raw, spread 1p)",REPLAYABLE
USD/JPY|2026-07-19T21:45:00.000Z,USD/JPY,2026-07-19T21:45:00.000Z,No recent trades — cooldown OK,True,No recent trades — cooldown OK,REPLAYABLE
USD/JPY|2026-07-19T21:45:00.000Z,USD/JPY,2026-07-19T21:45:00.000Z,No trade history for consecutive loss check,True,No trade history for consecutive loss check,ACCOUNT_STATE
USD/JPY|2026-07-19T21:45:00.000Z,USD/JPY,2026-07-19T21:45:00.000Z,Daily net P&L $+0.00,True,Daily net P&L $+0.00 (gross loss: $0.00),ACCOUNT_STATE
USD/JPY|2026-07-19T21:45:00.000Z,USD/JPY,2026-07-19T21:45:00.000Z,News filter,True,News filter: env not configured — skipped,ACCOUNT_STATE
USD/JPY|2026-07-19T21:45:00.000Z,USD/JPY,2026-07-19T21:45:00.000Z,FOTSI Gate,True,FOTSI Gate: data unavailable — skipped,REPLAYABLE
USD/JPY|2026-07-19T21:45:00.000Z,USD/JPY,2026-07-19T21:45:00.000Z,No correlated conflicts,True,No correlated conflicts (threshold 0.8),ACCOUNT_STATE
USD/JPY|2026-07-19T21:45:00.000Z,USD/JPY,2026-07-19T21:45:00.000Z,Tier 1 gate FAILED,False,"Tier 1 gate FAILED: only 1 core factors — need at least 3 of: Market Structure, Order Block, Fair Value Gap, Premium/Dis",REPLAYABLE
USD/JPY|2026-07-19T21:45:00.000Z,USD/JPY,2026-07-19T21:45:00.000Z,Regime gate,True,Regime gate: OK,REPLAYABLE
USD/JPY|2026-07-19T21:45:00.000Z,USD/JPY,2026-07-19T21:45:00.000Z,[Info] Spread OK,True,[Info] Spread OK: 0.2% of ATR,REPLAYABLE
USD/CHF|2026-07-20T01:25:00.000Z,USD/CHF,2026-07-20T01:25:00.000Z,[legacy] HTF bias mismatch,False,"[legacy] HTF bias mismatch: Daily is bullish, entry is bearish",REPLAYABLE
USD/CHF|2026-07-20T01:25:00.000Z,USD/CHF,2026-07-20T01:25:00.000Z,P/D zone OK,True,"P/D zone OK (discount, 21.9% of the 5m 5-swing box 0.80781–0.80918)",REPLAYABLE
USD/CHF|2026-07-20T01:25:00.000Z,USD/CHF,2026-07-20T01:25:00.000Z,Structural Conviction [entry],True,Structural Conviction [entry]: Bear 25% / Bull 25% (S2F 25%),REPLAYABLE
USD/CHF|2026-07-20T01:25:00.000Z,USD/CHF,2026-07-20T01:25:00.000Z,Reaction gate skipped,True,Reaction gate skipped: trend is bearish (not ranging),REPLAYABLE
USD/CHF|2026-07-20T01:25:00.000Z,USD/CHF,2026-07-20T01:25:00.000Z,USD/CHF not in enabled instruments,False,USD/CHF not in enabled instruments,REPLAYABLE
USD/CHF|2026-07-20T01:25:00.000Z,USD/CHF,2026-07-20T01:25:00.000Z,0/7 positions,True,0/7 positions,REPLAYABLE
USD/CHF|2026-07-20T01:25:00.000Z,USD/CHF,2026-07-20T01:25:00.000Z,0/1 for USD/CHF,True,0/1 for USD/CHF,REPLAYABLE
USD/CHF|2026-07-20T01:25:00.000Z,USD/CHF,2026-07-20T01:25:00.000Z,Portfolio heat 0.0%,True,Portfolio heat 0.0%,ACCOUNT_STATE
USD/CHF|2026-07-20T01:25:00.000Z,USD/CHF,2026-07-20T01:25:00.000Z,Daily loss 0.0%,True,Daily loss 0.0%,ACCOUNT_STATE
USD/CHF|2026-07-20T01:25:00.000Z,USD/CHF,2026-07-20T01:25:00.000Z,Drawdown 0.0%,True,Drawdown 0.0%,ACCOUNT_STATE
USD/CHF|2026-07-20T01:25:00.000Z,USD/CHF,2026-07-20T01:25:00.000Z,Score 33.3 < 40 threshold,False,Score 33.3 < 40 threshold,REPLAYABLE
USD/CHF|2026-07-20T01:25:00.000Z,USD/CHF,2026-07-20T01:25:00.000Z,SMT veto,True,SMT veto: no opposition detected,REPLAYABLE
USD/CHF|2026-07-20T01:25:00.000Z,USD/CHF,2026-07-20T01:25:00.000Z,R,True,"R:R 2.11 effective (2.20 raw, spread 1.5p)",REPLAYABLE
USD/CHF|2026-07-20T01:25:00.000Z,USD/CHF,2026-07-20T01:25:00.000Z,No recent trades — cooldown OK,True,No recent trades — cooldown OK,REPLAYABLE
USD/CHF|2026-07-20T01:25:00.000Z,USD/CHF,2026-07-20T01:25:00.000Z,No trade history for consecutive loss check,True,No trade history for consecutive loss check,ACCOUNT_STATE
USD/CHF|2026-07-20T01:25:00.000Z,USD/CHF,2026-07-20T01:25:00.000Z,Daily net P&L $+0.00,True,Daily net P&L $+0.00 (gross loss: $0.00),ACCOUNT_STATE
USD/CHF|2026-07-20T01:25:00.000Z,USD/CHF,2026-07-20T01:25:00.000Z,News filter,True,News filter: env not configured — skipped,ACCOUNT_STATE
USD/CHF|2026-07-20T01:25:00.000Z,USD/CHF,2026-07-20T01:25:00.000Z,FOTSI Gate,True,FOTSI Gate: data unavailable — skipped,REPLAYABLE
USD/CHF|2026-07-20T01:25:00.000Z,USD/CHF,2026-07-20T01:25:00.000Z,No correlated conflicts,True,No correlated conflicts (threshold 0.8),ACCOUNT_STATE
USD/CHF|2026-07-20T01:25:00.000Z,USD/CHF,2026-07-20T01:25:00.000Z,Tier 1 gate FAILED,False,"Tier 1 gate FAILED: only 1 core factors — need at least 3 of: Market Structure, Order Block, Fair Value Gap, Premium/Dis",REPLAYABLE
USD/CHF|2026-07-20T01:25:00.000Z,USD/CHF,2026-07-20T01:25:00.000Z,Regime gate,True,Regime gate: OK,REPLAYABLE
USD/CHF|2026-07-20T01:25:00.000Z,USD/CHF,2026-07-20T01:25:00.000Z,[Info] Spread wide,True,[Info] Spread wide (indicative): 69.0% of ATR — info only,REPLAYABLE
EUR/USD|2026-07-20T01:50:00.000Z,EUR/USD,2026-07-20T01:50:00.000Z,[legacy] HTF bias aligned,True,[legacy] HTF bias aligned: Daily ranging,REPLAYABLE
EUR/USD|2026-07-20T01:50:00.000Z,EUR/USD,2026-07-20T01:50:00.000Z,P/D zone OK,True,"P/D zone OK (premium, 58.9% of the 5m 5-swing box 1.14237–1.14405)",REPLAYABLE
EUR/USD|2026-07-20T01:50:00.000Z,EUR/USD,2026-07-20T01:50:00.000Z,Structural Conviction [entry],True,Structural Conviction [entry]: Bear 25% / Bull 50% (S2F 38%),REPLAYABLE
EUR/USD|2026-07-20T01:50:00.000Z,EUR/USD,2026-07-20T01:50:00.000Z,Reaction gate skipped,True,Reaction gate skipped: trend is bullish (not ranging),REPLAYABLE
EUR/USD|2026-07-20T01:50:00.000Z,EUR/USD,2026-07-20T01:50:00.000Z,EUR/USD enabled,True,EUR/USD enabled,REPLAYABLE
EUR/USD|2026-07-20T01:50:00.000Z,EUR/USD,2026-07-20T01:50:00.000Z,0/7 positions,True,0/7 positions,REPLAYABLE
EUR/USD|2026-07-20T01:50:00.000Z,EUR/USD,2026-07-20T01:50:00.000Z,0/1 for EUR/USD,True,0/1 for EUR/USD,REPLAYABLE
EUR/USD|2026-07-20T01:50:00.000Z,EUR/USD,2026-07-20T01:50:00.000Z,Portfolio heat 0.0%,True,Portfolio heat 0.0%,ACCOUNT_STATE
EUR/USD|2026-07-20T01:50:00.000Z,EUR/USD,2026-07-20T01:50:00.000Z,Daily loss 0.0%,True,Daily loss 0.0%,ACCOUNT_STATE
EUR/USD|2026-07-20T01:50:00.000Z,EUR/USD,2026-07-20T01:50:00.000Z,Drawdown 0.0%,True,Drawdown 0.0%,ACCOUNT_STATE
EUR/USD|2026-07-20T01:50:00.000Z,EUR/USD,2026-07-20T01:50:00.000Z,Score 37.5 < 40 threshold,False,Score 37.5 < 40 threshold,REPLAYABLE
EUR/USD|2026-07-20T01:50:00.000Z,EUR/USD,2026-07-20T01:50:00.000Z,SMT veto,True,SMT veto: no opposition detected,REPLAYABLE
EUR/USD|2026-07-20T01:50:00.000Z,EUR/USD,2026-07-20T01:50:00.000Z,R,True,"R:R 1.95 effective (2.00 raw, spread 1p)",REPLAYABLE
EUR/USD|2026-07-20T01:50:00.000Z,EUR/USD,2026-07-20T01:50:00.000Z,No recent trades — cooldown OK,True,No recent trades — cooldown OK,REPLAYABLE
EUR/USD|2026-07-20T01:50:00.000Z,EUR/USD,2026-07-20T01:50:00.000Z,No trade history for consecutive loss check,True,No trade history for consecutive loss check,ACCOUNT_STATE
EUR/USD|2026-07-20T01:50:00.000Z,EUR/USD,2026-07-20T01:50:00.000Z,Daily net P&L $+0.00,True,Daily net P&L $+0.00 (gross loss: $0.00),ACCOUNT_STATE
EUR/USD|2026-07-20T01:50:00.000Z,EUR/USD,2026-07-20T01:50:00.000Z,News filter,True,News filter: env not configured — skipped,ACCOUNT_STATE
EUR/USD|2026-07-20T01:50:00.000Z,EUR/USD,2026-07-20T01:50:00.000Z,FOTSI Gate,True,FOTSI Gate: data unavailable — skipped,REPLAYABLE
EUR/USD|2026-07-20T01:50:00.000Z,EUR/USD,2026-07-20T01:50:00.000Z,No correlated conflicts,True,No correlated conflicts (threshold 0.8),ACCOUNT_STATE
EUR/USD|2026-07-20T01:50:00.000Z,EUR/USD,2026-07-20T01:50:00.000Z,Tier 1 gate FAILED,False,"Tier 1 gate FAILED: only 2 core factors — need at least 3 of: Market Structure, Order Block, Fair Value Gap, Premium/Dis",REPLAYABLE
EUR/USD|2026-07-20T01:50:00.000Z,EUR/USD,2026-07-20T01:50:00.000Z,Regime gate,True,Regime gate: OK,REPLAYABLE
EUR/USD|2026-07-20T01:50:00.000Z,EUR/USD,2026-07-20T01:50:00.000Z,[Info] Spread wide,True,[Info] Spread wide (indicative): 50.0% of ATR — info only,REPLAYABLE
AUD/USD|2026-07-22T02:30:00.000Z,AUD/USD,2026-07-22T02:30:00.000Z,[legacy] HTF bias aligned,True,[legacy] HTF bias aligned: Daily bullish,REPLAYABLE
AUD/USD|2026-07-22T02:30:00.000Z,AUD/USD,2026-07-22T02:30:00.000Z,P/D zone OK,True,"P/D zone OK (premium, 64.9% of the 5m 5-swing box 0.69975–0.70129)",REPLAYABLE
AUD/USD|2026-07-22T02:30:00.000Z,AUD/USD,2026-07-22T02:30:00.000Z,Structural Conviction [entry],True,Structural Conviction [entry]: Bull 33% / Bear 0% (S2F 11%),REPLAYABLE
AUD/USD|2026-07-22T02:30:00.000Z,AUD/USD,2026-07-22T02:30:00.000Z,Reaction gate skipped,True,Reaction gate skipped: trend is bearish (not ranging),REPLAYABLE
AUD/USD|2026-07-22T02:30:00.000Z,AUD/USD,2026-07-22T02:30:00.000Z,AUD/USD not in enabled instruments,False,AUD/USD not in enabled instruments,REPLAYABLE
AUD/USD|2026-07-22T02:30:00.000Z,AUD/USD,2026-07-22T02:30:00.000Z,0/7 positions,True,0/7 positions,REPLAYABLE
AUD/USD|2026-07-22T02:30:00.000Z,AUD/USD,2026-07-22T02:30:00.000Z,0/1 for AUD/USD,True,0/1 for AUD/USD,REPLAYABLE
AUD/USD|2026-07-22T02:30:00.000Z,AUD/USD,2026-07-22T02:30:00.000Z,Portfolio heat 0.0%,True,Portfolio heat 0.0%,ACCOUNT_STATE
AUD/USD|2026-07-22T02:30:00.000Z,AUD/USD,2026-07-22T02:30:00.000Z,Daily loss 0.0%,True,Daily loss 0.0%,ACCOUNT_STATE
AUD/USD|2026-07-22T02:30:00.000Z,AUD/USD,2026-07-22T02:30:00.000Z,Drawdown 0.0%,True,Drawdown 0.0%,ACCOUNT_STATE
AUD/USD|2026-07-22T02:30:00.000Z,AUD/USD,2026-07-22T02:30:00.000Z,Score 38.5 < 40 threshold,False,Score 38.5 < 40 threshold,REPLAYABLE
AUD/USD|2026-07-22T02:30:00.000Z,AUD/USD,2026-07-22T02:30:00.000Z,SMT veto,True,SMT veto: no opposition detected,REPLAYABLE
AUD/USD|2026-07-22T02:30:00.000Z,AUD/USD,2026-07-22T02:30:00.000Z,R,True,"R:R 2.13 effective (2.21 raw, spread 1.5p)",REPLAYABLE
AUD/USD|2026-07-22T02:30:00.000Z,AUD/USD,2026-07-22T02:30:00.000Z,No recent trades — cooldown OK,True,No recent trades — cooldown OK,REPLAYABLE
AUD/USD|2026-07-22T02:30:00.000Z,AUD/USD,2026-07-22T02:30:00.000Z,No trade history for consecutive loss check,True,No trade history for consecutive loss check,ACCOUNT_STATE
AUD/USD|2026-07-22T02:30:00.000Z,AUD/USD,2026-07-22T02:30:00.000Z,Daily net P&L $+0.00,True,Daily net P&L $+0.00 (gross loss: $0.00),ACCOUNT_STATE
AUD/USD|2026-07-22T02:30:00.000Z,AUD/USD,2026-07-22T02:30:00.000Z,News filter,True,News filter: env not configured — skipped,ACCOUNT_STATE
AUD/USD|2026-07-22T02:30:00.000Z,AUD/USD,2026-07-22T02:30:00.000Z,FOTSI Gate,True,FOTSI Gate: data unavailable — skipped,REPLAYABLE
AUD/USD|2026-07-22T02:30:00.000Z,AUD/USD,2026-07-22T02:30:00.000Z,No correlated conflicts,True,No correlated conflicts (threshold 0.8),ACCOUNT_STATE
AUD/USD|2026-07-22T02:30:00.000Z,AUD/USD,2026-07-22T02:30:00.000Z,Tier 1 gate FAILED,False,"Tier 1 gate FAILED: only 2 core factors — need at least 3 of: Market Structure, Order Block, Fair Value Gap, Premium/Dis",REPLAYABLE
AUD/USD|2026-07-22T02:30:00.000Z,AUD/USD,2026-07-22T02:30:00.000Z,Regime gate,True,Regime gate: OK,REPLAYABLE
AUD/USD|2026-07-22T02:30:00.000Z,AUD/USD,2026-07-22T02:30:00.000Z,[Info] Spread wide,True,[Info] Spread wide (indicative): 44.9% of ATR — info only,REPLAYABLE
GBP/USD|2026-07-22T15:00:00.000Z,GBP/USD,2026-07-22T15:00:00.000Z,[legacy] HTF bias mismatch,False,"[legacy] HTF bias mismatch: Daily is bullish, entry is bearish",REPLAYABLE
GBP/USD|2026-07-22T15:00:00.000Z,GBP/USD,2026-07-22T15:00:00.000Z,P/D zone OK,True,"P/D zone OK (premium, 58.5% of the 5m 5-swing box 1.33553–1.33907)",REPLAYABLE
GBP/USD|2026-07-22T15:00:00.000Z,GBP/USD,2026-07-22T15:00:00.000Z,Structural Conviction [entry],True,Structural Conviction [entry]: Bear 25% / Bull 0% (S2F 17%),REPLAYABLE
GBP/USD|2026-07-22T15:00:00.000Z,GBP/USD,2026-07-22T15:00:00.000Z,Reaction gate skipped,True,Reaction gate skipped: trend is bullish (not ranging),REPLAYABLE
GBP/USD|2026-07-22T15:00:00.000Z,GBP/USD,2026-07-22T15:00:00.000Z,GBP/USD enabled,True,GBP/USD enabled,REPLAYABLE
GBP/USD|2026-07-22T15:00:00.000Z,GBP/USD,2026-07-22T15:00:00.000Z,0/7 positions,True,0/7 positions,REPLAYABLE
GBP/USD|2026-07-22T15:00:00.000Z,GBP/USD,2026-07-22T15:00:00.000Z,0/1 for GBP/USD,True,0/1 for GBP/USD,REPLAYABLE
GBP/USD|2026-07-22T15:00:00.000Z,GBP/USD,2026-07-22T15:00:00.000Z,Portfolio heat 0.0%,True,Portfolio heat 0.0%,ACCOUNT_STATE
GBP/USD|2026-07-22T15:00:00.000Z,GBP/USD,2026-07-22T15:00:00.000Z,Daily loss 0.0%,True,Daily loss 0.0%,ACCOUNT_STATE
GBP/USD|2026-07-22T15:00:00.000Z,GBP/USD,2026-07-22T15:00:00.000Z,Drawdown 0.0%,True,Drawdown 0.0%,ACCOUNT_STATE
GBP/USD|2026-07-22T15:00:00.000Z,GBP/USD,2026-07-22T15:00:00.000Z,Score 31.3 < 40 threshold,False,Score 31.3 < 40 threshold,REPLAYABLE
GBP/USD|2026-07-22T15:00:00.000Z,GBP/USD,2026-07-22T15:00:00.000Z,SMT veto,True,SMT veto: no opposition detected,REPLAYABLE
GBP/USD|2026-07-22T15:00:00.000Z,GBP/USD,2026-07-22T15:00:00.000Z,R,True,"R:R 1.95 effective (2.01 raw, spread 1.5p)",REPLAYABLE
GBP/USD|2026-07-22T15:00:00.000Z,GBP/USD,2026-07-22T15:00:00.000Z,No recent trades — cooldown OK,True,No recent trades — cooldown OK,REPLAYABLE
GBP/USD|2026-07-22T15:00:00.000Z,GBP/USD,2026-07-22T15:00:00.000Z,No trade history for consecutive loss check,True,No trade history for consecutive loss check,ACCOUNT_STATE
GBP/USD|2026-07-22T15:00:00.000Z,GBP/USD,2026-07-22T15:00:00.000Z,Daily net P&L $+0.00,True,Daily net P&L $+0.00 (gross loss: $0.00),ACCOUNT_STATE
GBP/USD|2026-07-22T15:00:00.000Z,GBP/USD,2026-07-22T15:00:00.000Z,News filter,True,News filter: env not configured — skipped,ACCOUNT_STATE
GBP/USD|2026-07-22T15:00:00.000Z,GBP/USD,2026-07-22T15:00:00.000Z,FOTSI Gate,True,FOTSI Gate: data unavailable — skipped,REPLAYABLE
GBP/USD|2026-07-22T15:00:00.000Z,GBP/USD,2026-07-22T15:00:00.000Z,No correlated conflicts,True,No correlated conflicts (threshold 0.8),ACCOUNT_STATE
GBP/USD|2026-07-22T15:00:00.000Z,GBP/USD,2026-07-22T15:00:00.000Z,Tier 1 gate FAILED,False,"Tier 1 gate FAILED: only 1 core factors — need at least 3 of: Market Structure, Order Block, Fair Value Gap, Premium/Dis",REPLAYABLE
GBP/USD|2026-07-22T15:00:00.000Z,GBP/USD,2026-07-22T15:00:00.000Z,Regime gate,True,Regime gate: OK,REPLAYABLE
GBP/USD|2026-07-22T15:00:00.000Z,GBP/USD,2026-07-22T15:00:00.000Z,[Info] Spread wide,True,[Info] Spread wide (indicative): 25.9% of ATR — info only,REPLAYABLE
USD/CAD|2026-07-23T01:55:00.000Z,USD/CAD,2026-07-23T01:55:00.000Z,[legacy] HTF bias mismatch,False,"[legacy] HTF bias mismatch: Daily is bearish, entry is bullish",REPLAYABLE
USD/CAD|2026-07-23T01:55:00.000Z,USD/CAD,2026-07-23T01:55:00.000Z,P/D zone OK,True,"P/D zone OK (discount, 0.6% of the 5m 5-swing box 1.40747–1.40902)",REPLAYABLE
USD/CAD|2026-07-23T01:55:00.000Z,USD/CAD,2026-07-23T01:55:00.000Z,Structural Conviction BLOCKED [entry],False,"Structural Conviction BLOCKED [entry]: Bull fractals 0%, S2F 33%, opposite 67% — no structural support for long",REPLAYABLE
USD/CAD|2026-07-23T01:55:00.000Z,USD/CAD,2026-07-23T01:55:00.000Z,Reaction gate skipped,True,Reaction gate skipped: trend is bearish (not ranging),REPLAYABLE
USD/CAD|2026-07-23T01:55:00.000Z,USD/CAD,2026-07-23T01:55:00.000Z,USD/CAD not in enabled instruments,False,USD/CAD not in enabled instruments,REPLAYABLE
USD/CAD|2026-07-23T01:55:00.000Z,USD/CAD,2026-07-23T01:55:00.000Z,0/7 positions,True,0/7 positions,REPLAYABLE
USD/CAD|2026-07-23T01:55:00.000Z,USD/CAD,2026-07-23T01:55:00.000Z,0/1 for USD/CAD,True,0/1 for USD/CAD,REPLAYABLE
USD/CAD|2026-07-23T01:55:00.000Z,USD/CAD,2026-07-23T01:55:00.000Z,Portfolio heat 0.0%,True,Portfolio heat 0.0%,ACCOUNT_STATE
USD/CAD|2026-07-23T01:55:00.000Z,USD/CAD,2026-07-23T01:55:00.000Z,Daily loss 0.0%,True,Daily loss 0.0%,ACCOUNT_STATE
USD/CAD|2026-07-23T01:55:00.000Z,USD/CAD,2026-07-23T01:55:00.000Z,Drawdown 0.0%,True,Drawdown 0.0%,ACCOUNT_STATE
USD/CAD|2026-07-23T01:55:00.000Z,USD/CAD,2026-07-23T01:55:00.000Z,Score 33.3 < 40 threshold,False,Score 33.3 < 40 threshold,REPLAYABLE
USD/CAD|2026-07-23T01:55:00.000Z,USD/CAD,2026-07-23T01:55:00.000Z,SMT veto,True,SMT veto: no opposition detected,REPLAYABLE
USD/CAD|2026-07-23T01:55:00.000Z,USD/CAD,2026-07-23T01:55:00.000Z,R,True,"R:R 1.88 effective (1.97 raw, spread 1.5p)",REPLAYABLE
USD/CAD|2026-07-23T01:55:00.000Z,USD/CAD,2026-07-23T01:55:00.000Z,No recent trades — cooldown OK,True,No recent trades — cooldown OK,REPLAYABLE
USD/CAD|2026-07-23T01:55:00.000Z,USD/CAD,2026-07-23T01:55:00.000Z,No trade history for consecutive loss check,True,No trade history for consecutive loss check,ACCOUNT_STATE
USD/CAD|2026-07-23T01:55:00.000Z,USD/CAD,2026-07-23T01:55:00.000Z,Daily net P&L $+0.00,True,Daily net P&L $+0.00 (gross loss: $0.00),ACCOUNT_STATE
USD/CAD|2026-07-23T01:55:00.000Z,USD/CAD,2026-07-23T01:55:00.000Z,News filter,True,News filter: env not configured — skipped,ACCOUNT_STATE
USD/CAD|2026-07-23T01:55:00.000Z,USD/CAD,2026-07-23T01:55:00.000Z,FOTSI Gate,True,FOTSI Gate: data unavailable — skipped,REPLAYABLE
USD/CAD|2026-07-23T01:55:00.000Z,USD/CAD,2026-07-23T01:55:00.000Z,No correlated conflicts,True,No correlated conflicts (threshold 0.8),ACCOUNT_STATE
USD/CAD|2026-07-23T01:55:00.000Z,USD/CAD,2026-07-23T01:55:00.000Z,Tier 1 gate FAILED,False,"Tier 1 gate FAILED: only 1 core factors — need at least 3 of: Market Structure, Order Block, Fair Value Gap, Premium/Dis",REPLAYABLE
USD/CAD|2026-07-23T01:55:00.000Z,USD/CAD,2026-07-23T01:55:00.000Z,Regime gate,True,Regime gate: OK,REPLAYABLE
USD/CAD|2026-07-23T01:55:00.000Z,USD/CAD,2026-07-23T01:55:00.000Z,[Info] Spread wide,True,[Info] Spread wide (indicative): 37.0% of ATR — info only,REPLAYABLE
EUR/USD|2026-07-24T16:30:00.000Z,EUR/USD,2026-07-24T16:30:00.000Z,[legacy] HTF bias aligned,True,[legacy] HTF bias aligned: Daily ranging,REPLAYABLE
EUR/USD|2026-07-24T16:30:00.000Z,EUR/USD,2026-07-24T16:30:00.000Z,P/D zone OK,True,"P/D zone OK (premium, 70.1% of the 5m 5-swing box 1.13654–1.13908)",REPLAYABLE
EUR/USD|2026-07-24T16:30:00.000Z,EUR/USD,2026-07-24T16:30:00.000Z,Structural Conviction [entry],True,Structural Conviction [entry]: Bear 17% / Bull 33% (S2F 25%),REPLAYABLE
EUR/USD|2026-07-24T16:30:00.000Z,EUR/USD,2026-07-24T16:30:00.000Z,Reaction gate skipped,True,Reaction gate skipped: trend is bearish (not ranging),REPLAYABLE
EUR/USD|2026-07-24T16:30:00.000Z,EUR/USD,2026-07-24T16:30:00.000Z,EUR/USD enabled,True,EUR/USD enabled,REPLAYABLE
EUR/USD|2026-07-24T16:30:00.000Z,EUR/USD,2026-07-24T16:30:00.000Z,0/7 positions,True,0/7 positions,REPLAYABLE
EUR/USD|2026-07-24T16:30:00.000Z,EUR/USD,2026-07-24T16:30:00.000Z,0/1 for EUR/USD,True,0/1 for EUR/USD,REPLAYABLE
EUR/USD|2026-07-24T16:30:00.000Z,EUR/USD,2026-07-24T16:30:00.000Z,Portfolio heat 0.0%,True,Portfolio heat 0.0%,ACCOUNT_STATE
EUR/USD|2026-07-24T16:30:00.000Z,EUR/USD,2026-07-24T16:30:00.000Z,Daily loss 0.0%,True,Daily loss 0.0%,ACCOUNT_STATE
EUR/USD|2026-07-24T16:30:00.000Z,EUR/USD,2026-07-24T16:30:00.000Z,Drawdown 0.0%,True,Drawdown 0.0%,ACCOUNT_STATE
EUR/USD|2026-07-24T16:30:00.000Z,EUR/USD,2026-07-24T16:30:00.000Z,Score 41.7 meets threshold,True,Score 41.7 meets threshold,REPLAYABLE
EUR/USD|2026-07-24T16:30:00.000Z,EUR/USD,2026-07-24T16:30:00.000Z,SMT veto,True,SMT veto: no opposition detected,REPLAYABLE
EUR/USD|2026-07-24T16:30:00.000Z,EUR/USD,2026-07-24T16:30:00.000Z,R,True,"R:R 1.98 effective (2.03 raw, spread 1p)",REPLAYABLE
EUR/USD|2026-07-24T16:30:00.000Z,EUR/USD,2026-07-24T16:30:00.000Z,No recent trades — cooldown OK,True,No recent trades — cooldown OK,REPLAYABLE
EUR/USD|2026-07-24T16:30:00.000Z,EUR/USD,2026-07-24T16:30:00.000Z,No trade history for consecutive loss check,True,No trade history for consecutive loss check,ACCOUNT_STATE
EUR/USD|2026-07-24T16:30:00.000Z,EUR/USD,2026-07-24T16:30:00.000Z,Daily net P&L $+0.00,True,Daily net P&L $+0.00 (gross loss: $0.00),ACCOUNT_STATE
EUR/USD|2026-07-24T16:30:00.000Z,EUR/USD,2026-07-24T16:30:00.000Z,News filter,True,News filter: env not configured — skipped,ACCOUNT_STATE
EUR/USD|2026-07-24T16:30:00.000Z,EUR/USD,2026-07-24T16:30:00.000Z,FOTSI Gate,True,FOTSI Gate: data unavailable — skipped,REPLAYABLE
EUR/USD|2026-07-24T16:30:00.000Z,EUR/USD,2026-07-24T16:30:00.000Z,No correlated conflicts,True,No correlated conflicts (threshold 0.8),ACCOUNT_STATE
EUR/USD|2026-07-24T16:30:00.000Z,EUR/USD,2026-07-24T16:30:00.000Z,Tier 1 gate FAILED,False,"Tier 1 gate FAILED: only 1 core factors — need at least 3 of: Market Structure, Order Block, Fair Value Gap, Premium/Dis",REPLAYABLE
EUR/USD|2026-07-24T16:30:00.000Z,EUR/USD,2026-07-24T16:30:00.000Z,Regime gate,True,Regime gate: OK,REPLAYABLE
EUR/USD|2026-07-24T16:30:00.000Z,EUR/USD,2026-07-24T16:30:00.000Z,[Info] Spread wide,True,[Info] Spread wide (indicative): 34.7% of ATR — info only,REPLAYABLE
USD/CAD|2026-07-26T14:30:00.000Z,USD/CAD,2026-07-26T14:30:00.000Z,[legacy] HTF bias aligned,True,[legacy] HTF bias aligned: Daily bearish,REPLAYABLE
USD/CAD|2026-07-26T14:30:00.000Z,USD/CAD,2026-07-26T14:30:00.000Z,P/D zone OK,True,"P/D zone OK (discount, 41.9% of the 5m 5-swing box 1.40924–1.40986)",REPLAYABLE
USD/CAD|2026-07-26T14:30:00.000Z,USD/CAD,2026-07-26T14:30:00.000Z,Structural Conviction [entry],True,Structural Conviction [entry]: Bear 33% / Bull 0% (S2F 20%),REPLAYABLE
USD/CAD|2026-07-26T14:30:00.000Z,USD/CAD,2026-07-26T14:30:00.000Z,Reaction gate skipped,True,Reaction gate skipped: trend is bearish (not ranging),REPLAYABLE
USD/CAD|2026-07-26T14:30:00.000Z,USD/CAD,2026-07-26T14:30:00.000Z,USD/CAD not in enabled instruments,False,USD/CAD not in enabled instruments,REPLAYABLE
USD/CAD|2026-07-26T14:30:00.000Z,USD/CAD,2026-07-26T14:30:00.000Z,0/7 positions,True,0/7 positions,REPLAYABLE
USD/CAD|2026-07-26T14:30:00.000Z,USD/CAD,2026-07-26T14:30:00.000Z,0/1 for USD/CAD,True,0/1 for USD/CAD,REPLAYABLE
USD/CAD|2026-07-26T14:30:00.000Z,USD/CAD,2026-07-26T14:30:00.000Z,Portfolio heat 0.0%,True,Portfolio heat 0.0%,ACCOUNT_STATE
USD/CAD|2026-07-26T14:30:00.000Z,USD/CAD,2026-07-26T14:30:00.000Z,Daily loss 0.0%,True,Daily loss 0.0%,ACCOUNT_STATE
USD/CAD|2026-07-26T14:30:00.000Z,USD/CAD,2026-07-26T14:30:00.000Z,Drawdown 0.0%,True,Drawdown 0.0%,ACCOUNT_STATE
USD/CAD|2026-07-26T14:30:00.000Z,USD/CAD,2026-07-26T14:30:00.000Z,Score 41.7 meets threshold,True,Score 41.7 meets threshold,REPLAYABLE
USD/CAD|2026-07-26T14:30:00.000Z,USD/CAD,2026-07-26T14:30:00.000Z,SMT veto,True,SMT veto: no opposition detected,REPLAYABLE
USD/CAD|2026-07-26T14:30:00.000Z,USD/CAD,2026-07-26T14:30:00.000Z,R,True,"R:R 2.07 effective (2.16 raw, spread 1.5p)",REPLAYABLE
USD/CAD|2026-07-26T14:30:00.000Z,USD/CAD,2026-07-26T14:30:00.000Z,No recent trades — cooldown OK,True,No recent trades — cooldown OK,REPLAYABLE
USD/CAD|2026-07-26T14:30:00.000Z,USD/CAD,2026-07-26T14:30:00.000Z,No trade history for consecutive loss check,True,No trade history for consecutive loss check,ACCOUNT_STATE
USD/CAD|2026-07-26T14:30:00.000Z,USD/CAD,2026-07-26T14:30:00.000Z,Daily net P&L $+0.00,True,Daily net P&L $+0.00 (gross loss: $0.00),ACCOUNT_STATE
USD/CAD|2026-07-26T14:30:00.000Z,USD/CAD,2026-07-26T14:30:00.000Z,News filter,True,News filter: env not configured — skipped,ACCOUNT_STATE
USD/CAD|2026-07-26T14:30:00.000Z,USD/CAD,2026-07-26T14:30:00.000Z,FOTSI Gate,True,FOTSI Gate: data unavailable — skipped,REPLAYABLE
USD/CAD|2026-07-26T14:30:00.000Z,USD/CAD,2026-07-26T14:30:00.000Z,No correlated conflicts,True,No correlated conflicts (threshold 0.8),ACCOUNT_STATE
USD/CAD|2026-07-26T14:30:00.000Z,USD/CAD,2026-07-26T14:30:00.000Z,Tier 1 gate FAILED,False,"Tier 1 gate FAILED: only 2 core factors — need at least 3 of: Market Structure, Order Block, Fair Value Gap, Premium/Dis",REPLAYABLE
USD/CAD|2026-07-26T14:30:00.000Z,USD/CAD,2026-07-26T14:30:00.000Z,Regime gate,True,Regime gate: OK,REPLAYABLE
USD/CAD|2026-07-26T14:30:00.000Z,USD/CAD,2026-07-26T14:30:00.000Z,[Info] Spread wide,True,[Info] Spread wide (indicative): 97.9% of ATR — info only,REPLAYABLE
AUD/USD|2026-07-27T03:05:00.000Z,AUD/USD,2026-07-27T03:05:00.000Z,[legacy] HTF bias aligned,True,[legacy] HTF bias aligned: Daily bullish,REPLAYABLE
AUD/USD|2026-07-27T03:05:00.000Z,AUD/USD,2026-07-27T03:05:00.000Z,P/D zone OK,True,"P/D zone OK (equilibrium, 51.7% of the 5m 5-swing box 0.69908–0.70059)",REPLAYABLE
AUD/USD|2026-07-27T03:05:00.000Z,AUD/USD,2026-07-27T03:05:00.000Z,Structural Conviction [entry],True,Structural Conviction [entry]: Bull 40% / Bear 0% (S2F 22%),REPLAYABLE
AUD/USD|2026-07-27T03:05:00.000Z,AUD/USD,2026-07-27T03:05:00.000Z,Reaction confirmed in ranging market,True,"Reaction confirmed in ranging market: Reversal Candle, Liquidity Sweep",REPLAYABLE
AUD/USD|2026-07-27T03:05:00.000Z,AUD/USD,2026-07-27T03:05:00.000Z,AUD/USD not in enabled instruments,False,AUD/USD not in enabled instruments,REPLAYABLE
AUD/USD|2026-07-27T03:05:00.000Z,AUD/USD,2026-07-27T03:05:00.000Z,0/7 positions,True,0/7 positions,REPLAYABLE
AUD/USD|2026-07-27T03:05:00.000Z,AUD/USD,2026-07-27T03:05:00.000Z,0/1 for AUD/USD,True,0/1 for AUD/USD,REPLAYABLE
AUD/USD|2026-07-27T03:05:00.000Z,AUD/USD,2026-07-27T03:05:00.000Z,Portfolio heat 0.0%,True,Portfolio heat 0.0%,ACCOUNT_STATE
AUD/USD|2026-07-27T03:05:00.000Z,AUD/USD,2026-07-27T03:05:00.000Z,Daily loss 0.0%,True,Daily loss 0.0%,ACCOUNT_STATE
AUD/USD|2026-07-27T03:05:00.000Z,AUD/USD,2026-07-27T03:05:00.000Z,Drawdown 0.0%,True,Drawdown 0.0%,ACCOUNT_STATE
AUD/USD|2026-07-27T03:05:00.000Z,AUD/USD,2026-07-27T03:05:00.000Z,Score 40.5 meets threshold,True,Score 40.5 meets threshold,REPLAYABLE
AUD/USD|2026-07-27T03:05:00.000Z,AUD/USD,2026-07-27T03:05:00.000Z,SMT veto,True,SMT veto: no opposition detected,REPLAYABLE
AUD/USD|2026-07-27T03:05:00.000Z,AUD/USD,2026-07-27T03:05:00.000Z,R,True,"R:R 1.95 effective (2.03 raw, spread 1.5p)",REPLAYABLE
AUD/USD|2026-07-27T03:05:00.000Z,AUD/USD,2026-07-27T03:05:00.000Z,No recent trades — cooldown OK,True,No recent trades — cooldown OK,REPLAYABLE
AUD/USD|2026-07-27T03:05:00.000Z,AUD/USD,2026-07-27T03:05:00.000Z,No trade history for consecutive loss check,True,No trade history for consecutive loss check,ACCOUNT_STATE
AUD/USD|2026-07-27T03:05:00.000Z,AUD/USD,2026-07-27T03:05:00.000Z,Daily net P&L $+0.00,True,Daily net P&L $+0.00 (gross loss: $0.00),ACCOUNT_STATE
AUD/USD|2026-07-27T03:05:00.000Z,AUD/USD,2026-07-27T03:05:00.000Z,News filter,True,News filter: env not configured — skipped,ACCOUNT_STATE
AUD/USD|2026-07-27T03:05:00.000Z,AUD/USD,2026-07-27T03:05:00.000Z,FOTSI Gate,True,FOTSI Gate: data unavailable — skipped,REPLAYABLE
AUD/USD|2026-07-27T03:05:00.000Z,AUD/USD,2026-07-27T03:05:00.000Z,No correlated conflicts,True,No correlated conflicts (threshold 0.8),ACCOUNT_STATE
AUD/USD|2026-07-27T03:05:00.000Z,AUD/USD,2026-07-27T03:05:00.000Z,Tier 1 gate passed,True,"Tier 1 gate passed: 3 core factors (Market Structure, Order Block, Premium/Discount & Fib)",REPLAYABLE
AUD/USD|2026-07-27T03:05:00.000Z,AUD/USD,2026-07-27T03:05:00.000Z,Regime gate,True,Regime gate: OK,REPLAYABLE
AUD/USD|2026-07-27T03:05:00.000Z,AUD/USD,2026-07-27T03:05:00.000Z,[Info] Spread wide,True,[Info] Spread wide (indicative): 45.3% of ATR — info only,REPLAYABLE
EUR/USD|2026-07-28T04:20:00.000Z,EUR/USD,2026-07-28T04:20:00.000Z,[legacy] HTF bias aligned,True,[legacy] HTF bias aligned: Daily ranging,REPLAYABLE
EUR/USD|2026-07-28T04:20:00.000Z,EUR/USD,2026-07-28T04:20:00.000Z,P/D zone OK,True,"P/D zone OK (discount, 30.6% of the 5m 5-swing box 1.13671–1.13805)",REPLAYABLE
EUR/USD|2026-07-28T04:20:00.000Z,EUR/USD,2026-07-28T04:20:00.000Z,Structural Conviction [entry],True,Structural Conviction [entry]: Bull 50% / Bear 0% (S2F 25%),REPLAYABLE
EUR/USD|2026-07-28T04:20:00.000Z,EUR/USD,2026-07-28T04:20:00.000Z,Reaction gate skipped,True,Reaction gate skipped: trend is bullish (not ranging),REPLAYABLE
EUR/USD|2026-07-28T04:20:00.000Z,EUR/USD,2026-07-28T04:20:00.000Z,EUR/USD enabled,True,EUR/USD enabled,REPLAYABLE
EUR/USD|2026-07-28T04:20:00.000Z,EUR/USD,2026-07-28T04:20:00.000Z,0/7 positions,True,0/7 positions,REPLAYABLE
EUR/USD|2026-07-28T04:20:00.000Z,EUR/USD,2026-07-28T04:20:00.000Z,0/1 for EUR/USD,True,0/1 for EUR/USD,REPLAYABLE
EUR/USD|2026-07-28T04:20:00.000Z,EUR/USD,2026-07-28T04:20:00.000Z,Portfolio heat 0.0%,True,Portfolio heat 0.0%,ACCOUNT_STATE
EUR/USD|2026-07-28T04:20:00.000Z,EUR/USD,2026-07-28T04:20:00.000Z,Daily loss 0.0%,True,Daily loss 0.0%,ACCOUNT_STATE
EUR/USD|2026-07-28T04:20:00.000Z,EUR/USD,2026-07-28T04:20:00.000Z,Drawdown 0.0%,True,Drawdown 0.0%,ACCOUNT_STATE
EUR/USD|2026-07-28T04:20:00.000Z,EUR/USD,2026-07-28T04:20:00.000Z,Score 31.3 < 40 threshold,False,Score 31.3 < 40 threshold,REPLAYABLE
EUR/USD|2026-07-28T04:20:00.000Z,EUR/USD,2026-07-28T04:20:00.000Z,SMT veto,True,SMT veto: no opposition detected,REPLAYABLE
EUR/USD|2026-07-28T04:20:00.000Z,EUR/USD,2026-07-28T04:20:00.000Z,R,True,"R:R 2.17 effective (2.23 raw, spread 1p)",REPLAYABLE
EUR/USD|2026-07-28T04:20:00.000Z,EUR/USD,2026-07-28T04:20:00.000Z,No recent trades — cooldown OK,True,No recent trades — cooldown OK,REPLAYABLE
EUR/USD|2026-07-28T04:20:00.000Z,EUR/USD,2026-07-28T04:20:00.000Z,No trade history for consecutive loss check,True,No trade history for consecutive loss check,ACCOUNT_STATE
EUR/USD|2026-07-28T04:20:00.000Z,EUR/USD,2026-07-28T04:20:00.000Z,Daily net P&L $+0.00,True,Daily net P&L $+0.00 (gross loss: $0.00),ACCOUNT_STATE
EUR/USD|2026-07-28T04:20:00.000Z,EUR/USD,2026-07-28T04:20:00.000Z,News filter,True,News filter: env not configured — skipped,ACCOUNT_STATE
EUR/USD|2026-07-28T04:20:00.000Z,EUR/USD,2026-07-28T04:20:00.000Z,FOTSI Gate,True,FOTSI Gate: data unavailable — skipped,REPLAYABLE
EUR/USD|2026-07-28T04:20:00.000Z,EUR/USD,2026-07-28T04:20:00.000Z,No correlated conflicts,True,No correlated conflicts (threshold 0.8),ACCOUNT_STATE
EUR/USD|2026-07-28T04:20:00.000Z,EUR/USD,2026-07-28T04:20:00.000Z,Tier 1 gate FAILED,False,"Tier 1 gate FAILED: only 2 core factors — need at least 3 of: Market Structure, Order Block, Fair Value Gap, Premium/Dis",REPLAYABLE
EUR/USD|2026-07-28T04:20:00.000Z,EUR/USD,2026-07-28T04:20:00.000Z,Regime gate,True,Regime gate: OK,REPLAYABLE
EUR/USD|2026-07-28T04:20:00.000Z,EUR/USD,2026-07-28T04:20:00.000Z,[Info] Spread wide,True,[Info] Spread wide (indicative): 47.5% of ATR — info only,REPLAYABLE
NZD/USD|2026-07-28T07:20:00.000Z,NZD/USD,2026-07-28T07:20:00.000Z,[legacy] HTF bias aligned,True,[legacy] HTF bias aligned: Daily bullish,REPLAYABLE
NZD/USD|2026-07-28T07:20:00.000Z,NZD/USD,2026-07-28T07:20:00.000Z,P/D zone OK,True,"P/D zone OK (premium, 73.5% of the 5m 5-swing box 0.57625–0.57787)",REPLAYABLE
NZD/USD|2026-07-28T07:20:00.000Z,NZD/USD,2026-07-28T07:20:00.000Z,Structural Conviction [entry],True,Structural Conviction [entry]: Bull 20% / Bear 33% (S2F 25%),REPLAYABLE
NZD/USD|2026-07-28T07:20:00.000Z,NZD/USD,2026-07-28T07:20:00.000Z,Reaction gate skipped,True,Reaction gate skipped: trend is bullish (not ranging),REPLAYABLE
NZD/USD|2026-07-28T07:20:00.000Z,NZD/USD,2026-07-28T07:20:00.000Z,NZD/USD not in enabled instruments,False,NZD/USD not in enabled instruments,REPLAYABLE
NZD/USD|2026-07-28T07:20:00.000Z,NZD/USD,2026-07-28T07:20:00.000Z,0/7 positions,True,0/7 positions,REPLAYABLE
NZD/USD|2026-07-28T07:20:00.000Z,NZD/USD,2026-07-28T07:20:00.000Z,0/1 for NZD/USD,True,0/1 for NZD/USD,REPLAYABLE
NZD/USD|2026-07-28T07:20:00.000Z,NZD/USD,2026-07-28T07:20:00.000Z,Portfolio heat 0.0%,True,Portfolio heat 0.0%,ACCOUNT_STATE
NZD/USD|2026-07-28T07:20:00.000Z,NZD/USD,2026-07-28T07:20:00.000Z,Daily loss 0.0%,True,Daily loss 0.0%,ACCOUNT_STATE
NZD/USD|2026-07-28T07:20:00.000Z,NZD/USD,2026-07-28T07:20:00.000Z,Drawdown 0.0%,True,Drawdown 0.0%,ACCOUNT_STATE
NZD/USD|2026-07-28T07:20:00.000Z,NZD/USD,2026-07-28T07:20:00.000Z,Score 39.6 < 40 threshold,False,Score 39.6 < 40 threshold,REPLAYABLE
NZD/USD|2026-07-28T07:20:00.000Z,NZD/USD,2026-07-28T07:20:00.000Z,SMT veto,True,SMT veto: no opposition detected,REPLAYABLE
NZD/USD|2026-07-28T07:20:00.000Z,NZD/USD,2026-07-28T07:20:00.000Z,R,True,"R:R 2.10 effective (2.21 raw, spread 2p)",REPLAYABLE
NZD/USD|2026-07-28T07:20:00.000Z,NZD/USD,2026-07-28T07:20:00.000Z,No recent trades — cooldown OK,True,No recent trades — cooldown OK,REPLAYABLE
NZD/USD|2026-07-28T07:20:00.000Z,NZD/USD,2026-07-28T07:20:00.000Z,No trade history for consecutive loss check,True,No trade history for consecutive loss check,ACCOUNT_STATE
NZD/USD|2026-07-28T07:20:00.000Z,NZD/USD,2026-07-28T07:20:00.000Z,Daily net P&L $+0.00,True,Daily net P&L $+0.00 (gross loss: $0.00),ACCOUNT_STATE
NZD/USD|2026-07-28T07:20:00.000Z,NZD/USD,2026-07-28T07:20:00.000Z,News filter,True,News filter: env not configured — skipped,ACCOUNT_STATE
NZD/USD|2026-07-28T07:20:00.000Z,NZD/USD,2026-07-28T07:20:00.000Z,FOTSI Gate,True,FOTSI Gate: data unavailable — skipped,REPLAYABLE
NZD/USD|2026-07-28T07:20:00.000Z,NZD/USD,2026-07-28T07:20:00.000Z,No correlated conflicts,True,No correlated conflicts (threshold 0.8),ACCOUNT_STATE
NZD/USD|2026-07-28T07:20:00.000Z,NZD/USD,2026-07-28T07:20:00.000Z,Tier 1 gate FAILED,False,"Tier 1 gate FAILED: only 2 core factors — need at least 3 of: Market Structure, Order Block, Fair Value Gap, Premium/Dis",REPLAYABLE
NZD/USD|2026-07-28T07:20:00.000Z,NZD/USD,2026-07-28T07:20:00.000Z,Regime gate,True,Regime gate: OK,REPLAYABLE
NZD/USD|2026-07-28T07:20:00.000Z,NZD/USD,2026-07-28T07:20:00.000Z,[Info] Spread wide,True,[Info] Spread wide (indicative): 36.7% of ATR — info only,REPLAYABLE
GBP/USD|2026-07-28T13:00:00.000Z,GBP/USD,2026-07-28T13:00:00.000Z,[legacy] HTF bias aligned,True,[legacy] HTF bias aligned: Daily ranging,REPLAYABLE
GBP/USD|2026-07-28T13:00:00.000Z,GBP/USD,2026-07-28T13:00:00.000Z,P/D zone OK,True,"P/D zone OK (premium, 76.3% of the 5m 5-swing box 1.32733–1.33062)",REPLAYABLE
GBP/USD|2026-07-28T13:00:00.000Z,GBP/USD,2026-07-28T13:00:00.000Z,Structural Conviction BLOCKED [entry],False,Structural Conviction BLOCKED [entry]: opposing 50% is 2.5× supporting 20% — structure overwhelmingly opposes short,REPLAYABLE
GBP/USD|2026-07-28T13:00:00.000Z,GBP/USD,2026-07-28T13:00:00.000Z,Reaction gate skipped,True,Reaction gate skipped: trend is bullish (not ranging),REPLAYABLE
GBP/USD|2026-07-28T13:00:00.000Z,GBP/USD,2026-07-28T13:00:00.000Z,GBP/USD enabled,True,GBP/USD enabled,REPLAYABLE
GBP/USD|2026-07-28T13:00:00.000Z,GBP/USD,2026-07-28T13:00:00.000Z,0/7 positions,True,0/7 positions,REPLAYABLE
GBP/USD|2026-07-28T13:00:00.000Z,GBP/USD,2026-07-28T13:00:00.000Z,0/1 for GBP/USD,True,0/1 for GBP/USD,REPLAYABLE
GBP/USD|2026-07-28T13:00:00.000Z,GBP/USD,2026-07-28T13:00:00.000Z,Portfolio heat 0.0%,True,Portfolio heat 0.0%,ACCOUNT_STATE
GBP/USD|2026-07-28T13:00:00.000Z,GBP/USD,2026-07-28T13:00:00.000Z,Daily loss 0.0%,True,Daily loss 0.0%,ACCOUNT_STATE
GBP/USD|2026-07-28T13:00:00.000Z,GBP/USD,2026-07-28T13:00:00.000Z,Drawdown 0.0%,True,Drawdown 0.0%,ACCOUNT_STATE
GBP/USD|2026-07-28T13:00:00.000Z,GBP/USD,2026-07-28T13:00:00.000Z,Score 33.3 < 40 threshold,False,Score 33.3 < 40 threshold,REPLAYABLE
GBP/USD|2026-07-28T13:00:00.000Z,GBP/USD,2026-07-28T13:00:00.000Z,SMT veto,True,SMT veto: no opposition detected,REPLAYABLE
GBP/USD|2026-07-28T13:00:00.000Z,GBP/USD,2026-07-28T13:00:00.000Z,R,True,"R:R 1.99 effective (2.05 raw, spread 1.5p)",REPLAYABLE
GBP/USD|2026-07-28T13:00:00.000Z,GBP/USD,2026-07-28T13:00:00.000Z,No recent trades — cooldown OK,True,No recent trades — cooldown OK,REPLAYABLE
GBP/USD|2026-07-28T13:00:00.000Z,GBP/USD,2026-07-28T13:00:00.000Z,No trade history for consecutive loss check,True,No trade history for consecutive loss check,ACCOUNT_STATE
GBP/USD|2026-07-28T13:00:00.000Z,GBP/USD,2026-07-28T13:00:00.000Z,Daily net P&L $+0.00,True,Daily net P&L $+0.00 (gross loss: $0.00),ACCOUNT_STATE
GBP/USD|2026-07-28T13:00:00.000Z,GBP/USD,2026-07-28T13:00:00.000Z,News filter,True,News filter: env not configured — skipped,ACCOUNT_STATE
GBP/USD|2026-07-28T13:00:00.000Z,GBP/USD,2026-07-28T13:00:00.000Z,FOTSI Gate,True,FOTSI Gate: data unavailable — skipped,REPLAYABLE
GBP/USD|2026-07-28T13:00:00.000Z,GBP/USD,2026-07-28T13:00:00.000Z,No correlated conflicts,True,No correlated conflicts (threshold 0.8),ACCOUNT_STATE
GBP/USD|2026-07-28T13:00:00.000Z,GBP/USD,2026-07-28T13:00:00.000Z,Tier 1 gate FAILED,False,"Tier 1 gate FAILED: only 2 core factors — need at least 3 of: Market Structure, Order Block, Fair Value Gap, Premium/Dis",REPLAYABLE
GBP/USD|2026-07-28T13:00:00.000Z,GBP/USD,2026-07-28T13:00:00.000Z,Regime gate,True,Regime gate: OK,REPLAYABLE
GBP/USD|2026-07-28T13:00:00.000Z,GBP/USD,2026-07-28T13:00:00.000Z,[Info] Spread wide,True,[Info] Spread wide (indicative): 26.1% of ATR — info only,REPLAYABLE
AUD/USD|2026-07-28T13:25:00.000Z,AUD/USD,2026-07-28T13:25:00.000Z,[legacy] HTF bias aligned,True,[legacy] HTF bias aligned: Daily bullish,REPLAYABLE
AUD/USD|2026-07-28T13:25:00.000Z,AUD/USD,2026-07-28T13:25:00.000Z,P/D zone OK,True,"P/D zone OK (premium, 85.8% of the 5m 5-swing box 0.69634–0.69747)",REPLAYABLE
AUD/USD|2026-07-28T13:25:00.000Z,AUD/USD,2026-07-28T13:25:00.000Z,Structural Conviction [entry],True,Structural Conviction [entry]: Bull 33% / Bear 0% (S2F 11%),REPLAYABLE
AUD/USD|2026-07-28T13:25:00.000Z,AUD/USD,2026-07-28T13:25:00.000Z,Reaction gate skipped,True,Reaction gate skipped: trend is bullish (not ranging),REPLAYABLE
AUD/USD|2026-07-28T13:25:00.000Z,AUD/USD,2026-07-28T13:25:00.000Z,AUD/USD not in enabled instruments,False,AUD/USD not in enabled instruments,REPLAYABLE
AUD/USD|2026-07-28T13:25:00.000Z,AUD/USD,2026-07-28T13:25:00.000Z,0/7 positions,True,0/7 positions,REPLAYABLE
AUD/USD|2026-07-28T13:25:00.000Z,AUD/USD,2026-07-28T13:25:00.000Z,0/1 for AUD/USD,True,0/1 for AUD/USD,REPLAYABLE
AUD/USD|2026-07-28T13:25:00.000Z,AUD/USD,2026-07-28T13:25:00.000Z,Portfolio heat 0.0%,True,Portfolio heat 0.0%,ACCOUNT_STATE
AUD/USD|2026-07-28T13:25:00.000Z,AUD/USD,2026-07-28T13:25:00.000Z,Daily loss 0.0%,True,Daily loss 0.0%,ACCOUNT_STATE
AUD/USD|2026-07-28T13:25:00.000Z,AUD/USD,2026-07-28T13:25:00.000Z,Drawdown 0.0%,True,Drawdown 0.0%,ACCOUNT_STATE
AUD/USD|2026-07-28T13:25:00.000Z,AUD/USD,2026-07-28T13:25:00.000Z,Score 41.7 meets threshold,True,Score 41.7 meets threshold,REPLAYABLE
AUD/USD|2026-07-28T13:25:00.000Z,AUD/USD,2026-07-28T13:25:00.000Z,SMT veto,True,SMT veto: no opposition detected,REPLAYABLE
AUD/USD|2026-07-28T13:25:00.000Z,AUD/USD,2026-07-28T13:25:00.000Z,R,True,"R:R 2.00 effective (2.09 raw, spread 1.5p)",REPLAYABLE
AUD/USD|2026-07-28T13:25:00.000Z,AUD/USD,2026-07-28T13:25:00.000Z,No recent trades — cooldown OK,True,No recent trades — cooldown OK,REPLAYABLE
AUD/USD|2026-07-28T13:25:00.000Z,AUD/USD,2026-07-28T13:25:00.000Z,No trade history for consecutive loss check,True,No trade history for consecutive loss check,ACCOUNT_STATE
AUD/USD|2026-07-28T13:25:00.000Z,AUD/USD,2026-07-28T13:25:00.000Z,Daily net P&L $+0.00,True,Daily net P&L $+0.00 (gross loss: $0.00),ACCOUNT_STATE
AUD/USD|2026-07-28T13:25:00.000Z,AUD/USD,2026-07-28T13:25:00.000Z,News filter,True,News filter: env not configured — skipped,ACCOUNT_STATE
AUD/USD|2026-07-28T13:25:00.000Z,AUD/USD,2026-07-28T13:25:00.000Z,FOTSI Gate,True,FOTSI Gate: data unavailable — skipped,REPLAYABLE
AUD/USD|2026-07-28T13:25:00.000Z,AUD/USD,2026-07-28T13:25:00.000Z,No correlated conflicts,True,No correlated conflicts (threshold 0.8),ACCOUNT_STATE
AUD/USD|2026-07-28T13:25:00.000Z,AUD/USD,2026-07-28T13:25:00.000Z,Tier 1 gate FAILED,False,"Tier 1 gate FAILED: only 1 core factors — need at least 3 of: Market Structure, Order Block, Fair Value Gap, Premium/Dis",REPLAYABLE
AUD/USD|2026-07-28T13:25:00.000Z,AUD/USD,2026-07-28T13:25:00.000Z,Regime gate,True,Regime gate: OK,REPLAYABLE
AUD/USD|2026-07-28T13:25:00.000Z,AUD/USD,2026-07-28T13:25:00.000Z,[Info] Spread wide,True,[Info] Spread wide (indicative): 56.5% of ATR — info only,REPLAYABLE
AUD/USD|2026-07-29T06:35:00.000Z,AUD/USD,2026-07-29T06:35:00.000Z,[legacy] HTF bias mismatch,False,"[legacy] HTF bias mismatch: Daily is bullish, entry is bearish",REPLAYABLE
AUD/USD|2026-07-29T06:35:00.000Z,AUD/USD,2026-07-29T06:35:00.000Z,P/D zone OK,True,"P/D zone OK (premium, 74.9% of the 5m 5-swing box 0.69429–0.69604)",REPLAYABLE
AUD/USD|2026-07-29T06:35:00.000Z,AUD/USD,2026-07-29T06:35:00.000Z,Structural Conviction [entry],True,Structural Conviction [entry]: Bear 20% / Bull 40% (S2F 30%),REPLAYABLE
AUD/USD|2026-07-29T06:35:00.000Z,AUD/USD,2026-07-29T06:35:00.000Z,Reaction gate skipped,True,Reaction gate skipped: trend is bullish (not ranging),REPLAYABLE
AUD/USD|2026-07-29T06:35:00.000Z,AUD/USD,2026-07-29T06:35:00.000Z,AUD/USD not in enabled instruments,False,AUD/USD not in enabled instruments,REPLAYABLE
AUD/USD|2026-07-29T06:35:00.000Z,AUD/USD,2026-07-29T06:35:00.000Z,0/7 positions,True,0/7 positions,REPLAYABLE
AUD/USD|2026-07-29T06:35:00.000Z,AUD/USD,2026-07-29T06:35:00.000Z,0/1 for AUD/USD,True,0/1 for AUD/USD,REPLAYABLE
AUD/USD|2026-07-29T06:35:00.000Z,AUD/USD,2026-07-29T06:35:00.000Z,Portfolio heat 0.0%,True,Portfolio heat 0.0%,ACCOUNT_STATE
AUD/USD|2026-07-29T06:35:00.000Z,AUD/USD,2026-07-29T06:35:00.000Z,Daily loss 0.0%,True,Daily loss 0.0%,ACCOUNT_STATE
AUD/USD|2026-07-29T06:35:00.000Z,AUD/USD,2026-07-29T06:35:00.000Z,Drawdown 0.0%,True,Drawdown 0.0%,ACCOUNT_STATE
AUD/USD|2026-07-29T06:35:00.000Z,AUD/USD,2026-07-29T06:35:00.000Z,Score 50 meets threshold,True,Score 50 meets threshold,REPLAYABLE
AUD/USD|2026-07-29T06:35:00.000Z,AUD/USD,2026-07-29T06:35:00.000Z,SMT veto,True,SMT veto: no opposition detected,REPLAYABLE
AUD/USD|2026-07-29T06:35:00.000Z,AUD/USD,2026-07-29T06:35:00.000Z,R,True,"R:R 2.16 effective (2.25 raw, spread 1.5p)",REPLAYABLE
AUD/USD|2026-07-29T06:35:00.000Z,AUD/USD,2026-07-29T06:35:00.000Z,No recent trades — cooldown OK,True,No recent trades — cooldown OK,REPLAYABLE
AUD/USD|2026-07-29T06:35:00.000Z,AUD/USD,2026-07-29T06:35:00.000Z,No trade history for consecutive loss check,True,No trade history for consecutive loss check,ACCOUNT_STATE
AUD/USD|2026-07-29T06:35:00.000Z,AUD/USD,2026-07-29T06:35:00.000Z,Daily net P&L $+0.00,True,Daily net P&L $+0.00 (gross loss: $0.00),ACCOUNT_STATE
AUD/USD|2026-07-29T06:35:00.000Z,AUD/USD,2026-07-29T06:35:00.000Z,News filter,True,News filter: env not configured — skipped,ACCOUNT_STATE
AUD/USD|2026-07-29T06:35:00.000Z,AUD/USD,2026-07-29T06:35:00.000Z,FOTSI Gate,True,FOTSI Gate: data unavailable — skipped,REPLAYABLE
AUD/USD|2026-07-29T06:35:00.000Z,AUD/USD,2026-07-29T06:35:00.000Z,No correlated conflicts,True,No correlated conflicts (threshold 0.8),ACCOUNT_STATE
AUD/USD|2026-07-29T06:35:00.000Z,AUD/USD,2026-07-29T06:35:00.000Z,Tier 1 gate passed,True,"Tier 1 gate passed: 3 core factors (Market Structure, Order Block, Premium/Discount & Fib)",REPLAYABLE
AUD/USD|2026-07-29T06:35:00.000Z,AUD/USD,2026-07-29T06:35:00.000Z,Regime gate,True,Regime gate: OK,REPLAYABLE
AUD/USD|2026-07-29T06:35:00.000Z,AUD/USD,2026-07-29T06:35:00.000Z,[Info] Spread wide,True,[Info] Spread wide (indicative): 43.1% of ATR — info only,REPLAYABLE
USD/CAD|2026-07-29T07:30:00.000Z,USD/CAD,2026-07-29T07:30:00.000Z,[legacy] HTF bias mismatch,False,"[legacy] HTF bias mismatch: Daily is bearish, entry is bullish",REPLAYABLE
USD/CAD|2026-07-29T07:30:00.000Z,USD/CAD,2026-07-29T07:30:00.000Z,P/D zone OK,True,"P/D zone OK (discount, 41.2% of the 5m 5-swing box 1.40854–1.41002)",REPLAYABLE
USD/CAD|2026-07-29T07:30:00.000Z,USD/CAD,2026-07-29T07:30:00.000Z,Structural Conviction [entry],True,Structural Conviction [entry]: Bull 40% / Bear 17% (S2F 27%),REPLAYABLE
USD/CAD|2026-07-29T07:30:00.000Z,USD/CAD,2026-07-29T07:30:00.000Z,Reaction confirmed in ranging market,True,"Reaction confirmed in ranging market: Liquidity Sweep, AMD Phase",REPLAYABLE
USD/CAD|2026-07-29T07:30:00.000Z,USD/CAD,2026-07-29T07:30:00.000Z,USD/CAD not in enabled instruments,False,USD/CAD not in enabled instruments,REPLAYABLE
USD/CAD|2026-07-29T07:30:00.000Z,USD/CAD,2026-07-29T07:30:00.000Z,0/7 positions,True,0/7 positions,REPLAYABLE
USD/CAD|2026-07-29T07:30:00.000Z,USD/CAD,2026-07-29T07:30:00.000Z,0/1 for USD/CAD,True,0/1 for USD/CAD,REPLAYABLE
USD/CAD|2026-07-29T07:30:00.000Z,USD/CAD,2026-07-29T07:30:00.000Z,Portfolio heat 0.0%,True,Portfolio heat 0.0%,ACCOUNT_STATE
USD/CAD|2026-07-29T07:30:00.000Z,USD/CAD,2026-07-29T07:30:00.000Z,Daily loss 0.0%,True,Daily loss 0.0%,ACCOUNT_STATE
USD/CAD|2026-07-29T07:30:00.000Z,USD/CAD,2026-07-29T07:30:00.000Z,Drawdown 0.0%,True,Drawdown 0.0%,ACCOUNT_STATE
USD/CAD|2026-07-29T07:30:00.000Z,USD/CAD,2026-07-29T07:30:00.000Z,Score 37.7 < 40 threshold,False,Score 37.7 < 40 threshold,REPLAYABLE
USD/CAD|2026-07-29T07:30:00.000Z,USD/CAD,2026-07-29T07:30:00.000Z,SMT veto,True,SMT veto: no opposition detected,REPLAYABLE
USD/CAD|2026-07-29T07:30:00.000Z,USD/CAD,2026-07-29T07:30:00.000Z,R,True,"R:R 2.02 effective (2.10 raw, spread 1.5p)",REPLAYABLE
USD/CAD|2026-07-29T07:30:00.000Z,USD/CAD,2026-07-29T07:30:00.000Z,No recent trades — cooldown OK,True,No recent trades — cooldown OK,REPLAYABLE
USD/CAD|2026-07-29T07:30:00.000Z,USD/CAD,2026-07-29T07:30:00.000Z,No trade history for consecutive loss check,True,No trade history for consecutive loss check,ACCOUNT_STATE
USD/CAD|2026-07-29T07:30:00.000Z,USD/CAD,2026-07-29T07:30:00.000Z,Daily net P&L $+0.00,True,Daily net P&L $+0.00 (gross loss: $0.00),ACCOUNT_STATE
USD/CAD|2026-07-29T07:30:00.000Z,USD/CAD,2026-07-29T07:30:00.000Z,News filter,True,News filter: env not configured — skipped,ACCOUNT_STATE
USD/CAD|2026-07-29T07:30:00.000Z,USD/CAD,2026-07-29T07:30:00.000Z,FOTSI Gate,True,FOTSI Gate: data unavailable — skipped,REPLAYABLE
USD/CAD|2026-07-29T07:30:00.000Z,USD/CAD,2026-07-29T07:30:00.000Z,No correlated conflicts,True,No correlated conflicts (threshold 0.8),ACCOUNT_STATE
USD/CAD|2026-07-29T07:30:00.000Z,USD/CAD,2026-07-29T07:30:00.000Z,Tier 1 gate FAILED,False,"Tier 1 gate FAILED: only 2 core factors — need at least 3 of: Market Structure, Order Block, Fair Value Gap, Premium/Dis",REPLAYABLE
USD/CAD|2026-07-29T07:30:00.000Z,USD/CAD,2026-07-29T07:30:00.000Z,Regime gate,True,Regime gate: OK,REPLAYABLE
USD/CAD|2026-07-29T07:30:00.000Z,USD/CAD,2026-07-29T07:30:00.000Z,[Info] Spread wide,True,[Info] Spread wide (indicative): 35.2% of ATR — info only,REPLAYABLE
GBP/USD|2026-07-30T03:15:00.000Z,GBP/USD,2026-07-30T03:15:00.000Z,[legacy] HTF bias aligned,True,[legacy] HTF bias aligned: Daily ranging,REPLAYABLE
GBP/USD|2026-07-30T03:15:00.000Z,GBP/USD,2026-07-30T03:15:00.000Z,P/D zone OK,True,"P/D zone OK (discount, 0.0% of the 5m 5-swing box 1.33490–1.33763) — price is OUTSIDE that range (raw -15.8%)",REPLAYABLE
GBP/USD|2026-07-30T03:15:00.000Z,GBP/USD,2026-07-30T03:15:00.000Z,Structural Conviction BLOCKED [entry],False,"Structural Conviction BLOCKED [entry]: Bull fractals 0%, S2F 14%, opposite 33% — no structural support for long",REPLAYABLE
GBP/USD|2026-07-30T03:15:00.000Z,GBP/USD,2026-07-30T03:15:00.000Z,Reaction gate skipped,True,Reaction gate skipped: trend is bearish (not ranging),REPLAYABLE
GBP/USD|2026-07-30T03:15:00.000Z,GBP/USD,2026-07-30T03:15:00.000Z,GBP/USD enabled,True,GBP/USD enabled,REPLAYABLE
GBP/USD|2026-07-30T03:15:00.000Z,GBP/USD,2026-07-30T03:15:00.000Z,0/7 positions,True,0/7 positions,REPLAYABLE
GBP/USD|2026-07-30T03:15:00.000Z,GBP/USD,2026-07-30T03:15:00.000Z,0/1 for GBP/USD,True,0/1 for GBP/USD,REPLAYABLE
GBP/USD|2026-07-30T03:15:00.000Z,GBP/USD,2026-07-30T03:15:00.000Z,Portfolio heat 0.0%,True,Portfolio heat 0.0%,ACCOUNT_STATE
GBP/USD|2026-07-30T03:15:00.000Z,GBP/USD,2026-07-30T03:15:00.000Z,Daily loss 0.0%,True,Daily loss 0.0%,ACCOUNT_STATE
GBP/USD|2026-07-30T03:15:00.000Z,GBP/USD,2026-07-30T03:15:00.000Z,Drawdown 0.0%,True,Drawdown 0.0%,ACCOUNT_STATE
GBP/USD|2026-07-30T03:15:00.000Z,GBP/USD,2026-07-30T03:15:00.000Z,Score 31.3 < 40 threshold,False,Score 31.3 < 40 threshold,REPLAYABLE
GBP/USD|2026-07-30T03:15:00.000Z,GBP/USD,2026-07-30T03:15:00.000Z,SMT veto,True,SMT veto: no opposition detected,REPLAYABLE
GBP/USD|2026-07-30T03:15:00.000Z,GBP/USD,2026-07-30T03:15:00.000Z,R,True,"R:R 2.08 effective (2.12 raw, spread 1.5p)",REPLAYABLE
GBP/USD|2026-07-30T03:15:00.000Z,GBP/USD,2026-07-30T03:15:00.000Z,No recent trades — cooldown OK,True,No recent trades — cooldown OK,REPLAYABLE
GBP/USD|2026-07-30T03:15:00.000Z,GBP/USD,2026-07-30T03:15:00.000Z,No trade history for consecutive loss check,True,No trade history for consecutive loss check,ACCOUNT_STATE
GBP/USD|2026-07-30T03:15:00.000Z,GBP/USD,2026-07-30T03:15:00.000Z,Daily net P&L $+0.00,True,Daily net P&L $+0.00 (gross loss: $0.00),ACCOUNT_STATE
GBP/USD|2026-07-30T03:15:00.000Z,GBP/USD,2026-07-30T03:15:00.000Z,News filter,True,News filter: env not configured — skipped,ACCOUNT_STATE
GBP/USD|2026-07-30T03:15:00.000Z,GBP/USD,2026-07-30T03:15:00.000Z,FOTSI Gate,True,FOTSI Gate: data unavailable — skipped,REPLAYABLE
GBP/USD|2026-07-30T03:15:00.000Z,GBP/USD,2026-07-30T03:15:00.000Z,No correlated conflicts,True,No correlated conflicts (threshold 0.8),ACCOUNT_STATE
GBP/USD|2026-07-30T03:15:00.000Z,GBP/USD,2026-07-30T03:15:00.000Z,Tier 1 gate FAILED,False,"Tier 1 gate FAILED: only 1 core factors — need at least 3 of: Market Structure, Order Block, Fair Value Gap, Premium/Dis",REPLAYABLE
GBP/USD|2026-07-30T03:15:00.000Z,GBP/USD,2026-07-30T03:15:00.000Z,Regime gate,True,Regime gate: OK,REPLAYABLE
GBP/USD|2026-07-30T03:15:00.000Z,GBP/USD,2026-07-30T03:15:00.000Z,[Info] Spread wide,True,[Info] Spread wide (indicative): 45.3% of ATR — info only,REPLAYABLE
GBP/USD|2026-07-30T23:10:00.000Z,GBP/USD,2026-07-30T23:10:00.000Z,[legacy] HTF bias aligned,True,[legacy] HTF bias aligned: Daily ranging,REPLAYABLE
GBP/USD|2026-07-30T23:10:00.000Z,GBP/USD,2026-07-30T23:10:00.000Z,P/D zone OK,True,"P/D zone OK (discount, 40.0% of the 5m 5-swing box 1.34577–1.34762)",REPLAYABLE
GBP/USD|2026-07-30T23:10:00.000Z,GBP/USD,2026-07-30T23:10:00.000Z,Structural Conviction BLOCKED [entry],False,"Structural Conviction BLOCKED [entry]: Bull fractals 0%, S2F 9%, opposite 17% — no structural support for long",REPLAYABLE
GBP/USD|2026-07-30T23:10:00.000Z,GBP/USD,2026-07-30T23:10:00.000Z,Reaction gate skipped,True,Reaction gate skipped: trend is bullish (not ranging),REPLAYABLE
GBP/USD|2026-07-30T23:10:00.000Z,GBP/USD,2026-07-30T23:10:00.000Z,GBP/USD enabled,True,GBP/USD enabled,REPLAYABLE
GBP/USD|2026-07-30T23:10:00.000Z,GBP/USD,2026-07-30T23:10:00.000Z,0/7 positions,True,0/7 positions,REPLAYABLE
GBP/USD|2026-07-30T23:10:00.000Z,GBP/USD,2026-07-30T23:10:00.000Z,0/1 for GBP/USD,True,0/1 for GBP/USD,REPLAYABLE
GBP/USD|2026-07-30T23:10:00.000Z,GBP/USD,2026-07-30T23:10:00.000Z,Portfolio heat 0.0%,True,Portfolio heat 0.0%,ACCOUNT_STATE
GBP/USD|2026-07-30T23:10:00.000Z,GBP/USD,2026-07-30T23:10:00.000Z,Daily loss 0.0%,True,Daily loss 0.0%,ACCOUNT_STATE
GBP/USD|2026-07-30T23:10:00.000Z,GBP/USD,2026-07-30T23:10:00.000Z,Drawdown 0.0%,True,Drawdown 0.0%,ACCOUNT_STATE
GBP/USD|2026-07-30T23:10:00.000Z,GBP/USD,2026-07-30T23:10:00.000Z,Score 27.1 < 40 threshold,False,Score 27.1 < 40 threshold,REPLAYABLE
GBP/USD|2026-07-30T23:10:00.000Z,GBP/USD,2026-07-30T23:10:00.000Z,SMT veto,True,SMT veto: no opposition detected,REPLAYABLE
GBP/USD|2026-07-30T23:10:00.000Z,GBP/USD,2026-07-30T23:10:00.000Z,R,True,"R:R 1.98 effective (2.04 raw, spread 1.5p)",REPLAYABLE
GBP/USD|2026-07-30T23:10:00.000Z,GBP/USD,2026-07-30T23:10:00.000Z,No recent trades — cooldown OK,True,No recent trades — cooldown OK,REPLAYABLE
GBP/USD|2026-07-30T23:10:00.000Z,GBP/USD,2026-07-30T23:10:00.000Z,No trade history for consecutive loss check,True,No trade history for consecutive loss check,ACCOUNT_STATE
GBP/USD|2026-07-30T23:10:00.000Z,GBP/USD,2026-07-30T23:10:00.000Z,Daily net P&L $+0.00,True,Daily net P&L $+0.00 (gross loss: $0.00),ACCOUNT_STATE
GBP/USD|2026-07-30T23:10:00.000Z,GBP/USD,2026-07-30T23:10:00.000Z,News filter,True,News filter: env not configured — skipped,ACCOUNT_STATE
GBP/USD|2026-07-30T23:10:00.000Z,GBP/USD,2026-07-30T23:10:00.000Z,FOTSI Gate,True,FOTSI Gate: data unavailable — skipped,REPLAYABLE
GBP/USD|2026-07-30T23:10:00.000Z,GBP/USD,2026-07-30T23:10:00.000Z,No correlated conflicts,True,No correlated conflicts (threshold 0.8),ACCOUNT_STATE
GBP/USD|2026-07-30T23:10:00.000Z,GBP/USD,2026-07-30T23:10:00.000Z,Tier 1 gate FAILED,False,"Tier 1 gate FAILED: only 1 core factors — need at least 3 of: Market Structure, Order Block, Fair Value Gap, Premium/Dis",REPLAYABLE
GBP/USD|2026-07-30T23:10:00.000Z,GBP/USD,2026-07-30T23:10:00.000Z,Regime gate,True,Regime gate: OK,REPLAYABLE
GBP/USD|2026-07-30T23:10:00.000Z,GBP/USD,2026-07-30T23:10:00.000Z,[Info] Spread wide,True,[Info] Spread wide (indicative): 39.2% of ATR — info only,REPLAYABLE
GBP/USD|2026-07-31T09:45:00.000Z,GBP/USD,2026-07-31T09:45:00.000Z,[legacy] HTF bias aligned,True,[legacy] HTF bias aligned: Daily ranging,REPLAYABLE
GBP/USD|2026-07-31T09:45:00.000Z,GBP/USD,2026-07-31T09:45:00.000Z,P/D zone OK,True,"P/D zone OK (equilibrium, 45.7% of the 5m 5-swing box 1.34358–1.34682)",REPLAYABLE
GBP/USD|2026-07-31T09:45:00.000Z,GBP/USD,2026-07-31T09:45:00.000Z,Structural Conviction [entry],True,Structural Conviction [entry]: Bull 33% / Bear 25% (S2F 29%),REPLAYABLE
GBP/USD|2026-07-31T09:45:00.000Z,GBP/USD,2026-07-31T09:45:00.000Z,Reaction confirmed in ranging market,True,Reaction confirmed in ranging market: Liquidity Sweep,REPLAYABLE
GBP/USD|2026-07-31T09:45:00.000Z,GBP/USD,2026-07-31T09:45:00.000Z,GBP/USD enabled,True,GBP/USD enabled,REPLAYABLE
GBP/USD|2026-07-31T09:45:00.000Z,GBP/USD,2026-07-31T09:45:00.000Z,0/7 positions,True,0/7 positions,REPLAYABLE
GBP/USD|2026-07-31T09:45:00.000Z,GBP/USD,2026-07-31T09:45:00.000Z,0/1 for GBP/USD,True,0/1 for GBP/USD,REPLAYABLE
GBP/USD|2026-07-31T09:45:00.000Z,GBP/USD,2026-07-31T09:45:00.000Z,Portfolio heat 0.0%,True,Portfolio heat 0.0%,ACCOUNT_STATE
GBP/USD|2026-07-31T09:45:00.000Z,GBP/USD,2026-07-31T09:45:00.000Z,Daily loss 0.0%,True,Daily loss 0.0%,ACCOUNT_STATE
GBP/USD|2026-07-31T09:45:00.000Z,GBP/USD,2026-07-31T09:45:00.000Z,Drawdown 0.0%,True,Drawdown 0.0%,ACCOUNT_STATE
GBP/USD|2026-07-31T09:45:00.000Z,GBP/USD,2026-07-31T09:45:00.000Z,Score 20 < 40 threshold,False,Score 20 < 40 threshold,REPLAYABLE
GBP/USD|2026-07-31T09:45:00.000Z,GBP/USD,2026-07-31T09:45:00.000Z,SMT veto,True,SMT veto: no opposition detected,REPLAYABLE
GBP/USD|2026-07-31T09:45:00.000Z,GBP/USD,2026-07-31T09:45:00.000Z,R,True,"R:R 1.79 effective (1.85 raw, spread 1.5p)",REPLAYABLE
GBP/USD|2026-07-31T09:45:00.000Z,GBP/USD,2026-07-31T09:45:00.000Z,No recent trades — cooldown OK,True,No recent trades — cooldown OK,REPLAYABLE
GBP/USD|2026-07-31T09:45:00.000Z,GBP/USD,2026-07-31T09:45:00.000Z,No trade history for consecutive loss check,True,No trade history for consecutive loss check,ACCOUNT_STATE
GBP/USD|2026-07-31T09:45:00.000Z,GBP/USD,2026-07-31T09:45:00.000Z,Daily net P&L $+0.00,True,Daily net P&L $+0.00 (gross loss: $0.00),ACCOUNT_STATE
GBP/USD|2026-07-31T09:45:00.000Z,GBP/USD,2026-07-31T09:45:00.000Z,News filter,True,News filter: env not configured — skipped,ACCOUNT_STATE
GBP/USD|2026-07-31T09:45:00.000Z,GBP/USD,2026-07-31T09:45:00.000Z,FOTSI Gate,True,FOTSI Gate: data unavailable — skipped,REPLAYABLE
GBP/USD|2026-07-31T09:45:00.000Z,GBP/USD,2026-07-31T09:45:00.000Z,No correlated conflicts,True,No correlated conflicts (threshold 0.8),ACCOUNT_STATE
GBP/USD|2026-07-31T09:45:00.000Z,GBP/USD,2026-07-31T09:45:00.000Z,Tier 1 gate FAILED,False,"Tier 1 gate FAILED: only 1 core factors — need at least 3 of: Market Structure, Order Block, Fair Value Gap, Premium/Dis",REPLAYABLE
GBP/USD|2026-07-31T09:45:00.000Z,GBP/USD,2026-07-31T09:45:00.000Z,Regime gate,True,Regime gate: OK,REPLAYABLE
GBP/USD|2026-07-31T09:45:00.000Z,GBP/USD,2026-07-31T09:45:00.000Z,[Info] Spread OK,True,[Info] Spread OK: 16.2% of ATR,REPLAYABLE
USD/CAD|2026-07-31T10:00:00.000Z,USD/CAD,2026-07-31T10:00:00.000Z,[legacy] HTF bias aligned,True,[legacy] HTF bias aligned: Daily bearish,REPLAYABLE
USD/CAD|2026-07-31T10:00:00.000Z,USD/CAD,2026-07-31T10:00:00.000Z,P/D zone OK,True,"P/D zone OK (premium, 57.7% of the 5m 5-swing box 1.40036–1.40232)",REPLAYABLE
USD/CAD|2026-07-31T10:00:00.000Z,USD/CAD,2026-07-31T10:00:00.000Z,Structural Conviction BLOCKED [entry],False,Structural Conviction BLOCKED [entry]: opposing 50% is 2.5× supporting 20% — structure overwhelmingly opposes short,REPLAYABLE
USD/CAD|2026-07-31T10:00:00.000Z,USD/CAD,2026-07-31T10:00:00.000Z,Reaction confirmed in ranging market,True,Reaction confirmed in ranging market: AMD Phase,REPLAYABLE
USD/CAD|2026-07-31T10:00:00.000Z,USD/CAD,2026-07-31T10:00:00.000Z,USD/CAD not in enabled instruments,False,USD/CAD not in enabled instruments,REPLAYABLE
USD/CAD|2026-07-31T10:00:00.000Z,USD/CAD,2026-07-31T10:00:00.000Z,0/7 positions,True,0/7 positions,REPLAYABLE
USD/CAD|2026-07-31T10:00:00.000Z,USD/CAD,2026-07-31T10:00:00.000Z,0/1 for USD/CAD,True,0/1 for USD/CAD,REPLAYABLE
USD/CAD|2026-07-31T10:00:00.000Z,USD/CAD,2026-07-31T10:00:00.000Z,Portfolio heat 0.0%,True,Portfolio heat 0.0%,ACCOUNT_STATE
USD/CAD|2026-07-31T10:00:00.000Z,USD/CAD,2026-07-31T10:00:00.000Z,Daily loss 0.0%,True,Daily loss 0.0%,ACCOUNT_STATE
USD/CAD|2026-07-31T10:00:00.000Z,USD/CAD,2026-07-31T10:00:00.000Z,Drawdown 0.0%,True,Drawdown 0.0%,ACCOUNT_STATE
USD/CAD|2026-07-31T10:00:00.000Z,USD/CAD,2026-07-31T10:00:00.000Z,Score 21 < 40 threshold,False,Score 21 < 40 threshold,REPLAYABLE
USD/CAD|2026-07-31T10:00:00.000Z,USD/CAD,2026-07-31T10:00:00.000Z,SMT veto,True,SMT veto: no opposition detected,REPLAYABLE
USD/CAD|2026-07-31T10:00:00.000Z,USD/CAD,2026-07-31T10:00:00.000Z,R,True,"R:R 1.98 effective (2.07 raw, spread 1.5p)",REPLAYABLE
USD/CAD|2026-07-31T10:00:00.000Z,USD/CAD,2026-07-31T10:00:00.000Z,No recent trades — cooldown OK,True,No recent trades — cooldown OK,REPLAYABLE
USD/CAD|2026-07-31T10:00:00.000Z,USD/CAD,2026-07-31T10:00:00.000Z,No trade history for consecutive loss check,True,No trade history for consecutive loss check,ACCOUNT_STATE
USD/CAD|2026-07-31T10:00:00.000Z,USD/CAD,2026-07-31T10:00:00.000Z,Daily net P&L $+0.00,True,Daily net P&L $+0.00 (gross loss: $0.00),ACCOUNT_STATE
USD/CAD|2026-07-31T10:00:00.000Z,USD/CAD,2026-07-31T10:00:00.000Z,News filter,True,News filter: env not configured — skipped,ACCOUNT_STATE
USD/CAD|2026-07-31T10:00:00.000Z,USD/CAD,2026-07-31T10:00:00.000Z,FOTSI Gate,True,FOTSI Gate: data unavailable — skipped,REPLAYABLE
USD/CAD|2026-07-31T10:00:00.000Z,USD/CAD,2026-07-31T10:00:00.000Z,No correlated conflicts,True,No correlated conflicts (threshold 0.8),ACCOUNT_STATE
USD/CAD|2026-07-31T10:00:00.000Z,USD/CAD,2026-07-31T10:00:00.000Z,Tier 1 gate FAILED,False,"Tier 1 gate FAILED: only 1 core factors — need at least 3 of: Market Structure, Order Block, Fair Value Gap, Premium/Dis",REPLAYABLE
USD/CAD|2026-07-31T10:00:00.000Z,USD/CAD,2026-07-31T10:00:00.000Z,Regime gate,True,Regime gate: OK,REPLAYABLE
USD/CAD|2026-07-31T10:00:00.000Z,USD/CAD,2026-07-31T10:00:00.000Z,[Info] Spread wide,True,[Info] Spread wide (indicative): 27.3% of ATR — info only,REPLAYABLE
USD/JPY|2026-07-31T11:10:00.000Z,USD/JPY,2026-07-31T11:10:00.000Z,[legacy] HTF bias mismatch,False,"[legacy] HTF bias mismatch: Daily is bullish, entry is bearish",REPLAYABLE
USD/JPY|2026-07-31T11:10:00.000Z,USD/JPY,2026-07-31T11:10:00.000Z,P/D zone OK,True,"P/D zone OK (premium, 71.8% of the 5m 5-swing box 158.485–160.633)",REPLAYABLE
USD/JPY|2026-07-31T11:10:00.000Z,USD/JPY,2026-07-31T11:10:00.000Z,Structural Conviction [entry],True,Structural Conviction [entry]: Bear 33% / Bull 40% (S2F 38%),REPLAYABLE
USD/JPY|2026-07-31T11:10:00.000Z,USD/JPY,2026-07-31T11:10:00.000Z,Reaction gate skipped,True,Reaction gate skipped: trend is bullish (not ranging),REPLAYABLE
USD/JPY|2026-07-31T11:10:00.000Z,USD/JPY,2026-07-31T11:10:00.000Z,USD/JPY enabled,True,USD/JPY enabled,REPLAYABLE
USD/JPY|2026-07-31T11:10:00.000Z,USD/JPY,2026-07-31T11:10:00.000Z,0/7 positions,True,0/7 positions,REPLAYABLE
USD/JPY|2026-07-31T11:10:00.000Z,USD/JPY,2026-07-31T11:10:00.000Z,0/1 for USD/JPY,True,0/1 for USD/JPY,REPLAYABLE
USD/JPY|2026-07-31T11:10:00.000Z,USD/JPY,2026-07-31T11:10:00.000Z,Portfolio heat 0.0%,True,Portfolio heat 0.0%,ACCOUNT_STATE
USD/JPY|2026-07-31T11:10:00.000Z,USD/JPY,2026-07-31T11:10:00.000Z,Daily loss 0.0%,True,Daily loss 0.0%,ACCOUNT_STATE
USD/JPY|2026-07-31T11:10:00.000Z,USD/JPY,2026-07-31T11:10:00.000Z,Drawdown 0.0%,True,Drawdown 0.0%,ACCOUNT_STATE
USD/JPY|2026-07-31T11:10:00.000Z,USD/JPY,2026-07-31T11:10:00.000Z,Score 29.2 < 40 threshold,False,Score 29.2 < 40 threshold,REPLAYABLE
USD/JPY|2026-07-31T11:10:00.000Z,USD/JPY,2026-07-31T11:10:00.000Z,SMT veto,True,SMT veto: no opposition detected,REPLAYABLE
USD/JPY|2026-07-31T11:10:00.000Z,USD/JPY,2026-07-31T11:10:00.000Z,R,True,"R:R 2.01 effective (2.02 raw, spread 1p)",REPLAYABLE
USD/JPY|2026-07-31T11:10:00.000Z,USD/JPY,2026-07-31T11:10:00.000Z,No recent trades — cooldown OK,True,No recent trades — cooldown OK,REPLAYABLE
USD/JPY|2026-07-31T11:10:00.000Z,USD/JPY,2026-07-31T11:10:00.000Z,No trade history for consecutive loss check,True,No trade history for consecutive loss check,ACCOUNT_STATE
USD/JPY|2026-07-31T11:10:00.000Z,USD/JPY,2026-07-31T11:10:00.000Z,Daily net P&L $+0.00,True,Daily net P&L $+0.00 (gross loss: $0.00),ACCOUNT_STATE
USD/JPY|2026-07-31T11:10:00.000Z,USD/JPY,2026-07-31T11:10:00.000Z,News filter,True,News filter: env not configured — skipped,ACCOUNT_STATE
USD/JPY|2026-07-31T11:10:00.000Z,USD/JPY,2026-07-31T11:10:00.000Z,FOTSI Gate,True,FOTSI Gate: data unavailable — skipped,REPLAYABLE
USD/JPY|2026-07-31T11:10:00.000Z,USD/JPY,2026-07-31T11:10:00.000Z,No correlated conflicts,True,No correlated conflicts (threshold 0.8),ACCOUNT_STATE
USD/JPY|2026-07-31T11:10:00.000Z,USD/JPY,2026-07-31T11:10:00.000Z,Tier 1 gate FAILED,False,"Tier 1 gate FAILED: only 2 core factors — need at least 3 of: Market Structure, Order Block, Fair Value Gap, Premium/Dis",REPLAYABLE
USD/JPY|2026-07-31T11:10:00.000Z,USD/JPY,2026-07-31T11:10:00.000Z,Regime gate,True,Regime gate: OK,REPLAYABLE
USD/JPY|2026-07-31T11:10:00.000Z,USD/JPY,2026-07-31T11:10:00.000Z,[Info] Spread OK,True,[Info] Spread OK: 0.1% of ATR,REPLAYABLE
USD/CAD|2026-08-02T03:00:00.000Z,USD/CAD,2026-08-02T03:00:00.000Z,[legacy] HTF bias mismatch,False,"[legacy] HTF bias mismatch: Daily is bearish, entry is bullish",REPLAYABLE
USD/CAD|2026-08-02T03:00:00.000Z,USD/CAD,2026-08-02T03:00:00.000Z,P/D zone OK,True,"P/D zone OK (discount, 35.1% of the 5m 5-swing box 1.40187–1.40244)",REPLAYABLE
USD/CAD|2026-08-02T03:00:00.000Z,USD/CAD,2026-08-02T03:00:00.000Z,Structural Conviction [entry],True,Structural Conviction [entry]: Bull 25% / Bear 0% (S2F 14%),REPLAYABLE
USD/CAD|2026-08-02T03:00:00.000Z,USD/CAD,2026-08-02T03:00:00.000Z,Reaction gate skipped,True,Reaction gate skipped: trend is bullish (not ranging),REPLAYABLE
USD/CAD|2026-08-02T03:00:00.000Z,USD/CAD,2026-08-02T03:00:00.000Z,USD/CAD not in enabled instruments,False,USD/CAD not in enabled instruments,REPLAYABLE
USD/CAD|2026-08-02T03:00:00.000Z,USD/CAD,2026-08-02T03:00:00.000Z,0/7 positions,True,0/7 positions,REPLAYABLE
USD/CAD|2026-08-02T03:00:00.000Z,USD/CAD,2026-08-02T03:00:00.000Z,0/1 for USD/CAD,True,0/1 for USD/CAD,REPLAYABLE
USD/CAD|2026-08-02T03:00:00.000Z,USD/CAD,2026-08-02T03:00:00.000Z,Portfolio heat 0.0%,True,Portfolio heat 0.0%,ACCOUNT_STATE
USD/CAD|2026-08-02T03:00:00.000Z,USD/CAD,2026-08-02T03:00:00.000Z,Daily loss 0.0%,True,Daily loss 0.0%,ACCOUNT_STATE
USD/CAD|2026-08-02T03:00:00.000Z,USD/CAD,2026-08-02T03:00:00.000Z,Drawdown 0.0%,True,Drawdown 0.0%,ACCOUNT_STATE
USD/CAD|2026-08-02T03:00:00.000Z,USD/CAD,2026-08-02T03:00:00.000Z,Score 30.2 < 40 threshold,False,Score 30.2 < 40 threshold,REPLAYABLE
USD/CAD|2026-08-02T03:00:00.000Z,USD/CAD,2026-08-02T03:00:00.000Z,SMT veto,True,SMT veto: no opposition detected,REPLAYABLE
USD/CAD|2026-08-02T03:00:00.000Z,USD/CAD,2026-08-02T03:00:00.000Z,R,True,"R:R 2.13 effective (2.21 raw, spread 1.5p)",REPLAYABLE
USD/CAD|2026-08-02T03:00:00.000Z,USD/CAD,2026-08-02T03:00:00.000Z,No recent trades — cooldown OK,True,No recent trades — cooldown OK,REPLAYABLE
USD/CAD|2026-08-02T03:00:00.000Z,USD/CAD,2026-08-02T03:00:00.000Z,No trade history for consecutive loss check,True,No trade history for consecutive loss check,ACCOUNT_STATE
USD/CAD|2026-08-02T03:00:00.000Z,USD/CAD,2026-08-02T03:00:00.000Z,Daily net P&L $+0.00,True,Daily net P&L $+0.00 (gross loss: $0.00),ACCOUNT_STATE
USD/CAD|2026-08-02T03:00:00.000Z,USD/CAD,2026-08-02T03:00:00.000Z,News filter,True,News filter: env not configured — skipped,ACCOUNT_STATE
USD/CAD|2026-08-02T03:00:00.000Z,USD/CAD,2026-08-02T03:00:00.000Z,FOTSI Gate,True,FOTSI Gate: data unavailable — skipped,REPLAYABLE
USD/CAD|2026-08-02T03:00:00.000Z,USD/CAD,2026-08-02T03:00:00.000Z,No correlated conflicts,True,No correlated conflicts (threshold 0.8),ACCOUNT_STATE
USD/CAD|2026-08-02T03:00:00.000Z,USD/CAD,2026-08-02T03:00:00.000Z,Tier 1 gate FAILED,False,"Tier 1 gate FAILED: only 1 core factors — need at least 3 of: Market Structure, Order Block, Fair Value Gap, Premium/Dis",REPLAYABLE
USD/CAD|2026-08-02T03:00:00.000Z,USD/CAD,2026-08-02T03:00:00.000Z,Regime gate,True,Regime gate: OK,REPLAYABLE
USD/CAD|2026-08-02T03:00:00.000Z,USD/CAD,2026-08-02T03:00:00.000Z,[Info] Spread wide,True,[Info] Spread wide (indicative): 91.5% of ATR — info only,REPLAYABLE
AUD/USD|2026-08-04T03:20:00.000Z,AUD/USD,2026-08-04T03:20:00.000Z,[legacy] HTF bias aligned,True,[legacy] HTF bias aligned: Daily ranging,REPLAYABLE
AUD/USD|2026-08-04T03:20:00.000Z,AUD/USD,2026-08-04T03:20:00.000Z,P/D zone OK,True,"P/D zone OK (premium, 94.9% of the 5m 5-swing box 0.69965–0.70181)",REPLAYABLE
AUD/USD|2026-08-04T03:20:00.000Z,AUD/USD,2026-08-04T03:20:00.000Z,Structural Conviction BLOCKED [entry],False,"Structural Conviction BLOCKED [entry]: Bear fractals 0%, S2F 14%, opposite 25% — no structural support for short",REPLAYABLE
AUD/USD|2026-08-04T03:20:00.000Z,AUD/USD,2026-08-04T03:20:00.000Z,Reaction gate skipped,True,Reaction gate skipped: trend is bullish (not ranging),REPLAYABLE
AUD/USD|2026-08-04T03:20:00.000Z,AUD/USD,2026-08-04T03:20:00.000Z,AUD/USD not in enabled instruments,False,AUD/USD not in enabled instruments,REPLAYABLE
AUD/USD|2026-08-04T03:20:00.000Z,AUD/USD,2026-08-04T03:20:00.000Z,0/7 positions,True,0/7 positions,REPLAYABLE
AUD/USD|2026-08-04T03:20:00.000Z,AUD/USD,2026-08-04T03:20:00.000Z,0/1 for AUD/USD,True,0/1 for AUD/USD,REPLAYABLE
AUD/USD|2026-08-04T03:20:00.000Z,AUD/USD,2026-08-04T03:20:00.000Z,Portfolio heat 0.0%,True,Portfolio heat 0.0%,ACCOUNT_STATE
AUD/USD|2026-08-04T03:20:00.000Z,AUD/USD,2026-08-04T03:20:00.000Z,Daily loss 0.0%,True,Daily loss 0.0%,ACCOUNT_STATE
AUD/USD|2026-08-04T03:20:00.000Z,AUD/USD,2026-08-04T03:20:00.000Z,Drawdown 0.0%,True,Drawdown 0.0%,ACCOUNT_STATE
AUD/USD|2026-08-04T03:20:00.000Z,AUD/USD,2026-08-04T03:20:00.000Z,Score 37.5 < 40 threshold,False,Score 37.5 < 40 threshold,REPLAYABLE
AUD/USD|2026-08-04T03:20:00.000Z,AUD/USD,2026-08-04T03:20:00.000Z,SMT veto,True,SMT veto: no opposition detected,REPLAYABLE
AUD/USD|2026-08-04T03:20:00.000Z,AUD/USD,2026-08-04T03:20:00.000Z,R,True,"R:R 1.95 effective (2.03 raw, spread 1.5p)",REPLAYABLE
AUD/USD|2026-08-04T03:20:00.000Z,AUD/USD,2026-08-04T03:20:00.000Z,No recent trades — cooldown OK,True,No recent trades — cooldown OK,REPLAYABLE
AUD/USD|2026-08-04T03:20:00.000Z,AUD/USD,2026-08-04T03:20:00.000Z,No trade history for consecutive loss check,True,No trade history for consecutive loss check,ACCOUNT_STATE
AUD/USD|2026-08-04T03:20:00.000Z,AUD/USD,2026-08-04T03:20:00.000Z,Daily net P&L $+0.00,True,Daily net P&L $+0.00 (gross loss: $0.00),ACCOUNT_STATE
AUD/USD|2026-08-04T03:20:00.000Z,AUD/USD,2026-08-04T03:20:00.000Z,News filter,True,News filter: env not configured — skipped,ACCOUNT_STATE
AUD/USD|2026-08-04T03:20:00.000Z,AUD/USD,2026-08-04T03:20:00.000Z,FOTSI Gate,True,FOTSI Gate: data unavailable — skipped,REPLAYABLE
AUD/USD|2026-08-04T03:20:00.000Z,AUD/USD,2026-08-04T03:20:00.000Z,No correlated conflicts,True,No correlated conflicts (threshold 0.8),ACCOUNT_STATE
AUD/USD|2026-08-04T03:20:00.000Z,AUD/USD,2026-08-04T03:20:00.000Z,Tier 1 gate FAILED,False,"Tier 1 gate FAILED: only 1 core factors — need at least 3 of: Market Structure, Order Block, Fair Value Gap, Premium/Dis",REPLAYABLE
AUD/USD|2026-08-04T03:20:00.000Z,AUD/USD,2026-08-04T03:20:00.000Z,Regime gate,True,Regime gate: OK,REPLAYABLE
AUD/USD|2026-08-04T03:20:00.000Z,AUD/USD,2026-08-04T03:20:00.000Z,[Info] Spread wide,True,[Info] Spread wide (indicative): 47.9% of ATR — info only,REPLAYABLE
USD/CAD|2026-08-04T08:55:00.000Z,USD/CAD,2026-08-04T08:55:00.000Z,[legacy] HTF bias mismatch,False,"[legacy] HTF bias mismatch: Daily is bearish, entry is bullish",REPLAYABLE
USD/CAD|2026-08-04T08:55:00.000Z,USD/CAD,2026-08-04T08:55:00.000Z,P/D zone OK,True,"P/D zone OK (discount, 0.0% of the 5m 5-swing box 1.40409–1.40655) — price is OUTSIDE that range (raw -4.1%)",REPLAYABLE
USD/CAD|2026-08-04T08:55:00.000Z,USD/CAD,2026-08-04T08:55:00.000Z,Structural Conviction BLOCKED [entry],False,"Structural Conviction BLOCKED [entry]: Bull fractals 0%, S2F 20%, opposite 33% — no structural support for long",REPLAYABLE
USD/CAD|2026-08-04T08:55:00.000Z,USD/CAD,2026-08-04T08:55:00.000Z,Reaction gate skipped,True,Reaction gate skipped: trend is bearish (not ranging),REPLAYABLE
USD/CAD|2026-08-04T08:55:00.000Z,USD/CAD,2026-08-04T08:55:00.000Z,USD/CAD not in enabled instruments,False,USD/CAD not in enabled instruments,REPLAYABLE
USD/CAD|2026-08-04T08:55:00.000Z,USD/CAD,2026-08-04T08:55:00.000Z,0/7 positions,True,0/7 positions,REPLAYABLE
USD/CAD|2026-08-04T08:55:00.000Z,USD/CAD,2026-08-04T08:55:00.000Z,0/1 for USD/CAD,True,0/1 for USD/CAD,REPLAYABLE
USD/CAD|2026-08-04T08:55:00.000Z,USD/CAD,2026-08-04T08:55:00.000Z,Portfolio heat 0.0%,True,Portfolio heat 0.0%,ACCOUNT_STATE
USD/CAD|2026-08-04T08:55:00.000Z,USD/CAD,2026-08-04T08:55:00.000Z,Daily loss 0.0%,True,Daily loss 0.0%,ACCOUNT_STATE
USD/CAD|2026-08-04T08:55:00.000Z,USD/CAD,2026-08-04T08:55:00.000Z,Drawdown 0.0%,True,Drawdown 0.0%,ACCOUNT_STATE
USD/CAD|2026-08-04T08:55:00.000Z,USD/CAD,2026-08-04T08:55:00.000Z,Score 41.7 meets threshold,True,Score 41.7 meets threshold,REPLAYABLE
USD/CAD|2026-08-04T08:55:00.000Z,USD/CAD,2026-08-04T08:55:00.000Z,SMT veto,True,SMT veto: no opposition detected,REPLAYABLE
USD/CAD|2026-08-04T08:55:00.000Z,USD/CAD,2026-08-04T08:55:00.000Z,R,True,"R:R 2.20 effective (2.29 raw, spread 1.5p)",REPLAYABLE
USD/CAD|2026-08-04T08:55:00.000Z,USD/CAD,2026-08-04T08:55:00.000Z,No recent trades — cooldown OK,True,No recent trades — cooldown OK,REPLAYABLE
USD/CAD|2026-08-04T08:55:00.000Z,USD/CAD,2026-08-04T08:55:00.000Z,No trade history for consecutive loss check,True,No trade history for consecutive loss check,ACCOUNT_STATE
USD/CAD|2026-08-04T08:55:00.000Z,USD/CAD,2026-08-04T08:55:00.000Z,Daily net P&L $+0.00,True,Daily net P&L $+0.00 (gross loss: $0.00),ACCOUNT_STATE
USD/CAD|2026-08-04T08:55:00.000Z,USD/CAD,2026-08-04T08:55:00.000Z,News filter,True,News filter: env not configured — skipped,ACCOUNT_STATE
USD/CAD|2026-08-04T08:55:00.000Z,USD/CAD,2026-08-04T08:55:00.000Z,FOTSI Gate,True,FOTSI Gate: data unavailable — skipped,REPLAYABLE
USD/CAD|2026-08-04T08:55:00.000Z,USD/CAD,2026-08-04T08:55:00.000Z,No correlated conflicts,True,No correlated conflicts (threshold 0.8),ACCOUNT_STATE
USD/CAD|2026-08-04T08:55:00.000Z,USD/CAD,2026-08-04T08:55:00.000Z,Tier 1 gate FAILED,False,"Tier 1 gate FAILED: only 1 core factors — need at least 3 of: Market Structure, Order Block, Fair Value Gap, Premium/Dis",REPLAYABLE
USD/CAD|2026-08-04T08:55:00.000Z,USD/CAD,2026-08-04T08:55:00.000Z,Regime gate,True,Regime gate: OK,REPLAYABLE
USD/CAD|2026-08-04T08:55:00.000Z,USD/CAD,2026-08-04T08:55:00.000Z,[Info] Spread wide,True,[Info] Spread wide (indicative): 36.9% of ATR — info only,REPLAYABLE
USD/CHF|2026-08-04T13:30:00.000Z,USD/CHF,2026-08-04T13:30:00.000Z,[legacy] HTF bias aligned,True,[legacy] HTF bias aligned: Daily bullish,REPLAYABLE
USD/CHF|2026-08-04T13:30:00.000Z,USD/CHF,2026-08-04T13:30:00.000Z,P/D zone OK,True,"P/D zone OK (discount, 36.8% of the 5m 5-swing box 0.80816–0.81047)",REPLAYABLE
USD/CHF|2026-08-04T13:30:00.000Z,USD/CHF,2026-08-04T13:30:00.000Z,Structural Conviction BLOCKED [entry],False,Structural Conviction BLOCKED [entry]: Bull fractals 0% vs opposite 75% — structure opposes long,REPLAYABLE
USD/CHF|2026-08-04T13:30:00.000Z,USD/CHF,2026-08-04T13:30:00.000Z,Reaction gate skipped,True,Reaction gate skipped: trend is bearish (not ranging),REPLAYABLE
USD/CHF|2026-08-04T13:30:00.000Z,USD/CHF,2026-08-04T13:30:00.000Z,USD/CHF not in enabled instruments,False,USD/CHF not in enabled instruments,REPLAYABLE
USD/CHF|2026-08-04T13:30:00.000Z,USD/CHF,2026-08-04T13:30:00.000Z,0/7 positions,True,0/7 positions,REPLAYABLE
USD/CHF|2026-08-04T13:30:00.000Z,USD/CHF,2026-08-04T13:30:00.000Z,0/1 for USD/CHF,True,0/1 for USD/CHF,REPLAYABLE
USD/CHF|2026-08-04T13:30:00.000Z,USD/CHF,2026-08-04T13:30:00.000Z,Portfolio heat 0.0%,True,Portfolio heat 0.0%,ACCOUNT_STATE
USD/CHF|2026-08-04T13:30:00.000Z,USD/CHF,2026-08-04T13:30:00.000Z,Daily loss 0.0%,True,Daily loss 0.0%,ACCOUNT_STATE
USD/CHF|2026-08-04T13:30:00.000Z,USD/CHF,2026-08-04T13:30:00.000Z,Drawdown 0.0%,True,Drawdown 0.0%,ACCOUNT_STATE
USD/CHF|2026-08-04T13:30:00.000Z,USD/CHF,2026-08-04T13:30:00.000Z,Score 34.4 < 40 threshold,False,Score 34.4 < 40 threshold,REPLAYABLE
USD/CHF|2026-08-04T13:30:00.000Z,USD/CHF,2026-08-04T13:30:00.000Z,SMT veto,True,SMT veto: no opposition detected,REPLAYABLE
USD/CHF|2026-08-04T13:30:00.000Z,USD/CHF,2026-08-04T13:30:00.000Z,R,True,"R:R 2.18 effective (2.27 raw, spread 1.5p)",REPLAYABLE
USD/CHF|2026-08-04T13:30:00.000Z,USD/CHF,2026-08-04T13:30:00.000Z,No recent trades — cooldown OK,True,No recent trades — cooldown OK,REPLAYABLE
USD/CHF|2026-08-04T13:30:00.000Z,USD/CHF,2026-08-04T13:30:00.000Z,No trade history for consecutive loss check,True,No trade history for consecutive loss check,ACCOUNT_STATE
USD/CHF|2026-08-04T13:30:00.000Z,USD/CHF,2026-08-04T13:30:00.000Z,Daily net P&L $+0.00,True,Daily net P&L $+0.00 (gross loss: $0.00),ACCOUNT_STATE
USD/CHF|2026-08-04T13:30:00.000Z,USD/CHF,2026-08-04T13:30:00.000Z,News filter,True,News filter: env not configured — skipped,ACCOUNT_STATE
USD/CHF|2026-08-04T13:30:00.000Z,USD/CHF,2026-08-04T13:30:00.000Z,FOTSI Gate,True,FOTSI Gate: data unavailable — skipped,REPLAYABLE
USD/CHF|2026-08-04T13:30:00.000Z,USD/CHF,2026-08-04T13:30:00.000Z,No correlated conflicts,True,No correlated conflicts (threshold 0.8),ACCOUNT_STATE
USD/CHF|2026-08-04T13:30:00.000Z,USD/CHF,2026-08-04T13:30:00.000Z,Tier 1 gate FAILED,False,"Tier 1 gate FAILED: only 1 core factors — need at least 3 of: Market Structure, Order Block, Fair Value Gap, Premium/Dis",REPLAYABLE
USD/CHF|2026-08-04T13:30:00.000Z,USD/CHF,2026-08-04T13:30:00.000Z,Regime gate,True,Regime gate: OK,REPLAYABLE
USD/CHF|2026-08-04T13:30:00.000Z,USD/CHF,2026-08-04T13:30:00.000Z,[Info] Spread wide,True,[Info] Spread wide (indicative): 24.2% of ATR — info only,REPLAYABLE
EUR/USD|2026-08-05T09:35:00.000Z,EUR/USD,2026-08-05T09:35:00.000Z,[legacy] HTF bias aligned,True,[legacy] HTF bias aligned: Daily ranging,REPLAYABLE
EUR/USD|2026-08-05T09:35:00.000Z,EUR/USD,2026-08-05T09:35:00.000Z,P/D zone OK,True,"P/D zone OK (premium, 64.2% of the 5m 5-swing box 1.15311–1.15462)",REPLAYABLE
EUR/USD|2026-08-05T09:35:00.000Z,EUR/USD,2026-08-05T09:35:00.000Z,Structural Conviction [entry],True,Structural Conviction [entry]: Bear 33% / Bull 25% (S2F 29%),REPLAYABLE
EUR/USD|2026-08-05T09:35:00.000Z,EUR/USD,2026-08-05T09:35:00.000Z,Reaction gate skipped,True,Reaction gate skipped: trend is bearish (not ranging),REPLAYABLE
EUR/USD|2026-08-05T09:35:00.000Z,EUR/USD,2026-08-05T09:35:00.000Z,EUR/USD enabled,True,EUR/USD enabled,REPLAYABLE
EUR/USD|2026-08-05T09:35:00.000Z,EUR/USD,2026-08-05T09:35:00.000Z,0/7 positions,True,0/7 positions,REPLAYABLE
EUR/USD|2026-08-05T09:35:00.000Z,EUR/USD,2026-08-05T09:35:00.000Z,0/1 for EUR/USD,True,0/1 for EUR/USD,REPLAYABLE
EUR/USD|2026-08-05T09:35:00.000Z,EUR/USD,2026-08-05T09:35:00.000Z,Portfolio heat 0.0%,True,Portfolio heat 0.0%,ACCOUNT_STATE
EUR/USD|2026-08-05T09:35:00.000Z,EUR/USD,2026-08-05T09:35:00.000Z,Daily loss 0.0%,True,Daily loss 0.0%,ACCOUNT_STATE
EUR/USD|2026-08-05T09:35:00.000Z,EUR/USD,2026-08-05T09:35:00.000Z,Drawdown 0.0%,True,Drawdown 0.0%,ACCOUNT_STATE
EUR/USD|2026-08-05T09:35:00.000Z,EUR/USD,2026-08-05T09:35:00.000Z,Score 41.7 meets threshold,True,Score 41.7 meets threshold,REPLAYABLE
EUR/USD|2026-08-05T09:35:00.000Z,EUR/USD,2026-08-05T09:35:00.000Z,SMT veto,True,SMT veto: no opposition detected,REPLAYABLE
EUR/USD|2026-08-05T09:35:00.000Z,EUR/USD,2026-08-05T09:35:00.000Z,R,True,"R:R 1.96 effective (2.02 raw, spread 1p)",REPLAYABLE
EUR/USD|2026-08-05T09:35:00.000Z,EUR/USD,2026-08-05T09:35:00.000Z,No recent trades — cooldown OK,True,No recent trades — cooldown OK,REPLAYABLE
EUR/USD|2026-08-05T09:35:00.000Z,EUR/USD,2026-08-05T09:35:00.000Z,No trade history for consecutive loss check,True,No trade history for consecutive loss check,ACCOUNT_STATE
EUR/USD|2026-08-05T09:35:00.000Z,EUR/USD,2026-08-05T09:35:00.000Z,Daily net P&L $+0.00,True,Daily net P&L $+0.00 (gross loss: $0.00),ACCOUNT_STATE
EUR/USD|2026-08-05T09:35:00.000Z,EUR/USD,2026-08-05T09:35:00.000Z,News filter,True,News filter: env not configured — skipped,ACCOUNT_STATE
EUR/USD|2026-08-05T09:35:00.000Z,EUR/USD,2026-08-05T09:35:00.000Z,FOTSI Gate,True,FOTSI Gate: data unavailable — skipped,REPLAYABLE
EUR/USD|2026-08-05T09:35:00.000Z,EUR/USD,2026-08-05T09:35:00.000Z,No correlated conflicts,True,No correlated conflicts (threshold 0.8),ACCOUNT_STATE
EUR/USD|2026-08-05T09:35:00.000Z,EUR/USD,2026-08-05T09:35:00.000Z,Tier 1 gate FAILED,False,"Tier 1 gate FAILED: only 2 core factors — need at least 3 of: Market Structure, Order Block, Fair Value Gap, Premium/Dis",REPLAYABLE
EUR/USD|2026-08-05T09:35:00.000Z,EUR/USD,2026-08-05T09:35:00.000Z,Regime gate,True,Regime gate: OK,REPLAYABLE
EUR/USD|2026-08-05T09:35:00.000Z,EUR/USD,2026-08-05T09:35:00.000Z,[Info] Spread wide,True,[Info] Spread wide (indicative): 30.4% of ATR — info only,REPLAYABLE
GBP/USD|2026-08-08T16:35:00.000Z,GBP/USD,2026-08-08T16:35:00.000Z,[legacy] HTF bias mismatch,False,"[legacy] HTF bias mismatch: Daily is bearish, entry is bullish",REPLAYABLE
GBP/USD|2026-08-08T16:35:00.000Z,GBP/USD,2026-08-08T16:35:00.000Z,P/D zone OK,True,"P/D zone OK (premium, 74.1% of the 5m 5-swing box 1.34519–1.35060)",REPLAYABLE
GBP/USD|2026-08-08T16:35:00.000Z,GBP/USD,2026-08-08T16:35:00.000Z,Structural Conviction BLOCKED [entry],False,"Structural Conviction BLOCKED [entry]: Bull fractals 0%, S2F 20%, opposite 33% — no structural support for long",REPLAYABLE
GBP/USD|2026-08-08T16:35:00.000Z,GBP/USD,2026-08-08T16:35:00.000Z,Reaction gate skipped,True,Reaction gate skipped: trend is bearish (not ranging),REPLAYABLE
GBP/USD|2026-08-08T16:35:00.000Z,GBP/USD,2026-08-08T16:35:00.000Z,GBP/USD enabled,True,GBP/USD enabled,REPLAYABLE
GBP/USD|2026-08-08T16:35:00.000Z,GBP/USD,2026-08-08T16:35:00.000Z,0/7 positions,True,0/7 positions,REPLAYABLE
GBP/USD|2026-08-08T16:35:00.000Z,GBP/USD,2026-08-08T16:35:00.000Z,0/1 for GBP/USD,True,0/1 for GBP/USD,REPLAYABLE
GBP/USD|2026-08-08T16:35:00.000Z,GBP/USD,2026-08-08T16:35:00.000Z,Portfolio heat 0.0%,True,Portfolio heat 0.0%,ACCOUNT_STATE
GBP/USD|2026-08-08T16:35:00.000Z,GBP/USD,2026-08-08T16:35:00.000Z,Daily loss 0.0%,True,Daily loss 0.0%,ACCOUNT_STATE
GBP/USD|2026-08-08T16:35:00.000Z,GBP/USD,2026-08-08T16:35:00.000Z,Drawdown 0.0%,True,Drawdown 0.0%,ACCOUNT_STATE
GBP/USD|2026-08-08T16:35:00.000Z,GBP/USD,2026-08-08T16:35:00.000Z,Score 36.5 < 40 threshold,False,Score 36.5 < 40 threshold,REPLAYABLE
GBP/USD|2026-08-08T16:35:00.000Z,GBP/USD,2026-08-08T16:35:00.000Z,SMT veto,True,SMT veto: no opposition detected,REPLAYABLE
GBP/USD|2026-08-08T16:35:00.000Z,GBP/USD,2026-08-08T16:35:00.000Z,R,True,"R:R 1.99 effective (2.02 raw, spread 1.5p)",REPLAYABLE
GBP/USD|2026-08-08T16:35:00.000Z,GBP/USD,2026-08-08T16:35:00.000Z,No recent trades — cooldown OK,True,No recent trades — cooldown OK,REPLAYABLE
GBP/USD|2026-08-08T16:35:00.000Z,GBP/USD,2026-08-08T16:35:00.000Z,No trade history for consecutive loss check,True,No trade history for consecutive loss check,ACCOUNT_STATE
GBP/USD|2026-08-08T16:35:00.000Z,GBP/USD,2026-08-08T16:35:00.000Z,Daily net P&L $+0.00,True,Daily net P&L $+0.00 (gross loss: $0.00),ACCOUNT_STATE
GBP/USD|2026-08-08T16:35:00.000Z,GBP/USD,2026-08-08T16:35:00.000Z,News filter,True,News filter: env not configured — skipped,ACCOUNT_STATE
GBP/USD|2026-08-08T16:35:00.000Z,GBP/USD,2026-08-08T16:35:00.000Z,FOTSI Gate,True,FOTSI Gate: data unavailable — skipped,REPLAYABLE
GBP/USD|2026-08-08T16:35:00.000Z,GBP/USD,2026-08-08T16:35:00.000Z,No correlated conflicts,True,No correlated conflicts (threshold 0.8),ACCOUNT_STATE
GBP/USD|2026-08-08T16:35:00.000Z,GBP/USD,2026-08-08T16:35:00.000Z,Tier 1 gate FAILED,False,"Tier 1 gate FAILED: only 2 core factors — need at least 3 of: Market Structure, Order Block, Fair Value Gap, Premium/Dis",REPLAYABLE
GBP/USD|2026-08-08T16:35:00.000Z,GBP/USD,2026-08-08T16:35:00.000Z,Regime gate,True,Regime gate: OK,REPLAYABLE
GBP/USD|2026-08-08T16:35:00.000Z,GBP/USD,2026-08-08T16:35:00.000Z,[Info] Spread OK,True,[Info] Spread OK: 13.0% of ATR,REPLAYABLE
USD/CHF|2026-08-10T17:05:00.000Z,USD/CHF,2026-08-10T17:05:00.000Z,[legacy] HTF bias aligned,True,[legacy] HTF bias aligned: Daily ranging,REPLAYABLE
USD/CHF|2026-08-10T17:05:00.000Z,USD/CHF,2026-08-10T17:05:00.000Z,P/D zone OK,True,"P/D zone OK (premium, 100.0% of the 5m 5-swing box 0.80868–0.80969) — price is OUTSIDE that range (raw 113.9%)",REPLAYABLE
USD/CHF|2026-08-10T17:05:00.000Z,USD/CHF,2026-08-10T17:05:00.000Z,Structural Conviction [entry],True,Structural Conviction [entry]: Bear 17% / Bull 0% (S2F 14%),REPLAYABLE
USD/CHF|2026-08-10T17:05:00.000Z,USD/CHF,2026-08-10T17:05:00.000Z,Reaction confirmed in ranging market,True,"Reaction confirmed in ranging market: Liquidity Sweep, Displacement, AMD Phase",REPLAYABLE
USD/CHF|2026-08-10T17:05:00.000Z,USD/CHF,2026-08-10T17:05:00.000Z,USD/CHF not in enabled instruments,False,USD/CHF not in enabled instruments,REPLAYABLE
USD/CHF|2026-08-10T17:05:00.000Z,USD/CHF,2026-08-10T17:05:00.000Z,0/7 positions,True,0/7 positions,REPLAYABLE
USD/CHF|2026-08-10T17:05:00.000Z,USD/CHF,2026-08-10T17:05:00.000Z,0/1 for USD/CHF,True,0/1 for USD/CHF,REPLAYABLE
USD/CHF|2026-08-10T17:05:00.000Z,USD/CHF,2026-08-10T17:05:00.000Z,Portfolio heat 0.0%,True,Portfolio heat 0.0%,ACCOUNT_STATE
USD/CHF|2026-08-10T17:05:00.000Z,USD/CHF,2026-08-10T17:05:00.000Z,Daily loss 0.0%,True,Daily loss 0.0%,ACCOUNT_STATE
USD/CHF|2026-08-10T17:05:00.000Z,USD/CHF,2026-08-10T17:05:00.000Z,Drawdown 0.0%,True,Drawdown 0.0%,ACCOUNT_STATE
USD/CHF|2026-08-10T17:05:00.000Z,USD/CHF,2026-08-10T17:05:00.000Z,Score 29.8 < 40 threshold,False,Score 29.8 < 40 threshold,REPLAYABLE
USD/CHF|2026-08-10T17:05:00.000Z,USD/CHF,2026-08-10T17:05:00.000Z,SMT veto,True,SMT veto: no opposition detected,REPLAYABLE
USD/CHF|2026-08-10T17:05:00.000Z,USD/CHF,2026-08-10T17:05:00.000Z,R,True,"R:R 1.98 effective (2.07 raw, spread 1.5p)",REPLAYABLE
USD/CHF|2026-08-10T17:05:00.000Z,USD/CHF,2026-08-10T17:05:00.000Z,No recent trades — cooldown OK,True,No recent trades — cooldown OK,REPLAYABLE
USD/CHF|2026-08-10T17:05:00.000Z,USD/CHF,2026-08-10T17:05:00.000Z,No trade history for consecutive loss check,True,No trade history for consecutive loss check,ACCOUNT_STATE
USD/CHF|2026-08-10T17:05:00.000Z,USD/CHF,2026-08-10T17:05:00.000Z,Daily net P&L $+0.00,True,Daily net P&L $+0.00 (gross loss: $0.00),ACCOUNT_STATE
USD/CHF|2026-08-10T17:05:00.000Z,USD/CHF,2026-08-10T17:05:00.000Z,News filter,True,News filter: env not configured — skipped,ACCOUNT_STATE
USD/CHF|2026-08-10T17:05:00.000Z,USD/CHF,2026-08-10T17:05:00.000Z,FOTSI Gate,True,FOTSI Gate: data unavailable — skipped,REPLAYABLE
USD/CHF|2026-08-10T17:05:00.000Z,USD/CHF,2026-08-10T17:05:00.000Z,No correlated conflicts,True,No correlated conflicts (threshold 0.8),ACCOUNT_STATE
USD/CHF|2026-08-10T17:05:00.000Z,USD/CHF,2026-08-10T17:05:00.000Z,Tier 1 gate FAILED,False,"Tier 1 gate FAILED: only 2 core factors — need at least 3 of: Market Structure, Order Block, Fair Value Gap, Premium/Dis",REPLAYABLE
USD/CHF|2026-08-10T17:05:00.000Z,USD/CHF,2026-08-10T17:05:00.000Z,Regime gate,True,Regime gate: OK,REPLAYABLE
USD/CHF|2026-08-10T17:05:00.000Z,USD/CHF,2026-08-10T17:05:00.000Z,[Info] Spread wide,True,[Info] Spread wide (indicative): 39.3% of ATR — info only,REPLAYABLE
NZD/USD|2026-08-13T13:15:00.000Z,NZD/USD,2026-08-13T13:15:00.000Z,[legacy] HTF bias aligned,True,[legacy] HTF bias aligned: Daily ranging,REPLAYABLE
NZD/USD|2026-08-13T13:15:00.000Z,NZD/USD,2026-08-13T13:15:00.000Z,P/D zone OK,True,"P/D zone OK (premium, 100.0% of the 5m 5-swing box 0.58287–0.58466) — price is OUTSIDE that range (raw 129.6%)",REPLAYABLE
NZD/USD|2026-08-13T13:15:00.000Z,NZD/USD,2026-08-13T13:15:00.000Z,Structural Conviction BLOCKED [entry],False,"Structural Conviction BLOCKED [entry]: Bear fractals 0%, S2F 17%, opposite 33% — no structural support for short",REPLAYABLE
NZD/USD|2026-08-13T13:15:00.000Z,NZD/USD,2026-08-13T13:15:00.000Z,Reaction confirmed in ranging market,True,"Reaction confirmed in ranging market: Liquidity Sweep, Displacement, AMD Phase",REPLAYABLE
NZD/USD|2026-08-13T13:15:00.000Z,NZD/USD,2026-08-13T13:15:00.000Z,NZD/USD not in enabled instruments,False,NZD/USD not in enabled instruments,REPLAYABLE
NZD/USD|2026-08-13T13:15:00.000Z,NZD/USD,2026-08-13T13:15:00.000Z,0/7 positions,True,0/7 positions,REPLAYABLE
NZD/USD|2026-08-13T13:15:00.000Z,NZD/USD,2026-08-13T13:15:00.000Z,0/1 for NZD/USD,True,0/1 for NZD/USD,REPLAYABLE
NZD/USD|2026-08-13T13:15:00.000Z,NZD/USD,2026-08-13T13:15:00.000Z,Portfolio heat 0.0%,True,Portfolio heat 0.0%,ACCOUNT_STATE
NZD/USD|2026-08-13T13:15:00.000Z,NZD/USD,2026-08-13T13:15:00.000Z,Daily loss 0.0%,True,Daily loss 0.0%,ACCOUNT_STATE
NZD/USD|2026-08-13T13:15:00.000Z,NZD/USD,2026-08-13T13:15:00.000Z,Drawdown 0.0%,True,Drawdown 0.0%,ACCOUNT_STATE
NZD/USD|2026-08-13T13:15:00.000Z,NZD/USD,2026-08-13T13:15:00.000Z,Score 36.7 < 40 threshold,False,Score 36.7 < 40 threshold,REPLAYABLE
NZD/USD|2026-08-13T13:15:00.000Z,NZD/USD,2026-08-13T13:15:00.000Z,SMT veto,True,SMT veto: no opposition detected,REPLAYABLE
NZD/USD|2026-08-13T13:15:00.000Z,NZD/USD,2026-08-13T13:15:00.000Z,R,True,"R:R 1.97 effective (2.09 raw, spread 2p)",REPLAYABLE
NZD/USD|2026-08-13T13:15:00.000Z,NZD/USD,2026-08-13T13:15:00.000Z,No recent trades — cooldown OK,True,No recent trades — cooldown OK,REPLAYABLE
NZD/USD|2026-08-13T13:15:00.000Z,NZD/USD,2026-08-13T13:15:00.000Z,No trade history for consecutive loss check,True,No trade history for consecutive loss check,ACCOUNT_STATE
NZD/USD|2026-08-13T13:15:00.000Z,NZD/USD,2026-08-13T13:15:00.000Z,Daily net P&L $+0.00,True,Daily net P&L $+0.00 (gross loss: $0.00),ACCOUNT_STATE
NZD/USD|2026-08-13T13:15:00.000Z,NZD/USD,2026-08-13T13:15:00.000Z,News filter,True,News filter: env not configured — skipped,ACCOUNT_STATE
NZD/USD|2026-08-13T13:15:00.000Z,NZD/USD,2026-08-13T13:15:00.000Z,FOTSI Gate,True,FOTSI Gate: data unavailable — skipped,REPLAYABLE
NZD/USD|2026-08-13T13:15:00.000Z,NZD/USD,2026-08-13T13:15:00.000Z,No correlated conflicts,True,No correlated conflicts (threshold 0.8),ACCOUNT_STATE
NZD/USD|2026-08-13T13:15:00.000Z,NZD/USD,2026-08-13T13:15:00.000Z,Tier 1 gate FAILED,False,"Tier 1 gate FAILED: only 1 core factors — need at least 3 of: Market Structure, Order Block, Fair Value Gap, Premium/Dis",REPLAYABLE
NZD/USD|2026-08-13T13:15:00.000Z,NZD/USD,2026-08-13T13:15:00.000Z,Regime gate,True,Regime gate: OK,REPLAYABLE
NZD/USD|2026-08-13T13:15:00.000Z,NZD/USD,2026-08-13T13:15:00.000Z,[Info] Spread wide,True,[Info] Spread wide (indicative): 34.1% of ATR — info only,REPLAYABLE
USD/CHF|2026-08-14T03:00:00.000Z,USD/CHF,2026-08-14T03:00:00.000Z,[legacy] HTF bias aligned,True,[legacy] HTF bias aligned: Daily ranging,REPLAYABLE
USD/CHF|2026-08-14T03:00:00.000Z,USD/CHF,2026-08-14T03:00:00.000Z,P/D zone OK,True,"P/D zone OK (premium, 62.2% of the 5m 5-swing box 0.81374–0.81448)",REPLAYABLE
USD/CHF|2026-08-14T03:00:00.000Z,USD/CHF,2026-08-14T03:00:00.000Z,Structural Conviction [entry],True,Structural Conviction [entry]: Bear 40% / Bull 33% (S2F 38%),REPLAYABLE
USD/CHF|2026-08-14T03:00:00.000Z,USD/CHF,2026-08-14T03:00:00.000Z,Reaction gate skipped,True,Reaction gate skipped: trend is bearish (not ranging),REPLAYABLE
USD/CHF|2026-08-14T03:00:00.000Z,USD/CHF,2026-08-14T03:00:00.000Z,USD/CHF not in enabled instruments,False,USD/CHF not in enabled instruments,REPLAYABLE
USD/CHF|2026-08-14T03:00:00.000Z,USD/CHF,2026-08-14T03:00:00.000Z,0/7 positions,True,0/7 positions,REPLAYABLE
USD/CHF|2026-08-14T03:00:00.000Z,USD/CHF,2026-08-14T03:00:00.000Z,0/1 for USD/CHF,True,0/1 for USD/CHF,REPLAYABLE
USD/CHF|2026-08-14T03:00:00.000Z,USD/CHF,2026-08-14T03:00:00.000Z,Portfolio heat 0.0%,True,Portfolio heat 0.0%,ACCOUNT_STATE
USD/CHF|2026-08-14T03:00:00.000Z,USD/CHF,2026-08-14T03:00:00.000Z,Daily loss 0.0%,True,Daily loss 0.0%,ACCOUNT_STATE
USD/CHF|2026-08-14T03:00:00.000Z,USD/CHF,2026-08-14T03:00:00.000Z,Drawdown 0.0%,True,Drawdown 0.0%,ACCOUNT_STATE
USD/CHF|2026-08-14T03:00:00.000Z,USD/CHF,2026-08-14T03:00:00.000Z,Score 41.7 meets threshold,True,Score 41.7 meets threshold,REPLAYABLE
USD/CHF|2026-08-14T03:00:00.000Z,USD/CHF,2026-08-14T03:00:00.000Z,SMT veto,True,SMT veto: no opposition detected,REPLAYABLE
USD/CHF|2026-08-14T03:00:00.000Z,USD/CHF,2026-08-14T03:00:00.000Z,R,True,"R:R 2.18 effective (2.27 raw, spread 1.5p)",REPLAYABLE
USD/CHF|2026-08-14T03:00:00.000Z,USD/CHF,2026-08-14T03:00:00.000Z,No recent trades — cooldown OK,True,No recent trades — cooldown OK,REPLAYABLE
USD/CHF|2026-08-14T03:00:00.000Z,USD/CHF,2026-08-14T03:00:00.000Z,No trade history for consecutive loss check,True,No trade history for consecutive loss check,ACCOUNT_STATE
USD/CHF|2026-08-14T03:00:00.000Z,USD/CHF,2026-08-14T03:00:00.000Z,Daily net P&L $+0.00,True,Daily net P&L $+0.00 (gross loss: $0.00),ACCOUNT_STATE
USD/CHF|2026-08-14T03:00:00.000Z,USD/CHF,2026-08-14T03:00:00.000Z,News filter,True,News filter: env not configured — skipped,ACCOUNT_STATE
USD/CHF|2026-08-14T03:00:00.000Z,USD/CHF,2026-08-14T03:00:00.000Z,FOTSI Gate,True,FOTSI Gate: data unavailable — skipped,REPLAYABLE
USD/CHF|2026-08-14T03:00:00.000Z,USD/CHF,2026-08-14T03:00:00.000Z,No correlated conflicts,True,No correlated conflicts (threshold 0.8),ACCOUNT_STATE
USD/CHF|2026-08-14T03:00:00.000Z,USD/CHF,2026-08-14T03:00:00.000Z,Tier 1 gate FAILED,False,"Tier 1 gate FAILED: only 2 core factors — need at least 3 of: Market Structure, Order Block, Fair Value Gap, Premium/Dis",REPLAYABLE
USD/CHF|2026-08-14T03:00:00.000Z,USD/CHF,2026-08-14T03:00:00.000Z,Regime gate,True,Regime gate: OK,REPLAYABLE
USD/CHF|2026-08-14T03:00:00.000Z,USD/CHF,2026-08-14T03:00:00.000Z,[Info] Spread wide,True,[Info] Spread wide (indicative): 68.3% of ATR — info only,REPLAYABLE
USD/CAD|2026-08-17T22:30:00.000Z,USD/CAD,2026-08-17T22:30:00.000Z,[legacy] HTF bias aligned,True,[legacy] HTF bias aligned: Daily bearish,REPLAYABLE
USD/CAD|2026-08-17T22:30:00.000Z,USD/CAD,2026-08-17T22:30:00.000Z,P/D zone OK,True,"P/D zone OK (discount, 40.0% of the 5m 5-swing box 1.38698–1.38783)",REPLAYABLE
USD/CAD|2026-08-17T22:30:00.000Z,USD/CAD,2026-08-17T22:30:00.000Z,Structural Conviction [entry],True,Structural Conviction [entry]: Bear 20% / Bull 0% (S2F 11%),REPLAYABLE
USD/CAD|2026-08-17T22:30:00.000Z,USD/CAD,2026-08-17T22:30:00.000Z,Reaction gate skipped,True,Reaction gate skipped: trend is bullish (not ranging),REPLAYABLE
USD/CAD|2026-08-17T22:30:00.000Z,USD/CAD,2026-08-17T22:30:00.000Z,USD/CAD not in enabled instruments,False,USD/CAD not in enabled instruments,REPLAYABLE
USD/CAD|2026-08-17T22:30:00.000Z,USD/CAD,2026-08-17T22:30:00.000Z,0/7 positions,True,0/7 positions,REPLAYABLE
USD/CAD|2026-08-17T22:30:00.000Z,USD/CAD,2026-08-17T22:30:00.000Z,0/1 for USD/CAD,True,0/1 for USD/CAD,REPLAYABLE
USD/CAD|2026-08-17T22:30:00.000Z,USD/CAD,2026-08-17T22:30:00.000Z,Portfolio heat 0.0%,True,Portfolio heat 0.0%,ACCOUNT_STATE
USD/CAD|2026-08-17T22:30:00.000Z,USD/CAD,2026-08-17T22:30:00.000Z,Daily loss 0.0%,True,Daily loss 0.0%,ACCOUNT_STATE
USD/CAD|2026-08-17T22:30:00.000Z,USD/CAD,2026-08-17T22:30:00.000Z,Drawdown 0.0%,True,Drawdown 0.0%,ACCOUNT_STATE
USD/CAD|2026-08-17T22:30:00.000Z,USD/CAD,2026-08-17T22:30:00.000Z,Score 41.7 meets threshold,True,Score 41.7 meets threshold,REPLAYABLE
USD/CAD|2026-08-17T22:30:00.000Z,USD/CAD,2026-08-17T22:30:00.000Z,SMT veto,True,SMT veto: no opposition detected,REPLAYABLE
USD/CAD|2026-08-17T22:30:00.000Z,USD/CAD,2026-08-17T22:30:00.000Z,R,True,"R:R 2.11 effective (2.20 raw, spread 1.5p)",REPLAYABLE
USD/CAD|2026-08-17T22:30:00.000Z,USD/CAD,2026-08-17T22:30:00.000Z,No recent trades — cooldown OK,True,No recent trades — cooldown OK,REPLAYABLE
USD/CAD|2026-08-17T22:30:00.000Z,USD/CAD,2026-08-17T22:30:00.000Z,No trade history for consecutive loss check,True,No trade history for consecutive loss check,ACCOUNT_STATE
USD/CAD|2026-08-17T22:30:00.000Z,USD/CAD,2026-08-17T22:30:00.000Z,Daily net P&L $+0.00,True,Daily net P&L $+0.00 (gross loss: $0.00),ACCOUNT_STATE
USD/CAD|2026-08-17T22:30:00.000Z,USD/CAD,2026-08-17T22:30:00.000Z,News filter,True,News filter: env not configured — skipped,ACCOUNT_STATE
USD/CAD|2026-08-17T22:30:00.000Z,USD/CAD,2026-08-17T22:30:00.000Z,FOTSI Gate,True,FOTSI Gate: data unavailable — skipped,REPLAYABLE
USD/CAD|2026-08-17T22:30:00.000Z,USD/CAD,2026-08-17T22:30:00.000Z,No correlated conflicts,True,No correlated conflicts (threshold 0.8),ACCOUNT_STATE
USD/CAD|2026-08-17T22:30:00.000Z,USD/CAD,2026-08-17T22:30:00.000Z,Tier 1 gate FAILED,False,"Tier 1 gate FAILED: only 2 core factors — need at least 3 of: Market Structure, Order Block, Fair Value Gap, Premium/Dis",REPLAYABLE
USD/CAD|2026-08-17T22:30:00.000Z,USD/CAD,2026-08-17T22:30:00.000Z,Regime gate,True,Regime gate: OK,REPLAYABLE
USD/CAD|2026-08-17T22:30:00.000Z,USD/CAD,2026-08-17T22:30:00.000Z,[Info] Spread wide,True,[Info] Spread wide (indicative): 72.2% of ATR — info only,REPLAYABLE
USD/CHF|2026-08-18T08:35:00.000Z,USD/CHF,2026-08-18T08:35:00.000Z,[legacy] HTF bias mismatch,False,"[legacy] HTF bias mismatch: Daily is bullish, entry is bearish",REPLAYABLE
USD/CHF|2026-08-18T08:35:00.000Z,USD/CHF,2026-08-18T08:35:00.000Z,P/D zone OK,True,"P/D zone OK (premium, 60.8% of the 5m 5-swing box 0.81104–0.81224)",REPLAYABLE
USD/CHF|2026-08-18T08:35:00.000Z,USD/CHF,2026-08-18T08:35:00.000Z,Structural Conviction [entry],True,Structural Conviction [entry]: Bear 50% / Bull 25% (S2F 38%),REPLAYABLE
USD/CHF|2026-08-18T08:35:00.000Z,USD/CHF,2026-08-18T08:35:00.000Z,Reaction gate skipped,True,Reaction gate skipped: trend is bearish (not ranging),REPLAYABLE
USD/CHF|2026-08-18T08:35:00.000Z,USD/CHF,2026-08-18T08:35:00.000Z,USD/CHF not in enabled instruments,False,USD/CHF not in enabled instruments,REPLAYABLE
USD/CHF|2026-08-18T08:35:00.000Z,USD/CHF,2026-08-18T08:35:00.000Z,0/7 positions,True,0/7 positions,REPLAYABLE
USD/CHF|2026-08-18T08:35:00.000Z,USD/CHF,2026-08-18T08:35:00.000Z,0/1 for USD/CHF,True,0/1 for USD/CHF,REPLAYABLE
USD/CHF|2026-08-18T08:35:00.000Z,USD/CHF,2026-08-18T08:35:00.000Z,Portfolio heat 0.0%,True,Portfolio heat 0.0%,ACCOUNT_STATE
USD/CHF|2026-08-18T08:35:00.000Z,USD/CHF,2026-08-18T08:35:00.000Z,Daily loss 0.0%,True,Daily loss 0.0%,ACCOUNT_STATE
USD/CHF|2026-08-18T08:35:00.000Z,USD/CHF,2026-08-18T08:35:00.000Z,Drawdown 0.0%,True,Drawdown 0.0%,ACCOUNT_STATE
USD/CHF|2026-08-18T08:35:00.000Z,USD/CHF,2026-08-18T08:35:00.000Z,Score 42.7 meets threshold,True,Score 42.7 meets threshold,REPLAYABLE
USD/CHF|2026-08-18T08:35:00.000Z,USD/CHF,2026-08-18T08:35:00.000Z,SMT veto,True,SMT veto: no opposition detected,REPLAYABLE
USD/CHF|2026-08-18T08:35:00.000Z,USD/CHF,2026-08-18T08:35:00.000Z,R,True,"R:R 1.98 effective (2.07 raw, spread 1.5p)",REPLAYABLE
USD/CHF|2026-08-18T08:35:00.000Z,USD/CHF,2026-08-18T08:35:00.000Z,No recent trades — cooldown OK,True,No recent trades — cooldown OK,REPLAYABLE
USD/CHF|2026-08-18T08:35:00.000Z,USD/CHF,2026-08-18T08:35:00.000Z,No trade history for consecutive loss check,True,No trade history for consecutive loss check,ACCOUNT_STATE
USD/CHF|2026-08-18T08:35:00.000Z,USD/CHF,2026-08-18T08:35:00.000Z,Daily net P&L $+0.00,True,Daily net P&L $+0.00 (gross loss: $0.00),ACCOUNT_STATE
USD/CHF|2026-08-18T08:35:00.000Z,USD/CHF,2026-08-18T08:35:00.000Z,News filter,True,News filter: env not configured — skipped,ACCOUNT_STATE
USD/CHF|2026-08-18T08:35:00.000Z,USD/CHF,2026-08-18T08:35:00.000Z,FOTSI Gate,True,FOTSI Gate: data unavailable — skipped,REPLAYABLE
USD/CHF|2026-08-18T08:35:00.000Z,USD/CHF,2026-08-18T08:35:00.000Z,No correlated conflicts,True,No correlated conflicts (threshold 0.8),ACCOUNT_STATE
USD/CHF|2026-08-18T08:35:00.000Z,USD/CHF,2026-08-18T08:35:00.000Z,Tier 1 gate FAILED,False,"Tier 1 gate FAILED: only 2 core factors — need at least 3 of: Market Structure, Order Block, Fair Value Gap, Premium/Dis",REPLAYABLE
USD/CHF|2026-08-18T08:35:00.000Z,USD/CHF,2026-08-18T08:35:00.000Z,Regime gate,True,Regime gate: OK,REPLAYABLE
USD/CHF|2026-08-18T08:35:00.000Z,USD/CHF,2026-08-18T08:35:00.000Z,[Info] Spread wide,True,[Info] Spread wide (indicative): 37.2% of ATR — info only,REPLAYABLE
USD/CAD|2026-08-19T11:20:00.000Z,USD/CAD,2026-08-19T11:20:00.000Z,[legacy] HTF bias mismatch,False,"[legacy] HTF bias mismatch: Daily is bearish, entry is bullish",REPLAYABLE
USD/CAD|2026-08-19T11:20:00.000Z,USD/CAD,2026-08-19T11:20:00.000Z,P/D zone OK,True,"P/D zone OK (equilibrium, 54.9% of the 5m 5-swing box 1.38637–1.38843)",REPLAYABLE
USD/CAD|2026-08-19T11:20:00.000Z,USD/CAD,2026-08-19T11:20:00.000Z,Structural Conviction BLOCKED [entry],False,Structural Conviction BLOCKED [entry]: opposing 67% is 3.3× supporting 20% — structure overwhelmingly opposes long,REPLAYABLE
USD/CAD|2026-08-19T11:20:00.000Z,USD/CAD,2026-08-19T11:20:00.000Z,Reaction gate skipped,True,Reaction gate skipped: trend is bearish (not ranging),REPLAYABLE
USD/CAD|2026-08-19T11:20:00.000Z,USD/CAD,2026-08-19T11:20:00.000Z,USD/CAD not in enabled instruments,False,USD/CAD not in enabled instruments,REPLAYABLE
USD/CAD|2026-08-19T11:20:00.000Z,USD/CAD,2026-08-19T11:20:00.000Z,0/7 positions,True,0/7 positions,REPLAYABLE
USD/CAD|2026-08-19T11:20:00.000Z,USD/CAD,2026-08-19T11:20:00.000Z,0/1 for USD/CAD,True,0/1 for USD/CAD,REPLAYABLE
USD/CAD|2026-08-19T11:20:00.000Z,USD/CAD,2026-08-19T11:20:00.000Z,Portfolio heat 0.0%,True,Portfolio heat 0.0%,ACCOUNT_STATE
USD/CAD|2026-08-19T11:20:00.000Z,USD/CAD,2026-08-19T11:20:00.000Z,Daily loss 0.0%,True,Daily loss 0.0%,ACCOUNT_STATE
USD/CAD|2026-08-19T11:20:00.000Z,USD/CAD,2026-08-19T11:20:00.000Z,Drawdown 0.0%,True,Drawdown 0.0%,ACCOUNT_STATE
USD/CAD|2026-08-19T11:20:00.000Z,USD/CAD,2026-08-19T11:20:00.000Z,Score 38.5 < 40 threshold,False,Score 38.5 < 40 threshold,REPLAYABLE
USD/CAD|2026-08-19T11:20:00.000Z,USD/CAD,2026-08-19T11:20:00.000Z,SMT veto,True,SMT veto: no opposition detected,REPLAYABLE
USD/CAD|2026-08-19T11:20:00.000Z,USD/CAD,2026-08-19T11:20:00.000Z,R,True,"R:R 2.20 effective (2.29 raw, spread 1.5p)",REPLAYABLE
USD/CAD|2026-08-19T11:20:00.000Z,USD/CAD,2026-08-19T11:20:00.000Z,No recent trades — cooldown OK,True,No recent trades — cooldown OK,REPLAYABLE
USD/CAD|2026-08-19T11:20:00.000Z,USD/CAD,2026-08-19T11:20:00.000Z,No trade history for consecutive loss check,True,No trade history for consecutive loss check,ACCOUNT_STATE
USD/CAD|2026-08-19T11:20:00.000Z,USD/CAD,2026-08-19T11:20:00.000Z,Daily net P&L $+0.00,True,Daily net P&L $+0.00 (gross loss: $0.00),ACCOUNT_STATE
USD/CAD|2026-08-19T11:20:00.000Z,USD/CAD,2026-08-19T11:20:00.000Z,News filter,True,News filter: env not configured — skipped,ACCOUNT_STATE
USD/CAD|2026-08-19T11:20:00.000Z,USD/CAD,2026-08-19T11:20:00.000Z,FOTSI Gate,True,FOTSI Gate: data unavailable — skipped,REPLAYABLE
USD/CAD|2026-08-19T11:20:00.000Z,USD/CAD,2026-08-19T11:20:00.000Z,No correlated conflicts,True,No correlated conflicts (threshold 0.8),ACCOUNT_STATE
USD/CAD|2026-08-19T11:20:00.000Z,USD/CAD,2026-08-19T11:20:00.000Z,Tier 1 gate FAILED,False,"Tier 1 gate FAILED: only 2 core factors — need at least 3 of: Market Structure, Order Block, Fair Value Gap, Premium/Dis",REPLAYABLE
USD/CAD|2026-08-19T11:20:00.000Z,USD/CAD,2026-08-19T11:20:00.000Z,Regime gate,True,Regime gate: OK,REPLAYABLE
USD/CAD|2026-08-19T11:20:00.000Z,USD/CAD,2026-08-19T11:20:00.000Z,[Info] Spread wide,True,[Info] Spread wide (indicative): 35.9% of ATR — info only,REPLAYABLE
AUD/USD|2026-08-20T06:20:00.000Z,AUD/USD,2026-08-20T06:20:00.000Z,[legacy] HTF bias mismatch,False,"[legacy] HTF bias mismatch: Daily is bullish, entry is bearish",REPLAYABLE
AUD/USD|2026-08-20T06:20:00.000Z,AUD/USD,2026-08-20T06:20:00.000Z,P/D zone OK,True,"P/D zone OK (discount, 30.3% of the 5m 5-swing box 0.71095–0.71359)",REPLAYABLE
AUD/USD|2026-08-20T06:20:00.000Z,AUD/USD,2026-08-20T06:20:00.000Z,Structural Conviction BLOCKED [entry],False,"Structural Conviction BLOCKED [entry]: Bear fractals 0%, S2F 17%, opposite 33% — no structural support for short",REPLAYABLE
AUD/USD|2026-08-20T06:20:00.000Z,AUD/USD,2026-08-20T06:20:00.000Z,Reaction gate skipped,True,Reaction gate skipped: trend is bearish (not ranging),REPLAYABLE
AUD/USD|2026-08-20T06:20:00.000Z,AUD/USD,2026-08-20T06:20:00.000Z,AUD/USD not in enabled instruments,False,AUD/USD not in enabled instruments,REPLAYABLE
AUD/USD|2026-08-20T06:20:00.000Z,AUD/USD,2026-08-20T06:20:00.000Z,0/7 positions,True,0/7 positions,REPLAYABLE
AUD/USD|2026-08-20T06:20:00.000Z,AUD/USD,2026-08-20T06:20:00.000Z,0/1 for AUD/USD,True,0/1 for AUD/USD,REPLAYABLE
AUD/USD|2026-08-20T06:20:00.000Z,AUD/USD,2026-08-20T06:20:00.000Z,Portfolio heat 0.0%,True,Portfolio heat 0.0%,ACCOUNT_STATE
AUD/USD|2026-08-20T06:20:00.000Z,AUD/USD,2026-08-20T06:20:00.000Z,Daily loss 0.0%,True,Daily loss 0.0%,ACCOUNT_STATE
AUD/USD|2026-08-20T06:20:00.000Z,AUD/USD,2026-08-20T06:20:00.000Z,Drawdown 0.0%,True,Drawdown 0.0%,ACCOUNT_STATE
AUD/USD|2026-08-20T06:20:00.000Z,AUD/USD,2026-08-20T06:20:00.000Z,Score 24 < 40 threshold,False,Score 24 < 40 threshold,REPLAYABLE
AUD/USD|2026-08-20T06:20:00.000Z,AUD/USD,2026-08-20T06:20:00.000Z,SMT veto,True,SMT veto: no opposition detected,REPLAYABLE
AUD/USD|2026-08-20T06:20:00.000Z,AUD/USD,2026-08-20T06:20:00.000Z,R,True,"R:R 2.18 effective (2.27 raw, spread 1.5p)",REPLAYABLE
AUD/USD|2026-08-20T06:20:00.000Z,AUD/USD,2026-08-20T06:20:00.000Z,No recent trades — cooldown OK,True,No recent trades — cooldown OK,REPLAYABLE
AUD/USD|2026-08-20T06:20:00.000Z,AUD/USD,2026-08-20T06:20:00.000Z,No trade history for consecutive loss check,True,No trade history for consecutive loss check,ACCOUNT_STATE
AUD/USD|2026-08-20T06:20:00.000Z,AUD/USD,2026-08-20T06:20:00.000Z,Daily net P&L $+0.00,True,Daily net P&L $+0.00 (gross loss: $0.00),ACCOUNT_STATE
AUD/USD|2026-08-20T06:20:00.000Z,AUD/USD,2026-08-20T06:20:00.000Z,News filter,True,News filter: env not configured — skipped,ACCOUNT_STATE
AUD/USD|2026-08-20T06:20:00.000Z,AUD/USD,2026-08-20T06:20:00.000Z,FOTSI Gate,True,FOTSI Gate: data unavailable — skipped,REPLAYABLE
AUD/USD|2026-08-20T06:20:00.000Z,AUD/USD,2026-08-20T06:20:00.000Z,No correlated conflicts,True,No correlated conflicts (threshold 0.8),ACCOUNT_STATE
AUD/USD|2026-08-20T06:20:00.000Z,AUD/USD,2026-08-20T06:20:00.000Z,Tier 1 gate FAILED,False,"Tier 1 gate FAILED: only 1 core factors — need at least 3 of: Market Structure, Order Block, Fair Value Gap, Premium/Dis",REPLAYABLE
AUD/USD|2026-08-20T06:20:00.000Z,AUD/USD,2026-08-20T06:20:00.000Z,Regime gate,True,Regime gate: OK,REPLAYABLE
AUD/USD|2026-08-20T06:20:00.000Z,AUD/USD,2026-08-20T06:20:00.000Z,[Info] Spread wide,True,[Info] Spread wide (indicative): 45.6% of ATR — info only,REPLAYABLE
GBP/USD|2026-08-21T13:45:00.000Z,GBP/USD,2026-08-21T13:45:00.000Z,[legacy] HTF bias aligned,True,[legacy] HTF bias aligned: Daily ranging,REPLAYABLE
GBP/USD|2026-08-21T13:45:00.000Z,GBP/USD,2026-08-21T13:45:00.000Z,P/D zone OK,True,"P/D zone OK (discount, 7.9% of the 5m 5-swing box 1.36362–1.36752)",REPLAYABLE
GBP/USD|2026-08-21T13:45:00.000Z,GBP/USD,2026-08-21T13:45:00.000Z,Structural Conviction BLOCKED [entry],False,"Structural Conviction BLOCKED [entry]: Bull fractals 0%, S2F 29%, opposite 50% — no structural support for long",REPLAYABLE
GBP/USD|2026-08-21T13:45:00.000Z,GBP/USD,2026-08-21T13:45:00.000Z,Reaction gate skipped,True,Reaction gate skipped: trend is bearish (not ranging),REPLAYABLE
GBP/USD|2026-08-21T13:45:00.000Z,GBP/USD,2026-08-21T13:45:00.000Z,GBP/USD enabled,True,GBP/USD enabled,REPLAYABLE
GBP/USD|2026-08-21T13:45:00.000Z,GBP/USD,2026-08-21T13:45:00.000Z,0/7 positions,True,0/7 positions,REPLAYABLE
GBP/USD|2026-08-21T13:45:00.000Z,GBP/USD,2026-08-21T13:45:00.000Z,0/1 for GBP/USD,True,0/1 for GBP/USD,REPLAYABLE
GBP/USD|2026-08-21T13:45:00.000Z,GBP/USD,2026-08-21T13:45:00.000Z,Portfolio heat 0.0%,True,Portfolio heat 0.0%,ACCOUNT_STATE
GBP/USD|2026-08-21T13:45:00.000Z,GBP/USD,2026-08-21T13:45:00.000Z,Daily loss 0.0%,True,Daily loss 0.0%,ACCOUNT_STATE
GBP/USD|2026-08-21T13:45:00.000Z,GBP/USD,2026-08-21T13:45:00.000Z,Drawdown 0.0%,True,Drawdown 0.0%,ACCOUNT_STATE
GBP/USD|2026-08-21T13:45:00.000Z,GBP/USD,2026-08-21T13:45:00.000Z,Score 43.8 meets threshold,True,Score 43.8 meets threshold,REPLAYABLE
GBP/USD|2026-08-21T13:45:00.000Z,GBP/USD,2026-08-21T13:45:00.000Z,SMT veto,True,SMT veto: no opposition detected,REPLAYABLE
GBP/USD|2026-08-21T13:45:00.000Z,GBP/USD,2026-08-21T13:45:00.000Z,R,True,"R:R 2.04 effective (2.11 raw, spread 1.5p)",REPLAYABLE
GBP/USD|2026-08-21T13:45:00.000Z,GBP/USD,2026-08-21T13:45:00.000Z,No recent trades — cooldown OK,True,No recent trades — cooldown OK,REPLAYABLE
GBP/USD|2026-08-21T13:45:00.000Z,GBP/USD,2026-08-21T13:45:00.000Z,No trade history for consecutive loss check,True,No trade history for consecutive loss check,ACCOUNT_STATE
GBP/USD|2026-08-21T13:45:00.000Z,GBP/USD,2026-08-21T13:45:00.000Z,Daily net P&L $+0.00,True,Daily net P&L $+0.00 (gross loss: $0.00),ACCOUNT_STATE
GBP/USD|2026-08-21T13:45:00.000Z,GBP/USD,2026-08-21T13:45:00.000Z,News filter,True,News filter: env not configured — skipped,ACCOUNT_STATE
GBP/USD|2026-08-21T13:45:00.000Z,GBP/USD,2026-08-21T13:45:00.000Z,FOTSI Gate,True,FOTSI Gate: data unavailable — skipped,REPLAYABLE
GBP/USD|2026-08-21T13:45:00.000Z,GBP/USD,2026-08-21T13:45:00.000Z,No correlated conflicts,True,No correlated conflicts (threshold 0.8),ACCOUNT_STATE
GBP/USD|2026-08-21T13:45:00.000Z,GBP/USD,2026-08-21T13:45:00.000Z,Tier 1 gate FAILED,False,"Tier 1 gate FAILED: only 1 core factors — need at least 3 of: Market Structure, Order Block, Fair Value Gap, Premium/Dis",REPLAYABLE
GBP/USD|2026-08-21T13:45:00.000Z,GBP/USD,2026-08-21T13:45:00.000Z,Regime gate,True,Regime gate: OK,REPLAYABLE
GBP/USD|2026-08-21T13:45:00.000Z,GBP/USD,2026-08-21T13:45:00.000Z,[Info] Spread wide,True,[Info] Spread wide (indicative): 22.5% of ATR — info only,REPLAYABLE
AUD/USD|2026-08-25T09:50:00.000Z,AUD/USD,2026-08-25T09:50:00.000Z,[legacy] HTF bias mismatch,False,"[legacy] HTF bias mismatch: Daily is bullish, entry is bearish",REPLAYABLE
AUD/USD|2026-08-25T09:50:00.000Z,AUD/USD,2026-08-25T09:50:00.000Z,P/D zone OK,True,"P/D zone OK (premium, 97.4% of the 5m 5-swing box 0.71383–0.71534)",REPLAYABLE
AUD/USD|2026-08-25T09:50:00.000Z,AUD/USD,2026-08-25T09:50:00.000Z,Structural Conviction [entry],True,Structural Conviction [entry]: Bear 50% / Bull 0% (S2F 29%),REPLAYABLE
AUD/USD|2026-08-25T09:50:00.000Z,AUD/USD,2026-08-25T09:50:00.000Z,Reaction gate skipped,True,Reaction gate skipped: trend is bullish (not ranging),REPLAYABLE
AUD/USD|2026-08-25T09:50:00.000Z,AUD/USD,2026-08-25T09:50:00.000Z,AUD/USD not in enabled instruments,False,AUD/USD not in enabled instruments,REPLAYABLE
AUD/USD|2026-08-25T09:50:00.000Z,AUD/USD,2026-08-25T09:50:00.000Z,0/7 positions,True,0/7 positions,REPLAYABLE
AUD/USD|2026-08-25T09:50:00.000Z,AUD/USD,2026-08-25T09:50:00.000Z,0/1 for AUD/USD,True,0/1 for AUD/USD,REPLAYABLE
AUD/USD|2026-08-25T09:50:00.000Z,AUD/USD,2026-08-25T09:50:00.000Z,Portfolio heat 0.0%,True,Portfolio heat 0.0%,ACCOUNT_STATE
AUD/USD|2026-08-25T09:50:00.000Z,AUD/USD,2026-08-25T09:50:00.000Z,Daily loss 0.0%,True,Daily loss 0.0%,ACCOUNT_STATE
AUD/USD|2026-08-25T09:50:00.000Z,AUD/USD,2026-08-25T09:50:00.000Z,Drawdown 0.0%,True,Drawdown 0.0%,ACCOUNT_STATE
AUD/USD|2026-08-25T09:50:00.000Z,AUD/USD,2026-08-25T09:50:00.000Z,Score 43.8 meets threshold,True,Score 43.8 meets threshold,REPLAYABLE
AUD/USD|2026-08-25T09:50:00.000Z,AUD/USD,2026-08-25T09:50:00.000Z,SMT veto,True,SMT veto: no opposition detected,REPLAYABLE
AUD/USD|2026-08-25T09:50:00.000Z,AUD/USD,2026-08-25T09:50:00.000Z,R,True,"R:R 1.68 effective (1.76 raw, spread 1.5p)",REPLAYABLE
AUD/USD|2026-08-25T09:50:00.000Z,AUD/USD,2026-08-25T09:50:00.000Z,No recent trades — cooldown OK,True,No recent trades — cooldown OK,REPLAYABLE
AUD/USD|2026-08-25T09:50:00.000Z,AUD/USD,2026-08-25T09:50:00.000Z,No trade history for consecutive loss check,True,No trade history for consecutive loss check,ACCOUNT_STATE
AUD/USD|2026-08-25T09:50:00.000Z,AUD/USD,2026-08-25T09:50:00.000Z,Daily net P&L $+0.00,True,Daily net P&L $+0.00 (gross loss: $0.00),ACCOUNT_STATE
AUD/USD|2026-08-25T09:50:00.000Z,AUD/USD,2026-08-25T09:50:00.000Z,News filter,True,News filter: env not configured — skipped,ACCOUNT_STATE
AUD/USD|2026-08-25T09:50:00.000Z,AUD/USD,2026-08-25T09:50:00.000Z,FOTSI Gate,True,FOTSI Gate: data unavailable — skipped,REPLAYABLE
AUD/USD|2026-08-25T09:50:00.000Z,AUD/USD,2026-08-25T09:50:00.000Z,No correlated conflicts,True,No correlated conflicts (threshold 0.8),ACCOUNT_STATE
AUD/USD|2026-08-25T09:50:00.000Z,AUD/USD,2026-08-25T09:50:00.000Z,Tier 1 gate FAILED,False,"Tier 1 gate FAILED: only 1 core factors — need at least 3 of: Market Structure, Order Block, Fair Value Gap, Premium/Dis",REPLAYABLE
AUD/USD|2026-08-25T09:50:00.000Z,AUD/USD,2026-08-25T09:50:00.000Z,Regime gate,True,Regime gate: OK,REPLAYABLE
AUD/USD|2026-08-25T09:50:00.000Z,AUD/USD,2026-08-25T09:50:00.000Z,[Info] Spread wide,True,[Info] Spread wide (indicative): 40.3% of ATR — info only,REPLAYABLE
NZD/USD|2026-08-27T16:40:00.000Z,NZD/USD,2026-08-27T16:40:00.000Z,[legacy] HTF bias mismatch,False,"[legacy] HTF bias mismatch: Daily is bullish, entry is bearish",REPLAYABLE
NZD/USD|2026-08-27T16:40:00.000Z,NZD/USD,2026-08-27T16:40:00.000Z,P/D zone OK,True,"P/D zone OK (equilibrium, 48.7% of the 5m 5-swing box 0.59461–0.59574)",REPLAYABLE
NZD/USD|2026-08-27T16:40:00.000Z,NZD/USD,2026-08-27T16:40:00.000Z,Structural Conviction BLOCKED [entry],False,"Structural Conviction BLOCKED [entry]: Bear fractals 0%, S2F 13%, opposite 33% — no structural support for short",REPLAYABLE
NZD/USD|2026-08-27T16:40:00.000Z,NZD/USD,2026-08-27T16:40:00.000Z,Reaction gate skipped,True,Reaction gate skipped: trend is bullish (not ranging),REPLAYABLE
NZD/USD|2026-08-27T16:40:00.000Z,NZD/USD,2026-08-27T16:40:00.000Z,NZD/USD not in enabled instruments,False,NZD/USD not in enabled instruments,REPLAYABLE
NZD/USD|2026-08-27T16:40:00.000Z,NZD/USD,2026-08-27T16:40:00.000Z,0/7 positions,True,0/7 positions,REPLAYABLE
NZD/USD|2026-08-27T16:40:00.000Z,NZD/USD,2026-08-27T16:40:00.000Z,0/1 for NZD/USD,True,0/1 for NZD/USD,REPLAYABLE
NZD/USD|2026-08-27T16:40:00.000Z,NZD/USD,2026-08-27T16:40:00.000Z,Portfolio heat 0.0%,True,Portfolio heat 0.0%,ACCOUNT_STATE
NZD/USD|2026-08-27T16:40:00.000Z,NZD/USD,2026-08-27T16:40:00.000Z,Daily loss 0.0%,True,Daily loss 0.0%,ACCOUNT_STATE
NZD/USD|2026-08-27T16:40:00.000Z,NZD/USD,2026-08-27T16:40:00.000Z,Drawdown 0.0%,True,Drawdown 0.0%,ACCOUNT_STATE
NZD/USD|2026-08-27T16:40:00.000Z,NZD/USD,2026-08-27T16:40:00.000Z,Score 31.3 < 40 threshold,False,Score 31.3 < 40 threshold,REPLAYABLE
NZD/USD|2026-08-27T16:40:00.000Z,NZD/USD,2026-08-27T16:40:00.000Z,SMT veto,True,SMT veto: no opposition detected,REPLAYABLE
NZD/USD|2026-08-27T16:40:00.000Z,NZD/USD,2026-08-27T16:40:00.000Z,R,True,"R:R 2.11 effective (2.23 raw, spread 2p)",REPLAYABLE
NZD/USD|2026-08-27T16:40:00.000Z,NZD/USD,2026-08-27T16:40:00.000Z,No recent trades — cooldown OK,True,No recent trades — cooldown OK,REPLAYABLE
NZD/USD|2026-08-27T16:40:00.000Z,NZD/USD,2026-08-27T16:40:00.000Z,No trade history for consecutive loss check,True,No trade history for consecutive loss check,ACCOUNT_STATE
NZD/USD|2026-08-27T16:40:00.000Z,NZD/USD,2026-08-27T16:40:00.000Z,Daily net P&L $+0.00,True,Daily net P&L $+0.00 (gross loss: $0.00),ACCOUNT_STATE
NZD/USD|2026-08-27T16:40:00.000Z,NZD/USD,2026-08-27T16:40:00.000Z,News filter,True,News filter: env not configured — skipped,ACCOUNT_STATE
NZD/USD|2026-08-27T16:40:00.000Z,NZD/USD,2026-08-27T16:40:00.000Z,FOTSI Gate,True,FOTSI Gate: data unavailable — skipped,REPLAYABLE
NZD/USD|2026-08-27T16:40:00.000Z,NZD/USD,2026-08-27T16:40:00.000Z,No correlated conflicts,True,No correlated conflicts (threshold 0.8),ACCOUNT_STATE
NZD/USD|2026-08-27T16:40:00.000Z,NZD/USD,2026-08-27T16:40:00.000Z,Tier 1 gate FAILED,False,"Tier 1 gate FAILED: only 1 core factors — need at least 3 of: Market Structure, Order Block, Fair Value Gap, Premium/Dis",REPLAYABLE
NZD/USD|2026-08-27T16:40:00.000Z,NZD/USD,2026-08-27T16:40:00.000Z,Regime gate,True,Regime gate: OK,REPLAYABLE
NZD/USD|2026-08-27T16:40:00.000Z,NZD/USD,2026-08-27T16:40:00.000Z,[Info] Spread wide,True,[Info] Spread wide (indicative): 63.1% of ATR — info only,REPLAYABLE
USD/CAD|2026-08-27T20:40:00.000Z,USD/CAD,2026-08-27T20:40:00.000Z,[legacy] HTF bias mismatch,False,"[legacy] HTF bias mismatch: Daily is bearish, entry is bullish",REPLAYABLE
USD/CAD|2026-08-27T20:40:00.000Z,USD/CAD,2026-08-27T20:40:00.000Z,P/D zone OK,True,"P/D zone OK (discount, 26.5% of the 5m 5-swing box 1.38525–1.38661)",REPLAYABLE
USD/CAD|2026-08-27T20:40:00.000Z,USD/CAD,2026-08-27T20:40:00.000Z,Structural Conviction BLOCKED [entry],False,"Structural Conviction BLOCKED [entry]: Bull fractals 0%, S2F 29%, opposite 50% — no structural support for long",REPLAYABLE
USD/CAD|2026-08-27T20:40:00.000Z,USD/CAD,2026-08-27T20:40:00.000Z,Reaction gate skipped,True,Reaction gate skipped: trend is bearish (not ranging),REPLAYABLE
USD/CAD|2026-08-27T20:40:00.000Z,USD/CAD,2026-08-27T20:40:00.000Z,USD/CAD not in enabled instruments,False,USD/CAD not in enabled instruments,REPLAYABLE
USD/CAD|2026-08-27T20:40:00.000Z,USD/CAD,2026-08-27T20:40:00.000Z,0/7 positions,True,0/7 positions,REPLAYABLE
USD/CAD|2026-08-27T20:40:00.000Z,USD/CAD,2026-08-27T20:40:00.000Z,0/1 for USD/CAD,True,0/1 for USD/CAD,REPLAYABLE
USD/CAD|2026-08-27T20:40:00.000Z,USD/CAD,2026-08-27T20:40:00.000Z,Portfolio heat 0.0%,True,Portfolio heat 0.0%,ACCOUNT_STATE
USD/CAD|2026-08-27T20:40:00.000Z,USD/CAD,2026-08-27T20:40:00.000Z,Daily loss 0.0%,True,Daily loss 0.0%,ACCOUNT_STATE
USD/CAD|2026-08-27T20:40:00.000Z,USD/CAD,2026-08-27T20:40:00.000Z,Drawdown 0.0%,True,Drawdown 0.0%,ACCOUNT_STATE
USD/CAD|2026-08-27T20:40:00.000Z,USD/CAD,2026-08-27T20:40:00.000Z,Score 25 < 40 threshold,False,Score 25 < 40 threshold,REPLAYABLE
USD/CAD|2026-08-27T20:40:00.000Z,USD/CAD,2026-08-27T20:40:00.000Z,SMT veto,True,SMT veto: no opposition detected,REPLAYABLE
USD/CAD|2026-08-27T20:40:00.000Z,USD/CAD,2026-08-27T20:40:00.000Z,R,True,"R:R 2.07 effective (2.16 raw, spread 1.5p)",REPLAYABLE
USD/CAD|2026-08-27T20:40:00.000Z,USD/CAD,2026-08-27T20:40:00.000Z,No recent trades — cooldown OK,True,No recent trades — cooldown OK,REPLAYABLE
USD/CAD|2026-08-27T20:40:00.000Z,USD/CAD,2026-08-27T20:40:00.000Z,No trade history for consecutive loss check,True,No trade history for consecutive loss check,ACCOUNT_STATE
USD/CAD|2026-08-27T20:40:00.000Z,USD/CAD,2026-08-27T20:40:00.000Z,Daily net P&L $+0.00,True,Daily net P&L $+0.00 (gross loss: $0.00),ACCOUNT_STATE
USD/CAD|2026-08-27T20:40:00.000Z,USD/CAD,2026-08-27T20:40:00.000Z,News filter,True,News filter: env not configured — skipped,ACCOUNT_STATE
USD/CAD|2026-08-27T20:40:00.000Z,USD/CAD,2026-08-27T20:40:00.000Z,FOTSI Gate,True,FOTSI Gate: data unavailable — skipped,REPLAYABLE
USD/CAD|2026-08-27T20:40:00.000Z,USD/CAD,2026-08-27T20:40:00.000Z,No correlated conflicts,True,No correlated conflicts (threshold 0.8),ACCOUNT_STATE
USD/CAD|2026-08-27T20:40:00.000Z,USD/CAD,2026-08-27T20:40:00.000Z,Tier 1 gate FAILED,False,"Tier 1 gate FAILED: only 1 core factors — need at least 3 of: Market Structure, Order Block, Fair Value Gap, Premium/Dis",REPLAYABLE
USD/CAD|2026-08-27T20:40:00.000Z,USD/CAD,2026-08-27T20:40:00.000Z,Regime gate,True,Regime gate: OK,REPLAYABLE
USD/CAD|2026-08-27T20:40:00.000Z,USD/CAD,2026-08-27T20:40:00.000Z,[Info] Spread wide,True,[Info] Spread wide (indicative): 48.8% of ATR — info only,REPLAYABLE
EUR/USD|2026-09-02T13:50:00.000Z,EUR/USD,2026-09-02T13:50:00.000Z,[legacy] HTF bias mismatch,False,"[legacy] HTF bias mismatch: Daily is bullish, entry is bearish",REPLAYABLE
EUR/USD|2026-09-02T13:50:00.000Z,EUR/USD,2026-09-02T13:50:00.000Z,P/D zone OK,True,"P/D zone OK (premium, 71.9% of the 5m 5-swing box 1.15672–1.16067)",REPLAYABLE
EUR/USD|2026-09-02T13:50:00.000Z,EUR/USD,2026-09-02T13:50:00.000Z,Structural Conviction BLOCKED [entry],False,Structural Conviction BLOCKED [entry]: opposing 60% is 3.6× supporting 17% — structure overwhelmingly opposes short,REPLAYABLE
EUR/USD|2026-09-02T13:50:00.000Z,EUR/USD,2026-09-02T13:50:00.000Z,Reaction gate skipped,True,Reaction gate skipped: trend is bullish (not ranging),REPLAYABLE
EUR/USD|2026-09-02T13:50:00.000Z,EUR/USD,2026-09-02T13:50:00.000Z,EUR/USD enabled,True,EUR/USD enabled,REPLAYABLE
EUR/USD|2026-09-02T13:50:00.000Z,EUR/USD,2026-09-02T13:50:00.000Z,0/7 positions,True,0/7 positions,REPLAYABLE
EUR/USD|2026-09-02T13:50:00.000Z,EUR/USD,2026-09-02T13:50:00.000Z,0/1 for EUR/USD,True,0/1 for EUR/USD,REPLAYABLE
EUR/USD|2026-09-02T13:50:00.000Z,EUR/USD,2026-09-02T13:50:00.000Z,Portfolio heat 0.0%,True,Portfolio heat 0.0%,ACCOUNT_STATE
EUR/USD|2026-09-02T13:50:00.000Z,EUR/USD,2026-09-02T13:50:00.000Z,Daily loss 0.0%,True,Daily loss 0.0%,ACCOUNT_STATE
EUR/USD|2026-09-02T13:50:00.000Z,EUR/USD,2026-09-02T13:50:00.000Z,Drawdown 0.0%,True,Drawdown 0.0%,ACCOUNT_STATE
EUR/USD|2026-09-02T13:50:00.000Z,EUR/USD,2026-09-02T13:50:00.000Z,Score 33.3 < 40 threshold,False,Score 33.3 < 40 threshold,REPLAYABLE
EUR/USD|2026-09-02T13:50:00.000Z,EUR/USD,2026-09-02T13:50:00.000Z,SMT veto,True,SMT veto: no opposition detected,REPLAYABLE
EUR/USD|2026-09-02T13:50:00.000Z,EUR/USD,2026-09-02T13:50:00.000Z,R,True,"R:R 2.53 effective (2.59 raw, spread 1p)",REPLAYABLE
EUR/USD|2026-09-02T13:50:00.000Z,EUR/USD,2026-09-02T13:50:00.000Z,No recent trades — cooldown OK,True,No recent trades — cooldown OK,REPLAYABLE
EUR/USD|2026-09-02T13:50:00.000Z,EUR/USD,2026-09-02T13:50:00.000Z,No trade history for consecutive loss check,True,No trade history for consecutive loss check,ACCOUNT_STATE
EUR/USD|2026-09-02T13:50:00.000Z,EUR/USD,2026-09-02T13:50:00.000Z,Daily net P&L $+0.00,True,Daily net P&L $+0.00 (gross loss: $0.00),ACCOUNT_STATE
EUR/USD|2026-09-02T13:50:00.000Z,EUR/USD,2026-09-02T13:50:00.000Z,News filter,True,News filter: env not configured — skipped,ACCOUNT_STATE
EUR/USD|2026-09-02T13:50:00.000Z,EUR/USD,2026-09-02T13:50:00.000Z,FOTSI Gate,True,FOTSI Gate: data unavailable — skipped,REPLAYABLE
EUR/USD|2026-09-02T13:50:00.000Z,EUR/USD,2026-09-02T13:50:00.000Z,No correlated conflicts,True,No correlated conflicts (threshold 0.8),ACCOUNT_STATE
EUR/USD|2026-09-02T13:50:00.000Z,EUR/USD,2026-09-02T13:50:00.000Z,Tier 1 gate FAILED,False,"Tier 1 gate FAILED: only 2 core factors — need at least 3 of: Market Structure, Order Block, Fair Value Gap, Premium/Dis",REPLAYABLE
EUR/USD|2026-09-02T13:50:00.000Z,EUR/USD,2026-09-02T13:50:00.000Z,Regime gate,True,Regime gate: OK,REPLAYABLE
EUR/USD|2026-09-02T13:50:00.000Z,EUR/USD,2026-09-02T13:50:00.000Z,[Info] Spread OK,True,[Info] Spread OK: 15.9% of ATR,REPLAYABLE
AUD/USD|2026-09-02T14:45:00.000Z,AUD/USD,2026-09-02T14:45:00.000Z,[legacy] HTF bias mismatch,False,"[legacy] HTF bias mismatch: Daily is bullish, entry is bearish",REPLAYABLE
AUD/USD|2026-09-02T14:45:00.000Z,AUD/USD,2026-09-02T14:45:00.000Z,P/D zone OK,True,"P/D zone OK (premium, 100.0% of the 5m 5-swing box 0.71223–0.71675)",REPLAYABLE
AUD/USD|2026-09-02T14:45:00.000Z,AUD/USD,2026-09-02T14:45:00.000Z,Structural Conviction BLOCKED [entry],False,Structural Conviction BLOCKED [entry]: Bear fractals 0% vs opposite 50% — structure opposes short,REPLAYABLE
AUD/USD|2026-09-02T14:45:00.000Z,AUD/USD,2026-09-02T14:45:00.000Z,Reaction gate skipped,True,Reaction gate skipped: trend is bullish (not ranging),REPLAYABLE
AUD/USD|2026-09-02T14:45:00.000Z,AUD/USD,2026-09-02T14:45:00.000Z,AUD/USD not in enabled instruments,False,AUD/USD not in enabled instruments,REPLAYABLE
AUD/USD|2026-09-02T14:45:00.000Z,AUD/USD,2026-09-02T14:45:00.000Z,0/7 positions,True,0/7 positions,REPLAYABLE
AUD/USD|2026-09-02T14:45:00.000Z,AUD/USD,2026-09-02T14:45:00.000Z,0/1 for AUD/USD,True,0/1 for AUD/USD,REPLAYABLE
AUD/USD|2026-09-02T14:45:00.000Z,AUD/USD,2026-09-02T14:45:00.000Z,Portfolio heat 0.0%,True,Portfolio heat 0.0%,ACCOUNT_STATE
AUD/USD|2026-09-02T14:45:00.000Z,AUD/USD,2026-09-02T14:45:00.000Z,Daily loss 0.0%,True,Daily loss 0.0%,ACCOUNT_STATE
AUD/USD|2026-09-02T14:45:00.000Z,AUD/USD,2026-09-02T14:45:00.000Z,Drawdown 0.0%,True,Drawdown 0.0%,ACCOUNT_STATE
AUD/USD|2026-09-02T14:45:00.000Z,AUD/USD,2026-09-02T14:45:00.000Z,Score 34.4 < 40 threshold,False,Score 34.4 < 40 threshold,REPLAYABLE
AUD/USD|2026-09-02T14:45:00.000Z,AUD/USD,2026-09-02T14:45:00.000Z,SMT veto,True,SMT veto: no opposition detected,REPLAYABLE
AUD/USD|2026-09-02T14:45:00.000Z,AUD/USD,2026-09-02T14:45:00.000Z,R,True,"R:R 2.34 effective (2.44 raw, spread 1.5p)",REPLAYABLE
AUD/USD|2026-09-02T14:45:00.000Z,AUD/USD,2026-09-02T14:45:00.000Z,No recent trades — cooldown OK,True,No recent trades — cooldown OK,REPLAYABLE
AUD/USD|2026-09-02T14:45:00.000Z,AUD/USD,2026-09-02T14:45:00.000Z,No trade history for consecutive loss check,True,No trade history for consecutive loss check,ACCOUNT_STATE
AUD/USD|2026-09-02T14:45:00.000Z,AUD/USD,2026-09-02T14:45:00.000Z,Daily net P&L $+0.00,True,Daily net P&L $+0.00 (gross loss: $0.00),ACCOUNT_STATE
AUD/USD|2026-09-02T14:45:00.000Z,AUD/USD,2026-09-02T14:45:00.000Z,News filter,True,News filter: env not configured — skipped,ACCOUNT_STATE
AUD/USD|2026-09-02T14:45:00.000Z,AUD/USD,2026-09-02T14:45:00.000Z,FOTSI Gate,True,FOTSI Gate: data unavailable — skipped,REPLAYABLE
AUD/USD|2026-09-02T14:45:00.000Z,AUD/USD,2026-09-02T14:45:00.000Z,No correlated conflicts,True,No correlated conflicts (threshold 0.8),ACCOUNT_STATE
AUD/USD|2026-09-02T14:45:00.000Z,AUD/USD,2026-09-02T14:45:00.000Z,Tier 1 gate FAILED,False,"Tier 1 gate FAILED: only 1 core factors — need at least 3 of: Market Structure, Order Block, Fair Value Gap, Premium/Dis",REPLAYABLE
AUD/USD|2026-09-02T14:45:00.000Z,AUD/USD,2026-09-02T14:45:00.000Z,Regime gate,True,Regime gate: OK,REPLAYABLE
AUD/USD|2026-09-02T14:45:00.000Z,AUD/USD,2026-09-02T14:45:00.000Z,[Info] Spread wide,True,[Info] Spread wide (indicative): 26.8% of ATR — info only,REPLAYABLE
GBP/USD|2026-09-03T11:20:00.000Z,GBP/USD,2026-09-03T11:20:00.000Z,[legacy] HTF bias mismatch,False,"[legacy] HTF bias mismatch: Daily is bullish, entry is bearish",REPLAYABLE
GBP/USD|2026-09-03T11:20:00.000Z,GBP/USD,2026-09-03T11:20:00.000Z,P/D zone OK,True,"P/D zone OK (premium, 64.7% of the 5m 5-swing box 1.34844–1.35068)",REPLAYABLE
GBP/USD|2026-09-03T11:20:00.000Z,GBP/USD,2026-09-03T11:20:00.000Z,Structural Conviction [entry],True,Structural Conviction [entry]: Bear 50% / Bull 0% (S2F 29%),REPLAYABLE
GBP/USD|2026-09-03T11:20:00.000Z,GBP/USD,2026-09-03T11:20:00.000Z,Reaction gate skipped,True,Reaction gate skipped: trend is bearish (not ranging),REPLAYABLE
GBP/USD|2026-09-03T11:20:00.000Z,GBP/USD,2026-09-03T11:20:00.000Z,GBP/USD enabled,True,GBP/USD enabled,REPLAYABLE
GBP/USD|2026-09-03T11:20:00.000Z,GBP/USD,2026-09-03T11:20:00.000Z,0/7 positions,True,0/7 positions,REPLAYABLE
GBP/USD|2026-09-03T11:20:00.000Z,GBP/USD,2026-09-03T11:20:00.000Z,0/1 for GBP/USD,True,0/1 for GBP/USD,REPLAYABLE
GBP/USD|2026-09-03T11:20:00.000Z,GBP/USD,2026-09-03T11:20:00.000Z,Portfolio heat 0.0%,True,Portfolio heat 0.0%,ACCOUNT_STATE
GBP/USD|2026-09-03T11:20:00.000Z,GBP/USD,2026-09-03T11:20:00.000Z,Daily loss 0.0%,True,Daily loss 0.0%,ACCOUNT_STATE
GBP/USD|2026-09-03T11:20:00.000Z,GBP/USD,2026-09-03T11:20:00.000Z,Drawdown 0.0%,True,Drawdown 0.0%,ACCOUNT_STATE
GBP/USD|2026-09-03T11:20:00.000Z,GBP/USD,2026-09-03T11:20:00.000Z,Score 44.8 meets threshold,True,Score 44.8 meets threshold,REPLAYABLE
GBP/USD|2026-09-03T11:20:00.000Z,GBP/USD,2026-09-03T11:20:00.000Z,SMT veto,True,SMT veto: no opposition detected,REPLAYABLE
GBP/USD|2026-09-03T11:20:00.000Z,GBP/USD,2026-09-03T11:20:00.000Z,R,True,"R:R 2.23 effective (2.30 raw, spread 1.5p)",REPLAYABLE
GBP/USD|2026-09-03T11:20:00.000Z,GBP/USD,2026-09-03T11:20:00.000Z,No recent trades — cooldown OK,True,No recent trades — cooldown OK,REPLAYABLE
GBP/USD|2026-09-03T11:20:00.000Z,GBP/USD,2026-09-03T11:20:00.000Z,No trade history for consecutive loss check,True,No trade history for consecutive loss check,ACCOUNT_STATE
GBP/USD|2026-09-03T11:20:00.000Z,GBP/USD,2026-09-03T11:20:00.000Z,Daily net P&L $+0.00,True,Daily net P&L $+0.00 (gross loss: $0.00),ACCOUNT_STATE
GBP/USD|2026-09-03T11:20:00.000Z,GBP/USD,2026-09-03T11:20:00.000Z,News filter,True,News filter: env not configured — skipped,ACCOUNT_STATE
GBP/USD|2026-09-03T11:20:00.000Z,GBP/USD,2026-09-03T11:20:00.000Z,FOTSI Gate,True,FOTSI Gate: data unavailable — skipped,REPLAYABLE
GBP/USD|2026-09-03T11:20:00.000Z,GBP/USD,2026-09-03T11:20:00.000Z,No correlated conflicts,True,No correlated conflicts (threshold 0.8),ACCOUNT_STATE
GBP/USD|2026-09-03T11:20:00.000Z,GBP/USD,2026-09-03T11:20:00.000Z,Tier 1 gate FAILED,False,"Tier 1 gate FAILED: only 2 core factors — need at least 3 of: Market Structure, Order Block, Fair Value Gap, Premium/Dis",REPLAYABLE
GBP/USD|2026-09-03T11:20:00.000Z,GBP/USD,2026-09-03T11:20:00.000Z,Regime gate,True,Regime gate: OK,REPLAYABLE
GBP/USD|2026-09-03T11:20:00.000Z,GBP/USD,2026-09-03T11:20:00.000Z,[Info] Spread wide,True,[Info] Spread wide (indicative): 27.1% of ATR — info only,REPLAYABLE
NZD/USD|2026-09-03T14:55:00.000Z,NZD/USD,2026-09-03T14:55:00.000Z,[legacy] HTF bias mismatch,False,"[legacy] HTF bias mismatch: Daily is bullish, entry is bearish",REPLAYABLE
NZD/USD|2026-09-03T14:55:00.000Z,NZD/USD,2026-09-03T14:55:00.000Z,P/D zone OK,True,"P/D zone OK (premium, 62.6% of the 5m 5-swing box 0.58597–0.58835)",REPLAYABLE
NZD/USD|2026-09-03T14:55:00.000Z,NZD/USD,2026-09-03T14:55:00.000Z,Structural Conviction BLOCKED [entry],False,"Structural Conviction BLOCKED [entry]: Bear fractals 0%, S2F 14%, opposite 25% — no structural support for short",REPLAYABLE
NZD/USD|2026-09-03T14:55:00.000Z,NZD/USD,2026-09-03T14:55:00.000Z,Reaction confirmed in ranging market,True,Reaction confirmed in ranging market: Liquidity Sweep,REPLAYABLE
NZD/USD|2026-09-03T14:55:00.000Z,NZD/USD,2026-09-03T14:55:00.000Z,NZD/USD not in enabled instruments,False,NZD/USD not in enabled instruments,REPLAYABLE
NZD/USD|2026-09-03T14:55:00.000Z,NZD/USD,2026-09-03T14:55:00.000Z,0/7 positions,True,0/7 positions,REPLAYABLE
NZD/USD|2026-09-03T14:55:00.000Z,NZD/USD,2026-09-03T14:55:00.000Z,0/1 for NZD/USD,True,0/1 for NZD/USD,REPLAYABLE
NZD/USD|2026-09-03T14:55:00.000Z,NZD/USD,2026-09-03T14:55:00.000Z,Portfolio heat 0.0%,True,Portfolio heat 0.0%,ACCOUNT_STATE
NZD/USD|2026-09-03T14:55:00.000Z,NZD/USD,2026-09-03T14:55:00.000Z,Daily loss 0.0%,True,Daily loss 0.0%,ACCOUNT_STATE
NZD/USD|2026-09-03T14:55:00.000Z,NZD/USD,2026-09-03T14:55:00.000Z,Drawdown 0.0%,True,Drawdown 0.0%,ACCOUNT_STATE
NZD/USD|2026-09-03T14:55:00.000Z,NZD/USD,2026-09-03T14:55:00.000Z,Score 21.4 < 40 threshold,False,Score 21.4 < 40 threshold,REPLAYABLE
NZD/USD|2026-09-03T14:55:00.000Z,NZD/USD,2026-09-03T14:55:00.000Z,SMT veto,True,SMT veto: no opposition detected,REPLAYABLE
NZD/USD|2026-09-03T14:55:00.000Z,NZD/USD,2026-09-03T14:55:00.000Z,R,True,"R:R 1.99 effective (2.10 raw, spread 2p)",REPLAYABLE
NZD/USD|2026-09-03T14:55:00.000Z,NZD/USD,2026-09-03T14:55:00.000Z,No recent trades — cooldown OK,True,No recent trades — cooldown OK,REPLAYABLE
NZD/USD|2026-09-03T14:55:00.000Z,NZD/USD,2026-09-03T14:55:00.000Z,No trade history for consecutive loss check,True,No trade history for consecutive loss check,ACCOUNT_STATE
NZD/USD|2026-09-03T14:55:00.000Z,NZD/USD,2026-09-03T14:55:00.000Z,Daily net P&L $+0.00,True,Daily net P&L $+0.00 (gross loss: $0.00),ACCOUNT_STATE
NZD/USD|2026-09-03T14:55:00.000Z,NZD/USD,2026-09-03T14:55:00.000Z,News filter,True,News filter: env not configured — skipped,ACCOUNT_STATE
NZD/USD|2026-09-03T14:55:00.000Z,NZD/USD,2026-09-03T14:55:00.000Z,FOTSI Gate,True,FOTSI Gate: data unavailable — skipped,REPLAYABLE
NZD/USD|2026-09-03T14:55:00.000Z,NZD/USD,2026-09-03T14:55:00.000Z,No correlated conflicts,True,No correlated conflicts (threshold 0.8),ACCOUNT_STATE
NZD/USD|2026-09-03T14:55:00.000Z,NZD/USD,2026-09-03T14:55:00.000Z,Tier 1 gate FAILED,False,"Tier 1 gate FAILED: only 1 core factors — need at least 3 of: Market Structure, Order Block, Fair Value Gap, Premium/Dis",REPLAYABLE
NZD/USD|2026-09-03T14:55:00.000Z,NZD/USD,2026-09-03T14:55:00.000Z,Regime gate,True,Regime gate: OK,REPLAYABLE
NZD/USD|2026-09-03T14:55:00.000Z,NZD/USD,2026-09-03T14:55:00.000Z,[Info] Spread wide,True,[Info] Spread wide (indicative): 27.1% of ATR — info only,REPLAYABLE
AUD/USD|2026-09-05T00:05:00.000Z,AUD/USD,2026-09-05T00:05:00.000Z,[legacy] HTF bias mismatch,False,"[legacy] HTF bias mismatch: Daily is bullish, entry is bearish",REPLAYABLE
AUD/USD|2026-09-05T00:05:00.000Z,AUD/USD,2026-09-05T00:05:00.000Z,P/D zone OK,True,"P/D zone OK (premium, 100.0% of the 5m 5-swing box 0.71975–0.72027) — price is OUTSIDE that range (raw 107.7%)",REPLAYABLE
AUD/USD|2026-09-05T00:05:00.000Z,AUD/USD,2026-09-05T00:05:00.000Z,Structural Conviction [entry],True,Structural Conviction [entry]: Bear 20% / Bull 0% (S2F 9%),REPLAYABLE
AUD/USD|2026-09-05T00:05:00.000Z,AUD/USD,2026-09-05T00:05:00.000Z,Reaction gate skipped,True,Reaction gate skipped: trend is bearish (not ranging),REPLAYABLE
AUD/USD|2026-09-05T00:05:00.000Z,AUD/USD,2026-09-05T00:05:00.000Z,AUD/USD not in enabled instruments,False,AUD/USD not in enabled instruments,REPLAYABLE
AUD/USD|2026-09-05T00:05:00.000Z,AUD/USD,2026-09-05T00:05:00.000Z,0/7 positions,True,0/7 positions,REPLAYABLE
AUD/USD|2026-09-05T00:05:00.000Z,AUD/USD,2026-09-05T00:05:00.000Z,0/1 for AUD/USD,True,0/1 for AUD/USD,REPLAYABLE
AUD/USD|2026-09-05T00:05:00.000Z,AUD/USD,2026-09-05T00:05:00.000Z,Portfolio heat 0.0%,True,Portfolio heat 0.0%,ACCOUNT_STATE
AUD/USD|2026-09-05T00:05:00.000Z,AUD/USD,2026-09-05T00:05:00.000Z,Daily loss 0.0%,True,Daily loss 0.0%,ACCOUNT_STATE
AUD/USD|2026-09-05T00:05:00.000Z,AUD/USD,2026-09-05T00:05:00.000Z,Drawdown 0.0%,True,Drawdown 0.0%,ACCOUNT_STATE
AUD/USD|2026-09-05T00:05:00.000Z,AUD/USD,2026-09-05T00:05:00.000Z,Score 44.8 meets threshold,True,Score 44.8 meets threshold,REPLAYABLE
AUD/USD|2026-09-05T00:05:00.000Z,AUD/USD,2026-09-05T00:05:00.000Z,SMT veto,True,SMT veto: no opposition detected,REPLAYABLE
AUD/USD|2026-09-05T00:05:00.000Z,AUD/USD,2026-09-05T00:05:00.000Z,R,True,"R:R 1.98 effective (2.07 raw, spread 1.5p)",REPLAYABLE
AUD/USD|2026-09-05T00:05:00.000Z,AUD/USD,2026-09-05T00:05:00.000Z,No recent trades — cooldown OK,True,No recent trades — cooldown OK,REPLAYABLE
AUD/USD|2026-09-05T00:05:00.000Z,AUD/USD,2026-09-05T00:05:00.000Z,No trade history for consecutive loss check,True,No trade history for consecutive loss check,ACCOUNT_STATE
AUD/USD|2026-09-05T00:05:00.000Z,AUD/USD,2026-09-05T00:05:00.000Z,Daily net P&L $+0.00,True,Daily net P&L $+0.00 (gross loss: $0.00),ACCOUNT_STATE
AUD/USD|2026-09-05T00:05:00.000Z,AUD/USD,2026-09-05T00:05:00.000Z,News filter,True,News filter: env not configured — skipped,ACCOUNT_STATE
AUD/USD|2026-09-05T00:05:00.000Z,AUD/USD,2026-09-05T00:05:00.000Z,FOTSI Gate,True,FOTSI Gate: data unavailable — skipped,REPLAYABLE
AUD/USD|2026-09-05T00:05:00.000Z,AUD/USD,2026-09-05T00:05:00.000Z,No correlated conflicts,True,No correlated conflicts (threshold 0.8),ACCOUNT_STATE
AUD/USD|2026-09-05T00:05:00.000Z,AUD/USD,2026-09-05T00:05:00.000Z,Tier 1 gate FAILED,False,"Tier 1 gate FAILED: only 2 core factors — need at least 3 of: Market Structure, Order Block, Fair Value Gap, Premium/Dis",REPLAYABLE
AUD/USD|2026-09-05T00:05:00.000Z,AUD/USD,2026-09-05T00:05:00.000Z,Regime gate,True,Regime gate: OK,REPLAYABLE
AUD/USD|2026-09-05T00:05:00.000Z,AUD/USD,2026-09-05T00:05:00.000Z,[Info] Spread wide,True,[Info] Spread wide (indicative): 60.6% of ATR — info only,REPLAYABLE
EUR/USD|2026-09-05T00:20:00.000Z,EUR/USD,2026-09-05T00:20:00.000Z,[legacy] HTF bias aligned,True,[legacy] HTF bias aligned: Daily ranging,REPLAYABLE
EUR/USD|2026-09-05T00:20:00.000Z,EUR/USD,2026-09-05T00:20:00.000Z,P/D zone OK,True,"P/D zone OK (discount, 23.9% of the 5m 5-swing box 1.16118–1.16210)",REPLAYABLE
EUR/USD|2026-09-05T00:20:00.000Z,EUR/USD,2026-09-05T00:20:00.000Z,Structural Conviction BLOCKED [entry],False,"Structural Conviction BLOCKED [entry]: Bull fractals 0%, S2F 11%, opposite 17% — no structural support for long",REPLAYABLE
EUR/USD|2026-09-05T00:20:00.000Z,EUR/USD,2026-09-05T00:20:00.000Z,Reaction gate skipped,True,Reaction gate skipped: trend is bearish (not ranging),REPLAYABLE
EUR/USD|2026-09-05T00:20:00.000Z,EUR/USD,2026-09-05T00:20:00.000Z,EUR/USD enabled,True,EUR/USD enabled,REPLAYABLE
EUR/USD|2026-09-05T00:20:00.000Z,EUR/USD,2026-09-05T00:20:00.000Z,0/7 positions,True,0/7 positions,REPLAYABLE
EUR/USD|2026-09-05T00:20:00.000Z,EUR/USD,2026-09-05T00:20:00.000Z,0/1 for EUR/USD,True,0/1 for EUR/USD,REPLAYABLE
EUR/USD|2026-09-05T00:20:00.000Z,EUR/USD,2026-09-05T00:20:00.000Z,Portfolio heat 0.0%,True,Portfolio heat 0.0%,ACCOUNT_STATE
EUR/USD|2026-09-05T00:20:00.000Z,EUR/USD,2026-09-05T00:20:00.000Z,Daily loss 0.0%,True,Daily loss 0.0%,ACCOUNT_STATE
EUR/USD|2026-09-05T00:20:00.000Z,EUR/USD,2026-09-05T00:20:00.000Z,Drawdown 0.0%,True,Drawdown 0.0%,ACCOUNT_STATE
EUR/USD|2026-09-05T00:20:00.000Z,EUR/USD,2026-09-05T00:20:00.000Z,Score 35.4 < 40 threshold,False,Score 35.4 < 40 threshold,REPLAYABLE
EUR/USD|2026-09-05T00:20:00.000Z,EUR/USD,2026-09-05T00:20:00.000Z,SMT veto,True,SMT veto: no opposition detected,REPLAYABLE
EUR/USD|2026-09-05T00:20:00.000Z,EUR/USD,2026-09-05T00:20:00.000Z,R,True,"R:R 1.98 effective (2.03 raw, spread 1p)",REPLAYABLE
EUR/USD|2026-09-05T00:20:00.000Z,EUR/USD,2026-09-05T00:20:00.000Z,No recent trades — cooldown OK,True,No recent trades — cooldown OK,REPLAYABLE
EUR/USD|2026-09-05T00:20:00.000Z,EUR/USD,2026-09-05T00:20:00.000Z,No trade history for consecutive loss check,True,No trade history for consecutive loss check,ACCOUNT_STATE
EUR/USD|2026-09-05T00:20:00.000Z,EUR/USD,2026-09-05T00:20:00.000Z,Daily net P&L $+0.00,True,Daily net P&L $+0.00 (gross loss: $0.00),ACCOUNT_STATE
EUR/USD|2026-09-05T00:20:00.000Z,EUR/USD,2026-09-05T00:20:00.000Z,News filter,True,News filter: env not configured — skipped,ACCOUNT_STATE
EUR/USD|2026-09-05T00:20:00.000Z,EUR/USD,2026-09-05T00:20:00.000Z,FOTSI Gate,True,FOTSI Gate: data unavailable — skipped,REPLAYABLE
EUR/USD|2026-09-05T00:20:00.000Z,EUR/USD,2026-09-05T00:20:00.000Z,No correlated conflicts,True,No correlated conflicts (threshold 0.8),ACCOUNT_STATE
EUR/USD|2026-09-05T00:20:00.000Z,EUR/USD,2026-09-05T00:20:00.000Z,Tier 1 gate FAILED,False,"Tier 1 gate FAILED: only 1 core factors — need at least 3 of: Market Structure, Order Block, Fair Value Gap, Premium/Dis",REPLAYABLE
EUR/USD|2026-09-05T00:20:00.000Z,EUR/USD,2026-09-05T00:20:00.000Z,Regime gate,True,Regime gate: OK,REPLAYABLE
EUR/USD|2026-09-05T00:20:00.000Z,EUR/USD,2026-09-05T00:20:00.000Z,[Info] Spread wide,True,[Info] Spread wide (indicative): 23.6% of ATR — info only,REPLAYABLE
AUD/USD|2026-09-07T13:30:00.000Z,AUD/USD,2026-09-07T13:30:00.000Z,[legacy] HTF bias aligned,True,[legacy] HTF bias aligned: Daily ranging,REPLAYABLE
AUD/USD|2026-09-07T13:30:00.000Z,AUD/USD,2026-09-07T13:30:00.000Z,P/D zone OK,True,"P/D zone OK (premium, 71.1% of the 5m 5-swing box 0.72131–0.72214)",REPLAYABLE
AUD/USD|2026-09-07T13:30:00.000Z,AUD/USD,2026-09-07T13:30:00.000Z,Structural Conviction [entry],True,Structural Conviction [entry]: Bear 50% / Bull 0% (S2F 30%),REPLAYABLE
AUD/USD|2026-09-07T13:30:00.000Z,AUD/USD,2026-09-07T13:30:00.000Z,Reaction gate skipped,True,Reaction gate skipped: trend is bullish (not ranging),REPLAYABLE
AUD/USD|2026-09-07T13:30:00.000Z,AUD/USD,2026-09-07T13:30:00.000Z,AUD/USD not in enabled instruments,False,AUD/USD not in enabled instruments,REPLAYABLE
AUD/USD|2026-09-07T13:30:00.000Z,AUD/USD,2026-09-07T13:30:00.000Z,0/7 positions,True,0/7 positions,REPLAYABLE
AUD/USD|2026-09-07T13:30:00.000Z,AUD/USD,2026-09-07T13:30:00.000Z,0/1 for AUD/USD,True,0/1 for AUD/USD,REPLAYABLE
AUD/USD|2026-09-07T13:30:00.000Z,AUD/USD,2026-09-07T13:30:00.000Z,Portfolio heat 0.0%,True,Portfolio heat 0.0%,ACCOUNT_STATE
AUD/USD|2026-09-07T13:30:00.000Z,AUD/USD,2026-09-07T13:30:00.000Z,Daily loss 0.0%,True,Daily loss 0.0%,ACCOUNT_STATE
AUD/USD|2026-09-07T13:30:00.000Z,AUD/USD,2026-09-07T13:30:00.000Z,Drawdown 0.0%,True,Drawdown 0.0%,ACCOUNT_STATE
AUD/USD|2026-09-07T13:30:00.000Z,AUD/USD,2026-09-07T13:30:00.000Z,Score 39.6 < 40 threshold,False,Score 39.6 < 40 threshold,REPLAYABLE
AUD/USD|2026-09-07T13:30:00.000Z,AUD/USD,2026-09-07T13:30:00.000Z,SMT veto,True,SMT veto: no opposition detected,REPLAYABLE
AUD/USD|2026-09-07T13:30:00.000Z,AUD/USD,2026-09-07T13:30:00.000Z,R,True,"R:R 2.22 effective (2.31 raw, spread 1.5p)",REPLAYABLE
AUD/USD|2026-09-07T13:30:00.000Z,AUD/USD,2026-09-07T13:30:00.000Z,No recent trades — cooldown OK,True,No recent trades — cooldown OK,REPLAYABLE
AUD/USD|2026-09-07T13:30:00.000Z,AUD/USD,2026-09-07T13:30:00.000Z,No trade history for consecutive loss check,True,No trade history for consecutive loss check,ACCOUNT_STATE
AUD/USD|2026-09-07T13:30:00.000Z,AUD/USD,2026-09-07T13:30:00.000Z,Daily net P&L $+0.00,True,Daily net P&L $+0.00 (gross loss: $0.00),ACCOUNT_STATE
AUD/USD|2026-09-07T13:30:00.000Z,AUD/USD,2026-09-07T13:30:00.000Z,News filter,True,News filter: env not configured — skipped,ACCOUNT_STATE
AUD/USD|2026-09-07T13:30:00.000Z,AUD/USD,2026-09-07T13:30:00.000Z,FOTSI Gate,True,FOTSI Gate: data unavailable — skipped,REPLAYABLE
AUD/USD|2026-09-07T13:30:00.000Z,AUD/USD,2026-09-07T13:30:00.000Z,No correlated conflicts,True,No correlated conflicts (threshold 0.8),ACCOUNT_STATE
AUD/USD|2026-09-07T13:30:00.000Z,AUD/USD,2026-09-07T13:30:00.000Z,Tier 1 gate FAILED,False,"Tier 1 gate FAILED: only 1 core factors — need at least 3 of: Market Structure, Order Block, Fair Value Gap, Premium/Dis",REPLAYABLE
AUD/USD|2026-09-07T13:30:00.000Z,AUD/USD,2026-09-07T13:30:00.000Z,Regime gate,True,Regime gate: OK,REPLAYABLE
AUD/USD|2026-09-07T13:30:00.000Z,AUD/USD,2026-09-07T13:30:00.000Z,[Info] Spread wide,True,[Info] Spread wide (indicative): 64.2% of ATR — info only,REPLAYABLE
USD/CAD|2026-09-08T03:55:00.000Z,USD/CAD,2026-09-08T03:55:00.000Z,[legacy] HTF bias aligned,True,[legacy] HTF bias aligned: Daily ranging,REPLAYABLE
USD/CAD|2026-09-08T03:55:00.000Z,USD/CAD,2026-09-08T03:55:00.000Z,P/D zone OK,True,"P/D zone OK (discount, 38.1% of the 5m 5-swing box 1.37999–1.38146)",REPLAYABLE
USD/CAD|2026-09-08T03:55:00.000Z,USD/CAD,2026-09-08T03:55:00.000Z,Structural Conviction [entry],True,Structural Conviction [entry]: Bull 67% / Bear 25% (S2F 43%),REPLAYABLE
USD/CAD|2026-09-08T03:55:00.000Z,USD/CAD,2026-09-08T03:55:00.000Z,Reaction confirmed in ranging market,True,"Reaction confirmed in ranging market: Reversal Candle, AMD Phase",REPLAYABLE
USD/CAD|2026-09-08T03:55:00.000Z,USD/CAD,2026-09-08T03:55:00.000Z,USD/CAD not in enabled instruments,False,USD/CAD not in enabled instruments,REPLAYABLE
USD/CAD|2026-09-08T03:55:00.000Z,USD/CAD,2026-09-08T03:55:00.000Z,0/7 positions,True,0/7 positions,REPLAYABLE
USD/CAD|2026-09-08T03:55:00.000Z,USD/CAD,2026-09-08T03:55:00.000Z,0/1 for USD/CAD,True,0/1 for USD/CAD,REPLAYABLE
USD/CAD|2026-09-08T03:55:00.000Z,USD/CAD,2026-09-08T03:55:00.000Z,Portfolio heat 0.0%,True,Portfolio heat 0.0%,ACCOUNT_STATE
USD/CAD|2026-09-08T03:55:00.000Z,USD/CAD,2026-09-08T03:55:00.000Z,Daily loss 0.0%,True,Daily loss 0.0%,ACCOUNT_STATE
USD/CAD|2026-09-08T03:55:00.000Z,USD/CAD,2026-09-08T03:55:00.000Z,Drawdown 0.0%,True,Drawdown 0.0%,ACCOUNT_STATE
USD/CAD|2026-09-08T03:55:00.000Z,USD/CAD,2026-09-08T03:55:00.000Z,Score 39.8 < 40 threshold,False,Score 39.8 < 40 threshold,REPLAYABLE
USD/CAD|2026-09-08T03:55:00.000Z,USD/CAD,2026-09-08T03:55:00.000Z,SMT veto,True,SMT veto: no opposition detected,REPLAYABLE
USD/CAD|2026-09-08T03:55:00.000Z,USD/CAD,2026-09-08T03:55:00.000Z,R,True,"R:R 2.05 effective (2.14 raw, spread 1.5p)",REPLAYABLE
USD/CAD|2026-09-08T03:55:00.000Z,USD/CAD,2026-09-08T03:55:00.000Z,No recent trades — cooldown OK,True,No recent trades — cooldown OK,REPLAYABLE
USD/CAD|2026-09-08T03:55:00.000Z,USD/CAD,2026-09-08T03:55:00.000Z,No trade history for consecutive loss check,True,No trade history for consecutive loss check,ACCOUNT_STATE
USD/CAD|2026-09-08T03:55:00.000Z,USD/CAD,2026-09-08T03:55:00.000Z,Daily net P&L $+0.00,True,Daily net P&L $+0.00 (gross loss: $0.00),ACCOUNT_STATE
USD/CAD|2026-09-08T03:55:00.000Z,USD/CAD,2026-09-08T03:55:00.000Z,News filter,True,News filter: env not configured — skipped,ACCOUNT_STATE
USD/CAD|2026-09-08T03:55:00.000Z,USD/CAD,2026-09-08T03:55:00.000Z,FOTSI Gate,True,FOTSI Gate: data unavailable — skipped,REPLAYABLE
USD/CAD|2026-09-08T03:55:00.000Z,USD/CAD,2026-09-08T03:55:00.000Z,No correlated conflicts,True,No correlated conflicts (threshold 0.8),ACCOUNT_STATE
USD/CAD|2026-09-08T03:55:00.000Z,USD/CAD,2026-09-08T03:55:00.000Z,Tier 1 gate FAILED,False,"Tier 1 gate FAILED: only 2 core factors — need at least 3 of: Market Structure, Order Block, Fair Value Gap, Premium/Dis",REPLAYABLE
USD/CAD|2026-09-08T03:55:00.000Z,USD/CAD,2026-09-08T03:55:00.000Z,Regime gate,True,Regime gate: OK,REPLAYABLE
USD/CAD|2026-09-08T03:55:00.000Z,USD/CAD,2026-09-08T03:55:00.000Z,[Info] Spread wide,True,[Info] Spread wide (indicative): 47.9% of ATR — info only,REPLAYABLE
USD/JPY|2026-09-08T09:25:00.000Z,USD/JPY,2026-09-08T09:25:00.000Z,[legacy] HTF bias aligned,True,[legacy] HTF bias aligned: Daily ranging,REPLAYABLE
USD/JPY|2026-09-08T09:25:00.000Z,USD/JPY,2026-09-08T09:25:00.000Z,P/D zone OK,True,"P/D zone OK (premium, 71.0% of the 5m 5-swing box 153.647–154.235)",REPLAYABLE
USD/JPY|2026-09-08T09:25:00.000Z,USD/JPY,2026-09-08T09:25:00.000Z,Structural Conviction BLOCKED [entry],False,Structural Conviction BLOCKED [entry]: opposing 57% is 3.4× supporting 17% — structure overwhelmingly opposes short,REPLAYABLE
USD/JPY|2026-09-08T09:25:00.000Z,USD/JPY,2026-09-08T09:25:00.000Z,Reaction gate skipped,True,Reaction gate skipped: trend is bullish (not ranging),REPLAYABLE
USD/JPY|2026-09-08T09:25:00.000Z,USD/JPY,2026-09-08T09:25:00.000Z,USD/JPY enabled,True,USD/JPY enabled,REPLAYABLE
USD/JPY|2026-09-08T09:25:00.000Z,USD/JPY,2026-09-08T09:25:00.000Z,0/7 positions,True,0/7 positions,REPLAYABLE
USD/JPY|2026-09-08T09:25:00.000Z,USD/JPY,2026-09-08T09:25:00.000Z,0/1 for USD/JPY,True,0/1 for USD/JPY,REPLAYABLE
USD/JPY|2026-09-08T09:25:00.000Z,USD/JPY,2026-09-08T09:25:00.000Z,Portfolio heat 0.0%,True,Portfolio heat 0.0%,ACCOUNT_STATE
USD/JPY|2026-09-08T09:25:00.000Z,USD/JPY,2026-09-08T09:25:00.000Z,Daily loss 0.0%,True,Daily loss 0.0%,ACCOUNT_STATE
USD/JPY|2026-09-08T09:25:00.000Z,USD/JPY,2026-09-08T09:25:00.000Z,Drawdown 0.0%,True,Drawdown 0.0%,ACCOUNT_STATE
USD/JPY|2026-09-08T09:25:00.000Z,USD/JPY,2026-09-08T09:25:00.000Z,Score 33.3 < 40 threshold,False,Score 33.3 < 40 threshold,REPLAYABLE
USD/JPY|2026-09-08T09:25:00.000Z,USD/JPY,2026-09-08T09:25:00.000Z,SMT veto,True,SMT veto: no opposition detected,REPLAYABLE
USD/JPY|2026-09-08T09:25:00.000Z,USD/JPY,2026-09-08T09:25:00.000Z,R,True,"R:R 1.99 effective (2.03 raw, spread 1p)",REPLAYABLE
USD/JPY|2026-09-08T09:25:00.000Z,USD/JPY,2026-09-08T09:25:00.000Z,No recent trades — cooldown OK,True,No recent trades — cooldown OK,REPLAYABLE
USD/JPY|2026-09-08T09:25:00.000Z,USD/JPY,2026-09-08T09:25:00.000Z,No trade history for consecutive loss check,True,No trade history for consecutive loss check,ACCOUNT_STATE
USD/JPY|2026-09-08T09:25:00.000Z,USD/JPY,2026-09-08T09:25:00.000Z,Daily net P&L $+0.00,True,Daily net P&L $+0.00 (gross loss: $0.00),ACCOUNT_STATE
USD/JPY|2026-09-08T09:25:00.000Z,USD/JPY,2026-09-08T09:25:00.000Z,News filter,True,News filter: env not configured — skipped,ACCOUNT_STATE
USD/JPY|2026-09-08T09:25:00.000Z,USD/JPY,2026-09-08T09:25:00.000Z,FOTSI Gate,True,FOTSI Gate: data unavailable — skipped,REPLAYABLE
USD/JPY|2026-09-08T09:25:00.000Z,USD/JPY,2026-09-08T09:25:00.000Z,No correlated conflicts,True,No correlated conflicts (threshold 0.8),ACCOUNT_STATE
USD/JPY|2026-09-08T09:25:00.000Z,USD/JPY,2026-09-08T09:25:00.000Z,Tier 1 gate FAILED,False,"Tier 1 gate FAILED: only 2 core factors — need at least 3 of: Market Structure, Order Block, Fair Value Gap, Premium/Dis",REPLAYABLE
USD/JPY|2026-09-08T09:25:00.000Z,USD/JPY,2026-09-08T09:25:00.000Z,Regime gate,True,Regime gate: OK,REPLAYABLE
USD/JPY|2026-09-08T09:25:00.000Z,USD/JPY,2026-09-08T09:25:00.000Z,[Info] Spread OK,True,[Info] Spread OK: 0.1% of ATR,REPLAYABLE
GBP/USD|2026-09-09T17:05:00.000Z,GBP/USD,2026-09-09T17:05:00.000Z,[legacy] HTF bias mismatch,False,"[legacy] HTF bias mismatch: Daily is bullish, entry is bearish",REPLAYABLE
GBP/USD|2026-09-09T17:05:00.000Z,GBP/USD,2026-09-09T17:05:00.000Z,P/D zone OK,True,"P/D zone OK (premium, 68.0% of the 5m 5-swing box 1.35349–1.35643)",REPLAYABLE
GBP/USD|2026-09-09T17:05:00.000Z,GBP/USD,2026-09-09T17:05:00.000Z,Structural Conviction [entry],True,Structural Conviction [entry]: Bear 33% / Bull 17% (S2F 22%),REPLAYABLE
GBP/USD|2026-09-09T17:05:00.000Z,GBP/USD,2026-09-09T17:05:00.000Z,Reaction gate skipped,True,Reaction gate skipped: trend is bullish (not ranging),REPLAYABLE
GBP/USD|2026-09-09T17:05:00.000Z,GBP/USD,2026-09-09T17:05:00.000Z,GBP/USD enabled,True,GBP/USD enabled,REPLAYABLE
GBP/USD|2026-09-09T17:05:00.000Z,GBP/USD,2026-09-09T17:05:00.000Z,0/7 positions,True,0/7 positions,REPLAYABLE
GBP/USD|2026-09-09T17:05:00.000Z,GBP/USD,2026-09-09T17:05:00.000Z,0/1 for GBP/USD,True,0/1 for GBP/USD,REPLAYABLE
GBP/USD|2026-09-09T17:05:00.000Z,GBP/USD,2026-09-09T17:05:00.000Z,Portfolio heat 0.0%,True,Portfolio heat 0.0%,ACCOUNT_STATE
GBP/USD|2026-09-09T17:05:00.000Z,GBP/USD,2026-09-09T17:05:00.000Z,Daily loss 0.0%,True,Daily loss 0.0%,ACCOUNT_STATE
GBP/USD|2026-09-09T17:05:00.000Z,GBP/USD,2026-09-09T17:05:00.000Z,Drawdown 0.0%,True,Drawdown 0.0%,ACCOUNT_STATE
GBP/USD|2026-09-09T17:05:00.000Z,GBP/USD,2026-09-09T17:05:00.000Z,Score 41.7 meets threshold,True,Score 41.7 meets threshold,REPLAYABLE
GBP/USD|2026-09-09T17:05:00.000Z,GBP/USD,2026-09-09T17:05:00.000Z,SMT veto,True,SMT veto: no opposition detected,REPLAYABLE
GBP/USD|2026-09-09T17:05:00.000Z,GBP/USD,2026-09-09T17:05:00.000Z,R,True,"R:R 1.84 effective (1.90 raw, spread 1.5p)",REPLAYABLE
GBP/USD|2026-09-09T17:05:00.000Z,GBP/USD,2026-09-09T17:05:00.000Z,No recent trades — cooldown OK,True,No recent trades — cooldown OK,REPLAYABLE
GBP/USD|2026-09-09T17:05:00.000Z,GBP/USD,2026-09-09T17:05:00.000Z,No trade history for consecutive loss check,True,No trade history for consecutive loss check,ACCOUNT_STATE
GBP/USD|2026-09-09T17:05:00.000Z,GBP/USD,2026-09-09T17:05:00.000Z,Daily net P&L $+0.00,True,Daily net P&L $+0.00 (gross loss: $0.00),ACCOUNT_STATE
GBP/USD|2026-09-09T17:05:00.000Z,GBP/USD,2026-09-09T17:05:00.000Z,News filter,True,News filter: env not configured — skipped,ACCOUNT_STATE
GBP/USD|2026-09-09T17:05:00.000Z,GBP/USD,2026-09-09T17:05:00.000Z,FOTSI Gate,True,FOTSI Gate: data unavailable — skipped,REPLAYABLE
GBP/USD|2026-09-09T17:05:00.000Z,GBP/USD,2026-09-09T17:05:00.000Z,No correlated conflicts,True,No correlated conflicts (threshold 0.8),ACCOUNT_STATE
GBP/USD|2026-09-09T17:05:00.000Z,GBP/USD,2026-09-09T17:05:00.000Z,Tier 1 gate FAILED,False,"Tier 1 gate FAILED: only 2 core factors — need at least 3 of: Market Structure, Order Block, Fair Value Gap, Premium/Dis",REPLAYABLE
GBP/USD|2026-09-09T17:05:00.000Z,GBP/USD,2026-09-09T17:05:00.000Z,Regime gate,True,Regime gate: OK,REPLAYABLE
GBP/USD|2026-09-09T17:05:00.000Z,GBP/USD,2026-09-09T17:05:00.000Z,[Info] Spread wide,True,[Info] Spread wide (indicative): 28.7% of ATR — info only,REPLAYABLE
USD/CAD|2026-09-10T15:50:00.000Z,USD/CAD,2026-09-10T15:50:00.000Z,[legacy] HTF bias mismatch,False,"[legacy] HTF bias mismatch: Daily is bullish, entry is bearish",REPLAYABLE
USD/CAD|2026-09-10T15:50:00.000Z,USD/CAD,2026-09-10T15:50:00.000Z,P/D zone OK,True,"P/D zone OK (discount, 17.5% of the 5m 5-swing box 1.38104–1.38344)",REPLAYABLE
USD/CAD|2026-09-10T15:50:00.000Z,USD/CAD,2026-09-10T15:50:00.000Z,Structural Conviction [entry],True,Structural Conviction [entry]: Bear 40% / Bull 0% (S2F 20%),REPLAYABLE
USD/CAD|2026-09-10T15:50:00.000Z,USD/CAD,2026-09-10T15:50:00.000Z,Reaction gate skipped,True,Reaction gate skipped: trend is bearish (not ranging),REPLAYABLE
USD/CAD|2026-09-10T15:50:00.000Z,USD/CAD,2026-09-10T15:50:00.000Z,USD/CAD not in enabled instruments,False,USD/CAD not in enabled instruments,REPLAYABLE
USD/CAD|2026-09-10T15:50:00.000Z,USD/CAD,2026-09-10T15:50:00.000Z,0/7 positions,True,0/7 positions,REPLAYABLE
USD/CAD|2026-09-10T15:50:00.000Z,USD/CAD,2026-09-10T15:50:00.000Z,0/1 for USD/CAD,True,0/1 for USD/CAD,REPLAYABLE
USD/CAD|2026-09-10T15:50:00.000Z,USD/CAD,2026-09-10T15:50:00.000Z,Portfolio heat 0.0%,True,Portfolio heat 0.0%,ACCOUNT_STATE
USD/CAD|2026-09-10T15:50:00.000Z,USD/CAD,2026-09-10T15:50:00.000Z,Daily loss 0.0%,True,Daily loss 0.0%,ACCOUNT_STATE
USD/CAD|2026-09-10T15:50:00.000Z,USD/CAD,2026-09-10T15:50:00.000Z,Drawdown 0.0%,True,Drawdown 0.0%,ACCOUNT_STATE
USD/CAD|2026-09-10T15:50:00.000Z,USD/CAD,2026-09-10T15:50:00.000Z,Score 30.2 < 40 threshold,False,Score 30.2 < 40 threshold,REPLAYABLE
USD/CAD|2026-09-10T15:50:00.000Z,USD/CAD,2026-09-10T15:50:00.000Z,SMT veto,True,SMT veto: no opposition detected,REPLAYABLE
USD/CAD|2026-09-10T15:50:00.000Z,USD/CAD,2026-09-10T15:50:00.000Z,R,True,"R:R 2.26 effective (2.35 raw, spread 1.5p)",REPLAYABLE
USD/CAD|2026-09-10T15:50:00.000Z,USD/CAD,2026-09-10T15:50:00.000Z,No recent trades — cooldown OK,True,No recent trades — cooldown OK,REPLAYABLE
USD/CAD|2026-09-10T15:50:00.000Z,USD/CAD,2026-09-10T15:50:00.000Z,No trade history for consecutive loss check,True,No trade history for consecutive loss check,ACCOUNT_STATE
USD/CAD|2026-09-10T15:50:00.000Z,USD/CAD,2026-09-10T15:50:00.000Z,Daily net P&L $+0.00,True,Daily net P&L $+0.00 (gross loss: $0.00),ACCOUNT_STATE
USD/CAD|2026-09-10T15:50:00.000Z,USD/CAD,2026-09-10T15:50:00.000Z,News filter,True,News filter: env not configured — skipped,ACCOUNT_STATE
USD/CAD|2026-09-10T15:50:00.000Z,USD/CAD,2026-09-10T15:50:00.000Z,FOTSI Gate,True,FOTSI Gate: data unavailable — skipped,REPLAYABLE
USD/CAD|2026-09-10T15:50:00.000Z,USD/CAD,2026-09-10T15:50:00.000Z,No correlated conflicts,True,No correlated conflicts (threshold 0.8),ACCOUNT_STATE
USD/CAD|2026-09-10T15:50:00.000Z,USD/CAD,2026-09-10T15:50:00.000Z,Tier 1 gate FAILED,False,"Tier 1 gate FAILED: only 1 core factors — need at least 3 of: Market Structure, Order Block, Fair Value Gap, Premium/Dis",REPLAYABLE
USD/CAD|2026-09-10T15:50:00.000Z,USD/CAD,2026-09-10T15:50:00.000Z,Regime gate,True,Regime gate: OK,REPLAYABLE
USD/CAD|2026-09-10T15:50:00.000Z,USD/CAD,2026-09-10T15:50:00.000Z,[Info] Spread wide,True,[Info] Spread wide (indicative): 23.4% of ATR — info only,REPLAYABLE
AUD/USD|2026-09-11T02:00:00.000Z,AUD/USD,2026-09-11T02:00:00.000Z,[legacy] HTF bias aligned,True,[legacy] HTF bias aligned: Daily ranging,REPLAYABLE
AUD/USD|2026-09-11T02:00:00.000Z,AUD/USD,2026-09-11T02:00:00.000Z,P/D zone OK,True,"P/D zone OK (discount, 43.1% of the 5m 5-swing box 0.71550–0.71666)",REPLAYABLE
AUD/USD|2026-09-11T02:00:00.000Z,AUD/USD,2026-09-11T02:00:00.000Z,Structural Conviction [entry],True,Structural Conviction [entry]: Bull 33% / Bear 0% (S2F 25%),REPLAYABLE
AUD/USD|2026-09-11T02:00:00.000Z,AUD/USD,2026-09-11T02:00:00.000Z,Reaction confirmed in ranging market,True,"Reaction confirmed in ranging market: Reversal Candle, Liquidity Sweep, AMD Phase",REPLAYABLE
AUD/USD|2026-09-11T02:00:00.000Z,AUD/USD,2026-09-11T02:00:00.000Z,AUD/USD not in enabled instruments,False,AUD/USD not in enabled instruments,REPLAYABLE
AUD/USD|2026-09-11T02:00:00.000Z,AUD/USD,2026-09-11T02:00:00.000Z,0/7 positions,True,0/7 positions,REPLAYABLE
AUD/USD|2026-09-11T02:00:00.000Z,AUD/USD,2026-09-11T02:00:00.000Z,0/1 for AUD/USD,True,0/1 for AUD/USD,REPLAYABLE
AUD/USD|2026-09-11T02:00:00.000Z,AUD/USD,2026-09-11T02:00:00.000Z,Portfolio heat 0.0%,True,Portfolio heat 0.0%,ACCOUNT_STATE
AUD/USD|2026-09-11T02:00:00.000Z,AUD/USD,2026-09-11T02:00:00.000Z,Daily loss 0.0%,True,Daily loss 0.0%,ACCOUNT_STATE
AUD/USD|2026-09-11T02:00:00.000Z,AUD/USD,2026-09-11T02:00:00.000Z,Drawdown 0.0%,True,Drawdown 0.0%,ACCOUNT_STATE
AUD/USD|2026-09-11T02:00:00.000Z,AUD/USD,2026-09-11T02:00:00.000Z,Score 47.8 meets threshold,True,Score 47.8 meets threshold,REPLAYABLE
AUD/USD|2026-09-11T02:00:00.000Z,AUD/USD,2026-09-11T02:00:00.000Z,SMT veto,True,SMT veto: no opposition detected,REPLAYABLE
AUD/USD|2026-09-11T02:00:00.000Z,AUD/USD,2026-09-11T02:00:00.000Z,R,True,"R:R 2.02 effective (2.10 raw, spread 1.5p)",REPLAYABLE
AUD/USD|2026-09-11T02:00:00.000Z,AUD/USD,2026-09-11T02:00:00.000Z,No recent trades — cooldown OK,True,No recent trades — cooldown OK,REPLAYABLE
AUD/USD|2026-09-11T02:00:00.000Z,AUD/USD,2026-09-11T02:00:00.000Z,No trade history for consecutive loss check,True,No trade history for consecutive loss check,ACCOUNT_STATE
AUD/USD|2026-09-11T02:00:00.000Z,AUD/USD,2026-09-11T02:00:00.000Z,Daily net P&L $+0.00,True,Daily net P&L $+0.00 (gross loss: $0.00),ACCOUNT_STATE
AUD/USD|2026-09-11T02:00:00.000Z,AUD/USD,2026-09-11T02:00:00.000Z,News filter,True,News filter: env not configured — skipped,ACCOUNT_STATE
AUD/USD|2026-09-11T02:00:00.000Z,AUD/USD,2026-09-11T02:00:00.000Z,FOTSI Gate,True,FOTSI Gate: data unavailable — skipped,REPLAYABLE
AUD/USD|2026-09-11T02:00:00.000Z,AUD/USD,2026-09-11T02:00:00.000Z,No correlated conflicts,True,No correlated conflicts (threshold 0.8),ACCOUNT_STATE
AUD/USD|2026-09-11T02:00:00.000Z,AUD/USD,2026-09-11T02:00:00.000Z,Tier 1 gate passed,True,"Tier 1 gate passed: 3 core factors (Market Structure, Order Block, Premium/Discount & Fib)",REPLAYABLE
AUD/USD|2026-09-11T02:00:00.000Z,AUD/USD,2026-09-11T02:00:00.000Z,Regime gate,True,Regime gate: OK,REPLAYABLE
AUD/USD|2026-09-11T02:00:00.000Z,AUD/USD,2026-09-11T02:00:00.000Z,[Info] Spread wide,True,[Info] Spread wide (indicative): 50.9% of ATR — info only,REPLAYABLE
GBP/USD|2026-09-15T14:05:00.000Z,GBP/USD,2026-09-15T14:05:00.000Z,[legacy] HTF bias aligned,True,[legacy] HTF bias aligned: Daily ranging,REPLAYABLE
GBP/USD|2026-09-15T14:05:00.000Z,GBP/USD,2026-09-15T14:05:00.000Z,P/D zone OK,True,"P/D zone OK (premium, 100.0% of the 5m 5-swing box 1.34689–1.34896) — price is OUTSIDE that range (raw 112.1%)",REPLAYABLE
GBP/USD|2026-09-15T14:05:00.000Z,GBP/USD,2026-09-15T14:05:00.000Z,Structural Conviction [entry],True,Structural Conviction [entry]: Bear 25% / Bull 25% (S2F 25%),REPLAYABLE
GBP/USD|2026-09-15T14:05:00.000Z,GBP/USD,2026-09-15T14:05:00.000Z,Reaction confirmed in ranging market,True,"Reaction confirmed in ranging market: Reversal Candle, Liquidity Sweep, Displacement, AMD Phase",REPLAYABLE
GBP/USD|2026-09-15T14:05:00.000Z,GBP/USD,2026-09-15T14:05:00.000Z,GBP/USD enabled,True,GBP/USD enabled,REPLAYABLE
GBP/USD|2026-09-15T14:05:00.000Z,GBP/USD,2026-09-15T14:05:00.000Z,0/7 positions,True,0/7 positions,REPLAYABLE
GBP/USD|2026-09-15T14:05:00.000Z,GBP/USD,2026-09-15T14:05:00.000Z,0/1 for GBP/USD,True,0/1 for GBP/USD,REPLAYABLE
GBP/USD|2026-09-15T14:05:00.000Z,GBP/USD,2026-09-15T14:05:00.000Z,Portfolio heat 0.0%,True,Portfolio heat 0.0%,ACCOUNT_STATE
GBP/USD|2026-09-15T14:05:00.000Z,GBP/USD,2026-09-15T14:05:00.000Z,Daily loss 0.0%,True,Daily loss 0.0%,ACCOUNT_STATE
GBP/USD|2026-09-15T14:05:00.000Z,GBP/USD,2026-09-15T14:05:00.000Z,Drawdown 0.0%,True,Drawdown 0.0%,ACCOUNT_STATE
GBP/USD|2026-09-15T14:05:00.000Z,GBP/USD,2026-09-15T14:05:00.000Z,Score 31.5 < 40 threshold,False,Score 31.5 < 40 threshold,REPLAYABLE
GBP/USD|2026-09-15T14:05:00.000Z,GBP/USD,2026-09-15T14:05:00.000Z,SMT veto,True,SMT veto: no opposition detected,REPLAYABLE
GBP/USD|2026-09-15T14:05:00.000Z,GBP/USD,2026-09-15T14:05:00.000Z,R,True,"R:R 2.32 effective (2.39 raw, spread 1.5p)",REPLAYABLE
GBP/USD|2026-09-15T14:05:00.000Z,GBP/USD,2026-09-15T14:05:00.000Z,No recent trades — cooldown OK,True,No recent trades — cooldown OK,REPLAYABLE
GBP/USD|2026-09-15T14:05:00.000Z,GBP/USD,2026-09-15T14:05:00.000Z,No trade history for consecutive loss check,True,No trade history for consecutive loss check,ACCOUNT_STATE
GBP/USD|2026-09-15T14:05:00.000Z,GBP/USD,2026-09-15T14:05:00.000Z,Daily net P&L $+0.00,True,Daily net P&L $+0.00 (gross loss: $0.00),ACCOUNT_STATE
GBP/USD|2026-09-15T14:05:00.000Z,GBP/USD,2026-09-15T14:05:00.000Z,News filter,True,News filter: env not configured — skipped,ACCOUNT_STATE
GBP/USD|2026-09-15T14:05:00.000Z,GBP/USD,2026-09-15T14:05:00.000Z,FOTSI Gate,True,FOTSI Gate: data unavailable — skipped,REPLAYABLE
GBP/USD|2026-09-15T14:05:00.000Z,GBP/USD,2026-09-15T14:05:00.000Z,No correlated conflicts,True,No correlated conflicts (threshold 0.8),ACCOUNT_STATE
GBP/USD|2026-09-15T14:05:00.000Z,GBP/USD,2026-09-15T14:05:00.000Z,Tier 1 gate FAILED,False,"Tier 1 gate FAILED: only 2 core factors — need at least 3 of: Market Structure, Order Block, Fair Value Gap, Premium/Dis",REPLAYABLE
GBP/USD|2026-09-15T14:05:00.000Z,GBP/USD,2026-09-15T14:05:00.000Z,Regime gate,True,Regime gate: OK,REPLAYABLE
GBP/USD|2026-09-15T14:05:00.000Z,GBP/USD,2026-09-15T14:05:00.000Z,[Info] Spread wide,True,[Info] Spread wide (indicative): 23.9% of ATR — info only,REPLAYABLE
NZD/USD|2026-09-17T06:45:00.000Z,NZD/USD,2026-09-17T06:45:00.000Z,[legacy] HTF bias aligned,True,[legacy] HTF bias aligned: Daily ranging,REPLAYABLE
NZD/USD|2026-09-17T06:45:00.000Z,NZD/USD,2026-09-17T06:45:00.000Z,P/D zone OK,True,"P/D zone OK (premium, 100.0% of the 5m 5-swing box 0.57155–0.57298) — price is OUTSIDE that range (raw 148.3%)",REPLAYABLE
NZD/USD|2026-09-17T06:45:00.000Z,NZD/USD,2026-09-17T06:45:00.000Z,Structural Conviction BLOCKED [entry],False,Structural Conviction BLOCKED [entry]: Bear fractals 0% vs opposite 50% — structure opposes short,REPLAYABLE
NZD/USD|2026-09-17T06:45:00.000Z,NZD/USD,2026-09-17T06:45:00.000Z,Reaction gate skipped,True,Reaction gate skipped: trend is bullish (not ranging),REPLAYABLE
NZD/USD|2026-09-17T06:45:00.000Z,NZD/USD,2026-09-17T06:45:00.000Z,NZD/USD not in enabled instruments,False,NZD/USD not in enabled instruments,REPLAYABLE
NZD/USD|2026-09-17T06:45:00.000Z,NZD/USD,2026-09-17T06:45:00.000Z,0/7 positions,True,0/7 positions,REPLAYABLE
NZD/USD|2026-09-17T06:45:00.000Z,NZD/USD,2026-09-17T06:45:00.000Z,0/1 for NZD/USD,True,0/1 for NZD/USD,REPLAYABLE
NZD/USD|2026-09-17T06:45:00.000Z,NZD/USD,2026-09-17T06:45:00.000Z,Portfolio heat 0.0%,True,Portfolio heat 0.0%,ACCOUNT_STATE
NZD/USD|2026-09-17T06:45:00.000Z,NZD/USD,2026-09-17T06:45:00.000Z,Daily loss 0.0%,True,Daily loss 0.0%,ACCOUNT_STATE
NZD/USD|2026-09-17T06:45:00.000Z,NZD/USD,2026-09-17T06:45:00.000Z,Drawdown 0.0%,True,Drawdown 0.0%,ACCOUNT_STATE
NZD/USD|2026-09-17T06:45:00.000Z,NZD/USD,2026-09-17T06:45:00.000Z,Score 25 < 40 threshold,False,Score 25 < 40 threshold,REPLAYABLE
NZD/USD|2026-09-17T06:45:00.000Z,NZD/USD,2026-09-17T06:45:00.000Z,SMT veto,True,SMT veto: no opposition detected,REPLAYABLE
NZD/USD|2026-09-17T06:45:00.000Z,NZD/USD,2026-09-17T06:45:00.000Z,R,True,"R:R 1.86 effective (1.97 raw, spread 2p)",REPLAYABLE
NZD/USD|2026-09-17T06:45:00.000Z,NZD/USD,2026-09-17T06:45:00.000Z,No recent trades — cooldown OK,True,No recent trades — cooldown OK,REPLAYABLE
NZD/USD|2026-09-17T06:45:00.000Z,NZD/USD,2026-09-17T06:45:00.000Z,No trade history for consecutive loss check,True,No trade history for consecutive loss check,ACCOUNT_STATE
NZD/USD|2026-09-17T06:45:00.000Z,NZD/USD,2026-09-17T06:45:00.000Z,Daily net P&L $+0.00,True,Daily net P&L $+0.00 (gross loss: $0.00),ACCOUNT_STATE
NZD/USD|2026-09-17T06:45:00.000Z,NZD/USD,2026-09-17T06:45:00.000Z,News filter,True,News filter: env not configured — skipped,ACCOUNT_STATE
NZD/USD|2026-09-17T06:45:00.000Z,NZD/USD,2026-09-17T06:45:00.000Z,FOTSI Gate,True,FOTSI Gate: data unavailable — skipped,REPLAYABLE
NZD/USD|2026-09-17T06:45:00.000Z,NZD/USD,2026-09-17T06:45:00.000Z,No correlated conflicts,True,No correlated conflicts (threshold 0.8),ACCOUNT_STATE
NZD/USD|2026-09-17T06:45:00.000Z,NZD/USD,2026-09-17T06:45:00.000Z,Tier 1 gate FAILED,False,"Tier 1 gate FAILED: only 1 core factors — need at least 3 of: Market Structure, Order Block, Fair Value Gap, Premium/Dis",REPLAYABLE
NZD/USD|2026-09-17T06:45:00.000Z,NZD/USD,2026-09-17T06:45:00.000Z,Regime gate,True,Regime gate: OK,REPLAYABLE
NZD/USD|2026-09-17T06:45:00.000Z,NZD/USD,2026-09-17T06:45:00.000Z,[Info] Spread wide,True,[Info] Spread wide (indicative): 45.3% of ATR — info only,REPLAYABLE
USD/JPY|2026-09-17T13:10:00.000Z,USD/JPY,2026-09-17T13:10:00.000Z,[legacy] HTF bias aligned,True,[legacy] HTF bias aligned: Daily ranging,REPLAYABLE
USD/JPY|2026-09-17T13:10:00.000Z,USD/JPY,2026-09-17T13:10:00.000Z,P/D zone OK,True,"P/D zone OK (premium, 56.8% of the 5m 5-swing box 155.316–155.921)",REPLAYABLE
USD/JPY|2026-09-17T13:10:00.000Z,USD/JPY,2026-09-17T13:10:00.000Z,Structural Conviction [entry],True,Structural Conviction [entry]: Bull 25% / Bear 40% (S2F 33%),REPLAYABLE
USD/JPY|2026-09-17T13:10:00.000Z,USD/JPY,2026-09-17T13:10:00.000Z,Reaction gate skipped,True,Reaction gate skipped: trend is bearish (not ranging),REPLAYABLE
USD/JPY|2026-09-17T13:10:00.000Z,USD/JPY,2026-09-17T13:10:00.000Z,USD/JPY enabled,True,USD/JPY enabled,REPLAYABLE
USD/JPY|2026-09-17T13:10:00.000Z,USD/JPY,2026-09-17T13:10:00.000Z,0/7 positions,True,0/7 positions,REPLAYABLE
USD/JPY|2026-09-17T13:10:00.000Z,USD/JPY,2026-09-17T13:10:00.000Z,0/1 for USD/JPY,True,0/1 for USD/JPY,REPLAYABLE
USD/JPY|2026-09-17T13:10:00.000Z,USD/JPY,2026-09-17T13:10:00.000Z,Portfolio heat 0.0%,True,Portfolio heat 0.0%,ACCOUNT_STATE
USD/JPY|2026-09-17T13:10:00.000Z,USD/JPY,2026-09-17T13:10:00.000Z,Daily loss 0.0%,True,Daily loss 0.0%,ACCOUNT_STATE
USD/JPY|2026-09-17T13:10:00.000Z,USD/JPY,2026-09-17T13:10:00.000Z,Drawdown 0.0%,True,Drawdown 0.0%,ACCOUNT_STATE
USD/JPY|2026-09-17T13:10:00.000Z,USD/JPY,2026-09-17T13:10:00.000Z,Score 35.4 < 40 threshold,False,Score 35.4 < 40 threshold,REPLAYABLE
USD/JPY|2026-09-17T13:10:00.000Z,USD/JPY,2026-09-17T13:10:00.000Z,SMT veto,True,SMT veto: no opposition detected,REPLAYABLE
USD/JPY|2026-09-17T13:10:00.000Z,USD/JPY,2026-09-17T13:10:00.000Z,R,True,"R:R 2.11 effective (2.13 raw, spread 1p)",REPLAYABLE
USD/JPY|2026-09-17T13:10:00.000Z,USD/JPY,2026-09-17T13:10:00.000Z,No recent trades — cooldown OK,True,No recent trades — cooldown OK,REPLAYABLE
USD/JPY|2026-09-17T13:10:00.000Z,USD/JPY,2026-09-17T13:10:00.000Z,No trade history for consecutive loss check,True,No trade history for consecutive loss check,ACCOUNT_STATE
USD/JPY|2026-09-17T13:10:00.000Z,USD/JPY,2026-09-17T13:10:00.000Z,Daily net P&L $+0.00,True,Daily net P&L $+0.00 (gross loss: $0.00),ACCOUNT_STATE
USD/JPY|2026-09-17T13:10:00.000Z,USD/JPY,2026-09-17T13:10:00.000Z,News filter,True,News filter: env not configured — skipped,ACCOUNT_STATE
USD/JPY|2026-09-17T13:10:00.000Z,USD/JPY,2026-09-17T13:10:00.000Z,FOTSI Gate,True,FOTSI Gate: data unavailable — skipped,REPLAYABLE
USD/JPY|2026-09-17T13:10:00.000Z,USD/JPY,2026-09-17T13:10:00.000Z,No correlated conflicts,True,No correlated conflicts (threshold 0.8),ACCOUNT_STATE
USD/JPY|2026-09-17T13:10:00.000Z,USD/JPY,2026-09-17T13:10:00.000Z,Tier 1 gate FAILED,False,"Tier 1 gate FAILED: only 2 core factors — need at least 3 of: Market Structure, Order Block, Fair Value Gap, Premium/Dis",REPLAYABLE
USD/JPY|2026-09-17T13:10:00.000Z,USD/JPY,2026-09-17T13:10:00.000Z,Regime gate,True,Regime gate: OK,REPLAYABLE
USD/JPY|2026-09-17T13:10:00.000Z,USD/JPY,2026-09-17T13:10:00.000Z,[Info] Spread OK,True,[Info] Spread OK: 0.1% of ATR,REPLAYABLE
USD/CHF|2026-09-18T07:45:00.000Z,USD/CHF,2026-09-18T07:45:00.000Z,[legacy] HTF bias mismatch,False,"[legacy] HTF bias mismatch: Daily is bullish, entry is bearish",REPLAYABLE
USD/CHF|2026-09-18T07:45:00.000Z,USD/CHF,2026-09-18T07:45:00.000Z,P/D zone OK,True,"P/D zone OK (premium, 86.4% of the 5m 5-swing box 0.82260–0.82525)",REPLAYABLE
USD/CHF|2026-09-18T07:45:00.000Z,USD/CHF,2026-09-18T07:45:00.000Z,Structural Conviction BLOCKED [entry],False,Structural Conviction BLOCKED [entry]: Bear fractals 0% vs opposite 50% — structure opposes short,REPLAYABLE
USD/CHF|2026-09-18T07:45:00.000Z,USD/CHF,2026-09-18T07:45:00.000Z,Reaction gate skipped,True,Reaction gate skipped: trend is bullish (not ranging),REPLAYABLE
USD/CHF|2026-09-18T07:45:00.000Z,USD/CHF,2026-09-18T07:45:00.000Z,USD/CHF not in enabled instruments,False,USD/CHF not in enabled instruments,REPLAYABLE
USD/CHF|2026-09-18T07:45:00.000Z,USD/CHF,2026-09-18T07:45:00.000Z,0/7 positions,True,0/7 positions,REPLAYABLE
USD/CHF|2026-09-18T07:45:00.000Z,USD/CHF,2026-09-18T07:45:00.000Z,0/1 for USD/CHF,True,0/1 for USD/CHF,REPLAYABLE
USD/CHF|2026-09-18T07:45:00.000Z,USD/CHF,2026-09-18T07:45:00.000Z,Portfolio heat 0.0%,True,Portfolio heat 0.0%,ACCOUNT_STATE
USD/CHF|2026-09-18T07:45:00.000Z,USD/CHF,2026-09-18T07:45:00.000Z,Daily loss 0.0%,True,Daily loss 0.0%,ACCOUNT_STATE
USD/CHF|2026-09-18T07:45:00.000Z,USD/CHF,2026-09-18T07:45:00.000Z,Drawdown 0.0%,True,Drawdown 0.0%,ACCOUNT_STATE
USD/CHF|2026-09-18T07:45:00.000Z,USD/CHF,2026-09-18T07:45:00.000Z,Score 32.3 < 40 threshold,False,Score 32.3 < 40 threshold,REPLAYABLE
USD/CHF|2026-09-18T07:45:00.000Z,USD/CHF,2026-09-18T07:45:00.000Z,SMT veto,True,SMT veto: no opposition detected,REPLAYABLE
USD/CHF|2026-09-18T07:45:00.000Z,USD/CHF,2026-09-18T07:45:00.000Z,R,True,"R:R 2.03 effective (2.12 raw, spread 1.5p)",REPLAYABLE
USD/CHF|2026-09-18T07:45:00.000Z,USD/CHF,2026-09-18T07:45:00.000Z,No recent trades — cooldown OK,True,No recent trades — cooldown OK,REPLAYABLE
USD/CHF|2026-09-18T07:45:00.000Z,USD/CHF,2026-09-18T07:45:00.000Z,No trade history for consecutive loss check,True,No trade history for consecutive loss check,ACCOUNT_STATE
USD/CHF|2026-09-18T07:45:00.000Z,USD/CHF,2026-09-18T07:45:00.000Z,Daily net P&L $+0.00,True,Daily net P&L $+0.00 (gross loss: $0.00),ACCOUNT_STATE
USD/CHF|2026-09-18T07:45:00.000Z,USD/CHF,2026-09-18T07:45:00.000Z,News filter,True,News filter: env not configured — skipped,ACCOUNT_STATE
USD/CHF|2026-09-18T07:45:00.000Z,USD/CHF,2026-09-18T07:45:00.000Z,FOTSI Gate,True,FOTSI Gate: data unavailable — skipped,REPLAYABLE
USD/CHF|2026-09-18T07:45:00.000Z,USD/CHF,2026-09-18T07:45:00.000Z,No correlated conflicts,True,No correlated conflicts (threshold 0.8),ACCOUNT_STATE
USD/CHF|2026-09-18T07:45:00.000Z,USD/CHF,2026-09-18T07:45:00.000Z,Tier 1 gate FAILED,False,"Tier 1 gate FAILED: only 1 core factors — need at least 3 of: Market Structure, Order Block, Fair Value Gap, Premium/Dis",REPLAYABLE
USD/CHF|2026-09-18T07:45:00.000Z,USD/CHF,2026-09-18T07:45:00.000Z,Regime gate,True,Regime gate: OK,REPLAYABLE
USD/CHF|2026-09-18T07:45:00.000Z,USD/CHF,2026-09-18T07:45:00.000Z,[Info] Spread wide,True,[Info] Spread wide (indicative): 34.1% of ATR — info only,REPLAYABLE
EUR/USD|2026-09-18T16:40:00.000Z,EUR/USD,2026-09-18T16:40:00.000Z,[legacy] HTF bias aligned,True,[legacy] HTF bias aligned: Daily bearish,REPLAYABLE
EUR/USD|2026-09-18T16:40:00.000Z,EUR/USD,2026-09-18T16:40:00.000Z,P/D zone OK,True,"P/D zone OK (premium, 100.0% of the 5m 5-swing box 1.14551–1.14698) — price is OUTSIDE that range (raw 127.2%)",REPLAYABLE
EUR/USD|2026-09-18T16:40:00.000Z,EUR/USD,2026-09-18T16:40:00.000Z,Structural Conviction BLOCKED [entry],False,"Structural Conviction BLOCKED [entry]: Bear fractals 0%, S2F 13%, opposite 25% — no structural support for short",REPLAYABLE
EUR/USD|2026-09-18T16:40:00.000Z,EUR/USD,2026-09-18T16:40:00.000Z,Reaction gate skipped,True,Reaction gate skipped: trend is bullish (not ranging),REPLAYABLE
EUR/USD|2026-09-18T16:40:00.000Z,EUR/USD,2026-09-18T16:40:00.000Z,EUR/USD enabled,True,EUR/USD enabled,REPLAYABLE
EUR/USD|2026-09-18T16:40:00.000Z,EUR/USD,2026-09-18T16:40:00.000Z,0/7 positions,True,0/7 positions,REPLAYABLE
EUR/USD|2026-09-18T16:40:00.000Z,EUR/USD,2026-09-18T16:40:00.000Z,0/1 for EUR/USD,True,0/1 for EUR/USD,REPLAYABLE
EUR/USD|2026-09-18T16:40:00.000Z,EUR/USD,2026-09-18T16:40:00.000Z,Portfolio heat 0.0%,True,Portfolio heat 0.0%,ACCOUNT_STATE
EUR/USD|2026-09-18T16:40:00.000Z,EUR/USD,2026-09-18T16:40:00.000Z,Daily loss 0.0%,True,Daily loss 0.0%,ACCOUNT_STATE
EUR/USD|2026-09-18T16:40:00.000Z,EUR/USD,2026-09-18T16:40:00.000Z,Drawdown 0.0%,True,Drawdown 0.0%,ACCOUNT_STATE
EUR/USD|2026-09-18T16:40:00.000Z,EUR/USD,2026-09-18T16:40:00.000Z,Score 38.5 < 40 threshold,False,Score 38.5 < 40 threshold,REPLAYABLE
EUR/USD|2026-09-18T16:40:00.000Z,EUR/USD,2026-09-18T16:40:00.000Z,SMT veto,True,SMT veto: no opposition detected,REPLAYABLE
EUR/USD|2026-09-18T16:40:00.000Z,EUR/USD,2026-09-18T16:40:00.000Z,R,True,"R:R 1.96 effective (2.02 raw, spread 1p)",REPLAYABLE
EUR/USD|2026-09-18T16:40:00.000Z,EUR/USD,2026-09-18T16:40:00.000Z,No recent trades — cooldown OK,True,No recent trades — cooldown OK,REPLAYABLE
EUR/USD|2026-09-18T16:40:00.000Z,EUR/USD,2026-09-18T16:40:00.000Z,No trade history for consecutive loss check,True,No trade history for consecutive loss check,ACCOUNT_STATE
EUR/USD|2026-09-18T16:40:00.000Z,EUR/USD,2026-09-18T16:40:00.000Z,Daily net P&L $+0.00,True,Daily net P&L $+0.00 (gross loss: $0.00),ACCOUNT_STATE
EUR/USD|2026-09-18T16:40:00.000Z,EUR/USD,2026-09-18T16:40:00.000Z,News filter,True,News filter: env not configured — skipped,ACCOUNT_STATE
EUR/USD|2026-09-18T16:40:00.000Z,EUR/USD,2026-09-18T16:40:00.000Z,FOTSI Gate,True,FOTSI Gate: data unavailable — skipped,REPLAYABLE
EUR/USD|2026-09-18T16:40:00.000Z,EUR/USD,2026-09-18T16:40:00.000Z,No correlated conflicts,True,No correlated conflicts (threshold 0.8),ACCOUNT_STATE
EUR/USD|2026-09-18T16:40:00.000Z,EUR/USD,2026-09-18T16:40:00.000Z,Tier 1 gate FAILED,False,"Tier 1 gate FAILED: only 1 core factors — need at least 3 of: Market Structure, Order Block, Fair Value Gap, Premium/Dis",REPLAYABLE
EUR/USD|2026-09-18T16:40:00.000Z,EUR/USD,2026-09-18T16:40:00.000Z,Regime gate,True,Regime gate: OK,REPLAYABLE
EUR/USD|2026-09-18T16:40:00.000Z,EUR/USD,2026-09-18T16:40:00.000Z,[Info] Spread wide,True,[Info] Spread wide (indicative): 34.8% of ATR — info only,REPLAYABLE
GBP/USD|2026-09-18T17:55:00.000Z,GBP/USD,2026-09-18T17:55:00.000Z,[legacy] HTF bias aligned,True,[legacy] HTF bias aligned: Daily ranging,REPLAYABLE
GBP/USD|2026-09-18T17:55:00.000Z,GBP/USD,2026-09-18T17:55:00.000Z,P/D zone OK,True,"P/D zone OK (premium, 94.5% of the 5m 5-swing box 1.33382–1.33941)",REPLAYABLE
GBP/USD|2026-09-18T17:55:00.000Z,GBP/USD,2026-09-18T17:55:00.000Z,Structural Conviction BLOCKED [entry],False,Structural Conviction BLOCKED [entry]: Bear fractals 0% vs opposite 67% — structure opposes short,REPLAYABLE
GBP/USD|2026-09-18T17:55:00.000Z,GBP/USD,2026-09-18T17:55:00.000Z,Reaction gate skipped,True,Reaction gate skipped: trend is bullish (not ranging),REPLAYABLE
GBP/USD|2026-09-18T17:55:00.000Z,GBP/USD,2026-09-18T17:55:00.000Z,GBP/USD enabled,True,GBP/USD enabled,REPLAYABLE
GBP/USD|2026-09-18T17:55:00.000Z,GBP/USD,2026-09-18T17:55:00.000Z,0/7 positions,True,0/7 positions,REPLAYABLE
GBP/USD|2026-09-18T17:55:00.000Z,GBP/USD,2026-09-18T17:55:00.000Z,0/1 for GBP/USD,True,0/1 for GBP/USD,REPLAYABLE
GBP/USD|2026-09-18T17:55:00.000Z,GBP/USD,2026-09-18T17:55:00.000Z,Portfolio heat 0.0%,True,Portfolio heat 0.0%,ACCOUNT_STATE
GBP/USD|2026-09-18T17:55:00.000Z,GBP/USD,2026-09-18T17:55:00.000Z,Daily loss 0.0%,True,Daily loss 0.0%,ACCOUNT_STATE
GBP/USD|2026-09-18T17:55:00.000Z,GBP/USD,2026-09-18T17:55:00.000Z,Drawdown 0.0%,True,Drawdown 0.0%,ACCOUNT_STATE
GBP/USD|2026-09-18T17:55:00.000Z,GBP/USD,2026-09-18T17:55:00.000Z,Score 27.1 < 40 threshold,False,Score 27.1 < 40 threshold,REPLAYABLE
GBP/USD|2026-09-18T17:55:00.000Z,GBP/USD,2026-09-18T17:55:00.000Z,SMT veto,True,SMT veto: no opposition detected,REPLAYABLE
GBP/USD|2026-09-18T17:55:00.000Z,GBP/USD,2026-09-18T17:55:00.000Z,R,True,"R:R 1.99 effective (2.05 raw, spread 1.5p)",REPLAYABLE
GBP/USD|2026-09-18T17:55:00.000Z,GBP/USD,2026-09-18T17:55:00.000Z,No recent trades — cooldown OK,True,No recent trades — cooldown OK,REPLAYABLE
GBP/USD|2026-09-18T17:55:00.000Z,GBP/USD,2026-09-18T17:55:00.000Z,No trade history for consecutive loss check,True,No trade history for consecutive loss check,ACCOUNT_STATE
GBP/USD|2026-09-18T17:55:00.000Z,GBP/USD,2026-09-18T17:55:00.000Z,Daily net P&L $+0.00,True,Daily net P&L $+0.00 (gross loss: $0.00),ACCOUNT_STATE
GBP/USD|2026-09-18T17:55:00.000Z,GBP/USD,2026-09-18T17:55:00.000Z,News filter,True,News filter: env not configured — skipped,ACCOUNT_STATE
GBP/USD|2026-09-18T17:55:00.000Z,GBP/USD,2026-09-18T17:55:00.000Z,FOTSI Gate,True,FOTSI Gate: data unavailable — skipped,REPLAYABLE
GBP/USD|2026-09-18T17:55:00.000Z,GBP/USD,2026-09-18T17:55:00.000Z,No correlated conflicts,True,No correlated conflicts (threshold 0.8),ACCOUNT_STATE
GBP/USD|2026-09-18T17:55:00.000Z,GBP/USD,2026-09-18T17:55:00.000Z,Tier 1 gate FAILED,False,"Tier 1 gate FAILED: only 1 core factors — need at least 3 of: Market Structure, Order Block, Fair Value Gap, Premium/Dis",REPLAYABLE
GBP/USD|2026-09-18T17:55:00.000Z,GBP/USD,2026-09-18T17:55:00.000Z,Regime gate,True,Regime gate: OK,REPLAYABLE
GBP/USD|2026-09-18T17:55:00.000Z,GBP/USD,2026-09-18T17:55:00.000Z,[Info] Spread wide,True,[Info] Spread wide (indicative): 34.7% of ATR — info only,REPLAYABLE
USD/CAD|2026-09-18T18:10:00.000Z,USD/CAD,2026-09-18T18:10:00.000Z,[legacy] HTF bias aligned,True,[legacy] HTF bias aligned: Daily bullish,REPLAYABLE
USD/CAD|2026-09-18T18:10:00.000Z,USD/CAD,2026-09-18T18:10:00.000Z,P/D zone OK,True,"P/D zone OK (discount, 0.0% of the 5m 5-swing box 1.39955–1.40136) — price is OUTSIDE that range (raw -13.8%)",REPLAYABLE
USD/CAD|2026-09-18T18:10:00.000Z,USD/CAD,2026-09-18T18:10:00.000Z,Structural Conviction BLOCKED [entry],False,"Structural Conviction BLOCKED [entry]: Bull fractals 0%, S2F 13%, opposite 25% — no structural support for long",REPLAYABLE
USD/CAD|2026-09-18T18:10:00.000Z,USD/CAD,2026-09-18T18:10:00.000Z,Reaction gate skipped,True,Reaction gate skipped: trend is bearish (not ranging),REPLAYABLE
USD/CAD|2026-09-18T18:10:00.000Z,USD/CAD,2026-09-18T18:10:00.000Z,USD/CAD not in enabled instruments,False,USD/CAD not in enabled instruments,REPLAYABLE
USD/CAD|2026-09-18T18:10:00.000Z,USD/CAD,2026-09-18T18:10:00.000Z,0/7 positions,True,0/7 positions,REPLAYABLE
USD/CAD|2026-09-18T18:10:00.000Z,USD/CAD,2026-09-18T18:10:00.000Z,0/1 for USD/CAD,True,0/1 for USD/CAD,REPLAYABLE
USD/CAD|2026-09-18T18:10:00.000Z,USD/CAD,2026-09-18T18:10:00.000Z,Portfolio heat 0.0%,True,Portfolio heat 0.0%,ACCOUNT_STATE
USD/CAD|2026-09-18T18:10:00.000Z,USD/CAD,2026-09-18T18:10:00.000Z,Daily loss 0.0%,True,Daily loss 0.0%,ACCOUNT_STATE
USD/CAD|2026-09-18T18:10:00.000Z,USD/CAD,2026-09-18T18:10:00.000Z,Drawdown 0.0%,True,Drawdown 0.0%,ACCOUNT_STATE
USD/CAD|2026-09-18T18:10:00.000Z,USD/CAD,2026-09-18T18:10:00.000Z,Score 42.7 meets threshold,True,Score 42.7 meets threshold,REPLAYABLE
USD/CAD|2026-09-18T18:10:00.000Z,USD/CAD,2026-09-18T18:10:00.000Z,SMT veto,True,SMT veto: no opposition detected,REPLAYABLE
USD/CAD|2026-09-18T18:10:00.000Z,USD/CAD,2026-09-18T18:10:00.000Z,R,True,"R:R 2.18 effective (2.27 raw, spread 1.5p)",REPLAYABLE
USD/CAD|2026-09-18T18:10:00.000Z,USD/CAD,2026-09-18T18:10:00.000Z,No recent trades — cooldown OK,True,No recent trades — cooldown OK,REPLAYABLE
USD/CAD|2026-09-18T18:10:00.000Z,USD/CAD,2026-09-18T18:10:00.000Z,No trade history for consecutive loss check,True,No trade history for consecutive loss check,ACCOUNT_STATE
USD/CAD|2026-09-18T18:10:00.000Z,USD/CAD,2026-09-18T18:10:00.000Z,Daily net P&L $+0.00,True,Daily net P&L $+0.00 (gross loss: $0.00),ACCOUNT_STATE
USD/CAD|2026-09-18T18:10:00.000Z,USD/CAD,2026-09-18T18:10:00.000Z,News filter,True,News filter: env not configured — skipped,ACCOUNT_STATE
USD/CAD|2026-09-18T18:10:00.000Z,USD/CAD,2026-09-18T18:10:00.000Z,FOTSI Gate,True,FOTSI Gate: data unavailable — skipped,REPLAYABLE
USD/CAD|2026-09-18T18:10:00.000Z,USD/CAD,2026-09-18T18:10:00.000Z,No correlated conflicts,True,No correlated conflicts (threshold 0.8),ACCOUNT_STATE
USD/CAD|2026-09-18T18:10:00.000Z,USD/CAD,2026-09-18T18:10:00.000Z,Tier 1 gate FAILED,False,"Tier 1 gate FAILED: only 1 core factors — need at least 3 of: Market Structure, Order Block, Fair Value Gap, Premium/Dis",REPLAYABLE
USD/CAD|2026-09-18T18:10:00.000Z,USD/CAD,2026-09-18T18:10:00.000Z,Regime gate,True,Regime gate: OK,REPLAYABLE
USD/CAD|2026-09-18T18:10:00.000Z,USD/CAD,2026-09-18T18:10:00.000Z,[Info] Spread wide,True,[Info] Spread wide (indicative): 53.4% of ATR — info only,REPLAYABLE
EUR/USD|2026-09-21T00:30:00.000Z,EUR/USD,2026-09-21T00:30:00.000Z,[legacy] HTF bias aligned,True,[legacy] HTF bias aligned: Daily bearish,REPLAYABLE
EUR/USD|2026-09-21T00:30:00.000Z,EUR/USD,2026-09-21T00:30:00.000Z,P/D zone OK,True,"P/D zone OK (discount, 23.0% of the 5m 5-swing box 1.14766–1.15005)",REPLAYABLE
EUR/USD|2026-09-21T00:30:00.000Z,EUR/USD,2026-09-21T00:30:00.000Z,Structural Conviction [entry],True,Structural Conviction [entry]: Bear 67% / Bull 0% (S2F 50%),REPLAYABLE
EUR/USD|2026-09-21T00:30:00.000Z,EUR/USD,2026-09-21T00:30:00.000Z,Reaction confirmed in ranging market,True,"Reaction confirmed in ranging market: Liquidity Sweep, AMD Phase",REPLAYABLE
EUR/USD|2026-09-21T00:30:00.000Z,EUR/USD,2026-09-21T00:30:00.000Z,EUR/USD enabled,True,EUR/USD enabled,REPLAYABLE
EUR/USD|2026-09-21T00:30:00.000Z,EUR/USD,2026-09-21T00:30:00.000Z,0/7 positions,True,0/7 positions,REPLAYABLE
EUR/USD|2026-09-21T00:30:00.000Z,EUR/USD,2026-09-21T00:30:00.000Z,0/1 for EUR/USD,True,0/1 for EUR/USD,REPLAYABLE
EUR/USD|2026-09-21T00:30:00.000Z,EUR/USD,2026-09-21T00:30:00.000Z,Portfolio heat 0.0%,True,Portfolio heat 0.0%,ACCOUNT_STATE
EUR/USD|2026-09-21T00:30:00.000Z,EUR/USD,2026-09-21T00:30:00.000Z,Daily loss 0.0%,True,Daily loss 0.0%,ACCOUNT_STATE
EUR/USD|2026-09-21T00:30:00.000Z,EUR/USD,2026-09-21T00:30:00.000Z,Drawdown 0.0%,True,Drawdown 0.0%,ACCOUNT_STATE
EUR/USD|2026-09-21T00:30:00.000Z,EUR/USD,2026-09-21T00:30:00.000Z,Score 40.8 meets threshold,True,Score 40.8 meets threshold,REPLAYABLE
EUR/USD|2026-09-21T00:30:00.000Z,EUR/USD,2026-09-21T00:30:00.000Z,SMT veto,True,SMT veto: no opposition detected,REPLAYABLE
EUR/USD|2026-09-21T00:30:00.000Z,EUR/USD,2026-09-21T00:30:00.000Z,R,True,"R:R 2.03 effective (2.08 raw, spread 1p)",REPLAYABLE
EUR/USD|2026-09-21T00:30:00.000Z,EUR/USD,2026-09-21T00:30:00.000Z,No recent trades — cooldown OK,True,No recent trades — cooldown OK,REPLAYABLE
EUR/USD|2026-09-21T00:30:00.000Z,EUR/USD,2026-09-21T00:30:00.000Z,No trade history for consecutive loss check,True,No trade history for consecutive loss check,ACCOUNT_STATE
EUR/USD|2026-09-21T00:30:00.000Z,EUR/USD,2026-09-21T00:30:00.000Z,Daily net P&L $+0.00,True,Daily net P&L $+0.00 (gross loss: $0.00),ACCOUNT_STATE
EUR/USD|2026-09-21T00:30:00.000Z,EUR/USD,2026-09-21T00:30:00.000Z,News filter,True,News filter: env not configured — skipped,ACCOUNT_STATE
EUR/USD|2026-09-21T00:30:00.000Z,EUR/USD,2026-09-21T00:30:00.000Z,FOTSI Gate,True,FOTSI Gate: data unavailable — skipped,REPLAYABLE
EUR/USD|2026-09-21T00:30:00.000Z,EUR/USD,2026-09-21T00:30:00.000Z,No correlated conflicts,True,No correlated conflicts (threshold 0.8),ACCOUNT_STATE
EUR/USD|2026-09-21T00:30:00.000Z,EUR/USD,2026-09-21T00:30:00.000Z,Tier 1 gate FAILED,False,"Tier 1 gate FAILED: only 2 core factors — need at least 3 of: Market Structure, Order Block, Fair Value Gap, Premium/Dis",REPLAYABLE
EUR/USD|2026-09-21T00:30:00.000Z,EUR/USD,2026-09-21T00:30:00.000Z,Regime gate,True,Regime gate: OK,REPLAYABLE
EUR/USD|2026-09-21T00:30:00.000Z,EUR/USD,2026-09-21T00:30:00.000Z,[Info] Spread wide,True,[Info] Spread wide (indicative): 61.4% of ATR — info only,REPLAYABLE
NZD/USD|2026-09-21T07:50:00.000Z,NZD/USD,2026-09-21T07:50:00.000Z,[legacy] HTF bias aligned,True,[legacy] HTF bias aligned: Daily ranging,REPLAYABLE
NZD/USD|2026-09-21T07:50:00.000Z,NZD/USD,2026-09-21T07:50:00.000Z,P/D zone OK,True,"P/D zone OK (premium, 56.3% of the 5m 5-swing box 0.57138–0.57273)",REPLAYABLE
NZD/USD|2026-09-21T07:50:00.000Z,NZD/USD,2026-09-21T07:50:00.000Z,Structural Conviction [entry],True,Structural Conviction [entry]: Bear 67% / Bull 0% (S2F 33%),REPLAYABLE
NZD/USD|2026-09-21T07:50:00.000Z,NZD/USD,2026-09-21T07:50:00.000Z,Reaction gate skipped,True,Reaction gate skipped: trend is bearish (not ranging),REPLAYABLE
NZD/USD|2026-09-21T07:50:00.000Z,NZD/USD,2026-09-21T07:50:00.000Z,NZD/USD not in enabled instruments,False,NZD/USD not in enabled instruments,REPLAYABLE
NZD/USD|2026-09-21T07:50:00.000Z,NZD/USD,2026-09-21T07:50:00.000Z,0/7 positions,True,0/7 positions,REPLAYABLE
NZD/USD|2026-09-21T07:50:00.000Z,NZD/USD,2026-09-21T07:50:00.000Z,0/1 for NZD/USD,True,0/1 for NZD/USD,REPLAYABLE
NZD/USD|2026-09-21T07:50:00.000Z,NZD/USD,2026-09-21T07:50:00.000Z,Portfolio heat 0.0%,True,Portfolio heat 0.0%,ACCOUNT_STATE
NZD/USD|2026-09-21T07:50:00.000Z,NZD/USD,2026-09-21T07:50:00.000Z,Daily loss 0.0%,True,Daily loss 0.0%,ACCOUNT_STATE
NZD/USD|2026-09-21T07:50:00.000Z,NZD/USD,2026-09-21T07:50:00.000Z,Drawdown 0.0%,True,Drawdown 0.0%,ACCOUNT_STATE
NZD/USD|2026-09-21T07:50:00.000Z,NZD/USD,2026-09-21T07:50:00.000Z,Score 40.6 meets threshold,True,Score 40.6 meets threshold,REPLAYABLE
NZD/USD|2026-09-21T07:50:00.000Z,NZD/USD,2026-09-21T07:50:00.000Z,SMT veto,True,SMT veto: no opposition detected,REPLAYABLE
NZD/USD|2026-09-21T07:50:00.000Z,NZD/USD,2026-09-21T07:50:00.000Z,R,True,"R:R 1.97 effective (2.09 raw, spread 2p)",REPLAYABLE
NZD/USD|2026-09-21T07:50:00.000Z,NZD/USD,2026-09-21T07:50:00.000Z,No recent trades — cooldown OK,True,No recent trades — cooldown OK,REPLAYABLE
NZD/USD|2026-09-21T07:50:00.000Z,NZD/USD,2026-09-21T07:50:00.000Z,No trade history for consecutive loss check,True,No trade history for consecutive loss check,ACCOUNT_STATE
NZD/USD|2026-09-21T07:50:00.000Z,NZD/USD,2026-09-21T07:50:00.000Z,Daily net P&L $+0.00,True,Daily net P&L $+0.00 (gross loss: $0.00),ACCOUNT_STATE
NZD/USD|2026-09-21T07:50:00.000Z,NZD/USD,2026-09-21T07:50:00.000Z,News filter,True,News filter: env not configured — skipped,ACCOUNT_STATE
NZD/USD|2026-09-21T07:50:00.000Z,NZD/USD,2026-09-21T07:50:00.000Z,FOTSI Gate,True,FOTSI Gate: data unavailable — skipped,REPLAYABLE
NZD/USD|2026-09-21T07:50:00.000Z,NZD/USD,2026-09-21T07:50:00.000Z,No correlated conflicts,True,No correlated conflicts (threshold 0.8),ACCOUNT_STATE
NZD/USD|2026-09-21T07:50:00.000Z,NZD/USD,2026-09-21T07:50:00.000Z,Tier 1 gate FAILED,False,"Tier 1 gate FAILED: only 2 core factors — need at least 3 of: Market Structure, Order Block, Fair Value Gap, Premium/Dis",REPLAYABLE
NZD/USD|2026-09-21T07:50:00.000Z,NZD/USD,2026-09-21T07:50:00.000Z,Regime gate,True,Regime gate: OK,REPLAYABLE
NZD/USD|2026-09-21T07:50:00.000Z,NZD/USD,2026-09-21T07:50:00.000Z,[Info] Spread wide,True,[Info] Spread wide (indicative): 46.2% of ATR — info only,REPLAYABLE
EUR/USD|2026-09-22T11:00:00.000Z,EUR/USD,2026-09-22T11:00:00.000Z,[legacy] HTF bias aligned,True,[legacy] HTF bias aligned: Daily bearish,REPLAYABLE
EUR/USD|2026-09-22T11:00:00.000Z,EUR/USD,2026-09-22T11:00:00.000Z,P/D zone OK,True,"P/D zone OK (premium, 74.5% of the 5m 5-swing box 1.14345–1.14785)",REPLAYABLE
EUR/USD|2026-09-22T11:00:00.000Z,EUR/USD,2026-09-22T11:00:00.000Z,Structural Conviction BLOCKED [entry],False,Structural Conviction BLOCKED [entry]: opposing 67% is 2.7× supporting 25% — structure overwhelmingly opposes short,REPLAYABLE
EUR/USD|2026-09-22T11:00:00.000Z,EUR/USD,2026-09-22T11:00:00.000Z,Reaction gate skipped,True,Reaction gate skipped: trend is bullish (not ranging),REPLAYABLE
EUR/USD|2026-09-22T11:00:00.000Z,EUR/USD,2026-09-22T11:00:00.000Z,EUR/USD enabled,True,EUR/USD enabled,REPLAYABLE
EUR/USD|2026-09-22T11:00:00.000Z,EUR/USD,2026-09-22T11:00:00.000Z,0/7 positions,True,0/7 positions,REPLAYABLE
EUR/USD|2026-09-22T11:00:00.000Z,EUR/USD,2026-09-22T11:00:00.000Z,0/1 for EUR/USD,True,0/1 for EUR/USD,REPLAYABLE
EUR/USD|2026-09-22T11:00:00.000Z,EUR/USD,2026-09-22T11:00:00.000Z,Portfolio heat 0.0%,True,Portfolio heat 0.0%,ACCOUNT_STATE
EUR/USD|2026-09-22T11:00:00.000Z,EUR/USD,2026-09-22T11:00:00.000Z,Daily loss 0.0%,True,Daily loss 0.0%,ACCOUNT_STATE
EUR/USD|2026-09-22T11:00:00.000Z,EUR/USD,2026-09-22T11:00:00.000Z,Drawdown 0.0%,True,Drawdown 0.0%,ACCOUNT_STATE
EUR/USD|2026-09-22T11:00:00.000Z,EUR/USD,2026-09-22T11:00:00.000Z,Score 37.5 < 40 threshold,False,Score 37.5 < 40 threshold,REPLAYABLE
EUR/USD|2026-09-22T11:00:00.000Z,EUR/USD,2026-09-22T11:00:00.000Z,SMT veto,True,SMT veto: no opposition detected,REPLAYABLE
EUR/USD|2026-09-22T11:00:00.000Z,EUR/USD,2026-09-22T11:00:00.000Z,R,True,"R:R 1.91 effective (1.96 raw, spread 1p)",REPLAYABLE
EUR/USD|2026-09-22T11:00:00.000Z,EUR/USD,2026-09-22T11:00:00.000Z,No recent trades — cooldown OK,True,No recent trades — cooldown OK,REPLAYABLE
EUR/USD|2026-09-22T11:00:00.000Z,EUR/USD,2026-09-22T11:00:00.000Z,No trade history for consecutive loss check,True,No trade history for consecutive loss check,ACCOUNT_STATE
EUR/USD|2026-09-22T11:00:00.000Z,EUR/USD,2026-09-22T11:00:00.000Z,Daily net P&L $+0.00,True,Daily net P&L $+0.00 (gross loss: $0.00),ACCOUNT_STATE
EUR/USD|2026-09-22T11:00:00.000Z,EUR/USD,2026-09-22T11:00:00.000Z,News filter,True,News filter: env not configured — skipped,ACCOUNT_STATE
EUR/USD|2026-09-22T11:00:00.000Z,EUR/USD,2026-09-22T11:00:00.000Z,FOTSI Gate,True,FOTSI Gate: data unavailable — skipped,REPLAYABLE
EUR/USD|2026-09-22T11:00:00.000Z,EUR/USD,2026-09-22T11:00:00.000Z,No correlated conflicts,True,No correlated conflicts (threshold 0.8),ACCOUNT_STATE
EUR/USD|2026-09-22T11:00:00.000Z,EUR/USD,2026-09-22T11:00:00.000Z,Tier 1 gate FAILED,False,"Tier 1 gate FAILED: only 2 core factors — need at least 3 of: Market Structure, Order Block, Fair Value Gap, Premium/Dis",REPLAYABLE
EUR/USD|2026-09-22T11:00:00.000Z,EUR/USD,2026-09-22T11:00:00.000Z,Regime gate,True,Regime gate: OK,REPLAYABLE
EUR/USD|2026-09-22T11:00:00.000Z,EUR/USD,2026-09-22T11:00:00.000Z,[Info] Spread wide,True,[Info] Spread wide (indicative): 26.7% of ATR — info only,REPLAYABLE
NZD/USD|2026-09-23T00:35:00.000Z,NZD/USD,2026-09-23T00:35:00.000Z,[legacy] HTF bias aligned,True,[legacy] HTF bias aligned: Daily ranging,REPLAYABLE
NZD/USD|2026-09-23T00:35:00.000Z,NZD/USD,2026-09-23T00:35:00.000Z,P/D zone OK,True,"P/D zone OK (discount, 0.0% of the 5m 5-swing box 0.57241–0.57329) — price is OUTSIDE that range (raw -58.0%)",REPLAYABLE
NZD/USD|2026-09-23T00:35:00.000Z,NZD/USD,2026-09-23T00:35:00.000Z,Structural Conviction [entry],True,Structural Conviction [entry]: Bull 33% / Bear 25% (S2F 29%),REPLAYABLE
NZD/USD|2026-09-23T00:35:00.000Z,NZD/USD,2026-09-23T00:35:00.000Z,Reaction gate skipped,True,Reaction gate skipped: trend is bearish (not ranging),REPLAYABLE
NZD/USD|2026-09-23T00:35:00.000Z,NZD/USD,2026-09-23T00:35:00.000Z,NZD/USD not in enabled instruments,False,NZD/USD not in enabled instruments,REPLAYABLE
NZD/USD|2026-09-23T00:35:00.000Z,NZD/USD,2026-09-23T00:35:00.000Z,0/7 positions,True,0/7 positions,REPLAYABLE
NZD/USD|2026-09-23T00:35:00.000Z,NZD/USD,2026-09-23T00:35:00.000Z,0/1 for NZD/USD,True,0/1 for NZD/USD,REPLAYABLE
NZD/USD|2026-09-23T00:35:00.000Z,NZD/USD,2026-09-23T00:35:00.000Z,Portfolio heat 0.0%,True,Portfolio heat 0.0%,ACCOUNT_STATE
NZD/USD|2026-09-23T00:35:00.000Z,NZD/USD,2026-09-23T00:35:00.000Z,Daily loss 0.0%,True,Daily loss 0.0%,ACCOUNT_STATE
NZD/USD|2026-09-23T00:35:00.000Z,NZD/USD,2026-09-23T00:35:00.000Z,Drawdown 0.0%,True,Drawdown 0.0%,ACCOUNT_STATE
NZD/USD|2026-09-23T00:35:00.000Z,NZD/USD,2026-09-23T00:35:00.000Z,Score 29.2 < 40 threshold,False,Score 29.2 < 40 threshold,REPLAYABLE
NZD/USD|2026-09-23T00:35:00.000Z,NZD/USD,2026-09-23T00:35:00.000Z,SMT veto,True,SMT veto: no opposition detected,REPLAYABLE
NZD/USD|2026-09-23T00:35:00.000Z,NZD/USD,2026-09-23T00:35:00.000Z,R,True,"R:R 2.01 effective (2.12 raw, spread 2p)",REPLAYABLE
NZD/USD|2026-09-23T00:35:00.000Z,NZD/USD,2026-09-23T00:35:00.000Z,No recent trades — cooldown OK,True,No recent trades — cooldown OK,REPLAYABLE
NZD/USD|2026-09-23T00:35:00.000Z,NZD/USD,2026-09-23T00:35:00.000Z,No trade history for consecutive loss check,True,No trade history for consecutive loss check,ACCOUNT_STATE
NZD/USD|2026-09-23T00:35:00.000Z,NZD/USD,2026-09-23T00:35:00.000Z,Daily net P&L $+0.00,True,Daily net P&L $+0.00 (gross loss: $0.00),ACCOUNT_STATE
NZD/USD|2026-09-23T00:35:00.000Z,NZD/USD,2026-09-23T00:35:00.000Z,News filter,True,News filter: env not configured — skipped,ACCOUNT_STATE
NZD/USD|2026-09-23T00:35:00.000Z,NZD/USD,2026-09-23T00:35:00.000Z,FOTSI Gate,True,FOTSI Gate: data unavailable — skipped,REPLAYABLE
NZD/USD|2026-09-23T00:35:00.000Z,NZD/USD,2026-09-23T00:35:00.000Z,No correlated conflicts,True,No correlated conflicts (threshold 0.8),ACCOUNT_STATE
NZD/USD|2026-09-23T00:35:00.000Z,NZD/USD,2026-09-23T00:35:00.000Z,Tier 1 gate FAILED,False,"Tier 1 gate FAILED: only 1 core factors — need at least 3 of: Market Structure, Order Block, Fair Value Gap, Premium/Dis",REPLAYABLE
NZD/USD|2026-09-23T00:35:00.000Z,NZD/USD,2026-09-23T00:35:00.000Z,Regime gate,True,Regime gate: OK,REPLAYABLE
NZD/USD|2026-09-23T00:35:00.000Z,NZD/USD,2026-09-23T00:35:00.000Z,[Info] Spread wide,True,[Info] Spread wide (indicative): 48.3% of ATR — info only,REPLAYABLE
USD/JPY|2026-09-23T21:35:00.000Z,USD/JPY,2026-09-23T21:35:00.000Z,[legacy] HTF bias aligned,True,[legacy] HTF bias aligned: Daily bearish,REPLAYABLE
USD/JPY|2026-09-23T21:35:00.000Z,USD/JPY,2026-09-23T21:35:00.000Z,P/D zone OK,True,"P/D zone OK (equilibrium, 46.7% of the 5m 5-swing box 158.123–158.420)",REPLAYABLE
USD/JPY|2026-09-23T21:35:00.000Z,USD/JPY,2026-09-23T21:35:00.000Z,Structural Conviction BLOCKED [entry],False,"Structural Conviction BLOCKED [entry]: Bear fractals 0%, S2F 11%, opposite 20% — no structural support for short",REPLAYABLE
USD/JPY|2026-09-23T21:35:00.000Z,USD/JPY,2026-09-23T21:35:00.000Z,Reaction confirmed in ranging market,True,"Reaction confirmed in ranging market: Liquidity Sweep, Displacement",REPLAYABLE
USD/JPY|2026-09-23T21:35:00.000Z,USD/JPY,2026-09-23T21:35:00.000Z,USD/JPY enabled,True,USD/JPY enabled,REPLAYABLE
USD/JPY|2026-09-23T21:35:00.000Z,USD/JPY,2026-09-23T21:35:00.000Z,0/7 positions,True,0/7 positions,REPLAYABLE
USD/JPY|2026-09-23T21:35:00.000Z,USD/JPY,2026-09-23T21:35:00.000Z,0/1 for USD/JPY,True,0/1 for USD/JPY,REPLAYABLE
USD/JPY|2026-09-23T21:35:00.000Z,USD/JPY,2026-09-23T21:35:00.000Z,Portfolio heat 0.0%,True,Portfolio heat 0.0%,ACCOUNT_STATE
USD/JPY|2026-09-23T21:35:00.000Z,USD/JPY,2026-09-23T21:35:00.000Z,Daily loss 0.0%,True,Daily loss 0.0%,ACCOUNT_STATE
USD/JPY|2026-09-23T21:35:00.000Z,USD/JPY,2026-09-23T21:35:00.000Z,Drawdown 0.0%,True,Drawdown 0.0%,ACCOUNT_STATE
USD/JPY|2026-09-23T21:35:00.000Z,USD/JPY,2026-09-23T21:35:00.000Z,Score 5.8 < 40 threshold,False,Score 5.8 < 40 threshold,REPLAYABLE
USD/JPY|2026-09-23T21:35:00.000Z,USD/JPY,2026-09-23T21:35:00.000Z,SMT veto,True,SMT veto: no opposition detected,REPLAYABLE
USD/JPY|2026-09-23T21:35:00.000Z,USD/JPY,2026-09-23T21:35:00.000Z,R,True,"R:R 1.82 effective (1.86 raw, spread 1p)",REPLAYABLE
USD/JPY|2026-09-23T21:35:00.000Z,USD/JPY,2026-09-23T21:35:00.000Z,No recent trades — cooldown OK,True,No recent trades — cooldown OK,REPLAYABLE
USD/JPY|2026-09-23T21:35:00.000Z,USD/JPY,2026-09-23T21:35:00.000Z,No trade history for consecutive loss check,True,No trade history for consecutive loss check,ACCOUNT_STATE
USD/JPY|2026-09-23T21:35:00.000Z,USD/JPY,2026-09-23T21:35:00.000Z,Daily net P&L $+0.00,True,Daily net P&L $+0.00 (gross loss: $0.00),ACCOUNT_STATE
USD/JPY|2026-09-23T21:35:00.000Z,USD/JPY,2026-09-23T21:35:00.000Z,News filter,True,News filter: env not configured — skipped,ACCOUNT_STATE
USD/JPY|2026-09-23T21:35:00.000Z,USD/JPY,2026-09-23T21:35:00.000Z,FOTSI Gate,True,FOTSI Gate: data unavailable — skipped,REPLAYABLE
USD/JPY|2026-09-23T21:35:00.000Z,USD/JPY,2026-09-23T21:35:00.000Z,No correlated conflicts,True,No correlated conflicts (threshold 0.8),ACCOUNT_STATE
USD/JPY|2026-09-23T21:35:00.000Z,USD/JPY,2026-09-23T21:35:00.000Z,Tier 1 gate FAILED,False,"Tier 1 gate FAILED: only 1 core factors — need at least 3 of: Market Structure, Order Block, Fair Value Gap, Premium/Dis",REPLAYABLE
USD/JPY|2026-09-23T21:35:00.000Z,USD/JPY,2026-09-23T21:35:00.000Z,Regime gate,True,Regime gate: OK,REPLAYABLE
USD/JPY|2026-09-23T21:35:00.000Z,USD/JPY,2026-09-23T21:35:00.000Z,[Info] Spread OK,True,[Info] Spread OK: 0.2% of ATR,REPLAYABLE
